series_id;core_smiles;count;mean_activity;x_mean;y_mean;mol_ids
AS-1;c1ccccc1;941;-0.3580632092549085;27.293114;1.7330053;HighDiv_1, HighDiv_13, HighDiv_7, HighDiv_9, HighDiv_82, HighDiv_17, HighDiv_33, HighDiv_11, HighDiv_61, HighDiv_35, Druglike_1392, HighDiv_71, HighDiv_67, Druglike_1384, HighDiv_80, HighDiv_100, HighDiv_83, HighDiv_34, HighDiv_16, Druglike_1378, HighDiv_52, HighDiv_14, HighDiv_113, HighDiv_86, HighDiv_18, HighDiv_96, Druglike_1381, HighDiv_159, HighDiv_129, HighDiv_110, HighDiv_138, HighDiv_290, HighDiv_150, HighDiv_74, HighDiv_175, HighDiv_1963, HighDiv_12, HighDiv_41, HighDiv_139, HighDiv_115, Druglike_1386, HighDiv_221, Druglike_1724, HighDiv_76, HighDiv_297, HighDiv_236, HighDiv_127, Druglike_1382, HighDiv_124, HighDiv_418, HighDiv_128, HighDiv_200, HighDiv_317, HighDiv_314, HighDiv_60, HighDiv_147, HighDiv_118, HighDiv_90, HighDiv_114, HighDiv_192, HighDiv_21, Druglike_1385, HighDiv_81, HighDiv_55, HighDiv_58, HighDiv_8, HighDiv_132, HighDiv_104, Druglike_1389, HighDiv_295, HighDiv_299, HighDiv_1973, HighDiv_183, HighDiv_205, HighDiv_64, Druglike_1391, HighDiv_446, Druglike_1387, HighDiv_137, HighDiv_443, Druglike_1390, HighDiv_223, HighDiv_281, HighDiv_47, Druglike_1070, HighDiv_152, HighDiv_228, HighDiv_125, HighDiv_123, HighDiv_173, HighDiv_280, HighDiv_368, HighDiv_111, HighDiv_62, HighDiv_234, HighDiv_193, HighDiv_1961, HighDiv_438, HighDiv_1668, HighDiv_98, HighDiv_140, Druglike_1418, HighDiv_135, HighDiv_180, HighDiv_510, Druglike_1395, HighDiv_425, HighDiv_303, HighDiv_312, HighDiv_249, HighDiv_258, HighDiv_271, HighDiv_187, Druglike_1427, Druglike_1745, Druglike_1402, Druglike_1412, HighDiv_475, HighDiv_164, HighDiv_184, HighDiv_268, HighDiv_350, HighDiv_251, Druglike_1410, HighDiv_700, HighDiv_343, HighDiv_69, HighDiv_1645, HighDiv_329, Druglike_1397, HighDiv_1684, HighDiv_614, HighDiv_888, HighDiv_344, Druglike_1843, HighDiv_1717, HighDiv_401, HighDiv_454, HighDiv_191, HighDiv_1983, HighDiv_274, HighDiv_1710, HighDiv_188, HighDiv_1986, HighDiv_257, HighDiv_313, HighDiv_457, HighDiv_157, Druglike_1394, Druglike_1400, HighDiv_324, Druglike_1851, HighDiv_361, HighDiv_346, HighDiv_1732, HighDiv_620, HighDiv_202, HighDiv_239, HighDiv_2029, HighDiv_1691, Druglike_1420, HighDiv_144, HighDiv_229, HighDiv_722, HighDiv_648, HighDiv_1630, HighDiv_245, HighDiv_284, HighDiv_369, HighDiv_417, Druglike_1832, HighDiv_1987, HighDiv_278, HighDiv_497, HighDiv_878, Druglike_1765, HighDiv_153, HighDiv_282, HighDiv_204, HighDiv_385, HighDiv_246, Druglike_1933, HighDiv_383, HighDiv_261, HighDiv_896, HighDiv_291, Druglike_167, HighDiv_248, HighDiv_1216, Druglike_1761, HighDiv_103, HighDiv_182, HighDiv_1994, HighDiv_434, HighDiv_831, HighDiv_1995, HighDiv_325, HighDiv_319, HighDiv_403, Druglike_1735, HighDiv_543, HighDiv_751, Druglike_1403, HighDiv_485, Druglike_1817, Druglike_1429, HighDiv_330, Druglike_1439, HighDiv_550, HighDiv_259, Druglike_1785, Druglike_1421, HighDiv_1092, HighDiv_1664, HighDiv_287, HighDiv_469, HighDiv_581, HighDiv_698, HighDiv_463, HighDiv_395, HighDiv_2000, Druglike_1413, Druglike_1437, HighDiv_1750, HighDiv_323, HighDiv_545, HighDiv_241, HighDiv_421, HighDiv_377, HighDiv_389, HighDiv_300, HighDiv_2097, HighDiv_2114, Druglike_265, HighDiv_316, HighDiv_563, HighDiv_378, HighDiv_426, HighDiv_402, Druglike_1881, Druglike_1434, HighDiv_351, Druglike_1406, HighDiv_1305, HighDiv_353, HighDiv_2160, HighDiv_320, HighDiv_1532, HighDiv_875, HighDiv_837, HighDiv_847, HighDiv_587, HighDiv_392, HighDiv_709, HighDiv_345, HighDiv_724, HighDiv_784, Druglike_1428, HighDiv_1225, HighDiv_424, Druglike_1830, HighDiv_596, HighDiv_365, Druglike_1544, HighDiv_755, HighDiv_532, Druglike_1432, HighDiv_216, HighDiv_696, HighDiv_828, HighDiv_506, HighDiv_453, HighDiv_491, HighDiv_955, Druglike_1398, HighDiv_416, HighDiv_349, HighDiv_747, HighDiv_488, Druglike_1590, HighDiv_770, HighDiv_661, HighDiv_537, HighDiv_393, Druglike_607, HighDiv_814, HighDiv_659, HighDiv_819, HighDiv_412, Druglike_1179, Druglike_1815, HighDiv_2056, HighDiv_1286, HighDiv_518, HighDiv_1751, HighDiv_606, HighDiv_489, HighDiv_634, HighDiv_1036, HighDiv_859, HighDiv_439, HighDiv_557, HighDiv_633, HighDiv_373, HighDiv_224, HighDiv_574, HighDiv_642, Druglike_258, HighDiv_1785, Druglike_1542, HighDiv_276, HighDiv_499, HighDiv_553, HighDiv_643, HighDiv_2041, HighDiv_707, HighDiv_1738, HighDiv_785, HighDiv_470, HighDiv_759, HighDiv_519, HighDiv_994, Druglike_1980, HighDiv_375, HighDiv_599, HighDiv_909, HighDiv_374, HighDiv_337, HighDiv_419, HighDiv_646, HighDiv_595, HighDiv_1259, HighDiv_496, HighDiv_509, Druglike_1174, HighDiv_431, HighDiv_498, HighDiv_1843, Druglike_1464, HighDiv_552, HighDiv_547, HighDiv_508, HighDiv_548, HighDiv_534, HighDiv_623, HighDiv_2127, HighDiv_685, HighDiv_1739, HighDiv_357, HighDiv_2293, HighDiv_1368, HighDiv_811, HighDiv_1364, HighDiv_1306, Druglike_422, HighDiv_825, HighDiv_1722, HighDiv_340, HighDiv_1727, HighDiv_535, HighDiv_2084, HighDiv_1424, Druglike_289, HighDiv_792, Druglike_1902, HighDiv_318, HighDiv_913, HighDiv_400, HighDiv_1013, HighDiv_567, HighDiv_972, HighDiv_520, HighDiv_551, Druglike_1865, Druglike_1622, HighDiv_2082, HighDiv_1109, HighDiv_681, HighDiv_806, Druglike_566, HighDiv_1033, HighDiv_2125, HighDiv_589, HighDiv_598, HighDiv_442, HighDiv_1660, Druglike_348, Druglike_1886, Druglike_1435, HighDiv_2080, Druglike_1454, HighDiv_935, Druglike_1762, HighDiv_2148, HighDiv_645, HighDiv_445, HighDiv_619, HighDiv_982, HighDiv_1703, HighDiv_308, HighDiv_725, HighDiv_1791, Druglike_1534, HighDiv_877, HighDiv_388, HighDiv_1871, HighDiv_695, Druglike_1938, HighDiv_635, HighDiv_524, HighDiv_758, HighDiv_639, HighDiv_931, Druglike_591, HighDiv_533, Druglike_754, HighDiv_776, HighDiv_686, HighDiv_1746, HighDiv_2211, HighDiv_934, HighDiv_802, HighDiv_530, HighDiv_273, Druglike_477, Druglike_217, HighDiv_2090, HighDiv_1081, HighDiv_1174, Druglike_1935, HighDiv_650, HighDiv_862, HighDiv_2074, HighDiv_656, HighDiv_957, HighDiv_2139, HighDiv_1283, HighDiv_516, HighDiv_868, Druglike_1567, HighDiv_2177, Druglike_1472, HighDiv_549, Druglike_1480, Druglike_1574, HighDiv_632, HighDiv_2069, HighDiv_521, Druglike_2003, HighDiv_1896, HighDiv_577, HighDiv_899, HighDiv_1098, HighDiv_727, Druglike_457, HighDiv_1051, HighDiv_969, Druglike_458, HighDiv_718, HighDiv_2193, Druglike_1875, Druglike_223, HighDiv_810, HighDiv_604, HighDiv_1905, HighDiv_462, HighDiv_1420, Druglike_387, HighDiv_2149, HighDiv_481, HighDiv_1007, Druglike_1211, HighDiv_458, HighDiv_367, HighDiv_1924, HighDiv_612, HighDiv_507, HighDiv_493, HighDiv_820, HighDiv_823, HighDiv_542, Druglike_473, HighDiv_761, Druglike_1509, HighDiv_2294, HighDiv_879, HighDiv_1782, Druglike_324, HighDiv_845, HighDiv_1121, HighDiv_2089, HighDiv_467, Druglike_834, HighDiv_945, HighDiv_915, HighDiv_2138, HighDiv_690, HighDiv_1157, HighDiv_829, HighDiv_1788, HighDiv_1926, HighDiv_655, Druglike_1229, HighDiv_528, Druglike_1967, HighDiv_1131, HighDiv_908, HighDiv_593, Druglike_686, HighDiv_703, HighDiv_658, Druglike_2038, HighDiv_649, HighDiv_689, HighDiv_1161, Druglike_1219, Druglike_1351, Druglike_1608, Druglike_725, HighDiv_1353, HighDiv_999, Druglike_1447, HighDiv_805, HighDiv_1163, HighDiv_766, HighDiv_786, HighDiv_863, Druglike_2016, HighDiv_864, HighDiv_739, HighDiv_663, HighDiv_1307, HighDiv_399, Druglike_2041, HighDiv_630, HighDiv_621, HighDiv_1831, HighDiv_1118, Druglike_318, HighDiv_948, HighDiv_777, HighDiv_1434, HighDiv_578, HighDiv_680, HighDiv_783, HighDiv_1792, HighDiv_697, Druglike_346, HighDiv_2156, HighDiv_2217, HighDiv_1066, HighDiv_1475, HighDiv_2093, HighDiv_855, Druglike_1644, HighDiv_942, HighDiv_929, HighDiv_2124, HighDiv_603, HighDiv_2163, HighDiv_479, HighDiv_2136, HighDiv_558, HighDiv_926, HighDiv_963, Druglike_1708, HighDiv_874, HighDiv_673, HighDiv_995, HighDiv_1038, HighDiv_1126, HighDiv_1776, HighDiv_854, HighDiv_1378, HighDiv_752, HighDiv_950, Druglike_1684, Druglike_1517, HighDiv_1428, HighDiv_1427, Druglike_370, HighDiv_1839, HighDiv_1676, Druglike_2073, HighDiv_671, HighDiv_1662, HighDiv_846, HighDiv_1028, HighDiv_568, HighDiv_1067, HighDiv_1171, HighDiv_1160, HighDiv_1002, HighDiv_856, HighDiv_2290, HighDiv_807, HighDiv_763, HighDiv_733, HighDiv_676, HighDiv_2306, HighDiv_1026, HighDiv_1037, HighDiv_605, HighDiv_891, HighDiv_433, HighDiv_2233, HighDiv_1128, Druglike_1905, HighDiv_925, HighDiv_597, HighDiv_576, HighDiv_740, Druglike_1326, HighDiv_1159, HighDiv_1464, HighDiv_892, HighDiv_1920, HighDiv_914, HighDiv_734, HighDiv_1078, HighDiv_1816, Druglike_599, Druglike_1532, HighDiv_932, HighDiv_2188, HighDiv_789, HighDiv_2150, HighDiv_1012, HighDiv_880, HighDiv_2151, HighDiv_1810, HighDiv_742, HighDiv_1857, HighDiv_1000, HighDiv_1018, HighDiv_967, HighDiv_1120, HighDiv_919, Druglike_1511, HighDiv_826, HighDiv_1168, HighDiv_1505, HighDiv_949, HighDiv_998, HighDiv_1355, Druglike_1899, HighDiv_1416, HighDiv_2197, HighDiv_910, Druglike_1550, Druglike_1582, HighDiv_1822, HighDiv_1195, HighDiv_678, HighDiv_2116, HighDiv_849, Druglike_706, HighDiv_2208, Druglike_2032, HighDiv_1142, Druglike_680, HighDiv_887, Druglike_1983, HighDiv_1883, HighDiv_1509, HighDiv_1765, Druglike_1018, Druglike_864, Druglike_806, HighDiv_2200, HighDiv_2206, HighDiv_1141, HighDiv_905, HighDiv_2146, HighDiv_1470, HighDiv_464, Druglike_695, Druglike_480, HighDiv_843, Druglike_1203, HighDiv_1137, HighDiv_692, HighDiv_841, HighDiv_2234, Druglike_209, HighDiv_1725, HighDiv_1689, Druglike_1556, Druglike_471, HighDiv_1124, HighDiv_1133, HighDiv_858, Druglike_488, HighDiv_1052, Druglike_732, HighDiv_1443, HighDiv_1806, Druglike_679, HighDiv_2184, HighDiv_918, Druglike_1910, HighDiv_1741, HighDiv_1190, HighDiv_796, HighDiv_1191, Druglike_1602, Druglike_1940, HighDiv_1138, HighDiv_1156, HighDiv_2240, Druglike_2024, HighDiv_885, HighDiv_997, Druglike_712, Druglike_1669, HighDiv_1147, HighDiv_1813, Druglike_1620, HighDiv_1186, Druglike_713, HighDiv_1146, Druglike_1667, HighDiv_1418, HighDiv_2128, HighDiv_2202, HighDiv_1777, HighDiv_1526, Druglike_1607, HighDiv_975, HighDiv_2248, Druglike_772, Druglike_873, Druglike_783, HighDiv_2135, Druglike_1699, HighDiv_731, HighDiv_1455, HighDiv_1167, HighDiv_954, HighDiv_872, HighDiv_1166, HighDiv_793, Druglike_936, Druglike_299, HighDiv_683, HighDiv_1441, HighDiv_1906, HighDiv_2279, HighDiv_1466, Druglike_1624, HighDiv_1740, Druglike_957, Druglike_926, HighDiv_1057, HighDiv_1790, Druglike_943, HighDiv_666, Druglike_556, HighDiv_1130, HighDiv_981, HighDiv_1008, HighDiv_622, Druglike_669, HighDiv_2285, HighDiv_1031, Druglike_1504, HighDiv_1486, HighDiv_939, Druglike_2017, Druglike_1609, Druglike_1297, HighDiv_1053, HighDiv_1452, HighDiv_1127, Druglike_1686, HighDiv_1819, HighDiv_857, HighDiv_778, Druglike_1568, HighDiv_1805, HighDiv_1085, HighDiv_898, HighDiv_853, HighDiv_2296, HighDiv_2189, Druglike_1877, HighDiv_1325, HighDiv_1912, HighDiv_2176, HighDiv_2166, HighDiv_952, HighDiv_2172, Druglike_1347, HighDiv_1754, HighDiv_1459, HighDiv_1500, HighDiv_886, HighDiv_2281, HighDiv_2216, HighDiv_2311, HighDiv_1771, Druglike_989, HighDiv_1075, HighDiv_2252, HighDiv_1561, HighDiv_2241, HighDiv_1003, HighDiv_1193, HighDiv_2186, HighDiv_1122, HighDiv_1826, HighDiv_1123, HighDiv_1009, HighDiv_1576, HighDiv_1103, HighDiv_1916, HighDiv_1093, HighDiv_2153, Druglike_1690, HighDiv_1410, HighDiv_2254, HighDiv_1024, HighDiv_852, HighDiv_1929, HighDiv_894, HighDiv_1541, HighDiv_1185, HighDiv_1077, HighDiv_2272, HighDiv_1372, HighDiv_1125, HighDiv_1880, HighDiv_901, HighDiv_1855, HighDiv_1848, HighDiv_971, HighDiv_1145, HighDiv_2327, HighDiv_1795, HighDiv_1866, HighDiv_1086, HighDiv_1781, HighDiv_2220, HighDiv_1047, HighDiv_1471, Druglike_1635, HighDiv_1547, HighDiv_1841, HighDiv_1729, HighDiv_2261, HighDiv_1143, HighDiv_1536, HighDiv_1087, Druglike_1332, Druglike_920, Druglike_1703, HighDiv_1823, HighDiv_876, HighDiv_1068, HighDiv_921, HighDiv_1849, HighDiv_1778, Druglike_833, HighDiv_2328, Druglike_974, HighDiv_1549, HighDiv_1885, HighDiv_1904, Druglike_825, HighDiv_990, Druglike_817, HighDiv_1091, HighDiv_1899, Druglike_956, HighDiv_1499, HighDiv_2205, HighDiv_1514, HighDiv_930, HighDiv_817, HighDiv_1845, HighDiv_1769, HighDiv_1553, Druglike_935, HighDiv_2196, HighDiv_1844, HighDiv_1556, HighDiv_1774, HighDiv_1891, HighDiv_1909, HighDiv_1164, HighDiv_2274, HighDiv_1793, HighDiv_1873, HighDiv_2312, HighDiv_1115, HighDiv_1445, HighDiv_947, Druglike_1692, HighDiv_1579, HighDiv_1767, Druglike_1714, HighDiv_2310, HighDiv_1039, HighDiv_1097, HighDiv_1521, HighDiv_2236, Druglike_2000, HighDiv_799, HighDiv_1853, Druglike_1339, Druglike_1639, HighDiv_1479, HighDiv_1488, Druglike_1709, HighDiv_1868, HighDiv_1796, HighDiv_1672, HighDiv_1832, HighDiv_2297, HighDiv_1882, HighDiv_1552, Druglike_872, HighDiv_1572, Druglike_2071, HighDiv_1872, HighDiv_1090, Druglike_856, HighDiv_2289, HighDiv_1903, HighDiv_1860, HighDiv_1794, HighDiv_1783, HighDiv_965, HighDiv_1907, Druglike_1044, HighDiv_2284, HighDiv_1876, HighDiv_1911, HighDiv_1158, HighDiv_1898, HighDiv_1915
AS-2;O=C1NCCN1c1ccccc1;146;0.03407058434799792;19.38903;63.98023;HighDiv_73, HighDiv_167, HighDiv_57, HighDiv_43, HighDiv_211, HighDiv_117, HighDiv_212, HighDiv_371, HighDiv_292, HighDiv_289, HighDiv_226, HighDiv_189, HighDiv_342, HighDiv_294, HighDiv_91, HighDiv_360, HighDiv_206, HighDiv_492, HighDiv_48, HighDiv_415, HighDiv_586, HighDiv_472, HighDiv_480, HighDiv_207, HighDiv_263, HighDiv_270, HighDiv_225, HighDiv_384, HighDiv_143, HighDiv_333, HighDiv_366, HighDiv_250, HighDiv_230, HighDiv_511, HighDiv_451, HighDiv_640, HighDiv_515, HighDiv_277, HighDiv_363, HighDiv_334, HighDiv_505, HighDiv_571, HighDiv_592, HighDiv_699, HighDiv_145, HighDiv_231, HighDiv_380, HighDiv_359, HighDiv_398, HighDiv_338, HighDiv_381, HighDiv_555, HighDiv_525, HighDiv_405, HighDiv_427, HighDiv_710, HighDiv_483, HighDiv_775, HighDiv_311, HighDiv_565, HighDiv_652, HighDiv_602, HighDiv_708, HighDiv_449, HighDiv_569, HighDiv_348, HighDiv_503, HighDiv_376, HighDiv_715, HighDiv_414, HighDiv_304, HighDiv_720, HighDiv_487, HighDiv_512, HighDiv_753, HighDiv_559, HighDiv_711, HighDiv_667, HighDiv_943, HighDiv_705, HighDiv_471, HighDiv_1760, HighDiv_517, HighDiv_356, HighDiv_450, HighDiv_944, HighDiv_920, HighDiv_601, HighDiv_185, HighDiv_812, HighDiv_730, HighDiv_714, HighDiv_501, HighDiv_723, HighDiv_391, HighDiv_591, HighDiv_719, HighDiv_240, HighDiv_572, HighDiv_772, HighDiv_839, HighDiv_627, HighDiv_702, HighDiv_536, HighDiv_962, HighDiv_844, HighDiv_638, HighDiv_600, HighDiv_830, HighDiv_821, HighDiv_865, HighDiv_579, HighDiv_827, HighDiv_1061, HighDiv_996, HighDiv_897, HighDiv_991, HighDiv_694, HighDiv_953, HighDiv_1189, HighDiv_1030, HighDiv_1184, HighDiv_1035, HighDiv_809, HighDiv_1076, HighDiv_813, HighDiv_1153, HighDiv_1014, HighDiv_824, HighDiv_1096, HighDiv_1010, HighDiv_933, HighDiv_1180, HighDiv_1016, HighDiv_818, HighDiv_1043, HighDiv_1170, HighDiv_756, HighDiv_1116, HighDiv_1074, HighDiv_884, HighDiv_1134, HighDiv_1135, HighDiv_1050, HighDiv_1101, HighDiv_1155
AS-3;c1ccncc1;136;-0.5552213667700582;-27.601408;21.652704;HighDiv_1223, HighDiv_1266, HighDiv_1351, HighDiv_1254, HighDiv_1297, HighDiv_1241, HighDiv_1249, HighDiv_1272, HighDiv_1263, HighDiv_2002, HighDiv_1304, HighDiv_1289, HighDiv_1221, HighDiv_1383, HighDiv_1339, HighDiv_1334, HighDiv_1261, HighDiv_1336, HighDiv_1319, HighDiv_1469, HighDiv_1395, HighDiv_1292, HighDiv_1346, HighDiv_2013, HighDiv_1330, HighDiv_1462, HighDiv_1565, Druglike_682, HighDiv_1361, HighDiv_1460, HighDiv_1350, HighDiv_1331, HighDiv_1491, HighDiv_1369, HighDiv_1411, HighDiv_2053, HighDiv_2051, HighDiv_1365, HighDiv_1317, HighDiv_1478, HighDiv_1490, HighDiv_1281, HighDiv_1484, HighDiv_1429, Druglike_1949, HighDiv_1483, HighDiv_1436, HighDiv_1344, HighDiv_1403, HighDiv_1543, HighDiv_1493, HighDiv_1457, HighDiv_1379, Druglike_195, HighDiv_1550, HighDiv_765, HighDiv_1347, HighDiv_1412, HighDiv_1539, Druglike_1997, HighDiv_1558, HighDiv_1072, Druglike_404, HighDiv_1468, HighDiv_1497, Druglike_1790, HighDiv_1518, HighDiv_1494, Druglike_990, HighDiv_1419, HighDiv_526, HighDiv_1749, HighDiv_1578, Druglike_433, HighDiv_966, Druglike_2034, HighDiv_1571, HighDiv_1544, HighDiv_629, Druglike_744, Druglike_850, Druglike_1989, HighDiv_1413, HighDiv_2065, HighDiv_1573, HighDiv_2168, HighDiv_1508, HighDiv_1577, HighDiv_1467, HighDiv_1560, Druglike_675, Druglike_2064, HighDiv_2221, HighDiv_2278, Druglike_255, HighDiv_2107, HighDiv_2173, Druglike_405, Druglike_530, HighDiv_984, HighDiv_1144, Druglike_1974, HighDiv_870, HighDiv_1835, Druglike_771, HighDiv_1152, HighDiv_2256, Druglike_1685, HighDiv_2112, HighDiv_1886, HighDiv_1554, HighDiv_2132, HighDiv_2158, Druglike_1988, Druglike_653, Druglike_536, Druglike_842, Druglike_839, HighDiv_1932, HighDiv_2174, HighDiv_2222, HighDiv_2227, Druglike_1869, Druglike_2002, HighDiv_2308, HighDiv_2131, HighDiv_1540, Druglike_950, Druglike_1990, HighDiv_2154, Druglike_2033, HighDiv_2218, Druglike_980, HighDiv_1836, HighDiv_2304, HighDiv_2307
AS-4;O=C(c1ccc(-c2ccccc2)[nH]1)c1nc(=O)o[nH]1;101;1.4771732183076443;-29.352726;-64.47427;Druglike_33, Druglike_38, Druglike_26, Druglike_7, Druglike_6, Druglike_46, Druglike_25, Druglike_44, Druglike_63, Druglike_15, Druglike_27, Druglike_45, Druglike_69, Druglike_34, Druglike_9, Druglike_17, Druglike_52, Druglike_60, Druglike_85, Druglike_32, Druglike_67, Druglike_42, Druglike_57, Druglike_75, Druglike_39, Druglike_54, Druglike_65, Druglike_48, Druglike_93, Druglike_66, Druglike_59, Druglike_78, Druglike_105, Druglike_77, Druglike_165, Druglike_129, Druglike_123, Druglike_90, Druglike_72, Druglike_171, Druglike_84, Druglike_113, Druglike_107, Druglike_49, Druglike_100, Druglike_135, Druglike_124, Druglike_137, Druglike_125, Druglike_71, Druglike_156, Druglike_197, Druglike_112, Druglike_142, Druglike_96, Druglike_109, Druglike_178, Druglike_108, Druglike_87, Druglike_180, Druglike_110, Druglike_117, Druglike_127, Druglike_120, Druglike_138, Druglike_182, Druglike_126, Druglike_141, Druglike_251, Druglike_266, Druglike_208, Druglike_184, Druglike_159, Druglike_151, Druglike_131, Druglike_226, Druglike_173, Druglike_211, Druglike_203, Druglike_152, Druglike_153, Druglike_191, Druglike_157, Druglike_104, Druglike_249, Druglike_373, Druglike_263, Druglike_207, Druglike_264, Druglike_256, Druglike_300, Druglike_239, Druglike_401, Druglike_241, Druglike_374, Druglike_257, Druglike_380, Druglike_309, Druglike_436, Druglike_321, Druglike_496
AS-5;c1ccc(-c2cn[nH]n2)cc1;91;-0.1959277474939336;-19.183895;21.26228;Druglike_102, Druglike_1729, Druglike_58, Druglike_81, Druglike_186, Druglike_297, Druglike_205, Druglike_423, Druglike_360, Druglike_229, Druglike_206, Druglike_296, Druglike_320, Druglike_221, Druglike_313, Druglike_375, Druglike_243, Druglike_236, Druglike_200, Druglike_362, Druglike_325, Druglike_389, Druglike_155, Druglike_344, Druglike_210, Druglike_390, Druglike_345, Druglike_414, Druglike_519, Druglike_350, Druglike_179, Druglike_474, Druglike_269, Druglike_310, Druglike_552, Druglike_470, Druglike_336, Druglike_446, Druglike_455, Druglike_522, Druglike_661, Druglike_532, Druglike_484, Druglike_490, Druglike_576, Druglike_449, Druglike_529, Druglike_425, Druglike_486, Druglike_1042, Druglike_443, Druglike_637, Druglike_394, Druglike_615, Druglike_1029, Druglike_543, Druglike_614, Druglike_337, Druglike_285, Druglike_727, Druglike_444, Druglike_538, Druglike_339, Druglike_666, Druglike_533, Druglike_279, Druglike_626, Druglike_613, Druglike_535, Druglike_651, Druglike_703, Druglike_330, Druglike_280, Druglike_268, Druglike_696, Druglike_869, Druglike_782, Druglike_882, Druglike_797, Druglike_485, Druglike_515, Druglike_600, Druglike_655, Druglike_674, Druglike_747, Druglike_668, Druglike_853, Druglike_743, Druglike_968, Druglike_765, Druglike_947
AS-6;c1ccc(-c2c[nH]cn2)cc1;84;0.5882365530362166;31.297863;-62.93557;HighDiv_1936, HighDiv_1938, HighDiv_1944, HighDiv_1935, HighDiv_1939, HighDiv_1945, HighDiv_1949, HighDiv_1953, HighDiv_1950, HighDiv_1947, HighDiv_1966, HighDiv_1951, HighDiv_1946, HighDiv_1952, HighDiv_1956, HighDiv_1955, HighDiv_1979, HighDiv_1957, HighDiv_1968, HighDiv_1964, HighDiv_1972, HighDiv_1960, HighDiv_1958, HighDiv_1976, HighDiv_1978, HighDiv_2003, HighDiv_1965, HighDiv_1980, HighDiv_1975, HighDiv_1967, HighDiv_1969, HighDiv_1962, HighDiv_1974, HighDiv_2019, HighDiv_2011, HighDiv_1998, HighDiv_2005, HighDiv_2015, HighDiv_1988, HighDiv_2017, HighDiv_2021, HighDiv_2010, HighDiv_2108, HighDiv_2004, HighDiv_2038, HighDiv_2028, HighDiv_2018, HighDiv_1989, HighDiv_2025, HighDiv_1971, HighDiv_2058, HighDiv_2046, HighDiv_2034, HighDiv_2094, HighDiv_2079, HighDiv_2016, HighDiv_1991, HighDiv_2076, HighDiv_2085, HighDiv_2052, HighDiv_2087, HighDiv_2101, HighDiv_2036, HighDiv_2140, HighDiv_2043, HighDiv_2100, HighDiv_2072, HighDiv_2067, HighDiv_2095, HighDiv_2057, HighDiv_2121, HighDiv_2126, HighDiv_2141, HighDiv_2109, HighDiv_2155, HighDiv_2152, HighDiv_2104, HighDiv_2213, HighDiv_2226, HighDiv_2245, HighDiv_2192, HighDiv_2183, HighDiv_2170, HighDiv_2223
AS-7;c1cncnc1;60;-0.619439054982454;-30.231384;6.466395;Druglike_295, Druglike_147, Druglike_148, Druglike_356, Druglike_132, Druglike_349, Druglike_213, HighDiv_2102, Druglike_88, Druglike_294, Druglike_395, Druglike_432, Druglike_273, Druglike_501, Druglike_469, Druglike_701, Druglike_728, Druglike_568, Druglike_564, Druglike_244, Druglike_452, Druglike_590, Druglike_347, Druglike_354, Druglike_242, Druglike_773, Druglike_417, Druglike_283, Druglike_756, Druglike_454, Druglike_358, Druglike_734, Druglike_319, Druglike_562, Druglike_977, Druglike_634, Druglike_961, Druglike_531, Druglike_657, Druglike_580, Druglike_662, Druglike_852, Druglike_502, HighDiv_2265, Druglike_583, Druglike_685, Druglike_585, Druglike_525, Druglike_933, Druglike_945, Druglike_800, Druglike_770, Druglike_914, Druglike_476, Druglike_801, Druglike_1047, Druglike_970, Druglike_965, Druglike_1013, Druglike_1003
AS-8;O=c1ccc(-c2cnco2)n[nH]1;57;-0.0016440620829700186;-45.24521;-38.155357;Druglike_1074, Druglike_1078, Druglike_1133, Druglike_1132, Druglike_1152, Druglike_1092, Druglike_1122, Druglike_1106, Druglike_1160, Druglike_1135, Druglike_1130, Druglike_1171, Druglike_1164, Druglike_1141, Druglike_1226, Druglike_1193, Druglike_1162, Druglike_1214, Druglike_1177, Druglike_1221, Druglike_1215, Druglike_1230, Druglike_1172, Druglike_1237, Druglike_1341, Druglike_1206, Druglike_1183, Druglike_1166, Druglike_1212, Druglike_1191, Druglike_1186, Druglike_1246, Druglike_1190, Druglike_1168, Druglike_1192, Druglike_1200, Druglike_1235, Druglike_1173, Druglike_1205, Druglike_1236, Druglike_1224, Druglike_1292, Druglike_1232, Druglike_1185, Druglike_1334, Druglike_1314, Druglike_1348, Druglike_1296, Druglike_1298, Druglike_1331, Druglike_1319, Druglike_1259, Druglike_1310, Druglike_1362, Druglike_1335, Druglike_1343, Druglike_1354
AS-9;O=c1cc[nH]c(-c2ccccc2)c1;51;0.2667535957560362;-5.929776;-38.98824;Druglike_1739, Druglike_1736, Druglike_1741, Druglike_1742, Druglike_1744, Druglike_1791, Druglike_1781, Druglike_1734, Druglike_1751, Druglike_1753, Druglike_1760, Druglike_1746, Druglike_1840, Druglike_1853, Druglike_1758, Druglike_1846, Druglike_1768, Druglike_1874, Druglike_1789, Druglike_1833, Druglike_1862, Druglike_1810, Druglike_1759, Druglike_1773, Druglike_1756, Druglike_1911, Druglike_1855, Druglike_1774, Druglike_1821, Druglike_1931, Druglike_1906, Druglike_1868, Druglike_1880, Druglike_1887, Druglike_1954, Druglike_2006, Druglike_1839, Druglike_1890, Druglike_1917, Druglike_1898, Druglike_1927, Druglike_1876, Druglike_1892, Druglike_2037, Druglike_1864, Druglike_1992, Druglike_2021, Druglike_1984, Druglike_2063, Druglike_2046, Druglike_2075
AS-10;c1cnoc1;51;-1.0001251517060663;-52.451347;19.512293;Druglike_133, Druglike_99, Druglike_101, Druglike_222, Druglike_559, Druglike_798, Druglike_588, Druglike_670, Druglike_1577, Druglike_815, Druglike_708, Druglike_553, Druglike_524, Druglike_647, Druglike_887, Druglike_723, Druglike_741, Druglike_569, Druglike_606, Druglike_835, Druglike_791, Druglike_684, Druglike_521, Druglike_2077, Druglike_792, Druglike_851, Druglike_759, Druglike_841, Druglike_893, Druglike_424, Druglike_558, Druglike_612, Druglike_909, Druglike_885, Druglike_799, Druglike_930, Druglike_919, Druglike_921, Druglike_862, Druglike_813, Druglike_774, Druglike_859, Druglike_993, Druglike_740, Druglike_879, Druglike_969, Druglike_865, Druglike_1017, Druglike_985, Druglike_908, Druglike_946
AS-11;c1ccc(-c2ncn[nH]2)nc1;47;0.10695193394497916;3.7429128;-76.78216;HighDiv_89, HighDiv_142, HighDiv_158, HighDiv_174, HighDiv_131, HighDiv_105, HighDiv_149, HighDiv_168, HighDiv_179, HighDiv_84, HighDiv_341, HighDiv_432, HighDiv_214, HighDiv_264, HighDiv_529, HighDiv_68, HighDiv_134, HighDiv_109, HighDiv_429, HighDiv_527, HighDiv_397, HighDiv_406, HighDiv_787, HighDiv_310, HighDiv_222, HighDiv_611, HighDiv_404, HighDiv_130, HighDiv_358, HighDiv_302, HighDiv_769, HighDiv_460, HighDiv_679, HighDiv_265, HighDiv_262, HighDiv_513, HighDiv_625, HighDiv_832, HighDiv_306, HighDiv_539, HighDiv_430, HighDiv_447, HighDiv_370, HighDiv_1117, HighDiv_816, HighDiv_736, HighDiv_1151
AS-12;c1ccc2c(c1)NCO2;39;-0.1464177871411428;-3.7931294;66.67054;Druglike_130, Druglike_272, Druglike_383, Druglike_316, Druglike_234, Druglike_507, Druglike_604, Druglike_554, Druglike_463, Druglike_381, Druglike_308, Druglike_396, Druglike_332, Druglike_467, Druglike_464, Druglike_795, Druglike_546, Druglike_827, Druglike_694, Druglike_897, Druglike_721, Druglike_826, Druglike_623, Druglike_527, Druglike_1041, Druglike_520, Druglike_298, Druglike_903, Druglike_972, Druglike_810, Druglike_610, Druglike_971, Druglike_861, Druglike_724, Druglike_638, Druglike_870, Druglike_409, Druglike_942, Druglike_753
AS-13;c1ccc(-c2cccnc2)cc1;39;0.6713408584383479;-26.67106;28.80931;HighDiv_15, HighDiv_1200, HighDiv_1219, HighDiv_1232, HighDiv_1217, HighDiv_1229, HighDiv_1211, HighDiv_1210, HighDiv_1214, HighDiv_1251, HighDiv_1244, HighDiv_1268, HighDiv_1256, HighDiv_1277, HighDiv_1628, HighDiv_1257, HighDiv_1255, HighDiv_1285, HighDiv_1448, HighDiv_1282, HighDiv_1308, HighDiv_1380, HighDiv_1287, HighDiv_1342, HighDiv_1405, HighDiv_1348, HighDiv_1295, HighDiv_1384, HighDiv_1303, HighDiv_1400, HighDiv_1426, HighDiv_1492, HighDiv_1474, HighDiv_1463, HighDiv_1482, HighDiv_1874, HighDiv_1535, HighDiv_1548, HighDiv_1430
AS-14;c1cc[nH]c1;37;-0.8523046043524005;-1.7808731;-4.2063246;Druglike_1730, HighDiv_178, Druglike_1834, Druglike_1782, Druglike_1979, Druglike_1932, Druglike_1793, HighDiv_1337, Druglike_1519, Druglike_1835, Druglike_1956, Druglike_1995, Druglike_1459, Druglike_1824, Druglike_1811, Druglike_1489, Druglike_1922, Druglike_2005, Druglike_2067, Druglike_1991, Druglike_1518, Druglike_2012, Druglike_1595, HighDiv_977, Druglike_2042, Druglike_1548, Druglike_1501, Druglike_2045, Druglike_1884, Druglike_2072, Druglike_1950, Druglike_1594, Druglike_700, Druglike_2029, Druglike_2057, Druglike_1717, HighDiv_2237
AS-15;C(=CC1=CCCO1)Cc1ccno1;33;0.11074360756219621;-64.58679;19.21279;Druglike_1087, Druglike_1083, Druglike_1112, Druglike_1109, Druglike_1084, Druglike_1102, Druglike_1138, Druglike_1126, Druglike_1116, Druglike_1142, Druglike_1163, Druglike_1139, Druglike_1128, Druglike_1198, Druglike_1202, Druglike_1182, Druglike_1207, Druglike_1208, Druglike_1188, Druglike_1234, Druglike_1175, Druglike_1220, Druglike_1213, Druglike_1323, Druglike_1308, Druglike_1247, Druglike_1270, Druglike_1252, Druglike_1320, Druglike_1302, Druglike_1261, Druglike_1280, Druglike_1304
AS-16;c1ccc(-c2ccccc2)cc1;32;0.4138555777282013;21.98101;-4.645809;HighDiv_1199, HighDiv_1595, HighDiv_1612, HighDiv_1591, HighDiv_1609, HighDiv_1621, HighDiv_1276, HighDiv_2026, HighDiv_1643, HighDiv_1635, HighDiv_1320, HighDiv_1326, HighDiv_1640, HighDiv_1301, HighDiv_767, HighDiv_1677, HighDiv_1316, Druglike_393, HighDiv_1059, HighDiv_1444, HighDiv_1923, HighDiv_1435, HighDiv_1442, HighDiv_1723, HighDiv_964, Druglike_514, HighDiv_1527, HighDiv_1758, HighDiv_1797, HighDiv_1524, HighDiv_1551, HighDiv_842
AS-17;O=c1cc[nH]c(-c2nnco2)c1;30;-0.10949607216173905;-18.232033;-37.78813;Druglike_1737, Druglike_1787, Druglike_1802, Druglike_1818, Druglike_1808, Druglike_1807, Druglike_1783, Druglike_1893, Druglike_1860, Druglike_1805, Druglike_1926, Druglike_1863, Druglike_1842, Druglike_1947, Druglike_1848, Druglike_1943, Druglike_1924, Druglike_2015, Druglike_1894, Druglike_1847, Druglike_1968, Druglike_2069, Druglike_2008, Druglike_2001, Druglike_2009, Druglike_2010, Druglike_2022, Druglike_1965, Druglike_1951, Druglike_1912
AS-18;c1ccc(-c2cc[nH]c2)cc1;28;0.5137945440617362;59.62635;-19.598171;HighDiv_38, HighDiv_42, HighDiv_40, HighDiv_54, HighDiv_56, HighDiv_106, HighDiv_217, HighDiv_72, HighDiv_53, HighDiv_252, HighDiv_315, HighDiv_238, HighDiv_364, HighDiv_296, HighDiv_266, HighDiv_456, HighDiv_459, HighDiv_382, HighDiv_440, HighDiv_219, HighDiv_461, HighDiv_309, HighDiv_712, HighDiv_737, HighDiv_500, HighDiv_436, HighDiv_610, HighDiv_881
AS-19;c1cocn1;25;-0.5752847892115421;-43.985184;-4.4201064;HighDiv_95, HighDiv_326, HighDiv_409, HighDiv_588, HighDiv_735, HighDiv_590, HighDiv_636, HighDiv_741, HighDiv_911, HighDiv_902, HighDiv_1102, HighDiv_1104, HighDiv_804, HighDiv_968, HighDiv_1032, HighDiv_1094, HighDiv_794, HighDiv_1045, HighDiv_1079, HighDiv_927, HighDiv_1150, HighDiv_1173, HighDiv_1108, HighDiv_1149, HighDiv_768
AS-20;c1cc(-c2cnc[nH]2)c[nH]1;24;-0.3090693885510873;-4.0118566;-31.044615;Druglike_1440, Druglike_1444, Druglike_1457, Druglike_1477, Druglike_1455, Druglike_1503, Druglike_1465, Druglike_1679, Druglike_1535, Druglike_1585, Druglike_1575, Druglike_1674, Druglike_1572, Druglike_1521, Druglike_1541, Druglike_1612, Druglike_1611, Druglike_1596, Druglike_1705, Druglike_1642, Druglike_1647, Druglike_1688, Druglike_1712, Druglike_1665
AS-21;O=C(c1cc[nH]c1)c1ncc(C=Cc2ccccc2)cn1;22;0.8730416002481305;-5.000777;-59.400295;Druglike_1120, Druglike_1115, Druglike_1049, Druglike_1054, Druglike_1089, Druglike_1088, Druglike_1072, Druglike_1064, Druglike_1157, Druglike_1062, Druglike_1155, Druglike_1125, Druglike_1073, Druglike_1058, Druglike_1121, Druglike_1113, Druglike_1066, Druglike_1076, Druglike_1065, Druglike_1090, Druglike_1086, Druglike_1068
AS-22;C1=COC=CC1;22;-0.562055180709889;-6.092589;18.080048;Druglike_86, Druglike_286, Druglike_1431, Druglike_335, Druglike_338, Druglike_388, Druglike_1471, Druglike_367, Druglike_1441, Druglike_1496, Druglike_317, Druglike_918, Druglike_871, Druglike_884, Druglike_1482, Druglike_516, Druglike_1631, Druglike_1598, Druglike_1499, Druglike_1600, Druglike_1001, Druglike_1676
AS-23;c1ccc(CCc2ccccc2)cc1;21;0.9021216687391155;15.540377;5.486535;HighDiv_1659, HighDiv_102, HighDiv_1627, HighDiv_1592, HighDiv_1666, HighDiv_1614, HighDiv_1629, HighDiv_1670, HighDiv_203, HighDiv_1675, HighDiv_1622, HighDiv_1623, HighDiv_1637, Druglike_174, HighDiv_1829, HighDiv_1714, Druglike_225, Druglike_794, HighDiv_2201, HighDiv_1802, HighDiv_893
AS-24;c1ccc([SH+]c2ccccc2)cc1;21;0.2831052341915507;-69.17146;-17.740831;HighDiv_1650, HighDiv_1633, HighDiv_1634, HighDiv_1686, HighDiv_1720, HighDiv_1692, HighDiv_1671, HighDiv_1674, HighDiv_1698, HighDiv_1683, HighDiv_1687, HighDiv_1709, HighDiv_1752, HighDiv_1744, HighDiv_1743, HighDiv_1784, HighDiv_1902, HighDiv_1889, HighDiv_1745, HighDiv_1809, HighDiv_1865
AS-25;O=C(c1ccc[nH]1)c1nc(=O)o[nH]1;21;-0.17756150091263787;-34.063614;-58.33638;Druglike_275, Druglike_352, Druglike_595, Druglike_378, Druglike_518, Druglike_503, Druglike_1011, Druglike_584, Druglike_1045, Druglike_938, Druglike_779, Druglike_889, Druglike_760, Druglike_904, Druglike_875, Druglike_1010, Druglike_822, Druglike_867, Druglike_1021, Druglike_992, Druglike_878
AS-26;O=C1C=CC(C=Cc2cccnc2)N1;20;0.13676235950450424;42.628906;-36.842976;Druglike_16, Druglike_53, Druglike_106, Druglike_62, Druglike_270, Druglike_168, Druglike_145, Druglike_262, Druglike_482, Druglike_291, Druglike_334, Druglike_333, Druglike_312, Druglike_322, Druglike_392, Druglike_426, Druglike_563, Druglike_692, Druglike_1015, Druglike_876
AS-27;O=C(c1ncc(C=Cc2ccccc2)cn1)c1n[nH]c(=O)o1;19;2.219980113130772;-10.264922;-58.02882;Druglike_1050, Druglike_1052, Druglike_1051, Druglike_1060, Druglike_1059, Druglike_1057, Druglike_1053, Druglike_1079, Druglike_1055, Druglike_1094, Druglike_1096, Druglike_1095, Druglike_1105, Druglike_1101, Druglike_1114, Druglike_1097, Druglike_1107, Druglike_1124, Druglike_1165
AS-28;c1ccc(-c2ccno2)cc1;19;-0.34132856624860786;18.545988;20.665253;HighDiv_1302, HighDiv_435, HighDiv_452, HighDiv_1363, HighDiv_1772, HighDiv_1020, HighDiv_937, HighDiv_428, HighDiv_1041, HighDiv_1084, HighDiv_1022, HighDiv_1114, HighDiv_873, HighDiv_834, HighDiv_750, HighDiv_1042, HighDiv_791, Druglike_1593, HighDiv_1095
AS-29;O=C1C=CC(=O)C(c2ccccc2)=C1;18;0.692575182870679;1.4946921;-38.680172;HighDiv_49, HighDiv_181, HighDiv_107, HighDiv_209, HighDiv_423, HighDiv_321, HighDiv_260, HighDiv_413, HighDiv_396, HighDiv_372, HighDiv_504, HighDiv_657, HighDiv_582, HighDiv_437, HighDiv_617, HighDiv_684, HighDiv_917, HighDiv_1100
AS-30;C(=Cc1nnc[nH]1)c1cccnc1;17;-0.17588688089067178;-63.5897;-0.7265799;HighDiv_1942, HighDiv_1954, HighDiv_1948, HighDiv_2020, HighDiv_2066, HighDiv_1992, HighDiv_2165, HighDiv_2050, HighDiv_2062, HighDiv_2122, HighDiv_2115, HighDiv_2157, HighDiv_2159, HighDiv_2247, HighDiv_2214, HighDiv_2204, HighDiv_2302
AS-31;O=C(C#Cc1ccccc1)OC1CC=NC1;17;0.39469634520790325;-12.739841;52.374588;Druglike_1728, Druglike_1727, Druglike_1749, Druglike_1754, Druglike_1738, Druglike_1732, Druglike_1792, Druglike_1780, Druglike_1856, Druglike_1885, Druglike_1978, Druglike_1889, Druglike_1915, Druglike_1944, Druglike_2026, Druglike_2036, Druglike_2048
AS-32;c1ccc(-c2ncno2)cc1;16;-0.25956816430535024;28.524685;24.677788;HighDiv_444, HighDiv_960, HighDiv_924, HighDiv_573, HighDiv_749, HighDiv_1054, HighDiv_677, HighDiv_906, HighDiv_1083, HighDiv_1110, HighDiv_1129, HighDiv_988, HighDiv_788, HighDiv_1188, HighDiv_1029, HighDiv_1055
AS-33;O=C1C=C(CC=Cc2ccccc2)C(=O)N1;15;0.6205908009023468;14.240633;-45.619858;HighDiv_66, HighDiv_141, HighDiv_197, HighDiv_177, HighDiv_235, HighDiv_201, HighDiv_232, HighDiv_227, HighDiv_272, HighDiv_283, HighDiv_477, HighDiv_773, HighDiv_976, HighDiv_883, HighDiv_987
AS-34;C(=Cc1ccn[nH]1)c1ccccc1;15;-0.10124277777194954;-26.7701;-29.133598;Druglike_246, Druglike_276, Druglike_672, Druglike_450, Druglike_778, Druglike_504, Druglike_1031, Druglike_894, Druglike_586, Druglike_605, Druglike_843, Druglike_663, Druglike_1043, Druglike_857, Druglike_1025
AS-35;O=c1ccc2cc([SH+]c3ccccc3)ccc2o1;15;1.9798548083617475;-71.34559;-14.293707;HighDiv_1587, HighDiv_1588, HighDiv_1590, HighDiv_1585, HighDiv_1606, HighDiv_1593, HighDiv_1594, HighDiv_1598, HighDiv_1603, HighDiv_1599, HighDiv_1617, HighDiv_1611, HighDiv_1669, HighDiv_1632, HighDiv_1718
AS-36;C(#Cc1nnc[nH]1)c1nnc[nH]1;14;-0.630366065421853;-39.57583;25.147762;Druglike_512, Druglike_866, Druglike_439, Druglike_369, Druglike_838, Druglike_715, Druglike_776, Druglike_880, Druglike_863, Druglike_1038, Druglike_803, Druglike_627, Druglike_1039, Druglike_1046
AS-37;C1=CNC(C=Cc2cccnc2)C=C1;14;-0.2136518978871165;45.80859;-36.674732;Druglike_139, Druglike_271, Druglike_372, Druglike_305, Druglike_192, Druglike_368, Druglike_497, Druglike_962, Druglike_541, Druglike_492, Druglike_927, Druglike_649, Druglike_830, Druglike_737
AS-38;O=c1[nH]ccc2cc[nH]c12;13;0.12226062447037361;37.410892;28.199482;HighDiv_126, HighDiv_146, HighDiv_331, HighDiv_618, Druglike_1784, Druglike_1909, Druglike_1952, HighDiv_800, Druglike_1970, Druglike_1982, Druglike_2004, HighDiv_609, Druglike_2055
AS-39;C1=Cc2ccccc2C1;13;0.39014154244970123;30.042635;38.483982;Druglike_36, Druglike_73, Druglike_175, Druglike_254, Druglike_386, Druglike_259, Druglike_284, Druglike_363, Druglike_493, Druglike_510, Druglike_948, Druglike_1289, HighDiv_2258
AS-40;c1ccc(-c2ccoc2)cc1;12;0.07804060495561431;1.8415095;25.941467;HighDiv_1600, HighDiv_1665, Druglike_1929, Druglike_1801, Druglike_1786, Druglike_1565, Druglike_1914, HighDiv_983, Druglike_1977, Druglike_1985, Druglike_1953, Druglike_1930
AS-41;c1ccc2[nH]cnc2c1;12;-0.19868609735903073;0.76020604;3.6224864;HighDiv_1620, Druglike_1522, Druglike_1476, Druglike_1458, Druglike_1475, HighDiv_2023, Druglike_1538, HighDiv_2071, Druglike_1962, HighDiv_2295, Druglike_1972, HighDiv_2271
AS-42;c1ncc2cn[nH]c2n1;12;-0.34001616583439925;-37.918118;-15.920985;Druglike_114, Druglike_51, Druglike_143, Druglike_416, Druglike_212, Druglike_481, Druglike_944, Druglike_705, Druglike_952, Druglike_539, Druglike_643, Druglike_755
AS-43;c1cn[nH]c1;12;-0.8898232745081804;-12.728657;13.801024;HighDiv_1456, HighDiv_1440, Druglike_1591, Druglike_1485, Druglike_1505, Druglike_1678, Druglike_1613, Druglike_466, Druglike_1629, Druglike_1680, Druglike_1344, HighDiv_2266
AS-44;O=C(C#Cc1cccnc1)Nc1cccnc1;12;1.0492420999847012;-39.06487;50.72888;HighDiv_1215, HighDiv_1207, HighDiv_1246, HighDiv_1264, HighDiv_1275, HighDiv_1273, HighDiv_1309, HighDiv_1333, HighDiv_1321, HighDiv_1397, HighDiv_1407, HighDiv_1360
AS-45;c1ccc(-c2cnc[nH]2)nc1;12;-0.606187363328443;-24.414415;-19.31375;Druglike_1726, Druglike_1799, Druglike_1800, Druglike_1859, Druglike_1831, Druglike_1882, Druglike_1861, Druglike_1964, Druglike_1975, Druglike_2050, Druglike_1969, Druglike_1987
AS-46;O=C1C=CC(=O)C(c2ccccn2)=C1;12;1.043266847796988;47.114517;25.746614;HighDiv_5, HighDiv_32, HighDiv_59, HighDiv_22, HighDiv_70, HighDiv_45, HighDiv_44, HighDiv_379, HighDiv_546, HighDiv_660, HighDiv_554, HighDiv_1080
AS-47;c1ccc2[nH]ccc2c1;11;-0.543713247144967;5.212989;-9.13842;HighDiv_478, HighDiv_1140, HighDiv_1713, HighDiv_1017, Druglike_1615, Druglike_1239, HighDiv_989, HighDiv_833, HighDiv_1869, HighDiv_1854, Druglike_975
AS-48;O=C(CNCC=Cc1ccccc1)Cc1ccccc1;10;1.3946348907972634;25.306076;-35.39901;Druglike_30, Druglike_50, Druglike_74, Druglike_70, Druglike_97, Druglike_119, Druglike_116, Druglike_128, Druglike_292, Druglike_194
AS-49;O=C(c1cc[nH]c1)c1cc[nH]n1;10;-0.24764488139694665;17.526697;27.14242;HighDiv_1597, HighDiv_1631, HighDiv_1704, HighDiv_1726, HighDiv_1807, HighDiv_1762, HighDiv_1728, HighDiv_1842, HighDiv_1818, HighDiv_1881
AS-50;O=C1C=C(Cc2nnco2)OC1;10;-0.160838450352911;-41.627373;-25.842976;Druglike_1159, Druglike_1167, Druglike_1204, Druglike_1196, Druglike_1189, Druglike_1197, Druglike_1271, Druglike_1260, Druglike_1272, Druglike_1279
AS-51;O=C(C#Cc1cccnc1)Nc1ccccc1;10;1.2792418694708305;-38.60687;52.212425;HighDiv_1202, HighDiv_1208, HighDiv_1242, HighDiv_1284, HighDiv_1270, HighDiv_1299, HighDiv_1280, HighDiv_1294, HighDiv_1423, HighDiv_1437
AS-52;O=C(C#Cc1ccccc1)OCCN1C=CCC1;10;0.6215139139688999;-8.30951;50.233784;Druglike_1725, Druglike_1731, Druglike_1743, Druglike_1740, Druglike_1767, Druglike_1777, Druglike_1766, Druglike_1816, Druglike_1872, Druglike_1981
AS-53;C=C(c1ccccc1)c1cn[nH]n1;10;-0.25931117823984196;-26.449284;-11.810326;Druglike_1368, Druglike_1490, Druglike_1419, Druglike_1450, Druglike_1443, Druglike_1628, Druglike_1653, Druglike_1636, Druglike_1562, Druglike_1579
AS-54;C(=CCc1ncc2cn[nH]c2n1)Cc1ccccn1;10;1.4864481866617631;-36.8554;-18.56073;Druglike_1, Druglike_2, Druglike_10, Druglike_12, Druglike_41, Druglike_80, Druglike_94, Druglike_98, Druglike_430, Druglike_548
AS-55;c1ccc(-c2ncn[nH]2)cc1;9;-0.5927825440304948;3.3112307;-43.566654;HighDiv_2073, Druglike_574, Druglike_1825, Druglike_1895, Druglike_1999, Druglike_1916, Druglike_2025, Druglike_2031, Druglike_2049
AS-56;O=C1NC(=O)c2ccccc21;9;-0.5119922560600224;9.03947;6.662125;Druglike_1907, Druglike_2030, Druglike_2053, HighDiv_2130, Druglike_1993, Druglike_2061, HighDiv_2178, HighDiv_2250, HighDiv_2210
AS-57;c1ccc([SH+]c2ccc3c(c2)CCN3)cc1;9;0.8483598945500825;-66.01187;-20.376364;HighDiv_1655, HighDiv_1638, HighDiv_1656, HighDiv_1695, HighDiv_1711, HighDiv_1624, HighDiv_1694, HighDiv_1667, HighDiv_1701
AS-58;O=c1ccc(-c2ccoc2)n[nH]1;9;-0.42852214523067517;-40.94671;-41.0173;Druglike_1145, Druglike_1169, Druglike_1364, Druglike_1223, Druglike_1254, Druglike_1209, Druglike_1285, Druglike_1267, Druglike_1288
AS-59;C(#Cc1ccc2c(c1)NCO2)CCCc1cn[nH]n1;9;0.2452133484052163;-5.6284003;75.43219;Druglike_505, Druglike_565, Druglike_364, Druglike_644, Druglike_628, Druglike_844, Druglike_676, Druglike_1020, Druglike_667
AS-60;c1ccoc1;9;-0.6285480475858163;13.407688;-0.32625088;HighDiv_637, HighDiv_465, HighDiv_624, HighDiv_1049, HighDiv_903, HighDiv_732, Druglike_2047, Druglike_2028, Druglike_2058
AS-61;c1ccc([SH+]c2ccc3sccc3c2)cc1;8;2.597922022342522;-73.217545;-18.934454;HighDiv_1581, HighDiv_1580, HighDiv_1586, HighDiv_1582, HighDiv_1583, HighDiv_1584, HighDiv_1589, HighDiv_1613
AS-62;c1ccc(-c2ccccn2)cc1;8;-0.05340389722398184;-10.661003;-25.199215;HighDiv_1198, HighDiv_1201, HighDiv_1357, HighDiv_1376, Druglike_829, HighDiv_1542, HighDiv_1381, HighDiv_1432
AS-63;C1=COC(CCc2ccccn2)=CC1;8;0.07436189956876335;-51.118584;-15.03451;Druglike_150, Druglike_742, Druglike_459, Druglike_311, Druglike_500, Druglike_560, Druglike_959, Druglike_639
AS-64;c1ccc2c(c1)CNNC2;8;-0.04333018708117842;16.140438;29.839685;Druglike_95, Druglike_227, Druglike_601, Druglike_185, Druglike_901, Druglike_745, Druglike_648, Druglike_677
AS-65;c1ccc(Cc2ccoc2)nc1;8;0.6035997663006724;-35.141975;18.015863;Druglike_3, Druglike_40, Druglike_61, Druglike_31, Druglike_115, Druglike_219, Druglike_215, Druglike_551
AS-66;C=C(c1cnccn1)c1cn[nH]n1;7;-0.42059928458508694;-30.278744;-10.988129;Druglike_1430, Druglike_1483, Druglike_1460, Druglike_1569, Druglike_1601, Druglike_1592, Druglike_1618
AS-67;c1ccc(-c2cc[nH]n2)cc1;7;-0.18624028179147292;0.60300815;-20.28955;HighDiv_1269, Druglike_1770, HighDiv_1398, HighDiv_1546, HighDiv_1495, HighDiv_1908, HighDiv_1485
AS-68;c1ccc(-c2nnco2)cc1;7;-0.8070129880947788;-15.022357;-9.77999;HighDiv_1798, HighDiv_1279, HighDiv_2303, HighDiv_1910, HighDiv_1884, HighDiv_961, HighDiv_1132
AS-69;c1ccc(-c2nnco2)nc1;7;-0.2306421833919848;-24.419577;-39.607456;Druglike_177, Druglike_327, Druglike_719, Druglike_860, Druglike_811, Druglike_1026, Druglike_973
AS-70;O=C(Oc1ccccc1)c1ccccc1;7;-0.13967549511170124;2.988651;-4.674721;Druglike_1819, HighDiv_1734, Druglike_720, Druglike_664, Druglike_1923, Druglike_1903, Druglike_1844
AS-71;C(#Cc1ccccc1)Cn1cccn1;7;0.5903016056093006;2.420903;35.71363;HighDiv_1253, HighDiv_1329, HighDiv_1265, HighDiv_1260, HighDiv_1335, HighDiv_1385, HighDiv_1393
AS-72;c1cc(-c2cnn[nH]2)[nH]n1;7;-0.6715108653657275;-18.871561;-13.573689;Druglike_154, Druglike_807, Druglike_440, Druglike_622, Druglike_611, Druglike_750, Druglike_939
AS-73;c1ccc(-c2ccn[nH]2)nc1;7;-0.29350160896484934;32.57671;-42.424564;Druglike_160, Druglike_697, Druglike_438, Druglike_714, Druglike_934, Druglike_764, Druglike_1022
AS-74;O=c1cccc(-c2cnoc2)o1;6;-0.1620277392208267;-23.827738;37.973602;Druglike_1453, Druglike_1466, Druglike_1531, Druglike_1561, Druglike_1597, Druglike_1652
AS-75;c1cc(CCc2cncnc2)cc(-c2cn[nH]n2)c1;6;0.7168264005943658;-17.358234;28.776876;Druglike_136, Druglike_111, Druglike_121, Druglike_166, Druglike_328, Druglike_376
AS-76;c1ccc(-c2cnco2)nc1;6;-0.6870446618690229;17.017927;-53.979305;Druglike_579, Druglike_462, Druglike_665, Druglike_304, Druglike_746, Druglike_555
AS-77;O=C(Nc1cccnc1)c1ccccc1;6;0.768024867901898;40.24676;20.82731;Druglike_1769, Druglike_1788, Druglike_1858, Druglike_1829, Druglike_1849, Druglike_1841
AS-78;c1ccc(-c2nc[nH]n2)cc1;6;0.022990020385982413;-11.374752;-6.200935;Druglike_341, Druglike_353, Druglike_598, Druglike_342, Druglike_749, Druglike_2018
AS-79;O=C1NCC(C=Cc2ccccc2)N1;6;-0.19447248295714295;30.617975;28.854334;HighDiv_946, Druglike_412, Druglike_274, Druglike_652, Druglike_597, Druglike_545
AS-80;c1cc2c(cc1CCNCCc1cnon1)NCO2;6;-0.11276130581606551;-7.4294124;71.20407;Druglike_343, Druglike_620, Druglike_752, Druglike_814, Druglike_709, Druglike_995
AS-81;c1cc(OCc2nnc[nH]2)ccn1;6;0.44319416933301015;-24.123789;-6.832638;Druglike_162, Druglike_76, Druglike_172, Druglike_144, Druglike_408, Druglike_688
AS-82;C(=Cc1ncn[nH]1)Cc1nnc[nH]1;6;-0.09226883795553463;-45.942856;4.3455014;HighDiv_322, HighDiv_616, HighDiv_514, HighDiv_607, HighDiv_774, HighDiv_1112
AS-83;O=C1CC(C=C2C=Cc3ccccc32)=NN1;6;0.3104983975635593;6.4305477;-29.89498;Druglike_1099, Druglike_1238, Druglike_1303, Druglike_1290, Druglike_1249, Druglike_1255
AS-84;C1=Nc2ccc(Nc3ccccc3)cc2C1;6;0.36638150908278816;43.66696;11.284442;HighDiv_798, HighDiv_762, HighDiv_628, HighDiv_716, HighDiv_1069, HighDiv_1005
AS-85;c1cncc(-c2cc[nH]c2)c1;6;-0.845681940451645;-44.844563;-2.9431646;HighDiv_2098, HighDiv_1034, HighDiv_2257, HighDiv_2191, HighDiv_2230, HighDiv_1522
AS-86;c1ccc(CCCn2ccnn2)cc1;6;-0.2356045744789106;-9.148974;-14.228313;Druglike_1449, Druglike_1491, Druglike_1586, Druglike_1537, Druglike_1552, Druglike_1606
AS-87;c1ccn(CCc2cnon2)c1;6;1.0841359194061517;-41.296524;16.866053;Druglike_1377, Druglike_1380, Druglike_1393, Druglike_1399, Druglike_1401, Druglike_1408
AS-88;C1=CC(c2ccccc2)=CC1;6;0.042697988450220735;17.290442;13.92765;HighDiv_1271, HighDiv_1323, HighDiv_1312, HighDiv_1392, HighDiv_1389, HighDiv_1812
AS-89;c1ccc2[nH]ncc2c1;6;-0.9612579336205588;-9.589714;-8.553678;HighDiv_1406, HighDiv_1516, HighDiv_1530, HighDiv_1489, HighDiv_1557, HighDiv_1498
AS-90;C(=Cc1cccc(-c2ncn[nH]2)n1)c1cccnc1;6;1.449890873009468;0.6673873;-77.46409;HighDiv_94, HighDiv_121, HighDiv_170, HighDiv_25, HighDiv_46, HighDiv_65
AS-91;C(#Cc1cccc(-c2cn[nH]c2)c1)c1ccccc1;5;1.1631867313658513;-20.019861;-5.020108;Druglike_118, Druglike_326, Druglike_287, Druglike_495, Druglike_589
AS-92;c1ccc2occc2c1;5;-0.7166583190786592;-3.2473412;3.1736934;Druglike_1713, HighDiv_1465, Druglike_1661, HighDiv_626, HighDiv_1015
AS-93;O=C1CNc2c(cccc2C(=O)Nc2ccccc2)N1;5;0.8503865693183219;22.394236;35.517933;HighDiv_1278, HighDiv_1332, HighDiv_1324, HighDiv_1373, HighDiv_1454
AS-94;c1c[nH]c(-c2nnn[nH]2)c1;5;-0.5630905299498521;-20.544537;-19.48544;Druglike_711, Druglike_602, Druglike_1019, Druglike_845, Druglike_976
AS-95;O=C(Nc1ccccc1)c1ccccc1;5;0.6833176603826574;31.985275;10.007485;HighDiv_1625, HighDiv_1661, HighDiv_411, HighDiv_279, HighDiv_729
AS-96;c1c[nH]cn1;5;-0.6097717563698065;-5.2415123;11.432318;HighDiv_1993, HighDiv_2039, HighDiv_923, HighDiv_1113, Druglike_1677
AS-97;O=C1C=C(C#Cc2ccccc2)CCO1;5;0.8660276982431817;41.275448;41.529194;HighDiv_2022, HighDiv_2024, HighDiv_2182, HighDiv_2001, HighDiv_2180
AS-98;c1ccc([SH+]c2ccc3c(c2)CNC3)cc1;5;1.2208646807178778;-67.685074;-20.716328;HighDiv_1608, HighDiv_1658, HighDiv_1654, HighDiv_1652, HighDiv_1706
AS-99;O=C(c1ccccc1)c1ncn[nH]1;5;0.29903182021166097;30.400646;2.779958;HighDiv_87, HighDiv_244, Druglike_1161, Druglike_1140, HighDiv_1073
AS-100;C(=Cc1ncc[nH]1)c1cccnc1;5;-0.030211051877741292;-63.997498;-0.56291467;HighDiv_1997, HighDiv_2031, HighDiv_2033, HighDiv_2137, HighDiv_2319
AS-101;c1cc(-c2cnon2)ncn1;5;-0.40903713789922946;-33.710705;-2.7394497;Druglike_187, Druglike_204, Druglike_526, Druglike_958, Druglike_855
AS-102;O=C(Oc1cccnc1)c1ccccc1;5;0.08694262588226716;19.189882;16.137655;Druglike_103, Druglike_248, Druglike_656, Druglike_1009, Druglike_925
AS-103;c1cc(Cc2cc[nH]n2)ncn1;5;-0.43229336053982886;-39.67849;1.5106595;Druglike_619, Druglike_847, Druglike_982, Druglike_998, Druglike_816
AS-104;c1ccn(CCc2ccno2)c1;5;2.110836269342383;-42.61405;16.425833;Druglike_1369, Druglike_1370, Druglike_1372, Druglike_1371, Druglike_1373
AS-105;O=C1CNc2c(cccc2C(=O)Nc2ccccn2)N1;5;0.7631677795806195;22.898266;37.569653;HighDiv_1328, HighDiv_1247, HighDiv_1447, HighDiv_1362, HighDiv_1523
AS-106;O=C(C#Cc1cccnc1)OCc1ccc[nH]1;5;-0.09715069531960116;-22.636404;47.428528;HighDiv_2106, HighDiv_2111, HighDiv_2187, HighDiv_2325, HighDiv_2298
AS-107;C(#Cc1cn[nH]c1)Cc1ccccc1;5;-0.07042412257805718;-13.846701;18.810274;HighDiv_1343, HighDiv_1293, HighDiv_1382, HighDiv_1399, HighDiv_1506
AS-108;N=c1sccn1CCc1ccccc1;5;-0.3271973334567487;-4.534816;-17.855255;HighDiv_213, HighDiv_726, HighDiv_575, HighDiv_691, HighDiv_801
AS-109;c1ccc(-n2cnnc2)cc1;5;0.2644586336224176;24.941471;14.1297865;HighDiv_3, HighDiv_1209, HighDiv_701, HighDiv_2270, HighDiv_1099
AS-110;c1ccc2c(c1)NCN2;5;-0.6665961720425162;6.060863;-4.5505533;HighDiv_2086, HighDiv_2320, HighDiv_2238, HighDiv_2277, Druglike_981
AS-111;O=C(C#Cc1cnc[nH]1)c1cnco1;5;-0.044262785608282895;-46.04313;34.405663;Druglike_384, Druglike_549, Druglike_633, Druglike_902, Druglike_924
AS-112;N=c1[nH]cc(CCC#Cc2ccccn2)s1;5;0.22127359298658314;3.9388664;50.587425;HighDiv_2045, HighDiv_1970, HighDiv_1996, HighDiv_2059, HighDiv_2068
AS-113;O=C(C=CC1=CCON1)CCc1ccccn1;5;0.025624555494442626;-50.722878;-23.401299;HighDiv_1697, HighDiv_1721, HighDiv_1787, HighDiv_1875, HighDiv_1933
AS-114;C1=Cc2ccccc2C1=Cc1ccon1;5;0.5474451340331873;4.6367054;-28.472467;Druglike_1129, Druglike_1134, Druglike_1143, Druglike_1233, Druglike_1194
AS-115;O=C(C=Cc1ccccc1)C1CCCNN1;5;-0.4655041280493834;-32.837025;-27.205486;Druglike_567, Druglike_751, Druglike_781, Druglike_784, Druglike_886
AS-116;O=C(CC#Cc1cnon1)c1ccccc1;5;0.3610850435143428;10.967747;42.566917;Druglike_351, Druglike_434, Druglike_660, Druglike_762, Druglike_877
AS-117;C1=NOCN1c1ccccc1;5;-0.3332316926086403;18.927563;34.201057;HighDiv_2096, HighDiv_486, HighDiv_538, HighDiv_860, Druglike_631
AS-118;c1ccc(Nc2cccnc2)cc1;5;-0.29816537847144414;33.11146;11.578635;HighDiv_243, HighDiv_560, Druglike_1263, HighDiv_867, HighDiv_1089
AS-119;C1=COC(CCCc2cccnc2)=CC1;5;1.0269188751671852;-36.091675;-2.7607512;Druglike_14, Druglike_19, Druglike_35, Druglike_247, Druglike_193
AS-120;c1ccc(CCc2cc[nH]c2)cc1;5;0.544684809764069;60.92414;16.930593;HighDiv_79, HighDiv_77, HighDiv_871, HighDiv_958, HighDiv_1196
AS-121;C(=Cc1cnc[nH]1)CCCc1ccccc1;4;0.5179102576702559;23.671965;45.115948;HighDiv_186, HighDiv_502, HighDiv_466, HighDiv_1070
AS-122;O=c1ccc(-c2cnc(C=Cc3ccccc3)o2)n[nH]1;4;0.8444736080917556;-34.9525;-38.214188;Druglike_1098, Druglike_1100, Druglike_1081, Druglike_1150
AS-123;O=C(c1ncc(C=Cc2ccccc2)cn1)c1ccc[nH]1;4;1.2628864912499564;-9.075176;-61.495846;Druglike_1085, Druglike_1108, Druglike_1103, Druglike_1144
AS-124;C(#Cc1ccccc1)c1ccccc1;4;0.32564072078888934;-2.374725;23.1941;Druglike_1409, Druglike_1492, HighDiv_1537, Druglike_1662
AS-125;c1cnc2[nH]ccc2n1;4;-0.6526900044660343;-30.387426;-0.41586375;Druglike_1822, Druglike_1941, Druglike_2013, Druglike_2070
AS-126;c1cncc(-c2nncs2)c1;4;-0.8626042350177914;-35.737923;27.516396;HighDiv_1562, HighDiv_1415, HighDiv_1786, HighDiv_1538
AS-127;c1cncc(Cc2ncco2)c1;4;-0.03399727051770714;-39.63279;8.411278;Druglike_214, Druglike_278, Druglike_789, Druglike_922
AS-128;O=c1[nH]nc(CC#Cc2ccccc2)[nH]1;4;0.5600859041347348;-10.62458;37.456978;HighDiv_247, HighDiv_408, HighDiv_420, HighDiv_476
AS-129;O=C1C=C(Cc2ccncn2)CO1;4;-0.3752540345908274;-40.470062;3.1188588;Druglike_513, Druglike_561, Druglike_671, Druglike_1008
AS-130;C(=Cc1ccccc1)Cc1nnco1;4;-0.25418517908733124;-2.8976269;-33.915176;HighDiv_1636, Druglike_1540, Druglike_1691, HighDiv_1046
AS-131;c1c[nH]c(-c2cnco2)c1;4;-0.6834418378005127;-22.352448;1.9859207;Druglike_955, Druglike_917, Druglike_1024, Druglike_854
AS-132;C(#Cc1ccccc1)CCC1=CCC=CO1;4;0.4589554467540535;0.6425482;30.052155;HighDiv_1626, HighDiv_1699, HighDiv_1719, HighDiv_1847
AS-133;C(=Cc1ccccc1)Cc1nnc[nH]1;4;0.3574977973430861;18.128963;-31.955124;HighDiv_1984, HighDiv_2047, HighDiv_2049, HighDiv_2133
AS-134;O=c1[nH][nH]c2ccccc12;4;-0.3102330676219423;7.0460963;12.972312;HighDiv_1027, HighDiv_959, HighDiv_790, HighDiv_882
AS-135;O=C1NCCN1c1cccc(C#CCCC2=CCCS2)c1;4;1.7549619677647845;13.626516;67.43028;HighDiv_26, HighDiv_19, HighDiv_161, HighDiv_171
AS-136;c1ccc(Nc2ccccc2)cc1;4;0.22946461046933053;-4.4861283;24.52293;Druglike_1257, Druglike_1210, Druglike_1269, Druglike_1361
AS-137;O=C1CCC(C=C(Cc2ccccc2)c2ncn[nH]2)O1;4;0.3038062482081845;-12.916819;-30.510612;Druglike_1405, Druglike_1448, Druglike_1469, Druglike_1547
AS-138;C(#Cc1cccnc1)c1ccccc1;4;0.695755197999249;-22.722414;31.521446;HighDiv_1233, HighDiv_1730, HighDiv_1310, Druglike_1707
AS-139;C(=Cc1cncnc1)c1ccccc1;4;-0.0026630938526142484;-7.2323127;-56.36937;Druglike_1181, Druglike_1178, Druglike_1245, Druglike_1355
AS-140;O=C(OCc1ccncc1)c1cnc[nH]1;4;-0.0578875050501419;30.391651;31.004507;Druglike_1845, Druglike_2078, Druglike_2014, Druglike_2019
AS-141;O=C(c1cc[nH]c1)c1cscn1;4;-0.6770415724507606;-18.891775;11.017666;HighDiv_1770, HighDiv_1690, HighDiv_1851, HighDiv_1927
AS-142;N=c1[nH]cc(-c2ccccc2)s1;4;-0.38802671346290174;6.121926;-21.385786;HighDiv_1601, HighDiv_1707, HighDiv_1647, HighDiv_1864
AS-143;C(=CC1=CCCO1)Cc1ccccc1;4;-0.42470860716740566;-67.35661;16.280758;Druglike_1293, Druglike_1336, Druglike_1266, Druglike_1353
AS-144;C=C1Cc2ccccc2N1;4;0.013833770461238029;8.465531;-32.489307;HighDiv_1712, HighDiv_1759, HighDiv_1803, HighDiv_1820
AS-145;O=C(Cc1cccc(C2=CN=CCN2)c1)c1ccccc1;4;1.5852797600766642;48.928993;36.789154;Druglike_13, Druglike_188, Druglike_79, Druglike_92
AS-146;N=c1[nH]cc(CCC#Cc2ccc[nH]2)s1;4;-0.5384681962154846;3.4269295;49.425396;HighDiv_2305, HighDiv_2280, HighDiv_2269, HighDiv_2190
AS-147;C(=Cc1nn[nH]n1)c1ccccc1;4;-0.2771220548769243;31.061447;-56.518295;HighDiv_2035, HighDiv_2228, HighDiv_2259, HighDiv_2267
AS-148;O=C(Cc1ccon1)OCC#CCc1n[nH]c(=O)[nH]1;4;0.4141434665075884;-44.84307;-18.633406;Druglike_89, Druglike_233, Druglike_391, Druglike_550
AS-149;C(#Cc1ccccc1)Cc1cncnc1;4;0.15319921517980775;30.38445;7.0038443;HighDiv_410, HighDiv_275, HighDiv_665, HighDiv_728
AS-150;O=C(C#CCc1ccccc1)c1ccco1;4;-0.08529131412149549;-11.453196;19.682703;HighDiv_1258, HighDiv_1487, HighDiv_1568, HighDiv_1574
AS-151;O=C(CC#Cc1cnon1)c1cccnc1;4;0.23413062587597605;10.068627;44.730133;Druglike_818, Druglike_831, Druglike_1035, Druglike_988
AS-152;C(=Cc1cnon1)c1cccnc1;4;-0.7206010365118201;-25.247276;17.815079;Druglike_1604, Druglike_1633, Druglike_1634, Druglike_1578
AS-153;c1ccc(-n2cccn2)cc1;4;0.07554681078793019;15.923861;-5.6437993;HighDiv_169, HighDiv_1678, Druglike_1870, HighDiv_1789
AS-154;c1cncc(-c2cccnc2)c1;3;-0.5285057995934878;-39.46024;20.98491;HighDiv_1409, HighDiv_2142, HighDiv_1513
AS-155;O=C1C=C(c2ccccc2)CN1;3;-0.18963666193367046;45.4969;6.1588387;HighDiv_861, HighDiv_938, Druglike_1325
AS-156;O=C(C=CC1=CCON1)CCC1=CNNC1;3;-0.5026615280871648;-52.040356;-23.111494;HighDiv_1890, HighDiv_1766, HighDiv_1887
AS-157;C(=Cc1ccccc1)Cc1cnn[nH]1;3;0.4978241132466163;12.69572;-35.574974;Druglike_1080, Druglike_1117, Druglike_1158
AS-158;O=C1C=CC(C#Cc2ccccn2)N1;3;-0.27288288972798797;7.388676;-39.735455;Druglike_736, Druglike_650, Druglike_896
AS-159;c1nnc(C2=NOCN2)[nH]1;3;-0.18217160715528824;-25.897402;-2.7706063;Druglike_528, Druglike_573, Druglike_572
AS-160;O=C(CC1CCN1)c1cc[nH]c1;3;-0.31254132362346415;12.482144;-17.44671;Druglike_1803, Druglike_1850, Druglike_1960
AS-161;O=C(Cc1ccc(-c2cc[nH]n2)cc1)Cc1ccccn1;3;0.8343889596710984;-17.830652;-23.833883;Druglike_1747, Druglike_1806, Druglike_1795
AS-162;C(=Cc1nnco1)c1nnn[nH]1;3;-0.490522354959899;-24.342827;-34.202965;Druglike_1268, Druglike_1346, Druglike_1284
AS-163;O=C(OCc1ccccn1)c1ccccc1;3;0.23437607614357514;22.243652;17.457224;Druglike_1176, Druglike_1244, Druglike_1243
AS-164;O=C(OCc1ccoc1)c1cccnc1;3;-0.363509478037401;40.928154;-19.833073;Druglike_301, Druglike_616, Druglike_1006
AS-165;c1n[nH]cc1CCN=C1CCCN1;3;-0.4460715156830663;-52.64897;30.600471;Druglike_410, Druglike_451, Druglike_915
AS-166;O=C(C#Cc1cccnc1)NCc1ccno1;3;0.733414112528303;-35.316933;54.721905;HighDiv_1248, HighDiv_1314, HighDiv_1431
AS-167;O=C1C=C(C=Cc2ccccc2)CN1;3;-0.06283623300970072;24.892527;-31.413519;Druglike_690, Druglike_849, Druglike_891
AS-168;O=C(C#Cc1cccnc1)NC1CCCC1;3;0.8001124916796526;-38.999676;46.034008;HighDiv_1236, HighDiv_1311, HighDiv_1239
AS-169;O=C(c1ncc(C=Cc2ccccc2)cn1)c1ncn[nH]1;3;1.2779330600939522;-6.033835;-56.458942;Druglike_1131, Druglike_1148, Druglike_1154
AS-170;O=C(c1ncc(C=Cc2ccccc2)cn1)c1ccno1;3;1.9392928752971894;-7.799749;-57.558964;Druglike_1067, Druglike_1056, Druglike_1082
AS-171;O=C(c1ccncn1)c1cc[nH]n1;3;-0.34925101758572713;-15.877823;13.455295;Druglike_1571, Druglike_1660, Druglike_1710
AS-172;O=C(c1ccccn1)C1C=CC=CC1;3;-0.4683976011392808;-0.28280827;-5.285311;Druglike_1201, Druglike_1218, Druglike_1262
AS-173;C1=NCCc2cc([SH+]c3ccccc3)ccc21;3;0.6608345812351991;-66.412346;-17.444555;HighDiv_1715, HighDiv_1700, HighDiv_1649
AS-174;O=C(c1cc(=O)[nH]cn1)c1ccc[nH]1;3;-0.35576643938227637;46.19739;-20.838938;Druglike_1693, Druglike_1696, Druglike_1651
AS-175;O=C(c1ccccc1)c1nnco1;3;-0.1219188585812444;41.608383;-3.2693815;HighDiv_166, HighDiv_674, HighDiv_1928
AS-176;O=C(c1ccccc1)C1CCNC1;3;-0.9769875678578513;31.020662;0.832166;HighDiv_1040, HighDiv_851, HighDiv_1919
AS-177;C=C(CCc1ccccc1)c1n[nH]c(=O)o1;3;0.7799922811516854;-16.680605;-51.44234;Druglike_1110, Druglike_1123, Druglike_1127
AS-178;O=C(c1ccccc1)C1C=CC=CC1;3;-0.7450472950426225;-1.4634665;-4.212922;Druglike_1264, Druglike_1329, Druglike_1313
AS-179;O=C(c1ccc[nH]1)c1ccco1;3;-0.3303683592790285;-26.703074;-52.704346;Druglike_790, Druglike_735, Druglike_895
AS-180;O=C(CC=CCc1cccnc1)OCc1cnc[nH]1;3;0.004502095818103051;41.070065;-26.714478;Druglike_196, Druglike_498, Druglike_824
AS-181;O=C1CNc2ccccc2N1;3;-0.3607807594649323;19.414375;35.8594;HighDiv_1519, HighDiv_1517, HighDiv_1525
AS-182;O=C1COc2c(OCc3ccccn3)cccc21;3;0.30060460648535436;36.5125;-20.713167;HighDiv_199, HighDiv_494, HighDiv_631
AS-183;c1ccc(-c2cn[nH]c2)cc1;3;0.09747910917560203;-5.353844;0.36712924;HighDiv_757, Druglike_1217, Druglike_1231
AS-184;C1=CN=CNC1;3;-0.9787529314046863;-20.506832;-0.7016942;Druglike_415, Druglike_461, Druglike_689
AS-185;c1cn[nH]n1;3;-1.0348662339773151;-31.555414;-7.420147;Druglike_1555, Druglike_1663, Druglike_1698
AS-186;c1cn2cnnc2cn1;3;-0.9504659672247765;-23.022972;5.4962907;Druglike_1322, Druglike_1307, Druglike_1305
AS-187;c1cc(-c2nnco2)ccn1;3;-0.7314119878828098;-18.105528;-31.16216;Druglike_2035, Druglike_2023, Druglike_2007
AS-188;C(=CCc1cnco1)CC1=CCOC1;3;0.3352723777046698;-48.465546;-7.672046;HighDiv_301, HighDiv_647, HighDiv_566
AS-189;c1ccc(-c2ccc[nH]2)cc1;3;0.044996131003970034;7.1846733;-9.962576;Druglike_1994, Druglike_1908, Druglike_489
AS-190;O=C1CSc2cc([SH+]c3ccccc3)ccc2N1;3;0.9495025555524631;-66.95132;-14.937035;HighDiv_1618, HighDiv_1644, HighDiv_1685
AS-191;c1ccc(-c2ccco2)cc1;3;-0.14115544066551647;3.1205814;-4.392796;HighDiv_327, Druglike_1539, Druglike_1998
AS-192;c1ccc(-c2ccn[nH]2)cc1;3;-0.44033870034225525;-21.769539;-10.580277;Druglike_659, Druglike_1040, Druglike_785
AS-193;c1ccc2ccccc2c1;3;0.031365791525504005;9.468459;-3.5844116;HighDiv_1651, HighDiv_1840, Druglike_1966
AS-194;C(#Cc1ccccn1)CNCCC1=CNC=NC1;3;-0.36182266007226577;-20.081224;18.157824;Druglike_465, Druglike_537, Druglike_983
AS-195;O=c1cc[nH]c(-c2ccc(NC3=NCCO3)cc2)c1;3;1.2660051539649766;-7.982164;-44.22392;Druglike_1750, Druglike_1755, Druglike_1897
AS-196;c1ccc(-c2cnon2)cc1;3;-0.5026821111528664;4.5763974;14.802857;HighDiv_1298, HighDiv_1056, Druglike_1012
AS-197;c1ccc(-c2cocn2)cc1;3;-0.3552443080783716;0.6839061;-27.266443;HighDiv_2037, HighDiv_2195, HighDiv_2317
AS-198;c1ccc(-c2cscn2)cc1;3;0.1546667241245143;35.526653;19.786592;HighDiv_2181, HighDiv_2103, HighDiv_2105
AS-199;c1ccc(-c2nnc[nH]2)cc1;3;-0.25042786953628987;12.175525;9.301888;HighDiv_1374, Druglike_479, HighDiv_1408
AS-200;c1ccc(-c2nnn[nH]2)cc1;3;-0.49570370156864835;15.423589;-13.537204;HighDiv_1367, Druglike_673, HighDiv_1449
AS-201;c1ccc(-n2cncn2)cc1;3;0.18413256566937805;52.252216;-1.4417543;HighDiv_242, Druglike_420, HighDiv_748
AS-202;c1ccc(CCCc2cn[nH]n2)nc1;3;-0.4808701149784176;-31.446249;18.948156;Druglike_407, Druglike_832, Druglike_819
AS-203;c1ccc(CCNCCc2cc[nH]n2)cc1;3;0.9751492821042977;61.85256;3.95812;HighDiv_122, HighDiv_218, HighDiv_580
AS-204;c1ccc(CCc2cscn2)cc1;3;-0.2813730487291088;47.681644;8.897602;HighDiv_255, HighDiv_1192, HighDiv_2287
AS-205;c1ccc(Cc2ccc[nH]2)cc1;3;-0.1588074077728482;9.353284;-21.907595;Druglike_365, Druglike_581, Druglike_693
AS-206;O=c1cc[nH]c(C2=CN=CCN2)c1;3;-0.005308416327017303;-12.85643;-38.125813;Druglike_1976, Druglike_1871, Druglike_1878
AS-207;C(#Cc1ccccc1)Cc1cnon1;3;0.8614613166959201;-12.073845;29.240564;Druglike_1374, HighDiv_196, HighDiv_836
AS-208;c1nnco1;3;-1.1394633634989662;-23.450155;-5.432882;Druglike_1507, Druglike_1253, Druglike_1312
AS-209;O=c1[nH]c(CC=Cc2cccnc2)no1;3;0.5853051290086425;39.211426;-36.595062;Druglike_43, Druglike_201, Druglike_224
AS-210;O=C1NCC(CCCOc2ccccc2)N1;3;0.05356719758726913;33.17523;36.20458;Druglike_68, Druglike_570, Druglike_475
AS-211;O=c1[nH]nc(-c2ccccn2)[nH]1;3;-0.6570079495266329;-34.488503;11.538811;Druglike_846, Druglike_963, Druglike_954
AS-212;O=c1[nH]cn[nH]1;3;-1.4066957418256105;-3.9905288;19.257738;Druglike_523, Druglike_937, Druglike_1033
AS-213;O=c1[nH]c(-c2ccccc2)no1;3;-0.032772788920023235;-11.945801;45.84136;Druglike_1937, Druglike_1920, Druglike_1986
AS-214;O=C(C=CC1=CCON1)CCc1ccccc1;2;0.0796782147672056;-51.50541;-24.788153;HighDiv_1761, HighDiv_1834
AS-215;O=C1NCCN1c1cccc(C#CCCC2=NC=CNC2)c1;2;1.0551646525878229;11.118094;65.21108;HighDiv_562, HighDiv_482
AS-216;O=C(C=Cc1nnco1)Cc1cnco1;2;0.4883772259118001;-42.442425;-6.1742015;HighDiv_336, HighDiv_594
AS-217;O=C1NCC=C(CC=Cc2nnc[nH]2)N1;2;-0.45919084022055867;-32.10418;-19.958662;Druglike_1256, Druglike_1306
AS-218;c1nnc(-c2cnn[nH]2)[nH]1;2;-0.2139405589352492;-26.723618;-3.5763712;Druglike_472, Druglike_805
AS-219;c1ncc(-c2cnoc2)o1;2;-0.24584164163168015;-56.8295;14.477469;Druglike_642, Druglike_403
AS-220;O=C(C#Cc1cccnc1)NC1C=CC=C1;2;0.6841972434472428;-38.943054;47.457123;HighDiv_1290, HighDiv_1354
AS-221;c1ccc(-c2nncs2)cc1;2;0.20691595889160067;8.875811;13.810061;HighDiv_1224, HighDiv_1313
AS-222;O=C(C#Cc1cccnc1)NC1CCCCC1;2;0.340910797749463;-35.996727;49.400806;HighDiv_1267, HighDiv_1564
AS-223;O=C1NCC=C1C=CCCc1ccco1;2;-0.14565283145557534;0.46628642;-0.7874402;Druglike_654, Druglike_730
AS-224;c1cnc2c(Cc3ccc4oncc4c3)c[nH]c2n1;2;0.8609766866825062;-33.10921;-0.87889653;Druglike_1928, Druglike_1925
AS-225;c1nc[nH]n1;2;-1.0404005576933604;-3.4208875;16.040466;HighDiv_2162, Druglike_1345
AS-226;c1ccc2c(c1)CCC2;2;-0.32832454319552623;7.5476274;4.284696;HighDiv_1724, HighDiv_1799
AS-227;O=C1C=CC(C=Cc2ccoc2)CO1;2;-0.45342100159960896;-1.3748987;21.349983;Druglike_1558, Druglike_1536
AS-228;O=C1NCCN1c1cccc(C#CCCC2=CCC2)c1;2;0.966280951418989;14.298666;67.53743;HighDiv_355, HighDiv_448
AS-229;c1ccc(-c2cnsn2)cc1;2;-0.19692168048247236;35.170685;19.612867;HighDiv_2078, HighDiv_2315
AS-230;O=C(C1=CCC=CO1)c1n[nH]c(=O)[nH]1;2;-0.3816608657124205;-31.089798;-41.39137;Druglike_786, Druglike_928
AS-231;O=C(C1=CCNC1)c1ncc(C=Cc2ccccc2)cn1;2;1.305135064194571;-7.7060103;-63.40401;Druglike_1069, Druglike_1147
AS-232;O=C(C1=NN=CNC1)c1cc[nH]c1;2;-0.626589634989105;-21.454792;9.022846;HighDiv_1837, HighDiv_1846
AS-233;c1ccc(-c2ncncn2)cc1;2;0.16839263989923584;0.061661243;3.4502285;HighDiv_1238, Druglike_1240
AS-234;O=C1CC(C(=O)c2ccccc2)N1;2;0.513892412047284;57.494522;12.585175;HighDiv_116, HighDiv_422
AS-235;c1ccc([SH+]c2cccnc2)cc1;2;-0.32012632444491135;-67.99365;-17.676514;HighDiv_1755, HighDiv_1897
AS-236;C1=NCC(c2ccccc2)=CN1;2;-0.18675783505989776;6.2465076;-12.348169;Druglike_307, Druglike_923
AS-237;C1=CNC(CCCOc2ccccc2)=CC1;2;-0.09483076433187271;36.976364;36.024014;Druglike_1273, Druglike_1333
AS-238;C1=CNC=CC1;2;-0.5116850565953192;-9.290639;10.241322;Druglike_517, Druglike_1694
AS-239;c1ccc(Oc2ccc(-c3ncn[nH]3)cc2)cc1;2;0.17081356850688095;1.203465;-47.21457;Druglike_1838, Druglike_2040
AS-240;c1ccc(OCCc2nnc[nH]2)cc1;2;0.35475074521562705;30.0663;-9.201093;HighDiv_2008, HighDiv_2117
AS-241;C1=COC(c2ccccc2)=CC1;2;-0.03069502389717549;2.7967527;17.22129;HighDiv_1252, Druglike_1646
AS-242;C1=COC=C(C=Cc2ccccc2)C1;2;0.6972688970015888;14.128456;-29.639297;Druglike_149, Druglike_281
AS-243;c1nnc[nH]1;2;-1.3991206763668567;-24.84985;-4.442998;Druglike_808, Druglike_912
AS-244;c1ccc(Cc2cnoc2)cc1;2;-0.19696000660304586;-10.982742;-10.329241;Druglike_1837, Druglike_1958
AS-245;c1ccc(Cc2ccccc2)cc1;2;-0.1502533719041052;1.83024;-15.3650875;HighDiv_1838, HighDiv_1870
AS-246;O=C1NC(=O)C(C(=O)c2ccccc2)=C1C=C1N=COC1=O;2;1.3302989322333496;9.5099125;20.244087;Druglike_1461, Druglike_1446
AS-247;C=C1NCCN1c1ccccc1C#Cc1cccnc1;2;-1.2247621617392395;10.831411;59.677254;HighDiv_1006, HighDiv_979
AS-248;c1ccc(COc2ccccc2)cc1;2;0.10587013952932114;11.518244;-0.6594237;HighDiv_564, HighDiv_704
AS-249;c1ccc(CCn2cncn2)cc1;2;1.5889853167133907;55.754555;20.73151;HighDiv_39, HighDiv_195
AS-250;c1ccc(CCc2nncs2)cc1;2;0.8313009934695524;30.992542;-5.762785;HighDiv_20, HighDiv_2199
AS-251;O=C1NC(CC#Cc2ccc[nH]2)c2ccccc21;2;0.30570658268232104;5.4723835;-43.11609;Druglike_1278, Druglike_1316
AS-252;c1nnc(-c2cnon2)[nH]1;2;-0.6029148056310114;-22.461954;-1.6779282;HighDiv_848, HighDiv_1107
AS-253;C=C(c1cn[nH]n1)c1ccco1;2;-0.4621323629617137;-28.664772;-9.616269;Druglike_1452, Druglike_1617
AS-254;C=C(c1cn[nH]n1)c1ncn[nH]1;2;-1.154610654405644;-29.474163;-13.239513;Druglike_1630, Druglike_1671
AS-255;c1ccc([SH+]c2cccc(-c3nc[nH]n3)c2)cc1;2;1.026725686766055;-69.960556;-20.206608;HighDiv_1663, HighDiv_1756
AS-256;c1ccc(CCc2ccc[nH]2)nc1;2;0.18315809428081165;-10.300686;-4.4482956;Druglike_1352, Druglike_1324
AS-257;c1ccc(-c2cnco2)cc1;2;-0.15698881506139914;3.6644228;9.820866;HighDiv_693, HighDiv_1402
AS-258;O=c1[nH]ncn1-c1ccccc1;2;0.28898579316163625;34.28499;18.634687;HighDiv_2032, HighDiv_2185
AS-259;c1ccc(-c2cnc[nH]2)cc1;2;-0.2615407574405777;-11.603346;16.06857;HighDiv_1679, HighDiv_1808
AS-260;O=C(c1ccccc1)C1C=CNO1;2;0.4540843177059172;59.942368;8.934761;HighDiv_339, HighDiv_992
AS-261;c1cnccn1;2;0.0830345763025296;-29.13034;41.9011;Druglike_91, Druglike_189
AS-262;O=C(c1cc[nH]c1)c1ncc[nH]1;2;-0.40076602922053645;-1.7533791;15.822948;HighDiv_1731, HighDiv_1817
AS-263;S=c1[nH]nco1;2;-0.6394072057535938;-39.571198;-2.2947745;HighDiv_93, HighDiv_746
AS-264;S=C1NCCN1;2;-1.1566483218075592;13.691357;51.529804;HighDiv_1356, HighDiv_1511
AS-265;O=c1nc(C=Cc2ccccc2)[nH]o1;2;-0.23048178088627996;-14.591475;34.057594;Druglike_821, Druglike_1028
AS-266;O=C(c1ccc[nH]1)c1nc(=O)[nH]c(=O)[nH]1;2;0.3060075116252438;-29.016617;-54.590813;Druglike_379, Druglike_683
AS-267;O=c1ccoc(-c2nnn[nH]2)c1;2;-0.5236360296306696;-23.261856;-24.47705;Druglike_1557, Druglike_1701
AS-268;c1cncc(-n2ccnn2)c1;2;-0.6970832373970277;3.7960806;-14.198889;Druglike_1681, Druglike_1527
AS-269;O=c1cccco1;2;-0.8543359297978712;-13.097718;5.3205914;HighDiv_1559, HighDiv_1477
AS-270;O=C(c1ccccc1)C1CCCN1;2;1.1885349134731946;55.442642;11.894386;HighDiv_99, HighDiv_154
AS-271;c1cnc2[nH]ccc2c1;2;-0.1818964632893772;-21.882656;11.879263;Druglike_1605, Druglike_1659
AS-272;O=c1ccc2ccc(C=Cc3ncc[nH]3)cc2o1;2;0.014398370736981948;-2.1445098;-50.70417;Druglike_1265, Druglike_1363
AS-273;O=C(c1ccccc1)C1CCNN1;2;0.7395758448772418;56.848015;11.68746;HighDiv_162, HighDiv_298
AS-274;O=C(c1ccccc1)C1CCON1;2;0.05484899028073392;49.24549;13.416275;HighDiv_285, HighDiv_1021
AS-275;O=C(c1ccccc1)c1c[nH]cn1;2;0.5646349869190104;-8.694538;-7.0299873;Druglike_1104, Druglike_1077
AS-276;O=c1[nH]nc(Cc2ccccc2)o1;2;-0.2374546322890318;-11.598328;-9.508131;Druglike_1959, Druglike_1852
AS-277;O=C(c1ncc(C=Cc2ccccc2)cn1)c1ncco1;2;1.477532563661418;-7.962015;-58.283966;Druglike_1071, Druglike_1075
AS-278;O=C(c1ncc(C=Cc2ccccc2)cn1)c1ncc[nH]1;2;1.4205219106012938;-6.276308;-57.59875;Druglike_1118, Druglike_1061
AS-279;c1cncc(-c2nnc[nH]2)c1;2;-0.627468295751453;-22.283836;10.189098;HighDiv_1318, HighDiv_1804
AS-280;O=C(c1ccncn1)c1ncc(C=Cc2ccccc2)cn1;2;2.2264363248240278;-10.837508;-61.315044;Druglike_1048, Druglike_1063
AS-281;c1c[nH]c(-c2nnc[nH]2)c1;2;-0.8672010497053109;-19.87567;2.7105794;Druglike_710, Druglike_874
AS-282;c1cnon1;2;-1.4451991900925893;-23.780838;16.818302;HighDiv_1387, Druglike_1632
AS-283;c1cc(-c2nnc[nH]2)n[nH]1;2;-0.4753825155752426;-25.74376;-4.494647;Druglike_698, Druglike_899
AS-284;O=C(c1nnco1)c1c[nH]c2ccccc12;2;-0.5855996097465013;6.958415;-24.9474;HighDiv_1811, HighDiv_1930
AS-285;O=C(CC=Cc1ccccc1)N1COC=N1;2;-0.3687705512280889;4.619873;-33.91378;HighDiv_1763, HighDiv_1830
AS-286;O=C(CCc1cccnc1)NCc1cc(-c2ccccc2)c[nH]1;2;1.4692353381035972;-27.920662;22.11639;HighDiv_1607, HighDiv_1693
AS-287;O=C(CN1C=CCC1)c1cc2cc[nH]c(=O)c2[nH]1;2;0.027944840782243505;37.0406;30.984915;Druglike_1828, Druglike_2020
AS-288;c1csnn1;2;-1.245549766031265;-13.856823;2.943858;HighDiv_2143, HighDiv_2144
AS-289;c1coc(-c2nnc[nH]2)n1;2;-0.937289036341443;-28.435154;-19.076809;Druglike_1809, Druglike_1918
AS-290;O=C(CNCC=Cc1ccccc1)Cc1ccno1;2;0.99936623533188;26.107098;-34.328888;Druglike_83, Druglike_169
AS-291;c1ccc(-c2ccncn2)cc1;2;-0.03429447369961934;19.18742;0.24665833;HighDiv_2198, HighDiv_1446
AS-292;O=c1[nH]nc(-c2ccc[nH]2)o1;2;-0.7214599999586442;-19.106075;1.6291621;Druglike_890, Druglike_964
AS-293;O=C(Cc1ccccc1)NC1C=CCC1;2;0.6451064841683032;29.360552;-5.6277266;Druglike_1748, Druglike_1771
AS-294;O=C(Cc1ccccc1)c1ccco1;2;-0.31931686440168927;21.856598;13.869531;Druglike_603, Druglike_1034
AS-295;c1cncc(-c2cnoc2)c1;2;-0.374190843252692;4.301836;5.459841;Druglike_468, HighDiv_1433
AS-296;c1ccc(-c2ccc(Cc3cnccn3)cc2)cc1;2;1.3786943907277456;10.31311;-27.001156;HighDiv_1604, HighDiv_1615
AS-297;c1ccc2scnc2c1;2;-0.7549697112086686;-2.4431448;3.104257;HighDiv_1358, HighDiv_1863
AS-298;c1ccc(-c2c[nH]nn2)cc1;2;-0.32683089300365276;24.067661;-35.28218;HighDiv_2167, HighDiv_2145
AS-299;O=c1[nH]nc(CC=Cc2ccccc2)o1;2;0.24605817583479433;-0.51264095;-16.346779;HighDiv_1688, Druglike_1616
AS-300;c1cc(Cc2cnon2)on1;2;-0.9417185292528104;-50.846256;16.779104;Druglike_288, Druglike_966
AS-301;c1cc(CCc2ccc3c(c2)CNNC3)[nH]n1;2;-0.0958598895656811;16.252653;31.081936;Druglike_371, Druglike_953
AS-302;c1cc(CCc2cc[nH]n2)on1;2;-0.04092984153923505;8.005045;36.312702;HighDiv_1451, HighDiv_1533
AS-303;c1cc(CCCNC2=NCCCO2)co1;2;-0.840388455492008;28.909328;-0.7118875;Druglike_1241, Druglike_1358
AS-304;c1cncc(-c2cn[nH]n2)c1;2;-0.8240154410673105;-18.221071;-7.515475;HighDiv_1025, HighDiv_985
AS-305;O=C(Nc1ccccc1)C1NC=CN1;2;-0.2263280223409436;19.829817;-16.35282;Druglike_1570, Druglike_1666
AS-306;C1=C(c2ccccc2)CNN1;2;-0.0809936568765387;23.455517;-1.7030027;HighDiv_307, Druglike_621
AS-307;C(=CC1CCC=N1)c1ccccc1;2;-0.11058417781585342;35.30292;-17.00282;Druglike_1423, Druglike_1512
AS-308;C1=C(c2ccno2)COC1;2;-0.5237715910580907;-45.68744;12.081982;Druglike_1520, Druglike_1559
AS-309;C(#Cc1ccccc1)Cn1ccnc1;2;0.7941843808950644;-2.9909825;40.444717;HighDiv_85, HighDiv_941
AS-310;C(#CCc1ccncn1)Cc1ccccc1;2;-0.225975635733766;-16.202068;17.386936;Druglike_940, Druglike_738
AS-311;C(=CNc1cccnc1)CCCc1ccccc1;2;0.506693512442397;26.08987;-9.513063;Druglike_1510, Druglike_1479
AS-312;C(#CCc1cc[nH]c1)CCc1nnc[nH]1;2;-0.1998397801470947;31.422958;-12.651617;Druglike_1826, Druglike_2076
AS-313;C(=CCc1cnon1)CCc1cocn1;2;-0.4562195113913233;-28.205198;17.277613;Druglike_1180, Druglike_1222
AS-314;C(=CC1=NC=CCN1)CNCc1ccn[nH]1;2;1.1257824563798429;-20.89513;-26.776997;Druglike_4, Druglike_397
AS-315;C(=Cc1ccccc1)CC1=NOCC1;2;-0.23484775310018244;22.377035;-18.730156;Druglike_1506, Druglike_1716
AS-316;C(=Cc1cnon1)c1ccccc1;2;-0.6384284696735674;-13.898918;26.710854;Druglike_1675, Druglike_1495
AS-317;C1=CCC=C1;2;-0.3990686853925887;-6.5394335;-8.944576;Druglike_134, Druglike_441
AS-318;C(=CCc1ccc2ocnc2n1)Cc1cc[nH]c1;2;0.29688308296932864;-44.7499;-11.244052;Druglike_1939, Druglike_2052
AS-319;C(#Cc1ccsc1)c1ccccc1;2;0.05942433615237244;4.2840533;16.65379;HighDiv_1417, HighDiv_1352
AS-320;C(=Cc1cc[nH]n1)CC1=CCNN1;2;-0.6947268979973178;-23.798397;-29.292583;Druglike_1627, Druglike_1481
AS-321;C(=Cc1cc(C2CN2)n[nH]1)c1ccccc1;2;0.006399234111251852;-32.493103;-30.983074;Druglike_635, Druglike_511
AS-322;C(=Cc1ccccc1)CCC1=COC=CC1;2;-0.106948173393196;-7.082616;-52.04708;Druglike_329, Druglike_624
AS-323;C(=Cc1ccccc1)CCOc1ccccc1;2;2.1878718397002586;26.775265;-12.819109;Druglike_1383, Druglike_1375
AS-324;C(#CC1CCN=CS1)CCc1ccccc1;2;1.728253526125113;60.487022;26.695663;HighDiv_10, HighDiv_27
AS-325;C(#CCn1ccnc1)CCc1nc[nH]n1;2;-0.31925050369339414;-3.168585;31.246815;Druglike_1287, Druglike_1275
AS-326;C(=Cc1cccc(-n2cnnn2)c1)c1cccnc1;2;0.5494912483634784;-17.91267;21.1988;Druglike_413, Druglike_802
AS-327;C(#Cc1ccccc1)CCCCn1cnnc1;2;0.1226413182037895;1.7454454;26.971375;Druglike_303, Druglike_357
AS-328;C(=CCc1nncs1)Cc1cnco1;2;0.22331239639283185;-49.420242;-6.460739;HighDiv_583, HighDiv_484
AS-329;C(=CC1=NN=CCN1)Cc1ccncn1;2;0.9136100074854041;-31.38455;3.4886289;Druglike_28, Druglike_181
AS-330;C1=CCC(CC=Cc2ccccc2)=C1;2;0.13338005543495865;-9.119462;-49.550358;Druglike_1478, Druglike_1689
AS-331;c1c[nH]c(-c2cn[nH]c2)c1;1;-0.229121920621467;-20.701353;2.2724867;Druglike_230
AS-332;c1c[nH]c(-c2cnon2)c1;1;-0.8228535944169122;-19.210613;2.9332695;Druglike_1005
AS-333;c1c[nH]c(-c2ccco2)c1;1;-0.5806260996250919;-19.115555;2.675967;Druglike_951
AS-334;C1=CCNC(CNCCc2ccccc2)=C1;1;-0.2340588761226621;0.7848543;-13.554918;HighDiv_1461
AS-335;C(=CNC1C=CC1)CCc1cccnc1;1;0.0146329389716092;-0.53400517;33.498154;HighDiv_1414
AS-336;c1c[nH]c(CCc2cccc3oncc23)c1;1;0.3476639839616287;-19.269749;3.4893122;Druglike_1564
AS-337;c1c[nH]c(CONCCCc2csnn2)n1;1;-0.8380853452569124;-1.7276201;15.35504;HighDiv_1570
AS-338;c1c[nH]c(Cc2ccc(-c3ncc[nH]3)cc2)c1;1;0.2047867362044979;9.564642;-21.98328;Druglike_158
AS-339;c1c[nH]c(Cc2ccno2)c1;1;-0.6102726897398524;-52.532814;15.319923;Druglike_911
AS-340;c1c[nH]c(Cc2cnc[nH]2)c1;1;0.3656268153745764;7.4925694;-5.8773174;Druglike_1764
AS-341;C(=CCc1nnn[nH]1)Cc1ccccc1;1;-0.1966150715178879;-1.2808417;-18.718754;HighDiv_2244
AS-342;c1c[nH]nn1;1;-1.403004380567824;-9.943325;-13.989355;Druglike_1500
AS-343;c1cc(-c2ccn[nH]2)ncn1;1;-0.5287376496574796;-18.371752;-11.380239;Druglike_361
AS-344;c1cc(-c2ccoc2)n[nH]1;1;-0.4865903892756661;30.932798;-2.2618577;Druglike_1365
AS-345;c1cc(-c2cnco2)on1;1;-0.8270765536813738;-45.605904;11.889503;Druglike_1640
AS-346;C(=Cc1cc(CCN2CCCN2)n[nH]1)c1ccccc1;1;0.2964128779896023;-29.799017;-30.302818;Druglike_435
AS-347;S=c1[nH]cc(Cc2cccc3nc[nH]c23)s1;1;0.1718164306533272;-11.316026;12.186517;HighDiv_2075
AS-348;S=c1[nH]nc(COCc2ccccc2)[nH]1;1;-0.9293637119460284;3.532887;-20.545359;HighDiv_1531
AS-349;O=c1ocnc2cccc(C#CCc3ccc[nH]3)c12;1;0.8404619767456818;-3.9704044;-36.042126;Druglike_1170
AS-350;O=c1ccc2ccccc2o1;1;-0.4218031047912295;4.8938465;7.7124624;Druglike_1340
AS-351;C(=Cc1ccc2c(c1)NCO2)CCc1ccccn1;1;0.1932172528745186;-4.120057;57.22024;Druglike_913
AS-352;O=c1cccc(CC2=CCON2)o1;1;-0.9496914027911778;-56.65454;-20.783194;Druglike_2060
AS-353;C(=Cc1ccc(-c2cccnc2)cc1)Cc1ncncn1;1;1.9813272849878003;-31.888723;26.91238;HighDiv_1212
AS-354;O=c1ccn(CCc2ccccc2)c(=O)[nH]1;1;-0.4218797570323751;13.938424;8.377721;HighDiv_2275
AS-355;O=c1ccnc[nH]1;1;-1.124052757429625;15.974347;3.6606157;HighDiv_978
AS-356;C(=Cc1ccc(-c2cccnc2)cc1)Cc1cnon1;1;2.238173312690453;-31.959389;26.921448;HighDiv_1204
AS-357;O=c1ccoc(CCc2ccc(-c3cc[nH]n3)cc2)c1;1;2.209839033697553;-17.549662;-24.115133;Druglike_1721
AS-358;O=c1ccoc2ccccc12;1;0.431655438761388;16.891134;23.310816;HighDiv_1742
AS-359;O=c1nc(CCCC=Cc2cn[nH]n2)[nH]o1;1;-0.3221966379457393;-30.891106;-6.8962593;Druglike_1668
AS-360;O=c1ncc(COc2ccccc2)c[nH]1;1;0.411781981341453;44.6332;16.740932;HighDiv_556
AS-361;O=c1ocnc2cccc(C#CCc3cccnc3)c12;1;1.0195154271178457;-3.9593573;-36.035103;Druglike_1137
AS-362;S=c1[nH]nc(CCc2ccccc2)[nH]1;1;2.631394644717095;61.408905;17.852058;HighDiv_2
AS-363;O=c1ocnc2ccccc12;1;0.0541236340006776;51.20436;16.152311;HighDiv_2040
AS-364;S=C(C1=CCN=C1)c1ccccc1;1;-0.96638876923533;-17.115837;24.403212;HighDiv_1861
AS-365;S=C(COCCc1cc[nH]c1)c1ccco1;1;-0.5618612596909434;3.5557048;3.959862;HighDiv_782
AS-366;S=C1CC(C#CCCc2ccccc2)CN1;1;1.2400617538112524;62.064983;26.82184;HighDiv_208
AS-367;C(=Cc1cc[nH]c1)CC1C=COC1;1;-0.6066423653388548;7.4140334;-18.102736;Druglike_716
AS-368;S=C1NCCN1CC=Cc1ncc[nH]1;1;-0.676587339025546;13.680908;51.5156;HighDiv_1377
AS-369;S=c1[nH]cc(CC=Cc2ccccc2)s1;1;-0.614781674903196;26.21077;-23.264841;HighDiv_904
AS-370;S=c1[nH]cc(CCc2ccccc2)s1;1;1.353372606695486;44.176674;-3.8128655;HighDiv_50
AS-371;C(=CCc1ncc[nH]1)CCc1ccccc1;1;0.3456767057134945;69.39672;14.302526;HighDiv_293
AS-372;S=c1[nH]cnn1-c1ccccc1;1;0.0558695954820496;37.92807;-5.780943;HighDiv_253
AS-373;S=c1[nH]nc(-c2ccccc2)[nH]1;1;0.3776675721947535;35.2724;19.175047;HighDiv_2092
AS-374;C(=CCc1nccs1)Cc1cnco1;1;-0.4274150274186965;-49.232918;-6.821559;HighDiv_936
AS-375;c1cc(CC2CCO2)on1;1;-1.2723006110474624;-53.642567;16.914265;Druglike_1000
AS-376;c1cc(-c2nc[nH]n2)ccn1;1;-0.0464473688706859;-2.5951538;3.1273525;HighDiv_2147
AS-377;C(=CCc1ccno1)Cc1ccncc1;1;-0.4470230420054526;-9.51683;-22.770437;Druglike_1879
AS-378;C(=CCc1cnco1)CCc1nn[nH]n1;1;0.0548135041709903;-48.17719;-5.9345593;HighDiv_764
AS-379;c1cc(Cc2ccno2)c2[nH]cnc2c1;1;0.2544040190460399;-11.3413925;12.17667;HighDiv_2083
AS-380;c1cc(Cc2cn3cnnc3cn2)ncn1;1;0.0088733918835111;-25.158516;6.4065742;Druglike_787
AS-381;c1cc(Cc2cnc3[nH]ccc3c2)ncn1;1;1.6507881408249114;-26.411448;6.331754;Druglike_47
AS-382;C(=CCc1cnco1)CCc1cnns1;1;-0.0777689482473326;-48.257225;-5.917701;HighDiv_644
AS-383;c1cc(Cc2nncs2)c2[nH]cnc2c1;1;0.0396733086161769;-11.23435;12.151055;HighDiv_2077
AS-384;c1cc(Nc2ccncn2)cc(-c2c[nH]cn2)c1;1;1.2320345825977996;29.779009;-62.99456;HighDiv_1977
AS-385;C(=CCc1cnco1)CC1=CCC1;1;-0.0919538307986539;-48.81432;-7.2300024;HighDiv_706
AS-386;c1cc2c(cc1CCNCCc1cnn[nH]1)NCO2;1;0.1358794077841081;-6.6494007;70.346794;Druglike_508
AS-387;C(=CCc1cn[nH]n1)Cc1ccccn1;1;-0.5118663956653335;-5.841938;-22.363754;Druglike_1934
AS-388;C(=CCc1cn[nH]c1)CCC=Cc1nnco1;1;-0.7823870033186479;-30.653425;-22.825558;HighDiv_1177
AS-389;C(=CCc1ccc2c(c1)OCN2)CNCc1ncc[nH]1;1;0.1973578798761726;-3.6753187;66.847015;Druglike_447
AS-390;c1cc(CCn2ccnc2)ccn1;1;-0.4548145764738047;10.702316;25.285442;HighDiv_1922
AS-391;C(=CCC1CN=CO1)Cc1ccoc1;1;0.140960444745217;17.512182;-1.2057451;HighDiv_1060
AS-392;C(=CCC1CCNC1)Cc1ccoc1;1;0.4549498469245842;17.592112;-1.1710235;HighDiv_654
AS-393;c1ccc(-c2ccc(Cc3cnon3)cc2)cc1;1;0.3854498836407286;0.7390505;16.36408;HighDiv_1821
AS-394;C(=CCC1CCNC1)Cc1ccccc1;1;-0.6215320211045297;-2.6775382;-22.695602;HighDiv_940
AS-395;C(=CCC1=CCCC1)CCc1ccccc1;1;0.6493471864876372;69.486534;15.493719;HighDiv_352
AS-396;C(=CC1NNc2ccccc21)COc1ccccc1;1;3.440629231375525;38.87013;-12.937877;HighDiv_4
AS-397;C(=CC1NCNCN1)c1ccc[nH]1;1;0.1514887398081774;-17.005932;2.8331857;Druglike_1470
AS-398;c1ccc(-c2cccnc2)nc1;1;-0.4053974442676204;-56.55447;3.722911;HighDiv_2129
AS-399;C(=CC1Cc2ccccc2C1)c1ccccc1;1;2.148611101394628;35.475338;-10.4991455;HighDiv_75
AS-400;c1ccc(-c2cccs2)cc1;1;-0.3196898340745682;10.4862995;7.629371;HighDiv_838
AS-401;C(=CC1CNNC1)c1ccccc1;1;-0.8230629680746473;31.879871;-56.34473;HighDiv_2309
AS-402;c1cc(CNCCc2cnco2)[nH]n1;1;-0.2826441937195642;-45.523067;-7.6444473;HighDiv_1011
AS-403;c1cc(CCn2cccn2)cc(-c2c[nH]cn2)c1;1;2.9407274372724888;31.095226;-67.73548;HighDiv_1934
AS-404;c1cc(-c2nnc[nH]2)[nH]n1;1;0.0973475687592516;-25.483088;-3.5297995;Druglike_232
AS-405;C(=CCc1csnn1)CNC=CCc1ccncn1;1;-0.4241267980920261;-12.625949;-12.651844;HighDiv_1780
AS-406;C(=CCc1ncc2cn[nH]c2n1)Cc1ccccc1;1;0.2639940411704925;-35.38701;-16.915787;Druglike_761
AS-407;C(=CCc1nc2ncccc2[nH]1)Cc1nc[nH]n1;1;0.5629348030802311;38.369534;-25.158949;Druglike_1415
AS-408;c1cc(C2CCO2)c[nH]1;1;-0.4592320063519624;4.7688212;-4.521621;Druglike_1867
AS-409;c1cc(CC2CCCC2)ncn1;1;-0.5153639986497391;-34.55418;7.00751;Druglike_796
AS-410;C(=Cc1ccc2ccncc2c1)c1ccccc1;1;0.5739194685893503;11.400231;28.24321;HighDiv_980
AS-411;c1cc(CCC2=NCCC2)cc(-c2c[nH]cn2)c1;1;2.3360224580112474;31.54827;-67.566925;HighDiv_1941
AS-412;c1cc(CCC2=Nc3[nH]ncc3CN2)n[nH]1;1;0.5155404352319213;7.888308;37.411526;HighDiv_1496
AS-413;c1cc(CCC2CN2)ncn1;1;-0.9306405369581454;-33.940594;7.3657103;Druglike_630
AS-414;c1cc(CCCC2CCNCCO2)ncn1;1;-0.8844143987717843;-34.494396;8.537084;Druglike_453
AS-415;c1cc(CCCCc2cc[nH]n2)cc(-c2nnco2)c1;1;0.2158068878233595;-17.939085;34.998974;HighDiv_1827
AS-416;c1cc(CCCCc2ncnc3[nH]ncc23)cc(-c2nnco2)c1;1;1.371408547348861;-18.061813;34.757446;HighDiv_1653
AS-417;c1cc(CCCc2ccon2)co1;1;-0.6961336044151953;28.709337;-2.050871;Druglike_1250
AS-418;c1cc(CCc2nnco2)n[nH]1;1;-0.5398940656936477;8.041412;36.74079;HighDiv_1515
AS-419;c1cc(CCCc2cnc[nH]2)ncn1;1;0.3194567463636568;-32.860397;8.952136;Druglike_240
AS-420;c1cc(CCCc2nnco2)ncn1;1;0.0128607144028725;-33.018055;8.359124;Druglike_314
AS-421;c1cc(CCNCCc2ccc3c(c2)NCO3)no1;1;-0.0645486017218842;-6.70807;70.37896;Druglike_729
AS-422;c1cc(CCc2cc3cn[nH]c3s2)n[nH]1;1;0.3092705463750222;8.007899;37.062336;HighDiv_1450
AS-423;C(=CCc1cnoc1)Cc1ccoc1;1;1.110354463425788;17.644115;-0.7125772;HighDiv_286
AS-424;c1cc(CCc2ccc3c(c2)CNNC3)no1;1;-0.1506132100333039;16.008968;30.79162;Druglike_986
AS-425;c1cc(CCc2ccc3nc[nH]c3c2)n[nH]1;1;1.5242420383711897;8.843284;36.725796;HighDiv_1262
AS-426;c1cc(CCc2ccc[nH]2)cc(-c2c[nH]cn2)c1;1;2.5717444663692097;30.55062;-67.29889;HighDiv_1937
AS-427;c1cc(CCc2ccco2)cc(-c2c[nH]cn2)c1;1;2.4518869609197176;30.44037;-67.56366;HighDiv_1940
AS-428;C(=CCc1cnco1)Cc1cnn[nH]1;1;-0.2472941256921512;-49.016106;-6.8917637;HighDiv_928
AS-429;c1cc(CCc2cnoc2)cc(-c2c[nH]cn2)c1;1;2.2348382372107167;30.894587;-67.456474;HighDiv_1943
AS-430;C(=Cc1ccc2c(c1)[nH]c1cnccc12)CC1=CCNC1;1;0.9477478397086364;-14.414109;-12.631498;Druglike_1752
AS-431;O=c1cc[nH]n1CC=CCc1ccccn1;1;0.703049027155389;4.122982;-13.181552;HighDiv_1274
AS-432;O=c1ccc(CNCc2cnon2)co1;1;0.028552378689749;8.780621;2.5703623;Druglike_1888
AS-433;O=c1[nH][nH]cc1C=Cc1cncc(-c2cc[nH]n2)c1;1;0.8946947030797929;7.3277693;-54.232185;HighDiv_394
AS-434;C(=Cc1ccccc1)CCc1ccccc1;1;1.296444285898168;-30.131407;-23.259506;HighDiv_1231
AS-435;O=C1NCCN1c1cccc(C#CCCC2=CNC=NC2)c1;1;1.4308905181704143;11.701793;65.97832;HighDiv_269
AS-436;C(=Cc1ccccc1)CCCc1ncn[nH]1;1;0.2241853771335176;-5.602113;-55.08758;Druglike_228
AS-437;O=C1NCCN1c1cccc(C#CCCN2C=NCNC2)c1;1;1.8099177446233583;18.140232;72.45921;HighDiv_155
AS-438;O=C1NCCN1c1cccc(C#CCCc2ccccc2)c1;1;2.469524737323323;12.068233;65.48111;HighDiv_31
AS-439;O=C1NCCN1c1cccc(C=CC2=CNC=NC2)c1;1;0.4877519449494235;15.679638;59.37497;HighDiv_585
AS-440;O=C1NCCN1c1cccc(C=CC2=NCCOC2)c1;1;0.6990971907457686;16.149652;61.633064;HighDiv_561
AS-441;O=C1NCCN1c1cccc(C=Cc2cnsc2)c1;1;0.6129147640618011;15.472599;59.729683;HighDiv_495
AS-442;O=C1NCCN1c1cccc(C=Cc2cnsn2)c1;1;0.2950444976922987;15.315693;59.673424;HighDiv_744
AS-443;O=C1NCCN1c1cccc(CCC2=NOCN2)c1;1;0.025703479744253;19.054789;59.152077;HighDiv_1062
AS-444;O=C1NCCN1c1cccc(CCc2n[nH]c3cnccc23)c1;1;1.3288893858046418;18.489212;59.076572;HighDiv_335
AS-445;O=C1NCCN1c1cccc(CCn2cncn2)c1;1;1.0981454990792776;21.479486;58.573257;HighDiv_256
AS-446;O=C1NCCN1c1cccc(CCn2nc[nH]c2=O)c1;1;0.1129121916511993;20.95177;58.81888;HighDiv_1106
AS-447;O=C1NCCN1c1cccc(CSCc2cnon2)c1;1;0.154818135266251;21.897154;61.07346;HighDiv_669
AS-448;C(=Cc1ccccc1)CCCc1cocn1;1;-0.3922331669176159;13.579788;-34.1845;Druglike_1337
AS-449;O=C1NCc2cccc(Cc3ccccc3)c21;1;-1.3295206377653224;0.68102777;6.250477;Druglike_1342
AS-450;O=C1NS(=O)(=O)c2ccc(Cc3ccoc(=O)c3)cc21;1;-0.0665451029923975;-3.8285794;-5.4447103;HighDiv_1473
AS-451;O=C1OCC(C=Cc2ccccc2)=C1c1nn[nH]n1;1;0.43694016935857;-15.194885;-1.6757132;Druglike_1467
AS-452;O=C1OCC1C=Cc1ccccc1;1;-0.6173651310155118;26.271803;-23.252378;HighDiv_1139
AS-453;O=C1OCC1NNCc1cccnc1;1;-0.7671758355443494;-57.91094;2.871425;HighDiv_2249
AS-454;O=C1OCC=C1c1cn[nH]n1;1;-0.8974551777275768;-47.8272;-33.513454;Druglike_1315
AS-455;O=C1OCCN1CC=Cc1ccccc1;1;-0.4052029736539247;18.541517;-28.914814;HighDiv_2260
AS-456;O=C1OCc2cc([SH+]c3ccccc3)ccc21;1;1.6250018318345858;-67.29531;-18.28984;HighDiv_1610
AS-457;O=c1[nH][nH]cc1-c1ccccc1;1;-0.6730074037783325;-14.97258;27.098896;Druglike_858
AS-458;O=c1[nH][nH]cc1-c1nnc[nH]1;1;-0.0882468541565112;-26.830597;-4.015799;Druglike_406
AS-459;O=C1NCCN1CCCCOc1ccccn1;1;-0.0588096376994888;14.823381;54.27244;HighDiv_662
AS-460;O=C1NCCC1C(=O)c1ccccc1;1;-0.5319080606115996;40.03119;13.887993;HighDiv_1023
AS-461;C(=Cc1ccccc1)CCc1ccncc1;1;0.3922357159518042;-22.725185;-15.788375;HighDiv_1764
AS-462;O=C1CSc2cc(C=C3N=CNC3=O)ccc2N1;1;-0.0552091193865735;-4.2077317;-1.5869348;HighDiv_1914
AS-463;O=C1CN=CN1CC=Cc1ccc(-c2cccnc2)cc1;1;1.8905443178553023;-32.12507;26.942429;HighDiv_1213
AS-464;O=C1CN=CN1c1ccc(C=Cc2cnon2)cc1;1;0.628559582195612;-35.180344;-11.240993;Druglike_1416
AS-465;C(=Cc1ccccc1)Cc1c[nH]c2c1N=CNC2;1;0.8625767952036065;25.763613;-14.547783;Druglike_1451
AS-466;C(=Cc1ccccc1)COC1CCOC1;1;0.7029517918485411;19.667702;-13.878759;Druglike_1425
AS-467;O=C1CNc2c(cccc2Nc2ccccc2)N1;1;1.3269546337312348;21.836481;36.26945;HighDiv_1349
AS-468;C(=Cc1ccccc1)CNCc1ncno1;1;0.4029378985627593;20.458666;-31.730154;HighDiv_2054
AS-469;O=C1COC(=O)N1C(=O)c1ccc[nH]1;1;-0.1652374229657979;-3.1511946;27.20577;HighDiv_2291
AS-470;O=C1COC=C1C=CCc1ccccc1;1;-0.3555558847243019;-3.9152493;3.791875;Druglike_1225
AS-471;O=C1COC=C1c1ccccc1;1;0.5117660293710125;37.221577;-6.3431478;HighDiv_390
AS-472;C(=Cc1ccccc1)CNCc1cn[nH]n1;1;0.1571006624356455;21.971523;-32.26831;Druglike_442
AS-473;O=C1COc2ccc(COC(=O)c3cnco3)cc2N1;1;0.3749719777315501;-9.100545;-34.231525;Druglike_722
AS-474;C(=Cc1ccccc1)CNCCC1=COC=CC1;1;0.9063316156285406;23.413227;-33.931965;Druglike_183
AS-475;O=C1NCC=C1C#CCc1cnon1;1;-0.0483878009657536;-16.444674;8.66888;Druglike_1502
AS-476;O=C1N=CSC1NCNc1cccnc1;1;-1.0245790120007243;-55.855392;1.4972721;HighDiv_2239
AS-477;C(=Cc1ccccc1)CNCC1CCOC1;1;-0.0624399621004846;26.9711;-14.382589;Druglike_1525
AS-478;O=C1NC(=O)c2cc(COc3ccccc3)ccc21;1;0.5935423862201448;-5.2849936;-3.0884545;Druglike_1913
AS-479;O=C1NC(=O)c2cc(COc3ccccn3)ccc21;1;0.5019836736538086;-5.043771;-3.4940841;Druglike_2068
AS-480;C(=Cc1ccccc1)CNCC1CCCNC1;1;0.3447682388630663;27.040852;-14.494786;Druglike_1462
AS-481;C(=Cc1ccccc1)CNC1CC=CC1;1;0.1285570097850106;26.666796;-13.950697;Druglike_1494
AS-482;C(=Cc1ccccc1)CCc1cnon1;1;-0.1302911992098157;-28.834259;-28.381613;Druglike_419
AS-483;C(=Cc1ccccc1)CCc1cnccn1;1;-0.3262868757936115;-28.852411;-28.427908;Druglike_739
AS-484;O=C1NCC(CCc2ccccc2)N1;1;-0.0435573037937851;5.511464;-16.723093;HighDiv_745
AS-485;O=C1NCC=C(C=CCC=Cc2ccccc2)N1;1;0.2478126573486592;-10.380971;-50.190166;HighDiv_1528
AS-486;C(=Cc1ccccc1)CCc1cncc(N2C=NOC2)c1;1;1.70876900993257;14.454158;39.42394;Druglike_55
AS-487;O=c1[nH][nH]cc1C=Cc1cncc(-c2c[nH]cn2)c1;1;1.3377277885616738;7.338474;-54.250282;HighDiv_165
AS-488;C(=Cc1ccccc1)CCC1=CCCOC1;1;-0.0753331165956479;-28.778528;-27.998117;Druglike_494
AS-489;O=c1ccc(C=Cc2ccc3c(=O)cc[nH]c3c2)c[nH]1;1;1.1126277675728034;-11.619471;-43.460762;Druglike_1583
AS-490;O=c1[nH]c(CC#Cc2ccccc2)no1;1;-0.1007716504899848;-9.950205;40.710785;HighDiv_1178
AS-491;O=c1cc(-c2ccccc2)[nH][nH]1;1;-0.7927321878112357;-12.344081;0.97517836;Druglike_979
AS-492;O=c1cc(-c2cccnc2)cc[nH]1;1;-0.9651325272889149;-53.154007;3.8895485;HighDiv_1563
AS-493;O=c1cc(-c2ncn[nH]2)cco1;1;-0.5656654716399336;0.05718486;-0.19613874;HighDiv_1390
AS-494;O=c1cc(C2=CNNC2)cco1;1;-0.9536844053322018;0.7932478;-0.7884079;HighDiv_1575
AS-495;O=c1cc(C=Cc2ccccc2)nc[nH]1;1;0.35178402789758;-6.9000425;-0.6682324;HighDiv_2048
AS-496;O=c1cc(C=Cc2nnc[nH]2)c1=O;1;-0.3750609839825481;-63.10508;-2.5530689;HighDiv_1154
AS-497;O=c1cc(CC#Cc2nnc[nH]2)c1=O;1;-0.6871362171542087;-9.9985;22.924786;Druglike_1655
AS-498;O=c1cc(CCCCc2cnon2)[nH]cn1;1;-0.7342765022126609;-8.435282;-31.405283;Druglike_2051
AS-499;O=c1cc(CCc2ccno2)[nH]cn1;1;0.1813092174709305;0.10654341;-2.6537714;Druglike_1883
AS-500;O=c1cc(CNc2ccccc2)nc[nH]1;1;-0.0214424853358602;-6.7773085;0.025015527;HighDiv_2113
AS-501;O=c1cc(Cc2ccccc2)c1=O;1;-0.6366665366376828;-2.057574;4.1293635;Druglike_2054
AS-502;O=c1cc[nH]c(-c2ccc(CC3=NCCN3)cc2)c1;1;0.7657482550841284;-9.477065;-40.56328;Druglike_1796
AS-503;O=c1cc[nH]c(-c2ccc(CCc3ccoc3)cc2)c1;1;1.2670127494628074;-10.03258;-40.007526;Druglike_1776
AS-504;O=c1cc[nH]c(-c2ccc(CCc3ncc[nH]3)cc2)c1;1;0.7183276241484555;-9.7757015;-39.10968;Druglike_1945
AS-505;C(=Cc1cccc2nn[nH]c12)COc1ccccc1;1;1.0513529891168134;16.341492;-17.440552;HighDiv_1340
AS-506;C(=Cc1cccc2ncoc12)Cc1cocn1;1;-0.396568264532967;-30.688807;-16.88594;Druglike_1356
AS-507;O=c1cc[nH]c(-c2ccccc2)n1;1;-0.3357590795455125;3.1107833;-19.171053;HighDiv_1404
AS-508;C(=Cc1cccc2ncoc12)Cc1cnon1;1;-0.2190159158746965;-30.690102;-16.882553;Druglike_1299
AS-509;C(=Cc1cccc2ccccc12)NCc1ncn[nH]1;1;0.2178800413350184;8.07346;-14.12812;Druglike_1283
AS-510;O=c1cc[nH]c2cc(C=Cc3ccc4nc[nH]c4n3)ccc12;1;1.1673558934635329;-11.989538;-44.22121;Druglike_1576
AS-511;O=c1cc[nH]c2cc(Nc3cccc4ncoc34)ccc12;1;1.6684670833599209;-12.084702;-43.020542;Druglike_1497
AS-512;c1ccc(-c2ccncc2)cc1;1;2.182100932568836;7.8685064;13.974002;HighDiv_1197
AS-513;C(=Cc1cccc(-c2ncn[nH]2)n1)c1ccccc1;1;2.4355224665275106;2.3036184;-78.17765;HighDiv_23
AS-514;O=c1ccc(-c2cnc(CCc3ccccc3)o2)n[nH]1;1;1.1190097556124483;-47.41711;-40.82678;Druglike_1156
AS-515;C(=Cc1cccc(-c2cc[nH]n2)c1)c1ccccc1;1;0.6949977298755172;21.58684;-27.384853;HighDiv_1172
AS-516;O=c1[nH]ncn1CCC1CCCN1;1;-0.8411492978818063;-3.5951147;28.900547;Druglike_766
AS-517;C(=Cc1ccccc1)C1=CC(c2nnn[nH]2)C1;1;0.1024286057203592;-10.0694;0.17045344;HighDiv_1370
AS-518;C(=Cc1ccccc1)C1=NOCC1;1;-0.5505046930194175;4.514165;3.619554;Druglike_1672
AS-519;C(=Cc1ccccc1)CC=Cc1cc[nH]n1;1;-0.4644045985982572;-11.995714;-16.596157;HighDiv_1753
AS-520;O=c1[nH]c(CC=CCc2cnco2)cs1;1;0.2519887704600565;-49.29303;-7.0056024;HighDiv_541
AS-521;C(=Cc1ccccc1)CC=Cc1cn[nH]c1;1;-0.6693415932675941;-11.985844;-16.566961;HighDiv_1757
AS-522;O=c1[nH]c(CCc2cc[nH]n2)cs1;1;-0.2077005153345738;8.367332;36.96333;HighDiv_1520
AS-523;O=c1[nH]c(COCc2ccc(-c3c[nH]cn3)cc2)no1;1;0.0303955754779697;3.534976;-20.697222;HighDiv_1375
AS-524;O=c1[nH]c2ccc([SH+]c3ccccc3)cc2[nH]c1=O;1;0.9355033892523829;-68.28901;-15.790673;HighDiv_1673
AS-525;O=c1[nH]cc(C#CCCC2CN2)c2cc[nH]c12;1;-0.055627866702044;39.20407;29.032225;Druglike_2043
AS-526;O=c1[nH]cc(C=Cc2ccncn2)c2cc[nH]c12;1;0.4828298924922687;38.58029;27.500702;Druglike_1900
AS-527;O=c1[nH]cc(CC#Cc2cc3ccccc3o2)[nH]1;1;1.6183487209400993;-6.8457904;9.031094;Druglike_1407
AS-528;O=c1[nH]cc(CCC2=CNC=CC2)c2cc[nH]c12;1;0.7120315113723346;37.85773;29.047718;Druglike_1891
AS-529;O=c1[nH]cc(CCC2COC=CO2)c2cc[nH]c12;1;0.2699480588722867;37.87238;29.085117;Druglike_2056
AS-530;O=c1[nH]cc(Cc2ccccc2)[nH]1;1;0.3881099919941899;-4.833839;11.217045;Druglike_1526
AS-531;O=c1[nH]cnc2cc(CCc3ccccc3)ncc12;1;0.7062102150871316;8.833704;0.1542644;Druglike_382
AS-532;O=c1[nH]nc(Cc2ccccc2)[nH]1;1;1.0687849348634009;-4.8246245;11.230922;Druglike_1426
AS-533;C(=Cc1ccccc1)CC1=CNCC=N1;1;0.256267798899962;25.850163;-14.446349;Druglike_1468
AS-534;O=c1[nH]nc(-c2ccccc2)o1;1;-0.4202104477921482;-17.241468;-1.4671649;Druglike_487
AS-535;C(=Cc1ccccc1)CC1=CCOC1;1;-0.3808056280266051;-9.332977;-50.078804;Druglike_1625
AS-536;O=c1[nH]nc(C2=CC=CC2)o1;1;-0.0977900301278976;-39.595398;-10.348377;Druglike_592
AS-537;O=c1[nH]nc(C=CCN2CCNC2=S)c(=O)[nH]1;1;-0.8833263643517001;13.689901;51.535725;HighDiv_1502
AS-538;O=c1[nH]nc(C=Cc2cnon2)[nH]1;1;-0.7896739152080032;-34.834618;-11.678443;Druglike_1554
AS-539;C(=Cc1ccccc1)CC1=CCNN1;1;-0.0471521420850389;-23.72427;-29.395565;Druglike_1498
AS-540;O=c1[nH]nc(CC=Cc2ccccc2)[nH]1;1;0.2136925681802984;14.84568;-43.10075;Druglike_1857
AS-541;C(=Cc1ccccc1)CC1=CCNC1;1;-0.1877355026294522;-10.392339;-50.185387;Druglike_1588
AS-542;O=c1[nH]nc(CCc2cc[nH]n2)o1;1;-0.2882916024567756;8.063009;36.875423;HighDiv_1507
AS-543;O=c1[nH]nc(Cc2ccc[nH]2)o1;1;0.0184726370303419;-18.886206;0.6463943;Druglike_1854
AS-544;C(=CC1CNCN1)CCc1cccc(Nc2ccccc2)c1;1;0.7249040828017965;18.763159;-6.8116617;Druglike_431
AS-545;C(=CC1CCN=CN1)c1ccccc1;1;-0.7328520527399129;-31.476225;-28.362278;Druglike_780
AS-546;c1ccc(-c2ccncc2)nc1;1;-0.0739029871012371;-4.089523;7.461653;Druglike_888
AS-547;c1ccc(OCCc2ncc[nH]2)nc1;1;-0.2173054405030648;-18.227827;-1.8024007;Druglike_1948
AS-548;C(#Cc1ccccn1)Cc1nncs1;1;-0.4324343151826996;44.087936;32.36823;HighDiv_2251
AS-549;c1ccc2c(c1)NC(NCc1cc[nH]n1)N2;1;-0.4818365443448446;7.83446;-2.1488342;HighDiv_2321
AS-550;C(#Cc1ccccn1)Cc1cn[nH]n1;1;-0.4603292637944248;44.08856;32.369137;HighDiv_2323
AS-551;c1ccc2c(c1)ccn2Cc1c[nH]cn1;1;-0.823195689491238;-11.188409;7.621074;Druglike_1014
AS-552;C(#Cc1ccccc1)Cc1nnn[nH]1;1;-0.6165482194502698;29.809343;5.9918447;HighDiv_1063
AS-553;c1ccc2ncccc2c1;1;0.7367446889866172;39.48205;-1.152395;HighDiv_2012
AS-554;C(#Cc1ccccc1)Cc1nnco1;1;-0.200195006765102;-9.534268;39.16695;HighDiv_653
AS-555;c1ccc2ocnc2c1;1;-0.6127851736326841;16.347494;5.1865945;HighDiv_2194
AS-556;C(#Cc1ccccc1)Cc1cnn[nH]1;1;-0.2481522033887967;-9.615665;39.153625;HighDiv_738
AS-557;C(#Cc1ccccc1)Cc1ccccn1;1;0.5471366804641278;-8.935815;35.218113;Druglike_218
AS-558;c1ccn(C2COC2)c1;1;-1.19393598191921;-41.19925;15.040576;Druglike_1656
AS-559;c1ccn(CCCN2CCCC2)c1;1;0.4532485945753316;-41.35839;15.612414;Druglike_1411
AS-560;c1ccn(CCCOc2ccn[nH]2)c1;1;-0.3917228643169577;-18.919746;-20.092499;Druglike_1553
AS-561;c1ccn(CCCc2ncno2)c1;1;-0.646557487705057;-18.848545;-20.277897;Druglike_1584
AS-562;C(#Cc1ccccc1)Cc1ccccc1;1;0.5346267871746961;4.0761337;27.46021;Druglike_1199
AS-563;C(#Cc1ccccc1)CCn1cnnc1;1;-0.4728803232152609;0.83719575;29.232222;HighDiv_1900
AS-564;c1ccn2cnnc2c1;1;-0.4541772324782173;-6.231431;-13.600918;HighDiv_2063
AS-565;C(#Cc1ccccc1)CCn1ccnn1;1;0.0825402452563845;33.98258;-2.8148959;Druglike_1549
AS-566;C(#Cc1ccccc1)CCc1ccc[nH]1;1;-0.0558372403597808;10.238269;-14.667361;HighDiv_1879
AS-567;c1ccsc1;1;-0.9667571273970186;-3.9017396;2.9221299;HighDiv_531
AS-568;c1cn(CCc2ccc3sncc3c2)cn1;1;1.252229552026359;10.702107;25.285872;HighDiv_1619
AS-569;c1cn(CCc2nnco2)cn1;1;-0.5752852998524661;10.709088;25.283209;HighDiv_1800
AS-570;C(#Cc1ccccc1)CCNCc1cnon1;1;-0.3321642412542587;-2.2181456;43.121105;Druglike_1251
AS-571;C(#Cc1ccccc1)CCCn1cccn1;1;-0.1946746394228203;4.136914;27.783516;Druglike_1317
AS-572;c1cnc(CNC2CCCCC2)cn1;1;-0.1411878524344657;-28.664465;41.362946;Druglike_400
AS-573;c1ccc2c(c1)CNN2;1;-0.6032363176396351;-0.507305;8.39323;Druglike_1338
AS-574;C(#Cc1cccnc1)CC1=CC=CC1;1;0.2408472574679273;-17.385773;41.129776;HighDiv_1371
AS-575;c1ccc2c(COc3cccc4nc[nH]c34)cccc2c1;1;0.7985205470208872;-9.236043;1.8118883;Druglike_1321
AS-576;C(#Cc1ccn[nH]1)Cc1cnccn1;1;-0.4623108620208965;-25.756104;9.212399;Druglike_594
AS-577;c1ccc(OCc2ccc3c(c2)SNC3)cc1;1;0.6595596495636356;0.5619561;6.5143757;HighDiv_387
AS-578;c1ccc(OCc2ccc3nc[nH]c3c2)cc1;1;1.3291754117035233;15.059914;6.4092703;HighDiv_2030
AS-579;c1ccc(OCc2cnc[nH]2)cc1;1;-0.6759947041620807;19.294594;-39.841667;Druglike_678
AS-580;C(#Cc1ccnc2[nH]ccc12)CNCCC1=CNC=NC1;1;0.0311770009334706;-20.1023;18.162642;Druglike_547
AS-581;c1ccc(Oc2ccn[nH]2)cc1;1;-0.6318005533559731;7.3744607;13.519857;HighDiv_1472
AS-582;c1ccc([SH+]c2ccc(-c3ncon3)cc2)cc1;1;-0.1975292183899791;-69.52761;-18.630743;HighDiv_1801
AS-583;C(#Cc1ccnc(C2=COCC=C2)c1)c1ccccc1;1;1.9850044555418624;-11.278427;-1.3993913;Druglike_176
AS-584;C(#Cc1ccn[nH]1)c1cccnc1;1;-0.3603807018746084;-13.148743;-0.7748312;Druglike_1695
AS-585;c1ccc([SH+]c2ccc3c(c2)NCCCN3)cc1;1;0.4188687425954531;-67.24017;-16.439959;HighDiv_1641
AS-586;c1ccc([SH+]c2ccc3c(c2)NNC3)cc1;1;0.7404573456504201;-67.58566;-19.920145;HighDiv_1716
AS-587;c1ccc([SH+]c2ccc3ncccc3c2)cc1;1;1.8248017203673723;-69.226875;-16.556581;HighDiv_1596
AS-588;c1ccc([SH+]c2cccc(-c3ccccn3)c2)cc1;1;2.325555912145392;-69.196236;-19.784334;HighDiv_1605
AS-589;C(#Cc1cccnc1)CC1=CNC=NC1;1;0.0117222908290071;-17.471281;41.09346;HighDiv_1391
AS-590;c1ccc([SH+]c2cccc(-c3cnsn3)c2)cc1;1;1.264556334745419;-69.09638;-19.919777;HighDiv_1646
AS-591;C(#Cc1cccnc1)Cc1nncs1;1;-0.2177447708842398;-13.046191;39.888256;HighDiv_1401
AS-592;c1ccc([SH+]c2cccc(-c3nnco3)c2)cc1;1;1.7962431646726955;-70.40978;-18.960669;HighDiv_1616
AS-593;c1ccc([SH+]c2cccc(-n3cnnn3)c2)cc1;1;1.376560556529454;-68.28787;-19.200157;HighDiv_1639
AS-594;c1ccc([SH+]c2cccc(C3=NOCN3)c2)cc1;1;1.0743613713811258;-70.50215;-19.441786;HighDiv_1702
AS-595;C(#Cc1cccnc1)Cc1cscn1;1;-0.7668337404700223;-0.43144524;26.182917;HighDiv_1019
AS-596;C(#Cc1cccnc1)Cc1cnsc1;1;0.0577390553576332;-17.396627;41.23637;HighDiv_1338
AS-597;c1ccc2[nH]c(CCc3cc[nH]n3)cc2c1;1;1.532891650536187;8.643533;36.853394;HighDiv_1235
AS-598;c1ccc2[nH]c(SCc3csnn3)nc2c1;1;-0.7162874077123503;-7.345366;3.3096046;HighDiv_1894
AS-599;C(#Cc1cccnc1)CN1CNc2cccnc21;1;0.4935320751032238;-17.990368;41.2036;HighDiv_1327
AS-600;C(#Cc1cccnc1)CC1=NN=CCN1;1;-0.0840033118263477;-13.058315;39.88792;HighDiv_1438
AS-601;c1cnc(CNCCCCc2ccn[nH]2)cn1;1;-0.301588601223369;-20.020445;-8.103422;Druglike_427
AS-602;c1cnc(Nc2cccc(-c3c[nH]cn3)c2)nc1;1;1.140015956584587;34.11569;-59.147583;HighDiv_1982
AS-603;C(#Cc1ccccc1)CCCC=C1NCCN1;1;1.400365267293307;50.065495;-9.200642;HighDiv_120
AS-604;C(#CCC1=CCCCC1)COc1ccccc1;1;1.2056819018313716;-6.5938606;-16.961018;HighDiv_1642
AS-605;c1coc(C2=NOCN2)n1;1;-0.8109718221006862;-25.565641;-0.66343325;Druglike_632
AS-606;c1coc(Cc2cc3ccccc3[nH]2)c1;1;-0.3080884076355639;4.004131;-1.4298599;HighDiv_1828
AS-607;c1coc(Cc2cncnc2)c1;1;-0.656386689575326;-26.393032;3.3232777;Druglike_1330
AS-608;C(#CCc1ccncn1)CCC1C=COCC1;1;1.252326787333206;-35.309658;7.6882906;Druglike_82
AS-609;C(#CCc1ccc[nH]1)Cc1ccncn1;1;0.1111605501481653;-16.524382;17.16293;Druglike_699
AS-610;c1n[nH]c(-c2cnc[nH]2)n1;1;-0.5121112554328114;-16.902277;-11.611511;Druglike_1664
AS-611;c1nc2c([nH]1)CNC2;1;-1.266178385819335;-4.3358445;5.0444126;HighDiv_1065
AS-612;C(#CCN1CCCC1)Cc1ccccc1;1;0.3598466852207761;0.3166001;4.7575355;HighDiv_1296
AS-613;C(#CCN1C=CSC1)Cc1ccccc1;1;-0.2314903230543861;6.9430904;20.564627;HighDiv_1504
AS-614;c1ncc(CCCCc2ccoc2)[nH]1;1;-0.2562503468217339;29.836054;-2.3785717;Druglike_1274
AS-615;c1ncc(Cc2cnon2)[nH]1;1;-1.0421287761198617;-46.526367;17.572182;Druglike_1032
AS-616;c1ncc2nc[nH]c2n1;1;-0.7950147149806308;-8.533153;9.186189;HighDiv_1529
AS-617;c1coc(-c2ccno2)c1;1;-0.4202104477921482;-45.866898;11.676773;Druglike_1515
AS-618;c1nn[nH]n1;1;-1.5181995963716808;13.608023;5.0358596;HighDiv_1867
AS-619;c1nnc(-c2cnco2)[nH]1;1;-0.8923386546567271;-6.7206173;-28.67665;Druglike_1700
AS-620;C(#CC1CN=CNC1)CCc1ccccc1;1;1.7825330986122905;62.048176;26.841547;HighDiv_119
AS-621;c1nnc(-c2cnns2)o1;1;-1.3629153706536274;-16.083307;-33.08014;HighDiv_2209
AS-622;C(#CC1CCON1)c1ccccc1;1;-0.5477679324248088;3.5868664;18.760794;Druglike_1277
AS-623;c1nnc(-c2nn[nH]n2)[nH]1;1;-0.1584721737204223;-25.384727;-4.296619;Druglike_460
AS-624;c1nnc(Cc2ccc3ocnc3c2)[nH]1;1;0.027699981014765;-8.906921;-0.98207444;Druglike_1301
AS-625;c1nnc(Cc2cocn2)[nH]1;1;-0.5021904982773567;-20.892252;5.989844;HighDiv_664
AS-626;c1nnc(NCCc2csnn2)s1;1;-0.8141124269667265;-6.338818;3.0078192;HighDiv_2110
AS-627;c1nnc(Nc2ccc(-c3cn[nH]c3)cc2)s1;1;0.0871202026392135;-19.508615;-4.231777;HighDiv_641
AS-628;C(#CC1CCCCC1)c1ccno1;1;0.0192952286172454;-43.611744;10.396309;Druglike_1657
AS-629;c1coc(-c2nnc[nH]2)c1;1;-0.0822516703233137;-26.363302;-4.586948;Druglike_828
AS-630;c1coc(-c2ccc(CCC3=NCON3)cc2)c1;1;-0.3433618234218322;-0.0023018152;18.9027;HighDiv_1082
AS-631;C(#Cc1ccccc1)CCC1=COC=CC1;1;0.0850733122149175;0.83062255;29.654486;HighDiv_1918
AS-632;C(#Cc1cc[nH]c1)c1cccnc1;1;-0.7828824028752661;-32.321884;17.604872;Druglike_905
AS-633;C(#Cc1ccccc1)CC1=NOCN1;1;-0.6133927115401896;30.076075;6.0618744;HighDiv_973
AS-634;c1cnc2ccc(CCCc3ccncn3)cc2c1;1;1.977237047139928;-33.60532;9.144522;Druglike_37
AS-635;c1cnc2ncoc2c1;1;-0.67114362392441;-26.459501;7.9890213;HighDiv_2276
AS-636;C(#Cc1ccc[nH]1)CC1=CCC=C1;1;0.3148263998270459;1.6147252;-2.1635175;Druglike_984
AS-637;c1cncc(-c2cccc(CCC3=NCON3)c2)c1;1;0.1845974467976005;-0.015420963;18.909195;HighDiv_668
AS-638;C(#Cc1ccc2c(c1)NCO2)CCCc1cnccn1;1;0.0459190322385139;-4.843577;76.24027;Druglike_1027
AS-639;c1cncc(-c2cccs2)c1;1;-1.3090396424378818;-56.448032;3.4851403;HighDiv_2326
AS-640;c1cncc(-c2ccncn2)c1;1;-0.0644158803052943;-20.998167;15.190017;Druglike_681
AS-641;c1cncc(-c2ccon2)c1;1;-0.3453994908237478;-56.69878;4.110101;HighDiv_2171
AS-642;c1cncc(-c2ccsc2)c1;1;-0.9314780315890896;-56.46769;3.4985414;HighDiv_2161
AS-643;c1cncc(-c2cn[nH]c2)c1;1;-1.186256585801745;-38.51756;32.201633;HighDiv_1421
AS-644;C(#Cc1cc[nH]c1)Cc1nnco1;1;-0.7207048375905081;-15.438778;6.172016;Druglike_1216
AS-645;C(#CCc1n[nH]c2ccccc12)Cc1ccncn1;1;0.2436663503253427;-16.590868;17.475409;Druglike_820
AS-646;c1cncc(-c2nccs2)c1;1;-1.2255790733044816;-53.239895;3.8708892;HighDiv_1510
AS-647;c1cncc(-c2ncno2)c1;1;-1.1051495160572238;27.397617;22.472427;HighDiv_1064
AS-648;c1cncc(-c2nnc(CCc3ccc4c(c3)CCC4)s2)c1;1;1.8624045094760984;-36.883812;32.3077;HighDiv_1240
AS-649;C(#Cc1cc[nH]c1)Cc1cccnc1;1;0.2883147345566652;-14.084155;8.328385;Druglike_1573
AS-650;C(#Cc1cc[nH]c1)Cc1ccccc1;1;0.021235660712313;-14.064732;8.348202;Druglike_1697
AS-651;C(#Cc1cc[nH]c1)Cc1c[nH]nn1;1;-0.2058218324366111;-14.058964;8.2415905;Druglike_1528
AS-652;c1cncc(CCCc2nnco2)c1;1;-0.887926904800231;-18.770735;-30.087246;Druglike_1357
AS-653;c1cncc(CNc2cccnc2)c1;1;-0.1068378065426667;15.950036;-14.306257;Druglike_1023
AS-654;C(#CCn1cccc1)Cc1cnn[nH]1;1;0.0887895118794394;3.5008724;2.03885;Druglike_1149
AS-655;C(#CCc1nnco1)CCc1ccccc1;1;1.9348655100563388;60.17274;25.026787;HighDiv_24
AS-656;C(#CCc1ncc2nc[nH]c2n1)CCc1cccc2ncoc12;1;1.3539915046463145;-10.169729;9.159391;Druglike_1146
AS-657;C(#Cc1ccno1)CCc1ccccc1;1;0.5610412171382277;-38.69646;12.570174;Druglike_1836
AS-658;c1ccc(OCCOc2ccccc2)cc1;1;1.109552454904587;40.26303;-8.927026;HighDiv_160
AS-659;C(=CC1CN=CN1)COc1ccccc1;1;1.204859310244468;39.412197;-13.427336;HighDiv_101
AS-660;c1ccc(OCC2NCCCO2)cc1;1;-0.346844523362197;19.988663;-39.523376;Druglike_629
AS-661;C(=CC1=NOCN1)CCc1nnc[nH]1;1;-0.5814841773217378;-25.638659;-0.46464223;Druglike_1942
AS-662;C(=CC1=NCNC=C1)Cc1cccc2nc[nH]c12;1;0.0709033327076372;-12.132186;11.5321665;HighDiv_2207
AS-663;C(=CC1=NC=CCN1)CNCc1cn[nH]n1;1;-0.161878221419642;-20.737274;-27.4741;Druglike_340
AS-664;C(=CC1=COCCO1)COc1ccccc1;1;1.0038443458966706;-2.495391;8.090876;Druglike_1424
AS-665;c1ccc(-n2cnnn2)cc1;1;-0.3624595354079279;-17.914307;21.200386;Druglike_421
AS-666;c1ccc(C2=NCON2)cc1;1;0.0904794041853676;7.875821;14.048018;HighDiv_1250
AS-667;c1ccc(C2=NNCO2)cc1;1;-0.7098025043441971;-7.4996753;-4.309444;Druglike_2059
AS-668;c1ccc(CC2CN2)cc1;1;-0.0788569826674163;40.113773;-5.184707;HighDiv_386
AS-669;c1ccc(CCC2=NCON2)cc1;1;-0.5113709961087152;0.0077498206;18.896965;HighDiv_970
AS-670;c1ccc(CCC2=NOCN2)cc1;1;-0.2032887654780781;33.90559;-32.519917;HighDiv_2282
AS-671;c1ccc(CCC2CCNCN2)cc1;1;-0.6214347857976826;13.870282;8.450886;HighDiv_2300
AS-672;c1ccc(CCCCCc2nnco2)cc1;1;0.4447373838485858;22.906797;-9.141155;Druglike_1474
AS-673;c1ccc(CCCCSCn2cnnc2)cc1;1;-0.5654149318507936;9.708632;-7.961565;HighDiv_2229
AS-674;c1ccc(CCCCc2ccccn2)cc1;1;-0.1135732496999604;-1.2068905;-12.795183;HighDiv_869
AS-675;c1ccc(CCCCc2ccon2)cc1;1;-0.3571691247890844;-7.2496214;27.992537;Druglike_758
AS-676;c1ccc(CCCCc2cnccn2)cc1;1;0.6971510786290394;43.555347;-2.1568286;HighDiv_233
AS-677;c1ccc(CCCCc2ncc(-c3cc[nH]c3)[nH]2)cc1;1;0.7176583370438433;-5.08333;-31.624083;Druglike_1486
AS-678;c1ccc(CCCCc2ncno2)cc1;1;0.8569797756201794;43.546272;-2.1587458;HighDiv_156
AS-679;c1ccc(CCCc2ccncn2)cc1;1;1.0704542441036269;-33.260674;8.334883;Druglike_64
AS-680;c1ccc(CCCc2ccno2)cc1;1;-0.8580354549179929;37.574543;6.0709805;HighDiv_2232
AS-681;C(=CC1=COCCO1)CCc1cccc(-c2cn[nH]n2)c1;1;0.9292839287174096;-21.29788;27.65304;Druglike_170
AS-682;c1ccc(CCCc2cnon2)nc1;1;-0.6081434670527497;-31.457712;18.99526;Druglike_836
AS-683;C(=CC1=CNCS1)CCc1cnco1;1;-0.6168136622834501;-44.262093;-7.3232756;HighDiv_1136
AS-684;C(=CC1=CCCO1)Cc1ccncn1;1;0.6097741591957608;-28.78759;2.9724634;Druglike_163
AS-685;c1ccc(CCNCCc2ccccn2)cc1;1;0.7526812130409711;41.31053;-1.5889881;HighDiv_362
AS-686;C(=CC1C=CC1)CCc1cnco1;1;-0.096421649830594;-44.706604;-7.303246;HighDiv_779
AS-687;c1ccc(-c2nnc[nH]2)nc1;1;0.5795611973049002;-26.36966;-4.5852118;Druglike_302
AS-688;C(=CC1C=CC1)Cc1ccncn1;1;0.4076711604278796;-33.054466;5.1269846;Druglike_199
AS-689;C(=CC1CCCN1)Cc1ccc2[nH]ncc2c1;1;0.1451834040096782;16.641598;-20.416014;HighDiv_1566
AS-690;C(=CC1CCNCC1)c1ccccc1;1;-0.246895961442381;33.898754;-4.3413906;Druglike_1545
AS-691;C(=CC1CCNC1)Cc1ccccn1;1;-0.5371927912087828;25.93384;-1.3856647;HighDiv_1165
AS-692;c1ccc(-c2ccon2)cc1;1;-0.3494840486499584;26.400803;33.042442;HighDiv_2318
AS-693;c1ccc(-c2ccon2)nc1;1;-0.6561773159175897;-30.276625;12.674704;HighDiv_1892
AS-694;C(=CC1CCNC1)CCNCCc1ccccc1;1;0.9122444671989308;60.14918;3.7864845;HighDiv_305
AS-695;O=C1CCC=C1CC=Cc1cccnc1;1;0.461331834964229;-58.66861;0.096632026;HighDiv_1999
AS-696;C(=CC1CCCS1)c1cccnc1;1;-0.8838217639083185;-61.47212;0.96916306;HighDiv_2224
AS-697;C(=CC1CCCO1)NCc1ccc2[nH]ccc2c1;1;-0.310692446813582;5.827299;-9.833281;HighDiv_1058
AS-698;C(=CC1CCCO1)Cc1ccccc1;1;0.022547971834172;21.814293;-9.159121;Druglike_1704
AS-699;C(=CC1CCCN1)c1cccnc1;1;-0.5262869149617533;-60.429966;1.0319595;HighDiv_2055
AS-700;c1ccc(-c2cnns2)cc1;1;0.2338463714774543;35.24576;19.446203;HighDiv_2061
AS-701;C(=CC1CCCCS1)c1ccccc1;1;-0.7404753796819341;11.40612;28.24005;HighDiv_1182
AS-702;C(=CC1C=CNC=C1)Cc1ccc2[nH]ncc2c1;1;1.1591193485923452;16.64443;-20.420536;HighDiv_1386
AS-703;c1ccc(-c2coc(CNCc3ccccn3)c2)cc1;1;1.2146232199169145;-12.875427;28.37589;Druglike_1778
AS-704;c1ccc(-c2coc(CNCc3ccncc3)c2)cc1;1;0.4946201095233076;-12.834592;28.27613;Druglike_1904
AS-705;C(=CC1CCCC1)c1ccccn1;1;0.4064823477002314;-36.779945;46.73935;HighDiv_1481
AS-706;C(=CC1CCCC1)Cc1ccc2[nH]ncc2c1;1;0.5074011256675819;16.641697;-20.415304;HighDiv_1480
AS-707;c1ccc(-c2csnn2)cc1;1;0.5233617757883561;9.696757;13.2971525;HighDiv_1237
AS-708;C(=CC1CCCC1)CCn1ccnc1;1;-0.0713550170986634;3.6786187;-7.4567103;Druglike_1311
AS-709;c1ccc(-c2ncc[nH]2)cc1;1;-0.0995005054995281;10.516636;-9.703913;Druglike_691
AS-710;c1ccc(-c2ncco2)nc1;1;-0.3672694495141938;-4.610827;1.4921261;Druglike_478
AS-711;c1ccc(-c2nccs2)cc1;1;-0.3132815829475592;9.540846;13.502511;HighDiv_1425
AS-712;C(=CC1CC=NO1)Cc1ccc2[nH]ncc2c1;1;0.2350728073357885;16.642015;-20.417208;HighDiv_1569
AS-713;C(=CC1C=NN=CN1)c1ccccc1;1;0.1086274831896323;18.399702;3.1583533;HighDiv_1735
AS-714;c1ccc(CCNCCn2cnnn2)cc1;1;0.6173470969839991;60.79557;4.5969214;HighDiv_584
AS-715;c1ccc(CCNCc2cn[nH]c2)cc1;1;2.018361565299481;18.011484;-12.039561;Druglike_1379
AS-716;c1ccc(CCNCc2cnoc2)cc1;1;0.8759596692337244;18.013144;-12.011113;Druglike_1414
AS-717;c1ccc(Cc2ncc[nH]2)nc1;1;-0.2151613147719236;-33.44184;17.39226;Druglike_355
AS-718;c1ccc(Cc2cc[nH]n2)cc1;1;-0.1841406643381984;18.824984;-11.393585;Druglike_1619
AS-719;C(#Cc1cnccn1)CCC1=CCNCN1;1;-0.0348104563219396;-28.57844;42.437695;Druglike_445
AS-720;C(#Cc1cncc(C2=CCC=CN2)c1)c1ccccc1;1;1.656977795271804;5.3150396;18.594131;Druglike_245
AS-721;c1ccc(Cc2ccco2)nc1;1;-0.0838145212343132;-34.182404;18.025982;Druglike_491
AS-722;c1ccc(Cc2ccn[nH]2)cc1;1;-0.2169427623630377;12.791553;-12.637084;HighDiv_1858
AS-723;c1ccc(Cc2ccno2)cc1;1;-0.23256345443043;-52.701008;15.907391;Druglike_238
AS-724;C(#Cc1cnc[nH]1)c1ccccc1;1;-0.3834096672046235;3.075726;19.042582;Druglike_929
AS-725;c1ccc(Cc2cnco2)cc1;1;-0.5645213680444061;-5.1335707;-14.317751;Druglike_748
AS-726;c1ccc(Cc2cnco2)nc1;1;-0.3289881502784764;-34.115643;17.903557;Druglike_636
AS-727;c1ccc(Cc2cocn2)cc1;1;-1.345931978310594;16.49231;-24.738783;Druglike_1328
AS-728;c1ccc(Cc2ncc(-c3cnc[nH]3)[nH]2)cc1;1;-0.6673599950411229;-7.4116397;6.9379616;HighDiv_1852
AS-729;c1ccc(Cc2ncco2)nc1;1;-0.2296677093318677;-34.107914;17.829466;Druglike_542
AS-730;c1ccc(COc2ccccn2)cc1;1;0.1309871614150351;23.374228;-7.3989673;HighDiv_2044
AS-731;c1ccc(Cc2nnc[nH]2)cc1;1;-0.5303657927663024;-15.09709;0.27308285;HighDiv_1179
AS-732;c1ccc(NC2=NCCO2)cc1;1;-0.7282160261816402;35.028675;5.574236;HighDiv_2123
AS-733;c1ccc(NCCc2cc[nH]c2)cc1;1;-0.6170996881823316;40.87757;9.585908;HighDiv_1071
AS-734;c1ccc(NCCc2nnco2)cc1;1;-0.6799877067031042;-15.222409;-15.076988;Druglike_717
AS-735;c1ccc(NCCn2cnc3ncncc32)cc1;1;0.4956052286148814;-16.94455;-8.692958;Druglike_1195
AS-736;c1ccc(NNCc2cscn2)cc1;1;-0.5069386631865173;9.3804455;-9.171486;HighDiv_2292
AS-737;C(#Cc1ccno1)Cc1ccccc1;1;0.2125747276721342;-43.61608;10.4273205;Druglike_1626
AS-738;C(#Cc1ccno1)CCc1cnon1;1;-0.4786043841936179;-38.735897;12.615657;Druglike_2044
AS-739;c1ccc(Nc2ccn[nH]2)cc1;1;-0.3869484363204339;18.052702;-9.3465805;Druglike_1963
AS-740;c1ccc(Nc2cncc(-n3cccn3)c2)cc1;1;0.2732157051332553;-25.988228;-14.666882;Druglike_646
AS-741;c1ccc(Nc2cncc(OC3CCOC3)c2)cc1;1;-0.2463856588417224;42.533894;8.403106;HighDiv_615
AS-742;c1ccc(Cc2cc[nH]c2)cc1;1;-0.0515284058317936;2.505751;-4.1417303;Druglike_1794
AS-743;C(#Cc1cnccn1)CCC1CCCN1;1;0.2041437121872504;-28.360373;42.110313;Druglike_293
AS-744;c1ccc(CCOCc2cccc3ncncc23)cc1;1;0.3826925399804181;-10.329806;30.014633;Druglike_726
AS-745;c1ccc(CCc2cnoc2)cc1;1;1.5442425371860518;55.69847;20.730183;HighDiv_148
AS-746;c1ccc(CCOCc2ccccc2)cc1;1;0.5204773907331159;-10.566883;30.244139;Druglike_282
AS-747;C(#Cc1nnc[nH]1)Cn1cnnn1;1;0.1255491263355606;-9.995553;22.872211;Druglike_1456
AS-748;c1ccc(CCc2ccc[nH]2)cc1;1;0.7480600895267399;65.38413;16.845236;HighDiv_354
AS-749;C(#Cc1nc2ccccc2[nH]1)Cc1cnon1;1;2.4601440888566075;-16.40702;8.692979;Druglike_1376
AS-750;C(#Cc1csnn1)c1ccccn1;1;-0.3753115237716863;5.714834;15.489996;HighDiv_889
AS-751;c1ccc(CCc2ccccn2)cc1;1;2.171307194672696;45.723938;-3.3740697;HighDiv_6
AS-752;c1ccc(CCc2cccnc2)nc1;1;0.2954838280734715;15.636523;-14.600312;Druglike_658
AS-753;c1ccc(CCc2ccco2)cc1;1;-0.7194634986881332;18.316126;-38.634914;Druglike_898
AS-754;c1ccc(CCc2ccncn2)cc1;1;1.5697371402558342;45.756958;-3.3647265;HighDiv_37
AS-755;c1ccc(CCc2ccnn3cnnc23)cc1;1;0.9487592218875744;23.841784;-5.342861;HighDiv_1696
AS-756;c1ccc(CCc2cncs2)cc1;1;-0.8330660574929105;34.551773;4.5292163;HighDiv_2286
AS-757;C(#Cc1cnns1)c1cccc(NC2C=CCCC2)c1;1;0.1562276816949592;-11.314385;41.83831;HighDiv_835
AS-758;c1ccc(COCc2ccccc2)cc1;1;-0.0555923805923019;33.659096;-32.41191;HighDiv_2203
AS-759;c1ccc(CCc2nc[nH]n2)cc1;1;1.3801646178430869;44.757298;-4.2230024;HighDiv_28
AS-760;c1ccc(CCc2ncnc3cn[nH]c23)cc1;1;0.935809998216968;23.831959;-5.3415127;HighDiv_1708
AS-761;c1ccc(CCc2ncncn2)cc1;1;-0.575816185518827;7.7854395;3.4843397;Druglike_1294
AS-762;c1ccc(CCc2nn[nH]n2)cc1;1;1.6998837610224726;61.580734;20.314867;HighDiv_36
AS-763;C(#Cc1cnccn1)CCc1ccncc1;1;1.6436545334178472;-28.717897;42.46031;Druglike_23
AS-764;c1ccc(CCc2nnn[nH]2)cc1;1;-1.032013548350711;28.947338;5.7395353;HighDiv_2264
AS-765;c1ccc(CCn2ccnc2)cc1;1;-0.2686686848259801;13.75474;5.983561;Druglike_1936
AS-766;c1ccc(CCn2ccnn2)cc1;1;-0.5678095973710765;18.720558;-24.391195;Druglike_906
AS-767;C(#Cc1cnccn1)CCC1CCNCC1;1;0.4387833661467907;-28.447983;42.13586;Druglike_250
AS-768;c1ccc(CNCc2cc(-c3ccccc3)co2)cc1;1;1.4325094382568586;-12.820537;28.250729;Druglike_1763
AS-769;c1ccc(CNCc2cncnc2)cc1;1;1.1923288338893343;12.948435;2.5075674;HighDiv_1220
AS-770;O=C1CCCC(=O)C1=CCCCn1cccc1;1;0.0260044086871753;1.1416887;0.8296352;Druglike_1530
AS-771;O=C1CCC(C=CCc2ccccc2)CN1;1;-0.0845547805584095;28.147022;35.641346;Druglike_1919
AS-772;O=C1CCC=C(CC=CCn2cnc3ncccc32)N1;1;0.6909018120059836;-4.62615;2.7538836;HighDiv_1345
AS-773;O=C(C#Cc1cccnc1)NC1C=CCS1;1;1.0585724717874023;-43.513046;49.094;HighDiv_1245
AS-774;C1=CC(C=Cc2ccccc2)COC1;1;-0.3284160984807124;12.260602;6.8342624;HighDiv_2243
AS-775;O=C(C#Cc1cccnc1)NC1CCCCCC1;1;-0.5224883830344244;-40.49915;44.611206;HighDiv_1243
AS-776;O=C(C#Cc1cccnc1)NC1CCNC1;1;0.0155882519751026;-36.605217;48.077198;HighDiv_1567
AS-777;O=C(C#Cc1cccnc1)NC1CCNCS1;1;1.2785879128144486;-43.650112;49.130386;HighDiv_1228
AS-778;O=C(C#Cc1cccnc1)NC1CNC1=O;1;0.7450018169235071;-35.45474;50.385345;HighDiv_1322
AS-779;O=C(C#Cc1cccnc1)NC1SCCCS1;1;1.5970245509600534;-40.4672;45.262432;HighDiv_1205
AS-780;O=C(C#Cc1cccnc1)NCC1=CCC=CO1;1;1.590377120087227;-32.623318;51.82594;HighDiv_1230
AS-781;O=C(C#Cc1cccnc1)NCc1cc[nH]c1;1;1.1090776384136698;-44.22655;45.49377;HighDiv_1226
AS-782;C1=CC(C=CC2C=CSS2)=CC1;1;-1.4045970375669037;-3.1298575;4.407594;HighDiv_1862
AS-783;O=C(C#Cc1cccnc1)NCc1nnc[nH]1;1;1.0671660147769566;-33.434265;51.644947;HighDiv_1227
AS-784;C1=C(c2nnc[nH]2)COCC1;1;-0.4544724813994789;-24.338396;-2.7771072;Druglike_1007
AS-785;C1=C(c2ncc[nH]2)CCCO1;1;-0.7362730034831743;-5.3690534;1.9585224;HighDiv_1148
AS-786;O=C(C#Cc1cccnc1)Nc1cccnc1C1CN1;1;0.7300915780921292;-37.891685;51.20748;HighDiv_1300
AS-787;O=C(C#Cc1cccnc1)Nc1cncc2occc12;1;1.4821565271864814;-41.390083;50.96312;HighDiv_1234
AS-788;O=C(C#Cc1cccnc1)OCc1c[nH]cn1;1;-0.5844303115740825;-21.113438;46.706852;HighDiv_2262
AS-789;O=C(C#Cc1cccnc1)c1ncc[nH]1;1;-0.4696893291954391;-1.020668;-32.342854;Druglike_1248
AS-790;C1=C(c2ccccc2)NOC1;1;0.3107865511329569;2.233682;15.241647;HighDiv_1705
AS-791;O=C(C#Cc1ncc[nH]1)c1cnco1;1;-0.2814851870799964;-46.10458;34.812675;Druglike_702
AS-792;O=C(C1=CC=CCO1)c1ccc[nH]1;1;1.6302099101906222;5.079137;-3.3485613;Druglike_21
AS-793;O=C(C1=CCCN1)c1cc(COc2ccccc2)cc(=O)[nH]1;1;1.2753969187946257;17.876686;45.15527;Druglike_164
AS-794;O=C(C1=CCCN1)c1cccc(=O)[nH]1;1;-0.3546566408962528;17.878748;45.175606;Druglike_996
AS-795;O=C(C1=CCCN1)c1ccccc1;1;-0.4850538014520292;17.593458;43.94703;Druglike_641
AS-796;O=C(C1=CCCN1)c1ccn[nH]1;1;-0.7095576445767187;17.588028;43.938953;Druglike_757
AS-797;O=C(C1=CCCN1)c1ncc2nn[nH]c2n1;1;-0.2350645782799386;17.58317;43.871292;Druglike_931
AS-798;O=C(C1=CCCN1)c1ncco1;1;-0.4037075519616909;17.427807;43.50774;Druglike_306
AS-799;C1=CC(C=Cc2cccnc2)C=CN1;1;-0.3239688625144736;9.530648;-52.614407;HighDiv_808
AS-800;O=C(C#Cc1cccnc1)NC1C=CCC1;1;0.5420819065903839;-36.45911;47.336067;HighDiv_1359
AS-801;O=C(C1=CCNC=N1)c1nnco1;1;-0.7804671542892819;-20.694948;-27.640793;Druglike_916
AS-802;C1=CC(C=Cc2ccon2)C1;1;-0.9603020301169458;-3.7566466;2.1860895;Druglike_2074
AS-803;N=c1[nH]cc(C=Cc2ccccc2)s1;1;-0.5058563087880951;17.938856;2.8951054;HighDiv_1833
AS-804;N=c1[nH]cc(CCC#Cc2c[nH]c(=O)s2)s1;1;0.0172575612153285;2.9454358;49.455;HighDiv_2169
AS-805;C1=CC(CNCC=Cc2ccccc2)CC1;1;0.7441998084023058;26.981443;-14.324693;Druglike_1442
AS-806;C1=CC(CCc2oncc2-c2cnco2)=CC1;1;0.76105047932875;-56.81949;14.469371;Druglike_260
AS-807;N=c1[nH]cc(CCC#Cc2cccs2)s1;1;-0.3356824273043669;3.2474692;49.413624;HighDiv_2164
AS-808;N=c1[nH]cc(CCC#Cc2cnc[nH]2)s1;1;-0.8226442207591759;3.512579;49.847664;HighDiv_2322
AS-809;N=c1[nH]cc(CCC#Cc2cnsc2)s1;1;-0.651520706293615;2.8273683;51.36738;HighDiv_2212
AS-810;N=c1[nH]cc(CCC#Cc2nnc[nH]2)s1;1;-0.0728114096804358;2.8452673;51.29158;HighDiv_2014
AS-811;N=c1[nH]nc(-c2ccccc2)s1;1;-0.4417737975180109;-2.8253038;2.0937877;HighDiv_822
AS-812;N=c1[nH]nc(CCc2ccccc2)s1;1;-0.3836396239280616;33.85056;-32.501514;HighDiv_2225
AS-813;C1=CC(CCc2nnc(C=Cc3nnn[nH]3)o2)CCC1;1;0.2136776651362586;-24.003275;-34.470116;Druglike_1286
AS-814;O=C(C#CCNC(=O)c1ccccc1)c1ccoc1;1;-0.3117804812336656;26.920084;11.329856;HighDiv_721
AS-815;O=C(C#CCNC(=O)c1ccccc1)c1cn[nH]c1;1;-0.5633062922293932;26.920261;11.735533;HighDiv_803
AS-816;O=C(C#CCNCc1ccccc1)c1cnoc1;1;-0.0916060557026666;-1.2741369;11.1472435;Druglike_987
AS-817;C1=CC(CCOc2ccccc2)CO1;1;-0.7121056145792923;35.39269;-0.16208963;HighDiv_1476
AS-818;O=C(C#Cc1ccccc1)C1=CCC=CN1;1;-0.0509712570780693;-5.886749;13.565532;Druglike_704
AS-819;C1=CC(CC=Cc2ccccc2)OC1;1;-0.1052039834121828;-0.2853884;13.319889;Druglike_1650
AS-820;O=C(C#Cc1ccccc1)OC1COC1=O;1;-0.0232239329269752;-15.228083;50.85221;Druglike_2062
AS-821;O=C(C#Cc1ccccc1)OCCC1=CCCCO1;1;0.6103873771249284;-16.520504;48.673965;Druglike_1814
AS-822;C1=CC(CC=Cc2ccccc2)CCC1;1;0.3549863819607262;-0.28388676;13.317494;Druglike_1614
AS-823;O=C(C#Cc1ccccc1)OCCc1ccccc1;1;1.428705226307868;-16.476099;48.68625;Druglike_1757
AS-824;O=C(C#Cc1ccccc1)OCCc1cnon1;1;0.4061757387356476;-8.44712;47.94176;Druglike_1901
AS-825;O=C(C#Cc1ccccc1)OCCc1cocn1;1;0.2272344267143713;-17.0336;49.140865;Druglike_1921
AS-826;O=C(C#Cc1ccccc1)OCCc1ncon1;1;0.3183183227897913;-17.164206;49.178757;Druglike_1820
AS-827;O=C(C#Cc1ccccc1)OCCc1nn[nH]n1;1;-0.2327465650008018;-9.755;48.078674;Druglike_1946
AS-828;C1=C(Cc2ccccc2)NOC1;1;-0.3204563564860283;-56.719566;-20.770979;HighDiv_1681
AS-829;C1=C(Cc2ccccc2)NCNC1;1;-0.0456247772837825;-4.733064;11.232042;Druglike_1706
AS-830;O=C1CCC(CCC#Cc2cnccn2)N1;1;-0.002253218064577;-28.344362;42.144783;Druglike_577
AS-831;O=C(CC1CCCOO1)c1cc[nH]c1;1;-0.2502253569004546;11.855847;-17.481876;Druglike_1866
AS-832;O=C(CC=CC1C=CC=CC1)c1cc[nH]c1;1;2.5454123686684853;4.770642;-6.5978665;Druglike_1719
AS-833;O=C(CC=CC1C=CC=CO1)c1cc[nH]c1;1;2.1736869571489374;4.9299088;-6.5348067;Druglike_1720
AS-834;O=C(CC=CC1CCCC1)c1cc[nH]c1;1;0.623581460563013;11.631867;-16.403698;Druglike_1772
AS-835;O=C(CC=CC1CCCCC1)c1cc[nH]c1;1;2.6660867856832207;4.4732366;-6.6828547;Druglike_1718
AS-836;O=C(CC=CC1CCNC1)c1cc[nH]c1;1;1.6535603875292617;4.531502;-6.623555;Druglike_1723
AS-837;C(Cc1cnccn1)=C1NCCN1;1;-0.2594470208632172;-18.952974;7.252138;Druglike_544
AS-838;O=C(CC=CCc1cccnc1)OCc1cnoc1;1;0.145820748005266;39.074883;-27.027014;Druglike_267
AS-839;O=C(CC=Cc1cc[nH]n1)c1cc[nH]c1;1;-0.5078322269929048;11.404597;-16.103884;Druglike_2039
AS-840;O=C(CC=Cc1ccc[nH]1)Cc1n[nH]c(=O)o1;1;0.1471387391487866;-18.689371;1.6192698;Druglike_1566
AS-841;C(CCNCCc1ccccc1)=C1NCCN1;1;1.0716955830060015;60.169792;4.094184;HighDiv_332
AS-842;O=C(CC=Cc1nnc[nH]1)c1cccc2c1C=CC2;1;0.0872380210117617;3.7994545;-9.167084;Druglike_1258
AS-843;O=C(CCC1=CNOC1)c1ccccc1;1;-0.3360245223786927;-3.212191;-25.116009;Druglike_587
AS-844;O=C(CCC1COCN1)Oc1ccccc1;1;0.8208333790932256;46.02399;-12.247425;HighDiv_288
AS-845;O=C(CCC=CC1C=CCN1)n1nnc2cncnc21;1;0.128332733083234;-27.381971;14.014735;Druglike_775
AS-846;O=C(CCC=CC1COC=CO1)n1nnc2cncnc21;1;1.6048778346255117;-27.393658;14.046531;Druglike_11
AS-847;O=C(CCC=Cc1ncn[nH]1)n1nnc2cncnc21;1;0.1497278752827652;-27.344414;13.928989;Druglike_960
AS-848;O=C(CCCCC1=CCOC1)c1cc[nH]c1;1;-0.0741946930217801;10.710767;-18.159925;Druglike_1812
AS-849;O=C(CCCCC1=NCON1)c1cc[nH]c1;1;0.0041905191721727;10.537702;-18.191795;Druglike_1823
AS-850;O=C(CCCCc1cnon1)c1cc[nH]c1;1;0.2627881883778595;10.409685;-18.11881;Druglike_1775
AS-851;O=C(CCCCc1noc(=O)[nH]1)c1cc[nH]c1;1;0.368711351065172;10.380006;-18.132818;Druglike_1827
AS-852;O=C(CCCc1ccccc1)NC(=O)n1cncn1;1;0.0739467022668293;6.0617976;-13.628529;Druglike_1621
AS-853;O=C(CCN1C=CCN1)OCc1ccccc1;1;-0.838734049295822;38.815166;2.3693006;HighDiv_2235
AS-854;O=C(CCN1CC=CN1)Oc1ccccc1;1;0.9768578641353736;45.242085;-12.904508;HighDiv_163
AS-855;O=C(CCN1CCCC1)Oc1ccccc1;1;0.8780888919208276;45.247917;-12.590133;HighDiv_198
AS-856;O=C(CCOCc1nnc[nH]1)c1cc[nH]c1;1;-0.4246371006926847;10.0086155;-17.023422;Druglike_2011
AS-857;C(Cc1ncc[nH]1)=C1NCCN1;1;-0.9976691824805743;-18.940966;7.2386155;Druglike_1002
AS-858;O=C(CC1CCCC1)NOc1cccnc1;1;-0.2333597829299702;-58.936775;4.332096;HighDiv_2091
AS-859;O=C(C=CC1=CCC1)Cc1cnco1;1;-0.2679844946773271;-42.27288;-4.78325;HighDiv_866
AS-860;O=C(CC1=CCCO1)Nc1ccccc1;1;0.3897998843001182;6.7279296;25.823608;Druglike_359
AS-861;C1=C(Cc2cccc3nc[nH]c23)OCCO1;1;0.1486192577969802;-11.323698;12.188083;HighDiv_2118
AS-862;O=C(C=CC1=CCON1)CCC=CC1=CCN=CN1;1;-0.4029765156599746;-51.96685;-24.592787;HighDiv_1921
AS-863;O=C(C=CC1=CCON1)CCc1ccc[nH]1;1;0.4885894395803676;-51.71998;-23.199308;HighDiv_1733
AS-864;C1=C(COc2ccccc2)OCCO1;1;-0.2371938009670419;4.635527;0.71138364;Druglike_999
AS-865;C1=C(CCc2ccccc2)OC(C2CN2)=CC1;1;-0.0345655965544607;37.533867;6.1067867;HighDiv_2081
AS-866;O=C(C=CC1=CCON1)CCc1ccon1;1;-0.1842024135353033;-51.93387;-24.461334;HighDiv_1737
AS-867;O=C(C=CC1=CCON1)CCc1cn[nH]n1;1;-0.7364468910311672;-51.436764;-23.621933;HighDiv_1815
AS-868;O=C(C=CC1=CCON1)CCc1ncn[nH]1;1;-0.4427589166095856;-52.201435;-24.573572;HighDiv_1888
AS-869;O=C(C=CC1=CNC=CC1)c1cc[nH]n1;1;-0.4561886367927708;-46.254864;27.252747;Druglike_1523
AS-870;O=C(C=CC1=NCCCO1)c1cc[nH]n1;1;-0.94748552786293;-46.42473;27.148466;Druglike_1702
AS-871;O=C(C=CC1CN1)c1ccccc1;1;-0.8924713760733165;75.63525;-8.969225;HighDiv_1194
AS-872;O=C(C=CCC1COC=CO1)Oc1ccccc1;1;1.5559710050199858;42.739223;-14.259358;HighDiv_51
AS-873;O=C(C=CCc1n[nH]c(=O)[nH]1)Nc1ccccc1;1;0.6993626335789489;-4.7551613;0.0005696813;Druglike_290
AS-874;O=C(C=CNc1ccccc1)C1=NNCO1;1;0.1353130360080057;-7.498005;-4.289643;Druglike_907
AS-875;O=C(C=Cc1cc[nH]c1)c1cc[nH]n1;1;-0.8042214758993522;-46.258648;27.249987;Druglike_1551
AS-876;C1=C(CCCc2ccncn2)CCC1;1;0.0878810450290098;-33.705013;8.225072;Druglike_411
AS-877;O=C(C=Cc1cscn1)c1ccccc1;1;-0.0755013241219789;74.3172;-4.6300926;HighDiv_1001
AS-878;C1=C(CCCc2ccccc2)CC1;1;-0.7121056145792923;-6.823822;26.580286;Druglike_1281
AS-879;O=C(CC#Cc1cccnc1)n1cccn1;1;0.0912459265968277;-17.790188;41.57597;HighDiv_1341
AS-880;O=C(CC#Cc1cnon1)c1c[nH]c2ccccc12;1;1.3714497134802646;9.332884;44.351322;Druglike_235
AS-881;O=C(CC#Cc1cnon1)c1ccc2c(n1)OCC2;1;0.8814651335319663;9.560757;44.74385;Druglike_509
AS-882;C1=C(CCCc2ccc[nH]2)CCC1;1;-0.0847996403258874;-19.606922;3.8073444;Druglike_1649
AS-883;C(Cn1cnc2cncnc21)=C1NCCN1;1;-0.222115354609332;-18.916636;7.271689;Druglike_840
AS-884;O=C(CC#Cc1cnon1)c1n[nH]c2ccccc12;1;1.2033284024424942;9.336573;44.366493;Druglike_261
AS-885;O=C(CC1=CC=CC1)c1ccccc1;1;-0.7322033487010039;6.942085;9.71297;Druglike_2065
AS-886;C1=CC(CNCc2cc(-c3ccccc3)co2)=CC1;1;0.7979839813328652;-12.7577715;28.26575;Druglike_1873
AS-887;N=c1[nH]c(CCc2cncc(Nc3ccccc3)c2)cs1;1;0.1954529338908482;42.36199;7.9401164;HighDiv_490
AS-888;N=C1NCCC1CCc1cc[nH]n1;1;0.197071853977291;8.350401;37.425976;HighDiv_1366
AS-889;C1=CCC(C=CCc2ccncn2)=C1;1;0.4555928709418323;-32.868828;4.5328383;Druglike_220
AS-890;C1=NC(COc2ccccc2)CCC1;1;0.1941406227689879;19.721048;-39.522266;Druglike_252
AS-891;C1=NC=C(CCc2ccccc2)NC1;1;1.3577282873765386;65.35876;16.448856;HighDiv_63
AS-892;C1=NC=C(COc2ccccc2)CN1;1;0.0887746088353987;44.616535;16.72036;HighDiv_651
AS-893;C1=CC(c2nnc[nH]2)=CC1;1;-0.530008794647935;1.3481061;-3.6885643;Druglike_557
AS-894;C1=CC(Cc2ccno2)OC1;1;-1.092940551710714;-53.873394;16.77753;Druglike_941
AS-895;C1=NCON1;1;-0.3872607253066788;-3.56052;-13.709657;HighDiv_1291
AS-896;C1=NN=C(c2cccnc2)CN1;1;0.2458104760564857;-15.964115;30.915014;HighDiv_675
AS-897;C1=NNCS1;1;-1.5025490982162089;-14.002773;2.6100366;HighDiv_1877
AS-898;C1=NOC(Cc2ccccc2)N1;1;-1.249215576542003;9.785416;2.4916496;HighDiv_1534
AS-899;C1=NOCC1NCc1ccccc1;1;-0.307522035859462;2.8019764;9.7905245;Druglike_1484
AS-900;C1=NOCN1Cc1ccno1;1;-0.7810392060870455;-48.804306;19.18706;Druglike_768
AS-901;C1=NOCN1Cc1cnc[nH]1;1;-0.1921174463978674;-46.50147;17.58719;Druglike_202
AS-902;C1=CC(Cc2ccno2)=CC1;1;-0.6523582009245592;-53.15871;15.575152;Druglike_608
AS-903;C1=CC(Cc2ccncn2)OC1;1;-0.8638716542472371;-34.719234;6.8936048;Druglike_978
AS-904;C1=Nc2ccccc2C1;1;-0.0674386667987851;15.917064;-12.3040905;Druglike_767
AS-905;C1=Nc2ccccc2CO1;1;-0.0438433296926666;22.362942;-3.1318345;HighDiv_2120
AS-906;C1CNNC1;1;-1.529019597355186;-5.995211;6.8224688;HighDiv_2288
AS-907;C=C(C(=O)C1=CCC(C(=O)Cc2nc[nH]n2)=C1)c1ccccc1;1;2.165343953948523;31.064024;-36.550568;Druglike_24
AS-908;C=C(C(=O)C1=CCC=C1)c1ccccc1;1;1.8889253977688585;31.054934;-36.544266;Druglike_29
AS-909;C=C(C(=O)Cc1cc[nH]n1)c1cccc(N2CCNC2=O)c1;1;0.9621271928736526;17.87872;62.830864;HighDiv_474
AS-910;C=C(C(=O)c1ccccc1)c1ncc(-c2cccnc2)o1;1;1.865937598570247;22.063553;-5.379284;Druglike_1396
AS-911;C=C(C1=CCC=CO1)c1cc(=O)c1=O;1;-0.3930500784828578;-6.0349927;17.136189;Druglike_1360
AS-912;C=C(C1=CCCCO1)c1ccno1;1;-0.279090521559714;-52.157528;23.936995;Druglike_575
AS-913;C=C(C1=CCN=CN1)c1nnco1;1;-0.2387978180094439;-21.890003;-35.768177;Druglike_398
AS-914;C=C(C=Cc1ccon1)c1nc(-c2ccccc2)c[nH]1;1;1.7030861150856165;26.054178;-64.85065;HighDiv_1990
AS-915;C1=Cc2ccccc2C1=Cc1nnn[nH]1;1;0.0097669556898987;-3.8292327;-14.79805;Druglike_1276
AS-916;C1=CCC(C=Cc2ccccc2)C1;1;0.7412181880402188;35.520916;-10.525525;HighDiv_570
AS-917;N=C1NCCC1C(=O)c1ccccc1;1;-0.1057611321659061;56.589474;11.135336;HighDiv_613
AS-918;C1=COCCO1;1;-1.5392320604311844;-2.5220203;7.803013;Druglike_823
AS-919;C1=CN=CCC1;1;-1.5051531373942268;2.376183;4.6933823;Druglike_1366
AS-920;C1=CN=CN(c2ccccc2)C1;1;-0.6999172332984838;10.429788;1.5261819;HighDiv_895
AS-921;C1=CCN=C1;1;-1.046714413524351;-14.419982;4.0306015;HighDiv_1824
AS-922;C1=CCCC=C1;1;-0.9011827374354212;2.2108831;-32.228233;Druglike_1295
AS-923;C1=CNC(C=Cc2cn[nH]c2)C=N1;1;-0.6799316375276603;-3.6754127;5.880135;HighDiv_2175
AS-924;C1=CCCC(Cc2ccno2)=C1;1;-0.7067030656095599;-53.283127;15.774807;Druglike_967
AS-925;C1=CNC(Cc2ccno2)=NC1;1;-0.5575055790098911;-53.403473;15.426265;Druglike_618
AS-926;C1=CNC(c2nnc(Cc3ccccc3)[nH]2)=CC1;1;0.1972457415252849;-15.092296;0.27678055;HighDiv_850
AS-927;C1=CNC=C(CCc2cccc3nncn23)C1;1;0.3910412232024943;-6.2726874;13.019688;HighDiv_2231
AS-928;C1=CNC=C(c2nnc[nH]2)C1;1;-0.500377107577217;-23.24667;-1.2701488;Druglike_1037
AS-929;C1=CCCC(Cc2ccnc(C=Cc3c[nH]cn3)c2)=C1;1;0.3134168533983378;-13.670008;-5.642545;Druglike_1957
AS-930;C1=CNCC1;1;-1.1594588946324822;10.691286;-2.8605385;Druglike_1349
AS-931;C1=CNCNC1;1;-1.2113941907531616;-12.820912;7.173203;Druglike_1599
AS-932;C1=CNNC1;1;-1.049262383526926;-8.397476;0.4649631;Druglike_1603
AS-933;C1=COC(CCc2ccccc2)=CC1;1;-0.4862539742230019;37.716553;6.0256066;HighDiv_2134
AS-934;C1=CCC(c2nnco2)=C1;1;-0.1957420907772026;-39.575077;-10.298868;Druglike_609
AS-935;C1=CCC(c2nn[nH]n2)=C1;1;-0.3320464228817095;-39.57663;-10.304754;Druglike_991
AS-936;C1=CCC(NCC=Cc2ccccc2)C=C1;1;-0.1796522622405561;26.729677;-13.853719;Druglike_1643
AS-937;C1=COC=C(CCc2ccccc2)C1;1;0.1051149771611847;10.857972;-9.149407;Druglike_1309
AS-938;C1=COC=C(c2cc[nH]n2)C1;1;0.1806605134320209;-7.6834;19.572474;Druglike_385
AS-939;C1=COC=C(c2ccccc2)C1;1;-0.2214723305920839;-2.2250876;5.292029;Druglike_1516
AS-940;C1=COC=C(c2ccco2)C1;1;-0.0591460527521531;-8.856003;15.798674;Druglike_932
AS-941;C1=COC=C(c2cnc[nH]2)C1;1;0.4941601960764312;-7.831447;19.74157;Druglike_331
AS-942;C1=COC=C(c2nnc[nH]2)C1;1;-0.7570960938849406;-6.797474;-27.174324;Druglike_1682
AS-943;C1=COCC(C=Cc2ccc[nH]2)C1;1;-0.4960625930275681;6.1519;-2.5896535;Druglike_809
AS-944;C=C(CC#CCc1ccccc1)c1ccccn1;1;0.0094454436812742;2.2678883;-18.339476;HighDiv_1893
AS-945;C=C(CC#Cc1ccccc1)C1C=COCC1;1;-0.0583291411869102;4.1452627;17.949152;HighDiv_1501
AS-946;C=C(CC(=O)c1ccccc1)CC1=CCC=CO1;1;-0.2370050103750072;5.32233;13.822929;Druglike_837
AS-947;C=C(CCCCC(=O)C1=COCC=C1)c1ccoc1;1;0.3020751897708522;8.349995;29.033764;Druglike_216
AS-948;C=C(c1ccccc1)c1ncno1;1;-0.034937497716868;25.25629;28.092886;HighDiv_1931
AS-949;C=C(c1cccnc1)c1ccno1;1;-0.352205906200526;-52.293064;23.947792;Druglike_731
AS-950;C=C(c1ccco1)c1ccno1;1;-0.4216554803305993;-54.324703;23.127304;Druglike_506
AS-951;C=C(c1ccn[nH]1)c1ccno1;1;-0.5556417991559686;-53.105717;23.678085;Druglike_645
AS-952;C=C(c1ccno1)C1CCO1;1;-0.7647456839143245;-52.534115;20.886684;Druglike_448
AS-953;C=C(c1cn[nH]c1)c1cn[nH]n1;1;-1.379627640141821;-29.342634;-12.929369;Druglike_1711
AS-954;C=C(c1cn[nH]n1)c1ccc(-c2ccccc2)o1;1;0.366372754720333;-28.443272;-9.4795475;Druglike_1488
AS-955;C1=CC(COc2ccccc2)OC1;1;-0.0272992677308062;19.86553;-39.236786;Druglike_437
AS-956;C=C(c1cn[nH]n1)c1ncccn1;1;-0.7999218643937436;-28.998837;-10.350982;Druglike_1623
AS-957;C1=CC(COc2ccccc2)=CC1;1;0.1285775928507119;30.40175;15.720286;HighDiv_781
AS-958;C1=CC(COCCc2ccccc2)NN1;1;-0.1914687423589583;-10.928232;30.351973;Druglike_277
AS-959;C=C(c1nnc[nH]1)C1NC=NO1;1;-0.6494475527819579;-22.519564;-3.273642;Druglike_1955
AS-960;C=C1C(=O)NC(=O)N(CCc2ccccc2)C1=O;1;0.2451674520392376;-1.8637811;-7.2065825;Druglike_1589
AS-961;C=C1C(=O)NN=C1C=CCCc1cnco1;1;1.4774175852996998;-43.999413;-7.060935;HighDiv_92
AS-962;C=C1CC(Cc2ccncn2)OC1=O;1;0.2068095005623746;-34.97633;6.8375554;Druglike_483
AS-963;C=C1Cc2cc([SH+]c3ccccc3)ccc2N1;1;1.674194687338994;-66.576416;-19.16851;HighDiv_1602
AS-964;C1=CC(COCCc2ccccc2)=CC1;1;-0.4979824420569345;-10.700718;30.261206;Druglike_883
AS-965;C=C1NCCN1;1;-1.981775426378109;-3.3956752;3.2851243;Druglike_892
AS-966;C1=CC(CNCc2cnon2)C=CO1;1;-0.605442192567883;-51.040154;12.935597;HighDiv_2301
AS-967;C=C1Oc2ccccc2C1=O;1;-0.4829302587865893;23.997143;-27.566437;HighDiv_1682
AS-968;N=C1CC(C(=O)c2ccccc2)CN1;1;-0.9337399756927828;58.27412;1.5750742;HighDiv_900
AS-969;N=C1CCCC1C=CCCc1cnco1;1;0.1331781332992432;-44.775455;-7.5248795;HighDiv_688
AS-970;N=C1CCCN1CCCCc1cccc(-c2nnco2)c1;1;0.8265986062029841;-17.892368;35.046715;HighDiv_1680
AS-971;N=C1CCCN1c1cccnc1;1;-1.3487659742120497;49.466206;4.1126056;HighDiv_2255
AS-972;N=C1CCc2ccc(Cc3ccoc(=O)c3)cc21;1;-0.1896347685931163;-3.826105;-5.4479995;HighDiv_1545
AS-973;C1=CC(Cc2ccccc2)C=C1;1;0.7270631115769779;40.132095;-5.3212857;HighDiv_220
AS-974;C=C(c1ccccc1)c1cc(=O)c1=O;1;0.4166685476888658;-1.6944551;-14.285506;HighDiv_522
AS-975;C=C(c1cccc(-c2ccn[nH]2)c1)c1ncno1;1;0.6771917459455797;25.24152;28.105473;HighDiv_1736
AS-976;C=C(Cc1ccccn1)c1nc[nH]n1;1;-0.674585157733373;-25.796013;5.2035055;Druglike_2027
AS-977;C=C(CCCCC(=O)C1=COCC=C1)c1nnc[nH]1;1;1.045352125261954;8.345613;29.036985;Druglike_56
AS-978;C=C(CCc1cc[nH]n1)C(=O)c1ccccc1;1;0.0836637657862102;71.66082;-4.748227;HighDiv_974
AS-979;C1=CC(Cc2ccccc2)OCC1;1;1.0519136808712544;39.69678;-4.8322287;HighDiv_136
AS-980;C=C(CNC(=O)C#Cc1cccnc1)C1CC=CS1;1;0.3582540282216948;-34.643024;49.03261;HighDiv_1394
AS-981;C=C(CNC(=O)C#Cc1cccnc1)C1CCNO1;1;0.4846936723461907;-34.70531;48.954685;HighDiv_1422
AS-982;C=C(COCc1ccccc1)C1C=CNN1;1;-0.1755116352389011;10.015472;-10.44284;Druglike_418
AS-983;C=C(Cc1cccc(-c2cn[nH]n2)c1)C1=CCCCC1;1;0.68009671406652;-16.958757;27.015196;Druglike_198
AS-984;C=C(Cc1cccc(-c2cn[nH]n2)c1)C1=CCNCN1;1;-0.1229837042547566;-16.911839;27.016117;Druglike_881
AS-985;C=C(Cc1cccc(-c2cn[nH]n2)c1)c1ccccn1;1;1.0317038083986536;-17.515335;26.366955;Druglike_140
AS-986;C=C(Cc1ccccc1)C1C=CC1;1;-0.9825701530571632;24.490305;15.291989;HighDiv_1175
AS-987;C=C(Cc1ccccc1)c1cncc(-c2cn[nH]c2)n1;1;1.1721807106138409;-12.366828;-2.390077;Druglike_1797
AS-988;C=C(Cc1ccoc1)C(=O)c1ccccc1;1;-1.006324474667234;76.831406;-2.432962;HighDiv_907
AS-989;C=C(c1ccc2cnsc2c1)c1nnc[nH]1;1;0.8584510712459923;-6.151181;1.2004346;HighDiv_468
AS-990;C=C(Cc1n[nH]c(=O)o1)c1cccnc1;1;0.7313066539071427;-18.802383;0.25425652;Druglike_1438
AS-991;C=C(Cc1nnc[nH]1)c1cccc(CC2=CCN=CN2)c1;1;-0.1046319316144188;8.053208;18.045227;Druglike_1016
AS-992;C=C(NC1C=CC=CC1)c1cnco1;1;-0.4845640819170737;2.2073538;-32.23009;Druglike_1187
AS-993;C=C(NCc1nnc(-c2ccccc2)o1)C1=NOCN1;1;0.362916317867331;-18.688097;-43.990524;HighDiv_2242
AS-994;C=C(NCc1nnc(-c2ccccc2)o1)c1cc[nH]n1;1;0.3512588222528824;-18.691866;-43.999184;HighDiv_2219
AS-995;C=C(c1cc[nH]n1)c1ccno1;1;-0.1102701173292497;-53.618603;22.89025;Druglike_253
AS-996;C=C(c1ccc(-c2cccnc2)cc1)c1c[nH]c(=S)s1;1;1.7391913454811676;-33.404285;34.619267;HighDiv_1206
AS-997;C=C(c1ccc(-c2cccnc2)cc1)c1ccccn1;1;2.546158308014243;-33.227203;34.45191;HighDiv_1203
AS-998;C=C(c1ccc(-c2cccnc2)cc1)c1cnccn1;1;1.2956628604426694;-33.180294;34.491367;HighDiv_1222
AS-999;C=C(c1ccc(-c2cccnc2)cc1)c1csc(=O)[nH]1;1;1.3909902988482528;-33.152218;34.77143;HighDiv_1218
AS-1000;C=C(c1ccc(-c2ccn[nH]2)cc1)c1c[nH]nn1;1;0.197363559897834;-21.602766;-9.579851;Druglike_994
AS-1001;O=C(CCc1c[nH][nH]c1=O)OCc1ccccc1;1;-0.66142656040503;38.80222;2.367567;HighDiv_2268
AS-1002;O=C(CCc1ccc2c(c1)CNNC2)c1cnon1;1;-0.1202824297698917;16.349884;30.676905;Druglike_1004
AS-1003;O=C(CCc1cccnc1)NCc1cc(-c2c[nH]cn2)c[nH]1;1;0.7133232394284935;-27.909586;22.135082;HighDiv_1748
AS-1004;O=C(c1ccccc1)c1cn[nH]n1;1;0.7940711740337031;59.039696;10.0047655;HighDiv_78
AS-1005;O=C(c1ccccc1)c1cnco1;1;0.4915653799207915;-8.409924;-7.8800197;Druglike_1091
AS-1006;O=C(c1ccccc1)c1cnn[nH]1;1;-0.2635521617551301;52.875637;10.10568;HighDiv_993
AS-1007;O=C(c1ccccc1)c1ncco1;1;-0.3848192136333317;11.323084;10.396807;HighDiv_1453
AS-1008;C(=Cc1ccsc1)Cc1cccc2nc[nH]c12;1;1.088177895770757;-12.154139;11.525228;HighDiv_1981
AS-1009;O=C(c1ccccc1)c1nnc[nH]1;1;-0.4317912911654508;8.816406;7.842313;HighDiv_1396
AS-1010;C(=Cc1ccoc1)c1ccccc1;1;-0.1727542915785915;30.641869;3.2219834;HighDiv_670
AS-1011;O=C(c1ccccc1)c1nnn[nH]1;1;-0.4140264733669172;57.62313;9.4168625;HighDiv_1048
AS-1012;O=C(c1ccccc1)n1cccn1;1;-0.1077725364804587;13.96205;3.4709673;HighDiv_1814
AS-1013;O=C(c1ccccc1C=Cc1nnc[nH]1)C1C=CC=CC1;1;0.9909511914015096;-1.3770494;-4.393316;Druglike_1119
AS-1014;C(=Cc1ccoc1)C1=CC(c2ccc[nH]2)C1;1;-0.0558989895568857;-26.469492;-23.338001;Druglike_1228
AS-1015;O=C(c1ccccn1)c1ccc[nH]1;1;-0.3583842006040965;-10.66576;3.8382351;Druglike_949
AS-1016;O=C(c1ccccn1)c1noc(=O)[nH]1;1;-0.660819022497524;2.8334837;-0.90808564;Druglike_777
AS-1017;O=C(c1ccncc1)c1cc(=O)[nH]cn1;1;-0.7399239109498719;-6.778602;-1.1593553;HighDiv_2324
AS-1018;C(=Cc1ccoc1)C1=CC(c2cc[nH]n2)C1;1;-0.2522928303904507;-26.480629;-23.347301;Druglike_1350
AS-1019;C(=Cc1ccno1)Cc1ccncn1;1;1.3831519182268357;-28.714449;3.4324863;Druglike_22
AS-1020;O=C(c1cnc[nH]1)c1c[nH]c(=O)c2[nH]ccc12;1;0.083106617032486;-15.289719;11.491331;Druglike_1804
AS-1021;C(=Cc1ccno1)C1=CC(c2cnc[nH]2)C1;1;-0.6722465613885339;-26.43684;-23.242165;Druglike_1318
AS-1022;C(=Cc1ccncn1)Cc1ccncn1;1;0.2595766112923342;-33.293087;3.7890534;Druglike_323
AS-1023;C(=Cc1ccn[nH]1)c1cnon1;1;-1.0930172039518595;-24.58519;18.428843;Druglike_1658
AS-1024;C(=Cc1cccnc1)c1ccccc1;1;-0.4570055483580127;7.0663924;-51.789448;HighDiv_840
AS-1025;C(=Cc1cccnc1)Cn1cccn1;1;-0.3328541114245714;-58.726425;0.84173036;HighDiv_2064
AS-1026;C(=Cc1cccnc1)Cc1nnco1;1;0.2879406963733149;-59.19809;-0.0038093822;HighDiv_1985
AS-1027;O=C(c1nn[nH]n1)c1ccc[nH]1;1;0.0570399621649418;-31.525677;-48.907135;Druglike_640
AS-1028;O=C(c1nnc[nH]1)c1cccc2nc[nH]c12;1;0.0634127271822074;-10.442823;12.027748;HighDiv_2273
AS-1029;C(=Cc1cccnc1)Cc1ncncn1;1;-0.2828535673773001;39.27422;-29.125664;Druglike_788
AS-1030;O=C(c1ccccc1)c1cnc(C2=CCNN2)o1;1;0.1182735744895282;-8.355629;-8.059725;Druglike_1291
AS-1031;O=C(c1ccccc1)c1cn[nH]c1;1;-0.2303668025245604;52.989635;10.051432;HighDiv_1181
AS-1032;C(=Cc1cnc(-c2ccccc2)[nH]1)c1ccccc1;1;1.1716441449258188;-16.078867;-6.4843073;Druglike_146
AS-1033;O=C(c1ccccc1)c1ccc[nH]1;1;0.4368372540300614;-8.520624;-7.4889536;Druglike_1093
AS-1034;O=C(c1ccccc1)C1C=CCCC1;1;0.8667472282933415;53.848194;4.0907183;HighDiv_30
AS-1035;O=C(c1ccccc1)C1C=CCS1;1;-0.7374227871003634;13.756092;12.498194;HighDiv_1315
AS-1036;O=C(c1ccccc1)C1C=CNC=C1;1;0.0856545870350607;39.811077;13.996485;HighDiv_544
AS-1037;O=C(c1ccccc1)C1C=CNC=N1;1;-0.1734029956175007;58.47134;11.286504;HighDiv_523
AS-1038;C(=Cc1cn[nH]n1)Cc1ncn[nH]1;1;-0.3068172626451072;-32.035572;-7.561873;Druglike_1508
AS-1039;O=C(c1ccccc1)C1CCCCN1;1;0.1471181560830853;54.772163;11.686415;HighDiv_771
AS-1040;C(=Cc1cn[nH]n1)Cc1ccccc1;1;0.4249611617354978;29.612486;-56.28003;HighDiv_2099
AS-1041;O=C(c1ccccc1)C1CCCO1;1;0.1069936600591475;68.377846;17.879677;HighDiv_743
AS-1042;C(=Cc1cn[nH]n1)CCc1ncn[nH]1;1;-0.5219255542590394;-32.108356;-7.2686543;Druglike_1587
AS-1043;C(=Cc1cn[nH]n1)CCCC1CCCC1;1;0.1446468383216562;-31.02346;-6.958475;Druglike_1546
AS-1044;C(=Cc1cn[nH]n1)CCC1=CNCN1;1;-0.5822244366458347;-32.13672;-6.9359236;Druglike_1648
AS-1045;O=C(c1ccccc1)C1CNC=N1;1;0.3766001208403711;58.43375;11.202119;HighDiv_455
AS-1046;O=C(c1ccccc1)C1CNCCN1;1;-0.7218993303398179;54.26165;13.313969;HighDiv_956
AS-1047;O=C(c1ccccc1)C1CNCCO1;1;-0.4639148790633003;53.806477;4.424147;HighDiv_407
AS-1048;O=C(c1ccccc1)C1CNCN1;1;-0.5225742582979498;40.095287;13.871326;HighDiv_754
AS-1049;O=C(c1ccccc1)C1CNCO1;1;0.1679973156602958;64.168945;8.064072;HighDiv_717
AS-1050;O=C(c1ccccc1)C1COC(=S)N1;1;0.3139569620870774;54.184093;11.440239;HighDiv_254
AS-1051;O=C(c1ccccc1)C1COC=N1;1;-0.8172267687454031;58.512863;11.249675;HighDiv_1004
AS-1052;O=C(c1ccccc1)C1N=CNO1;1;-0.4236874677108528;54.01144;11.010095;HighDiv_986
AS-1053;O=C(c1ccccc1)C1NC=CN1;1;1.320325648903168;54.220383;13.3671665;HighDiv_108
AS-1054;O=C(c1ccccc1)C1NCCCN1;1;-0.5173399168545502;50.281834;9.8080225;HighDiv_1162
AS-1055;O=C(c1ccccc1)C1NCCO1;1;0.8551422588536202;54.36381;5.633756;HighDiv_473
AS-1056;O=C(c1ccccc1)C1NCNCN1;1;-1.214738489255276;-14.180588;-19.572412;HighDiv_1917
AS-1057;C(=Cc1cn[nH]c1)Cc1ccncn1;1;0.6062353900799504;-29.4392;3.2475822;Druglike_122
AS-1058;O=C(c1ccccc1)c1cc[nH]c1;1;0.2529533064859286;58.962254;9.975112;HighDiv_267
AS-1059;O=C1C(=CC2NCCN2)Oc2ccccc21;1;0.1330191487952891;2.7414756;5.9461365;HighDiv_1657
AS-1060;O=C1C=C(C#CCc2cnon2)CN1;1;-0.3173100715983264;-16.457554;8.66928;Druglike_1654
AS-1061;C(=Cc1cccnc1)Cc1cnc[nH]1;1;-0.0501451224904487;-59.551025;0.17612009;HighDiv_2009
AS-1062;O=C1C=C(C(=O)Nc2ccccc2)CO1;1;-0.5393986661370317;21.527227;1.2758218;HighDiv_2314
AS-1063;C(=Cc1ccccc1)Cc1cnoc1;1;-0.3182802876458609;13.511677;-34.233562;Druglike_1300
AS-1064;O=C1C=CC(C(=O)c2ccccc2)N1;1;1.9079201944264457;57.09757;9.895789;HighDiv_29
AS-1065;O=C1C=CC(C=CCC(=O)c2cc[nH]c2)O1;1;2.1403539734577377;4.971034;-6.534304;Druglike_1722
AS-1066;C(=Cc1ccccc1)Cc1cnccn1;1;-0.0172195260713981;37.933517;-29.410753;Druglike_1524
AS-1067;C(=Cc1ccccc1)Cc1ccoc1;1;-0.2436787043351951;21.841171;-18.179285;Druglike_1673
AS-1068;O=C1C=CC(C=Cc2ncc[nH]2)N1;1;-0.6485539889755685;10.610687;-31.17332;Druglike_718
AS-1069;O=C1C=CC(COC(=O)C=Cc2cc[nH]n2)N1;1;-0.6246669459489084;10.604202;-31.159811;Druglike_2066
AS-1070;O=C1C=CC(NCCc2ccccc2)C=C1;1;0.9181424157252804;31.358831;41.97565;Druglike_237
AS-1071;O=C1C=CC(NCCc2ccccn2)C=C1;1;0.8551777449633622;31.372274;41.95945;Druglike_161
AS-1072;O=C1C=CCC1;1;-0.6171408543137352;-5.355985;7.953257;Druglike_1242
AS-1073;O=C1C=CCC=C1;1;-1.1818803220549925;31.367321;41.96282;Druglike_812
AS-1074;O=C1C=CCC=C1c1ccco1;1;-0.0194963732191311;5.5430307;-1.3276374;Druglike_1367
AS-1075;O=C1C=CCCN1;1;-0.8232368556226412;-1.2135326;-15.888302;HighDiv_916
AS-1076;O=C1C=CCO1;1;-0.8753403592696519;-49.857082;14.94005;Druglike_763
AS-1077;O=C1C=COC1CSCc1nnco1;1;-0.4995247099022325;-2.1328568;1.1536164;HighDiv_912
AS-1078;C(=Cc1ccccc1)Cc1ccncn1;1;1.5952580064129784;-33.175976;4.250405;Druglike_18
AS-1079;C(=Cc1ccccc1)Cc1ccccc1;1;0.8183883244191605;21.81007;-17.988174;Druglike_1514
AS-1080;O=C1CC(C=Cc2ccccc2)O1;1;1.2932625149007253;18.93367;-13.323639;Druglike_1388
AS-1081;O=C1CC(CCc2ccccc2)O1;1;-0.1473661468380365;21.958923;-6.0154796;HighDiv_1773
AS-1082;O=C1CC(c2cnon2)=NN1;1;-0.3333644140252301;-22.246918;-1.5295771;Druglike_428
AS-1083;O=C1CC=NN1CC=CCc1cnco1;1;0.4015283521340511;-49.406975;-7.428503;HighDiv_347
AS-1084;O=C1CCC(C=C(Cc2ccccc2)c2c[nH]cn2)O1;1;-0.2282432598591197;-11.804197;-30.184425;Druglike_1493
AS-1085;C(=Cc1ccccc1)Cc1ccc2[nH]ncc2c1;1;0.5024528101230632;30.91197;-28.609493;HighDiv_1747
AS-1086;O=C1CCC(C=C(Cc2ccccc2)c2nnc[nH]2)O1;1;-0.1657945717195212;-11.821017;-30.189426;Druglike_1487
AS-1087;C1=CN(CCc2ccccc2)CC=N1;1;-0.4336139048879697;-0.25965688;-7.8437667;Druglike_769
AS-1088;O=C1C=CC(=O)c2ccccc21;1;0.7714574130184446;17.305101;-9.742816;HighDiv_815
AS-1089;C(=Cc1ccccc1)Cc1csnn1;1;-0.4298657621144233;28.430645;-27.42244;HighDiv_1901
AS-1090;C(=Cc1ccccc1)Cc1ncn[nH]1;1;0.3857862986933928;21.734741;-18.241411;Druglike_1463
AS-1091;O=C1C=C(CCCC=CCc2ccccc2)C(=O)N1;1;0.0497793133629478;11.302307;-42.352398;HighDiv_1169
AS-1092;O=C1C=C(C(=O)c2ccccc2)CO1;1;-1.0850311988698107;-13.925206;-19.026272;HighDiv_1850
AS-1093;C(=Cc1cccnc1)CC1=CCC1;1;-0.0013859173455523;-58.9121;0.21328256;HighDiv_2027
AS-1094;O=C1C=C(C=Cc2ccccc2)CO1;1;0.7890369832256606;14.250202;-38.3404;Druglike_1417
AS-1095;O=C1C=C(C=Cc2ccccc2)OC1;1;-0.0425253385491462;24.444956;-32.320686;Druglike_997
AS-1096;O=C1C=C(CC#Cc2ccccc2)CN1;1;0.5324209122464474;33.855244;-2.6969786;Druglike_1473
AS-1097;O=C1C=C(CC#Cc2ccccc2)OC1;1;0.3470862521422028;0.8207066;23.672316;Druglike_1151
AS-1098;O=C1C=C(CC=CCNc2ccccc2)CO1;1;-0.2631334144396586;-5.2572694;3.953787;Druglike_1638
AS-1099;C(=Cc1cccnc1)C1=CCCO1;1;-0.8650512439525079;-65.14002;-1.1127;HighDiv_2283
AS-1100;O=C1C=C(CC=Cc2ccccc2)CCO1;1;0.2175585293263939;21.905975;-18.59413;Druglike_1687
AS-1101;O=C1C=C(CCC(=O)Oc2ccccc2)CO1;1;1.3229914372782925;45.91557;-11.916624;HighDiv_215
AS-1102;O=C1C=C(CCC=Cc2ccccc2)CO1;1;0.77719637704084;-7.1593986;-52.247494;Druglike_315
AS-1103;O=C1C=C(CCCC=CCc2cccnc2)C(=O)N1;1;0.2548639324929163;11.296481;-42.340187;HighDiv_780
AS-1104;O=C1C=CC(=O)C(c2ccc[nH]2)=C1;1;-0.0457014295249281;3.149413;-37.572132;HighDiv_1111
AS-1105;O=C1C=C(CCNCCc2ccccc2)OCC1;1;1.3631720024776732;59.29987;5.483521;HighDiv_194
AS-1106;O=C1C=C(CCc2ccccc2)OC1;1;-0.0080688343281206;-9.687688;27.77944;HighDiv_1088
AS-1107;C(=Cc1ccccn1)Cc1ccncn1;1;2.10089308451675;-33.469025;3.527294;Druglike_5
AS-1108;C(=Cc1ccccc1)Cc1nn[nH]n1;1;-0.6092258214511723;12.979161;-35.19668;Druglike_1359
AS-1109;C(=Cc1ccccc1)Cc1ncncn1;1;-0.3126122958429483;-9.313193;-50.462807;Druglike_1683
AS-1110;O=C1C=C(c2ccccc2)CN1CCc1ncncn1;1;0.4121389794598196;22.271769;30.027672;Druglike_1136
AS-1111;O=C1C=C(c2ccccc2)CN1CCn1cnnn1;1;0.3542702487030487;22.270077;30.02785;Druglike_1111
AS-1112;O=C1C=C(c2cncc(C=Cc3c[nH]cn3)c2)CO1;1;0.5396105888289559;6.7850227;-53.03368;HighDiv_687
AS-1113;O=C1C=CC(=CC2C=COC=C2)O1;1;0.009935163216231;-5.038588;17.449371;Druglike_1513
AS-1114;O=C1C=CC(=O)C(C=CCOc2ccccc2)=C1;1;1.0739220409999517;16.337685;-17.439201;HighDiv_1288
AS-1115;O=C1C=CC(=O)C(CCCC#Cc2ccc[nH]2)=C1;1;0.2177416398967666;4.1578207;47.481304;HighDiv_608
AS-1116;C(=Cc1cn[nH]n1)Cc1nnn[nH]1;1;-0.4295087639960572;-32.067894;-7.665422;Druglike_1533
AS-1117;C(=Cc1cncc(-c2ccco2)c1)c1ccccc1;1;0.7474319685535312;-12.174101;-4.2001286;HighDiv_328
AS-1118;C(=Cc1nnn[nH]1)NC1CCCC1;1;-0.7210412526431724;38.664692;9.742257;HighDiv_1555
AS-1119;O=C(Cc1ccccc1)C(c1cc[nH]n1)c1cnn[nH]1;1;0.7058475369471034;-12.096924;-8.180537;Druglike_1798
AS-1120;O=C(Cc1ccccc1)NC1C=CC=C1;1;0.0921806565346188;29.177229;-5.5260086;Druglike_1896
AS-1121;C(=Cc1nn[nH]n1)c1cccc(-c2ccccc2)c1;1;0.595064070999742;30.898405;-56.40661;HighDiv_2179
AS-1122;O=C(Cc1ccccc1)NCC1C=CCO1;1;-0.1814244868092914;-10.8648615;-18.014357;HighDiv_1768
AS-1123;O=C(Cc1ccccc1)OCC1NC=NO1;1;-0.8074124699191754;-10.701453;-19.216755;HighDiv_1913
AS-1124;O=C(Cc1ccccc1)OCc1cnco1;1;-0.8777350247899343;-10.792582;-19.594517;HighDiv_1878
AS-1125;O=C(Cc1ccccc1)OCc1nnco1;1;-0.4370199525871893;-10.803503;-19.596933;HighDiv_1779
AS-1126;O=C(Cc1ccccc1)c1c[nH]cn1;1;-0.3544323641944761;1.4985363;11.841208;Druglike_582
AS-1127;O=C(Cc1ccccc1)c1ccccc1;1;0.0348279084001677;1.5077076;11.816265;Druglike_534
AS-1128;C(=Cc1ncon1)c1cccnc1;1;-0.6881064332017437;-65.49252;-1.2573624;HighDiv_2263
AS-1129;O=C(Cc1ccccc1)c1cnn[nH]1;1;-0.8324585195854033;-12.462328;-7.5324235;Druglike_804
AS-1130;O=C(Cc1ccccn1)NCc1cnn[nH]1;1;-0.1981722424072272;-17.531113;-15.115173;Druglike_1715
AS-1131;O=C(Cc1ccco1)c1ccno1;1;-0.8700705317165103;-55.23822;22.50451;Druglike_1030
AS-1132;O=C(Cc1ccnc2cc[nH]c12)c1cnon1;1;-0.3236267674401478;-18.341402;4.5651183;Druglike_1529
AS-1133;O=C(Cc1ccno1)c1ccno1;1;-0.542064454512154;-55.497215;21.921234;Druglike_625
AS-1134;C(=Cc1ncon1)c1ccccc1;1;0.0910216498950511;27.647636;-33.92683;Druglike_617
AS-1135;O=C(Cc1cn[nH]c1)c1ccno1;1;-1.0557061207636762;-56.47312;21.62511;Druglike_1036
AS-1136;O=C(Cc1cn[nH]n1)c1ccno1;1;-0.6058460368393159;-56.225964;21.624147;Druglike_499
AS-1137;O=C(Cc1nc[nH]n1)c1ccno1;1;-0.8108951698595406;-55.996067;21.928972;Druglike_687
AS-1138;O=C(Cc1ncn[nH]1)Nc1ccccc1;1;-0.186898007998508;6.725095;25.724297;Druglike_793
AS-1139;O=C(Cc1ncn[nH]1)OCc1ccccc1;1;0.6395534707271103;24.16863;-10.855413;Druglike_1436
AS-1140;O=C(Cc1nn[nH]n1)c1ccno1;1;-0.5321791834664413;-55.88324;21.861458;Druglike_399
AS-1141;O=C(Cc1nnc[nH]1)c1ccccc1;1;-0.8458825597469264;8.118439;17.647917;HighDiv_1895
AS-1142;O=C(Cc1nnc[nH]1)n1cncn1;1;-0.6544519375019194;7.858961;17.751135;Druglike_1227
AS-1143;O=C(Cc1nnco1)c1ccccc1;1;-0.4731869321798447;49.584396;8.46534;HighDiv_951
AS-1144;O=C(NC1=NCCO1)c1ccccc1;1;-0.1169792973991809;14.565223;11.665031;HighDiv_1388
AS-1145;O=C(Cc1ccccc1)CC1CCOC=N1;1;1.2651432895872237;43.931545;-6.4897423;HighDiv_176
AS-1146;O=C(Cc1cccc2cc[nH]c12)OCc1cnns1;1;-0.0156772582260997;-14.877342;-6.652308;HighDiv_1458
AS-1147;O=C(c1ccc[nH]1)c1ccno1;1;0.24573382381534;-25.849556;-49.86961;Druglike_377
AS-1148;O=C(Cc1cccc2cc[nH]c12)OCc1ccsc1;1;-0.2345542756792805;-7.0139675;5.4200363;HighDiv_1439
AS-1149;O=C(CCc1cccnc1)NCc1cc(-c2cccs2)c[nH]1;1;0.0993909161828286;-27.914707;22.113508;HighDiv_1856
AS-1150;O=C(CCc1cccnc1)NCc1cc(-c2ccsc2)c[nH]1;1;0.2684412771367302;-27.911955;22.120508;HighDiv_1775
AS-1151;O=C(CCc1cn[nH]c1)c1ccccc1;1;-0.4386537757176737;-3.2213652;-25.10806;Druglike_707
AS-1152;O=C(CCc1ncn[nH]1)Nc1ccccc1;1;-0.2784978866962477;-9.307516;-2.4935915;Druglike_868
AS-1153;O=C(CCn1cc[nH]c1=O)OCc1ccccc1;1;-0.6579850265960683;38.811443;2.3674366;HighDiv_2246
AS-1154;C(=Cc1nnco1)Cc1ccncn1;1;0.3975353495930268;-28.53711;3.4000828;Druglike_190
AS-1155;O=C(CN1C=NCC1)c1ccno1;1;-0.7522506936689314;-54.22358;22.118587;Druglike_571
AS-1156;O=C(CN1CCNC1)c1ccccc1;1;-0.0924080642238674;68.857605;-3.1681328;HighDiv_890
AS-1157;O=C(CNCC=Cc1ccccc1)CC1=CCC=CN1;1;0.3885848084851061;24.575686;-34.72816;Druglike_456
AS-1158;O=C(CNCC=Cc1ccccc1)CC1=CNCN1;1;1.1642188315982116;24.008106;-35.47713;Druglike_20
AS-1159;C(=Cc1nnco1)CCc1ccccc1;1;-0.4542836908074452;-30.22953;-23.186361;HighDiv_1503
AS-1160;C(=Cc1nnc[nH]1)Cc1cnco1;1;-0.453012545816988;-46.062275;-6.3847723;HighDiv_795
AS-1161;O=C(COc1ccon1)c1ccno1;1;-0.819830807923422;-56.06325;22.751173;Druglike_910
AS-1162;O=C(CSc1ccccc1)c1nnc[nH]1;1;0.1101548479908888;-3.0258203;-0.036985036;HighDiv_1105
AS-1163;O=C(Cc1c[nH]cn1)c1ccccc1;1;-0.4316174036174577;-8.860486;-6.301393;Druglike_733
AS-1164;O=C(Cc1cc2ccccc2[nH]1)c1cnon1;1;0.0475322723032964;-10.722631;1.9590633;Druglike_1580
AS-1165;O=C(Cc1cc[nH]n1)OCC#CCc1n[nH]c(=O)[nH]1;1;0.2181249011024963;-44.798542;-18.804047;Druglike_540
AS-1166;O=C(Cc1cc[nH]n1)Oc1ccccc1;1;1.257116118373771;38.6225;-9.433906;HighDiv_112
AS-1167;C(=Cc1nnc[nH]1)Cc1ccccn1;1;-0.3110402219095688;-9.23111;-24.81686;Druglike_402
AS-1168;O=C(Cc1ccc2c(c1)CC=C2)CN1CCNC1;1;0.3519167493141712;14.599792;25.696083;HighDiv_2042
AS-1169;O=C(Cc1ccc2c(c1)CC=C2)Cc1cscn1;1;0.3957837080899928;14.594164;25.679958;HighDiv_2007
AS-1170;O=C(Cc1ccc2c(c1)CC=C2)Cn1ccc(=O)[nH]1;1;-0.0960178055591632;14.600038;25.698942;HighDiv_2313
AS-1171;O=C(Cc1ccc2ncoc2c1)c1ccccc1;1;0.3380235726833943;-0.1531953;10.743819;HighDiv_1825
AS-1172;O=C(Cc1ccc[nH]1)c1ccno1;1;-0.3235912813304062;-56.202534;21.034056;Druglike_366
AS-1173;C(=Cc1nnc(COCc2cnon2)[nH]1)c1cccnc1;1;1.4919800490350887;-61.692356;-1.8662366;HighDiv_1959
AS-1174;O=C(NC1CC=NC1)c1ccccc1;1;-0.558036464676251;15.686714;-5.34073;Druglike_1973
AS-1175;O=C(NC1CCCC1)c1ccncc1;1;-0.5126627241648742;3.999468;6.5468154;Druglike_900
AS-1176;O=C(NCC#CC(=O)c1ncco1)c1ccccc1;1;-0.3291620378264702;27.060217;11.540774;HighDiv_682
AS-1177;O=C(NCC#CC(=O)c1nnco1)c1ccccc1;1;-0.0190123337058353;27.063635;11.527162;HighDiv_441
AS-1178;C(=Cc1nccc2c1CNC2)c1cccnc1;1;0.2835963757355857;9.525403;-52.621334;HighDiv_713
AS-1179;O=C(OCc1cnc[nH]1)c1ccccc1;1;-0.4546875350788759;17.095081;15.926858;Druglike_429
AS-1180;O=C(OCc1cnco1)c1ccccc1;1;-0.811426055525901;15.718085;13.733594;HighDiv_1859
AS-1181;O=C(OCc1nnco1)c1ccccc1;1;-0.4906451410137963;-24.24303;-40.717705;Druglike_578
AS-1182;O=C(Oc1ccc2c(=O)cc[nH]c2c1)c1ccccn1;1;0.6354185237471168;-11.478207;-43.30386;Druglike_1645
AS-1183;C(=Cc1nccc2[nH]cnc12)c1ccccc1;1;0.9540794385944996;18.519148;2.9265876;HighDiv_1648
AS-1184;O=C(Oc1cccnc1)c1cc[nH]n1;1;-0.9911282099369754;37.669804;-1.7019161;HighDiv_2299
AS-1185;C(=Cc1ncc[nH]1)Cc1ccncn1;1;1.669455745452212;-29.47434;3.1302116;Druglike_8
AS-1186;O=C(Oc1cncc(-c2cc[nH]c2)c1)c1ccccc1;1;0.2810689887987133;5.2621117;-51.727848;Druglike_596
AS-1187;O=C(c1c[nH]cn1)c1ccc[nH]1;1;-0.5927023425550133;-31.514591;-48.934917;Druglike_848
AS-1188;O=C(c1cc(-c2ccccc2)co1)N1CCC1;1;0.1964494130257452;-13.164857;27.48947;Druglike_1996
AS-1189;O=C(c1cc(=O)[nH]cn1)c1cc(CCC2CCCCC2)c[nH]1;1;0.4957230469874319;46.551216;-21.740667;Druglike_1543
AS-1190;O=C(c1cc(=O)[nH]cn1)c1nnc(C=CC2CC=CCC2)[nH]1;1;0.7317161782002348;46.936554;-22.897089;Druglike_1637
AS-1191;O=C(c1cc(=O)[nH]cn1)c1nnc(C=CC2CCCC2)[nH]1;1;0.4440588737215944;46.90024;-22.796986;Druglike_1641
AS-1192;O=C(c1cc(=O)[nH]cn1)c1nnc(C=CC2CCCCC2)[nH]1;1;0.8782535564464424;46.895607;-22.78295;Druglike_1581
AS-1193;C(=Cc1cnon1)c1ccc(-c2ccccc2)nc1;1;0.5382159454442884;-25.053823;18.658026;Druglike_1433
AS-1194;C(=Cc1cnon1)c1cc2[nH]ncc2cn1;1;-0.1560363420687363;-34.77127;-11.742485;Druglike_1560
AS-1195;O=C(c1cc[nH]c1)c1csnn1;1;-1.509774260908459;-19.361355;10.281404;HighDiv_1925
AS-1196;C(=Cc1cnoc1)CCc1ccsc1;1;-0.0431797226097172;-6.321766;4.2421536;HighDiv_2088
AS-1197;C(=Cc1cnco1)c1cccnc1;1;-0.8349504204125331;-59.47931;-0.7651459;HighDiv_2215
AS-1198;O=C(c1cc[nH]n1)c1c[nH]c(=O)c2[nH]ccc12;1;-0.1222434449306616;-15.291804;11.568802;Druglike_1961
AS-1199;O=C(c1cc[nH]n1)c1ncc(C=Cc2ccccc2)cn1;1;1.8090298608386317;-8.352268;-61.12541;Druglike_1153
AS-1200;C(=Cc1cnccn1)Cc1ccncn1;1;0.6835588309411847;-33.32083;3.86427;Druglike_231
AS-1201;O=C(c1ccc(CCC=CC2CCCC2)[nH]1)c1nc(=O)o[nH]1;1;0.6351119147825331;-31.68076;-57.5961;Druglike_593
AS-1202;C(=Cc1cncc2[nH]ncc12)CC1=CCNN1;1;0.5530850181442613;-23.774057;-29.344639;Druglike_1422
AS-1203;O=C(OCc1ccncc1-c1ccccc1)c1cnc[nH]1;1;1.8715495211977144;30.390684;31.000954;Druglike_1733
AS-1204;C(=Cc1ncn[nH]1)c1cc[nH]c1;1;-0.8532610269214691;-19.595161;-20.166939;Druglike_1670
AS-1205;O=C(OCc1ccccn1)c1cccnc1;1;-0.257332701220156;21.939596;17.442322;Druglike_1327
AS-1206;O=C(NOCc1ccccc1)c1ccncn1;1;0.9920335457999304;67.46789;20.67179;HighDiv_190
AS-1207;O=C(NCC#Cc1noc(=O)[nH]1)c1ccccc1;1;-0.2132712718306383;25.730696;12.167608;HighDiv_1183
AS-1208;O=C(NCC1=NN=CNC1)c1ccccc1;1;-0.6512140973290312;25.76342;6.1925254;HighDiv_1119
AS-1209;O=C(NCCC1OC=CC1=O)c1ccccc1;1;0.6721873612256173;12.113861;-6.5628715;Druglike_1779
AS-1210;O=C(NCCc1ccccc1)c1ccoc1;1;0.3510082824637429;10.376842;-4.4015326;HighDiv_2119
AS-1211;O=C(NCCc1ccccc1)c1cnon1;1;0.4421070815832037;-23.063936;14.758496;HighDiv_2006
AS-1212;O=C(NCCc1cnn[nH]1)c1ccccc1;1;0.238145982983061;12.114606;-6.378423;Druglike_1813
AS-1213;O=C(NCCc1nnc2scnn12)c1cnon1;1;-0.74291121133362;-23.069458;14.765995;HighDiv_2253
AS-1214;O=C(NCc1cccnc1)c1ccccc1;1;-0.469494858581743;25.762629;6.18107;HighDiv_1187
AS-1215;O=C(NCc1ncn[nH]1)C1=CCC=CO1;1;0.1999768220982326;-5.4560747;19.735567;Druglike_1445
AS-1216;O=C(NOCc1ccccc1)C1CSCN1;1;0.9478393949938226;68.04843;19.720364;HighDiv_172
AS-1217;O=C(NOCc1ccccc1)c1cc[nH]n1;1;1.7313231587716689;65.55357;21.935413;HighDiv_133
AS-1218;O=C(NOCc1ccccc1)c1ncccn1;1;1.024968365241361;67.334854;20.447975;HighDiv_151
AS-1219;C(=Cc1ncn[nH]1)c1ccccc1;1;-0.6321426484302989;0.7564118;9.041953;Druglike_1971
AS-1220;O=C(NOCc1ccccc1)c1ncncn1;1;0.8551365788319585;67.37263;20.507223;HighDiv_210
AS-1221;O=C(Nc1ccccc1)C1=COCC(c2cn[nH]n2)=C1;1;1.466827541039632;-17.128517;-3.267409;Druglike_1404
AS-1222;C(#CC1C=CCCC1)c1ccno1;1;0.2009733012331299;-43.584835;10.37615;Druglike_1563
AS-1223;O=C(Nc1ccccc1)NC1CCOC1;1;1.0908997533213256;35.930824;-8.059936;HighDiv_237
AS-1224;C(=Cc1ncncn1)COc1ccccc1;1;1.3586424342486274;39.803886;-12.516493;HighDiv_88
AS-1225;O=C(Nc1ccccc1)c1nncs1;1;-0.9959587071089432;64.158615;13.295147;HighDiv_1512
AS-1226;C(=Cc1ncn[nH]1)c1cncc(-c2cc[nH]c2)c1;1;0.1205149355275181;6.549196;-52.35168;HighDiv_797
AS-1227;O=C(OC1C=CC=CC1)c1ccccc1;1;-0.4868969982402499;-0.976259;4.8693347;Druglike_1282
AS-1228;O=C(OC1CCCC1)c1ccccc1;1;1.2735835280944867;37.834362;-8.658335;HighDiv_97
AS-1229;O=C(OC1CNC1)c1ccccc1;1;-0.1192767276126151;2.4019644;3.3821316;Druglike_1610
AS-1230;O=C(OCCc1ccccc1)c1nnn[nH]1;1;-0.3469360786473848;0.46065003;-9.407863;HighDiv_2316
AS-1231;C(#CC1=CCc2ccccc21)CNCCc1cnccn1;1;1.2005149896067402;-18.629267;14.509179;Druglike_1184
