series_id;core_smiles;count;mean_activity;x_mean;y_mean;mol_ids
AS-1;c1ccccc1;941;-0.3580632092549085;29.977718;-5.0130324;HighDiv_1, HighDiv_13, HighDiv_7, HighDiv_9, HighDiv_82, HighDiv_17, HighDiv_33, HighDiv_11, HighDiv_61, HighDiv_35, Druglike_1392, HighDiv_71, HighDiv_67, Druglike_1384, HighDiv_80, HighDiv_100, HighDiv_83, HighDiv_34, HighDiv_16, Druglike_1378, HighDiv_52, HighDiv_14, HighDiv_113, HighDiv_86, HighDiv_18, HighDiv_96, Druglike_1381, HighDiv_159, HighDiv_129, HighDiv_110, HighDiv_138, HighDiv_290, HighDiv_150, HighDiv_74, HighDiv_175, HighDiv_1963, HighDiv_12, HighDiv_41, HighDiv_139, HighDiv_115, Druglike_1386, HighDiv_221, Druglike_1724, HighDiv_76, HighDiv_297, HighDiv_236, HighDiv_127, Druglike_1382, HighDiv_124, HighDiv_418, HighDiv_128, HighDiv_200, HighDiv_317, HighDiv_314, HighDiv_60, HighDiv_147, HighDiv_118, HighDiv_90, HighDiv_114, HighDiv_192, HighDiv_21, Druglike_1385, HighDiv_81, HighDiv_55, HighDiv_58, HighDiv_8, HighDiv_132, HighDiv_104, Druglike_1389, HighDiv_295, HighDiv_299, HighDiv_1973, HighDiv_183, HighDiv_205, HighDiv_64, Druglike_1391, HighDiv_446, Druglike_1387, HighDiv_137, HighDiv_443, Druglike_1390, HighDiv_223, HighDiv_281, HighDiv_47, Druglike_1070, HighDiv_152, HighDiv_228, HighDiv_125, HighDiv_123, HighDiv_173, HighDiv_280, HighDiv_368, HighDiv_111, HighDiv_62, HighDiv_234, HighDiv_193, HighDiv_1961, HighDiv_438, HighDiv_1668, HighDiv_98, HighDiv_140, Druglike_1418, HighDiv_135, HighDiv_180, HighDiv_510, Druglike_1395, HighDiv_425, HighDiv_303, HighDiv_312, HighDiv_249, HighDiv_258, HighDiv_271, HighDiv_187, Druglike_1427, Druglike_1745, Druglike_1402, Druglike_1412, HighDiv_475, HighDiv_164, HighDiv_184, HighDiv_268, HighDiv_350, HighDiv_251, Druglike_1410, HighDiv_700, HighDiv_343, HighDiv_69, HighDiv_1645, HighDiv_329, Druglike_1397, HighDiv_1684, HighDiv_614, HighDiv_888, HighDiv_344, Druglike_1843, HighDiv_1717, HighDiv_401, HighDiv_454, HighDiv_191, HighDiv_1983, HighDiv_274, HighDiv_1710, HighDiv_188, HighDiv_1986, HighDiv_257, HighDiv_313, HighDiv_457, HighDiv_157, Druglike_1394, Druglike_1400, HighDiv_324, Druglike_1851, HighDiv_361, HighDiv_346, HighDiv_1732, HighDiv_620, HighDiv_202, HighDiv_239, HighDiv_2029, HighDiv_1691, Druglike_1420, HighDiv_144, HighDiv_229, HighDiv_722, HighDiv_648, HighDiv_1630, HighDiv_245, HighDiv_284, HighDiv_369, HighDiv_417, Druglike_1832, HighDiv_1987, HighDiv_278, HighDiv_497, HighDiv_878, Druglike_1765, HighDiv_153, HighDiv_282, HighDiv_204, HighDiv_385, HighDiv_246, Druglike_1933, HighDiv_383, HighDiv_261, HighDiv_896, HighDiv_291, Druglike_167, HighDiv_248, HighDiv_1216, Druglike_1761, HighDiv_103, HighDiv_182, HighDiv_1994, HighDiv_434, HighDiv_831, HighDiv_1995, HighDiv_325, HighDiv_319, HighDiv_403, Druglike_1735, HighDiv_543, HighDiv_751, Druglike_1403, HighDiv_485, Druglike_1817, Druglike_1429, HighDiv_330, Druglike_1439, HighDiv_550, HighDiv_259, Druglike_1785, Druglike_1421, HighDiv_1092, HighDiv_1664, HighDiv_287, HighDiv_469, HighDiv_581, HighDiv_698, HighDiv_463, HighDiv_395, HighDiv_2000, Druglike_1413, Druglike_1437, HighDiv_1750, HighDiv_323, HighDiv_545, HighDiv_241, HighDiv_421, HighDiv_377, HighDiv_389, HighDiv_300, HighDiv_2097, HighDiv_2114, Druglike_265, HighDiv_316, HighDiv_563, HighDiv_378, HighDiv_426, HighDiv_402, Druglike_1881, Druglike_1434, HighDiv_351, Druglike_1406, HighDiv_1305, HighDiv_353, HighDiv_2160, HighDiv_320, HighDiv_1532, HighDiv_875, HighDiv_837, HighDiv_847, HighDiv_587, HighDiv_392, HighDiv_709, HighDiv_345, HighDiv_724, HighDiv_784, Druglike_1428, HighDiv_1225, HighDiv_424, Druglike_1830, HighDiv_596, HighDiv_365, Druglike_1544, HighDiv_755, HighDiv_532, Druglike_1432, HighDiv_216, HighDiv_696, HighDiv_828, HighDiv_506, HighDiv_453, HighDiv_491, HighDiv_955, Druglike_1398, HighDiv_416, HighDiv_349, HighDiv_747, HighDiv_488, Druglike_1590, HighDiv_770, HighDiv_661, HighDiv_537, HighDiv_393, Druglike_607, HighDiv_814, HighDiv_659, HighDiv_819, HighDiv_412, Druglike_1179, Druglike_1815, HighDiv_2056, HighDiv_1286, HighDiv_518, HighDiv_1751, HighDiv_606, HighDiv_489, HighDiv_634, HighDiv_1036, HighDiv_859, HighDiv_439, HighDiv_557, HighDiv_633, HighDiv_373, HighDiv_224, HighDiv_574, HighDiv_642, Druglike_258, HighDiv_1785, Druglike_1542, HighDiv_276, HighDiv_499, HighDiv_553, HighDiv_643, HighDiv_2041, HighDiv_707, HighDiv_1738, HighDiv_785, HighDiv_470, HighDiv_759, HighDiv_519, HighDiv_994, Druglike_1980, HighDiv_375, HighDiv_599, HighDiv_909, HighDiv_374, HighDiv_337, HighDiv_419, HighDiv_646, HighDiv_595, HighDiv_1259, HighDiv_496, HighDiv_509, Druglike_1174, HighDiv_431, HighDiv_498, HighDiv_1843, Druglike_1464, HighDiv_552, HighDiv_547, HighDiv_508, HighDiv_548, HighDiv_534, HighDiv_623, HighDiv_2127, HighDiv_685, HighDiv_1739, HighDiv_357, HighDiv_2293, HighDiv_1368, HighDiv_811, HighDiv_1364, HighDiv_1306, Druglike_422, HighDiv_825, HighDiv_1722, HighDiv_340, HighDiv_1727, HighDiv_535, HighDiv_2084, HighDiv_1424, Druglike_289, HighDiv_792, Druglike_1902, HighDiv_318, HighDiv_913, HighDiv_400, HighDiv_1013, HighDiv_567, HighDiv_972, HighDiv_520, HighDiv_551, Druglike_1865, Druglike_1622, HighDiv_2082, HighDiv_1109, HighDiv_681, HighDiv_806, Druglike_566, HighDiv_1033, HighDiv_2125, HighDiv_589, HighDiv_598, HighDiv_442, HighDiv_1660, Druglike_348, Druglike_1886, Druglike_1435, HighDiv_2080, Druglike_1454, HighDiv_935, Druglike_1762, HighDiv_2148, HighDiv_645, HighDiv_445, HighDiv_619, HighDiv_982, HighDiv_1703, HighDiv_308, HighDiv_725, HighDiv_1791, Druglike_1534, HighDiv_877, HighDiv_388, HighDiv_1871, HighDiv_695, Druglike_1938, HighDiv_635, HighDiv_524, HighDiv_758, HighDiv_639, HighDiv_931, Druglike_591, HighDiv_533, Druglike_754, HighDiv_776, HighDiv_686, HighDiv_1746, HighDiv_2211, HighDiv_934, HighDiv_802, HighDiv_530, HighDiv_273, Druglike_477, Druglike_217, HighDiv_2090, HighDiv_1081, HighDiv_1174, Druglike_1935, HighDiv_650, HighDiv_862, HighDiv_2074, HighDiv_656, HighDiv_957, HighDiv_2139, HighDiv_1283, HighDiv_516, HighDiv_868, Druglike_1567, HighDiv_2177, Druglike_1472, HighDiv_549, Druglike_1480, Druglike_1574, HighDiv_632, HighDiv_2069, HighDiv_521, Druglike_2003, HighDiv_1896, HighDiv_577, HighDiv_899, HighDiv_1098, HighDiv_727, Druglike_457, HighDiv_1051, HighDiv_969, Druglike_458, HighDiv_718, HighDiv_2193, Druglike_1875, Druglike_223, HighDiv_810, HighDiv_604, HighDiv_1905, HighDiv_462, HighDiv_1420, Druglike_387, HighDiv_2149, HighDiv_481, HighDiv_1007, Druglike_1211, HighDiv_458, HighDiv_367, HighDiv_1924, HighDiv_612, HighDiv_507, HighDiv_493, HighDiv_820, HighDiv_823, HighDiv_542, Druglike_473, HighDiv_761, Druglike_1509, HighDiv_2294, HighDiv_879, HighDiv_1782, Druglike_324, HighDiv_845, HighDiv_1121, HighDiv_2089, HighDiv_467, Druglike_834, HighDiv_945, HighDiv_915, HighDiv_2138, HighDiv_690, HighDiv_1157, HighDiv_829, HighDiv_1788, HighDiv_1926, HighDiv_655, Druglike_1229, HighDiv_528, Druglike_1967, HighDiv_1131, HighDiv_908, HighDiv_593, Druglike_686, HighDiv_703, HighDiv_658, Druglike_2038, HighDiv_649, HighDiv_689, HighDiv_1161, Druglike_1219, Druglike_1351, Druglike_1608, Druglike_725, HighDiv_1353, HighDiv_999, Druglike_1447, HighDiv_805, HighDiv_1163, HighDiv_766, HighDiv_786, HighDiv_863, Druglike_2016, HighDiv_864, HighDiv_739, HighDiv_663, HighDiv_1307, HighDiv_399, Druglike_2041, HighDiv_630, HighDiv_621, HighDiv_1831, HighDiv_1118, Druglike_318, HighDiv_948, HighDiv_777, HighDiv_1434, HighDiv_578, HighDiv_680, HighDiv_783, HighDiv_1792, HighDiv_697, Druglike_346, HighDiv_2156, HighDiv_2217, HighDiv_1066, HighDiv_1475, HighDiv_2093, HighDiv_855, Druglike_1644, HighDiv_942, HighDiv_929, HighDiv_2124, HighDiv_603, HighDiv_2163, HighDiv_479, HighDiv_2136, HighDiv_558, HighDiv_926, HighDiv_963, Druglike_1708, HighDiv_874, HighDiv_673, HighDiv_995, HighDiv_1038, HighDiv_1126, HighDiv_1776, HighDiv_854, HighDiv_1378, HighDiv_752, HighDiv_950, Druglike_1684, Druglike_1517, HighDiv_1428, HighDiv_1427, Druglike_370, HighDiv_1839, HighDiv_1676, Druglike_2073, HighDiv_671, HighDiv_1662, HighDiv_846, HighDiv_1028, HighDiv_568, HighDiv_1067, HighDiv_1171, HighDiv_1160, HighDiv_1002, HighDiv_856, HighDiv_2290, HighDiv_807, HighDiv_763, HighDiv_733, HighDiv_676, HighDiv_2306, HighDiv_1026, HighDiv_1037, HighDiv_605, HighDiv_891, HighDiv_433, HighDiv_2233, HighDiv_1128, Druglike_1905, HighDiv_925, HighDiv_597, HighDiv_576, HighDiv_740, Druglike_1326, HighDiv_1159, HighDiv_1464, HighDiv_892, HighDiv_1920, HighDiv_914, HighDiv_734, HighDiv_1078, HighDiv_1816, Druglike_599, Druglike_1532, HighDiv_932, HighDiv_2188, HighDiv_789, HighDiv_2150, HighDiv_1012, HighDiv_880, HighDiv_2151, HighDiv_1810, HighDiv_742, HighDiv_1857, HighDiv_1000, HighDiv_1018, HighDiv_967, HighDiv_1120, HighDiv_919, Druglike_1511, HighDiv_826, HighDiv_1168, HighDiv_1505, HighDiv_949, HighDiv_998, HighDiv_1355, Druglike_1899, HighDiv_1416, HighDiv_2197, HighDiv_910, Druglike_1550, Druglike_1582, HighDiv_1822, HighDiv_1195, HighDiv_678, HighDiv_2116, HighDiv_849, Druglike_706, HighDiv_2208, Druglike_2032, HighDiv_1142, Druglike_680, HighDiv_887, Druglike_1983, HighDiv_1883, HighDiv_1509, HighDiv_1765, Druglike_1018, Druglike_864, Druglike_806, HighDiv_2200, HighDiv_2206, HighDiv_1141, HighDiv_905, HighDiv_2146, HighDiv_1470, HighDiv_464, Druglike_695, Druglike_480, HighDiv_843, Druglike_1203, HighDiv_1137, HighDiv_692, HighDiv_841, HighDiv_2234, Druglike_209, HighDiv_1725, HighDiv_1689, Druglike_1556, Druglike_471, HighDiv_1124, HighDiv_1133, HighDiv_858, Druglike_488, HighDiv_1052, Druglike_732, HighDiv_1443, HighDiv_1806, Druglike_679, HighDiv_2184, HighDiv_918, Druglike_1910, HighDiv_1741, HighDiv_1190, HighDiv_796, HighDiv_1191, Druglike_1602, Druglike_1940, HighDiv_1138, HighDiv_1156, HighDiv_2240, Druglike_2024, HighDiv_885, HighDiv_997, Druglike_712, Druglike_1669, HighDiv_1147, HighDiv_1813, Druglike_1620, HighDiv_1186, Druglike_713, HighDiv_1146, Druglike_1667, HighDiv_1418, HighDiv_2128, HighDiv_2202, HighDiv_1777, HighDiv_1526, Druglike_1607, HighDiv_975, HighDiv_2248, Druglike_772, Druglike_873, Druglike_783, HighDiv_2135, Druglike_1699, HighDiv_731, HighDiv_1455, HighDiv_1167, HighDiv_954, HighDiv_872, HighDiv_1166, HighDiv_793, Druglike_936, Druglike_299, HighDiv_683, HighDiv_1441, HighDiv_1906, HighDiv_2279, HighDiv_1466, Druglike_1624, HighDiv_1740, Druglike_957, Druglike_926, HighDiv_1057, HighDiv_1790, Druglike_943, HighDiv_666, Druglike_556, HighDiv_1130, HighDiv_981, HighDiv_1008, HighDiv_622, Druglike_669, HighDiv_2285, HighDiv_1031, Druglike_1504, HighDiv_1486, HighDiv_939, Druglike_2017, Druglike_1609, Druglike_1297, HighDiv_1053, HighDiv_1452, HighDiv_1127, Druglike_1686, HighDiv_1819, HighDiv_857, HighDiv_778, Druglike_1568, HighDiv_1805, HighDiv_1085, HighDiv_898, HighDiv_853, HighDiv_2296, HighDiv_2189, Druglike_1877, HighDiv_1325, HighDiv_1912, HighDiv_2176, HighDiv_2166, HighDiv_952, HighDiv_2172, Druglike_1347, HighDiv_1754, HighDiv_1459, HighDiv_1500, HighDiv_886, HighDiv_2281, HighDiv_2216, HighDiv_2311, HighDiv_1771, Druglike_989, HighDiv_1075, HighDiv_2252, HighDiv_1561, HighDiv_2241, HighDiv_1003, HighDiv_1193, HighDiv_2186, HighDiv_1122, HighDiv_1826, HighDiv_1123, HighDiv_1009, HighDiv_1576, HighDiv_1103, HighDiv_1916, HighDiv_1093, HighDiv_2153, Druglike_1690, HighDiv_1410, HighDiv_2254, HighDiv_1024, HighDiv_852, HighDiv_1929, HighDiv_894, HighDiv_1541, HighDiv_1185, HighDiv_1077, HighDiv_2272, HighDiv_1372, HighDiv_1125, HighDiv_1880, HighDiv_901, HighDiv_1855, HighDiv_1848, HighDiv_971, HighDiv_1145, HighDiv_2327, HighDiv_1795, HighDiv_1866, HighDiv_1086, HighDiv_1781, HighDiv_2220, HighDiv_1047, HighDiv_1471, Druglike_1635, HighDiv_1547, HighDiv_1841, HighDiv_1729, HighDiv_2261, HighDiv_1143, HighDiv_1536, HighDiv_1087, Druglike_1332, Druglike_920, Druglike_1703, HighDiv_1823, HighDiv_876, HighDiv_1068, HighDiv_921, HighDiv_1849, HighDiv_1778, Druglike_833, HighDiv_2328, Druglike_974, HighDiv_1549, HighDiv_1885, HighDiv_1904, Druglike_825, HighDiv_990, Druglike_817, HighDiv_1091, HighDiv_1899, Druglike_956, HighDiv_1499, HighDiv_2205, HighDiv_1514, HighDiv_930, HighDiv_817, HighDiv_1845, HighDiv_1769, HighDiv_1553, Druglike_935, HighDiv_2196, HighDiv_1844, HighDiv_1556, HighDiv_1774, HighDiv_1891, HighDiv_1909, HighDiv_1164, HighDiv_2274, HighDiv_1793, HighDiv_1873, HighDiv_2312, HighDiv_1115, HighDiv_1445, HighDiv_947, Druglike_1692, HighDiv_1579, HighDiv_1767, Druglike_1714, HighDiv_2310, HighDiv_1039, HighDiv_1097, HighDiv_1521, HighDiv_2236, Druglike_2000, HighDiv_799, HighDiv_1853, Druglike_1339, Druglike_1639, HighDiv_1479, HighDiv_1488, Druglike_1709, HighDiv_1868, HighDiv_1796, HighDiv_1672, HighDiv_1832, HighDiv_2297, HighDiv_1882, HighDiv_1552, Druglike_872, HighDiv_1572, Druglike_2071, HighDiv_1872, HighDiv_1090, Druglike_856, HighDiv_2289, HighDiv_1903, HighDiv_1860, HighDiv_1794, HighDiv_1783, HighDiv_965, HighDiv_1907, Druglike_1044, HighDiv_2284, HighDiv_1876, HighDiv_1911, HighDiv_1158, HighDiv_1898, HighDiv_1915
AS-2;O=C1NCCN1c1ccccc1;146;0.03407058434799792;-6.9428735;72.595894;HighDiv_73, HighDiv_167, HighDiv_57, HighDiv_43, HighDiv_211, HighDiv_117, HighDiv_212, HighDiv_371, HighDiv_292, HighDiv_289, HighDiv_226, HighDiv_189, HighDiv_342, HighDiv_294, HighDiv_91, HighDiv_360, HighDiv_206, HighDiv_492, HighDiv_48, HighDiv_415, HighDiv_586, HighDiv_472, HighDiv_480, HighDiv_207, HighDiv_263, HighDiv_270, HighDiv_225, HighDiv_384, HighDiv_143, HighDiv_333, HighDiv_366, HighDiv_250, HighDiv_230, HighDiv_511, HighDiv_451, HighDiv_640, HighDiv_515, HighDiv_277, HighDiv_363, HighDiv_334, HighDiv_505, HighDiv_571, HighDiv_592, HighDiv_699, HighDiv_145, HighDiv_231, HighDiv_380, HighDiv_359, HighDiv_398, HighDiv_338, HighDiv_381, HighDiv_555, HighDiv_525, HighDiv_405, HighDiv_427, HighDiv_710, HighDiv_483, HighDiv_775, HighDiv_311, HighDiv_565, HighDiv_652, HighDiv_602, HighDiv_708, HighDiv_449, HighDiv_569, HighDiv_348, HighDiv_503, HighDiv_376, HighDiv_715, HighDiv_414, HighDiv_304, HighDiv_720, HighDiv_487, HighDiv_512, HighDiv_753, HighDiv_559, HighDiv_711, HighDiv_667, HighDiv_943, HighDiv_705, HighDiv_471, HighDiv_1760, HighDiv_517, HighDiv_356, HighDiv_450, HighDiv_944, HighDiv_920, HighDiv_601, HighDiv_185, HighDiv_812, HighDiv_730, HighDiv_714, HighDiv_501, HighDiv_723, HighDiv_391, HighDiv_591, HighDiv_719, HighDiv_240, HighDiv_572, HighDiv_772, HighDiv_839, HighDiv_627, HighDiv_702, HighDiv_536, HighDiv_962, HighDiv_844, HighDiv_638, HighDiv_600, HighDiv_830, HighDiv_821, HighDiv_865, HighDiv_579, HighDiv_827, HighDiv_1061, HighDiv_996, HighDiv_897, HighDiv_991, HighDiv_694, HighDiv_953, HighDiv_1189, HighDiv_1030, HighDiv_1184, HighDiv_1035, HighDiv_809, HighDiv_1076, HighDiv_813, HighDiv_1153, HighDiv_1014, HighDiv_824, HighDiv_1096, HighDiv_1010, HighDiv_933, HighDiv_1180, HighDiv_1016, HighDiv_818, HighDiv_1043, HighDiv_1170, HighDiv_756, HighDiv_1116, HighDiv_1074, HighDiv_884, HighDiv_1134, HighDiv_1135, HighDiv_1050, HighDiv_1101, HighDiv_1155
AS-3;c1ccncc1;136;-0.5552213667700582;27.317528;28.759205;HighDiv_1223, HighDiv_1266, HighDiv_1351, HighDiv_1254, HighDiv_1297, HighDiv_1241, HighDiv_1249, HighDiv_1272, HighDiv_1263, HighDiv_2002, HighDiv_1304, HighDiv_1289, HighDiv_1221, HighDiv_1383, HighDiv_1339, HighDiv_1334, HighDiv_1261, HighDiv_1336, HighDiv_1319, HighDiv_1469, HighDiv_1395, HighDiv_1292, HighDiv_1346, HighDiv_2013, HighDiv_1330, HighDiv_1462, HighDiv_1565, Druglike_682, HighDiv_1361, HighDiv_1460, HighDiv_1350, HighDiv_1331, HighDiv_1491, HighDiv_1369, HighDiv_1411, HighDiv_2053, HighDiv_2051, HighDiv_1365, HighDiv_1317, HighDiv_1478, HighDiv_1490, HighDiv_1281, HighDiv_1484, HighDiv_1429, Druglike_1949, HighDiv_1483, HighDiv_1436, HighDiv_1344, HighDiv_1403, HighDiv_1543, HighDiv_1493, HighDiv_1457, HighDiv_1379, Druglike_195, HighDiv_1550, HighDiv_765, HighDiv_1347, HighDiv_1412, HighDiv_1539, Druglike_1997, HighDiv_1558, HighDiv_1072, Druglike_404, HighDiv_1468, HighDiv_1497, Druglike_1790, HighDiv_1518, HighDiv_1494, Druglike_990, HighDiv_1419, HighDiv_526, HighDiv_1749, HighDiv_1578, Druglike_433, HighDiv_966, Druglike_2034, HighDiv_1571, HighDiv_1544, HighDiv_629, Druglike_744, Druglike_850, Druglike_1989, HighDiv_1413, HighDiv_2065, HighDiv_1573, HighDiv_2168, HighDiv_1508, HighDiv_1577, HighDiv_1467, HighDiv_1560, Druglike_675, Druglike_2064, HighDiv_2221, HighDiv_2278, Druglike_255, HighDiv_2107, HighDiv_2173, Druglike_405, Druglike_530, HighDiv_984, HighDiv_1144, Druglike_1974, HighDiv_870, HighDiv_1835, Druglike_771, HighDiv_1152, HighDiv_2256, Druglike_1685, HighDiv_2112, HighDiv_1886, HighDiv_1554, HighDiv_2132, HighDiv_2158, Druglike_1988, Druglike_653, Druglike_536, Druglike_842, Druglike_839, HighDiv_1932, HighDiv_2174, HighDiv_2222, HighDiv_2227, Druglike_1869, Druglike_2002, HighDiv_2308, HighDiv_2131, HighDiv_1540, Druglike_950, Druglike_1990, HighDiv_2154, Druglike_2033, HighDiv_2218, Druglike_980, HighDiv_1836, HighDiv_2304, HighDiv_2307
AS-4;O=C(c1ccc(-c2ccccc2)[nH]1)c1nc(=O)o[nH]1;101;1.4771732183076443;-80.25117;-11.961108;Druglike_33, Druglike_38, Druglike_26, Druglike_7, Druglike_6, Druglike_46, Druglike_25, Druglike_44, Druglike_63, Druglike_15, Druglike_27, Druglike_45, Druglike_69, Druglike_34, Druglike_9, Druglike_17, Druglike_52, Druglike_60, Druglike_85, Druglike_32, Druglike_67, Druglike_42, Druglike_57, Druglike_75, Druglike_39, Druglike_54, Druglike_65, Druglike_48, Druglike_93, Druglike_66, Druglike_59, Druglike_78, Druglike_105, Druglike_77, Druglike_165, Druglike_129, Druglike_123, Druglike_90, Druglike_72, Druglike_171, Druglike_84, Druglike_113, Druglike_107, Druglike_49, Druglike_100, Druglike_135, Druglike_124, Druglike_137, Druglike_125, Druglike_71, Druglike_156, Druglike_197, Druglike_112, Druglike_142, Druglike_96, Druglike_109, Druglike_178, Druglike_108, Druglike_87, Druglike_180, Druglike_110, Druglike_117, Druglike_127, Druglike_120, Druglike_138, Druglike_182, Druglike_126, Druglike_141, Druglike_251, Druglike_266, Druglike_208, Druglike_184, Druglike_159, Druglike_151, Druglike_131, Druglike_226, Druglike_173, Druglike_211, Druglike_203, Druglike_152, Druglike_153, Druglike_191, Druglike_157, Druglike_104, Druglike_249, Druglike_373, Druglike_263, Druglike_207, Druglike_264, Druglike_256, Druglike_300, Druglike_239, Druglike_401, Druglike_241, Druglike_374, Druglike_257, Druglike_380, Druglike_309, Druglike_436, Druglike_321, Druglike_496
AS-5;c1ccc(-c2cn[nH]n2)cc1;91;-0.1959277474939336;-11.432337;34.220695;Druglike_102, Druglike_1729, Druglike_58, Druglike_81, Druglike_186, Druglike_297, Druglike_205, Druglike_423, Druglike_360, Druglike_229, Druglike_206, Druglike_296, Druglike_320, Druglike_221, Druglike_313, Druglike_375, Druglike_243, Druglike_236, Druglike_200, Druglike_362, Druglike_325, Druglike_389, Druglike_155, Druglike_344, Druglike_210, Druglike_390, Druglike_345, Druglike_414, Druglike_519, Druglike_350, Druglike_179, Druglike_474, Druglike_269, Druglike_310, Druglike_552, Druglike_470, Druglike_336, Druglike_446, Druglike_455, Druglike_522, Druglike_661, Druglike_532, Druglike_484, Druglike_490, Druglike_576, Druglike_449, Druglike_529, Druglike_425, Druglike_486, Druglike_1042, Druglike_443, Druglike_637, Druglike_394, Druglike_615, Druglike_1029, Druglike_543, Druglike_614, Druglike_337, Druglike_285, Druglike_727, Druglike_444, Druglike_538, Druglike_339, Druglike_666, Druglike_533, Druglike_279, Druglike_626, Druglike_613, Druglike_535, Druglike_651, Druglike_703, Druglike_330, Druglike_280, Druglike_268, Druglike_696, Druglike_869, Druglike_782, Druglike_882, Druglike_797, Druglike_485, Druglike_515, Druglike_600, Druglike_655, Druglike_674, Druglike_747, Druglike_668, Druglike_853, Druglike_743, Druglike_968, Druglike_765, Druglike_947
AS-6;c1ccc(-c2c[nH]cn2)cc1;84;0.5882365530362166;-3.3184056;-78.066986;HighDiv_1936, HighDiv_1938, HighDiv_1944, HighDiv_1935, HighDiv_1939, HighDiv_1945, HighDiv_1949, HighDiv_1953, HighDiv_1950, HighDiv_1947, HighDiv_1966, HighDiv_1951, HighDiv_1946, HighDiv_1952, HighDiv_1956, HighDiv_1955, HighDiv_1979, HighDiv_1957, HighDiv_1968, HighDiv_1964, HighDiv_1972, HighDiv_1960, HighDiv_1958, HighDiv_1976, HighDiv_1978, HighDiv_2003, HighDiv_1965, HighDiv_1980, HighDiv_1975, HighDiv_1967, HighDiv_1969, HighDiv_1962, HighDiv_1974, HighDiv_2019, HighDiv_2011, HighDiv_1998, HighDiv_2005, HighDiv_2015, HighDiv_1988, HighDiv_2017, HighDiv_2021, HighDiv_2010, HighDiv_2108, HighDiv_2004, HighDiv_2038, HighDiv_2028, HighDiv_2018, HighDiv_1989, HighDiv_2025, HighDiv_1971, HighDiv_2058, HighDiv_2046, HighDiv_2034, HighDiv_2094, HighDiv_2079, HighDiv_2016, HighDiv_1991, HighDiv_2076, HighDiv_2085, HighDiv_2052, HighDiv_2087, HighDiv_2101, HighDiv_2036, HighDiv_2140, HighDiv_2043, HighDiv_2100, HighDiv_2072, HighDiv_2067, HighDiv_2095, HighDiv_2057, HighDiv_2121, HighDiv_2126, HighDiv_2141, HighDiv_2109, HighDiv_2155, HighDiv_2152, HighDiv_2104, HighDiv_2213, HighDiv_2226, HighDiv_2245, HighDiv_2192, HighDiv_2183, HighDiv_2170, HighDiv_2223
AS-7;c1cncnc1;60;-0.619439054982454;-29.194204;12.103948;Druglike_295, Druglike_147, Druglike_148, Druglike_356, Druglike_132, Druglike_349, Druglike_213, HighDiv_2102, Druglike_88, Druglike_294, Druglike_395, Druglike_432, Druglike_273, Druglike_501, Druglike_469, Druglike_701, Druglike_728, Druglike_568, Druglike_564, Druglike_244, Druglike_452, Druglike_590, Druglike_347, Druglike_354, Druglike_242, Druglike_773, Druglike_417, Druglike_283, Druglike_756, Druglike_454, Druglike_358, Druglike_734, Druglike_319, Druglike_562, Druglike_977, Druglike_634, Druglike_961, Druglike_531, Druglike_657, Druglike_580, Druglike_662, Druglike_852, Druglike_502, HighDiv_2265, Druglike_583, Druglike_685, Druglike_585, Druglike_525, Druglike_933, Druglike_945, Druglike_800, Druglike_770, Druglike_914, Druglike_476, Druglike_801, Druglike_1047, Druglike_970, Druglike_965, Druglike_1013, Druglike_1003
AS-8;O=c1ccc(-c2cnco2)n[nH]1;57;-0.0016440620829700186;-54.45511;-25.18593;Druglike_1074, Druglike_1078, Druglike_1133, Druglike_1132, Druglike_1152, Druglike_1092, Druglike_1122, Druglike_1106, Druglike_1160, Druglike_1135, Druglike_1130, Druglike_1171, Druglike_1164, Druglike_1141, Druglike_1226, Druglike_1193, Druglike_1162, Druglike_1214, Druglike_1177, Druglike_1221, Druglike_1215, Druglike_1230, Druglike_1172, Druglike_1237, Druglike_1341, Druglike_1206, Druglike_1183, Druglike_1166, Druglike_1212, Druglike_1191, Druglike_1186, Druglike_1246, Druglike_1190, Druglike_1168, Druglike_1192, Druglike_1200, Druglike_1235, Druglike_1173, Druglike_1205, Druglike_1236, Druglike_1224, Druglike_1292, Druglike_1232, Druglike_1185, Druglike_1334, Druglike_1314, Druglike_1348, Druglike_1296, Druglike_1298, Druglike_1331, Druglike_1319, Druglike_1259, Druglike_1310, Druglike_1362, Druglike_1335, Druglike_1343, Druglike_1354
AS-9;O=c1cc[nH]c(-c2ccccc2)c1;51;0.2667535957560362;-26.271875;-24.619394;Druglike_1739, Druglike_1736, Druglike_1741, Druglike_1742, Druglike_1744, Druglike_1791, Druglike_1781, Druglike_1734, Druglike_1751, Druglike_1753, Druglike_1760, Druglike_1746, Druglike_1840, Druglike_1853, Druglike_1758, Druglike_1846, Druglike_1768, Druglike_1874, Druglike_1789, Druglike_1833, Druglike_1862, Druglike_1810, Druglike_1759, Druglike_1773, Druglike_1756, Druglike_1911, Druglike_1855, Druglike_1774, Druglike_1821, Druglike_1931, Druglike_1906, Druglike_1868, Druglike_1880, Druglike_1887, Druglike_1954, Druglike_2006, Druglike_1839, Druglike_1890, Druglike_1917, Druglike_1898, Druglike_1927, Druglike_1876, Druglike_1892, Druglike_2037, Druglike_1864, Druglike_1992, Druglike_2021, Druglike_1984, Druglike_2063, Druglike_2046, Druglike_2075
AS-10;c1cnoc1;51;-1.0001251517060663;-54.429638;22.326248;Druglike_133, Druglike_99, Druglike_101, Druglike_222, Druglike_559, Druglike_798, Druglike_588, Druglike_670, Druglike_1577, Druglike_815, Druglike_708, Druglike_553, Druglike_524, Druglike_647, Druglike_887, Druglike_723, Druglike_741, Druglike_569, Druglike_606, Druglike_835, Druglike_791, Druglike_684, Druglike_521, Druglike_2077, Druglike_792, Druglike_851, Druglike_759, Druglike_841, Druglike_893, Druglike_424, Druglike_558, Druglike_612, Druglike_909, Druglike_885, Druglike_799, Druglike_930, Druglike_919, Druglike_921, Druglike_862, Druglike_813, Druglike_774, Druglike_859, Druglike_993, Druglike_740, Druglike_879, Druglike_969, Druglike_865, Druglike_1017, Druglike_985, Druglike_908, Druglike_946
AS-11;c1ccc(-c2ncn[nH]2)nc1;47;0.10695193394497916;-27.984554;-67.89583;HighDiv_89, HighDiv_142, HighDiv_158, HighDiv_174, HighDiv_131, HighDiv_105, HighDiv_149, HighDiv_168, HighDiv_179, HighDiv_84, HighDiv_341, HighDiv_432, HighDiv_214, HighDiv_264, HighDiv_529, HighDiv_68, HighDiv_134, HighDiv_109, HighDiv_429, HighDiv_527, HighDiv_397, HighDiv_406, HighDiv_787, HighDiv_310, HighDiv_222, HighDiv_611, HighDiv_404, HighDiv_130, HighDiv_358, HighDiv_302, HighDiv_769, HighDiv_460, HighDiv_679, HighDiv_265, HighDiv_262, HighDiv_513, HighDiv_625, HighDiv_832, HighDiv_306, HighDiv_539, HighDiv_430, HighDiv_447, HighDiv_370, HighDiv_1117, HighDiv_816, HighDiv_736, HighDiv_1151
AS-12;c1ccc2c(c1)NCO2;39;-0.1464177871411428;-26.253729;50.376404;Druglike_130, Druglike_272, Druglike_383, Druglike_316, Druglike_234, Druglike_507, Druglike_604, Druglike_554, Druglike_463, Druglike_381, Druglike_308, Druglike_396, Druglike_332, Druglike_467, Druglike_464, Druglike_795, Druglike_546, Druglike_827, Druglike_694, Druglike_897, Druglike_721, Druglike_826, Druglike_623, Druglike_527, Druglike_1041, Druglike_520, Druglike_298, Druglike_903, Druglike_972, Druglike_810, Druglike_610, Druglike_971, Druglike_861, Druglike_724, Druglike_638, Druglike_870, Druglike_409, Druglike_942, Druglike_753
AS-13;c1ccc(-c2cccnc2)cc1;39;0.6713408584383479;28.2208;29.299557;HighDiv_15, HighDiv_1200, HighDiv_1219, HighDiv_1232, HighDiv_1217, HighDiv_1229, HighDiv_1211, HighDiv_1210, HighDiv_1214, HighDiv_1251, HighDiv_1244, HighDiv_1268, HighDiv_1256, HighDiv_1277, HighDiv_1628, HighDiv_1257, HighDiv_1255, HighDiv_1285, HighDiv_1448, HighDiv_1282, HighDiv_1308, HighDiv_1380, HighDiv_1287, HighDiv_1342, HighDiv_1405, HighDiv_1348, HighDiv_1295, HighDiv_1384, HighDiv_1303, HighDiv_1400, HighDiv_1426, HighDiv_1492, HighDiv_1474, HighDiv_1463, HighDiv_1482, HighDiv_1874, HighDiv_1535, HighDiv_1548, HighDiv_1430
AS-14;c1cc[nH]c1;37;-0.8523046043524005;-16.836914;-0.35841712;Druglike_1730, HighDiv_178, Druglike_1834, Druglike_1782, Druglike_1979, Druglike_1932, Druglike_1793, HighDiv_1337, Druglike_1519, Druglike_1835, Druglike_1956, Druglike_1995, Druglike_1459, Druglike_1824, Druglike_1811, Druglike_1489, Druglike_1922, Druglike_2005, Druglike_2067, Druglike_1991, Druglike_1518, Druglike_2012, Druglike_1595, HighDiv_977, Druglike_2042, Druglike_1548, Druglike_1501, Druglike_2045, Druglike_1884, Druglike_2072, Druglike_1950, Druglike_1594, Druglike_700, Druglike_2029, Druglike_2057, Druglike_1717, HighDiv_2237
AS-15;C(=CC1=CCCO1)Cc1ccno1;33;0.11074360756219621;-67.26287;17.615498;Druglike_1087, Druglike_1083, Druglike_1112, Druglike_1109, Druglike_1084, Druglike_1102, Druglike_1138, Druglike_1126, Druglike_1116, Druglike_1142, Druglike_1163, Druglike_1139, Druglike_1128, Druglike_1198, Druglike_1202, Druglike_1182, Druglike_1207, Druglike_1208, Druglike_1188, Druglike_1234, Druglike_1175, Druglike_1220, Druglike_1213, Druglike_1323, Druglike_1308, Druglike_1247, Druglike_1270, Druglike_1252, Druglike_1320, Druglike_1302, Druglike_1261, Druglike_1280, Druglike_1304
AS-16;c1ccc(-c2ccccc2)cc1;32;0.4138555777282013;16.654884;-3.4492936;HighDiv_1199, HighDiv_1595, HighDiv_1612, HighDiv_1591, HighDiv_1609, HighDiv_1621, HighDiv_1276, HighDiv_2026, HighDiv_1643, HighDiv_1635, HighDiv_1320, HighDiv_1326, HighDiv_1640, HighDiv_1301, HighDiv_767, HighDiv_1677, HighDiv_1316, Druglike_393, HighDiv_1059, HighDiv_1444, HighDiv_1923, HighDiv_1435, HighDiv_1442, HighDiv_1723, HighDiv_964, Druglike_514, HighDiv_1527, HighDiv_1758, HighDiv_1797, HighDiv_1524, HighDiv_1551, HighDiv_842
AS-17;O=c1cc[nH]c(-c2nnco2)c1;30;-0.10949607216173905;-35.61611;-19.247005;Druglike_1737, Druglike_1787, Druglike_1802, Druglike_1818, Druglike_1808, Druglike_1807, Druglike_1783, Druglike_1893, Druglike_1860, Druglike_1805, Druglike_1926, Druglike_1863, Druglike_1842, Druglike_1947, Druglike_1848, Druglike_1943, Druglike_1924, Druglike_2015, Druglike_1894, Druglike_1847, Druglike_1968, Druglike_2069, Druglike_2008, Druglike_2001, Druglike_2009, Druglike_2010, Druglike_2022, Druglike_1965, Druglike_1951, Druglike_1912
AS-18;c1ccc(-c2cc[nH]c2)cc1;28;0.5137945440617362;42.10659;-43.219624;HighDiv_38, HighDiv_42, HighDiv_40, HighDiv_54, HighDiv_56, HighDiv_106, HighDiv_217, HighDiv_72, HighDiv_53, HighDiv_252, HighDiv_315, HighDiv_238, HighDiv_364, HighDiv_296, HighDiv_266, HighDiv_456, HighDiv_459, HighDiv_382, HighDiv_440, HighDiv_219, HighDiv_461, HighDiv_309, HighDiv_712, HighDiv_737, HighDiv_500, HighDiv_436, HighDiv_610, HighDiv_881
AS-19;c1cocn1;25;-0.5752847892115421;-53.158047;4.811585;HighDiv_95, HighDiv_326, HighDiv_409, HighDiv_588, HighDiv_735, HighDiv_590, HighDiv_636, HighDiv_741, HighDiv_911, HighDiv_902, HighDiv_1102, HighDiv_1104, HighDiv_804, HighDiv_968, HighDiv_1032, HighDiv_1094, HighDiv_794, HighDiv_1045, HighDiv_1079, HighDiv_927, HighDiv_1150, HighDiv_1173, HighDiv_1108, HighDiv_1149, HighDiv_768
AS-20;c1cc(-c2cnc[nH]2)c[nH]1;24;-0.3090693885510873;-37.979427;-3.272977;Druglike_1440, Druglike_1444, Druglike_1457, Druglike_1477, Druglike_1455, Druglike_1503, Druglike_1465, Druglike_1679, Druglike_1535, Druglike_1585, Druglike_1575, Druglike_1674, Druglike_1572, Druglike_1521, Druglike_1541, Druglike_1612, Druglike_1611, Druglike_1596, Druglike_1705, Druglike_1642, Druglike_1647, Druglike_1688, Druglike_1712, Druglike_1665
AS-21;O=C(c1cc[nH]c1)c1ncc(C=Cc2ccccc2)cn1;22;0.8730416002481305;-38.615658;-46.149834;Druglike_1120, Druglike_1115, Druglike_1049, Druglike_1054, Druglike_1089, Druglike_1088, Druglike_1072, Druglike_1064, Druglike_1157, Druglike_1062, Druglike_1155, Druglike_1125, Druglike_1073, Druglike_1058, Druglike_1121, Druglike_1113, Druglike_1066, Druglike_1076, Druglike_1065, Druglike_1090, Druglike_1086, Druglike_1068
AS-22;C1=COC=CC1;22;-0.562055180709889;-14.625867;11.932302;Druglike_86, Druglike_286, Druglike_1431, Druglike_335, Druglike_338, Druglike_388, Druglike_1471, Druglike_367, Druglike_1441, Druglike_1496, Druglike_317, Druglike_918, Druglike_871, Druglike_884, Druglike_1482, Druglike_516, Druglike_1631, Druglike_1598, Druglike_1499, Druglike_1600, Druglike_1001, Druglike_1676
AS-23;c1ccc(CCc2ccccc2)cc1;21;0.9021216687391155;16.164055;-5.0197363;HighDiv_1659, HighDiv_102, HighDiv_1627, HighDiv_1592, HighDiv_1666, HighDiv_1614, HighDiv_1629, HighDiv_1670, HighDiv_203, HighDiv_1675, HighDiv_1622, HighDiv_1623, HighDiv_1637, Druglike_174, HighDiv_1829, HighDiv_1714, Druglike_225, Druglike_794, HighDiv_2201, HighDiv_1802, HighDiv_893
AS-24;c1ccc([SH+]c2ccccc2)cc1;21;0.2831052341915507;22.93986;-63.005867;HighDiv_1650, HighDiv_1633, HighDiv_1634, HighDiv_1686, HighDiv_1720, HighDiv_1692, HighDiv_1671, HighDiv_1674, HighDiv_1698, HighDiv_1683, HighDiv_1687, HighDiv_1709, HighDiv_1752, HighDiv_1744, HighDiv_1743, HighDiv_1784, HighDiv_1902, HighDiv_1889, HighDiv_1745, HighDiv_1809, HighDiv_1865
AS-25;O=C(c1ccc[nH]1)c1nc(=O)o[nH]1;21;-0.17756150091263787;-73.5475;-6.8676233;Druglike_275, Druglike_352, Druglike_595, Druglike_378, Druglike_518, Druglike_503, Druglike_1011, Druglike_584, Druglike_1045, Druglike_938, Druglike_779, Druglike_889, Druglike_760, Druglike_904, Druglike_875, Druglike_1010, Druglike_822, Druglike_867, Druglike_1021, Druglike_992, Druglike_878
AS-26;O=C1C=CC(C=Cc2cccnc2)N1;20;0.13676235950450424;-13.001561;-54.308716;Druglike_16, Druglike_53, Druglike_106, Druglike_62, Druglike_270, Druglike_168, Druglike_145, Druglike_262, Druglike_482, Druglike_291, Druglike_334, Druglike_333, Druglike_312, Druglike_322, Druglike_392, Druglike_426, Druglike_563, Druglike_692, Druglike_1015, Druglike_876
AS-27;O=C(c1ncc(C=Cc2ccccc2)cn1)c1n[nH]c(=O)o1;19;2.219980113130772;-40.90601;-40.873528;Druglike_1050, Druglike_1052, Druglike_1051, Druglike_1060, Druglike_1059, Druglike_1057, Druglike_1053, Druglike_1079, Druglike_1055, Druglike_1094, Druglike_1096, Druglike_1095, Druglike_1105, Druglike_1101, Druglike_1114, Druglike_1097, Druglike_1107, Druglike_1124, Druglike_1165
AS-28;c1ccc(-c2ccno2)cc1;19;-0.34132856624860786;14.125612;-20.53318;HighDiv_1302, HighDiv_435, HighDiv_452, HighDiv_1363, HighDiv_1772, HighDiv_1020, HighDiv_937, HighDiv_428, HighDiv_1041, HighDiv_1084, HighDiv_1022, HighDiv_1114, HighDiv_873, HighDiv_834, HighDiv_750, HighDiv_1042, HighDiv_791, Druglike_1593, HighDiv_1095
AS-29;O=C1C=CC(=O)C(c2ccccc2)=C1;18;0.692575182870679;-19.204372;-29.550652;HighDiv_49, HighDiv_181, HighDiv_107, HighDiv_209, HighDiv_423, HighDiv_321, HighDiv_260, HighDiv_413, HighDiv_396, HighDiv_372, HighDiv_504, HighDiv_657, HighDiv_582, HighDiv_437, HighDiv_617, HighDiv_684, HighDiv_917, HighDiv_1100
AS-30;C(=Cc1nnc[nH]1)c1cccnc1;17;-0.17588688089067178;53.765064;28.86088;HighDiv_1942, HighDiv_1954, HighDiv_1948, HighDiv_2020, HighDiv_2066, HighDiv_1992, HighDiv_2165, HighDiv_2050, HighDiv_2062, HighDiv_2122, HighDiv_2115, HighDiv_2157, HighDiv_2159, HighDiv_2247, HighDiv_2214, HighDiv_2204, HighDiv_2302
AS-31;O=C(C#Cc1ccccc1)OC1CC=NC1;17;0.39469634520790325;18.88863;56.78315;Druglike_1728, Druglike_1727, Druglike_1749, Druglike_1754, Druglike_1738, Druglike_1732, Druglike_1792, Druglike_1780, Druglike_1856, Druglike_1885, Druglike_1978, Druglike_1889, Druglike_1915, Druglike_1944, Druglike_2026, Druglike_2036, Druglike_2048
AS-32;c1ccc(-c2ncno2)cc1;16;-0.25956816430535024;20.258818;-36.696743;HighDiv_444, HighDiv_960, HighDiv_924, HighDiv_573, HighDiv_749, HighDiv_1054, HighDiv_677, HighDiv_906, HighDiv_1083, HighDiv_1110, HighDiv_1129, HighDiv_988, HighDiv_788, HighDiv_1188, HighDiv_1029, HighDiv_1055
AS-33;O=C1C=C(CC=Cc2ccccc2)C(=O)N1;15;0.6205908009023468;-6.5677876;-41.734962;HighDiv_66, HighDiv_141, HighDiv_197, HighDiv_177, HighDiv_235, HighDiv_201, HighDiv_232, HighDiv_227, HighDiv_272, HighDiv_283, HighDiv_477, HighDiv_773, HighDiv_976, HighDiv_883, HighDiv_987
AS-34;C(=Cc1ccn[nH]1)c1ccccc1;15;-0.10124277777194954;-0.7518198;-30.685377;Druglike_246, Druglike_276, Druglike_672, Druglike_450, Druglike_778, Druglike_504, Druglike_1031, Druglike_894, Druglike_586, Druglike_605, Druglike_843, Druglike_663, Druglike_1043, Druglike_857, Druglike_1025
AS-35;O=c1ccc2cc([SH+]c3ccccc3)ccc2o1;15;1.9798548083617475;25.797386;-66.831955;HighDiv_1587, HighDiv_1588, HighDiv_1590, HighDiv_1585, HighDiv_1606, HighDiv_1593, HighDiv_1594, HighDiv_1598, HighDiv_1603, HighDiv_1599, HighDiv_1617, HighDiv_1611, HighDiv_1669, HighDiv_1632, HighDiv_1718
AS-36;C(#Cc1nnc[nH]1)c1nnc[nH]1;14;-0.630366065421853;-42.83793;42.967335;Druglike_512, Druglike_866, Druglike_439, Druglike_369, Druglike_838, Druglike_715, Druglike_776, Druglike_880, Druglike_863, Druglike_1038, Druglike_803, Druglike_627, Druglike_1039, Druglike_1046
AS-37;C1=CNC(C=Cc2cccnc2)C=C1;14;-0.2136518978871165;-15.944532;-55.948513;Druglike_139, Druglike_271, Druglike_372, Druglike_305, Druglike_192, Druglike_368, Druglike_497, Druglike_962, Druglike_541, Druglike_492, Druglike_927, Druglike_649, Druglike_830, Druglike_737
AS-38;O=c1[nH]ccc2cc[nH]c12;13;0.12226062447037361;-14.587442;-21.812346;HighDiv_126, HighDiv_146, HighDiv_331, HighDiv_618, Druglike_1784, Druglike_1909, Druglike_1952, HighDiv_800, Druglike_1970, Druglike_1982, Druglike_2004, HighDiv_609, Druglike_2055
AS-39;C1=Cc2ccccc2C1;13;0.39014154244970123;21.491909;37.417343;Druglike_36, Druglike_73, Druglike_175, Druglike_254, Druglike_386, Druglike_259, Druglike_284, Druglike_363, Druglike_493, Druglike_510, Druglike_948, Druglike_1289, HighDiv_2258
AS-40;c1ccc(-c2ccoc2)cc1;12;0.07804060495561431;1.4976101;25.3943;HighDiv_1600, HighDiv_1665, Druglike_1929, Druglike_1801, Druglike_1786, Druglike_1565, Druglike_1914, HighDiv_983, Druglike_1977, Druglike_1985, Druglike_1953, Druglike_1930
AS-41;c1ccc2[nH]cnc2c1;12;-0.19868609735903073;4.3935165;5.580115;HighDiv_1620, Druglike_1522, Druglike_1476, Druglike_1458, Druglike_1475, HighDiv_2023, Druglike_1538, HighDiv_2071, Druglike_1962, HighDiv_2295, Druglike_1972, HighDiv_2271
AS-42;c1ncc2cn[nH]c2n1;12;-0.34001616583439925;-47.305096;-2.8414316;Druglike_114, Druglike_51, Druglike_143, Druglike_416, Druglike_212, Druglike_481, Druglike_944, Druglike_705, Druglike_952, Druglike_539, Druglike_643, Druglike_755
AS-43;c1cn[nH]c1;12;-0.8898232745081804;-16.625235;8.144107;HighDiv_1456, HighDiv_1440, Druglike_1591, Druglike_1485, Druglike_1505, Druglike_1678, Druglike_1613, Druglike_466, Druglike_1629, Druglike_1680, Druglike_1344, HighDiv_2266
AS-44;O=C(C#Cc1cccnc1)Nc1cccnc1;12;1.0492420999847012;43.03549;54.492676;HighDiv_1215, HighDiv_1207, HighDiv_1246, HighDiv_1264, HighDiv_1275, HighDiv_1273, HighDiv_1309, HighDiv_1333, HighDiv_1321, HighDiv_1397, HighDiv_1407, HighDiv_1360
AS-45;c1ccc(-c2cnc[nH]2)nc1;12;-0.606187363328443;-26.334494;-11.915402;Druglike_1726, Druglike_1799, Druglike_1800, Druglike_1859, Druglike_1831, Druglike_1882, Druglike_1861, Druglike_1964, Druglike_1975, Druglike_2050, Druglike_1969, Druglike_1987
AS-46;O=C1C=CC(=O)C(c2ccccn2)=C1;12;1.043266847796988;55.748928;10.700215;HighDiv_5, HighDiv_32, HighDiv_59, HighDiv_22, HighDiv_70, HighDiv_45, HighDiv_44, HighDiv_379, HighDiv_546, HighDiv_660, HighDiv_554, HighDiv_1080
AS-47;c1ccc2[nH]ccc2c1;11;-0.543713247144967;-2.9028761;-2.305042;HighDiv_478, HighDiv_1140, HighDiv_1713, HighDiv_1017, Druglike_1615, Druglike_1239, HighDiv_989, HighDiv_833, HighDiv_1869, HighDiv_1854, Druglike_975
AS-48;O=C(CNCC=Cc1ccccc1)Cc1ccccc1;10;1.3946348907972634;5.576892;-51.15872;Druglike_30, Druglike_50, Druglike_74, Druglike_70, Druglike_97, Druglike_119, Druglike_116, Druglike_128, Druglike_292, Druglike_194
AS-49;O=C(c1cc[nH]c1)c1cc[nH]n1;10;-0.24764488139694665;-8.886902;-16.24236;HighDiv_1597, HighDiv_1631, HighDiv_1704, HighDiv_1726, HighDiv_1807, HighDiv_1762, HighDiv_1728, HighDiv_1842, HighDiv_1818, HighDiv_1881
AS-50;O=C1C=C(Cc2nnco2)OC1;10;-0.160838450352911;-50.54056;-13.476961;Druglike_1159, Druglike_1167, Druglike_1204, Druglike_1196, Druglike_1189, Druglike_1197, Druglike_1271, Druglike_1260, Druglike_1272, Druglike_1279
AS-51;O=C(C#Cc1cccnc1)Nc1ccccc1;10;1.2792418694708305;43.13582;56.082436;HighDiv_1202, HighDiv_1208, HighDiv_1242, HighDiv_1284, HighDiv_1270, HighDiv_1299, HighDiv_1280, HighDiv_1294, HighDiv_1423, HighDiv_1437
AS-52;O=C(C#Cc1ccccc1)OCCN1C=CCC1;10;0.6215139139688999;14.497934;54.49008;Druglike_1725, Druglike_1731, Druglike_1743, Druglike_1740, Druglike_1767, Druglike_1777, Druglike_1766, Druglike_1816, Druglike_1872, Druglike_1981
AS-53;C=C(c1ccccc1)c1cn[nH]n1;10;-0.25931117823984196;-19.845661;29.661655;Druglike_1368, Druglike_1490, Druglike_1419, Druglike_1450, Druglike_1443, Druglike_1628, Druglike_1653, Druglike_1636, Druglike_1562, Druglike_1579
AS-54;C(=CCc1ncc2cn[nH]c2n1)Cc1ccccn1;10;1.4864481866617631;-49.179512;-5.2139583;Druglike_1, Druglike_2, Druglike_10, Druglike_12, Druglike_41, Druglike_80, Druglike_94, Druglike_98, Druglike_430, Druglike_548
AS-55;c1ccc(-c2ncn[nH]2)cc1;9;-0.5927825440304948;-20.176584;-34.962822;HighDiv_2073, Druglike_574, Druglike_1825, Druglike_1895, Druglike_1999, Druglike_1916, Druglike_2025, Druglike_2031, Druglike_2049
AS-56;O=C1NC(=O)c2ccccc21;9;-0.5119922560600224;14.3858385;2.448263;Druglike_1907, Druglike_2030, Druglike_2053, HighDiv_2130, Druglike_1993, Druglike_2061, HighDiv_2178, HighDiv_2250, HighDiv_2210
AS-57;c1ccc([SH+]c2ccc3c(c2)CCN3)cc1;9;0.8483598945500825;19.67262;-65.92254;HighDiv_1655, HighDiv_1638, HighDiv_1656, HighDiv_1695, HighDiv_1711, HighDiv_1624, HighDiv_1694, HighDiv_1667, HighDiv_1701
AS-58;O=c1ccc(-c2ccoc2)n[nH]1;9;-0.42852214523067517;-49.612953;-27.319103;Druglike_1145, Druglike_1169, Druglike_1364, Druglike_1223, Druglike_1254, Druglike_1209, Druglike_1285, Druglike_1267, Druglike_1288
AS-59;C(#Cc1ccc2c(c1)NCO2)CCCc1cn[nH]n1;9;0.2452133484052163;-31.2777;59.051853;Druglike_505, Druglike_565, Druglike_364, Druglike_644, Druglike_628, Druglike_844, Druglike_676, Druglike_1020, Druglike_667
AS-60;c1ccoc1;9;-0.6285480475858163;-5.510286;-10.347555;HighDiv_637, HighDiv_465, HighDiv_624, HighDiv_1049, HighDiv_903, HighDiv_732, Druglike_2047, Druglike_2028, Druglike_2058
AS-61;c1ccc([SH+]c2ccc3sccc3c2)cc1;8;2.597922022342522;27.168919;-62.061523;HighDiv_1581, HighDiv_1580, HighDiv_1586, HighDiv_1582, HighDiv_1583, HighDiv_1584, HighDiv_1589, HighDiv_1613
AS-62;c1ccc(-c2ccccn2)cc1;8;-0.05340389722398184;26.857246;-45.136826;HighDiv_1198, HighDiv_1201, HighDiv_1357, HighDiv_1376, Druglike_829, HighDiv_1542, HighDiv_1381, HighDiv_1432
AS-63;C1=COC(CCc2ccccn2)=CC1;8;0.07436189956876335;-19.607288;-16.965958;Druglike_150, Druglike_742, Druglike_459, Druglike_311, Druglike_500, Druglike_560, Druglike_959, Druglike_639
AS-64;c1ccc2c(c1)CNNC2;8;-0.04333018708117842;2.3847504;22.077164;Druglike_95, Druglike_227, Druglike_601, Druglike_185, Druglike_901, Druglike_745, Druglike_648, Druglike_677
AS-65;c1ccc(Cc2ccoc2)nc1;8;0.6035997663006724;-34.630634;38.4738;Druglike_3, Druglike_40, Druglike_61, Druglike_31, Druglike_115, Druglike_219, Druglike_215, Druglike_551
AS-66;C=C(c1cnccn1)c1cn[nH]n1;7;-0.42059928458508694;-22.195892;32.82804;Druglike_1430, Druglike_1483, Druglike_1460, Druglike_1569, Druglike_1601, Druglike_1592, Druglike_1618
AS-67;c1ccc(-c2cc[nH]n2)cc1;7;-0.18624028179147292;8.376328;2.8695722;HighDiv_1269, Druglike_1770, HighDiv_1398, HighDiv_1546, HighDiv_1495, HighDiv_1908, HighDiv_1485
AS-68;c1ccc(-c2nnco2)cc1;7;-0.8070129880947788;-23.861269;3.3342202;HighDiv_1798, HighDiv_1279, HighDiv_2303, HighDiv_1910, HighDiv_1884, HighDiv_961, HighDiv_1132
AS-69;c1ccc(-c2nnco2)nc1;7;-0.2306421833919848;-41.90746;-18.629517;Druglike_177, Druglike_327, Druglike_719, Druglike_860, Druglike_811, Druglike_1026, Druglike_973
AS-70;O=C(Oc1ccccc1)c1ccccc1;7;-0.13967549511170124;25.159384;-22.622196;Druglike_1819, HighDiv_1734, Druglike_720, Druglike_664, Druglike_1923, Druglike_1903, Druglike_1844
AS-71;C(#Cc1ccccc1)Cn1cccn1;7;0.5903016056093006;23.42539;28.163267;HighDiv_1253, HighDiv_1329, HighDiv_1265, HighDiv_1260, HighDiv_1335, HighDiv_1385, HighDiv_1393
AS-72;c1cc(-c2cnn[nH]2)[nH]n1;7;-0.6715108653657275;-13.53731;18.62721;Druglike_154, Druglike_807, Druglike_440, Druglike_622, Druglike_611, Druglike_750, Druglike_939
AS-73;c1ccc(-c2ccn[nH]2)nc1;7;-0.29350160896484934;-14.154304;-39.175983;Druglike_160, Druglike_697, Druglike_438, Druglike_714, Druglike_934, Druglike_764, Druglike_1022
AS-74;O=c1cccc(-c2cnoc2)o1;6;-0.1620277392208267;-15.346316;28.6639;Druglike_1453, Druglike_1466, Druglike_1531, Druglike_1561, Druglike_1597, Druglike_1652
AS-75;c1cc(CCc2cncnc2)cc(-c2cn[nH]n2)c1;6;0.7168264005943658;-10.300481;38.660458;Druglike_136, Druglike_111, Druglike_121, Druglike_166, Druglike_328, Druglike_376
AS-76;c1ccc(-c2cnco2)nc1;6;-0.6870446618690229;-25.377634;-42.77886;Druglike_579, Druglike_462, Druglike_665, Druglike_304, Druglike_746, Druglike_555
AS-77;O=C(Nc1cccnc1)c1ccccc1;6;0.768024867901898;38.959602;-6.877739;Druglike_1769, Druglike_1788, Druglike_1858, Druglike_1829, Druglike_1849, Druglike_1841
AS-78;c1ccc(-c2nc[nH]n2)cc1;6;0.022990020385982413;-20.01135;-2.741266;Druglike_341, Druglike_353, Druglike_598, Druglike_342, Druglike_749, Druglike_2018
AS-79;O=C1NCC(C=Cc2ccccc2)N1;6;-0.19447248295714295;14.334614;6.0889544;HighDiv_946, Druglike_412, Druglike_274, Druglike_652, Druglike_597, Druglike_545
AS-80;c1cc2c(cc1CCNCCc1cnon1)NCO2;6;-0.11276130581606551;-33.554314;54.673035;Druglike_343, Druglike_620, Druglike_752, Druglike_814, Druglike_709, Druglike_995
AS-81;c1cc(OCc2nnc[nH]2)ccn1;6;0.44319416933301015;-44.50104;6.857389;Druglike_162, Druglike_76, Druglike_172, Druglike_144, Druglike_408, Druglike_688
AS-82;C(=Cc1ncn[nH]1)Cc1nnc[nH]1;6;-0.09226883795553463;-42.977795;14.8798;HighDiv_322, HighDiv_616, HighDiv_514, HighDiv_607, HighDiv_774, HighDiv_1112
AS-83;O=C1CC(C=C2C=Cc3ccccc32)=NN1;6;0.3104983975635593;-12.15601;-29.10174;Druglike_1099, Druglike_1238, Druglike_1303, Druglike_1290, Druglike_1249, Druglike_1255
AS-84;C1=Nc2ccc(Nc3ccccc3)cc2C1;6;0.36638150908278816;48.06779;-21.692762;HighDiv_798, HighDiv_762, HighDiv_628, HighDiv_716, HighDiv_1069, HighDiv_1005
AS-85;c1cncc(-c2cc[nH]c2)c1;6;-0.845681940451645;30.809982;18.168095;HighDiv_2098, HighDiv_1034, HighDiv_2257, HighDiv_2191, HighDiv_2230, HighDiv_1522
AS-86;c1ccc(CCCn2ccnn2)cc1;6;-0.2356045744789106;7.0124927;24.294785;Druglike_1449, Druglike_1491, Druglike_1586, Druglike_1537, Druglike_1552, Druglike_1606
AS-87;c1ccn(CCc2cnon2)c1;6;1.0841359194061517;-45.953568;32.98825;Druglike_1377, Druglike_1380, Druglike_1393, Druglike_1399, Druglike_1401, Druglike_1408
AS-88;C1=CC(c2ccccc2)=CC1;6;0.042697988450220735;24.073418;5.6452804;HighDiv_1271, HighDiv_1323, HighDiv_1312, HighDiv_1392, HighDiv_1389, HighDiv_1812
AS-89;c1ccc2[nH]ncc2c1;6;-0.9612579336205588;-6.3931203;4.795858;HighDiv_1406, HighDiv_1516, HighDiv_1530, HighDiv_1489, HighDiv_1557, HighDiv_1498
AS-90;C(=Cc1cccc(-c2ncn[nH]2)n1)c1cccnc1;6;1.449890873009468;-31.214188;-68.688225;HighDiv_94, HighDiv_121, HighDiv_170, HighDiv_25, HighDiv_46, HighDiv_65
AS-91;C(#Cc1cccc(-c2cn[nH]c2)c1)c1ccccc1;5;1.1631867313658513;-7.715949;27.168484;Druglike_118, Druglike_326, Druglike_287, Druglike_495, Druglike_589
AS-92;c1ccc2occc2c1;5;-0.7166583190786592;3.4522748;10.828195;Druglike_1713, HighDiv_1465, Druglike_1661, HighDiv_626, HighDiv_1015
AS-93;O=C1CNc2c(cccc2C(=O)Nc2ccccc2)N1;5;0.8503865693183219;13.384552;32.321556;HighDiv_1278, HighDiv_1332, HighDiv_1324, HighDiv_1373, HighDiv_1454
AS-94;c1c[nH]c(-c2nnn[nH]2)c1;5;-0.5630905299498521;-38.399788;-11.386442;Druglike_711, Druglike_602, Druglike_1019, Druglike_845, Druglike_976
AS-95;O=C(Nc1ccccc1)c1ccccc1;5;0.6833176603826574;38.631573;-2.4488673;HighDiv_1625, HighDiv_1661, HighDiv_411, HighDiv_279, HighDiv_729
AS-96;c1c[nH]cn1;5;-0.6097717563698065;-9.938118;7.46323;HighDiv_1993, HighDiv_2039, HighDiv_923, HighDiv_1113, Druglike_1677
AS-97;O=C1C=C(C#Cc2ccccc2)CCO1;5;0.8660276982431817;39.78611;20.295502;HighDiv_2022, HighDiv_2024, HighDiv_2182, HighDiv_2001, HighDiv_2180
AS-98;c1ccc([SH+]c2ccc3c(c2)CNC3)cc1;5;1.2208646807178778;21.50975;-66.04668;HighDiv_1608, HighDiv_1658, HighDiv_1654, HighDiv_1652, HighDiv_1706
AS-99;O=C(c1ccccc1)c1ncn[nH]1;5;0.29903182021166097;33.82863;-15.127237;HighDiv_87, HighDiv_244, Druglike_1161, Druglike_1140, HighDiv_1073
AS-100;C(=Cc1ncc[nH]1)c1cccnc1;5;-0.030211051877741292;53.963093;28.496532;HighDiv_1997, HighDiv_2031, HighDiv_2033, HighDiv_2137, HighDiv_2319
AS-101;c1cc(-c2cnon2)ncn1;5;-0.40903713789922946;-32.111427;7.8941336;Druglike_187, Druglike_204, Druglike_526, Druglike_958, Druglike_855
AS-102;O=C(Oc1cccnc1)c1ccccc1;5;0.08694262588226716;24.656462;7.8649507;Druglike_103, Druglike_248, Druglike_656, Druglike_1009, Druglike_925
AS-103;c1cc(Cc2cc[nH]n2)ncn1;5;-0.43229336053982886;-57.494225;-8.726259;Druglike_619, Druglike_847, Druglike_982, Druglike_998, Druglike_816
AS-104;c1ccn(CCc2ccno2)c1;5;2.110836269342383;-46.54805;31.713013;Druglike_1369, Druglike_1370, Druglike_1372, Druglike_1371, Druglike_1373
AS-105;O=C1CNc2c(cccc2C(=O)Nc2ccccn2)N1;5;0.7631677795806195;15.218803;33.214138;HighDiv_1328, HighDiv_1247, HighDiv_1447, HighDiv_1362, HighDiv_1523
AS-106;O=C(C#Cc1cccnc1)OCc1ccc[nH]1;5;-0.09715069531960116;29.546265;48.81025;HighDiv_2106, HighDiv_2111, HighDiv_2187, HighDiv_2325, HighDiv_2298
AS-107;C(#Cc1cn[nH]c1)Cc1ccccc1;5;-0.07042412257805718;11.066186;26.72637;HighDiv_1343, HighDiv_1293, HighDiv_1382, HighDiv_1399, HighDiv_1506
AS-108;N=c1sccn1CCc1ccccc1;5;-0.3271973334567487;6.312835;-16.282944;HighDiv_213, HighDiv_726, HighDiv_575, HighDiv_691, HighDiv_801
AS-109;c1ccc(-n2cnnc2)cc1;5;0.2644586336224176;31.340977;6.606508;HighDiv_3, HighDiv_1209, HighDiv_701, HighDiv_2270, HighDiv_1099
AS-110;c1ccc2c(c1)NCN2;5;-0.6665961720425162;-8.056436;-7.0579886;HighDiv_2086, HighDiv_2320, HighDiv_2238, HighDiv_2277, Druglike_981
AS-111;O=C(C#Cc1cnc[nH]1)c1cnco1;5;-0.044262785608282895;-26.139847;25.003548;Druglike_384, Druglike_549, Druglike_633, Druglike_902, Druglike_924
AS-112;N=c1[nH]cc(CCC#Cc2ccccn2)s1;5;0.22127359298658314;0.3901357;54.542217;HighDiv_2045, HighDiv_1970, HighDiv_1996, HighDiv_2059, HighDiv_2068
AS-113;O=C(C=CC1=CCON1)CCc1ccccn1;5;0.025624555494442626;-27.617569;-50.817932;HighDiv_1697, HighDiv_1721, HighDiv_1787, HighDiv_1875, HighDiv_1933
AS-114;C1=Cc2ccccc2C1=Cc1ccon1;5;0.5474451340331873;-10.270155;-27.736279;Druglike_1129, Druglike_1134, Druglike_1143, Druglike_1233, Druglike_1194
AS-115;O=C(C=Cc1ccccc1)C1CCCNN1;5;-0.4655041280493834;-4.0268316;-27.340424;Druglike_567, Druglike_751, Druglike_781, Druglike_784, Druglike_886
AS-116;O=C(CC#Cc1cnon1)c1ccccc1;5;0.3610850435143428;2.594432;31.860733;Druglike_351, Druglike_434, Druglike_660, Druglike_762, Druglike_877
AS-117;C1=NOCN1c1ccccc1;5;-0.3332316926086403;12.741093;30.843134;HighDiv_2096, HighDiv_486, HighDiv_538, HighDiv_860, Druglike_631
AS-118;c1ccc(Nc2cccnc2)cc1;5;-0.29816537847144414;39.2629;-11.951742;HighDiv_243, HighDiv_560, Druglike_1263, HighDiv_867, HighDiv_1089
AS-119;C1=COC(CCCc2cccnc2)=CC1;5;1.0269188751671852;-11.044882;-34.07099;Druglike_14, Druglike_19, Druglike_35, Druglike_247, Druglike_193
AS-120;c1ccc(CCc2cc[nH]c2)cc1;5;0.544684809764069;62.932457;-21.157288;HighDiv_79, HighDiv_77, HighDiv_871, HighDiv_958, HighDiv_1196
AS-121;C(=Cc1cnc[nH]1)CCCc1ccccc1;4;0.5179102576702559;-14.791918;48.215458;HighDiv_186, HighDiv_502, HighDiv_466, HighDiv_1070
AS-122;O=c1ccc(-c2cnc(C=Cc3ccccc3)o2)n[nH]1;4;0.8444736080917556;-49.4185;-36.3739;Druglike_1098, Druglike_1100, Druglike_1081, Druglike_1150
AS-123;O=C(c1ncc(C=Cc2ccccc2)cn1)c1ccc[nH]1;4;1.2628864912499564;-43.000126;-44.09259;Druglike_1085, Druglike_1108, Druglike_1103, Druglike_1144
AS-124;C(#Cc1ccccc1)c1ccccc1;4;0.32564072078888934;6.003211;18.617655;Druglike_1409, Druglike_1492, HighDiv_1537, Druglike_1662
AS-125;c1cnc2[nH]ccc2n1;4;-0.6526900044660343;-33.6968;6.4622364;Druglike_1822, Druglike_1941, Druglike_2013, Druglike_2070
AS-126;c1cncc(-c2nncs2)c1;4;-0.8626042350177914;21.667383;28.431787;HighDiv_1562, HighDiv_1415, HighDiv_1786, HighDiv_1538
AS-127;c1cncc(Cc2ncco2)c1;4;-0.03399727051770714;-36.45489;19.957167;Druglike_214, Druglike_278, Druglike_789, Druglike_922
AS-128;O=c1[nH]nc(CC#Cc2ccccc2)[nH]1;4;0.5600859041347348;8.512551;41.059723;HighDiv_247, HighDiv_408, HighDiv_420, HighDiv_476
AS-129;O=C1C=C(Cc2ccncn2)CO1;4;-0.3752540345908274;-55.77726;-9.48307;Druglike_513, Druglike_561, Druglike_671, Druglike_1008
AS-130;C(=Cc1ccccc1)Cc1nnco1;4;-0.25418517908733124;-12.04686;-21.913738;HighDiv_1636, Druglike_1540, Druglike_1691, HighDiv_1046
AS-131;c1c[nH]c(-c2cnco2)c1;4;-0.6834418378005127;-30.697357;0.93969584;Druglike_955, Druglike_917, Druglike_1024, Druglike_854
AS-132;C(#Cc1ccccc1)CCC1=CCC=CO1;4;0.4589554467540535;18.213871;29.266537;HighDiv_1626, HighDiv_1699, HighDiv_1719, HighDiv_1847
AS-133;C(=Cc1ccccc1)Cc1nnc[nH]1;4;0.3574977973430861;6.933442;-43.5189;HighDiv_1984, HighDiv_2047, HighDiv_2049, HighDiv_2133
AS-134;O=c1[nH][nH]c2ccccc12;4;-0.3102330676219423;1.9569696;3.7429574;HighDiv_1027, HighDiv_959, HighDiv_790, HighDiv_882
AS-135;O=C1NCCN1c1cccc(C#CCCC2=CCCS2)c1;4;1.7549619677647845;1.5396793;73.96627;HighDiv_26, HighDiv_19, HighDiv_161, HighDiv_171
AS-136;c1ccc(Nc2ccccc2)cc1;4;0.22946461046933053;9.849309;15.743916;Druglike_1257, Druglike_1210, Druglike_1269, Druglike_1361
AS-137;O=C1CCC(C=C(Cc2ccccc2)c2ncn[nH]2)O1;4;0.3038062482081845;-24.990658;-16.90086;Druglike_1405, Druglike_1448, Druglike_1469, Druglike_1547
AS-138;C(#Cc1cccnc1)c1ccccc1;4;0.695755197999249;24.420473;36.02067;HighDiv_1233, HighDiv_1730, HighDiv_1310, Druglike_1707
AS-139;C(=Cc1cncnc1)c1ccccc1;4;-0.0026630938526142484;-37.693607;-42.321518;Druglike_1181, Druglike_1178, Druglike_1245, Druglike_1355
AS-140;O=C(OCc1ccncc1)c1cnc[nH]1;4;-0.0578875050501419;-8.763144;-23.364424;Druglike_1845, Druglike_2078, Druglike_2014, Druglike_2019
AS-141;O=C(c1cc[nH]c1)c1cscn1;4;-0.6770415724507606;-22.799034;3.9595938;HighDiv_1770, HighDiv_1690, HighDiv_1851, HighDiv_1927
AS-142;N=c1[nH]cc(-c2ccccc2)s1;4;-0.38802671346290174;-6.1491137;-11.25157;HighDiv_1601, HighDiv_1707, HighDiv_1647, HighDiv_1864
AS-143;C(=CC1=CCCO1)Cc1ccccc1;4;-0.42470860716740566;-66.89659;13.592322;Druglike_1293, Druglike_1336, Druglike_1266, Druglike_1353
AS-144;C=C1Cc2ccccc2N1;4;0.013833770461238029;-5.0599337;-32.117683;HighDiv_1712, HighDiv_1759, HighDiv_1803, HighDiv_1820
AS-145;O=C(Cc1cccc(C2=CN=CCN2)c1)c1ccccc1;4;1.5852797600766642;51.61464;16.901371;Druglike_13, Druglike_188, Druglike_79, Druglike_92
AS-146;N=c1[nH]cc(CCC#Cc2ccc[nH]2)s1;4;-0.5384681962154846;0.96781516;53.4086;HighDiv_2305, HighDiv_2280, HighDiv_2269, HighDiv_2190
AS-147;C(=Cc1nn[nH]n1)c1ccccc1;4;-0.2771220548769243;0.5440209;-72.61193;HighDiv_2035, HighDiv_2228, HighDiv_2259, HighDiv_2267
AS-148;O=C(Cc1ccon1)OCC#CCc1n[nH]c(=O)[nH]1;4;0.4141434665075884;-28.157846;45.1402;Druglike_89, Druglike_233, Druglike_391, Druglike_550
AS-149;C(#Cc1ccccc1)Cc1cncnc1;4;0.15319921517980775;22.812145;22.382069;HighDiv_410, HighDiv_275, HighDiv_665, HighDiv_728
AS-150;O=C(C#CCc1ccccc1)c1ccco1;4;-0.08529131412149549;10.834257;23.881657;HighDiv_1258, HighDiv_1487, HighDiv_1568, HighDiv_1574
AS-151;O=C(CC#Cc1cnon1)c1cccnc1;4;0.23413062587597605;2.500288;34.128265;Druglike_818, Druglike_831, Druglike_1035, Druglike_988
AS-152;C(=Cc1cnon1)c1cccnc1;4;-0.7206010365118201;-29.785976;27.68848;Druglike_1604, Druglike_1633, Druglike_1634, Druglike_1578
AS-153;c1ccc(-n2cccn2)cc1;4;0.07554681078793019;15.635325;-10.864758;HighDiv_169, HighDiv_1678, Druglike_1870, HighDiv_1789
AS-154;c1cncc(-c2cccnc2)c1;3;-0.5285057995934878;34.625904;31.562769;HighDiv_1409, HighDiv_2142, HighDiv_1513
AS-155;O=C1C=C(c2ccccc2)CN1;3;-0.18963666193367046;42.293056;-12.317336;HighDiv_861, HighDiv_938, Druglike_1325
AS-156;O=C(C=CC1=CCON1)CCC1=CNNC1;3;-0.5026615280871648;-27.67547;-52.202377;HighDiv_1890, HighDiv_1766, HighDiv_1887
AS-157;C(=Cc1ccccc1)Cc1cnn[nH]1;3;0.4978241132466163;-1.7371637;-37.071697;Druglike_1080, Druglike_1117, Druglike_1158
AS-158;O=C1C=CC(C#Cc2ccccn2)N1;3;-0.27288288972798797;-18.283646;-35.01955;Druglike_736, Druglike_650, Druglike_896
AS-159;c1nnc(C2=NOCN2)[nH]1;3;-0.18217160715528824;-40.07693;8.581092;Druglike_528, Druglike_573, Druglike_572
AS-160;O=C(CC1CCN1)c1cc[nH]c1;3;-0.31254132362346415;-17.785961;-7.230764;Druglike_1803, Druglike_1850, Druglike_1960
AS-161;O=C(Cc1ccc(-c2cc[nH]n2)cc1)Cc1ccccn1;3;0.8343889596710984;-19.433298;-40.119537;Druglike_1747, Druglike_1806, Druglike_1795
AS-162;C(=Cc1nnco1)c1nnn[nH]1;3;-0.490522354959899;-43.557617;-13.753456;Druglike_1268, Druglike_1346, Druglike_1284
AS-163;O=C(OCc1ccccn1)c1ccccc1;3;0.23437607614357514;21.602623;-25.494268;Druglike_1176, Druglike_1244, Druglike_1243
AS-164;O=C(OCc1ccoc1)c1cccnc1;3;-0.363509478037401;27.76034;-36.6655;Druglike_301, Druglike_616, Druglike_1006
AS-165;c1n[nH]cc1CCN=C1CCCN1;3;-0.4460715156830663;-47.06309;25.770967;Druglike_410, Druglike_451, Druglike_915
AS-166;O=C(C#Cc1cccnc1)NCc1ccno1;3;0.733414112528303;40.95656;59.8909;HighDiv_1248, HighDiv_1314, HighDiv_1431
AS-167;O=C1C=C(C=Cc2ccccc2)CN1;3;-0.06283623300970072;7.895241;-47.668743;Druglike_690, Druglike_849, Druglike_891
AS-168;O=C(C#Cc1cccnc1)NC1CCCC1;3;0.8001124916796526;41.257156;49.861683;HighDiv_1236, HighDiv_1311, HighDiv_1239
AS-169;O=C(c1ncc(C=Cc2ccccc2)cn1)c1ncn[nH]1;3;1.2779330600939522;-36.970295;-43.31857;Druglike_1131, Druglike_1148, Druglike_1154
AS-170;O=C(c1ncc(C=Cc2ccccc2)cn1)c1ccno1;3;1.9392928752971894;-38.960953;-42.613678;Druglike_1067, Druglike_1056, Druglike_1082
AS-171;O=C(c1ccncn1)c1cc[nH]n1;3;-0.34925101758572713;-19.96792;17.864351;Druglike_1571, Druglike_1660, Druglike_1710
AS-172;O=C(c1ccccn1)C1C=CC=CC1;3;-0.4683976011392808;-22.87352;-1.3375449;Druglike_1201, Druglike_1218, Druglike_1262
AS-173;C1=NCCc2cc([SH+]c3ccccc3)ccc21;3;0.6608345812351991;20.597467;-62.65939;HighDiv_1715, HighDiv_1700, HighDiv_1649
AS-174;O=C(c1cc(=O)[nH]cn1)c1ccc[nH]1;3;-0.35576643938227637;17.684288;-24.324593;Druglike_1693, Druglike_1696, Druglike_1651
AS-175;O=C(c1ccccc1)c1nnco1;3;-0.1219188585812444;31.302233;-10.393254;HighDiv_166, HighDiv_674, HighDiv_1928
AS-176;O=C(c1ccccc1)C1CCNC1;3;-0.9769875678578513;40.77508;-12.948512;HighDiv_1040, HighDiv_851, HighDiv_1919
AS-177;C=C(CCc1ccccc1)c1n[nH]c(=O)o1;3;0.7799922811516854;-41.83288;-34.132816;Druglike_1110, Druglike_1123, Druglike_1127
AS-178;O=C(c1ccccc1)C1C=CC=CC1;3;-0.7450472950426225;-21.187216;-1.1515473;Druglike_1264, Druglike_1329, Druglike_1313
AS-179;O=C(c1ccc[nH]1)c1ccco1;3;-0.3303683592790285;-54.754536;-19.54429;Druglike_790, Druglike_735, Druglike_895
AS-180;O=C(CC=CCc1cccnc1)OCc1cnc[nH]1;3;0.004502095818103051;8.9150095;-32.06838;Druglike_196, Druglike_498, Druglike_824
AS-181;O=C1CNc2ccccc2N1;3;-0.3607807594649323;11.089566;33.724506;HighDiv_1519, HighDiv_1517, HighDiv_1525
AS-182;O=C1COc2c(OCc3ccccn3)cccc21;3;0.30060460648535436;21.260477;-29.992758;HighDiv_199, HighDiv_494, HighDiv_631
AS-183;c1ccc(-c2cn[nH]c2)cc1;3;0.09747910917560203;-2.4256601;10.700276;HighDiv_757, Druglike_1217, Druglike_1231
AS-184;C1=CN=CNC1;3;-0.9787529314046863;-13.411284;0.83487433;Druglike_415, Druglike_461, Druglike_689
AS-185;c1cn[nH]n1;3;-1.0348662339773151;-22.709501;36.764446;Druglike_1555, Druglike_1663, Druglike_1698
AS-186;c1cn2cnnc2cn1;3;-0.9504659672247765;-21.879488;10.930486;Druglike_1322, Druglike_1307, Druglike_1305
AS-187;c1cc(-c2nnco2)ccn1;3;-0.7314119878828098;-33.009525;-13.354119;Druglike_2035, Druglike_2023, Druglike_2007
AS-188;C(=CCc1cnco1)CC1=CCOC1;3;0.3352723777046698;-58.531387;3.6233947;HighDiv_301, HighDiv_647, HighDiv_566
AS-189;c1ccc(-c2ccc[nH]2)cc1;3;0.044996131003970034;4.1170864;-9.585017;Druglike_1994, Druglike_1908, Druglike_489
AS-190;O=C1CSc2cc([SH+]c3ccccc3)ccc2N1;3;0.9495025555524631;19.15883;-61.25711;HighDiv_1618, HighDiv_1644, HighDiv_1685
AS-191;c1ccc(-c2ccco2)cc1;3;-0.14115544066551647;7.8735576;-8.823037;HighDiv_327, Druglike_1539, Druglike_1998
AS-192;c1ccc(-c2ccn[nH]2)cc1;3;-0.44033870034225525;-12.747087;21.93664;Druglike_659, Druglike_1040, Druglike_785
AS-193;c1ccc2ccccc2c1;3;0.031365791525504005;13.948391;4.8626227;HighDiv_1651, HighDiv_1840, Druglike_1966
AS-194;C(#Cc1ccccn1)CNCCC1=CNC=NC1;3;-0.36182266007226577;-2.115721;26.301882;Druglike_465, Druglike_537, Druglike_983
AS-195;O=c1cc[nH]c(-c2ccc(NC3=NCCO3)cc2)c1;3;1.2660051539649766;-32.655758;-27.243803;Druglike_1750, Druglike_1755, Druglike_1897
AS-196;c1ccc(-c2cnon2)cc1;3;-0.5026821111528664;3.038329;-3.9573689;HighDiv_1298, HighDiv_1056, Druglike_1012
AS-197;c1ccc(-c2cocn2)cc1;3;-0.3552443080783716;-6.788498;-18.921108;HighDiv_2037, HighDiv_2195, HighDiv_2317
AS-198;c1ccc(-c2cscn2)cc1;3;0.1546667241245143;44.699524;0.24885678;HighDiv_2181, HighDiv_2103, HighDiv_2105
AS-199;c1ccc(-c2nnc[nH]2)cc1;3;-0.25042786953628987;20.794937;8.479634;HighDiv_1374, Druglike_479, HighDiv_1408
AS-200;c1ccc(-c2nnn[nH]2)cc1;3;-0.49570370156864835;7.94472;-17.725298;HighDiv_1367, Druglike_673, HighDiv_1449
AS-201;c1ccc(-n2cncn2)cc1;3;0.18413256566937805;41.495857;-34.54385;HighDiv_242, Druglike_420, HighDiv_748
AS-202;c1ccc(CCCc2cn[nH]n2)nc1;3;-0.4808701149784176;-30.878983;36.698563;Druglike_407, Druglike_832, Druglike_819
AS-203;c1ccc(CCNCCc2cc[nH]n2)cc1;3;0.9751492821042977;65.84746;-12.737386;HighDiv_122, HighDiv_218, HighDiv_580
AS-204;c1ccc(CCc2cscn2)cc1;3;-0.2813730487291088;44.766907;-16.826279;HighDiv_255, HighDiv_1192, HighDiv_2287
AS-205;c1ccc(Cc2ccc[nH]2)cc1;3;-0.1588074077728482;-11.889121;-10.428006;Druglike_365, Druglike_581, Druglike_693
AS-206;O=c1cc[nH]c(C2=CN=CCN2)c1;3;-0.005308416327017303;-30.42981;-21.225065;Druglike_1976, Druglike_1871, Druglike_1878
AS-207;C(#Cc1ccccc1)Cc1cnon1;3;0.8614613166959201;-5.0661683;37.978683;Druglike_1374, HighDiv_196, HighDiv_836
AS-208;c1nnco1;3;-1.1394633634989662;-33.557163;-6.34287;Druglike_1507, Druglike_1253, Druglike_1312
AS-209;O=c1[nH]c(CC=Cc2cccnc2)no1;3;0.5853051290086425;-16.349157;-51.49898;Druglike_43, Druglike_201, Druglike_224
AS-210;O=C1NCC(CCCOc2ccccc2)N1;3;0.05356719758726913;44.95952;15.50884;Druglike_68, Druglike_570, Druglike_475
AS-211;O=c1[nH]nc(-c2ccccn2)[nH]1;3;-0.6570079495266329;-29.012703;19.148703;Druglike_846, Druglike_963, Druglike_954
AS-212;O=c1[nH]cn[nH]1;3;-1.4066957418256105;-20.942596;14.699254;Druglike_523, Druglike_937, Druglike_1033
AS-213;O=c1[nH]c(-c2ccccc2)no1;3;-0.032772788920023235;11.5332;52.78552;Druglike_1937, Druglike_1920, Druglike_1986
AS-214;O=C(C=CC1=CCON1)CCc1ccccc1;2;0.0796782147672056;-26.106537;-51.32611;HighDiv_1761, HighDiv_1834
AS-215;O=C1NCCN1c1cccc(C#CCCC2=NC=CNC2)c1;2;1.0551646525878229;2.2503057;70.66942;HighDiv_562, HighDiv_482
AS-216;O=C(C=Cc1nnco1)Cc1cnco1;2;0.4883772259118001;-52.36158;2.5280614;HighDiv_336, HighDiv_594
AS-217;O=C1NCC=C(CC=Cc2nnc[nH]2)N1;2;-0.45919084022055867;-18.62526;-2.3479438;Druglike_1256, Druglike_1306
AS-218;c1nnc(-c2cnn[nH]2)[nH]1;2;-0.2139405589352492;-40.85184;9.458062;Druglike_472, Druglike_805
AS-219;c1ncc(-c2cnoc2)o1;2;-0.24584164163168015;-49.473526;16.633259;Druglike_642, Druglike_403
AS-220;O=C(C#Cc1cccnc1)NC1C=CC=C1;2;0.6841972434472428;41.81154;51.320686;HighDiv_1290, HighDiv_1354
AS-221;c1ccc(-c2nncs2)cc1;2;0.20691595889160067;15.382122;7.790576;HighDiv_1224, HighDiv_1313
AS-222;O=C(C#Cc1cccnc1)NC1CCCCC1;2;0.340910797749463;39.482525;54.478504;HighDiv_1267, HighDiv_1564
AS-223;O=C1NCC=C1C=CCCc1ccco1;2;-0.14565283145557534;-4.738356;1.1451616;Druglike_654, Druglike_730
AS-224;c1cnc2c(Cc3ccc4oncc4c3)c[nH]c2n1;2;0.8609766866825062;-30.808342;5.0206356;Druglike_1928, Druglike_1925
AS-225;c1nc[nH]n1;2;-1.0404005576933604;-16.557129;11.013076;HighDiv_2162, Druglike_1345
AS-226;c1ccc2c(c1)CCC2;2;-0.32832454319552623;10.835938;-2.27656;HighDiv_1724, HighDiv_1799
AS-227;O=C1C=CC(C=Cc2ccoc2)CO1;2;-0.45342100159960896;-32.09264;-6.6786537;Druglike_1558, Druglike_1536
AS-228;O=C1NCCN1c1cccc(C#CCCC2=CCC2)c1;2;0.966280951418989;-0.3069895;74.317245;HighDiv_355, HighDiv_448
AS-229;c1ccc(-c2cnsn2)cc1;2;-0.19692168048247236;44.810146;0.63811827;HighDiv_2078, HighDiv_2315
AS-230;O=C(C1=CCC=CO1)c1n[nH]c(=O)[nH]1;2;-0.3816608657124205;-19.504927;9.465986;Druglike_786, Druglike_928
AS-231;O=C(C1=CCNC1)c1ncc(C=Cc2ccccc2)cn1;2;1.305135064194571;-43.81186;-46.404564;Druglike_1069, Druglike_1147
AS-232;O=C(C1=NN=CNC1)c1cc[nH]c1;2;-0.626589634989105;-23.80806;6.376671;HighDiv_1837, HighDiv_1846
AS-233;c1ccc(-c2ncncn2)cc1;2;0.16839263989923584;9.538925;6.9180794;HighDiv_1238, Druglike_1240
AS-234;O=C1CC(C(=O)c2ccccc2)N1;2;0.513892412047284;56.871777;-14.643762;HighDiv_116, HighDiv_422
AS-235;c1ccc([SH+]c2cccnc2)cc1;2;-0.32012632444491135;22.372543;-61.953056;HighDiv_1755, HighDiv_1897
AS-236;C1=NCC(c2ccccc2)=CN1;2;-0.18675783505989776;-0.28590584;-7.4779434;Druglike_307, Druglike_923
AS-237;C1=CNC(CCCOc2ccccc2)=CC1;2;-0.09483076433187271;36.273354;-15.583435;Druglike_1273, Druglike_1333
AS-238;C1=CNC=CC1;2;-0.5116850565953192;-12.845724;8.341803;Druglike_517, Druglike_1694
AS-239;c1ccc(Oc2ccc(-c3ncn[nH]3)cc2)cc1;2;0.17081356850688095;-24.195576;-35.833443;Druglike_1838, Druglike_2040
AS-240;c1ccc(OCCc2nnc[nH]2)cc1;2;0.35475074521562705;22.26268;-19.330679;HighDiv_2008, HighDiv_2117
AS-241;C1=COC(c2ccccc2)=CC1;2;-0.03069502389717549;0.4703083;10.52597;HighDiv_1252, Druglike_1646
AS-242;C1=COC=C(C=Cc2ccccc2)C1;2;0.6972688970015888;3.23812;-35.885185;Druglike_149, Druglike_281
AS-243;c1nnc[nH]1;2;-1.3991206763668567;-41.746086;7.627036;Druglike_808, Druglike_912
AS-244;c1ccc(Cc2cnoc2)cc1;2;-0.19696000660304586;-9.492559;-19.338177;Druglike_1837, Druglike_1958
AS-245;c1ccc(Cc2ccccc2)cc1;2;-0.1502533719041052;8.462307;-7.863128;HighDiv_1838, HighDiv_1870
AS-246;O=C1NC(=O)C(C(=O)c2ccccc2)=C1C=C1N=COC1=O;2;1.3302989322333496;3.4850442;14.571507;Druglike_1461, Druglike_1446
AS-247;C=C1NCCN1c1ccccc1C#Cc1cccnc1;2;-1.2247621617392395;-0.5266027;65.453766;HighDiv_1006, HighDiv_979
AS-248;c1ccc(COc2ccccc2)cc1;2;0.10587013952932114;7.745081;1.9906474;HighDiv_564, HighDiv_704
AS-249;c1ccc(CCn2cncn2)cc1;2;1.5889853167133907;49.348648;-4.8403473;HighDiv_39, HighDiv_195
AS-250;c1ccc(CCc2nncs2)cc1;2;0.8313009934695524;36.0002;-9.22419;HighDiv_20, HighDiv_2199
AS-251;O=C1NC(CC#Cc2ccc[nH]2)c2ccccc21;2;0.30570658268232104;-2.9424186;12.393644;Druglike_1278, Druglike_1316
AS-252;c1nnc(-c2cnon2)[nH]1;2;-0.6029148056310114;-39.397224;4.752556;HighDiv_848, HighDiv_1107
AS-253;C=C(c1cn[nH]n1)c1ccco1;2;-0.4621323629617137;-19.961647;33.23314;Druglike_1452, Druglike_1617
AS-254;C=C(c1cn[nH]n1)c1ncn[nH]1;2;-1.154610654405644;-23.041767;30.49929;Druglike_1630, Druglike_1671
AS-255;c1ccc([SH+]c2cccc(-c3nc[nH]n3)c2)cc1;2;1.026725686766055;22.900524;-60.194202;HighDiv_1663, HighDiv_1756
AS-256;c1ccc(CCc2ccc[nH]2)nc1;2;0.18315809428081165;-11.215333;28.008669;Druglike_1352, Druglike_1324
AS-257;c1ccc(-c2cnco2)cc1;2;-0.15698881506139914;15.332588;8.750697;HighDiv_693, HighDiv_1402
AS-258;O=c1[nH]ncn1-c1ccccc1;2;0.28898579316163625;45.10991;1.9311132;HighDiv_2032, HighDiv_2185
AS-259;c1ccc(-c2cnc[nH]2)cc1;2;-0.2615407574405777;-5.03943;25.018734;HighDiv_1679, HighDiv_1808
AS-260;O=C(c1ccccc1)C1C=CNO1;2;0.4540843177059172;60.85367;-6.7711062;HighDiv_339, HighDiv_992
AS-261;c1cnccn1;2;0.0830345763025296;33.885284;40.919987;Druglike_91, Druglike_189
AS-262;O=C(c1cc[nH]c1)c1ncc[nH]1;2;-0.40076602922053645;-20.705605;2.011223;HighDiv_1731, HighDiv_1817
AS-263;S=c1[nH]nco1;2;-0.6394072057535938;-47.02286;3.5269675;HighDiv_93, HighDiv_746
AS-264;S=C1NCCN1;2;-1.1566483218075592;-8.022221;57.76863;HighDiv_1356, HighDiv_1511
AS-265;O=c1nc(C=Cc2ccccc2)[nH]o1;2;-0.23048178088627996;-18.862507;45.830486;Druglike_821, Druglike_1028
AS-266;O=C(c1ccc[nH]1)c1nc(=O)[nH]c(=O)[nH]1;2;0.3060075116252438;-70.91807;-12.457655;Druglike_379, Druglike_683
AS-267;O=c1ccoc(-c2nnn[nH]2)c1;2;-0.5236360296306696;-40.099957;-12.895652;Druglike_1557, Druglike_1701
AS-268;c1cncc(-n2ccnn2)c1;2;-0.6970832373970277;18.202717;14.901897;Druglike_1681, Druglike_1527
AS-269;O=c1cccco1;2;-0.8543359297978712;-18.273249;5.110943;HighDiv_1559, HighDiv_1477
AS-270;O=C(c1ccccc1)C1CCCN1;2;1.1885349134731946;55.463173;-12.480551;HighDiv_99, HighDiv_154
AS-271;c1cnc2[nH]ccc2c1;2;-0.1818964632893772;3.4744942;26.840605;Druglike_1605, Druglike_1659
AS-272;O=c1ccc2ccc(C=Cc3ncc[nH]3)cc2o1;2;0.014398370736981948;-36.864853;-32.042305;Druglike_1265, Druglike_1363
AS-273;O=C(c1ccccc1)C1CCNN1;2;0.7395758448772418;56.591583;-13.490551;HighDiv_162, HighDiv_298
AS-274;O=C(c1ccccc1)C1CCON1;2;0.05484899028073392;51.202713;-11.404548;HighDiv_285, HighDiv_1021
AS-275;O=C(c1ccccc1)c1c[nH]cn1;2;0.5646349869190104;-1.816077;-18.812662;Druglike_1104, Druglike_1077
AS-276;O=c1[nH]nc(Cc2ccccc2)o1;2;-0.2374546322890318;-10.301468;-18.784954;Druglike_1959, Druglike_1852
AS-277;O=C(c1ncc(C=Cc2ccccc2)cn1)c1ncco1;2;1.477532563661418;-39.67012;-42.97962;Druglike_1071, Druglike_1075
AS-278;O=C(c1ncc(C=Cc2ccccc2)cn1)c1ncc[nH]1;2;1.4205219106012938;-38.028893;-43.92386;Druglike_1118, Druglike_1061
AS-279;c1cncc(-c2nnc[nH]2)c1;2;-0.627468295751453;30.831327;21.509981;HighDiv_1318, HighDiv_1804
AS-280;O=C(c1ccncn1)c1ncc(C=Cc2ccccc2)cn1;2;2.2264363248240278;-43.786694;-42.469368;Druglike_1048, Druglike_1063
AS-281;c1c[nH]c(-c2nnc[nH]2)c1;2;-0.8672010497053109;-28.062843;1.8271713;Druglike_710, Druglike_874
AS-282;c1cnon1;2;-1.4451991900925893;-31.416275;27.115747;HighDiv_1387, Druglike_1632
AS-283;c1cc(-c2nnc[nH]2)n[nH]1;2;-0.4753825155752426;-41.83833;8.513603;Druglike_698, Druglike_899
AS-284;O=C(c1nnco1)c1c[nH]c2ccccc12;2;-0.5855996097465013;-28.768978;-4.008193;HighDiv_1811, HighDiv_1930
AS-285;O=C(CC=Cc1ccccc1)N1COC=N1;2;-0.3687705512280889;0.19044244;-2.7799325;HighDiv_1763, HighDiv_1830
AS-286;O=C(CCc1cccnc1)NCc1cc(-c2ccccc2)c[nH]1;2;1.4692353381035972;-1.889847;37.445183;HighDiv_1607, HighDiv_1693
AS-287;O=C(CN1C=CCC1)c1cc2cc[nH]c(=O)c2[nH]1;2;0.027944840782243505;3.4120898;17.298096;Druglike_1828, Druglike_2020
AS-288;c1csnn1;2;-1.245549766031265;-18.900455;4.8988566;HighDiv_2143, HighDiv_2144
AS-289;c1coc(-c2nnc[nH]2)n1;2;-0.937289036341443;-35.68908;2.9447517;Druglike_1809, Druglike_1918
AS-290;O=C(CNCC=Cc1ccccc1)Cc1ccno1;2;0.99936623533188;6.9266872;-50.933105;Druglike_83, Druglike_169
AS-291;c1ccc(-c2ccncn2)cc1;2;-0.03429447369961934;19.485708;-3.3024511;HighDiv_2198, HighDiv_1446
AS-292;O=c1[nH]nc(-c2ccc[nH]2)o1;2;-0.7214599999586442;-26.591782;1.5352998;Druglike_890, Druglike_964
AS-293;O=C(Cc1ccccc1)NC1C=CCC1;2;0.6451064841683032;29.251047;-15.02821;Druglike_1748, Druglike_1771
AS-294;O=C(Cc1ccccc1)c1ccco1;2;-0.31931686440168927;34.980484;-5.271296;Druglike_603, Druglike_1034
AS-295;c1cncc(-c2cnoc2)c1;2;-0.374190843252692;-3.3904662;-1.2645234;Druglike_468, HighDiv_1433
AS-296;c1ccc(-c2ccc(Cc3cnccn3)cc2)cc1;2;1.3786943907277456;-10.055664;-13.276461;HighDiv_1604, HighDiv_1615
AS-297;c1ccc2scnc2c1;2;-0.7549697112086686;-5.1135793;3.5197575;HighDiv_1358, HighDiv_1863
AS-298;c1ccc(-c2c[nH]nn2)cc1;2;-0.32683089300365276;16.061716;-37.755615;HighDiv_2167, HighDiv_2145
AS-299;O=c1[nH]nc(CC=Cc2ccccc2)o1;2;0.24605817583479433;16.60952;16.188793;HighDiv_1688, Druglike_1616
AS-300;c1cc(Cc2cnon2)on1;2;-0.9417185292528104;-52.44236;19.573227;Druglike_288, Druglike_966
AS-301;c1cc(CCc2ccc3c(c2)CNNC3)[nH]n1;2;-0.0958598895656811;1.9585128;23.335136;Druglike_371, Druglike_953
AS-302;c1cc(CCc2cc[nH]n2)on1;2;-0.04092984153923505;-13.8302;-15.33132;HighDiv_1451, HighDiv_1533
AS-303;c1cc(CCCNC2=NCCCO2)co1;2;-0.840388455492008;30.552607;-5.046285;Druglike_1241, Druglike_1358
AS-304;c1cncc(-c2cn[nH]n2)c1;2;-0.8240154410673105;-11.763843;25.39144;HighDiv_1025, HighDiv_985
AS-305;O=C(Nc1ccccc1)C1NC=CN1;2;-0.2263280223409436;38.93808;1.6950898;Druglike_1570, Druglike_1666
AS-306;C1=C(c2ccccc2)CNN1;2;-0.0809936568765387;19.55687;-12.178676;HighDiv_307, Druglike_621
AS-307;C(=CC1CCC=N1)c1ccccc1;2;-0.11058417781585342;20.638248;-17.191748;Druglike_1423, Druglike_1512
AS-308;C1=C(c2ccno2)COC1;2;-0.5237715910580907;-43.675102;22.470179;Druglike_1520, Druglike_1559
AS-309;C(#Cc1ccccc1)Cn1ccnc1;2;0.7941843808950644;10.265495;45.55784;HighDiv_85, HighDiv_941
AS-310;C(#CCc1ccncn1)Cc1ccccc1;2;-0.225975635733766;9.000387;28.71889;Druglike_940, Druglike_738
AS-311;C(=CNc1cccnc1)CCCc1ccccc1;2;0.506693512442397;37.34999;11.243938;Druglike_1510, Druglike_1479
AS-312;C(#CCc1cc[nH]c1)CCc1nnc[nH]1;2;-0.1998397801470947;20.603203;-21.722944;Druglike_1826, Druglike_2076
AS-313;C(=CCc1cnon1)CCc1cocn1;2;-0.4562195113913233;-33.313232;25.204926;Druglike_1180, Druglike_1222
AS-314;C(=CC1=NC=CCN1)CNCc1ccn[nH]1;2;1.1257824563798429;-34.891678;-8.6069765;Druglike_4, Druglike_397
AS-315;C(=Cc1ccccc1)CC1=NOCC1;2;-0.23484775310018244;36.494293;-1.0258653;Druglike_1506, Druglike_1716
AS-316;C(=Cc1cnon1)c1ccccc1;2;-0.6384284696735674;-15.761158;29.575958;Druglike_1675, Druglike_1495
AS-317;C1=CCC=C1;2;-0.3990686853925887;2.7709038;-15.362995;Druglike_134, Druglike_441
AS-318;C(=CCc1ccc2ocnc2n1)Cc1cc[nH]c1;2;0.29688308296932864;-55.89206;-1.5256164;Druglike_1939, Druglike_2052
AS-319;C(#Cc1ccsc1)c1ccccc1;2;0.05942433615237244;8.518435;6.4709387;HighDiv_1417, HighDiv_1352
AS-320;C(=Cc1cc[nH]n1)CC1=CCNN1;2;-0.6947268979973178;-43.61892;-8.946733;Druglike_1627, Druglike_1481
AS-321;C(=Cc1cc(C2CN2)n[nH]1)c1ccccc1;2;0.006399234111251852;-4.105867;-31.216557;Druglike_635, Druglike_511
AS-322;C(=Cc1ccccc1)CCC1=COC=CC1;2;-0.106948173393196;-33.853752;-39.950005;Druglike_329, Druglike_624
AS-323;C(=Cc1ccccc1)CCOc1ccccc1;2;2.1878718397002586;41.16243;10.888094;Druglike_1383, Druglike_1375
AS-324;C(#CC1CCN=CS1)CCc1ccccc1;2;1.728253526125113;71.85719;-27.223997;HighDiv_10, HighDiv_27
AS-325;C(#CCn1ccnc1)CCc1nc[nH]n1;2;-0.31925050369339414;-24.465164;20.053158;Druglike_1287, Druglike_1275
AS-326;C(=Cc1cccc(-n2cnnn2)c1)c1cccnc1;2;0.5494912483634784;-6.493917;31.59373;Druglike_413, Druglike_802
AS-327;C(#Cc1ccccc1)CCCCn1cnnc1;2;0.1226413182037895;17.14886;26.019594;Druglike_303, Druglike_357
AS-328;C(=CCc1nncs1)Cc1cnco1;2;0.22331239639283185;-59.014908;5.1207943;HighDiv_583, HighDiv_484
AS-329;C(=CC1=NN=CCN1)Cc1ccncn1;2;0.9136100074854041;-31.850021;10.276548;Druglike_28, Druglike_181
AS-330;C1=CCC(CC=Cc2ccccc2)=C1;2;0.13338005543495865;-31.174587;-38.367264;Druglike_1478, Druglike_1689
AS-331;c1c[nH]c(-c2cn[nH]c2)c1;1;-0.229121920621467;-28.915916;1.5540353;Druglike_230
AS-332;c1c[nH]c(-c2cnon2)c1;1;-0.8228535944169122;-27.342594;2.4052327;Druglike_1005
AS-333;c1c[nH]c(-c2ccco2)c1;1;-0.5806260996250919;-27.317163;2.1103356;Druglike_951
AS-334;C1=CCNC(CNCCc2ccccc2)=C1;1;-0.2340588761226621;5.551799;-2.2210066;HighDiv_1461
AS-335;C(=CNC1C=CC1)CCc1cccnc1;1;0.0146329389716092;30.395245;2.6961462;HighDiv_1414
AS-336;c1c[nH]c(CCc2cccc3oncc23)c1;1;0.3476639839616287;-27.730124;2.9398432;Druglike_1564
AS-337;c1c[nH]c(CONCCCc2csnn2)n1;1;-0.8380853452569124;-20.132565;2.1470523;HighDiv_1570
AS-338;c1c[nH]c(Cc2ccc(-c3ncc[nH]3)cc2)c1;1;0.2047867362044979;-12.141314;-10.501166;Druglike_158
AS-339;c1c[nH]c(Cc2ccno2)c1;1;-0.6102726897398524;-54.076374;17.573427;Druglike_911
AS-340;c1c[nH]c(Cc2cnc[nH]2)c1;1;0.3656268153745764;-16.636478;-0.8881177;Druglike_1764
AS-341;C(=CCc1nnn[nH]1)Cc1ccccc1;1;-0.1966150715178879;2.0904093;-18.281023;HighDiv_2244
AS-342;c1c[nH]nn1;1;-1.403004380567824;6.335204;24.812927;Druglike_1500
AS-343;c1cc(-c2ccn[nH]2)ncn1;1;-0.5287376496574796;-11.800366;17.46389;Druglike_361
AS-344;c1cc(-c2ccoc2)n[nH]1;1;-0.4865903892756661;18.585388;-28.351948;Druglike_1365
AS-345;c1cc(-c2cnco2)on1;1;-0.8270765536813738;-43.627262;22.296484;Druglike_1640
AS-346;C(=Cc1cc(CCN2CCCN2)n[nH]1)c1ccccc1;1;0.2964128779896023;-1.3541657;-30.492529;Druglike_435
AS-347;S=c1[nH]cc(Cc2cccc3nc[nH]c23)s1;1;0.1718164306533272;-2.2011952;14.998567;HighDiv_2075
AS-348;S=c1[nH]nc(COCc2ccccc2)[nH]1;1;-0.9293637119460284;-6.578839;-8.936236;HighDiv_1531
AS-349;O=c1ocnc2cccc(C#CCc3ccc[nH]3)c12;1;0.8404619767456818;1.9496073;11.483832;Druglike_1170
AS-350;O=c1ccc2ccccc2o1;1;-0.4218031047912295;6.3289647;3.793468;Druglike_1340
AS-351;C(=Cc1ccc2c(c1)NCO2)CCc1ccccn1;1;0.1932172528745186;-2.895353;20.944954;Druglike_913
AS-352;O=c1cccc(CC2=CCON2)o1;1;-0.9496914027911778;20.21183;-54.64167;Druglike_2060
AS-353;C(=Cc1ccc(-c2cccnc2)cc1)Cc1ncncn1;1;1.9813272849878003;28.313528;35.64467;HighDiv_1212
AS-354;O=c1ccn(CCc2ccccc2)c(=O)[nH]1;1;-0.4218797570323751;17.516783;-0.49558046;HighDiv_2275
AS-355;O=c1ccnc[nH]1;1;-1.124052757429625;15.132516;-5.9029927;HighDiv_978
AS-356;C(=Cc1ccc(-c2cccnc2)cc1)Cc1cnon1;1;2.238173312690453;28.385489;35.669823;HighDiv_1204
AS-357;O=c1ccoc(CCc2ccc(-c3cc[nH]n3)cc2)c1;1;2.209839033697553;-19.726076;-40.459885;Druglike_1721
AS-358;O=c1ccoc2ccccc12;1;0.431655438761388;31.028212;23.622772;HighDiv_1742
AS-359;O=c1nc(CCCC=Cc2cn[nH]n2)[nH]o1;1;-0.3221966379457393;-22.101254;37.400246;Druglike_1668
AS-360;O=c1ncc(COc2ccccc2)c[nH]1;1;0.411781981341453;43.808117;-12.704913;HighDiv_556
AS-361;O=c1ocnc2cccc(C#CCc3cccnc3)c12;1;1.0195154271178457;1.955656;11.488568;Druglike_1137
AS-362;S=c1[nH]nc(CCc2ccccc2)[nH]1;1;2.631394644717095;62.21649;-22.433126;HighDiv_2
AS-363;O=c1ocnc2ccccc12;1;0.0541236340006776;69.00913;7.8879595;HighDiv_2040
AS-364;S=C(C1=CCN=C1)c1ccccc1;1;-0.96638876923533;-8.354647;34.843838;HighDiv_1861
AS-365;S=C(COCCc1cc[nH]c1)c1ccco1;1;-0.5618612596909434;-0.80315846;1.1499151;HighDiv_782
AS-366;S=C1CC(C#CCCc2ccccc2)CN1;1;1.2400617538112524;71.225395;-25.77794;HighDiv_208
AS-367;C(=Cc1cc[nH]c1)CC1C=COC1;1;-0.6066423653388548;-13.493071;-6.8527884;Druglike_716
AS-368;S=C1NCCN1CC=Cc1ncc[nH]1;1;-0.676587339025546;-8.021633;57.75299;HighDiv_1377
AS-369;S=c1[nH]cc(CC=Cc2ccccc2)s1;1;-0.614781674903196;17.286934;-17.955004;HighDiv_904
AS-370;S=c1[nH]cc(CCc2ccccc2)s1;1;1.353372606695486;36.96925;-21.90324;HighDiv_50
AS-371;C(=CCc1ncc[nH]1)CCc1ccccc1;1;0.3456767057134945;59.576984;-22.083769;HighDiv_293
AS-372;S=c1[nH]cnn1-c1ccccc1;1;0.0558695954820496;29.721512;-21.801422;HighDiv_253
AS-373;S=c1[nH]nc(-c2ccccc2)[nH]1;1;0.3776675721947535;44.461254;0.9215263;HighDiv_2092
AS-374;C(=CCc1nccs1)Cc1cnco1;1;-0.4274150274186965;-58.966576;4.706178;HighDiv_936
AS-375;c1cc(CC2CCO2)on1;1;-1.2723006110474624;-54.81632;19.318542;Druglike_1000
AS-376;c1cc(-c2nc[nH]n2)ccn1;1;-0.0464473688706859;-5.1486716;3.6994438;HighDiv_2147
AS-377;C(=CCc1ccno1)Cc1ccncc1;1;-0.4470230420054526;6.1063523;-26.169619;Druglike_1879
AS-378;C(=CCc1cnco1)CCc1nn[nH]n1;1;0.0548135041709903;-57.60963;5.1668;HighDiv_764
AS-379;c1cc(Cc2ccno2)c2[nH]cnc2c1;1;0.2544040190460399;-2.2084928;15.0313;HighDiv_2083
AS-380;c1cc(Cc2cn3cnnc3cn2)ncn1;1;0.0088733918835111;-24.095331;10.635278;Druglike_787
AS-381;c1cc(Cc2cnc3[nH]ccc3c2)ncn1;1;1.6507881408249114;-25.695835;10.056989;Druglike_47
AS-382;C(=CCc1cnco1)CCc1cnns1;1;-0.0777689482473326;-57.676605;5.2073913;HighDiv_644
AS-383;c1cc(Cc2nncs2)c2[nH]cnc2c1;1;0.0396733086161769;-2.1114492;14.9628935;HighDiv_2077
AS-384;c1cc(Nc2ccncn2)cc(-c2c[nH]cn2)c1;1;1.2320345825977996;-4.5959425;-77.06746;HighDiv_1977
AS-385;C(=CCc1cnco1)CC1=CCC1;1;-0.0919538307986539;-58.716145;4.161832;HighDiv_706
AS-386;c1cc2c(cc1CCNCCc1cnn[nH]1)NCO2;1;0.1358794077841081;-34.75422;54.665623;Druglike_508
AS-387;C(=CCc1cn[nH]n1)Cc1ccccn1;1;-0.5118663956653335;-13.281391;7.8574634;Druglike_1934
AS-388;C(=CCc1cn[nH]c1)CCC=Cc1nnco1;1;-0.7823870033186479;-3.4479485;29.591076;HighDiv_1177
AS-389;C(=CCc1ccc2c(c1)OCN2)CNCc1ncc[nH]1;1;0.1973578798761726;-0.8731972;19.120834;Druglike_447
AS-390;c1cc(CCn2ccnc2)ccn1;1;-0.4548145764738047;16.192736;16.943752;HighDiv_1922
AS-391;C(=CCC1CN=CO1)Cc1ccoc1;1;0.140960444745217;-4.770452;-15.082248;HighDiv_1060
AS-392;C(=CCC1CCNC1)Cc1ccoc1;1;0.4549498469245842;-4.734467;-15.051966;HighDiv_654
AS-393;c1ccc(-c2ccc(Cc3cnon3)cc2)cc1;1;0.3854498836407286;-4.069332;-8.960441;HighDiv_1821
AS-394;C(=CCC1CCNC1)Cc1ccccc1;1;-0.6215320211045297;2.7647495;-21.21198;HighDiv_940
AS-395;C(=CCC1=CCCC1)CCc1ccccc1;1;0.6493471864876372;58.926495;-23.114302;HighDiv_352
AS-396;C(=CC1NNc2ccccc21)COc1ccccc1;1;3.440629231375525;29.30239;-29.484964;HighDiv_4
AS-397;C(=CC1NCNCN1)c1ccc[nH]1;1;0.1514887398081774;-27.678837;-0.80229497;Druglike_1470
AS-398;c1ccc(-c2cccnc2)nc1;1;-0.4053974442676204;45.55182;30.326763;HighDiv_2129
AS-399;C(=CC1Cc2ccccc2C1)c1ccccc1;1;2.148611101394628;25.885464;-26.22838;HighDiv_75
AS-400;c1ccc(-c2cccs2)cc1;1;-0.3196898340745682;11.020781;2.6807706;HighDiv_838
AS-401;C(=CC1CNNC1)c1ccccc1;1;-0.8230629680746473;1.2848668;-73.004005;HighDiv_2309
AS-402;c1cc(CNCCc2cnco2)[nH]n1;1;-0.2826441937195642;-55.790676;2.6078765;HighDiv_1011
AS-403;c1cc(CCn2cccn2)cc(-c2c[nH]cn2)c1;1;2.9407274372724888;-6.628457;-82.02621;HighDiv_1934
AS-404;c1cc(-c2nnc[nH]2)[nH]n1;1;0.0973475687592516;-40.805916;8.242614;Druglike_232
AS-405;C(=CCc1csnn1)CNC=CCc1ccncn1;1;-0.4241267980920261;-17.760448;4.078891;HighDiv_1780
AS-406;C(=CCc1ncc2cn[nH]c2n1)Cc1ccccc1;1;0.2639940411704925;-46.95703;-5.280047;Druglike_761
AS-407;C(=CCc1nc2ncccc2[nH]1)Cc1nc[nH]n1;1;0.5629348030802311;8.229486;-29.145731;Druglike_1415
AS-408;c1cc(C2CCO2)c[nH]1;1;-0.4592320063519624;-13.664267;-3.8552058;Druglike_1867
AS-409;c1cc(CC2CCCC2)ncn1;1;-0.5153639986497391;-32.738174;15.277606;Druglike_796
AS-410;C(=Cc1ccc2ccncc2c1)c1ccccc1;1;0.5739194685893503;13.372882;15.817103;HighDiv_980
AS-411;c1cc(CCC2=NCCC2)cc(-c2c[nH]cn2)c1;1;2.3360224580112474;-6.161861;-82.10922;HighDiv_1941
AS-412;c1cc(CCC2=Nc3[nH]ncc3CN2)n[nH]1;1;0.5155404352319213;-14.945959;-15.656273;HighDiv_1496
AS-413;c1cc(CCC2CN2)ncn1;1;-0.9306405369581454;-31.93784;15.448134;Druglike_630
AS-414;c1cc(CCCC2CCNCCO2)ncn1;1;-0.8844143987717843;-31.793343;16.582767;Druglike_453
AS-415;c1cc(CCCCc2cc[nH]n2)cc(-c2nnco2)c1;1;0.2158068878233595;-18.316458;42.11019;HighDiv_1827
AS-416;c1cc(CCCCc2ncnc3[nH]ncc23)cc(-c2nnco2)c1;1;1.371408547348861;-18.098186;41.93552;HighDiv_1653
AS-417;c1cc(CCCc2ccon2)co1;1;-0.6961336044151953;29.36929;-3.8054254;Druglike_1250
AS-418;c1cc(CCc2nnco2)n[nH]1;1;-0.5398940656936477;-14.281751;-15.496428;HighDiv_1515
AS-419;c1cc(CCCc2cnc[nH]2)ncn1;1;0.3194567463636568;-30.046679;16.117233;Druglike_240
AS-420;c1cc(CCCc2nnco2)ncn1;1;0.0128607144028725;-30.50734;15.640238;Druglike_314
AS-421;c1cc(CCNCCc2ccc3c(c2)NCO3)no1;1;-0.0645486017218842;-34.694687;54.63336;Druglike_729
AS-422;c1cc(CCc2cc3cn[nH]c3s2)n[nH]1;1;0.3092705463750222;-14.565292;-15.6156025;HighDiv_1450
AS-423;C(=CCc1cnoc1)Cc1ccoc1;1;1.110354463425788;-4.3498206;-14.818105;HighDiv_286
AS-424;c1cc(CCc2ccc3c(c2)CNNC3)no1;1;-0.1506132100333039;2.3235419;23.12923;Druglike_986
AS-425;c1cc(CCc2ccc3nc[nH]c3c2)n[nH]1;1;1.5242420383711897;-13.863076;-16.198576;HighDiv_1262
AS-426;c1cc(CCc2ccc[nH]2)cc(-c2c[nH]cn2)c1;1;2.5717444663692097;-6.84897;-81.338486;HighDiv_1937
AS-427;c1cc(CCc2ccco2)cc(-c2c[nH]cn2)c1;1;2.4518869609197176;-7.108531;-81.47724;HighDiv_1940
AS-428;C(=CCc1cnco1)Cc1cnn[nH]1;1;-0.2472941256921512;-58.796955;4.5662465;HighDiv_928
AS-429;c1cc(CCc2cnoc2)cc(-c2c[nH]cn2)c1;1;2.2348382372107167;-6.6953597;-81.62938;HighDiv_1943
AS-430;C(=Cc1ccc2c(c1)[nH]c1cnccc12)CC1=CCNC1;1;0.9477478397086364;-9.968426;13.01307;Druglike_1752
AS-431;O=c1cc[nH]n1CC=CCc1ccccn1;1;0.703049027155389;2.0580254;-2.247758;HighDiv_1274
AS-432;O=c1ccc(CNCc2cnon2)co1;1;0.028552378689749;7.44061;-1.795949;Druglike_1888
AS-433;O=c1[nH][nH]cc1C=Cc1cncc(-c2cc[nH]n2)c1;1;0.8946947030797929;-18.88875;-48.79554;HighDiv_394
AS-434;C(=Cc1ccccc1)CCc1ccccc1;1;1.296444285898168;-2.7463677;29.94129;HighDiv_1231
AS-435;O=C1NCCN1c1cccc(C#CCCC2=CNC=NC2)c1;1;1.4308905181704143;1.9491549;71.66509;HighDiv_269
AS-436;C(=Cc1ccccc1)CCCc1ncn[nH]1;1;0.2241853771335176;-35.624176;-42.81911;Druglike_228
AS-437;O=C1NCCN1c1cccc(C#CCCN2C=NCNC2)c1;1;1.8099177446233583;-1.2859094;80.582825;HighDiv_155
AS-438;O=C1NCCN1c1cccc(C#CCCc2ccccc2)c1;1;2.469524737323323;1.4273347;71.36827;HighDiv_31
AS-439;O=C1NCCN1c1cccc(C=CC2=CNC=NC2)c1;1;0.4877519449494235;-5.4992657;66.548645;HighDiv_585
AS-440;O=C1NCCN1c1cccc(C=CC2=NCCOC2)c1;1;0.6990971907457686;-5.0394073;68.88013;HighDiv_561
AS-441;O=C1NCCN1c1cccc(C=Cc2cnsc2)c1;1;0.6129147640618011;-5.1292343;66.77707;HighDiv_495
AS-442;O=C1NCCN1c1cccc(C=Cc2cnsn2)c1;1;0.2950444976922987;-4.997063;66.664116;HighDiv_744
AS-443;O=C1NCCN1c1cccc(CCC2=NOCN2)c1;1;0.025703479744253;-8.965426;67.28851;HighDiv_1062
AS-444;O=C1NCCN1c1cccc(CCc2n[nH]c3cnccc23)c1;1;1.3288893858046418;-8.339471;66.69027;HighDiv_335
AS-445;O=C1NCCN1c1cccc(CCn2cncn2)c1;1;1.0981454990792776;-8.512768;67.822075;HighDiv_256
AS-446;O=C1NCCN1c1cccc(CCn2nc[nH]c2=O)c1;1;0.1129121916511993;-10.753765;68.029526;HighDiv_1106
AS-447;O=C1NCCN1c1cccc(CSCc2cnon2)c1;1;0.154818135266251;-10.783383;70.562386;HighDiv_669
AS-448;C(=Cc1ccccc1)CCCc1cocn1;1;-0.3922331669176159;-0.86899847;-38.48198;Druglike_1337
AS-449;O=C1NCc2cccc(Cc3ccccc3)c21;1;-1.3295206377653224;0.329414;5.0003366;Druglike_1342
AS-450;O=C1NS(=O)(=O)c2ccc(Cc3ccoc(=O)c3)cc21;1;-0.0665451029923975;1.690949;-7.16744;HighDiv_1473
AS-451;O=C1OCC(C=Cc2ccccc2)=C1c1nn[nH]n1;1;0.43694016935857;-9.962521;22.317602;Druglike_1467
AS-452;O=C1OCC1C=Cc1ccccc1;1;-0.6173651310155118;17.28505;-17.927998;HighDiv_1139
AS-453;O=C1OCC1NNCc1cccnc1;1;-0.7671758355443494;46.649487;28.738087;HighDiv_2249
AS-454;O=C1OCC=C1c1cn[nH]n1;1;-0.8974551777275768;-56.349586;-20.30776;Druglike_1315
AS-455;O=C1OCCN1CC=Cc1ccccc1;1;-0.4052029736539247;2.68252;-42.804573;HighDiv_2260
AS-456;O=C1OCc2cc([SH+]c3ccccc3)ccc21;1;1.6250018318345858;21.118185;-63.630615;HighDiv_1610
AS-457;O=c1[nH][nH]cc1-c1ccccc1;1;-0.6730074037783325;-7.400839;39.629993;Druglike_858
AS-458;O=c1[nH][nH]cc1-c1nnc[nH]1;1;-0.0882468541565112;-41.333138;9.575522;Druglike_406
AS-459;O=C1NCCN1CCCCOc1ccccn1;1;-0.0588096376994888;-7.102104;61.133553;HighDiv_662
AS-460;O=C1NCCC1C(=O)c1ccccc1;1;-0.5319080606115996;46.39233;-7.9771786;HighDiv_1023
AS-461;C(=Cc1ccccc1)CCc1ccncc1;1;0.3922357159518042;-2.6046493;33.049625;HighDiv_1764
AS-462;O=C1CSc2cc(C=C3N=CNC3=O)ccc2N1;1;-0.0552091193865735;-1.7744919;6.9287453;HighDiv_1914
AS-463;O=C1CN=CN1CC=Cc1ccc(-c2cccnc2)cc1;1;1.8905443178553023;28.534739;35.74355;HighDiv_1213
AS-464;O=C1CN=CN1c1ccc(C=Cc2cnon2)cc1;1;0.628559582195612;-27.627996;31.252886;Druglike_1416
AS-465;C(=Cc1ccccc1)Cc1c[nH]c2c1N=CNC2;1;0.8625767952036065;41.8701;9.061149;Druglike_1451
AS-466;C(=Cc1ccccc1)COC1CCOC1;1;0.7029517918485411;32.69197;4.7889123;Druglike_1425
AS-467;O=C1CNc2c(cccc2Nc2ccccc2)N1;1;1.3269546337312348;13.4696455;33.31477;HighDiv_1349
AS-468;C(=Cc1ccccc1)CNCc1ncno1;1;0.4029378985627593;4.557473;-44.668194;HighDiv_2054
AS-469;O=C1COC(=O)N1C(=O)c1ccc[nH]1;1;-0.1652374229657979;-21.718546;19.667336;HighDiv_2291
AS-470;O=C1COC=C1C=CCc1ccccc1;1;-0.3555558847243019;-6.1465507;3.5238178;Druglike_1225
AS-471;O=C1COC=C1c1ccccc1;1;0.5117660293710125;28.813017;-22.201313;HighDiv_390
AS-472;C(=Cc1ccccc1)CNCc1cn[nH]n1;1;0.1571006624356455;5.13045;-46.21421;Druglike_442
AS-473;O=C1COc2ccc(COC(=O)c3cnco3)cc2N1;1;0.3749719777315501;-27.567036;-19.343466;Druglike_722
AS-474;C(=Cc1ccccc1)CNCCC1=COC=CC1;1;0.9063316156285406;5.1437273;-48.657925;Druglike_183
AS-475;O=C1NCC=C1C#CCc1cnon1;1;-0.0483878009657536;-36.00919;28.915144;Druglike_1502
AS-476;O=C1N=CSC1NCNc1cccnc1;1;-1.0245790120007243;44.57934;28.140402;HighDiv_2239
AS-477;C(=Cc1ccccc1)CNCC1CCOC1;1;-0.0624399621004846;42.62692;10.08268;Druglike_1525
AS-478;O=C1NC(=O)c2cc(COc3ccccc3)ccc21;1;0.5935423862201448;-0.34423634;7.2704353;Druglike_1913
AS-479;O=C1NC(=O)c2cc(COc3ccccn3)ccc21;1;0.5019836736538086;0.20111485;7.331104;Druglike_2068
AS-480;C(=Cc1ccccc1)CNCC1CCCNC1;1;0.3447682388630663;42.75604;10.051971;Druglike_1462
AS-481;C(=Cc1ccccc1)CNC1CC=CC1;1;0.1285570097850106;42.108624;10.198376;Druglike_1494
AS-482;C(=Cc1ccccc1)CCc1cnon1;1;-0.1302911992098157;-0.23104978;-28.579327;Druglike_419
AS-483;C(=Cc1ccccc1)CCc1cnccn1;1;-0.3262868757936115;-0.24785249;-28.616074;Druglike_739
AS-484;O=C1NCC(CCc2ccccc2)N1;1;-0.0435573037937851;2.0786366;-4.2995725;HighDiv_745
AS-485;O=C1NCC=C(C=CCC=Cc2ccccc2)N1;1;0.2478126573486592;-31.757343;-37.029396;HighDiv_1528
AS-486;C(=Cc1ccccc1)CCc1cncc(N2C=NOC2)c1;1;1.70876900993257;-3.208637;47.419876;Druglike_55
AS-487;O=c1[nH][nH]cc1C=Cc1cncc(-c2c[nH]cn2)c1;1;1.3377277885616738;-18.891695;-48.817955;HighDiv_165
AS-488;C(=Cc1ccccc1)CCC1=CCCOC1;1;-0.0753331165956479;-0.1487466;-28.193562;Druglike_494
AS-489;O=c1ccc(C=Cc2ccc3c(=O)cc[nH]c3c2)c[nH]1;1;1.1126277675728034;-30.63014;-30.341545;Druglike_1583
AS-490;O=c1[nH]c(CC#Cc2ccccc2)no1;1;-0.1007716504899848;9.57849;43.40687;HighDiv_1178
AS-491;O=c1cc(-c2ccccc2)[nH][nH]1;1;-0.7927321878112357;-14.627385;25.114552;Druglike_979
AS-492;O=c1cc(-c2cccnc2)cc[nH]1;1;-0.9651325272889149;44.19639;33.17681;HighDiv_1563
AS-493;O=c1cc(-c2ncn[nH]2)cco1;1;-0.5656654716399336;-15.851749;2.760668;HighDiv_1390
AS-494;O=c1cc(C2=CNNC2)cco1;1;-0.9536844053322018;-14.820325;2.151083;HighDiv_1575
AS-495;O=c1cc(C=Cc2ccccc2)nc[nH]1;1;0.35178402789758;-12.672835;3.822654;HighDiv_2048
AS-496;O=c1cc(C=Cc2nnc[nH]2)c1=O;1;-0.3750609839825481;54.22316;30.63099;HighDiv_1154
AS-497;O=c1cc(CC#Cc2nnc[nH]2)c1=O;1;-0.6871362171542087;5.7922883;38.176147;Druglike_1655
AS-498;O=c1cc(CCCCc2cnon2)[nH]cn1;1;-0.7342765022126609;-35.005272;-5.032373;Druglike_2051
AS-499;O=c1cc(CCc2ccno2)[nH]cn1;1;0.1813092174709305;-5.093188;-5.5488124;Druglike_1883
AS-500;O=c1cc(CNc2ccccc2)nc[nH]1;1;-0.0214424853358602;-11.692861;4.0012507;HighDiv_2113
AS-501;O=c1cc(Cc2ccccc2)c1=O;1;-0.6366665366376828;-4.637046;4.6667366;Druglike_2054
AS-502;O=c1cc[nH]c(-c2ccc(CC3=NCCN3)cc2)c1;1;0.7657482550841284;-29.515255;-24.92148;Druglike_1796
AS-503;O=c1cc[nH]c(-c2ccc(CCc3ccoc3)cc2)c1;1;1.2670127494628074;-30.10213;-24.26101;Druglike_1776
AS-504;O=c1cc[nH]c(-c2ccc(CCc3ncc[nH]3)cc2)c1;1;0.7183276241484555;-28.81544;-23.926346;Druglike_1945
AS-505;C(=Cc1cccc2nn[nH]c12)COc1ccccc1;1;1.0513529891168134;18.346342;-2.8267028;HighDiv_1340
AS-506;C(=Cc1cccc2ncoc12)Cc1cocn1;1;-0.396568264532967;-31.673985;-3.3724303;Druglike_1356
AS-507;O=c1cc[nH]c(-c2ccccc2)n1;1;-0.3357590795455125;-5.412114;-7.425493;HighDiv_1404
AS-508;C(=Cc1cccc2ncoc12)Cc1cnon1;1;-0.2190159158746965;-31.674816;-3.367457;Druglike_1299
AS-509;C(=Cc1cccc2ccccc12)NCc1ncn[nH]1;1;0.2178800413350184;-23.084848;-10.4357195;Druglike_1283
AS-510;O=c1cc[nH]c2cc(C=Cc3ccc4nc[nH]c4n3)ccc12;1;1.1673558934635329;-31.270561;-30.914083;Druglike_1576
AS-511;O=c1cc[nH]c2cc(Nc3cccc4ncoc34)ccc12;1;1.6684670833599209;-30.135918;-30.597155;Druglike_1497
AS-512;c1ccc(-c2ccncc2)cc1;1;2.182100932568836;14.71187;8.624341;HighDiv_1197
AS-513;C(=Cc1cccc(-c2ncn[nH]2)n1)c1ccccc1;1;2.4355224665275106;-29.504723;-69.42183;HighDiv_23
AS-514;O=c1ccc(-c2cnc(CCc3ccccc3)o2)n[nH]1;1;1.1190097556124483;-57.474804;-26.481133;Druglike_1156
AS-515;C(=Cc1cccc(-c2cc[nH]n2)c1)c1ccccc1;1;0.6949977298755172;3.2063346;-39.604275;HighDiv_1172
AS-516;O=c1[nH]ncn1CCC1CCCN1;1;-0.8411492978818063;-26.595654;20.896349;Druglike_766
AS-517;C(=Cc1ccccc1)C1=CC(c2nnn[nH]2)C1;1;0.1024286057203592;-8.970966;10.47178;HighDiv_1370
AS-518;C(=Cc1ccccc1)C1=NOCC1;1;-0.5505046930194175;0.49639177;9.285476;Druglike_1672
AS-519;C(=Cc1ccccc1)CC=Cc1cc[nH]n1;1;-0.4644045985982572;10.8019;-19.856222;HighDiv_1753
AS-520;O=c1[nH]c(CC=CCc2cnco2)cs1;1;0.2519887704600565;-59.097656;4.5484524;HighDiv_541
AS-521;C(=Cc1ccccc1)CC=Cc1cn[nH]c1;1;-0.6693415932675941;10.794952;-19.875135;HighDiv_1757
AS-522;O=c1[nH]c(CCc2cc[nH]n2)cs1;1;-0.2077005153345738;-14.337148;-15.88132;HighDiv_1520
AS-523;O=c1[nH]c(COCc2ccc(-c3c[nH]cn3)cc2)no1;1;0.0303955754779697;-6.655083;-8.983183;HighDiv_1375
AS-524;O=c1[nH]c2ccc([SH+]c3ccccc3)cc2[nH]c1=O;1;0.9355033892523829;20.92687;-62.152966;HighDiv_1673
AS-525;O=c1[nH]cc(C#CCCC2CN2)c2cc[nH]c12;1;-0.055627866702044;-16.303417;-22.706509;Druglike_2043
AS-526;O=c1[nH]cc(C=Cc2ccncn2)c2cc[nH]c12;1;0.4828298924922687;-15.816971;-21.076832;Druglike_1900
AS-527;O=c1[nH]cc(CC#Cc2cc3ccccc3o2)[nH]1;1;1.6183487209400993;5.541375;19.936785;Druglike_1407
AS-528;O=c1[nH]cc(CCC2=CNC=CC2)c2cc[nH]c12;1;0.7120315113723346;-15.012347;-22.582363;Druglike_1891
AS-529;O=c1[nH]cc(CCC2COC=CO2)c2cc[nH]c12;1;0.2699480588722867;-15.009802;-22.647245;Druglike_2056
AS-530;O=c1[nH]cc(Cc2ccccc2)[nH]1;1;0.3881099919941899;8.515165;19.688578;Druglike_1526
AS-531;O=c1[nH]cnc2cc(CCc3ccccc3)ncc12;1;0.7062102150871316;7.4716754;-0.6066635;Druglike_382
AS-532;O=c1[nH]nc(Cc2ccccc2)[nH]1;1;1.0687849348634009;8.5179825;19.70204;Druglike_1426
AS-533;C(=Cc1ccccc1)CC1=CNCC=N1;1;0.256267798899962;41.862244;9.197653;Druglike_1468
AS-534;O=c1[nH]nc(-c2ccccc2)o1;1;-0.4202104477921482;-25.075994;2.140922;Druglike_487
AS-535;C(=Cc1ccccc1)CC1=CCOC1;1;-0.3808056280266051;-31.705938;-38.104565;Druglike_1625
AS-536;O=c1[nH]nc(C2=CC=CC2)o1;1;-0.0977900301278976;-47.356396;11.069381;Druglike_592
AS-537;O=c1[nH]nc(C=CCN2CCNC2=S)c(=O)[nH]1;1;-0.8833263643517001;-8.015988;57.773174;HighDiv_1502
AS-538;O=c1[nH]nc(C=Cc2cnon2)[nH]1;1;-0.7896739152080032;-27.128572;31.100237;Druglike_1554
AS-539;C(=Cc1ccccc1)CC1=CCNN1;1;-0.0471521420850389;-43.6467;-9.027495;Druglike_1498
AS-540;O=c1[nH]nc(CC=Cc2ccccc2)[nH]1;1;0.2136925681802984;8.016342;40.140694;Druglike_1857
AS-541;C(=Cc1ccccc1)CC1=CCNC1;1;-0.1877355026294522;-31.75445;-37.032635;Druglike_1588
AS-542;O=c1[nH]nc(CCc2cc[nH]n2)o1;1;-0.2882916024567756;-14.428035;-15.5496235;HighDiv_1507
AS-543;O=c1[nH]nc(Cc2ccc[nH]2)o1;1;0.0184726370303419;-25.681654;0.9637849;Druglike_1854
AS-544;C(=CC1CNCN1)CCc1cccc(Nc2ccccc2)c1;1;0.7249040828017965;29.661877;10.787498;Druglike_431
AS-545;C(=CC1CCN=CN1)c1ccccc1;1;-0.7328520527399129;-2.7816026;-28.572668;Druglike_780
AS-546;c1ccc(-c2ccncc2)nc1;1;-0.0739029871012371;13.151509;-26.386238;Druglike_888
AS-547;c1ccc(OCCc2ncc[nH]2)nc1;1;-0.2173054405030648;-10.656897;23.882036;Druglike_1948
AS-548;C(#Cc1ccccn1)Cc1nncs1;1;-0.4324343151826996;35.331516;22.416042;HighDiv_2251
AS-549;c1ccc2c(c1)NC(NCc1cc[nH]n1)N2;1;-0.4818365443448446;-10.276832;-6.6564245;HighDiv_2321
AS-550;C(#Cc1ccccn1)Cc1cn[nH]n1;1;-0.4603292637944248;35.330025;22.418041;HighDiv_2323
AS-551;c1ccc2c(c1)ccn2Cc1c[nH]cn1;1;-0.823195689491238;-3.5144405;8.175364;Druglike_1014
AS-552;C(#Cc1ccccc1)Cc1nnn[nH]1;1;-0.6165482194502698;22.839567;21.068092;HighDiv_1063
AS-553;c1ccc2ncccc2c1;1;0.7367446889866172;36.5003;-18.605608;HighDiv_2012
AS-554;C(#Cc1ccccc1)Cc1nnco1;1;-0.200195006765102;10.736626;42.66822;HighDiv_653
AS-555;c1ccc2ocnc2c1;1;-0.6127851736326841;13.456378;-6.537331;HighDiv_2194
AS-556;C(#Cc1ccccc1)Cc1cnn[nH]1;1;-0.2481522033887967;10.785769;42.6374;HighDiv_738
AS-557;C(#Cc1ccccc1)Cc1ccccn1;1;0.5471366804641278;9.874533;38.29677;Druglike_218
AS-558;c1ccn(C2COC2)c1;1;-1.19393598191921;-44.547092;31.716015;Druglike_1656
AS-559;c1ccn(CCCN2CCCC2)c1;1;0.4532485945753316;-45.068996;32.03717;Druglike_1411
AS-560;c1ccn(CCCOc2ccn[nH]2)c1;1;-0.3917228643169577;-28.152847;-7.9587774;Druglike_1553
AS-561;c1ccn(CCCc2ncno2)c1;1;-0.646557487705057;-28.14886;-8.108073;Druglike_1584
AS-562;C(#Cc1ccccc1)Cc1ccccc1;1;0.5346267871746961;18.816818;24.26419;Druglike_1199
AS-563;C(#Cc1ccccc1)CCn1cnnc1;1;-0.4728803232152609;17.851625;28.458208;HighDiv_1900
AS-564;c1ccn2cnnc2c1;1;-0.4541772324782173;2.2834096;-15.188046;HighDiv_2063
AS-565;C(#Cc1ccccc1)CCn1ccnn1;1;0.0825402452563845;27.206266;-19.04669;Druglike_1549
AS-566;C(#Cc1ccccc1)CCc1ccc[nH]1;1;-0.0558372403597808;-7.615685;12.962814;HighDiv_1879
AS-567;c1ccsc1;1;-0.9667571273970186;-6.665163;3.0477366;HighDiv_531
AS-568;c1cn(CCc2ccc3sncc3c2)cn1;1;1.252229552026359;16.190498;16.940777;HighDiv_1619
AS-569;c1cn(CCc2nnco2)cn1;1;-0.5752852998524661;16.198366;16.942026;HighDiv_1800
AS-570;C(#Cc1ccccc1)CCNCc1cnon1;1;-0.3321642412542587;16.126062;43.602283;Druglike_1251
AS-571;C(#Cc1ccccc1)CCCn1cccn1;1;-0.1946746394228203;19.030767;24.501917;Druglike_1317
AS-572;c1cnc(CNC2CCCCC2)cn1;1;-0.1411878524344657;34.81068;40.579796;Druglike_400
AS-573;c1ccc2c(c1)CNN2;1;-0.6032363176396351;4.0607333;9.95193;Druglike_1338
AS-574;C(#Cc1cccnc1)CC1=CC=CC1;1;0.2408472574679273;17.182325;38.19596;HighDiv_1371
AS-575;c1ccc2c(COc3cccc4nc[nH]c34)cccc2c1;1;0.7985205470208872;-7.3013844;11.356496;Druglike_1321
AS-576;C(#Cc1ccn[nH]1)Cc1cnccn1;1;-0.4623108620208965;-24.10437;8.921971;Druglike_594
AS-577;c1ccc(OCc2ccc3c(c2)SNC3)cc1;1;0.6595596495636356;0.2712413;4.241551;HighDiv_387
AS-578;c1ccc(OCc2ccc3nc[nH]c3c2)cc1;1;1.3291754117035233;12.396187;-8.027648;HighDiv_2030
AS-579;c1ccc(OCc2cnc[nH]2)cc1;1;-0.6759947041620807;-2.429028;-50.620106;Druglike_678
AS-580;C(#Cc1ccnc2[nH]ccc12)CNCCC1=CNC=NC1;1;0.0311770009334706;-2.1209757;26.311638;Druglike_547
AS-581;c1ccc(Oc2ccn[nH]2)cc1;1;-0.6318005533559731;14.02399;8.687705;HighDiv_1472
AS-582;c1ccc([SH+]c2ccc(-c3ncon3)cc2)cc1;1;-0.1975292183899791;23.092255;-63.047596;HighDiv_1801
AS-583;C(#Cc1ccnc(C2=COCC=C2)c1)c1ccccc1;1;1.9850044555418624;-8.327146;14.89518;Druglike_176
AS-584;C(#Cc1ccn[nH]1)c1cccnc1;1;-0.3603807018746084;-8.801518;17.785173;Druglike_1695
AS-585;c1ccc([SH+]c2ccc3c(c2)NCCCN3)cc1;1;0.4188687425954531;19.796537;-62.582314;HighDiv_1641
AS-586;c1ccc([SH+]c2ccc3c(c2)NNC3)cc1;1;0.7404573456504201;21.623386;-65.27291;HighDiv_1716
AS-587;c1ccc([SH+]c2ccc3ncccc3c2)cc1;1;1.8248017203673723;23.283812;-64.19716;HighDiv_1596
AS-588;c1ccc([SH+]c2cccc(-c3ccccn3)c2)cc1;1;2.325555912145392;22.101767;-60.711002;HighDiv_1605
AS-589;C(#Cc1cccnc1)CC1=CNC=NC1;1;0.0117222908290071;17.253656;38.145885;HighDiv_1391
AS-590;c1ccc([SH+]c2cccc(-c3cnsn3)c2)cc1;1;1.264556334745419;21.820389;-60.499302;HighDiv_1646
AS-591;C(#Cc1cccnc1)Cc1nncs1;1;-0.2177447708842398;13.141311;39.93471;HighDiv_1401
AS-592;c1ccc([SH+]c2cccc(-c3nnco3)c2)cc1;1;1.7962431646726955;23.663269;-61.310062;HighDiv_1616
AS-593;c1ccc([SH+]c2cccc(-n3cnnn3)c2)cc1;1;1.376560556529454;22.234783;-64.29205;HighDiv_1639
AS-594;c1ccc([SH+]c2cccc(C3=NOCN3)c2)cc1;1;1.0743613713811258;23.66525;-60.906643;HighDiv_1702
AS-595;C(#Cc1cccnc1)Cc1cscn1;1;-0.7668337404700223;15.106245;25.758268;HighDiv_1019
AS-596;C(#Cc1cccnc1)Cc1cnsc1;1;0.0577390553576332;17.224876;38.292233;HighDiv_1338
AS-597;c1ccc2[nH]c(CCc3cc[nH]n3)cc2c1;1;1.532891650536187;-14.092152;-16.08356;HighDiv_1235
AS-598;c1ccc2[nH]c(SCc3csnn3)nc2c1;1;-0.7162874077123503;-8.742286;5.408405;HighDiv_1894
AS-599;C(#Cc1cccnc1)CN1CNc2cccnc21;1;0.4935320751032238;17.781034;38.02422;HighDiv_1327
AS-600;C(#Cc1cccnc1)CC1=NN=CCN1;1;-0.0840033118263477;13.141503;39.928734;HighDiv_1438
AS-601;c1cnc(CNCCCCc2ccn[nH]2)cn1;1;-0.301588601223369;-15.2561865;20.715063;Druglike_427
AS-602;c1cnc(Nc2cccc(-c3c[nH]cn3)c2)nc1;1;1.140015956584587;1.5348287;-76.8972;HighDiv_1982
AS-603;C(#Cc1ccccc1)CCCC=C1NCCN1;1;1.400365267293307;41.026695;-30.0115;HighDiv_120
AS-604;C(#CCC1=CCCCC1)COc1ccccc1;1;1.2056819018313716;8.299583;-15.23315;HighDiv_1642
AS-605;c1coc(C2=NOCN2)n1;1;-0.8109718221006862;-37.84186;8.680626;Druglike_632
AS-606;c1coc(Cc2cc3ccccc3[nH]2)c1;1;-0.3080884076355639;-9.853102;-3.1969962;HighDiv_1828
AS-607;c1coc(Cc2cncnc2)c1;1;-0.656386689575326;-26.942476;7.199269;Druglike_1330
AS-608;C(#CCc1ccncn1)CCC1C=COCC1;1;1.252326787333206;-32.95983;16.169823;Druglike_82
AS-609;C(#CCc1ccc[nH]1)Cc1ccncn1;1;0.1111605501481653;8.731471;29.025578;Druglike_699
AS-610;c1n[nH]c(-c2cnc[nH]2)n1;1;-0.5121112554328114;-10.875283;16.730423;Druglike_1664
AS-611;c1nc2c([nH]1)CNC2;1;-1.266178385819335;-5.055584;0.5912184;HighDiv_1065
AS-612;C(#CCN1CCCC1)Cc1ccccc1;1;0.3598466852207761;-1.0428718;3.2315943;HighDiv_1296
AS-613;C(#CCN1C=CSC1)Cc1ccccc1;1;-0.2314903230543861;24.21446;14.676958;HighDiv_1504
AS-614;c1ncc(CCCCc2ccoc2)[nH]1;1;-0.2562503468217339;18.006449;-27.429068;Druglike_1274
AS-615;c1ncc(Cc2cnon2)[nH]1;1;-1.0421287761198617;-36.224655;24.82344;Druglike_1032
AS-616;c1ncc2nc[nH]c2n1;1;-0.7950147149806308;10.927927;-6.6223993;HighDiv_1529
AS-617;c1coc(-c2ccno2)c1;1;-0.4202104477921482;-43.228756;22.343302;Druglike_1515
AS-618;c1nn[nH]n1;1;-1.5181995963716808;11.689787;-6.6781726;HighDiv_1867
AS-619;c1nnc(-c2cnco2)[nH]1;1;-0.8923386546567271;-32.152203;-0.24390866;Druglike_1700
AS-620;C(#CC1CN=CNC1)CCc1ccccc1;1;1.7825330986122905;71.25037;-25.799128;HighDiv_119
AS-621;c1nnc(-c2cnns2)o1;1;-1.3629153706536274;-31.747889;-15.890996;HighDiv_2209
AS-622;C(#CC1CCON1)c1ccccc1;1;-0.5477679324248088;7.04872;5.7174025;Druglike_1277
AS-623;c1nnc(-c2nn[nH]n2)[nH]1;1;-0.1584721737204223;-41.6537;8.14379;Druglike_460
AS-624;c1nnc(Cc2ccc3ocnc3c2)[nH]1;1;0.027699981014765;-8.136391;3.2143672;Druglike_1301
AS-625;c1nnc(Cc2cocn2)[nH]1;1;-0.5021904982773567;-32.97709;3.2826748;HighDiv_664
AS-626;c1nnc(NCCc2csnn2)s1;1;-0.8141124269667265;-8.593697;4.425258;HighDiv_2110
AS-627;c1nnc(Nc2ccc(-c3cn[nH]c3)cc2)s1;1;0.0871202026392135;-6.7568073;27.474161;HighDiv_641
AS-628;C(#CC1CCCCC1)c1ccno1;1;0.0192952286172454;-41.56536;20.402306;Druglike_1657
AS-629;c1coc(-c2nnc[nH]2)c1;1;-0.0822516703233137;-41.98925;9.118342;Druglike_828
AS-630;c1coc(-c2ccc(CCC3=NCON3)cc2)c1;1;-0.3433618234218322;1.1083958;18.132223;HighDiv_1082
AS-631;C(#Cc1ccccc1)CCC1=COC=CC1;1;0.0850733122149175;18.060814;28.829975;HighDiv_1918
AS-632;C(#Cc1cc[nH]c1)c1cccnc1;1;-0.7828824028752661;-33.246246;34.90999;Druglike_905
AS-633;C(#Cc1ccccc1)CC1=NOCN1;1;-0.6133927115401896;22.792328;21.334663;HighDiv_973
AS-634;c1cnc2ccc(CCCc3ccncn3)cc2c1;1;1.977237047139928;-30.621618;16.667032;Druglike_37
AS-635;c1cnc2ncoc2c1;1;-0.67114362392441;-25.13983;11.678718;HighDiv_2276
AS-636;C(#Cc1ccc[nH]1)CC1=CCC=C1;1;0.3148263998270459;-11.523245;-3.9311373;Druglike_984
AS-637;c1cncc(-c2cccc(CCC3=NCON3)c2)c1;1;0.1845974467976005;1.0999005;18.147947;HighDiv_668
AS-638;C(#Cc1ccc2c(c1)NCO2)CCCc1cnccn1;1;0.0459190322385139;-31.24925;60.195866;Druglike_1027
AS-639;c1cncc(-c2cccs2)c1;1;-1.3090396424378818;45.73734;30.22493;HighDiv_2326
AS-640;c1cncc(-c2ccncn2)c1;1;-0.0644158803052943;7.210944;31.530336;Druglike_681
AS-641;c1cncc(-c2ccon2)c1;1;-0.3453994908237478;45.276417;30.55408;HighDiv_2171
AS-642;c1cncc(-c2ccsc2)c1;1;-0.9314780315890896;45.74205;30.229183;HighDiv_2161
AS-643;c1cncc(-c2cn[nH]c2)c1;1;-1.186256585801745;38.45109;32.305386;HighDiv_1421
AS-644;C(#Cc1cc[nH]c1)Cc1nnco1;1;-0.7207048375905081;-31.6383;-10.783715;Druglike_1216
AS-645;C(#CCc1n[nH]c2ccccc12)Cc1ccncn1;1;0.2436663503253427;8.977113;29.200666;Druglike_820
AS-646;c1cncc(-c2nccs2)c1;1;-1.2255790733044816;44.21548;33.105602;HighDiv_1510
AS-647;c1cncc(-c2ncno2)c1;1;-1.1051495160572238;19.279099;-34.44863;HighDiv_1064
AS-648;c1cncc(-c2nnc(CCc3ccc4c(c3)CCC4)s2)c1;1;1.8624045094760984;36.608788;32.440346;HighDiv_1240
AS-649;C(#Cc1cc[nH]c1)Cc1cccnc1;1;0.2883147345566652;-33.514427;33.279945;Druglike_1573
AS-650;C(#Cc1cc[nH]c1)Cc1ccccc1;1;0.021235660712313;-33.51593;33.25919;Druglike_1697
AS-651;C(#Cc1cc[nH]c1)Cc1c[nH]nn1;1;-0.2058218324366111;-33.48965;33.421646;Druglike_1528
AS-652;c1cncc(CCCc2nnco2)c1;1;-0.887926904800231;-32.127125;-11.721241;Druglike_1357
AS-653;c1cncc(CNc2cccnc2)c1;1;-0.1068378065426667;27.530722;9.331035;Druglike_1023
AS-654;C(#CCn1cccc1)Cc1cnn[nH]1;1;0.0887895118794394;-4.180063;-2.219906;Druglike_1149
AS-655;C(#CCc1nnco1)CCc1ccccc1;1;1.9348655100563388;70.41956;-24.294653;HighDiv_24
AS-656;C(#CCc1ncc2nc[nH]c2n1)CCc1cccc2ncoc12;1;1.3539915046463145;0.8164618;12.461552;Druglike_1146
AS-657;C(#Cc1ccno1)CCc1ccccc1;1;0.5610412171382277;-38.39941;25.333466;Druglike_1836
AS-658;c1ccc(OCCOc2ccccc2)cc1;1;1.109552454904587;32.12922;-27.05172;HighDiv_160
AS-659;C(=CC1CN=CN1)COc1ccccc1;1;1.204859310244468;29.66768;-30.14446;HighDiv_101
AS-660;c1ccc(OCC2NCCCO2)cc1;1;-0.346844523362197;-1.6930234;-50.96955;Druglike_629
AS-661;C(=CC1=NOCN1)CCc1nnc[nH]1;1;-0.5814841773217378;-37.67006;8.707154;Druglike_1942
AS-662;C(=CC1=NCNC=C1)Cc1cccc2nc[nH]c12;1;0.0709033327076372;-2.3146672;15.995085;HighDiv_2207
AS-663;C(=CC1=NC=CCN1)CNCc1cn[nH]n1;1;-0.161878221419642;-34.951862;-9.327641;Druglike_340
AS-664;C(=CC1=COCCO1)COc1ccccc1;1;1.0038443458966706;-6.7477717;0.09959615;Druglike_1424
AS-665;c1ccc(-n2cnnn2)cc1;1;-0.3624595354079279;-6.4821434;31.590107;Druglike_421
AS-666;c1ccc(C2=NCON2)cc1;1;0.0904794041853676;14.762447;8.663542;HighDiv_1250
AS-667;c1ccc(C2=NNCO2)cc1;1;-0.7098025043441971;-2.5464237;-11.182122;Druglike_2059
AS-668;c1ccc(CC2CN2)cc1;1;-0.0788569826674163;32.68327;-23.90777;HighDiv_386
AS-669;c1ccc(CCC2=NCON2)cc1;1;-0.5113709961087152;1.1091584;18.12685;HighDiv_970
AS-670;c1ccc(CCC2=NOCN2)cc1;1;-0.2032887654780781;31.78042;-39.041424;HighDiv_2282
AS-671;c1ccc(CCC2CCNCN2)cc1;1;-0.6214347857976826;17.525057;-0.40599662;HighDiv_2300
AS-672;c1ccc(CCCCCc2nnco2)cc1;1;0.4447373838485858;36.16923;8.350455;Druglike_1474
AS-673;c1ccc(CCCCSCn2cnnc2)cc1;1;-0.5654149318507936;0.27776787;-4.9557743;HighDiv_2229
AS-674;c1ccc(CCCCc2ccccn2)cc1;1;-0.1135732496999604;8.761636;8.793534;HighDiv_869
AS-675;c1ccc(CCCCc2ccon2)cc1;1;-0.3571691247890844;5.9323163;16.976212;Druglike_758
AS-676;c1ccc(CCCCc2cnccn2)cc1;1;0.6971510786290394;36.138878;-20.287153;HighDiv_233
AS-677;c1ccc(CCCCc2ncc(-c3cc[nH]c3)[nH]2)cc1;1;0.7176583370438433;-38.042435;-4.683262;Druglike_1486
AS-678;c1ccc(CCCCc2ncno2)cc1;1;0.8569797756201794;36.129845;-20.288754;HighDiv_156
AS-679;c1ccc(CCCc2ccncn2)cc1;1;1.0704542441036269;-30.759571;15.820373;Druglike_64
AS-680;c1ccc(CCCc2ccno2)cc1;1;-0.8580354549179929;37.618187;-11.155401;HighDiv_2232
AS-681;C(=CC1=COCCO1)CCc1cccc(-c2cn[nH]n2)c1;1;0.9292839287174096;-9.697547;40.731987;Druglike_170
AS-682;c1ccc(CCCc2cnon2)nc1;1;-0.6081434670527497;-30.951982;36.720615;Druglike_836
AS-683;C(=CC1=CNCS1)CCc1cnco1;1;-0.6168136622834501;-54.4781;2.2692804;HighDiv_1136
AS-684;C(=CC1=CCCO1)Cc1ccncn1;1;0.6097741591957608;-29.825409;8.216157;Druglike_163
AS-685;c1ccc(CCNCCc2ccccn2)cc1;1;0.7526812130409711;33.71465;-18.932768;HighDiv_362
AS-686;C(=CC1C=CC1)CCc1cnco1;1;-0.096421649830594;-54.893406;2.476788;HighDiv_779
AS-687;c1ccc(-c2nnc[nH]2)nc1;1;0.5795611973049002;-41.928555;9.124472;Druglike_302
AS-688;C(=CC1C=CC1)Cc1ccncn1;1;0.4076711604278796;-32.52866;12.780724;Druglike_199
AS-689;C(=CC1CCCN1)Cc1ccc2[nH]ncc2c1;1;0.1451834040096782;-4.4406943;-22.45371;HighDiv_1566
AS-690;C(=CC1CCNCC1)c1ccccc1;1;-0.246895961442381;26.911922;-17.590715;Druglike_1545
AS-691;C(=CC1CCNC1)Cc1ccccn1;1;-0.5371927912087828;25.34892;-16.254883;HighDiv_1165
AS-692;c1ccc(-c2ccon2)cc1;1;-0.3494840486499584;-42.333466;23.17867;HighDiv_2318
AS-693;c1ccc(-c2ccon2)nc1;1;-0.6561773159175897;-25.601206;16.921072;HighDiv_1892
AS-694;C(=CC1CCNC1)CCNCCc1ccccc1;1;0.9122444671989308;64.97735;-11.291494;HighDiv_305
AS-695;O=C1CCC=C1CC=Cc1cccnc1;1;0.461331834964229;48.705666;30.682354;HighDiv_1999
AS-696;C(=CC1CCCS1)c1cccnc1;1;-0.8838217639083185;50.865788;28.507853;HighDiv_2224
AS-697;C(=CC1CCCO1)NCc1ccc2[nH]ccc2c1;1;-0.310692446813582;-5.253667;15.848234;HighDiv_1058
AS-698;C(=CC1CCCO1)Cc1ccccc1;1;0.022547971834172;35.098396;7.620846;Druglike_1704
AS-699;C(=CC1CCCN1)c1cccnc1;1;-0.5262869149617533;49.87262;29.003363;HighDiv_2055
AS-700;c1ccc(-c2cnns2)cc1;1;0.2338463714774543;44.645966;0.7255541;HighDiv_2061
AS-701;C(=CC1CCCCS1)c1ccccc1;1;-0.7404753796819341;13.3746805;15.804244;HighDiv_1182
AS-702;C(=CC1C=CNC=C1)Cc1ccc2[nH]ncc2c1;1;1.1591193485923452;-4.4371133;-22.455555;HighDiv_1386
AS-703;c1ccc(-c2coc(CNCc3ccccn3)c2)cc1;1;1.2146232199169145;-4.3121014;43.505653;Druglike_1778
AS-704;c1ccc(-c2coc(CNCc3ccncc3)c2)cc1;1;0.4946201095233076;-4.4079747;43.45781;Druglike_1904
AS-705;C(=CC1CCCC1)c1ccccn1;1;0.4064823477002314;39.43035;51.63001;HighDiv_1481
AS-706;C(=CC1CCCC1)Cc1ccc2[nH]ncc2c1;1;0.5074011256675819;-4.438461;-22.449873;HighDiv_1480
AS-707;c1ccc(-c2csnn2)cc1;1;0.5233617757883561;15.666406;6.77115;HighDiv_1237
AS-708;C(=CC1CCCC1)CCn1ccnc1;1;-0.0713550170986634;-15.215806;-5.8804984;Druglike_1311
AS-709;c1ccc(-c2ncc[nH]2)cc1;1;-0.0995005054995281;-1.3186265;-5.731327;Druglike_691
AS-710;c1ccc(-c2ncco2)nc1;1;-0.3672694495141938;-5.305086;2.2277594;Druglike_478
AS-711;c1ccc(-c2nccs2)cc1;1;-0.3132815829475592;15.692681;7.1192794;HighDiv_1425
AS-712;C(=CC1CC=NO1)Cc1ccc2[nH]ncc2c1;1;0.2350728073357885;-4.436859;-22.450022;HighDiv_1569
AS-713;C(=CC1C=NN=CN1)c1ccccc1;1;0.1086274831896323;14.769241;-9.059061;HighDiv_1735
AS-714;c1ccc(CCNCCn2cnnn2)cc1;1;0.6173470969839991;64.56178;-12.402244;HighDiv_584
AS-715;c1ccc(CCNCc2cn[nH]c2)cc1;1;2.018361565299481;31.797077;7.456179;Druglike_1379
AS-716;c1ccc(CCNCc2cnoc2)cc1;1;0.8759596692337244;31.80901;7.4745946;Druglike_1414
AS-717;c1ccc(Cc2ncc[nH]2)nc1;1;-0.2151613147719236;-33.395386;37.005566;Druglike_355
AS-718;c1ccc(Cc2cc[nH]n2)cc1;1;-0.1841406643381984;32.817104;7.369031;Druglike_1619
AS-719;C(#Cc1cnccn1)CCC1=CCNCN1;1;-0.0348104563219396;34.003918;41.66881;Druglike_445
AS-720;C(#Cc1cncc(C2=CCC=CN2)c1)c1ccccc1;1;1.656977795271804;8.185213;3.8628206;Druglike_245
AS-721;c1ccc(Cc2ccco2)nc1;1;-0.0838145212343132;-33.855305;37.87923;Druglike_491
AS-722;c1ccc(Cc2ccn[nH]2)cc1;1;-0.2169427623630377;26.158613;4.412007;HighDiv_1858
AS-723;c1ccc(Cc2ccno2)cc1;1;-0.23256345443043;-54.124664;18.201378;Druglike_238
AS-724;C(#Cc1cnc[nH]1)c1ccccc1;1;-0.3834096672046235;6.5414805;6.023049;Druglike_929
AS-725;c1ccc(Cc2cnco2)cc1;1;-0.5645213680444061;3.6356733;-15.283248;Druglike_748
AS-726;c1ccc(Cc2cnco2)nc1;1;-0.3289881502784764;-33.838913;37.751232;Druglike_636
AS-727;c1ccc(Cc2cocn2)cc1;1;-1.345931978310594;7.41168;-36.721096;Druglike_1328
AS-728;c1ccc(Cc2ncc(-c3cnc[nH]3)[nH]2)cc1;1;-0.6673599950411229;-8.974406;7.011007;HighDiv_1852
AS-729;c1ccc(Cc2ncco2)nc1;1;-0.2296677093318677;-33.89451;37.6857;Druglike_542
AS-730;c1ccc(COc2ccccn2)cc1;1;0.1309871614150351;37.127354;3.593196;HighDiv_2044
AS-731;c1ccc(Cc2nnc[nH]2)cc1;1;-0.5303657927663024;-4.9756746;18.283564;HighDiv_1179
AS-732;c1ccc(NC2=NCCO2)cc1;1;-0.7282160261816402;35.176918;-10.201301;HighDiv_2123
AS-733;c1ccc(NCCc2cc[nH]c2)cc1;1;-0.6170996881823316;46.800762;-16.908892;HighDiv_1071
AS-734;c1ccc(NCCc2nnco2)cc1;1;-0.6799877067031042;-6.981057;17.665363;Druglike_717
AS-735;c1ccc(NCCn2cnc3ncncc32)cc1;1;0.4956052286148814;9.754645;10.073169;Druglike_1195
AS-736;c1ccc(NNCc2cscn2)cc1;1;-0.5069386631865173;-0.7868923;-4.595301;HighDiv_2292
AS-737;C(#Cc1ccno1)Cc1ccccc1;1;0.2125747276721342;-41.57711;20.45101;Druglike_1626
AS-738;C(#Cc1ccno1)CCc1cnon1;1;-0.4786043841936179;-38.38093;25.375547;Druglike_2044
AS-739;c1ccc(Nc2ccn[nH]2)cc1;1;-0.3869484363204339;31.498692;9.230517;Druglike_1963
AS-740;c1ccc(Nc2cncc(-n3cccn3)c2)cc1;1;0.2732157051332553;-19.622412;26.808126;Druglike_646
AS-741;c1ccc(Nc2cncc(OC3CCOC3)c2)cc1;1;-0.2463856588417224;46.389652;-19.123886;HighDiv_615
AS-742;c1ccc(Cc2cc[nH]c2)cc1;1;-0.0515284058317936;-12.935859;-1.462991;Druglike_1794
AS-743;C(#Cc1cnccn1)CCC1CCCN1;1;0.2041437121872504;34.411568;41.539604;Druglike_293
AS-744;c1ccc(CCOCc2cccc3ncncc23)cc1;1;0.3826925399804181;-6.5030265;45.78691;Druglike_726
AS-745;c1ccc(CCc2cnoc2)cc1;1;1.5442425371860518;49.406494;-4.7593203;HighDiv_148
AS-746;c1ccc(CCOCc2ccccc2)cc1;1;0.5204773907331159;-6.5419035;46.153934;Druglike_282
AS-747;C(#Cc1nnc[nH]1)Cn1cnnn1;1;0.1255491263355606;5.738938;38.112724;Druglike_1456
AS-748;c1ccc(CCc2ccc[nH]2)cc1;1;0.7480600895267399;60.15875;-26.045507;HighDiv_354
AS-749;C(#Cc1nc2ccccc2[nH]1)Cc1cnon1;1;2.4601440888566075;-35.99521;28.943848;Druglike_1376
AS-750;C(#Cc1csnn1)c1ccccn1;1;-0.3753115237716863;6.1463203;-5.8704157;HighDiv_889
AS-751;c1ccc(CCc2ccccn2)cc1;1;2.171307194672696;38.566338;-22.405012;HighDiv_6
AS-752;c1ccc(CCc2cccnc2)nc1;1;0.2954838280734715;27.395336;9.545397;Druglike_658
AS-753;c1ccc(CCc2ccco2)cc1;1;-0.7194634986881332;-2.0230007;-49.078285;Druglike_898
AS-754;c1ccc(CCc2ccncn2)cc1;1;1.5697371402558342;38.59688;-22.4118;HighDiv_37
AS-755;c1ccc(CCc2ccnn3cnnc23)cc1;1;0.9487592218875744;42.062874;4.5685773;HighDiv_1696
AS-756;c1ccc(CCc2cncs2)cc1;1;-0.8330660574929105;34.095013;-10.644181;HighDiv_2286
AS-757;C(#Cc1cnns1)c1cccc(NC2C=CCCC2)c1;1;0.1562276816949592;13.582687;43.601902;HighDiv_835
AS-758;c1ccc(COCc2ccccc2)cc1;1;-0.0555923805923019;31.858423;-38.87325;HighDiv_2203
AS-759;c1ccc(CCc2nc[nH]n2)cc1;1;1.3801646178430869;37.289158;-22.674889;HighDiv_28
AS-760;c1ccc(CCc2ncnc3cn[nH]c23)cc1;1;0.935809998216968;42.053467;4.5613775;HighDiv_1708
AS-761;c1ccc(CCc2ncncn2)cc1;1;-0.575816185518827;9.486557;-0.20198795;Druglike_1294
AS-762;c1ccc(CCc2nn[nH]n2)cc1;1;1.6998837610224726;64.97257;-24.095652;HighDiv_36
AS-763;C(#Cc1cnccn1)CCc1ccncc1;1;1.6436545334178472;33.8729;41.600513;Druglike_23
AS-764;c1ccc(CCc2nnn[nH]2)cc1;1;-1.032013548350711;23.280983;20.220005;HighDiv_2264
AS-765;c1ccc(CCn2ccnc2)cc1;1;-0.2686686848259801;10.812069;-7.6876397;Druglike_1936
AS-766;c1ccc(CCn2ccnn2)cc1;1;-0.5678095973710765;8.864649;-38.781483;Druglike_906
AS-767;C(#Cc1cnccn1)CCC1CCNCC1;1;0.4387833661467907;34.321003;41.507233;Druglike_250
AS-768;c1ccc(CNCc2cc(-c3ccccc3)co2)cc1;1;1.4325094382568586;-4.4171524;43.446445;Druglike_1763
AS-769;c1ccc(CNCc2cncnc2)cc1;1;1.1923288338893343;10.592145;-5.0426097;HighDiv_1220
AS-770;O=C1CCCC(=O)C1=CCCCn1cccc1;1;0.0260044086871753;-6.2370667;-1.6943803;Druglike_1530
AS-771;O=C1CCC(C=CCc2ccccc2)CN1;1;-0.0845547805584095;3.2065334;-0.5202471;Druglike_1919
AS-772;O=C1CCC=C(CC=CCn2cnc3ncccc32)N1;1;0.6909018120059836;-6.4546995;2.6538393;HighDiv_1345
AS-773;O=C(C#Cc1cccnc1)NC1C=CCS1;1;1.0585724717874023;46.806454;51.15561;HighDiv_1245
AS-774;C1=CC(C=Cc2ccccc2)COC1;1;-0.3284160984807124;3.195301;1.3030078;HighDiv_2243
AS-775;O=C(C#Cc1cccnc1)NC1CCCCCC1;1;-0.5224883830344244;42.224426;47.84119;HighDiv_1243
AS-776;O=C(C#Cc1cccnc1)NC1CCNC1;1;0.0155882519751026;39.61668;52.996143;HighDiv_1567
AS-777;O=C(C#Cc1cccnc1)NC1CCNCS1;1;1.2785879128144486;46.94972;51.14873;HighDiv_1228
AS-778;O=C(C#Cc1cccnc1)NC1CNC1=O;1;0.7450018169235071;39.291313;55.717327;HighDiv_1322
AS-779;O=C(C#Cc1cccnc1)NC1SCCCS1;1;1.5970245509600534;42.403934;48.460854;HighDiv_1205
AS-780;O=C(C#Cc1cccnc1)NCC1=CCC=CO1;1;1.590377120087227;37.137417;58.10118;HighDiv_1230
AS-781;O=C(C#Cc1cccnc1)NCc1cc[nH]c1;1;1.1090776384136698;46.211903;47.348484;HighDiv_1226
AS-782;C1=CC(C=CC2C=CSS2)=CC1;1;-1.4045970375669037;-7.226097;1.8658503;HighDiv_1862
AS-783;O=C(C#Cc1cccnc1)NCc1nnc[nH]1;1;1.0671660147769566;37.920376;57.63965;HighDiv_1227
AS-784;C1=C(c2nnc[nH]2)COCC1;1;-0.4544724813994789;-40.245647;6.852971;Druglike_1007
AS-785;C1=C(c2ncc[nH]2)CCCO1;1;-0.7362730034831743;-11.01318;0.93423593;HighDiv_1148
AS-786;O=C(C#Cc1cccnc1)Nc1cccnc1C1CN1;1;0.7300915780921292;42.055813;55.44674;HighDiv_1300
AS-787;O=C(C#Cc1cccnc1)Nc1cncc2occc12;1;1.4821565271864814;45.379707;53.771027;HighDiv_1234
AS-788;O=C(C#Cc1cccnc1)OCc1c[nH]cn1;1;-0.5844303115740825;27.874346;48.950012;HighDiv_2262
AS-789;O=C(C#Cc1cccnc1)c1ncc[nH]1;1;-0.4696893291954391;-35.51363;-1.0420846;Druglike_1248
AS-790;C1=C(c2ccccc2)NOC1;1;0.3107865511329569;-2.3854675;-8.022255;HighDiv_1705
AS-791;O=C(C#Cc1ncc[nH]1)c1cnco1;1;-0.2814851870799964;-25.779518;25.211657;Druglike_702
AS-792;O=C(C1=CC=CCO1)c1ccc[nH]1;1;1.6302099101906222;-12.577606;-4.376949;Druglike_21
AS-793;O=C(C1=CCCN1)c1cc(COc2ccccc2)cc(=O)[nH]1;1;1.2753969187946257;-20.136395;23.779686;Druglike_164
AS-794;O=C(C1=CCCN1)c1cccc(=O)[nH]1;1;-0.3546566408962528;-20.130163;23.792803;Druglike_996
AS-795;O=C(C1=CCCN1)c1ccccc1;1;-0.4850538014520292;-20.95209;23.008112;Druglike_641
AS-796;O=C(C1=CCCN1)c1ccn[nH]1;1;-0.7095576445767187;-20.965837;22.969908;Druglike_757
AS-797;O=C(C1=CCCN1)c1ncc2nn[nH]c2n1;1;-0.2350645782799386;-21.0069;22.890356;Druglike_931
AS-798;O=C(C1=CCCN1)c1ncco1;1;-0.4037075519616909;-21.481014;22.898777;Druglike_306
AS-799;C1=CC(C=Cc2cccnc2)C=CN1;1;-0.3239688625144736;-16.091423;-48.49356;HighDiv_808
AS-800;O=C(C#Cc1cccnc1)NC1C=CCC1;1;0.5420819065903839;39.317146;52.291992;HighDiv_1359
AS-801;O=C(C1=CCNC=N1)c1nnco1;1;-0.7804671542892819;-34.955856;-9.4980545;Druglike_916
AS-802;C1=CC(C=Cc2ccon2)C1;1;-0.9603020301169458;-7.3666573;2.7350183;Druglike_2074
AS-803;N=c1[nH]cc(C=Cc2ccccc2)s1;1;-0.5058563087880951;14.288203;-8.802989;HighDiv_1833
AS-804;N=c1[nH]cc(CCC#Cc2c[nH]c(=O)s2)s1;1;0.0172575612153285;1.4547812;53.46102;HighDiv_2169
AS-805;C1=CC(CNCC=Cc2ccccc2)CC1;1;0.7441998084023058;42.59033;10.139805;Druglike_1442
AS-806;C1=CC(CCc2oncc2-c2cnco2)=CC1;1;0.76105047932875;-49.477745;16.62445;Druglike_260
AS-807;N=c1[nH]cc(CCC#Cc2cccs2)s1;1;-0.3356824273043669;1.1479474;53.397564;HighDiv_2164
AS-808;N=c1[nH]cc(CCC#Cc2cnc[nH]2)s1;1;-0.8226442207591759;0.8472799;53.832188;HighDiv_2322
AS-809;N=c1[nH]cc(CCC#Cc2cnsc2)s1;1;-0.651520706293615;1.501263;55.378674;HighDiv_2212
AS-810;N=c1[nH]cc(CCC#Cc2nnc[nH]2)s1;1;-0.0728114096804358;1.4904721;55.302;HighDiv_2014
AS-811;N=c1[nH]nc(-c2ccccc2)s1;1;-0.4417737975180109;-4.7360435;2.947729;HighDiv_822
AS-812;N=c1[nH]nc(CCc2ccccc2)s1;1;-0.3836396239280616;31.798052;-39.00778;HighDiv_2225
AS-813;C1=CC(CCc2nnc(C=Cc3nnn[nH]3)o2)CCC1;1;0.2136776651362586;-43.292156;-14.114515;Druglike_1286
AS-814;O=C(C#CCNC(=O)c1ccccc1)c1ccoc1;1;-0.3117804812336656;30.145126;18.551138;HighDiv_721
AS-815;O=C(C#CCNC(=O)c1ccccc1)c1cn[nH]c1;1;-0.5633062922293932;29.99549;18.962374;HighDiv_803
AS-816;O=C(C#CCNCc1ccccc1)c1cnoc1;1;-0.0916060557026666;4.917303;8.698701;Druglike_987
AS-817;C1=CC(CCOc2ccccc2)CO1;1;-0.7121056145792923;32.61449;-15.176124;HighDiv_1476
AS-818;O=C(C#Cc1ccccc1)C1=CCC=CN1;1;-0.0509712570780693;-10.525492;6.90738;Druglike_704
AS-819;C1=CC(CC=Cc2ccccc2)OC1;1;-0.1052039834121828;-21.416475;14.593565;Druglike_1650
AS-820;O=C(C#Cc1ccccc1)OC1COC1=O;1;-0.0232239329269752;21.131186;54.47934;Druglike_2062
AS-821;O=C(C#Cc1ccccc1)OCCC1=CCCCO1;1;0.6103873771249284;22.141762;51.8649;Druglike_1814
AS-822;C1=CC(CC=Cc2ccccc2)CCC1;1;0.3549863819607262;-21.412003;14.593329;Druglike_1614
AS-823;O=C(C#Cc1ccccc1)OCCc1ccccc1;1;1.428705226307868;22.104025;51.881386;Druglike_1757
AS-824;O=C(C#Cc1ccccc1)OCCc1cnon1;1;0.4061757387356476;16.002201;52.087086;Druglike_1901
AS-825;O=C(C#Cc1ccccc1)OCCc1cocn1;1;0.2272344267143713;22.598272;52.410923;Druglike_1921
AS-826;O=C(C#Cc1ccccc1)OCCc1ncon1;1;0.3183183227897913;22.727613;52.440784;Druglike_1820
AS-827;O=C(C#Cc1ccccc1)OCCc1nn[nH]n1;1;-0.2327465650008018;13.518485;51.58438;Druglike_1946
AS-828;C1=C(Cc2ccccc2)NOC1;1;-0.3204563564860283;20.229841;-54.69872;HighDiv_1681
AS-829;C1=C(Cc2ccccc2)NCNC1;1;-0.0456247772837825;8.574448;19.65256;Druglike_1706
AS-830;O=C1CCC(CCC#Cc2cnccn2)N1;1;-0.002253218064577;34.398083;41.575214;Druglike_577
AS-831;O=C(CC1CCCOO1)c1cc[nH]c1;1;-0.2502253569004546;-18.399559;-7.1411643;Druglike_1866
AS-832;O=C(CC=CC1C=CC=CC1)c1cc[nH]c1;1;2.5454123686684853;-15.54804;-4.4117723;Druglike_1719
AS-833;O=C(CC=CC1C=CC=CO1)c1cc[nH]c1;1;2.1736869571489374;-15.634242;-4.241978;Druglike_1720
AS-834;O=C(CC=CC1CCCC1)c1cc[nH]c1;1;0.623581460563013;-18.340578;-5.964205;Druglike_1772
AS-835;O=C(CC=CC1CCCCC1)c1cc[nH]c1;1;2.6660867856832207;-15.367022;-4.7194204;Druglike_1718
AS-836;O=C(CC=CC1CCNC1)c1cc[nH]c1;1;1.6535603875292617;-15.368367;-4.6513786;Druglike_1723
AS-837;C(Cc1cnccn1)=C1NCCN1;1;-0.2594470208632172;-32.779232;20.822886;Druglike_544
AS-838;O=C(CC=CCc1cccnc1)OCc1cnoc1;1;0.145820748005266;7.4825983;-30.805971;Druglike_267
AS-839;O=C(CC=Cc1cc[nH]n1)c1cc[nH]c1;1;-0.5078322269929048;-18.59702;-5.5951138;Druglike_2039
AS-840;O=C(CC=Cc1ccc[nH]1)Cc1n[nH]c(=O)o1;1;0.1471387391487866;-26.66091;1.1218686;Druglike_1566
AS-841;C(CCNCCc1ccccc1)=C1NCCN1;1;1.0716955830060015;64.741325;-11.473912;HighDiv_332
AS-842;O=C(CC=Cc1nnc[nH]1)c1cccc2c1C=CC2;1;0.0872380210117617;-0.14928006;-0.2078043;Druglike_1258
AS-843;O=C(CCC1=CNOC1)c1ccccc1;1;-0.3360245223786927;7.8037286;-22.072796;Druglike_587
AS-844;O=C(CCC1COCN1)Oc1ccccc1;1;0.8208333790932256;34.432446;-33.190388;HighDiv_288
AS-845;O=C(CCC=CC1C=CCN1)n1nnc2cncnc21;1;0.128332733083234;-38.45529;16.36666;Druglike_775
AS-846;O=C(CCC=CC1COC=CO1)n1nnc2cncnc21;1;1.6048778346255117;-38.472843;16.367907;Druglike_11
AS-847;O=C(CCC=Cc1ncn[nH]1)n1nnc2cncnc21;1;0.1497278752827652;-38.431484;16.362623;Druglike_960
AS-848;O=C(CCCCC1=CCOC1)c1cc[nH]c1;1;-0.0741946930217801;-19.798025;-7.4429154;Druglike_1812
AS-849;O=C(CCCCC1=NCON1)c1cc[nH]c1;1;0.0041905191721727;-19.982327;-7.404397;Druglike_1823
AS-850;O=C(CCCCc1cnon1)c1cc[nH]c1;1;0.2627881883778595;-20.10039;-7.263193;Druglike_1775
AS-851;O=C(CCCCc1noc(=O)[nH]1)c1cc[nH]c1;1;0.368711351065172;-20.114897;-7.2820053;Druglike_1827
AS-852;O=C(CCCc1ccccc1)NC(=O)n1cncn1;1;0.0739467022668293;-9.067879;-10.04072;Druglike_1621
AS-853;O=C(CCN1C=CCN1)OCc1ccccc1;1;-0.838734049295822;39.99941;-15.956723;HighDiv_2235
AS-854;O=C(CCN1CC=CN1)Oc1ccccc1;1;0.9768578641353736;33.45243;-33.04768;HighDiv_163
AS-855;O=C(CCN1CCCC1)Oc1ccccc1;1;0.8780888919208276;33.60591;-32.82154;HighDiv_198
AS-856;O=C(CCOCc1nnc[nH]1)c1cc[nH]c1;1;-0.4246371006926847;-20.029638;-6.126356;Druglike_2011
AS-857;C(Cc1ncc[nH]1)=C1NCCN1;1;-0.9976691824805743;-32.77768;20.825052;Druglike_1002
AS-858;O=C(CC1CCCC1)NOc1cccnc1;1;-0.2333597829299702;46.89833;26.81;HighDiv_2091
AS-859;O=C(C=CC1=CCC1)Cc1cnco1;1;-0.2679844946773271;-51.54155;3.6871297;HighDiv_866
AS-860;O=C(CC1=CCCO1)Nc1ccccc1;1;0.3897998843001182;19.175207;18.954178;Druglike_359
AS-861;C1=C(Cc2cccc3nc[nH]c23)OCCO1;1;0.1486192577969802;-2.2097156;15.011626;HighDiv_2118
AS-862;O=C(C=CC1=CCON1)CCC=CC1=CCN=CN1;1;-0.4029765156599746;-26.225866;-51.826073;HighDiv_1921
AS-863;O=C(C=CC1=CCON1)CCc1ccc[nH]1;1;0.4885894395803676;-27.70736;-51.84514;HighDiv_1733
AS-864;C1=C(COc2ccccc2)OCCO1;1;-0.2371938009670419;19.24721;-19.484184;Druglike_999
AS-865;C1=C(CCc2ccccc2)OC(C2CN2)=CC1;1;-0.0345655965544607;37.61186;-11.095753;HighDiv_2081
AS-866;O=C(C=CC1=CCON1)CCc1ccon1;1;-0.1842024135353033;-26.358559;-51.813847;HighDiv_1737
AS-867;O=C(C=CC1=CCON1)CCc1cn[nH]n1;1;-0.7364468910311672;-27.295303;-51.497787;HighDiv_1815
AS-868;O=C(C=CC1=CCON1)CCc1ncn[nH]1;1;-0.4427589166095856;-26.198225;-52.05989;HighDiv_1888
AS-869;O=C(C=CC1=CNC=CC1)c1cc[nH]n1;1;-0.4561886367927708;-41.082245;27.97648;Druglike_1523
AS-870;O=C(C=CC1=NCCCO1)c1cc[nH]n1;1;-0.94748552786293;-41.25073;27.979471;Druglike_1702
AS-871;O=C(C=CC1CN1)c1ccccc1;1;-0.8924713760733165;77.500404;10.186641;HighDiv_1194
AS-872;O=C(C=CCC1COC=CO1)Oc1ccccc1;1;1.5559710050199858;34.60817;-29.209282;HighDiv_51
AS-873;O=C(C=CCc1n[nH]c(=O)[nH]1)Nc1ccccc1;1;0.6993626335789489;-9.650401;2.4676678;Druglike_290
AS-874;O=C(C=CNc1ccccc1)C1=NNCO1;1;0.1353130360080057;-2.5572813;-11.171173;Druglike_907
AS-875;O=C(C=Cc1cc[nH]c1)c1cc[nH]n1;1;-0.8042214758993522;-41.085526;27.976149;Druglike_1551
AS-876;C1=C(CCCc2ccncn2)CCC1;1;0.0878810450290098;-31.18075;15.978481;Druglike_411
AS-877;O=C(C=Cc1cscn1)c1ccccc1;1;-0.0755013241219789;75.64771;6.076761;HighDiv_1001
AS-878;C1=C(CCCc2ccccc2)CC1;1;-0.7121056145792923;6.892002;15.739376;Druglike_1281
AS-879;O=C(CC#Cc1cccnc1)n1cccn1;1;0.0912459265968277;17.707264;38.44526;HighDiv_1341
AS-880;O=C(CC#Cc1cnon1)c1c[nH]c2ccccc12;1;1.3714497134802646;3.3286524;34.05874;Druglike_235
AS-881;O=C(CC#Cc1cnon1)c1ccc2c(n1)OCC2;1;0.8814651335319663;2.9614305;34.384457;Druglike_509
AS-882;C1=C(CCCc2ccc[nH]2)CCC1;1;-0.0847996403258874;-28.116158;3.158738;Druglike_1649
AS-883;C(Cn1cnc2cncnc21)=C1NCCN1;1;-0.222115354609332;-32.81503;20.861559;Druglike_840
AS-884;O=C(CC#Cc1cnon1)c1n[nH]c2ccccc12;1;1.2033284024424942;3.3192894;34.064995;Druglike_261
AS-885;O=C(CC1=CC=CC1)c1ccccc1;1;-0.7322033487010039;12.309737;5.5427327;Druglike_2065
AS-886;C1=CC(CNCc2cc(-c3ccccc3)co2)=CC1;1;0.7979839813328652;-4.500414;43.502403;Druglike_1873
AS-887;N=c1[nH]c(CCc2cncc(Nc3ccccc3)c2)cs1;1;0.1954529338908482;45.85982;-18.99532;HighDiv_490
AS-888;N=C1NCCC1CCc1cc[nH]n1;1;0.197071853977291;-14.753627;-16.071884;HighDiv_1366
AS-889;C1=CCC(C=CCc2ccncn2)=C1;1;0.4555928709418323;-32.58546;12.133628;Druglike_220
AS-890;C1=NC(COc2ccccc2)CCC1;1;0.1941406227689879;-1.8987546;-50.76846;Druglike_252
AS-891;C1=NC=C(CCc2ccccc2)NC1;1;1.3577282873765386;59.353535;-27.171402;HighDiv_63
AS-892;C1=NC=C(COc2ccccc2)CN1;1;0.0887746088353987;43.81897;-12.686911;HighDiv_651
AS-893;C1=CC(c2nnc[nH]2)=CC1;1;-0.530008794647935;-12.485701;0.010040525;Druglike_557
AS-894;C1=CC(Cc2ccno2)OC1;1;-1.092940551710714;-55.033142;19.215351;Druglike_941
AS-895;C1=NCON1;1;-0.3872607253066788;12.840594;-10.073474;HighDiv_1291
AS-896;C1=NN=C(c2cccnc2)CN1;1;0.2458104760564857;-14.918254;36.260147;HighDiv_675
AS-897;C1=NNCS1;1;-1.5025490982162089;-19.17441;4.608221;HighDiv_1877
AS-898;C1=NOC(Cc2ccccc2)N1;1;-1.249215576542003;9.237498;-1.6778128;HighDiv_1534
AS-899;C1=NOCC1NCc1ccccc1;1;-0.307522035859462;5.2124805;4.3757553;Druglike_1484
AS-900;C1=NOCN1Cc1ccno1;1;-0.7810392060870455;-50.691307;22.731497;Druglike_768
AS-901;C1=NOCN1Cc1cnc[nH]1;1;-0.1921174463978674;-36.212715;24.780003;Druglike_202
AS-902;C1=CC(Cc2ccno2)=CC1;1;-0.6523582009245592;-54.578884;17.91874;Druglike_608
AS-903;C1=CC(Cc2ccncn2)OC1;1;-0.8638716542472371;-32.90059;15.210772;Druglike_978
AS-904;C1=Nc2ccccc2C1;1;-0.0674386667987851;29.369282;7.1747856;Druglike_767
AS-905;C1=Nc2ccccc2CO1;1;-0.0438433296926666;30.897797;1.1718829;HighDiv_2120
AS-906;C1CNNC1;1;-1.529019597355186;-5.541255;-25.336336;HighDiv_2288
AS-907;C=C(C(=O)C1=CCC(C(=O)Cc2nc[nH]n2)=C1)c1ccccc1;1;2.165343953948523;10.790847;-55.49316;Druglike_24
AS-908;C=C(C(=O)C1=CCC=C1)c1ccccc1;1;1.8889253977688585;10.787149;-55.48416;Druglike_29
AS-909;C=C(C(=O)Cc1cc[nH]n1)c1cccc(N2CCNC2=O)c1;1;0.9621271928736526;-6.3562136;70.79008;HighDiv_474
AS-910;C=C(C(=O)c1ccccc1)c1ncc(-c2cccnc2)o1;1;1.865937598570247;40.55903;3.1128426;Druglike_1396
AS-911;C=C(C1=CCC=CO1)c1cc(=O)c1=O;1;-0.3930500784828578;-15.449521;10.462525;Druglike_1360
AS-912;C=C(C1=CCCCO1)c1ccno1;1;-0.279090521559714;-55.47591;26.91007;Druglike_575
AS-913;C=C(C1=CCN=CN1)c1nnco1;1;-0.2387978180094439;-37.100513;-21.789072;Druglike_398
AS-914;C=C(C=Cc1ccon1)c1nc(-c2ccccc2)c[nH]1;1;1.7030861150856165;-8.831566;-76.06863;HighDiv_1990
AS-915;C1=Cc2ccccc2C1=Cc1nnn[nH]1;1;0.0097669556898987;1.9024714;-16.392561;Druglike_1276
AS-916;C1=CCC(C=Cc2ccccc2)C1;1;0.7412181880402188;25.923027;-26.257717;HighDiv_570
AS-917;N=C1NCCC1C(=O)c1ccccc1;1;-0.1057611321659061;57.01873;-12.981897;HighDiv_613
AS-918;C1=COCCO1;1;-1.5392320604311844;-6.8091736;0.4142295;Druglike_823
AS-919;C1=CN=CCC1;1;-1.5051531373942268;-10.2708;-0.8451346;Druglike_1366
AS-920;C1=CN=CN(c2ccccc2)C1;1;-0.6999172332984838;9.061887;-3.036425;HighDiv_895
AS-921;C1=CCN=C1;1;-1.046714413524351;-19.807175;6.0110307;HighDiv_1824
AS-922;C1=CCCC=C1;1;-0.9011827374354212;-23.801945;-7.894549;Druglike_1295
AS-923;C1=CNC(C=Cc2cn[nH]c2)C=N1;1;-0.6799316375276603;-15.928276;0.5955372;HighDiv_2175
AS-924;C1=CCCC(Cc2ccno2)=C1;1;-0.7067030656095599;-54.69541;18.153976;Druglike_967
AS-925;C1=CNC(Cc2ccno2)=NC1;1;-0.5575055790098911;-54.90027;17.80831;Druglike_618
AS-926;C1=CNC(c2nnc(Cc3ccccc3)[nH]2)=CC1;1;0.1972457415252849;-4.9680915;18.279943;HighDiv_850
AS-927;C1=CNC=C(CCc2cccc3nncn23)C1;1;0.3910412232024943;-10.799918;6.5444775;HighDiv_2231
AS-928;C1=CNC=C(c2nnc[nH]2)C1;1;-0.500377107577217;-40.107967;5.272883;Druglike_1037
AS-929;C1=CCCC(Cc2ccnc(C=Cc3c[nH]cn3)c2)=C1;1;0.3134168533983378;-6.3284106;20.131832;Druglike_1957
AS-930;C1=CNCC1;1;-1.1594588946324822;21.930536;-1.6477846;Druglike_1349
AS-931;C1=CNCNC1;1;-1.2113941907531616;-11.774709;8.76198;Druglike_1599
AS-932;C1=CNNC1;1;-1.049262383526926;-12.792484;1.7039578;Druglike_1603
AS-933;C1=COC(CCc2ccccc2)=CC1;1;-0.4862539742230019;37.70705;-11.277045;HighDiv_2134
AS-934;C1=CCC(c2nnco2)=C1;1;-0.1957420907772026;-47.30692;11.09947;Druglike_609
AS-935;C1=CCC(c2nn[nH]n2)=C1;1;-0.3320464228817095;-47.31325;11.098255;Druglike_991
AS-936;C1=CCC(NCC=Cc2ccccc2)C=C1;1;-0.1796522622405561;42.090466;10.3349495;Druglike_1643
AS-937;C1=COC=C(CCc2ccccc2)C1;1;0.1051149771611847;-1.8785285;-5.727332;Druglike_1309
AS-938;C1=COC=C(c2cc[nH]n2)C1;1;0.1806605134320209;-18.063927;12.2914715;Druglike_385
AS-939;C1=COC=C(c2ccccc2)C1;1;-0.2214723305920839;-3.2956278;5.3741884;Druglike_1516
AS-940;C1=COC=C(c2ccco2)C1;1;-0.0591460527521531;-17.406633;7.969341;Druglike_932
AS-941;C1=COC=C(c2cnc[nH]2)C1;1;0.4941601960764312;-18.255882;12.400003;Druglike_331
AS-942;C1=COC=C(c2nnc[nH]2)C1;1;-0.7570960938849406;-21.719591;-5.208932;Druglike_1682
AS-943;C1=COCC(C=Cc2ccc[nH]2)C1;1;-0.4960625930275681;-10.064809;-4.9083633;Druglike_809
AS-944;C=C(CC#CCc1ccccc1)c1ccccn1;1;0.0094454436812742;-5.283785;-7.8899417;HighDiv_1893
AS-945;C=C(CC#Cc1ccccc1)C1C=COCC1;1;-0.0583291411869102;7.9194617;5.5839157;HighDiv_1501
AS-946;C=C(CC(=O)c1ccccc1)CC1=CCC=CO1;1;-0.2370050103750072;12.229369;9.796309;Druglike_837
AS-947;C=C(CCCCC(=O)C1=COCC=C1)c1ccoc1;1;0.3020751897708522;-14.667626;-8.923556;Druglike_216
AS-948;C=C(c1ccccc1)c1ncno1;1;-0.034937497716868;15.388098;-34.062332;HighDiv_1931
AS-949;C=C(c1cccnc1)c1ccno1;1;-0.352205906200526;-55.603836;26.875092;Druglike_731
AS-950;C=C(c1ccco1)c1ccno1;1;-0.4216554803305993;-57.46648;25.506056;Druglike_506
AS-951;C=C(c1ccn[nH]1)c1ccno1;1;-0.5556417991559686;-56.321617;26.326584;Druglike_645
AS-952;C=C(c1ccno1)C1CCO1;1;-0.7647456839143245;-54.918633;23.751034;Druglike_448
AS-953;C=C(c1cn[nH]c1)c1cn[nH]n1;1;-1.379627640141821;-22.70385;30.627577;Druglike_1711
AS-954;C=C(c1cn[nH]n1)c1ccc(-c2ccccc2)o1;1;0.366372754720333;-19.695246;33.210518;Druglike_1488
AS-955;C1=CC(COc2ccccc2)OC1;1;-0.0272992677308062;-1.559159;-50.705124;Druglike_437
AS-956;C=C(c1cn[nH]n1)c1ncccn1;1;-0.7999218643937436;-20.682608;32.812428;Druglike_1623
AS-957;C1=CC(COc2ccccc2)=CC1;1;0.1285775928507119;34.58079;15.565692;HighDiv_781
AS-958;C1=CC(COCCc2ccccc2)NN1;1;-0.1914687423589583;-6.459653;46.49854;Druglike_277
AS-959;C=C(c1nnc[nH]1)C1NC=NO1;1;-0.6494475527819579;-38.010876;5.7846146;Druglike_1955
AS-960;C=C1C(=O)NC(=O)N(CCc2ccccc2)C1=O;1;0.2451674520392376;3.1666064;-8.884065;Druglike_1589
AS-961;C=C1C(=O)NN=C1C=CCCc1cnco1;1;1.4774175852996998;-54.14761;2.3937626;HighDiv_92
AS-962;C=C1CC(Cc2ccncn2)OC1=O;1;0.2068095005623746;-33.1736;15.2416725;Druglike_483
AS-963;C=C1Cc2cc([SH+]c3ccccc3)ccc2N1;1;1.674194687338994;20.388748;-64.76109;HighDiv_1602
AS-964;C1=CC(COCCc2ccccc2)=CC1;1;-0.4979824420569345;-6.4365544;46.238655;Druglike_883
AS-965;C=C1NCCN1;1;-1.981775426378109;-8.084129;0.7576218;Druglike_892
AS-966;C1=CC(CNCc2cnon2)C=CO1;1;-0.605442192567883;-53.061745;15.331111;HighDiv_2301
AS-967;C=C1Oc2ccccc2C1=O;1;-0.4829302587865893;11.786723;-35.09831;HighDiv_1682
AS-968;N=C1CC(C(=O)c2ccccc2)CN1;1;-0.9337399756927828;54.312588;-14.797782;HighDiv_900
AS-969;N=C1CCCC1C=CCCc1cnco1;1;0.1331781332992432;-55.058773;2.2837048;HighDiv_688
AS-970;N=C1CCCN1CCCCc1cccc(-c2nnco2)c1;1;0.8265986062029841;-18.291332;42.281944;HighDiv_1680
AS-971;N=C1CCCN1c1cccnc1;1;-1.3487659742120497;50.254208;24.958494;HighDiv_2255
AS-972;N=C1CCc2ccc(Cc3ccoc(=O)c3)cc21;1;-0.1896347685931163;1.6937344;-7.167111;HighDiv_1545
AS-973;C1=CC(Cc2ccccc2)C=C1;1;0.7270631115769779;32.88301;-24.001568;HighDiv_220
AS-974;C=C(c1ccccc1)c1cc(=O)c1=O;1;0.4166685476888658;4.5349236;-4.7336054;HighDiv_522
AS-975;C=C(c1cccc(-c2ccn[nH]2)c1)c1ncno1;1;0.6771917459455797;15.371406;-34.05455;HighDiv_1736
AS-976;C=C(Cc1ccccn1)c1nc[nH]n1;1;-0.674585157733373;-25.620577;8.754287;Druglike_2027
AS-977;C=C(CCCCC(=O)C1=COCC=C1)c1nnc[nH]1;1;1.045352125261954;-14.680281;-8.908579;Druglike_56
AS-978;C=C(CCc1cc[nH]n1)C(=O)c1ccccc1;1;0.0836637657862102;72.60415;6.1326747;HighDiv_974
AS-979;C1=CC(Cc2ccccc2)OCC1;1;1.0519136808712544;32.7092;-24.425257;HighDiv_136
AS-980;C=C(CNC(=O)C#Cc1cccnc1)C1CC=CS1;1;0.3582540282216948;37.990696;54.59006;HighDiv_1394
AS-981;C=C(CNC(=O)C#Cc1cccnc1)C1CCNO1;1;0.4846936723461907;38.021786;54.493736;HighDiv_1422
AS-982;C=C(COCc1ccccc1)C1C=CNN1;1;-0.1755116352389011;-0.5239608;-6.080996;Druglike_418
AS-983;C=C(Cc1cccc(-c2cn[nH]n2)c1)C1=CCCCC1;1;0.68009671406652;-9.042945;37.061264;Druglike_198
AS-984;C=C(Cc1cccc(-c2cn[nH]n2)c1)C1=CCNCN1;1;-0.1229837042547566;-9.0043955;37.074886;Druglike_881
AS-985;C=C(Cc1cccc(-c2cn[nH]n2)c1)c1ccccn1;1;1.0317038083986536;-9.899176;36.441593;Druglike_140
AS-986;C=C(Cc1ccccc1)C1C=CC1;1;-0.9825701530571632;29.533537;12.966485;HighDiv_1175
AS-987;C=C(Cc1ccccc1)c1cncc(-c2cn[nH]c2)n1;1;1.1721807106138409;-8.603579;16.262058;Druglike_1797
AS-988;C=C(Cc1ccoc1)C(=O)c1ccccc1;1;-1.006324474667234;77.97055;3.463075;HighDiv_907
AS-989;C=C(c1ccc2cnsc2c1)c1nnc[nH]1;1;0.8584510712459923;-11.363487;2.3608894;HighDiv_468
AS-990;C=C(Cc1n[nH]c(=O)o1)c1cccnc1;1;0.7313066539071427;-25.326313;0.72954744;Druglike_1438
AS-991;C=C(Cc1nnc[nH]1)c1cccc(CC2=CCN=CN2)c1;1;-0.1046319316144188;18.614807;11.393358;Druglike_1016
AS-992;C=C(NC1C=CC=CC1)c1cnco1;1;-0.4845640819170737;-23.812098;-7.901239;Druglike_1187
AS-993;C=C(NCc1nnc(-c2ccccc2)o1)C1=NOCN1;1;0.362916317867331;-29.733234;-17.390228;HighDiv_2242
AS-994;C=C(NCc1nnc(-c2ccccc2)o1)c1cc[nH]n1;1;0.3512588222528824;-29.722986;-17.386501;HighDiv_2219
AS-995;C=C(c1cc[nH]n1)c1ccno1;1;-0.1102701173292497;-56.56294;25.389563;Druglike_253
AS-996;C=C(c1ccc(-c2cccnc2)cc1)c1c[nH]c(=S)s1;1;1.7391913454811676;33.423496;29.469248;HighDiv_1206
AS-997;C=C(c1ccc(-c2cccnc2)cc1)c1ccccn1;1;2.546158308014243;33.198093;29.525959;HighDiv_1203
AS-998;C=C(c1ccc(-c2cccnc2)cc1)c1cnccn1;1;1.2956628604426694;33.1885;29.460714;HighDiv_1222
AS-999;C=C(c1ccc(-c2cccnc2)cc1)c1csc(=O)[nH]1;1;1.3909902988482528;33.331226;29.204317;HighDiv_1218
AS-1000;C=C(c1ccc(-c2ccn[nH]2)cc1)c1c[nH]nn1;1;0.197363559897834;-12.007242;22.469746;Druglike_994
AS-1001;O=C(CCc1c[nH][nH]c1=O)OCc1ccccc1;1;-0.66142656040503;39.98797;-15.957352;HighDiv_2268
AS-1002;O=C(CCc1ccc2c(c1)CNNC2)c1cnon1;1;-0.1202824297698917;2.0296826;22.929838;Druglike_1004
AS-1003;O=C(CCc1cccnc1)NCc1cc(-c2c[nH]cn2)c[nH]1;1;0.7133232394284935;-1.911951;37.456856;HighDiv_1748
AS-1004;O=C(c1ccccc1)c1cn[nH]n1;1;0.7940711740337031;59.932484;-14.3064575;HighDiv_78
AS-1005;O=C(c1ccccc1)c1cnco1;1;0.4915653799207915;-1.3226082;-19.584394;Druglike_1091
AS-1006;O=C(c1ccccc1)c1cnn[nH]1;1;-0.2635521617551301;53.884182;-9.314484;HighDiv_993
AS-1007;O=C(c1ccccc1)c1ncco1;1;-0.3848192136333317;14.410397;2.8976552;HighDiv_1453
AS-1008;C(=Cc1ccsc1)Cc1cccc2nc[nH]c12;1;1.088177895770757;-2.3178086;16.019396;HighDiv_1981
AS-1009;O=C(c1ccccc1)c1nnc[nH]1;1;-0.4317912911654508;10.050918;4.2253685;HighDiv_1396
AS-1010;C(=Cc1ccoc1)c1ccccc1;1;-0.1727542915785915;30.37787;-8.668576;HighDiv_670
AS-1011;O=C(c1ccccc1)c1nnn[nH]1;1;-0.4140264733669172;58.909374;-12.668186;HighDiv_1048
AS-1012;O=C(c1ccccc1)n1cccn1;1;-0.1077725364804587;12.622517;-5.301878;HighDiv_1814
AS-1013;O=C(c1ccccc1C=Cc1nnc[nH]1)C1C=CC=CC1;1;0.9909511914015096;-21.421928;-1.1389158;Druglike_1119
AS-1014;C(=Cc1ccoc1)C1=CC(c2ccc[nH]2)C1;1;-0.0558989895568857;-16.54692;22.985155;Druglike_1228
AS-1015;O=C(c1ccccn1)c1ccc[nH]1;1;-0.3583842006040965;-7.2765813;9.816542;Druglike_949
AS-1016;O=C(c1ccccn1)c1noc(=O)[nH]1;1;-0.660819022497524;-8.528112;-4.1573505;Druglike_777
AS-1017;O=C(c1ccncc1)c1cc(=O)[nH]cn1;1;-0.7399239109498719;-13.070475;3.4629314;HighDiv_2324
AS-1018;C(=Cc1ccoc1)C1=CC(c2cc[nH]n2)C1;1;-0.2522928303904507;-16.536335;22.99018;Druglike_1350
AS-1019;C(=Cc1ccno1)Cc1ccncn1;1;1.3831519182268357;-29.533077;8.530971;Druglike_22
AS-1020;O=C(c1cnc[nH]1)c1c[nH]c(=O)c2[nH]ccc12;1;0.083106617032486;-18.308949;16.556248;Druglike_1804
AS-1021;C(=Cc1ccno1)C1=CC(c2cnc[nH]2)C1;1;-0.6722465613885339;-16.531263;22.973642;Druglike_1318
AS-1022;C(=Cc1ccncn1)Cc1ccncn1;1;0.2595766112923342;-33.294136;11.606581;Druglike_323
AS-1023;C(=Cc1ccn[nH]1)c1cnon1;1;-1.0930172039518595;-30.11448;28.498564;Druglike_1658
AS-1024;C(=Cc1cccnc1)c1ccccc1;1;-0.4570055483580127;-17.730593;-46.558975;HighDiv_840
AS-1025;C(=Cc1cccnc1)Cn1cccn1;1;-0.3328541114245714;48.381386;29.995056;HighDiv_2064
AS-1026;C(=Cc1cccnc1)Cc1nnco1;1;0.2879406963733149;49.24838;30.507925;HighDiv_1985
AS-1027;O=C(c1nn[nH]n1)c1ccc[nH]1;1;0.0570399621649418;-14.49037;5.182024;Druglike_640
AS-1028;O=C(c1nnc[nH]1)c1cccc2nc[nH]c12;1;0.0634127271822074;-1.4412504;14.424429;HighDiv_2273
AS-1029;C(=Cc1cccnc1)Cc1ncncn1;1;-0.2828535673773001;5.445786;-31.711329;Druglike_788
AS-1030;O=C(c1ccccc1)c1cnc(C2=CCNN2)o1;1;0.1182735744895282;-1.2071136;-19.748524;Druglike_1291
AS-1031;O=C(c1ccccc1)c1cn[nH]c1;1;-0.2303668025245604;53.990234;-9.320391;HighDiv_1181
AS-1032;C(=Cc1cnc(-c2ccccc2)[nH]1)c1ccccc1;1;1.1716441449258188;-8.983045;19.066147;Druglike_146
AS-1033;O=C(c1ccccc1)c1ccc[nH]1;1;0.4368372540300614;-1.5871414;-19.231071;Druglike_1093
AS-1034;O=C(c1ccccc1)C1C=CCCC1;1;0.8667472282933415;58.334652;-4.9363747;HighDiv_30
AS-1035;O=C(c1ccccc1)C1C=CCS1;1;-0.7374227871003634;17.854166;2.462944;HighDiv_1315
AS-1036;O=C(c1ccccc1)C1C=CNC=C1;1;0.0856545870350607;46.19244;-7.8040614;HighDiv_544
AS-1037;O=C(c1ccccc1)C1C=CNC=N1;1;-0.1734029956175007;58.43421;-14.789436;HighDiv_523
AS-1038;C(=Cc1cn[nH]n1)Cc1ncn[nH]1;1;-0.3068172626451072;-23.18995;36.56024;Druglike_1508
AS-1039;O=C(c1ccccc1)C1CCCCN1;1;0.1471181560830853;54.870193;-11.85839;HighDiv_771
AS-1040;C(=Cc1cn[nH]n1)Cc1ccccc1;1;0.4249611617354978;-0.43800142;-71.47285;HighDiv_2099
AS-1041;O=C(c1ccccc1)C1CCCO1;1;0.1069936600591475;59.398075;-29.050419;HighDiv_743
AS-1042;C(=Cc1cn[nH]n1)CCc1ncn[nH]1;1;-0.5219255542590394;-23.326065;36.84586;Druglike_1587
AS-1043;C(=Cc1cn[nH]n1)CCCC1CCCC1;1;0.1446468383216562;-22.233812;37.302467;Druglike_1546
AS-1044;C(=Cc1cn[nH]n1)CCC1=CNCN1;1;-0.5822244366458347;-23.39045;37.186913;Druglike_1648
AS-1045;O=C(c1ccccc1)C1CNC=N1;1;0.3766001208403711;58.467026;-14.712141;HighDiv_455
AS-1046;O=C(c1ccccc1)C1CNCCN1;1;-0.7218993303398179;53.807144;-13.052882;HighDiv_956
AS-1047;O=C(c1ccccc1)C1CNCCO1;1;-0.4639148790633003;58.086006;-5.1979823;HighDiv_407
AS-1048;O=C(c1ccccc1)C1CNCN1;1;-0.5225742582979498;46.410755;-8.047653;HighDiv_754
AS-1049;O=C(c1ccccc1)C1CNCO1;1;0.1679973156602958;66.1658;-7.762131;HighDiv_717
AS-1050;O=C(c1ccccc1)C1COC(=S)N1;1;0.3139569620870774;54.441685;-11.259729;HighDiv_254
AS-1051;O=C(c1ccccc1)C1COC=N1;1;-0.8172267687454031;58.480125;-14.79438;HighDiv_1004
AS-1052;O=C(c1ccccc1)C1N=CNO1;1;-0.4236874677108528;54.324146;-10.788922;HighDiv_986
AS-1053;O=C(c1ccccc1)C1NC=CN1;1;1.320325648903168;53.74402;-13.083695;HighDiv_108
AS-1054;O=C(c1ccccc1)C1NCCCN1;1;-0.5173399168545502;52.116703;-11.5633545;HighDiv_1162
AS-1055;O=C(c1ccccc1)C1NCCO1;1;0.8551422588536202;57.911896;-6.593287;HighDiv_473
AS-1056;O=C(c1ccccc1)C1NCNCN1;1;-1.214738489255276;13.307642;-17.838934;HighDiv_1917
AS-1057;C(=Cc1cn[nH]c1)Cc1ccncn1;1;0.6062353900799504;-30.290756;8.803254;Druglike_122
AS-1058;O=C(c1ccccc1)c1cc[nH]c1;1;0.2529533064859286;59.92975;-14.284186;HighDiv_267
AS-1059;O=C1C(=CC2NCCN2)Oc2ccccc21;1;0.1330191487952891;0.2807225;2.8486967;HighDiv_1657
AS-1060;O=C1C=C(C#CCc2cnon2)CN1;1;-0.3173100715983264;-36.011635;28.918674;Druglike_1654
AS-1061;C(=Cc1cccnc1)Cc1cnc[nH]1;1;-0.0501451224904487;49.39529;30.227852;HighDiv_2009
AS-1062;O=C1C=C(C(=O)Nc2ccccc2)CO1;1;-0.5393986661370317;29.886015;1.9636233;HighDiv_2314
AS-1063;C(=Cc1ccccc1)Cc1cnoc1;1;-0.3182802876458609;-0.91229564;-38.413555;Druglike_1300
AS-1064;O=C1C=CC(C(=O)c2ccccc2)N1;1;1.9079201944264457;58.149117;-12.651515;HighDiv_29
AS-1065;O=C1C=CC(C=CCC(=O)c2cc[nH]c2)O1;1;2.1403539734577377;-15.66507;-4.214472;Druglike_1722
AS-1066;C(=Cc1ccccc1)Cc1cnccn1;1;-0.0172195260713981;6.269942;-32.60241;Druglike_1524
AS-1067;C(=Cc1ccccc1)Cc1ccoc1;1;-0.2436787043351951;37.188465;-0.7110389;Druglike_1673
AS-1068;O=C1C=CC(C=Cc2ncc[nH]2)N1;1;-0.6485539889755685;-11.786686;-49.82512;Druglike_718
AS-1069;O=C1C=CC(COC(=O)C=Cc2cc[nH]n2)N1;1;-0.6246669459489084;-11.724576;-49.712654;Druglike_2066
AS-1070;O=C1C=CC(NCCc2ccccc2)C=C1;1;0.9181424157252804;1.6528565;40.06863;Druglike_237
AS-1071;O=C1C=CC(NCCc2ccccn2)C=C1;1;0.8551777449633622;1.6699328;40.052277;Druglike_161
AS-1072;O=C1C=CCC1;1;-0.6171408543137352;-6.100162;1.5898383;Druglike_1242
AS-1073;O=C1C=CCC=C1;1;-1.1818803220549925;1.665241;40.052036;Druglike_812
AS-1074;O=C1C=CCC=C1c1ccco1;1;-0.0194963732191311;-9.368628;-1.6708374;Druglike_1367
AS-1075;O=C1C=CCCN1;1;-0.8232368556226412;2.9819613;-5.1858277;HighDiv_916
AS-1076;O=C1C=CCO1;1;-0.8753403592696519;-51.531475;17.899488;Druglike_763
AS-1077;O=C1C=COC1CSCc1nnco1;1;-0.4995247099022325;-4.2003927;1.555091;HighDiv_912
AS-1078;C(=Cc1ccccc1)Cc1ccncn1;1;1.5952580064129784;-33.01466;11.986961;Druglike_18
AS-1079;C(=Cc1ccccc1)Cc1ccccc1;1;0.8183883244191605;37.258244;-0.5126567;Druglike_1514
AS-1080;O=C1CC(C=Cc2ccccc2)O1;1;1.2932625149007253;32.18615;5.505915;Druglike_1388
AS-1081;O=C1CC(CCc2ccccc2)O1;1;-0.1473661468380365;40.061165;3.64359;HighDiv_1773
AS-1082;O=C1CC(c2cnon2)=NN1;1;-0.3333644140252301;-39.369972;4.4567914;Druglike_428
AS-1083;O=C1CC=NN1CC=CCc1cnco1;1;0.4015283521340511;-59.367226;4.1755877;HighDiv_347
AS-1084;O=C1CCC(C=C(Cc2ccccc2)c2c[nH]cn2)O1;1;-0.2282432598591197;-23.878428;-16.576448;Druglike_1493
AS-1085;C(=Cc1ccccc1)Cc1ccc2[nH]ncc2c1;1;0.5024528101230632;14.381056;-50.23208;HighDiv_1747
AS-1086;O=C1CCC(C=C(Cc2ccccc2)c2nnc[nH]2)O1;1;-0.1657945717195212;-23.896551;-16.581114;Druglike_1487
AS-1087;C1=CN(CCc2ccccc2)CC=N1;1;-0.4336139048879697;1.360954;-9.647952;Druglike_769
AS-1088;O=C1C=CC(=O)c2ccccc21;1;0.7714574130184446;32.16359;9.942301;HighDiv_815
AS-1089;C(=Cc1ccccc1)Cc1csnn1;1;-0.4298657621144233;15.44812;-47.655712;HighDiv_1901
AS-1090;C(=Cc1ccccc1)Cc1ncn[nH]1;1;0.3857862986933928;37.32615;-0.8089131;Druglike_1463
AS-1091;O=C1C=C(CCCC=CCc2ccccc2)C(=O)N1;1;0.0497793133629478;-6.983243;-37.574825;HighDiv_1169
AS-1092;O=C1C=C(C(=O)c2ccccc2)CO1;1;-1.0850311988698107;12.926429;-17.335165;HighDiv_1850
AS-1093;C(=Cc1cccnc1)CC1=CCC1;1;-0.0013859173455523;48.853985;30.461817;HighDiv_2027
AS-1094;O=C1C=C(C=Cc2ccccc2)CO1;1;0.7890369832256606;-7.170261;-34.54611;Druglike_1417
AS-1095;O=C1C=C(C=Cc2ccccc2)OC1;1;-0.0425253385491462;6.987755;-48.0415;Druglike_997
AS-1096;O=C1C=C(CC#Cc2ccccc2)CN1;1;0.5324209122464474;27.0662;-18.997631;Druglike_1473
AS-1097;O=C1C=C(CC#Cc2ccccc2)OC1;1;0.3470862521422028;13.880753;22.445963;Druglike_1151
AS-1098;O=C1C=C(CC=CCNc2ccccc2)CO1;1;-0.2631334144396586;-5.964261;5.3170214;Druglike_1638
AS-1099;C(=Cc1cccnc1)C1=CCCO1;1;-0.8650512439525079;55.405926;28.456976;HighDiv_2283
AS-1100;O=C1C=C(CC=Cc2ccccc2)CCO1;1;0.2175585293263939;36.97553;-1.0834328;Druglike_1687
AS-1101;O=C1C=C(CCC(=O)Oc2ccccc2)CO1;1;1.3229914372782925;34.682327;-32.90379;HighDiv_215
AS-1102;O=C1C=C(CCC=Cc2ccccc2)CO1;1;0.77719637704084;-33.991505;-40.007626;Druglike_315
AS-1103;O=C1C=C(CCCC=CCc2cccnc2)C(=O)N1;1;0.2548639324929163;-6.977582;-37.56003;HighDiv_780
AS-1104;O=C1C=CC(=O)C(c2ccc[nH]2)=C1;1;-0.0457014295249281;-18.80768;-27.722229;HighDiv_1111
AS-1105;O=C1C=C(CCNCCc2ccccc2)OCC1;1;1.3631720024776732;63.538116;-12.9617195;HighDiv_194
AS-1106;O=C1C=C(CCc2ccccc2)OC1;1;-0.0080688343281206;-5.7611494;38.725883;HighDiv_1088
AS-1107;C(=Cc1ccccn1)Cc1ccncn1;1;2.10089308451675;-33.59032;11.459272;Druglike_5
AS-1108;C(=Cc1ccccc1)Cc1nn[nH]n1;1;-0.6092258214511723;-1.4838736;-37.466988;Druglike_1359
AS-1109;C(=Cc1ccccc1)Cc1ncncn1;1;-0.3126122958429483;-32.091553;-38.08215;Druglike_1683
AS-1110;O=C1C=C(c2ccccc2)CN1CCc1ncncn1;1;0.4121389794598196;26.309196;13.086743;Druglike_1136
AS-1111;O=C1C=C(c2ccccc2)CN1CCn1cnnn1;1;0.3542702487030487;26.306692;13.085835;Druglike_1111
AS-1112;O=C1C=C(c2cncc(C=Cc3c[nH]cn3)c2)CO1;1;0.5396105888289559;-18.564453;-47.574802;HighDiv_687
AS-1113;O=C1C=CC(=CC2C=COC=C2)O1;1;0.009935163216231;-14.71995;11.160222;Druglike_1513
AS-1114;O=C1C=CC(=O)C(C=CCOc2ccccc2)=C1;1;1.0739220409999517;18.318815;-2.8266768;HighDiv_1288
AS-1115;O=C1C=CC(=O)C(CCCC#Cc2ccc[nH]2)=C1;1;0.2177416398967666;0.4787528;51.4351;HighDiv_608
AS-1116;C(=Cc1cn[nH]n1)Cc1nnn[nH]1;1;-0.4295087639960572;-23.196892;36.4544;Druglike_1533
AS-1117;C(=Cc1cncc(-c2ccco2)c1)c1ccccc1;1;0.7474319685535312;-4.8785195;23.004116;HighDiv_328
AS-1118;C(=Cc1nnn[nH]1)NC1CCCC1;1;-0.7210412526431724;49.079617;8.6540575;HighDiv_1555
AS-1119;O=C(Cc1ccccc1)C(c1cc[nH]n1)c1cnn[nH]1;1;0.7058475369471034;-5.0935;11.631638;Druglike_1798
AS-1120;O=C(Cc1ccccc1)NC1C=CC=C1;1;0.0921806565346188;29.04529;-14.873742;Druglike_1896
AS-1121;C(=Cc1nn[nH]n1)c1cccc(-c2ccccc2)c1;1;0.595064070999742;0.48899135;-72.418045;HighDiv_2179
AS-1122;O=C(Cc1ccccc1)NCC1C=CCO1;1;-0.1814244868092914;9.679769;-17.148212;HighDiv_1768
AS-1123;O=C(Cc1ccccc1)OCC1NC=NO1;1;-0.8074124699191754;9.832112;-18.281727;HighDiv_1913
AS-1124;O=C(Cc1ccccc1)OCc1cnco1;1;-0.8777350247899343;9.778356;-18.47142;HighDiv_1878
AS-1125;O=C(Cc1ccccc1)OCc1nnco1;1;-0.4370199525871893;9.778337;-18.464184;HighDiv_1779
AS-1126;O=C(Cc1ccccc1)c1c[nH]cn1;1;-0.3544323641944761;-3.7953408;10.316937;Druglike_582
AS-1127;O=C(Cc1ccccc1)c1ccccc1;1;0.0348279084001677;-3.8405201;10.315507;Druglike_534
AS-1128;C(=Cc1ncon1)c1cccnc1;1;-0.6881064332017437;55.78478;28.412848;HighDiv_2263
AS-1129;O=C(Cc1ccccc1)c1cnn[nH]1;1;-0.8324585195854033;-4.7718453;11.192001;Druglike_804
AS-1130;O=C(Cc1ccccn1)NCc1cnn[nH]1;1;-0.1981722424072272;-15.39101;17.350096;Druglike_1715
AS-1131;O=C(Cc1ccco1)c1ccno1;1;-0.8700705317165103;-58.211067;24.642271;Druglike_1030
AS-1132;O=C(Cc1ccnc2cc[nH]c12)c1cnon1;1;-0.3236267674401478;-26.635908;3.7314968;Druglike_1529
AS-1133;O=C(Cc1ccno1)c1ccno1;1;-0.542064454512154;-58.356373;24.02257;Druglike_625
AS-1134;C(=Cc1ncon1)c1ccccc1;1;0.0910216498950511;8.297647;-51.716393;Druglike_617
AS-1135;O=C(Cc1cn[nH]c1)c1ccno1;1;-1.0557061207636762;-59.24926;23.386322;Druglike_1036
AS-1136;O=C(Cc1cn[nH]n1)c1ccno1;1;-0.6058460368393159;-59.025585;23.470396;Druglike_499
AS-1137;O=C(Cc1nc[nH]n1)c1ccno1;1;-0.8108951698595406;-58.89221;23.878624;Druglike_687
AS-1138;O=C(Cc1ncn[nH]1)Nc1ccccc1;1;-0.186898007998508;19.253555;18.908993;Druglike_793
AS-1139;O=C(Cc1ncn[nH]1)OCc1ccccc1;1;0.6395534707271103;37.83537;6.282016;Druglike_1436
AS-1140;O=C(Cc1nn[nH]n1)c1ccno1;1;-0.5321791834664413;-58.811317;23.85624;Druglike_399
AS-1141;O=C(Cc1nnc[nH]1)c1ccccc1;1;-0.8458825597469264;18.469475;10.970051;HighDiv_1895
AS-1142;O=C(Cc1nnc[nH]1)n1cncn1;1;-0.6544519375019194;18.469528;11.102446;Druglike_1227
AS-1143;O=C(Cc1nnco1)c1ccccc1;1;-0.4731869321798447;50.893772;-11.707888;HighDiv_951
AS-1144;O=C(NC1=NCCO1)c1ccccc1;1;-0.1169792973991809;18.700594;2.1330702;HighDiv_1388
AS-1145;O=C(Cc1ccccc1)CC1CCOC=N1;1;1.2651432895872237;35.14391;-23.734365;HighDiv_176
AS-1146;O=C(Cc1cccc2cc[nH]c12)OCc1cnns1;1;-0.0156772582260997;-7.675862;18.920559;HighDiv_1458
AS-1147;O=C(c1ccc[nH]1)c1ccno1;1;0.24573382381534;-41.096954;-26.991543;Druglike_377
AS-1148;O=C(Cc1cccc2cc[nH]c12)OCc1ccsc1;1;-0.2345542756792805;-7.585191;6.1935344;HighDiv_1439
AS-1149;O=C(CCc1cccnc1)NCc1cc(-c2cccs2)c[nH]1;1;0.0993909161828286;-1.9096265;37.450222;HighDiv_1856
AS-1150;O=C(CCc1cccnc1)NCc1cc(-c2ccsc2)c[nH]1;1;0.2684412771367302;-1.9099615;37.450245;HighDiv_1775
AS-1151;O=C(CCc1cn[nH]c1)c1ccccc1;1;-0.4386537757176737;7.7968216;-22.071934;Druglike_707
AS-1152;O=C(CCc1ncn[nH]1)Nc1ccccc1;1;-0.2784978866962477;4.3933005;11.480907;Druglike_868
AS-1153;O=C(CCn1cc[nH]c1=O)OCc1ccccc1;1;-0.6579850265960683;39.99625;-15.955077;HighDiv_2246
AS-1154;C(=Cc1nnco1)Cc1ccncn1;1;0.3975353495930268;-29.359297;8.411091;Druglike_190
AS-1155;O=C(CN1C=NCC1)c1ccno1;1;-0.7522506936689314;-57.001076;24.509409;Druglike_571
AS-1156;O=C(CN1CCNC1)c1ccccc1;1;-0.0924080642238674;70.91933;3.24776;HighDiv_890
AS-1157;O=C(CNCC=Cc1ccccc1)CC1=CCC=CN1;1;0.3885848084851061;5.531116;-50.130466;Druglike_456
AS-1158;O=C(CNCC=Cc1ccccc1)CC1=CNCN1;1;1.1642188315982116;4.6053514;-50.270966;Druglike_20
AS-1159;C(=Cc1nnco1)CCc1ccccc1;1;-0.4542836908074452;-2.898663;29.860485;HighDiv_1503
AS-1160;C(=Cc1nnc[nH]1)Cc1cnco1;1;-0.453012545816988;-55.69044;4.0410433;HighDiv_795
AS-1161;O=C(COc1ccon1)c1ccno1;1;-0.819830807923422;-59.151417;24.659475;Druglike_910
AS-1162;O=C(CSc1ccccc1)c1nnc[nH]1;1;0.1101548479908888;-9.458192;0.6508932;HighDiv_1105
AS-1163;O=C(Cc1c[nH]cn1)c1ccccc1;1;-0.4316174036174577;-2.1164026;-18.074415;Druglike_733
AS-1164;O=C(Cc1cc2ccccc2[nH]1)c1cnon1;1;0.0475322723032964;-12.033832;5.477123;Druglike_1580
AS-1165;O=C(Cc1cc[nH]n1)OCC#CCc1n[nH]c(=O)[nH]1;1;0.2181249011024963;-27.979805;45.205853;Druglike_540
AS-1166;O=C(Cc1cc[nH]n1)Oc1ccccc1;1;1.257116118373771;29.289402;-25.681215;HighDiv_112
AS-1167;C(=Cc1nnc[nH]1)Cc1ccccn1;1;-0.3110402219095688;4.7645607;-27.300362;Druglike_402
AS-1168;O=C(Cc1ccc2c(c1)CC=C2)CN1CCNC1;1;0.3519167493141712;19.299456;14.705758;HighDiv_2042
AS-1169;O=C(Cc1ccc2c(c1)CC=C2)Cc1cscn1;1;0.3957837080899928;19.300375;14.694456;HighDiv_2007
AS-1170;O=C(Cc1ccc2c(c1)CC=C2)Cn1ccc(=O)[nH]1;1;-0.0960178055591632;19.29622;14.703937;HighDiv_2313
AS-1171;O=C(Cc1ccc2ncoc2c1)c1ccccc1;1;0.3380235726833943;6.8396974;8.33151;HighDiv_1825
AS-1172;O=C(Cc1ccc[nH]1)c1ccno1;1;-0.3235912813304062;-58.680485;22.963142;Druglike_366
AS-1173;C(=Cc1nnc(COCc2cnon2)[nH]1)c1cccnc1;1;1.4919800490350887;52.582302;30.755936;HighDiv_1959
AS-1174;O=C(NC1CC=NC1)c1ccccc1;1;-0.558036464676251;27.562683;-1.1193864;Druglike_1973
AS-1175;O=C(NC1CCCC1)c1ccncc1;1;-0.5126627241648742;35.49612;39.77933;Druglike_900
AS-1176;O=C(NCC#CC(=O)c1ncco1)c1ccccc1;1;-0.3291620378264702;30.220396;18.810516;HighDiv_682
AS-1177;O=C(NCC#CC(=O)c1nnco1)c1ccccc1;1;-0.0190123337058353;30.230038;18.789492;HighDiv_441
AS-1178;C(=Cc1nccc2c1CNC2)c1cccnc1;1;0.2835963757355857;-16.107183;-48.41003;HighDiv_713
AS-1179;O=C(OCc1cnc[nH]1)c1ccccc1;1;-0.4546875350788759;22.914522;6.4825096;Druglike_429
AS-1180;O=C(OCc1cnco1)c1ccccc1;1;-0.811426055525901;21.01244;4.7870717;HighDiv_1859
AS-1181;O=C(OCc1nnco1)c1ccccc1;1;-0.4906451410137963;-41.645367;-19.731987;Druglike_578
AS-1182;O=C(Oc1ccc2c(=O)cc[nH]c2c1)c1ccccn1;1;0.6354185237471168;-30.500086;-30.162136;Druglike_1645
AS-1183;C(=Cc1nccc2[nH]cnc12)c1ccccc1;1;0.9540794385944996;14.702348;-9.327399;HighDiv_1648
AS-1184;O=C(Oc1cccnc1)c1cc[nH]n1;1;-0.9911282099369754;31.676632;-17.562742;HighDiv_2299
AS-1185;C(=Cc1ncc[nH]1)Cc1ccncn1;1;1.669455745452212;-30.414633;8.7485485;Druglike_8
AS-1186;O=C(Oc1cncc(-c2cc[nH]c2)c1)c1ccccc1;1;0.2810689887987133;-19.272835;-45.64101;Druglike_596
AS-1187;O=C(c1c[nH]cn1)c1ccc[nH]1;1;-0.5927023425550133;-14.429897;5.270224;Druglike_848
AS-1188;O=C(c1cc(-c2ccccc2)co1)N1CCC1;1;0.1964494130257452;-5.0804024;42.891823;Druglike_1996
AS-1189;O=C(c1cc(=O)[nH]cn1)c1cc(CCC2CCCCC2)c[nH]1;1;0.4957230469874319;17.395164;-23.448702;Druglike_1543
AS-1190;O=C(c1cc(=O)[nH]cn1)c1nnc(C=CC2CC=CCC2)[nH]1;1;0.7317161782002348;16.888842;-22.42007;Druglike_1637
AS-1191;O=C(c1cc(=O)[nH]cn1)c1nnc(C=CC2CCCC2)[nH]1;1;0.4440588737215944;16.935913;-22.511911;Druglike_1641
AS-1192;O=C(c1cc(=O)[nH]cn1)c1nnc(C=CC2CCCCC2)[nH]1;1;0.8782535564464424;16.94318;-22.526184;Druglike_1581
AS-1193;C(=Cc1cnon1)c1ccc(-c2ccccc2)nc1;1;0.5382159454442884;-29.577261;28.574114;Druglike_1433
AS-1194;C(=Cc1cnon1)c1cc2[nH]ncc2cn1;1;-0.1560363420687363;-27.03243;31.075542;Druglike_1560
AS-1195;O=C(c1cc[nH]c1)c1csnn1;1;-1.509774260908459;-22.157118;4.601867;HighDiv_1925
AS-1196;C(=Cc1cnoc1)CCc1ccsc1;1;-0.0431797226097172;-7.1842337;4.955856;HighDiv_2088
AS-1197;C(=Cc1cnco1)c1cccnc1;1;-0.8349504204125331;50.027622;30.786488;HighDiv_2215
AS-1198;O=C(c1cc[nH]n1)c1c[nH]c(=O)c2[nH]ccc12;1;-0.1222434449306616;-18.34714;16.62496;Druglike_1961
AS-1199;O=C(c1cc[nH]n1)c1ncc(C=Cc2ccccc2)cn1;1;1.8090298608386317;-42.308273;-44.519104;Druglike_1153
AS-1200;C(=Cc1cnccn1)Cc1ccncn1;1;0.6835588309411847;-33.29692;11.681658;Druglike_231
AS-1201;O=C(c1ccc(CCC=CC2CCCC2)[nH]1)c1nc(=O)o[nH]1;1;0.6351119147825331;-72.30319;-9.159667;Druglike_593
AS-1202;C(=Cc1cncc2[nH]ncc12)CC1=CCNN1;1;0.5530850181442613;-43.682228;-8.967225;Druglike_1422
AS-1203;O=C(OCc1ccncc1-c1ccccc1)c1cnc[nH]1;1;1.8715495211977144;-8.759818;-23.365818;Druglike_1733
AS-1204;C(=Cc1ncn[nH]1)c1cc[nH]c1;1;-0.8532610269214691;-28.808767;-7.71772;Druglike_1670
AS-1205;O=C(OCc1ccccn1)c1cccnc1;1;-0.257332701220156;21.525446;-25.302103;Druglike_1327
AS-1206;O=C(NOCc1ccccc1)c1ccncn1;1;0.9920335457999304;62.594883;-29.612444;HighDiv_190
AS-1207;O=C(NCC#Cc1noc(=O)[nH]1)c1ccccc1;1;-0.2132712718306383;28.69746;18.94865;HighDiv_1183
AS-1208;O=C(NCC1=NN=CNC1)c1ccccc1;1;-0.6512140973290312;27.942425;-7.026564;HighDiv_1119
AS-1209;O=C(NCCC1OC=CC1=O)c1ccccc1;1;0.6721873612256173;25.192156;0.8217922;Druglike_1779
AS-1210;O=C(NCCc1ccccc1)c1ccoc1;1;0.3510082824637429;22.6203;0.023156786;HighDiv_2119
AS-1211;O=C(NCCc1ccccc1)c1cnon1;1;0.4421070815832037;-30.82938;23.502913;HighDiv_2006
AS-1212;O=C(NCCc1cnn[nH]1)c1ccccc1;1;0.238145982983061;25.07734;0.68835163;Druglike_1813
AS-1213;O=C(NCCc1nnc2scnn12)c1cnon1;1;-0.74291121133362;-30.833626;23.506071;HighDiv_2253
AS-1214;O=C(NCc1cccnc1)c1ccccc1;1;-0.469494858581743;27.94849;-7.0309076;HighDiv_1187
AS-1215;O=C(NCc1ncn[nH]1)C1=CCC=CO1;1;0.1999768220982326;-16.12388;13.114786;Druglike_1445
AS-1216;O=C(NOCc1ccccc1)C1CSCN1;1;0.9478393949938226;61.428623;-29.652203;HighDiv_172
AS-1217;O=C(NOCc1ccccc1)c1cc[nH]n1;1;1.7313231587716689;65.015915;-28.245947;HighDiv_133
AS-1218;O=C(NOCc1ccccc1)c1ncccn1;1;1.024968365241361;62.460556;-29.387365;HighDiv_151
AS-1219;C(=Cc1ncn[nH]1)c1ccccc1;1;-0.6321426484302989;4.4808636;7.2112093;Druglike_1971
AS-1220;O=C(NOCc1ccccc1)c1ncncn1;1;0.8551365788319585;62.493958;-29.448488;HighDiv_210
AS-1221;O=C(Nc1ccccc1)C1=COCC(c2cn[nH]n2)=C1;1;1.466827541039632;-8.343271;24.167479;Druglike_1404
AS-1222;C(#CC1C=CCCC1)c1ccno1;1;0.2009733012331299;-41.53954;20.379581;Druglike_1563
AS-1223;O=C(Nc1ccccc1)NC1CCOC1;1;1.0908997533213256;26.82428;-23.776676;HighDiv_237
AS-1224;C(=Cc1ncncn1)COc1ccccc1;1;1.3586424342486274;30.28852;-29.32048;HighDiv_88
AS-1225;O=C(Nc1ccccc1)c1nncs1;1;-0.9959587071089432;55.218494;-22.725441;HighDiv_1512
AS-1226;C(=Cc1ncn[nH]1)c1cncc(-c2cc[nH]c2)c1;1;0.1205149355275181;-18.425222;-46.8687;HighDiv_797
AS-1227;O=C(OC1C=CC=CC1)c1ccccc1;1;-0.4868969982402499;-4.774811;6.0289245;Druglike_1282
AS-1228;O=C(OC1CCCC1)c1ccccc1;1;1.2735835280944867;28.735064;-24.623585;HighDiv_97
AS-1229;O=C(OC1CNC1)c1ccccc1;1;-0.1192767276126151;23.245699;-22.17949;Druglike_1610
AS-1230;O=C(OCCc1ccccc1)c1nnn[nH]1;1;-0.3469360786473848;1.2566189;-11.346569;HighDiv_2316
AS-1231;C(#CC1=CCc2ccccc21)CNCCc1cnccn1;1;1.2005149896067402;5.4269032;28.983046;Druglike_1184
