ID,library,SMILES,Name,Formula,MW,LogP,pKd,score,z_pkd,z_vina,consensus_z,SA_Score,Structure,Synthesize,Chemical,Dataset
Druglike_1,Druglike,NC1=C2C=NNC2=NC([C@@H](/C=C/CC2=NC(CCCl)=CC=C2)C(=O)O)=N1,21/000000020,C17H17N6O2Cl,372.0,2.17,6.45,-9.496,6.042541638961546,1.3434207149562007,3.6929811769588734,3.895023828574288,6.97,24.1,-190.0,DRUGLIKE_CONCAT
HighDiv_4,HighDiv,NOC1=CC(C(=O)O)=CC(OC/C=C/[C@@H]2NNC3=C2C=CC=C3)=C1Br,12/000001403,C17H16N3O4Br,406.0,2.98,5.86,-10.609,4.310268350224781,2.5709901125262684,3.440629231375525,3.7090264631090015,7.55,21.3,-190.0,HIGHDIVERSITY_CONCAT
HighDiv_1581,HighDiv,C=CC1=C(C(N)=O)SC2=CC=C([S@+]([O-])C3=CC(O)=C(I)C=C3O)C=C12,12/000000150,C17H12NO4S2I,485.0,2.13,5.68,-10.932,3.7817781943389868,2.927238913438337,3.354508553888662,3.8807178817566346,6.18,24.8,-40.0,HIGHDIVERSITY_LANAPDB
HighDiv_1,HighDiv,C[C@H](CN)CC#CC1=CC(C(=O)CO)=CC(N=O)=C1Br,12/000000691,C14H16N2O3Br,340.0,1.76,6.1,-9.375,5.014921891405836,1.2099652817971902,3.1124435866015134,4.386506045797975,5.24,20.7,-170.0,HIGHDIVERSITY_CONCAT
Druglike_2,Druglike,NC1=C2C=NNC2=NC([C@@H](/C=C/CC2=NC=CC=C2CCBr)C(=O)O)=N1,21/000000030,C17H17N6O2Br,417.0,2.42,6.04,-9.526,4.838758506110573,1.3765088388799216,3.1076336724952474,3.9780202942707534,5.01,24.1,-190.0,DRUGLIKE_CONCAT
HighDiv_1580,HighDiv,NCC1=C(C(N)=O)SC2=CC=C([S@+]([O-])C3=CC(O)=C(I)C=C3O)C=C12,12/000000275,C16H13N2O4S2I,488.0,0.73,5.68,-10.226,3.7817781943389868,2.148565063766758,2.9651716290528727,3.7832063432950953,6.63,24.6,-40.0,HIGHDIVERSITY_LANAPDB
HighDiv_1934,HighDiv,CNC(=O)C1=NC(C2=C(ON)C(F)=CC(CCN3N=CC=C3O)=C2)=CN1,27/000000362,C16H17N6O3F,360.0,0.87,6.11,-9.037,5.044282455621715,0.8371724189232621,2.9407274372724888,3.5544044104331025,4.01,3.58,-160.0,HIGHDIVERSITY_MAYBRIDGE
Druglike_1050,Druglike,O=C(C1=NC=C(/C=C/C2=CC=C(CO)C(Cl)=C2)C=N1)C1=NNC(=O)O1,12/000000217,C16H11N4O4Cl,358.0,1.75,5.43,-10.753,3.0477640889420523,2.7298131073601315,2.888788598151092,3.124378863478918,4.54,4.94,0.0,DRUGLIKE_CRAFT
Druglike_1052,Druglike,NCC1=CC=C(/C=C/C2=CN=C(C(=O)C3=NNC(=O)O3)N=C2)C=C1Cl,12/000000223,C16H12N5O3Cl,357.0,1.68,5.42,-10.684,3.0184035247261756,2.653710422335571,2.8360569735308734,3.1360973900227966,4.34,4.94,0.0,DRUGLIKE_CRAFT
Druglike_1051,Druglike,NCC1=CC=C(/C=C/C2=CN=C(C(=O)C3=NNC(=O)O3)N=C2)C=C1Cl,12/000000231,C16H13N5O3Cl,358.0,1.68,5.42,-10.684,3.0184035247261756,2.653710422335571,2.8360569735308734,3.5547836305428397,4.16,4.94,0.0,DRUGLIKE_CRAFT
HighDiv_1586,HighDiv,CC1=C(C(N)=O)SC2=CC=C([S@+]([O-])C3=CC(O)=C(I)C=C3O)C=C12,12/000000072,C16H12NO4S2I,473.0,1.84,5.4,-10.63,2.959682396294422,2.594151799272874,2.776917097783648,3.579204277276241,5.52,23.2,-60.0,HIGHDIVERSITY_LANAPDB
Druglike_33,Druglike,CCC#CCNCC1=CC(C2=CC=C(C(=O)C3=NC(=O)ON3)N2)=CC=C1Cl,23/000000406,C19H17N4O3Cl,384.0,2.81,5.08,-11.44,2.020144341386345,3.4875311452133535,2.753837743299849,3.307677010789071,4.98,4.94,-140.0,DRUGLIKE_CONCAT
HighDiv_1582,HighDiv,NC(=O)C1=C(CO)C2=CC([S@+]([O-])C3=CC(O)=C(I)C=C3O)=CC=C2S1,12/000000297,C16H12NO5S2I,489.0,0.8,5.5,-10.293,3.253288038453195,2.2224618738630677,2.737874956158131,3.7643389224806167,6.07,24.4,-40.0,HIGHDIVERSITY_LANAPDB
HighDiv_1583,HighDiv,COC1=C(I)C=C(O)C([S@@+]([O-])C2=CC=C3SC(C(N)=O)=CC3=C2)=C1,12/000000213,C16H12NO4S2I,473.0,2.01,5.48,-10.287,3.1945669100214413,2.215844249078325,2.705205579549883,3.4831897210632228,7.39,23.2,-60.0,HIGHDIVERSITY_LANAPDB
Druglike_1060,Druglike,CC1=NC(C(=O)C2=NNC(=O)O2)=NC=C1/C=C/C1=CC=C(CO)C(Cl)=C1,12/000000256,C17H13N4O4Cl,372.0,2.07,5.25,-10.884,2.5192739330562604,2.8742979151603825,2.6967859241083216,3.239785653847222,6.25,4.94,-20.0,DRUGLIKE_CRAFT
Druglike_1059,Druglike,CC1=NC(C(=O)C2=NNC(=O)O2)=NC=C1/C=C/C1=CC=C(CN)C(Cl)=C1,12/000000259,C17H14N5O3Cl,371.0,2.0,5.28,-10.787,2.6073556257038932,2.7673129811403503,2.687334303422122,3.2511831248693515,5.36,4.94,-20.0,DRUGLIKE_CRAFT
Druglike_1718,Druglike,O=C(O)C1=CC(C(=O)C/C=C/C2CCCCC2)=C(C(=O)O)N1,5/000000076,C16H18NO5,304.0,1.42,5.61,-9.87,3.576254244827847,1.7559193265385942,2.6660867856832207,3.0432123861905396,6.75,3.84,-150.0,DRUGLIKE_MAYBRIDGE
HighDiv_1584,HighDiv,NCC1=C(C(N)=O)SC2=CC=C([S@+]([O-])C3=CC(O)=C(I)C=C3O)C=C12,12/000000208,C16H14N2O4S2I,489.0,0.73,5.46,-10.226,3.135845781589685,2.148565063766758,2.642205422678222,4.16878507632677,6.53,24.6,-40.0,HIGHDIVERSITY_LANAPDB
HighDiv_2,HighDiv,O=NC(=O)C1=CC=C(Br)C(C[C@@H](Cl)C2=NN(CS)C(=S)N2)=C1,12/000000358,C12H10N4O2S2ClBr421,3.61,4.04,5.95,-8.902,4.574513428167677,0.6882758612665135,2.631394644717095,4.114283351183039,5.08,-179.0,,HIGHDIVERSITY_CONCAT
HighDiv_1937,HighDiv,CNC(=O)C1=NC(C2=CC(CCC3=CC=CN3)=CC(F)=C2ON)=CN1,27/000000324,C17H18N5O2F,343.0,1.07,5.77,-9.273,4.046023272281883,1.0974656604565367,2.5717444663692097,3.4354356348765336,3.82,3.58,-140.0,HIGHDIVERSITY_MAYBRIDGE
HighDiv_1203,HighDiv,C=C(C1=CC=C(C2=C(O)C(O)=CN=C2)C=C1)C1=NC=C(F)C=C1,1/000000284,C18H13N2O2F,308.0,3.27,5.28,-10.531,2.6073556257038932,2.484960990324593,2.546158308014243,2.6482387078850778,3.61,16.5,-160.0,HIGHDIVERSITY_CRAFT
Druglike_1719,Druglike,O=C(O)C1=CC(C(=O)C/C=C/[C@@H]2C=CC=CC2)=C(C(=O)O)N1,5/000000087,C16H14NO5,300.0,0.57,5.5,-9.944,3.253288038453195,1.8375366988837758,2.5454123686684853,3.9625068820783738,7.13,3.84,-150.0,DRUGLIKE_MAYBRIDGE
HighDiv_1589,HighDiv,CCC1=C(C(N)=O)SC2=CC=C([S@+]([O-])C3=CC(O)=C(I)C=C3O)C=C12,12/000000068,C17H14NO4S2I,487.0,2.09,5.29,-10.494,2.63671618991977,2.444152304152002,2.5404342470358863,3.697673764109576,6.94,23.8,-60.0,HIGHDIVERSITY_LANAPDB
HighDiv_1936,HighDiv,C/C=C\CCC1=CC(F)=C(ON)C(C2=CNC(C(=O)NC)=N2)=C1,27/000000289,C16H19N4O2F,318.0,1.48,5.78,-9.084,4.075383836497762,0.8890104797370911,2.4821971581174265,3.457393859512295,3.66,3.58,-200.0,HIGHDIVERSITY_MAYBRIDGE
HighDiv_1587,HighDiv,CCC1=CC2=CC([S@+]([O-])C3=CC(O)=C(I)C=C3O)=CC=C2OC1=O,12/000000253,C17H13O5SI,456.0,2.59,5.38,-10.14,2.900961267862666,2.053712441852089,2.4773368548573775,3.581247763021265,4.4,21.1,-100.0,HIGHDIVERSITY_LANAPDB
HighDiv_31,HighDiv,O=C1NCCN1C1=CC(O)=CC(C#CCCC2=CC=CC=C2)=C1,28/000000082,C19H18N2O2,306.0,3.03,5.2,-10.605,2.372471111976874,2.5665783626697727,2.469524737323323,2.5348160071873806,2.73,18.8,-120.0,HIGHDIVERSITY_CONCAT
Druglike_1057,Druglike,O=C(C1=NC=C(/C=C\C2=CC=C([C@H](O)Cl)C(Cl)=C2)C=N1)C1=NNC(=O)O1,12/000000272,C16H10N4O4Cl2,392.0,2.26,5.3,-10.337,2.6660767541356467,2.2709911222845265,2.4685339382100864,3.784531085145927,4.08,5.08,-150.0,DRUGLIKE_CRAFT
Druglike_1053,Druglike,C[C@@H](O)C1=CC=C(/C=C/C2=CN=C(C(=O)C3=NNC(=O)O3)N=C2)C=C1Cl,12/000000265,C17H13N4O4Cl,372.0,2.28,5.41,-10.032,2.989042960510299,1.9345951957266914,2.461819078118495,3.5797540566949264,5.54,5.08,-170.0,DRUGLIKE_CRAFT
Druglike_1376,Druglike,O=C(O)[C@@H](C#CC1=NC2=C(C=CC=C2)N1)C1=NON=C1,20/000000093,C13H8N4O3,268.0,2.09,5.49,-9.816,3.223927474237318,1.6963607034758972,2.4601440888566075,3.85366979469276,3.59,24.3,-190.0,DRUGLIKE_LANAPDB
Druglike_38,Druglike,C/C=C/C1=CC(C2=CC=C(C(=O)C3=NC(=O)ON3)N2)=CC=C1C,23/000000434,C17H15N3O3,309.0,2.83,5.05,-10.977,1.9320626487387125,2.976871099323919,2.454466874031316,3.142018116169099,5.29,5.09,-200.0,DRUGLIKE_CONCAT
HighDiv_1940,HighDiv,CNC(=O)C1=NC(C2=CC(CCC3=CC=CO3)=CC(F)=C2ON)=CN1,27/000000383,C17H17N4O3F,344.0,0.96,5.7,-9.242,3.840499322770743,1.0632745990686925,2.4518869609197176,3.237326425775775,3.27,3.58,-140.0,HIGHDIVERSITY_MAYBRIDGE
HighDiv_23,HighDiv,O=C(O)CC1=NNC(C2=NC(/C=C/C3=CC=CC=C3)=CC=C2I)=N1,4/000000123,C17H13N4O2I,432.0,3.84,5.27,-10.357,2.577995061488014,2.293049871567007,2.4355224665275106,2.852655546464936,4.57,22.4,-160.0,HIGHDIVERSITY_CONCAT
HighDiv_1588,HighDiv,C=CC1=CC2=CC([S@+]([O-])C3=CC(O)=C(I)C=C3O)=CC=C2OC1=O,12/000000186,C17H11O5SI,454.0,2.63,5.34,-10.152,2.7835190109991563,2.0669476914215763,2.425233351210366,3.744023986797489,4.03,22.1,-80.0,HIGHDIVERSITY_LANAPDB
Druglike_1048,Druglike,CC1=NC(C(=O)C2=NC(O)=NC=C2)=NC=C1/C=C/C1=CC=C(C(N)=O)C(Cl)=C1,12/000000179,C19H14N5O3Cl,395.0,1.53,5.73,-9.095,3.928581015418376,0.9011427918424568,2.4148619036304164,3.087024112710001,6.96,4.94,-20.0,DRUGLIKE_CRAFT
Druglike_1369,Druglike,CCC1=C([C@H](Cl)CN2C=CC(C(=O)O)=C2C#CCO)ON=C1O,6/000000096,C15H15N2O5Cl,338.0,1.71,5.84,-8.798,4.251547221793025,0.5735703649976132,2.412558793395319,4.119363723014072,8.67,5.35,-170.0,DRUGLIKE_LANAPDB
Druglike_26,Druglike,C=C(C)C1=CC(C2=CC=C(C(=O)C3=NC(=O)ON3)N2)=CC=C1CF,23/000000365,C17H14N3O3F,327.0,2.76,5.11,-10.734,2.108226034033978,2.7088572955417747,2.4085416647878763,3.347080794805173,6.28,5.09,-140.0,DRUGLIKE_CONCAT
Druglike_1374,Druglike,O=C(O)[C@@H](C#CC1=CC=CC(F)=C1O)C1=NON=C1,20/000000106,C12H7N2O4F,262.0,2.54,5.54,-9.585,3.3707302953167044,1.4415821492632417,2.4061562222899733,3.8935270507283466,3.76,23.7,-150.0,DRUGLIKE_LANAPDB
HighDiv_1590,HighDiv,CC(=O)CC1=CC2=CC([S@+]([O-])C3=CC(O)=C(I)C=C3O)=CC=C2OC1=O,12/000000124,C18H13O6SI,484.0,1.81,5.29,-10.249,2.63671618991977,2.1739326254416107,2.4053244076806903,3.623975247273594,6.65,23.9,-100.0,HIGHDIVERSITY_LANAPDB
HighDiv_1938,HighDiv,CCCCCC1=CC(F)=C(ON)C(C2=CNC(C(=O)NC)=N2)=C1,27/000000433,C16H21N4O2F,320.0,1.89,5.76,-8.887,4.016662708066006,0.6717317993046541,2.34419725368533,3.141805397973833,3.42,3.58,-200.0,HIGHDIVERSITY_MAYBRIDGE
HighDiv_1941,HighDiv,CNC(=O)C1=NC(C2=CC(CCC3=NCCC3)=CC(F)=C2ON)=CN1,27/000000296,C17H20N5O2F,345.0,0.39,5.65,-9.165,3.6936965016913565,0.9783484143311387,2.3360224580112474,3.605173879730272,4.57,3.58,-140.0,HIGHDIVERSITY_MAYBRIDGE
Druglike_7,Druglike,O=C(C1=CC=C(C2=CC(CCO)=CC=C2)N1)C1=NC(=O)ON1,23/000000302,C15H13N3O4,299.0,1.12,5.35,-9.951,2.812879575215033,1.8452572611326437,2.329068418173838,2.906767313230713,6.43,3.58,-120.0,DRUGLIKE_CONCAT
Druglike_6,Druglike,O=C(O)CC1=CC=CC(C2=CC=C(C(=O)C3=NC(=O)ON3)N2)=C1,23/000000301,C15H11N3O5,313.0,1.2,5.37,-9.896,2.871600703646789,1.7845957006058213,2.3280982021263052,2.8540777611395143,6.9,3.58,-120.0,DRUGLIKE_CONCAT
HighDiv_1605,HighDiv,[O-][S@@+](C1=CC=C(O)C(C2=NC=CC=C2)=C1)C1=CC(O)=C(I)C=C1O,12/000000144,C17H12NO4SI,453.0,2.81,5.07,-10.69,1.9907837771704686,2.660328047120316,2.325555912145392,3.419120260672867,5.03,17.9,-160.0,HIGHDIVERSITY_LANAPDB
Druglike_46,Druglike,C=CCN(C(N)=O)C1=CC(C2=CC=C(C(=O)C3=NC(=O)ON3)N2)=CC=C1,23/000000386,C17H15N5O4,353.0,0.9,4.98,-10.914,1.7265386992275726,2.9073860390841033,2.316962369155838,3.198717582192849,9.32,4.94,-120.0,DRUGLIKE_CONCAT
HighDiv_1202,HighDiv,C/C=C\C1=NC=C(O)C(O)=C1C#CC(=O)NC1=CC=CC=C1F,1/000000516,C17H13N2O3F,312.0,2.67,5.29,-10.086,2.63671618991977,1.9941538187893904,2.31543500435458,3.1020215037430656,8.38,21.9,-20.0,HIGHDIVERSITY_CRAFT
Druglike_25,Druglike,CC1=CC=C(C2=CC=C(C(=O)C3=NC(=O)ON3)N2)C=C1I,23/000000364,C14H10N3O3I,395.0,3.07,5.11,-10.509,2.108226034033978,2.4606963661138637,2.284461200073921,3.091651964630344,6.27,3.58,-140.0,DRUGLIKE_CONCAT
Druglike_1067,Druglike,O=C(C1=NC=C(/C=C/C2=CC=C(CO)C(Cl)=C2)C=N1)C1=CC(O)=NO1,12/000000081,C17H12N3O4Cl,357.0,2.05,5.07,-10.613,1.9907837771704686,2.575401862382764,2.2830928197766163,3.068600315266566,3.62,4.94,0.0,DRUGLIKE_CRAFT
HighDiv_15,HighDiv,O=NC1=C(Br)C(C2=CN=C(C(=O)O)C=C2)=CC(C(=O)CO)=C1,12/000000376,C14H9N2O5Br,365.0,1.56,5.34,-9.884,2.7835190109991563,1.771360451036332,2.2774397310177443,2.877777972571373,4.57,20.3,-160.0,HIGHDIVERSITY_CONCAT
Druglike_44,Druglike,CC(=O)C1=CC(C2=CC=C(C(=O)C3=NC(=O)ON3)N2)=CC=C1C,23/000000497,C16H13N3O4,311.0,1.84,5.0,-10.787,1.7852598276593261,2.7673129811403503,2.2762864043998383,2.938693138358449,5.86,5.09,-200.0,DRUGLIKE_CONCAT
HighDiv_1585,HighDiv,N/C=C/CC1=CC2=CC([S@+]([O-])C3=CC(O)=C(I)C=C3O)=CC=C2OC1=O,12/000000100,C18H14NO5SI,483.0,2.03,5.4,-9.714,2.959682396294422,1.5838610821352437,2.2717717392148327,3.9389114065368656,4.0,24.1,-80.0,HIGHDIVERSITY_LANAPDB
Druglike_1370,Druglike,O=C(O)C1=C(C#CCO)N(C[C@@H](Cl)C2=C(C(=O)O)C(O)=NO2)C=C1,6/000000085,C14H11N2O7Cl,354.0,0.85,5.75,-8.758,3.9873021438501293,0.5294528664326502,2.25837750514139,4.076161910412336,9.0,6.75,-150.0,DRUGLIKE_LANAPDB
Druglike_1383,Druglike,NCC1=CC(NC(N)=O)=CC(/C=C/CCOC2=CC=CC(Cl)=C2F)=C1,4/000000308,C18H19N3O2FCl,363.0,2.69,5.32,-9.89,2.724797882567403,1.7779780758210768,2.2513879791942397,2.550697829583235,4.41,8.12,0.0,DRUGLIKE_LANAPDB
HighDiv_13,HighDiv,CC(C)=CCCCCC#CC1=CC(C(=O)O)=CC(ON)=C1Br,12/000001211,C17H20NO3Br,366.0,3.34,5.37,-9.743,2.871600703646789,1.6158462685948412,2.2437234861208153,3.0635495110329103,8.15,20.5,-140.0,HIGHDIVERSITY_CONCAT
HighDiv_1204,HighDiv,C#CCC1=C(/C=C\CC2=NON=C2)C=CC(C2=CN=CC(O)=C2)=C1N,1/000000289,C19H16N4O2,332.0,3.16,5.24,-10.079,2.4899133688403836,1.9864332565405223,2.238173312690453,3.61368777463818,5.14,24.6,-160.0,HIGHDIVERSITY_CRAFT
HighDiv_1943,HighDiv,CNC(=O)C1=NC(C2=CC(CCC3=CON=C3)=CC(F)=C2ON)=CN1,27/000000274,C16H16N5O3F,345.0,0.9,5.61,-9.088,3.576254244827847,0.8934222295935869,2.2348382372107167,3.5301823304344975,3.62,3.58,-160.0,HIGHDIVERSITY_MAYBRIDGE
HighDiv_39,HighDiv,C=CC(=O)C1=CC(O)=C(Br)C(C[C@@H](Cl)N2C=NC(CC(=O)O)=N2)=C1,12/000000718,C15H13N3O4ClBr,414.0,2.32,5.18,-10.21,2.313749983545118,2.130918064340773,2.2223340239429454,3.992712206270325,5.99,6.31,-150.0,HIGHDIVERSITY_CONCAT
Druglike_63,Druglike,C/C=C(/C)CC1=CC(C2=CC=C(C(=O)C3=NC(=O)ON3)N2)=CC=C1O,23/000000180,C18H17N3O4,339.0,2.19,4.92,-10.882,1.5503753139323069,2.8720920402321335,2.21123367708222,3.2796285988140053,8.06,4.94,-200.0,DRUGLIKE_CONCAT
Druglike_1721,Druglike,O=C1C=COC(CCC2=CC=C(C3=NNC=C3)C(I)=C2)=C1O,15/000000016,C16H13N2O3I,408.0,3.87,5.25,-10.001,2.5192739330562604,1.9004041343388451,2.209839033697553,3.235334346197746,6.89,22.9,-120.0,DRUGLIKE_MAYBRIDGE
Druglike_15,Druglike,C=CC1=CC=C(C2=CC=C(C(=O)C3=NC(=O)ON3)N2)C=C1I,23/000000470,C15H10N3O3I,407.0,3.35,5.2,-10.131,2.372471111976874,2.0437860046749723,2.208128558325923,3.366353133861695,5.76,3.58,-120.0,DRUGLIKE_CONCAT
Druglike_1368,Druglike,O=C(O)C/C=C(\C1=NNN=C1)C1=CC=CC(Cl)=C1Cl,29/000000012,C12H9N3O2Cl2,297.0,4.21,6.01,-7.958,4.75067681346294,-0.35289710486658893,2.1988898542981756,2.9545229638438215,6.5,3.58,0.0,DRUGLIKE_LANAPDB
HighDiv_1606,HighDiv,C=C(C)CC1=CC2=CC([S@+]([O-])C3=CC(O)=C(I)C=C3O)=CC=C2OC1=O,12/000000191,C19H15O5SI,482.0,2.62,5.07,-10.457,1.9907837771704686,2.4033436179794134,2.197063697574941,3.720202116179336,6.94,23.3,-100.0,HIGHDIVERSITY_LANAPDB
HighDiv_1197,HighDiv,NNCCC(=O)C1=CC(O)=C(O)C(C2=CC(S)=NC=C2)=C1,3/000000175,C14H15N3O3S,305.0,1.04,5.89,-8.247,4.398350042872411,-0.0341481777347387,2.182100932568836,3.10918632600246,3.19,17.5,-180.0,HIGHDIVERSITY_CRAFT
HighDiv_1199,HighDiv,O=C(CO)C1=CC(O)=C(O)C(C2=CC=C(O)C(S)=C2)=C1,3/000000164,C14H12O5S,292.0,1.93,5.75,-8.606,3.9873021438501293,0.36180637188579534,2.174554257867962,2.741938872314515,3.62,15.9,-160.0,HIGHDIVERSITY_CRAFT
Druglike_1720,Druglike,O=C(O)C1=CC(C(=O)C/C=C/[C@@H]2C=CC=CO2)=C(C(=O)O)N1,5/000000150,C15H12NO6,302.0,0.34,5.37,-9.616,2.871600703646789,1.475773210651086,2.1736869571489374,4.16875101827005,6.91,3.84,-150.0,DRUGLIKE_MAYBRIDGE
HighDiv_6,HighDiv,NOC1=C(Br)C(C[C@@H](N)C2=NC=CC=C2)=CC(C(=O)O)=C1,12/000000612,C14H14N3O3Br,352.0,0.9,5.51,-9.239,3.2826486026690715,1.0599657866763201,2.171307194672696,3.15532838896426,5.51,2.64,-150.0,HIGHDIVERSITY_CONCAT
Druglike_4,Druglike,CC(=O)C1=C[C@@H](C(=O)O)NC(/C=C/CNCC2=C(Br)C=NN2)=N1,18/000000048,C14H16N5O3Br,382.0,0.49,5.39,-9.558,2.9303218320785427,1.4118028377318912,2.171062334905217,4.325905103508578,6.63,5.23,-170.0,DRUGLIKE_CONCAT
HighDiv_3,HighDiv,O=NC1=C(Br)C(N2C=NN=C2S)=CC(C(=O)CO)=C1,12/000000088,C10H7N4O3SBr,343.0,2.45,5.92,-8.138,4.4864317355200445,-0.15436836132426018,2.166031687097892,3.555365807429842,5.03,22.6,-120.0,HIGHDIVERSITY_CONCAT
Druglike_24,Druglike,C=C(C(=O)C1=C[C@@H](C(=O)O)C(C(=O)CC2=NNC=N2)=C1)C1=C(F)C=CC(F)=C1,1/000000020,C19H13N3O4F2,385.0,1.78,5.11,-10.293,2.108226034033978,2.2224618738630677,2.165343953948523,4.236621105092512,5.98,4.94,-190.0,DRUGLIKE_CONCAT
Druglike_27,Druglike,O=C(C1=CC=C(C2=CC=C(F)C(I)=C2)N1)C1=NC(=O)ON1,23/000000401,C13H7N3O3FI,399.0,3.0,5.1,-10.319,2.0788654698180986,2.2511382479302946,2.165001858874197,3.149467870758116,5.82,3.58,-120.0,DRUGLIKE_CONCAT
HighDiv_1944,HighDiv,C=CCCC1=CC(F)=C(ON)C(C2=CNC(C(=O)NC)=N2)=C1,27/000000491,C15H17N4O2F,304.0,1.17,5.6,-8.985,3.5468936806119675,0.77981967078881,2.163356675700389,3.4040658540341724,1.43,3.58,-140.0,HIGHDIVERSITY_MAYBRIDGE
Druglike_1079,Druglike,O=C(C1=NC=C(/C=C/C2=CC(Cl)=CC=C2CO)C=N1)C1=NNC(=O)O1,12/000000252,C16H11N4O4Cl,358.0,1.75,4.9,-10.839,1.4916541855005534,2.8246657292748,2.1581599573876766,3.1823181917562735,5.78,4.94,0.0,DRUGLIKE_CRAFT
HighDiv_1593,HighDiv,CC1=CC2=CC([S@+]([O-])C3=CC(O)=C(I)C=C3O)=CC=C2OC1=O,12/000000231,C16H11O5SI,442.0,2.34,5.2,-10.028,2.372471111976874,1.9301834458701956,2.1513272789235347,3.5717175691679177,4.3,20.5,-100.0,HIGHDIVERSITY_LANAPDB
HighDiv_75,HighDiv,NOC1=CC(C(=O)O)=CC(/C=C/C2CC3=C(C=CC=C3)C2)=C1Br,12/000000208,C18H16NO3Br,374.0,3.21,5.04,-10.449,1.9027020845228357,2.39452011826642,2.148611101394628,2.923540719719396,7.7,3.87,-190.0,HIGHDIVERSITY_CONCAT
Druglike_1372,Druglike,O=C(O)CCC1=C([C@H](Cl)CN2C=CC(C(=O)O)=C2C#CCO)ON=C1O,6/000000089,C16H15N2O7Cl,382.0,0.83,5.6,-8.954,3.5468936806119675,0.7456286094009656,2.1462611450064664,4.03090005767446,10.23,8.26,-150.0,DRUGLIKE_LANAPDB
Druglike_1722,Druglike,O=C1C=C[C@@H](/C=C/CC(=O)C2=C(C(=O)O)NC(C(=O)O)=C2)O1,5/000000111,C14H10NO7,304.0,-0.23,5.25,-9.875,2.5192739330562604,1.7614340138592153,2.1403539734577377,3.958257966567655,5.85,3.84,-150.0,DRUGLIKE_MAYBRIDGE
HighDiv_1198,HighDiv,O=[N+]([O-])C/C=C/NC1=C(O)C=C(Br)C(C2=NC=C(I)C=C2)=C1,28/000000013,C14H11N3O3BrI,476.0,3.97,5.87,-8.223,4.339628914440658,-0.06061867687371495,2.1395051187834713,3.320473672445269,5.41,19.8,-160.0,HIGHDIVERSITY_CRAFT
Druglike_45,Druglike,CC#CCC1=CC(C2=CC=C(C(=O)C3=NC(=O)ON3)N2)=CC=C1O,23/000000375,C17H13N3O4,323.0,2.07,4.99,-10.55,1.7558992634434494,2.50591680214295,2.1309080327931995,3.3423389125873033,7.06,5.09,-140.0,DRUGLIKE_CONCAT
Druglike_1375,Druglike,NCC1=CC(NC(N)=O)=CC(/C=C/CCOC2=CC(N)=CC(Cl)=C2)=C1,4/000000281,C18H21N4O2Cl,360.0,1.71,5.54,-9.074,3.3707302953167044,0.8779811050958508,2.1243557002062774,2.6418035438689493,5.31,8.12,0.0,DRUGLIKE_LANAPDB
Druglike_1055,Druglike,NCCC1=CC=C(/C=C/C2=CN=C(C(=O)C3=NNC(=O)O3)N=C2)C=C1Cl,12/000000277,C17H14N5O3Cl,371.0,1.84,5.33,-9.626,2.7541584467832796,1.4868025852923261,2.120480516037803,3.1192833356175065,4.02,6.45,0.0,DRUGLIKE_CRAFT
Druglike_1094,Druglike,O=C(C1=NC=C(/C=C/C2=CC=C(O)C(Cl)=C2)C=N1)C1=NNC(=O)O1,12/000000243,C15H9N4O4Cl,344.0,2.16,4.83,-10.957,1.286130235989411,2.9548123500414385,2.1204712930154246,3.0968588220895654,4.27,3.58,0.0,DRUGLIKE_CRAFT
HighDiv_1594,HighDiv,O=C1OC2=CC=C([S@+]([O-])C3=CC(O)=C(I)C=C3O)C=C2C=C1CF,12/000000218,C16H10O5SFI,460.0,2.44,5.19,-9.996,2.3431105477609973,1.8948894470182258,2.1189999973896114,3.723307203580704,4.32,23.2,-80.0,HIGHDIVERSITY_LANAPDB
Druglike_1096,Druglike,CC1=NC(C(=O)C2=NNC(=O)O2)=NC=C1/C=C/C1=CC(Cl)=CC=C1CN,12/000000269,C17H14N5O3Cl,371.0,2.0,4.83,-10.936,1.286130235989411,2.9316506632948327,2.108890449642122,3.312527276608023,7.14,4.94,-20.0,DRUGLIKE_CRAFT
Druglike_5,Druglike,O=C(O)C1=CN=C(O)N=C1C/C=C/C1=NC(Br)=C(Cl)C=C1,29/000000167,C13H9N3O3ClBr,370.0,2.46,5.37,-9.484,2.871600703646789,1.3301854653867116,2.10089308451675,3.366447864464,7.3,5.21,0.0,DRUGLIKE_CONCAT
Druglike_69,Druglike,CCC#CCNCC1=CC(C2=CC=C(C(=O)C3=NC(=O)ON3)N2)=CC=C1,23/000000205,C19H18N4O3,350.0,2.19,4.89,-10.76,1.462293621284674,2.737533669609,2.099913645446837,3.216190720232891,4.67,4.94,-140.0,DRUGLIKE_CONCAT
Druglike_34,Druglike,C/C=C/C1=CC=C(C2=CC=C(C(=O)C3=NC(=O)ON3)N2)C=C1NC(N)=O,23/000000428,C17H15N5O4,353.0,0.98,5.08,-10.246,2.020144341386345,2.1706238130492386,2.095384077217792,3.223064052161236,5.8,6.45,-140.0,DRUGLIKE_CONCAT
Druglike_1095,Druglike,NC1=CC=C(/C=C/C2=CN=C(C(=O)C3=NNC(=O)O3)N=C2)C=C1Cl,12/000000242,C15H10N5O3Cl,343.0,1.74,4.83,-10.911,1.286130235989411,2.904077226691731,2.095103731340571,3.1248585958452217,4.3,3.58,0.0,DRUGLIKE_CRAFT
HighDiv_1935,HighDiv,CNC(=O)C1=NC(C2=C(ON)C(F)=CC(CCS(=O)(=O)CS)=C2)=CN1,27/000000520,C14H17N4O4S2F,388.0,0.46,5.87,-8.112,4.339628914440658,-0.18304473539148525,2.078292089524586,3.693339923959447,3.83,3.58,-160.0,HIGHDIVERSITY_MAYBRIDGE
Druglike_9,Druglike,C=CC1=C(CCO)C=C(C2=CC=C(C(=O)C3=NC(=O)ON3)N2)C=C1,23/000000404,C17H15N3O4,325.0,1.63,5.28,-9.67,2.6073556257038932,1.535331833713785,2.071343729708839,3.234758369600878,6.06,5.09,-120.0,DRUGLIKE_CONCAT
HighDiv_5,HighDiv,NCCC(=O)C1=CC(=O)C(CCl)=C(C2=NC=CC(Br)=C2O)C1=O,10/000000184,C15H12N2O4ClBr,399.0,0.05,5.54,-8.976,3.3707302953167044,0.769893233611695,2.0703117644641997,3.500358879673586,6.07,24.0,-160.0,HIGHDIVERSITY_CONCAT
HighDiv_1598,HighDiv,CCCC1=CC2=CC([S@+]([O-])C3=CC(O)=C(I)C=C3O)=CC=C2OC1=O,12/000000078,C18H15O5SI,470.0,2.95,5.12,-10.087,2.1375865982498548,1.9952567562535137,2.066421677251684,3.5549529693033595,6.02,21.7,-100.0,HIGHDIVERSITY_LANAPDB
Druglike_17,Druglike,O=C(C1=CC=C(C2=CC=C(CF)C(CCO)=C2)N1)C1=NC(=O)ON1,23/000000421,C16H14N3O4F,331.0,1.44,5.14,-10.03,2.1963077266816082,1.9323893207984424,2.0643485237400254,3.2548475098723717,5.91,5.09,-120.0,DRUGLIKE_CONCAT
HighDiv_32,HighDiv,CC(=O)C1=CC(=O)C(CCl)=C(C2=C(O)C(Br)=C(S)C=N2)C1=O,10/000000121,C14H9NO4SClBr,402.0,1.38,5.2,-9.861,2.372471111976874,1.7459928893614793,2.0592320006691764,3.751121500422831,6.53,24.5,-180.0,HIGHDIVERSITY_CONCAT
Druglike_1105,Druglike,O=C(C1=NC=C(/C=C/C2=CC(O)=CC(Cl)=C2)C=N1)C1=NNC(=O)O1,12/000000251,C15H9N4O4Cl,344.0,2.16,4.8,-10.922,1.198048543341778,2.9162095387970965,2.0571290410694374,3.198951808514905,4.1,3.58,0.0,DRUGLIKE_CRAFT
Druglike_1063,Druglike,CC1=NC(C(=O)C2=NC(O)=NC=C2)=NC=C1/C=C/C1=C(N)C=CC(Cl)=C1,12/000000151,C18H14N5O2Cl,367.0,1.82,5.16,-9.929,2.2550288551133644,1.8209926369219143,2.0380107460176395,3.1709190574299413,6.4,3.58,-20.0,DRUGLIKE_CRAFT
Druglike_13,Druglike,O=C(CC1=CC(C2=CN=CCN2)=CC=C1C(=O)O)C1=CC=C(Br)C=C1O,3/000000259,C19H15N2O4Br,415.0,3.07,5.22,-9.751,2.4311922404086275,1.6246697683078324,2.02793100435823,3.0233038835627113,7.04,5.08,-160.0,DRUGLIKE_CONCAT
Druglike_52,Druglike,NC(=O)NC1=CC(C2=CC=C(C(=O)C3=NC(=O)ON3)N2)=CC=C1Br,23/000000384,C14H10N5O4Br,392.0,0.95,4.96,-10.441,1.6678175707958165,2.3856966185534287,2.0267570946746227,3.059554043944093,6.95,3.58,-120.0,DRUGLIKE_CONCAT
Druglike_1379,Druglike,NC(=O)NC1=CC=C(CCNCC2=C(O)NN=C2)C(CC(=O)O)=C1,4/000000257,C15H19N5O4,333.0,-0.02,5.44,-9.148,3.0771246531579317,0.9595984774410304,2.018361565299481,2.720341874024461,5.18,5.09,0.0,DRUGLIKE_LANAPDB
Druglike_60,Druglike,C=CC1=CC(C2=CC=C(C(=O)C3=NC(=O)ON3)N2)=CC=C1CF,23/000000358,C16H12N3O3F,313.0,2.61,4.93,-10.503,1.5797358781481836,2.454078741329119,2.0169073097386514,3.3715298321454323,6.09,5.09,-120.0,DRUGLIKE_CONCAT
Druglike_1371,Druglike,NCCC1=C([C@H](Cl)CN2C=CC(C(=O)O)=C2C#CCO)ON=C1O,6/000000080,C15H16N3O5Cl,353.0,0.51,5.65,-8.583,3.6936965016913565,0.3364388102109425,2.0150676559511496,4.1733680427415445,8.59,6.75,-150.0,DRUGLIKE_LANAPDB
HighDiv_26,HighDiv,C=CC1=C(O)C=C(N2CCNC2=O)C=C1C#CCCC1=CCCS1,28/000000503,C19H20N2O2S,340.0,2.68,5.22,-9.722,2.4311922404086275,1.5926845818482351,2.0119384111284315,3.6374234394415232,5.01,24.5,-120.0,HIGHDIVERSITY_CONCAT
HighDiv_1607,HighDiv,O=C(CCC1=CN=CC=C1)NCC1=CC(C2=CC=C(O)C([N+](=O)[O-])=C2)=CN1,25/000000022,C19H18N4O4,366.0,2.02,5.07,-10.117,1.9907837771704686,2.0283448801772366,2.0095643286738527,2.54197751028957,3.1,4.94,-160.0,HIGHDIVERSITY_LANAPDB
HighDiv_1603,HighDiv,O=C1C=CC2=CC([S@+]([O-])C3=CC(O)=C(I)C=C3O)=CC(O)=C2O1,12/000000222,C15H9O6SI,444.0,1.79,5.1,-10.014,2.0788654698180986,1.9147423213724577,1.9968038955952783,3.715262624112972,4.8,21.1,-80.0,HIGHDIVERSITY_LANAPDB
Druglike_1056,Druglike,CC1=NC(C(=O)C2=CC(CN)=NO2)=NC=C1/C=C/C1=CC=C(CN)C(Cl)=C1,12/000000207,C19H19N5O2Cl,384.0,1.42,5.31,-9.451,2.6954373183515234,1.2937885290706186,1.994612923711071,3.490191346453406,4.41,4.94,-20.0,DRUGLIKE_CRAFT
Druglike_176,Druglike,NC1=C(C#CC2=CC(F)=CC=C2C(=O)O)C=C(C2=COCC=C2)N=C1,18/000000002,C19H13N2O3F,336.0,3.12,4.61,-11.297,0.6401978232401094,3.3298110878436153,1.9850044555418624,3.3266965232839016,6.09,24.5,-174.0,DRUGLIKE_CONCAT
HighDiv_1212,HighDiv,C#CCC1=C(/C=C\CC2=NC=NC=N2)C=CC(C2=CN=CC(O)=C2)=C1N,1/000000280,C20H17N5O,343.0,1.12,4.97,-10.332,1.6971781350116932,2.265476434963907,1.9813272849878003,3.374906412540583,5.03,20.4,-160.0,HIGHDIVERSITY_CRAFT
HighDiv_1208,HighDiv,CCC1=NC=C(O)C(O)=C1C#CC(=O)NC1=CC=CC=C1F,1/000000547,C16H13N2O3F,300.0,2.32,5.07,-10.06,1.9907837771704686,1.9654774447221652,1.9781306109463168,2.8184234832901627,7.76,20.3,-20.0,HIGHDIVERSITY_CRAFT
Druglike_37,Druglike,O=C(O)C1=CN=C(O)N=C1CCCC1=CC=C2N=CC=CC2=C1,29/000000220,C17H15N3O3,309.0,2.14,5.06,-10.085,1.9614232129545892,1.9930508813252668,1.977237047139928,2.5559383743724347,8.25,5.21,-80.0,DRUGLIKE_CONCAT
HighDiv_1939,HighDiv,NOC1=C(F)C=C(CCS(=O)(=O)CS)C=C1C1=CNC(C(=O)NC(N)N)=N1,27/000000462,C14H17N6O4S2F,416.0,-0.22,5.7,-8.35,3.840499322770743,0.07945438107003822,1.9599768519203906,3.866337763734755,4.36,4.94,-180.0,HIGHDIVERSITY_MAYBRIDGE
HighDiv_7,HighDiv,C[C@@](O)(C#CCCC1=CC(C(=O)N=O)=CC(O)=C1Br)CO,12/000000752,C14H14NO5Br,356.0,1.31,5.45,-9.015,3.1064852173738084,0.8129077947125327,1.9596965060431706,3.9617755375053743,5.9,5.21,-200.0,HIGHDIVERSITY_CONCAT
HighDiv_1599,HighDiv,O=C1OC2=CC=C([S@+]([O-])C3=CC(O)=C(I)C=C3O)C=C2C=C1CO,12/000000176,C16H11O6SI,458.0,1.3,5.11,-9.919,2.108226034033978,1.809963262280674,1.959094648157326,3.631116993790495,4.36,21.7,-80.0,HIGHDIVERSITY_LANAPDB
Druglike_85,Druglike,CC1=CC=C(C2=CC=C(C(=O)C3=NC(=O)ON3)N2)C=C1NC(N)=O,23/000000517,C15H13N5O4,327.0,0.37,4.8,-10.735,1.198048543341778,2.709960233005898,1.9540043881738378,2.9311588659877224,6.68,5.09,-140.0,DRUGLIKE_CONCAT
Druglike_32,Druglike,O=C(C1=CC=C(C2=C(F)C(CCO)=CC=C2)N1)C1=NC(=O)ON1,23/000000451,C15H12N3O4F,317.0,1.28,5.09,-9.929,2.049504905602222,1.8209926369219143,1.935248771262068,3.112934802559633,6.36,5.09,-120.0,DRUGLIKE_CONCAT
HighDiv_24,HighDiv,N[C@@H](C#CCCC1=C(Br)C(O)=CC(C(=O)N=O)=C1)C1=NN=CO1,12/000000801,C14H12N4O4Br,380.0,2.24,5.24,-9.529,2.4899133688403836,1.379817651272294,1.9348655100563388,4.473546209277808,4.34,7.99,-150.0,HIGHDIVERSITY_CONCAT
HighDiv_19,HighDiv,O=C1NCCN1C1=CC(O)=C(I)C(C#CCCC2=CCCS2)=C1,28/000000522,C17H17N2O2SI,440.0,3.23,5.3,-9.342,2.6660767541356467,1.173568345481097,1.9198225498083719,3.623298514232575,4.88,24.0,-120.0,HIGHDIVERSITY_CONCAT
Druglike_1101,Druglike,NC1=C(/C=C/C2=CN=C(C(=O)C3=NNC(=O)O3)N=C2)C=C(Cl)C=C1,12/000000236,C15H10N5O3Cl,343.0,1.74,4.81,-10.637,1.2274091075576548,2.601872361521742,1.9146407345396983,3.1625547496913757,4.74,3.58,0.0,DRUGLIKE_CRAFT
HighDiv_1608,HighDiv,C=CC[C@H]1NCC2=CC=C([S@+]([O-])C3=CC(O)=C(I)C=C3O)C=C21,12/000000316,C17H16NO3SI,441.0,2.52,5.07,-9.943,1.9907837771704686,1.8364337614196504,1.9136087692950596,4.231163673739519,3.91,19.1,-190.0,HIGHDIVERSITY_LANAPDB
HighDiv_29,HighDiv,O=NC1=CC(C(=O)[C@H]2C=CC(=O)N2)=CC(CO)=C1Br,12/000000427,C12H9N2O4Br,325.0,0.49,5.21,-9.56,2.4018316761927507,1.41400871266014,1.9079201944264454,4.037280120952751,3.93,2.48,-170.0,HIGHDIVERSITY_CONCAT
Druglike_67,Druglike,C=CCOCC1=CC(C2=CC=C(C(=O)C3=NC(=O)ON3)N2)=CC=C1C,23/000000431,C18H17N3O4,339.0,2.32,4.9,-10.377,1.4916541855005534,2.3151086208494895,1.9033814031750214,3.113768029242731,5.69,4.94,-140.0,DRUGLIKE_CONCAT
HighDiv_94,HighDiv,O=C(O)CC1=NNC(C2=NC(/C=C/C3=CN=CC=C3)=CC(O)=C2I)=N1,4/000000273,C16H12N5O3I,449.0,2.19,4.98,-10.152,1.7265386992275726,2.0669476914215763,1.8967431953245746,3.246108007574259,5.0,24.2,-180.0,HIGHDIVERSITY_CONCAT
HighDiv_1945,HighDiv,NOC1=C(C2=CNC(CC(=O)O)=N2)C=C(CCS(=O)(=O)CI)C=C1F,27/000000443,C14H15N3O5SFI,483.0,1.11,5.56,-8.608,3.429451423748458,0.3640122468140442,1.896731835281251,3.6216921864028864,4.98,3.58,-180.0,HIGHDIVERSITY_MAYBRIDGE
Druglike_1377,Druglike,CCCCCC1=NON=C1[C@H](Cl)CN1C=CC(C(=O)O)=C1C#CCO,6/000000092,C17H20N3O4Cl,365.0,3.14,5.47,-8.846,3.165206345805562,0.6265113632755677,1.8958588545405648,3.9122949664366606,7.33,8.4,-170.0,DRUGLIKE_LANAPDB
Druglike_42,Druglike,O=C(C1=CC=C(C2=CC(CNCC#CCO)=C(Br)C=C2)N1)C1=NC(=O)ON1,23/000000392,C18H15N4O4Br,431.0,1.7,5.03,-10.016,1.873341520306959,1.9169481963007065,1.8951448583038326,3.3598248629369225,5.6,4.94,-120.0,DRUGLIKE_CONCAT
HighDiv_1213,HighDiv,C#CCC1=C(/C=C\CN2C=NCC2=O)C=CC(C2=CN=CC(O)=C2)=C1N,1/000000246,C20H18N4O2,346.0,0.9,4.96,-10.194,1.6678175707958165,2.1132710649147883,1.8905443178553023,3.637054645388817,6.03,23.7,-160.0,HIGHDIVERSITY_CRAFT
Druglike_29,Druglike,C=C(C(=O)C1=C[C@@H](C(=O)O)C(C(=O)CNCC(=O)O)=C1)C1=C(F)C=CC(F)=C1,1/000000017,C19H15NO6F2,391.0,0.68,5.09,-9.845,2.049504905602222,1.7283458899354944,1.8889253977688583,3.7759943078897145,5.58,6.45,-150.0,DRUGLIKE_CONCAT
Druglike_57,Druglike,O=C(C1=CC=C(C2=CC=C(CF)C(C(=O)O)=C2)N1)C1=NC(=O)ON1,23/000000357,C15H10N3O5F,331.0,1.71,4.94,-10.223,1.609096442364063,2.1452562513743856,1.8771763468692244,3.136115008352819,5.51,5.09,-120.0,DRUGLIKE_CONCAT
HighDiv_10,HighDiv,N[C@@]1(C#CCCC2=C(Br)C(O)=CC(C(=O)N=O)=C2)CCN=CS1,12/000000807,C15H15N3O3SBr,397.0,2.1,5.4,-8.998,2.959682396294422,0.7941578578224224,1.8769201270584221,4.816426738123962,7.89,7.99,-150.0,HIGHDIVERSITY_CONCAT
Druglike_1114,Druglike,CC1=NC(C(=O)C2=NNC(=O)O2)=NC=C1/C=C/C1=CC=C(O)C(Cl)=C1,12/000000262,C16H11N4O4Cl,358.0,2.47,4.75,-10.728,1.0512457222623917,2.70223967075703,1.876742696509711,3.2156059614513675,5.18,3.58,-20.0,DRUGLIKE_CRAFT
Druglike_1097,Druglike,O=C(C1=NC=C(/C=C/C2=CC(Cl)=CC=C2O)C=N1)C1=NNC(=O)O1,12/000000250,C15H9N4O4Cl,344.0,2.16,4.82,-10.538,1.2567696717735342,2.492681552573461,1.8747256121734974,3.1196988673384345,3.99,3.58,0.0,DRUGLIKE_CRAFT
Druglike_1733,Druglike,O=C(OCC1=C(C2=CC=CC=C2)C(O)=NC=C1)C1=CN=C(C(=O)O)N1,5/000000007,C17H13N3O5,339.0,2.26,4.84,-10.479,1.3154908002052876,2.427608242190141,1.8715495211977142,2.7530113661874775,4.16,23.2,-160.0,DRUGLIKE_MAYBRIDGE
HighDiv_1949,HighDiv,C=CCNCC1=NC(C2=C(ON)C(F)=CC(CC(=O)C=C)=C2)=CN1,27/000000407,C17H19N4O2F,330.0,1.0,5.48,-8.775,3.1945669100214413,0.5482028033227604,1.8713848566721007,3.580002034759249,0.95,3.58,-180.0,HIGHDIVERSITY_MAYBRIDGE
HighDiv_121,HighDiv,O=C(O)CC1=NNC(C2=NC(/C=C/C3=CN=CC=C3)=CC=C2I)=N1,4/000000055,C16H12N5O2I,433.0,2.59,4.93,-10.239,1.5797358781481836,2.1629032508003707,1.8713195644742773,3.0507960146923585,4.34,23.0,-180.0,HIGHDIVERSITY_CONCAT
HighDiv_1617,HighDiv,NC(=O)C1=CC2=CC([S@+]([O-])C3=CC(O)=C(I)C=C3O)=CC=C2OC1=O,12/000000151,C16H10NO6SI,471.0,1.0,4.95,-10.179,1.6384570065799398,2.096727002952927,1.8675920047664332,3.5193047595846885,4.21,24.1,-80.0,HIGHDIVERSITY_LANAPDB
Druglike_1396,Druglike,C/C=C(/C(=O)C1=CC=C(NC(N)=O)C(Cl)=C1)C1=NC=C(C2=CN=CC=C2)O1,2/000000007,C19H15N4O3Cl,382.0,1.86,4.95,-10.176,1.6384570065799398,2.0934181905605547,1.8659375985702473,2.7676917513117054,7.45,5.08,-140.0,DRUGLIKE_LANAPDB
HighDiv_1240,HighDiv,OC1=CN=CC(C2=NN=C(CCC3=CC=C4CCCC4=C3)S2)=C1CS,1/000000241,C19H19N3OS2,369.0,3.74,4.75,-10.702,1.0512457222623917,2.673563296689805,1.8624045094760984,2.9404284753758,7.98,23.6,-120.0,HIGHDIVERSITY_CRAFT
Druglike_1107,Druglike,NC1=CC(/C=C/C2=CN=C(C(=O)C3=NNC(=O)O3)N=C2)=CC(Cl)=C1,12/000000254,C15H10N5O3Cl,343.0,1.74,4.78,-10.597,1.1393274149100245,2.557754862956779,1.8485411389334017,3.234222849238887,4.02,3.58,0.0,DRUGLIKE_CRAFT
HighDiv_1611,HighDiv,O=C1OC2=CC=C([S@+]([O-])C3=CC(O)=C(I)C=C3O)C=C2C=C1CCl,12/000000335,C16H10O5SClI,476.0,2.58,5.0,-10.003,1.7852598276593261,1.902610009267094,1.84393491846321,3.6749148958883975,5.02,22.2,-80.0,HIGHDIVERSITY_LANAPDB
HighDiv_9,HighDiv,CN(CC#CCCC1=CC(C(=O)N=O)=CC(O)=C1Br)CCS,12/000000805,C15H17N2O3SBr,385.0,3.04,5.44,-8.819,3.0771246531579317,0.5967320517442192,1.8369283524510753,3.5452225879559887,5.52,5.21,-80.0,HIGHDIVERSITY_CONCAT
Druglike_1124,Druglike,CC1=NC(C(=O)C2=NNC(=O)O2)=NC=C1/C=C/C1=C(N)C=CC(Cl)=C1,12/000000276,C16H12N5O3Cl,357.0,2.06,4.71,-10.756,0.9338034653988821,2.733121919752504,1.8334626925756932,3.279424862550269,6.34,3.58,-20.0,DRUGLIKE_CRAFT
HighDiv_1596,HighDiv,NC1=NC2=CC=C([S@+]([O-])C3=CC(O)=C(I)C=C3O)C=C2C=C1,12/000000065,C15H11N2O3SI,426.0,2.46,5.15,-9.569,2.2256682908974876,1.4239351498372568,1.8248017203673723,3.48092630200271,3.81,17.3,-80.0,HIGHDIVERSITY_LANAPDB
Druglike_75,Druglike,COC(=O)CC1=CC(C2=CC=C(C(=O)C3=NC(=O)ON3)N2)=CC=C1C,23/000000446,C17H15N3O5,341.0,1.75,4.86,-10.338,1.3742119286370438,2.2720940597486496,1.8231529941928466,2.9392387087041154,6.96,3.58,-200.0,DRUGLIKE_CONCAT
Druglike_118,Druglike,NCC1=CC=CC=C1C#CC1=CC(C2=CNN=C2CF)=CC=C1,3/000000262,C19H16N3F,305.0,4.62,4.73,-10.682,0.9925245938306382,2.6515045474073244,1.8220145706189812,2.940481449208047,4.84,22.1,-120.0,DRUGLIKE_CONCAT
HighDiv_82,HighDiv,C=C(C#CCCC1=CC(C(=O)N=O)=CC(O)=C1Br)C(=O)NO,12/000000341,C14H11N2O5Br,367.0,2.02,5.02,-9.9,1.8439809560910796,1.789007450462317,1.8164942032766982,3.655445912597448,4.6,6.72,-60.0,HIGHDIVERSITY_CONCAT
Druglike_39,Druglike,NC(=O)NC1=CC(C2=CC=C(C(=O)C3=NC(=O)ON3)N2)=CC=C1I,23/000000475,C14H10N5O4I,439.0,1.22,5.04,-9.837,1.9027020845228357,1.7195223902225012,1.8111122373726685,3.1729643768947255,6.65,3.58,-120.0,DRUGLIKE_CONCAT
HighDiv_155,HighDiv,CC1=C(C#CCCN2C=NCNC2)C=C(N2CCNC2=O)C=C1O,28/000000471,C17H21N5O2,327.0,1.36,4.86,-10.314,1.3742119286370438,2.2456235606096735,1.8099177446233585,3.750735145127142,2.6,23.7,-140.0,HIGHDIVERSITY_CONCAT
Druglike_1153,Druglike,O=C(C1=NNC(O)=C1)C1=NC=C(/C=C/C2=CC=CC(Cl)=C2)C=N1,12/000000027,C16H11N4O2Cl,326.0,2.98,4.56,-11.111,0.49339500216072046,3.1246647195165425,1.8090298608386315,3.0119698429039037,3.37,3.58,0.0,DRUGLIKE_CRAFT
Druglike_30,Druglike,O=C(CNC/C=C/C1=C(F)C=CC(F)=C1)CC1=CC=C(CO)C=C1,16/000000020,C19H19NO2F2,331.0,2.82,5.09,-9.684,2.049504905602222,1.5507729582115208,1.8001389319068712,2.439087102632552,4.94,5.09,0.0,DRUGLIKE_CONCAT
HighDiv_1616,HighDiv,[O-][S@@+](C1=CC=CC(C2=NN=CO2)=C1)C1=CC(O)=C(I)C=C1O,12/000000195,C14H9N2O4SI,428.0,3.31,4.96,-10.023,1.6678175707958165,1.9246687585495745,1.7962431646726955,3.6210142692971816,3.93,22.1,-120.0,HIGHDIVERSITY_LANAPDB
HighDiv_1200,HighDiv,C#CCC1=C(/C=C\C)C=CC(C2=CN=CC(O)=C2C(=O)O)=C1N,1/000000285,C18H16N2O3,308.0,2.24,5.59,-8.335,3.517533116396091,0.06291031910817879,1.790221717752135,3.2663793334133953,8.39,19.8,-180.0,HIGHDIVERSITY_CRAFT
HighDiv_1953,HighDiv,C=C/C=C\C1=CC(F)=C(ON)C(C2=CNC(C(=O)O)=N2)=C1,27/000000528,C14H11N3O3F,288.0,0.9,5.35,-8.971,2.812879575215033,0.7643785462910739,1.7886290607530535,3.561640437408297,4.32,23.7,-120.0,HIGHDIVERSITY_MAYBRIDGE
HighDiv_119,HighDiv,O=NC(=O)C1=CC(CCC#C[C@@H]2CN=CNC2)=C(Br)C(O)=C1,12/000000305,C15H14N3O3Br,364.0,2.07,4.93,-10.078,1.5797358781481836,1.985330319076397,1.7825330986122903,4.348285733317034,5.71,4.16,-150.0,HIGHDIVERSITY_CONCAT
HighDiv_1950,HighDiv,CCC1=CC(F)=C(ON)C(C2=CNC(C(=O)NC)=N2)=C1,27/000000150,C13H15N4O2F,278.0,0.82,5.41,-8.79,2.989042960510299,0.5647468652846198,1.7768949128974594,3.2876279632236045,1.84,3.58,-200.0,HIGHDIVERSITY_MAYBRIDGE
Druglike_188,Druglike,O=C(CC1=CC=CC(C2=CN=CCN2)=C1)C1=CC=C(Br)C=C1O,3/000000113,C18H15N2O2Br,371.0,3.46,4.6,-10.938,0.61083725902423,2.9338565382230817,1.772346898623656,2.88694326947733,3.71,4.94,-160.0,DRUGLIKE_CONCAT
Druglike_54,Druglike,O=C(C1=CC=C(C2=CC=CC(I)=C2)N1)C1=NC(=O)ON1,23/000000057,C13H8N3O3I,381.0,2.84,4.95,-10.004,1.6384570065799398,1.9037129467312173,1.7710849766555785,3.044442111180911,5.8,3.58,-120.0,DRUGLIKE_CONCAT
HighDiv_73,HighDiv,CCCCCCC#CC1=C(C)C(O)=CC(N2CCNC2=O)=C1,28/000000398,C18H24N2O2,300.0,3.24,5.05,-9.734,1.9320626487387125,1.6059198314177243,1.7689912400782184,2.7937186425465583,1.29,19.0,-200.0,HIGHDIVERSITY_CONCAT
Druglike_1380,Druglike,CCCCC1=NON=C1[C@H](Cl)CN1C=CC(C(=O)O)=C1C#CCO,6/000000076,C16H18N3O4Cl,351.0,2.78,5.39,-8.824,2.9303218320785427,0.6022467390648383,1.7662842855716905,3.95964310797482,8.67,6.72,-170.0,DRUGLIKE_LANAPDB
Druglike_65,Druglike,CCOC1=CC(C2=CC=C(C(=O)C3=NC(=O)ON3)N2)=CC=C1F,23/000000468,C15H12N3O4F,317.0,2.27,4.9,-10.115,1.4916541855005534,2.0261390052489876,1.7588965953747704,2.89063586764839,6.08,5.09,-140.0,DRUGLIKE_CONCAT
Druglike_1120,Druglike,CC1=NC(C(=O)C2=CNC=C2)=NC=C1/C=C/C1=CC=C(CO)C(Cl)=C1,12/000000092,C19H16N3O2Cl,353.0,2.42,4.72,-10.564,0.9631640296147589,2.521357926640686,1.7422609781277225,3.0282729046490164,6.56,4.94,-20.0,DRUGLIKE_CRAFT
HighDiv_1206,HighDiv,C=C(C1=CC=C(C2=C(O)C(O)=CN=C2)C=C1)C1=CNC(=S)S1,1/000000076,C16H12N2O2S2,328.0,2.93,5.13,-9.467,2.1669471624657315,1.3114355284966035,1.7391913454811676,3.259297798874102,3.5,21.2,-160.0,HIGHDIVERSITY_CRAFT
Druglike_48,Druglike,O=C(C1=CC=C(C2=CC=CC(OCCCCCl)=C2)N1)C1=NC(=O)ON1,23/000000487,C17H16N3O4Cl,361.0,3.17,4.97,-9.891,1.6971781350116932,1.7790810132852002,1.7381295741484468,2.901633928484335,6.19,4.94,-120.0,DRUGLIKE_CONCAT
Druglike_93,Druglike,C=CC(=O)CC1=CC(C2=CC=C(C(=O)C3=NC(=O)ON3)N2)=CC=C1O,23/000000372,C17H13N3O5,339.0,1.31,4.79,-10.364,1.1686879791259013,2.300770433815877,1.734729206470889,3.2515268405722466,7.04,4.94,-120.0,DRUGLIKE_CONCAT
HighDiv_133,HighDiv,O=NC(=O)C1=CC(CONC(=O)C2=NNC=C2Br)=C(Br)C(O)=C1,12/000000747,C12H8N4O5Br2,448.0,2.65,4.9,-10.065,1.4916541855005534,1.9709921320427843,1.7313231587716689,3.5818782345122955,7.25,4.16,0.0,HIGHDIVERSITY_CONCAT
Druglike_66,Druglike,C=CC1=CC=C(C2=CC=C(C(=O)C3=NC(=O)ON3)N2)C=C1N(C)C(N)=O,23/000000440,C17H15N5O4,353.0,0.8,4.9,-10.051,1.4916541855005534,1.9555510075450484,1.723602596522801,3.415464104848277,7.63,6.45,-140.0,DRUGLIKE_CONCAT
Druglike_1373,Druglike,O=C(O)C1=C(C#CCO)N(C[C@@H](Cl)C2=CC(O)=NO2)C=C1,6/000000064,C13H11N2O5Cl,310.0,1.31,5.56,-8.291,3.429451423748458,0.014381070686720045,1.721916247217589,4.138727593208292,9.12,3.85,-150.0,DRUGLIKE_LANAPDB
HighDiv_59,HighDiv,CC/C(N)=C/C1=CN=C(C2=C(CCl)C(=O)C=C(CN)C2=O)C=C1Br,10/000000153,C17H17N3O2ClBr,410.0,0.94,5.09,-9.534,2.049504905602222,1.385332338592915,1.7174186220975685,3.776515170853924,8.38,24.2,-180.0,HIGHDIVERSITY_CONCAT
Druglike_55,Druglike,C/C(=C\C1=CC=C(CO)C=C1)CCC1=CC(N2C=NOC2)=CN=C1O,11/000000002,C19H21N3O3,339.0,3.39,4.95,-9.891,1.6384570065799398,1.7790810132852002,1.70876900993257,3.442578159253565,4.9,19.1,-140.0,DRUGLIKE_CONCAT
HighDiv_1942,HighDiv,NC[C@H](Cl)C1=NN=C(/C=C/C2=C(S)C(O)=CN=C2I)N1,30/000000201,C11H12N5OSClI,424.0,2.72,5.64,-8.049,3.664335937475477,-0.2525297956313011,1.705903070922088,5.048572992184922,8.37,23.0,-150.0,HIGHDIVERSITY_MAYBRIDGE
Druglike_59,Druglike,O=C(C1=CC=C(C2=CC=C(O)C(I)=C2)N1)C1=NC(=O)ON1,23/000000396,C13H8N3O4I,397.0,2.43,4.93,-9.936,1.5797358781481836,1.8287131991707823,1.704224538659483,3.1716240637176982,5.95,3.58,-120.0,DRUGLIKE_CONCAT
HighDiv_1990,HighDiv,C=C(/C=C/C1=NOC=C1)C1=NC(C2=CC=CC(F)=C2ON)=CN1,27/000000468,C16H13N4O2F,312.0,2.22,4.8,-10.28,1.198048543341778,2.208123686829455,1.7030861150856165,3.731864947799009,1.62,3.58,-180.0,HIGHDIVERSITY_MAYBRIDGE
HighDiv_36,HighDiv,O=NC(=O)C1=CC(C[C@@H](Cl)C2=NNN=N2)=C(Br)C(O)=C1,12/000000266,C10H7N5O3ClBr,360.0,2.63,5.19,-9.236,2.3431105477609973,1.056656974283948,1.6998837610224726,3.874607957219887,4.97,3.85,-150.0,HIGHDIVERSITY_CONCAT
Druglike_1069,Druglike,NC[C@H]1C=C(C(=O)C2=NC=C(/C=C/C3=CC(Cl)=CC=C3Br)C=N2)CN1,12/000000097,C18H17N4OClBr,420.0,2.11,5.0,-9.728,1.7852598276593261,1.5993022066329796,1.6922810171461529,4.168176625622545,3.62,3.58,-170.0,DRUGLIKE_CRAFT
HighDiv_1954,HighDiv,CC[C@H](Cl)C1=NN=C(/C=C/C2=C(S)C([N+](=O)[O-])=CN=C2I)N1,30/000000163,C12H11N5O2SClI,451.0,4.57,5.34,-8.8,2.7835190109991563,0.575776239925862,1.6796476254625092,4.425099505029193,10.02,3.84,-170.0,HIGHDIVERSITY_MAYBRIDGE
HighDiv_1602,HighDiv,C=C1CC2=CC([S@+]([O-])C3=CC(O)=C(I)C=C3O)=CC=C2N1,12/000000055,C15H12NO3SI,413.0,2.67,5.1,-9.429,2.0788654698180986,1.2695239048598892,1.674194687338994,3.9332411210597504,3.88,17.9,-40.0,HIGHDIVERSITY_LANAPDB
Druglike_8,Druglike,O=C(O)C1=CN=C(O)N=C1[C@@H](O)/C=C/C1=NC(Cl)=CN1,29/000000176,C11H9N4O4Cl,296.0,0.02,5.3,-8.888,2.6660767541356467,0.6728347367687776,1.669455745452212,4.315200125052055,7.31,5.24,-150.0,DRUGLIKE_CONCAT
Druglike_1497,Druglike,CCC1=CC(=O)C2=CC=C(NC3=CC=CC4=C3OC=N4)C=C2N1,25/000000005,C18H15N3O2,305.0,2.67,4.32,-11.495,-0.2112585390203346,3.548192705740176,1.6684670833599207,2.673139084110458,6.42,19.8,-100.0,DRUGLIKE_LANAPDB
Druglike_50,Druglike,COC(=O)C1=CC(CC(=O)CNC/C=C/C2=CC(F)=CC=C2F)=CC(O)=C1,16/000000052,C20H19NO4F2,375.0,3.16,4.96,-9.772,1.6678175707958165,1.6478314550544384,1.6578245129251274,2.6486078079918673,5.08,5.08,-80.0,DRUGLIKE_CONCAT
HighDiv_17,HighDiv,CC[C@H](C#CC1=CC(C(=O)O)=CC(ON)=C1Br)N=O,12/000001433,C12H11N2O4Br,327.0,1.79,5.31,-8.84,2.6954373183515234,0.6198937384908231,1.6576655284211732,4.080628032543423,5.57,20.7,-170.0,HIGHDIVERSITY_CONCAT
HighDiv_1947,HighDiv,CCCCNCC1=CC(F)=C(ON)C(C2=CNC(C(=O)NC)=N2)=C1,27/000000175,C16H22N5O2F,335.0,0.99,5.5,-8.334,3.253288038453195,0.061807381644053395,1.657547710048624,3.173427293083016,3.61,5.09,-200.0,HIGHDIVERSITY_MAYBRIDGE
Druglike_245,Druglike,OC1=CC=C(F)C=C1C#CC1=CN=CC(C2=CCC=CN2)=C1,3/000000048,C18H13N2OF,292.0,4.35,4.5,-10.995,0.3172316168654573,2.996723973678151,1.656977795271804,3.1901022033406026,2.63,20.5,-160.0,DRUGLIKE_CONCAT
HighDiv_161,HighDiv,CC1=C(CCC#CC2=CC(N3CCNC3=O)=CC(O)=C2)SCC1,28/000000472,C18H20N2O2S,328.0,2.02,4.86,-10.034,1.3742119286370438,1.9368010706549401,1.655506499645992,3.408913898847959,2.66,22.9,-140.0,HIGHDIVERSITY_CONCAT
Druglike_1723,Druglike,O=C(O)C1=CC(C(=O)C/C=C/[C@H]2CCNC2)=C(C(=O)O)N1,5/000000103,C14H16N2O5,292.0,-0.4,5.19,-9.152,2.3431105477609973,0.9640102272975262,1.6535603875292617,4.594712473844897,7.55,3.84,-150.0,DRUGLIKE_MAYBRIDGE
Druglike_47,Druglike,O=C(O)C1=CN=C(O)N=C1[C@@H](O)C1=CN=C2NC=CC2=C1,29/000000228,C13H10N4O4,286.0,0.15,4.98,-9.706,1.7265386992275726,1.5750375824222502,1.6507881408249114,3.5526108373749956,6.88,18.0,-190.0,DRUGLIKE_CONCAT
HighDiv_49,HighDiv,NCNCCC1=CC=C(C2=CC(=O)C=C(CN)C2=O)C=C1,10/000000090,C16H19N3O2,285.0,-0.3,5.12,-9.323,2.1375865982498548,1.15261253366274,1.6450995659562975,2.829478561762027,4.21,3.58,-160.0,HIGHDIVERSITY_CONCAT
Druglike_23,Druglike,O=C(CO)C1=C(Cl)N=CC(C#CCCC2=CC(O)=NC=C2)=N1,19/000000037,C15H12N3O3Cl,317.0,0.86,5.11,-9.347,2.108226034033978,1.1790830328017163,1.6436545334178472,3.3693568559460623,7.18,19.7,0.0,DRUGLIKE_CONCAT
Druglike_78,Druglike,C=CCCOC1=CC(C2=CC=C(C(=O)C3=NC(=O)ON3)N2)=CC=C1,23/000000193,C17H15N3O4,325.0,2.46,4.83,-10.074,1.286130235989411,1.9809185692199012,1.633524402604656,2.9733197605117585,6.0,5.09,-120.0,DRUGLIKE_CONCAT
Druglike_21,Druglike,O=C(O)C1=CC(CO)=C(C(=O)C2=CC=C[C@@H](CC#CCO)O2)N1,4/000000019,C16H15NO6,317.0,-0.14,5.12,-9.296,2.1375865982498548,1.1228332221313895,1.6302099101906222,4.217253901585501,4.95,4.94,-150.0,DRUGLIKE_CONCAT
Druglike_105,Druglike,CCC(=O)CC1=CC(C2=CC=C(C(=O)C3=NC(=O)ON3)N2)=CC=C1O,23/000000509,C17H15N3O5,341.0,1.31,4.75,-10.278,1.0512457222623917,2.205917811901208,1.6285817670818,3.1180776098030165,6.89,4.94,-140.0,DRUGLIKE_CONCAT
HighDiv_1610,HighDiv,O=C1OCC2=CC([S@+]([O-])C3=CC(O)=C(I)C=C3O)=CC=C12,12/000000058,C14H9O5SI,416.0,2.07,5.0,-9.606,1.7852598276593261,1.4647438360098457,1.6250018318345858,3.6317100865769927,3.88,18.3,-40.0,HIGHDIVERSITY_LANAPDB
Druglike_1115,Druglike,O=C(C1=CNC=C1)C1=NC=C(/C=C/C2=CC=C(CO)C(Cl)=C2)C=N1,12/000000133,C18H14N3O2Cl,339.0,2.11,4.75,-10.268,1.0512457222623917,2.194888437259968,1.6230670797611797,2.9053913324181124,4.05,4.94,0.0,DRUGLIKE_CRAFT
Druglike_77,Druglike,CCOC(=O)CC1=CC(C2=CC=C(C(=O)C3=NC(=O)ON3)N2)=CC=C1,23/000000417,C17H15N3O5,341.0,1.94,4.84,-10.023,1.3154908002052876,1.9246687585495745,1.620079779377431,2.8281530779967934,4.86,3.58,-140.0,DRUGLIKE_CONCAT
Druglike_1407,Druglike,O=C(O)[C@@H](C#CC1=CC2=C(C=CC=C2)O1)C1=CNC(=O)N1,20/000000107,C15H10N2O4,282.0,1.24,4.87,-9.94,1.4035724928529205,1.833124949027278,1.6183487209400993,3.647519768274605,3.22,23.0,-190.0,DRUGLIKE_LANAPDB
HighDiv_1966,HighDiv,C#CCC1=CC(C2=CNC(C(=O)NC)=N2)=C(ON)C(F)=C1,27/000000123,C14H13N4O2F,288.0,0.65,5.11,-9.298,2.108226034033978,1.1250390970596384,1.6166325655468081,3.617020278257103,2.87,3.58,-160.0,HIGHDIVERSITY_MAYBRIDGE
HighDiv_1951,HighDiv,CNC(=O)C1=NC(C2=C(ON)C(F)=CC(CCCC(=O)O)=C2)=CN1,27/000000298,C15H17N4O4F,336.0,0.29,5.4,-8.523,2.959682396294422,0.27026256236349894,1.6149724793289606,3.179502034759248,3.11,3.58,-140.0,HIGHDIVERSITY_MAYBRIDGE
HighDiv_1659,HighDiv,NC(=O)NC1=C(Cl)C(C[C@@H](O)C2=CC(F)=C(O)C([N+](=O)[O-])=C2)=CC=C1,11/000000014,C15H13N3O5FCl,369.0,1.83,4.64,-10.535,0.7282795158877396,2.489372740181089,1.6088261280344143,3.099932263467987,3.63,4.94,-170.0,HIGHDIVERSITY_LANAPDB
HighDiv_102,HighDiv,OC/C=C\C1=CC(CCC2=C(F)C(O)=CC=C2F)=CC=C1CO,3/000000321,C18H18O3F2,320.0,2.84,4.97,-9.653,1.6971781350116932,1.5165818968236766,1.6068800159176848,2.760198907589219,7.1,3.84,0.0,HIGHDIVERSITY_CONCAT
Druglike_11,Druglike,NCC1=CO[C@H](/C=C/CCC(=O)N2N=NC3=C2N=CN=C3O)CO1,18/000000040,C14H16N6O4,332.0,-0.33,5.25,-8.904,2.5192739330562604,0.6904817361947624,1.6048778346255115,4.332046242802354,4.74,4.94,-190.0,DRUGLIKE_CONCAT
HighDiv_1946,HighDiv,COCC1=NC(C2=C(ON)C(F)=CC(CCS(=O)(=O)CS)=C2)=CN1,27/000000345,C14H18N3O4S2F,375.0,0.76,5.55,-8.1,3.400090859532581,-0.19627998496097437,1.6019054372858035,3.670157279514493,3.49,3.58,-160.0,HIGHDIVERSITY_MAYBRIDGE
HighDiv_79,HighDiv,O=NC(=O)C1=CC(C[C@@H](O)C2=CNC=C2)=C(Br)C(N=O)=C1,12/000000799,C13H10N3O4Br,352.0,1.8,5.02,-9.51,1.8439809560910796,1.3588618394539367,1.601421397772508,3.940813534852854,6.11,23.9,-150.0,HIGHDIVERSITY_CONCAT
HighDiv_33,HighDiv,N[C@H](C#CCCC1=CC(C(=O)N=O)=CC(O)=C1Br)CO,12/000000846,C13H14N2O4Br,342.0,1.14,5.2,-9.026,2.372471111976874,0.8250401068178964,1.5987556093973851,4.354954763746694,4.5,3.85,-150.0,HIGHDIVERSITY_CONCAT
HighDiv_20,HighDiv,NOC1=CC(C(=O)O)=CC(C[C@@H](N)C2=NN=C(S)S2)=C1Br,12/000001299,C11H12N4O3S2Br,392.0,1.36,5.29,-8.785,2.63671618991977,0.5592321779640006,1.5979741839418853,4.368068148841407,6.71,2.64,-150.0,HIGHDIVERSITY_CONCAT
HighDiv_1205,HighDiv,O=C(C#CC1=C(O)C(O)=CN=C1CO)NC1SCCCS1,1/000000210,C13H14N2O4S2,326.0,0.71,5.23,-8.943,2.460552804624507,0.7334962972956001,1.5970245509600534,3.9341481836655454,6.74,23.2,-150.0,HIGHDIVERSITY_CRAFT
HighDiv_1595,HighDiv,O=C(O)C1=CC=CC(C2=C(S)C=CC([N+](=O)[O-])=C2)=C1,10/000000041,C13H9NO4S,275.0,3.85,5.19,-9.047,2.3431105477609973,0.8482017935645023,1.5956561706627497,2.1793190618677123,6.85,3.72,-160.0,HIGHDIVERSITY_LANAPDB
Druglike_18,Druglike,O=C(O)C1=CN=C(O)N=C1C/C=C/C1=CC=CC=C1,29/000000024,C14H12N2O3,256.0,2.11,5.13,-9.206,2.1669471624657315,1.0235688503602252,1.5952580064129784,2.6553002255758003,6.3,3.85,0.0,DRUGLIKE_CONCAT
Druglike_165,Druglike,C#CCNCC1=CC(C2=CC=C(C(=O)C3=NC(=O)ON3)N2)=CC=C1F,23/000000145,C17H13N4O3F,340.0,1.71,4.63,-10.537,0.6989189516718629,2.4915786151093378,1.5952487833906004,3.2155099577367725,5.44,4.94,-120.0,DRUGLIKE_CONCAT
HighDiv_1230,HighDiv,C#C[C@H](NC(=O)C#CC1=CN=CC(O)=C1O)C1=CCC=CO1,1/000000134,C16H12N2O4,296.0,1.04,4.81,-10.049,1.2274091075576548,1.9533451326167994,1.590377120087227,4.561409306518026,4.14,24.8,-150.0,HIGHDIVERSITY_CRAFT
Druglike_74,Druglike,NC/C(=C\CNCC(=O)CC1=CC=C(CO)C=C1)C1=C(F)C=CC(F)=C1,16/000000086,C20H23N2O2F2,361.0,1.86,4.86,-9.913,1.3742119286370438,1.8033456374959296,1.5887787830664868,3.070999141729203,5.63,6.45,0.0,DRUGLIKE_CONCAT
HighDiv_1215,HighDiv,CC1=NC=CC=C1NC(=O)C#CC1=C(O)C(O)=CN=C1CN,1/000000479,C15H14N4O3,298.0,-0.14,4.94,-9.696,1.609096442364063,1.56400820778101,1.5865523250725366,3.1977672411716256,7.83,19.6,-20.0,HIGHDIVERSITY_CRAFT
HighDiv_1952,HighDiv,NCC(=O)C1=NC(C2=C(ON)C(F)=CC(CCS(=O)(=O)CS)=C2)=CN1,27/000000455,C14H17N4O4S2F,388.0,-0.21,5.39,-8.492,2.9303218320785427,0.2360715009756547,1.5831966665270987,3.7847245393440634,3.89,3.58,-120.0,HIGHDIVERSITY_MAYBRIDGE
HighDiv_1669,HighDiv,C=CC1=CC(=O)OC2=CC=C([S@+]([O-])C3=CC(O)=C(I)C=C3O)C=C12,12/000000083,C17H11O5SI,454.0,2.63,4.6,-10.593,0.61083725902423,2.5533431131002833,1.5820901860622567,3.7925946161681177,5.08,22.1,-80.0,HIGHDIVERSITY_LANAPDB
HighDiv_27,HighDiv,O=NC(=O)C1=CC(O)=C(Br)C(CCC#C[C@]2(NCCO)CCN=CS2)=C1,12/000000835,C17H19N3O4SBr,441.0,1.78,5.22,-8.938,2.4311922404086275,0.7279816099749808,1.5795869251918042,5.0352636457360225,8.21,5.65,-150.0,HIGHDIVERSITY_CONCAT
HighDiv_1219,HighDiv,C#CCC1=CC(C2=CN=CC(O)=C2CNN)=CC=C1/C=C\C[N+](=O)[O-],1/000000269,C18H18N4O3,338.0,1.64,4.93,-9.702,1.5797358781481836,1.5706258325657545,1.575180855356969,3.591109697715104,8.24,23.0,-160.0,HIGHDIVERSITY_CRAFT
HighDiv_37,HighDiv,NOC1=C(Br)C(C[C@@H](N)C2=NC=NC=C2)=CC(C(=O)O)=C1,12/000000642,C13H13N4O3Br,353.0,-0.14,5.19,-9.0,2.3431105477609973,0.7963637327506713,1.5697371402558342,3.3757878054098844,5.52,2.64,-150.0,HIGHDIVERSITY_CONCAT
Druglike_129,Druglike,O=C(CCl)NC1=CC(C2=CC=C(C(=O)C3=NC(=O)ON3)N2)=CC=C1O,23/000000257,C15H11N4O5Cl,362.0,0.86,4.7,-10.304,0.9044429011830054,2.234594185968433,1.5695185435757193,3.033590357055763,7.07,4.94,-120.0,DRUGLIKE_CONCAT
HighDiv_1232,HighDiv,C#CCC1=C(/C=C\C)C=CC(C2=CC(O)=CN=C2CO)=C1N,1/000000272,C18H18N2O2,294.0,1.91,4.81,-10.002,1.2274091075576548,1.9015070718029705,1.5644580896803126,3.3497094858122303,7.18,17.6,-180.0,HIGHDIVERSITY_CRAFT
Druglike_123,Druglike,CC(=O)CC1=CC(C2=CC=C(C(=O)C3=NC(=O)ON3)N2)=CC=C1,23/000000051,C16H13N3O4,311.0,1.46,4.71,-10.268,0.9338034653988821,2.194888437259968,1.564345951329425,2.9234853351040115,7.09,5.09,-140.0,DRUGLIKE_CONCAT
Druglike_90,Druglike,CCOC1=CC=C(F)C(C2=CC=C(C(=O)C3=NC(=O)ON3)N2)=C1,23/000000262,C15H12N3O4F,317.0,2.27,4.8,-10.028,1.198048543341778,1.9301834458701956,1.5641159946059868,2.908397287766734,6.68,5.09,-140.0,DRUGLIKE_CONCAT
HighDiv_38,HighDiv,NC(=O)C1=CC(C2=CC(O)=C(F)C=C2N=O)=CN1,6/000000091,C11H8N3O3F,249.0,0.87,5.18,-9.008,2.313749983545118,0.8051872324636627,1.5594686080043902,3.086385912648116,2.88,20.9,-120.0,HIGHDIVERSITY_CONCAT
HighDiv_51,HighDiv,NOC1=CC(C(=O)O)=CC(OC(=O)/C=C/C[C@H]2COC=CO2)=C1Br,12/000001238,C15H14NO7Br,400.0,1.62,5.11,-9.188,2.108226034033978,1.0037159760059935,1.5559710050199858,3.9380617072859554,6.46,23.7,-150.0,HIGHDIVERSITY_CONCAT
Druglike_1071,Druglike,CC1=NC(C(=O)C2=NC(CN)=CO2)=NC=C1/C=C/C1=CC=C(CO)C(Cl)=C1,12/000000127,C19H17N4O3Cl,384.0,1.0,4.98,-9.533,1.7265386992275726,1.3842294011287894,1.555384050178181,3.237061791797535,4.07,4.94,-40.0,DRUGLIKE_CRAFT
Druglike_70,Druglike,O=C(CNC/C=C/C1=C(F)C=CC(F)=C1)CC1=CC=C(CO)C(O)=C1,16/000000034,C19H19NO3F2,347.0,2.42,4.88,-9.796,1.4329330570687973,1.6743019541934148,1.553617505631106,2.6902413460667525,4.14,5.09,0.0,DRUGLIKE_CONCAT
Druglike_1461,Druglike,CC1=CC(O)=C(C(=O)C2=C(/C=C3\N=COC3=O)C(=O)NC2=O)C=C1,23/000000075,C16H10N2O6,326.0,0.34,4.46,-10.91,0.19978936000194772,2.9029742892276076,1.5513818246147777,3.383904831962046,5.07,4.94,-20.0,DRUGLIKE_LANAPDB
HighDiv_170,HighDiv,O=C(O)CC1=NNC(C2=NC(/C=C/C3=CN=CC=C3)=CC(CO)=C2I)=N1,4/000000271,C17H14N5O3I,463.0,1.78,4.84,-9.888,1.3154908002052876,1.7757722008928278,1.5456315005490577,3.2407833356175075,5.65,24.8,-180.0,HIGHDIVERSITY_CONCAT
HighDiv_1207,HighDiv,O=C(C#CC1=C(O)C(O)=CN=C1C(=O)O)NC1=CN=CC(Cl)=C1,1/000000113,C14H8N3O5Cl,333.0,0.66,5.09,-9.222,2.049504905602222,1.04121584978621,1.545360377694216,3.1405265861606466,7.49,22.7,0.0,HIGHDIVERSITY_CRAFT
HighDiv_148,HighDiv,C=CC(=O)C1=CC(C[C@@H](Cl)C2=CON=C2O)=C(Br)C(O)=C1,12/000000733,C14H11NO4ClBr,372.0,3.3,4.88,-9.779,1.4329330570687973,1.6555520173033065,1.5442425371860518,4.009753978800921,5.28,3.7,-150.0,HIGHDIVERSITY_CONCAT
Druglike_72,Druglike,CN/C=C/C1=CC=C(C2=CC=C(C(=O)C3=NC(=O)ON3)N2)C=C1NC(N)=O,23/000000486,C17H16N6O4,368.0,0.38,4.87,-9.805,1.4035724928529205,1.6842283913705316,1.5439004421117262,3.41775592135219,5.55,6.45,-160.0,DRUGLIKE_CONCAT
HighDiv_1618,HighDiv,O=C1CSC2=CC([S@+]([O-])C3=CC(O)=C(I)C=C3O)=CC(O)=C2N1,12/000000187,C14H10NO5S2I,463.0,1.23,4.93,-9.644,1.5797358781481836,1.5066554596465598,1.5431956688973716,4.0442472394975875,5.1,22.2,-80.0,HIGHDIVERSITY_LANAPDB
Druglike_1082,Druglike,N[C@H](O)C1=CC=C(/C=C/C2=CN=C(C(=O)C3=CC=NO3)N=C2)C=C1Cl,12/000000012,C17H13N4O3Cl,356.0,1.59,4.89,-9.745,1.462293621284674,1.618052143523088,1.540172882403881,3.6003751088294793,4.22,5.08,-150.0,DRUGLIKE_CRAFT
HighDiv_1612,HighDiv,O=C(O)C1=CC=CC(C2=C(S)C=CC([N+](=O)[O-])=C2)=C1F,10/000000077,C13H8NO4SF,293.0,4.01,4.99,-9.478,1.7558992634434494,1.323567840601967,1.5397335520227082,2.4273850261606675,7.34,3.72,-160.0,HIGHDIVERSITY_LANAPDB
Druglike_171,Druglike,NC(=O)NC1=CC(C2=CC=C(C(=O)C3=NC(=O)ON3)N2)=CC=C1,23/000000035,C14H11N5O4,313.0,0.15,4.62,-10.461,0.6695583874559862,2.407755367835909,1.5386568776459477,2.8794801280034203,6.29,5.09,-120.0,DRUGLIKE_CONCAT
Druglike_84,Druglike,N/C=C\CC1=CC(C2=CC=C(C(=O)C3=NC(=O)ON3)N2)=CC=C1,23/000000148,C16H14N4O3,310.0,1.68,4.8,-9.98,1.198048543341778,1.8772424475922411,1.5376454954670096,3.2598118009458616,6.34,5.09,-120.0,DRUGLIKE_CONCAT
Druglike_113,Druglike,C=CC1=CC(C)=CC=C1C1=CC=C(C(=O)C2=NC(=O)ON2)N1,23/000000476,C16H13N3O3,295.0,2.51,4.73,-10.164,0.9925245938306382,2.0801829409910657,1.5363537674108518,3.2039645482537544,6.26,3.58,-140.0,DRUGLIKE_CONCAT
Druglike_107,Druglike,CC(=O)OCC1=CC(C2=CC=C(C(=O)C3=NC(=O)ON3)N2)=CC=C1O,23/000000165,C16H13N3O6,343.0,1.29,4.75,-10.11,1.0512457222623917,2.0206243179283665,1.535935020095379,3.0355861812315883,7.14,4.94,-140.0,DRUGLIKE_CONCAT
HighDiv_1246,HighDiv,CC1=NC=CC=C1NC(=O)C#CC1=C(O)C(O)=CN=C1CF,1/000000434,C15H12N3O3F,301.0,1.07,4.72,-10.186,0.9631640296147589,2.104447565201795,1.533805797408277,3.2809780860644366,7.39,20.9,-20.0,HIGHDIVERSITY_CRAFT
HighDiv_1235,HighDiv,O=C(O)N1C=C([N+](=O)[O-])C(CCC2=CC3=C(C=CC=C3)N2)=N1,25/000000043,C14H12N4O4,300.0,2.43,4.79,-9.998,1.1686879791259013,1.8970953219464728,1.532891650536187,2.8755851437872533,4.76,3.98,-40.0,HIGHDIVERSITY_CRAFT
Druglike_49,Druglike,CCCC1=CC=C(C2=CC=C(C(=O)C3=NC(=O)ON3)N2)C=C1CF,23/000000504,C17H16N3O3F,329.0,2.93,4.96,-9.537,1.6678175707958165,1.3886411509852872,1.5282293608905517,3.145788686342959,5.65,5.09,-140.0,DRUGLIKE_CONCAT
HighDiv_1262,HighDiv,O=C(O)N1C=C([N+](=O)[O-])C(CCC2=CC3=C(C=C2)N=C(O)N3)=N1,25/000000013,C13H10N5O5,316.0,1.13,4.65,-10.355,0.757640080103619,2.29084399663876,1.5242420383711897,3.1543534748969098,4.66,3.98,-40.0,HIGHDIVERSITY_CRAFT
HighDiv_1627,HighDiv,NCC1=CC=C(N=O)C(Cl)=C1CCC1=CC(F)=C(O)C([N+](=O)[O-])=C1,11/000000028,C15H13N3O4FCl,353.0,2.88,4.87,-9.768,1.4035724928529205,1.6434197051979427,1.5234960990254316,3.0715116205580646,5.17,3.7,0.0,HIGHDIVERSITY_LANAPDB
Druglike_10,Druglike,NC[C@H](/C=C/CC1=C(CCBr)C(CO)=CC=N1)C1=NC(N)=C2C=NNC2=N1,21/000000045,C18H22N7OBr,432.0,1.29,5.28,-8.669,2.6073556257038932,0.43129143212561116,1.5193235289147522,4.200336924865272,6.72,23.9,-190.0,DRUGLIKE_CONCAT
HighDiv_167,HighDiv,CC(=O)OCCCC#CC1=C(C)C(O)=CC(N2CCNC2=O)=C1,28/000000400,C17H20N2O4,316.0,1.77,4.84,-9.839,1.3154908002052876,1.72172826515075,1.5186095326780187,2.9067734268199867,2.17,21.8,-200.0,HIGHDIVERSITY_CONCAT
Druglike_100,Druglike,CCOC1=CC(C2=CC=C(C(=O)C3=NC(=O)ON3)N2)=CC=C1CO,23/000000462,C16H15N3O5,329.0,1.3,4.77,-10.025,1.1099668506941451,1.9268746334778233,1.518420742085984,2.9535165143972577,6.14,5.09,-140.0,DRUGLIKE_CONCAT
Druglike_12,Druglike,NC1=C2C=NNC2=NC([C@@H](/C=C/CC2=NC=CC=C2O)CO)=N1,21/000000019,C15H16N6O2,312.0,0.6,5.22,-8.825,2.4311922404086275,0.6033496765289618,1.5172709584687947,3.905465920816269,4.13,20.2,-190.0,DRUGLIKE_CONCAT
Druglike_135,Druglike,NC(=O)NCC1=CC(C2=CC=C(C(=O)C3=NC(=O)ON3)N2)=CC=C1,23/000000124,C15H13N5O4,327.0,0.29,4.68,-10.26,0.8457217727512493,2.1860649375469743,1.5158933551491118,2.89551945557373,7.5,5.09,-120.0,DRUGLIKE_CONCAT
Druglike_1725,Druglike,CNC(=O)C1=CC(O)=CC(C#CC(=O)O[C@@H](CF)CN2C=CCC2)=C1,1/000000080,C18H19N2O4F,346.0,3.12,4.98,-9.458,1.7265386992275726,1.3015090913194867,1.5140238952735297,3.902262438964133,4.35,3.58,-170.0,DRUGLIKE_MAYBRIDGE
HighDiv_1264,HighDiv,C#CC1=NC=C(O)C(O)=C1C#CC(=O)NC1=CN=CC=C1,1/000000236,C15H9N3O3,279.0,0.92,4.64,-10.363,0.7282795158877396,2.2996674963517516,1.5139735061197457,3.281001638685103,6.34,21.0,0.0,HIGHDIVERSITY_CRAFT
Druglike_124,Druglike,CNCC1=CC(C2=CC=C(C(=O)C3=NC(=O)ON3)N2)=CC=C1C,23/000000389,C16H17N4O3,313.0,1.51,4.71,-10.166,0.9338034653988821,2.0823888159193142,1.5080961406590982,3.682037287766734,6.98,5.09,-200.0,DRUGLIKE_CONCAT
Druglike_1085,Druglike,CC1=NC(C(=O)C2=CC=C(CO)N2)=NC=C1/C=C/C1=C(N)C=CC(Cl)=C1,12/000000101,C19H17N4O2Cl,368.0,1.71,4.87,-9.74,1.4035724928529205,1.6125374562024688,1.5080549745276945,3.1711258013709323,5.36,3.58,-20.0,DRUGLIKE_CRAFT
Druglike_1750,Druglike,O=C1C=C(CCF)NC(C2=CC(O)=C(NC3=NCCO3)C=C2)=C1,15/000000141,C16H16N3O3F,317.0,2.36,4.67,-10.27,0.8163612085353725,2.1970943121882147,1.5067277603617937,3.2582719408060026,5.25,23.4,-160.0,DRUGLIKE_MAYBRIDGE
HighDiv_1959,HighDiv,O=[N+]([O-])C1=CN=C(I)C(/C=C/C2=NN=C(COCC3=NON=C3)N2)=C1S,30/000000123,C13H10N7O4SI,487.0,3.88,5.19,-8.859,2.3431105477609973,0.6408495503091802,1.4919800490350887,4.174487493621665,6.36,3.84,0.0,HIGHDIVERSITY_MAYBRIDGE
Druglike_1118,Druglike,O=C(C1=NC=C(/C=C/C2=CC=C(CO)C(Cl)=C2)C=N1)C1=NC(Cl)=CN1,12/000000194,C17H12N4O2Cl2,374.0,2.29,4.73,-10.079,0.9925245938306382,1.9864332565405223,1.4894789251855802,3.2262592535114205,5.24,4.94,0.0,DRUGLIKE_CRAFT
HighDiv_1956,HighDiv,NOC1=C(C2=CNC(CC(=O)O)=N2)C=C(CCS(=O)(=O)CF)C=C1F,27/000000465,C14H15N3O5SF2,375.0,0.44,5.29,-8.587,2.63671618991977,0.34085056006743825,1.4887833749936041,3.550478159253565,3.63,3.58,-180.0,HIGHDIVERSITY_MAYBRIDGE
HighDiv_1655,HighDiv,[O-][S@@+](C1=CC=C2NC[C@H](/C=C\CO)C2=C1)C1=CC(O)=C(I)C=C1O,12/000000252,C17H16NO4SI,457.0,1.61,4.67,-10.237,0.8163612085353725,2.1606973758721217,1.4885292922037472,4.434264759434235,4.06,20.3,-190.0,HIGHDIVERSITY_LANAPDB
HighDiv_1217,HighDiv,C=CC1=NC=C(O)C=C1C1=CC=C(/C=C/CC(N)=O)C=C1,1/000000239,C17H15N2O2,279.0,2.21,4.94,-9.515,1.609096442364063,1.3643765267745578,1.4867364845693105,2.854005028515612,8.13,16.2,-160.0,HIGHDIVERSITY_CRAFT
HighDiv_42,HighDiv,O=NC1=CC(F)=C(O)C=C1C1=CNC(C(=O)O)=C1,6/000000107,C11H7N2O4F,250.0,1.6,5.16,-8.929,2.2550288551133644,0.718055172797864,1.4865420139556142,3.028514641062559,2.51,20.7,-120.0,HIGHDIVERSITY_CONCAT
HighDiv_1955,HighDiv,CNC(=O)C1=NC(C2=CC(CCCO)=CC(F)=C2ON)=CN1,27/000000457,C14H17N4O3F,308.0,0.05,5.32,-8.501,2.724797882567403,0.2459979381527696,1.4853979103600863,3.2776550091413608,3.53,3.58,-140.0,HIGHDIVERSITY_MAYBRIDGE
HighDiv_1234,HighDiv,CC1=NC=C(O)C(O)=C1C#CC(=O)NC1=CN=CC2=C1C=CO2,1/000000142,C16H11N3O4,309.0,0.7,4.79,-9.906,1.1686879791259013,1.7956250752470615,1.4821565271864814,3.3388827315537153,7.41,21.4,-60.0,HIGHDIVERSITY_CRAFT
HighDiv_181,HighDiv,C#CCCC1=CC=C(C2=CC(=O)C=C(CN)C2=O)C=C1CN,10/000000195,C18H18N2O2,294.0,0.27,4.82,-9.826,1.2567696717735342,1.7073900781171374,1.4820798749453359,3.1761854000619145,7.82,3.58,-160.0,HIGHDIVERSITY_CONCAT
Druglike_137,Druglike,CC(=O)CC1=CC(C2=CC=C(C(=O)C3=NC(=O)ON3)N2)=CC=C1O,23/000000489,C16H13N3O5,327.0,1.06,4.68,-10.196,0.8457217727512493,2.115476939843035,1.4805993562971422,3.08782706346189,7.17,5.09,-140.0,DRUGLIKE_CONCAT
HighDiv_92,HighDiv,C=C1C(=O)NN=C1/C=C\CCC1=C(CO)N=C(C(=O)O)O1,3/000000313,C13H13N3O5,291.0,-0.11,4.99,-9.365,1.7558992634434494,1.19893590715595,1.4774175852996998,3.9383513127398615,6.2,5.21,0.0,HIGHDIVERSITY_CONCAT
Druglike_125,Druglike,O=C(O)CC1=C(C(=O)O)C=CC(C2=CC=C(C(=O)C3=NC(=O)ON3)N2)=C1,23/000000398,C16H10N3O7,356.0,0.37,4.71,-10.11,0.9338034653988821,2.0206243179283665,1.4772138916636244,2.9910025663867383,6.7,4.94,-120.0,DRUGLIKE_CONCAT
HighDiv_1242,HighDiv,O=C(C#CC1=C(O)C(O)=CN=C1)NC1=CC=CC=C1F,1/000000364,C14H9N2O3F,272.0,1.75,4.74,-10.013,1.021885158046515,1.913639383908334,1.4677622709774245,2.7780171690178115,4.09,19.1,0.0,HIGHDIVERSITY_CRAFT
Druglike_1404,Druglike,O=C(NC1=CC=CC(Cl)=C1)C1=COCC(C2=NNN=C2)=C1,4/000000346,C14H11N4O2Cl,302.0,2.96,4.89,-9.612,1.462293621284674,1.4713614607945902,1.466827541039632,3.1343142383388525,3.2,23.9,-120.0,DRUGLIKE_LANAPDB
Druglike_71,Druglike,O=C(C1=CC=C(C2=CC=C(CCCBr)C=C2)N1)C1=NC(=O)ON1,23/000000511,C16H14N3O3Br,376.0,3.29,4.87,-9.665,1.4035724928529205,1.5298171463931638,1.4666948196230423,2.922853059687121,5.01,5.09,-140.0,DRUGLIKE_CONCAT
Druglike_1409,Druglike,CC(=O)CNC(=O)C1=CC(O)=CC(C#CC2=CC=CC=C2)=C1,19/000000004,C18H15NO3,293.0,3.27,4.85,-9.717,1.3448513644211644,1.587169894527616,1.4660106294743902,2.2719687666160375,1.72,3.58,-80.0,DRUGLIKE_LANAPDB
Druglike_156,Druglike,CN(C(N)=O)C1=CC(C2=CC=C(C(=O)C3=NC(=O)ON3)N2)=CC=C1,23/000000216,C15H13N5O4,327.0,0.29,4.64,-10.276,0.7282795158877396,2.2037119369729594,1.4659957264303496,3.0776904388924304,7.38,5.09,-140.0,DRUGLIKE_CONCAT
Druglike_197,Druglike,CC1=CC=C(C2=CC=C(C(=O)C3=NC(=O)ON3)N2)C(CN)=C1,23/000000432,C15H15N4O3,299.0,1.12,4.59,-10.404,0.5814766948083533,2.344887932380838,1.4631823135945956,3.5502590891966825,5.39,3.58,-140.0,DRUGLIKE_CONCAT
HighDiv_66,HighDiv,O=NC1=CC=C(/C=C/[C@@H](CO)C2=CC(=O)NC2=O)C(O)=C1Cl,30/000000018,C14H11N2O5Cl,322.0,0.44,5.07,-9.126,1.9907837771704686,0.935333853230301,1.4630588152003847,4.12134258195227,4.58,6.72,-150.0,HIGHDIVERSITY_CONCAT
HighDiv_1284,HighDiv,C/C=C\C1=C(O)C(O)=C(C#CC(=O)NC2=CC(O)=CC=C2F)C=N1,1/000000162,C17H13N2O4F,328.0,2.26,4.57,-10.454,0.5227555663765998,2.4000348055870413,1.4613951859818206,3.2564635732207883,5.89,23.1,-20.0,HIGHDIVERSITY_CRAFT
Druglike_14,Druglike,CC1=CC(CCCC2=C[C@@H](C(=O)O)C=C(C(=O)OCCN)O2)=CN=C1I,2/000000019,C18H21N2O5I,472.0,2.12,5.21,-8.749,2.4018316761927507,0.5195264292555353,1.4606790527241431,3.991686406536865,5.23,24.3,-170.0,DRUGLIKE_CONCAT
HighDiv_1592,HighDiv,NCCCOC1=C(Cl)C(CCC2=CC(F)=C(O)C([N+](=O)[O-])=C2)=CC(N=O)=C1,11/000000048,C17H17N3O5FCl,397.0,3.25,5.21,-8.745,2.4018316761927507,0.5151146793990377,1.4584731777958941,3.02285278096484,4.6,6.45,-40.0,HIGHDIVERSITY_LANAPDB
HighDiv_11,HighDiv,CC/C=C/[C@H](N)CC1=C(Br)C(ON)=CC(C(=O)O)=C1,12/000000631,C13H17N2O3Br,329.0,1.53,5.37,-8.317,2.871600703646789,0.043057444753945136,1.4573290742003673,3.582769209014012,5.24,2.48,-170.0,HIGHDIVERSITY_CONCAT
Druglike_112,Druglike,O=C(CC1=CC(C2=CC=C(C(=O)C3=NC(=O)ON3)N2)=CC=C1)OCF,23/000000362,C16H12N3O5F,345.0,1.79,4.73,-10.02,0.9925245938306382,1.9213599461572022,1.4569422699939203,3.102891972904704,4.99,4.94,-120.0,DRUGLIKE_CONCAT
HighDiv_1666,HighDiv,N/C=C/C1=C(Cl)C(CCC2=CC(F)=C(O)C([N+](=O)[O-])=C2)=CC(O)=C1,11/000000020,C16H14N2O4FCl,352.0,3.58,4.6,-10.357,0.61083725902423,2.293049871567007,1.4519435652956185,3.1197196678953434,3.59,5.09,0.0,HIGHDIVERSITY_LANAPDB
HighDiv_1233,HighDiv,O=C(O)C1=CC(C#CC2=CN=CC(O)=C2)=C(F)C=C1Br,1/000000006,C14H7NO3FBr,336.0,3.54,4.8,-9.824,1.198048543341778,1.7051842031888886,1.4516163732653333,2.711738732454375,4.69,19.4,0.0,HIGHDIVERSITY_CRAFT
HighDiv_61,HighDiv,N[C@H](C#CCCC1=C(Br)C(O)=CC(C(=O)N=O)=C1)CCF,12/000000844,C14H15N2O3FBr,358.0,2.83,5.09,-9.04,2.049504905602222,0.8404812313156323,1.4449930684589272,4.431801752080272,5.85,5.21,-180.0,HIGHDIVERSITY_CONCAT
HighDiv_25,HighDiv,O=C(O)CC1=NNC(C2=NC(/C=C/C3=CN=CC=C3)=C(Cl)C=C2I)=N1,4/000000242,C16H11N5O2ClI,467.0,3.22,5.23,-8.654,2.460552804624507,0.4147473701637498,1.4376500873941283,3.220888505949124,5.28,24.7,-180.0,HIGHDIVERSITY_CONCAT
Druglike_19,Druglike,NCCOC(=O)C1=C[C@H](C(=O)O)C=C(CCCC2=CN=C(I)C(O)=C2)O1,2/000000012,C17H19N2O6I,474.0,1.49,5.12,-8.941,2.1375865982498548,0.7312904223673531,1.434438510308604,4.005436406536866,4.74,24.9,-170.0,DRUGLIKE_CONCAT
HighDiv_171,HighDiv,O=C1NCCN1C1=CC(O)=CC(C#CCCC2=CCCS2)=C1,28/000000275,C17H18N2O2S,314.0,2.17,4.84,-9.683,1.3154908002052876,1.5496700207473975,1.4325804104763424,3.3767678283406024,2.61,22.3,-120.0,HIGHDIVERSITY_CONCAT
Druglike_1763,Druglike,OCC1=CC(O)=CC(C2=COC(CNCC3=CC=CC=C3)=C2)=C1,1/000000135,C19H19NO3,309.0,2.58,4.58,-10.375,0.5521161305924766,2.3129027459212406,1.4325094382568586,2.348415777566256,3.28,3.58,-120.0,DRUGLIKE_MAYBRIDGE
Druglike_97,Druglike,O=C(CNC/C=C/C1=C(F)C=CC(F)=C1)CC1=CC=C(O)C(O)=C1,16/000000076,C18H17NO3F2,333.0,2.82,4.77,-9.869,1.1099668506941451,1.7548163890744708,1.4323916198843079,2.590489750029054,4.9,5.09,0.0,DRUGLIKE_CONCAT
HighDiv_269,HighDiv,O=C1NCCN1C1=CC(O)=CC(C#CCCC2=CNC=NC2)=C1,28/000000106,C17H18N4O2,310.0,0.83,4.71,-10.026,0.9338034653988821,1.9279775709419467,1.4308905181704143,3.611459864822283,2.43,23.3,-120.0,HIGHDIVERSITY_CONCAT
HighDiv_1591,HighDiv,C=CCC1=CC=C(C2=C(S)C(CO)=CC=C2C(=O)O)C=C1,10/000000017,C17H16O3S,300.0,3.8,5.22,-8.667,2.4311922404086275,0.42908555719736236,1.4301388988029948,2.5607688193711606,5.14,16.3,-160.0,HIGHDIVERSITY_LANAPDB
Druglike_1757,Druglike,O=C(C#CC1=CC=CC(O)=C1C(=O)O)OCCC1=CC=C(F)C(F)=C1,1/000000106,C18H12O5F2,346.0,4.02,4.63,-10.235,0.6989189516718629,2.1584915009438728,1.428705226307868,2.6446913699559076,5.95,3.58,0.0,DRUGLIKE_MAYBRIDGE
HighDiv_1614,HighDiv,O=NC1=CC(OCCS)=C(Cl)C(CCC2=CC(F)=C(O)C([N+](=O)[O-])=C2)=C1,11/000000038,C16H14N2O5SFCl,400.0,4.34,4.99,-9.275,1.7558992634434494,1.0996715353847855,1.4277853994141174,3.194580085346651,4.35,5.09,-20.0,HIGHDIVERSITY_LANAPDB
Druglike_36,Druglike,NCCCC#CC1=CC2=C(C=C1)CC(C(=O)O)=C2,26/000000048,C15H15NO2,241.0,1.86,5.06,-9.088,1.9614232129545892,0.8934222295935869,1.427422721274088,2.8703946115122765,6.17,16.8,-40.0,DRUGLIKE_CONCAT
HighDiv_35,HighDiv,CN(CC#CCCC1=CC(C(=O)N=O)=CC(O)=C1Br)CCO,12/000000870,C15H17N2O4Br,369.0,1.66,5.19,-8.733,2.3431105477609973,0.5018794298295505,1.4224949887952738,3.3385041264175266,5.39,5.21,-80.0,HIGHDIVERSITY_CONCAT
Druglike_1392,Druglike,CCCC#CCC1=CC(CC(=O)O)=CC(NC(N)=O)=C1,4/000000272,C15H18N2O3,274.0,1.14,5.05,-9.105,1.9320626487387125,0.912172166483697,1.4221174076112049,2.617161949237591,4.45,3.58,-20.0,DRUGLIKE_LANAPDB
HighDiv_77,HighDiv,O=NC(=O)C1=CC([N+](=O)[O-])=C(Br)C(C[C@@H](O)C2=CNC=C2)=C1,12/000000828,C13H10N3O5Br,368.0,2.15,5.03,-9.158,1.873341520306959,0.9706278520822706,1.4219846861946148,3.657768735798424,5.64,2.64,-150.0,HIGHDIVERSITY_CONCAT
HighDiv_71,HighDiv,CC/C=C(\C)CCCC(=O)OC1=C(Br)C(ON)=CC(C(=O)O)=C1,12/000001174,C16H20NO5Br,386.0,2.13,5.06,-9.061,1.9614232129545892,0.8636429180622384,1.4125330655084138,2.845078482651253,5.26,20.5,-170.0,HIGHDIVERSITY_CONCAT
Druglike_142,Druglike,COCCC1=CC(C2=CC=C(C(=O)C3=NC(=O)ON3)N2)=CC=C1C,23/000000437,C17H17N3O4,327.0,1.86,4.67,-10.093,0.8163612085353725,2.001874381038258,1.4091177947868154,2.971805654668751,6.58,5.09,-200.0,DRUGLIKE_CONCAT
HighDiv_1275,HighDiv,CC1=NC=C(O)C(O)=C1C#CC(=O)NC1=CC=CN=C1O,1/000000357,C14H11N3O4,285.0,0.97,4.59,-10.296,0.5814766948083533,2.22577068625544,1.4036236905318966,3.2734709413870764,5.78,18.8,-20.0,HIGHDIVERSITY_CRAFT
HighDiv_67,HighDiv,CC[C@H](N)C#CCCC1=C(Br)C(O)=CC(C(=O)N=O)=C1,12/000000839,C14H16N2O3Br,340.0,2.62,5.06,-9.039,1.9614232129545892,0.839378293851509,1.4004007534030491,4.311480404772334,5.31,3.85,-170.0,HIGHDIVERSITY_CONCAT
HighDiv_120,HighDiv,NOC1=C(Br)C(C#CCCCC=C2NCCN2)=CC(C(=O)O)=C1,12/000001290,C16H18N3O3Br,380.0,2.46,4.93,-9.385,1.5797358781481836,1.2209946564384304,1.400365267293307,3.716318234512296,3.92,23.1,0.0,HIGHDIVERSITY_CONCAT
Druglike_1075,Druglike,C[C@H](O)C1=COC(C(=O)C2=NC=C(/C=C/C3=CC=C(CO)C(Cl)=C3)C=N2)=N1,12/000000045,C19H16N3O4Cl,385.0,1.28,4.91,-9.437,1.5210147497164301,1.2783474045728807,1.3996810771446553,3.612827818182482,3.87,6.45,-170.0,DRUGLIKE_CRAFT
HighDiv_1604,HighDiv,O=C(O)C1=CC=C(CO)C(S)=C1C1=CC=C(CC2=NC=CN=C2)C=C1,10/000000014,C19H16N2O3S,352.0,2.48,5.09,-8.957,2.049504905602222,0.748937421793338,1.39922116369778,2.597727725884118,7.03,18.1,-160.0,HIGHDIVERSITY_LANAPDB
Druglike_96,Druglike,CCOC1=CC(C2=CC=C(C(=O)C3=NC(=O)ON3)N2)=CC=C1,23/000000038,C15H13N3O4,299.0,2.11,4.77,-9.806,1.1099668506941451,1.685331328834655,1.3976490897644,2.7913629176263175,6.36,3.58,-140.0,DRUGLIKE_CONCAT
Druglike_119,Druglike,COC1=CC(CC(=O)CNC/C=C/C2=CC(F)=CC=C2F)=CC(O)=C1,16/000000057,C19H19NO3F2,347.0,3.14,4.73,-9.908,0.9925245938306382,1.7978309501753085,1.3951777720029734,2.619054313099719,6.89,5.09,-20.0,DRUGLIKE_CONCAT
HighDiv_1658,HighDiv,C=C[C@H]1NCC2=CC=C([S@+]([O-])C3=CC(O)=C(I)C=C3O)C=C21,12/000000205,C16H14NO3SI,427.0,2.12,4.66,-10.089,0.7870006443194958,1.9974626311817625,1.3922316377506292,4.42451369474311,3.29,18.5,-190.0,HIGHDIVERSITY_LANAPDB
Druglike_109,Druglike,O=C(C1=CC=C(C2=CC=CC(Cl)=C2)N1)C1=NC(=O)ON1,23/000000326,C13H8N3O3Cl,289.0,2.39,4.75,-9.849,1.0512457222623917,1.7327576397919902,1.392001681027191,2.847282597010871,4.57,3.58,-120.0,DRUGLIKE_CONCAT
HighDiv_1218,HighDiv,C=C(C1=CC=C(C2=C(O)C(O)=CN=C2)C=C1)C1=CSC(=O)N1,1/000000077,C16H12N2O3S,312.0,2.46,4.93,-9.368,1.5797358781481836,1.2022447195483221,1.3909902988482528,3.127225590437378,4.51,19.7,-160.0,HIGHDIVERSITY_CRAFT
Druglike_1049,Druglike,CC1=NC(C(=O)C2=CNC(C(=O)O)=C2)=NC=C1/C=C/C1=CC=C(I)C(Cl)=C1,12/000000208,C19H13N3O3ClI,493.0,3.93,5.64,-7.465,3.664335937475477,-0.8966452746797461,1.3838453313978656,3.072277961838022,6.43,3.7,-40.0,DRUGLIKE_CRAFT
Druglike_41,Druglike,NC[C@H](/C=C/CC1=NC=CC(F)=C1CCBr)C1=NC(N)=C2C=NNC2=N1,21/000000040,C17H19N7FBr,420.0,2.26,5.04,-9.062,1.9027020845228357,0.8647458555263617,1.3837239700245987,4.180479130029589,5.24,24.8,-190.0,DRUGLIKE_CONCAT
Druglike_22,Druglike,O=C(O)C1=CN=C(O)N=C1[C@@H](O)/C=C/C1=CC(O)=NO1,29/000000165,C11H9N3O6,279.0,-0.22,5.12,-8.848,2.1375865982498548,0.6287172382038165,1.3831519182268357,4.107837607569538,6.46,5.24,-150.0,DRUGLIKE_CONCAT
Druglike_1384,Druglike,CCC(=O)C/C=C/C1=C(CC(=O)O)C=C(NC(N)=O)C=C1,4/000000302,C15H18N2O4,290.0,0.37,5.28,-8.421,2.6073556257038932,0.1577629410228455,1.3825592833633693,2.623549693306664,4.78,5.09,-50.0,DRUGLIKE_LANAPDB
HighDiv_1629,HighDiv,O=[N+]([O-])C1=CC(CCC2=C(Cl)C(OCCO)=CC=C2O)=CC(F)=C1O,11/000000041,C16H15NO6FCl,371.0,3.02,4.85,-9.562,1.3448513644211644,1.416214587588387,1.3805329760047758,2.677413000882524,2.51,6.45,0.0,HIGHDIVERSITY_LANAPDB
HighDiv_22,HighDiv,NCCCC(=O)C1=CC(=O)C(CCl)=C(C2=NC=CC(Br)=C2O)C1=O,10/000000140,C16H15N2O4ClBr,414.0,0.41,5.28,-8.417,2.6073556257038932,0.15335119116634977,1.3803534084351214,3.9341461767710832,5.91,24.6,-180.0,HIGHDIVERSITY_CONCAT
HighDiv_28,HighDiv,NOC1=CC(C(=O)O)=CC(C[C@@H](N)C2=NNC=N2)=C1Br,12/000000725,C11H12N5O3Br,342.0,0.3,5.21,-8.603,2.4018316761927507,0.35849755949342305,1.3801646178430869,3.9465903348422646,5.36,2.48,-150.0,HIGHDIVERSITY_CONCAT
HighDiv_1979,HighDiv,C/C=C\C=C/C(=O)CC1=CC(F)=C(ON)C(C2=CNC=N2)=C1,27/000000450,C16H16N3O2F,301.0,1.45,4.9,-9.422,1.4916541855005534,1.2618033426110211,1.3767287640557873,3.5326499080552427,4.89,3.58,-140.0,HIGHDIVERSITY_MAYBRIDGE
HighDiv_1639,HighDiv,[O-][S@@+](C1=CC=C(O)C(N2C=NN=N2)=C1)C1=C(O)C=C(I)C(O)=C1,12/000000315,C13H9N4O4SI,444.0,0.6,4.75,-9.821,1.0512457222623917,1.7018753907965163,1.376560556529454,3.749697411200884,3.83,24.0,-120.0,HIGHDIVERSITY_LANAPDB
Druglike_116,Druglike,O=C(CNC/C=C/C1=CC(F)=CC=C1F)CC1=CC(O)=CC=C1,16/000000009,C18H17NO2F2,317.0,3.23,4.73,-9.873,0.9925245938306382,1.7592281389309665,1.3758763663808025,2.499705690133597,5.09,5.09,0.0,DRUGLIKE_CONCAT
Druglike_178,Druglike,NC(=O)C1=CC=C(C2=CC=C(C(=O)C3=NC(=O)ON3)N2)C=C1,23/000000317,C14H10N4O4,298.0,0.66,4.61,-10.192,0.6401978232401094,2.1110651899865394,1.3756315066133245,2.800746682248791,6.06,3.58,-120.0,DRUGLIKE_CONCAT
Druglike_1131,Druglike,O=C(C1=NC=C(/C=C/C2=CC=C(CO)C(Cl)=C2)C=N1)C1=NC=NN1,12/000000137,C16H12N5O2Cl,341.0,1.32,4.67,-10.031,0.8163612085353725,1.9334922582625678,1.37492673339897,2.9502548775686144,3.93,4.94,0.0,DRUGLIKE_CRAFT
Druglike_235,Druglike,NC(=O)C1=NON=C1C#C[C@H](O)C(=O)C1=CNC2=C1C=CC=C2,18/000000032,C15H10N4O4,310.0,0.94,4.52,-10.424,0.37595274529721084,2.3669466816633182,1.3714497134802646,3.554626039159464,6.47,3.58,-190.0,DRUGLIKE_CONCAT
HighDiv_1653,HighDiv,OC1=CC(C2=NN=CO2)=CC(CCCCC2=NC=NC3=C2C=NN3)=C1,27/000000013,C17H16N6O2,336.0,3.78,4.68,-9.998,0.8457217727512493,1.8970953219464728,1.371408547348861,2.9599088245342315,3.57,24.2,-140.0,HIGHDIVERSITY_LANAPDB
HighDiv_1957,HighDiv,CS(=O)(=O)CCC1=CC(C2=CNC(CC(=O)O)=N2)=C(ON)C(F)=C1,27/000000129,C14H16N3O5SF,357.0,0.23,5.24,-8.504,2.4899133688403836,0.24930675054514187,1.3696100596927627,3.296496709315462,3.16,3.58,-180.0,HIGHDIVERSITY_MAYBRIDGE
Druglike_108,Druglike,O=C(C1=CC=C(C2=CC=CC(OCCCF)=C2)N1)C1=NC(=O)ON1,23/000000485,C16H14N3O4F,331.0,2.67,4.75,-9.8,1.0512457222623917,1.6787137040499123,1.3649797131561519,2.9705966835886795,7.09,5.09,-120.0,DRUGLIKE_CONCAT
HighDiv_194,HighDiv,NCC(=O)C1=CC(CCNCCC2=CC(=O)CCO2)=C(Br)C(N=O)=C1,12/000000624,C17H20N3O4Br,410.0,0.66,4.81,-9.637,1.2274091075576548,1.498934897397692,1.3631720024776732,3.4690934339788404,4.34,4.94,0.0,HIGHDIVERSITY_CONCAT
Druglike_87,Druglike,CCCC1=CC=C(C2=CC=C(C(=O)C3=NC(=O)ON3)N2)C=C1COC,23/000000494,C18H19N3O4,341.0,2.32,4.8,-9.663,1.198048543341778,1.527611271464917,1.3628299074033476,3.0203084409437064,5.86,4.94,-200.0,DRUGLIKE_CONCAT
HighDiv_1632,HighDiv,COCC1=CC2=CC([S@+]([O-])C3=CC(O)=C(I)C=C3O)=CC=C2OC1=O,12/000000238,C17H13O6SI,472.0,1.82,4.84,-9.553,1.3154908002052876,1.406288150411272,1.3608894753082799,3.611041932514061,6.1,22.3,-100.0,HIGHDIVERSITY_LANAPDB
HighDiv_88,HighDiv,NOC1=CC(C(=O)O)=CC(OC/C=C/C2=NC=NC=N2)=C1Br,12/000001400,C13H11N4O4Br,367.0,0.16,5.0,-9.123,1.7852598276593261,0.9320250408379288,1.3586424342486274,3.2098982951520156,7.33,19.3,0.0,HIGHDIVERSITY_CONCAT
HighDiv_1615,HighDiv,O=C(O)C1=CC=C(CO)C(S)=C1C1=CC=C(CC2=NC=CN=C2)C=C1F,10/000000036,C19H15N2O3SF,370.0,2.64,4.97,-9.202,1.6971781350116932,1.0191571005037294,1.3581676177577113,2.749815790833523,5.49,20.8,-160.0,HIGHDIVERSITY_LANAPDB
HighDiv_63,HighDiv,O=NC(=O)C1=CC(C[C@@H](Cl)C2=CN=CCN2)=C(Br)C(CO)=C1,12/000000257,C14H13N3O3ClBr,386.0,1.5,5.07,-8.935,1.9907837771704686,0.7246727975826086,1.3577282873765386,4.329064511334362,6.73,24.0,-150.0,HIGHDIVERSITY_CONCAT
HighDiv_1273,HighDiv,CC1=NC=CC=C1NC(=O)C#CC1=C(O)C(O)=CN=C1C,1/000000513,C15H13N3O3,283.0,0.97,4.6,-10.181,0.61083725902423,2.098932877881174,1.354885068452702,3.0427080766655905,7.15,18.2,-80.0,HIGHDIVERSITY_CRAFT
Druglike_1146,Druglike,OC[C@H](C#CCCC1=CC=CC2=C1OC=N2)C1=NC=C2N=CNC2=N1,11/000000004,C18H15N5O2,333.0,0.51,4.59,-10.206,0.5814766948083533,2.1265063144842755,1.3539915046463145,4.07211085595255,3.88,23.7,-190.0,DRUGLIKE_CRAFT
HighDiv_50,HighDiv,NOC1=CC(C(=O)O)=CC(C[C@@H](N)C2=CNC(=S)S2)=C1Br,12/000001453,C12H13N3O3S2Br,391.0,0.75,5.12,-8.794,2.1375865982498548,0.5691586151411174,1.353372606695486,4.427140213618734,7.48,2.64,-150.0,HIGHDIVERSITY_CONCAT
Druglike_1061,Druglike,NC[C@@H](O)C1=CC=C(/C=C/C2=CN=C(C(=O)C3=NC(Cl)=CN3)N=C2)C=C1Cl,12/000000102,C18H15N5O2Cl2,403.0,1.62,5.18,-8.631,2.313749983545118,0.389379808488897,1.3515648960170075,3.766033688627825,4.11,5.08,-150.0,DRUGLIKE_CRAFT
Druglike_180,Druglike,CCOC1=CC(C2=CC=C(C(=O)C3=NC(=O)ON3)N2)=CC=C1CCO,23/000000169,C17H17N3O5,343.0,1.46,4.61,-10.146,0.6401978232401094,2.060330066636834,1.3502639449384717,2.967566295764941,5.46,6.45,-140.0,DRUGLIKE_CONCAT
HighDiv_57,HighDiv,O=C1NCCN1C1=CC(O)=C(Br)C(C#CCCCO)=C1,28/000000449,C14H15N2O3Br,339.0,1.61,5.1,-8.84,2.0788654698180986,0.6198937384908231,1.3493796041544608,3.072166344841987,4.23,19.5,-120.0,HIGHDIVERSITY_CONCAT
Druglike_1108,Druglike,O=C(C1=NC=C(/C=C/C2=CC=CC(Cl)=C2)C=N1)C1=CC=C(CO)N1,12/000000005,C18H14N3O2Cl,339.0,2.21,4.78,-9.684,1.1393274149100245,1.5507729582115208,1.3450501865607727,2.8785719344248015,3.1,3.58,0.0,DRUGLIKE_CRAFT
HighDiv_70,HighDiv,COC1=C(Br)C(O)=C(C2=C(CCl)C(=O)C=C(CN)C2=O)N=C1,10/000000157,C14H12N2O4ClBr,387.0,0.2,5.06,-8.93,1.9614232129545892,0.7191581102619875,1.3402906616082884,3.4906461733536407,8.62,22.4,-180.0,HIGHDIVERSITY_CONCAT
HighDiv_165,HighDiv,O=C1NNC=C1/C=C/C1=CN=C(CO)C(C2=CNC(S)=N2)=C1,7/000000020,C14H13N5O2S,315.0,0.74,4.84,-9.511,1.3154908002052876,1.3599647769180603,1.3377277885616738,3.824257423120823,2.58,24.4,-120.0,HIGHDIVERSITY_CONCAT
Druglike_28,Druglike,O=C(O)C1=CN=C(O)N=C1[C@@H](O)/C=C/C1=NN=CCN1,29/000000140,C11H11N5O4,277.0,-0.06,5.1,-8.815,2.0788654698180986,0.5923203018877214,1.33559288585291,4.581601833343763,6.31,5.24,-150.0,DRUGLIKE_CONCAT
HighDiv_85,HighDiv,O=[N+]([O-])C1=C(CO)N=CN1CC#CC1=CC(O)=CC=C1,23/000000191,C13H11N3O4,273.0,1.81,5.01,-9.054,1.8146203918752029,0.8559223558133703,1.3352713738442865,3.0526630481386903,1.86,3.58,0.0,HIGHDIVERSITY_CONCAT
HighDiv_80,HighDiv,CC(=O)NCCCC#CC1=C(Br)C(ON)=CC(C(=O)O)=C1,12/000001338,C14H15N2O4Br,355.0,1.54,5.02,-9.017,1.8439809560910796,0.8151136696407796,1.3295473128659296,2.9369561710394567,5.13,21.3,-50.0,HIGHDIVERSITY_CONCAT
HighDiv_2030,HighDiv,O=[N+]([O-])C1=CC=C(OCC2=CC3=C(C=C2)N=C(O)N3)C=C1,29/000000010,C14H11N3O4,285.0,2.92,4.59,-10.161,0.5814766948083533,2.076874128598693,1.3291754117035233,2.248400543509092,3.5,2.35,-40.0,HIGHDIVERSITY_MAYBRIDGE
HighDiv_335,HighDiv,O=C1NCCN1C1=CC(CCC2=NNC3=C2C=CN=C3)=CC(O)=C1,28/000000029,C17H17N5O2,323.0,1.16,4.63,-10.054,0.6989189516718629,1.9588598199374205,1.3288893858046418,2.889931485308699,2.4,20.8,-140.0,HIGHDIVERSITY_CONCAT
HighDiv_1349,HighDiv,C=C(C1=CC=CC(NC2=CC=CC3=C2NCC(=O)N3)=C1O)[N+](=O)[O-],18/000000004,C16H14N4O4,326.0,1.92,4.38,-10.716,-0.03509515372507148,2.689004421187541,1.3269546337312348,3.047247499742028,6.81,21.8,-80.0,HIGHDIVERSITY_CRAFT
Druglike_110,Druglike,CCOC1=CC(C2=CC=C(C(=O)C3=NC(=O)ON3)N2)=CC=C1O,23/000000224,C15H13N3O5,315.0,1.7,4.74,-9.756,1.021885158046515,1.6301844556284537,1.3260348068374843,2.9111771694235387,5.71,5.09,-140.0,DRUGLIKE_CONCAT
HighDiv_215,HighDiv,NOC1=CC(C(=O)O)=CC(OC(=O)CCC2=CC(=O)OC2)=C1Br,12/000001348,C14H12NO7Br,386.0,0.36,4.78,-9.644,1.1393274149100245,1.5066554596465598,1.3229914372782923,3.026199113633174,5.92,23.1,0.0,HIGHDIVERSITY_CONCAT
HighDiv_1968,HighDiv,NOC1=C(C2=CNC(CC(=O)O)=N2)C=C(CCS(=O)(=O)C[N+](=O)[O-])C=C1F,27/000000472,C14H15N4O7SF,402.0,-0.22,5.02,-9.005,1.8439809560910796,0.8018784200712924,1.322929688081186,3.6340884486662617,4.85,3.7,-180.0,HIGHDIVERSITY_MAYBRIDGE
HighDiv_108,HighDiv,O=NC1=C(Br)C([N+](=O)[O-])=CC(C(=O)C2NC=CN2)=C1,12/000000116,C10H7N4O4Br,327.0,1.85,4.96,-9.16,1.6678175707958165,0.9728337270105195,1.320325648903168,3.821150718672447,3.46,2.48,-150.0,HIGHDIVERSITY_CONCAT
HighDiv_1609,HighDiv,O=C(O)C1=CC(C2=CC([N+](=O)[O-])=CC=C2S)=CC=C1[N+](=O)[O-],10/000000091,C13H8N2O6S,320.0,3.74,5.06,-8.893,1.9614232129545892,0.6783494240893987,1.319886318521994,2.4351374380211777,7.89,3.72,-186.0,HIGHDIVERSITY_LANAPDB
HighDiv_1638,HighDiv,C#CCC[C@H]1CC2=C(C=CC([S@+]([O-])C3=C(O)C=C(I)C(O)=C3)=C2)N1,12/000000314,C18H16NO3SI,453.0,2.76,4.77,-9.661,1.1099668506941451,1.525405396536668,1.3176861236154065,4.262458789284981,5.38,21.5,-190.0,HIGHDIVERSITY_LANAPDB
Druglike_16,Druglike,O=C1C=C(CCO)[C@@H](/C=C/C2=CN=C(C(=O)O)C(Br)=C2)N1,13/000000015,C14H13N2O4Br,353.0,0.18,5.17,-8.596,2.284389419329241,0.3507769972445551,1.3175832082868981,3.905083296126063,6.0,3.85,-150.0,DRUGLIKE_CONCAT
Druglike_1103,Druglike,NCC1=CC=C(C(=O)C2=NC=C(/C=C/C3=CC=CC(Cl)=C3)C=N2)N1,12/000000004,C18H16N4OCl,339.0,2.15,4.8,-9.578,1.198048543341778,1.4338615870143718,1.315955065178075,3.2719572187057375,2.81,3.58,0.0,DRUGLIKE_CRAFT
HighDiv_100,HighDiv,CC(C)=CCNC(=O)NC1=C(Br)C(ON)=CC(C(=O)O)=C1,12/000001309,C13H16N3O4Br,358.0,0.64,4.97,-9.121,1.6971781350116932,0.9298191659096818,1.3134986504606876,2.8561606533992023,7.19,20.3,-110.0,HIGHDIVERSITY_CONCAT
HighDiv_1229,HighDiv,C#CCC1=C(/C=C\C)C=CC(C2=CN=CC(O)=C2)=C1N,1/000000066,C17H16N2O,264.0,2.63,4.82,-9.52,1.2567696717735342,1.3698912140951771,1.3133304429343555,3.0940432679189103,5.66,15.8,-180.0,HIGHDIVERSITY_CRAFT
HighDiv_83,HighDiv,CCOC/C=C\CCCC#CC1=C(Br)C(ON)=CC(C(=O)O)=C1,12/000001307,C17H20NO4Br,382.0,3.04,5.02,-8.986,1.8439809560910796,0.7809226082529354,1.3124517821720074,3.1999765518199883,4.0,21.7,-130.0,HIGHDIVERSITY_CONCAT
HighDiv_34,HighDiv,NOC1=C(Br)C(C#CCCCCF)=CC(C(=O)O)=C1,12/000001312,C13H13NO3FBr,330.0,3.03,5.2,-8.499,2.372471111976874,0.2437920632245227,1.3081315876006983,3.134844801512683,5.26,19.8,0.0,HIGHDIVERSITY_CONCAT
Druglike_1739,Druglike,CCC1=CC=C(C2=CC(=O)C=C(C(=O)O)N2)C=C1,15/000000108,C14H12NO3,242.0,2.05,4.74,-9.722,1.021885158046515,1.5926845818482351,1.3072848699473751,2.193021272145762,3.8,2.22,-180.0,DRUGLIKE_MAYBRIDGE
Druglike_3,Druglike,NCOCC1=CC([C@@H](N)C2=NC(I)=C(C#CC(=O)O)C=C2)=CO1,26/000000135,C15H14N3O4I,427.0,0.67,5.42,-7.91,3.0184035247261756,-0.4058381031445434,1.3062827107908161,4.196951978508578,2.91,24.5,-190.0,DRUGLIKE_CONCAT
HighDiv_43,HighDiv,CCC#CC1=C(S)C(O)=CC(N2CCNC2=O)=C1,28/000000365,C13H14N2O2S,262.0,1.96,5.15,-8.621,2.2256682908974876,0.3783504338476567,1.3020093623725721,3.2914283490688385,2.02,18.5,-140.0,HIGHDIVERSITY_CONCAT
Druglike_79,Druglike,CCC1=CC=C(C2=CN=CCN2)C=C1CC(=O)C1=CC=C(Br)C=C1O,3/000000257,C20H19N2O2Br,399.0,3.94,4.83,-9.471,1.286130235989411,1.315847278353099,1.3009887571712548,3.0454089826555153,7.54,6.45,-180.0,DRUGLIKE_CONCAT
HighDiv_16,HighDiv,C=C[C@H](N)NCCCC1=C(Br)C(CO)=CC(C(=O)N=O)=C1,12/000000856,C14H18N3O3Br,356.0,1.68,5.33,-8.139,2.7541584467832796,-0.15326542386013672,1.3004465114615715,3.743968553699707,6.36,20.3,-180.0,HIGHDIVERSITY_CONCAT
HighDiv_2022,HighDiv,C/C=C/CC1=CC(C#CC2=CC(=O)OC[C@H]2C(=O)O)=CC=C1N,11/000000006,C18H16NO4,310.0,1.57,4.62,-10.027,0.6695583874559862,1.9290805084060703,1.2993194479310282,3.847343084277808,1.81,23.0,-170.0,HIGHDIVERSITY_MAYBRIDGE
Druglike_117,Druglike,CCOC1=CC(C2=CC=C(C(=O)C3=NC(=O)ON3)N2)=CC=C1N,23/000000369,C15H14N4O4,314.0,1.29,4.73,-9.732,0.9925245938306382,1.6037139564894753,1.2981192751600568,2.9492157493051945,5.78,5.09,-140.0,DRUGLIKE_CONCAT
HighDiv_1211,HighDiv,C=CC1=CC=C(C2=C(O)C(O)=CN=C2C(=O)O)C=C1,1/000000273,C14H10NO4,256.0,1.68,4.97,-9.093,1.6971781350116932,0.898936916914208,1.2980575259629505,2.605066990861795,5.56,14.4,-160.0,HIGHDIVERSITY_CRAFT
Druglike_127,Druglike,CN/C=C\C1=CC(C2=CC=C(C(=O)C3=NC(=O)ON3)N2)=CC=C1O,23/000000174,C16H14N4O4,326.0,1.6,4.71,-9.784,0.9338034653988821,1.6610667046239276,1.297435085011405,3.408672170505856,6.94,5.09,-140.0,DRUGLIKE_CONCAT
HighDiv_46,HighDiv,O=C(O)CC1=NNC(C2=NC(/C=C/C3=CN=CC=C3)=C(CO)C=C2I)=N1,4/000000286,C17H14N5O3I,463.0,1.78,5.14,-8.639,2.1963077266816082,0.39820330820188843,1.2972555174417484,3.3255479925821643,6.02,24.8,-180.0,HIGHDIVERSITY_CONCAT
HighDiv_45,HighDiv,CCNCC(=O)C1=CC(=O)C(CCl)=C(C2=C(O)C(Br)=CC=N2)C1=O,10/000000130,C16H15N2O4ClBr,414.0,0.71,5.15,-8.611,2.2256682908974876,0.36732105920641644,1.2964946750519522,4.145625940084693,5.76,24.6,-200.0,HIGHDIVERSITY_CONCAT
HighDiv_1231,HighDiv,NC1=CC=C(O)C=C1[C@H](Cl)C/C=C/C1=CC(O)=CC=C1,9/000000004,C16H16NO2Cl,289.0,3.2,4.81,-9.516,1.2274091075576548,1.3654794642386814,1.296444285898168,3.137888097080028,5.6,4.94,-150.0,HIGHDIVERSITY_CRAFT
Druglike_1165,Druglike,O=C(C1=NC=C(/C=C/C2=CC(CO)=CC(Cl)=C2)C=N1)C1=NNC(=O)O1,12/000000147,C16H11N4O4Cl,358.0,1.75,4.52,-10.287,0.37595274529721084,2.215844249078325,1.2958984971877678,3.1645346597952777,5.33,4.94,0.0,DRUGLIKE_CRAFT
HighDiv_1222,HighDiv,C=C(C1=CC=C(C2=C(O)C(O)=CN=C2)C=C1)C1=NC=CN=C1,1/000000243,C17H13N3O2,291.0,1.86,4.9,-9.275,1.4916541855005534,1.0996715353847855,1.2956628604426694,2.713938741802142,4.79,14.4,-160.0,HIGHDIVERSITY_CRAFT
Druglike_120,Druglike,CCCC1=CC=C(C2=CC=C(C(=O)C3=NC(=O)ON3)N2)C=C1,23/000000126,C16H15N3O3,297.0,2.61,4.72,-9.751,0.9631640296147589,1.6246697683078324,1.2939168989612957,2.7629826978460983,4.89,3.58,-140.0,DRUGLIKE_CONCAT
Druglike_1378,Druglike,CC[C@H](C(=O)O)C1=CC(/C=C/CCl)=CC(NC(N)=O)=C1,4/000000304,C14H17N2O3Cl,296.0,1.46,5.47,-7.754,3.165206345805562,-0.5778963475478959,1.293654999128833,3.111313738105668,7.93,6.2,-170.0,DRUGLIKE_LANAPDB
Druglike_1388,Druglike,NC(=O)NC1=CC(CC(=O)O)=C(/C=C/[C@H]2CC(=O)O2)C=C1,4/000000303,C14H14N2O5,290.0,0.08,5.12,-8.685,2.1375865982498548,0.448938431551596,1.2932625149007253,3.125737784468937,2.56,5.09,-150.0,DRUGLIKE_LANAPDB
Druglike_138,Druglike,O=C(C1=CC=C(C2=CC=C(O)C(CCl)=C2)N1)C1=NC(=O)ON1,23/000000323,C14H10N3O4Cl,319.0,1.83,4.68,-9.85,0.8457217727512493,1.7338605772561138,1.2897911750036815,3.1278107020999073,5.45,3.58,-120.0,DRUGLIKE_CONCAT
Druglike_1755,Druglike,O=C1C=C(CCF)NC(C2=CC=C(NC3=NCCO3)C=C2)=C1CBr,15/000000227,C17H17N3O2FBr,394.0,3.48,4.64,-9.956,0.7282795158877396,1.850771948453263,1.2895257321705014,3.2317291250602516,7.73,24.5,-160.0,DRUGLIKE_MAYBRIDGE
HighDiv_89,HighDiv,C=C(C)NC/C=C/C1=CC=C(I)C(C2=NC(CC(=O)O)=NN2)=N1,4/000000221,C15H16N5O2I,425.0,2.71,4.99,-9.024,1.7558992634434494,0.8228342318896475,1.2893667476665485,3.4901183787430643,4.31,24.4,-200.0,HIGHDIVERSITY_CONCAT
Druglike_182,Druglike,CC1=CC=C(C2=CC=C(C(=O)C3=NC(=O)ON3)N2)C=C1,23/000000054,C14H11N3O3,269.0,2.0,4.61,-10.035,0.6401978232401094,1.9379040081190635,1.2890509156795864,2.765476119278077,6.18,3.58,-140.0,DRUGLIKE_CONCAT
HighDiv_52,HighDiv,C=CCCCC#CC1=CC(C(=O)O)=CC(ON)=C1Br,12/000001336,C14H14NO3Br,324.0,2.82,5.11,-8.7,2.108226034033978,0.46548249351345544,1.2868542637737168,3.1288536772523283,5.19,18.7,0.0,HIGHDIVERSITY_CONCAT
HighDiv_1656,HighDiv,C=C[C@H]1CNC2=CC=C([S@+]([O-])C3=CC(O)=C(I)C=C3O)C=C21,12/000000326,C16H14NO3SI,427.0,2.33,4.67,-9.871,0.8163612085353725,1.7570222640027195,1.286691736269046,4.370895031439202,3.41,18.5,-190.0,HIGHDIVERSITY_LANAPDB
HighDiv_1228,HighDiv,O=C(C#CC1=C(O)C(O)=CN=C1C(=O)O)N[C@H]1CCNCS1,1/000000126,C13H13N3O5S,323.0,-0.22,4.82,-9.457,1.2567696717735342,1.300406153855363,1.2785879128144486,4.302970185987578,7.29,24.3,-150.0,HIGHDIVERSITY_CRAFT
Druglike_1747,Druglike,O=C(CC1=CC=C(C2=NNC=C2)C(I)=C1)CC1=NC=CC=C1CO,15/000000099,C18H16N3O2I,433.0,2.96,4.68,-9.824,0.8457217727512493,1.7051842031888886,1.275452987970069,3.0864147437893497,8.27,20.9,-120.0,DRUGLIKE_MAYBRIDGE
Druglike_164,Druglike,O=C(C1=CCCN1)C1=CC(COC2=CC(O)=CC=C2)=CC(=O)N1,7/000000035,C17H16N2O4,312.0,1.07,4.63,-9.957,0.6989189516718629,1.8518748859173884,1.2753969187946257,2.9885320806661433,1.3,3.58,-20.0,DRUGLIKE_CONCAT
HighDiv_97,HighDiv,NOC1=C(Br)C(C(=O)OC2CCCC2)=CC(C(=O)O)=C1,12/000000696,C13H14NO5Br,344.0,2.16,4.98,-9.022,1.7265386992275726,0.8206283569614007,1.2735835280944867,2.6561627883984293,6.12,3.58,-150.0,HIGHDIVERSITY_CONCAT
Druglike_1776,Druglike,O=C1C=C(CCO)NC(C2=CC=C(CCC3=COC=C3)C=C2)=C1,15/000000058,C19H19NO3,309.0,2.27,4.53,-10.208,0.4053133095130902,2.1287121894125245,1.2670127494628074,2.630517729345818,4.78,3.58,-160.0,DRUGLIKE_MAYBRIDGE
Druglike_126,Druglike,C#CCC1=CC=C(C2=CC=C(C(=O)C3=NC(=O)ON3)N2)C=C1OCNC,23/000000175,C18H16N4O4,352.0,1.75,4.71,-9.726,0.9338034653988821,1.5970963317047329,1.2654498985518075,3.476108075742247,8.65,6.45,-140.0,DRUGLIKE_CONCAT
HighDiv_176,HighDiv,NOC1=CC(C(=O)O)=CC(CC(=O)C[C@@H]2CCOC=N2)=C1Br,12/000001435,C14H15N2O5Br,371.0,0.75,4.83,-9.406,1.286130235989411,1.2441563431850364,1.2651432895872237,4.050697802633228,7.49,2.64,-150.0,HIGHDIVERSITY_CONCAT
HighDiv_211,HighDiv,CC1=C(C#CCCCF)C=C(N2CCNC2=O)C=C1O,28/000000521,C15H17N2O2F,276.0,2.37,4.79,-9.512,1.1686879791259013,1.3610677143821857,1.2648778467540436,3.1170179931936355,2.49,19.9,-140.0,HIGHDIVERSITY_CONCAT
HighDiv_1646,HighDiv,[O-][S@@+](C1=CC=C(O)C(C2=NSN=C2)=C1)C1=C(O)C=C(I)C(O)=C1,12/000000166,C14H9N2O4S2I,460.0,2.41,4.7,-9.751,0.9044429011830054,1.6246697683078324,1.264556334745419,4.052456545816269,4.54,24.6,-120.0,HIGHDIVERSITY_LANAPDB
HighDiv_1670,HighDiv,NC(N)C1=CC=C(N=O)C(Cl)=C1CCC1=CC(F)=C(O)C([N+](=O)[O-])=C1,11/000000006,C15H14N4O4FCl,368.0,2.34,4.59,-10.042,0.5814766948083533,1.9456245703679316,1.2635506325881425,3.2328262074740017,7.45,24.8,-150.0,HIGHDIVERSITY_LANAPDB
HighDiv_14,HighDiv,CCC[C@@H](CBr)COC1=C(Br)C(ON)=CC(C(=O)O)=C1,12/000001389,C13H17NO4Br2,411.0,3.36,5.36,-7.992,2.8422401394309125,-0.3153972310863714,1.2634214541722706,3.254375276567206,6.84,17.2,-170.0,HIGHDIVERSITY_CONCAT
HighDiv_112,HighDiv,C[C@@H](C(=O)OC1=C(Br)C(ON)=CC(C(=O)O)=C1)C1=NNC=C1,12/000001344,C13H12N3O5Br,370.0,1.19,4.95,-9.072,1.6384570065799398,0.8757752301676021,1.257116118373771,3.7473995050291937,7.12,23.5,-170.0,HIGHDIVERSITY_CONCAT
HighDiv_1964,HighDiv,NOC1=C(F)C=C(CCS(=O)(=O)CCBr)C=C1C1=CNC=N1,27/000000099,C13H15N3O3SFBr,392.0,1.83,5.13,-8.592,2.1669471624657315,0.34636524738805935,1.2566562049268954,3.528694857817273,5.67,3.58,-120.0,HIGHDIVERSITY_MAYBRIDGE
Druglike_82,Druglike,O=C(O)C1=CN=C(O)N=C1CC#CCC[C@@H]1C=COCC1,29/000000003,C15H16N2O4,288.0,1.42,4.81,-9.436,1.2274091075576548,1.2772444671087573,1.252326787333206,4.314722075966912,5.19,20.2,-150.0,DRUGLIKE_CONCAT
HighDiv_1619,HighDiv,O=[N+]([O-])C1=C(CNO)N(C[C@H](O)C2=CC=C3SN=CC3=C2)C=N1,7/000000004,C13H13N5O4S,335.0,1.53,4.92,-9.143,1.5503753139323069,0.9540837901204112,1.252229552026359,3.8321178734789902,8.27,5.08,-190.0,HIGHDIVERSITY_LANAPDB
Druglike_1736,Druglike,O=C(O)C1=CC(=O)C=C(C2=CC=C(Br)C=C2)N1,15/000000123,C12H7NO3Br,293.0,2.37,4.83,-9.381,1.286130235989411,1.2165829065819347,1.251356571285673,2.2639647815132236,2.42,2.22,-160.0,DRUGLIKE_MAYBRIDGE
HighDiv_1210,HighDiv,C=C(CC(N)=O)C1=CC=C(C2=C(CBr)N=CC(O)=C2O)C=C1,1/000000276,C16H15N2O3Br,363.0,1.92,5.04,-8.816,1.9027020845228357,0.5934232393518468,1.2480626619373414,3.028809511032911,8.61,17.5,-160.0,HIGHDIVERSITY_CRAFT
HighDiv_1270,HighDiv,O=C(C#CC1=CN=CC(O)=C1O)NC1=CC=CC=C1O,1/000000090,C14H10N2O4,270.0,1.18,4.61,-9.958,0.6401978232401094,1.8529778233815117,1.2465878233108105,2.871092993193635,4.28,17.6,0.0,HIGHDIVERSITY_CRAFT
HighDiv_1663,HighDiv,[O-][S@@+](C1=CC=C(O)C(C2=NNC=N2)=C1)C1=C(O)C=C(I)C(O)=C1,12/000000196,C14H10N3O4SI,443.0,2.21,4.63,-9.902,0.6989189516718629,1.7912133253905638,1.2450661385312134,4.139382266970115,4.04,22.6,-120.0,HIGHDIVERSITY_LANAPDB
Druglike_141,Druglike,O=C(C1=CC=C(C2=CC=C(O)C(C(=O)O)=C2)N1)C1=NC(=O)ON1,23/000000354,C14H9N3O6,315.0,0.98,4.67,-9.794,0.8163612085353725,1.6720960792651678,1.24422864390027,2.945166215281525,5.97,3.58,-120.0,DRUGLIKE_CONCAT
Druglike_251,Druglike,C#CCC1=CC=C(C2=CC=C(C(=O)C3=NC(=O)ON3)N2)C=C1,23/000000327,C16H11N3O3,293.0,2.08,4.49,-10.273,0.28787105264958057,2.200403124580587,1.2441370886150838,3.102222258285658,6.5,3.58,-120.0,DRUGLIKE_CONCAT
Druglike_1148,Druglike,NCC1=CC=C(/C=C/C2=CN=C(C(=O)C3=NC=NN3)N=C2)C=C1Cl,12/000000014,C16H14N6OCl,341.0,1.25,4.57,-10.06,0.5227555663765998,1.9654774447221652,1.2441165055493826,3.3931351451271414,3.92,4.94,0.0,DRUGLIKE_CRAFT
HighDiv_208,HighDiv,O=NC(=O)C1=CC(CCC#C[C@@H]2CNC(=S)C2)=C(Br)C(O)=C1,12/000000272,C15H13N2O3SBr,381.0,1.92,4.79,-9.467,1.1686879791259013,1.3114355284966035,1.2400617538112524,4.277579517639534,3.85,4.16,-150.0,HIGHDIVERSITY_CONCAT
Druglike_92,Druglike,NC(=O)C1=C(CC(=O)C2=CC=C(Br)C=C2O)C=C(C2=CN=CCN2)C=C1,3/000000261,C19H16N3O3Br,414.0,2.35,4.8,-9.44,1.198048543341778,1.281656216965253,1.2398523801535155,3.0621907118029643,7.26,5.08,-160.0,DRUGLIKE_CONCAT
HighDiv_1201,HighDiv,ONC/C=C/NC1=C(O)C=C(Br)C(C2=NC=C(I)C=C2)=C1,28/000000010,C14H13N3O2BrI,462.0,3.9,5.34,-8.002,2.7835190109991563,-0.30436785644513015,1.2395755772770132,3.302277779493447,4.59,17.2,-160.0,HIGHDIVERSITY_CRAFT
Druglike_1054,Druglike,CC1=NC(C(=O)C2=CNC(CCO)=C2)=NC=C1/C=C/C1=CC=C(I)C(Cl)=C1,12/000000210,C20H17N3O2ClI,493.0,3.66,5.35,-7.973,2.812879575215033,-0.3363530429047285,1.2382632661551523,3.2335109820809365,5.88,4.94,-60.0,DRUGLIKE_CRAFT
Druglike_266,Druglike,C#CCNCC1=CC=CC(C2=CC=C(C(=O)C3=NC(=O)ON3)N2)=C1,23/000000076,C17H14N4O3,322.0,1.55,4.48,-10.287,0.25851048843370383,2.215844249078325,1.2371773687560144,3.111177285595369,5.65,5.09,-120.0,DRUGLIKE_CONCAT
HighDiv_1253,HighDiv,CC#CCC1=CC(C#C[C@@H](C(=O)O)N2C=C([N+](=O)[O-])C=N2)=CC=C1O,27/000000016,C17H13N3O5,339.0,2.73,4.69,-9.727,0.8750823369671286,1.5981992691688562,1.2366408030679925,3.832468019470583,2.54,3.84,-170.0,HIGHDIVERSITY_CRAFT
HighDiv_1625,HighDiv,O=NC1=CC=C(S)C(C(=O)NC2=CC=C(Br)C=C2)=C1,10/000000094,C13H9N2O2SBr,337.0,3.71,4.88,-9.219,1.4329330570687973,1.0379070373938377,1.2354200472313175,2.4442895821311943,6.25,3.58,0.0,HIGHDIVERSITY_LANAPDB
Druglike_1741,Druglike,CC(=O)OCC#CCC1=CC=C(C2=CC(=O)C=C(CN)N2)C=C1,15/000000191,C18H18N2O3,310.0,1.92,4.74,-9.589,1.021885158046515,1.4459938991197374,1.233939528583126,2.860065690133597,1.65,3.58,-180.0,DRUGLIKE_MAYBRIDGE
HighDiv_1977,HighDiv,NOC1=C(C2=CNC(CO)=N2)C=C(NC2=NC=NC=C2)C=C1F,27/000000142,C14H13N6O2F,316.0,-0.23,4.91,-9.133,1.5210147497164301,0.943054415479169,1.2320345825977996,3.314856556190617,4.92,21.6,-120.0,HIGHDIVERSITY_MAYBRIDGE
HighDiv_1214,HighDiv,NC/C=C/C1=CC=C(C2=C(O)C(O)=CN=C2)C=C1,1/000000320,C14H14N2O2,242.0,1.62,4.96,-8.997,1.6678175707958165,0.793054920358299,1.2304362455770579,2.626558412417255,5.12,12.4,-160.0,HIGHDIVERSITY_CRAFT
HighDiv_1972,HighDiv,C=C(/C=C/CC)C1=NC(C2=C(ON)C(F)=CC=C2)=CN1,27/000000439,C15H16N3OF,273.0,2.45,4.98,-8.942,1.7265386992275726,0.7323933598314766,1.2294660295295246,3.5745320041826467,0.9,3.58,-160.0,HIGHDIVERSITY_MAYBRIDGE
HighDiv_99,HighDiv,O=NC1=CC(C(=O)[C@H]2CCCN2)=CC(S)=C1Br,12/000000083,C11H12N2O2SBr,316.0,2.47,4.97,-8.968,1.6971781350116932,0.7610697338987017,1.2291239344551974,5.02675295881556,3.52,2.35,-170.0,HIGHDIVERSITY_CONCAT
HighDiv_1248,HighDiv,C=C[C@H](NC(=O)C#CC1=C(O)C(O)=CN=C1)C1=CC(CC)=NO1,1/000000442,C16H15N3O4,313.0,1.34,4.71,-9.642,0.9338034653988821,1.504449584718311,1.2191265250585965,4.1093231323547315,2.95,25.0,-190.0,HIGHDIVERSITY_CRAFT
Druglike_208,Druglike,NC(=O)CC1=CC(C2=CC=C(C(=O)C3=NC(=O)ON3)N2)=CC=C1O,23/000000461,C15H12N4O5,328.0,0.06,4.57,-10.012,0.5227555663765998,1.9125364464442107,1.2176460064104053,3.0784592104194086,7.14,5.09,-120.0,DRUGLIKE_CONCAT
Druglike_1154,Druglike,NCC1=CC=C(/C=C/C2=CN=C(C(=O)C3=NC=NN3)N=C2)C=C1Cl,12/000000015,C16H13N6OCl,340.0,1.25,4.55,-10.06,0.46403443794484367,1.9654774447221652,1.2147559413335045,2.9623130715485466,3.97,4.94,0.0,DRUGLIKE_CRAFT
Druglike_1778,Druglike,OCC1=CC(O)=CC(C2=COC(CNCC3=NC=C(F)C=C3F)=C2)=C1,1/000000174,C18H16N2O3F2,346.0,1.74,4.53,-10.113,0.4053133095130902,2.0239331303207386,1.2146232199169145,2.8488345514529154,3.66,3.58,-140.0,DRUGLIKE_MAYBRIDGE
HighDiv_1597,HighDiv,C/C(=C\CC1=CNC=C1C(=O)C1=NN(C(=O)O)C=C1Br)CO,3/000000044,C14H13N3O4Br,367.0,0.3,5.13,-8.51,2.1669471624657315,0.25592437532988643,1.211435768897809,3.59952951103291,9.34,5.09,-20.0,HIGHDIVERSITY_LANAPDB
HighDiv_40,HighDiv,NCC1=CC(C2=CC(O)=C(F)C=C2N=O)=CN1,6/000000074,C11H10N3O2F,235.0,1.1,5.18,-8.376,2.313749983545118,0.1081307551372633,1.2109403693411906,3.3079706734935836,2.58,18.7,-140.0,HIGHDIVERSITY_CONCAT
HighDiv_2024,HighDiv,NC1=CC=C(C#CC2=CC(=O)OC[C@H]2C(=O)O)C=C1Br,11/000000003,C14H9NO4Br,335.0,1.4,4.62,-9.866,0.6695583874559862,1.7515075766820984,1.2105329820690423,3.6466046005765302,2.75,21.3,-150.0,HIGHDIVERSITY_MAYBRIDGE
Druglike_1089,Druglike,O=C(C1=CNC=C1)C1=NC=C(/C=C/C2=CC=C([C@H](O)CO)C(Cl)=C2)C=N1,12/000000162,C19H16N3O3Cl,369.0,1.5,4.86,-9.225,1.3742119286370438,1.0445246621785822,1.2093682954078129,3.447710730861189,4.18,5.21,-150.0,DRUGLIKE_CRAFT
HighDiv_1642,HighDiv,NCC1=CC=C(Cl)C=C1OCC#C[C@@H](NO)C1=CCCCC1,8/000000053,C17H21N2O2Cl,320.0,2.38,4.72,-9.591,0.9631640296147589,1.4481997740479844,1.2056819018313716,3.634476977556666,4.26,20.1,-150.0,HIGHDIVERSITY_LANAPDB
Druglike_1742,Druglike,NC(=O)C1=CC(=O)C=C(C2=CC=C(Br)C=C2)N1,15/000000112,C12H9N2O2Br,293.0,2.08,4.73,-9.563,0.9925245938306382,1.4173175250525123,1.2049210594415753,2.3429939140827827,2.6,2.22,-160.0,DRUGLIKE_MAYBRIDGE
HighDiv_101,HighDiv,NOC1=CC(C(=O)O)=CC(OC/C=C/[C@H]2CN=CN2)=C1Br,12/000001452,C13H14N3O4Br,356.0,1.11,4.97,-8.924,1.6971781350116932,0.7125404854772429,1.204859310244468,3.932063510125974,6.42,20.4,-150.0,HIGHDIVERSITY_CONCAT
Druglike_261,Druglike,NC(=O)C1=NON=C1C#C[C@H](O)C(=O)C1=NNC2=C1C=CC=C2,18/000000027,C14H9N5O4,311.0,0.91,4.49,-10.199,0.28787105264958057,2.1187857522354077,1.2033284024424942,3.68396189714763,6.47,3.58,-190.0,DRUGLIKE_CONCAT
HighDiv_1960,HighDiv,NOC1=C(F)C=C(CCS(=O)(=O)CS)C=C1C1=CNC=N1,27/000000231,C12H14N3O3S2F,331.0,1.04,5.18,-8.362,2.313749983545118,0.09268963063952732,1.2032198070923226,3.654209137673549,4.89,3.58,-120.0,HIGHDIVERSITY_MAYBRIDGE
Druglike_1184,Druglike,O=C(O)[C@@H](CNCC#CC1=CCC2=C1C=CC=C2)C1=NC=CN=C1,21/000000003,C19H16N3O2,318.0,0.66,4.44,-10.327,0.14106823157019424,2.259961747643286,1.2005149896067402,3.609425105678609,6.51,20.8,-190.0,DRUGLIKE_CRAFT
Druglike_184,Druglike,NCC(=O)C1=CC=C(C2=CC=C(C(=O)C3=NC(=O)ON3)N2)C=C1,23/000000425,C15H12N4O4,312.0,0.51,4.61,-9.871,0.6401978232401094,1.7570222640027195,1.1986100436214144,2.9292879386543067,6.27,5.09,-120.0,DRUGLIKE_CONCAT
HighDiv_107,HighDiv,CCC1=C(C2=CC(CN)=CC=C2)C(=O)C(CN)=CC1=O,10/000000165,C16H18N2O2,270.0,0.19,4.96,-8.932,1.6678175707958165,0.7213639851902363,1.1945907779930263,2.85256418699983,7.09,5.09,-180.0,HIGHDIVERSITY_CONCAT
HighDiv_1220,HighDiv,O=C(O)C[C@H](NCC1=CC(F)=CC([N+](=O)[O-])=C1F)C1=CN=C(O)N=C1,25/000000012,C14H13N4O5F2,355.0,1.13,4.91,-9.061,1.5210147497164301,0.8636429180622384,1.1923288338893343,4.2901608681819745,6.42,3.7,-150.0,HIGHDIVERSITY_CRAFT
Druglike_1098,Druglike,O=C1C=CC(C2=CN=C(/C=C/C3=CC=C(I)C(O)=C3)O2)=NN1,15/000000162,C15H10N3O3I,407.0,2.89,4.81,-9.318,1.2274091075576548,1.1470978463421189,1.1872534769498868,3.012323357186757,1.8,3.58,-120.0,DRUGLIKE_CRAFT
Druglike_35,Druglike,NCCOC(=O)C1=C[C@H](C(=O)O)C=C(CCCC2=CN=C(I)C=C2)O1,2/000000002,C17H19N2O5I,458.0,1.89,5.07,-8.619,1.9907837771704686,0.3761445589194079,1.1834641680449383,3.8963006807223746,3.67,23.7,-170.0,DRUGLIKE_CONCAT
HighDiv_113,HighDiv,NC[C@H](O)C#CCCC1=CC(C(=O)N=O)=CC(O)=C1Br,12/000000283,C13H14N2O4Br,342.0,1.14,4.94,-8.962,1.609096442364063,0.7544521091139571,1.1817742757390102,4.371080404772336,5.23,3.85,-150.0,HIGHDIVERSITY_CONCAT
Druglike_1797,Druglike,C=C(CC1=C(F)C=CC(F)=C1)C1=NC(C2=C(C)NN=C2)=CN=C1O,14/000000010,C17H14N4OF2,328.0,3.39,4.45,-10.249,0.17042879578607098,2.1739326254416107,1.1721807106138409,3.089585731659364,4.74,24.0,-140.0,DRUGLIKE_MAYBRIDGE
Druglike_146,Druglike,NCC1=C(/C=C/C2=CN=C(C3=CC(O)=CC=C3F)N2)C(O)=CC=C1,22/000000033,C18H16N3O2F,325.0,2.61,4.66,-9.689,0.7870006443194958,1.556287645532142,1.1716441449258188,2.9280518085149048,2.64,21.2,-160.0,DRUGLIKE_CONCAT
Druglike_1576,Druglike,O=C1C=CNC2=CC(/C=C/C3=NC4=C(C=C3)N=CN4)=CC=C12,25/000000002,C17H12N4O,288.0,2.86,4.18,-10.959,-0.6223064380426195,2.9570182249696852,1.1673558934635329,2.8924959015654537,5.86,19.3,-80.0,DRUGLIKE_LANAPDB
HighDiv_141,HighDiv,O=C1C=C([C@@H](/C=C/C2=CC=C(CCl)C(Cl)=C2O)CO)C(=O)N1,30/000000022,C15H13NO4Cl2,341.0,1.36,4.89,-9.066,1.462293621284674,0.8691576053828595,1.1657256133337668,3.9323402742599622,4.39,5.35,-150.0,HIGHDIVERSITY_CONCAT
Druglike_159,Druglike,NCNCC1=CC(C2=CC=C(C(=O)C3=NC(=O)ON3)N2)=CC=C1CF,23/000000439,C16H16N5O3F,345.0,0.97,4.63,-9.758,0.6989189516718629,1.6323903305567005,1.1656546411142816,3.432447985905786,4.56,6.45,-120.0,DRUGLIKE_CONCAT
HighDiv_86,HighDiv,CC/C=C/CCCC(=O)OC1=C(Br)C(ON)=CC(C(=O)O)=C1,12/000001301,C15H18NO5Br,372.0,2.28,5.0,-8.772,1.7852598276593261,0.5448939909303882,1.1650769092948572,2.769902587955988,3.63,19.9,-80.0,HIGHDIVERSITY_CONCAT
Druglike_20,Druglike,N[C@H](CO)CN1C=C(CC(=O)CNC/C=C/C2=CC(F)=CC=C2F)NC1,16/000000077,C18H24N4O2F2,366.0,0.93,5.12,-8.451,2.1375865982498548,0.19085106494656826,1.1642188315982116,4.02364657513539,4.2,5.09,-190.0,DRUGLIKE_CONCAT
HighDiv_18,HighDiv,CCCONC/C=C/[C@@H](C#CC1=CC(O)=CC=C1)CCO,23/000000182,C17H23NO3,289.0,3.3,5.3,-7.969,2.6660767541356467,-0.34076479276122423,1.1626559806872112,3.8673459221207582,2.8,17.8,-200.0,HIGHDIVERSITY_CONCAT
HighDiv_1958,HighDiv,C=CNCCC1=CC(F)=C(ON)C(C2=CNC(C(=O)NC)=N2)=C1,27/000000429,C15H18N5O2F,319.0,0.74,5.2,-8.234,2.372471111976874,-0.04848636476835125,1.1619923736042614,3.5736799172046023,2.36,3.58,-160.0,HIGHDIVERSITY_MAYBRIDGE
HighDiv_122,HighDiv,NN[C@@H](CNCCC1=NNC(N)=C1)C1=C(Br)C(N=O)=CC(C(=O)CCl)=C1,12/000000943,C15H19N7O2ClBr,444.0,1.28,4.93,-8.952,1.5797358781481836,0.7434227344727169,1.1615793063104503,4.151811406536865,4.8,5.09,-150.0,HIGHDIVERSITY_CONCAT
Druglike_1074,Druglike,CC1=CC(C2=C(CO)N=C(/C=C/CCCl)O2)=NNC1=O,15/000000197,C13H14N3O3Cl,295.0,1.1,4.92,-8.978,1.5503753139323069,0.7720991085399419,1.1612372112361244,3.471474586600229,3.47,24.9,-140.0,DRUGLIKE_CRAFT
Druglike_1078,Druglike,CCC/C=C/C1=NC(CO)=C(C2=NNC(=O)C(C)=C2)O1,15/000000212,C14H17N3O3,275.0,1.11,4.9,-9.031,1.4916541855005534,0.8305547941385175,1.1611044898195355,3.291271839347482,2.47,23.8,-200.0,DRUGLIKE_CRAFT
HighDiv_1299,HighDiv,CC1=C(O)C(O)=C(C#CC(=O)NC2=CC=CC=C2F)C=N1,1/000000544,C15H11N2O3F,286.0,2.07,4.52,-10.04,0.37595274529721084,1.9434186954396826,1.1596857203684467,2.7472478644640006,5.02,19.7,-20.0,HIGHDIVERSITY_CRAFT
HighDiv_117,HighDiv,C=CC1=C(C#CCCCF)C=C(N2CCNC2=O)C=C1O,28/000000523,C16H17N2O2F,288.0,2.66,4.94,-8.921,1.609096442364063,0.7092316730848707,1.1591640577244668,3.3142769972248693,4.62,21.5,-120.0,HIGHDIVERSITY_CONCAT
HighDiv_1386,HighDiv,O=C(O)N1N=CC2=CC(C/C=C/C3C=CNC=C3)=CC(F)=C21,22/000000010,C16H13N3O2F,298.0,2.9,4.31,-10.598,-0.24061910323621394,2.5588578004209044,1.1591193485923452,3.7494596209230218,2.97,4.94,-190.0,HIGHDIVERSITY_CRAFT
HighDiv_1251,HighDiv,C=CC1=CC(C2=C(O)C(O)=CN=C2)=CC=C1C(=C)CC(N)=O,1/000000263,C17H16N2O3,296.0,1.55,4.7,-9.559,0.9044429011830054,1.4129057751960146,1.15867433818951,3.219595664879064,7.45,17.4,-160.0,HIGHDIVERSITY_CRAFT
Druglike_151,Druglike,O=C(C1=CC=C(C2=CC=C(CF)C=C2)N1)C1=NC(=O)ON1,23/000000197,C14H10N3O3F,287.0,2.1,4.64,-9.714,0.7282795158877396,1.5838610821352437,1.1560702990114917,2.981877466586015,5.33,3.58,-120.0,DRUGLIKE_CONCAT
HighDiv_142,HighDiv,CC/C=C/C=C/C1=CC=C(I)C(C2=NC(CC(=O)O)=NN2)=N1,4/000000129,C15H15N4O2I,410.0,2.99,4.89,-9.044,1.462293621284674,0.8448929811721301,1.153593301228402,3.378962066864176,4.22,23.0,-180.0,HIGHDIVERSITY_CONCAT
HighDiv_1650,HighDiv,C/C=C/C1=CC([S@+]([O-])C2=CC(O)=C(I)C=C2O)=CC=C1,12/000000049,C15H13O3SI,400.0,3.27,4.69,-9.571,0.8750823369671286,1.4261410247655038,1.1506116808663163,3.6027676774996076,4.29,16.1,-20.0,HIGHDIVERSITY_LANAPDB
HighDiv_96,HighDiv,C=C/C(=C\C)C(=O)OC1=C(Br)C(ON)=CC(C(=O)O)=C1,12/000001354,C13H12NO5Br,342.0,1.79,4.98,-8.798,1.7265386992275726,0.5735703649976132,1.150054532112593,3.285573269992309,6.34,19.7,-20.0,HIGHDIVERSITY_CONCAT
Druglike_40,Druglike,N[C@H](C1=COC(C(=O)O)=C1)C1=NC(I)=C(C#CC(=O)O)C=C1,26/000000034,C14H9N2O5I,412.0,1.22,5.04,-8.638,1.9027020845228357,0.397100370737765,1.1499012276303004,3.9709064281061153,3.58,24.7,-150.0,DRUGLIKE_CONCAT
Druglike_1728,Druglike,O=C(C#CC1=CC(CO)=CC(O)=C1)O[C@H]1CN=C(CO)C1,1/000000177,C15H15NO5,289.0,0.2,4.95,-8.877,1.6384570065799398,0.6607024246634139,1.1495797156216767,3.9615839794871217,5.69,21.0,-150.0,DRUGLIKE_MAYBRIDGE
Druglike_1088,Druglike,NCC1=CC(C(=O)C2=NC=C(/C=C/C3=CC=C(CO)C(Cl)=C3)C=N2)=CN1,12/000000200,C19H17N4O2Cl,368.0,1.24,4.86,-9.114,1.3742119286370438,0.9220986036608139,1.1481552661489287,2.990295185929357,5.05,5.09,0.0,DRUGLIKE_CRAFT
HighDiv_154,HighDiv,O=NC1=C(Br)C(CC(=O)O)=CC(C(=O)[C@H]2CCCN2)=C1,12/000000098,C13H13N2O4Br,341.0,1.52,4.87,-9.087,1.4035724928529205,0.8923192921294634,1.147945892491192,3.498765439737369,3.55,3.58,-170.0,HIGHDIVERSITY_CONCAT
Druglike_131,Druglike,CCOC1=C(O)C(C2=CC=C(C(=O)C3=NC(=O)ON3)N2)=CC=C1,23/000000391,C15H13N3O5,315.0,1.7,4.69,-9.566,0.8750823369671286,1.4206263374448846,1.1478543372060066,3.000540246346615,5.7,5.09,-140.0,DRUGLIKE_CONCAT
Druglike_1381,Druglike,CN[C@@H](F)C1=CC(CC(=O)O)=CC(NC(N)=O)=C1,4/000000145,C11H14N3O3F,255.0,-0.29,5.38,-7.725,2.900961267862666,-0.6098815340074932,1.1455398669275865,3.1415002276805035,5.18,5.09,-170.0,DRUGLIKE_LANAPDB
HighDiv_255,HighDiv,C[C@H](CC1=CC(C(=O)[N+](=O)[O-])=CC(CO)=C1Br)C1=CSC(CC(=O)O)=N1,12/000000611,C16H15N2O6SBr,443.0,2.1,4.72,-9.481,0.9631640296147589,1.3268766529943394,1.1450203413045492,3.720706846097305,6.76,8.26,-170.0,HIGHDIVERSITY_CONCAT
HighDiv_1600,HighDiv,C=CC1=C([N+](=O)[O-])OC=C1C1=C(O)C(O)=CC(F)=C1,12/000000032,C12H8NO5F,265.0,2.41,5.11,-8.437,2.108226034033978,0.17540994044883032,1.1418179872414043,3.254842608682888,4.84,2.22,-120.0,HIGHDIVERSITY_LANAPDB
HighDiv_1982,HighDiv,NOC1=C(F)C=C(NC2=NC=CC=N2)C=C1C1=CNC=N1,27/000000398,C13H11N6OF,286.0,0.57,4.88,-9.046,1.4329330570687973,0.8470988561003769,1.140015956584587,3.101117517027377,5.47,19.8,-120.0,HIGHDIVERSITY_MAYBRIDGE
Druglike_226,Druglike,O=C(C1=CC=C(C2=CC=C(CF)C(O)=C2)N1)C1=NC(=O)ON1,23/000000442,C14H10N3O4F,303.0,1.69,4.53,-9.971,0.4053133095130902,1.8673160104151243,1.1363146599641072,3.1974523894448215,4.94,3.58,-120.0,DRUGLIKE_CONCAT
Druglike_80,Druglike,NC1=C2C=NNC2=NC([C@H](O)/C=C/CC2=NC(CCCl)=C(CO)C=C2)=N1,21/000000028,C17H19N6O2Cl,374.0,1.03,4.82,-9.195,1.2567696717735342,1.0114365382548614,1.1341031050141979,4.0522038701543295,5.91,23.1,-190.0,DRUGLIKE_CONCAT
HighDiv_159,HighDiv,N[C@H](C#CCCC1=C(Br)C(O)=CC(C(=O)N=O)=C1)C(=O)O,12/000000867,C13H11N2O5Br,355.0,0.59,4.86,-9.082,1.3742119286370438,0.8868046048088443,1.130508266722944,4.253662350692187,5.62,3.98,-180.0,HIGHDIVERSITY_CONCAT
Druglike_326,Druglike,NCC1=CC=CC=C1C#CC1=CC(C2=CNN=C2)=CC=C1,3/000000120,C18H15N3,273.0,4.37,4.41,-10.279,0.052986538922561374,2.2070207493653315,1.1300036441439465,2.4849339430128143,3.47,18.8,-120.0,DRUGLIKE_CONCAT
HighDiv_129,HighDiv,C=C(C(C)=O)C(=O)NOCC1=C(Br)C(CO)=CC(C(=O)N=O)=C1,12/000000350,C14H13N2O6Br,385.0,1.18,4.91,-8.944,1.5210147497164301,0.7345992347597254,1.1278069922380778,3.422860580035625,7.49,24.5,-110.0,HIGHDIVERSITY_CONCAT
HighDiv_203,HighDiv,COCC1=CC(C[C@H](N)C2=CC(O)=CC(Cl)=C2Cl)=CC(O)=C1,23/000000027,C16H18NO3Cl2,342.0,3.26,4.79,-9.259,1.1686879791259013,1.0820245359588008,1.125356257542351,3.5445833511830376,5.55,3.84,-170.0,HIGHDIVERSITY_CONCAT
Druglike_1156,Druglike,NC1=CC(CCC2=NC(CO)=C(C3=NNC(=O)C=C3)O2)=CC=C1,15/000000013,C16H16N4O3,312.0,0.64,4.54,-9.913,0.43467387372896693,1.8033456374959296,1.1190097556124483,2.8312817310157907,3.8,24.6,-120.0,DRUGLIKE_CRAFT
Druglike_1731,Druglike,NC(=O)N[C@H]1C=CN(CCOC(=O)C#CC2=CC(C(=O)O)=CC(O)=C2)C1,1/000000161,C17H17N3O6,359.0,1.24,4.87,-9.034,1.4035724928529205,0.8338636065308898,1.1187180496919051,3.8428940988445577,2.18,4.94,-170.0,DRUGLIKE_MAYBRIDGE
HighDiv_1654,HighDiv,COC1=C(I)C=C(O)C([S@@+]([O-])C2=CC=C3CNCC3=C2)=C1,12/000000148,C15H14NO3SI,415.0,1.97,4.67,-9.566,0.8163612085353725,1.4206263374448846,1.1184937729901285,3.568357903867825,4.72,16.9,-60.0,HIGHDIVERSITY_LANAPDB
HighDiv_1236,HighDiv,CCCC1=NC=C(O)C(O)=C1C#CC(=O)NC1CCCC1,1/000000374,C16H20N2O3,288.0,2.21,4.78,-9.267,1.1393274149100245,1.0908480356717922,1.1150877252909084,3.053169044160983,7.41,18.8,-170.0,HIGHDIVERSITY_CRAFT
Druglike_1393,Druglike,CC(=O)CC1=NON=C1[C@H](Cl)CN1C=CC(C(=O)O)=C1C#CCO,6/000000077,C15H14N3O5Cl,351.0,1.28,5.0,-8.68,1.7852598276593261,0.4434237442309749,1.1143417859451505,4.087830280503782,9.27,6.72,-170.0,DRUGLIKE_LANAPDB
HighDiv_212,HighDiv,CCCNCCC#CC1=C(C)C(O)=CC(N2CCNC2=O)=C1,28/000000485,C17H23N3O2,301.0,1.78,4.79,-9.239,1.1686879791259013,1.0599657866763201,1.1143268829011106,2.945626582993208,1.34,19.8,-200.0,HIGHDIVERSITY_CONCAT
HighDiv_110,HighDiv,CC[C@@H](N)C#CCCC1=C(Br)C(O)=CC(C(=O)N=O)=C1,12/000000881,C14H16N2O3Br,340.0,2.63,4.95,-8.812,1.6384570065799398,0.5890114894953492,1.1137342480376444,4.311480404772334,5.47,3.85,-170.0,HIGHDIVERSITY_CONCAT
Druglike_1583,Druglike,NCC1=CC(=O)C2=CC=C(/C=C/C3=CNC(=O)C=C3)C=C2N1,25/000000003,C17H15N3O2,293.0,0.92,4.16,-10.913,-0.681027566474373,2.9062831016199797,1.1126277675728034,2.759910170373571,6.24,22.4,-80.0,DRUGLIKE_LANAPDB
HighDiv_286,HighDiv,O=C(O)C1=CC(C/C=C/CC2=CON=C2O)=C([N+](=O)[O-])O1,3/000000173,C12H10N2O7,294.0,1.38,4.69,-9.498,0.8750823369671286,1.3456265898844477,1.110354463425788,3.664894548814132,5.17,4.16,0.0,HIGHDIVERSITY_CONCAT
HighDiv_160,HighDiv,NOC1=CC(C(=O)O)=CC(OCCOC2=CC=CC=C2)=C1Br,12/000001181,C15H14NO5Br,368.0,2.61,4.86,-9.044,1.3742119286370438,0.8448929811721301,1.109552454904587,2.211092587955987,8.13,17.1,0.0,HIGHDIVERSITY_CONCAT
Druglike_1446,Druglike,CCC1=CC(O)=C(C(=O)C2=C(/C=C3\N=COC3=O)C(=O)NC2=O)C=C1,23/000000079,C17H12N2O6,340.0,0.59,4.56,-9.842,0.49339500216072046,1.7250370775431223,1.1092160398519213,3.380785015440857,5.45,4.94,-20.0,DRUGLIKE_LANAPDB
HighDiv_1226,HighDiv,C[C@@H](NC(=O)C#CC1=C(O)C(O)=CN=C1CBr)C1=CNC=C1,1/000000407,C15H14N3O3Br,364.0,1.86,4.83,-9.123,1.286130235989411,0.9320250408379288,1.1090776384136698,4.067183805155295,7.06,23.3,-170.0,HIGHDIVERSITY_CRAFT
HighDiv_218,HighDiv,NC1=CC(C[C@H](C=S)NCCC2=C(Br)C(N=O)=CC(C(=O)CCl)=C2)=NN1,12/000000973,C16H17N5O2SClBr,458.0,2.49,4.77,-9.271,1.1099668506941451,1.0952597855282897,1.1026133181112174,4.302344098844558,5.93,6.45,-150.0,HIGHDIVERSITY_CONCAT
Druglike_128,Druglike,COCC1=CC=C(CC(=O)CNC/C=C/C2=C(F)C=CC(F)=C2)C=C1O,16/000000031,C20H21NO3F2,361.0,2.94,4.7,-9.453,0.9044429011830054,1.2959944039988653,1.1002186525909354,2.6769338098008575,4.15,5.09,-40.0,DRUGLIKE_CONCAT
HighDiv_1280,HighDiv,O=C(C#CC1=C(O)C(O)=CN=C1)NC1=CC=CC=C1,1/000000086,C14H10N2O3,254.0,1.59,4.58,-9.772,0.5521161305924766,1.6478314550544384,1.0999737928234574,2.6836002255757982,3.92,16.4,0.0,HIGHDIVERSITY_CRAFT
HighDiv_1244,HighDiv,C=C/C=C(/CC(N)=O)C1=CC=C(C2=C(O)C(O)=CN=C2)C=C1,1/000000257,C17H16N2O3,296.0,1.3,4.74,-9.343,1.021885158046515,1.1746712829452206,1.0982782204958679,3.0332272663923057,6.68,17.4,-160.0,HIGHDIVERSITY_CRAFT
HighDiv_256,HighDiv,O=C1NCCN1C1=CC(CCN2C=NC([N+](=O)[O-])=N2)=CC(O)=C1,28/000000163,C13H14N6O4,318.0,0.4,4.72,-9.396,0.9631640296147589,1.2331269685437962,1.0981454990792776,2.8883949209028277,3.36,24.4,-140.0,HIGHDIVERSITY_CONCAT
HighDiv_1328,HighDiv,CCC1=C(Cl)C=C(Cl)C(NC(=O)C2=C3NCC(=O)NC3=CC=C2)=N1,18/000000030,C16H14N4O2Cl2,364.0,2.64,4.43,-10.166,0.11170766735431488,2.0823888159193142,1.0970482416368146,2.79306724715879,7.58,3.7,-101.0,HIGHDIVERSITY_CRAFT
HighDiv_54,HighDiv,O=NC1=CC(F)=C(O)C=C1C1=CNC(CO)=C1,6/000000064,C11H9N2O3F,236.0,1.17,5.1,-8.381,2.0788654698180986,0.11364544245788441,1.0962554561379916,3.3000901497619965,2.88,18.5,-140.0,HIGHDIVERSITY_CONCAT
Druglike_173,Druglike,C#CC1=CC=C(C2=CC=C(C(=O)C3=NC(=O)ON3)N2)C=C1,23/000000324,C15H9N3O3,279.0,2.27,4.61,-9.685,0.6401978232401094,1.5518758956756464,1.096036859457878,3.0619866973552465,5.55,3.58,-120.0,DRUGLIKE_CONCAT
HighDiv_1247,HighDiv,O=C1CNC2=C(C=CC([N+](=O)[O-])=C2C(=O)NC2=C(Cl)C=C(Cl)C=N2)N1,18/000000023,C14H9N5O4Cl2,381.0,1.97,4.72,-9.391,0.9631640296147589,1.227612281223175,1.0953881554189668,2.8335107679492193,9.25,3.58,-97.0,HIGHDIVERSITY_CRAFT
HighDiv_138,HighDiv,C[C@H](N)C#CCCC1=C(Br)C(O)=CC(C(=O)N=O)=C1,12/000000817,C13H14N2O3Br,326.0,2.27,4.89,-8.937,1.462293621284674,0.7268786725108555,1.0945861468977647,4.252526675077361,4.47,3.85,-170.0,HIGHDIVERSITY_CONCAT
HighDiv_56,HighDiv,NCC1=CC(C2=CC(O)=C(F)C=C2N=O)=CN1,6/000000065,C11H11N3O2F,236.0,1.1,5.1,-8.376,2.0788654698180986,0.1081307551372633,1.093498112477681,3.8953510335590504,2.87,18.7,-140.0,HIGHDIVERSITY_CONCAT
HighDiv_247,HighDiv,O=NC1=CC(C#C[C@@H](CO)C2=NNC(=O)N2)=CC(O)=C1,23/000000072,C12H10N4O4,274.0,0.47,4.73,-9.358,0.9925245938306382,1.191215344907082,1.09186996936886,4.203290294882224,3.68,22.9,-150.0,HIGHDIVERSITY_CONCAT
HighDiv_237,HighDiv,NOC1=CC(C(=O)O)=CC(NC(=O)N[C@@H]2CCOC2)=C1Br,12/000001341,C12H14N3O5Br,360.0,-0.14,4.75,-9.303,1.0512457222623917,1.1305537843802596,1.0908997533213256,3.2015148611128,7.69,20.3,-150.0,HIGHDIVERSITY_CONCAT
Druglike_1744,Druglike,CC#CCC1=CC=C(C2=CC(=O)C=C(CN)N2)C=C1,15/000000041,C16H16N2O,252.0,2.22,4.72,-9.38,0.9631640296147589,1.2154799691178113,1.089321999366285,2.7920438153193885,3.08,3.58,-180.0,DRUGLIKE_MAYBRIDGE
HighDiv_1981,HighDiv,C#CC1=CC=C([C@@H](N)/C=C/C2=CSC(Cl)=C2)C2=C1N=CN2,22/000000058,C16H12N3SCl,313.0,2.72,4.88,-8.952,1.4329330570687973,0.7434227344727169,1.088177895770757,4.112595922120759,2.91,24.1,-190.0,HIGHDIVERSITY_MAYBRIDGE
HighDiv_290,HighDiv,CCC#C/C=C\CCCC1=CC(C(=O)O)=CC(O)=C1C(=O)O,3/000000232,C17H18O5,302.0,2.93,4.69,-9.455,0.8750823369671286,1.2982002789271143,1.0866413079471213,2.9112856648790633,4.41,4.16,-80.0,HIGHDIVERSITY_CONCAT
HighDiv_1268,HighDiv,C=C(CC(=O)O)C1=CC=C(C2=C(O)C(O)=CN=C2)C=C1,1/000000314,C15H13NO4,271.0,1.76,4.61,-9.663,0.6401978232401094,1.527611271464917,1.0839045473525133,2.697484746440388,5.43,15.0,-160.0,HIGHDIVERSITY_CRAFT
HighDiv_562,HighDiv,CC1=CN=C(CCC#CC2=CC(N3CCNC3=O)=CC(O)=C2)CN1,28/000000531,C18H20N4O2,324.0,0.61,4.42,-10.164,0.08234710313843813,2.0801829409910657,1.081265022064752,3.59567828893985,3.35,24.8,-160.0,HIGHDIVERSITY_CONCAT
HighDiv_44,HighDiv,NCNNCC1=CC(=O)C(CCl)=C(C2=NC=CC(Br)=C2)C1=O,10/000000020,C14H14N4O2ClBr,385.0,1.2,5.15,-8.219,2.2256682908974876,-0.06503042673021263,1.0803189320836375,3.7427473168336673,5.18,22.8,-200.0,HIGHDIVERSITY_CONCAT
HighDiv_1675,HighDiv,O=C(O)C1=CC(CO)=CC(CCC2=CC(O)=C(O)C(F)=C2)=C1Cl,11/000000013,C16H14O5FCl,340.0,2.72,4.53,-9.862,0.4053133095130902,1.7470958268256027,1.0762045681693464,2.6339157034949263,5.24,3.7,0.0,HIGHDIVERSITY_LANAPDB
HighDiv_1702,HighDiv,[O-][S@@+](C1=CC=CC(C2=NOCN2)=C1)C1=CC(O)=C(I)C=C1O,12/000000307,C14H11N2O4SI,430.0,2.88,4.46,-10.045,0.19978936000194772,1.9489333827603037,1.0743613713811258,4.16350434373887,4.01,19.6,-120.0,HIGHDIVERSITY_LANAPDB
HighDiv_1288,HighDiv,O=C1C=C(/C=C/COC2=CC(O)=C([N+](=O)[O-])C=C2F)C(=O)C(CO)=C1,23/000000003,C16H12NO7F,349.0,0.67,4.56,-9.778,0.49339500216072046,1.6544490798391829,1.0739220409999517,3.206230195452661,6.49,6.58,0.0,HIGHDIVERSITY_CRAFT
HighDiv_150,HighDiv,NOC1=C(Br)C(C#CCCC[SH](=O)=O)=CC(C(=O)O)=C1,12/000001326,C12H12NO5SBr,362.0,1.33,4.88,-8.926,1.4329330570687973,0.7147463604054918,1.0738397087371445,3.7298286159042577,5.9,22.0,0.0,HIGHDIVERSITY_CONCAT
Druglike_211,Druglike,O=C(O)CC1=C(O)C=CC(C2=CC=C(C(=O)C3=NC(=O)ON3)N2)=C1,23/000000478,C15H11N3O6,329.0,0.79,4.56,-9.777,0.49339500216072046,1.6533461423750575,1.073370572267889,3.024535674254083,7.22,5.09,-120.0,DRUGLIKE_CONCAT
HighDiv_74,HighDiv,C#C[C@@H](CC1=CC(C(=O)N=O)=CC(O)=C1Br)NN,12/000000744,C11H10N3O3Br,312.0,1.4,5.04,-8.497,1.9027020845228357,0.24158618829627387,1.0721441364095547,4.04749157383435,5.34,3.85,-150.0,HIGHDIVERSITY_CONCAT
HighDiv_116,HighDiv,NOCC1=C(Br)C(N=O)=CC(C(=O)[C@H]2CC(=O)N2)=C1,12/000000931,C11H10N3O4Br,328.0,-0.23,4.94,-8.763,1.609096442364063,0.5349675537532713,1.0720319980586672,3.854354729376003,4.25,3.72,-170.0,HIGHDIVERSITY_CONCAT
HighDiv_332,HighDiv,O=NC1=CC(C(=O)CCl)=CC(CCNCCC=C2NCCN2)=C1Br,12/000000438,C16H20N4O2ClBr,415.0,2.52,4.64,-9.561,0.7282795158877396,1.4151116501242635,1.0716955830060015,3.7399821252569865,6.69,4.94,0.0,HIGHDIVERSITY_CONCAT
HighDiv_175,HighDiv,O=NC(=O)C1=CC(CCC#CCNCCl)=C(Br)C(O)=C1,12/000000777,C13H13N2O3ClBr,360.0,2.54,4.83,-9.055,1.286130235989411,0.8570252932774938,1.0715777646334523,4.151411459727102,5.53,3.85,0.0,HIGHDIVERSITY_CONCAT
Druglike_64,Druglike,O=C(O)C1=CN=C(O)N=C1CCCC1=CC=CC=C1,29/000000128,C14H14N2O3,258.0,2.04,4.91,-8.84,1.5210147497164301,0.6198937384908231,1.0704542441036267,2.357087405062978,6.55,3.85,0.0,DRUGLIKE_CONCAT
Druglike_203,Druglike,NCC(=O)CC1=CC(C2=CC=C(C(=O)C3=NC(=O)ON3)N2)=CC=C1O,23/000000471,C16H15N4O5,343.0,-0.05,4.58,-9.718,0.5521161305924766,1.5882728319917394,1.070194481292108,3.5764980493634564,7.55,4.94,-120.0,DRUGLIKE_CONCAT
Druglike_1426,Druglike,O=C(O)CC#CC1=CC=CC([C@H](Br)C2=NNC(=O)N2)=C1,19/000000022,C13H10N3O3Br,336.0,2.22,4.7,-9.396,0.9044429011830054,1.2331269685437962,1.0687849348634009,3.67251034982728,7.66,22.0,-150.0,DRUGLIKE_LANAPDB
HighDiv_1227,HighDiv,C[C@@H](NC(=O)C#CC1=C(O)C(O)=CN=C1)C1=NN=C(S)N1,1/000000225,C12H11N5O3S,305.0,1.68,4.83,-9.047,1.286130235989411,0.8482017935645023,1.0671660147769566,4.295812208592907,3.44,24.5,-170.0,HIGHDIVERSITY_CRAFT
Druglike_136,Druglike,C=CC1=NC=C(CCC2=CC(O)=CC(C3=NNN=C3)=C2)C=N1,28/000000433,C16H15N5O,293.0,2.84,4.68,-9.445,0.8457217727512493,1.287170904285874,1.0664463385185616,3.0638360975713717,3.65,20.0,-120.0,DRUGLIKE_CONCAT
Druglike_152,Druglike,CCOC1=CC(C2=CC=C(C(=O)C3=NC(=O)ON3)N2)=CC=C1OC,23/000000234,C16H15N3O5,329.0,2.02,4.64,-9.549,0.7282795158877396,1.4018764005547744,1.065077958221257,2.781987102632552,6.12,3.58,-200.0,DRUGLIKE_CONCAT
HighDiv_371,HighDiv,CC1=C(C#CCCNC(N)=O)C=C(N2CCNC2=O)C=C1O,28/000000479,C15H18N4O3,302.0,0.01,4.59,-9.676,0.5814766948083533,1.5419494584985296,1.0617130766534415,2.9975223483595173,2.83,22.2,-140.0,HIGHDIVERSITY_CONCAT
HighDiv_1613,HighDiv,NC(=O)C1=CC2=C(O)C([S@+]([O-])C3=CC(O)=C(I)C=C3O)=CC=C2S1,12/000000201,C15H10NO5S2I,475.0,1.29,4.99,-8.61,1.7558992634434494,0.36621812174229107,1.0610586925928702,3.790264395619437,5.42,23.8,-40.0,HIGHDIVERSITY_LANAPDB
HighDiv_1976,HighDiv,C=CCOC1=CC(F)=C(ON)C(C2=CNC(CC#CC)=N2)=C1,27/000000277,C16H16N3O2F,301.0,2.16,4.92,-8.795,1.5503753139323069,0.5702615526052409,1.0603184332687738,3.625635764134648,1.6,23.6,-140.0,HIGHDIVERSITY_MAYBRIDGE
HighDiv_1245,HighDiv,O=C(C#CC1=C(O)C(O)=CN=C1C(=O)O)N[C@@H]1C=CCS1,1/000000200,C13H9N2O5S,305.0,0.19,4.74,-9.271,1.021885158046515,1.0952597855282897,1.0585724717874023,4.375518309388662,5.86,23.9,-150.0,HIGHDIVERSITY_CRAFT
HighDiv_106,HighDiv,CNNCC1=CC(C2=CC(O)=C(F)C=C2N=O)=CN1,6/000000096,C12H13N4O2F,264.0,2.25,4.96,-8.684,1.6678175707958165,0.4478354940874706,1.0578265324416436,3.540277971100715,3.43,20.7,-140.0,HIGHDIVERSITY_CONCAT
HighDiv_1963,HighDiv,O=C(/C=C/[C@@H](/C=C/C1=CC(F)=CC(F)=C1O)CO)NO,1/000000058,C13H13NO4F2,285.0,1.01,5.15,-8.177,2.2256682908974876,-0.11135380022342253,1.0571572453370326,3.765603481695411,2.35,3.58,-150.0,HIGHDIVERSITY_MAYBRIDGE
Druglike_61,Druglike,CC(=O)C1=CC([C@@H](N)C2=NC(I)=C(C#CC(=O)O)C=C2)=CO1,26/000000137,C15H11N2O4I,410.0,1.45,4.92,-8.784,1.5503753139323069,0.5581292404998772,1.054252277216092,4.017067197336885,4.1,24.1,-170.0,DRUGLIKE_CONCAT
HighDiv_136,HighDiv,NOC1=CC(C(=O)O)=CC(C[C@H]2C=CCCO2)=C1Br,12/000000665,C13H14NO4Br,328.0,1.49,4.9,-8.833,1.4916541855005534,0.6121731762419551,1.0519136808712544,3.794433001381466,6.3,2.48,-150.0,HIGHDIVERSITY_CONCAT
Druglike_1743,Druglike,O=C(C#CC1=CC(C(=O)NCC(F)F)=CC(O)=C1)OCCN1C=CCC1,1/000000056,C18H18N2O4F2,364.0,3.23,4.72,-9.312,0.9631640296147589,1.1404802215573744,1.0518221255860667,3.2839985094847357,3.14,4.94,-170.0,DRUGLIKE_MAYBRIDGE
HighDiv_1340,HighDiv,O=[N+]([O-])C1=CC(F)=C(OC/C=C/C2=CC=CC3=C2NN=N3)C=C1O,23/000000002,C15H11N4O4F,330.0,3.01,4.4,-10.163,0.023625974706684625,2.079080003526942,1.0513529891168134,2.9935624419990674,7.14,3.7,-40.0,HIGHDIVERSITY_CRAFT
Druglike_1727,Druglike,NCC1=CC(O)=CC(C#CC(=O)O[C@H]2CN=C(CO)C2)=C1,1/000000087,C15H16N2O4,288.0,0.14,4.97,-8.644,1.6971781350116932,0.40371799552250953,1.0504480652671013,3.993803275445402,5.06,21.2,-150.0,DRUGLIKE_MAYBRIDGE
Druglike_56,Druglike,C=C(CCC[C@@H](NC(N)N)C(=O)C1=COCC=C1)C1=NN=C(C(=O)O)N1,2/000000010,C16H20N6O4,360.0,1.04,4.95,-8.688,1.6384570065799398,0.4522472439439683,1.045352125261954,4.647311406536865,4.41,6.45,-150.0,DRUGLIKE_CONCAT
Druglike_1791,Druglike,CCC1=CC(C(=O)O)=C(C2=CC(=O)C(/C=C/CF)=CN2)C=C1,15/000000235,C17H16NO3F,301.0,3.33,4.46,-9.99,0.19978936000194772,1.8882718222334813,1.0440305911177146,2.9660007846773,5.11,3.58,-200.0,DRUGLIKE_MAYBRIDGE
HighDiv_12,HighDiv,NN[C@@H](C#CCC[N+](=O)[O-])C1=CC(CO)=C(I)C=C1,5/000000022,C12H14N3O3I,375.0,1.5,5.37,-7.566,2.871600703646789,-0.7852485908032171,1.043176056421786,4.075314440479378,2.19,19.7,-190.0,HIGHDIVERSITY_CONCAT
HighDiv_1256,HighDiv,C=C(CC(N)=O)C1=CC=C(C2=C(O)C(O)=CN=C2)C=C1,1/000000061,C15H14N2O3,270.0,1.03,4.66,-9.455,0.7870006443194958,1.2982002789271143,1.042600461623305,2.75526348769913,5.79,15.2,-160.0,HIGHDIVERSITY_CRAFT
HighDiv_169,HighDiv,COCC1=NN(C2=CC(C(=O)O)=CC(ON)=C2Br)C=C1Cl,12/000001370,C12H11N3O4ClBr,376.0,1.28,4.84,-8.974,1.3154908002052876,0.7676873586834462,1.041589079444367,3.025124592092089,7.27,22.4,-140.0,HIGHDIVERSITY_CONCAT
Druglike_1749,Druglike,O=C(O)CC1=CC(O)=CC(C#CC(=O)O[C@H]2CN=C(CO)C2)=C1,1/000000172,C16H15NO6,317.0,0.44,4.67,-9.425,0.8163612085353725,1.2651121550033935,1.040736681769383,3.874306305431654,5.3,3.87,-150.0,DRUGLIKE_MAYBRIDGE
HighDiv_41,HighDiv,C[C@@H](S)/C=C/COC1=CC(C(=O)O)=CC(ON)=C1Br,12/000001258,C12H14NO4SBr,348.0,2.25,5.17,-8.091,2.284389419329241,-0.2062064221380912,1.039091498595575,3.6496814262085815,6.92,18.4,-170.0,HIGHDIVERSITY_CONCAT
HighDiv_1278,HighDiv,O=C1CNC2=C(C=CC=C2C(=O)NC2=C(O)C=C(CBr)C(CCl)=C2)N1,18/000000019,C17H15N3O3ClBr,424.0,2.21,4.59,-9.632,0.5814766948083533,1.4934202100770708,1.037448452442712,2.928369477934885,7.42,3.7,-80.0,HIGHDIVERSITY_CRAFT
HighDiv_197,HighDiv,CCOCC1=C(Cl)C(O)=C(/C=C/[C@@H](CO)C2=CC(=O)NC2=O)C=C1,30/000000032,C17H18NO5Cl,351.0,1.03,4.81,-9.044,1.2274091075576548,0.8448929811721301,1.0361510443648925,3.816802308475811,3.83,8.26,-170.0,HIGHDIVERSITY_CONCAT
HighDiv_139,HighDiv,NCC#CCCC1=C(Br)C(O)=CC(C(=O)N=O)=C1,12/000000743,C12H12N2O3Br,312.0,1.74,4.89,-8.83,1.462293621284674,0.6088643638495829,1.0355789925671284,3.871638031957378,4.11,3.85,0.0,HIGHDIVERSITY_CONCAT
Druglike_1928,Druglike,NC(=O)C1=NC2=C(N=C1)C([C@H](F)C1=CC=C3ON=CC3=C1)=CN2,28/000000004,C15H10N5O2F,311.0,1.28,4.19,-10.691,-0.5929458738267401,2.6614309845844413,1.0342425553788506,3.778066620116968,0.46,23.1,-190.0,DRUGLIKE_MAYBRIDGE
Druglike_140,Druglike,C=C(CC1=CC(O)=CC(C2=NNN=C2)=C1)C1=NC(Br)=C(OC)C=C1,28/000000189,C17H15N4O2Br,387.0,4.44,4.68,-9.382,0.8457217727512493,1.217685844046058,1.0317038083986536,3.1869545234470333,5.85,22.3,-140.0,DRUGLIKE_CONCAT
HighDiv_482,HighDiv,O=C1NCCN1C1=CC(O)=CC(C#CCCC2=NC=CNC2)=C1,28/000000208,C17H18N4O2,310.0,0.37,4.49,-9.883,0.28787105264958057,1.7702575135722067,1.0290642831108936,3.573244480206899,2.68,24.2,-120.0,HIGHDIVERSITY_CONCAT
HighDiv_115,HighDiv,NCNCCCC#CCC1=C(Br)C(O)=CC(C(=O)N=O)=C1,12/000000848,C14H16N3O3Br,354.0,1.84,4.94,-8.684,1.609096442364063,0.4478354940874706,1.0284659682257669,3.4839372543844247,7.98,5.21,-30.0,HIGHDIVERSITY_CONCAT
Druglike_153,Druglike,O=C(C1=CC=C(C2=CC(OCCCO)=CC=C2)N1)C1=NC(=O)ON1,23/000000261,C16H15N3O5,329.0,1.34,4.64,-9.48,0.7282795158877396,1.3257737155302158,1.0270266157089778,2.8531752789064058,6.27,5.09,-120.0,DRUGLIKE_CONCAT
Druglike_287,Druglike,NCC1=CC=CC=C1C#CC1=C(CN)C=CC(C2=CNN=C2)=C1,3/000000264,C19H18N4,302.0,3.49,4.46,-9.958,0.19978936000194772,1.8529778233815117,1.0263835916917297,2.7462777752700447,6.84,20.8,-120.0,DRUGLIKE_CONCAT
Druglike_94,Druglike,NC[C@H](/C=C/CC1=NC=C(O)C=C1CCBr)C1=NC(N)=C2C=NNC2=N1,21/000000054,C17H20N7OBr,418.0,1.69,4.78,-9.104,1.1393274149100245,0.9110692290195717,1.025198321964798,4.212849192399652,5.12,23.3,-190.0,DRUGLIKE_CONCAT
HighDiv_151,HighDiv,O=NC(=O)C1=CC(CONC(=O)C2=NC=CC=N2)=C(Br)C(CO)=C1,12/000000233,C14H11N4O5Br,395.0,0.64,4.87,-8.864,1.4035724928529205,0.6463642376298013,1.024968365241361,3.1167655250003516,8.32,22.9,0.0,HIGHDIVERSITY_CONCAT
Druglike_292,Druglike,NC1=CC(CC(=O)CNC/C=C/C2=CC(F)=CC=C2F)=CC(O)=C1,16/000000038,C18H18N2O2F2,332.0,2.41,4.46,-9.955,0.19978936000194772,1.8496690109891394,1.0247291854955436,2.7481581771243473,5.59,5.09,0.0,DRUGLIKE_CONCAT
Druglike_1129,Druglike,NCCC1=CON=C1/C=C1\C=CC2=CC([C@H](O)CF)=CC=C12,17/000000005,C17H17N2O2F,300.0,2.1,4.67,-9.395,0.8163612085353725,1.2320240310796706,1.0241926198075215,3.903685768765457,6.38,22.3,-190.0,DRUGLIKE_CRAFT
HighDiv_1622,HighDiv,NCCOC1=C(Cl)C(C[C@@H](S)C2=CC(F)=C(O)C([N+](=O)[O-])=C2)=CC=C1,11/000000058,C16H16N2O4SFCl,386.0,3.54,4.89,-8.808,1.462293621284674,0.5845997396388535,1.0234466804617637,3.409895709810934,4.15,4.94,-170.0,HIGHDIVERSITY_LANAPDB
HighDiv_1633,HighDiv,C=C/C(C)=C/CC1=CC=C([S@+]([O-])C2=CC(O)=C(I)C=C2O)C=C1,12/000000289,C18H17O3SI,440.0,3.52,4.84,-8.936,1.3154908002052876,0.725775735046732,1.02063326762601,3.7280186680690175,6.6,18.9,-20.0,HIGHDIVERSITY_LANAPDB
Druglike_1137,Druglike,NC1=CN=C(CO)C(CC#CC2=CC=CC3=C2C(=O)OC=N3)=C1,12/000000022,C17H13N3O3,307.0,0.85,4.63,-9.493,0.6989189516718629,1.3401119025638284,1.0195154271178457,3.223088024722085,6.94,21.6,-80.0,DRUGLIKE_CRAFT
Druglike_194,Druglike,COC1=C(O)C=C(CC(=O)CNC/C=C/C2=C(F)C=CC(F)=C2)C=C1,16/000000080,C19H19NO3F2,347.0,3.14,4.59,-9.596,0.5814766948083533,1.4537144613686055,1.0175955780884793,2.5269674999129066,4.71,5.09,-40.0,DRUGLIKE_CONCAT
HighDiv_1978,HighDiv,NOC1=C(F)C=C(CC(=O)/C=C/CCF)C=C1C1=CNC=N1,27/000000452,C15H15N3O2F2,307.0,1.64,4.91,-8.742,1.5210147497164301,0.5118058670066673,1.0164103083615488,3.5566640519758392,4.16,3.58,-120.0,HIGHDIVERSITY_MAYBRIDGE
Druglike_1386,Druglike,C=CCC(=O)OCC1=CC(CC(=O)O)=CC(NC(N)=O)=C1,4/000000128,C14H16N2O5,292.0,0.19,5.16,-8.076,2.2550288551133644,-0.22275048409995063,1.0161391855067068,2.444195847152816,4.68,20.0,-30.0,DRUGLIKE_LANAPDB
Druglike_83,Druglike,O=C(CNC/C=C/C1=C(F)C=CC(F)=C1)CC1=CC(CCO)=NO1,16/000000061,C17H18N2O3F2,336.0,1.63,4.8,-9.031,1.198048543341778,0.8305547941385175,1.0143016687401478,2.92905158227056,4.0,5.09,0.0,DRUGLIKE_CONCAT
HighDiv_1621,HighDiv,O=C(O)C1=CC=CC(C2=C(S)C=CC([N+](=O)[O-])=C2CCl)=C1,10/000000084,C14H10NO4SCl,323.0,4.31,4.9,-8.759,1.4916541855005534,0.5305558038967756,1.0111049946986645,2.5719642682054484,8.51,3.58,-171.0,HIGHDIVERSITY_LANAPDB
HighDiv_1626,HighDiv,CC(=O)C1=CCC=C(C[C@H](O)C#CC2=C(N)C=C(CO)C(O)=C2)O1,8/000000043,C18H19NO5,329.0,0.83,4.88,-8.806,1.4329330570687973,0.5823938647106046,1.007663460889701,4.1901009098744115,3.7,3.7,-170.0,HIGHDIVERSITY_LANAPDB
HighDiv_217,HighDiv,C=C(CCS)C1=CC(C2=CC(O)=C(F)C=C2N=O)=CN1,6/000000159,C14H13N2O2SF,292.0,3.15,4.77,-9.098,1.1099668506941451,0.9044516042348291,1.007209227464487,3.5894439072795485,2.75,22.6,-180.0,HIGHDIVERSITY_CONCAT
Druglike_1424,Druglike,CC(=O)OC1=CC(OC/C=C(\CO)C2=CO[C@H](CCl)CO2)=CC=C1CO,4/000000180,C18H21O7Cl,384.0,1.72,4.72,-9.225,0.9631640296147589,1.0445246621785822,1.0038443458966706,3.787260484513684,4.75,6.58,-190.0,DRUGLIKE_LANAPDB
Druglike_53,Druglike,O=C1C=C[C@@H](/C(=C/C2=CN=C(CO)C(Br)=C2)C(=O)O)N1,13/000000052,C13H11N2O4Br,339.0,-0.02,4.96,-8.584,1.6678175707958165,0.33754174767506595,1.0026796592354412,3.983647677499608,6.52,2.47,-150.0,DRUGLIKE_CONCAT
Druglike_1897,Druglike,O=C1C=C(CCF)NC(C2=CC=C(NC3=NCCO3)C=C2)=C1,15/000000037,C16H16N3O2F,301.0,2.76,4.24,-10.499,-0.4461430527473538,2.4496669914726232,1.0017619693626347,3.037911337955988,4.36,22.2,-160.0,DRUGLIKE_MAYBRIDGE
HighDiv_221,HighDiv,CNOCC#CCCC1=C(Br)C(O)=CC(C(=O)N=O)=C1,12/000000236,C13H13N2O4Br,341.0,2.67,4.76,-9.112,1.0806062864782684,0.919892728732565,1.0002495076054168,3.558607263922907,3.58,3.85,-20.0,HIGHDIVERSITY_CONCAT
HighDiv_355,HighDiv,NCC1=C(C#CCCC2=CCC2)C=C(N2CCNC2=O)C=C1O,28/000000468,C18H21N3O2,311.0,0.67,4.61,-9.508,0.6401978232401094,1.356655964525688,0.9984268938828986,3.2305078203111126,4.44,21.8,-140.0,HIGHDIVERSITY_CONCAT
Druglike_1080,Druglike,NC1=CC(I)=CC=C1/C=C/[C@H](NC(=O)CC(=O)CCl)C1=CN=NN1,13/000000023,C15H15N5O2ClI,459.0,1.32,4.9,-8.732,1.4916541855005534,0.5007764923654251,0.9962153389329893,4.188329904760122,4.48,3.58,-190.0,DRUGLIKE_CRAFT
Druglike_191,Druglike,O=C(C1=CC=C(C2=CC=C(CCCCO)C=C2)N1)C1=NC(=O)ON1,23/000000514,C17H17N3O4,327.0,1.83,4.6,-9.527,0.61083725902423,1.377611776344045,0.9942245176841376,2.79952845616393,5.22,5.09,-140.0,DRUGLIKE_CONCAT
Druglike_1724,Druglike,C=C[C@H](CC)C1=CC(C(=O)NCCC(=O)O)=CC=C1,27/000000076,C15H19NO3,261.0,2.2,4.99,-8.488,1.7558992634434494,0.23165975111915704,0.9937795072813032,2.721823612077012,6.69,3.58,-170.0,DRUGLIKE_MAYBRIDGE
Druglike_1754,Druglike,CC(=O)NC1=CC(C#CC(=O)O[C@H]2CN=C(CO)C2)=CC(O)=C1,1/000000180,C16H16N2O5,316.0,0.27,4.64,-9.418,0.7282795158877396,1.2573915927545236,0.9928355543211316,3.818077940047039,4.83,24.0,-170.0,DRUGLIKE_MAYBRIDGE
HighDiv_190,HighDiv,O=NC(=O)C1=CC(CONC(=O)C2=NC=NC=C2)=C(Br)C(CO)=C1,12/000000061,C14H11N4O5Br,395.0,0.64,4.81,-8.964,1.2274091075576548,0.756657984042206,0.9920335457999303,3.1080465812575255,7.85,22.9,0.0,HIGHDIVERSITY_CONCAT
HighDiv_72,HighDiv,NOCC1=CC(C2=CC(O)=C(F)C=C2N=O)=CN1,6/000000131,C11H10N3O3F,251.0,0.66,5.05,-8.325,1.9320626487387125,0.051880944466936564,0.9919717966028245,3.4998323490688374,2.8,19.9,-160.0,HIGHDIVERSITY_CONCAT
Druglike_1119,Druglike,C/C(=C\C1=CC=CC=C1C(=O)[C@H]1C=C(CO)C=CC1)C1=NN=CN1,19/000000028,C19H19N3O2,321.0,2.8,4.73,-9.175,0.9925245938306382,0.9893777889723809,0.9909511914015096,4.076986042133457,6.39,5.09,-170.0,DRUGLIKE_CRAFT
Druglike_1781,Druglike,O=C(O)COC(=O)C1=CC=C(C2=CC(=O)C=C(CCF)N2)C=C1,15/000000162,C16H13NO5F,318.0,2.0,4.52,-9.733,0.37595274529721084,1.6048168939536007,0.9903848196254058,2.5494236672046036,6.2,3.58,-160.0,DRUGLIKE_MAYBRIDGE
HighDiv_1277,HighDiv,CC(=O)C/C=C/C1=CC=C(C2=C(O)C(O)=CN=C2)C=C1,1/000000254,C16H15NO3,269.0,2.19,4.59,-9.543,0.5814766948083533,1.3952587757700299,0.9883677352891915,2.6517773338529764,5.85,14.4,-180.0,HIGHDIVERSITY_CRAFT
Druglike_157,Druglike,NCCCCCC1=CC=C(C2=CC=C(C(=O)C3=NC(=O)ON3)N2)C=C1,23/000000402,C18H20N4O3,340.0,2.13,4.64,-9.408,0.7282795158877396,1.2463622181132832,0.9873208670005114,2.7997416207920267,5.17,4.94,-180.0,DRUGLIKE_CONCAT
HighDiv_126,HighDiv,C=C[C@@H](CN)ONCC1=CNC(=O)C2=C1C=C(C(=O)O)N2,3/000000031,C13H16N4O4,292.0,-0.18,4.92,-8.658,1.5503753139323069,0.4191591200202455,0.9847672169762762,3.963783826630042,8.82,24.6,-190.0,HIGHDIVERSITY_CONCAT
HighDiv_1948,HighDiv,CSCC1=NN=C(/C(=C/C2=C(I)N=CC(O)=C2S)CO)N1,30/000000158,C12H13N4O2S2I,436.0,3.0,5.48,-7.167,3.1945669100214413,-1.225320638988713,0.9846231355163642,4.248514707965326,9.31,24.2,-20.0,HIGHDIVERSITY_MAYBRIDGE
Druglike_1769,Druglike,CC(=O)CNC(=O)C1=CN=C(O)C(NC(=O)C2=CC=CC(Br)=C2)=C1,27/000000089,C16H14N3O4Br,392.0,1.91,4.56,-9.616,0.49339500216072046,1.475773210651086,0.9845841064059032,2.343544692101906,3.91,3.58,-20.0,DRUGLIKE_MAYBRIDGE
Druglike_169,Druglike,O=C(CNC/C=C(\C(=O)O)C1=CC(F)=CC=C1F)CC1=CC=NO1,16/000000049,C16H14N2O4F2,336.0,1.9,4.62,-9.456,0.6695583874559862,1.2993032163912377,0.9844308019236119,3.143395605367745,7.06,4.94,0.0,DRUGLIKE_CONCAT
HighDiv_1294,HighDiv,O=C(C#CC1=C(O)C(O)=CN=C1)NC1=CC=CC(O)=C1,1/000000092,C14H10N2O4,270.0,1.18,4.54,-9.668,0.43467387372896693,1.5331259587855361,0.9838999162572515,2.879924861325504,4.33,17.6,0.0,HIGHDIVERSITY_CRAFT
HighDiv_177,HighDiv,O=C1C=C([C@@H](/C=C/C2=CC=C(CO)C(Cl)=C2O)CO)C(=O)N1,30/000000028,C15H14NO5Cl,323.0,0.09,4.83,-8.894,1.286130235989411,0.6794523615535221,0.9827912987714664,3.9043202742599625,4.58,6.72,-150.0,HIGHDIVERSITY_CONCAT
HighDiv_292,HighDiv,CC1=C(C#CCCCN)C=C(N2CCNC2=O)C=C1O,28/000000537,C15H19N3O2,273.0,0.97,4.69,-9.266,0.8750823369671286,1.0897450982076686,0.9824137175873986,2.9838921690178104,2.35,18.6,-140.0,HIGHDIVERSITY_CONCAT
Druglike_1072,Druglike,CC1=CC=C(/C=C/C2=CN=C(C(=O)C3=CNC(CCN)=C3)N=C2)C=C1Cl,12/000000039,C20H20N4OCl,367.0,2.44,4.95,-8.573,1.6384570065799398,0.32540943556970225,0.9819332210748211,3.3096978886320594,4.35,4.94,-60.0,DRUGLIKE_CRAFT
Druglike_1738,Druglike,COC(=O)C1=CC(O)=CC(C#CC(=O)O[C@H]2CN=C(CO)C2)=C1,1/000000148,C16H15NO6,317.0,0.95,4.78,-9.021,1.1393274149100245,0.8195254194972772,0.9794264172036509,3.805062555431654,4.86,3.58,-190.0,DRUGLIKE_MAYBRIDGE
HighDiv_163,HighDiv,NOC1=CC(C(=O)O)=CC(OC(=O)CCN2CC=CN2)=C1Br,12/000001369,C13H14N3O5Br,372.0,0.59,4.85,-8.83,1.3448513644211644,0.6088643638495829,0.9768578641353736,3.3724285274263535,5.47,21.9,0.0,HIGHDIVERSITY_CONCAT
HighDiv_76,HighDiv,COC(=O)C/C=C/[C@@H](C#CC1=CC(O)=CC=C1)CCO,23/000000049,C16H18O4,274.0,2.21,5.03,-8.349,1.873341520306959,0.07835144360591477,0.9758464819564369,3.5411400201569503,2.33,18.0,-170.0,HIGHDIVERSITY_CONCAT
Druglike_1100,Druglike,NCC1=CC(C2=CN=C(/C=C/C3=CC=C(I)C(O)=C3)O2)=NNC1=O,15/000000261,C16H14N4O3I,437.0,1.93,4.81,-8.933,1.2274091075576548,0.7224669226543597,0.9749380151060072,3.57783348272305,2.76,3.7,-140.0,DRUGLIKE_CRAFT
HighDiv_1718,HighDiv,O=C1C=C(C=S)C2=CC([S@+]([O-])C3=CC(O)=C(I)C=C3O)=CC=C2O1,12/000000287,C16H9O5S2I,472.0,2.06,4.41,-9.996,0.052986538922561374,1.8948894470182258,0.9739379929703936,3.940375035748537,4.79,24.2,-80.0,HIGHDIVERSITY_LANAPDB
Druglike_102,Druglike,C/C=C(\C)CCCCC1=CC(O)=CC(C2=NNN=C2)=C1,28/000000422,C16H21N3O,271.0,4.32,4.76,-9.052,1.0806062864782684,0.8537164808851215,0.967161383681695,2.8069562812213977,1.14,18.4,-200.0,DRUGLIKE_CONCAT
HighDiv_297,HighDiv,N[C@@H](C#CCCC1=C(Br)C(O)=CC(C(=O)N=O)=C1)C(=O)O,12/000000852,C13H11N2O5Br,355.0,0.59,4.68,-9.262,0.8457217727512493,1.085333348351173,0.965527560551211,4.253662350692187,5.06,3.98,-180.0,HIGHDIVERSITY_CONCAT
HighDiv_236,HighDiv,CCNCC#CCCC1=C(Br)C(O)=CC(C(=O)N=O)=C1,12/000000821,C14H16N2O3Br,340.0,2.55,4.75,-9.075,1.0512457222623917,0.8790840425599743,0.9651648824111829,4.0950928583285,3.97,3.85,-20.0,HIGHDIVERSITY_CONCAT
Druglike_104,Druglike,CCOC1=C(COC)C(C2=CC=C(C(=O)C3=NC(=O)ON3)N2)=CC=C1,23/000000214,C17H17N3O5,343.0,1.82,4.75,-9.075,1.0512457222623917,0.8790840425599743,0.9651648824111829,3.0399660790802177,7.81,6.45,-200.0,DRUGLIKE_CONCAT
HighDiv_209,HighDiv,NCC1=CC(=O)C=C(C2=CC=C(C=S)C(CN)=C2)C1=O,10/000000138,C15H14N2O2S,286.0,-0.26,4.79,-8.967,1.1686879791259013,0.7599667964345782,0.9643273877802397,3.3566422289578712,4.79,21.1,-160.0,HIGHDIVERSITY_CONCAT
HighDiv_1623,HighDiv,COC1=CC=C(S)C(C[C@@H](S)C2=CC(F)=C(O)C([N+](=O)[O-])=C2)=C1Cl,11/000000049,C15H13NO4S2FCl,389.0,4.69,4.89,-8.7,1.462293621284674,0.46548249351345544,0.9638880573990647,3.647199576832453,5.27,4.94,-170.0,HIGHDIVERSITY_LANAPDB
Druglike_111,Druglike,OC1=CC(C2=NNN=C2)=CC(CCC2=CN=CN=C2CBr)=C1,28/000000435,C15H14N5OBr,360.0,3.13,4.74,-9.097,1.021885158046515,0.9033486667707037,0.9626169124086092,3.0908101360329105,3.85,20.1,-120.0,DRUGLIKE_CONCAT
HighDiv_474,HighDiv,C=C(C(=O)CC1=NNC=C1)C1=CC(N2CCNC2=O)=CC(O)=C1,28/000000501,C16H16N4O3,312.0,0.93,4.5,-9.735,0.3172316168654573,1.6070227688818477,0.9621271928736526,3.442956814393953,4.49,24.0,-120.0,HIGHDIVERSITY_CONCAT
HighDiv_1332,HighDiv,O=C1CNC2=C(C(=O)NC3=C(O)C=CC(CCl)=C3)C(S)=CC=C2N1,18/000000016,C16H14N3O3SCl,363.0,1.79,4.42,-9.947,0.08234710313843813,1.8408455112761462,0.9615963072072922,2.9733710359073555,8.45,3.58,-80.0,HIGHDIVERSITY_CRAFT
HighDiv_127,HighDiv,CCCC[C@H](O)CC1=CC(C(=O)N=O)=CC(O)=C1Br,12/000000368,C13H16NO4Br,330.0,2.86,4.92,-8.61,1.5503753139323069,0.36621812174229107,0.958296717837299,3.2990832361633338,3.57,3.85,-170.0,HIGHDIVERSITY_CONCAT
Druglike_1087,Druglike,CC(=O)CC1=C(C/C=C(/C(=O)O)C2=CC[C@@H](CO)O2)ON=C1O,4/000000070,C15H16NO7,322.0,-0.19,4.86,-8.767,1.3742119286370438,0.5393793036097669,0.9567956161234054,4.2912582285085765,9.31,5.21,-170.0,DRUGLIKE_CRAFT
HighDiv_195,HighDiv,C=C(CN)C(=O)C1=CC(C[C@@H](Cl)N2C=NC=N2)=C(Br)C(O)=C1,12/000000702,C14H14N4O2ClBr,385.0,1.61,4.81,-8.898,1.2274091075576548,0.6838641114100178,0.9556366094838362,3.9762879665676536,4.04,3.58,-170.0,HIGHDIVERSITY_CONCAT
Druglike_1382,Druglike,CC[C@H](C(=O)O)C1=CC(NC(N)=O)=CC(CF)=C1,4/000000255,C12H15N2O3F,254.0,0.72,5.37,-7.407,2.871600703646789,-0.9606156475989408,0.9554925280239241,2.930386766142042,6.43,4.69,-170.0,DRUGLIKE_LANAPDB
Druglike_1081,Druglike,O=C1NN=C(C2=CN=C(/C=C/C3=CC(O)=C(I)C=C3)O2)C=C1CCF,15/000000226,C17H13N3O3FI,453.0,3.49,4.9,-8.658,1.4916541855005534,0.4191591200202455,0.9554066527603995,3.2576607703044864,1.79,5.08,-160.0,DRUGLIKE_CRAFT
HighDiv_1648,HighDiv,O=[N+]([O-])C1=CC(/C=C/C2=NC=CC3=C2N=CN3)=C(S)C=C1,10/000000076,C14H10N4O2S,298.0,2.64,4.7,-9.188,0.9044429011830054,1.0037159760059935,0.9540794385944995,3.1169236204321695,6.67,20.2,-40.0,HIGHDIVERSITY_LANAPDB
HighDiv_289,HighDiv,CC1=C(C#CCCCCON)C=C(N2CCNC2=O)C=C1O,28/000000548,C16H21N3O3,303.0,0.88,4.69,-9.211,0.8750823369671286,1.0290835376808463,0.9520829373239874,3.099227327410082,3.1,20.4,-140.0,HIGHDIVERSITY_CONCAT
HighDiv_1696,HighDiv,NC(=O)NC1=CC=C([C@@H](CC2=CC=NN3C=NN=C23)N=O)C=C1Cl,11/000000069,C14H11N7O2Cl,344.0,1.41,4.48,-9.764,0.25851048843370383,1.639007955341445,0.9487592218875744,3.5766044269455772,5.01,4.94,-190.0,HIGHDIVERSITY_LANAPDB
HighDiv_172,HighDiv,O=NC(=O)C1=CC(CONC(=O)[C@H]2CSCN2)=C(Br)C(CO)=C1,12/000000067,C13H14N3O5SBr,404.0,0.92,4.84,-8.804,1.3154908002052876,0.5801879897823577,0.9478393949938226,3.868432507354731,7.51,25.0,-150.0,HIGHDIVERSITY_CONCAT
HighDiv_124,HighDiv,CCCC#CC1=CC(C(=O)O)=CC(ON)=C1Br,12/000001156,C12H12NO3Br,298.0,2.47,4.92,-8.591,1.5503753139323069,0.345262309923934,0.9478188119281205,3.031096013278683,5.75,16.5,-20.0,HIGHDIVERSITY_CONCAT
Druglike_1752,Druglike,OC/C(=C\CC1=CCNC1)C1=CC=C2C(=C1)NC1=C2C=CN=C1,13/000000001,C19H19N3O,305.0,1.56,4.66,-9.283,0.7870006443194958,1.108495035097777,0.9477478397086363,3.285869410982883,3.42,17.4,-200.0,DRUGLIKE_MAYBRIDGE
HighDiv_1661,HighDiv,O=C(NC1=CC(O)=CC=C1)C1=C(O)C(O)=CC([SH](=O)=O)=C1,21/000000005,C13H11NO6S,309.0,0.77,4.64,-9.334,0.7282795158877396,1.1647448457681038,0.9465121808279218,2.8878484787317635,3.31,3.58,0.0,HIGHDIVERSITY_LANAPDB
HighDiv_418,HighDiv,C#CCNCC#CCCC1=CC(C(=O)N=O)=CC(O)=C1Br,12/000000769,C15H14N2O3Br,350.0,2.4,4.55,-9.571,0.46403443794484367,1.4261410247655038,0.9450877313551738,4.293170941387077,4.71,5.21,-30.0,HIGHDIVERSITY_CONCAT
HighDiv_226,HighDiv,O=C1NCCN1C1=CC(C#CCCCF)=C(CO)C(O)=C1,28/000000403,C15H17N2O3F,292.0,1.33,4.76,-9.011,1.0806062864782684,0.808496044856035,0.9445511656671517,3.180372955503877,3.8,21.1,-120.0,HIGHDIVERSITY_CONCAT
HighDiv_1628,HighDiv,O=C(OP(=O)(O)O)C1=NC=C(C2=CC=CC=C2)C=C1,23/000000002,C12H10NO5P,279.0,0.99,4.87,-8.717,1.4035724928529205,0.4842324304035657,0.9439024616282431,2.244317158328581,6.51,16.0,-160.0,HIGHDIVERSITY_LANAPDB
Druglike_495,Druglike,NCCC1=CC=CC=C1C#CC1=CC(C2=CNN=C2)=CC=C1,3/000000119,C19H17N3,287.0,4.53,4.27,-10.31,-0.35806136009972356,2.2412118107531778,0.9415752253267271,2.476058978488531,5.07,19.4,-129.0,DRUGLIKE_CONCAT
HighDiv_53,HighDiv,C=CC1=C(C2=CC(O)=C(F)C=C2N=O)C=C(C(=O)OC)N1,6/000000149,C14H11N2O4F,290.0,2.45,5.11,-8.07,2.108226034033978,-0.22936810888469517,0.9394289625746415,3.3904225678005906,4.49,23.5,-160.0,HIGHDIVERSITY_CONCAT
Druglike_1732,Druglike,NC(N)NC1=C(C#CC(=O)O[C@H]2CN=C(CO)C2)C=CC=C1O,1/000000094,C15H17N4O4,317.0,-0.28,4.84,-8.787,1.3154908002052876,0.5614380528922495,0.9384644265487685,4.255123132354731,8.46,24.7,-150.0,DRUGLIKE_MAYBRIDGE
HighDiv_1715,HighDiv,[O-][S@@+](C1=CC(O)=C2C=NCCC2=C1)C1=CC(O)=C(I)C=C1O,12/000000320,C15H12NO4SI,429.0,1.79,4.43,-9.878,0.11170766735431488,1.7647428262515876,0.9382252468029513,4.188085696706368,4.63,19.7,-80.0,HIGHDIVERSITY_LANAPDB
HighDiv_235,HighDiv,NC1=C(Cl)C(O)=C(/C=C/[C@@H](CO)C2=CC(=O)NC2=O)C=C1,30/000000034,C14H13N2O4Cl,308.0,0.08,4.75,-9.025,1.0512457222623917,0.8239371693537729,0.9375914458080823,3.886617946412256,4.01,5.21,-150.0,HIGHDIVERSITY_CONCAT
Druglike_249,Druglike,CNCC1=CC(C2=CC=C(C(=O)C3=NC(=O)ON3)N2)=CC=C1O,23/000000253,C15H14N4O4,314.0,0.88,4.5,-9.689,0.3172316168654573,1.556287645532142,0.9367596311987996,3.055909950488627,6.17,5.09,-140.0,DRUGLIKE_CONCAT
Druglike_1405,Druglike,NCC1=CC=C(C/C(=C/[C@@H]2CCC(=O)O2)C2=NC=NN2)C=C1,6/000000051,C16H18N4O2,298.0,1.36,4.88,-8.676,1.4329330570687973,0.4390119943744792,0.9359725257216382,3.5013598415676537,7.88,5.09,-150.0,DRUGLIKE_LANAPDB
HighDiv_1708,HighDiv,NC(=O)NC1=CC=C([C@@H](CC2=NC=NC3=C2NN=C3)N=O)C=C1Cl,11/000000068,C14H11N7O2Cl,344.0,0.28,4.44,-9.847,0.14106823157019424,1.7305517648637414,0.9358099982169679,3.577264155452363,5.36,4.94,-190.0,HIGHDIVERSITY_LANAPDB
HighDiv_1673,HighDiv,CN1C(=O)C(=O)NC2=CC([S@+]([O-])C3=CC(O)=C(I)C=C3O)=CC=C21,12/000000085,C15H11N2O5SI,458.0,0.57,4.56,-9.527,0.49339500216072046,1.377611776344045,0.9355033892523827,3.6443195435484306,4.97,22.7,-100.0,HIGHDIVERSITY_LANAPDB
HighDiv_2003,HighDiv,NOC1=C(F)C=C(CC(=O)/C=C/CC(=O)O)C=C1C1=CNC=N1,27/000000396,C15H14N3O4F,319.0,0.38,4.73,-9.072,0.9925245938306382,0.8757752301676021,0.9341499119991201,3.448354917204602,4.74,4.94,-120.0,HIGHDIVERSITY_MAYBRIDGE
HighDiv_448,HighDiv,O=C1NCCN1C1=CC(O)=CC(C#CCCC2=CCC2)=C1,28/000000145,C17H18N2O2,282.0,1.54,4.52,-9.631,0.37595274529721084,1.4923172726129472,0.9341350089550791,3.035759774278324,0.98,19.8,-120.0,HIGHDIVERSITY_CONCAT
HighDiv_186,HighDiv,NCC/C(=C/CCCC1=CC(C(=O)O)=CC(O)=C1)C1=CN=C(S)N1,3/000000158,C17H22N3O3S,348.0,1.65,4.82,-8.831,1.2567696717735342,0.6099673013137062,0.9333684865436203,3.74056368803135,3.56,6.72,0.0,HIGHDIVERSITY_CONCAT
HighDiv_1984,HighDiv,OCC1=NN=C([C@@H](/C=C/C2=CC(F)=CC(F)=C2O)NO)N1,1/000000135,C12H12N4O3F2,298.0,1.81,4.87,-8.694,1.4035724928529205,0.45886486872871285,0.9312186807908167,4.116685948645959,1.66,23.4,-150.0,HIGHDIVERSITY_MAYBRIDGE
HighDiv_189,HighDiv,CCC#CC1=C(Br)C(O)=CC(N2CCNC2=O)=C1,28/000000339,C13H13N2O2Br,309.0,2.38,4.81,-8.851,1.2274091075576548,0.6320260505961888,0.9297175790769218,3.108858502914992,3.32,17.7,-140.0,HIGHDIVERSITY_CONCAT
Druglike_170,Druglike,OC1=CC(C2=NNN=C2)=CC(CC/C=C/C2=COCCO2)=C1,28/000000184,C16H17N3O3,299.0,3.72,4.62,-9.356,0.6695583874559862,1.1890094699788332,0.9292839287174097,3.325680280263679,2.04,22.2,-120.0,DRUGLIKE_CONCAT
HighDiv_1693,HighDiv,O=C(CCC1=CN=CC=C1)NCC1=CC(C2=CC=C(O)C=C2)=CN1,25/000000014,C19H19N3O2,321.0,2.13,4.48,-9.728,0.25851048843370383,1.5993022066329796,0.9289063475333417,2.3164950017922177,4.1,4.94,-160.0,HIGHDIVERSITY_LANAPDB
HighDiv_128,HighDiv,C=CCC/C=C/C(=O)OC1=C(Br)C(ON)=CC(C(=O)O)=C1,12/000001394,C14H14NO5Br,356.0,1.96,4.91,-8.583,1.5210147497164301,0.3364388102109425,0.9287267799636864,2.974136737841077,5.93,20.3,-30.0,HIGHDIVERSITY_CONCAT
HighDiv_200,HighDiv,C=CC(=C)C(=O)C1=CC(NC(N)=O)=C(Br)C(N=O)=C1,12/000000125,C12H10N3O3Br,324.0,1.3,4.8,-8.874,1.198048543341778,0.6573936122710415,0.9277210778064098,3.460994789678364,3.62,3.72,-20.0,HIGHDIVERSITY_CONCAT
HighDiv_317,HighDiv,CCC#C/C(=C\CCCC1=CC(C(=O)O)=CC(O)=C1)CN,3/000000190,C17H21NO3,287.0,2.35,4.65,-9.273,0.757640080103619,1.0974656604565367,0.9275528702800779,3.0988948140661217,2.51,5.21,-50.0,HIGHDIVERSITY_CONCAT
HighDiv_1257,HighDiv,C/C=C/C1=CC=C(C2=C(O)C(O)=CN=C2)C=C1,1/000000055,C14H13NO2,227.0,2.73,4.66,-9.24,0.7870006443194958,1.0610687241404437,0.9240346842299698,2.4893194664559406,3.84,11.0,-180.0,HIGHDIVERSITY_CRAFT
HighDiv_342,HighDiv,C=C(C)CCCC#CC1=CC(N2CCNC2=O)=CC(O)=C1,28/000000174,C17H20N2O2,284.0,2.14,4.63,-9.318,0.6989189516718629,1.1470978463421189,0.9230083990069908,2.957210504395663,1.76,19.4,-140.0,HIGHDIVERSITY_CONCAT
Druglike_237,Druglike,O=C(O)C1=C(CO)C(=O)C=C[C@@H]1NCCC1=CC(O)=CC(F)=C1,17/000000023,C16H17NO5F,322.0,-0.1,4.52,-9.602,0.37595274529721084,1.46033208615335,0.9181424157252804,4.1829483383986865,5.17,22.9,-150.0,DRUGLIKE_CONCAT
Druglike_1147,Druglike,O=C(C1=C[C@H](CO)NC1)C1=NC=C(/C=C/C2=CC(Cl)=CC=C2Br)C=N1,12/000000146,C18H15N3O2ClBr,420.0,2.18,4.58,-9.442,0.5521161305924766,1.2838620918935018,0.9179891112429892,3.828099485860898,3.81,3.58,-170.0,DRUGLIKE_CRAFT
HighDiv_1965,HighDiv,NOC1=C(C2=CNC(C(=O)O)=N2)C=C(Cl)C=C1F,27/000000432,C10H6N3O3FCl,270.0,0.73,5.11,-8.031,2.108226034033978,-0.2723826699855328,0.9179216820242226,3.2682537305445045,1.82,2.35,-120.0,HIGHDIVERSITY_MAYBRIDGE
HighDiv_1980,HighDiv,CCS(=O)(=O)CCC1=CC(F)=C(ON)C(C2=CNC=N2)=C1,27/000000262,C13H16N3O3SF,313.0,1.15,4.89,-8.614,1.462293621284674,0.37062987159878874,0.9164617464417314,3.290442028920234,4.63,3.58,-140.0,HIGHDIVERSITY_MAYBRIDGE
HighDiv_1634,HighDiv,[O-][S@@+](C1=CC=C(Cl)C(O)=C1)C1=CC(O)=C(I)C=C1O,12/000000046,C12H8O4SClI,410.0,2.66,4.83,-8.772,1.286130235989411,0.5448939909303882,0.9155121134598996,3.5676850461180836,4.52,16.2,0.0,HIGHDIVERSITY_LANAPDB
Druglike_121,Druglike,C=CC1=NC=NC=C1CCC1=CC(O)=CC(C2=NNN=C2)=C1,28/000000398,C16H15N5O,293.0,2.84,4.72,-9.061,0.9631640296147589,0.8636429180622384,0.9134034738384986,3.147213741802142,3.74,20.0,-120.0,DRUGLIKE_CONCAT
Druglike_1064,Druglike,NCCC1=CC(C(=O)C2=NC=C(/C=C/C3=CC=C(CN)C(Cl)=C3)C=N2)=CN1,12/000000156,C20H22N5OCl,383.0,1.33,5.12,-7.995,2.1375865982498548,-0.3120884186939991,0.9127490897779278,3.804016671128731,3.58,6.45,-40.0,DRUGLIKE_CRAFT
HighDiv_305,HighDiv,O=NC1=CC(C(=O)CCl)=CC(CCNCC/C=C/[C@@H]2CCNC2)=C1Br,12/000000934,C18H23N3O2ClBr,428.0,2.65,4.67,-9.192,0.8163612085353725,1.0081277258624892,0.9122444671989309,3.862447698211927,4.06,4.94,-150.0,HIGHDIVERSITY_CONCAT
HighDiv_1975,HighDiv,CC/C=C(/C)C1=CC(C2=CNC=N2)=C(ON)C(F)=C1,27/000000033,C14H16N3OF,261.0,2.15,4.94,-8.472,1.609096442364063,0.21401275169317222,0.9115545970286176,3.440293065440338,5.19,18.4,-200.0,HIGHDIVERSITY_MAYBRIDGE
HighDiv_314,HighDiv,O=NC(=O)C1=CC(O)=C(Br)C(C[C@@H](O)/C=C/C(=O)NO)=C1,12/000000078,C12H11N2O6Br,359.0,0.76,4.66,-9.216,0.7870006443194958,1.0345982250014654,0.9107994346604806,3.733857955087792,5.07,5.21,-180.0,HIGHDIVERSITY_CONCAT
Druglike_373,Druglike,NCC1=CC(O)=CC=C1C1=CC=C(C(=O)C2=NC(=O)ON2)N1,23/000000229,C14H13N4O4,301.0,0.49,4.38,-9.959,-0.03509515372507148,1.8540807608456351,0.9094928035602818,3.6546211239361366,5.47,3.58,-120.0,DRUGLIKE_CONCAT
HighDiv_1652,HighDiv,[O-][S@@+](C1=CC=C2CNCC2=C1)C1=C(O)C=C(I)C(O)=C1,12/000000067,C14H12NO3SI,401.0,1.64,4.68,-9.159,0.8457217727512493,0.971730789546396,0.9087262811488226,3.728335075102004,2.88,16.3,-40.0,HIGHDIVERSITY_LANAPDB
HighDiv_1267,HighDiv,O=C(C#CC1=C(O)C(O)=CN=C1)NC1CCCCC1,1/000000106,C14H16N2O3,260.0,1.64,4.61,-9.345,0.6401978232401094,1.1768771578734694,0.9085374905567893,2.9507668922424664,4.91,17.6,-150.0,HIGHDIVERSITY_CRAFT
Druglike_183,Druglike,O=C(O)[C@H](CC1=COC=CC1)NC/C=C/C1=CC(F)=CC=C1F,1/000000007,C17H17NO3F2,321.0,2.6,4.61,-9.341,0.6401978232401094,1.1724654080169716,0.9063316156285406,3.683542252177217,3.36,5.09,-150.0,DRUGLIKE_CONCAT
HighDiv_1637,HighDiv,COC1=CC=C(O)C(C[C@@H](S)C2=CC(F)=C(O)C([N+](=O)[O-])=C2)=C1Cl,11/000000051,C15H13NO5SFCl,373.0,3.91,4.77,-8.915,1.1099668506941451,0.7026140483001261,0.9062904494971356,3.4414889999093763,4.61,4.94,-170.0,HIGHDIVERSITY_LANAPDB
HighDiv_60,HighDiv,O=NC(=O)C1=CC(O)=C(Br)C(CC#CCNO)=C1,12/000000827,C11H9N2O4Br,313.0,1.91,5.09,-8.058,2.049504905602222,-0.24260335845418426,0.9034507735740188,3.659195645772135,5.92,3.85,0.0,HIGHDIVERSITY_CONCAT
Druglike_263,Druglike,O=C(C1=CC=C(C2=CC=C(CCl)C=C2)N1)C1=NC(=O)ON1,23/000000455,C14H10N3O3Cl,303.0,2.23,4.49,-9.649,0.28787105264958057,1.512170146967179,0.9000205998083799,2.9137428512014,7.03,3.58,-120.0,DRUGLIKE_CONCAT
HighDiv_147,HighDiv,C/C=C/C[C@H](O)CC1=CC(C(=O)N=O)=CC(O)=C1Br,12/000000273,C13H14NO4Br,328.0,2.44,4.88,-8.609,1.4329330570687973,0.36511518427816764,0.8990241206734825,3.669150204489125,4.48,3.85,-170.0,HIGHDIVERSITY_CONCAT
HighDiv_1255,HighDiv,C#CCC1=C(/C=C\CCO)C=CC(C2=CN=CC(O)=C2)=C1N,1/000000323,C18H18N2O2,294.0,1.75,4.67,-9.165,0.8163612085353725,0.9783484143311387,0.8973548114332557,3.1476531338616933,5.99,17.6,-160.0,HIGHDIVERSITY_CRAFT
HighDiv_158,HighDiv,C=CC/C=C/C1=CC=C(I)C(C2=NC(CC(=O)O)=NN2)=N1,4/000000285,C14H13N4O2I,396.0,2.9,4.86,-8.657,1.3742119286370438,0.4180561825561221,0.8961340555965829,3.442773998528649,5.17,22.4,-120.0,HIGHDIVERSITY_CONCAT
Druglike_589,Druglike,OCC1=CC=CC=C1C#CC1=CC=CC(C2=CNN=C2)=C1,3/000000123,C18H14N2O,274.0,4.44,4.21,-10.387,-0.5342247453949867,2.3261379954907295,0.8959566250478714,2.43547190827336,3.92,18.6,-129.0,DRUGLIKE_CONCAT
HighDiv_394,HighDiv,O=C1NNC=C1/C=C/C1=CN=C(CO)C(C2=NNC(O)=C2)=C1,7/000000026,C14H13N5O3,299.0,0.86,4.56,-9.453,0.49339500216072046,1.2959944039988653,0.8946947030797929,3.6028859945493945,2.44,24.0,-120.0,HIGHDIVERSITY_CONCAT
Druglike_1729,Druglike,O=C(C#CC1=CC(C2=NNN=C2)=CC(O)=C1)OCCBr,1/000000060,C13H10N3O3Br,336.0,4.31,4.88,-8.596,1.4329330570687973,0.3507769972445551,0.8918550271566762,3.237615390533138,1.67,23.5,-140.0,DRUGLIKE_MAYBRIDGE
HighDiv_118,HighDiv,O=NC1=C(Br)C(NC(=O)CF)=CC(C(=O)CO)=C1,12/000000607,C10H8N2O4FBr,319.0,0.52,4.94,-8.432,1.609096442364063,0.16989525312821116,0.8894958477461371,3.1246933106073005,4.76,3.72,0.0,HIGHDIVERSITY_CONCAT
HighDiv_201,HighDiv,NCC1=CC=C(/C=C/[C@@H](CO)C2=CC(=O)NC2=O)C(O)=C1Cl,30/000000037,C15H15N2O4Cl,322.0,0.02,4.8,-8.8,1.198048543341778,0.575776239925862,0.88691239163382,3.893091043490731,4.73,6.72,-150.0,HIGHDIVERSITY_CONCAT
HighDiv_90,HighDiv,O=NC(=O)C1=CC(O)=C(Br)C(CC#CCSS)=C1,12/000000842,C11H8NO3S2Br,346.0,3.08,4.99,-8.294,1.7558992634434494,0.01768988307909232,0.8867945732612709,3.832885755662245,6.77,3.85,0.0,HIGHDIVERSITY_CONCAT
Druglike_207,Druglike,O=C(C1=CC=C(C2=CC=C(O)C=C2O)N1)C1=NC(=O)ON1,23/000000328,C13H9N3O5,287.0,0.96,4.57,-9.41,0.5227555663765998,1.2485680930415322,0.8856618297090659,3.087622499180539,5.66,3.58,-120.0,DRUGLIKE_CONCAT
Druglike_58,Druglike,CCCCCCCCC1=CC(O)=CC(C2=NNN=C2)=C1,28/000000154,C16H23N3O,273.0,5.24,4.94,-8.425,1.609096442364063,0.16217469087934316,0.8856355666217031,2.415203859051914,1.99,17.4,-140.0,DRUGLIKE_CONCAT
HighDiv_423,HighDiv,CC1=C(C2=CC=C(CO)C=C2)C(=O)C(CN)=CC1=O,10/000000119,C15H15NO3,257.0,0.0,4.55,-9.463,0.46403443794484367,1.3070237786401058,0.8855291082924748,2.6416980559505525,3.16,3.58,-180.0,HIGHDIVERSITY_CONCAT
HighDiv_114,HighDiv,NCCCCCC#CC1=C(Br)C(ON)=CC(C(=O)O)=C1,12/000001185,C14H17N2O3Br,341.0,1.98,4.94,-8.422,1.609096442364063,0.1588658784869709,0.883981160425517,2.9496156555312965,4.47,19.1,0.0,HIGHDIVERSITY_CONCAT
Druglike_1144,Druglike,NC1=C(/C=C/C2=CN=C(C(=O)C3=CC=C(CO)N3)N=C2)C=C(Cl)C=C1,12/000000076,C18H15N4O2Cl,354.0,1.4,4.59,-9.351,0.5814766948083533,1.1834947826582138,0.8824857387332836,3.053784930651182,3.68,3.58,-20.0,DRUGLIKE_CRAFT
Druglike_509,Druglike,NC(=O)C1=NON=C1C#C[C@H](O)C(=O)C1=NC2=C(C=C1)CCO2,18/000000028,C14H10N4O5,314.0,0.2,4.27,-10.201,-0.35806136009972356,2.120991627163656,0.8814651335319663,4.030786749218636,6.93,3.58,-190.0,DRUGLIKE_CONCAT
HighDiv_1276,HighDiv,C=CCC(=O)C1=CC=C(O)C(C2=CC(Cl)=C(CC=C)C(N)=C2)=C1,3/000000077,C19H18NO2Cl,327.0,4.3,4.59,-9.347,0.5814766948083533,1.1790830328017163,0.8802798638050349,2.8041947180287785,3.93,17.9,-160.0,HIGHDIVERSITY_CRAFT
HighDiv_1324,HighDiv,NCC1=CC(O)=C(NC(=O)C2=C(S)C=CC3=C2NCC(=O)N3)C=C1,18/000000013,C16H16N4O3S,344.0,0.45,4.44,-9.746,0.14106823157019424,1.6191550809872133,0.8801116562787038,2.9270463516364025,9.0,3.58,-80.0,HIGHDIVERSITY_CRAFT
Druglike_1581,Druglike,O=C(C1=CC(=O)NC=N1)C1=NN=C(/C=C\C2CCCCC2)N1,21/000000019,C15H17N5O2,299.0,2.07,4.16,-10.488,-0.681027566474373,2.437534679367258,0.8782535564464424,3.498854126417526,2.91,3.58,-150.0,DRUGLIKE_LANAPDB
HighDiv_198,HighDiv,NOC1=CC(C(=O)O)=CC(OC(=O)CCN2CCCC2)=C1Br,12/000001171,C14H18N2O5Br,374.0,0.94,4.8,-8.784,1.198048543341778,0.5581292404998772,0.8780888919208276,3.982535463113617,5.89,20.1,0.0,HIGHDIVERSITY_CONCAT
HighDiv_1309,HighDiv,C=CC1=CC(NC(=O)C#CC2=C(O)C(O)=CN=C2)=CN=C1,1/000000214,C15H11N3O3,281.0,0.85,4.48,-9.634,0.25851048843370383,1.4956260850053196,0.8770682867195116,3.2719007260384263,6.13,19.2,0.0,HIGHDIVERSITY_CRAFT
HighDiv_1373,HighDiv,CC1=CC(O)=C(NC(=O)C2=CC=CC3=C2NCC(=O)N3)C=C1CCl,18/000000022,C17H16N3O3Cl,345.0,1.64,4.33,-10.033,-0.18189797480445782,1.9356981331908147,0.8769000791931785,2.728744629477964,6.89,4.94,-100.0,HIGHDIVERSITY_CRAFT
HighDiv_1967,HighDiv,NOC1=C(C2=CNC(C(=O)O)=N2)C=C(N=O)C=C1F,27/000000466,C10H6N4O4F,265.0,-0.35,5.02,-8.195,1.8439809560910796,-0.09150092586918888,0.8762400151109454,3.6940776417493697,1.69,23.5,-120.0,HIGHDIVERSITY_MAYBRIDGE
HighDiv_192,HighDiv,C[C@@H](N)C#CCCC1=C(Br)C(O)=CC(C(=O)N=O)=C1,12/000000770,C13H14N2O3Br,326.0,2.27,4.81,-8.754,1.2274091075576548,0.5250411165761545,0.8762251120669047,4.252526675077361,3.87,3.85,-170.0,HIGHDIVERSITY_CONCAT
Druglike_1414,Druglike,NC(=O)NC1=CC=C(CCNCC2=CON=C2)C(CC(=O)O)=C1,4/000000266,C15H18N4O4,318.0,-0.15,4.77,-8.86,1.1099668506941451,0.6419524877733036,0.8759596692337244,2.6176472285951355,4.15,5.09,0.0,DRUGLIKE_LANAPDB
HighDiv_21,HighDiv,C=C[C@H](O)C1=C(Br)C(N=O)=CC(C(=O)CCNN)=C1,12/000000923,C12H14N3O3Br,328.0,0.7,5.29,-7.469,2.63671618991977,-0.8922335248232494,0.8722413325482603,3.978712195439352,3.34,5.24,-170.0,HIGHDIVERSITY_CONCAT
HighDiv_252,HighDiv,C=CCC1=CC(C2=CC(O)=C(F)C=C2N=O)=CN1,6/000000125,C13H11N2O2F,246.0,2.64,4.73,-8.956,0.9925245938306382,0.7478344843292125,0.8701795390799254,3.4464443490688375,3.09,19.5,-160.0,HIGHDIVERSITY_CONCAT
Druglike_1110,Druglike,O=C1NN=C(/C(=C\CO)C[C@@H](F)C2=CC=CC(I)=C2)O1,10/000000019,C13H12N2O3FI,390.0,3.22,4.77,-8.849,1.1099668506941451,0.6298201756679399,0.8698935131810426,3.9303504597173897,3.99,3.58,-150.0,DRUGLIKE_CRAFT
Druglike_1385,Druglike,C=CC1=CC([C@H](CC)C(=O)O)=CC(NC(N)=O)=C1,4/000000240,C13H16N2O3,248.0,0.91,5.2,-7.704,2.372471111976874,-0.6330432207540981,0.8697139456113879,2.957686766142043,6.99,4.69,-170.0,DRUGLIKE_LANAPDB
Druglike_89,Druglike,CC(=O)N1N=C([C@@H](C#CCOC(=O)CC2=NOC=C2CBr)CO)NC1=O,21/000000174,C15H15N4O6Br,427.0,-0.02,4.8,-8.768,1.198048543341778,0.5404822410738924,0.8692653922078353,4.378542175767634,6.14,7.88,-170.0,DRUGLIKE_CONCAT
HighDiv_81,HighDiv,C[C@H](O)CCCC1=CC(C(=O)CN)=CC(N=O)=C1Br,12/000000138,C13H18N2O3Br,330.0,1.62,5.02,-8.182,1.8439809560910796,-0.10583911290280143,0.8690709215941391,4.017055181864691,3.5,3.58,-170.0,HIGHDIVERSITY_CONCAT
Druglike_264,Druglike,COC1=CC=C(C2=CC=C(C(=O)C3=NC(=O)ON3)N2)C=C1,23/000000325,C14H11N3O4,285.0,1.69,4.48,-9.618,0.25851048843370383,1.4779790855793347,0.8682447870065193,2.719305928124477,6.45,3.58,-140.0,DRUGLIKE_CONCAT
HighDiv_30,HighDiv,NC(N)NC1=C(Br)C(N=O)=CC(C(=O)[C@H]2C=CCCC2)=C1,12/000000712,C14H15N4O2Br,351.0,1.78,5.21,-7.672,2.4018316761927507,-0.6683372196060678,0.8667472282933415,4.05929364095365,3.14,21.6,-190.0,HIGHDIVERSITY_CONCAT
HighDiv_1695,HighDiv,[O-][S@@+](C1=CC=C2NC[C@@H](F)C2=C1)C1=C(O)C=C(I)C(O)=C1,12/000000128,C14H11NO3SFI,419.0,2.08,4.48,-9.613,0.25851048843370383,1.4724643982587136,0.8654874433462088,4.269045994341091,3.41,19.0,-190.0,HIGHDIVERSITY_LANAPDB
HighDiv_174,HighDiv,CCC/C=C/C1=CC=C(I)C(C2=NC(CC(=O)O)=NN2)=N1,4/000000041,C14H15N4O2I,398.0,3.07,4.83,-8.681,1.286130235989411,0.44452668169509835,0.8653284588422546,3.217339839467371,4.25,21.4,-160.0,HIGHDIVERSITY_CONCAT
HighDiv_55,HighDiv,CC#CC[C@H](N)C1=C(Br)C(ON)=CC(C(=O)O)=C1,12/000001193,C12H13N2O3Br,313.0,1.01,5.1,-7.961,2.0788654698180986,-0.34958829247421663,0.864638588671941,3.7599213815266577,7.09,17.9,-170.0,HIGHDIVERSITY_CONCAT
HighDiv_1329,HighDiv,CC(=O)NC1=CC(C#C[C@@H](C(=O)O)N2C=C([N+](=O)[O-])C=N2)=CC=C1,27/000000013,C15H12N4O5,328.0,1.69,4.43,-9.744,0.11170766735431488,1.6169492060589645,0.8643284367066397,3.296994616168119,2.47,3.84,-170.0,HIGHDIVERSITY_CRAFT
Druglike_1157,Druglike,CC1=CC=C(/C=C/C2=CN=C(C(=O)C3=CNC(CO)=C3)N=C2)C=C1Cl,12/000000110,C19H16N3O2Cl,353.0,2.35,4.54,-9.451,0.43467387372896693,1.2937885290706186,0.8642312013997928,2.868695006490835,4.04,3.58,-40.0,DRUGLIKE_CRAFT
HighDiv_146,HighDiv,C=CCONCC1=C(CO)NC(=O)C2=C1C=C(C(=O)O)N2,3/000000030,C13H15N3O5,293.0,-0.3,4.88,-8.545,1.4329330570687973,0.29452718657422833,0.8637301218215128,3.428827174808827,7.13,24.4,-40.0,HIGHDIVERSITY_CONCAT
HighDiv_58,HighDiv,CONC/C=C/[C@@H](C#CC1=CC(O)=CC=C1)CCO,23/000000053,C15H19NO3,261.0,2.52,5.09,-7.985,2.049504905602222,-0.32311779333523943,0.8631935561334912,3.90208021957208,3.53,16.6,-170.0,HIGHDIVERSITY_CONCAT
Druglike_1451,Druglike,NCC1=CC(NC(N)=O)=CC(/C=C/CC2=CNC3=C2N=CNC3)=C1,4/000000152,C17H20N6O,324.0,-0.01,4.54,-9.448,0.43467387372896693,1.2904797166782462,0.8625767952036065,3.526527787267611,5.02,6.58,-40.0,DRUGLIKE_LANAPDB
HighDiv_8,HighDiv,NCC1=CC([C@H](/C=C/CNN)N=O)=CC=C1I,5/000000034,C11H15N4OI,346.0,1.36,5.45,-7.022,3.1064852173738084,-1.3852465712867,0.8606193230435543,4.238040683856478,2.99,16.5,-150.0,HIGHDIVERSITY_CONCAT
Druglike_1740,Druglike,O=C(C#CC1=CC([C@H](O)CCl)=CC(O)=C1)OCCN1C=CCC1,1/000000091,C17H18NO4Cl,335.0,3.11,4.74,-8.912,1.021885158046515,0.6993052359077557,0.8605951969771353,3.869204264011536,4.94,22.1,-150.0,DRUGLIKE_MAYBRIDGE
HighDiv_294,HighDiv,O=C1NCCN1C1=CC(O)=CC(C#CCC[N+](=O)[O-])=C1,28/000000376,C13H13N3O4,275.0,1.13,4.68,-9.069,0.8457217727512493,0.8724664177752317,0.8590940952632404,3.157416619567262,3.82,21.2,-120.0,HIGHDIVERSITY_CONCAT
HighDiv_1223,HighDiv,C=C(CN)[C@@H](CBr)NC(=O)C#CC1=C(O)C(O)=CN=C1,1/000000490,C13H14N3O3Br,340.0,0.59,4.88,-8.536,1.4329330570687973,0.2846007493971115,0.8587669032329543,4.250998353490283,6.37,20.7,-150.0,HIGHDIVERSITY_CRAFT
HighDiv_468,HighDiv,C/C=C(\C1=CC=C2C=NSC2=C1)C1=NN=C(C(=O)O)N1,8/000000036,C13H10N4O2S,286.0,3.69,4.5,-9.547,0.3172316168654573,1.3996705256265274,0.8584510712459923,3.58154413547241,0.31,3.58,-60.0,HIGHDIVERSITY_CONCAT
HighDiv_156,HighDiv,NOC1=C(Br)C(CCC[C@@H](CO)C2=NC=NO2)=CC(C(=O)O)=C1,12/000001250,C14H16N3O5Br,386.0,0.65,4.86,-8.586,1.3742119286370438,0.3397476226033148,0.8569797756201794,3.770884190047039,7.82,3.84,-150.0,HIGHDIVERSITY_CONCAT
Druglike_162,Druglike,C[C@H](/C=C/C(=O)C1=NN=C(COC2=CC=NC(Cl)=C2CCO)N1)CBr,23/000000091,C16H18N4O3ClBr,429.0,3.17,4.63,-9.197,0.6989189516718629,1.0136424131831083,0.8562806824274856,3.969260021381716,5.22,4.94,-170.0,DRUGLIKE_CONCAT
Druglike_161,Druglike,O=C(O)C1=C(CO)C(=O)C=C[C@@H]1NCCC1=NC(Cl)=CC(Br)=C1,17/000000029,C15H15N2O4ClBr,402.0,0.49,4.63,-9.195,0.6989189516718629,1.0114365382548614,0.8551777449633622,4.4258692175195655,5.8,23.0,-150.0,DRUGLIKE_CONCAT
HighDiv_473,HighDiv,CC(=O)NC1=C(Br)C(N=O)=CC(C(=O)[C@@H]2NCCO2)=C1,12/000000146,C12H12N3O4Br,342.0,0.58,4.5,-9.541,0.3172316168654573,1.393052900841783,0.8551422588536202,3.832800125052056,3.62,3.72,-190.0,HIGHDIVERSITY_CONCAT
HighDiv_210,HighDiv,O=NC(=O)C1=CC(CONC(=O)C2=NC=NC=N2)=C(Br)C(CO)=C1,12/000000031,C13H10N5O5Br,396.0,-0.19,4.79,-8.769,1.1686879791259013,0.5415851785380158,0.8551365788319585,3.309892505482556,6.58,23.5,0.0,HIGHDIVERSITY_CONCAT
Druglike_43,Druglike,NCCC[C@@H](/C=C/C1=CN=C(CO)C(Br)=C1)C1=NOC(=O)N1,13/000000089,C14H17N4O3Br,369.0,0.9,5.02,-8.152,1.8439809560910796,-0.1389272368265242,0.8525268596322777,4.051984740761203,9.45,3.7,-150.0,DRUGLIKE_CONCAT
Druglike_31,Druglike,N[C@H](C1=COC(CO)=C1)C1=NC(I)=C(C#CC(=O)O)C=C1,26/000000076,C14H11N2O4I,398.0,0.79,5.09,-7.965,2.049504905602222,-0.3451765426177209,0.8521641814922505,4.058727858460282,3.59,22.5,-150.0,DRUGLIKE_CONCAT
HighDiv_91,HighDiv,NCCS(=O)(=O)CCSCC1=CC(O)=CC(N2CCNC2=O)=C1,28/000000433,C14H21N3O4S2,359.0,0.09,4.99,-8.23,1.7558992634434494,-0.05289811462484696,0.8515005744093012,2.948865734512296,4.38,23.2,-120.0,HIGHDIVERSITY_CONCAT
Druglike_1734,Druglike,NCC1=CC=C(C2=CC(=O)C=C(CN)N2)C=C1,15/000000182,C13H15N3O,229.0,0.64,4.84,-8.629,1.3154908002052876,0.38717393356064816,0.8513323668829679,2.4602252356867105,4.03,2.22,-160.0,DRUGLIKE_MAYBRIDGE
HighDiv_1620,HighDiv,C=C[C@@H](OC(=O)/C=C\C1=NC2=C(C=CC=C2)N1)C(=O)O,5/000000002,C14H12N2O4,272.0,1.4,4.9,-8.467,1.4916541855005534,0.20849806437255308,0.8500761249365533,3.273422163014093,6.6,5.09,-190.0,HIGHDIVERSITY_LANAPDB
Druglike_256,Druglike,O=C(C1=CC=C(C2=CC=C(O)C(CCO)=C2)N1)C1=NC(=O)ON1,23/000000172,C15H13N3O5,315.0,0.71,4.49,-9.556,0.28787105264958057,1.4095969628036424,0.8487340077266115,3.071620009660224,6.8,5.09,-120.0,DRUGLIKE_CONCAT
Druglike_1099,Druglike,NCNCC(=O)CCN1N=C(/C=C2\C=CC3=C2C=CC(Br)=C3)CC1=O,17/000000029,C18H19N4O2Br,403.0,1.23,4.81,-8.702,1.2274091075576548,0.46768836844170425,0.8475487379996796,3.57946683747675,4.66,3.7,-60.0,DRUGLIKE_CRAFT
Druglike_300,Druglike,O=C(C1=CC=C(C2=CC=C(O)C=C2CF)N1)C1=NC(=O)ON1,23/000000218,C14H10N3O4F,303.0,1.69,4.45,-9.66,0.17042879578607098,1.5243024590725447,0.8473656274293079,3.2967628112810505,5.29,3.58,-120.0,DRUGLIKE_CONCAT
HighDiv_132,HighDiv,C/C=C/CC/C=C/CC1=C(Br)C(ON)=CC(C(=O)O)=C1,12/000001380,C15H18NO3Br,340.0,2.86,4.91,-8.432,1.5210147497164301,0.16989525312821116,0.8454550014223207,3.1629395716152136,6.57,2.48,-20.0,HIGHDIVERSITY_CONCAT
HighDiv_1969,HighDiv,NOC1=C(F)C=CC=C1C1=CNC(C(=O)NCCS)=N1,27/000000254,C12H13N4O2SF,296.0,1.01,4.99,-8.218,1.7558992634434494,-0.06613336419433606,0.8448829496245567,3.2746020591277016,3.68,3.58,-140.0,HIGHDIVERSITY_MAYBRIDGE
Druglike_239,Druglike,NCCCOC1=CC(C2=CC=C(C(=O)C3=NC(=O)ON3)N2)=CC=C1,23/000000510,C16H16N4O4,328.0,1.27,4.51,-9.493,0.3465921810813341,1.3401119025638284,0.8433520418225813,2.879282302317778,5.21,5.09,-120.0,DRUGLIKE_CONCAT
HighDiv_104,HighDiv,CC(=O)NC1=C(Br)C(N=O)=CC(C(=O)CO)=C1,12/000000180,C10H9N2O4Br,301.0,0.42,4.96,-8.295,1.6678175707958165,0.01879282054321576,0.8433051956695161,2.912521966455941,3.98,3.58,-20.0,HIGHDIVERSITY_CONCAT
Druglike_1788,Druglike,C[C@@H](O)CNC(=O)C1=CN=C(O)C(NC(=O)C2=CC=CC(Br)=C2)=C1,27/000000088,C16H16N3O4Br,394.0,2.02,4.48,-9.568,0.25851048843370383,1.4228322123731314,0.8406713504034176,2.7647673434408446,3.4,3.58,-170.0,DRUGLIKE_MAYBRIDGE
Druglike_1170,Druglike,O=C1OC=NC2=C1C(C#CCC1=C(CO)C=C(CO)N1)=CC=C2,12/000000057,C17H14N2O4,310.0,0.76,4.49,-9.541,0.28787105264958057,1.393052900841783,0.8404619767456818,3.4447922205262804,7.0,24.8,-80.0,DRUGLIKE_CRAFT
Druglike_73,Druglike,NCC#CC1=CC2=C(C=C1)CC(C(=O)O)=C2,26/000000115,C13H12NO2,214.0,1.34,4.86,-8.548,1.3742119286370438,0.2978359989666006,0.8360239638018222,3.512994629194486,5.27,15.6,-40.0,DRUGLIKE_CONCAT
Druglike_1062,Druglike,NCC1=CC(C(=O)C2=NC=C(/C=C/C3=CC=C(I)C(Cl)=C3)C=N2)=CN1,12/000000173,C18H14N4OClI,464.0,3.12,5.17,-7.72,2.284389419329241,-0.6153962213281133,0.8344965990005639,3.099475288180977,4.69,3.58,0.0,DRUGLIKE_CRAFT
Druglike_1389,Druglike,C[C@H](C(=O)O)C1=CC(NC(N)=O)=CC(CF)=C1,4/000000263,C11H13N2O3F,240.0,0.37,5.11,-7.878,2.108226034033978,-0.44113210199651304,0.8335469660187325,2.893148114298377,5.33,4.69,-170.0,DRUGLIKE_LANAPDB
HighDiv_295,HighDiv,NOC1=CC(C(=O)O)=CC(OC(=O)/C=C/CCC(=O)O)=C1Br,12/000001304,C13H12NO7Br,374.0,0.73,4.68,-9.017,0.8457217727512493,0.8151136696407796,0.8304177211960144,2.8017460429755445,6.84,22.1,-60.0,HIGHDIVERSITY_CONCAT
Druglike_1751,Druglike,O=C(O)C1=C(CO)C(=O)C=C(C2=CC=C(Br)C=C2)N1,15/000000210,C13H10NO4Br,324.0,1.92,4.67,-9.043,0.8163612085353725,0.8437900437080047,0.8300756261216886,2.4799882926369428,2.79,3.85,-160.0,DRUGLIKE_MAYBRIDGE
HighDiv_1686,HighDiv,CC(=O)OCC1=CC([S@+]([O-])C2=CC(O)=C(I)C=C2O)=CC=C1,12/000000164,C15H13O5SI,432.0,2.37,4.5,-9.495,0.3172316168654573,1.3423177774920754,0.8297746971787663,3.3429002742599616,3.72,18.5,-20.0,HIGHDIVERSITY_LANAPDB
HighDiv_2026,HighDiv,CNC/C=C/C1=C(ON)C(F)=CC(C2=CC(F)=CC=C2N)=C1,27/000000393,C16H17N3OF2,305.0,2.12,4.61,-9.198,0.6401978232401094,1.0147453506472337,0.8274715869436715,2.9115627014490517,3.08,19.4,-180.0,HIGHDIVERSITY_MAYBRIDGE
HighDiv_1711,HighDiv,[O-][S@@+](C1=CC=C2NC[C@H](CCl)C2=C1)C1=CC(O)=C(I)C=C1O,12/000000243,C15H13NO3SClI,449.0,2.57,4.43,-9.676,0.11170766735431488,1.5419494584985296,0.8268285629264223,4.207194905335797,3.66,18.6,-190.0,HIGHDIVERSITY_LANAPDB
HighDiv_1680,HighDiv,N=C1CCCN1CCCCC1=CC(O)=CC(C2=NN=CO2)=C1,27/000000012,C16H20N4O2,300.0,3.97,4.52,-9.436,0.37595274529721084,1.2772444671087573,0.8265986062029841,2.8783192706482943,2.68,21.1,-120.0,HIGHDIVERSITY_LANAPDB
Druglike_401,Druglike,O=C(C1=CC=C(C2=CC=C(O)C=C2CO)N1)C1=NC(=O)ON1,23/000000230,C14H11N3O5,301.0,0.55,4.36,-9.852,-0.09381628215682498,1.7360664521843625,0.8211250850137688,3.153519883241348,5.63,3.58,-120.0,DRUGLIKE_CONCAT
HighDiv_288,HighDiv,NOC1=CC(C(=O)O)=CC(OC(=O)CC[C@@H]2COCN2)=C1Br,12/000001363,C13H15N2O6Br,375.0,0.33,4.69,-8.973,0.8750823369671286,0.7665844212193228,0.8208333790932256,3.647134624827427,6.23,20.7,-150.0,HIGHDIVERSITY_CONCAT
HighDiv_1290,HighDiv,CCC1=C[C@@H](NC(=O)C#CC2=C(O)C(O)=CN=C2C=S)C=C1,1/000000468,C16H14N2O3S,314.0,0.98,4.55,-9.344,0.46403443794484367,1.175774220409344,0.8199043291770938,4.592761106542433,8.74,24.5,-170.0,HIGHDIVERSITY_CRAFT
HighDiv_162,HighDiv,NCC1=C(Br)C(N=O)=CC(C(=O)[C@H]2CCNN2)=C1,12/000000641,C11H14N4O2Br,314.0,1.62,4.85,-8.544,1.3448513644211644,0.2934242491101049,0.8191378067656346,4.652316958449736,3.13,2.48,-170.0,HIGHDIVERSITY_CONCAT
Druglike_241,Druglike,NCCCC1=CC=C(C2=CC=C(C(=O)C3=NC(=O)ON3)N2)C=C1,23/000000481,C16H17N4O3,313.0,1.41,4.51,-9.449,0.3465921810813341,1.2915826541423698,0.819087417611852,3.3330789338129945,4.96,3.58,-120.0,DRUGLIKE_CONCAT
Druglike_1514,Druglike,NC(=O)NC1=CC(O)=CC=C1/C=C/CC1=CC=CC(F)=C1F,4/000000169,C16H14N2O2F2,304.0,2.67,4.28,-10.06,-0.3287007958838442,1.9654774447221652,0.8183883244191605,2.524580860339342,2.12,4.94,-60.0,DRUGLIKE_LANAPDB
Druglike_98,Druglike,NC[C@H](/C=C/CC1=C(CCBr)C=CC=N1)C1=NC(N)=C2C=NNC2=N1,21/000000031,C17H20N7Br,402.0,2.1,4.77,-8.748,1.1099668506941451,0.5184234917914099,0.8141951712427775,4.046333153249848,5.13,22.1,-190.0,DRUGLIKE_CONCAT
HighDiv_232,HighDiv,NCC1=CC=C(/C=C/[C@@H](CO)C2=CC(=O)NC2=O)C(O)=C1Cl,30/000000044,C15H16N2O4Cl,323.0,0.02,4.75,-8.8,1.0512457222623917,0.575776239925862,0.8135109810941268,4.375516428106116,4.4,6.72,-150.0,HIGHDIVERSITY_CONCAT
HighDiv_299,HighDiv,CCCNCC#CCCC1=C(Br)C(O)=CC(C(=O)N=O)=C1,12/000000806,C15H18N2O3Br,354.0,2.91,4.68,-8.986,0.8457217727512493,0.7809226082529354,0.8133221905020923,4.1311208087610805,3.99,5.21,-50.0,HIGHDIVERSITY_CONCAT
HighDiv_1730,HighDiv,C=C(C)CC1=CN=C(CO)C(C#CC2=CC=CC=C2)=C1O,20/000000010,C18H17NO2,279.0,2.75,4.37,-9.811,-0.06445571794094823,1.690846016155276,0.813195149107164,2.9006571797542033,2.31,16.2,-80.0,HIGHDIVERSITY_LANAPDB
Druglike_374,Druglike,CC#CCCC1=CC=C(C2=CC=C(C(=O)C3=NC(=O)ON3)N2)C=C1,23/000000488,C18H15N3O3,321.0,2.64,4.37,-9.81,-0.06445571794094823,1.6897430786911527,0.8126436803751023,3.1022174193746324,7.76,5.09,-140.0,DRUGLIKE_CONCAT
HighDiv_1973,HighDiv,NC(=O)/C=C/[C@@H](/C=C/C1=C(O)C(F)=CC(F)=C1)CO,1/000000066,C13H13NO3F2,269.0,0.93,4.96,-8.236,1.6678175707958165,-0.04628048984010241,0.8107685404778571,3.774177353810392,2.85,2.22,-150.0,HIGHDIVERSITY_MAYBRIDGE
HighDiv_183,HighDiv,O=NC(=O)C1=CC(CONC(=O)[N+](=O)[O-])=C(Br)C(CO)=C1,12/000000066,C10H8N3O7Br,362.0,1.27,4.82,-8.608,1.2567696717735342,0.3640122468140442,0.8103909592937892,3.4830576314211816,4.76,24.1,-30.0,HIGHDIVERSITY_CONCAT
HighDiv_360,HighDiv,COCCCC#CC1=C(C)C(O)=CC(N2CCNC2=O)=C1,28/000000458,C16H20N2O3,288.0,1.55,4.6,-9.193,0.61083725902423,1.0092306633266126,0.8100339611754213,2.8875620037437724,2.71,19.0,-200.0,HIGHDIVERSITY_CONCAT
HighDiv_1756,HighDiv,[O-][S@@+](C1=CC=CC(C2=NNC=N2)=C1)C1=CC(O)=C(I)C=C1O,12/000000103,C14H10N3O3SI,427.0,2.62,4.31,-9.962,-0.24061910323621394,1.8573895732380075,0.8083852350008968,3.975571837535396,4.27,21.4,-120.0,HIGHDIVERSITY_LANAPDB
HighDiv_205,HighDiv,O=NC1=CC(C(=O)CC(=O)O)=CC(CC(=O)O)=C1Br,12/000000140,C11H8NO6Br,330.0,0.83,4.79,-8.683,1.1686879791259013,0.44673255662334715,0.8077102678746242,2.927768328139903,2.42,3.58,-20.0,HIGHDIVERSITY_CONCAT
HighDiv_315,HighDiv,CCCC1=CC(C2=CC(O)=C(F)C=C2N=O)=CN1,6/000000137,C13H13N2O2F,248.0,2.82,4.66,-9.029,0.7870006443194958,0.8283489192102687,0.8076747817648822,3.164276349068838,2.94,18.5,-180.0,HIGHDIVERSITY_CONCAT
Druglike_160,Druglike,CC/C=C/C1=CN=C(C2=C(C(N)=O)C(CO)=NN2)C=C1Br,7/000000057,C14H15N4O2Br,351.0,1.37,4.63,-9.108,0.6989189516718629,0.9154809788760694,0.8071999652739661,3.290351312739862,9.4,21.7,-140.0,DRUGLIKE_CONCAT
HighDiv_1271,HighDiv,C=CC(=O)C1=CC(O)=C(O)C(C2=CCC=C2)=C1,3/000000110,C14H12O3,228.0,2.19,4.61,-9.161,0.6401978232401094,0.973936664474643,0.8070672438573763,3.1483628175197698,1.33,3.58,-140.0,HIGHDIVERSITY_CRAFT
Druglike_413,Druglike,CCC1=NC=C(/C=C/C2=CC(N3C=NN=N3)=CC(O)=C2)C=C1N,28/000000040,C16H16N6O,308.0,0.89,4.35,-9.853,-0.12317684637270433,1.7371693896484859,0.8069962716378908,2.955949563183623,4.18,21.3,-140.0,DRUGLIKE_CONCAT
HighDiv_321,HighDiv,NCC1=C(Cl)C(C2=CC(=O)C=C(C(=O)O)C2=O)=CC=C1F,10/000000131,C14H9NO4FCl,309.0,1.07,4.65,-9.051,0.757640080103619,0.852613543420998,0.8051268117623085,2.9584590050475548,5.01,2.47,-160.0,HIGHDIVERSITY_CONCAT
Druglike_1858,Druglike,CC1=CC=C(C(=O)NC2=CC(C(N)=O)=CN=C2O)C=C1Br,27/000000080,C14H12N3O3Br,350.0,1.97,4.32,-9.927,-0.2112585390203346,1.8187867619936655,0.8037641114866655,2.3268460495819667,5.21,17.7,-20.0,DRUGLIKE_MAYBRIDGE
Druglike_175,Druglike,O=C(O)C1=CC2=C(C=CC(C#CCCCO)=C2)C1,26/000000142,C15H14O3,242.0,1.93,4.61,-9.15,0.6401978232401094,0.9618043523692793,0.8010010878046944,2.8440027563086563,6.67,16.6,-40.0,DRUGLIKE_CONCAT
HighDiv_64,HighDiv,O=NC1=CC(C(=O)CS)=CC(CONCCl)=C1Br,12/000000917,C10H10N2O3SClBr,353.0,2.8,5.07,-7.925,1.9907837771704686,-0.38929404118268296,0.8007448679938929,3.8100593820358704,5.87,3.72,0.0,HIGHDIVERSITY_CONCAT
Druglike_1321,Druglike,OC1=NC2=C(N1)C(OCC1=CC=CC3=C1C=CC=C3)=CC=C2,10/000000001,C18H14N2O2,290.0,4.29,4.07,-10.583,-0.945272644417269,2.5423137384590433,0.7985205470208872,2.2520409903228504,5.99,14.7,-125.0,DRUGLIKE_CRAFT
Druglike_1873,Druglike,OCC1=CC(O)=CC(C2=COC(CNCC3=CCC=C3)=C2)=C1,1/000000119,C18H19NO3,297.0,1.5,4.28,-10.023,-0.3287007958838442,1.9246687585495745,0.7979839813328652,3.117197876417526,3.61,3.58,-120.0,DRUGLIKE_MAYBRIDGE
HighDiv_2182,HighDiv,NC1=CC=C(C#CC2=CC(=O)OC[C@H]2C(=O)O)C=C1C(=O)O,11/000000005,C15H9NO6,299.0,-0.23,4.19,-10.26,-0.5929458738267401,2.1860649375469743,0.7965595318601171,3.515610274259962,3.99,23.6,-150.0,HIGHDIVERSITY_MAYBRIDGE
Druglike_257,Druglike,NCCNCC1=CC(C2=CC=C(C(=O)C3=NC(=O)ON3)N2)=CC=C1,23/000000192,C16H17N5O3,327.0,0.51,4.49,-9.461,0.28787105264958057,1.3048179037118588,0.7963444781807196,2.9374100615151004,5.57,5.09,-120.0,DRUGLIKE_CONCAT
HighDiv_260,HighDiv,NCC1=CC(=O)C=C(C2=CC=C(CON)C(Br)=C2)C1=O,10/000000146,C14H13N2O3Br,337.0,0.15,4.72,-8.846,0.9631640296147589,0.6265113632755677,0.7948376964451633,3.102409221964864,4.88,3.58,-160.0,HIGHDIVERSITY_CONCAT
HighDiv_78,HighDiv,NCC1=C(Br)C(N=O)=CC(C(=O)C2=NNN=C2)=C1,12/000000209,C10H9N5O2Br,311.0,2.09,5.02,-8.046,1.8439809560910796,-0.25583860802367336,0.7940711740337031,3.9212760413765295,4.8,2.48,0.0,HIGHDIVERSITY_CONCAT
Druglike_1753,Druglike,C=CCC1=C(CO)NC(C2=CC(CC(=O)O)=CC=C2)=CC1=O,15/000000208,C17H17NO4,299.0,1.59,4.65,-9.03,0.757640080103619,0.8294518566743921,0.7935459683890056,2.7484958666445127,5.21,5.09,-160.0,DRUGLIKE_MAYBRIDGE
HighDiv_1265,HighDiv,O=C(O)[C@H](C#CC1=CC=C(O)C(Cl)=C1)N1C=C([N+](=O)[O-])C=N1,27/000000015,C13H8N3O5Cl,321.0,2.65,4.64,-9.054,0.7282795158877396,0.8559223558133703,0.792100935850555,3.5005802742599617,3.01,2.61,-150.0,HIGHDIVERSITY_CRAFT
Druglike_1417,Druglike,NCC(=O)NCCC[C@H]1OC(=O)C=C1/C=C/C1=C(CO)C=CC=C1,1/000000002,C18H22N2O4,330.0,0.51,4.76,-8.729,1.0806062864782684,0.4974676799730528,0.7890369832256606,3.363933612465938,5.05,3.58,-190.0,DRUGLIKE_LANAPDB
HighDiv_1643,HighDiv,CCC(=O)OCCC1=CC=C(C2=C(S)C(CO)=CC=C2C(=O)O)C=C1,10/000000034,C19H20O5S,360.0,3.48,4.72,-8.83,0.9631640296147589,0.6088643638495829,0.7860141967321709,2.5118846809926954,6.2,19.9,-180.0,HIGHDIVERSITY_LANAPDB
Druglike_1391,Druglike,NC(=O)NC1=CC(CF)=CC([C@H](Cl)C(=O)O)=C1,4/000000274,C10H10N2O3FCl,260.0,0.35,5.05,-7.949,1.9320626487387125,-0.36282354204370576,0.7846195533475033,3.1396065758368383,5.49,3.58,-150.0,DRUGLIKE_LANAPDB
HighDiv_131,HighDiv,CCC/C=C/C1=C(F)C=C(I)C(C2=NC(CC(=O)O)=NN2)=N1,4/000000288,C14H14N4O2FI,416.0,3.23,4.91,-8.321,1.5210147497164301,0.04746919461044085,0.7842419721634355,3.436842651007691,3.9,24.1,-160.0,HIGHDIVERSITY_CONCAT
Druglike_1767,Druglike,CNC(=O)C1=CC(O)=CC(C#CC(=O)OCCN2C=CCC2)=C1,1/000000039,C17H18N2O4,314.0,2.46,4.56,-9.252,0.49339500216072046,1.0743039737099327,0.7838494879353266,3.1606422581809337,3.47,3.58,-40.0,DRUGLIKE_MAYBRIDGE
HighDiv_1962,HighDiv,NOC1=C(F)C=CC=C1C1=CNC(C(N)=O)=N1,27/000000023,C10H9N4O2F,236.0,-0.18,5.15,-7.674,2.2256682908974876,-0.666131344677819,0.7797684731098343,3.1952865491073323,2.7,2.22,-120.0,HIGHDIVERSITY_MAYBRIDGE
HighDiv_227,HighDiv,O=C1C=C([C@@H](/C=C/C2=CC=C(OCCO)C(Cl)=C2O)CO)C(=O)N1,30/000000040,C16H16NO6Cl,353.0,0.1,4.76,-8.712,1.0806062864782684,0.4787177430829445,0.7796620147806065,3.7427337770072793,4.32,6.58,-150.0,HIGHDIVERSITY_CONCAT
HighDiv_2032,HighDiv,COC(=O)CN1N=CN(C2=C(Br)C(NC(N)=O)=CC=C2O)C1=O,12/000000031,C12H12N5O5Br,386.0,-0.09,4.58,-9.191,0.5521161305924766,1.0070247883983656,0.7795704594954211,2.940402552130161,2.66,24.8,-160.0,HIGHDIVERSITY_MAYBRIDGE
Druglike_315,Druglike,NC(=O)C1=C(C[C@H](O)/C=C/C2=CC=C(Cl)C(Cl)=C2)COC1=O,13/000000174,C15H13NO4Cl2,341.0,1.74,4.43,-9.586,0.11170766735431488,1.442685086727365,0.77719637704084,3.332776428106116,6.32,3.7,-150.0,DRUGLIKE_CONCAT
HighDiv_105,HighDiv,O=C(O)CC1=NNC(C2=NC(/C=C/CCCS)=CC=C2I)=N1,4/000000269,C14H15N4O2SI,430.0,3.32,4.96,-8.175,1.6678175707958165,-0.11355967515166941,0.7771289478220735,3.4200561115291883,3.45,23.9,-140.0,HIGHDIVERSITY_CONCAT
Druglike_1083,Druglike,OC[C@@H]1CC=C(/C(=C\CC2=C(CF)C(O)=NO2)CF)O1,4/000000033,C13H15NO4F2,287.0,1.59,4.89,-8.354,1.462293621284674,0.08386613092653393,0.7730798761056039,4.693857053123983,7.67,4.94,-150.0,DRUGLIKE_CRAFT
HighDiv_815,HighDiv,NC(=S)NC1=CC2=C(C=C1)C(=O)C(O)=C(C(=O)O)C2=O,29/000000007,C12H7N2O5S,291.0,-0.34,4.23,-10.108,-0.47550361696323057,2.0184184430001197,0.7714574130184446,2.6419073773943396,1.7,3.72,-140.0,HIGHDIVERSITY_CONCAT
HighDiv_1706,HighDiv,NC[C@@H]1NCC2=CC=C([S@+]([O-])C3=CC(O)=C(I)C=C3O)C=C21,12/000000094,C15H16N2O3SI,431.0,0.97,4.45,-9.522,0.17042879578607098,1.3720970890234259,0.7712629424047485,4.568665775449289,5.07,18.3,-190.0,HIGHDIVERSITY_LANAPDB
Druglike_149,Druglike,C[C@@H](O)C(=O)C1=CCC(/C=C/C2=CC=CC=C2F)=C(CO)O1,23/000000291,C17H17O4F,304.0,1.69,4.65,-8.985,0.757640080103619,0.77981967078881,0.7687298754462145,3.715194145634488,5.9,5.09,-170.0,DRUGLIKE_CONCAT
HighDiv_1333,HighDiv,CC1=NC=CC=C1NC(=O)C#CC1=C(O)C(O)=CN=C1,1/000000158,C14H11N3O3,269.0,0.65,4.42,-9.597,0.08234710313843813,1.4548173988327289,0.7685822509855835,3.042753158028801,5.54,17.6,-20.0,HIGHDIVERSITY_CRAFT
Druglike_1155,Druglike,CC1=CC=C(/C=C/C2=CN=C(C(=O)C3=CNC(CN)=C3)N=C2)C=C1Cl,12/000000139,C19H17N4OCl,352.0,2.28,4.55,-9.249,0.46403443794484367,1.0709951613175603,0.767514799631202,2.8739116912145626,3.75,3.58,-20.0,DRUGLIKE_CRAFT
HighDiv_206,HighDiv,C=CC1=C(CSCCS(C)(=O)=O)C=C(N2CCNC2=O)C=C1O,28/000000408,C15H20N2O4S2,356.0,1.44,4.79,-8.608,1.1686879791259013,0.3640122468140442,0.7663501129699728,3.118972740006801,4.63,23.4,-140.0,HIGHDIVERSITY_CONCAT
Druglike_1796,Druglike,NCC1=CC(=O)C=C(C2=CC=C(CC3=NCCN3)C=C2)N1,15/000000203,C16H18N4O,282.0,1.0,4.45,-9.512,0.17042879578607098,1.3610677143821857,0.7657482550841284,2.8742494211887912,4.02,3.58,-160.0,DRUGLIKE_MAYBRIDGE
HighDiv_1635,HighDiv,CNCCC1=CC=C(C2=C(S)C(CO)=CC=C2C(=O)O)C=C1,10/000000012,C17H19NO3S,317.0,2.81,4.8,-8.578,1.198048543341778,0.3309241228903214,0.7644863331160497,2.45136421468991,5.66,16.7,-180.0,HIGHDIVERSITY_LANAPDB
HighDiv_446,HighDiv,CCC#C/C(=C\CCCC1=CC(C(=O)O)=CC(O)=C1)CBr,3/000000221,C17H19O3Br,351.0,4.03,4.53,-9.294,0.4053133095130902,1.1206273472031427,0.7629703283581164,3.119993487806175,2.08,5.21,-50.0,HIGHDIVERSITY_CONCAT
Druglike_1112,Druglike,O=C(O)/C(=C/CC1=C(CCBr)C(O)=NO1)C1=CC[C@@H](CO)O1,4/000000086,C14H15NO6Br,373.0,1.28,4.77,-8.655,1.1099668506941451,0.41585030762787323,0.7629085791610092,4.427195154461728,9.06,5.21,-150.0,DRUGLIKE_CRAFT
Druglike_1387,Druglike,NC(=O)NC1=CC(CC(=O)O)=C(/C=C/CCl)C=C1,4/000000277,C12H13N2O3Cl,268.0,0.89,5.14,-7.67,2.1963077266816082,-0.6705430945343157,0.7628823160736462,2.536600355348275,2.51,5.09,0.0,DRUGLIKE_LANAPDB
Druglike_260,Druglike,O=C(CO)C1=NC=C(C2=C(CCC3=CCC=C3)ON=C2O)O1,20/000000006,C15H14N2O5,302.0,0.03,4.49,-9.397,0.28787105264958057,1.2342299060079196,0.76105047932875,3.727206873670273,2.98,3.58,-140.0,DRUGLIKE_CONCAT
HighDiv_379,HighDiv,CC/C(N)=C/C1=C(Br)C(O)=C(C2=C(CCl)C(=O)C=CC2=O)N=C1,10/000000177,C16H14N2O3ClBr,397.0,1.5,4.58,-9.157,0.5521161305924766,0.9695249146181473,0.760820522605312,3.67318567868103,10.09,23.4,-180.0,HIGHDIVERSITY_CONCAT
HighDiv_149,HighDiv,O=C(O)CC1=NNC(C2=NC(/C=C/CCCO)=CC=C2I)=N1,4/000000086,C14H15N4O3I,414.0,1.94,4.88,-8.354,1.4329330570687973,0.08386613092653393,0.7583995939976655,3.248533530884026,3.95,22.6,-160.0,HIGHDIVERSITY_CONCAT
HighDiv_137,HighDiv,COC/C=C\CCCCCOC1=C(Br)C(ON)=CC(C(=O)O)=C1,12/000001273,C16H22NO5Br,388.0,2.53,4.9,-8.297,1.4916541855005534,0.020998695471464598,0.7563264404860089,2.729339292204602,4.16,19.5,-110.0,HIGHDIVERSITY_CONCAT
HighDiv_362,HighDiv,NOC1=C(Br)C(CCNCCC2=NC=CC=C2)=CC(C(=O)O)=C1,12/000001234,C16H18N3O3Br,380.0,1.35,4.6,-9.089,0.61083725902423,0.8945251670577122,0.7526812130409711,2.586297406109928,5.18,3.84,0.0,HIGHDIVERSITY_CONCAT
HighDiv_1974,HighDiv,CNC(=O)C1=NC(C2=C(ON)C(F)=CC=C2)=CN1,27/000000012,C11H11N4O2F,250.0,0.34,4.95,-8.157,1.6384570065799398,-0.13341254950590306,0.7525222285370183,3.1934889644534534,2.41,2.22,-140.0,HIGHDIVERSITY_MAYBRIDGE
HighDiv_443,HighDiv,CCC#C/C(=C\CCCC1=CC(C(=O)O)=CC(O)=C1)CN,3/000000205,C17H22NO3,288.0,2.35,4.53,-9.273,0.4053133095130902,1.0974656604565367,0.7513894849848135,3.459083408230577,2.55,5.21,-50.0,HIGHDIVERSITY_CONCAT
Druglike_1390,Druglike,C=C[C@H](C(=O)O)C1=CC(NC(N)=O)=CC=C1,4/000000100,C11H12N2O3,220.0,0.4,5.06,-7.862,1.9614232129545892,-0.45877910142249784,0.7513220557660457,2.901378558790052,5.76,4.81,-150.0,DRUGLIKE_LANAPDB
HighDiv_331,HighDiv,C=C[C@@H](CCl)ONCC1=CNC(=O)C2=C1C=C(C(=O)O)N2,3/000000046,C13H14N3O4Cl,311.0,1.37,4.64,-8.979,0.7282795158877396,0.7732020460040654,0.7507407809459026,3.995104781537205,7.31,24.9,-190.0,HIGHDIVERSITY_CONCAT
Druglike_1123,Druglike,O=C1NN=C(/C(=C\CO)CCC2=CC=CC(I)=C2)O1,10/000000003,C13H13N2O3I,372.0,3.08,4.71,-8.791,0.9338034653988821,0.5658498027487452,0.7498266340738137,3.1534027896783634,5.96,3.58,0.0,DRUGLIKE_CRAFT
Druglike_1125,Druglike,O=C(C1=CNC=C1)C1=NC=C(/C=C/C2=CC=C(I)C(Cl)=C2)C(CO)=N1,12/000000094,C18H13N3O2ClI,465.0,3.27,4.71,-8.791,0.9338034653988821,0.5658498027487452,0.7498266340738137,3.260784930651182,7.0,22.8,0.0,DRUGLIKE_CRAFT
HighDiv_223,HighDiv,CCCNC(=O)NC1=C(Br)C(ON)=CC(C(=O)O)=C1,12/000001198,C11H14N3O4Br,332.0,0.64,4.76,-8.655,1.0806062864782684,0.41585030762787323,0.7482282970530708,2.540299622257548,5.72,18.1,-20.0,HIGHDIVERSITY_CONCAT
Druglike_81,Druglike,CCCC/C=C/C1=CC(C2=NNN=C2)=CC(O)=C1,28/000000414,C14H17N3O,243.0,4.41,4.82,-8.495,1.2567696717735342,0.23938031336802504,0.7480749925707796,2.7278325857552286,2.77,17.2,-140.0,DRUGLIKE_CONCAT
HighDiv_354,HighDiv,O=NC(=O)C1=CC(C[C@@H](Cl)C2=CC=CN2)=C(Br)C(CO)=C1,12/000000790,C14H12N2O3ClBr,371.0,2.58,4.61,-9.054,0.6401978232401094,0.8559223558133703,0.7480600895267399,3.771620696656567,4.74,22.0,-150.0,HIGHDIVERSITY_CONCAT
HighDiv_328,HighDiv,OCC1=C(/C=C/C2=CN=CC(C3=CC(CCl)=CO3)=C2)C=C(O)C(I)=C1,7/000000013,C19H15NO3ClI,467.0,3.85,4.64,-8.973,0.7282795158877396,0.7665844212193228,0.7474319685535312,3.273277671712936,4.51,21.0,-140.0,HIGHDIVERSITY_CONCAT
HighDiv_1322,HighDiv,CCC#C[C@]1(NC(=O)C#CC2=C(O)C(O)=CN=C2)CNC1=O,1/000000231,C15H13N3O4,299.0,-0.15,4.44,-9.501,0.14106823157019424,1.3489354022768199,0.7450018169235071,4.472095280565132,3.33,24.6,-170.0,HIGHDIVERSITY_CRAFT
HighDiv_1631,HighDiv,CCCCCCCC1=CNC=C1C(=O)C1=NN(C(=O)O)C=C1Br,3/000000025,C16H19N3O3Br,381.0,2.78,4.84,-8.436,1.3154908002052876,0.17430700298470686,0.7448989015949973,3.134575109512296,5.27,5.09,-40.0,HIGHDIVERSITY_LANAPDB
Druglike_380,Druglike,NC1=CC(O)=CC=C1C1=CC=C(C(=O)C2=NC(=O)ON2)N1,23/000000397,C13H10N4O4,286.0,0.55,4.37,-9.686,-0.06445571794094823,1.5529788331397698,0.7442615575994108,3.159059265803746,5.73,3.58,-120.0,DRUGLIKE_CONCAT
Druglike_1442,Druglike,NCC1=CC(NC(N)=O)=CC(/C=C/CNC[C@H]2C=CCC2)=C1,4/000000313,C17H24N4O,300.0,0.57,4.61,-9.047,0.6401978232401094,0.8482017935645023,0.7441998084023058,3.412606647886335,4.27,6.77,-150.0,DRUGLIKE_LANAPDB
HighDiv_281,HighDiv,C=CC(C=C)NCNCC1=C(Br)C(N=O)=CC(C(N)=O)=C1,12/000000979,C14H17N4O2Br,353.0,1.6,4.7,-8.807,0.9044429011830054,0.58349680217473,0.7439698516788678,3.7299788431042344,6.16,3.72,-180.0,HIGHDIVERSITY_CONCAT
Druglike_1073,Druglike,NCCC1=CC(C(=O)C2=NC=C(/C=C/C3=CC=C(CO)C(Cl)=C3)C=N2)=CN1,12/000000114,C20H20N4O2Cl,383.0,1.4,4.95,-8.138,1.6384570065799398,-0.15436836132426018,0.7420443226278398,3.4071499378619974,5.26,6.45,-40.0,DRUGLIKE_CRAFT
HighDiv_285,HighDiv,CNCNCC1=C(Br)C(N=O)=CC(C(=O)[C@H]2CCON2)=C1,12/000000093,C13H17N4O3Br,357.0,1.54,4.69,-8.829,0.8750823369671286,0.6077614263854594,0.741421881676294,4.223496886918673,3.3,5.24,-190.0,HIGHDIVERSITY_CONCAT
HighDiv_570,HighDiv,NOC1=CC(C(=O)O)=CC(/C=C/C2CC=CC2)=C1Br,12/000000171,C14H14NO3Br,324.0,2.2,4.41,-9.574,0.052986538922561374,1.429449837157876,0.7412181880402188,3.2817075792284367,4.96,17.3,-150.0,HIGHDIVERSITY_CONCAT
HighDiv_1644,HighDiv,CN1C(=O)CSC2=CC([S@+]([O-])C3=CC(O)=C(I)C=C3O)=CC=C21,12/000000146,C15H12NO4S2I,461.0,1.78,4.71,-8.775,0.9338034653988821,0.5482028033227604,0.7410031343608212,3.7530362504865984,5.14,21.6,-100.0,HIGHDIVERSITY_LANAPDB
Druglike_1134,Druglike,OCC1=CC2=C(C=C1)/C(=C/C1=NOC=C1C[C@@H](O)CCl)C=C2,17/000000020,C17H16NO3Cl,317.0,2.24,4.66,-8.908,0.7870006443194958,0.6948934860512581,0.7409470651853769,3.7976396149193032,5.22,21.1,-190.0,DRUGLIKE_CRAFT
HighDiv_1716,HighDiv,CCN1NCC2=CC=C([S@+]([O-])C3=CC(O)=C(I)C=C3O)C=C21,12/000000272,C15H15N2O3SI,430.0,2.09,4.42,-9.546,0.08234710313843813,1.398567588162402,0.7404573456504201,4.026333111586569,4.61,18.3,-60.0,HIGHDIVERSITY_LANAPDB
Druglike_309,Druglike,O=C(C1=CC=C(C2=CC=CC=C2)N1)C1=NC(=O)ON1,23/000000025,C13H9N3O3,255.0,1.77,4.44,-9.492,0.14106823157019424,1.339008965099705,0.7400385983349497,2.737290062405636,4.92,3.58,-120.0,DRUGLIKE_CONCAT
HighDiv_2001,HighDiv,O=C1C=C(C#CC2=CC=C(NCCS)C=C2)[C@H](C(=O)O)CO1,11/000000004,C16H14NO4S,316.0,1.73,4.73,-8.719,0.9925245938306382,0.48643830533181254,0.7394814495812254,3.602886974011823,2.1,23.3,-150.0,HIGHDIVERSITY_MAYBRIDGE
HighDiv_492,HighDiv,O=C(O)CCCC#CC1=CC(N2CCNC2=O)=CC(O)=C1,28/000000118,C15H16N2O4,288.0,1.06,4.48,-9.382,0.25851048843370383,1.217685844046058,0.7380981662398809,2.746256136729432,0.85,20.6,-120.0,HIGHDIVERSITY_CONCAT
HighDiv_48,HighDiv,CCCCC1=C(NC(N)N)C(O)=CC(N2CCNC2=O)=C1,28/000000314,C14H22N5O2,292.0,0.34,5.12,-7.677,2.1375865982498548,-0.6628225322854477,0.7373820329822035,2.98305263899981,7.1,18.7,-140.0,HIGHDIVERSITY_CONCAT
HighDiv_2012,HighDiv,O=C(O)/C=C\C=C\CNOCCC1=CN=C2C=CC=CC2=C1Br,6/000000002,C17H17N2O3Br,377.0,3.39,4.65,-8.927,0.757640080103619,0.7158492978696152,0.7367446889866172,3.059992919826981,5.92,3.58,-80.0,HIGHDIVERSITY_MAYBRIDGE
HighDiv_238,HighDiv,C=CC1=C(C2=CC(O)=C(F)C=C2N=O)C=C(C(N)=S)N1,6/000000143,C13H10N3O2SF,291.0,1.97,4.75,-8.66,1.0512457222623917,0.4213649949484944,0.736305358605443,3.676877333852977,3.87,24.6,-140.0,HIGHDIVERSITY_CONCAT
Druglike_1058,Druglike,O=C(C1=CNC(C(=O)O)=C1)C1=NC=C(/C=C/C2=CC=C(I)C(Cl)=C2)C=N1,12/000000177,C18H11N3O3ClI,479.0,3.62,5.29,-7.22,2.63671618991977,-1.1668649533901385,0.7349256182648157,2.9535401322455357,4.81,3.7,-20.0,DRUGLIKE_CRAFT
Druglike_1637,Druglike,O=C(C1=CC(=O)NC=N1)C1=NN=C(/C=C/[C@H]2CC=CCC2)N1,21/000000023,C15H15N5O2,297.0,1.55,4.1,-10.382,-0.8571909517696387,2.3206233081701084,0.7317161782002348,4.192613928106116,3.28,3.58,-150.0,DRUGLIKE_LANAPDB
Druglike_174,Druglike,OCC1=CC=C(CCC2=CC=CC([C@@](O)(CO)CF)=C2)C=C1Cl,21/000000196,C18H20O3FCl,338.0,2.65,4.61,-9.024,0.6401978232401094,0.8228342318896475,0.7315160275648784,3.0163921227393464,2.43,2.61,-170.0,DRUGLIKE_CONCAT
Druglike_1438,Druglike,C=C(CC1=NNC(=O)O1)C1=CN=C([C@@H](C)C(=O)O)C=C1,14/000000003,C13H13N3O4,275.0,1.04,4.62,-8.997,0.6695583874559862,0.793054920358299,0.7313066539071427,3.624941663513594,5.01,20.4,-170.0,DRUGLIKE_LANAPDB
HighDiv_1209,HighDiv,O=C(CO)C1=CC(O)=C(O)C(N2C=NN=C2S)=C1,3/000000108,C10H9N3O4S,267.0,1.3,5.06,-7.825,1.9614232129545892,-0.4995877875950876,0.7309177126797508,3.1772986285036895,3.68,19.1,-120.0,HIGHDIVERSITY_CRAFT
HighDiv_1300,HighDiv,O=C(C#CC1=C(O)C(O)=CN=C1)NC1=CC=CN=C1[C@@H]1CN1,1/000000128,C15H12N4O3,296.0,-0.17,4.52,-9.261,0.37595274529721084,1.0842304108870475,0.7300915780921292,3.7497991328207543,6.92,20.0,-190.0,HIGHDIVERSITY_CRAFT
Druglike_166,Druglike,NCC1=NC=C(CCC2=CC(O)=CC(C3=NNN=C3)=C2)C=N1,28/000000446,C15H17N6O,297.0,1.45,4.63,-8.967,0.6989189516718629,0.7599667964345782,0.7294428740532206,3.285924078340603,3.06,19.8,-120.0,DRUGLIKE_CONCAT
HighDiv_1720,HighDiv,C#CCCC1=CC([S@+]([O-])C2=CC(O)=C(I)C=C2O)=CC=C1O,12/000000126,C16H13O4SI,428.0,2.52,4.4,-9.579,0.023625974706684625,1.4349645244784972,0.729295249592591,3.7990433511830375,3.46,19.7,0.0,HIGHDIVERSITY_LANAPDB
HighDiv_220,HighDiv,NOC1=CC(C(=O)O)=CC(CC2C=CC=C2)=C1Br,12/000000738,C13H12NO3Br,310.0,1.63,4.77,-8.59,1.1099668506941451,0.34415937245981054,0.7270631115769779,3.2264760413765305,5.89,2.48,-150.0,HIGHDIVERSITY_CONCAT
HighDiv_1266,HighDiv,CCCCNC(=O)C#CC1=C(O)C(O)=CN=C1C(=O)O,1/000000420,C13H13N2O5,277.0,0.43,4.64,-8.934,0.7282795158877396,0.7235698601184832,0.7259246880031114,3.0673440005196424,5.69,20.0,-20.0,HIGHDIVERSITY_CRAFT
HighDiv_47,HighDiv,NOCC1=C(Br)C(N=O)=CC(C(=O)CO)=C1,12/000000911,C9H9N2O4Br,289.0,-0.16,5.13,-7.628,2.1669471624657315,-0.7168664680275256,0.7250403472191029,3.3534719100531625,4.09,3.72,0.0,HIGHDIVERSITY_CONCAT
HighDiv_339,HighDiv,C=CCNCNCC1=C(Br)C(N=O)=CC(C(=O)[C@H]2C=CNO2)=C1,12/000000431,C15H17N4O3Br,381.0,2.0,4.63,-8.959,0.6989189516718629,0.7511432967215849,0.7250311241967239,4.553949826141713,3.89,5.09,-150.0,HIGHDIVERSITY_CONCAT
Druglike_431,Druglike,FC1=CC(NC2=CC=CC(CC/C=C/[C@@H]3CNCN3)=C2)=CC=C1,30/000000001,C19H22N3F,311.0,3.47,4.32,-9.784,-0.2112585390203346,1.6610667046239276,0.7249040828017965,3.1995313054316545,5.16,3.58,-170.0,DRUGLIKE_CONCAT
HighDiv_1624,HighDiv,[O-][S@@+](C1=CC=C2C(=C1)CCN2CCl)C1=CC(O)=C(I)C=C1O,12/000000301,C15H13NO3SClI,449.0,2.91,4.88,-8.292,1.4329330570687973,0.015484008150843482,0.7242085326098203,3.756342191031715,4.45,18.6,-40.0,HIGHDIVERSITY_LANAPDB
Druglike_103,Druglike,CCCNC1=CC(OC(=O)C2=CC(O)=C(OCCN)C=C2)=C(Cl)N=C1,3/000000112,C17H21N3O4Cl,366.0,2.14,4.76,-8.608,1.0806062864782684,0.3640122468140442,0.7223092666461564,2.9277879394733475,5.89,19.7,-20.0,DRUGLIKE_CONCAT
HighDiv_307,HighDiv,NOC1=C(Br)C(C2=CNN(CCl)C2)=CC(C(=O)O)=C1,12/000001328,C11H11N3O3ClBr,348.0,1.1,4.67,-8.845,0.8163612085353725,0.6254084258114442,0.7208848171734084,3.6417631447079497,4.47,19.0,-120.0,HIGHDIVERSITY_CONCAT
HighDiv_415,HighDiv,CCC#CC1=C(C)C(O)=CC(N2CCNC2=O)=C1,28/000000077,C14H16N2O2,244.0,1.81,4.55,-9.164,0.46403443794484367,0.9772454768670152,0.7206399574059295,2.9830717336842234,1.61,16.6,-200.0,HIGHDIVERSITY_CONCAT
Druglike_1127,Druglike,N[C@@H](O)C1=CC=C(CC/C(=C/CO)C2=NNC(=O)O2)C=C1I,10/000000020,C14H16N3O4I,417.0,1.73,4.7,-8.764,0.9044429011830054,0.5360704912173947,0.7202566962002,3.9593109173873264,5.51,3.84,-150.0,DRUGLIKE_CRAFT
Druglike_1829,Druglike,NC(=O)C1=CN=C(O)C(NC(=O)C2=C(Cl)C=CC(Br)=C2)=C1,27/000000099,C13H9N3O3ClBr,370.0,2.37,4.36,-9.668,-0.09381628215682498,1.5331259587855361,0.7196548383143556,2.3167990860192127,5.92,18.8,0.0,DRUGLIKE_MAYBRIDGE
Druglike_1945,Druglike,C=CC1=CC(=O)C=C(C2=CC=C(CCC3=NC=CN3)C=C2)N1,15/000000063,C18H17N3O,291.0,2.79,4.16,-10.198,-0.681027566474373,2.117682814771284,0.7183276241484555,2.8499238379559877,5.81,3.58,-160.0,DRUGLIKE_MAYBRIDGE
Druglike_1486,Druglike,NCC1=C(C2=CN=C(CCCCC3=CC=CC=C3)N2)C=C(CO)N1,4/000000196,C19H24N4O,324.0,1.61,4.35,-9.691,-0.12317684637270433,1.558493520460391,0.7176583370438433,2.774189507286721,4.1,21.5,-100.0,DRUGLIKE_LANAPDB
Druglike_1121,Druglike,CC1=CC=C(/C=C/C2=CN=C(C(=O)C3=CNC([C@H](O)Br)=C3)N=C2)C=C1Cl,12/000000116,C19H15N3O2ClBr,432.0,3.19,4.72,-8.706,0.9631640296147589,0.4721001182982,0.7176320739564794,3.5526402526907113,4.17,3.7,-190.0,DRUGLIKE_CRAFT
HighDiv_272,HighDiv,O=C1C=C([C@@H](/C=C/C2=CC(F)=CC(Cl)=C2O)CO)C(=O)N1,30/000000038,C14H11NO4FCl,311.0,1.06,4.71,-8.731,0.9338034653988821,0.4996735549013016,0.7167385101500918,3.735221185278653,3.47,5.21,-150.0,HIGHDIVERSITY_CONCAT
Druglike_436,Druglike,NC1=CC=CC=C1C1=CC=C(C(=O)C2=NC(=O)ON2)N1,23/000000163,C13H10N4O3,270.0,0.95,4.32,-9.768,-0.2112585390203346,1.6434197051979427,0.7160805830888041,2.964809722516943,4.76,3.58,-120.0,DRUGLIKE_CONCAT
Druglike_248,Druglike,CCNC1=CC(OC(=O)C2=CC=C(CC(=O)O)C(O)=C2)=C(Cl)N=C1,3/000000253,C16H15N2O5Cl,350.0,2.07,4.5,-9.288,0.3172316168654573,1.114009722418398,0.7156206696419276,2.461629307486522,6.19,6.17,-20.0,DRUGLIKE_CONCAT
Druglike_1109,Druglike,CC(=O)CC1=C(C/C=C(/CF)C2=CC[C@@H](CO)O2)ON=C1O,4/000000041,C15H18NO5F,311.0,0.96,4.78,-8.541,1.1393274149100245,0.2901154367177326,0.7147214258138785,4.516589101498297,7.46,5.08,-170.0,DRUGLIKE_CRAFT
HighDiv_2019,HighDiv,C=CC(=O)CC1=CC(F)=C(ON)C(C2=CNC(CNC(C)=O)=N2)=C1,27/000000370,C16H17N4O3F,332.0,0.27,4.63,-8.939,0.6989189516718629,0.7290845474391043,0.7140017495554836,3.4003335032907165,2.06,3.58,-200.0,HIGHDIVERSITY_MAYBRIDGE
HighDiv_1748,HighDiv,C=CC1=C(C2=CNC(CNC(=O)CCC3=CC=CN=C3)=C2)N=CN1,25/000000021,C18H19N5O,321.0,1.32,4.32,-9.763,-0.2112585390203346,1.6379050178773216,0.7133232394284935,3.0186967600339747,3.27,24.1,-120.0,HIGHDIVERSITY_LANAPDB
HighDiv_1321,HighDiv,CCC1=NC=CC=C1NC(=O)C#CC1=C(O)C(O)=CN=C1,1/000000351,C15H13N3O3,283.0,0.91,4.45,-9.416,0.17042879578607098,1.2551857178262766,0.7128072568061739,3.118846749506485,7.1,18.2,-20.0,HIGHDIVERSITY_CRAFT
Druglike_1070,Druglike,C=CC1=CC=C([C@H](N)COCCCC(=O)O)C=C1I,10/000000021,C14H18NO3I,375.0,2.54,4.98,-8.005,1.7265386992275726,-0.3010590440527579,0.7127398275874074,3.164583671248611,8.96,3.72,-150.0,DRUGLIKE_CRAFT
Druglike_1891,Druglike,O=C(O)C1=CC2=C(N1)C(=O)NC=C2CCC1=CNC=CC1,14/000000019,C15H15N3O3,285.0,0.65,4.25,-9.947,-0.41678248853147704,1.8408455112761462,0.7120315113723346,3.4402751588937086,5.8,24.6,-40.0,DRUGLIKE_MAYBRIDGE
HighDiv_152,HighDiv,O=C(O)CNCC#CC1=CC(O)=CC(Cl)=C1,23/000000007,C11H10NO3Cl,239.0,1.79,4.87,-8.291,1.4035724928529205,0.014381070686720045,0.7089767817698203,2.750208964858821,3.37,3.72,0.0,HIGHDIVERSITY_CONCAT
HighDiv_228,HighDiv,CC/C=C/[C@@H](C#CC1=CC(O)=CC(Cl)=C1)CCO,23/000000202,C15H17O2Cl,264.0,3.56,4.75,-8.609,1.0512457222623917,0.36511518427816764,0.7081804532702797,3.7626046507574262,5.04,15.7,-170.0,HIGHDIVERSITY_CONCAT
HighDiv_1694,HighDiv,[O-][S@@+](C1=CC=C2NC[C@H](CO)C2=C1)C1=CC(O)=C(I)C=C1O,12/000000248,C15H14NO4SI,431.0,1.1,4.48,-9.325,0.25851048843370383,1.154818408590987,0.7066644485123454,4.152286960821296,3.1,18.1,-190.0,HIGHDIVERSITY_LANAPDB
Druglike_382,Druglike,NCC1=CC=C(CCC2=CC3=C(C=N2)C(=O)NC=N3)C(Br)=C1,12/000000023,C16H16N4OBr,360.0,1.38,4.37,-9.617,-0.06445571794094823,1.4768761481152113,0.7062102150871316,3.20114093960434,4.84,18.0,-80.0,DRUGLIKE_CONCAT
Druglike_1798,Druglike,O=C(CC1=CC=C(Cl)C(F)=C1)[C@@H](C1=NNC(O)=C1)C1=CN=NN1,25/000000001,C14H11N5O2FCl,335.0,2.24,4.44,-9.43,0.14106823157019424,1.2706268423240126,0.7058475369471034,4.013014678212718,2.94,4.94,-150.0,DRUGLIKE_MAYBRIDGE
Druglike_1748,Druglike,CN(C(=O)CC1=C(C(N)=O)C=CC(C(=O)O)=C1)[C@@H]1C=CCC1,5/000000047,C16H18N2O4,302.0,0.89,4.68,-8.791,0.8457217727512493,0.5658498027487452,0.7057857877499972,3.1541818127215,7.13,3.58,-170.0,DRUGLIKE_MAYBRIDGE
Druglike_1113,Druglike,O=C(C1=CNC(CBr)=C1)C1=NC=C(/C=C/C2=CC=C(CO)C(Cl)=C2)C=N1,12/000000096,C19H15N3O2ClBr,432.0,2.92,4.76,-8.574,1.0806062864782684,0.3265123730338257,0.7035593297560471,3.092708075742248,5.1,5.09,-20.0,DRUGLIKE_CRAFT
HighDiv_1274,HighDiv,NCC#CC1=CC(=O)N(C/C=C/[C@@H](O)C2=NC=C(Cl)C=C2)N1,5/000000006,C15H15N4O2Cl,318.0,0.61,4.6,-8.999,0.61083725902423,0.7952607952865479,0.703049027155389,4.160509554656984,4.91,23.5,-150.0,HIGHDIVERSITY_CRAFT
Druglike_1425,Druglike,NC(=O)NC1=CC(CC(=O)O)=C(/C=C/CO[C@@H]2CCOC2)C=C1,4/000000048,C16H20N2O5,320.0,0.13,4.71,-8.706,0.9338034653988821,0.4721001182982,0.7029517918485411,3.1355839089819506,4.1,5.09,-150.0,DRUGLIKE_LANAPDB
Druglike_1399,Druglike,CNCC1=NON=C1[C@H](Cl)CN1C=CC(C(=O)O)=C1C#CCO,6/000000119,C14H16N4O4Cl,339.0,1.1,4.93,-8.119,1.5797358781481836,-0.17532417314261728,0.7022058525027832,4.7094781804316534,8.32,6.72,-170.0,DRUGLIKE_LANAPDB
HighDiv_125,HighDiv,C=CC(=C)C(=O)C1=CC(N=O)=C(Br)C(NC(N)N)=C1,12/000000103,C12H11N4O2Br,323.0,1.63,4.92,-8.145,1.5503753139323069,-0.1466477990753922,0.7018637574284573,3.7918652512168247,3.44,21.0,-20.0,HIGHDIVERSITY_CONCAT
Druglike_76,Druglike,O=C(/C=C/C(CO)CO)C1=NN=C(COC2=CC=NC(Cl)=C2CCO)N1,23/000000282,C16H19N4O5Cl,382.0,0.23,4.85,-8.33,1.3448513644211644,0.057395631787557674,0.701123498104361,3.540463419916769,5.82,5.09,-150.0,DRUGLIKE_CONCAT
Druglike_290,Druglike,NC(N)(/C=C/C(=O)NC1=CC=CC=C1)C1=NNC(=O)N1,21/000000177,C12H14N6O2,274.0,-0.37,4.46,-9.365,0.19978936000194772,1.19893590715595,0.6993626335789489,3.004110026160668,3.71,3.58,-150.0,DRUGLIKE_CONCAT
HighDiv_123,HighDiv,C=CCCCCCOC1=C(Br)C(ON)=CC(C(=O)O)=C1,12/000001264,C14H18NO4Br,344.0,2.73,4.92,-8.14,1.5503753139323069,-0.15216248639601132,0.6991064137681477,2.567469361825003,5.75,17.1,0.0,HIGHDIVERSITY_CONCAT
HighDiv_561,HighDiv,C/C(=C\C1=CC(N2CCNC2=O)=CC(O)=C1)C1=NCCOC1,28/000000128,C16H19N3O3,301.0,0.18,4.42,-9.471,0.08234710313843813,1.315847278353099,0.6990971907457686,3.3324442363076354,2.07,20.6,-140.0,HIGHDIVERSITY_CONCAT
Druglike_106,Druglike,O=C1C=C[C@@H](/C(=C/C2=CN=C(CCF)C(Br)=C2)C(=O)O)N1,13/000000118,C14H12N2O3FBr,355.0,1.48,4.75,-8.591,1.0512457222623917,0.345262309923934,0.6982540160931628,4.134201333261343,6.84,3.84,-150.0,DRUGLIKE_CONCAT
HighDiv_1311,HighDiv,O=C(C#CC1=C(O)C(O)=CN=C1)NC1CCCC1,1/000000096,C13H14N2O3,246.0,1.28,4.48,-9.309,0.25851048843370383,1.137171409165002,0.6978409487993529,3.0031765119647655,4.46,17.0,-150.0,HIGHDIVERSITY_CRAFT
HighDiv_173,HighDiv,N[C@@H](CC1=C(Br)C(N=O)=CC(C(=O)N=O)=C1)C(=O)O,12/000000599,C10H8N3O5Br,330.0,0.69,4.84,-8.35,1.3154908002052876,0.07945438107003822,0.6974725906376629,3.6111784759823378,5.02,21.9,-150.0,HIGHDIVERSITY_CONCAT
HighDiv_233,HighDiv,NOC1=C(Br)C(CCC[C@@H](CO)C2=NC=CN=C2)=CC(C(=O)O)=C1,12/000001241,C16H18N3O4Br,396.0,0.36,4.75,-8.589,1.0512457222623917,0.3430564349956871,0.6971510786290394,3.4537397784685044,9.04,3.84,-150.0,HIGHDIVERSITY_CONCAT
HighDiv_280,HighDiv,C=C(CN)C(=O)NOCC1=C(Br)C(CO)=CC(C(=O)N=O)=C1,12/000000860,C13H14N3O5Br,372.0,0.46,4.7,-8.721,0.9044429011830054,0.48864418026006134,0.6965435407215333,3.4695601238099636,6.63,23.1,-60.0,HIGHDIVERSITY_CONCAT
HighDiv_368,HighDiv,CNCC#CCCC1=C(Br)C(O)=CC(C(=O)N=O)=C1,12/000000863,C13H14N2O3Br,326.0,2.13,4.59,-9.013,0.5814766948083533,0.8107019197842839,0.6960893072963186,4.070906044116233,3.39,3.85,-20.0,HIGHDIVERSITY_CONCAT
HighDiv_413,HighDiv,NCC1=CC(=O)C=C(C2=CC=C(CN)C(CCl)=C2)C1=O,10/000000197,C15H16N2O2Cl,291.0,0.26,4.55,-9.118,0.46403443794484367,0.9265103535173096,0.6952723957310767,3.557831879307521,4.65,2.35,-160.0,HIGHDIVERSITY_CONCAT
HighDiv_1172,HighDiv,OC1=C(/C=C/C2=CC=C(F)C(F)=C2)C=CC=C1C1=NNC=C1,24/000000001,C17H12N2OF2,298.0,4.78,4.01,-10.555,-1.1214360297125348,2.511431489463569,0.6949977298755172,2.813969511032912,2.39,21.6,-120.0,HIGHDIVERSITY_CONCAT
Druglike_1143,Druglike,NCCC1=CON=C1/C=C1\C=CC2=CC(CO)=CC=C12,17/000000013,C16H16N2O2,268.0,1.37,4.6,-8.984,0.61083725902423,0.7787167333246865,0.6947769961744583,3.2379017370359993,5.46,19.0,-40.0,DRUGLIKE_CRAFT
HighDiv_2008,HighDiv,NNC(=O)C1=CC=C(OC[C@H](C(=O)O)C2=NN=CN2)C(Br)=C1,22/000000020,C12H12N5O4Br,370.0,1.21,4.7,-8.716,0.9044429011830054,0.48312949293944024,0.6937861970612228,3.3909399211704265,5.97,3.58,-150.0,HIGHDIVERSITY_MAYBRIDGE
HighDiv_1345,HighDiv,O=C1CCC=C(C/C=C/[C@H](CS)N2C=NC3=C2C=CC=N3)N1,29/000000014,C16H18N4OS,314.0,2.24,4.39,-9.536,-0.0057345895091947315,1.3875382135211618,0.6909018120059836,4.1248218607984235,3.5,3.72,-190.0,HIGHDIVERSITY_CRAFT
Druglike_1806,Druglike,O=C(CC1=CC=C(C2=NNC=C2)C(I)=C1)CC1=CC=CC(CO)=N1,15/000000097,C18H16N3O2I,433.0,3.05,4.42,-9.454,0.08234710313843813,1.297097341462991,0.6897222223007146,3.0302515330870072,5.98,20.9,-120.0,DRUGLIKE_MAYBRIDGE
Druglike_351,Druglike,O=C(C1=CC(F)=CC=C1O)[C@@H](O)C#CC1=NON=C1CCl,18/000000096,C13H8N2O4FCl,310.0,2.2,4.39,-9.533,-0.0057345895091947315,1.3842294011287894,0.6892474058097974,3.801810086576992,5.63,3.58,-150.0,DRUGLIKE_CONCAT
Druglike_1066,Druglike,C[C@H](N)C1=CC(C(=O)C2=NC=C(/C=C/C3=CC=C(I)C(Cl)=C3)C=N2)=CN1,12/000000121,C19H17N4OClI,479.0,3.65,5.07,-7.721,1.9907837771704686,-0.614293283863989,0.6882452466532398,3.9311390935758546,4.67,23.6,-190.0,DRUGLIKE_CRAFT
Druglike_1849,Druglike,C=CNC1=CC=C(C(=O)NC2=CC(C(N)=O)=CN=C2O)C=C1Br,27/000000095,C15H13N4O3Br,377.0,1.85,4.33,-9.69,-0.18189797480445782,1.5573905829962655,0.6877463040959039,2.707117794951854,7.04,20.7,0.0,DRUGLIKE_MAYBRIDGE
Druglike_1925,Druglike,OCC1=NC2=C(N=C1)C([C@H](F)C1=CC=C3ON=CC3=C1)=CN2,28/000000001,C15H11N4O2F,298.0,1.58,4.2,-10.036,-0.5635853096108634,1.939006945583187,0.6877108179861618,3.8168596011830376,1.29,20.7,-190.0,DRUGLIKE_MAYBRIDGE
Druglike_231,Druglike,O=C(O)C1=CN=C(O)N=C1C/C=C/C1=NC(O)=CN=C1,29/000000155,C12H10N4O4,274.0,0.02,4.53,-9.15,0.4053133095130902,0.9618043523692793,0.6835588309411847,3.50718282835847,5.66,3.85,0.0,DRUGLIKE_CONCAT
Druglike_321,Druglike,O=C(C1=CC=C(C2=CC=C(O)C=C2)N1)C1=NC(=O)ON1,23/000000251,C13H9N3O4,271.0,1.37,4.42,-9.44,0.08234710313843813,1.281656216965253,0.6820016600518456,2.86919352818496,5.73,3.58,-120.0,DRUGLIKE_CONCAT
HighDiv_111,HighDiv,NCC#CCC1=C(Br)C(O)=CC(C(=O)N=O)=C1,12/000000832,C11H10N2O3Br,298.0,1.57,4.95,-8.029,1.6384570065799398,-0.27458854491378165,0.681934230833079,3.987832133680021,6.67,3.85,0.0,HIGHDIVERSITY_CONCAT
Druglike_198,Druglike,C=C(CC1=CC(O)=CC(C2=NNN=C2)=C1)C1=CCCCC1,28/000000160,C17H19N3O,281.0,4.0,4.59,-8.984,0.5814766948083533,0.7787167333246865,0.68009671406652,3.1449916658293953,3.78,20.4,-120.0,DRUGLIKE_CONCAT
HighDiv_586,HighDiv,C#CCCCC(=O)/C=C/C1=CC(O)=CC(N2CCNC2=O)=C1,28/000000084,C17H18N2O3,298.0,1.17,4.4,-9.489,0.023625974706684625,1.3357001527073327,0.6796630637070087,2.936229064382788,3.7,3.58,-120.0,HIGHDIVERSITY_CONCAT
HighDiv_502,HighDiv,O=C(O)C1=CC(CCC/C=C\C2=CN=C(S)N2)=CC(O)=C1O,3/000000225,C15H16N2O4S,320.0,2.05,4.47,-9.302,0.22914992421782449,1.1294508469161342,0.6793003855669794,3.195749334488144,2.23,4.94,0.0,HIGHDIVERSITY_CONCAT
HighDiv_1447,HighDiv,CN1C(=O)CNC2=C1C=CC=C2C(=O)NC1=C(Cl)C=C(Cl)C=N1,18/000000024,C15H12N4O2Cl2,350.0,2.22,4.19,-10.047,-0.5929458738267401,1.9511392576885527,0.6790966919309063,2.5821416960507566,6.76,3.58,-100.0,HIGHDIVERSITY_CRAFT
HighDiv_1736,HighDiv,C=C(C1=CC(C2=C(Br)C=NN2)=CC=C1)C1=NC(C(N)=S)=NO1,27/000000041,C14H10N5OSBr,376.0,3.49,4.36,-9.591,-0.09381628215682498,1.4481997740479844,0.6771917459455797,3.304023109047799,3.06,3.58,-129.0,HIGHDIVERSITY_LANAPDB
HighDiv_472,HighDiv,O=C1NCCN1C1=CC(O)=CC(C#CCCCCCO)=C1,28/000000268,C16H20N2O3,288.0,1.52,4.5,-9.218,0.3172316168654573,1.0368040999297143,0.6770178583975859,2.764079774278322,1.5,19.0,-120.0,HIGHDIVERSITY_CONCAT
Druglike_1737,Druglike,NCC1=CC(=O)C=C(C2=NN=C(CCCO)O2)N1,15/000000287,C11H15N4O3,251.0,0.16,4.79,-8.44,1.1686879791259013,0.1787187528412026,0.673703365983552,3.555502303819969,5.93,22.4,-120.0,DRUGLIKE_MAYBRIDGE
Druglike_1779,Druglike,C=C(N)CCC1=CC(=O)[C@H](CCNC(=O)C2=CC=C(CN)C=C2)O1,27/000000075,C18H23N3O3,329.0,0.7,4.52,-9.156,0.37595274529721084,0.9684219771540238,0.6721873612256173,3.4636387451734407,7.75,4.94,-150.0,DRUGLIKE_MAYBRIDGE
Druglike_1760,Druglike,NCC1=CC(=O)C(CF)=C(C2=CC=CC=C2)N1,15/000000168,C13H13N2OF,232.0,1.76,4.6,-8.943,0.61083725902423,0.7334962972956001,0.672166778159915,2.60250023568671,6.06,3.58,-160.0,DRUGLIKE_MAYBRIDGE
Druglike_1746,Druglike,CCC1=C(C2=CC=CC=C2)NC(CN)=CC1=O,15/000000228,C14H16N2O,228.0,1.92,4.68,-8.73,0.8457217727512493,0.4985706174371782,0.6721461950942137,2.4051550433790165,6.64,3.58,-180.0,DRUGLIKE_MAYBRIDGE
HighDiv_1700,HighDiv,[O-][S@+](C1=CC(O)=C(I)C=C1O)C1=CC=C2C=NCCC2=C1O,12/000000074,C15H12NO4SI,429.0,1.79,4.46,-9.314,0.19978936000194772,1.1426860964856231,0.6712377282437855,4.1903487484087645,3.95,19.7,-80.0,HIGHDIVERSITY_LANAPDB
HighDiv_1320,HighDiv,C=CCC(=O)C1=CC(C2=CC(S)=C(/C=C/CN)C=C2)=CC=C1,3/000000068,C19H19NOS,309.0,4.34,4.45,-9.337,0.17042879578607098,1.168053658160476,0.6692412269732735,2.817268270338122,2.68,5.09,-160.0,HIGHDIVERSITY_CRAFT
HighDiv_1238,HighDiv,C/C=C/C(=O)C1=CC(C2=NC=NC=N2)=C(O)C(O)=C1,3/000000178,C13H11N3O3,257.0,0.56,4.76,-8.51,1.0806062864782684,0.25592437532988643,0.6682653309040774,2.9115920494751713,1.55,15.0,-200.0,HIGHDIVERSITY_CRAFT
HighDiv_411,HighDiv,CCOC1=CC(NC(=O)C2=CC(S)=CC(S)=C2Br)=CC(O)=C1,29/000000029,C15H14NO3S2Br,400.0,4.48,4.55,-9.069,0.46403443794484367,0.8724664177752317,0.6682504278600376,2.8381825879559877,3.65,4.94,-76.0,HIGHDIVERSITY_CONCAT
HighDiv_480,HighDiv,CCC#C/C=C/C1=CC(N2CCNC2=O)=CC(O)=C1,28/000000178,C15H16N2O2,256.0,1.85,4.49,-9.228,0.28787105264958057,1.0478334745709545,0.6678522636102675,3.072538687114262,0.56,18.2,-140.0,HIGHDIVERSITY_CONCAT
Druglike_1257,Druglike,O=C(O)CC#C[C@H](O)C1=CC=C(NC2=CC=CC(CCl)=C2)C=C1,13/000000012,C18H15NO3Cl,328.0,2.21,4.18,-10.053,-0.6223064380426195,1.9577568824732972,0.6677252222153388,3.023630299514495,5.48,19.3,-170.0,DRUGLIKE_CRAFT
HighDiv_207,HighDiv,NC(N)NCCCCCCC1=CC(O)=CC(N2CCNC2=O)=C1,28/000000410,C16H25N5O2,319.0,0.88,4.79,-8.426,1.1686879791259013,0.1632776283434666,0.665982803734684,2.688867583624722,3.47,19.9,-120.0,HIGHDIVERSITY_CONCAT
HighDiv_1351,HighDiv,C#CCNC(=O)C#CC1=C(O)C(O)=CN=C1C(F)F,1/000000216,C12H8N2O3F2,266.0,0.85,4.37,-9.544,-0.06445571794094823,1.3963617132341553,0.6659529976466035,3.6852896675064177,5.12,24.2,-150.0,HIGHDIVERSITY_CRAFT
Druglike_496,Druglike,NCC1=CC=CC=C1C1=CC=C(C(=O)C2=NC(=O)ON2)N1,23/000000078,C14H13N4O3,285.0,0.89,4.27,-9.807,-0.35806136009972356,1.6864342662987803,0.6641864530995284,3.500337466586015,5.45,3.58,-120.0,DRUGLIKE_CONCAT
HighDiv_1326,HighDiv,C=CCC1=C(N)C=C(C2=CC(C(=O)NC(C)=O)=CC=C2O)C=C1Cl,3/000000072,C18H17N2O3Cl,344.0,3.3,4.44,-9.354,0.14106823157019424,1.1868035950505842,0.6639359133103893,2.596430910498894,4.1,19.9,-200.0,HIGHDIVERSITY_CRAFT
Druglike_1133,Druglike,C/C=C/CCC1=NC(CO)=C(C2=NNC(=O)C(C)=C2)O1,15/000000223,C14H17N3O3,275.0,0.81,4.66,-8.768,0.7870006443194958,0.5404822410738924,0.6637414426966941,3.311207828358471,2.63,23.8,-200.0,DRUGLIKE_CRAFT
HighDiv_62,HighDiv,NCC(=O)C1=CC(CCON)=C(Br)C(N=O)=C1,12/000000144,C10H13N3O3Br,303.0,-0.07,5.08,-7.649,2.020144341386345,-0.6937047812809206,0.6632197800527122,3.9187458460546023,5.32,3.58,0.0,HIGHDIVERSITY_CONCAT
HighDiv_2011,HighDiv,C=C(/C=C/C=S)C1=NC(C2=C(ON)C(F)=CC=C2)=CN1,27/000000504,C14H12N3OSF,289.0,1.59,4.66,-8.767,0.7870006443194958,0.5393793036097669,0.6631899739646314,3.915456454732097,1.07,3.58,-140.0,HIGHDIVERSITY_MAYBRIDGE
Druglike_1777,Druglike,CC1=CN(CCOC(=O)C#CC2=CC(CO)=CC(O)=C2)CC1,1/000000083,C17H19NO4,301.0,2.09,4.53,-9.113,0.4053133095130902,0.9209956661966885,0.6631544878548894,3.29586057803043,4.54,20.4,-20.0,DRUGLIKE_MAYBRIDGE
Druglike_1840,Druglike,CCC1=CC(C(=O)O)=C(C2=CC(=O)C(/C=C/CN)=CN2)C=C1,15/000000149,C17H18N2O3,298.0,2.12,4.34,-9.618,-0.15253741058858108,1.4779790855793347,0.6627208374953768,2.839850973832407,4.86,3.58,-200.0,DRUGLIKE_MAYBRIDGE
Druglike_1076,Druglike,O=C(O)CC1=CC(C(=O)C2=NC=C(/C=C/C3=CC=C(I)C(Cl)=C3)C=N2)=CN1,12/000000104,C19H13N3O3ClI,493.0,3.43,4.91,-8.099,1.5210147497164301,-0.1973829224250978,0.6618159136456662,3.09935814807284,4.47,4.94,-60.0,DRUGLIKE_CRAFT
HighDiv_580,HighDiv,NC1=CC(CCNCCC2=C(Br)C(N=O)=CC(C(=O)CCl)=C2)=NN1,12/000000416,C15H17N5O2ClBr,414.0,2.34,4.41,-9.429,0.052986538922561374,1.2695239048598892,0.6612552218912253,3.387594227640994,4.08,4.94,0.0,HIGHDIVERSITY_CONCAT
HighDiv_1254,HighDiv,C=C(CCl)[C@@H](CBr)NC(=O)C#CC1=C(O)C(O)=CN=C1,1/000000460,C13H12N2O3ClBr,359.0,1.93,4.68,-8.709,0.8457217727512493,0.4754089306905723,0.6605653517209108,4.223039379131309,5.51,21.0,-150.0,HIGHDIVERSITY_CRAFT
HighDiv_298,HighDiv,O=NC1=C(Br)C(CC(=O)O)=CC(C(=O)[C@H]2CCNN2)=C1,12/000000080,C12H12N3O4Br,342.0,1.92,4.68,-8.708,0.8457217727512493,0.47430599322644884,0.6600138829888491,3.962266698478629,3.0,3.58,-190.0,HIGHDIVERSITY_CONCAT
HighDiv_387,HighDiv,OCC1=C(OCC2=CC=C3CNSC3=C2)C(O)=CC=C1O,4/000000308,C15H15NO4S,305.0,1.78,4.57,-9.0,0.5227555663765998,0.7963637327506713,0.6595596495636356,3.1338851588937073,7.35,2.47,-40.0,HIGHDIVERSITY_CONCAT
HighDiv_263,HighDiv,O=C1NCCN1C1=CC(O)=CC(C#CCCCO)=C1,28/000000169,C14H16N2O3,260.0,0.81,4.71,-8.625,0.9338034653988821,0.38276218370415244,0.6582828245515173,2.833118174293748,2.47,17.8,-120.0,HIGHDIVERSITY_CONCAT
Druglike_1853,Druglike,C=CC1=CNC(C2=C(C(=O)O)C=C(CC)C=C2)=CC1=O,15/000000113,C16H15NO3,269.0,2.91,4.32,-9.657,-0.2112585390203346,1.5209936466801723,0.6548675538299189,2.694760830356472,5.35,2.22,-180.0,DRUGLIKE_MAYBRIDGE
HighDiv_168,HighDiv,CSC/C=C/C1=CC=C(I)C(C2=NC(CC(=O)O)=NN2)=N1,4/000000150,C13H13N4O2SI,416.0,2.97,4.84,-8.272,1.3154908002052876,-0.006574741131637053,0.6544580295368253,3.4793114170423394,4.27,23.3,-160.0,HIGHDIVERSITY_CONCAT
Druglike_1084,Druglike,O=C(CO)OCC1=C(C/C=C(/CF)C2=CC[C@@H](CO)O2)ON=C1O,4/000000063,C15H18NO7F,343.0,0.16,4.89,-8.136,1.462293621284674,-0.15657423625250902,0.6528596925160824,4.473314749765863,9.08,5.08,-150.0,DRUGLIKE_CRAFT
HighDiv_270,HighDiv,C=CCCSCC1=C(Cl)C(O)=CC(N2CCNC2=O)=C1,28/000000427,C14H17N2O2SCl,312.0,2.51,4.71,-8.613,0.9338034653988821,0.3695269341346633,0.6516651997667727,3.052860850336492,4.57,19.0,-120.0,HIGHDIVERSITY_CONCAT
HighDiv_65,HighDiv,COC1=C(/C=C/C2=CN=CC=C2)N=C(C2=NC(CC(=O)O)=NN2)C(I)=C1,4/000000248,C17H14N5O3I,463.0,2.51,5.07,-7.653,1.9907837771704686,-0.6892930314244249,0.6507453728730219,3.155580840815012,5.86,24.8,-200.0,HIGHDIVERSITY_CONCAT
HighDiv_234,HighDiv,NCCCC#CC1=CC(C(=O)O)=CC(ON)=C1Br,12/000001184,C12H14N2O3Br,314.0,1.27,4.75,-8.504,1.0512457222623917,0.24930675054514187,0.6502762364037667,3.6981174668082417,5.47,17.9,0.0,HIGHDIVERSITY_CONCAT
HighDiv_352,HighDiv,NC1=C(Br)C([C@@H](S)C/C=C/CC2=CCCC2)=CC(C(=O)N=O)=C1,12/000000353,C17H19N2O2SBr,395.0,3.3,4.61,-8.875,0.6401978232401094,0.658496549735165,0.6493471864876372,4.124183949662422,5.82,23.4,-150.0,HIGHDIVERSITY_CONCAT
Druglike_1492,Druglike,NC(=O)C1=CC(CO)=CC(C#CC2=CC=CC=C2)=C1,19/000000026,C16H13NO2,251.0,2.7,4.33,-9.616,-0.18189797480445782,1.475773210651086,0.6469376179233141,2.146697661473235,3.09,2.22,0.0,DRUGLIKE_LANAPDB
Druglike_247,Druglike,CCOC(=O)C1=C[C@H](C(=O)O)C=C(CCCC2=CN=C(I)C(N)=C2)O1,2/000000011,C17H19N2O5I,458.0,2.28,4.5,-9.163,0.3172316168654573,0.9761425394028918,0.6466870781341745,3.934650628166235,4.92,23.7,-170.0,DRUGLIKE_CONCAT
HighDiv_225,HighDiv,CCC(=O)C1=C(O)C(O)=CC(N2CCNC2=O)=C1,28/000000265,C12H14N2O4,250.0,0.13,4.76,-8.47,1.0806062864782684,0.21180687676492535,0.6462065816215968,2.5927055358820255,1.76,3.58,-160.0,HIGHDIVERSITY_CONCAT
HighDiv_1640,HighDiv,O=C(O)CNCCC1=CC=C(C2=C(S)C(CO)=CC=C2C(=O)O)C=C1,10/000000029,C18H18NO5S,360.0,1.79,4.75,-8.494,1.0512457222623917,0.2382773759039016,0.6447615490831466,2.506739530491025,5.69,20.7,-160.0,HIGHDIVERSITY_LANAPDB
HighDiv_336,HighDiv,C=C[C@H](O)C1=C(CC(=O)/C=C\C2=NN=C(S)O2)OC(C(=O)O)=N1,3/000000079,C13H11N3O6S,337.0,0.44,4.63,-8.812,0.6989189516718629,0.5890114894953492,0.6439652205836061,4.3912230636734115,9.21,6.6,-150.0,HIGHDIVERSITY_CONCAT
HighDiv_301,HighDiv,NCC1=C(C/C=C/[C@H](/C=C\CBr)C2=CCOC2)OC(C(=O)O)=N1,3/000000240,C16H19N2O4Br,383.0,0.91,4.67,-8.705,0.8163612085353725,0.47099718083407655,0.6436791946847246,4.747203790638755,7.64,6.72,-150.0,HIGHDIVERSITY_CONCAT
HighDiv_364,HighDiv,C=CC1=CC(C2=CC(O)=C(F)C=C2N=O)=CN1,6/000000090,C12H9N2O2F,232.0,2.5,4.6,-8.889,0.61083725902423,0.673937674232901,0.6423874666285655,3.463837121938756,2.88,18.9,-140.0,HIGHDIVERSITY_CONCAT
Druglike_68,Druglike,O=C(O)CC1=CC(OCCC[C@@H]2CNC(=O)N2)=CC(Br)=C1,22/000000068,C14H17N2O4Br,357.0,1.85,4.9,-8.089,1.4916541855005534,-0.20841229706633807,0.6416209442171077,3.125912271534058,5.56,5.09,-150.0,DRUGLIKE_CONCAT
Druglike_1436,Druglike,NC(=O)NC1=CC(COC(=O)CC2=NC=NN2)=CC([C@H](Br)C(=O)O)=C1,4/000000261,C14H14N5O5Br,412.0,-0.26,4.63,-8.804,0.6989189516718629,0.5801879897823577,0.6395534707271103,3.340837250239814,8.3,5.09,-150.0,DRUGLIKE_LANAPDB
HighDiv_396,HighDiv,NCC1=CC(=O)C=C(C2=CC=C(CN)C=C2CCl)C1=O,10/000000164,C15H16N2O2Cl,291.0,0.26,4.56,-8.985,0.49339500216072046,0.77981967078881,0.6366073364747652,3.603748242943885,5.21,2.35,-160.0,HIGHDIVERSITY_CONCAT
HighDiv_1697,HighDiv,C#CCOC1=CC(C[C@@H](N)C(=O)/C=C/C2=CCON2)=NC=C1,18/000000025,C16H18N3O3,300.0,0.61,4.47,-9.224,0.22914992421782449,1.0434217247144588,0.6362858244661417,4.509283570963258,4.17,5.08,-150.0,HIGHDIVERSITY_LANAPDB
Druglike_1758,Druglike,C=CC1=CC=CC(C2=CC(=O)C=C(CN)N2)=C1,15/000000234,C14H14N2O,226.0,2.03,4.63,-8.797,0.6989189516718629,0.5724674275334898,0.6356931896026763,2.6984858126097873,3.64,2.22,-160.0,DRUGLIKE_MAYBRIDGE
Druglike_1645,Druglike,NCC1=CC(=O)C2=CC=C(OC(=O)C3=CC=CC=N3)C=C2N1,25/000000001,C16H14N3O3,296.0,1.26,4.09,-10.234,-0.8865515159855155,2.157388563479749,0.6354185237471168,2.8386794011428016,3.1,18.6,-80.0,DRUGLIKE_LANAPDB
Druglike_593,Druglike,O=C(C1=CC=C(CC/C=C\C2CCCC2)N1)C1=NC(=O)ON1,23/000000400,C16H19N3O3,301.0,1.89,4.21,-9.914,-0.5342247453949867,1.804448574960053,0.6351119147825331,3.392327443725219,3.29,3.58,-150.0,DRUGLIKE_CONCAT
HighDiv_1998,HighDiv,CS(=O)(=O)CCC1=CC(C2=CNC=N2)=C(ON)C(F)=C1,27/000000030,C12H14N3O3SF,299.0,0.79,4.74,-8.503,1.021885158046515,0.24820381308101844,0.6350444855637667,3.259991040146682,3.75,3.58,-140.0,HIGHDIVERSITY_MAYBRIDGE
HighDiv_798,HighDiv,NNC(=O)[C@H]1C=NC2=CC=C(NC3=CC(F)=CC(O)=C3Br)C=C21,16/000000024,C15H12N4O2FBr,379.0,1.39,4.24,-9.833,-0.4461430527473538,1.7151106403660055,0.6344837938093258,3.626051257354732,6.45,22.4,-190.0,HIGHDIVERSITY_CONCAT
HighDiv_2047,HighDiv,CC1=NN=C([C@@H](/C=C/C2=CC(F)=CC(F)=C2O)NO)N1,1/000000116,C12H12N4O2F2,282.0,2.85,4.52,-9.087,0.37595274529721084,0.8923192921294634,0.6341360187133371,4.101397887289818,2.05,3.58,-170.0,HIGHDIVERSITY_MAYBRIDGE
Druglike_1104,Druglike,O=C(C1=CC=C(I)C(I)=C1)C1=CNC(C(=O)O)=N1,10/000000050,C11H5N2O3I2,467.0,3.16,4.8,-8.339,1.198048543341778,0.0673220689646745,0.6326853061532263,3.153717780779983,7.4,2.22,0.0,DRUGLIKE_CRAFT
HighDiv_384,HighDiv,C#CC1=C(O)C=C(N2CCNC2=O)C=C1C#CCCNO,28/000000529,C15H15N3O3,285.0,1.22,4.58,-8.921,0.5521161305924766,0.7092316730848707,0.6306739018386736,3.4949974665860157,3.24,22.6,-120.0,HIGHDIVERSITY_CONCAT
Druglike_186,Druglike,C/C=C\CCCNCCCC1=CC(O)=CC(C2=NNN=C2)=C1,28/000000459,C17H24N4O,300.0,4.08,4.6,-8.865,0.61083725902423,0.6474671750939247,0.6291522170590773,2.836164222571373,3.89,20.4,-140.0,DRUGLIKE_CONCAT
HighDiv_193,HighDiv,CCCCC(=O)OC1=C(Br)C(ON)=CC(C(=O)O)=C1,12/000001202,C12H14NO5Br,332.0,1.72,4.81,-8.305,1.2274091075576548,0.029822195184456026,0.6286156513710554,2.512957540809584,4.58,17.1,-20.0,HIGHDIVERSITY_CONCAT
Druglike_1416,Druglike,O=C1CN=CN1C1=CC=C(/C=C(/CO)C2=NON=C2CO)C=C1,16/000000024,C15H14N4O4,314.0,-0.19,4.76,-8.438,1.0806062864782684,0.1765128779129557,0.628559582195612,3.437671940806002,4.5,24.9,-120.0,DRUGLIKE_LANAPDB
HighDiv_2005,HighDiv,C=CC(=C)C1=CC(C2=CNC=N2)=C(ON)C(F)=C1,27/000000431,C13H12N3OF,245.0,1.87,4.71,-8.57,0.9338034653988821,0.32210062317733,0.6279520442881061,3.708108964453453,4.22,18.8,-120.0,HIGHDIVERSITY_MAYBRIDGE
HighDiv_283,HighDiv,O=C1C=C([C@@H](/C=C/C2=CC=CC(Cl)=C2O)CO)C(=O)N1,30/000000017,C14H12NO4Cl,293.0,0.9,4.69,-8.621,0.8750823369671286,0.3783504338476567,0.6267163854073926,3.6418692159611457,4.02,5.09,-150.0,HIGHDIVERSITY_CONCAT
HighDiv_1961,HighDiv,O=C(C[N+](=O)[O-])O[C@@H](C(=O)O)C1=CC=C(I)C(O)=C1,22/000000027,C10H8NO7I,381.0,1.16,5.17,-7.342,2.284389419329241,-1.0323065827670046,0.6260414182811183,3.410016014443876,2.45,3.58,-150.0,HIGHDIVERSITY_MAYBRIDGE
Druglike_281,Druglike,C[C@H](N)C(=O)C1=CCC(/C=C/C2=CC=CC=C2F)=C(CO)O1,23/000000298,C17H18NO3F,303.0,1.62,4.47,-9.205,0.22914992421782449,1.0224659128961018,0.6258079185569632,3.708740929997667,6.34,5.09,-170.0,DRUGLIKE_CONCAT
HighDiv_243,HighDiv,NC/C=C/CCC1=CC(NC2=C(Br)C(S)=CC(F)=C2)=CN=C1,16/000000009,C16H17N3SFBr,382.0,3.36,4.73,-8.51,0.9925245938306382,0.25592437532988643,0.6242244845802623,3.135026334854251,5.26,19.5,-20.0,HIGHDIVERSITY_CONCAT
Druglike_1772,Druglike,C/C(=C\C1CCCC1)CC(=O)C1=C(CN)NC(C(=O)O)=C1,5/000000172,C16H22N2O3,290.0,0.86,4.55,-8.988,0.46403443794484367,0.7831284831811822,0.623581460563013,3.2604125859494104,5.43,3.7,-170.0,DRUGLIKE_MAYBRIDGE
HighDiv_438,HighDiv,C[C@H](CC#CC1=CC(C(=O)N=O)=C(O)C=C1Br)CCO,12/000000050,C14H14NO4Br,340.0,2.99,4.53,-9.04,0.4053133095130902,0.8404812313156323,0.6228972704143613,3.6688804047723345,4.91,20.5,-170.0,HIGHDIVERSITY_CONCAT
Druglike_254,Druglike,NC(N)NCCC#CC1=CC=C2CC(C(=O)O)=CC2=C1,26/000000081,C15H15N3O2,269.0,1.23,4.49,-9.138,0.28787105264958057,0.9485691027997901,0.6182200777246853,3.119302608578251,5.52,20.3,-40.0,DRUGLIKE_CONCAT
HighDiv_584,HighDiv,O=NC1=CC(C(=O)CCl)=CC(CCNCCN2N=NN=C2S)=C1Br,12/000000437,C13H14N6O2SClBr,433.0,1.3,4.4,-9.376,0.023625974706684625,1.2110682192613136,0.6173470969839991,3.4409060531289395,6.74,4.94,0.0,HIGHDIVERSITY_CONCAT
HighDiv_1297,HighDiv,CCOCCCNC(=O)C#CC1=C(O)C(O)=CN=C1C(=O)O,1/000000536,C14H15N2O6,307.0,-0.12,4.53,-9.029,0.4053133095130902,0.8283489192102687,0.6168311143616794,3.091308741802141,4.87,21.8,-80.0,HIGHDIVERSITY_CRAFT
HighDiv_2015,HighDiv,NOC1=C(F)C=C(CCl)C=C1C1=CNC(CC(=O)O)=N1,27/000000527,C12H11N3O3FCl,299.0,0.82,4.64,-8.736,0.7282795158877396,0.5051882422219227,0.6167338790548311,3.354519991195634,0.84,2.35,-120.0,HIGHDIVERSITY_MAYBRIDGE
HighDiv_372,HighDiv,NCC1=CC(=O)C(CN)=C(C2=CC(CN)=C(I)C=C2)C1=O,10/000000149,C15H16N3O2I,397.0,-0.1,4.59,-8.867,0.5814766948083533,0.6496730500221736,0.6155748724152634,3.3131124463431005,6.58,5.09,-160.0,HIGHDIVERSITY_CONCAT
HighDiv_213,HighDiv,CNNCC1=CN(C[C@@H](O)C2=CC=C(CN)C(I)=C2)C(=N)S1,12/000000874,C14H20N5OSI,433.0,2.74,4.79,-8.334,1.1686879791259013,0.061807381644053395,0.6152476803849773,3.957885444499558,4.25,4.94,-170.0,HIGHDIVERSITY_CONCAT
HighDiv_477,HighDiv,O=C1C=C([C@@H](/C=C/C2=CC=C([N+](=O)[O-])C(Cl)=C2O)CO)C(=O)N1,30/000000024,C14H11N2O6Cl,338.0,0.79,4.49,-9.132,0.28787105264958057,0.9419514780150456,0.6149112653323131,3.8650991714366167,4.85,5.35,-150.0,HIGHDIVERSITY_CONCAT
Druglike_246,Druglike,CC[C@@H](CCCl)C1=NNC(/C=C/C2=CC(O)=CC=C2I)=C1,28/000000274,C16H18N2OClI,416.0,5.43,4.5,-9.104,0.3172316168654573,0.9110692290195717,0.6141504229425145,3.873585804780472,4.05,5.09,-170.0,DRUGLIKE_CONCAT
HighDiv_1314,HighDiv,C=C[C@H](NC(=O)C#CC1=C(O)C(O)=CN=C1)C1=CC=NO1,1/000000193,C14H11N3O4,285.0,0.95,4.47,-9.183,0.22914992421782449,0.9982012886853723,0.6136756064515984,4.243456469708764,3.59,23.8,-150.0,HIGHDIVERSITY_CRAFT
HighDiv_1668,HighDiv,CC(=O)OC1=CC(/C=C(/C=C(\CN)[N+](=O)[O-])C(=O)O)=CC=C1C(=O)O,16/000000034,C15H14N2O8,350.0,0.84,4.6,-8.836,0.61083725902423,0.6154819886343273,0.6131596238292787,3.155213473938881,7.57,6.45,-200.0,HIGHDIVERSITY_LANAPDB
HighDiv_143,HighDiv,C=CNC1=C(O)C=C(N2CCNC2=O)C=C1C#CCCCO,28/000000460,C16H19N3O3,301.0,0.91,4.89,-8.064,1.462293621284674,-0.23598573366943973,0.6131539438076171,3.3157499080552437,6.36,21.4,-120.0,HIGHDIVERSITY_CONCAT
HighDiv_495,HighDiv,O=C1NCCN1C1=CC(O)=CC(/C=C/C2=CSN=C2)=C1,28/000000293,C14H13N3O2S,287.0,1.55,4.48,-9.155,0.25851048843370383,0.9673190396898984,0.6129147640618011,3.1684632754975386,0.59,21.7,-140.0,HIGHDIVERSITY_CONCAT
HighDiv_333,HighDiv,C=CC1=C(O)C=C(N2CCNC2=O)C=C1C#CCCNO,28/000000461,C15H17N3O3,287.0,1.23,4.64,-8.728,0.7282795158877396,0.49636474250892937,0.6123221291983345,3.407313763848075,3.22,20.8,-120.0,HIGHDIVERSITY_CONCAT
HighDiv_98,HighDiv,CC#C[C@H](N)CC1=C(Br)C(ON)=CC(C(=O)O)=C1,12/000001188,C12H14N2O3Br,314.0,1.01,4.97,-7.847,1.6971781350116932,-0.47532316338435826,0.6109274858136675,4.205998304603581,4.63,2.48,-170.0,HIGHDIVERSITY_CONCAT
Druglike_1814,Druglike,O=C(C#CC1=CC=CC(O)=C1C(=O)O)OCCC1=CCCCO1,1/000000073,C17H16O6,316.0,2.8,4.39,-9.39,-0.0057345895091947315,1.2265093437590515,0.6103873771249284,3.2458365777075606,6.19,3.58,0.0,DRUGLIKE_MAYBRIDGE
Druglike_163,Druglike,O=C(O)C1=CN=C(O)N=C1[C@@H](O)/C=C/C1=CCCO1,29/000000219,C12H12N2O5,264.0,-0.13,4.63,-8.75,0.6989189516718629,0.5206293667196588,0.6097741591957608,4.139972914298738,5.4,5.24,-150.0,DRUGLIKE_CONCAT
HighDiv_1988,HighDiv,CC#CCC1=NC(C2=CC(OCS)=CC(F)=C2ON)=CN1,27/000000458,C14H14N3O2SF,307.0,1.86,4.82,-8.242,1.2567696717735342,-0.039662865055357856,0.6085534033590881,3.931479865542991,0.92,23.9,-140.0,HIGHDIVERSITY_MAYBRIDGE
HighDiv_1252,HighDiv,O=C(CO)C1=CC(O)=C(O)C(C2=CCC=CO2)=C1,3/000000107,C13H12O5,248.0,1.13,4.69,-8.587,0.8750823369671286,0.34085056006743825,0.6079664485172834,3.321374810607299,2.13,3.58,-160.0,HIGHDIVERSITY_CRAFT
HighDiv_1285,HighDiv,O=[N+]([O-])C1=CC=C(C2=CC(O)=CN=C2)C=C1O,1/000000003,C11H8N2O4,232.0,1.79,4.57,-8.905,0.5227555663765998,0.6915846736588859,0.6071701200177428,2.289474110482127,3.09,13.4,-160.0,HIGHDIVERSITY_CRAFT
Druglike_1102,Druglike,OC[C@@H]1CC=C(/C(=C\CC2=C(CCNCCCF)C(O)=NO2)CF)O1,4/000000098,C17H24N2O4F2,358.0,1.92,4.81,-8.266,1.2274091075576548,-0.013192365916381605,0.6071083708206366,4.481308369934572,9.1,5.08,-150.0,DRUGLIKE_CRAFT
Druglike_122,Druglike,O=C(O)C1=CN=C(O)N=C1[C@@H](O)/C=C/C1=CNN=C1,29/000000202,C11H10N4O4,262.0,-0.19,4.72,-8.504,0.9631640296147589,0.24930675054514187,0.6062353900799504,3.985536049276967,5.84,5.24,-150.0,DRUGLIKE_CONCAT
HighDiv_242,HighDiv,O=NC(=O)C1=CC(CO)=C(Br)C(N2C=NC(S)=N2)=C1,12/000000216,C10H7N4O3SBr,343.0,1.56,4.74,-8.45,1.021885158046515,0.18974812748244285,0.6058166427644789,3.5309326713351687,4.37,22.6,-120.0,HIGHDIVERSITY_CONCAT
HighDiv_762,HighDiv,O=C(O)[C@H]1C=NC2=C1C=C(NC1=CC(F)=CC(O)=C1Br)C=C2,16/000000035,C15H10N2O3FBr,365.0,2.6,4.27,-9.701,-0.35806136009972356,1.5695228951016311,0.6057307675009538,3.4852004508047294,6.36,20.8,-190.0,HIGHDIVERSITY_CONCAT
HighDiv_140,HighDiv,C[C@@H](Cl)/C=C\COC1=C(Br)C(ON)=CC(C(=O)O)=C1,12/000001357,C12H13NO4ClBr,350.0,2.34,4.89,-8.039,1.462293621284674,-0.2635591702725414,0.5993672255060662,3.478084141140709,7.57,17.6,-170.0,HIGHDIVERSITY_CONCAT
Druglike_1730,Druglike,C/C=C/C[C@H](N)C1=C(C(=O)O)NC(C(=O)O)=C1,5/000000027,C11H13N2O4,237.0,-0.14,4.88,-8.065,1.4329330570687973,-0.2348827962053163,0.5990251304317404,3.636397345067607,1.66,19.2,-170.0,DRUGLIKE_MAYBRIDGE
Druglike_1132,Druglike,CCC/C=C/CCC1=NC(CO)=C(C2=NNC(=O)C=C2)O1,15/000000275,C15H19N3O3,289.0,1.28,4.67,-8.623,0.8163612085353725,0.38055630877590363,0.598458758655638,3.1637582358167844,3.53,24.4,-140.0,DRUGLIKE_CRAFT
HighDiv_2179,HighDiv,NOC1=C(/C=C/C2=NNN=N2)C=C(C2=CC=CC=C2)C=C1F,27/000000513,C15H12N5OF,297.0,3.32,4.2,-9.868,-0.5635853096108634,1.7537134516103474,0.595064070999742,2.7957529244944492,2.52,23.1,-160.0,HIGHDIVERSITY_MAYBRIDGE
HighDiv_1260,HighDiv,O=C(O)[C@H](C#CC1=CC(CCSS)=CC=C1)N1C=C([N+](=O)[O-])C=N1,27/000000018,C15H13N3O4S2,363.0,3.41,4.65,-8.669,0.757640080103619,0.43129143212561116,0.5944657561146152,3.768365725655646,1.86,3.98,-153.0,HIGHDIVERSITY_CRAFT
Druglike_1913,Druglike,NCC1=CC2=C(C=C1COC1=CC=C(O)C(F)=C1)C(=O)NC2=O,6/000000011,C16H13N2O4F,316.0,1.49,4.22,-9.812,-0.5048641811791099,1.6919489536193995,0.5935423862201448,2.5027231864353734,5.46,20.3,-40.0,DRUGLIKE_MAYBRIDGE
HighDiv_199,HighDiv,C=CC1=C2C(=O)COC2=C(OCC2=C(I)C=C(C(N)=O)C=N2)C=C1CN,4/000000303,C18H16N3O4I,465.0,1.29,4.8,-8.267,1.198048543341778,-0.012089428452258166,0.5929795574447599,3.337346797155968,9.15,3.7,-40.0,HIGHDIVERSITY_CONCAT
Druglike_1401,Druglike,O=C(O)C1=C(C#CCO)N(C[C@@H](Cl)C2=NON=C2CO)C=C1,6/000000110,C13H12N3O5Cl,325.0,0.78,4.91,-7.972,1.5210147497164301,-0.33745598036885194,0.5917793846737891,4.1084952805651325,8.33,5.21,-150.0,DRUGLIKE_LANAPDB
HighDiv_1241,HighDiv,O=C(C#CC1=C(O)C(O)=CN=C1CO)NCCCF,1/000000518,C12H13N2O4F,268.0,0.29,4.75,-8.395,1.0512457222623917,0.1290865669556204,0.5901661446090061,3.4521480559505537,4.99,19.9,0.0,HIGHDIVERSITY_CRAFT
HighDiv_1448,HighDiv,OCC#CCC1=CC=C(C2=CC(O)=CN=C2)C(F)=C1F,1/000000552,C15H11NO2F2,275.0,2.29,4.18,-9.911,-0.6223064380426195,1.8011397625676806,0.5894166622625305,2.8504671690178114,2.23,2.22,-160.0,HIGHDIVERSITY_CRAFT
Druglike_1152,Druglike,C=CC1=NC(CO)=C(C2=NNC(=O)C(CC)=C2)O1,15/000000234,C12H13N3O3,247.0,0.44,4.56,-8.898,0.49339500216072046,0.6838641114100178,0.5886295567853691,3.4167637336842223,2.04,22.6,-160.0,DRUGLIKE_CRAFT
HighDiv_618,HighDiv,C/C=C(\C)CONCC1=CNC(=O)C2=C1C=C(C(=O)O)N2,3/000000017,C14H17N3O4,291.0,0.66,4.38,-9.375,-0.03509515372507148,1.2099652817971902,0.5874350640360594,3.3545783684427786,6.6,23.8,-120.0,HIGHDIVERSITY_CONCAT
HighDiv_1239,HighDiv,O=C(C#CC1=C(O)C(O)=CN=C1CS)NC1CCCC1,1/000000178,C14H16N2O3S,292.0,1.74,4.75,-8.39,1.0512457222623917,0.12357187963500124,0.5874088009486964,3.3449850261606677,7.91,20.1,-150.0,HIGHDIVERSITY_CRAFT
Druglike_1771,Druglike,CN(C(=O)CC1=CC(C(=O)O)=CC(CN)=C1)[C@@H]1C=CCC1,5/000000050,C16H20N2O3,288.0,1.13,4.55,-8.917,0.46403443794484367,0.704819923228375,0.5844271805866093,3.2200257364443665,6.19,3.58,-170.0,DRUGLIKE_MAYBRIDGE
Druglike_1792,Druglike,NC(=O)NC1=C(C#CC(=O)O[C@@H]2CC=NC2)C=CC=C1O,1/000000029,C14H13N3O4,287.0,0.58,4.46,-9.154,0.19978936000194772,0.9662161022257749,0.5830027311138614,3.964986847805245,7.72,23.0,-150.0,DRUGLIKE_MAYBRIDGE
Druglike_302,Druglike,CC(=O)NCC(=O)/C=C/C(=O)C1=NN=C(C2=CC=CC=N2)N1,23/000000574,C14H13N5O3,299.0,0.75,4.44,-9.201,0.14106823157019424,1.018054163039606,0.5795611973049002,3.1130891140105783,3.5,24.3,-200.0,DRUGLIKE_CONCAT
Druglike_1787,Druglike,CCC1=NN=C(C2=C(CCl)C(=O)C=C(C(=O)O)N2)O1,15/000000076,C11H10N3O4Cl,283.0,1.81,4.49,-9.064,0.28787105264958057,0.8669517304546106,0.5774113915520955,3.001783263051145,5.64,24.9,-140.0,DRUGLIKE_MAYBRIDGE
Druglike_115,Druglike,CCC1=CC([C@@H](N)C2=NC(I)=C(C#CC(=O)O)C=C2)=CO1,26/000000108,C15H13N2O3I,396.0,2.08,4.73,-8.42,0.9925245938306382,0.15666000355872206,0.5745922986946801,4.058926001696356,3.5,21.9,-190.0,DRUGLIKE_CONCAT
HighDiv_1423,HighDiv,O=C(C#CC1=C(O)C(O)=C(CO)N=C1)NC1=CC=CC=C1F,1/000000491,C15H11N2O4F,302.0,1.03,4.23,-9.75,-0.47550361696323057,1.623566830843709,0.5740316069402392,2.9116512260392167,4.03,20.9,0.0,HIGHDIVERSITY_CRAFT
Druglike_1418,Druglike,CC(=O)OCC1=CC(CC(=O)O)=CC(NC(N)=O)=C1,4/000000025,C12H14N2O5,266.0,-0.25,4.76,-8.339,1.0806062864782684,0.0673220689646745,0.5739641777214715,2.136841703705512,3.22,17.8,-20.0,DRUGLIKE_LANAPDB
HighDiv_980,HighDiv,C/C(=C\C1=C(O)C(N)=CC(O)=C1)C1=CC=C2C=CN=CC2=C1,4/000000318,C18H16N2O2,292.0,2.76,4.13,-10.016,-0.7691092591220059,1.9169481963007065,0.5739194685893503,2.70791492046219,5.76,3.7,-100.0,HIGHDIVERSITY_CONCAT
Druglike_1092,Druglike,O=C1C=CC(C2=C(CO)N=C(CC/C=C/CI)O2)=NN1,15/000000238,C13H14N3O3I,387.0,1.44,4.84,-8.123,1.3154908002052876,-0.17091242328612155,0.5722891884595831,3.453287455310466,4.36,24.9,-120.0,DRUGLIKE_CRAFT
HighDiv_1282,HighDiv,COC/C=C/C1=CC=C(C2=C(O)C(O)=CN=C2)C=C1,1/000000049,C15H15NO3,257.0,2.21,4.57,-8.841,0.5227555663765998,0.6209966759549466,0.5718761211657732,2.575177148652722,5.22,12.8,-180.0,HIGHDIVERSITY_CRAFT
Druglike_1841,Druglike,NC(=O)C1=CN=C(O)C(NC(=O)C2=CC(Cl)=CC(Br)=C2)=C1,27/000000073,C13H9N3O3ClBr,370.0,2.37,4.34,-9.453,-0.15253741058858108,1.2959944039988653,0.5717284967051421,2.454089774278323,4.92,18.8,0.0,DRUGLIKE_MAYBRIDGE
Druglike_1766,Druglike,O=C(C#CC1=CC(CO)=CC(O)=C1)OCCN1C=CCC1,1/000000009,C16H17NO4,287.0,2.24,4.56,-8.861,0.49339500216072046,0.6430554252374291,0.5682252136990747,3.2471674665860153,4.45,19.8,0.0,DRUGLIKE_MAYBRIDGE
HighDiv_135,HighDiv,CCCOC(=O)C1=CC(ON)=C(Br)C(NC(O)=S)=C1,12/000000605,C11H13N2O4SBr,349.0,1.69,4.9,-7.954,1.4916541855005534,-0.3573088547230856,0.5671726653887339,2.9889584457869613,3.17,19.4,-40.0,HIGHDIVERSITY_CONCAT
Druglike_1802,Druglike,C=CCC1=CC(=O)C=C(C2=NN=C(CCCCO)O2)N1,15/000000296,C14H17N3O3,275.0,2.06,4.43,-9.203,0.11170766735431488,1.0202600379678528,0.5659838526610839,3.0789579006545953,4.16,23.8,-120.0,DRUGLIKE_MAYBRIDGE
Druglike_1122,Druglike,C=CCCCC1=NC(CO)=C(C2=NNC(=O)C(CC)=C2)O1,15/000000245,C15H19N3O3,289.0,1.11,4.72,-8.431,0.9631640296147589,0.16879231566408576,0.5659781726394223,3.1641354066120915,2.76,24.4,-160.0,DRUGLIKE_CRAFT
HighDiv_1685,HighDiv,COC1=C2NC(=O)CSC2=CC([S@+]([O-])C2=C(O)C=C(I)C(O)=C2)=C1,12/000000242,C15H12NO5S2I,477.0,1.55,4.51,-8.987,0.3465921810813341,0.7820255457170587,0.5643088633991964,3.952368742042243,5.82,22.8,-100.0,HIGHDIVERSITY_LANAPDB
HighDiv_1362,HighDiv,CN1C(=O)CNC2=C(C(=O)NC3=NC=C(Cl)C=C3Cl)C(S)=CC=C21,18/000000034,C15H12N4O2SCl2,382.0,2.6,4.36,-9.384,-0.09381628215682498,1.219891718974307,0.5630377184087411,2.978330006787221,9.26,3.58,-100.0,HIGHDIVERSITY_CRAFT
Druglike_1415,Druglike,OCCO[C@@H](/C=C/CC1=NNC=N1)C1=NC2=C(C=C(Br)C=N2)N1,14/000000004,C14H15N6O2Br,379.0,1.16,4.76,-8.319,1.0806062864782684,0.04526331968219397,0.5629348030802311,4.297865576384582,4.62,24.3,-190.0,DRUGLIKE_LANAPDB
HighDiv_95,HighDiv,CCC/C(C#CCC1=C(CO)N=C(C(=O)O)O1)=C/CCN,3/000000273,C15H20N2O4,292.0,0.12,4.98,-7.732,1.7265386992275726,-0.6021609717586243,0.5621888637344742,3.820272267647024,8.19,24.0,-200.0,HIGHDIVERSITY_CONCAT
Druglike_62,Druglike,NCCC1=NC=C(/C=C/[C@H]2NC(=O)C=C2CN)C=C1Br,13/000000141,C14H18N4OBr,338.0,-0.38,4.92,-7.891,1.5503753139323069,-0.4267939149629005,0.5617906994847032,4.618056778398708,6.04,3.85,-150.0,DRUGLIKE_CONCAT
Druglike_1836,Druglike,NC1=CC=C(CCC#CC2=C(C(=O)O)C=NO2)C=C1,29/000000006,C14H12N2O3,256.0,2.06,4.35,-9.407,-0.12317684637270433,1.2452592806491598,0.5610412171382277,2.875784840960415,4.21,3.85,0.0,DRUGLIKE_MAYBRIDGE
HighDiv_296,HighDiv,O=NC1=CC(F)=C(O)C=C1C1=CNC(CBr)=C1,6/000000092,C11H8N2O2FBr,299.0,2.78,4.68,-8.52,0.8457217727512493,0.2669537499711267,0.556337761361188,3.4692165000074953,2.55,19.0,-120.0,HIGHDIVERSITY_CONCAT
HighDiv_366,HighDiv,CC#CCCCCCC1=CC(O)=CC(N2CCNC2=O)=C1,28/000000087,C17H22N2O2,286.0,2.39,4.59,-8.756,0.5814766948083533,0.5272469915044032,0.5543618431563783,2.721696697355245,0.36,18.4,-140.0,HIGHDIVERSITY_CONCAT
HighDiv_279,HighDiv,O=C(NC1=CC(O)=CC(OCCl)=C1)C1=CC(S)=CC(S)=C1Br,29/000000039,C14H11NO3S2ClBr,420.0,4.46,4.7,-8.463,0.9044429011830054,0.20408631451605538,0.5542646078495304,3.1170095110329106,3.81,4.94,-45.0,HIGHDIVERSITY_CONCAT
HighDiv_266,HighDiv,CCCC1=CC(C2=CC(O)=C(F)C=C2N=O)=C(CF)N1,6/000000151,C14H14N2O2F2,280.0,3.16,4.71,-8.435,0.9338034653988821,0.17320406552058343,0.5535037654597328,3.4563295016851434,5.12,21.8,-140.0,HIGHDIVERSITY_CONCAT
HighDiv_1829,HighDiv,O=C(O)C1=CC=CC(CCC2=CC(F)=C(O)C([N+](=O)[O-])=C2)=C1Cl,11/000000001,C15H11NO5FCl,339.0,3.83,4.14,-9.952,-0.7397486949061292,1.8463601985967673,0.553305751845319,2.4303459764477804,3.79,3.58,-7.0,HIGHDIVERSITY_LANAPDB
Druglike_1422,Druglike,N[C@@H](/C=C/C1=CN=CC2=C1C=NN2)C1=CCNN1,16/000000002,C12H14N6,242.0,1.0,4.73,-8.381,0.9925245938306382,0.11364544245788441,0.5530850181442613,4.400227350322014,3.94,3.58,-190.0,DRUGLIKE_LANAPDB
HighDiv_250,HighDiv,C=C(C)C1=C(O)C(O)=CC(N2CCNC2=O)=C1,28/000000551,C12H14N2O3,234.0,0.7,4.73,-8.38,0.9925245938306382,0.11254250499376098,0.5525335494121996,2.758937819298751,3.02,14.8,-140.0,HIGHDIVERSITY_CONCAT
Druglike_1138,Druglike,O=C(O)/C(=C/CC1=C(CI)C(O)=NO1)C1=CC[C@@H](CO)O1,4/000000088,C13H13NO6I,406.0,1.12,4.63,-8.646,0.6989189516718629,0.4059238704507584,0.5524214110613106,4.506713004348875,8.7,3.84,-150.0,DRUGLIKE_CRAFT
Druglike_130,Druglike,OC1=CC2=C(C=C1C#C[C@H](O)CCCCl)NCO2,21/000000139,C13H14NO3Cl,267.0,2.54,4.69,-8.483,0.8750823369671286,0.22614506379853788,0.5506137003828332,3.923835238992721,2.39,16.5,-190.0,DRUGLIKE_CONCAT
Druglike_386,Druglike,O=C(CO)CCC#CC1=CC2=C(C=C1)CC(C(=O)O)=C2,26/000000089,C16H14O4,270.0,1.04,4.37,-9.334,-0.06445571794094823,1.1647448457681038,0.5501445639135778,2.9986160701167126,5.87,19.4,-40.0,DRUGLIKE_CONCAT
HighDiv_1354,HighDiv,O=C(C#CC1=C(O)C(O)=CN=C1C=S)NC1C=CC=C1,1/000000125,C14H10N2O3S,286.0,0.59,4.37,-9.331,-0.06445571794094823,1.1614360333757314,0.5484901577173916,4.182294092094734,6.21,23.3,-150.0,HIGHDIVERSITY_CRAFT
Druglike_218,Druglike,OCC[C@@H](C#CC1=CC(F)=CC=C1F)C1=CC(O)=CC=N1,1/000000012,C16H13NO2F2,289.0,2.63,4.54,-8.876,0.43467387372896693,0.6595994871992885,0.5471366804641278,3.4480137056931195,9.4,19.4,-150.0,DRUGLIKE_CONCAT
Druglike_196,Druglike,NCC1=NC=C(COC(=O)C/C=C\CC2=CN=C(C(=O)O)C(Br)=C2)N1,13/000000009,C16H17N4O4Br,409.0,0.56,4.59,-8.741,0.5814766948083533,0.5107029295425419,0.5460898121754476,3.238845741671148,3.37,5.08,-40.0,DRUGLIKE_CONCAT
HighDiv_2017,HighDiv,CNC/C=C/C(=O)CC1=CC(F)=C(ON)C(C2=CNC=N2)=C1,27/000000302,C15H18N4O2F,305.0,0.47,4.63,-8.633,0.6989189516718629,0.3915856834171439,0.5452523175445034,4.132894076789735,2.63,3.58,-140.0,HIGHDIVERSITY_MAYBRIDGE
Druglike_1238,Druglike,O=C1CC(/C=C2\C=CC3=CC(CO)=CC=C23)=NN1CCCCO,17/000000011,C18H20N2O3,312.0,1.17,4.24,-9.667,-0.4461430527473538,1.5320230213214128,0.5429399842870295,3.235012500246561,5.99,21.4,-40.0,DRUGLIKE_CRAFT
HighDiv_1359,HighDiv,CC/C=C/C1=C(O)C(O)=C(C#CC(=O)N[C@H]2C=CCC2)C=N1,1/000000520,C17H18N2O3,298.0,2.2,4.36,-9.346,-0.09381628215682498,1.1779800953375927,0.5420819065903839,4.1792398276098375,2.6,21.4,-190.0,HIGHDIVERSITY_CRAFT
HighDiv_687,HighDiv,O=C1C=C(C2=CC(/C=C/C3=CNC=N3)=CN=C2CO)CO1,7/000000006,C15H13N3O3,283.0,0.34,4.32,-9.448,-0.2112585390203346,1.2904797166782462,0.5396105888289559,3.5928216784397353,2.84,20.9,-120.0,HIGHDIVERSITY_CONCAT
HighDiv_180,HighDiv,NOC1=CC(C(=O)O)=CC(OC(=O)CC[C@H](S)CO)=C1Br,12/000001414,C12H14NO6SBr,380.0,0.78,4.82,-8.115,1.2567696717735342,-0.17973592299911298,0.5385168743872106,3.514970042999879,6.48,20.8,-180.0,HIGHDIVERSITY_CONCAT
Druglike_172,Druglike,C[C@H](/C=C/C(=O)C1=NN=C(COC2=CC=NC(Cl)=C2CCO)N1)CO,23/000000089,C16H19N4O4Cl,366.0,1.36,4.62,-8.647,0.6695583874559862,0.4070268079148818,0.538292597685434,3.8528178235795183,5.5,4.94,-170.0,DRUGLIKE_CONCAT
Druglike_1433,Druglike,NC/C(=C/C1=NON=C1)C1=CN=C(C2=CC(Cl)=CC=C2O)C=C1,16/000000008,C16H13N4O2Cl,328.0,3.27,4.65,-8.567,0.757640080103619,0.3187918107849577,0.5382159454442884,3.202788724022784,6.3,21.7,-160.0,DRUGLIKE_LANAPDB
Druglike_1795,Druglike,NCC1=CC=CC(CC(=O)CC2=CC=C(C3=NNC=C3)C(I)=C2)=N1,15/000000102,C18H18N4OI,433.0,2.99,4.45,-9.099,0.17042879578607098,0.9055545416989526,0.5379916687425118,3.476336482919784,5.59,21.1,-120.0,DRUGLIKE_MAYBRIDGE
HighDiv_179,HighDiv,O=C(O)CC1=NNC(C2=NC=C([N+](=O)[O-])C=C2I)=N1,4/000000015,C9H6N5O4I,375.0,1.44,4.82,-8.114,1.2567696717735342,-0.1808388604632364,0.5379654056551488,3.1094877009209663,7.26,22.6,-120.0,HIGHDIVERSITY_CONCAT
HighDiv_1308,HighDiv,C=CC1=CC=C(C2=C(O)C(O)=CN=C2)C(F)=C1,1/000000247,C13H10NO2F,231.0,2.57,4.48,-9.014,0.25851048843370383,0.8118048572484073,0.5351576728410556,2.6898960417423563,3.5,13.1,-160.0,HIGHDIVERSITY_CRAFT
Druglike_1199,Druglike,N[C@H](C#CC1=CC(Cl)=CC=C1Cl)C1=CC(O)=CC=C1,1/000000017,C15H11NOCl2,291.0,4.22,4.4,-9.226,0.023625974706684625,1.0456275996427076,0.5346267871746961,3.026269285851713,7.45,15.8,-168.0,DRUGLIKE_CRAFT
Druglike_1510,Druglike,NC(=O)NC1=CC(Br)=CC(CCC/C=C/NC2=CN=CC=C2)=C1,4/000000299,C17H19N4OBr,375.0,2.41,4.28,-9.543,-0.3287007958838442,1.3952587757700299,0.5332789899430929,2.615617395351455,4.12,6.45,0.0,DRUGLIKE_LANAPDB
Druglike_1473,Druglike,C[C@H](C#CC1=CC=C(C(=O)O)C=C1Br)C1=CC(=O)NC1,26/000000006,C15H11NO3Br,333.0,2.0,4.4,-9.222,0.023625974706684625,1.04121584978621,0.5324209122464474,3.749957327849259,4.55,20.7,-170.0,DRUGLIKE_LANAPDB
Druglike_1117,Druglike,CC(=O)N[C@@H](/C=C/C1=CC=C(I)C=C1N)C1=CN=NN1,13/000000006,C13H14N5OI,383.0,1.62,4.74,-8.316,1.021885158046515,0.041954507289821696,0.5319198326681683,4.044558976200905,5.0,3.58,-170.0,DRUGLIKE_CRAFT
HighDiv_1651,HighDiv,O=C(O)/C=C/C1=CC=C2C=CC(S)=CC2=C1,19/000000007,C13H10O2S,230.0,3.55,4.68,-8.475,0.8457217727512493,0.2173215640855445,0.5315216684183969,2.3370807830406406,3.91,3.58,-80.0,HIGHDIVERSITY_LANAPDB
HighDiv_408,HighDiv,O=C1NN=C([C@@H](C#CC2=CC(O)=C(F)C=C2)CO)N1,23/000000045,C12H10N3O3F,263.0,1.09,4.55,-8.821,0.46403443794484367,0.598937926672466,0.5314861823086549,3.7910707372305232,4.2,21.4,-150.0,HIGHDIVERSITY_CONCAT
HighDiv_1665,HighDiv,O=[N+]([O-])C1=CC(C2=CC(F)=CC(O)=C2O)=CO1,12/000000018,C10H6NO5F,239.0,1.98,4.6,-8.685,0.61083725902423,0.448938431551596,0.529887845287913,2.9897983544158073,3.26,2.22,-120.0,HIGHDIVERSITY_LANAPDB
Druglike_201,Druglike,CCC[C@@H](/C=C/C1=CN=C(CO)C(Br)=C1)C1=NOC(=O)N1,13/000000055,C14H16N3O3Br,354.0,2.1,4.58,-8.736,0.5521161305924766,0.5051882422219227,0.5286521864071996,4.012915661364566,10.05,3.7,-170.0,DRUGLIKE_CONCAT
Druglike_1818,Druglike,CCC1=NN=C(C2=C(C)C(=O)C=C(C(=O)O)N2)O1,15/000000080,C11H11N3O4,249.0,1.58,4.38,-9.266,-0.03509515372507148,1.0897450982076686,0.5273249722412986,2.851707733684224,4.17,23.2,-200.0,DRUGLIKE_MAYBRIDGE
HighDiv_466,HighDiv,NC/C(=C/C1=CN=C(S)N1)CCCC1=CC(C(=O)O)=CC(O)=C1,3/000000219,C16H19N3O3S,333.0,1.2,4.51,-8.918,0.3465921810813341,0.7059228606924983,0.5262575208869162,3.3556938595122965,2.69,4.94,0.0,HIGHDIVERSITY_CONCAT
Druglike_434,Druglike,O=C(C1=CC(F)=CC=C1O)[C@@H](O)C#CC1=NON=C1CF,18/000000091,C13H8N2O4F2,294.0,2.06,4.32,-9.421,-0.2112585390203346,1.2607004051468957,0.5247209330632806,3.865055975171157,5.6,3.58,-150.0,DRUGLIKE_CONCAT
HighDiv_510,HighDiv,CC(=O)CCCC#CCC1=CC(C(=O)O)=CC(ON)=C1Br,12/000001192,C15H16NO4Br,354.0,1.66,4.46,-9.047,0.19978936000194772,0.8482017935645023,0.5239955767832251,3.08062337751719,7.67,3.84,-50.0,HIGHDIVERSITY_CONCAT
HighDiv_1237,HighDiv,O=C(CO)C1=CC(O)=C(O)C(C2=CSN=N2)=C1,3/000000097,C10H8N2O4S,252.0,1.74,4.78,-8.194,1.1393274149100245,-0.09260386333331232,0.5233617757883561,2.9426767291400644,1.93,3.58,-120.0,HIGHDIVERSITY_CRAFT
HighDiv_456,HighDiv,O=NCCCC1=CC(C2=CC(O)=C(F)C=C2N=O)=CN1,6/000000157,C13H12N3O3F,277.0,2.02,4.52,-8.886,0.37595274529721084,0.6706288618405287,0.5232908035688698,3.503602608578251,3.58,22.7,-140.0,HIGHDIVERSITY_CONCAT
Druglike_1395,Druglike,C[C@@H](F)C1=CC(CC(=O)O)=CC(NC(N)=O)=C1,4/000000239,C11H13N2O3F,240.0,0.44,4.98,-7.661,1.7265386992275726,-0.6804695317114325,0.5230345837580701,2.867649652759914,5.11,3.58,-170.0,DRUGLIKE_LANAPDB
HighDiv_84,HighDiv,CCC/C=C/C1=C(Cl)C=C(I)C(C2=NC(CC(=O)O)=NN2)=N1,4/000000280,C14H14N4O2ClI,432.0,3.69,5.01,-7.581,1.8146203918752029,-0.7687045288413556,0.5229579315169236,3.4077475690404775,4.06,23.1,-160.0,HIGHDIVERSITY_CONCAT
HighDiv_196,HighDiv,NC1=CC(C#C[C@@H](CCCO)C2=NON=C2)=CC(O)=C1,23/000000226,C14H15N3O3,273.0,2.02,4.81,-8.111,1.2274091075576548,-0.1841476728556087,0.5216307173510231,4.032576761047638,6.68,21.4,-150.0,HIGHDIVERSITY_CONCAT
HighDiv_628,HighDiv,OC1=C(Br)C(NC2=CC=C3N=C[C@H](S)C3=C2)=CC(F)=C1,16/000000029,C14H10N2OSFBr,353.0,3.37,4.37,-9.281,-0.06445571794094823,1.1062891601695302,0.520916721114291,3.6966842509261815,7.45,19.3,-190.0,HIGHDIVERSITY_CONCAT
Druglike_282,Druglike,OCC1=CC(CCOCC2=CC=CC(O)=C2)=CC(O)=C1,28/000000028,C16H18O4,274.0,1.98,4.47,-9.014,0.22914992421782449,0.8118048572484073,0.5204773907331159,2.1905036496424497,4.93,3.58,0.0,DRUGLIKE_CONCAT
Druglike_1126,Druglike,COCC1=C(C/C=C(/C(=O)O)C2=CC[C@@H](CO)O2)ON=C1O,4/000000105,C14H16NO7,310.0,-0.18,4.7,-8.401,0.9044429011830054,0.13570419174036497,0.5200735464616852,4.258900829114943,9.02,5.21,-170.0,DRUGLIKE_CRAFT
HighDiv_504,HighDiv,CC1=CC(CO)=CC=C1C1=CC(=O)C=C(CN)C1=O,10/000000152,C15H15NO3,257.0,0.09,4.47,-9.012,0.22914992421782449,0.8095989823201604,0.5193744532689925,2.7739261624594285,3.3,2.22,-180.0,HIGHDIVERSITY_CONCAT
HighDiv_341,HighDiv,C=CNC/C=C/C1=CC=C(I)C(C2=NC(CC(=O)O)=NN2)=N1,4/000000116,C14H14N5O2I,411.0,2.48,4.63,-8.584,0.6989189516718629,0.33754174767506595,0.5182303496734644,3.6410362604125623,5.74,23.8,-140.0,HIGHDIVERSITY_CONCAT
HighDiv_425,HighDiv,CNC/C=C/CCNCCC1=C(Br)C(N=O)=CC(C(=O)CCl)=C1,12/000000954,C16H22N3O2ClBr,403.0,2.48,4.54,-8.822,0.43467387372896693,0.6000408641365894,0.5173573689327782,3.9378835229738343,3.31,4.94,-110.0,HIGHDIVERSITY_CONCAT
HighDiv_657,HighDiv,NCC1=CC(=O)C=C(C2=CC=C(CNCF)C=C2)C1=O,10/000000163,C15H16N2O2F,275.0,0.45,4.35,-9.327,-0.12317684637270433,1.1570242835192357,0.5169237185732657,3.639050136050778,4.86,3.58,-160.0,HIGHDIVERSITY_CONCAT
HighDiv_1496,HighDiv,O=C(O)N1C=C([N+](=O)[O-])C(CCC2=NC3=C(C=NN3)CN2)=N1,25/000000036,C11H10N7O4,304.0,-0.32,4.1,-9.99,-0.8571909517696387,1.8882718222334813,0.5155404352319213,3.89507521822894,3.86,5.08,-40.0,HIGHDIVERSITY_CRAFT
HighDiv_1380,HighDiv,C#CCC1=CC=CC(C2=CC(O)=CN=C2CO)=C1,1/000000251,C15H13NO2,239.0,1.9,4.32,-9.403,-0.2112585390203346,1.240847530792664,0.5147944958861648,2.713392801557525,6.52,13.4,-160.0,HIGHDIVERSITY_CRAFT
HighDiv_1310,HighDiv,COCC1=C(O)C=NC=C1C#CC1=C(Cl)C=C(Cl)C(O)=C1,1/000000027,C15H11NO3Cl2,323.0,3.51,4.48,-8.976,0.25851048843370383,0.769893233611695,0.5142018610226995,3.0033348671165196,6.96,18.0,-20.0,HIGHDIVERSITY_CRAFT
HighDiv_390,HighDiv,NOC1=C(Br)C(C2=COCC2=O)=CC(C(=O)O)=C1,12/000000006,C11H8NO5Br,314.0,0.69,4.57,-8.732,0.5227555663765998,0.5007764923654251,0.5117660293710125,3.3993005123341433,5.6,17.9,-120.0,HIGHDIVERSITY_CONCAT
HighDiv_716,HighDiv,OC1=C(Br)C(NC2=CC=C3N=C[C@H](C=S)C3=C2)=CC(F)=C1,16/000000042,C15H10N2OSFBr,365.0,3.27,4.29,-9.476,-0.2993402316679674,1.32136196567372,0.5110108670028763,3.8139698986527018,8.07,21.1,-190.0,HIGHDIVERSITY_CONCAT
HighDiv_1287,HighDiv,C=CC1=CC=C(C2=C(O)C(O)=CN=C2)C=C1,1/000000036,C13H11NO2,213.0,2.41,4.56,-8.755,0.49339500216072046,0.5261440540402799,0.5097695281005001,2.4787853984252557,3.5,10.4,-160.0,HIGHDIVERSITY_CRAFT
HighDiv_1480,HighDiv,O=C(O)N1N=CC2=C1C(F)=CC(C/C=C/C1CCCC1)=C2,22/000000018,C16H16N2O2F,287.0,3.11,4.12,-9.922,-0.7984698233378826,1.8132720746730464,0.5074011256675819,3.0483482358167837,2.5,3.58,-190.0,HIGHDIVERSITY_CRAFT
HighDiv_230,HighDiv,O=C1NCCN1C1=CC(CSCCCl)=C(Cl)C(O)=C1,28/000000442,C12H14N2O2SCl2,320.0,2.5,4.75,-8.243,1.0512457222623917,-0.038559927591234416,0.5063428973355786,2.993835590839465,4.34,18.5,-120.0,HIGHDIVERSITY_CONCAT
HighDiv_1437,HighDiv,NOCC1=C(O)C(O)=C(C#CC(=O)NC2=CC=CC=C2F)C=N1,1/000000400,C15H12N3O4F,317.0,0.52,4.21,-9.679,-0.5342247453949867,1.5452582708909017,0.5055167627479575,3.1007299172046032,4.11,22.3,0.0,HIGHDIVERSITY_CRAFT
HighDiv_303,HighDiv,NCNCC#CCC1=C(Br)C(O)=CC(C(=O)N=O)=C1,12/000000768,C12H12N3O3Br,326.0,1.32,4.67,-8.454,0.8163612085353725,0.19415987733894052,0.5052605429371565,3.613716695003807,6.33,3.85,0.0,HIGHDIVERSITY_CONCAT
Druglike_1106,Druglike,O=C1C=CC(C2=C(CO)N=C(CC/C=C/CCO)O2)=NN1,15/000000257,C14H17N3O4,291.0,-0.21,4.78,-8.16,1.1393274149100245,-0.1301037371135308,0.5046118388982469,3.245914389662939,3.83,25.0,-120.0,DRUGLIKE_CRAFT
HighDiv_2021,HighDiv,CC#CCC1=NC(C2=CC(O)=CC(F)=C2ON)=CN1,27/000000202,C13H12N3O2F,261.0,1.23,4.63,-8.556,0.6989189516718629,0.306659498679592,0.5027892251757274,3.737097129301005,1.95,20.8,-160.0,HIGHDIVERSITY_MAYBRIDGE
HighDiv_1747,HighDiv,O=P(O)(O)C1=CC(O)=C(/C=C/CC2=CC=C3NN=CC3=C2)C(Cl)=C1,8/000000032,C16H14N2O4PCl,364.0,2.9,4.33,-9.354,-0.18189797480445782,1.1868035950505842,0.5024528101230632,3.194407316045128,3.27,6.17,-100.0,HIGHDIVERSITY_LANAPDB
Druglike_1846,Druglike,NCC1=CC(=O)C=C(C2=CC=C(NC(N)=O)C=C2)N1,15/000000110,C13H14N4O2,258.0,-0.11,4.33,-9.354,-0.18189797480445782,1.1868035950505842,0.5024528101230632,2.422524995774154,4.23,2.22,-160.0,DRUGLIKE_MAYBRIDGE
Druglike_1160,Druglike,O=C(O)C1=C(C2=NNC(=O)C=C2)OC(CCl)=N1,15/000000027,C9H5N3O4Cl,254.0,-0.02,4.53,-8.821,0.4053133095130902,0.598937926672466,0.5021256180927781,2.983782130122062,3.57,23.7,-120.0,DRUGLIKE_CRAFT
Druglike_2068,Druglike,CC1=CC2=C(C=C1COC1=C(O)C=C(Cl)C=N1)C(=O)NC2=O,6/000000005,C15H11N2O4Cl,318.0,2.54,4.01,-10.205,-1.1214360297125348,2.125403377020152,0.5019836736538086,2.710337228561285,5.05,2.35,-60.0,DRUGLIKE_MAYBRIDGE
HighDiv_1342,HighDiv,C#CCC1=C(/C=C\CC(=O)NN)C=CC(C2=CN=CC(O)=C2)=C1,1/000000042,C18H17N3O2,307.0,1.44,4.4,-9.164,0.023625974706684625,0.9772454768670152,0.5004357257868499,3.0660666368791585,4.13,20.0,-160.0,HIGHDIVERSITY_CRAFT
HighDiv_410,HighDiv,O=C(O)CC1=NC=C([C@H](O)C#CC2=CC(S)=C(S)C=C2Br)C=N1,29/000000051,C15H11N2O3S2Br,411.0,2.22,4.55,-8.763,0.46403443794484367,0.5349675537532713,0.4995009958490575,4.018447239497588,4.38,3.7,-170.0,HIGHDIVERSITY_CONCAT
HighDiv_312,HighDiv,NOC1=C(Br)C(C#CCCCC=S)=CC(C(=O)O)=C1,12/000001191,C13H12NO3SBr,342.0,2.25,4.66,-8.469,0.7870006443194958,0.21070393930079995,0.4988522918101479,3.466289771926883,5.76,20.8,0.0,HIGHDIVERSITY_CONCAT
Druglike_1077,Druglike,N[C@H](O)C1=NC(C(=O)C2=CC=C(I)C(I)=C2)=CN1,10/000000036,C11H9N3O2I2,469.0,2.64,4.9,-7.826,1.4916541855005534,-0.49848485013096416,0.4965846676847946,3.831553975718182,7.55,2.22,-150.0,DRUGLIKE_CRAFT
HighDiv_1454,HighDiv,NCC1=CC(O)=C(NC(=O)C2=CC=CC3=C2NCC(=O)N3)C=C1,18/000000008,C16H16N4O3,312.0,0.07,4.17,-9.768,-0.6516670022584963,1.6434197051979427,0.4958763514697232,2.5357419031513473,7.02,3.58,-80.0,HIGHDIVERSITY_CRAFT
HighDiv_249,HighDiv,C=C[C@@H](C#CC1=CC(CNOC)=C(N=O)C(O)=C1)CCO,23/000000208,C15H18N2O4,290.0,1.97,4.73,-8.277,0.9925245938306382,-0.0010600538110178987,0.4957322700098101,4.323466319998743,3.07,20.8,-200.0,HIGHDIVERSITY_CONCAT
Druglike_1543,Druglike,O=C(C1=CC(=O)NC=N1)C1=CC(CCC2CCCCC2)=CN1,21/000000029,C17H21N3O2,299.0,1.86,4.23,-9.608,-0.47550361696323057,1.4669497109380945,0.49572304698743197,2.927332491802142,3.57,3.58,-150.0,DRUGLIKE_LANAPDB
Druglike_1195,Druglike,C=CC1=C(NCCN2C=NC3=C2C=NC(CNC)=N3)C=CC=C1O,13/000000019,C17H21N6O,325.0,1.22,4.42,-9.102,0.08234710313843813,0.9088633540913248,0.49560522861488143,3.642777285595368,2.18,19.5,-100.0,DRUGLIKE_CRAFT
Druglike_1904,Druglike,OCC1=CC(O)=CC(C2=COC(CNCC3=CC=NC=C3)=C2)=C1,1/000000140,C18H18N2O3,310.0,1.33,4.23,-9.606,-0.47550361696323057,1.4647438360098457,0.4946201095233076,2.5564408062688972,3.47,3.58,-120.0,DRUGLIKE_MAYBRIDGE
Druglike_331,Druglike,CCC1=NC(CO)=C(C2=COC(C(=O)N/C=C\CN)=CC2)N1,23/000000521,C15H21N4O3,305.0,-0.25,4.41,-9.126,0.052986538922561374,0.935333853230301,0.4941601960764312,4.411900776541596,4.93,24.3,-140.0,DRUGLIKE_CONCAT
HighDiv_1327,HighDiv,C=CC1=NC=C(O)C=C1C#C[C@@H](CN)N1CNC2=CC=CN=C21,1/000000271,C17H17N5O,307.0,1.92,4.44,-9.045,0.14106823157019424,0.8459959186362535,0.49353207510322383,4.236617669068018,8.1,20.2,-190.0,HIGHDIVERSITY_CRAFT
Druglike_181,Druglike,O=C(O)C1=CN=C(O)N=C1C/C=C/C1=NN=CCN1,29/000000186,C11H11N5O3,261.0,0.94,4.61,-8.589,0.6401978232401094,0.3430564349956871,0.4916271291178983,4.063479712755286,6.39,3.85,0.0,DRUGLIKE_CONCAT
Druglike_1091,Druglike,N[C@H](O)C1=NC=C(C(=O)C2=CC=C(I)C(I)=C2)O1,10/000000043,C11H8N2O3I2,470.0,2.22,4.85,-7.95,1.3448513644211644,-0.36172060457958133,0.4915653799207915,3.6669486381985585,7.38,2.22,-150.0,DRUGLIKE_CRAFT
HighDiv_1761,HighDiv,NC(=O)NC1=CC(C[C@@H](Cl)C(=O)/C=C/C2=CCON2)=CC=C1O,18/000000023,C15H16N3O4Cl,337.0,0.66,4.3,-9.414,-0.2699796674520907,1.2529798428980279,0.4915000877229686,3.935685872739347,4.45,7.68,-150.0,HIGHDIVERSITY_LANAPDB
HighDiv_1397,HighDiv,O=C(C#CC1=CN=CC(O)=C1O)NC1=CC(C(=O)O)=CN=C1,1/000000136,C14H9N3O5,299.0,-0.05,4.27,-9.492,-0.35806136009972356,1.339008965099705,0.49047380249999073,3.0109803559257227,6.14,21.0,0.0,HIGHDIVERSITY_CRAFT
Druglike_1135,Druglike,CCCC/C=C/C1=NC(CO)=C(C2=NNC(=O)C=C2)O1,15/000000061,C14H17N3O3,275.0,1.33,4.64,-8.505,0.7282795158877396,0.2504096880092673,0.4893446019485035,3.1455263217072273,1.4,23.8,-140.0,DRUGLIKE_CRAFT
HighDiv_1733,HighDiv,CC(=O)/C=C/C1=CC=C(C[C@@H](N)C(=O)/C=C/C2=CCON2)N1,18/000000031,C16H20N3O3,302.0,0.52,4.36,-9.249,-0.09381628215682498,1.0709951613175603,0.48858943958036766,4.804516502547803,3.53,5.08,-170.0,HIGHDIVERSITY_LANAPDB
HighDiv_1302,HighDiv,C=CC(=O)C1=CC(C2=CC=NO2)=C(O)C(O)=C1,3/000000091,C12H9NO4,231.0,2.01,4.5,-8.876,0.3172316168654573,0.6595994871992885,0.4884155520323729,2.9526724738209165,1.05,3.58,-140.0,HIGHDIVERSITY_CRAFT
HighDiv_1301,HighDiv,NC/C=C/C1=C(S)C=C(C2=CC=CC(C(=O)C(=O)O)=C2)C=C1,3/000000061,C17H14NO3S,312.0,2.85,4.52,-8.822,0.37595274529721084,0.6000408641365894,0.4879968047169001,2.6886804820291275,2.21,5.09,-180.0,HIGHDIVERSITY_CRAFT
Druglike_1808,Druglike,C=CCC1=NN=C(C2=CC(=O)C=C(C(=O)O)N2)O1,15/000000315,C11H8N3O4,246.0,1.17,4.42,-9.088,0.08234710313843813,0.8934222295935869,0.48788466636601246,3.085519425991915,3.89,24.2,-120.0,DRUGLIKE_MAYBRIDGE
Druglike_233,Druglike,O=C(CC1=NOC=C1CBr)OCC#C[C@@H](CO)C1=NNC(=O)N1,21/000000103,C13H13N4O5Br,385.0,0.22,4.53,-8.795,0.4053133095130902,0.5702615526052409,0.48778743105916555,4.34209941194053,6.5,6.2,-150.0,DRUGLIKE_CONCAT
HighDiv_585,HighDiv,O=C1NCCN1C1=CC(O)=CC(/C=C/C2=CNC=NC2)=C1,28/000000110,C15H16N4O2,284.0,0.43,4.4,-9.141,0.023625974706684625,0.9518779151921625,0.48775194494942353,3.474797970999635,0.85,20.3,-120.0,HIGHDIVERSITY_CONCAT
Druglike_379,Druglike,CCC(=O)OC/C=C/C1=CC=C(C(=O)C2=NC(=O)NC(=O)N2)N1,23/000000523,C14H14N4O5,318.0,-0.4,4.37,-9.22,-0.06445571794094823,1.039009974857963,0.48727712845850746,3.2975897729738346,5.61,6.77,-20.0,DRUGLIKE_CONCAT
HighDiv_432,HighDiv,CC(=O)/C=C/C1=CC=C(I)C(C2=NC(CC(=O)O)=NN2)=N1,4/000000161,C13H11N4O3I,398.0,1.75,4.54,-8.766,0.43467387372896693,0.5382763661456436,0.48647511993730524,3.2112300925807107,4.41,23.0,-140.0,HIGHDIVERSITY_CONCAT
Druglike_297,Druglike,CC(=O)/C=C/C(=O)NC1=CC(C2=NNN=C2)=CC(O)=C1,28/000000255,C13H12N4O3,272.0,1.75,4.45,-9.003,0.17042879578607098,0.7996725451430435,0.48505067046455724,2.757668267918911,1.93,22.4,-140.0,DRUGLIKE_CONCAT
HighDiv_1422,HighDiv,C=C(CNC(=O)C#CC1=C(O)C(O)=CN=C1)[C@H]1CCNO1,1/000000186,C14H15N3O4,289.0,0.57,4.23,-9.588,-0.47550361696323057,1.444890961655612,0.48469367234619076,4.501748255888686,2.82,21.2,-150.0,HIGHDIVERSITY_CRAFT
HighDiv_258,HighDiv,C=C[C@@H](C#CC1=CC(CNOC)=CC(O)=C1)CCO,23/000000078,C15H19NO3,261.0,2.43,4.72,-8.282,0.9631640296147589,0.004454633509603215,0.48380933156218103,3.884929372934441,1.56,16.6,-170.0,HIGHDIVERSITY_CONCAT
Druglike_1900,Druglike,C/C(=C\C1=CNC(=O)C2=C1C=C(C(=O)O)N2)C1=NC=NC=C1,14/000000026,C15H12N4O3,296.0,-0.02,4.24,-9.558,-0.4461430527473538,1.4118028377318912,0.4828298924922687,3.136837501107352,6.24,23.4,-60.0,DRUGLIKE_MAYBRIDGE
HighDiv_1997,HighDiv,C=CCC1=CNC(/C=C/C2=C(S)C(N=O)=CN=C2I)=N1,30/000000028,C13H11N4OSI,398.0,2.99,4.75,-8.199,1.0512457222623917,-0.08708917601269317,0.48207827312484924,4.263217443743086,8.21,24.0,0.0,HIGHDIVERSITY_MAYBRIDGE
HighDiv_271,HighDiv,CC(=O)NC[C@@H](O)COC1=C(Br)C(ON)=CC(C(=O)O)=C1,12/000001386,C12H15N2O6Br,363.0,-0.29,4.71,-8.305,0.9338034653988821,0.029822195184456026,0.4818128302916691,3.0558933946482316,6.44,19.7,-200.0,HIGHDIVERSITY_CONCAT
Druglike_1929,Druglike,O=C(O)C1=CC(O)=CC(C2=COC(CC#CCF)=C2)=C1,1/000000022,C15H11O4F,274.0,2.59,4.19,-9.689,-0.5929458738267401,1.556287645532142,0.4816708858527009,3.1360712898969325,3.89,2.22,-120.0,DRUGLIKE_MAYBRIDGE
Druglike_1479,Druglike,NC(=O)NC1=CC(CCl)=CC(CCC/C=C/NC2=CN=CC=C2)=C1,4/000000310,C18H21N4OCl,344.0,2.08,4.37,-9.207,-0.06445571794094823,1.0246717878243505,0.4801080349417012,2.6983210983043993,6.0,6.58,0.0,DRUGLIKE_LANAPDB
Druglike_259,Druglike,O=C(O)C1=CC2=C(C=CC(C#CCCO)=C2)C1,26/000000044,C14H12O3,228.0,1.57,4.49,-8.886,0.28787105264958057,0.6706288618405287,0.47924995724505465,2.819922351071325,5.99,16.0,-40.0,DRUGLIKE_CONCAT
HighDiv_1636,HighDiv,OC1=CC(I)=CC(/C=C/[C@H](O)C2=NN=C(S)O2)=C1,12/000000031,C11H9N2O3SI,376.0,3.37,4.78,-8.114,1.1393274149100245,-0.1808388604632364,0.4792442772233941,4.00166957383435,4.44,2.22,-150.0,HIGHDIVERSITY_LANAPDB
HighDiv_757,HighDiv,CC(=O)CC1=C(F)C(C2=C(O)N(C(=O)O)N=C2)=C(Br)C=C1,20/000000005,C13H10N2O4FBr,357.0,2.8,4.27,-9.47,-0.35806136009972356,1.3147443408889756,0.47834149039462603,3.0689488402123883,7.22,3.58,-140.0,HIGHDIVERSITY_CONCAT
HighDiv_187,HighDiv,O=NC(=O)C1=CC(N=O)=C(Br)C(C[C@H](O)CO)=C1,12/000000579,C10H9N2O5Br,317.0,0.6,4.82,-8.005,1.2567696717735342,-0.3010590440527579,0.47785531386038815,3.741096381526658,5.39,19.5,-150.0,HIGHDIVERSITY_CONCAT
Druglike_1427,Druglike,C/C=C\[C@@H](N)CC1=CC=C(NC(N)=O)C=C1CC(=O)O,4/000000015,C14H19N3O3,277.0,0.14,4.69,-8.351,0.8750823369671286,0.0805573185341636,0.4778198277506461,3.1382573278492583,3.8,3.58,-170.0,DRUGLIKE_LANAPDB
Druglike_505,Druglike,NCC1=NNN=C1CCCC#CC1=CC2=C(C=C1O)OCN2,21/000000127,C15H18N5O2,300.0,2.14,4.27,-9.466,-0.35806136009972356,1.310332591032478,0.47613561546637717,3.9796293668021416,3.31,24.0,-40.0,DRUGLIKE_CONCAT
Druglike_114,Druglike,C=C(COC(=O)CCCO)CC(=O)C1=NC(NCC)=C2C=NNC2=N1,21/000000176,C16H21N5O4,347.0,0.78,4.73,-8.241,0.9925245938306382,-0.04076580251948326,0.47587939565557746,3.1593035438689503,6.94,24.8,-60.0,DRUGLIKE_CONCAT
Druglike_284,Druglike,NCCC#CC1=CC2=C(C=C1)CC(C(=O)O)=C2,26/000000010,C14H14NO2,228.0,1.5,4.46,-8.957,0.19978936000194772,0.748937421793338,0.47436339089764284,3.5074819664559396,6.36,16.2,-40.0,DRUGLIKE_CONCAT
Druglike_1130,Druglike,CCNC/C=C/C1=NC(CO)=C(C2=NNC(=O)C=C2)O1,15/000000105,C13H16N4O3,276.0,0.07,4.67,-8.394,0.8163612085353725,0.12798362949149697,0.47217241901343476,3.338787050452166,2.68,24.6,-140.0,DRUGLIKE_CRAFT
HighDiv_2010,HighDiv,NOC1=C(F)C=C(CCS(=O)(=O)CCO)C=C1C1=CNC=N1,27/000000400,C13H16N3O4SF,329.0,0.02,4.66,-8.419,0.7870006443194958,0.1555570660945986,0.4712788552070472,3.388147316833667,5.28,3.58,-120.0,HIGHDIVERSITY_MAYBRIDGE
Druglike_1116,Druglike,CNCC1=C(C/C=C(/CF)C2=CC[C@@H](CO)O2)ON=C1O,4/000000045,C14H20N2O4F,299.0,0.78,4.74,-8.205,1.021885158046515,-0.0804715512279486,0.47070680340928317,5.217568594871736,8.73,6.45,-170.0,DRUGLIKE_CRAFT
HighDiv_435,HighDiv,O=NC1=C(C2=CC(O)=NO2)C=C(O)C(F)=C1,6/000000002,C9H5N2O4F,224.0,1.91,4.53,-8.763,0.4053133095130902,0.5349675537532713,0.47014043163318076,3.370831342481199,3.58,19.1,-120.0,HIGHDIVERSITY_CONCAT
HighDiv_1692,HighDiv,C=CCC1=CC=C([S@+]([O-])C2=CC(O)=C(I)C=C2O)C=C1,12/000000306,C15H13O3SI,400.0,3.1,4.48,-8.896,0.25851048843370383,0.6816582364817709,0.4700843624577374,3.4721934117653426,4.2,16.1,0.0,HIGHDIVERSITY_LANAPDB
Druglike_272,Druglike,NC[C@](Cl)(CCl)CCCC#CC1=C(O)C=C2OCNC2=C1,21/000000222,C15H18N2O2Cl2,328.0,3.14,4.47,-8.921,0.22914992421782449,0.7092316730848707,0.4691907986513476,4.239553731768739,3.1,19.6,-190.0,DRUGLIKE_CONCAT
Druglike_1745,Druglike,C=CCC1=CC(C(=O)NC[C@H](F)C(=O)O)=CC=C1,27/000000097,C13H14NO3F,251.0,1.77,4.71,-8.277,0.9338034653988821,-0.0010600538110178987,0.4663717057939321,2.7180632378845857,6.87,3.58,-150.0,DRUGLIKE_MAYBRIDGE
Druglike_270,Druglike,CC1=CC(=O)N[C@@H]1/C=C/C1=CN=C(C(=O)O)C(Br)=C1,13/000000017,C13H10N2O3Br,322.0,0.61,4.47,-8.91,0.22914992421782449,0.697099360979507,0.4631246425986657,3.844730712668728,5.76,3.85,-170.0,DRUGLIKE_CONCAT
Druglike_1402,Druglike,C=CC1=C(CC(=O)O)C=C(NC(N)=O)C=C1,4/000000151,C11H12N2O3,220.0,0.34,4.91,-7.738,1.5210147497164301,-0.5955433469738797,0.46273570137127523,2.316823251734738,2.99,3.58,0.0,DRUGLIKE_LANAPDB
Druglike_205,Druglike,CN(C)C/C=C\CCCC1=CC(O)=CC(C2=NNN=C2)=C1,28/000000468,C16H23N4O,287.0,3.63,4.58,-8.615,0.5521161305924766,0.3717328090629122,0.46192446982769436,3.6862336204321697,2.63,19.8,-200.0,DRUGLIKE_CONCAT
HighDiv_1999,HighDiv,O=C1CCC=C1[C@H](Cl)/C=C/C1=C(S)C(O)=CN=C1I,30/000000109,C13H11NO2SClI,407.0,2.55,4.74,-8.188,1.021885158046515,-0.09922148811805687,0.461331834964229,4.532354677165769,8.49,3.58,-150.0,HIGHDIVERSITY_MAYBRIDGE
HighDiv_166,HighDiv,NCC1=CC(C(=O)C2=NN=C(S)O2)=CC(N=O)=C1Br,12/000000202,C10H8N4O3SBr,344.0,2.35,4.84,-7.92,1.3154908002052876,-0.3948087285033031,0.4603410358509923,4.175447168376588,5.01,2.48,-20.0,HIGHDIVERSITY_CONCAT
HighDiv_1405,HighDiv,C=C(CC(N)=O)C1=CC=C(C2=C(O)C(O)=C(C=S)N=C2)C=C1,1/000000255,C16H14N2O3S,314.0,1.07,4.25,-9.49,-0.41678248853147704,1.3368030901714563,0.4600103008199896,3.1935672033406037,5.18,19.5,-160.0,HIGHDIVERSITY_CRAFT
HighDiv_582,HighDiv,NCC1=CC(=O)C=C(C2=CC=C(CN)C=C2)C1=O,10/000000055,C14H15N2O2,243.0,-0.21,4.4,-9.09,0.023625974706684625,0.8956281045218357,0.45962703961426016,3.2836661952226844,3.88,2.22,-160.0,HIGHDIVERSITY_CONCAT
HighDiv_1671,HighDiv,NCC1=CC=C([S@+]([O-])C2=CC(O)=C(I)C=C2O)C=C1,12/000000137,C13H12NO3SI,389.0,1.57,4.57,-8.634,0.5227555663765998,0.39268862088126927,0.45772209362893457,3.3689901801243503,3.23,15.3,0.0,HIGHDIVERSITY_LANAPDB
Druglike_1142,Druglike,O=C(O)/C(=C/CC1=C(CBr)C(O)=NO1)C1=CC[C@@H](CO)O1,4/000000087,C13H13NO6Br,359.0,0.92,4.61,-8.526,0.6401978232401094,0.27357137475587123,0.45688459899799033,4.426202394269299,8.16,3.84,-150.0,DRUGLIKE_CRAFT
Druglike_1768,Druglike,COCC1=CC(=O)C=C(C2=CC=C(CCF)C(CO)=C2)N1,15/000000164,C16H18NO3F,291.0,1.98,4.56,-8.658,0.49339500216072046,0.4191591200202455,0.456277061090483,2.8588277143043985,4.42,3.72,-180.0,DRUGLIKE_MAYBRIDGE
Druglike_1874,Druglike,CNCCC#CCC1=CC=C(C2=CC(=O)C=C(CN)N2)C=C1,15/000000158,C18H21N3O,295.0,1.66,4.28,-9.403,-0.3287007958838442,1.240847530792664,0.45607336745440996,2.9389936868570867,2.07,3.58,-180.0,DRUGLIKE_MAYBRIDGE
Druglike_220,Druglike,O=C(O)C1=CN=C(O)N=C1C/C=C/C1=CC=CC1,29/000000227,C13H12N2O3,244.0,0.7,4.54,-8.71,0.43467387372896693,0.47651186815469765,0.4555928709418323,3.6036434802905575,5.96,3.85,0.0,DRUGLIKE_CONCAT
Druglike_363,Druglike,CCNCCC#CC1=CC2=C(C=C1)CC(C(=O)O)=C2,26/000000151,C16H17NO2,255.0,2.31,4.38,-9.135,-0.03509515372507148,0.9452602904074179,0.4550825683411732,2.878502789678363,6.12,17.4,-60.0,DRUGLIKE_CONCAT
HighDiv_654,HighDiv,O=C(O)C1=CC(C/C=C/C[C@H]2CCNC2)=C([N+](=O)[O-])O1,3/000000230,C13H16N2O5,280.0,1.12,4.36,-9.188,-0.09381628215682498,1.0037159760059935,0.45494984692458423,3.7389150201569503,5.39,4.16,-150.0,HIGHDIVERSITY_CONCAT
Druglike_1412,Druglike,C=CC1=CC(CC(=O)O)=CC(NC(N)=O)=C1,4/000000227,C11H12N2O3,220.0,0.34,4.79,-8.041,1.1686879791259013,-0.2613532953442925,0.4536673418908044,2.3483087615737332,3.96,3.58,0.0,DRUGLIKE_LANAPDB
Druglike_1789,Druglike,COCC1=CC(=O)C=C(C2=CC(CO)=C(C(=O)O)C=C2)N1,15/000000155,C15H14NO5,288.0,0.47,4.48,-8.866,0.25851048843370383,0.6485701125580482,0.453540300495876,2.6049308883366784,4.84,3.85,-180.0,DRUGLIKE_MAYBRIDGE
Druglike_1411,Druglike,O=C(O)C1=C(C#CCO)N(C[C@@H](Cl)CN2CCCC2)C=C1,6/000000078,C15H20N2O3Cl,311.0,1.52,4.81,-7.987,1.2274091075576548,-0.32091191840699157,0.4532485945753316,4.919890368013848,8.33,3.85,-150.0,DRUGLIKE_LANAPDB
HighDiv_1601,HighDiv,N=C1SC(C2=C(C(N)=O)C(CO)=CC=C2S)=CN1CCl,10/000000082,C12H12N3O2S2Cl,329.0,1.94,5.11,-7.18,2.108226034033978,-1.2109824519551007,0.44862179103943867,3.6663952825709254,9.81,3.58,-120.0,HIGHDIVERSITY_LANAPDB
Druglike_1171,Druglike,CC(C)=CCCC1=NC(CO)=C(C2=NNC(=O)C=C2)O1,15/000000219,C14H17N3O3,275.0,0.52,4.49,-8.829,0.28787105264958057,0.6077614263854594,0.44781623951752,3.1498333778090206,3.11,23.8,-200.0,DRUGLIKE_CRAFT
Druglike_1780,Druglike,O=C(C#CC1=CC(CO)=CC(O)=C1)O[C@@H]1CC=NC1,1/000000013,C14H13NO4,259.0,1.39,4.52,-8.748,0.37595274529721084,0.5184234917914099,0.4471881185443104,3.933146886238748,4.33,19.2,-150.0,DRUGLIKE_MAYBRIDGE
HighDiv_1699,HighDiv,CCCC1=CCC=C(C[C@H](O)C#CC2=C(N)C=C(CO)C(O)=C2)O1,8/000000034,C19H23NO4,329.0,1.83,4.47,-8.88,0.22914992421782449,0.6640112370557861,0.4465805806368053,4.262913142417988,3.1,5.21,-170.0,HIGHDIVERSITY_LANAPDB
HighDiv_322,HighDiv,C/C=C\C1=NN=C([C@H](S)/C=C/C2=NC(CCl)=NN2C(=O)CO)N1,8/000000025,C13H15N6O2SCl,354.0,1.61,4.65,-8.399,0.757640080103619,0.1334983168121161,0.4455691984578676,4.780327218893191,3.35,6.45,-170.0,HIGHDIVERSITY_CONCAT
HighDiv_1249,HighDiv,C=C[C@@H](CBr)NC(=O)C#CC1=C(O)C(O)=CN=C1CNC,1/000000493,C14H16N3O3Br,354.0,1.45,4.71,-8.238,0.9338034653988821,-0.044074614911855534,0.44486442524351333,4.246362885683512,8.51,21.3,-200.0,HIGHDIVERSITY_CRAFT
Druglike_1474,Druglike,NC(=O)NC1=CC(CCCC[C@H](O)C2=NN=CO2)=CC(F)=C1,4/000000011,C14H17N4O3F,308.0,1.72,4.4,-9.063,0.023625974706684625,0.8658487929904871,0.44473738384858585,3.165205584433658,8.89,5.09,-150.0,DRUGLIKE_LANAPDB
HighDiv_546,HighDiv,N/C(=C\C1=CN=C(C2=C(CCl)C(=O)C=CC2=O)C=C1Br)CCCO,10/000000135,C17H16N2O3ClBr,411.0,1.13,4.43,-8.982,0.11170766735431488,0.7765108583964376,0.4441092628753763,3.5301244123816273,10.1,24.0,-160.0,HIGHDIVERSITY_CONCAT
Druglike_1641,Druglike,O=C(C1=CC(=O)NC=N1)C1=NN=C(/C=C/C2CCCC2)N1,21/000000021,C14H15N5O2,285.0,1.71,4.09,-9.887,-0.8865515159855155,1.7746692634287045,0.44405887372159447,3.55993365826319,2.49,3.58,-150.0,DRUGLIKE_LANAPDB
HighDiv_2006,HighDiv,O=C(NC[C@H](S)C1=CC=C(Cl)C(CO)=C1F)C1=NON=C1,22/000000051,C12H11N3O3SFCl,331.0,2.46,4.71,-8.233,0.9338034653988821,-0.04958930223247469,0.4421070815832037,3.8459100865769926,2.12,4.94,-150.0,HIGHDIVERSITY_MAYBRIDGE
HighDiv_511,HighDiv,CC(=O)OCCCCCC1=CC(O)=CC(N2CCNC2=O)=C1,28/000000404,C16H22N2O4,306.0,1.6,4.46,-8.898,0.19978936000194772,0.6838641114100178,0.44182673570598274,2.4345896102884943,2.61,18.4,-140.0,HIGHDIVERSITY_CONCAT
Druglike_423,Druglike,CN(C/C=C\CCCC1=CC(O)=CC(C2=NNN=C2)=C1)C(N)=O,28/000000408,C16H21N5O2,315.0,2.55,4.34,-9.216,-0.15253741058858108,1.0345982250014654,0.44103040720644215,3.0539139741572665,0.14,23.4,-140.0,DRUGLIKE_CONCAT
HighDiv_2031,HighDiv,C=C[C@@H](C)C1=CNC(/C=C/C2=C(S)C(CO)=CN=C2I)=N1,30/000000120,C15H16N3OSI,413.0,2.86,4.58,-8.577,0.5521161305924766,0.329821185426198,0.44096865800933727,4.5851872749059055,9.41,22.2,-170.0,HIGHDIVERSITY_MAYBRIDGE
Druglike_250,Druglike,O=C(CO)C1=NC(C#CCCC2CCNCC2)=CN=C1Cl,19/000000025,C15H18N3O2Cl,307.0,0.64,4.5,-8.786,0.3172316168654573,0.5603351154281241,0.4387833661467907,3.242415928124476,5.58,19.9,-150.0,DRUGLIKE_CONCAT
Druglike_1467,Druglike,C/C(=C\C1=C(C2=NNN=N2)C(=O)OC1)C1=C(O)C(C)=CC=C1,5/000000005,C15H14N4O3,298.0,2.38,4.43,-8.969,0.11170766735431488,0.7621726713628251,0.43694016935857,3.19750822071033,5.61,24.6,-160.0,DRUGLIKE_LANAPDB
Druglike_1093,Druglike,N[C@@H](O)C1=CC=C(C(=O)C2=CC=C(I)C(I)=C2)N1,10/000000039,C12H10N2O2I2,468.0,3.18,4.83,-7.904,1.286130235989411,-0.4124557279292879,0.43683725403006146,3.597463551856329,7.96,2.22,-150.0,DRUGLIKE_CRAFT
Druglike_168,Druglike,CC1=CC(=O)N[C@@H]1/C=C/C1=CN=C(CO)C(Br)=C1,13/000000150,C13H13N2O2Br,309.0,0.63,4.62,-8.461,0.6695583874559862,0.20188043958780852,0.43571941352189736,3.944814496911272,5.34,2.35,-170.0,DRUGLIKE_CONCAT
HighDiv_475,HighDiv,C[C@H](O)CCNCCC1=CC(C(=O)CCl)=CC(N=O)=C1Br,12/000000901,C14H18N2O3ClBr,377.0,2.22,4.49,-8.805,0.28787105264958057,0.5812909272464812,0.4345809899480309,3.5093053958049696,5.45,3.58,-200.0,HIGHDIVERSITY_CONCAT
Druglike_1408,Druglike,O=C(O)C1=C(C#CCO)N(C[C@@H](Cl)C2=NON=C2)C=C1,6/000000069,C12H10N3O4Cl,295.0,1.67,4.87,-7.793,1.4035724928529205,-0.5348817864470573,0.4343453532029316,4.263172437739367,8.19,3.85,-150.0,DRUGLIKE_LANAPDB
HighDiv_1272,HighDiv,C=C[C@@H](CBr)NC(=O)C#CC1=C(O)C(O)=CN=C1,1/000000163,C12H11N2O3Br,311.0,1.84,4.6,-8.508,0.61083725902423,0.25371850040163757,0.4322778797129338,4.204382861118495,4.76,18.7,-150.0,HIGHDIVERSITY_CRAFT
HighDiv_1742,HighDiv,O=C(/C=C\C#CC1=C2OC=CC(=O)C2=CC=C1O)CO,12/000000002,C15H10O5,270.0,1.01,4.34,-9.199,-0.15253741058858108,1.015848288111357,0.431655438761388,3.379553432754075,7.44,21.0,-80.0,HIGHDIVERSITY_LANAPDB
HighDiv_87,HighDiv,NCCCC1=C(Br)C(N=O)=CC(C(=O)C2=NC(S)=NN2)=C1,12/000000111,C12H12N5O2SBr,370.0,2.18,5.0,-7.442,1.7852598276593261,-0.9220128363545989,0.43162349565236363,3.54513486711652,6.39,3.58,-20.0,HIGHDIVERSITY_CONCAT
Druglike_383,Druglike,O=C(NCCCC#CC1=C(O)C=C2OCNC2=C1)[C@H](CF)CCl,21/000000224,C16H18N2O3FCl,340.0,2.77,4.37,-9.113,-0.06445571794094823,0.9209956661966885,0.42826997412787016,3.929043080579582,1.17,23.4,-190.0,DRUGLIKE_CONCAT
HighDiv_1712,HighDiv,C=C1CC2=C(C=C(CC(=O)OCC/C=C/CC(=O)CO)C=C2O)N1,12/000000009,C18H21NO5,331.0,1.1,4.43,-8.953,0.11170766735431488,0.7445256719368403,0.4281166696455776,3.3845522069750933,8.23,21.4,-40.0,HIGHDIVERSITY_LANAPDB
Druglike_660,Druglike,CC1=NON=C1C#C[C@H](O)C(=O)C1=CC(F)=CC=C1O,18/000000064,C13H9N2O4F,276.0,1.96,4.18,-9.616,-0.6223064380426195,1.475773210651086,0.4267333863042332,3.676577747429677,5.2,3.58,-170.0,DRUGLIKE_CONCAT
Druglike_341,Druglike,C/C=C/C1=C(C(=O)O)C=C(C2=NNC(C(=O)O)=N2)C=C1,6/000000011,C13H11N3O4,273.0,2.27,4.4,-9.03,0.023625974706684625,0.8294518566743921,0.42653891569053837,2.705100131055774,0.37,3.72,-200.0,DRUGLIKE_CONCAT
HighDiv_164,HighDiv,NOC1=CC(C(=O)O)=CC(OC/C=C/CF)=C1Br,12/000001270,C11H11NO4FBr,320.0,1.91,4.84,-7.858,1.3154908002052876,-0.4631908512789945,0.42614997446314656,3.0700559283467026,5.0,18.0,0.0,HIGHDIVERSITY_CONCAT
Druglike_1448,Druglike,O=C1CC[C@@H](/C=C(/CC2=CC=C(CO)C(F)=C2)C2=NC=NN2)O1,6/000000019,C16H16N3O3F,317.0,1.58,4.56,-8.602,0.49339500216072046,0.3573946220292996,0.42539481209501007,3.648661725012074,8.06,5.09,-150.0,DRUGLIKE_LANAPDB
Druglike_1065,Druglike,O=C(C1=CNC(CCO)=C1)C1=NC=C(/C=C/C2=CC=C(I)C(Cl)=C2)C=N1,12/000000140,C19H15N3O2ClI,479.0,3.35,5.09,-7.191,2.049504905602222,-1.198850139849736,0.42532738287624294,3.120331152665324,3.93,4.94,-40.0,DRUGLIKE_CRAFT
HighDiv_2099,HighDiv,C=CC1=CC(C/C=C\C2=NNN=C2)=CC(F)=C1ON,27/000000237,C13H13N4OF,260.0,2.64,4.37,-9.107,-0.06445571794094823,0.9143780414119439,0.4249611617354978,3.5461925332681066,6.32,3.58,0.0,HIGHDIVERSITY_MAYBRIDGE
Druglike_1478,Druglike,N[C@@H](/C=C/C1=CC=C(O)C(Cl)=C1)C1=CC(CC(=O)O)=CC1,5/000000010,C16H16NO3Cl,305.0,1.5,4.38,-9.079,-0.03509515372507148,0.883495792416472,0.4242003193457003,3.7070904579297776,1.37,4.81,-170.0,DRUGLIKE_LANAPDB
HighDiv_184,HighDiv,C/C=C/C[C@H](N)C1=C(Br)C(ON)=CC(C(=O)O)=C1,12/000001360,C12H15N2O3Br,315.0,1.28,4.82,-7.904,1.2567696717735342,-0.4124557279292879,0.4221569719221231,3.6537761892189664,5.21,16.1,-170.0,HIGHDIVERSITY_CONCAT
HighDiv_1688,HighDiv,O=C1NN=C([C@@H](O)/C=C/C2=CC(I)=CC(O)=C2)O1,12/000000029,C11H9N2O4I,360.0,2.4,4.5,-8.754,0.3172316168654573,0.5250411165761545,0.4211363667208059,3.88722557383435,3.56,2.22,-150.0,HIGHDIVERSITY_LANAPDB
Druglike_1163,Druglike,CCCCC1=C(C/C=C(/C(=O)O)C2=CC[C@@H](CO)O2)ON=C1O,4/000000103,C16H20NO6,322.0,1.31,4.53,-8.674,0.4053133095130902,0.4368061194462303,0.4210597144796603,4.150474334277808,9.32,5.21,-170.0,DRUGLIKE_CRAFT
HighDiv_1641,HighDiv,[O-][S@@+](C1=CC(O)=C2NCCCNC2=C1)C1=CC(O)=C(I)C=C1O,12/000000184,C15H15N2O4SI,446.0,1.48,4.74,-8.111,1.021885158046515,-0.1841476728556087,0.4188687425954531,4.057069045816269,4.9,19.5,-120.0,HIGHDIVERSITY_LANAPDB
Druglike_1090,Druglike,O=C(C1=CNC(CO)=C1)C1=NC=C(/C=C/C2=CC=C(I)C(Cl)=C2)C=N1,12/000000107,C18H13N3O2ClI,465.0,3.19,4.85,-7.817,1.3448513644211644,-0.50841128730808,0.41822003855654216,3.0942586034572503,3.94,3.58,0.0,DRUGLIKE_CRAFT
HighDiv_437,HighDiv,NCC1=CC(=O)C=C(C2=CC(CN)=CC=C2)C1=O,10/000000041,C14H14N2O2,242.0,-0.21,4.53,-8.668,0.4053133095130902,0.4301884946614858,0.417750902087288,2.7039332721457594,4.88,2.22,-160.0,HIGHDIVERSITY_CONCAT
Druglike_1164,Druglike,C=CC1=NC(CO)=C(C2=NNC(=O)C(CBr)=C2)O1,15/000000096,C11H10N3O3Br,312.0,0.76,4.52,-8.694,0.37595274529721084,0.45886486872871285,0.41740880701296185,3.646150195222684,2.54,23.7,-140.0,DRUGLIKE_CRAFT
HighDiv_268,HighDiv,CN[C@@H](O)CCC(=O)OC1=CC(C(=O)O)=CC(ON)=C1Br,12/000001419,C12H15N2O6Br,363.0,0.02,4.71,-8.188,0.9338034653988821,-0.09922148811805687,0.41729098864041264,3.4042379001427365,6.43,19.7,-200.0,HIGHDIVERSITY_CONCAT
HighDiv_522,HighDiv,N/C=C\C1=CC=C(/C(=C/CO)C2=CC(=O)C2=O)C=C1,27/000000002,C15H13NO3,255.0,0.83,4.45,-8.879,0.17042879578607098,0.6629082995916608,0.41666854768886585,3.058209756296651,4.64,2.22,0.0,HIGHDIVERSITY_CONCAT
HighDiv_214,HighDiv,O=C(O)CC1=NNC(C2=NC(/C=C/CCF)=CC=C2I)=N1,4/000000068,C13H12N4O2FI,402.0,2.92,4.78,-7.993,1.1393274149100245,-0.314294293622247,0.41251656064388875,3.4068068538089618,4.12,23.5,-140.0,HIGHDIVERSITY_CONCAT
Druglike_1136,Druglike,NCC1=C(C2=CC(Br)=CC=C2O)CN(CCC2=NC=NC=N2)C1=O,6/000000010,C16H17N5O2Br,391.0,-0.29,4.64,-8.365,0.7282795158877396,0.0959984430318996,0.41213897945981964,3.4999671931302903,5.18,3.58,-180.0,DRUGLIKE_CRAFT
HighDiv_556,HighDiv,COCC(=O)C1=CC(O)=C(Br)C(OCC2=CNC(=O)N=C2)=C1,12/000000589,C14H13N2O5Br,369.0,0.45,4.42,-8.95,0.08234710313843813,0.741216859544468,0.41178198134145305,2.805185652268724,4.36,3.58,-20.0,HIGHDIVERSITY_CONCAT
HighDiv_1407,HighDiv,O=C(C#CC1=C(O)C(O)=CN=C1)NC1=CN=CC=C1,1/000000103,C13H9N3O3,255.0,0.34,4.24,-9.426,-0.4461430527473538,1.2662150924675168,0.41003601986008154,2.943666892242465,4.04,17.0,0.0,HIGHDIVERSITY_CRAFT
HighDiv_350,HighDiv,O=NC1=C(Br)C=C(O)C(C(=O)/C(=C/C=C\[N+](=O)[O-])CO)=C1,12/000000512,C12H9N2O6Br,357.0,1.11,4.61,-8.441,0.6401978232401094,0.179821690305328,0.4100097567727187,3.774454884168433,3.7,3.7,-90.0,HIGHDIVERSITY_CONCAT
Druglike_193,Druglike,O=C(OCCCO)C1=CCC=C(C[C@@H](O)CC2=CN=C(I)C=C2)O1,2/000000004,C17H20NO5I,445.0,1.95,4.59,-8.493,0.5814766948083533,0.23717443843977817,0.4093255666240657,3.868735874909377,-0.23,5.24,-170.0,DRUGLIKE_CONCAT
HighDiv_2045,HighDiv,N=C1NC=C([C@H](O)CC#CC2=NC=CC(I)=C2O)S1,27/000000568,C12H10N3O2SI,387.0,2.19,4.53,-8.65,0.4053133095130902,0.41033562030725407,0.4078244649101721,4.454220519523701,4.96,21.5,-150.0,HIGHDIVERSITY_MAYBRIDGE
Druglike_199,Druglike,O=C(O)C1=CN=C(O)N=C1C/C=C/[C@H]1C=CC1,29/000000158,C12H12N2O3,232.0,0.89,4.59,-8.49,0.5814766948083533,0.23386562604740588,0.4076711604278796,3.951634464543876,5.56,3.85,-150.0,DRUGLIKE_CONCAT
Druglike_565,Druglike,OCC1=NNN=C1CCCC#CC1=CC2=C(C=C1O)OCN2,21/000000129,C15H16N4O3,300.0,2.21,4.23,-9.448,-0.47550361696323057,1.2904797166782462,0.40748804985750786,3.560735616802141,2.9,23.8,-40.0,DRUGLIKE_CONCAT
HighDiv_1481,HighDiv,NC(=O)C#CC1=C(O)C(O)=C(/C=C\C2CCCC2)N=C1,1/000000115,C15H16N2O3,272.0,1.34,4.12,-9.739,-0.7984698233378826,1.6114345187383454,0.4064823477002314,3.4744440920947355,0.84,19.2,-150.0,HIGHDIVERSITY_CRAFT
HighDiv_1335,HighDiv,N/C=C\C1=CC=C(C#C[C@@H](C(=O)O)N2C=C([N+](=O)[O-])C=N2)C=C1,27/000000004,C15H12N4O4,312.0,2.2,4.42,-8.94,0.08234710313843813,0.7301874849032277,0.40626729402083295,3.6622654400470385,2.73,3.84,-150.0,HIGHDIVERSITY_CRAFT
Druglike_1901,Druglike,O=C(C#CC1=CC(C(=O)O)=CC(O)=C1)OCCC1=NON=C1,1/000000112,C14H9N2O6,301.0,2.26,4.24,-9.419,-0.4461430527473538,1.258494530218649,0.4061757387356476,3.274102017236384,4.33,3.58,0.0,DRUGLIKE_MAYBRIDGE
Druglike_1838,Druglike,NCC1=CC(C2=NC=NN2)=CC=C1OC1=CC=CC=C1F,21/000000017,C15H13N4OF,284.0,2.65,4.35,-9.126,-0.12317684637270433,0.935333853230301,0.40607850342879837,2.3104907831055623,6.6,19.2,-120.0,DRUGLIKE_MAYBRIDGE
Druglike_1176,Druglike,NCOC1=CC=C(C(=O)OCC2=NC=CC(O)=C2C(=O)O)C=C1N,16/000000006,C15H15N3O6,333.0,0.17,4.46,-8.833,0.19978936000194772,0.6121731762419551,0.4059812681219514,2.661838398395613,3.86,5.21,0.0,DRUGLIKE_CRAFT
Druglike_1939,Druglike,CCC1=C(C/C=C/CC2=NC3=C(C=C2)OC(C(=O)O)=N3)C=CN1,2/000000015,C17H16N3O3,310.0,1.66,4.17,-9.604,-0.6516670022584963,1.4625379610815967,0.4054354794115502,3.3810390736731346,1.17,23.0,-100.0,DRUGLIKE_MAYBRIDGE
HighDiv_1263,HighDiv,CCC[C@H](C=S)NC(=O)C#CC1=C(O)C(O)=CN=C1,1/000000505,C13H14N2O3S,278.0,1.31,4.65,-8.325,0.757640080103619,0.051880944466936564,0.4047605122852778,4.134882191958669,6.2,20.3,-170.0,HIGHDIVERSITY_CRAFT
HighDiv_2054,HighDiv,OC[C@H](/C=C/C1=C(O)C(F)=CC(F)=C1)NCC1=NC=NO1,1/000000097,C13H14N3O3F2,298.0,1.03,4.5,-8.721,0.3172316168654573,0.48864418026006134,0.4029378985627593,4.495397799565348,2.53,3.58,-190.0,HIGHDIVERSITY_MAYBRIDGE
HighDiv_251,HighDiv,O=NC1=CC(C(=O)/C=C/CP(=O)(O)O)=CC(CCl)=C1Br,12/000000392,C11H10NO5PClBr,382.0,1.21,4.73,-8.108,0.9925245938306382,-0.18745648524798098,0.4025340542913286,3.5762954760880996,3.7,4.16,-60.0,HIGHDIVERSITY_CONCAT
HighDiv_451,HighDiv,O=C1NCCN1C1=CC(O)=CC(C#CCCCF)=C1,28/000000063,C14H15N2O2F,262.0,2.14,4.52,-8.667,0.37595274529721084,0.42908555719736236,0.4025191512472866,2.9961002255757982,1.48,19.3,-120.0,HIGHDIVERSITY_CONCAT
HighDiv_347,HighDiv,C=C[C@@H](/C=C/CC1=C(CN)N=C(C(=O)O)O1)N1N=CCC1=O,3/000000131,C14H16N4O4,304.0,-0.08,4.62,-8.399,0.6695583874559862,0.1334983168121161,0.40152835213405114,4.759768420539911,6.97,6.72,-150.0,HIGHDIVERSITY_CONCAT
HighDiv_640,HighDiv,CNC(=O)NCCC#CC1=CC(N2CCNC2=O)=CC(O)=C1,28/000000059,C15H18N4O3,302.0,0.3,4.36,-9.09,-0.09381628215682498,0.8956281045218357,0.40090591118250535,2.875491347261198,3.51,22.2,-140.0,HIGHDIVERSITY_CONCAT
HighDiv_767,HighDiv,O=NC(=O)C1=C(O)C=C(Br)C(C2=CC=C(CCl)C(O)=C2)=C1,12/000000070,C14H9NO4ClBr,370.0,3.97,4.26,-9.356,-0.3874219243156003,1.1890094699788332,0.40079377283161643,2.84559341800302,4.1,18.6,-188.0,HIGHDIVERSITY_CONCAT
Druglike_86,Druglike,CCC[C@@H](N)C#CC(=O)C1=CCC=C(C(=O)O)O1,23/000000288,C13H15NO4,249.0,1.46,4.8,-7.916,1.198048543341778,-0.39922047835979885,0.3994140324909896,4.337351149972498,3.65,3.85,-190.0,DRUGLIKE_CONCAT
Druglike_190,Druglike,O=C(O)C1=CN=C(O)N=C1[C@@H](O)/C=C/C1=NN=CO1,29/000000045,C10H8N4O5,264.0,0.05,4.6,-8.445,0.61083725902423,0.1842334401618237,0.39753534959302683,4.146140983964921,4.61,5.24,-150.0,DRUGLIKE_CONCAT
Druglike_1410,Druglike,C#C[C@H](N)C1=CC(C(=O)O)=CC(C(=O)O)=C1,13/000000008,C11H10NO4,220.0,0.51,4.83,-7.832,1.286130235989411,-0.4918672253462196,0.39713150532159563,3.593670227586371,4.19,2.22,-150.0,DRUGLIKE_LANAPDB
HighDiv_700,HighDiv,O=NC(=O)C1=CC(CCC#CCNCC(=O)O)=C(Br)C(O)=C1,12/000000774,C14H14N2O5Br,370.0,1.51,4.31,-9.216,-0.24061910323621394,1.0345982250014654,0.3969895608826257,4.081140280263679,5.5,5.21,-60.0,HIGHDIVERSITY_CONCAT
Druglike_493,Druglike,NCC(=O)CCC#CC1=CC2=C(C=C1)CC(C(=O)O)=C2,26/000000039,C16H15NO3,269.0,0.98,4.27,-9.322,-0.35806136009972356,1.1515095961986146,0.3967241180494455,3.018495190995833,7.2,19.6,-40.0,DRUGLIKE_CONCAT
HighDiv_343,HighDiv,C=CCCC(=O)CC1=C(Br)C(ON)=CC(C(=O)O)=C1,12/000001322,C13H14NO4Br,328.0,1.26,4.62,-8.39,0.6695583874559862,0.12357187963500124,0.3965651335454937,2.916534916375197,6.95,2.64,0.0,HIGHDIVERSITY_CONCAT
HighDiv_2007,HighDiv,O=C(CC1=CSC(S)=N1)CC1=C(O)C2=C(C=C1)C(CO)=CC2,8/000000003,C16H15NO3S2,333.0,1.19,4.71,-8.149,0.9338034653988821,-0.14223604921889646,0.39578370808999286,3.4735513968889897,3.57,23.8,-40.0,HIGHDIVERSITY_MAYBRIDGE
HighDiv_69,HighDiv,C=C[C@H](O)C1=CC(C(=O)O)=CC(ON)=C1Br,12/000000721,C10H10NO4Br,288.0,0.64,5.06,-7.215,1.9614232129545892,-1.1723796407107587,0.39452178612191524,3.5987900078061523,4.86,14.7,-150.0,HIGHDIVERSITY_CONCAT
HighDiv_1360,HighDiv,CNCC1=NC=CC=C1NC(=O)C#CC1=C(O)C(O)=CN=C1,1/000000532,C15H15N4O3,299.0,-0.06,4.36,-9.077,-0.09381628215682498,0.8812899174882232,0.39373681766569907,3.830436012273606,5.78,19.6,-20.0,HIGHDIVERSITY_CRAFT
HighDiv_2033,HighDiv,C=C[C@](C)(CNN)C1=CNC(/C=C/C2=C(I)N=CC=C2S)=N1,30/000000121,C15H18N5SI,427.0,2.95,4.56,-8.543,0.49339500216072046,0.2923213116459795,0.39285815690335,4.785415583213303,7.26,5.39,-170.0,HIGHDIVERSITY_MAYBRIDGE
HighDiv_1764,HighDiv,OC1=CC(/C=C/C[C@@H](O)C2=CC=NC=C2F)=CC(I)=C1,12/000000034,C15H13NO2FI,385.0,3.35,4.3,-9.234,-0.2699796674520907,1.054451099355699,0.3922357159518042,3.3331979871899167,3.56,5.09,-150.0,HIGHDIVERSITY_LANAPDB
HighDiv_244,HighDiv,NCC1=C(Br)C(N=O)=CC(C(=O)C2=NC=NN2)=C1,12/000000573,C10H9N5O2Br,311.0,0.96,4.73,-8.088,0.9925245938306382,-0.20951523453046347,0.39150467965008734,3.83530804137653,4.71,2.48,0.0,HIGHDIVERSITY_CONCAT
HighDiv_459,HighDiv,O=NC1=CC(F)=C(O)C=C1C1=CNC(CCl)=C1,6/000000089,C11H8N2O2FCl,254.0,2.45,4.51,-8.673,0.3465921810813341,0.4357031819821069,0.3911476815317205,3.3469196096637965,3.16,19.0,-140.0,HIGHDIVERSITY_CONCAT
HighDiv_2231,HighDiv,O[C@@H](Br)C1=CCC(CCC2=CC=CC3=NN=CN23)=CN1,2/000000002,C14H15N4OBr,335.0,2.64,4.12,-9.711,-0.7984698233378826,1.5805522697428713,0.39104122320249435,4.199771120952706,5.0,2.47,-190.0,HIGHDIVERSITY_MAYBRIDGE
Druglike_364,Druglike,OC1=CC2=C(C=C1C#C[C@@H](Br)CCC1=NNN=C1)NCO2,21/000000154,C14H13N4O2Br,349.0,3.71,4.38,-9.017,-0.03509515372507148,0.8151136696407796,0.39000925795785407,4.290110121364139,2.25,23.7,-190.0,DRUGLIKE_CONCAT
Druglike_359,Druglike,CC(=O)C#CC1=CC=C(NC(=O)[C@H](O)C2=CCCO2)C=C1Cl,21/000000194,C16H14NO4Cl,319.0,1.68,4.39,-8.99,-0.0057345895091947315,0.7853343581094311,0.3897998843001182,3.6085447130998096,7.23,3.72,-170.0,DRUGLIKE_CONCAT
HighDiv_1645,HighDiv,CC1=CC(NC(=O)CF)=C(Cl)C=C1C/C=C\C[C@@H](N)O,11/000000023,C14H18N2O2FCl,300.0,1.72,4.7,-8.163,0.9044429011830054,-0.12679492472115853,0.38882398823092346,3.457688097080027,6.3,3.58,-170.0,HIGHDIVERSITY_LANAPDB
Druglike_275,Druglike,C[C@@H](N)C/C=C/CCC1=CC=C(C(=O)C2=NC(=O)ON2)N1,23/000000194,C14H19N4O3,291.0,0.48,4.47,-8.775,0.22914992421782449,0.5482028033227604,0.38867636377029247,4.384889064232885,5.58,3.58,-170.0,DRUGLIKE_CONCAT
Druglike_456,Druglike,O=C(CNC/C=C/C1=C(F)C=CC(F)=C1)CC1=CCC=CN1,16/000000032,C17H18N2OF2,304.0,2.92,4.29,-9.254,-0.2993402316679674,1.0765098486381797,0.3885848084851061,3.3711409396043397,4.87,5.09,0.0,DRUGLIKE_CONCAT
Druglike_1526,Druglike,O=C(O)CC#CC1=CC=CC([C@H](Br)C2=CNC(=O)N2)=C1,19/000000017,C14H11N2O3Br,335.0,1.8,4.26,-9.333,-0.3874219243156003,1.1636419083039802,0.38810999199418994,3.63609991026684,7.91,21.5,-150.0,DRUGLIKE_LANAPDB
HighDiv_515,HighDiv,CCC#CC1=C(CO)C(O)=CC(N2CCNC2=O)=C1,28/000000447,C14H16N2O3,260.0,0.77,4.46,-8.799,0.19978936000194772,0.5746733024617366,0.38723133123184217,3.054155184453399,2.21,17.8,-140.0,HIGHDIVERSITY_CONCAT
HighDiv_1667,HighDiv,[O-][S@@+](C1=CC=C2N[C@H](CF)CC2=C1)C1=CC(O)=C(I)C=C1O,12/000000245,C15H13NO3SFI,433.0,2.6,4.6,-8.424,0.61083725902423,0.16107175341521776,0.3859545062197239,4.174937906596832,4.08,19.6,-190.0,HIGHDIVERSITY_LANAPDB
Druglike_1463,Druglike,NC(=O)NC1=CC(O)=CC=C1/C=C/CC1=NC=NN1,4/000000176,C12H13N5O2,259.0,0.27,4.45,-8.823,0.17042879578607098,0.6011438016007148,0.38578629869339287,2.914330994806569,2.33,3.58,-60.0,DRUGLIKE_LANAPDB
HighDiv_329,HighDiv,NC1=CC(C#CCC[C@@H](CO)[N+](=O)[O-])=CC(O)=C1,23/000000239,C12H14N2O4,250.0,1.24,4.64,-8.317,0.7282795158877396,0.043057444753945136,0.3856684803208424,3.749502798324146,4.21,17.8,-150.0,HIGHDIVERSITY_CONCAT
HighDiv_1821,HighDiv,OCC1=CC=CC(C2=CC=C(CC3=NON=C3)C=C2)=C1S,10/000000004,C16H14N2O2S,298.0,4.29,4.15,-9.621,-0.7103881306902498,1.481287897971707,0.38544988364072863,2.9073871261068227,3.63,18.9,-188.0,HIGHDIVERSITY_LANAPDB
Druglike_139,Druglike,CCC1=NC=C(/C=C/[C@@H]2C=C(CN)C=C(CO)N2)C=C1Br,13/000000115,C16H21N3OBr,351.0,1.13,4.68,-8.209,0.8457217727512493,-0.07605980137145289,0.3848309856898982,4.701665596175517,7.31,2.47,-170.0,DRUGLIKE_CONCAT
Druglike_430,Druglike,NC[C@@H](N)C1=NC(C/C=C/CC2=NC(N)=C3C=NNC3=N2)=CC=C1,21/000000022,C16H21N8,325.0,0.46,4.32,-9.166,-0.2112585390203346,0.9794513517952641,0.3840964063874648,4.273974670895999,4.05,21.2,-190.0,DRUGLIKE_CONCAT
HighDiv_617,HighDiv,NCC1=CC(=O)C=C(C2=CC=C(I)C(CN)=C2)C1=O,10/000000044,C14H13N2O2I,368.0,0.86,4.38,-9.006,-0.03509515372507148,0.8029813575354159,0.3839431019051722,3.1028841506251084,4.05,2.22,-160.0,HIGHDIVERSITY_CONCAT
Druglike_726,Druglike,OCC1=CC(CCOCC2=CC=CC3=C2C=NC=N3)=CC(O)=C1,28/000000024,C18H18N2O3,310.0,1.44,4.15,-9.616,-0.7103881306902498,1.475773210651086,0.3826925399804181,2.4769659497821,5.58,3.72,-80.0,DRUGLIKE_CONCAT
Druglike_1397,Druglike,C=C[C@H](C(=O)O)C1=C(OCN)C=CC(NC(N)=O)=C1,4/000000306,C12H15N3O4,265.0,-0.33,4.94,-7.512,1.609096442364063,-0.8448072138659161,0.3821446142490735,3.283980068742519,4.97,6.2,-150.0,DRUGLIKE_LANAPDB
HighDiv_1523,HighDiv,O=C1CNC2=C(C=CC=C2C(=O)NC2=C(Cl)C=C(Cl)C=N2)N1,18/000000002,C14H10N4O2Cl2,336.0,2.07,4.06,-9.853,-0.9746332086331483,1.7371693896484859,0.3812680905076688,2.582919883241349,6.46,3.58,-80.0,HIGHDIVERSITY_CRAFT
HighDiv_1684,HighDiv,C/C(=C\C(=C\C1=CC=C(C(=O)O)C=C1)C(=O)O)[N+](=O)[O-],16/000000007,C13H11NO6,277.0,2.16,4.51,-8.655,0.3465921810813341,0.41585030762787323,0.3812212443546037,2.817022036320319,6.5,3.58,-20.0,HIGHDIVERSITY_LANAPDB
HighDiv_614,HighDiv,C=CC(=O)C1=CC(N=O)=C(Br)C(CCC(=O)NO)=C1,12/000000699,C12H11N2O4Br,327.0,1.44,4.38,-9.001,-0.03509515372507148,0.7974666702147948,0.38118575824486167,3.1350679480494037,3.72,3.58,0.0,HIGHDIVERSITY_CONCAT
HighDiv_1224,HighDiv,NNCCC(=O)C1=CC(O)=C(O)C(C2=NN=CS2)=C1,3/000000106,C11H12N4O3S,280.0,1.08,4.87,-7.696,1.4035724928529205,-0.6418667204670906,0.38085288619291496,3.134951410868494,1.33,21.7,-120.0,HIGHDIVERSITY_CRAFT
HighDiv_888,HighDiv,CCC#C/C(=C\CCCC1=CC(C(=O)O)=CC(O)=C1)CCC,3/000000152,C19H24O3,300.0,4.07,4.19,-9.506,-0.5929458738267401,1.354450089597441,0.3807521078853504,2.9879685022056712,3.09,6.72,-140.0,HIGHDIVERSITY_CONCAT
HighDiv_2181,HighDiv,C=CCCNC1=NC(C2=C(Br)C(NC(N)=O)=CC=C2O)=CS1,12/000000027,C14H15N4O2SBr,383.0,2.05,4.19,-9.506,-0.5929458738267401,1.354450089597441,0.3807521078853504,2.8912315539080673,3.06,3.58,-140.0,HIGHDIVERSITY_MAYBRIDGE
Druglike_1278,Druglike,NCC1=C(C#CC[C@@H]2NC(=O)C3=CC(O)=CC=C32)NC=C1,3/000000006,C16H15N3O2,281.0,1.19,4.13,-9.664,-0.7691092591220059,1.5287142089290404,0.37980247490351726,3.8453582298130673,5.36,6.45,-190.0,DRUGLIKE_CRAFT
HighDiv_344,HighDiv,C=CCNC(=O)COC1=C(Br)C(ON)=CC(C(=O)O)=C1,12/000001396,C12H13N2O5Br,345.0,0.67,4.62,-8.359,0.6695583874559862,0.08938081824715505,0.3794696028515706,2.6050414364170784,4.51,19.5,0.0,HIGHDIVERSITY_CONCAT
Druglike_1086,Druglike,NCC1=CC(C(=O)C2=NC=C(/C=C/C3=CC=C(I)C(Cl)=C3)C=N2)=CN1,12/000000089,C18H15N4OClI,465.0,3.12,4.86,-7.72,1.3742119286370438,-0.6153962213281133,0.3794078536544652,3.48830454061868,4.5,3.58,0.0,DRUGLIKE_CRAFT
Druglike_1522,Druglike,CC(=O)CC1=CC=C(C#CCC(=O)O)C2=C1N=CN2,12/000000042,C14H12N2O3,256.0,1.1,4.26,-9.315,-0.3874219243156003,1.1437890339497465,0.3781835548170731,3.114589727269075,6.39,19.5,-60.0,DRUGLIKE_LANAPDB
HighDiv_1258,HighDiv,O=C(C#C[C@@H](O)C1=C(N[SH](=O)=O)C=CC=C1O)C1=CC=CO1,30/000000017,C14H11NO6S,321.0,-0.2,4.65,-8.276,0.757640080103619,-0.0021629912751413376,0.3777385444142389,4.130674095193127,6.96,3.58,-150.0,HIGHDIVERSITY_CRAFT
HighDiv_2092,HighDiv,NC(=O)NC1=CC=C(O)C(C2=NNC(=S)N2)=C1Br,12/000000010,C9H8N5O2SBr,330.0,1.64,4.39,-8.968,-0.0057345895091947315,0.7610697338987017,0.3776675721947535,3.2517231182996076,0.21,21.1,-140.0,HIGHDIVERSITY_MAYBRIDGE
HighDiv_455,HighDiv,NCC1=C(Br)C(N=O)=CC(C(=O)[C@H]2CNC=N2)=C1,12/000000210,C11H12N4O2Br,312.0,0.38,4.52,-8.62,0.37595274529721084,0.37724749638353133,0.3766001208403711,4.879050496911273,4.36,2.48,-150.0,HIGHDIVERSITY_CONCAT
Druglike_1845,Druglike,CC#CC1=C(COC(=O)C2=CN=C(C(=O)O)N2)C=CN=C1O,5/000000010,C14H11N3O5,301.0,1.21,4.33,-9.124,-0.18189797480445782,0.9331279783020542,0.3756150017487982,3.3020946056104643,2.14,3.7,-20.0,DRUGLIKE_MAYBRIDGE
Druglike_722,Druglike,CC1=C(C(=O)OCC2=CC=C3OCC(=O)NC3=C2)OC(CN)=N1,30/000000015,C15H15N3O5,317.0,-0.18,4.15,-9.602,-0.7103881306902498,1.46033208615335,0.3749719777315501,2.7227118439797504,-0.12,2.47,-120.0,DRUGLIKE_CONCAT
Druglike_224,Druglike,CC[C@@H](/C=C/C1=CN=C(CO)C(Br)=C1)C1=NOC(=O)N1,13/000000087,C13H14N3O3Br,340.0,1.75,4.53,-8.59,0.4053133095130902,0.34415937245981054,0.37473634098645037,4.051746613563543,8.21,2.35,-170.0,DRUGLIKE_CONCAT
Druglike_150,Druglike,NCCCC1=NC(C[C@@H](CCl)C2=CCC(CN)=CO2)=CC=C1O,12/000000019,C17H24N3O2Cl,337.0,0.66,4.65,-8.27,0.757640080103619,-0.008780616059885891,0.3744297320218666,4.175385329100292,8.19,7.96,-150.0,DRUGLIKE_CONCAT
HighDiv_277,HighDiv,CCCCCCCC1=CC(O)=CC(N2CCNC2=O)=C1,28/000000367,C16H24N2O2,276.0,2.71,4.7,-8.136,0.9044429011830054,-0.15657423625250902,0.3739343324652482,2.3089878601687666,2.2,15.0,-140.0,HIGHDIVERSITY_CONCAT
HighDiv_1649,HighDiv,[O-][S@@+](C1=CC=C2C(CCl)=NCCC2=C1)C1=CC(O)=C(I)C=C1O,12/000000120,C16H13NO3SClI,461.0,2.58,4.69,-8.161,0.8750823369671286,-0.12900079964940736,0.3730407686588606,3.919449093893192,4.23,20.8,-80.0,HIGHDIVERSITY_LANAPDB
HighDiv_1348,HighDiv,C=CC1=CC=C(C2=C(O)C(O)=CN=C2)C=C1C=C,1/000000065,C15H13NO2,239.0,2.93,4.38,-8.986,-0.03509515372507148,0.7809226082529354,0.37291372726393196,2.964155118299608,5.0,12.6,-160.0,HIGHDIVERSITY_CRAFT
Druglike_1843,Druglike,O=C(O)COC(=O)C#CC1=CC(C(=O)CF)=CC(O)=C1,1/000000034,C13H9O6F,280.0,1.53,4.33,-9.119,-0.18189797480445782,0.9276132909814331,0.37285765808848764,3.0262055389811806,2.88,3.58,-20.0,DRUGLIKE_MAYBRIDGE
HighDiv_264,HighDiv,O=C(O)CC1=NNC(C2=NC(/C=C/CCl)=CC=C2I)=N1,4/000000212,C12H10N4O2ClI,404.0,2.7,4.71,-8.107,0.9338034653988821,-0.18855942271210638,0.3726220213433879,3.3847160701167134,4.78,21.9,-120.0,HIGHDIVERSITY_CONCAT
HighDiv_1717,HighDiv,O=NC1=CC(/C=C(/C=C/[N+](=O)[O-])C(=O)O)=CC=C1C(=O)O,16/000000028,C12H8N2O7,292.0,1.15,4.41,-8.905,0.052986538922561374,0.6915846736588859,0.3722856062907236,3.3626900490035982,6.29,3.85,-30.0,HIGHDIVERSITY_LANAPDB
Druglike_365,Druglike,O=C(O)C1=CNC(CC2=CC=C(CO)C=C2C(=O)O)=C1,6/000000025,C14H13NO5,275.0,0.92,4.38,-8.983,-0.03509515372507148,0.777613795860563,0.3712593210677458,2.5260920191676615,2.16,2.35,-60.0,DRUGLIKE_CONCAT
Druglike_1141,Druglike,CC/C=C/CCC1=NC(CO)=C(C2=NNC(=O)C=C2)O1,15/000000269,C14H17N3O3,275.0,0.92,4.62,-8.343,0.6695583874559862,0.07173381882117022,0.3706461031385782,3.1954259168489276,3.0,23.8,-140.0,DRUGLIKE_CRAFT
HighDiv_1674,HighDiv,[O-][S@@+](C1=CC=C(Br)C=C1)C1=CC(O)=C(I)C=C1O,12/000000257,C12H8O3SBrI,439.0,3.24,4.55,-8.529,0.46403443794484367,0.27688018714824353,0.37045731254654357,3.3629549176334077,4.47,15.0,0.0,HIGHDIVERSITY_LANAPDB
Druglike_1827,Druglike,NCC1=C(C(=O)CCCCC2=NOC(=O)N2)C=C(C(=O)O)N1,5/000000129,C13H16N4O5,308.0,-0.28,4.37,-9.005,-0.06445571794094823,0.8018784200712924,0.36871135106517205,3.3966592966571234,7.26,3.7,0.0,DRUGLIKE_MAYBRIDGE
HighDiv_1714,HighDiv,O=C(O)C1=C(CO)C=CC(Cl)=C1CCC1=CC(O)=C(O)C(F)=C1,11/000000017,C16H13O5FCl,339.0,2.28,4.43,-8.845,0.11170766735431488,0.6254084258114442,0.36855804658287955,2.620614462800136,7.67,3.7,0.0,HIGHDIVERSITY_LANAPDB
Druglike_360,Druglike,O=C(O)CCC/C=C\CCCC1=CC(O)=CC(C2=NNN=C2)=C1,28/000000441,C17H21N3O3,315.0,3.84,4.39,-8.951,-0.0057345895091947315,0.7423197970085934,0.36829260374969935,2.737333479267539,-0.35,22.4,-140.0,DRUGLIKE_CONCAT
HighDiv_1431,HighDiv,C=C[C@H](NC(=O)C#CC1=C(O)C(O)=C(CC)N=C1)C1=CC=NO1,1/000000498,C16H15N3O4,313.0,1.51,4.22,-9.402,-0.5048641811791099,1.2397445933285387,0.3674402060747144,4.230345007354731,2.54,25.0,-170.0,HIGHDIVERSITY_CRAFT
Druglike_1488,Druglike,OC/C=C(/C1=NNN=C1)C1=CC=C(C2=CC(Cl)=CC=C2O)O1,29/000000054,C15H12N3O3Cl,317.0,3.59,4.35,-9.054,-0.12317684637270433,0.8559223558133703,0.366372754720333,3.022433247296645,4.87,24.3,-120.0,DRUGLIKE_LANAPDB
Druglike_1764,Druglike,C=CCC1=C(C(=O)O)C=C([C@H](C(=O)O)C2=CN=CN2)N1,19/000000002,C13H13N3O4,275.0,0.08,4.57,-8.467,0.5227555663765998,0.20849806437255308,0.3656268153745764,3.8743108942828233,5.95,3.58,-150.0,DRUGLIKE_MAYBRIDGE
HighDiv_2002,HighDiv,C#CC(=O)OC[C@H](Cl)/C=C/C1=C(I)N=CC(O)=C1S,30/000000148,C12H9NO3SClI,409.0,3.14,4.73,-8.041,0.9925245938306382,-0.2613532953442925,0.3655856492431728,4.628085951095459,6.92,5.09,-150.0,HIGHDIVERSITY_MAYBRIDGE
HighDiv_2242,HighDiv,C=C(NCC1=NN=C(C2=CC=C(CN)C=C2)O1)C1=NOCN1,26/000000004,C14H17N6O2,301.0,2.71,4.12,-9.66,-0.7984698233378826,1.5243024590725447,0.36291631786733103,3.7690077321867577,1.64,24.6,-120.0,HIGHDIVERSITY_MAYBRIDGE
Druglike_352,Druglike,CC[C@@H](O)C/C=C/CCC1=CC=C(C(=O)C2=NC(=O)ON2)N1,23/000000120,C15H19N3O4,305.0,0.91,4.39,-8.941,-0.0057345895091947315,0.7312904223673531,0.3627779164290792,3.905289207262443,7.05,3.58,-170.0,DRUGLIKE_CONCAT
Druglike_276,Druglike,CC[C@@H](CBr)C1=NNC(/C=C/C2=CC(O)=CC=C2I)=C1,28/000000319,C15H16N2OBrI,447.0,5.41,4.47,-8.727,0.22914992421782449,0.49526180504480594,0.3622058646313152,3.8711012838932137,5.4,5.09,-170.0,DRUGLIKE_CONCAT
Druglike_229,Druglike,C=C(C)CCCCC1=CC(O)=CC(C2=NNN=C2)=C1,28/000000151,C15H19N3O,257.0,4.01,4.53,-8.567,0.4053133095130902,0.3187918107849577,0.362052560149024,2.7205745845501585,1.1,17.8,-140.0,DRUGLIKE_CONCAT
Druglike_1440,Druglike,C/C=C/C1=CC(C2=CN=C(CCCCCCC)N2)=C(CN)N1,4/000000201,C18H28N4,300.0,2.88,4.61,-8.354,0.6401978232401094,0.08386613092653393,0.3620319770833217,3.1479409396043394,3.08,21.5,-200.0,DRUGLIKE_LANAPDB
HighDiv_1298,HighDiv,CC(=O)C1=CC(O)=C(O)C(C2=NON=C2)=C1,3/000000085,C10H8N2O4,220.0,2.0,4.53,-8.564,0.4053133095130902,0.3154829983925854,0.3603981539528378,3.106848125697981,1.12,17.0,-140.0,HIGHDIVERSITY_CRAFT
HighDiv_401,HighDiv,C=CCC#CCC1=C(Br)C(ON)=CC(C(=O)O)=C1,12/000001315,C13H12NO3Br,310.0,2.11,4.56,-8.484,0.49339500216072046,0.22724800126266134,0.3603215017116909,3.3729419566041603,7.18,2.48,0.0,HIGHDIVERSITY_CONCAT
HighDiv_1296,HighDiv,O=N[C@H](C#CCN1CCCC1)C1=C(OP(=O)(O)O)C=CC=C1O,30/000000012,C14H17N2O6P,340.0,0.02,4.53,-8.563,0.4053133095130902,0.314380060928462,0.3598466852207761,3.727638757354731,6.6,24.6,-150.0,HIGHDIVERSITY_CRAFT
Druglike_145,Druglike,NCCC1=NC=C(/C=C/[C@H]2NC(=O)C=C2CF)C=C1Br,13/000000120,C14H16N3OFBr,341.0,0.82,4.67,-8.19,0.8163612085353725,-0.09701561318980999,0.35967279767278126,4.696861174003104,6.6,3.85,-150.0,DRUGLIKE_CONCAT
Druglike_271,Druglike,O=C(O)C1=C[C@@H](/C=C/C2=CN=CC(Br)=C2)NC(CO)=C1,13/000000092,C14H13N2O3Br,337.0,1.06,4.47,-8.72,0.22914992421782449,0.4875412427959379,0.35834558350688117,4.05236969048662,5.29,2.48,-150.0,DRUGLIKE_CONCAT
HighDiv_1394,HighDiv,C=C(CNC(=O)C#CC1=C(O)C(O)=CN=C1)[C@H]1CC=CS1,1/000000235,C15H14N2O3S,302.0,1.16,4.29,-9.199,-0.2993402316679674,1.015848288111357,0.35825402822169483,4.419783718730928,3.43,22.7,-150.0,HIGHDIVERSITY_CRAFT
Druglike_1614,Druglike,C/C(=C\C1=CC(C(=O)O)=C(O)C=C1)C[C@H]1C=CCCC1,13/000000007,C17H20O3,272.0,3.03,4.13,-9.619,-0.7691092591220059,1.4790820230434583,0.3549863819607262,3.1699172179591475,5.97,5.09,-170.0,DRUGLIKE_LANAPDB
HighDiv_2108,HighDiv,NOC1=C(F)C=C(CCS(=O)(=O)CC(=O)O)C=C1C1=CNC=N1,27/000000162,C13H14N3O5SF,343.0,-0.09,4.35,-9.033,-0.12317684637270433,0.8327606690667644,0.35479191134703003,3.331559553193614,5.82,3.7,-120.0,HIGHDIVERSITY_MAYBRIDGE
Druglike_1111,Druglike,NCC1=C(C2=CC(Br)=CC=C2O)CN(CCN2C=NN=N2)C1=O,6/000000014,C14H16N6O2Br,380.0,-0.31,4.77,-7.914,1.1099668506941451,-0.40142635328804765,0.35427024870304874,3.4944815481217635,5.7,3.58,-160.0,DRUGLIKE_CRAFT
HighDiv_454,HighDiv,C=CCNCNCC1=C(Br)C(N=O)=CC(C(=O)C/C=C\C)=C1,12/000000420,C16H20N3O2Br,366.0,2.83,4.52,-8.578,0.37595274529721084,0.3309241228903214,0.35343843409376613,3.610064845206934,3.91,5.09,-80.0,HIGHDIVERSITY_CONCAT
HighDiv_2042,HighDiv,N[C@H]1NCCN1CC(=O)CC1=C(O)C2=C(C=C1)C(CO)=CC2,8/000000001,C16H19N3O3,301.0,0.52,4.54,-8.522,0.43467387372896693,0.2691596248993755,0.3519167493141712,3.934993673763683,4.78,19.7,-40.0,HIGHDIVERSITY_MAYBRIDGE
HighDiv_2048,HighDiv,C[C@H](F)C1=C(/C=C(\CO)C2=CC=CC=C2)N=C(S)NC1=O,20/000000001,C15H15N2O2SF,306.0,1.6,4.52,-8.575,0.37595274529721084,0.3276153104979491,0.35178402789758,3.7654734818024567,7.06,22.3,-170.0,HIGHDIVERSITY_MAYBRIDGE
HighDiv_2219,HighDiv,C=C(NCC1=NN=C(C2=CC=C(CN)C=C2)O1)C1=NNC=C1,26/000000013,C15H17N6O,297.0,2.91,4.15,-9.559,-0.7103881306902498,1.4129057751960146,0.3512588222528824,3.4846423475713735,2.71,25.0,-120.0,HIGHDIVERSITY_MAYBRIDGE
HighDiv_2119,HighDiv,O=C(NC[C@H](O)C1=CC(C(=O)O)=C(F)C=C1)C1=COC=C1,22/000000003,C14H12NO5F,293.0,0.91,4.32,-9.106,-0.2112585390203346,0.9132751039478205,0.35100828246374294,2.70673687702792,1.15,3.58,-150.0,HIGHDIVERSITY_MAYBRIDGE
Druglike_818,Druglike,CCC1=NC=C(C(=O)[C@@H](O)C#CC2=NON=C2C(N)=O)C=C1,18/000000083,C14H12N4O4,300.0,0.19,4.1,-9.69,-0.8571909517696387,1.5573905829962655,0.35009981561331344,3.7499298328980455,6.27,3.58,-170.0,DRUGLIKE_CONCAT
HighDiv_1677,HighDiv,CC1=CC=C(C2=C(S)C(CO)=CC=C2C(=O)O)C=C1,10/000000006,C15H14O3S,274.0,3.37,4.53,-8.545,0.4053133095130902,0.29452718657422833,0.3499202480436593,2.3034072275481865,5.26,14.1,-180.0,HIGHDIVERSITY_LANAPDB
Druglike_144,Druglike,CO[C@H](/C=C/C(=O)C1=NN=C(COC2=CC(CO)=NC(Cl)=C2)N1)CN,23/000000096,C15H19N5O4Cl,368.0,0.69,4.67,-8.172,0.8163612085353725,-0.1168684875440417,0.34974636049566543,4.3362899114916065,4.22,3.58,-190.0,DRUGLIKE_CONCAT
HighDiv_1698,HighDiv,[O-][S@@+](C1=CC=C(O)C(Cl)=C1)C1=C(O)C=C(I)C(O)=C1,12/000000062,C12H8O4SClI,410.0,2.66,4.47,-8.704,0.22914992421782449,0.4698942433699531,0.3495220837938888,3.5207764488330167,3.0,16.2,0.0,HIGHDIVERSITY_LANAPDB
HighDiv_2004,HighDiv,NOC1=C(F)C=C(C[N+](=O)[O-])C=C1C1=CNC=N1,27/000000442,C10H9N4O3F,252.0,0.45,4.71,-8.064,0.9338034653988821,-0.23598573366943973,0.3489088658647212,3.566332656761146,3.22,2.48,-120.0,HIGHDIVERSITY_MAYBRIDGE
HighDiv_327,HighDiv,NCC1=C(CC(=O)O)OC(C2=C(F)C=C(S)C=C2Br)=C1,20/000000021,C13H11NO3SFBr,360.0,2.48,4.64,-8.249,0.7282795158877396,-0.03194230280648987,0.34816860654062487,3.334000410776053,5.25,2.35,-120.0,HIGHDIVERSITY_CONCAT
HighDiv_529,HighDiv,CCC(=O)C1=CC=C(I)C(C2=NC(CC(=O)O)=NN2)=N1,4/000000059,C12H11N4O3I,386.0,1.73,4.45,-8.754,0.17042879578607098,0.5250411165761545,0.3477349561811127,3.0645613897970323,5.5,21.4,-140.0,HIGHDIVERSITY_CONCAT
Druglike_1564,Druglike,O=C(O)C1=CNC(CCC2=CC=CC3=C2C=NO3)=C1C(=O)O,6/000000129,C15H12N2O5,300.0,1.9,4.19,-9.446,-0.5929458738267401,1.2882738417499975,0.3476639839616287,2.9001129353505295,7.18,3.7,-40.0,DRUGLIKE_LANAPDB
HighDiv_616,HighDiv,O=C(/C=C/C1=NN=C([C@H](S)/C=C/C2=NC(CCl)=NN2)N1)NO,8/000000020,C11H12N7O2SCl,341.0,1.49,4.38,-8.94,-0.03509515372507148,0.7301874849032277,0.34754616558907814,4.617865882200409,-0.14,5.09,-190.0,HIGHDIVERSITY_CONCAT
Druglike_206,Druglike,C/C=C/CC(=O)NC1=CC(C2=NNN=C2)=CC(O)=C1,28/000000157,C13H14N4O2,258.0,2.61,4.57,-8.434,0.5227555663765998,0.17210112805645802,0.34742834721652893,2.864366892242465,3.89,20.2,-140.0,DRUGLIKE_CONCAT
HighDiv_191,HighDiv,C/C=C/C(=O)C1=CC(N=O)=C(Br)C([C@@H](O)C(=O)O)=C1,12/000000913,C12H10NO5Br,328.0,1.24,4.81,-7.795,1.2274091075576548,-0.5326759115188094,0.34736659801942266,3.6838237067515687,4.48,3.58,-170.0,HIGHDIVERSITY_CONCAT
Druglike_1151,Druglike,O=C(O)C[C@H](C#CC1=C(Cl)C(O)=CC=C1)C1=CC(=O)CO1,1/000000001,C15H10O5Cl,305.0,1.45,4.56,-8.46,0.49339500216072046,0.2007775021236851,0.3470862521422028,3.880076664826328,6.32,21.7,-150.0,DRUGLIKE_CRAFT
Druglike_177,Druglike,NCC1=C(C2=NN=C(CO)O2)N=C(C/C=C/C(=O)O)C=C1,21/000000201,C13H14N4O4,290.0,0.17,4.61,-8.325,0.6401978232401094,0.051880944466936564,0.346039383853523,3.08523579774638,5.98,22.4,-120.0,DRUGLIKE_CONCAT
HighDiv_293,HighDiv,O=NC(=O)C1=CC=C(Br)C([C@@H](S)C/C=C/CC2=NC(Cl)=CN2)=C1,12/000000042,C15H13N3O2SClBr,414.0,4.13,4.68,-8.138,0.8457217727512493,-0.15436836132426018,0.3456767057134945,4.234726016970116,4.44,5.39,-150.0,HIGHDIVERSITY_CONCAT
Druglike_1833,Druglike,C=CCC1=C(CO)NC(C2=CC=C(CC)C=C2)=CC1=O,15/000000129,C17H19NO2,269.0,2.64,4.36,-8.989,-0.09381628215682498,0.7842314206453076,0.3452075692442413,2.6554168942925376,3.97,5.09,-180.0,DRUGLIKE_MAYBRIDGE
Druglike_1462,Druglike,NCC1=CC(NC(N)=O)=CC(/C=C/CNC[C@@H]2CCCNC2)=C1,4/000000269,C17H27N5O,317.0,-0.01,4.46,-8.722,0.19978936000194772,0.48974711772418483,0.3447682388630663,3.215400885851234,5.53,6.77,-150.0,DRUGLIKE_LANAPDB
Druglike_742,Druglike,O=C(O)[C@H](CC1=NC(/C=C/CCl)=C(O)C=C1)C1=CCC=CO1,12/000000020,C16H16NO4Cl,321.0,1.87,4.14,-9.573,-0.7397486949061292,1.4283468996937525,0.3442991023938117,4.142563152671873,6.41,6.45,-150.0,DRUGLIKE_CONCAT
HighDiv_68,HighDiv,CSC/C=C/C1=C(O)C=C(I)C(C2=NC(CC(=O)O)=NN2)=N1,4/000000245,C13H13N4O3SI,432.0,2.56,5.06,-7.123,1.9614232129545892,-1.273849887410171,0.34378666277220915,3.7071695110329106,4.46,24.5,-160.0,HIGHDIVERSITY_CONCAT
HighDiv_1983,HighDiv,CC(=O)CC(=O)O[C@@H](C(=O)O)C1=CC=C(I)C(O)=C1,22/000000019,C12H11O6I,378.0,1.33,4.87,-7.627,1.4035724928529205,-0.71796940549165,0.34280154368063526,3.112190783674645,2.3,4.69,-170.0,HIGHDIVERSITY_MAYBRIDGE
HighDiv_1316,HighDiv,NC(=O)CC(=O)C1=CC(O)=CC(C2=CC(N)=CC(Cl)=C2)=C1,3/000000062,C15H13N2O3Cl,304.0,1.67,4.46,-8.717,0.19978936000194772,0.4842324304035657,0.3420108952027567,2.4870436204321695,3.71,4.94,-180.0,HIGHDIVERSITY_CRAFT
Druglike_1862,Druglike,NCC1=CC(=O)C=C(C2=CC(NC(N)=O)=CC=C2)N1,15/000000161,C13H14N4O2,258.0,-0.11,4.31,-9.116,-0.24061910323621394,0.9243044785890607,0.3418426876764234,2.489932252668204,2.75,2.22,-160.0,DRUGLIKE_MAYBRIDGE
HighDiv_1295,HighDiv,C=CC1=CC=C(C2=C(O)C(O)=CN=C2)C=C1CO,1/000000248,C14H13NO3,243.0,1.6,4.54,-8.499,0.43467387372896693,0.2437920632245227,0.33923296847674483,2.8242065029149916,4.45,12.2,-160.0,HIGHDIVERSITY_CRAFT
HighDiv_274,HighDiv,O=NC(=O)C1=CC(CONC(=O)CCCl)=C(Br)C(CO)=C1,12/000000037,C12H12N2O5ClBr,379.0,1.72,4.7,-8.072,0.9044429011830054,-0.2271622339564483,0.33864033361327855,3.1472233775171894,6.43,21.8,-30.0,HIGHDIVERSITY_CONCAT
HighDiv_1710,HighDiv,COC1=CC(/C=C(/C=C/[N+](=O)[O-])C(=O)O)=CC=C1C(=O)O,16/000000025,C13H11NO7,293.0,1.52,4.43,-8.79,0.11170766735431488,0.5647468652846198,0.33822726631946737,2.851655708344257,6.56,2.22,-50.0,HIGHDIVERSITY_LANAPDB
HighDiv_1825,HighDiv,NC1=NC2=CC=C([C@H](N)C(=O)C3=C(Br)C(O)=C(F)C=C3)C=C2O1,24/000000003,C15H11N3O3FBr,380.0,1.75,4.15,-9.535,-0.7103881306902498,1.3864352760570384,0.33802357268339434,3.3711329537833015,5.95,21.3,-190.0,HIGHDIVERSITY_LANAPDB
Druglike_328,Druglike,OC1=CC(C2=NNN=C2)=CC(CCC2=CN=CN=C2)=C1,28/000000257,C14H13N5O,267.0,2.24,4.41,-8.841,0.052986538922561374,0.6209966759549466,0.33699160743875395,2.707800280397956,1.62,17.8,-120.0,DRUGLIKE_CONCAT
Druglike_1801,Druglike,CC/C(N)=C/C1=CC(C2=CC(O)=CC(C(=O)OCC(=O)O)=C2)=CO1,1/000000098,C17H17NO6,331.0,1.75,4.44,-8.761,0.14106823157019424,0.5327616788250225,0.33691495519760833,2.9945488879061024,3.15,3.58,-160.0,DRUGLIKE_MAYBRIDGE
Druglike_1139,Druglike,O=C(O)/C(=C/CC1=CC(O)=NO1)C1=CC[C@@H](CO)O1,4/000000054,C12H12NO6,266.0,0.2,4.62,-8.28,0.6695583874559862,0.002248758581354378,0.3359035730186703,4.3059804614685495,8.05,3.72,-150.0,DRUGLIKE_CRAFT
Druglike_459,Druglike,OC[C@H](CC1=CC=C(O)C(/C=C/CCl)=N1)C1=CCC=CO1,12/000000007,C16H18NO3Cl,307.0,1.86,4.29,-9.156,-0.2993402316679674,0.9684219771540238,0.3345408727430282,4.249061306736143,6.35,6.58,-150.0,DRUGLIKE_CONCAT
Druglike_1128,Druglike,NCC1=C(C/C=C(/CF)C2=CC[C@@H](CO)O2)ON=C1O,4/000000035,C13H18N2O4F,285.0,0.39,4.68,-8.117,0.8457217727512493,-0.17753004807086414,0.33409586234019256,5.0751702399371705,7.28,4.94,-150.0,DRUGLIKE_CRAFT
HighDiv_188,HighDiv,O=NC1=CC(C(=O)[C@@H](Cl)CO)=CC(S)=C1Br,12/000000947,C9H7NO3SClBr,324.0,1.98,4.81,-7.77,1.2274091075576548,-0.5602493481219111,0.33357987971787184,4.184080117696262,2.93,2.35,-170.0,HIGHDIVERSITY_CONCAT
HighDiv_594,HighDiv,O=C(/C=C\C1=NN=C(S)O1)CC1=C(CO)N=C(C(=O)O)O1,3/000000023,C11H9N3O6S,311.0,-0.04,4.4,-8.86,0.023625974706684625,0.6419524877733036,0.3327892312399941,3.7335261138008704,5.68,5.21,0.0,HIGHDIVERSITY_CONCAT
HighDiv_363,HighDiv,CCCCCCCCC1=CC(O)=CC(N2CCNC2=O)=C1,28/000000487,C17H26N2O2,290.0,3.07,4.6,-8.327,0.61083725902423,0.0540868193951854,0.33246203920970774,2.309277466586016,2.96,15.6,-140.0,HIGHDIVERSITY_CONCAT
HighDiv_2038,HighDiv,C=CCOC1=CC(F)=C(ON)C(C2=CN(C(=O)O)C=N2)=C1,27/000000437,C13H12N3O4F,293.0,0.67,4.55,-8.46,0.46403443794484367,0.2007775021236851,0.33240597003426436,3.1438494559759356,2.43,22.4,-120.0,HIGHDIVERSITY_MAYBRIDGE
HighDiv_1993,HighDiv,CCCCCCC1=C([N+](=O)[O-])N=C(C(=O)NN)N1,21/000000005,C10H17N5O3,255.0,0.68,4.77,-7.874,1.1099668506941451,-0.4455438518530097,0.3322114994205677,2.900898314531947,1.09,21.6,-80.0,HIGHDIVERSITY_MAYBRIDGE
HighDiv_1986,HighDiv,NCCN[C@@H](/C=C/C1=C(O)C(F)=CC(F)=C1)CO,1/000000102,C12H17N2O2F2,259.0,0.67,4.83,-7.713,1.286130235989411,-0.6231167835769814,0.33150672620621474,4.423290553426187,2.75,2.22,-150.0,HIGHDIVERSITY_MAYBRIDGE
Druglike_1444,Druglike,C/C=C\C(=O)C1=NC=C(C2=C(CO)NC(CNC)=C2)N1,4/000000334,C14H19N4O2,275.0,-0.19,4.59,-8.35,0.5814766948083533,0.07945438107003822,0.33046553793919575,4.235129531655174,4.5,23.4,-200.0,DRUGLIKE_LANAPDB
HighDiv_257,HighDiv,CCC(=O)C1=CC(N=O)=C(Br)C([C@@H](O)C(=O)O)=C1,12/000000919,C11H10NO5Br,316.0,0.89,4.72,-8.003,0.9631640296147589,-0.3032649189810067,0.3299495553168761,3.4939898553400788,4.35,3.58,-170.0,HIGHDIVERSITY_CONCAT
HighDiv_2028,HighDiv,CC(=O)OCC1=CC(F)=C(ON)C(C2=CNC(C=S)=N2)=C1,27/000000284,C13H12N3O3SF,309.0,0.81,4.61,-8.293,0.6401978232401094,0.016586945614966923,0.32839238442753815,3.5152605965594903,2.94,3.72,-160.0,HIGHDIVERSITY_MAYBRIDGE
HighDiv_684,HighDiv,NCC1=CC(=O)C=C(C2=CC=C(CO)C=C2)C1=O,10/000000097,C14H13NO3,243.0,-0.14,4.32,-9.064,-0.2112585390203346,0.8669517304546106,0.32784659571713803,2.597154502914993,3.26,2.22,-160.0,HIGHDIVERSITY_CONCAT
Druglike_510,Druglike,N[C@@H](CO)CCC#CC1=CC2=C(C=C1)CC(C(=O)O)=C2,26/000000143,C16H17NO3,271.0,1.19,4.26,-9.222,-0.3874219243156003,1.04121584978621,0.3268969627353049,3.482227108069038,7.26,18.6,-190.0,DRUGLIKE_CONCAT
HighDiv_313,HighDiv,CC/C=C/[C@@H](C#CC1=CC(O)=CC=C1)CCO,23/000000141,C15H18O2,230.0,2.94,4.66,-8.151,0.7870006443194958,-0.14003017429064762,0.32348523501442406,3.565642729682992,3.09,14.0,-170.0,HIGHDIVERSITY_CONCAT
HighDiv_1343,HighDiv,C#CCC1=NNC(N)=C1C#C[C@@H](O)C1=CC=CC=C1O,30/000000019,C15H13N3O2,267.0,1.63,4.39,-8.869,-0.0057345895091947315,0.6518789249504204,0.32307216772061287,3.8258391959811258,6.14,23.0,-150.0,HIGHDIVERSITY_CRAFT
Druglike_1303,Druglike,CNCCN1N=C(/C=C2\C=CC3=C2C=CC(CN)=C3)CC1=O,17/000000031,C17H21N4O,297.0,0.71,4.09,-9.667,-0.8865515159855155,1.5320230213214128,0.3227357526679486,3.8859013791647783,5.25,21.2,-60.0,DRUGLIKE_CRAFT
Druglike_296,Druglike,NC/C=C\CCCC1=CC(O)=CC(C2=NNN=C2)=C1,28/000000457,C14H18N4O,258.0,3.01,4.45,-8.708,0.17042879578607098,0.47430599322644884,0.3223673945062599,2.9210385938741688,1.36,18.6,-120.0,DRUGLIKE_CONCAT
HighDiv_457,HighDiv,N[C@@H](O)COCCCC1=CC(C(=O)N=O)=CC(N=O)=C1Br,12/000000024,C12H14N3O5Br,360.0,0.83,4.51,-8.548,0.3465921810813341,0.2978359989666006,0.3222140900239674,3.8357661245499095,6.14,22.1,-180.0,HIGHDIVERSITY_CONCAT
Druglike_1226,Druglike,C#CCC1=NC(CO)=C(C2=NNC(=O)C(C)=C2)O1,15/000000106,C12H11N3O3,245.0,-0.02,4.3,-9.107,-0.2699796674520907,0.9143780414119439,0.3221991869799266,3.478752964453453,3.26,24.4,-140.0,DRUGLIKE_CRAFT
HighDiv_157,HighDiv,CONC/C=C/[C@@H](C#CC1=CC=C(S)C(O)=C1)CCO,23/000000170,C15H19NO3S,293.0,2.89,4.86,-7.615,1.3742119286370438,-0.7312046550611382,0.3215036367879528,4.2512647454316745,4.81,19.1,-170.0,HIGHDIVERSITY_CONCAT
HighDiv_420,HighDiv,O=C1NN=C([C@@H](C#CC2=CC(O)=CC(O)=C2)CO)N1,23/000000092,C12H11N3O4,261.0,0.53,4.55,-8.439,0.46403443794484367,0.17761581537707916,0.3208251266609614,3.9226405485512785,3.65,19.9,-150.0,HIGHDIVERSITY_CONCAT
Druglike_1161,Druglike,C[C@H](O)C1=NNC(C(=O)C2=CC=C(I)C(I)=C2)=N1,10/000000026,C11H9N3O2I2,469.0,3.68,4.53,-8.492,0.4053133095130902,0.2360715009756547,0.3206924052443725,3.618492751228384,7.73,2.22,-170.0,DRUGLIKE_CRAFT
Druglike_1394,Druglike,NC(=O)NC1=CC=CC([C@H](CCl)C(=O)O)=C1,4/000000319,C10H11N2O3Cl,242.0,0.38,4.99,-7.267,1.7558992634434494,-1.1150268925763076,0.3204361854335709,2.6929842832981024,6.06,4.81,-150.0,DRUGLIKE_LANAPDB
Druglike_1400,Druglike,NC(=O)NC1=CC(CC(=O)O)=C(/C=C/CO)C=C1,4/000000293,C12H14N2O4,250.0,-0.38,4.93,-7.426,1.5797358781481836,-0.9396598357805838,0.3200380211837999,2.4521077336842225,2.43,5.09,0.0,DRUGLIKE_LANAPDB
Druglike_316,Druglike,N[C@@H](C#CC1=CC2=C(C=C1O)OCN2)CCNC(=O)CCF,21/000000220,C15H19N3O3F,308.0,1.31,4.43,-8.756,0.11170766735431488,0.5272469915044032,0.3194773294293591,4.348926676245073,1.41,22.5,-190.0,DRUGLIKE_CONCAT
Druglike_240,Druglike,O=C(O)C1=CN=C(O)N=C1CCCC1=C(Cl)N=CN1,29/000000047,C11H11N4O3Cl,282.0,0.93,4.51,-8.543,0.3465921810813341,0.2923213116459795,0.31945674636365684,3.3107113528133407,5.87,3.85,0.0,DRUGLIKE_CONCAT
Druglike_234,Druglike,OC1=C(C#C[C@@H](CF)CCCCl)C=C2NCOC2=C1,21/000000134,C14H15NO2FCl,283.0,3.8,4.52,-8.516,0.37595274529721084,0.26254200011463097,0.3192473727059209,4.189421245213106,2.59,18.6,-190.0,DRUGLIKE_CONCAT
HighDiv_1323,HighDiv,CC(=O)CC(=O)C1=CC(O)=C(O)C(C2=CCC=C2)=C1,3/000000146,C15H14O4,258.0,1.37,4.44,-8.728,0.14106823157019424,0.49636474250892937,0.3187164870395618,2.9768788251813216,1.41,3.58,-160.0,HIGHDIVERSITY_CRAFT
Druglike_1820,Druglike,C[C@@H](CC1=NOC=N1)OC(=O)C#CC1=CC=CC(O)=C1C(=O)O,1/000000190,C15H12N2O6,316.0,2.34,4.38,-8.887,-0.03509515372507148,0.6717317993046541,0.31831832278979133,3.780574334277807,7.47,3.58,-170.0,DRUGLIKE_MAYBRIDGE
HighDiv_324,HighDiv,C=C(CCO)C(=O)C1=CC(CC(=O)O)=C(Br)C(N=O)=C1,12/000000091,C13H12NO5Br,342.0,1.18,4.65,-8.167,0.757640080103619,-0.12238317486466281,0.31762845261947814,3.2508481611388973,3.36,3.58,-40.0,HIGHDIVERSITY_CONCAT
Druglike_1807,Druglike,O=C(O)C1=CC(=O)C=C(C2=NN=C(CCCl)O2)N1,15/000000303,C10H7N3O4Cl,268.0,1.33,4.42,-8.777,0.08234710313843813,0.5504086782510073,0.31637789069472266,2.9633797336842225,4.07,24.3,-120.0,DRUGLIKE_MAYBRIDGE
Druglike_1810,Druglike,CC1=CC=C(C2=CC(=O)C=C(CN)N2)C=C1,15/000000148,C13H14N2O,214.0,1.74,4.4,-8.828,0.023625974706684625,0.606658488921334,0.3151422318140093,2.3234807830406403,2.47,2.22,-180.0,DRUGLIKE_MAYBRIDGE
Druglike_1851,Druglike,NC(=O)NC(=O)C1=CC(O)=CC(C#CC(=O)OCC(=O)O)=C1,1/000000008,C13H10N2O7,306.0,-0.01,4.33,-9.014,-0.18189797480445782,0.8118048572484073,0.3149534412219748,2.7934758995596383,2.99,3.7,-100.0,DRUGLIKE_MAYBRIDGE
Druglike_984,Druglike,CC[C@@H]1C=CC(CC#CC2=CC=C(C(=O)O)N2)=C1,1/000000015,C15H15NO2,241.0,2.36,4.02,-9.839,-1.092075465496658,1.72172826515075,0.31482639982704597,4.211357410938422,5.94,21.0,-170.0,DRUGLIKE_CONCAT
Druglike_320,Druglike,CC(=O)CC/C=C/C1=CC(C2=NNN=C2)=CC(O)=C1,28/000000438,C14H15N3O2,257.0,3.07,4.43,-8.747,0.11170766735431488,0.5173205543272864,0.31451411084080066,2.8563771486527223,0.76,19.4,-140.0,DRUGLIKE_CONCAT
HighDiv_2018,HighDiv,CCNCCC1=CC(C2=CNC(CC(=O)O)=N2)=C(ON)C(F)=C1,27/000000333,C15H19N4O3F,322.0,0.45,4.63,-8.214,0.6989189516718629,-0.07054511405083179,0.3141869188105156,3.2076503498969107,3.19,3.58,-140.0,HIGHDIVERSITY_MAYBRIDGE
HighDiv_254,HighDiv,O=NC1=CC(C(=O)[C@H]2COC(=S)N2)=CC(O)=C1Br,12/000000449,C10H7N2O4SBr,331.0,1.28,4.72,-7.974,0.9631640296147589,-0.3352501054406041,0.3139569620870774,4.104845969438745,3.16,2.35,-170.0,HIGHDIVERSITY_CONCAT
HighDiv_361,HighDiv,C/C=C/C/C=C/C[C@H](S)C1=CC(C(=O)N=O)=CC(N)=C1Br,12/000000355,C15H17N2O2SBr,369.0,3.64,4.6,-8.293,0.61083725902423,0.016586945614966923,0.31371210231959845,4.119719160987156,4.69,21.8,-200.0,HIGHDIVERSITY_CONCAT
HighDiv_326,HighDiv,C/C=C(\C#CCC1=C(CO)N=C(C(=O)O)O1)CCC,3/000000096,C14H17NO4,263.0,1.06,4.64,-8.186,0.7282795158877396,-0.10142736304630572,0.31342607642071696,3.7797560441162337,5.44,22.0,-170.0,HIGHDIVERSITY_CONCAT
Druglike_1957,Druglike,NC/C(=C/C1=NC=CC([C@@H](N)C2=CC=CCC2)=C1)C1=CNC=N1,18/000000004,C18H21N5,307.0,-0.14,4.14,-9.517,-0.7397486949061292,1.3665824017028048,0.3134168533983378,4.21244720669457,5.86,21.9,-150.0,DRUGLIKE_MAYBRIDGE
HighDiv_346,HighDiv,C=C[C@@H](C#CC1=CC(CNOC)=C(Br)C(O)=C1)CCO,23/000000174,C15H18NO3Br,340.0,3.23,4.62,-8.238,0.6695583874559862,-0.044074614911855534,0.31274188627206534,4.157988376800307,2.37,18.3,-170.0,HIGHDIVERSITY_CONCAT
HighDiv_1304,HighDiv,O=C(C#CC1=C(O)C(O)=CN=C1C(=O)O)NCCCl,1/000000456,C11H8N2O5Cl,283.0,0.05,4.5,-8.557,0.3172316168654573,0.30776243614371745,0.3124970265045874,3.326147586058453,4.37,20.5,0.0,HIGHDIVERSITY_CRAFT
Druglike_221,Druglike,CNC(=O)C/C=C/C1=CC(C2=NNN=C2)=CC(O)=C1,28/000000475,C13H14N4O2,258.0,2.43,4.54,-8.45,0.43467387372896693,0.18974812748244285,0.3122110006057049,2.9657438153193905,2.51,20.2,-140.0,DRUGLIKE_CONCAT
Druglike_1193,Druglike,C=CCC1=NC(CO)=C(C2=NNC(=O)C(C)=C2)O1,15/000000163,C12H13N3O3,247.0,0.33,4.42,-8.769,0.08234710313843813,0.5415851785380158,0.31196614083822694,3.3570203490688373,3.59,22.6,-140.0,DRUGLIKE_CRAFT
HighDiv_1705,HighDiv,C/C=C/CC#CCC1=CC(CO)=C(C2=CCON2)C=C1O,12/000000022,C17H19NO3,285.0,2.78,4.45,-8.687,0.17042879578607098,0.4511443064798429,0.31078655113295695,3.9530813127398616,3.47,3.58,-160.0,HIGHDIVERSITY_LANAPDB
HighDiv_1450,HighDiv,O=C(O)N1C=C([N+](=O)[O-])C(CCC2=CC3=C(NN=C3)S2)=N1,25/000000053,C11H9N5O4S,307.0,1.37,4.18,-9.403,-0.6223064380426195,1.240847530792664,0.30927054637502227,3.50270437662513,5.51,3.85,0.0,HIGHDIVERSITY_CRAFT
HighDiv_564,HighDiv,CC1=CC(OCC2=C(F)C(O)=CC=C2O)=C(O)C=C1,4/000000166,C14H13O4F,264.0,2.82,4.42,-8.764,0.08234710313843813,0.5360704912173947,0.3092087971779164,2.289691547074814,4.74,2.35,-20.0,HIGHDIVERSITY_CONCAT
Druglike_154,Druglike,CC(C)=CC1=C(C2=C(CO)C=NN2CCO)NN=N1,23/000000220,C12H17N5O2,263.0,-0.27,4.64,-8.178,0.7282795158877396,-0.11025086275929714,0.30901432656422123,3.5408239798089873,4.16,23.8,-160.0,DRUGLIKE_CONCAT
HighDiv_1289,HighDiv,C=CCNC(=O)C#CC1=C(O)C(O)=CN=C1CO,1/000000473,C12H12N2O4,248.0,-0.08,4.56,-8.39,0.49339500216072046,0.12357187963500124,0.30848344089786084,3.4696389738726054,5.68,18.2,0.0,HIGHDIVERSITY_CRAFT
Druglike_1290,Druglike,CN1N=C(/C=C2\C=CC3=CC(NC(N)N)=CC=C23)CC1=O,17/000000028,C15H15N5O,281.0,0.68,4.11,-9.586,-0.8278303875537594,1.442685086727365,0.30742734958680284,3.506815980275716,7.41,22.1,-60.0,DRUGLIKE_CRAFT
HighDiv_334,HighDiv,NCNCSCC1=C(Cl)C(O)=CC(N2CCNC2=O)=C1,28/000000498,C12H17N4O2SCl,316.0,0.35,4.63,-8.199,0.6989189516718629,-0.08708917601269317,0.30591488782958487,3.3520984876991307,5.1,19.6,-120.0,HIGHDIVERSITY_CONCAT
HighDiv_1970,HighDiv,N=C1NC=C([C@H](O)CC#CC2=NC=C(I)C(I)=C2)S1,27/000000558,C12H9N3OSI2,497.0,3.66,4.99,-7.24,1.7558992634434494,-1.144806204107657,0.3055465296678962,4.57724229020585,4.94,2.35,-150.0,HIGHDIVERSITY_MAYBRIDGE
Druglike_1423,Druglike,NC[C@@]1(/C(=C/C2=CC=C(C(=O)O)C=C2)CBr)CCC(C(=O)CO)=N1,21/000000004,C17H19N2O4Br,395.0,0.44,4.73,-7.932,0.9925245938306382,-0.381573478933814,0.3054755574484121,3.8905351756086777,6.93,5.24,-150.0,DRUGLIKE_LANAPDB
HighDiv_946,HighDiv,NOC1=CC(C(=O)O)=CC(/C=C/[C@@H]2CNC(=O)N2)=C1Br,12/000000205,C12H12N3O4Br,342.0,0.5,4.15,-9.471,-0.7103881306902498,1.315847278353099,0.3027295738314246,3.971188656520587,5.45,3.87,-150.0,HIGHDIVERSITY_CONCAT
Druglike_216,Druglike,C=C(CCC[C@@H](NC(N)N)C(=O)C1=COCC=C1)C1=COC(CO)=C1,2/000000007,C18H23N3O4,345.0,0.18,4.55,-8.405,0.46403443794484367,0.14011594159686067,0.3020751897708522,4.383070131271825,5.48,5.08,-150.0,DRUGLIKE_CONCAT
HighDiv_1732,HighDiv,O=C(O)C(=C\C1=CC=C(C(=O)O)C(F)=C1)/C=C/[N+](=O)[O-],16/000000008,C12H8NO6F,281.0,1.77,4.37,-8.884,-0.06445571794094823,0.6684229869122819,0.3019836344856668,2.9832072322564596,5.26,3.58,0.0,HIGHDIVERSITY_LANAPDB
HighDiv_505,HighDiv,CSCN(C)CCC#CC1=CC(N2CCNC2=O)=CC(O)=C1,28/000000481,C16H21N3O2S,319.0,1.69,4.47,-8.617,0.22914992421782449,0.37393868399116104,0.30154430410449273,3.275897550735144,3.59,21.7,-200.0,HIGHDIVERSITY_CONCAT
HighDiv_2106,HighDiv,O=C(C#CC1=C(CCl)C(O)=CN=C1I)OCC1=CC=CN1,30/000000078,C14H10N2O3ClI,416.0,3.1,4.36,-8.909,-0.09381628215682498,0.6959964235153835,0.30109007067927923,3.679517414434777,7.0,23.0,0.0,HIGHDIVERSITY_MAYBRIDGE
HighDiv_620,HighDiv,CC#CCCC#CCC1=C(Br)C(ON)=CC(C(=O)O)=C1,12/000001439,C15H14NO3Br,336.0,2.32,4.38,-8.851,-0.03509515372507148,0.6320260505961888,0.29846544843555867,3.407366984202626,8.32,2.48,-20.0,HIGHDIVERSITY_CONCAT
HighDiv_571,HighDiv,C[P@](=O)(O)OCCC#CC1=CC(N2CCNC2=O)=CC(O)=C1,28/000000262,C14H17N2O5P,324.0,0.22,4.41,-8.771,0.052986538922561374,0.5437910534662647,0.298388796194413,3.589341686618096,1.5,22.8,-140.0,HIGHDIVERSITY_CONCAT
HighDiv_202,HighDiv,C/C=C/C[C@H](S)C1=C(Br)C(CO)=CC(C(=O)N=O)=C1,12/000000026,C13H14NO3SBr,344.0,2.9,4.79,-7.759,1.1686879791259013,-0.5723816602272748,0.29815315944931325,4.009597263312655,4.38,19.4,-170.0,HIGHDIVERSITY_CONCAT
Druglike_313,Druglike,NCC(=O)OC/C=C/CCC1=CC(O)=CC(C2=NNN=C2)=C1,28/000000447,C15H19N4O3,303.0,2.35,4.44,-8.69,0.14106823157019424,0.4544531188722152,0.2977606752212047,3.4313761044395035,3.8,22.6,-120.0,DRUGLIKE_CONCAT
HighDiv_239,HighDiv,CONC/C=C/[C@@H](C#CC1=CC(CN)=CC(O)=C1)CCO,23/000000197,C16H23N2O3,291.0,1.64,4.74,-7.889,1.021885158046515,-0.42899978989114834,0.29644268407768326,4.594942258496248,2.71,18.6,-200.0,HIGHDIVERSITY_CONCAT
Druglike_435,Druglike,N[C@@H](CN1CCCN1)C1=NNC(/C=C/C2=CC(O)=CC=C2I)=C1,28/000000285,C16H20N5OI,425.0,2.75,4.32,-9.007,-0.2112585390203346,0.8040842949995393,0.29641287798960236,4.181778508228856,3.56,3.58,-150.0,DRUGLIKE_CONCAT
HighDiv_476,HighDiv,O=C1NN=C([C@@H](C#CC2=CC(O)=CC=C2)CO)N1,23/000000016,C12H11N3O3,245.0,0.93,4.49,-8.554,0.28787105264958057,0.30445362375134516,0.2961623382004629,3.6877556009836727,3.96,18.7,-150.0,HIGHDIVERSITY_CONCAT
HighDiv_2029,HighDiv,O=C(O)COC[C@H](O)/C=C\C=C\C1=CC=C(F)C(Br)=C1,24/000000010,C14H14O4FBr,345.0,2.34,4.6,-8.26,0.61083725902423,-0.01980999070112616,0.2955136341615519,3.145341104073035,9.66,3.58,-150.0,HIGHDIVERSITY_MAYBRIDGE
Druglike_658,Druglike,C=CC1=CC(CCC2=CC(N[C@@H](F)CO)=CN=C2Cl)=NC=C1,3/000000111,C16H17N3OFCl,321.0,2.0,4.18,-9.378,-0.6223064380426195,1.2132740941895626,0.2954838280734715,3.5648435496942055,3.62,18.0,-150.0,DRUGLIKE_CONCAT
Druglike_1759,Druglike,NCC1=CC(C2=CC(=O)C=C(CN)N2)=CC=C1,15/000000140,C13H15N3O,229.0,0.64,4.62,-8.206,0.6695583874559862,-0.07936861376382517,0.2950948868460805,2.525261774148248,4.13,2.22,-160.0,DRUGLIKE_MAYBRIDGE
HighDiv_744,HighDiv,O=C1NCCN1C1=CC(O)=CC(/C=C/C2=NSN=C2)=C1,28/000000217,C13H12N4O2S,288.0,1.09,4.28,-9.111,-0.3287007958838442,0.9187897912684416,0.2950444976922987,3.150914469131491,0.53,23.1,-140.0,HIGHDIVERSITY_CONCAT
Druglike_375,Druglike,COC(=O)C/C=C/CCC1=CC(O)=CC(C2=NNN=C2)=C1,28/000000250,C15H17N3O3,287.0,3.27,4.37,-8.87,-0.06445571794094823,0.6529818624145439,0.2942630722367978,2.8925605435090915,2.92,21.2,-140.0,DRUGLIKE_CONCAT
HighDiv_1683,HighDiv,[O-][S@@+](C1=CC=CC(O)=C1)C1=C(O)C=C(I)C(O)=C1,12/000000050,C12H9O4SI,376.0,2.04,4.51,-8.495,0.3465921810813341,0.23938031336802504,0.2929862472246796,3.5147568014638626,2.79,14.5,0.0,HIGHDIVERSITY_LANAPDB
Druglike_376,Druglike,CNCC1=NC=C(CCC2=CC(O)=CC(C3=NNN=C3)=C2)C=N1,28/000000470,C16H19N6O,311.0,1.84,4.37,-8.866,-0.06445571794094823,0.6485701125580482,0.29205719730854995,3.4793158923768184,3.96,20.4,-140.0,DRUGLIKE_CONCAT
Druglike_802,Druglike,OCC1=NC=C(/C=C/C2=CC(N3C=NN=N3)=CC(O)=C2)C=C1,28/000000034,C15H13N5O2,295.0,0.41,4.11,-9.558,-0.8278303875537594,1.4118028377318912,0.2919862250890659,2.7379820110329103,3.29,20.5,-120.0,DRUGLIKE_CONCAT
Druglike_644,Druglike,OC1=CC2=C(C=C1C#CCCCC1=NNN=C1)NCO2,21/000000082,C14H14N4O2,270.0,3.1,4.19,-9.345,-0.5929458738267401,1.1768771578734694,0.2919656420233646,3.4575788983901337,1.27,22.0,-40.0,DRUGLIKE_CONCAT
Druglike_303,Druglike,NC1=CC=C(C#C[C@@H](O)CCCN2C=NN=C2CO)C(Cl)=C1,15/000000044,C15H17N4O2Cl,320.0,2.84,4.44,-8.674,0.14106823157019424,0.4368061194462303,0.2889371755082123,3.506794666319516,1.19,3.58,-190.0,DRUGLIKE_CONCAT
HighDiv_1691,HighDiv,NC/C(=C\C(=C\C1=CC=C(C(=O)O)C(F)=C1)C(=O)O)[N+](=O)[O-],16/000000030,C13H12N2O6F,311.0,1.21,4.48,-8.567,0.25851048843370383,0.3187918107849577,0.2886511496093308,3.5461363545342373,5.93,4.94,-60.0,HIGHDIVERSITY_LANAPDB
Druglike_1573,Druglike,O=C(O)[C@@H](C#CC1=CNC=C1)C1=CN=CC=C1,20/000000099,C13H10N2O2,226.0,1.24,4.18,-9.365,-0.6223064380426195,1.19893590715595,0.28831473455666523,3.5742591347065407,1.96,2.35,-150.0,DRUGLIKE_LANAPDB
HighDiv_1985,HighDiv,OC1=CN=C(I)C(/C=C/[C@@H](Cl)C2=NN=CO2)=C1S,30/000000165,C10H7N3O2SClI,395.0,3.38,4.83,-7.634,1.286130235989411,-0.710248843242781,0.28794069637331493,4.62778711229589,7.17,3.58,-150.0,HIGHDIVERSITY_MAYBRIDGE
HighDiv_1269,HighDiv,NNCCNC1=CC=C(O)C(C2=NN(CS)C(/C=C/CO)=C2)=C1,3/000000016,C15H21N5O2S,335.0,0.81,4.61,-8.217,0.6401978232401094,-0.06723630165845951,0.28648076079082496,3.3690588262282724,2.72,23.7,-140.0,HIGHDIVERSITY_CRAFT
Druglike_307,Druglike,NC1=CC=C(C2=CNC(/C=C/CO)=NC2)C(F)=C1,12/000000028,C13H14N3OF,247.0,0.88,4.44,-8.669,0.14106823157019424,0.43129143212561116,0.2861798318479027,3.504029905629923,5.23,2.22,-160.0,DRUGLIKE_CONCAT
Druglike_548,Druglike,NC1=C2C=NNC2=NC(C/C=C/CC2=CC=CC(CO)=N2)=N1,21/000000013,C15H16N6O,296.0,1.2,4.24,-9.201,-0.4461430527473538,1.018054163039606,0.28595555514612614,3.252931289879064,2.86,19.0,-40.0,DRUGLIKE_CONCAT
HighDiv_2180,HighDiv,NC1=CC=C(C#CC2=CC(=O)OC[C@H]2C(=O)O)C=C1,11/000000001,C14H10NO4,256.0,0.6,4.19,-9.331,-0.5929458738267401,1.1614360333757314,0.28424507977449565,3.461291927361147,1.94,19.6,-150.0,HIGHDIVERSITY_MAYBRIDGE
Druglike_1420,Druglike,NC(=O)NC1=CC(CC(=O)O)=C(/C=C/COCCl)C=C1,4/000000046,C13H15N2O4Cl,298.0,0.54,4.74,-7.866,1.021885158046515,-0.4543673515660021,0.28375890324025643,2.7380967744124156,3.34,5.09,0.0,DRUGLIKE_LANAPDB
HighDiv_713,HighDiv,OCC1=NC=C(/C=C/C2=NC=CC3=C2CNC3)C=C1C=S,7/000000009,C16H15N3OS,297.0,0.24,4.3,-9.037,-0.2699796674520907,0.8371724189232621,0.2835963757355857,3.5525702282505804,6.32,17.7,-40.0,HIGHDIVERSITY_CONCAT
HighDiv_144,HighDiv,O=NC1=CC(C(=O)[C@@H](Br)C(=O)O)=CC(O)=C1Br,12/000000400,C9H5NO5Br2,367.0,1.53,4.88,-7.493,1.4329330570687973,-0.8657630256842721,0.2835850156922626,3.7657070653473266,2.75,2.35,-150.0,HIGHDIVERSITY_CONCAT
HighDiv_229,HighDiv,C[C@H](CN)C(=O)C1=CC(N=O)=C(Br)C(NC(N)N)=C1,12/000000590,C11H14N5O2Br,328.0,0.25,4.75,-7.838,1.0512457222623917,-0.4852496005614751,0.2829980608504583,3.881560629828492,3.2,19.8,-170.0,HIGHDIVERSITY_CONCAT
HighDiv_1989,HighDiv,NOC1=C(C2=CNC(C(=O)O)=N2)C=CC=C1F,27/000000136,C10H7N3O3F,236.0,0.11,4.8,-7.704,1.198048543341778,-0.6330432207540981,0.28250266129383994,3.144948414901113,2.41,2.22,-120.0,HIGHDIVERSITY_MAYBRIDGE
Druglike_628,Druglike,OC1=C(C#C[C@@H](CCl)CCC2=NNN=C2)C=C2NCOC2=C1,21/000000152,C15H15N4O2Cl,318.0,3.73,4.2,-9.301,-0.5635853096108634,1.1283479094520106,0.2823812999205736,4.274922822336885,2.69,24.3,-190.0,DRUGLIKE_CONCAT
Druglike_596,Druglike,NCC1=NC=C(C2=CNC=C2)C=C1OC(=O)C1=CC=CC=C1Cl,3/000000115,C17H14N3O2Cl,327.0,2.76,4.21,-9.272,-0.5342247453949867,1.0963627229924133,0.28106898879871334,2.6236964163304783,5.87,19.7,-120.0,DRUGLIKE_CONCAT
Druglike_1162,Druglike,CCC/C=C/C1=NC(CO)=C(C2=NNC(=O)C=C2)O1,15/000000165,C13H15N3O3,261.0,0.97,4.53,-8.42,0.4053133095130902,0.15666000355872206,0.28098665653590615,3.2226412512168254,3.97,23.2,-140.0,DRUGLIKE_CRAFT
HighDiv_275,HighDiv,NNCC1=NC=C([C@H](O)C#CC2=CC(S)=C(S)C=C2Br)C=N1,29/000000048,C14H13N4OS2Br,397.0,1.69,4.7,-7.967,0.9044429011830054,-0.34297066768947304,0.2807361167467662,4.231814574386065,3.87,3.7,-170.0,HIGHDIVERSITY_CONCAT
Druglike_1068,Druglike,C[C@H](O)C1=CC(C(=O)C2=NC=C(/C=C/C3=CC=C(I)C(Cl)=C3)C=N2)=CN1,12/000000126,C19H15N3O2ClI,479.0,3.71,5.05,-7.034,1.9320626487387125,-1.3720113217172119,0.2800256635107503,3.607691042996296,4.47,4.94,-190.0,DRUGLIKE_CRAFT
HighDiv_592,HighDiv,CCOC/C=C/C=C/C1=CC(N2CCNC2=O)=CC(O)=C1,28/000000239,C16H20N2O3,288.0,1.45,4.4,-8.76,0.023625974706684625,0.531658741360899,0.2776423580337918,2.9311636204321694,1.2,18.2,-160.0,HIGHDIVERSITY_CONCAT
HighDiv_699,HighDiv,CNCCC#CC1=C(F)C(O)=CC(N2CCNC2=O)=C1,28/000000530,C14H16N3O2F,277.0,0.93,4.31,-8.999,-0.24061910323621394,0.7952607952865479,0.277320846025167,3.096382278907922,1.24,20.7,-140.0,HIGHDIVERSITY_CONCAT
HighDiv_660,HighDiv,NCCC/C(N)=C/C1=CN=C(C2=C(CCl)C(=O)C=CC2=O)C=C1Br,10/000000183,C17H18N3O2ClBr,411.0,1.06,4.35,-8.892,-0.12317684637270433,0.6772464866252733,0.2770348201262845,4.028619517276731,8.97,24.2,-160.0,HIGHDIVERSITY_CONCAT
HighDiv_1996,HighDiv,CN1C=C([C@H](O)CC#CC2=NC=CC(I)=C2)SC1=N,27/000000547,C13H12N3OSI,385.0,2.9,4.75,-7.827,1.0512457222623917,-0.49738191266683973,0.27693190479777596,4.158066963645618,4.85,3.58,-170.0,HIGHDIVERSITY_MAYBRIDGE
HighDiv_722,HighDiv,CCC#C/C(C=S)=C\CCCC1=CC(C(=O)O)=CC(O)=C1,3/000000188,C17H18O3S,302.0,3.18,4.29,-9.051,-0.2993402316679674,0.852613543420998,0.2766366558765153,3.333145477196095,2.17,5.21,-50.0,HIGHDIVERSITY_CONCAT
HighDiv_2025,HighDiv,C=CC(=O)CC1=CC(C2=CNC=N2)=C(ON)C(F)=C1,27/000000165,C13H12N3O2F,261.0,0.87,4.62,-8.172,0.6695583874559862,-0.1168684875440417,0.27634494995597225,3.4367139652951995,3.25,3.58,-120.0,HIGHDIVERSITY_MAYBRIDGE
Druglike_1476,Druglike,CC(=O)NCC1=CC=C(C#CCC(=O)O)C2=C1N=CN2,12/000000045,C14H13N3O3,271.0,0.8,4.39,-8.784,-0.0057345895091947315,0.5581292404998772,0.27619732549534126,3.0054550811057235,4.78,20.9,-60.0,DRUGLIKE_LANAPDB
Druglike_1140,Druglike,C[C@@H](O)C1=NNC(C(=O)C2=CC=C(I)C(I)=C2)=N1,10/000000054,C11H9N3O2I2,469.0,3.68,4.62,-8.17,0.6695583874559862,-0.11907436247229053,0.2752420124918478,3.618492751228384,7.1,2.22,-170.0,DRUGLIKE_CRAFT
HighDiv_554,HighDiv,O=C1C=CC(=O)C(C2=C(O)C(Br)=C(OCCO)C=N2)=C1CCl,10/000000170,C14H11NO5ClBr,388.0,0.45,4.43,-8.674,0.11170766735431488,0.4368061194462303,0.2742568934002726,3.2641087418021417,10.08,22.2,-160.0,HIGHDIVERSITY_CONCAT
HighDiv_648,HighDiv,CC#C/C=C/CCOCC1=C(S)C(O)=CC(NC(N)=S)=C1,29/000000059,C15H18N2O2S2,322.0,2.32,4.36,-8.86,-0.09381628215682498,0.6419524877733036,0.2740681028082393,3.556729827328722,3.61,23.0,-90.0,HIGHDIVERSITY_CONCAT
Druglike_646,Druglike,NCC1=NC=C(N2C=CC=N2)C=C1NC1=CC(Cl)=CC=C1,3/000000047,C15H14N5Cl,299.0,1.96,4.19,-9.311,-0.5929458738267401,1.1393772840932508,0.2732157051332553,2.526681451453607,5.89,18.5,-120.0,DRUGLIKE_CONCAT
HighDiv_1630,HighDiv,C/C(=C\C(C(=O)O)=C(/CO)C1=CC=C(C(=O)O)C=C1)[N+](=O)[O-],16/000000032,C14H13NO7,307.0,1.26,4.85,-7.554,1.3448513644211644,-0.7984838403727051,0.2731837620242296,2.954893648963946,7.45,4.94,-80.0,HIGHDIVERSITY_LANAPDB
HighDiv_245,HighDiv,NCCCC(=O)OC1=C(Br)C(ON)=CC(C(=O)O)=C1,12/000001278,C11H13N2O5Br,333.0,0.17,4.73,-7.873,0.9925245938306382,-0.44664678931713314,0.27293890225675255,2.640570210492843,5.09,17.9,0.0,HIGHDIVERSITY_CONCAT
Druglike_243,Druglike,CCCOCCCCCCC1=CC(O)=CC(C2=NNN=C2)=C1,28/000000472,C17H25N3O2,303.0,4.69,4.5,-8.482,0.3172316168654573,0.2250421263344125,0.27113687159993494,2.546225761032911,0.82,19.2,-140.0,DRUGLIKE_CONCAT
HighDiv_1971,HighDiv,NOC1=C(F)C=CC=C1C1=CNC(CO)=N1,27/000000048,C10H10N3O2F,223.0,0.12,4.98,-7.204,1.7265386992275726,-1.1845119528161234,0.2710133732057246,3.240136167656024,2.54,2.22,-120.0,HIGHDIVERSITY_MAYBRIDGE
HighDiv_145,HighDiv,O=C1NCCN1C1=CC(O)=C(S)C(CCO)=C1,28/000000297,C11H14N2O3S,254.0,0.17,4.88,-7.47,1.4329330570687973,-0.891130587359126,0.27090123485483564,3.074883930449394,2.89,15.7,-140.0,HIGHDIVERSITY_CONCAT
HighDiv_861,HighDiv,O=NC1=C(Br)C(C2=CC(=O)NC2)=CC(C(=O)CO)=C1,12/000000610,C12H9N2O4Br,325.0,0.45,4.2,-9.279,-0.5635853096108634,1.1040832852412812,0.2702489878152089,3.5932803044712625,3.82,3.72,-120.0,HIGHDIVERSITY_CONCAT
Druglike_2056,Druglike,O=C(O)C1=CC2=C(N1)C(=O)NC=C2CC[C@@H]1COC=CO1,14/000000027,C14H14N2O5,290.0,0.67,4.03,-9.731,-1.0627149012807786,1.602611019025352,0.2699480588722867,3.873382845197682,5.15,24.0,-190.0,DRUGLIKE_MAYBRIDGE
HighDiv_284,HighDiv,NOC1=CC(C(=O)O)=CC(CC(=O)CCBr)=C1Br,12/000001427,C11H11NO4Br2,381.0,1.6,4.69,-7.973,0.8750823369671286,-0.3363530429047285,0.2693646470312,3.000227925991916,7.01,2.64,0.0,HIGHDIVERSITY_CONCAT
HighDiv_1775,HighDiv,O=C(CCC1=CC=CN=C1)NCC1=CC(C2=CSC=C2)=CN1,25/000000003,C17H17N3OS,311.0,1.89,4.26,-9.116,-0.3874219243156003,0.9243044785890607,0.2684412771367302,2.5174611086660477,2.33,22.5,-120.0,HIGHDIVERSITY_LANAPDB
HighDiv_1719,HighDiv,C=CC1=CCC=C(C[C@H](O)C#CC2=C(N)C=C(CO)C(O)=C2)O1,8/000000047,C18H19NO4,313.0,1.51,4.4,-8.743,0.023625974706684625,0.5129088044707908,0.2682673895887377,4.368382507354731,3.74,3.7,-150.0,HIGHDIVERSITY_LANAPDB
HighDiv_134,HighDiv,C=CC1=C(C(=O)O)C=C(I)C(C2=NC(CC(=O)O)=NN2)=N1,4/000000201,C12H9N4O4I,400.0,1.76,4.9,-7.411,1.4916541855005534,-0.9562038977424451,0.26772514387905416,3.384019328934193,8.17,23.6,-120.0,HIGHDIVERSITY_CONCAT
HighDiv_444,HighDiv,C=C(CCO)C1=NOC(C2=CC(O)=C(F)C=C2O)=N1,6/000000034,C12H11N2O4F,266.0,1.29,4.53,-8.395,0.4053133095130902,0.1290865669556204,0.2671999382343553,3.1873190618677114,2.1,20.9,-180.0,HIGHDIVERSITY_CONCAT
HighDiv_452,HighDiv,C=CC1=C(O)C=C(C2=CC(C(N)=O)=NO2)C=C1Br,10/000000007,C12H9N2O3Br,309.0,2.41,4.52,-8.42,0.37595274529721084,0.15666000355872206,0.26630637442796645,2.865299570418916,3.72,3.58,-180.0,HIGHDIVERSITY_CONCAT
Druglike_844,Druglike,OC1=CC2=C(C=C1C#CC[C@@H](F)CC1=NNN=C1)NCO2,21/000000141,C14H13N4O2F,288.0,3.24,4.09,-9.564,-0.8865515159855155,1.4184204625166357,0.2659344732655601,4.221060941036269,1.54,24.7,-190.0,DRUGLIKE_CONCAT
Druglike_1214,Druglike,CCC1=NC(CO)=C(C2=NNC(=O)C(CCF)=C2)O1,15/000000232,C12H14N3O3F,267.0,0.61,4.34,-8.898,-0.15253741058858108,0.6838641114100178,0.26566335041071837,3.299780728720453,2.65,24.3,-180.0,DRUGLIKE_CRAFT
Druglike_761,Druglike,NC1=C2C=NNC2=NC(C/C=C/CC2=CC(O)=C(Br)C=C2)=N1,21/000000006,C15H14N5OBr,360.0,3.48,4.13,-9.454,-0.7691092591220059,1.297097341462991,0.2639940411704925,3.2034772033406034,2.03,19.5,-90.0,DRUGLIKE_CONCAT
Druglike_214,Druglike,CCCC#CC1=C(O)C=C([C@H](CO)C2=NC=C(CCN)O2)C=N1,26/000000053,C17H21N3O3,315.0,-0.08,4.55,-8.335,0.46403443794484367,0.06291031910817879,0.26347237852651123,3.9586695894553223,4.16,22.4,-170.0,DRUGLIKE_CONCAT
Druglike_236,Druglike,CC(=O)OCCCCC1=CC(O)=CC(C2=NNN=C2)=C1,28/000000172,C14H17N3O3,275.0,3.41,4.52,-8.414,0.37595274529721084,0.1500423787739775,0.26299756203559416,2.5507392771728146,1.72,19.6,-140.0,DRUGLIKE_CONCAT
Druglike_1775,Druglike,NCC1=C(C(=O)CCCCC2=NON=C2)C=C(C(=O)O)N1,5/000000097,C13H16N4O4,292.0,0.76,4.53,-8.387,0.4053133095130902,0.12026306724262897,0.26278818837785956,3.371496814695533,6.12,3.7,0.0,DRUGLIKE_MAYBRIDGE
HighDiv_231,HighDiv,C=CC1=C(O)C=C(N2CCNC2=O)C=C1CCS,28/000000333,C13H16N2O2S,264.0,1.69,4.75,-7.799,1.0512457222623917,-0.5282641616623127,0.26149078030003947,3.2180271182996067,4.66,16.7,-140.0,HIGHDIVERSITY_CONCAT
HighDiv_369,HighDiv,C#CCN[C@H](Cl)CC1=CC(C(=O)N=O)=CC(CO)=C1Br,12/000000773,C13H12N2O3ClBr,359.0,1.95,4.59,-8.224,0.5814766948083533,-0.05951573940959152,0.2609804776993809,3.9871804047723343,6.55,21.8,-150.0,HIGHDIVERSITY_CONCAT
Druglike_1150,Druglike,CCCC1=CC(C2=CN=C(/C=C/C3=CC(O)=C(I)C=C3)O2)=NNC1=O,15/000000128,C18H16N3O3I,449.0,3.65,4.57,-8.276,0.5227555663765998,-0.0021629912751413376,0.26029628755072926,3.0639979317346064,1.83,5.08,-160.0,DRUGLIKE_CRAFT
Druglike_323,Druglike,O=C(O)C1=CN=C(O)N=C1C/C=C/C1=NC=NC=C1,29/000000108,C12H10N4O3,258.0,-0.09,4.42,-8.674,0.08234710313843813,0.4368061194462303,0.2595766112923342,3.2184463794219544,6.36,3.85,0.0,DRUGLIKE_CONCAT
HighDiv_1687,HighDiv,[O-][S@@+](C1=CC=CC=C1)C1=CC(O)=C(I)C=C1O,12/000000047,C12H9O3SI,360.0,2.44,4.5,-8.461,0.3172316168654573,0.20188043958780852,0.25955602822663293,3.2599513221543504,3.11,13.3,0.0,HIGHDIVERSITY_LANAPDB
Druglike_225,Druglike,NCC1=CC=C(C[C@H](O)C2=CC(O)=CC(N)=C2)C(Br)=C1,12/000000022,C15H18N2O2Br,338.0,1.88,4.53,-8.38,0.4053133095130902,0.11254250499376098,0.25892790725342557,3.505834530646461,4.73,4.94,-150.0,DRUGLIKE_CONCAT
Druglike_1457,Druglike,C/C=C\C(=O)C1=NC=C(C2=C(CO)NC(COC)=C2)N1,4/000000336,C14H17N3O3,275.0,0.0,4.5,-8.459,0.3172316168654573,0.19967456465955968,0.2584530907625085,3.4305221140727564,4.17,23.2,-200.0,DRUGLIKE_LANAPDB
Druglike_1468,Druglike,NCC1=CC(NC(N)=O)=CC(/C=C/CC2=CNCC=N2)=C1,4/000000121,C15H19N5O,285.0,-0.08,4.42,-8.668,0.08234710313843813,0.4301884946614858,0.256267798899962,3.4691674665860157,4.34,5.09,0.0,DRUGLIKE_LANAPDB
HighDiv_2058,HighDiv,C=CCC1=NC(C2=CC(O)=CC(F)=C2ON)=CN1,27/000000190,C12H12N3O2F,249.0,1.19,4.5,-8.455,0.3172316168654573,0.19526281480306396,0.25624721583426063,3.55461604137653,2.08,18.4,-140.0,HIGHDIVERSITY_MAYBRIDGE
HighDiv_2103,HighDiv,NC(=O)NC1=CC=C(O)C(C2=CSC(N)=N2)=C1Br,12/000000002,C10H9N4O2SBr,329.0,0.81,4.36,-8.826,-0.09381628215682498,0.6044526139930871,0.25531816591813106,2.7350242172007064,1.62,3.58,-160.0,HIGHDIVERSITY_MAYBRIDGE
HighDiv_780,HighDiv,O=C1C=C([C@H](S)CC/C=C\CC2=C(F)N=CC=C2Br)C(=O)N1,30/000000026,C15H14N2O2SFBr,385.0,2.25,4.25,-9.118,-0.41678248853147704,0.9265103535173096,0.2548639324929163,4.075929580691236,5.43,3.58,-150.0,HIGHDIVERSITY_CONCAT
HighDiv_417,HighDiv,C=CC(=O)NOCC1=C(Br)C(CO)=CC(C(=O)N=O)=C1,12/000000049,C12H11N2O5Br,343.0,1.42,4.55,-8.319,0.46403443794484367,0.04526331968219397,0.25464887881351883,3.263413231288874,5.52,21.1,0.0,HIGHDIVERSITY_CONCAT
HighDiv_2083,HighDiv,C#CC1=CC=C([C@@H](CO)C2=CC(O)=NO2)C2=C1N=CN2,22/000000066,C14H11N3O3,269.0,1.3,4.43,-8.638,0.11170766735431488,0.397100370737765,0.25440401904603993,4.103026963476788,3.22,21.9,-190.0,HIGHDIVERSITY_MAYBRIDGE
HighDiv_941,HighDiv,O=C(O)CCC1=CC(O)=CC(C#CCN2C=NC=C2[N+](=O)[O-])=C1,23/000000181,C15H13N3O5,315.0,1.89,4.15,-9.381,-0.7103881306902498,1.2165829065819347,0.25309738794584247,2.9897443402815256,1.58,5.39,0.0,HIGHDIVERSITY_CONCAT
HighDiv_267,HighDiv,NCC1=C(Br)C(N=O)=CC(C(=O)C2=CNC=C2)=C1,12/000000577,C12H11N3O2Br,309.0,1.75,4.71,-7.89,0.9338034653988821,-0.4278968524270249,0.2529533064859286,3.790172349068838,4.43,2.48,0.0,HIGHDIVERSITY_CONCAT
Druglike_831,Druglike,NC(=O)C1=NON=C1C#C[C@H](O)C(=O)C1=CN=C(CCl)C=C1,18/000000065,C13H9N4O4Cl,320.0,0.17,4.09,-9.54,-0.8865515159855155,1.3919499633776575,0.252699223696071,3.861218861901828,6.13,3.58,-150.0,DRUGLIKE_CONCAT
HighDiv_109,HighDiv,C=CC1=C(CC)C=C(I)C(C2=NC(CC(=O)O)=NN2)=N1,4/000000169,C13H13N4O2I,384.0,2.63,4.95,-7.25,1.6384570065799398,-1.1337768294664168,0.2523400885567615,3.5087157953914376,7.18,20.8,-140.0,HIGHDIVERSITY_CONCAT
HighDiv_541,HighDiv,C=C[C@@H](/C=C/CC1=C(CN)N=C(C(=O)O)O1)C1=CSC(=O)N1,3/000000052,C14H15N3O4S,321.0,0.19,4.44,-8.607,0.14106823157019424,0.3629093093499188,0.2519887704600565,4.573020122935876,5.61,6.72,-150.0,HIGHDIVERSITY_CONCAT
Druglike_1181,Druglike,O=C(O)C1=NC=C(/C=C/C2=CC=C(C(=O)O)C(Cl)=C2)C=N1,12/000000181,C14H8N2O4Cl,303.0,1.44,4.44,-8.606,0.14106823157019424,0.36180637188579534,0.2514373017279948,2.4527162994772613,5.5,3.7,0.0,DRUGLIKE_CRAFT
Druglike_1477,Druglike,C/C=C/CC(=O)C1=NC=C(C2=C(CF)NC(CO)=C2)N1,4/000000344,C14H16N3O2F,277.0,0.76,4.39,-8.739,-0.0057345895091947315,0.5084970546142951,0.2513812325525502,3.6852146964903385,3.97,24.7,-120.0,DRUGLIKE_LANAPDB
Druglike_1455,Druglike,C/C=C/C1=CC(C2=CN=C(CCCCCOC(C)=O)N2)=C(CN)N1,4/000000202,C18H26N4O2,330.0,1.77,4.5,-8.444,0.3172316168654573,0.18313050269770026,0.2501810597815788,3.211203618469657,3.38,24.9,-200.0,DRUGLIKE_LANAPDB
Druglike_507,Druglike,NC(=O)N[C@@H](Cl)CCCC#CC1=CC2=C(C=C1O)OCN2,21/000000217,C14H15N3O3Cl,308.0,1.6,4.27,-9.054,-0.35806136009972356,0.8559223558133703,0.24893049785682336,3.9498663784440975,4.11,20.9,-190.0,DRUGLIKE_CONCAT
HighDiv_1528,HighDiv,O=C1NCC=C(/C=C/C/C=C\C2=CC=C(O)C(Cl)=C2)N1,7/000000002,C15H15N2O2Cl,290.0,2.77,4.06,-9.611,-0.9746332086331483,1.4702585233304668,0.24781265734865926,3.3288323945817204,5.99,3.58,0.0,HIGHDIVERSITY_CRAFT
HighDiv_675,HighDiv,C=C(CO)C(=O)CCCC1=CN=CC(C2=NN=CNC2)=C1,7/000000001,C15H18N4O2,286.0,0.69,4.34,-8.862,-0.15253741058858108,0.6441583627015525,0.2458104760564857,3.6277590050475537,5.73,20.3,-160.0,HIGHDIVERSITY_CONCAT
Druglike_377,Druglike,O=C(O)CC1=NOC(C(=O)C2=CC=C(/C=C/[C@H](O)CO)N2)=C1,23/000000267,C14H14N2O6,306.0,-0.34,4.37,-8.782,-0.06445571794094823,0.5559233655716284,0.24573382381534006,3.702176491157818,4.79,5.09,-170.0,DRUGLIKE_CONCAT
HighDiv_429,HighDiv,C=C(C)C1=CC=C(I)C(C2=NC(CC(=O)O)=NN2)=N1,4/000000190,C12H11N4O2I,370.0,2.29,4.54,-8.329,0.43467387372896693,0.056292694323434235,0.2454832840262006,3.2264797127552862,6.47,20.2,-140.0,HIGHDIVERSITY_CONCAT
Druglike_1589,Druglike,C=C1C(=O)NC(=O)N(C[C@H](O)C2=CC=C(O)C(Cl)=C2)C1=O,5/000000012,C13H11N2O5Cl,310.0,0.46,4.16,-9.34,-0.681027566474373,1.1713624705528483,0.24516745203923762,3.1973194935493296,3.02,3.84,-150.0,DRUGLIKE_LANAPDB
Druglike_1832,Druglike,CC(=O)C1=CC(O)=CC(C#CC(=O)O[C@@H](CO)C(=O)O)=C1,1/000000151,C14H12O7,292.0,0.83,4.36,-8.807,-0.09381628215682498,0.58349680217473,0.2448402600089525,3.401686251791089,3.73,5.09,-200.0,DRUGLIKE_MAYBRIDGE
Druglike_820,Druglike,OCC[C@H](C#CCC1=NNC2=C1C=CC=C2)C1=NC=NC=C1,22/000000009,C17H16N4O,292.0,1.53,4.1,-9.497,-0.8571909517696387,1.3445236524203241,0.24366635032534273,3.670226901478896,6.71,19.4,-190.0,DRUGLIKE_CONCAT
Druglike_343,Druglike,OC1=CC2=C(C=C1[C@H](CF)CNCCC1=NON=C1)NCO2,21/000000234,C14H17N4O3F,308.0,2.14,4.4,-8.698,0.023625974706684625,0.4632766185852086,0.2434512966459466,4.245865370413807,3.49,6.31,-190.0,DRUGLIKE_CONCAT
Druglike_200,Druglike,OCCCCCCCC1=CC(O)=CC(C2=NNN=C2)=C1,28/000000177,C15H21N3O2,275.0,3.75,4.58,-8.217,0.5521161305924766,-0.06723630165845951,0.24243991446700852,2.5138027980439563,2.07,18.0,-120.0,DRUGLIKE_CONCAT
HighDiv_1721,HighDiv,N[C@H](CC1=NC=C(CCl)C(O)=C1)C(=O)/C=C/C1=CCON1,18/000000018,C14H17N3O3Cl,310.0,0.48,4.39,-8.72,-0.0057345895091947315,0.4875412427959379,0.24090332664337158,4.729942258496248,4.83,6.17,-150.0,HIGHDIVERSITY_LANAPDB
HighDiv_1371,HighDiv,C=CC1=NC=C(O)C=C1C#C[C@@H](CN)C1=CC=CC1,1/000000338,C16H16N2O,252.0,1.02,4.34,-8.853,-0.15253741058858108,0.6342319255244356,0.2408472574679273,4.363482783674645,7.2,18.4,-150.0,HIGHDIVERSITY_CRAFT
HighDiv_2020,HighDiv,CC[C@@H](NN)C1=NN=C(/C=C/C2=C(I)N=CC=C2S)N1,30/000000116,C12H15N6SI,402.0,3.35,4.63,-8.081,0.6989189516718629,-0.21723579677933147,0.24084157744626572,4.453885899277829,8.56,22.1,-170.0,HIGHDIVERSITY_MAYBRIDGE
HighDiv_1987,HighDiv,OC[C@H](/C=C/C1=C(O)C(F)=CC(F)=C1)NCCS,1/000000148,C12H16NO2SF2,276.0,2.12,4.82,-7.575,1.2567696717735342,-0.7753221536261002,0.24072375907371696,4.53904157383435,2.65,2.22,-150.0,HIGHDIVERSITY_MAYBRIDGE
Druglike_95,Druglike,O=C(O)CCCC1=CC=C2CNNCC2=C1O,15/000000006,C12H16N2O3,236.0,1.53,4.78,-7.681,1.1393274149100245,-0.658410782428951,0.24045831624053676,2.999674274148248,5.1,13.8,-80.0,DRUGLIKE_CONCAT
HighDiv_527,HighDiv,O=C(O)CC1=NNC(C2=NC(/C=C/CCO)=CC=C2I)=N1,4/000000157,C13H13N4O3I,400.0,1.58,4.45,-8.556,0.17042879578607098,0.306659498679592,0.23854414723283152,3.300888470497359,4.74,22.0,-120.0,HIGHDIVERSITY_CONCAT
HighDiv_278,HighDiv,CC/C=C(\CN)C(=O)C1=CC(N=O)=C(Br)C=C1O,12/000000510,C12H13N2O3Br,313.0,1.69,4.7,-7.89,0.9044429011830054,-0.4278968524270249,0.23827302437799025,3.466785618299607,3.9,2.35,-40.0,HIGHDIVERSITY_CONCAT
Druglike_1813,Druglike,C=CC1=C(CCNC(=O)C2=CC=C(CN)C=C2)NN=N1,27/000000041,C14H17N5O,271.0,1.03,4.39,-8.715,-0.0057345895091947315,0.4820265554753168,0.23814598298306103,2.7695570909379956,6.69,3.58,0.0,DRUGLIKE_MAYBRIDGE
HighDiv_497,HighDiv,NCC(=O)NC[C@H](O)CC1=C(Br)C(O)=CC(C(=O)N=O)=C1,12/000000263,C12H14N3O5Br,360.0,-0.24,4.47,-8.502,0.22914992421782449,0.24710087561689498,0.23812539991735973,3.4359455924504303,4.37,5.21,-180.0,HIGHDIVERSITY_CONCAT
Druglike_1453,Druglike,C/C=C\C1=C(C2=CC(CCCNC(N)N)=CC(=O)O2)C=NO1,23/000000071,C15H18N4O3,302.0,1.14,4.5,-8.422,0.3172316168654573,0.1588658784869709,0.2380487476762141,3.4243618187252185,9.67,4.94,-140.0,DRUGLIKE_LANAPDB
Druglike_420,Druglike,NC1=CC=C(N2C=NC(/C=C/CC(=O)O)=N2)C(F)=C1,12/000000026,C12H11N4O2F,262.0,1.0,4.34,-8.847,-0.15253741058858108,0.627614300739691,0.237538445075555,2.9621723107233553,6.88,21.4,-120.0,DRUGLIKE_CONCAT
HighDiv_380,HighDiv,C=CC1=C(CCCCF)C=C(N2CCNC2=O)C=C1O,28/000000329,C15H19N2O2F,278.0,2.36,4.58,-8.204,0.5521161305924766,-0.08157448869207205,0.23527082095020224,3.0119281580288,5.97,18.1,-120.0,HIGHDIVERSITY_CONCAT
HighDiv_494,HighDiv,NCC1=CC(OCC2=NC=C(C(N)=O)C=C2I)=C2OCC(=O)C2=C1,4/000000300,C16H14N3O4I,439.0,0.78,4.48,-8.47,0.25851048843370383,0.21180687676492535,0.2351586825993146,2.9628603585250364,8.44,3.7,-40.0,HIGHDIVERSITY_CONCAT
HighDiv_1569,HighDiv,O=C(O)N1N=CC2=C1C(F)=CC(C/C=C/[C@@H]1CC=NO1)=C2,22/000000007,C14H11N3O3F,288.0,2.54,4.01,-9.721,-1.1214360297125348,1.5915816443841118,0.2350728073357885,4.149242075966913,2.94,3.58,-190.0,HIGHDIVERSITY_CRAFT
HighDiv_878,HighDiv,CCC#C/C=C(/CO)CCCC1=CC(C(=O)O)=CC(O)=C1,3/000000171,C17H20O4,288.0,2.13,4.19,-9.24,-0.5929458738267401,1.0610687241404437,0.2340614251568518,3.0425051588937073,2.41,3.58,-50.0,HIGHDIVERSITY_CONCAT
Druglike_362,Druglike,CC(=O)OCCCCCC1=CC(O)=CC(C2=NNN=C2)=C1,28/000000155,C15H19N3O3,289.0,3.77,4.38,-8.734,-0.03509515372507148,0.502982367293674,0.23394360678430123,2.538941312739862,-0.6,20.2,-140.0,DRUGLIKE_CONCAT
HighDiv_2061,HighDiv,NC(=O)NC1=CC=C(O)C(C2=CN=NS2)=C1Br,12/000000006,C9H7N4O2SBr,315.0,1.78,4.49,-8.441,0.28787105264958057,0.179821690305328,0.2338463714774543,3.0456214099911296,0.65,3.58,-140.0,HIGHDIVERSITY_MAYBRIDGE
Druglike_1765,Druglike,C/C=C/[C@H](O)CC1=CC(C(=O)NCCC(=O)O)=CC=C1,27/000000033,C15H19NO4,277.0,1.35,4.57,-8.225,0.5227555663765998,-0.05841280194546808,0.23217138221556588,2.62679509008702,3.55,3.58,-170.0,DRUGLIKE_MAYBRIDGE
HighDiv_1384,HighDiv,C#CCC1=CC(C2=CN=CC(O)=C2)=CC=C1/C=C\CO,1/000000071,C17H15NO2,265.0,2.41,4.32,-8.89,-0.2112585390203346,0.6750406116970264,0.23189103633834593,2.914970856120183,5.04,15.6,-160.0,HIGHDIVERSITY_CRAFT
Druglike_1316,Druglike,NCC1=C(C#CC[C@@H]2NC(=O)C3=C2C=CC=C3Br)NC=C1,3/000000005,C16H14N3OBr,344.0,2.39,4.07,-9.555,-0.945272644417269,1.4084940253395188,0.23161069046112492,3.906493614428451,5.57,6.45,-190.0,DRUGLIKE_CRAFT
HighDiv_153,HighDiv,NC/C(=C\C[N+](=O)[O-])C(=O)C1=CC(N=O)=C(Br)C=C1O,12/000000501,C11H10N3O5Br,344.0,0.73,4.87,-7.425,1.4035724928529205,-0.9407627732447081,0.2314048598041062,3.765520149527868,4.7,3.7,-60.0,HIGHDIVERSITY_CONCAT
HighDiv_282,HighDiv,COCC(=O)C1=CC(O)=C(Br)C(N(O)C(C)=O)=C1,12/000000161,C11H12NO5Br,318.0,0.45,4.7,-7.877,0.9044429011830054,-0.4422350394606374,0.231103930861184,2.9905522508691647,4.54,3.72,-80.0,HIGHDIVERSITY_CONCAT
Druglike_391,Druglike,O=C(CC1=NOC=C1CCl)OCC#C[C@@H](CO)C1=NNC(=O)N1,21/000000094,C13H13N4O5Cl,340.0,-0.12,4.37,-8.753,-0.06445571794094823,0.523938179112031,0.22974123058554138,4.308766394189051,6.64,6.2,-150.0,DRUGLIKE_CONCAT
Druglike_794,Druglike,OCC1=CC=C(CCC2=CC=CC([C@H](O)CF)=C2)C=C1Cl,21/000000113,C17H18O2FCl,308.0,3.68,4.12,-9.418,-0.7984698233378826,1.2573915927545236,0.2294608847083205,2.7379054918730397,3.13,3.84,-190.0,DRUGLIKE_CONCAT
HighDiv_359,HighDiv,O=C1NCCN1C1=CC(CSCCl)=C(Cl)C(O)=C1,28/000000552,C11H12N2O2SCl2,306.0,2.14,4.6,-8.139,0.61083725902423,-0.15326542386013672,0.22878591758204664,3.1436455798380676,4.27,17.9,-120.0,HIGHDIVERSITY_CONCAT
Druglike_91,Druglike,C[C@](O)(C#CC1=NC(C(=O)CO)=C(Cl)N=C1)CBr,19/000000028,C11H10N2O3ClBr,333.0,0.38,4.8,-7.606,1.198048543341778,-0.741131092238255,0.2284587255517615,4.106037727680505,4.3,3.58,-170.0,DRUGLIKE_CONCAT
Druglike_1921,Druglike,C[C@@H](COC(=O)C#CC1=CC=CC(O)=C1C(=O)O)C1=COC=N1,1/000000160,C16H13NO6,315.0,2.14,4.2,-9.201,-0.5635853096108634,1.018054163039606,0.22723442671437133,3.7635673631239617,7.35,3.58,-170.0,DRUGLIKE_MAYBRIDGE
Druglike_1159,Druglike,NCCC/C=C/C1=NN=C([C@@H](C(=O)O)C2=C(CF)C(=O)CO2)O1,1/000000034,C14H16N3O5F,325.0,0.41,4.53,-8.322,0.4053133095130902,0.04857213207456429,0.22694272079382724,4.273622891970116,6.25,5.09,-150.0,DRUGLIKE_CRAFT
HighDiv_397,HighDiv,C=CC1=CC=C(I)C(C2=NC(CC(=O)O)=NN2)=N1,4/000000008,C11H9N4O2I,356.0,2.15,4.56,-8.241,0.49339500216072046,-0.04076580251948326,0.2263145998206186,3.3066674259919155,6.09,19.6,-120.0,HIGHDIVERSITY_CONCAT
HighDiv_583,HighDiv,NCC1=C(C/C=C/[C@H](/C=C\CCl)C2=NN=CS2)OC(C(=O)O)=N1,3/000000289,C14H15N4O3SCl,354.0,1.85,4.4,-8.666,0.023625974706684625,0.4279826197332389,0.22580429721996179,4.572222488863606,8.48,6.72,-150.0,HIGHDIVERSITY_CONCAT
HighDiv_1303,HighDiv,O=C(CO)C1=NC=C(O)C=C1C1=CC=C(CCF)C=C1,1/000000057,C15H14NO3F,275.0,1.88,4.5,-8.399,0.3172316168654573,0.1334983168121161,0.2253649668387867,2.5938089272595697,4.06,15.5,-160.0,HIGHDIVERSITY_CRAFT
HighDiv_382,HighDiv,NC(=S)C1=CC(C2=CC(O)=C(F)C=C2N=O)=C(CO)N1,6/000000153,C12H10N3O3SF,295.0,0.64,4.58,-8.185,0.5521161305924766,-0.10253030051042915,0.2247929150410237,3.5615363082119504,3.68,24.2,-140.0,HIGHDIVERSITY_CONCAT
Druglike_228,Druglike,NCC[C@@H](CC/C=C/C1=CC=C(Cl)C(Cl)=C1)C1=NC=NN1,13/000000177,C15H18N4Cl2,324.0,3.52,4.53,-8.317,0.4053133095130902,0.043057444753945136,0.22418537713351766,3.29712669135153,7.06,3.58,-150.0,DRUGLIKE_CONCAT
HighDiv_1709,HighDiv,[O-][S@@+](C1=CC=C(O)C(S)=C1)C1=CC(O)=C(I)C=C1O,12/000000064,C12H9O4S2I,408.0,2.42,4.43,-8.583,0.11170766735431488,0.3364388102109425,0.2240732387826287,3.870291380959712,3.02,17.0,0.0,HIGHDIVERSITY_LANAPDB
Druglike_1352,Druglike,C=CC1=CC(O)=NC(CCC2=CC(C(=O)N(C)CC)=CN2)=C1,4/000000108,C17H21N3O2,299.0,2.32,4.02,-9.674,-1.092075465496658,1.5397435835702806,0.2238340590368113,3.218688552647034,5.36,7.99,-80.0,DRUGLIKE_CRAFT
Druglike_654,Druglike,O=C1NCC=C1/C=C/CCC1=CC(C[C@@H](O)CCl)=C(C(=O)O)O1,9/000000014,C16H18NO5Cl,339.0,0.61,4.18,-9.247,-0.6223064380426195,1.0687892863893116,0.22324142417334603,4.053241882354731,6.31,5.39,-150.0,DRUGLIKE_CONCAT
HighDiv_204,HighDiv,NOC1=C(Br)C(C(=O)O)=CC(C(=O)O)=C1,12/000001097,C8H6NO5Br,276.0,0.59,4.79,-7.622,1.1686879791259013,-0.7234840928122701,0.22260194315681558,2.614641994543563,4.63,2.22,0.0,HIGHDIVERSITY_CONCAT
HighDiv_398,HighDiv,CC/C=C/CSC1=CC(N2CCNC2=O)=CC(O)=C1,28/000000061,C14H18N2O2S,278.0,2.1,4.56,-8.234,0.49339500216072046,-0.04848636476835125,0.2224543186961846,2.935600225575799,3.61,17.3,-140.0,HIGHDIVERSITY_CONCAT
HighDiv_1417,HighDiv,NCC1=CSC=C1C#CC1=CC(NCC(=O)NO)=CC=C1O,3/000000023,C15H15N3O3S,317.0,0.99,4.23,-9.112,-0.47550361696323057,0.919892728732565,0.22219455588466722,3.093266781504375,3.02,24.3,-40.0,HIGHDIVERSITY_CRAFT
HighDiv_385,HighDiv,NOC1=C(Br)C(OCCCCCN=O)=CC(C(=O)O)=C1,12/000001292,C12H15N2O5Br,347.0,1.58,4.58,-8.178,0.5521161305924766,-0.11025086275929714,0.2209326339165897,2.7920061450417872,5.19,19.1,0.0,HIGHDIVERSITY_CONCAT
HighDiv_484,HighDiv,C=C[C@@H](/C=C/CC1=C(CN)N=C(C(=O)O)O1)C1=NN=CS1,3/000000105,C13H14N4O3S,306.0,1.3,4.48,-8.444,0.25851048843370383,0.18313050269770026,0.22082049556570205,4.468353210256353,6.4,5.21,-150.0,HIGHDIVERSITY_CONCAT
HighDiv_246,HighDiv,C=C(C[C@H](S)Cl)C(=O)C1=CC(N=O)=C(Br)C=C1O,12/000001057,C11H9NO3SClBr,350.0,3.01,4.73,-7.778,0.9925245938306382,-0.5514258484089186,0.22054937271085978,4.150533226862175,4.78,2.35,-170.0,HIGHDIVERSITY_CONCAT
HighDiv_338,HighDiv,CCC#CC1=C(CC)C(O)=CC(N2CCNC2=O)=C1,28/000000194,C15H18N2O2,258.0,2.06,4.63,-8.044,0.6989189516718629,-0.2580444829519203,0.2204372343599713,2.991442557457754,3.21,17.2,-200.0,HIGHDIVERSITY_CONCAT
Druglike_1784,Druglike,CC/C=C/CCC1=CNC(=O)C2=C1C=C(C(=O)CN)N2,14/000000006,C15H20N3O2,274.0,0.35,4.5,-8.39,0.3172316168654573,0.12357187963500124,0.2204017482502293,3.558235575611218,3.49,22.0,-60.0,DRUGLIKE_MAYBRIDGE
Druglike_1856,Druglike,O=C(C#CC1=CC(O)=CC=C1Br)O[C@H]1CN=C(CO)C1,1/000000138,C14H12NO4Br,338.0,1.81,4.32,-8.867,-0.2112585390203346,0.6496730500221736,0.2192072555009195,4.036112822354752,7.68,20.9,-150.0,DRUGLIKE_MAYBRIDGE
Druglike_325,Druglike,NC(=O)/C=C/CCC1=CC(O)=CC(C2=NNN=C2)=C1,28/000000239,C13H14N4O2,258.0,2.08,4.41,-8.626,0.052986538922561374,0.38386512116827587,0.21842583004541863,2.9377720204475946,0.54,20.2,-120.0,DRUGLIKE_CONCAT
Druglike_540,Druglike,O=C(CC1=NNC=C1Br)OCC#C[C@@H](CO)C1=NNC(=O)N1,21/000000057,C12H12N5O4Br,370.0,0.26,4.24,-9.078,-0.4461430527473538,0.8823928549523465,0.21812490110249638,4.383852482696687,6.25,6.2,-150.0,DRUGLIKE_CONCAT
Druglike_1773,Druglike,NCC/C=C/C1=CC(=O)C=C(C2=CC=C(Br)C=C2)N1,15/000000171,C15H15N2OBr,319.0,3.08,4.54,-8.279,0.43467387372896693,0.0011458211172309387,0.21790984742309893,2.800589969165543,1.6,5.09,-160.0,DRUGLIKE_MAYBRIDGE
Druglike_1283,Druglike,NCC1=NNC(CN/C=C/C2=CC=CC3=C2C=CC=C3)=N1,10/000000023,C16H18N5,280.0,2.6,4.12,-9.397,-0.7984698233378826,1.2342299060079196,0.21788004133501848,3.1904602457423437,1.29,3.58,-80.0,DRUGLIKE_CRAFT
HighDiv_608,HighDiv,NNCC(=O)C1=CC(=O)C=C([C@H](Br)CCC#CC2=CC=CN2)C1=O,10/000000175,C17H16N3O3Br,390.0,0.49,4.39,-8.678,-0.0057345895091947315,0.441217869302728,0.21774163989676662,4.454599709582167,3.9,5.08,-150.0,HIGHDIVERSITY_CONCAT
Druglike_1687,Druglike,NC(=O)NC1=CC(O)=CC=C1/C=C/CC1=CC(=O)OCC1,4/000000057,C15H16N2O4,288.0,0.42,4.03,-9.636,-1.0627149012807786,1.4978319599335665,0.21755852932639397,3.052310113261375,2.24,3.58,-60.0,DRUGLIKE_LANAPDB
Druglike_389,Druglike,CNC/C(=C/CCC1=CC(O)=CC(C2=NNN=C2)=C1)C(=O)O,28/000000397,C15H18N4O3,302.0,2.24,4.37,-8.73,-0.06445571794094823,0.4985706174371782,0.21705744974811497,3.1182791884522647,2.87,22.6,-140.0,DRUGLIKE_CONCAT
Druglike_1756,Druglike,C=CC1=CNC(C2=C(C(=O)O)C=C(CCI)C=C2)=CC1=O,15/000000154,C16H14NO3I,395.0,3.79,4.64,-8.011,0.7282795158877396,-0.2944414192680153,0.21691904830986217,2.992090835286282,6.93,3.58,-160.0,DRUGLIKE_MAYBRIDGE
HighDiv_1827,HighDiv,OC1=CC(C2=NN=CO2)=CC(CCCCC2=NNC=C2)=C1,27/000000031,C15H16N4O2,284.0,3.81,4.14,-9.34,-0.7397486949061292,1.1713624705528483,0.21580688782335955,3.0528719082733593,1.11,22.4,-120.0,HIGHDIVERSITY_LANAPDB
Druglike_1857,Druglike,O=C1NN=C([C@@H](/C=C/C2=CC=CC(F)=C2F)CO)N1,27/000000100,C12H11N3O2F2,267.0,1.6,4.32,-8.857,-0.2112585390203346,0.6386436753809314,0.2136925681802984,3.657413552905415,2.72,3.58,-150.0,DRUGLIKE_MAYBRIDGE
Druglike_1286,Druglike,OC/C(=C/C1=NN=NN1)C1=NN=C(CC[C@@H]2C=CCCC2)O1,29/000000010,C14H18N6O2,302.0,1.19,4.11,-9.416,-0.8278303875537594,1.2551857178262766,0.21367766513625863,4.266661694378305,5.15,5.09,-150.0,DRUGLIKE_CRAFT
Druglike_262,Druglike,NCCC1=NC=C(/C=C/[C@H]2NC(=O)C=C2CC(=O)O)C=C1Br,13/000000152,C15H17N3O3Br,367.0,-0.08,4.49,-8.404,0.28787105264958057,0.13901300413273723,0.2134420283911589,4.463991875773202,5.83,3.98,-150.0,DRUGLIKE_CONCAT
Druglike_1933,Druglike,O=C(O)COC(=O)C#CC1=CC(C(=O)CC(=O)O)=CC(O)=C1,1/000000020,C14H10O8,306.0,0.64,4.18,-9.229,-0.6223064380426195,1.048936412035078,0.2133149869962292,2.8541854171606804,2.47,3.7,-60.0,DRUGLIKE_MAYBRIDGE
Druglike_1786,Druglike,CCCOC(=O)C1=CC(C2=COC(CNCCO)=C2)=CC(O)=C1,1/000000175,C17H21NO5,319.0,1.69,4.5,-8.377,0.3172316168654573,0.1092336926013887,0.213232654733423,2.587138826228271,3.67,3.58,-180.0,DRUGLIKE_MAYBRIDGE
Druglike_1244,Druglike,NC1=C(CO)C(C(=O)OCC2=NC=CC(O)=C2C(=O)O)=CC=C1,16/000000011,C15H14N2O6,318.0,0.09,4.23,-9.095,-0.47550361696323057,0.9011427918424568,0.21281958743961313,2.6544474652815264,6.51,5.49,0.0,DRUGLIKE_CRAFT
HighDiv_440,HighDiv,CCCC1=CC(C2=CC(O)=C(F)C=C2N=O)=C(CO)N1,6/000000147,C14H15N2O3F,278.0,2.02,4.53,-8.296,0.4053133095130902,0.019895758007339198,0.2126045337602147,3.349555515671157,5.08,20.3,-180.0,HIGHDIVERSITY_CONCAT
Druglike_1626,Druglike,O=C(O)C1=NOC(C#C[C@H](O)C2=CC=CC=C2)=C1C(=O)O,6/000000153,C14H8NO6,286.0,0.81,4.11,-9.414,-0.8278303875537594,1.2529798428980279,0.21257472767213426,3.2429387337918456,4.14,23.6,-150.0,DRUGLIKE_LANAPDB
HighDiv_1221,HighDiv,C[C@@H](CCN)NC(=O)C#CC1=C(O)C(O)=CN=C1CS,1/000000217,C13H18N3O3S,296.0,0.52,4.9,-7.309,1.4916541855005534,-1.0687035190830976,0.2114753332087279,4.616503481695412,9.14,20.5,-170.0,HIGHDIVERSITY_CRAFT
Druglike_1726,Druglike,OC/C=C/C1=C(C2=NC(CO)=CC=C2)NC=N1,13/000000013,C12H13N3O2,231.0,0.15,4.97,-7.122,1.6971781350116932,-1.2749528248742954,0.21111265506869892,3.0762901297212473,2.36,15.5,-160.0,DRUGLIKE_MAYBRIDGE
Druglike_762,Druglike,NCC1=NON=C1C#C[C@H](O)C(=O)C1=CC(F)=CC=C1O,18/000000073,C13H10N3O4F,291.0,0.86,4.13,-9.358,-0.7691092591220059,1.191215344907082,0.211053042892538,3.77754112105975,5.8,3.58,-150.0,DRUGLIKE_CONCAT
HighDiv_383,HighDiv,C=C(CN[C@@H](C)F)C(=O)C1=CC(N=O)=C(Br)C=C1O,12/000001091,C12H13N2O3FBr,332.0,2.24,4.58,-8.16,0.5521161305924766,-0.1301037371135308,0.21100619673947288,4.556676937520798,3.94,2.35,-190.0,HIGHDIVERSITY_CONCAT
HighDiv_2046,HighDiv,C=CC1=NC(C2=C(ON)C(F)=CC(CO)=C2)=CN1,27/000000374,C12H12N3O2F,249.0,0.64,4.53,-8.292,0.4053133095130902,0.015484008150843482,0.21039865883196684,3.533780349068838,1.84,19.3,-120.0,HIGHDIVERSITY_MAYBRIDGE
Druglike_1828,Druglike,CCCCCC1=CNC(=O)C2=C1C=C(C(=O)CN1C=CCC1)N2,14/000000005,C18H23N3O2,313.0,2.12,4.36,-8.744,-0.09381628215682498,0.5140117419349142,0.2100977298890446,3.1417922205262823,1.36,24.2,-100.0,DRUGLIKE_MAYBRIDGE
Druglike_482,Druglike,CCCC1=CC(=O)N[C@@H]1/C=C/C1=CN=C(CO)C(Br)=C1,13/000000039,C15H17N2O2Br,337.0,1.24,4.28,-8.956,-0.3287007958838442,0.7478344843292125,0.20956684422268415,3.904470514662445,7.35,2.35,-170.0,DRUGLIKE_CONCAT
HighDiv_261,HighDiv,NOC1=CC(C(=O)O)=CC(OC(=O)CCCF)=C1Br,12/000001220,C11H11NO5FBr,336.0,1.57,4.71,-7.811,0.9338034653988821,-0.5150289120928245,0.2093872766530288,2.7835521109453314,4.74,19.2,0.0,HIGHDIVERSITY_CONCAT
HighDiv_381,HighDiv,CC1=C(O)C=C(N2CCNC2=O)C=C1CCS,28/000000313,C12H16N2O2S,252.0,1.4,4.58,-8.156,0.5521161305924766,-0.13451548697002652,0.20880032181122501,2.9555212463250076,2.77,15.1,-140.0,HIGHDIVERSITY_CONCAT
HighDiv_1383,HighDiv,C=C[C@@H](CCC(C)=O)NC(=O)C#CC1=C(O)C(O)=CN=C1,1/000000527,C15H16N2O4,288.0,0.9,4.32,-8.847,-0.2112585390203346,0.627614300739691,0.20817788085967823,3.92931511240416,6.14,21.0,-200.0,HIGHDIVERSITY_CRAFT
Druglike_1210,Druglike,CC#C[C@H](O)C1=CC=C(NC2=C(O)C=CC(CCl)=C2)C=C1,13/000000018,C17H16NO2Cl,301.0,3.0,4.35,-8.767,-0.12317684637270433,0.5393793036097669,0.2081012286185313,3.02532583085609,5.1,16.5,-170.0,DRUGLIKE_CRAFT
Druglike_353,Druglike,O=C(O)C1=NC(C2=CC=C(CNCCCl)C(C(=O)O)=C2)=NN1,6/000000023,C13H13N4O4Cl,324.0,1.72,4.39,-8.659,-0.0057345895091947315,0.4202620574843709,0.20726373398758807,2.677444668662167,0.65,3.72,-180.0,DRUGLIKE_CONCAT
HighDiv_1339,HighDiv,CCNC(=O)C#CC1=C(O)C(O)=CN=C1C(=O)O,1/000000154,C11H9N2O5,249.0,-0.29,4.4,-8.632,0.023625974706684625,0.39048274595302046,0.20705436032985255,3.2230154259919157,4.15,18.8,-20.0,HIGHDIVERSITY_CRAFT
HighDiv_2034,HighDiv,C=CC(=C)C1=NC(C2=C(ON)C(F)=CC=C2)=CN1,27/000000055,C13H12N3OF,245.0,1.88,4.56,-8.206,0.49339500216072046,-0.07936861376382517,0.20701319419844766,3.5704671182996073,2.76,2.22,-120.0,HIGHDIVERSITY_MAYBRIDGE
Druglike_483,Druglike,C=C1C[C@@H](CC2=NC(O)=NC=C2C(=O)O)OC1=O,29/000000068,C11H10N2O5,250.0,-0.06,4.28,-8.951,-0.3287007958838442,0.7423197970085934,0.2068095005623746,3.8306836460478504,4.03,3.85,-150.0,DRUGLIKE_CONCAT
HighDiv_896,HighDiv,CCNC(=O)C#CC1=CC=C(C(=O)NC(=O)CN)C(Cl)=C1Cl,19/000000017,C14H13N3O3Cl2,341.0,1.93,4.18,-9.217,-0.6223064380426195,1.0357011624655907,0.2066973622114856,2.892325703992494,6.7,24.2,-80.0,HIGHDIVERSITY_CONCAT
Druglike_1819,Druglike,C[C@H](O)CCC1=CC(C(=O)OC2=CC(O)=C(Cl)C=C2)=C(I)C=C1,5/000000180,C17H16O4ClI,446.0,4.97,4.38,-8.684,-0.03509515372507148,0.4478354940874706,0.20637017018119955,2.8349461405964895,3.54,5.09,-197.0,DRUGLIKE_MAYBRIDGE
HighDiv_1752,HighDiv,[O-][S@@+](C1=CC=C(O)C(CF)=C1)C1=C(O)C=C(I)C(O)=C1,12/000000197,C13H10O4SFI,408.0,2.36,4.32,-8.843,-0.2112585390203346,0.6232025508831954,0.20597200593143042,3.7544778406697703,2.76,17.8,0.0,HIGHDIVERSITY_LANAPDB
Druglike_158,Druglike,CC(=O)C1=CC(C2=NC=CN2CCl)=CC=C1CC1=CC(C(=O)O)=CN1,6/000000016,C18H16N3O3Cl,357.0,2.56,4.64,-7.989,0.7282795158877396,-0.3187060434787437,0.20478673620449797,2.9577846427700507,3.52,3.7,-200.0,DRUGLIKE_CONCAT
Druglike_1198,Druglike,O=C(O)/C(=C/CC1=C(C(=O)O)C(O)=NO1)C1=CC[C@@H](CO)O1,4/000000013,C13H12NO8,310.0,-0.27,4.4,-8.627,0.023625974706684625,0.3849680586324013,0.20429701666954297,4.217649505029192,8.03,5.35,-150.0,DRUGLIKE_CRAFT
Druglike_155,Druglike,CNC/C=C/C1=CC(C2=NNN=C2)=CC(O)=C1,28/000000371,C12H15N4O,231.0,2.72,4.64,-7.988,0.7282795158877396,-0.31980898094286714,0.20423526747243625,3.749820741966145,2.46,17.4,-140.0,DRUGLIKE_CONCAT
Druglike_293,Druglike,O=C(CO)C1=NC(C#CCC[C@@H]2CCCN2)=CN=C1Cl,19/000000035,C14H17N3O2Cl,294.0,0.44,4.46,-8.467,0.19978936000194772,0.20849806437255308,0.20414371218725041,4.750431821776384,4.29,19.3,-150.0,DRUGLIKE_CONCAT
HighDiv_647,HighDiv,NCC1=C(C/C=C/[C@H](/C=C\CF)C2=CCOC2)OC(C(=O)O)=N1,3/000000261,C16H19N2O4F,322.0,0.44,4.36,-8.73,-0.09381628215682498,0.4985706174371782,0.2023771676401766,4.813814441526328,8.06,6.72,-150.0,HIGHDIVERSITY_CONCAT
HighDiv_291,HighDiv,CCOCN[C@H](Cl)CC1=C(Br)C(CO)=CC(C(=O)N=O)=C1,12/000000778,C13H16N2O4ClBr,379.0,2.05,4.69,-7.851,0.8750823369671286,-0.47091141352786253,0.202085461719633,3.888092440339383,7.03,20.2,-200.0,HIGHDIVERSITY_CONCAT
Druglike_167,Druglike,NCCOC(=O)CC(=O)CNC/C=C/C1=CC(F)=CC=C1F,16/000000078,C15H18N2O3F2,312.0,0.85,4.62,-8.037,0.6695583874559862,-0.26576504520078825,0.20189667112759896,2.769226509771876,4.79,5.09,-60.0,DRUGLIKE_CONCAT
Druglike_1783,Druglike,O=C(O)C1=CC(=O)C=C(C2=NN=C(CO)O2)N1,15/000000262,C9H6N3O5,236.0,-0.3,4.51,-8.329,0.3465921810813341,0.056292694323434235,0.20144243770238418,2.974119282331555,3.83,23.2,-120.0,DRUGLIKE_MAYBRIDGE
Druglike_1563,Druglike,O=C(O)C1=NOC(C#C[C@H]2C=CCCC2)=C1C(=O)O,6/000000149,C13H10NO5,260.0,1.14,4.19,-9.18,-0.5929458738267401,0.994892476293,0.20097330123312995,4.038585105880741,4.45,24.0,-150.0,DRUGLIKE_LANAPDB
Druglike_1445,Druglike,C[C@@H](NC(=O)C1=CCC=C(CO)O1)C1=NC=NN1,20/000000151,C11H14N4O3,250.0,-0.04,4.58,-8.14,0.5521161305924766,-0.15216248639601132,0.19997682209823262,3.996530261617156,1.65,3.58,-190.0,DRUGLIKE_LANAPDB
HighDiv_248,HighDiv,NC(N)NC1=C(Br)C(N=O)=CC(C(=O)CO)=C1,12/000000123,C9H10N4O3Br,302.0,-0.13,4.73,-7.74,0.9925245938306382,-0.5933374720456318,0.19959356089250319,3.40151273568671,3.67,18.4,0.0,HIGHDIVERSITY_CONCAT
Druglike_595,Druglike,C/C=C/C(F)(F)CCC1=CC=C(C(=O)C2=NC(=O)ON2)N1,23/000000415,C13H13N3O3F2,297.0,1.52,4.21,-9.124,-0.5342247453949867,0.9331279783020542,0.19945161645353376,3.7860197477531248,5.21,3.58,-170.0,DRUGLIKE_CONCAT
Druglike_1177,Druglike,C/C=C/CCC1=NC(CO)=C(C2=NNC(=O)C(CO)=C2)O1,15/000000216,C14H17N3O4,291.0,-0.22,4.46,-8.458,0.19978936000194772,0.19857162719543625,0.199180493598692,3.3790887312535514,2.06,25.0,-160.0,DRUGLIKE_CRAFT
HighDiv_2198,HighDiv,NC(=O)NC1=CC=C(O)C(C2=NC=NC=C2)=C1Br,12/000000005,C11H9N4O2Br,309.0,0.53,4.17,-9.229,-0.6516670022584963,1.048936412035078,0.19863470488829083,2.6253341952226847,1.06,14.9,-180.0,HIGHDIVERSITY_MAYBRIDGE
Druglike_604,Druglike,CCCCC(=O)NCCCC#CC1=C(O)C=C2OCNC2=C1,21/000000164,C17H22N2O3,302.0,2.65,4.21,-9.121,-0.5342247453949867,0.9298191659096818,0.1977972102573476,2.9528991813625804,-0.08,19.6,-60.0,DRUGLIKE_CONCAT
Druglike_994,Druglike,C=C(C1=CC=C(C2=C(Cl)C=NN2)C(CBr)=C1)C1=CNN=N1,30/000000012,C14H11N5ClBr,364.0,4.54,4.02,-9.626,-1.092075465496658,1.4868025852923261,0.19736355989783405,3.5389636204321704,7.67,3.58,-174.0,DRUGLIKE_CONCAT
Druglike_447,Druglike,OC1=CC(C/C=C/CNCC2=NC=CN2)=CC2=C1NCO2,21/000000186,C15H19N4O2,287.0,1.02,4.31,-8.854,-0.24061910323621394,0.6353348629885591,0.1973578798761726,4.212411362367654,2.26,3.72,-40.0,DRUGLIKE_CONCAT
HighDiv_850,HighDiv,COC1=C(O)C(CC2=NN=C(C3=CCC=CN3)N2)=CC=C1O,8/000000003,C15H16N4O3,300.0,3.16,4.21,-9.12,-0.5342247453949867,0.9287162284455565,0.1972457415252849,3.5715233571867575,0.36,22.1,-200.0,HIGHDIVERSITY_CONCAT
HighDiv_1366,HighDiv,N=C1NCC[C@H]1CCC1=NN(C(=O)O)C=C1[N+](=O)[O-],25/000000038,C10H12N5O4,266.0,0.26,4.35,-8.747,-0.12317684637270433,0.5173205543272864,0.19707185397729104,4.195224795508965,3.96,5.53,-150.0,HIGHDIVERSITY_CRAFT
Druglike_1035,Druglike,NC(=O)C1=NON=C1C#C[C@H](O)C(=O)C1=CN=CC(F)=C1,18/000000081,C12H7N4O4F,290.0,-0.22,4.01,-9.651,-1.1214360297125348,1.5143760218954279,0.19646999609144655,3.8514127390968858,5.44,3.58,-150.0,DRUGLIKE_CONCAT
Druglike_1996,Druglike,O=C(C1=CC(C2=CC(CO)=CC(O)=C2)=CO1)N1CCC1,1/000000005,C15H15NO4,273.0,1.06,4.09,-9.438,-0.8865515159855155,1.279450342037006,0.19644941302574526,2.495904256929899,5.4,3.58,-120.0,DRUGLIKE_MAYBRIDGE
HighDiv_490,HighDiv,N=C1NC(CCC2=CC(NC3=CC(F)=CC(S)=C3Br)=CN=C2)=CS1,16/000000007,C16H14N4S2FBr,425.0,4.48,4.48,-8.398,0.25851048843370383,0.13239537934799267,0.19545293389084825,3.5114045234470312,5.74,24.5,-21.0,HIGHDIVERSITY_CONCAT
HighDiv_1216,HighDiv,O=C(C[C@H](CCl)[N+](=O)[O-])C1=CC(O)=C(S)C(Br)=C1,3/000000049,C10H9NO4SClBr,354.0,3.3,4.94,-7.172,1.609096442364063,-1.219805951668093,0.194645245347985,3.923674307058574,2.28,2.22,-170.0,HIGHDIVERSITY_CRAFT
HighDiv_555,HighDiv,N/C=C\CS(=O)(=O)CCSCC1=CC(O)=CC(N2CCNC2=O)=C1,28/000000425,C15H21N3O4S2,371.0,0.53,4.43,-8.529,0.11170766735431488,0.27688018714824353,0.1942939272512792,3.296368739696105,4.41,24.8,-120.0,HIGHDIVERSITY_CONCAT
HighDiv_2094,HighDiv,C=C(C)CC1=NC(C2=C(ON)C(F)=CC(C=S)=C2)=CN1,27/000000403,C14H14N3OSF,291.0,1.39,4.38,-8.662,-0.03509515372507148,0.4235708698767432,0.19423785807583585,3.891181809377452,1.43,22.1,-160.0,HIGHDIVERSITY_MAYBRIDGE
Druglike_252,Druglike,NC1=C(/C=C/CNCCO)C=C(OC[C@H]2CCCC=N2)C=C1,27/000000034,C17H25N3O2,303.0,1.3,4.49,-8.369,0.28787105264958057,0.10041019288839531,0.19414062276898794,3.627011524259961,4.14,3.58,-170.0,DRUGLIKE_CONCAT
Druglike_913,Druglike,NC1=CN=C(CC/C=C/C2=CC3=C(OCN3)C(CO)=C2)C=C1,21/000000114,C17H19N3O2,297.0,1.25,4.06,-9.512,-0.9746332086331483,1.3610677143821857,0.19321725287451869,3.1828135014175256,5.62,16.0,-40.0,DRUGLIKE_CONCAT
Druglike_291,Druglike,O=C1C=C[C@@H](/C=C/C2=CN=C(C(=O)O)C(Br)=C2)N1,13/000000005,C12H9N2O3Br,309.0,1.2,4.46,-8.447,0.19978936000194772,0.18643931509007058,0.19311433754600915,3.855285266142042,5.64,3.85,-150.0,DRUGLIKE_CONCAT
HighDiv_1363,HighDiv,O=C(CF)C1=CC(C2=CC=NO2)=C(O)C(O)=C1,3/000000136,C11H8NO4F,237.0,1.83,4.36,-8.712,-0.09381628215682498,0.4787177430829445,0.19245073046305977,2.986215518010768,1.51,3.58,-120.0,HIGHDIVERSITY_CRAFT
HighDiv_1334,HighDiv,C=C[C@@H](COC(C)=O)NC(=O)C#CC1=C(O)C(O)=CN=C1,1/000000484,C14H14N2O5,290.0,0.77,4.42,-8.552,0.08234710313843813,0.30224774882309635,0.19229742598076724,3.9710964889223774,3.04,21.6,-200.0,HIGHDIVERSITY_CRAFT
HighDiv_406,HighDiv,O=C(O)CC1=NNC(C2=NC(/C=C/COCCO)=CC=C2I)=N1,4/000000124,C14H15N4O4I,430.0,1.23,4.56,-8.178,0.49339500216072046,-0.11025086275929714,0.19157206970071167,3.29805361912768,5.78,23.8,-160.0,HIGHDIVERSITY_CONCAT
Druglike_1167,Druglike,CC1=C([C@H](C(=O)O)C2=NN=C(/C=C/CCCN)O2)OCC1=O,1/000000026,C14H17N3O5,307.0,0.31,4.5,-8.336,0.3172316168654573,0.06401325657230222,0.19062243671887977,4.088111926214564,6.95,5.09,-170.0,DRUGLIKE_CRAFT
Druglike_554,Druglike,O=C(O)CC[C@@H](C#CC1=C(O)C=C2OCNC2=C1)CO,21/000000128,C14H15NO5,277.0,0.88,4.24,-9.026,-0.4461430527473538,0.8250401068178964,0.18944852703527132,3.8719320531239823,2.49,18.8,-190.0,DRUGLIKE_CONCAT
Druglike_2052,Druglike,CC1=CC(C/C=C/CC2=NC3=C(C=C2)OC(C(=O)O)=N3)=CN1,2/000000011,C16H14N3O3,296.0,1.41,4.03,-9.583,-1.0627149012807786,1.439376274334993,0.18833068652710716,3.4081914890548894,-0.08,22.4,-100.0,DRUGLIKE_MAYBRIDGE
Druglike_1911,Druglike,CCCOCC1=CC=C(C2=CC(=O)C=C(CN)N2)C=C1,15/000000130,C16H20N2O2,272.0,2.01,4.22,-9.076,-0.5048641811791099,0.8801869800240997,0.18766139942249488,2.4304429208975105,3.63,5.09,-180.0,DRUGLIKE_MAYBRIDGE
Druglike_1202,Druglike,CCOCC1=C(C/C=C(/C(=O)O)C2=CC[C@@H](CO)O2)ON=C1O,4/000000073,C15H18NO7,324.0,0.25,4.39,-8.621,-0.0057345895091947315,0.3783504338476567,0.18630792216923098,4.243418805431654,9.49,6.58,-170.0,DRUGLIKE_CRAFT
HighDiv_1385,HighDiv,CNCCC1=CC(C#C[C@@H](C(=O)O)N2C=C([N+](=O)[O-])C=N2)=CC=C1,27/000000021,C16H17N4O4,329.0,2.1,4.32,-8.807,-0.2112585390203346,0.58349680217473,0.1861191315771977,4.107887884094222,2.16,3.98,-170.0,HIGHDIVERSITY_CRAFT
Druglike_227,Druglike,O=C(CO)OC/C=C(\CO)CCC1=CC=C2CNNCC2=C1Cl,15/000000015,C16H21N2O4Cl,340.0,1.23,4.53,-8.246,0.4053133095130902,-0.03525111519886214,0.18503109715711402,3.5269795362874437,3.7,3.84,-120.0,DRUGLIKE_CONCAT
HighDiv_668,HighDiv,SC1=CC=C(C2=CN=CC=C2)C=C1CCC1=NCON1,3/000000319,C15H15N3OS,285.0,3.13,4.34,-8.751,-0.15253741058858108,0.5217323041837821,0.18459744679760054,3.195060515078529,6.49,15.8,-160.0,HIGHDIVERSITY_CONCAT
Druglike_1761,Druglike,C=C[C@@H](CO)C1=CC(C(=O)NCCC(=O)O)=CC=C1,27/000000070,C14H17NO4,263.0,0.71,4.59,-8.085,0.5814766948083533,-0.2128240469228338,0.18432632394275975,2.7894727245030477,7.15,3.58,-150.0,DRUGLIKE_MAYBRIDGE
HighDiv_992,HighDiv,NNC(=O)C1=C[C@@H](C(=O)C2=CC(N=O)=C(Br)C(Cl)=C2)ON1,12/000000898,C11H8N4O4ClBr,375.0,1.16,4.12,-9.334,-0.7984698233378826,1.1647448457681038,0.18313751121511057,4.255102966655172,2.18,3.84,-190.0,HIGHDIVERSITY_CONCAT
Druglike_1178,Druglike,C[C@@H](O)C1=CC=C(/C=C/C2=CN=C(C(N)=O)N=C2)C=C1Cl,12/000000013,C15H14N3O2Cl,303.0,1.25,4.45,-8.455,0.17042879578607098,0.19526281480306396,0.18284580529456745,3.0642636674788495,4.62,16.9,-170.0,DRUGLIKE_CRAFT
HighDiv_103,HighDiv,NOC/C=C/[C@@H](/C=C/C1=C(F)C=CC(Br)=C1N)P(=O)(O)O,16/000000004,C12H15N2O4PFBr,381.0,0.1,4.97,-7.069,1.6971781350116932,-1.33340851047287,0.18188481226941167,4.2682799331097705,3.93,5.09,-200.0,HIGHDIVERSITY_CONCAT
Druglike_1883,Druglike,C=C(C)C1=NOC(C[C@H](O)C2=CC(=O)N=C(CO)N2)=C1,25/000000017,C13H15N3O4,277.0,-0.34,4.26,-8.958,-0.3874219243156003,0.7500403592574614,0.18130921747093054,3.822246838338769,2.46,3.85,-170.0,DRUGLIKE_MAYBRIDGE
HighDiv_787,HighDiv,C=CC1=CC(O)=C(I)C(C2=NC(CC(=O)O)=NN2)=N1,4/000000290,C11H9N4O3I,372.0,1.74,4.25,-8.984,-0.41678248853147704,0.7787167333246865,0.18096712239660473,3.578014919855878,6.28,20.8,-120.0,HIGHDIVERSITY_CONCAT
HighDiv_1400,HighDiv,C#CCC1=CC(C2=CN=CC(O)=C2)=CC=C1C(=O)CO,1/000000026,C16H13NO3,267.0,1.42,4.25,-8.984,-0.41678248853147704,0.7787167333246865,0.18096712239660473,2.762341344841987,5.66,16.2,-160.0,HIGHDIVERSITY_CRAFT
Druglike_385,Druglike,CCC1=C(C2=NNC(O)=C2)CC=C(C(=O)N/C=C\CN)O1,23/000000269,C14H18N4O3,290.0,1.06,4.37,-8.664,-0.06445571794094823,0.42577674480499006,0.1806605134320209,4.185854832948467,3.71,24.6,-140.0,DRUGLIKE_CONCAT
HighDiv_525,HighDiv,CCS(=O)(=O)CCSCC1=CC(O)=CC(N2CCNC2=O)=C1,28/000000502,C14H20N2O4S2,344.0,1.28,4.45,-8.451,0.17042879578607098,0.19085106494656826,0.18063993036631962,2.808690318094701,3.05,21.8,-140.0,HIGHDIVERSITY_CONCAT
HighDiv_182,HighDiv,NOC1=C(Br)C(CCCO)=CC(C(=O)O)=C1,12/000001096,C10H12NO4Br,290.0,0.68,4.82,-7.466,1.2567696717735342,-0.8955423372156217,0.18061366727895622,2.6693044681926974,6.79,2.48,0.0,HIGHDIVERSITY_CONCAT
HighDiv_1994,HighDiv,NOC[C@@H](/C=C/C1=C(O)C(F)=CC(F)=C1)CO,1/000000018,C11H13NO3F2,245.0,0.54,4.76,-7.625,1.0806062864782684,-0.7201752804198979,0.18021550302918526,3.693974000586002,3.85,2.22,-150.0,HIGHDIVERSITY_MAYBRIDGE
Druglike_1430,Druglike,OC/C=C(/C1=NNN=C1)C1=NC(N[C@H](Cl)CBr)=CN=C1,29/000000061,C11H12N6OClBr,359.0,2.23,4.67,-7.863,0.8163612085353725,-0.4576761639583734,0.17934252228849956,4.205631821776384,4.91,22.6,-150.0,DRUGLIKE_LANAPDB
HighDiv_1426,HighDiv,C#CCC1=C(F)C=CC(C2=CN=CC(O)=C2CN)=C1,1/000000069,C15H13N2OF,256.0,1.9,4.23,-9.033,-0.47550361696323057,0.8327606690667644,0.1786285260517669,2.9339914689236473,6.82,16.3,-160.0,HIGHDIVERSITY_CRAFT
HighDiv_405,HighDiv,CCCCCCC1=CC(O)=CC(N2CCNC2=O)=C1,28/000000228,C15H22N2O2,262.0,2.35,4.56,-8.153,0.49339500216072046,-0.1378242993623988,0.17778535139916085,2.3121412512168256,1.37,14.4,-140.0,HIGHDIVERSITY_CONCAT
HighDiv_2201,HighDiv,O=[N+]([O-])C1=CC(C[C@H](O)C2=CC(F)=CC=C2S)=CC=C1O,26/000000016,C14H12NO4SF,309.0,3.21,4.17,-9.19,-0.6516670022584963,1.0059218509342402,0.17712742433787199,2.9923143026875607,4.42,3.58,-150.0,HIGHDIVERSITY_MAYBRIDGE
Druglike_1855,Druglike,O=C(CO)C1=CC=C(C2=C(CO)C(=O)C=CN2)C=C1,15/000000051,C14H13NO4,259.0,0.3,4.32,-8.788,-0.2112585390203346,0.562540990356373,0.17564122566801918,2.562601048023792,5.5,3.58,-160.0,DRUGLIKE_MAYBRIDGE
Druglike_408,Druglike,O=C(/C=C/CCO)C1=NN=C(COC2=CC=NC(Cl)=C2CCO)N1,23/000000017,C15H17N4O4Cl,352.0,1.07,4.36,-8.681,-0.09381628215682498,0.44452668169509835,0.1753551997691367,3.32584162751943,4.69,4.94,0.0,DRUGLIKE_CONCAT
Druglike_51,Druglike,NC1=C2C=NNC2=NC([C@@H](CBr)C(=O)O)=N1,21/000000009,C8H8N5O2Br,286.0,0.9,4.96,-7.083,1.6678175707958165,-1.3179673859751329,0.17492509241034182,3.7393945532606976,4.5,17.3,-190.0,DRUGLIKE_CONCAT
HighDiv_1261,HighDiv,O=C(C#CC1=C(O)C(O)=CN=C1CBr)N[C@H](C=S)CCl,1/000000539,C12H10N2O3SClBr,377.0,1.83,4.65,-7.905,0.757640080103619,-0.4113527904651635,0.17314364481922778,4.527836815028745,7.83,23.1,-150.0,HIGHDIVERSITY_CRAFT
HighDiv_2075,HighDiv,C#CC1=CC=C([C@@H](CO)C2=CNC(=S)S2)C2=C1N=CN2,22/000000069,C14H11N3OS2,301.0,1.34,4.45,-8.435,0.17042879578607098,0.17320406552058343,0.1718164306533272,4.290542752950472,2.77,24.1,-190.0,HIGHDIVERSITY_MAYBRIDGE
HighDiv_665,HighDiv,CC(=O)C1=NC=C([C@H](O)C#CC2=CC(S)=C(S)C=C2Br)C=N1,29/000000027,C15H11N2O2S2Br,395.0,2.64,4.34,-8.725,-0.15253741058858108,0.4930559301165571,0.17025925976398798,4.137039505029193,4.56,3.7,-190.0,HIGHDIVERSITY_CONCAT
HighDiv_434,HighDiv,NOC1=CC(C(=O)O)=CC(CC#CCCCl)=C1Br,12/000001358,C12H11NO3ClBr,332.0,2.27,4.53,-8.219,0.4053133095130902,-0.06503042673021263,0.17014144139143877,3.2331297117062014,7.12,2.48,0.0,HIGHDIVERSITY_CONCAT
Druglike_1893,Druglike,CCC1=NN=C(C2=CC(=O)C=C(C(=O)O)N2)O1,15/000000013,C10H9N3O4,235.0,1.43,4.25,-8.964,-0.41678248853147704,0.756657984042206,0.16993774775536447,2.8375903134281177,3.19,22.6,-140.0,DRUGLIKE_MAYBRIDGE
Druglike_598,Druglike,O=C(O)CC1=CC=C(C2=NNC(C(=O)O)=N2)C=C1C(=O)O,6/000000006,C12H9N3O6,291.0,0.87,4.21,-9.07,-0.5342247453949867,0.8735693552393552,0.16967230492218427,2.501968316788444,1.42,3.72,-160.0,DRUGLIKE_CONCAT
HighDiv_831,HighDiv,O=NC(=O)C1=CC(CC#CCCOC(=O)CO)=C(Br)C(O)=C1,12/000000055,C14H12NO6Br,370.0,1.5,4.22,-9.043,-0.5048641811791099,0.8437900437080047,0.1694629312644474,3.3571964341098344,7.21,5.21,-60.0,HIGHDIVERSITY_CONCAT
Druglike_1466,Druglike,N[C@@H](NCCCCCl)NCCCC1=CC(=O)OC(C2=CON=C2)=C1,23/000000069,C16H21N4O3Cl,352.0,2.24,4.44,-8.456,0.14106823157019424,0.19636575226718742,0.16871699191869083,3.758636878253858,6.6,4.94,-120.0,DRUGLIKE_LANAPDB
Druglike_1221,Druglike,C=CC1=NC(CO)=C(C2=NNC(=O)C(C)=C2)O1,15/000000182,C11H11N3O3,233.0,0.19,4.31,-8.802,-0.24061910323621394,0.5779821148541089,0.16868150580894747,3.460790968092602,2.4,22.0,-140.0,DRUGLIKE_CRAFT
Druglike_1774,Druglike,NCC1=CC(=O)C=C(C2=CC(CO)=CC=C2)N1,15/000000195,C13H14N2O2,230.0,0.71,4.54,-8.189,0.43467387372896693,-0.09811855065393343,0.16827766153751675,2.5019079279944023,5.17,2.22,-160.0,DRUGLIKE_MAYBRIDGE
HighDiv_717,HighDiv,C=CCNCNCC1=C(Br)C(N=O)=CC(C(=O)[C@@H]2CNCO2)=C1,12/000000384,C15H19N4O3Br,383.0,1.2,4.29,-8.854,-0.2993402316679674,0.6353348629885591,0.16799731566029585,4.245080477029287,4.85,5.09,-150.0,HIGHDIVERSITY_CONCAT
Druglike_1215,Druglike,C=CC1=NC(CO)=C(C2=NNC(=O)C(CCC)=C2)O1,15/000000151,C13H15N3O3,261.0,0.8,4.34,-8.72,-0.15253741058858108,0.4875412427959379,0.16750191610367843,3.3703987258176964,2.44,23.2,-180.0,DRUGLIKE_CRAFT
Druglike_384,Druglike,NC(=O)C1=NC=C(C(=O)C#CC2=CN=C(C[C@H](F)CBr)N2)O1,30/000000019,C13H10N4O3FBr,369.0,0.6,4.37,-8.64,-0.06445571794094823,0.3993062456660138,0.16742526386253279,4.363641308307881,0.61,5.09,-170.0,DRUGLIKE_CONCAT
HighDiv_637,HighDiv,NC(=S)NC/C=C/CC1=C([N+](=O)[O-])OC(C(=O)O)=C1,3/000000218,C10H11N3O5S,285.0,0.42,4.36,-8.665,-0.09381628215682498,0.4268796822691135,0.16653170005614426,3.427957540809585,3.99,4.16,-90.0,HIGHDIVERSITY_CONCAT
HighDiv_1995,HighDiv,NC(=O)CC(=O)O[C@@H](C(=O)O)C1=CC=C(I)C(O)=C1,22/000000042,C11H10NO6I,379.0,0.33,4.76,-7.6,1.0806062864782684,-0.7477487170229995,0.16642878472763445,3.219936014443876,1.96,4.69,-170.0,HIGHDIVERSITY_MAYBRIDGE
HighDiv_1336,HighDiv,C[C@@H](CBr)NC(=O)C#CC1=C(O)C(O)=CN=C1CC(=O)O,1/000000538,C13H13N2O5Br,357.0,1.1,4.42,-8.505,0.08234710313843813,0.2504096880092673,0.1663783955738527,3.980571691351528,7.9,21.7,-200.0,HIGHDIVERSITY_CRAFT
HighDiv_325,HighDiv,NOC1=CC(C(=O)O)=CC(OC/C=C/C=S)=C1Br,12/000001405,C11H10NO4SBr,332.0,1.2,4.65,-7.892,0.757640080103619,-0.42569097749877605,0.1659745513024215,3.2598923490688376,5.98,19.0,0.0,HIGHDIVERSITY_CONCAT
HighDiv_319,HighDiv,C=C[C@@H](O)COC1=CC(C(=O)O)=CC(ON)=C1Br,12/000001284,C11H12NO5Br,318.0,0.89,4.65,-7.89,0.757640080103619,-0.4278968524270249,0.16487161383829707,3.3299233046035814,4.94,16.5,-150.0,HIGHDIVERSITY_CONCAT
Druglike_1994,Druglike,CCC1=C(C#CCO)NC(C2=C(Cl)C(O)=CC=C2)=C1,1/000000102,C15H14NO2Cl,275.0,3.25,4.1,-9.354,-0.8571909517696387,1.1868035950505842,0.16480632164047276,3.1126930654403377,5.39,3.58,-140.0,DRUGLIKE_MAYBRIDGE
HighDiv_1492,HighDiv,OCC#CCC1=NC=C(C2=CC=CC(F)=C2F)C=C1O,1/000000556,C15H11NO2F2,275.0,2.38,4.1,-9.352,-0.8571909517696387,1.1845977201223374,0.1637033841763494,2.781421839347482,2.61,18.8,-200.0,HIGHDIVERSITY_CRAFT
Druglike_1885,Druglike,NC(=O)C1=CC=C(O)C=C1C#CC(=O)O[C@H]1CN=C(CO)C1,1/000000058,C15H14N2O5,302.0,-0.1,4.26,-8.921,-0.3874219243156003,0.7092316730848707,0.1609048743846352,3.900078887122509,7.84,23.4,-150.0,DRUGLIKE_MAYBRIDGE
HighDiv_310,HighDiv,C=CC1=C(C(=C)N)C=C(I)C(C2=NC(CC(=O)O)=NN2)=N1,4/000000215,C13H12N5O2I,397.0,2.17,4.66,-7.856,0.7870006443194958,-0.4653967262072424,0.1608019590561267,3.705799086019214,7.53,23.2,-120.0,HIGHDIVERSITY_CONCAT
HighDiv_403,HighDiv,CNCC[C@H](O)CC1=CC(C(=O)N=O)=CC(O)=C1Br,12/000000340,C12H16N2O4Br,332.0,1.33,4.56,-8.122,0.49339500216072046,-0.17201536075024498,0.16068982070523774,4.332945679602247,2.89,3.85,-170.0,HIGHDIVERSITY_CONCAT
HighDiv_222,HighDiv,O=C(O)CC1=NNC(C2=NC(C(=O)O)=C(CCl)C=C2I)=N1,4/000000277,C11H8N4O4ClI,422.0,1.71,4.76,-7.589,1.0806062864782684,-0.7598810291283632,0.1603626286749526,3.3240387621325747,8.14,23.7,-120.0,HIGHDIVERSITY_CONCAT
HighDiv_566,HighDiv,C=C[C@@H](/C=C/CC1=C(CN)N=C(C(=O)O)O1)C1=CCOC1,3/000000123,C15H18N2O4,290.0,0.02,4.42,-8.493,0.08234710313843813,0.23717443843977817,0.15976077078910816,4.635774331507982,6.43,5.21,-150.0,HIGHDIVERSITY_CONCAT
HighDiv_871,HighDiv,C=CC1=CC([C@H](O)CC2=CC(C(=O)N=O)=CC=C2Br)=CN1,12/000000792,C15H13N2O3Br,349.0,2.78,4.2,-9.078,-0.5635853096108634,0.8823928549523465,0.15940377267074157,3.6636851528899896,5.22,3.7,-150.0,HIGHDIVERSITY_CONCAT
Druglike_1860,Druglike,O=C1C=C(CBr)NC(C2=NN=C(CCCO)O2)=C1,15/000000084,C11H12N3O3Br,314.0,1.84,4.31,-8.782,-0.24061910323621394,0.5559233655716284,0.1576521311677072,3.139075154498702,4.56,22.7,-120.0,DRUGLIKE_MAYBRIDGE
Druglike_1233,Druglike,NCCCCCC1=CC(/C=C2\C=CC3=CC(CO)=CC=C23)=NO1,17/000000026,C19H23N2O2,311.0,2.54,4.25,-8.941,-0.41678248853147704,0.7312904223673531,0.15725396691793803,3.480528980780952,4.49,20.8,-60.0,DRUGLIKE_CRAFT
Druglike_442,Druglike,OC[C@@H](/C=C/C1=C(F)C=CC(F)=C1)NCC1=NNN=C1,16/000000048,C13H14N4OF2,280.0,2.61,4.31,-8.781,-0.24061910323621394,0.554820428107505,0.15710066243564552,3.476405910845209,0.93,5.09,-150.0,DRUGLIKE_CONCAT
Druglike_1230,Druglike,CCC1=NC(CO)=C(C2=NNC(=O)C(CC)=C2)O1,15/000000279,C12H15N3O3,249.0,0.4,4.26,-8.913,-0.3874219243156003,0.7004081733718792,0.15649312452813946,3.0669074259919142,2.43,21.6,-200.0,DRUGLIKE_CRAFT
HighDiv_835,HighDiv,OC1=CC(C#CC2=CN=NS2)=CC(N[C@@H]2C=CCCC2)=C1,23/000000229,C16H15N3OS,297.0,4.28,4.22,-9.019,-0.5048641811791099,0.8173195445690284,0.15622768169495926,3.9407310585971858,0.28,24.1,-168.0,HIGHDIVERSITY_CONCAT
HighDiv_427,HighDiv,C=CCCCCCC1=CC(O)=CC(N2CCNC2=O)=C1,28/000000389,C16H22N2O2,274.0,2.35,4.54,-8.166,0.43467387372896693,-0.12348611232878624,0.15559388070009034,2.529119843974433,3.19,16.0,-120.0,HIGHDIVERSITY_CONCAT
Druglike_1172,Druglike,NCCC/C=C/C1=NC(CO)=C(C2=NNC(=O)C=C2)O1,15/000000237,C13H17N4O3,277.0,-0.23,4.48,-8.325,0.25851048843370383,0.051880944466936564,0.1551957164503202,3.816340896606012,4.87,24.6,-120.0,DRUGLIKE_CRAFT
HighDiv_669,HighDiv,O=C1NCCN1C1=CC(CSCC2=NON=C2)=CC(O)=C1,28/000000113,C13H14N4O3S,306.0,1.63,4.34,-8.697,-0.15253741058858108,0.46217368112108315,0.15481813526625104,3.231039837330025,2.24,23.3,-120.0,HIGHDIVERSITY_CONCAT
Druglike_463,Druglike,NCC(=O)N[C@H](CO)CCC#CC1=C(O)C=C2OCNC2=C1,21/000000252,C15H19N3O4,305.0,-0.1,4.29,-8.83,-0.2993402316679674,0.6088643638495829,0.15476206609080773,3.735803351183039,2.22,21.0,-190.0,DRUGLIKE_CONCAT
Druglike_1735,Druglike,C=CCC1=CC(C(=O)NCCC(=O)O)=CC(I)=C1,27/000000094,C13H14NO3I,359.0,2.7,4.83,-7.39,1.286130235989411,-0.9793655844890501,0.1533823257501804,2.326277278425195,5.73,3.58,0.0,DRUGLIKE_MAYBRIDGE
HighDiv_1474,HighDiv,C=CNCC1=CC=C(C2=CC(O)=CN=C2)C(F)=C1F,1/000000554,C14H12N2OF2,262.0,2.87,4.13,-9.253,-0.7691092591220059,1.075406911174056,0.1531488260260251,2.8213673760354023,3.19,16.6,-160.0,HIGHDIVERSITY_CRAFT
HighDiv_2079,HighDiv,CNCCCCC1=CC(F)=C(ON)C(C2=CNC=N2)=C1,27/000000454,C14H19N4OF,278.0,1.31,4.44,-8.426,0.14106823157019424,0.1632776283434666,0.1521729299568304,3.1367813824359727,4.34,3.58,-140.0,HIGHDIVERSITY_MAYBRIDGE
Druglike_278,Druglike,OCC1=COC([C@@H](CO)C2=CC(O)=C(C#CCF)N=C2)=N1,26/000000149,C14H13N2O4F,292.0,-0.37,4.47,-8.346,0.22914992421782449,0.0750426312135425,0.1520962777156835,4.14243586996952,3.52,23.1,-150.0,DRUGLIKE_CONCAT
HighDiv_1787,HighDiv,N[C@H](CC1=NC=CC(OCC(=O)O)=C1)C(=O)/C=C/C1=CCON1,18/000000026,C15H18N3O5,320.0,-0.28,4.21,-9.038,-0.5342247453949867,0.8382753563873855,0.15202530549619941,4.239678346851772,4.28,5.08,-150.0,HIGHDIVERSITY_LANAPDB
Druglike_1470,Druglike,CC(=O)OC(=O)C1=C(/C=C/C2NCNCN2)NC=C1C(=O)O,6/000000128,C13H16N4O5,308.0,-0.26,4.42,-8.478,0.08234710313843813,0.22063037647791678,0.15148873980817745,3.8994131428109697,4.41,5.09,-170.0,DRUGLIKE_LANAPDB
HighDiv_543,HighDiv,O=NC1=C(Br)C(F)=CC(C(=O)CNCC#CCO)=C1,12/000000981,C12H11N2O3FBr,330.0,1.27,4.43,-8.449,0.11170766735431488,0.18864519001831942,0.15017642868631714,4.202585629915049,2.1,2.35,-40.0,HIGHDIVERSITY_CONCAT
Druglike_960,Druglike,O=C([C@@H](F)C/C=C/C1=NC=NN1)N1N=NC2=C1N=CN=C2O,18/000000046,C11H9N8O2F,304.0,-0.17,4.03,-9.513,-1.0627149012807786,1.362170651846309,0.1497278752827652,4.2616813731610605,2.82,3.58,-190.0,DRUGLIKE_CONCAT
HighDiv_751,HighDiv,CC(=O)CC(=O)C1=CC(CC[C@H](N)CN)=C(Br)C(N=O)=C1,12/000000893,C14H19N3O3Br,357.0,0.57,4.27,-8.874,-0.35806136009972356,0.6573936122710415,0.149666126085659,4.107019218824055,3.35,5.39,-200.0,HIGHDIVERSITY_CONCAT
HighDiv_2118,HighDiv,C#CC1=CC=C([C@@H](CO)C2=COCCO2)C2=C1N=CN2,22/000000068,C15H14N2O3,270.0,1.24,4.32,-8.739,-0.2112585390203346,0.5084970546142951,0.14861925779698024,4.086841412729894,2.94,19.5,-190.0,HIGHDIVERSITY_MAYBRIDGE
HighDiv_2016,HighDiv,NOC1=C(C2=CNC=N2)C=C(CO)C=C1F,27/000000176,C10H10N3O2F,223.0,0.11,4.64,-7.887,0.7282795158877396,-0.43120566481939715,0.14853692553417125,3.2833484753483324,3.33,16.2,-120.0,HIGHDIVERSITY_MAYBRIDGE
Druglike_601,Druglike,CCNC(=O)CC#CCC1=C(O)C2=C(C=C1)CNNC2,15/000000014,C15H19N3O2,273.0,1.69,4.21,-9.031,-0.5342247453949867,0.8305547941385175,0.14816502437176543,3.532249398630304,0.7,18.6,-120.0,DRUGLIKE_CONCAT
Druglike_1403,Druglike,CC/C=C/CC1=CC=CC=C1O[C@H](CO)C(=O)O,20/000000076,C14H18O4,250.0,1.94,4.9,-7.193,1.4916541855005534,-1.1966442649214881,0.14750496028953264,2.9291271122958893,7.74,3.58,-170.0,DRUGLIKE_LANAPDB
Druglike_1566,Druglike,O=C(C/C=C/C1=C(C(=O)O)C(C(=O)O)=CN1)CC1=NNC(=O)O1,6/000000126,C13H11N3O7,321.0,0.07,4.18,-9.109,-0.6223064380426195,0.9165839163401928,0.1471387391487866,3.4311068059408667,7.62,4.94,0.0,DRUGLIKE_LANAPDB
HighDiv_771,HighDiv,O=NC1=CC(C(=O)[C@H]2CCCCN2)=CC(O)=C1Br,12/000000399,C12H14N2O3Br,314.0,2.05,4.26,-8.896,-0.3874219243156003,0.6816582364817709,0.14711815608308532,4.595196035372812,3.05,2.35,-170.0,HIGHDIVERSITY_CONCAT
Druglike_267,Druglike,CC1=C(COC(=O)[C@@H](O)/C=C\CC2=CN=C(CN)C(Br)=C2)C=NO1,13/000000025,C16H18N3O4Br,396.0,0.87,4.48,-8.308,0.25851048843370383,0.033131007576828304,0.14582074800526607,3.8791432227853817,3.33,3.7,-170.0,DRUGLIKE_CONCAT
HighDiv_485,HighDiv,C=CC(=C)COC1=C(Br)C(ON)=CC(C(=O)O)=C1,12/000001392,C12H12NO4Br,314.0,1.6,4.48,-8.307,0.25851048843370383,0.032028070112704865,0.14526927927320435,3.045253887530377,3.73,16.9,0.0,HIGHDIVERSITY_CONCAT
HighDiv_1566,HighDiv,O=C(O)N1N=CC2=C1C(F)=CC(C/C=C/[C@@H]1CCCN1)=C2,22/000000008,C15H15N3O2F,288.0,2.08,4.01,-9.558,-1.1214360297125348,1.4118028377318912,0.14518340400967822,3.738728999043836,1.98,3.58,-190.0,HIGHDIVERSITY_CRAFT
Druglike_1817,Druglike,C#CCC[C@H](O)CC1=CC=CC(C(=O)NCCC(=O)O)=C1,27/000000028,C16H19NO4,289.0,1.14,4.38,-8.573,-0.03509515372507148,0.32540943556970225,0.14515714092231538,2.6912697682746067,2.65,3.58,-200.0,DRUGLIKE_MAYBRIDGE
HighDiv_917,HighDiv,CC1=C(C2=CC(CN)=CC=C2)C(=O)C(CN)=CC1=O,10/000000045,C15H16N2O2,256.0,-0.06,4.17,-9.132,-0.6516670022584963,0.9419514780150456,0.14514223787827468,2.741089476068895,5.51,3.58,-180.0,HIGHDIVERSITY_CONCAT
Druglike_1546,Druglike,O=C(O)C/C(=C\CCCC1CCCC1)C1=NNN=C1,29/000000063,C14H21N3O2,263.0,3.25,4.22,-8.998,-0.5048641811791099,0.7941578578224224,0.14464683832165626,2.9869085239440984,3.74,5.09,-150.0,DRUGLIKE_LANAPDB
HighDiv_710,HighDiv,CNCCC#CC1=C(CO)C(O)=CC(N2CCNC2=O)=C1,28/000000508,C15H19N3O3,289.0,-0.04,4.3,-8.785,-0.2699796674520907,0.5592321779640006,0.14462625525595496,3.1175536595455986,3.22,19.8,-140.0,HIGHDIVERSITY_CONCAT
Druglike_381,Druglike,OC1=CC2=C(C=C1C#CCCCN[C@H](Cl)CBr)NCO2,21/000000221,C14H17N2O2ClBr,360.0,3.34,4.37,-8.597,-0.06445571794094823,0.3518799347086785,0.14371210838386514,4.732028582909987,1.89,19.0,-190.0,DRUGLIKE_CONCAT
Druglike_1429,Druglike,CC1=CC=C(NC(N)=O)C=C1CC(=O)O,4/000000027,C10H12N2O3,208.0,0.05,4.67,-7.797,0.8163612085353725,-0.5304700365905616,0.14294558597240548,1.877250426496225,3.13,2.22,-20.0,DRUGLIKE_LANAPDB
HighDiv_1991,HighDiv,COCC1=NC(C2=C(ON)C(F)=CC=C2)=CN1,27/000000087,C11H12N3O2F,237.0,0.64,4.79,-7.477,1.1686879791259013,-0.883410025110257,0.14263897700782213,3.1624560049174786,2.16,2.22,-160.0,HIGHDIVERSITY_MAYBRIDGE
Druglike_1324,Druglike,CN(C)C(=O)C1=CNC(CCC2=CC(I)=CC(O)=N2)=C1,4/000000048,C14H16N3O2I,385.0,2.44,4.06,-9.42,-0.9746332086331483,1.2595974676827724,0.14248212952481204,3.1711213897970314,4.5,5.09,-80.0,DRUGLIKE_CRAFT
HighDiv_330,HighDiv,C/C=C/CC1=C(Br)C(ON)=CC(C(=O)O)=C1,12/000001117,C11H12NO3Br,286.0,1.94,4.64,-7.876,0.7282795158877396,-0.4433379769247609,0.14247076948148937,3.004384611305399,5.97,2.48,-20.0,HIGHDIVERSITY_CONCAT
Druglike_1439,Druglike,NC(=O)NC1=CC(F)=CC(CC(=O)O)=C1,4/000000250,C9H9N2O3F,212.0,-0.01,4.61,-7.954,0.6401978232401094,-0.3573088547230856,0.14144448425851192,1.98456504188084,2.83,3.58,0.0,DRUGLIKE_LANAPDB
HighDiv_1060,HighDiv,NC1=NC[C@H](C/C=C/CC2=C([N+](=O)[O-])OC(C(=O)O)=C2)O1,3/000000216,C12H13N3O6,295.0,0.63,4.08,-9.364,-0.9159120802013923,1.1978329696918264,0.14096044474521707,4.057691784189724,5.24,4.16,-150.0,HIGHDIVERSITY_CONCAT
Druglike_690,Druglike,CC1=C(/C=C/C2=C(F)C=CC(F)=C2)[C@H](CO)NC1=O,16/000000092,C14H13NO2F2,265.0,1.44,4.16,-9.151,-0.681027566474373,0.9629072898334027,0.14093986167951483,3.3456487600060063,5.38,3.58,-170.0,DRUGLIKE_CONCAT
HighDiv_550,HighDiv,O=NC(=O)C1=CC(CONC(=O)C(=O)O)=C(Br)C(CO)=C1,12/000000029,C11H8N2O7Br,360.0,0.08,4.43,-8.432,0.11170766735431488,0.16989525312821116,0.14080146024126303,3.139180983069533,5.02,22.9,-30.0,HIGHDIVERSITY_CONCAT
Druglike_219,Druglike,CNCC1=CC([C@@H](N)C2=NC(I)=C(C#CC(=O)O)C=C2)=CO1,26/000000041,C15H14N3O3I,411.0,1.12,4.54,-8.136,0.43467387372896693,-0.15657423625250902,0.13904981873822897,4.047787840464249,3.51,23.3,-190.0,DRUGLIKE_CONCAT
Druglike_344,Druglike,NCCC/C(=C/CCC1=CC(O)=CC(C2=NNN=C2)=C1)C(=O)O,28/000000409,C16H20N4O3,316.0,2.37,4.4,-8.507,0.023625974706684625,0.25261556293751414,0.1381207688220994,3.0105627315537147,3.0,23.2,-120.0,DRUGLIKE_CONCAT
Druglike_988,Druglike,CC1=NC=C(C(=O)[C@@H](O)C#CC2=NON=C2C(N)=O)C=C1,18/000000077,C13H10N4O4,286.0,-0.07,4.02,-9.517,-1.092075465496658,1.3665824017028048,0.13725346810307337,3.713049078619433,6.08,3.58,-170.0,DRUGLIKE_CONCAT
Druglike_210,Druglike,O=C(CO)NC1=CC(O)=CC(C2=NNN=C2)=C1,28/000000187,C10H10N4O3,234.0,0.83,4.57,-8.052,0.5227555663765998,-0.24922098323892883,0.1367672915688355,2.625294466455941,2.06,18.6,-120.0,DRUGLIKE_CONCAT
HighDiv_2076,HighDiv,CC#CCOC1=CC(F)=C(ON)C(C2=CNC=N2)=C1,27/000000185,C13H12N3O2F,261.0,1.49,4.44,-8.398,0.14106823157019424,0.13239537934799267,0.13673180545909347,3.4552053537809275,3.06,20.8,-140.0,HIGHDIVERSITY_MAYBRIDGE
Druglike_378,Druglike,C/C=C/C[C@H](CO)C1=CC=C(C(=O)C2=NC(=O)ON2)N1,23/000000073,C13H15N3O4,277.0,0.13,4.37,-8.583,-0.06445571794094823,0.3364388102109425,0.13599154613499714,4.1111045805965105,5.45,5.24,-170.0,DRUGLIKE_CONCAT
Druglike_390,Druglike,CCCC(=O)NC1=CC(C2=NNN=C2)=CC(O)=C1,28/000000228,C12H14N4O2,246.0,2.47,4.37,-8.583,-0.06445571794094823,0.3364388102109425,0.13599154613499714,2.452789181648024,0.62,18.6,-140.0,DRUGLIKE_CONCAT
Druglike_508,Druglike,OC1=CC2=C(C=C1CCNC[C@@H](Br)C1=CN=NN1)NCO2,21/000000249,C13H16N5O2Br,354.0,1.03,4.27,-8.849,-0.35806136009972356,0.6298201756679399,0.13587940778410817,4.213347952385575,2.29,3.7,-190.0,DRUGLIKE_CONCAT
Druglike_907,Druglike,O=C(O)CC(=O)N1COC(C(=O)/C=C/NC2=CC=CC=C2)=N1,29/000000023,C14H13N3O5,303.0,1.01,4.06,-9.407,-0.9746332086331483,1.2452592806491598,0.13531303600800576,3.185334771578816,0.61,3.58,-20.0,DRUGLIKE_CONCAT
HighDiv_259,HighDiv,O=NC1=CC(C(=O)CO)=CC(CCO)=C1Br,12/000000669,C10H10NO4Br,288.0,0.51,4.72,-7.649,0.9631640296147589,-0.6937047812809206,0.13472962416691914,3.0799363107687263,4.78,3.58,0.0,HIGHDIVERSITY_CONCAT
HighDiv_2059,HighDiv,N=C1NC=C([C@H](O)CC#CC2=NC=CC(I)=C2)S1,27/000000207,C12H10N3OSI,371.0,2.59,4.49,-8.261,0.28787105264958057,-0.01870705323700272,0.13458199970628892,4.344402659807201,4.32,3.58,-150.0,HIGHDIVERSITY_MAYBRIDGE
Druglike_620,Druglike,C#C[C@H](CNCCC1=CC2=C(C=C1O)OCN2)C1=NON=C1,21/000000264,C15H16N4O3,300.0,1.69,4.2,-9.032,-0.5635853096108634,0.831657731602641,0.1340362109958888,4.2444353223368845,1.95,3.72,-190.0,DRUGLIKE_CONCAT
Druglike_1237,Druglike,C/C=C(\CC)CCC1=NC(CO)=C(C2=NNC(=O)C=C2)O1,15/000000266,C15H19N3O3,289.0,0.77,4.24,-8.925,-0.4461430527473538,0.7136434229413683,0.13375018509700726,3.3231197612405143,3.73,24.4,-200.0,DRUGLIKE_CRAFT
Druglike_1785,Druglike,CCCNCCOC(=O)C#CC1=CC(CO)=CC(O)=C1,1/000000156,C15H20NO4,278.0,1.8,4.5,-8.232,0.3172316168654573,-0.05069223969660008,0.1332696885844286,3.827904256929899,1.25,17.8,-20.0,DRUGLIKE_MAYBRIDGE
Druglike_549,Druglike,CC[C@H](F)CC1=NC=C(C#CC(=O)C2=CN=C(C(N)=O)O2)N1,30/000000017,C14H13N4O3F,304.0,0.28,4.24,-8.924,-0.4461430527473538,0.7125404854772429,0.13319871636494457,4.2264032250796335,-1.09,5.09,-190.0,DRUGLIKE_CONCAT
HighDiv_688,HighDiv,N=C1CCC[C@H]1/C=C/CCC1=C(CO)N=C(C(=O)O)O1,3/000000264,C14H18N2O4,278.0,0.14,4.32,-8.711,-0.2112585390203346,0.4776148056188211,0.13317813329924325,4.172331778398708,4.89,3.85,-150.0,HIGHDIVERSITY_CONCAT
HighDiv_1657,HighDiv,O=NC1=C2C(=O)/C(=C\C3NCCN3)OC2=CC=C1CO,1/000000012,C13H13N3O4,275.0,-0.09,4.67,-7.779,0.8163612085353725,-0.5503229109447942,0.13301914879528914,3.7772194391161342,4.82,3.58,-190.0,HIGHDIVERSITY_LANAPDB
HighDiv_483,HighDiv,O=C1NCCN1C1=CC(O)=CC(C#CCCNCCS)=C1,28/000000439,C15H19N3O2S,305.0,1.44,4.49,-8.257,0.28787105264958057,-0.023118803093498435,0.13237612477804106,3.0916636204321692,1.43,21.1,-120.0,HIGHDIVERSITY_CONCAT
Druglike_1770,Druglike,NC/C=C\CC(=O)CC1=CC(I)=C(C2=NNC=C2)C=C1,15/000000019,C15H16N3OI,381.0,3.05,4.55,-8.097,0.46403443794484367,-0.19958879735334664,0.1322228202957485,3.3928939330432595,7.5,19.9,-120.0,DRUGLIKE_MAYBRIDGE
Druglike_308,Druglike,NC[C@H](C#CC1=C(O)C=C2OCNC2=C1)CCCCCl,21/000000159,C15H20N2O2Cl,295.0,2.75,4.44,-8.388,0.14106823157019424,0.1213660047067524,0.1312171181384733,4.4185322266346825,1.76,17.9,-190.0,DRUGLIKE_CONCAT
HighDiv_2044,HighDiv,NC(=O)NC1=CC=C(Cl)N=C1OCC1=CC(Br)=CC(N)=C1S,16/000000008,C13H12N4O2SClBr,403.0,2.57,4.53,-8.148,0.4053133095130902,-0.1433389866830199,0.13098716141503514,2.932767972571373,7.96,3.7,0.0,HIGHDIVERSITY_MAYBRIDGE
HighDiv_781,HighDiv,NC(=S)NC1=CC(O)=C(S)C(OCC2=CCC=C2)=C1,29/000000070,C13H14N2O2S2,294.0,1.74,4.25,-8.889,-0.41678248853147704,0.673937674232901,0.12857759285071196,3.390527898531774,2.73,20.4,-40.0,HIGHDIVERSITY_CONCAT
Druglike_1494,Druglike,NCC1=CC(NC(N)=O)=CC(/C=C/CNC2CC=CC2)=C1,4/000000309,C16H23N4O,287.0,0.38,4.33,-8.676,-0.18189797480445782,0.4390119943744792,0.12855700978501067,3.72351208197063,3.51,5.09,-150.0,DRUGLIKE_LANAPDB
Druglike_1976,Druglike,CCCC1=NC=C(C2=CC(=O)C=C(C(=O)O)N2)NC1,15/000000005,C13H15N3O3,261.0,0.21,4.12,-9.235,-0.7984698233378826,1.0555540368198224,0.12854210674096989,3.5203499594896837,4.38,22.6,-180.0,DRUGLIKE_MAYBRIDGE
Druglike_775,Druglike,O=C(CC/C=C/[C@@H]1C=CCN1)N1N=NC2=C1N=CN=C2O,18/000000019,C13H14N6O2,286.0,-0.08,4.13,-9.208,-0.7691092591220059,1.025774725288474,0.128332733083234,4.264792088577253,3.56,3.58,-190.0,DRUGLIKE_CONCAT
Druglike_342,Druglike,O=C(O)C1=NC(C2=CC=C(CCCCCO)C(C(=O)O)=C2)=NN1,6/000000008,C15H17N3O5,319.0,1.86,4.4,-8.487,0.023625974706684625,0.2305568136550336,0.12709139418085913,2.5161431383584496,0.15,3.72,-180.0,DRUGLIKE_CONCAT
Druglike_1821,Druglike,CCOC(=O)C1=C(CO)C=C(C2=CC(=O)C=CN2)C=C1,15/000000159,C15H15NO4,273.0,1.93,4.37,-8.566,-0.06445571794094823,0.3176888733208343,0.12661657768994303,2.456833377809021,5.79,5.39,-180.0,DRUGLIKE_MAYBRIDGE
HighDiv_2085,HighDiv,CCC1=NC(C2=CC(C=S)=CC(F)=C2ON)=CN1,27/000000425,C12H12N3OSF,265.0,1.36,4.43,-8.406,0.11170766735431488,0.14121887906098607,0.12646327320765047,3.749619733684222,1.84,19.9,-140.0,HIGHDIVERSITY_MAYBRIDGE
HighDiv_775,HighDiv,C=C(CCSCC1=CC(O)=CC(N2CCNC2=O)=C1)C(=O)O,28/000000140,C15H18N2O4S,322.0,1.09,4.26,-8.857,-0.3874219243156003,0.6386436753809314,0.12561087553266553,2.900324618220804,3.22,21.3,-120.0,HIGHDIVERSITY_CONCAT
Druglike_1456,Druglike,O=C(O)[C@@H](C#CC1=NN=CN1)N1C=NN=N1,20/000000117,C7H5N7O2,219.0,-0.33,4.5,-8.218,0.3172316168654573,-0.06613336419433606,0.12554912633556062,4.554653218508493,2.15,2.22,-150.0,DRUGLIKE_LANAPDB
Druglike_683,Druglike,CCC/C=C/C1=CC=C(C(=O)C2=NC(=O)NC(=O)N2)N1,23/000000531,C13H14N4O3,274.0,0.26,4.17,-9.095,-0.6516670022584963,0.9011427918424568,0.12473789479198027,3.279712773413415,4.83,3.58,-20.0,DRUGLIKE_CONCAT
Druglike_1421,Druglike,CCOC1=C(CC(=O)O)C=C(NC(N)=O)C=C1,4/000000259,C11H14N2O4,238.0,0.16,4.74,-7.576,1.021885158046515,-0.7742192161619768,0.12383297094226908,1.900530461439219,2.88,2.22,-20.0,DRUGLIKE_LANAPDB
Druglike_1931,Druglike,C=CCC1=CC=C(C2=CC(=O)C=C(CN)N2)C=C1,15/000000230,C15H16N2O,240.0,2.18,4.19,-9.039,-0.5929458738267401,0.839378293851509,0.12321621001238442,2.5943240232769824,4.68,2.22,-160.0,DRUGLIKE_MAYBRIDGE
Druglike_393,Druglike,CCOC1=CC=C(C2=CC(O)=CC=C2)C=C1NC(N)=O,17/000000008,C15H16N2O3,272.0,2.27,4.36,-8.586,-0.09381628215682498,0.3397476226033148,0.12296567022324492,1.8910918942925363,7.78,14.4,-180.0,DRUGLIKE_CONCAT
Druglike_1341,Druglike,C#CCC1=CC(C2=C(CO)N=C(CC)O2)=NNC1=O,15/000000139,C13H13N3O3,259.0,0.24,4.04,-9.437,-1.0333543370649019,1.2783474045728807,0.12249653375398939,3.435582760650787,2.81,25.0,-180.0,DRUGLIKE_CRAFT
Druglike_1449,Druglike,C=C[C@H](CCC1=CC=CC(F)=C1O)N1C=C(CN)N=N1,23/000000015,C14H17N4OF,276.0,1.73,4.56,-8.051,0.49339500216072046,-0.25032392070305226,0.1215355407288341,3.526416119058049,2.05,4.94,-190.0,DRUGLIKE_LANAPDB
Druglike_1506,Druglike,NC(=O)NC1=CC(O)=CC=C1/C=C/CC1=NOCC1,4/000000161,C13H15N3O3,261.0,0.74,4.29,-8.769,-0.2993402316679674,0.5415851785380158,0.12112247343502419,3.269156635832209,2.72,3.58,-60.0,DRUGLIKE_LANAPDB
HighDiv_797,HighDiv,OCC1=NC=C(/C=C/C2=NC=NN2)C=C1C1=CNC=C1,7/000000019,C14H13N5O,267.0,0.84,4.24,-8.901,-0.4461430527473538,0.6871729238023901,0.12051493552751819,3.3840159257695337,3.02,22.2,-120.0,HIGHDIVERSITY_CONCAT
HighDiv_1092,HighDiv,CCC#C/C=C\CCCC1=CC(C(=O)O)=CC(O)=C1,3/000000045,C16H18O3,258.0,3.31,4.06,-9.38,-0.9746332086331483,1.2154799691178113,0.12042338024233151,2.783089291855431,1.02,3.85,-20.0,HIGHDIVERSITY_CONCAT
Druglike_1194,Druglike,NCC(=O)OCCC1=CC(/C=C2\C=CC3=CC(CO)=CC=C23)=NO1,17/000000024,C18H18N2O4,326.0,1.16,4.42,-8.421,0.08234710313843813,0.1577629410228455,0.12005502208064181,3.1277946768997165,2.74,23.6,-60.0,DRUGLIKE_CRAFT
Druglike_1565,Druglike,O=C(O)C#CC1=CC(C2=COC(C(=O)O)=C2)=CC=C1,17/000000004,C14H7O5,255.0,2.03,4.19,-9.032,-0.5929458738267401,0.831657731602641,0.11935592888795044,2.6723932105782175,2.97,3.85,-120.0,DRUGLIKE_LANAPDB
Druglike_1291,Druglike,O=C(C1=CC=C(I)C(I)=C1)C1=CN=C(C2=CCNN2)O1,10/000000051,C13H9N3O2I2,493.0,4.31,4.11,-9.243,-0.8278303875537594,1.0643775365328159,0.11827357448952824,3.589178953286175,8.41,3.58,-143.0,DRUGLIKE_CRAFT
HighDiv_219,HighDiv,C=CC1=C(C2=CC(O)=C(F)C=C2N=O)C=C(CBr)N1,6/000000142,C13H10N2O2FBr,325.0,3.31,4.77,-7.486,1.1099668506941451,-0.8734835879331412,0.11824163138050198,3.7374054524002576,5.76,21.2,-120.0,HIGHDIVERSITY_CONCAT
Druglike_1269,Druglike,COCCC#C[C@H](O)C1=CC=C(NC2=CC=CC(CCl)=C2)C=C1,13/000000013,C19H20NO2Cl,329.0,3.05,4.15,-9.135,-0.7103881306902498,0.9452602904074179,0.11743607985858406,2.918801585151934,5.01,17.7,-170.0,DRUGLIKE_CRAFT
Druglike_1265,Druglike,CCCC1=CNC(/C=C/C2=CC3=C(C=CC(=O)O3)C(CN)=C2)=N1,6/000000017,C18H19N3O2,309.0,2.22,4.16,-9.108,-0.681027566474373,0.9154809788760694,0.11722670620084819,3.0616712415053025,4.34,3.58,-100.0,DRUGLIKE_CRAFT
Druglike_676,Druglike,OC1=CC2=C(C=C1C#C[C@@H](O)CCC1=NNN=C1)NCO2,21/000000146,C14H14N4O3,286.0,2.34,4.17,-9.081,-0.6516670022584963,0.8857016673447189,0.11701733254311131,4.089645052007266,1.95,23.2,-190.0,DRUGLIKE_CONCAT
HighDiv_1319,HighDiv,CC[C@@H](C=S)NC(=O)C#CC1=C(O)C(O)=CN=C1,1/000000546,C12H12N2O3S,264.0,0.95,4.46,-8.309,0.19978936000194772,0.034233945040951744,0.11701165252144974,4.2010880416522465,3.71,19.7,-170.0,HIGHDIVERSITY_CRAFT
HighDiv_1664,HighDiv,C#C[C@H](/C=C/CCO)C1=CC=C(NC(=O)CO)C(Cl)=C1,11/000000062,C15H16NO3Cl,293.0,1.18,4.61,-7.909,0.6401978232401094,-0.4069410406086678,0.11662839131572081,3.4314378872898175,7.34,19.3,-150.0,HIGHDIVERSITY_LANAPDB
Druglike_948,Druglike,O=C(O)CC1=CC2=C(C=CC(C#CCNCCBr)=C2)C1,26/000000015,C16H17NO2Br,335.0,2.68,4.04,-9.426,-1.0333543370649019,1.2662150924675168,0.11643037770130749,3.960736848023016,6.18,19.1,-40.0,DRUGLIKE_CONCAT
Druglike_185,Druglike,C=CC1=C2CNNCC2=CC=C1CCCC(=O)O,15/000000032,C14H18N2O2,246.0,2.45,4.6,-7.935,0.61083725902423,-0.3782646665414427,0.11628629624139367,3.2247529825530004,6.35,14.8,-80.0,DRUGLIKE_CONCAT
HighDiv_1293,HighDiv,NC1=C(C#C[C@@H](O)C2=CC=CC=C2O)C(CBr)=NN1,30/000000028,C13H12N3O2Br,322.0,2.12,4.54,-8.094,0.43467387372896693,-0.2028976097457189,0.11588813199162401,3.662345918652875,5.52,2.22,-150.0,HIGHDIVERSITY_CRAFT
Druglike_311,Druglike,C=CCC1=NC(C[C@@H](CN)C2=CCC(CN)=CO2)=CC=C1O,12/000000016,C17H24N3O2,302.0,0.14,4.44,-8.359,0.14106823157019424,0.08938081824715505,0.11522452490867464,4.696500869793461,6.81,7.96,-150.0,DRUGLIKE_CONCAT
HighDiv_1059,HighDiv,O=NC(=O)C1=CC(C2=CC=C(CCO)C(O)=C2)=C(Br)C=C1O,12/000000058,C15H12NO5Br,366.0,2.86,4.08,-9.317,-0.9159120802013923,1.1459949088779955,0.11504141433830162,2.7665841264175253,4.44,18.7,-177.0,HIGHDIVERSITY_CONCAT
HighDiv_287,HighDiv,NOC1=CC(C(=O)O)=CC(C[C@@H](N)CBr)=C1Br,12/000001200,C10H13N2O3Br2,369.0,1.39,4.69,-7.693,0.8750823369671286,-0.6451755328594628,0.11495340205383286,4.117305037375299,4.71,2.48,-150.0,HIGHDIVERSITY_CONCAT
Druglike_396,Druglike,O=C(CF)NCC[C@H](I)C#CC1=CC2=C(C=C1O)OCN2,21/000000255,C14H14N2O3FI,404.0,2.59,4.36,-8.571,-0.09381628215682498,0.32320356064145345,0.11469363924231424,4.181054905171606,1.35,22.2,-190.0,DRUGLIKE_CONCAT
Druglike_295,Druglike,C#CC(=O)OCCCCC1=NC(O)=NC=C1C(=O)O,29/000000209,C12H12N2O5,264.0,0.83,4.46,-8.304,0.19978936000194772,0.028719257720332587,0.11425430886114016,3.1616317837612034,5.0,3.85,0.0,DRUGLIKE_CONCAT
HighDiv_611,HighDiv,O=NC1=C(I)C(C2=NC(CC(=O)O)=NN2)=NC=C1,4/000000210,C9H6N5O3I,359.0,1.08,4.38,-8.516,-0.03509515372507148,0.26254200011463097,0.11372342319477974,3.3906969644534524,5.62,21.6,-120.0,HIGHDIVERSITY_CONCAT
HighDiv_469,HighDiv,CNC(=O)N[C@H](Cl)C(=O)C1=CC(N=O)=C(Br)C=C1N=O,12/000000940,C10H8N4O4ClBr,363.0,1.06,4.5,-8.196,0.3172316168654573,-0.09039798840506544,0.11341681423019594,4.142754425091638,3.36,2.48,-190.0,HIGHDIVERSITY_CONCAT
HighDiv_1847,HighDiv,NC1=C(C#C[C@@H](O)CC2=CCC=CO2)C=C(O)C(CO)=C1,8/000000002,C16H17NO4,287.0,0.98,4.11,-9.234,-0.8278303875537594,1.054451099355699,0.11331035590096983,4.250520354976038,4.18,2.35,-150.0,HIGHDIVERSITY_LANAPDB
Druglike_332,Druglike,OC1=CC2=C(C=C1C#C[C@H](O)CCNCCl)NCO2,21/000000232,C13H16N2O3Cl,283.0,1.44,4.41,-8.435,0.052986538922561374,0.17320406552058343,0.11309530222157241,4.788272527264389,1.07,17.9,-190.0,DRUGLIKE_CONCAT
HighDiv_1106,HighDiv,O=C1NCCN1C1=CC(CCN2N=CNC2=O)=CC(O)=C1,28/000000022,C13H15N5O3,289.0,0.02,4.05,-9.393,-1.0039937728490251,1.2298181561514239,0.11291219165119937,3.0853728512014005,1.96,20.7,-120.0,HIGHDIVERSITY_CONCAT
HighDiv_581,HighDiv,CC[C@@H](CN)C/C=C/C1=C(Br)C(ON)=CC(C(=O)O)=C1,12/000000164,C14H19N2O3Br,343.0,1.87,4.41,-8.432,0.052986538922561374,0.16989525312821116,0.11144089602538626,3.6054778406697703,5.91,3.87,-170.0,HIGHDIVERSITY_CONCAT
Druglike_699,Druglike,CC(=O)NCC1=CC([C@@H](C#CCC2=CC=CN2)CCO)=NC=N1,22/000000028,C17H20N4O2,312.0,-0.22,4.16,-9.097,-0.681027566474373,0.9033486667707037,0.11116055014816534,3.877288997739347,1.79,22.8,-190.0,DRUGLIKE_CONCAT
Druglike_372,Druglike,O=C(CF)CC1=C[C@@H](/C=C/C2=CN=CC(Br)=C2)NC(CO)=C1,13/000000109,C16H16N2O2FBr,367.0,1.23,4.38,-8.511,-0.03509515372507148,0.25702731279400987,0.11096607953446919,4.3603385869150495,4.53,3.72,-150.0,DRUGLIKE_CONCAT
HighDiv_698,HighDiv,NOC1=C(Br)C(CC#CCCNC(N)=O)=CC(C(=O)O)=C1,12/000001239,C13H14N3O4Br,356.0,0.12,4.31,-8.697,-0.24061910323621394,0.46217368112108315,0.1107772889424346,3.136717304642696,7.03,3.84,-30.0,HIGHDIVERSITY_CONCAT
HighDiv_1105,HighDiv,C#CC1=CC=C(SCC(=O)C2=NN=C(CCC(=O)O)N2)C=C1,14/000000009,C15H13N3O3S,315.0,2.97,4.05,-9.388,-1.0039937728490251,1.2243034688308028,0.11015484799088882,2.9955799328691395,3.0,3.72,0.0,HIGHDIVERSITY_CONCAT
Druglike_1816,Druglike,O=C(C#CC1=CC(O)=CC=C1CO)OCCN1C=CCC1,1/000000006,C16H17NO4,287.0,2.24,4.39,-8.482,-0.0057345895091947315,0.2250421263344125,0.10965376841260889,3.254005158893708,5.9,19.8,0.0,DRUGLIKE_MAYBRIDGE
HighDiv_1735,HighDiv,O=[N+]([O-])C1=CC=C(S)C(/C=C/[C@H]2C=NN=CN2)=C1,10/000000079,C11H10N4O2S,262.0,3.28,4.36,-8.56,-0.09381628215682498,0.3110712485360897,0.10862748318963236,4.373995419988197,6.05,2.35,-150.0,HIGHDIVERSITY_LANAPDB
HighDiv_958,HighDiv,O=NC(=O)C1=CC(C[C@@H](O)C2=CN(CC(=O)O)C=C2)=C(Br)C=C1,12/000000820,C15H13N2O5Br,381.0,1.94,4.14,-9.145,-0.7397486949061292,0.9562896650486581,0.10827048507126447,3.3815549318052804,3.63,3.7,-150.0,HIGHDIVERSITY_CONCAT
HighDiv_743,HighDiv,CCCCNCC1=C(Br)C(CO)=CC(C(=O)[C@@H]2CCCO2)=C1,12/000000008,C17H24NO3Br,370.0,2.59,4.28,-8.77,-0.3287007958838442,0.5426881160021393,0.10699366005914754,3.105776552175594,2.68,5.09,-190.0,HIGHDIVERSITY_CONCAT
HighDiv_463,HighDiv,CCNC(=O)C1=CC(C(=O)O)=CC(ON)=C1Br,12/000001155,C10H11N2O4Br,303.0,0.8,4.51,-8.157,0.3465921810813341,-0.13341254950590306,0.10658981578771552,2.568900427994402,6.31,5.09,-20.0,HIGHDIVERSITY_CONCAT
HighDiv_395,HighDiv,C[C@H](O)CC1=CC(C(=O)N=O)=CC(O)=C1Br,12/000000052,C10H10NO4Br,288.0,1.78,4.56,-8.023,0.49339500216072046,-0.2812061696985262,0.10609441623109714,3.4314493484654927,3.65,3.85,-170.0,HIGHDIVERSITY_CONCAT
HighDiv_2000,HighDiv,CC#CC(=O)O[C@@H](C(=O)O)C1=CC=C(I)C(O)=C1,22/000000035,C12H9O5I,360.0,2.52,4.73,-7.569,0.9925245938306382,-0.7819397784108447,0.10529240770989673,3.5539915738343506,1.43,3.58,-170.0,HIGHDIVERSITY_MAYBRIDGE
Druglike_1309,Druglike,N[C@@H](CC1=CC=C(F)C=C1F)C1=COC(C(=O)O)=CC1,28/000000008,C14H13NO3F2,281.0,1.85,4.08,-9.299,-0.9159120802013923,1.1261420345237618,0.10511497716118479,3.590751733443663,4.27,3.85,-150.0,DRUGLIKE_CRAFT
Druglike_1413,Druglike,NC(=O)NC1=CC(Br)=CC(CC(=O)O)=C1,4/000000156,C9H9N2O3Br,273.0,0.62,4.77,-7.461,1.1099668506941451,-0.9010570245362418,0.10445491307895166,2.0741288880346858,3.44,3.58,0.0,DRUGLIKE_LANAPDB
Druglike_1908,Druglike,NC/C=C/C1=CC=C(C2=CC(C(=O)O)=CC(O)=C2)N1,1/000000101,C14H15N2O3,259.0,1.72,4.23,-8.896,-0.47550361696323057,0.6816582364817709,0.10307730975927018,3.3708950973706715,2.2,2.22,-120.0,DRUGLIKE_MAYBRIDGE
Druglike_1182,Druglike,CCC1=C(C/C=C(/C(=O)O)C2=CC[C@@H](CO)O2)ON=C1O,4/000000075,C14H16NO6,294.0,0.6,4.44,-8.336,0.14106823157019424,0.06401325657230222,0.10254074407124823,4.274582235118107,7.74,5.08,-170.0,DRUGLIKE_CRAFT
HighDiv_1370,HighDiv,OC1=CC=C(/C=C/C2=C[C@](S)(C3=NN=NN3)C2)C=C1,8/000000004,C13H12N4OS,272.0,1.6,4.34,-8.602,-0.15253741058858108,0.3573946220292996,0.10242860572035926,3.919516117007978,3.23,21.6,-190.0,HIGHDIVERSITY_CRAFT
HighDiv_311,HighDiv,CSCC1=C(O)C(O)=CC(N2CCNC2=O)=C1,28/000000272,C11H14N2O3S,254.0,0.77,4.66,-7.748,0.7870006443194958,-0.5845139723326395,0.10124333599342816,2.774328120302094,2.51,15.7,-140.0,HIGHDIVERSITY_CONCAT
HighDiv_565,HighDiv,O=C1NCCN1C1=CC([N+](=O)[O-])=C(C=S)C(O)=C1,28/000000055,C10H9N3O4S,267.0,0.28,4.42,-8.384,0.08234710313843813,0.11695425485025669,0.0996506789943474,3.0886888953796703,4.9,20.3,-140.0,HIGHDIVERSITY_CONCAT
HighDiv_1856,HighDiv,O=C(CCC1=CC=CN=C1)NCC1=CC(C2=CC=CS2)=CN1,25/000000013,C17H17N3OS,311.0,1.56,4.09,-9.262,-0.8865515159855155,1.085333348351173,0.09939091618282869,2.478736611624628,2.76,22.5,-100.0,HIGHDIVERSITY_LANAPDB
HighDiv_652,HighDiv,C=C(C(C)=O)C1=CC(N2CCNC2=O)=CC(O)=C1,28/000000253,C13H14N2O3,246.0,0.72,4.36,-8.543,-0.09381628215682498,0.2923213116459795,0.09925251474457727,2.8619256300735465,3.22,16.4,-160.0,HIGHDIVERSITY_CONCAT
HighDiv_404,HighDiv,C=CC1=C(C)C=C(I)C(C2=NC(CC(=O)O)=NN2)=N1,4/000000191,C12H11N4O2I,370.0,2.37,4.56,-8.008,0.49339500216072046,-0.29775023166038755,0.09782238525016645,3.464897168376588,6.15,20.2,-140.0,HIGHDIVERSITY_CONCAT
HighDiv_2052,HighDiv,NOC1=C(F)C=CC=C1C1=CNC(CC(=O)O)=N1,27/000000169,C11H10N3O3F,251.0,0.36,4.51,-8.141,0.3465921810813341,-0.1510595489318879,0.09776631607472311,3.123078502914991,2.1,2.22,-180.0,HIGHDIVERSITY_MAYBRIDGE
Druglike_147,Druglike,CCOC/C=C/[C@H](O)C1=NC(O)=NC=C1C(=O)O,29/000000039,C11H14N2O5,254.0,-0.36,4.66,-7.741,0.7870006443194958,-0.5922345345815084,0.09738305486899368,3.807213002405778,4.09,5.24,-170.0,DRUGLIKE_CONCAT
Druglike_232,Druglike,O=C(/C=C/C(=O)C1=NN=C(C2=C(Cl)C=NN2)N1)CO,23/000000554,C10H8N5O3Cl,281.0,1.03,4.53,-8.087,0.4053133095130902,-0.2106181719945869,0.09734756875925164,3.614205982711745,4.04,3.58,-80.0,DRUGLIKE_CONCAT
HighDiv_2087,HighDiv,COC(=O)CC1=NC(C2=CC(CO)=CC(F)=C2ON)=CN1,27/000000326,C13H14N3O4F,295.0,-0.13,4.42,-8.379,0.08234710313843813,0.11143956752963557,0.09689333533403685,3.2474759811748752,1.97,21.4,-140.0,HIGHDIVERSITY_MAYBRIDGE
Druglike_1207,Druglike,O=C(O)/C(=C/CC1=C(CCl)C(O)=NO1)C1=CC[C@@H](CO)O1,4/000000056,C13H13NO6Cl,314.0,0.58,4.37,-8.511,-0.06445571794094823,0.25702731279400987,0.09628579742653082,4.381562871722881,8.66,3.84,-150.0,DRUGLIKE_CRAFT
HighDiv_2101,HighDiv,C=CCC1=NC(C2=CC(C=S)=CC(F)=C2ON)=CN1,27/000000512,C13H12N3OSF,277.0,1.54,4.37,-8.509,-0.06445571794094823,0.254821437865763,0.09518285996240738,3.880300322334387,2.57,21.5,-120.0,HIGHDIVERSITY_MAYBRIDGE
Druglike_345,Druglike,CCOC/C=C/CCCC1=CC(O)=CC(C2=NNN=C2)=C1,28/000000152,C16H21N3O2,287.0,4.01,4.4,-8.428,0.023625974706684625,0.16548350327171543,0.09455473898920003,2.8724993581370875,1.97,19.6,-140.0,DRUGLIKE_CONCAT
Druglike_1437,Druglike,C=CCC1=CC=C(NC(N)=O)C=C1CC(=O)O,4/000000147,C12H14N2O3,234.0,0.49,4.62,-7.842,0.6695583874559862,-0.48083785070497936,0.0943602683755034,2.293270595218484,2.77,3.58,0.0,DRUGLIKE_LANAPDB
HighDiv_1750,HighDiv,O=C(O)C(=C\C1=CC=C(C(=O)O)C(O)=C1)/C=C/[N+](=O)[O-],16/000000013,C12H9NO7,279.0,1.2,4.32,-8.64,-0.2112585390203346,0.3993062456660138,0.0940238533228396,2.990386332401597,5.5,3.58,0.0,HIGHDIVERSITY_LANAPDB
Druglike_467,Druglike,OC1=C(C#CC[C@@H](CF)CCCl)C=C2NCOC2=C1,21/000000163,C14H15NO2FCl,283.0,3.8,4.29,-8.718,-0.2993402316679674,0.4853353678676891,0.09299756809986084,4.148816117007978,1.8,18.6,-190.0,DRUGLIKE_CONCAT
Druglike_1208,Druglike,CCCC1=C(C/C=C(/C(=O)O)C2=CC[C@@H](CO)O2)ON=C1O,4/000000082,C15H18NO6,308.0,0.95,4.37,-8.505,-0.06445571794094823,0.2504096880092673,0.09297698503415952,4.220665015747983,9.19,5.21,-170.0,DRUGLIKE_CRAFT
Druglike_1906,Druglike,C=CCC1=CC=C(C2=CC(=O)C=CN2)C=C1CO,15/000000053,C15H15NO2,241.0,2.24,4.23,-8.877,-0.47550361696323057,0.6607024246634139,0.09259940385009166,2.7296606748606926,4.48,3.58,-160.0,DRUGLIKE_MAYBRIDGE
HighDiv_602,HighDiv,C=CCCCCC1=CC(O)=CC(N2CCNC2=O)=C1,28/000000414,C15H20N2O2,260.0,1.99,4.39,-8.451,-0.0057345895091947315,0.19085106494656826,0.09255823771868676,2.544502789678365,2.53,15.4,-120.0,HIGHDIVERSITY_CONCAT
Druglike_1896,Druglike,CN(C(=O)CC1=C(C(=O)O)C=CC(C(=O)O)=C1)C1C=CC=C1,5/000000054,C16H14NO5,300.0,0.7,4.25,-8.823,-0.41678248853147704,0.6011438016007148,0.09218065653461888,2.7647448956482954,6.57,3.58,-170.0,DRUGLIKE_MAYBRIDGE
HighDiv_1341,HighDiv,C=CC1=NC=C(O)C=C1C#C[C@@H](CN)C(=O)N1C=CC=N1,1/000000268,C15H14N4O2,282.0,0.51,4.4,-8.422,0.023625974706684625,0.1588658784869709,0.09124592659682776,4.186783457974736,7.43,23.4,-150.0,HIGHDIVERSITY_CRAFT
Druglike_617,Druglike,NCC[C@@H](O)C1=NC(/C=C(\C(=O)O)C2=CC(F)=CC=C2F)=NO1,1/000000022,C14H12N3O4F2,324.0,0.72,4.2,-8.954,-0.5635853096108634,0.7456286094009656,0.09102164989505113,3.5252054812558296,2.49,4.94,-150.0,DRUGLIKE_CONCAT
HighDiv_1398,HighDiv,CC/C=C/CC1=CC(C2=CC(NCCNN)=CC=C2O)=NN1,3/000000006,C16H23N5O,301.0,2.13,4.26,-8.794,-0.3874219243156003,0.5691586151411174,0.09086834541275857,3.0659387418021407,0.63,20.6,-160.0,HIGHDIVERSITY_CRAFT
HighDiv_1250,HighDiv,NNCCC(=O)C1=CC(O)=C(O)C(C2=NCON2)=C1,3/000000098,C11H14N4O4,266.0,-0.05,4.7,-7.622,0.9044429011830054,-0.7234840928122701,0.09047940418536765,3.582017593742224,0.86,17.9,-140.0,HIGHDIVERSITY_CRAFT
HighDiv_708,HighDiv,COC(=O)CCCCCC1=CC(O)=CC(N2CCNC2=O)=C1,28/000000126,C16H22N2O4,306.0,1.43,4.3,-8.685,-0.2699796674520907,0.448938431551596,0.08947938204975267,2.3867667815043756,3.01,18.4,-140.0,HIGHDIVERSITY_CONCAT
Druglike_143,Druglike,C#C[C@@H](C(=O)O)C1=NC(N)=C2C=NNC2=N1,21/000000005,C9H7N5O2,217.0,0.23,4.67,-7.699,0.8163612085353725,-0.6385579080747184,0.08890165023032709,3.899805392421536,3.57,19.0,-190.0,DRUGLIKE_CONCAT
Druglike_1149,Druglike,NCC1=CC(C(=O)O)=CN1CC#C[C@@H](Cl)C1=CN=NN1,21/000000006,C12H12N5O2Cl,293.0,-0.06,4.57,-7.965,0.5227555663765998,-0.3451765426177209,0.08878951187943945,4.421391943233873,7.25,3.58,-150.0,DRUGLIKE_CRAFT
HighDiv_651,HighDiv,COCC(=O)C1=CC(OCC2=CN=CNC2)=C(Br)C(O)=C1,12/000000706,C14H15N2O4Br,355.0,0.71,4.36,-8.524,-0.09381628215682498,0.2713654998276224,0.08877460883539873,3.380905158893708,3.98,3.58,-20.0,HIGHDIVERSITY_CONCAT
Druglike_1188,Druglike,CC1=C(/C(=C\CC2=CC(O)=NO2)C(=O)O)O[C@H](CO)C1,4/000000043,C13H14NO6,280.0,0.05,4.43,-8.337,0.11170766735431488,0.06511619403642567,0.08841193069537027,4.315623062114993,8.51,4.81,-170.0,DRUGLIKE_CRAFT
Druglike_411,Druglike,O=C(O)C1=CN=C(O)N=C1CCCC1=CCCC1,29/000000087,C13H16N2O3,248.0,0.91,4.35,-8.549,-0.12317684637270433,0.29893893643072406,0.08788104502900987,2.9981077336842237,6.17,3.85,0.0,DRUGLIKE_CONCAT
Druglike_1258,Druglike,NCC1=NN=C(/C=C\CC(=O)C2=CC=C(O)C3=C2C=CC3)N1,14/000000002,C16H16N4O2,296.0,2.09,4.17,-9.027,-0.6516670022584963,0.8261430442820198,0.08723802101176176,3.729371708835109,5.77,3.7,-40.0,DRUGLIKE_CRAFT
HighDiv_641,HighDiv,NC/C=C/C1=NN=C(NC2=CC=C(C3=CNN=C3)C=C2)S1,27/000000001,C14H14N6S,298.0,2.83,4.36,-8.521,-0.09381628215682498,0.2680566874352521,0.08712020263921355,2.8594657047994154,-0.77,24.8,-160.0,HIGHDIVERSITY_CONCAT
HighDiv_1759,HighDiv,NC/C=C1\CC2=CC=C(/C=C/[C@H](Cl)[SH](=O)=O)C(F)=C2N1,12/000000010,C13H14N2O2SFCl,316.0,1.48,4.3,-8.679,-0.2699796674520907,0.4423208067668515,0.0861705696573804,4.813266418758348,5.66,21.7,-190.0,HIGHDIVERSITY_LANAPDB
HighDiv_544,HighDiv,O=C(C1=CC(O)=C(Br)C(Cl)=C1)C1C=CNC=C1,12/000000206,C12H9NO2ClBr,314.0,3.59,4.43,-8.332,0.11170766735431488,0.05960150671580652,0.0856545870350607,3.4242047160467752,2.89,2.48,-190.0,HIGHDIVERSITY_CONCAT
HighDiv_323,HighDiv,CCNCCC1=C(Br)C(ON)=CC(C(=O)O)=C1,12/000001274,C11H16N2O3Br,304.0,1.06,4.65,-7.746,0.757640080103619,-0.5867198472608873,0.08546011642136586,3.8196976855194857,6.68,2.48,-20.0,HIGHDIVERSITY_CONCAT
HighDiv_2035,HighDiv,NOC1=C(/C=C/C2=NNN=N2)C=C(CCCCS)C=C1F,27/000000406,C13H16N5OSF,309.0,2.82,4.56,-7.985,0.49339500216072046,-0.32311779333523943,0.08513860441274052,3.301269005047553,2.75,3.58,0.0,HIGHDIVERSITY_MAYBRIDGE
HighDiv_1918,HighDiv,CC1=C(C[C@H](O)C#CC2=C(N)C=C(CO)C(O)=C2)CC=CO1,8/000000030,C17H19NO4,301.0,0.83,4.01,-9.449,-1.1214360297125348,1.2915826541423698,0.08507331221491754,4.197349000615573,5.79,2.35,-170.0,HIGHDIVERSITY_LANAPDB
Druglike_1243,Druglike,NCOC1=CC=C(C(=O)OCC2=NC=CC=C2C(=O)O)C=C1N,16/000000004,C15H15N3O5,317.0,0.58,4.23,-8.862,-0.47550361696323057,0.6441583627015525,0.08432737286916095,2.400246503743066,4.07,3.7,0.0,DRUGLIKE_CRAFT
Druglike_1937,Druglike,CC(=O)CCOC(=O)C#CC1=CC(C2=NOC(=O)N2)=CC(O)=C1,1/000000036,C15H12N2O6,316.0,1.93,4.17,-9.021,-0.6516670022584963,0.8195254194972772,0.08392920861939046,3.402504676819987,3.4,24.7,-160.0,DRUGLIKE_MAYBRIDGE
HighDiv_974,HighDiv,C=C(CCC1=NNC=C1)C(=O)C1=CC(N=O)=C(Br)C=C1O,12/000001063,C14H12N3O3Br,350.0,2.61,4.13,-9.127,-0.7691092591220059,0.9364367906944264,0.08366376578621026,3.6794855302464935,4.16,3.7,-60.0,HIGHDIVERSITY_CONCAT
Druglike_1868,Druglike,NC(N)NC(=O)C1=C(CO)C=C(C2=CC(=O)C=CN2)C=C1,15/000000167,C14H15N4O3,287.0,0.04,4.29,-8.701,-0.2993402316679674,0.4665854309775808,0.0836225996548067,2.8614881827663865,6.03,5.39,-160.0,DRUGLIKE_MAYBRIDGE
Druglike_1145,Druglike,C=CC1=COC(CO)=C1C1=NNC(=O)C(CC)=C1,15/000000283,C13H14N2O3,246.0,0.8,4.59,-7.902,0.5814766948083533,-0.4146616028575358,0.08340754597540875,3.2735751182996076,4.54,21.2,-160.0,DRUGLIKE_CRAFT
Druglike_1804,Druglike,O=C(C1=CN=CN1)C1=CNC(=O)C2=C1C=CN2,10/000000002,C11H8N4O2,228.0,-0.29,4.42,-8.354,0.08234710313843813,0.08386613092653393,0.08310661703248604,2.9529237246976994,2.45,22.1,-40.0,DRUGLIKE_MAYBRIDGE
Druglike_1549,Druglike,O=C(O)C1=CC=C(C#CCCN2C=CN=N2)C(Br)=C1,26/000000003,C13H9N3O2Br,319.0,2.09,4.21,-8.912,-0.5342247453949867,0.6993052359077557,0.08254024525638454,2.755633558909132,6.61,22.3,0.0,DRUGLIKE_LANAPDB
HighDiv_1469,HighDiv,CCCC(=O)NC(=O)C#CC1=C(O)C(O)=CN=C1,1/000000183,C12H12N2O4,248.0,0.5,4.14,-9.098,-0.7397486949061292,0.9044516042348291,0.08235145466434995,3.1831987854895596,1.25,18.2,-20.0,HIGHDIVERSITY_CRAFT
HighDiv_545,HighDiv,C=C[C@@H](O)C(=O)C#CC1=CC(O)=CC(Br)=C1,23/000000122,C12H9O3Br,281.0,2.36,4.43,-8.326,0.11170766735431488,0.05298388193106196,0.08234577464268841,3.865444390632629,3.26,2.35,-150.0,HIGHDIVERSITY_CONCAT
Druglike_1458,Druglike,O=C(O)CC#CC1=CC=C(I)C2=C1NC=N2,12/000000036,C11H7N2O2I,326.0,2.47,4.49,-8.166,0.28787105264958057,-0.12348611232878624,0.08219247016039716,3.3378684753483325,5.4,17.2,-40.0,DRUGLIKE_LANAPDB
Druglike_397,Druglike,CC(=O)C1=C[C@@H](CN)NC(/C=C/CNCC2=C(Br)C=NN2)=N1,18/000000052,C14H19N6OBr,367.0,0.57,4.36,-8.509,-0.09381628215682498,0.254821437865763,0.08050257785446902,4.485920969049044,5.73,6.45,-170.0,DRUGLIKE_CONCAT
HighDiv_241,HighDiv,O=NC1=CC(C(=O)CS)=CC(O)=C1Br,12/000000889,C8H6NO3SBr,276.0,1.94,4.74,-7.497,1.021885158046515,-0.8613512758277765,0.08026694110936922,3.34948931750087,2.6,2.35,0.0,HIGHDIVERSITY_CONCAT
HighDiv_1679,HighDiv,OCC1=NC(CO)=C(C2=CC(F)=C(CCl)C(O)=C2)N1,10/000000028,C12H12N2O3FCl,286.0,0.85,4.52,-8.081,0.37595274529721084,-0.21723579677933147,0.07935847425893969,3.1632027896783637,6.73,2.35,-120.0,HIGHDIVERSITY_LANAPDB
HighDiv_773,HighDiv,O=C1C=C([C@@H](/C=C/C2=C(F)C=CC(Cl)=C2O)CO)C(=O)N1,30/000000043,C14H11NO4FCl,311.0,1.06,4.26,-8.773,-0.3874219243156003,0.5459969283945115,0.07928750203945562,3.80876612454991,3.93,5.21,-150.0,HIGHDIVERSITY_CONCAT
Druglike_1206,Druglike,CCCC/C=C/C1=NC(CN)=C(C2=NNC(=O)C(C)=C2)O1,15/000000124,C15H20N4O2,288.0,1.41,4.37,-8.48,-0.06445571794094823,0.22283625140616561,0.07919026673260869,3.2358936856212184,3.57,24.6,-200.0,DRUGLIKE_CRAFT
HighDiv_421,HighDiv,NOC1=CC(C(=O)O)=CC(CC(=O)CCCl)=C1Br,12/000001176,C11H11NO4ClBr,336.0,1.26,4.55,-7.999,0.46403443794484367,-0.30767666883750344,0.07817888455367011,2.9376288875303764,5.78,2.64,0.0,HIGHDIVERSITY_CONCAT
HighDiv_377,HighDiv,NOC1=C(Br)C(CCCCCO)=CC(C(=O)O)=C1,12/000001139,C12H16NO4Br,318.0,1.39,4.58,-7.919,0.5521161305924766,-0.39591166596742755,0.0781022323125245,2.5889331653953693,6.69,2.48,0.0,HIGHDIVERSITY_CONCAT
HighDiv_389,HighDiv,C=C[C@@H](C#CC1=CC(O)=CC(N)=C1)CCCO,23/000000234,C14H17NO2,231.0,1.92,4.57,-7.943,0.5227555663765998,-0.3694411668284503,0.07665719977407476,3.7965487034964127,5.34,14.8,-150.0,HIGHDIVERSITY_CONCAT
Druglike_635,Druglike,OC1=CC(/C=C/C2=CC([C@]3(CCCl)CN3)=NN2)=C(I)C=C1,28/000000284,C15H15N3OClI,415.0,3.81,4.19,-8.954,-0.5929458738267401,0.7456286094009656,0.07634136778711276,4.187280980790902,7.18,3.72,-150.0,DRUGLIKE_CONCAT
HighDiv_1073,HighDiv,NNCC1=NNC(C(=O)C2=CC(O)=C(Br)C(N=O)=C2)=N1,12/000000412,C10H9N6O3Br,341.0,0.66,4.07,-9.273,-0.945272644417269,1.0974656604565367,0.07609650801963386,3.60619271846836,4.32,24.7,-40.0,HIGHDIVERSITY_CONCAT
Druglike_1483,Druglike,C[C@@H](F)C1=NNN=C1/C(=C/CO)C1=NC(NCCl)=CN=C1,29/000000068,C12H14N6OFCl,312.0,1.63,4.36,-8.501,-0.09381628215682498,0.2459979381527696,0.07609082799797232,4.247837956019064,4.36,24.2,-170.0,DRUGLIKE_LANAPDB
Druglike_215,Druglike,NCCCC1=CC([C@@H](N)C2=NC(I)=C(C#CC(=O)O)C=C2)=CO1,26/000000094,C16H16N3O3I,425.0,1.24,4.55,-7.993,0.46403443794484367,-0.314294293622247,0.07487007216129835,4.039614238123962,3.32,23.9,-190.0,DRUGLIKE_CONCAT
Druglike_1621,Druglike,NCC1=CC(CC[C@H](F)C(=O)NC(=O)N2C=NC=N2)=CC=C1,21/000000006,C14H17N5O2F,306.0,0.33,4.12,-9.136,-0.7984698233378826,0.9463632278715413,0.07394670226682931,3.896624194855496,5.15,3.58,-150.0,DRUGLIKE_LANAPDB
HighDiv_449,HighDiv,CC(=O)NC1=CC=C(N2CCNC2=O)C=C1O,28/000000043,C11H13N3O3,235.0,-0.3,4.52,-8.071,0.37595274529721084,-0.22826517142057173,0.07384378693831956,2.248574928812733,4.49,15.6,-140.0,HIGHDIVERSITY_CONCAT
HighDiv_631,HighDiv,NCC1=CC(OCC2=NC=C(C(N)=O)C=C2I)=C2OCC(=O)C2=C1,4/000000304,C16H15N3O4I,440.0,0.78,4.37,-8.47,-0.06445571794094823,0.21180687676492535,0.07367557941198856,3.4289218969865747,8.42,3.7,-40.0,HIGHDIVERSITY_CONCAT
Druglike_1183,Druglike,C/C=C/CCC1=NC(CO)=C(C2=NNC(=O)C=C2)O1,15/000000111,C13H15N3O3,261.0,0.67,4.44,-8.28,0.14106823157019424,0.002248758581354378,0.0716584950757743,3.243315610191184,1.84,23.2,-140.0,DRUGLIKE_CRAFT
HighDiv_1772,HighDiv,O=C(/C=C\C#CC1=C(C2=CC=C(O)C(O)=C2Br)ON=C1)CO,12/000000020,C15H10NO5Br,364.0,2.34,4.27,-8.732,-0.35806136009972356,0.5007764923654251,0.07135756613285077,3.654447442937072,7.27,3.58,-120.0,HIGHDIVERSITY_LANAPDB
Druglike_1166,Druglike,CNC/C=C/C1=NC(CO)=C(C2=NNC(=O)C=C2)O1,15/000000048,C12H14N4O3,262.0,-0.35,4.51,-8.093,0.3465921810813341,-0.20400054720984237,0.07129581693574587,3.395674584550159,1.0,24.0,-140.0,DRUGLIKE_CRAFT
Druglike_1616,Druglike,NC(=O)NC1=CC(O)=CC=C1/C=C/CC1=NNC(=O)O1,4/000000158,C12H12N4O4,276.0,0.7,4.13,-9.104,-0.7691092591220059,0.9110692290195717,0.07097998494878288,3.0373679931936355,2.37,3.58,-60.0,DRUGLIKE_LANAPDB
HighDiv_2207,HighDiv,C#CC1=CC=C([C@@H](N)/C=C/C2=NCNC=C2)C2=C1N=CN2,22/000000063,C16H15N5,277.0,1.15,4.16,-9.024,-0.681027566474373,0.8228342318896475,0.07090333270763727,4.724947447971957,2.35,23.3,-190.0,HIGHDIVERSITY_MAYBRIDGE
HighDiv_300,HighDiv,NC[C@H](Cl)C(=O)C1=CC(S)=C(Br)C(N=O)=C1,12/000000963,C9H8N2O2SClBr,323.0,1.91,4.67,-7.665,0.8163612085353725,-0.6760577818549358,0.07015171334021836,4.218263634179779,3.37,2.35,-170.0,HIGHDIVERSITY_CONCAT
HighDiv_569,HighDiv,O=NCCCCCCC1=CC(O)=CC(N2CCNC2=O)=C1,28/000000467,C15H21N3O3,291.0,1.55,4.41,-8.357,0.052986538922561374,0.08717494331890621,0.07008074112073379,2.724228235816785,1.93,18.6,-120.0,HIGHDIVERSITY_CONCAT
Druglike_550,Druglike,O=C(CC1=NOC(CF)=C1)OCC#C[C@@H](CO)C1=NNC(=O)N1,21/000000099,C13H13N4O5F,324.0,-0.17,4.24,-8.809,-0.4461430527473538,0.5857026771029769,0.06977981217781154,4.139387459277808,7.86,6.2,-150.0,DRUGLIKE_CONCAT
HighDiv_960,HighDiv,C=C(CCCCC)C1=NOC(C2=CC(O)=C(F)C=C2O)=N1,6/000000061,C15H17N2O3F,292.0,3.5,4.14,-9.074,-0.7397486949061292,0.8779811050958508,0.06911620509486083,2.946575185418906,0.82,21.5,-200.0,HIGHDIVERSITY_CONCAT
HighDiv_976,HighDiv,O=C1NC(=O)C(CCF)=C1C/C=C/C1=C(O)C(Cl)=CC=C1,30/000000013,C15H13NO3FCl,309.0,2.42,4.13,-9.099,-0.7691092591220059,0.9055545416989526,0.06822264128847333,3.20179083528628,3.41,5.08,0.0,HIGHDIVERSITY_CONCAT
HighDiv_348,HighDiv,C=C(CN)C1=CC(O)=CC(N2CCNC2=O)=C1,28/000000233,C12H15N3O2,233.0,-0.0,4.61,-7.818,0.6401978232401094,-0.5073083498439566,0.06644473669807643,2.9088096260304095,2.62,15.0,-140.0,HIGHDIVERSITY_CONCAT
HighDiv_2097,HighDiv,O=C(O)CCC[C@@H](/C=C/C1=CC(F)=CC(F)=C1O)CO,1/000000042,C14H16O4F2,286.0,2.01,4.38,-8.43,-0.03509515372507148,0.16768937819996232,0.06629711223744542,3.2784470714390013,2.83,3.58,-150.0,HIGHDIVERSITY_MAYBRIDGE
HighDiv_1444,HighDiv,NC(N)NC(=O)C1=CC(C2=C(O)C(O)=C(Br)C=C2)=CC=C1,3/000000076,C14H13N3O3Br,351.0,2.41,4.2,-8.909,-0.5635853096108634,0.6959964235153835,0.06620555695226005,2.485476818812735,1.49,2.35,-180.0,HIGHDIVERSITY_CRAFT
HighDiv_2199,HighDiv,C=CNC(=O)N(O)C1=CC=C(C[C@@H](C)C2=NN=CS2)C=C1F,27/000000592,C14H15N4O2SF,322.0,2.49,4.17,-8.986,-0.6516670022584963,0.7809226082529354,0.06462780299721954,3.8218526576143113,5.62,3.58,-170.0,HIGHDIVERSITY_MAYBRIDGE
HighDiv_2273,HighDiv,C#CC1=CC=C(C(=O)C2=NN=C(S)N2)C2=C1N=CN2,22/000000067,C12H7N5OS,269.0,2.8,4.07,-9.25,-0.945272644417269,1.072098098781684,0.06341272718220747,3.786538687114261,2.36,24.3,-40.0,HIGHDIVERSITY_MAYBRIDGE
HighDiv_503,HighDiv,O=NCSCC1=CC(N2CCNC2=O)=CC(O)=C1Cl,28/000000489,C11H12N3O3SCl,301.0,1.0,4.47,-8.185,0.22914992421782449,-0.10253030051042915,0.06330981185369766,3.3665662149323543,4.41,20.4,-120.0,HIGHDIVERSITY_CONCAT
HighDiv_693,HighDiv,C=C/C=C(\C(=O)O)C1=CC=C(C2=CN=CO2)C=C1,27/000000003,C14H10NO3,240.0,1.68,4.32,-8.582,-0.2112585390203346,0.3353358727468191,0.06203866686324225,2.7025493626434987,2.54,3.58,-120.0,HIGHDIVERSITY_CONCAT
HighDiv_1382,HighDiv,NC1=C(C#C[C@@H](O)C2=CC=CC=C2O)C(C(=O)O)=NN1,30/000000015,C13H10N3O4,272.0,0.5,4.32,-8.582,-0.2112585390203346,0.3353358727468191,0.06203866686324225,3.4443072579191885,5.65,2.35,-150.0,HIGHDIVERSITY_CRAFT
HighDiv_461,HighDiv,NCC1=C(C2=CC(O)=C(F)C=C2N=O)C=C(C(N)=S)N1,6/000000144,C12H11N4O2SF,294.0,0.57,4.51,-8.075,0.3465921810813341,-0.223853421564076,0.06136937975862905,3.5987260518016946,3.8,24.4,-140.0,HIGHDIVERSITY_CONCAT
Druglike_1907,Druglike,O=C(O)C1=CC=C2C(=O)NC(=O)C2=C1O,6/000000016,C9H5NO5,207.0,0.2,4.23,-8.82,-0.47550361696323057,0.5978349892083425,0.06116568612255599,2.375912734188532,6.08,2.22,-40.0,DRUGLIKE_MAYBRIDGE
Druglike_414,Druglike,C=C(CCCCC1=CC(O)=CC(C2=NNN=C2)=C1)CNC,28/000000400,C16H22N4O,286.0,3.29,4.35,-8.498,-0.12317684637270433,0.2426891257603973,0.05975613969384649,2.9915651588937067,0.49,19.8,-140.0,DRUGLIKE_CONCAT
HighDiv_674,HighDiv,O=NC1=C(Br)C(CCCNCCO)=CC(C(=O)C2=NN=CO2)=C1,12/000000928,C14H15N4O4Br,383.0,2.16,4.34,-8.523,-0.15253741058858108,0.27026256236349894,0.058862575887458926,3.365269240429454,5.39,5.39,0.0,HIGHDIVERSITY_CONCAT
HighDiv_376,HighDiv,C/C=C/C1=C(O)C=C(N2CCNC2=O)C=C1C#CCCNO,28/000000510,C16H19N3O3,301.0,1.55,4.59,-7.857,0.5814766948083533,-0.464293788743118,0.058591453032617646,3.430049908055242,3.95,21.4,-140.0,HIGHDIVERSITY_CONCAT
HighDiv_2114,HighDiv,NN[C@@H](CC#CCC(=O)O)C1=CC(O)=C(O)C(Cl)=C1,22/000000032,C12H13N2O4Cl,284.0,0.85,4.33,-8.549,-0.18189797480445782,0.29893893643072406,0.058520480813133116,3.691548394534374,7.11,19.1,-150.0,HIGHDIVERSITY_MAYBRIDGE
HighDiv_1802,HighDiv,COC1=C(Cl)C(C[C@@H](S)C2=CC(F)=C(O)C([N+](=O)[O-])=C2)=CC=C1,11/000000007,C15H13NO4SFCl,357.0,4.31,4.18,-8.948,-0.6223064380426195,0.7390109846162212,0.058352273286800815,3.2882483029502634,4.41,4.94,-193.0,HIGHDIVERSITY_LANAPDB
HighDiv_1338,HighDiv,C=CC1=NC=C(O)C=C1C#C[C@@H](CN)C1=CSN=C1,1/000000080,C14H13N3OS,271.0,1.29,4.42,-8.308,0.08234710313843813,0.033131007576828304,0.05773905535763321,4.421541758033619,7.55,21.7,-150.0,HIGHDIVERSITY_CRAFT
HighDiv_715,HighDiv,O=C(O)CC1=CC(O)=CC(N2CCNC2=O)=C1,28/000000048,C11H12N2O4,236.0,-0.13,4.29,-8.653,-0.2993402316679674,0.41364443269962636,0.057152100515829474,2.418258071202258,2.47,15.4,-120.0,HIGHDIVERSITY_CONCAT
Druglike_640,Druglike,C=C(C1=CC=C(C(=O)C2=NN(C(C)=O)N=N2)N1)[C@H](F)CCCO,23/000000526,C14H16N5O3F,321.0,1.05,4.19,-8.919,-0.5929458738267401,0.7070257981566238,0.05703996216494184,4.2074120746624235,3.09,5.08,-170.0,DRUGLIKE_CONCAT
HighDiv_414,HighDiv,CCC#CC1=C(C=S)C(O)=CC(N2CCNC2=O)=C1,28/000000383,C14H14N2O2S,274.0,1.53,4.55,-7.96,0.46403443794484367,-0.35069122993834106,0.0566716040032513,3.3807049667465776,5.06,20.3,-140.0,HIGHDIVERSITY_CONCAT
HighDiv_253,HighDiv,NOC1=C(Br)C(N2N=CNC2=S)=CC(C(=O)O)=C1,12/000000007,C9H7N4O3SBr,331.0,1.24,4.72,-7.506,0.9631640296147589,-0.8514248386506597,0.05586959548204962,3.464818251737597,6.51,20.9,-120.0,HIGHDIVERSITY_CONCAT
Druglike_1490,Druglike,C/C=C(\C1=CC=CC(Cl)=C1Cl)C1=NNN=C1C(=O)O,29/000000060,C12H9N3O2Cl2,297.0,4.54,4.34,-8.517,-0.15253741058858108,0.2636449375787544,0.05555376349508666,2.9455013103884227,4.03,3.58,-20.0,DRUGLIKE_LANAPDB
HighDiv_764,HighDiv,N/C=C\[C@@H](C/C=C/CC1=C(CN)N=C(C(=O)O)O1)C1=NNN=N1,3/000000048,C13H17N7O3,319.0,-0.3,4.27,-8.702,-0.35806136009972356,0.46768836844170425,0.054813504170990346,4.517864619041121,6.65,5.39,-150.0,HIGHDIVERSITY_CONCAT
HighDiv_2040,HighDiv,NCC#CC1=C2C(=O)OC=NC2=CC(N=O)=C1O,28/000000008,C11H7N3O4,245.0,0.14,4.54,-7.982,0.43467387372896693,-0.3264266057276117,0.05412363400067763,3.673917272145762,3.8,21.8,-80.0,HIGHDIVERSITY_MAYBRIDGE
Druglike_265,Druglike,CCCCC/C=C\COCCC1=CC(O)=CC(CO)=C1,28/000000057,C17H26O3,278.0,2.93,4.48,-8.139,0.25851048843370383,-0.15326542386013672,0.052622532286783555,2.477779763002774,5.19,3.58,-20.0,DRUGLIKE_CONCAT
HighDiv_1537,HighDiv,NC1=CC=C(O)C(C#CC2=CC(F)=CC(F)=C2O)=C1,3/000000060,C14H9NO2F2,261.0,3.31,4.04,-9.31,-1.0333543370649019,1.1382743466291274,0.05246000478211277,2.666514623997891,2.99,18.4,0.0,HIGHDIVERSITY_CRAFT
HighDiv_130,HighDiv,O=C(O)CC1=NNC(C2=NC(/C=C/CS)=C(CCl)C=C2I)=N1,4/000000056,C13H12N4O2SClI,450.0,3.07,4.91,-6.994,1.5210147497164301,-1.4161288202821738,0.05244296471712817,3.879669889343125,7.11,25.0,-120.0,HIGHDIVERSITY_CONCAT
HighDiv_1393,HighDiv,O=C(O)[C@H](C#CC1=CC=C(O)C=C1)N1C=C([N+](=O)[O-])C=N1,27/000000008,C13H9N3O5,287.0,2.03,4.29,-8.644,-0.2993402316679674,0.40371799552250953,0.05218888192727106,3.3873588929430403,1.98,2.48,-150.0,HIGHDIVERSITY_CRAFT
HighDiv_304,HighDiv,O=C1NCCN1C1=CC(CCCCF)=C(I)C(O)=C1,28/000000331,C13H16N2O2FI,378.0,2.91,4.67,-7.63,0.8163612085353725,-0.7146605930992778,0.05085030771804738,3.0319595385898293,4.95,17.6,-120.0,HIGHDIVERSITY_CONCAT
HighDiv_1169,HighDiv,O=C1C=C([C@H](S)CC/C=C\CC2=CC=CC=C2)C(=O)N1,30/000000023,C16H17NO2S,287.0,2.45,4.01,-9.385,-1.1214360297125348,1.2209946564384304,0.04977931336294783,3.470872307606344,4.59,5.09,-150.0,HIGHDIVERSITY_CONCAT
HighDiv_1798,HighDiv,CC1=C(CCCCS(=O)(=O)O)C=C(C2=NN=CO2)C=C1O,27/000000003,C13H16N2O5S,312.0,2.3,4.19,-8.904,-0.5929458738267401,0.6904817361947624,0.048767931184011126,2.7784757159228857,2.05,22.1,-140.0,HIGHDIVERSITY_LANAPDB
HighDiv_1395,HighDiv,CC(=O)CC[C@H](CCl)NC(=O)C#CC1=C(O)C(O)=CN=C1,1/000000466,C14H15N2O4Cl,310.0,0.99,4.28,-8.664,-0.3287007958838442,0.42577674480499006,0.048537974460572925,3.8258260435782496,6.93,21.1,-200.0,HIGHDIVERSITY_CRAFT
HighDiv_316,HighDiv,COCC(=O)C1=CC(O)=C(Br)C(OC/C=C/CO)=C1,12/000000671,C13H15O5Br,331.0,1.54,4.65,-7.678,0.757640080103619,-0.6617195948213233,0.0479602426411479,2.801693026364754,3.86,3.58,-20.0,HIGHDIVERSITY_CONCAT
Druglike_1580,Druglike,NCCC1=NON=C1C(=O)[C@H](O)C1=CC2=C(C=CC=C2)N1,29/000000075,C14H14N4O3,286.0,0.77,4.17,-8.955,-0.6516670022584963,0.7467315468650891,0.04753227230329643,3.4743228451976815,3.73,3.58,-190.0,DRUGLIKE_LANAPDB
HighDiv_1923,HighDiv,C=CC1=CC=C(C(=O)O)C(S)=C1C1=CC=C(F)C=C1F,10/000000099,C15H10O2SF2,292.0,4.79,4.01,-9.378,-1.1214360297125348,1.2132740941895626,0.0459190322385139,2.652433744109386,6.27,19.3,-174.0,HIGHDIVERSITY_LANAPDB
Druglike_1027,Druglike,OC1=C(C#CCCCC2=NC=CN=C2)C=C2NCOC2=C1,21/000000087,C16H15N3O2,281.0,1.63,4.01,-9.378,-1.1214360297125348,1.2132740941895626,0.0459190322385139,3.1731034219210024,1.41,17.0,-40.0,DRUGLIKE_CONCAT
HighDiv_563,HighDiv,NC(=O)COC(=O)CCC1=C(Br)C(CO)=CC(C(=O)N=O)=C1,12/000000653,C13H13N2O6Br,373.0,0.14,4.42,-8.285,0.08234710313843813,0.007763445901975492,0.04505527452020681,2.817833396300186,5.73,22.9,-60.0,HIGHDIVERSITY_CONCAT
HighDiv_720,HighDiv,O=C1NCCN1C1=CC(O)=CC(C#CCCNO)=C1,28/000000192,C13H15N3O3,261.0,0.72,4.29,-8.631,-0.2993402316679674,0.389379808488897,0.04501978841046478,3.0977515076270805,-0.32,18.6,-120.0,HIGHDIVERSITY_CONCAT
HighDiv_378,HighDiv,NOC1=C(Br)C(CCNCCCBr)=CC(C(=O)O)=C1,12/000001383,C12H16N2O3Br2,396.0,2.1,4.58,-7.859,0.5521161305924766,-0.46208791381487013,0.04501410838880321,2.8279288251813224,5.68,2.48,0.0,HIGHDIVERSITY_CONCAT
HighDiv_426,HighDiv,NOC1=C(Br)C(OC/C=C/CNCCS)=CC(C(=O)O)=C1,12/000001218,C13H17N2O4SBr,377.0,1.77,4.54,-7.965,0.43467387372896693,-0.3451765426177209,0.04474866555562301,3.142070941387077,4.87,20.4,-30.0,HIGHDIVERSITY_CONCAT
HighDiv_2073,HighDiv,NCC1=CC=C(C2=NC([N+](=O)[O-])=NN2)C(F)=C1Cl,9/000000016,C9H7N5O2FCl,271.0,2.17,4.45,-8.204,0.17042879578607098,-0.08157448869207205,0.044427153546999464,3.083794703856908,3.75,21.2,-140.0,HIGHDIVERSITY_MAYBRIDGE
HighDiv_1312,HighDiv,CN(CN)CC(=O)C1=CC(O)=C(O)C(C2=CCC=C2)=C1,3/000000152,C15H18N2O3,274.0,0.79,4.48,-8.122,0.25851048843370383,-0.17201536075024498,0.043247563841729425,3.2563910401466813,0.95,3.58,-180.0,HIGHDIVERSITY_CRAFT
HighDiv_402,HighDiv,C=C[C@@H](C#CC1=CC(COCCCN)=CC(O)=C1)CCO,23/000000069,C17H23NO3,289.0,1.67,4.56,-7.909,0.49339500216072046,-0.4069410406086678,0.043226980776026325,3.624822049891293,1.53,17.8,-200.0,HIGHDIVERSITY_CONCAT
Druglike_1881,Druglike,NC[C@H](OC(=O)C#CC1=CC(C(N)=O)=CC(O)=C1)C(=O)O,1/000000184,C13H12N2O6,292.0,-0.19,4.26,-8.704,-0.3874219243156003,0.4698942433699531,0.04123615952717641,3.452373064977902,4.38,3.58,-180.0,DRUGLIKE_MAYBRIDGE
Druglike_672,Druglike,O=C(O)[C@@H](CCl)C1=NNC(/C=C/C2=C(I)C=CC(O)=C2)=C1,28/000000264,C14H12N2O3ClI,418.0,3.58,4.17,-8.943,-0.6516670022584963,0.7334962972956001,0.040914647518551894,3.8365090255690353,5.04,3.72,-150.0,DRUGLIKE_CONCAT
HighDiv_1292,HighDiv,O=C(C#CC1=C(O)C(O)=CN=C1CO)NCCS,1/000000545,C11H12N2O4S,268.0,-0.03,4.55,-7.931,0.46403443794484367,-0.3826764163979384,0.04067901077345262,3.57505059082708,5.24,19.1,0.0,HIGHDIVERSITY_CRAFT
HighDiv_2077,HighDiv,C#CC1=CC=C([C@@H](CO)C2=NN=CS2)C2=C1N=CN2,22/000000064,C13H10N4OS,270.0,1.94,4.44,-8.222,0.14106823157019424,-0.061721614337840354,0.03967330861617695,4.016545021436883,3.83,23.4,-190.0,HIGHDIVERSITY_MAYBRIDGE
HighDiv_2049,HighDiv,CNCC1=NN=C([C@@H](/C=C/C2=CC(F)=CC(F)=C2O)NO)N1,1/000000109,C13H15N5O2F2,311.0,2.13,4.51,-8.035,0.3465921810813341,-0.26797092012903706,0.03931063047614852,4.09939994639111,2.07,6.58,-170.0,HIGHDIVERSITY_MAYBRIDGE
Druglike_688,Druglike,CC/C=C/C(=O)C1=NN=C(COC2=CC=NC(Cl)=C2CCO)N1,23/000000019,C15H17N4O3Cl,336.0,2.2,4.16,-8.965,-0.681027566474373,0.7577609215063293,0.038366677515978165,3.2815937374708763,5.89,4.94,-20.0,DRUGLIKE_CONCAT
HighDiv_2036,HighDiv,CCC1=CC(C2=CNC(CO)=N2)=C(ON)C(F)=C1,27/000000478,C12H14N3O2F,251.0,0.6,4.56,-7.896,0.49339500216072046,-0.4212792276422803,0.03605788725922007,3.326586502914992,2.0,3.58,-140.0,HIGHDIVERSITY_MAYBRIDGE
Druglike_534,Druglike,O=C(O)C1=CC=CC(C(=O)CC2=CC=CC(O)=C2Br)=C1O,28/000000049,C15H11O5Br,351.0,2.99,4.25,-8.719,-0.41678248853147704,0.48643830533181254,0.03482790840016775,2.3493302601082835,5.28,3.58,0.0,DRUGLIKE_CONCAT
Druglike_148,Druglike,CC/C=C/[C@H](O)C1=NC(O)=NC=C1C(=O)O,29/000000065,C10H12N2O4,224.0,-0.01,4.66,-7.627,0.7870006443194958,-0.71796940549165,0.03451561941392289,3.80935780744837,5.86,3.72,-170.0,DRUGLIKE_CONCAT
Druglike_1434,Druglike,NC(=O)NC1=CC(CCBr)=CC([C@H](O)CO)=C1,4/000000111,C11H15N2O3Br,303.0,0.14,4.65,-7.653,0.757640080103619,-0.6892930314244249,0.03417352433959708,3.0164967430609178,4.26,14.5,-150.0,DRUGLIKE_LANAPDB
HighDiv_1701,HighDiv,[O-][S@@+](C1=CC=C2N[C@H](CO)CC2=C1)C1=CC(O)=C(I)C=C1O,12/000000215,C15H14NO4SI,431.0,1.26,4.46,-8.157,0.19978936000194772,-0.13341254950590306,0.03318840524802233,4.071398184024322,4.12,18.1,-190.0,HIGHDIVERSITY_LANAPDB
HighDiv_1313,HighDiv,O=C(CO)C1=CC(O)=C(O)C(C2=NN=CS2)=C1,3/000000123,C10H8N2O4S,252.0,1.21,4.47,-8.13,0.22914992421782449,-0.1631918610372516,0.03297903159028644,2.9701097896965294,2.34,19.5,-120.0,HIGHDIVERSITY_CRAFT
HighDiv_351,HighDiv,O=NC1=C(Br)C(Cl)=CC(C(=O)[C@H](O)CCCO)=C1,12/000000383,C11H11NO4ClBr,336.0,1.9,4.61,-7.757,0.6401978232401094,-0.5745875351555236,0.0328051440422929,3.524383881526658,2.62,2.35,-170.0,HIGHDIVERSITY_CONCAT
HighDiv_1755,HighDiv,[O-][S@@+](C1=CN=CC=C1O)C1=C(O)C=C(I)C(O)=C1,12/000000056,C11H8NO4SI,377.0,0.79,4.31,-8.554,-0.24061910323621394,0.30445362375134516,0.03191726025756561,3.804740474933251,3.38,15.1,0.0,HIGHDIVERSITY_LANAPDB
HighDiv_1744,HighDiv,[O-][S@@+](C1=CC(O)=CC(Br)=C1)C1=C(O)C=C(I)C(O)=C1,12/000000057,C12H8O4SBrI,455.0,2.84,4.33,-8.5,-0.18189797480445782,0.24489500068864614,0.03149851294209416,3.7493384397832425,3.87,16.2,0.0,HIGHDIVERSITY_LANAPDB
Druglike_1212,Druglike,CCCCCCCC1=NC(CO)=C(C2=NNC(=O)C(CC)=C2)O1,15/000000270,C17H25N3O3,319.0,2.19,4.34,-8.473,-0.15253741058858108,0.21511568915729762,0.03128913928435827,2.8781807197193956,2.28,24.6,-200.0,DRUGLIKE_CRAFT
Druglike_547,Druglike,NCN(CC#CC1=CC=NC2=C1C=CN2)CCC1=CNC=NC1,17/000000003,C17H20N6,308.0,1.1,4.24,-8.739,-0.4461430527473538,0.5084970546142951,0.031177000933470644,3.845361944919535,2.77,23.5,-80.0,DRUGLIKE_CONCAT
HighDiv_1375,HighDiv,O=C1NC(COCC2=CC=C(C3=CNC(S)=N3)C(CS)=C2)=NO1,27/000000001,C14H14N4O3S2,350.0,2.37,4.33,-8.498,-0.18189797480445782,0.2426891257603973,0.03039557547796974,3.797088724022784,2.96,3.72,-160.0,HIGHDIVERSITY_CRAFT
HighDiv_924,HighDiv,O=C(O)C/C=C/C1=NOC(C2=CC(O)=C(F)C=C2O)=N1,6/000000043,C12H9N2O5F,280.0,1.54,4.16,-8.949,-0.681027566474373,0.7401139220803445,0.029543177802985765,3.09909369748934,0.42,23.1,-160.0,HIGHDIVERSITY_CONCAT
HighDiv_2096,HighDiv,NC(=O)NC1=CC=C(O)C(N2C=NOC2)=C1Br,12/000000007,C9H9N4O3Br,301.0,1.52,4.38,-8.363,-0.03509515372507148,0.09379256810365076,0.02934870718928964,3.587945796243175,0.7,17.2,-140.0,HIGHDIVERSITY_MAYBRIDGE
Druglike_1909,Druglike,O=C(O)C1=CC2=C(N1)C(=O)NC=C2C#CCCI,14/000000013,C12H9N2O3I,356.0,1.85,4.22,-8.788,-0.5048641811791099,0.562540990356373,0.028838404588631517,3.4650535798380693,5.56,23.5,-40.0,DRUGLIKE_MAYBRIDGE
Druglike_1888,Druglike,C=C[C@@H](CC)C1=NON=C1CNCC1=C(CN)OC(=O)C=C1O,2/000000005,C15H21N4O4,321.0,0.76,4.26,-8.681,-0.3874219243156003,0.44452668169509835,0.028552378689749025,4.758013276585499,8.13,6.58,-170.0,DRUGLIKE_MAYBRIDGE
Druglike_1301,Druglike,C=C[C@@](F)(C1=NN=C(CN)N1)C1=CC=C2OC=NC2=C1Cl,3/000000001,C13H11N5OFCl,307.0,2.88,4.09,-9.132,-0.8865515159855155,0.9419514780150456,0.027699981014765063,4.3368992337244086,4.31,24.0,-197.0,DRUGLIKE_CRAFT
Druglike_1530,Druglike,C[C@H](C=C1C(=O)CCCC1=O)CCN1C=CC(CO)=C1C(=O)O,4/000000012,C17H21NO5,319.0,0.45,4.25,-8.703,-0.41678248853147704,0.4687913059058277,0.026004408687175323,3.6819043823547313,9.52,5.09,-170.0,DRUGLIKE_LANAPDB
HighDiv_1062,HighDiv,O=C1NCCN1C1=CC(CCC2=NOCN2)=CC(O)=C1,28/000000006,C13H16N4O3,276.0,0.86,4.08,-9.155,-0.9159120802013923,0.9673190396898984,0.025703479744253077,3.385303593799926,2.41,18.3,-140.0,HIGHDIVERSITY_CONCAT
Druglike_187,Druglike,C=CCNC(=O)C1=NC=CC(C2=NON=C2CO)=N1,4/000000032,C11H11N5O3,261.0,-0.02,4.6,-7.77,0.61083725902423,-0.5602493481219111,0.025293955451159478,3.061597661473235,1.72,21.2,-180.0,DRUGLIKE_CONCAT
Druglike_1217,Druglike,O=C(O)C1=CC(F)=CC=C1C1=C(C(=O)O)NN=C1,3/000000004,C11H6N2O4F,249.0,1.61,4.33,-8.488,-0.18189797480445782,0.23165975111915704,0.02488088815734961,2.3624100884722914,5.42,2.35,-120.0,DRUGLIKE_CRAFT
Druglike_134,Druglike,N[C@@H](/C=C/CC(=O)OCC(=O)O)C1=CCC=C1,1/000000024,C12H15NO4,237.0,-0.24,4.68,-7.554,0.8457217727512493,-0.7984838403727051,0.02361896618927206,3.9031876560332375,7.16,2.22,-150.0,DRUGLIKE_CONCAT
Druglike_1704,Druglike,NC/C(=C/CC1=CC(O)=CC(NC(N)=O)=C1)[C@@H]1CCCO1,4/000000184,C15H22N3O3,292.0,-0.2,4.02,-9.309,-1.092075465496658,1.137171409165002,0.02254797183417201,3.83956181521072,8.71,5.09,-150.0,DRUGLIKE_LANAPDB
Druglike_305,Druglike,NCC1=NC=C(/C=C/[C@@H]2C=CC=C(CO)N2)C=C1Br,13/000000050,C14H16N3OBr,322.0,0.74,4.44,-8.19,0.14106823157019424,-0.09701561318980999,0.022026309190192127,4.197057142649003,5.91,2.35,-150.0,DRUGLIKE_CONCAT
HighDiv_409,HighDiv,CCC/C(C#CCC1=C(CO)N=C(C(=O)O)O1)=C/CO,3/000000302,C14H17NO5,279.0,0.02,4.55,-7.897,0.46403443794484367,-0.42017629017815594,0.021929073883343864,3.8077146765103183,6.48,23.2,-170.0,HIGHDIVERSITY_CONCAT
Druglike_1406,Druglike,O=C(O)[C@@H](CO)OC1=CC=CC=C1C/C=C/CCl,20/000000071,C13H15O4Cl,270.0,1.92,4.87,-7.045,1.4035724928529205,-1.3598790096118472,0.02184674162053668,3.092035419988197,7.84,3.58,-150.0,DRUGLIKE_LANAPDB
Druglike_329,Druglike,OCCC1=COC=C(C[C@H](O)/C=C/C2=CC=C(Cl)C(Cl)=C2)C1,13/000000183,C17H18O3Cl2,340.0,2.79,4.41,-8.269,0.052986538922561374,-0.009883553524009329,0.021551492699276024,3.783891936790979,4.36,4.94,-170.0,DRUGLIKE_CONCAT
Druglike_1697,Druglike,O=C(O)C1=CC([C@H](C#CC2=CNC=C2)C(=O)O)=CC=C1,20/000000111,C15H11NO4,269.0,2.11,4.03,-9.28,-1.0627149012807786,1.1051862227054048,0.021235660712313087,3.333996613563544,1.43,2.35,-150.0,DRUGLIKE_LANAPDB
HighDiv_1305,HighDiv,NNCC1=C(O)C(O)=CC(C(=O)OC(F)F)=C1,3/000000096,C9H10N2O4F2,248.0,0.62,4.5,-8.028,0.3172316168654573,-0.2756914823779051,0.020770067243776114,2.9017435049174782,0.98,18.2,-170.0,HIGHDIVERSITY_CRAFT
HighDiv_2066,HighDiv,CCCC1=NN=C(/C=C/C2=C(S)C(CO)=CN=C2I)N1,30/000000161,C13H15N4OSI,402.0,3.59,4.48,-8.08,0.25851048843370383,-0.2183387342434549,0.020085877095124466,3.786578432754076,7.92,21.1,-20.0,HIGHDIVERSITY_MAYBRIDGE
Druglike_450,Druglike,CCCCC1=NNC(/C=C/C2=C(I)C=CC(O)=C2)=C1,28/000000311,C15H17N2OI,368.0,4.79,4.3,-8.559,-0.2699796674520907,0.3099683110719643,0.01999432180993682,3.0332233024988753,6.42,3.58,-20.0,DRUGLIKE_CONCAT
Druglike_465,Druglike,N[C@@H](CO)N(CC#CC1=NC=CC=C1)CCC1=CNC=NC1,17/000000012,C16H21N5O,299.0,-0.36,4.29,-8.585,-0.2993402316679674,0.3386446851391914,0.019652226735611983,4.276045658875347,2.09,3.58,-190.0,DRUGLIKE_CONCAT
Druglike_1657,Druglike,O=C(O)C1=NOC(C#CC2CCCCC2)=C1C(=O)O,6/000000148,C13H12NO5,262.0,1.55,4.07,-9.17,-0.945272644417269,0.9838631016517598,0.01929522861724542,3.0481308012893944,4.23,23.0,-150.0,DRUGLIKE_LANAPDB
HighDiv_487,HighDiv,CSCC1=C(Cl)C(O)=CC(N2CCNC2=O)=C1,28/000000171,C11H13N2O2SCl,272.0,1.8,4.48,-8.078,0.25851048843370383,-0.22054460917170374,0.018982939631000048,2.873451851889657,3.28,16.2,-140.0,HIGHDIVERSITY_CONCAT
Druglike_1854,Druglike,O=C(O)C1=CNC([C@H](C(=O)O)C2=NNC(=O)O2)=C1,19/000000001,C9H7N3O6,253.0,-0.19,4.32,-8.503,-0.2112585390203346,0.24820381308101844,0.018472637030341924,3.805723834430898,2.32,3.72,-150.0,DRUGLIKE_MAYBRIDGE
HighDiv_2111,HighDiv,O=C(C#CC1=CC(O)=CN=C1I)O[C@@H](C=S)C1=CC=CN1,30/000000040,C14H9N2O3SI,412.0,2.55,4.34,-8.449,-0.15253741058858108,0.18864519001831942,0.018053889714869167,4.425251776097291,8.18,25.0,-150.0,HIGHDIVERSITY_MAYBRIDGE
Druglike_1805,Druglike,O=C1C=CNC(C2=NN=C(CCCO)O2)=C1CO,15/000000284,C11H13N3O4,251.0,0.14,4.42,-8.235,0.08234710313843813,-0.04738342730422781,0.01748183791710516,2.975560222372005,6.5,22.2,-120.0,DRUGLIKE_MAYBRIDGE
HighDiv_1435,HighDiv,COCC(=O)C1=CC=C(O)C(C2=CC(N)=C(C(N)=S)C(Cl)=C2)=C1,3/000000074,C16H15N2O3SCl,350.0,2.14,4.21,-8.794,-0.5342247453949867,0.5691586151411174,0.017466934873065387,2.578609251882023,3.3,20.4,-180.0,HIGHDIVERSITY_CRAFT
HighDiv_2169,HighDiv,CCCN1C=C(C#CC[C@@H](O)C2=CNC(=N)S2)SC1=O,27/000000543,C13H15N3O2S2,309.0,1.38,4.22,-8.767,-0.5048641811791099,0.5393793036097669,0.01725756121532851,4.457738097080027,4.78,3.58,-170.0,HIGHDIVERSITY_MAYBRIDGE
Druglike_1978,Druglike,CC1=C(C#CC(=O)O[C@H]2CN=C(CO)C2)C=CC=C1O,1/000000181,C15H15NO4,273.0,1.24,4.12,-9.033,-0.7984698233378826,0.8327606690667644,0.017145422864440873,3.9312405696075,6.41,19.8,-170.0,DRUGLIKE_MAYBRIDGE
HighDiv_353,HighDiv,C/C=C\C1=C(Br)C(ON)=CC(C(=O)O)=C1,12/000001126,C10H10NO3Br,272.0,1.8,4.61,-7.727,0.6401978232401094,-0.6076756590792444,0.016261082080432532,2.9796327341885327,5.68,13.5,-20.0,HIGHDIVERSITY_CONCAT
HighDiv_512,HighDiv,O=C1NCCN1C1=CC(CSCBr)=C(Cl)C(O)=C1,28/000000482,C11H12N2O2SClBr,351.0,2.48,4.46,-8.126,0.19978936000194772,-0.16760361089374928,0.016092874554099218,3.2364341952226834,5.23,17.9,-120.0,HIGHDIVERSITY_CONCAT
Druglike_192,Druglike,NCC1=C[C@@H](/C=C/C2=CN=C(CF)C(Br)=C2)NC(CO)=C1,13/000000106,C15H18N3OFBr,355.0,0.98,4.6,-7.753,0.61083725902423,-0.5789992850120194,0.015918987006105334,4.87709401860055,7.07,2.47,-150.0,DRUGLIKE_CONCAT
HighDiv_2117,HighDiv,O=C(O)[C@@H](COC1=C(O)C=CC(F)=C1)C1=NN=CN1,22/000000031,C11H10N3O4F,267.0,1.76,4.32,-8.498,-0.2112585390203346,0.2426891257603973,0.015715293370031358,3.372412682078129,3.97,3.58,-150.0,HIGHDIVERSITY_MAYBRIDGE
HighDiv_753,HighDiv,O=NCCC#CC1=CC(N2CCNC2=O)=CC(O)=C1,28/000000196,C13H13N3O3,259.0,0.78,4.27,-8.631,-0.35806136009972356,0.389379808488897,0.015659224194586707,3.1832771486527216,1.76,20.2,-120.0,HIGHDIVERSITY_CONCAT
HighDiv_1567,HighDiv,C/C=C/CC1=C(O)C(O)=C(C#CC(=O)N[C@H]2CCNC2)C=N1,1/000000165,C16H19N3O3,301.0,0.88,4.01,-9.323,-1.1214360297125348,1.15261253366274,0.015588251975102607,3.970488959123484,2.6,21.2,-170.0,HIGHDIVERSITY_CRAFT
HighDiv_1414,HighDiv,NC(=O)NC1=C(CC/C=C/N[C@@H]2C=CC2)C=NC=C1O,1/000000311,C14H18N4O2,274.0,-0.07,4.24,-8.709,-0.4461430527473538,0.4754089306905723,0.01463293897160925,3.95463067949761,8.37,3.58,-150.0,HIGHDIVERSITY_CRAFT
HighDiv_358,HighDiv,CC1=C(C=S)N=C(C2=NC(CC(=O)O)=NN2)C(I)=C1,4/000000204,C11H9N4O2SI,388.0,1.81,4.6,-7.75,0.61083725902423,-0.5823080974043916,0.014264580809919214,3.6496341506251095,7.78,22.3,-140.0,HIGHDIVERSITY_CONCAT
HighDiv_559,HighDiv,CS(=O)(=O)CCSCC1=CC(O)=CC(N2CCNC2=O)=C1,28/000000142,C13H18N2O4S2,330.0,0.93,4.42,-8.229,0.08234710313843813,-0.05400105208897236,0.014173025524732884,2.7385605965594895,2.54,21.2,-140.0,HIGHDIVERSITY_CONCAT
Druglike_1191,Druglike,C#CCCCC1=NC(CO)=C(C2=NNC(=O)C=C2)O1,15/000000133,C13H13N3O3,259.0,0.37,4.42,-8.228,0.08234710313843813,-0.0551039895530958,0.013621556792671165,3.228077148652723,3.05,25.0,-120.0,DRUGLIKE_CRAFT
Druglike_1880,Druglike,C=CC1=C(CN)NC(C2=CC=CC=C2)=CC1=O,15/000000211,C14H14N2O,226.0,1.95,4.27,-8.627,-0.35806136009972356,0.3849680586324013,0.013453349266338871,2.6717367741482487,4.58,3.58,-160.0,DRUGLIKE_MAYBRIDGE
Druglike_518,Druglike,C=C[C@@H](CC)CCCC1=CC=C(C(=O)C2=NC(=O)ON2)N1,23/000000176,C15H19N3O3,289.0,2.02,4.26,-8.653,-0.3874219243156003,0.41364443269962636,0.013111254192013033,3.9194728973489217,5.11,3.58,-170.0,DRUGLIKE_CONCAT
HighDiv_1463,HighDiv,CCCC(=O)NCC1=CC=C(C2=C(CS)C(O)=CN=C2)C=C1,1/000000064,C17H20N2O2S,316.0,2.68,4.16,-8.919,-0.681027566474373,0.7070257981566238,0.012999115841125397,2.456149411777327,4.78,16.7,-180.0,HIGHDIVERSITY_CRAFT
HighDiv_2187,HighDiv,C=CC1=C(C#CC(=O)OCC2=CC=CN2)C(I)=NC=C1O,30/000000041,C15H11N2O3I,394.0,3.15,4.19,-8.839,-0.5929458738267401,0.6187908010266997,0.012922463599979783,3.744282212348727,8.13,22.9,0.0,HIGHDIVERSITY_MAYBRIDGE
Druglike_314,Druglike,O=C(O)C1=CN=C(O)N=C1CCCC1=NN=CO1,29/000000121,C10H10N4O4,250.0,0.96,4.43,-8.2,0.11170766735431488,-0.08598623854856972,0.012860714402872578,3.2184624848154444,6.14,3.85,0.0,DRUGLIKE_CONCAT
HighDiv_729,HighDiv,O=C(NC1=CC(O)=CC(O)=C1)C1=CC(S)=CC(S)=C1Br,29/000000003,C13H10NO3S2Br,372.0,3.73,4.28,-8.598,-0.3287007958838442,0.35298287217280394,0.012141038144479865,2.9713081030837447,4.28,3.58,0.0,HIGHDIVERSITY_CONCAT
HighDiv_2160,HighDiv,C=CNC1=CC(OC/C=C\[C@@H](N)C(=O)O)=CC=C1[N+](=O)[O-],29/000000011,C13H15N3O5,293.0,1.0,4.24,-8.704,-0.4461430527473538,0.4698942433699531,0.01187559531129967,3.470951549651124,7.48,2.48,-180.0,HIGHDIVERSITY_MAYBRIDGE
HighDiv_1391,HighDiv,C=CC1=NC=C(O)C=C1C#C[C@@H](CN)C1=CNC=NC1,1/000000047,C15H16N4O,268.0,0.21,4.3,-8.544,-0.2699796674520907,0.2934242491101049,0.01172229082900711,4.687273927039541,7.65,20.3,-150.0,HIGHDIVERSITY_CRAFT
Druglike_1234,Druglike,CCCCC1=C(C/C=C(/CF)C2=CC[C@@H](C(=O)O)O2)ON=C1O,4/000000038,C16H20NO5F,325.0,2.62,4.25,-8.676,-0.41678248853147704,0.4390119943744792,0.011114752921501075,4.2998115938931925,8.4,5.35,-170.0,DRUGLIKE_CRAFT
Druglike_1513,Druglike,CCNC(=O)C1=C[C@@H](/C=C2\C=CC(=O)O2)C=C(C(N)=O)O1,20/000000042,C14H14N2O5,290.0,0.33,4.28,-8.594,-0.3287007958838442,0.3485711223163062,0.009935163216231002,4.317588866417841,3.71,24.6,-170.0,DRUGLIKE_LANAPDB
Druglike_1276,Druglike,N[C@@H](CBr)C1=CC2=C(C=C/C2=C\C2=NN=NN2)C=C1,17/000000008,C13H13N5Br,319.0,1.87,4.13,-8.993,-0.7691092591220059,0.7886431705018033,0.009766955689898715,4.554445441017303,5.99,21.9,-190.0,DRUGLIKE_CRAFT
HighDiv_1893,HighDiv,C/C=C(/CC#CCC1=CC(CO)=CC=C1O)C1=NC=CC=C1,12/000000019,C19H19NO2,293.0,2.62,4.04,-9.232,-1.0333543370649019,1.0522452244274503,0.009445443681274202,2.972050829714229,7.82,16.8,-20.0,HIGHDIVERSITY_LANAPDB
HighDiv_588,HighDiv,CCCC#CCC1=C(C(=O)O)N=C(C(=O)O)O1,3/000000026,C11H11NO5,237.0,0.74,4.4,-8.273,0.023625974706684625,-0.005471803667513614,0.009077085519585505,3.328294675486041,6.25,21.4,-20.0,HIGHDIVERSITY_CONCAT
Druglike_787,Druglike,O=C(O)[C@@H](C1=CN2C=NN=C2C=N1)C1=NC(O)=NC=C1,29/000000001,C11H8N6O3,272.0,0.44,4.12,-9.018,-0.7984698233378826,0.816216607104905,0.008873391883511161,3.944286882505129,4.05,3.58,-190.0,DRUGLIKE_CONCAT
Druglike_1887,Druglike,COCC1=CC(=O)C=C(C2=C(F)C(CO)=CC=C2)N1,15/000000207,C14H14NO3F,263.0,1.45,4.26,-8.645,-0.3874219243156003,0.40482093298663296,0.008699504335516334,2.6991868245114556,5.28,2.22,-180.0,DRUGLIKE_MAYBRIDGE
Druglike_1954,Druglike,C=CCC1=CNC(C2=CC(CC(=O)O)=C(OCN)C=C2)=CC1=O,15/000000190,C17H18N2O4,314.0,1.67,4.14,-8.964,-0.7397486949061292,0.756657984042206,0.008454644568038405,2.866673667204603,5.39,3.58,-160.0,DRUGLIKE_MAYBRIDGE
HighDiv_1743,HighDiv,[O-][S@@+](C1=CC(O)=CC(Cl)=C1)C1=C(O)C=C(I)C(O)=C1,12/000000063,C12H8O4SClI,410.0,2.66,4.34,-8.431,-0.15253741058858108,0.16879231566408576,0.008127452537752336,3.693256086842065,3.54,16.2,0.0,HIGHDIVERSITY_LANAPDB
Druglike_1020,Druglike,NC[C@H](CCC#CC1=CC2=C(C=C1O)OCN2)C1=NNN=C1,21/000000140,C15H17N5O2,299.0,2.19,4.01,-9.309,-1.1214360297125348,1.137171409165002,0.00786768972623364,4.149623783875346,2.39,24.0,-190.0,DRUGLIKE_CONCAT
HighDiv_320,HighDiv,NC/C=C/CC1=CC(C(=O)O)=CC(ON)=C1Br,12/000001113,C11H13N2O3Br,301.0,0.84,4.65,-7.604,0.757640080103619,-0.7433369671665029,0.007151556468558085,3.133479290870657,6.29,2.48,0.0,HIGHDIVERSITY_CONCAT
HighDiv_1346,HighDiv,C=CC[C@H](C=S)NC(=O)C#CC1=C(O)C(O)=CN=C1,1/000000459,C13H12N2O3S,276.0,0.95,4.39,-8.295,-0.0057345895091947315,0.01879282054321576,0.006529115517010514,4.352895209710149,5.61,21.3,-150.0,HIGHDIVERSITY_CRAFT
HighDiv_1532,HighDiv,C/C=C/C(=C\COC1=CC(F)=CC([N+](=O)[O-])=C1F)[C@@H](N)O,25/000000010,C13H14N2O4F2,300.0,1.92,4.05,-9.2,-1.0039937728490251,1.0169512255754807,0.006478726363227771,3.790891746296583,7.11,2.22,-200.0,HIGHDIVERSITY_CRAFT
HighDiv_711,HighDiv,O=C1NCCN1C1=CC(CCCCCCO)=CC(O)=C1,28/000000492,C15H22N2O3,278.0,1.22,4.3,-8.532,-0.2699796674520907,0.28018899954061577,0.005104666044262546,2.409316605108037,0.75,15.6,-140.0,HIGHDIVERSITY_CONCAT
Druglike_1823,Druglike,NCC1=C(C(=O)CCCCC2=NCON2)C=C(C(=O)O)N1,5/000000140,C13H18N4O4,294.0,-0.13,4.37,-8.344,-0.06445571794094823,0.07283675628529367,0.004190519172172717,3.5767859933135258,6.6,3.7,0.0,DRUGLIKE_MAYBRIDGE
Druglike_1707,Druglike,NC(=O)CCC1=CN=C(C(=O)O)C(C#CC2=CC=CC=C2)=C1,22/000000001,C17H13N2O3,293.0,1.5,4.01,-9.302,-1.1214360297125348,1.1294508469161342,0.004007408601799711,2.449391595400156,1.5,19.2,-60.0,DRUGLIKE_LANAPDB
HighDiv_1069,HighDiv,NN[C@H]1C=NC2=CC=C(NC3=CC(F)=CC(O)=C3Br)C=C21,16/000000039,C14H12N4OFBr,351.0,1.98,4.07,-9.142,-0.945272644417269,0.9529808526562858,0.003854104119508428,3.66673365354188,6.0,19.6,-190.0,HIGHDIVERSITY_CONCAT
Druglike_778,Druglike,CCN[C@H](C(=O)O)C1=NNC(/C=C/C2=CC(O)=CC=C2I)=C1,28/000000316,C15H16N3O3I,413.0,2.78,4.13,-8.982,-0.7691092591220059,0.7765108583964376,0.003700799637215868,3.705295280565131,4.31,5.09,-170.0,DRUGLIKE_CONCAT
Druglike_286,Druglike,O=C(O)CNCC#CC(=O)C1=CCC=C(C(=O)O)O1,23/000000276,C12H11NO6,265.0,-0.01,4.46,-8.098,0.19978936000194772,-0.19848585988922124,0.00065175005636324,3.709002197962387,3.84,3.85,-60.0,DRUGLIKE_CONCAT
HighDiv_514,HighDiv,CCC1=NN=C([C@H](S)/C=C/C2=NC(CCl)=NN2C(=O)CO)N1,8/000000027,C12H15N6O2SCl,342.0,1.25,4.46,-8.095,0.19978936000194772,-0.2017946722815935,-0.001002656139822894,4.6442188619018285,2.8,4.94,-170.0,HIGHDIVERSITY_CONCAT
Druglike_1175,Druglike,OC[C@@H]1CC=C(/C(=C\CC2=CC(O)=NO2)CF)O1,4/000000049,C12H14NO4F,255.0,1.35,4.47,-8.068,0.22914992421782449,-0.231573983812944,-0.0012120297975597577,4.587524831752903,7.19,3.58,-150.0,DRUGLIKE_CRAFT
HighDiv_2027,HighDiv,OC1=CN=C(I)C(/C=C/[C@@H](Cl)C2=CCC2)=C1S,30/000000129,C12H11NOSClI,379.0,2.97,4.61,-7.695,0.6401978232401094,-0.6429696579312141,-0.0013859173455523233,4.560667980519112,6.76,3.58,-150.0,HIGHDIVERSITY_MAYBRIDGE
Druglike_334,Druglike,CC1=CC(=O)N[C@@H]1/C=C/C1=CN=C(CCN)C(Br)=C1,13/000000147,C14H17N3OBr,323.0,0.72,4.41,-8.226,0.052986538922561374,-0.057309864481342676,-0.002161662779390651,4.541900635634006,5.99,3.85,-170.0,DRUGLIKE_CONCAT
HighDiv_875,HighDiv,C=CC[C@@H](C#CC1=CC(CC(C)=O)=CC(O)=C1)CN,23/000000201,C16H19NO2,257.0,1.89,4.2,-8.785,-0.5635853096108634,0.5592321779640006,-0.002176565823431398,3.660252014443876,3.08,17.0,-170.0,HIGHDIVERSITY_CONCAT
Druglike_577,Druglike,O=C1CC[C@@H](CCC#CC2=CN=C(Cl)C(C(=O)CO)=N2)N1,19/000000032,C14H14N3O3Cl,307.0,-0.2,4.23,-8.705,-0.47550361696323057,0.47099718083407655,-0.0022532180645770117,3.812259077270694,4.9,21.5,-150.0,DRUGLIKE_CONCAT
HighDiv_837,HighDiv,CC(=O)NC[C@@H](C#CC1=CC(Br)=C(O)C(Br)=C1)NN,30/000000002,C12H13N3O2Br2,391.0,2.37,4.22,-8.731,-0.5048641811791099,0.4996735549013016,-0.002595313138904154,3.67103708231718,1.77,19.8,-170.0,HIGHDIVERSITY_CONCAT
Druglike_2030,Druglike,O=C1NC(=O)C2=C1C=C(C(F)F)C=C2O,6/000000014,C9H5NO3F2,213.0,1.05,4.05,-9.182,-1.0039937728490251,0.9970983512212489,-0.0034477108138881163,2.775903888034687,3.01,2.22,-190.0,DRUGLIKE_MAYBRIDGE
Druglike_1245,Druglike,NCC1=CC=C(/C=C/C2=CN=C(C(=O)O)N=C2)C=C1Cl,12/000000060,C14H12N3O2Cl,289.0,1.39,4.22,-8.729,-0.5048641811791099,0.4974676799730528,-0.003698250603028558,2.582516894292537,5.5,3.7,0.0,DRUGLIKE_CRAFT
Druglike_1249,Druglike,O=C1CC(/C=C2\C=CC3=C2C=CC=C3)=NN1CCNCCO,17/000000034,C17H19N3O2,297.0,0.88,4.21,-8.755,-0.5342247453949867,0.5261440540402799,-0.004040345677353396,3.1843473956482953,4.14,3.72,-60.0,DRUGLIKE_CRAFT
Druglike_1220,Druglike,NC(=O)CC1=C(C/C=C(/CF)C2=CC[C@@H](CO)O2)ON=C1O,4/000000009,C14H17N2O5F,312.0,-0.03,4.32,-8.462,-0.2112585390203346,0.20298337705193195,-0.0041375809842013195,4.498017096454161,8.97,5.35,-150.0,DRUGLIKE_CRAFT
Druglike_1186,Druglike,C=CCCCOCC1=NC(CO)=C(C2=NNC(=O)C=C2)O1,15/000000221,C14H17N3O4,291.0,0.37,4.43,-8.169,0.11170766735431488,-0.12017729993641398,-0.004234816291049548,3.1262005435090927,6.23,25.0,-120.0,DRUGLIKE_CRAFT
HighDiv_309,HighDiv,CCCC1=CC(C2=CC(O)=C(F)C=C2N=O)=C(C=S)N1,6/000000146,C14H13N2O2SF,292.0,2.78,4.67,-7.529,0.8163612085353725,-0.8260572769758068,-0.004848034220217123,3.5885451660208085,6.18,22.8,-180.0,HIGHDIVERSITY_CONCAT
Druglike_1889,Druglike,CCC1=C(C#CC(=O)O[C@H]2CN=C(CO)C2)C=CC=C1O,1/000000097,C16H17NO4,287.0,1.49,4.25,-8.644,-0.41678248853147704,0.40371799552250953,-0.006532246504483752,3.93650366657969,7.87,3.87,-170.0,DRUGLIKE_MAYBRIDGE
HighDiv_1992,HighDiv,NOC1=CN=C(I)C(/C=C/C2=NN=CN2)=C1S,30/000000022,C9H8N5OSI,361.0,2.09,4.78,-7.233,1.1393274149100245,-1.152526766356526,-0.006599675723250709,4.2431079279944015,6.58,20.1,0.0,HIGHDIVERSITY_MAYBRIDGE
Druglike_503,Druglike,C/C=C/C[C@H](CN)C1=CC=C(C(=O)C2=NC(=O)ON2)N1,23/000000080,C13H16N4O3,276.0,0.06,4.27,-8.59,-0.35806136009972356,0.34415937245981054,-0.006950993819956508,4.1285729871899175,5.48,5.24,-170.0,DRUGLIKE_CONCAT
HighDiv_2013,HighDiv,CC#CC[C@H](Cl)/C=C/C1=C(S)C(O)=CN=C1I,30/000000108,C12H11NOSClI,379.0,3.65,4.65,-7.578,0.757640080103619,-0.7720133412337279,-0.007186630565054419,4.65904791362948,7.21,3.58,-170.0,HIGHDIVERSITY_MAYBRIDGE
HighDiv_1088,HighDiv,C=C(CN)[C@H]1OC(CCC2=CC(O)=CC(CCCl)=C2)=CC1=O,23/000000183,C17H20NO3Cl,321.0,1.46,4.06,-9.147,-0.9746332086331483,0.958495539976907,-0.008068834328120666,3.908976743364627,2.8,19.1,-150.0,HIGHDIVERSITY_CONCAT
HighDiv_1330,HighDiv,CC[C@H](C=S)NC(=O)C#CC1=C(O)C(O)=CN=C1,1/000000501,C12H12N2O3S,264.0,0.95,4.43,-8.16,0.11170766735431488,-0.1301037371135308,-0.009198034879607957,4.2010880416522465,5.55,19.7,-170.0,HIGHDIVERSITY_CRAFT
Druglike_1204,Druglike,NCCC/C=C/C1=NN=C([C@@H](C(=O)O)C2=CC(=O)CO2)O1,1/000000021,C13H15N3O5,293.0,0.17,4.38,-8.292,-0.03509515372507148,0.015484008150843482,-0.009805572787113997,4.14738997687956,5.87,5.09,-150.0,DRUGLIKE_CRAFT
HighDiv_93,HighDiv,O=C(O)C[C@H](CCCCCO)C1=NNC(=S)O1,8/000000033,C10H16N2O4S,260.0,1.01,4.99,-6.667,1.7558992634434494,-1.7767893710507383,-0.010445053803644466,3.375690438357296,3.55,3.58,-170.0,HIGHDIVERSITY_CONCAT
HighDiv_847,HighDiv,C[C@H](N)OCC#CC1=CC(CC(=O)O)=CC(O)=C1,23/000000155,C13H15NO4,249.0,1.23,4.21,-8.743,-0.5342247453949867,0.5129088044707908,-0.010657970462097932,3.3348924372566424,3.55,5.09,-170.0,HIGHDIVERSITY_CONCAT
HighDiv_587,HighDiv,C/C=C/C/C(=C\CN)C(=O)C1=CC(N=O)=C(Br)C=C1O,12/000001037,C14H15N2O3Br,339.0,2.18,4.4,-8.237,0.023625974706684625,-0.04517755237597897,-0.010775788834647174,3.701938872314516,3.81,3.7,-40.0,HIGHDIVERSITY_CONCAT
HighDiv_392,HighDiv,O=NC1=C(Br)C(CO)=CC(C(=O)O)=C1,12/000000436,C8H6NO4Br,260.0,1.16,4.57,-7.781,0.5227555663765998,-0.5481170360165464,-0.012680734819973283,2.8457587561703086,4.98,14.1,0.0,HIGHDIVERSITY_CONCAT
Druglike_504,Druglike,C[C@H](CCl)C1=NNC(/C=C/C2=C(I)C=CC(O)=C2)=C1,28/000000315,C14H14N2OClI,388.0,4.71,4.27,-8.579,-0.35806136009972356,0.3320270603544468,-0.013017149872638384,3.868165076853164,5.36,3.58,-170.0,DRUGLIKE_CONCAT
HighDiv_667,HighDiv,CC#CCCSCC1=CC(O)=CC(N2CCNC2=O)=C1,28/000000058,C15H18N2O2S,290.0,1.93,4.34,-8.391,-0.15253741058858108,0.12467481709912469,-0.013931296744728199,3.009221868265932,2.52,19.7,-140.0,HIGHDIVERSITY_CONCAT
Druglike_2006,Druglike,NCC1=CC(=O)C=C(C2=CC(CNC(N)=O)=CC=C2)N1,15/000000030,C14H16N4O2,272.0,0.04,4.08,-9.083,-0.9159120802013923,0.8879075422729676,-0.014002268964212305,2.5166759602266016,4.15,3.58,-160.0,DRUGLIKE_MAYBRIDGE
HighDiv_1458,HighDiv,NCC1=CC=C(CC(=O)OCC2=CN=NS2)C2=C1C=CN2,5/000000001,C14H15N4O2S,303.0,1.84,4.16,-8.867,-0.681027566474373,0.6496730500221736,-0.015677258226099722,3.548305158893708,3.86,23.7,-40.0,HIGHDIVERSITY_CRAFT
Druglike_1926,Druglike,CCC1=CC(=O)C=C(C2=NN=C(CCCO)O2)N1,15/000000305,C12H15N3O3,249.0,1.52,4.19,-8.787,-0.5929458738267401,0.5614380528922495,-0.015753910467245336,2.907613616037164,5.8,21.6,-140.0,DRUGLIKE_MAYBRIDGE
HighDiv_712,HighDiv,O=NC1=CC(F)=C(O)C=C1C1=CNC(CCCSS)=C1,6/000000158,C13H13N2O2S2F,312.0,3.32,4.3,-8.492,-0.2699796674520907,0.2360715009756547,-0.016954083238217982,3.643755355830998,2.37,23.5,-160.0,HIGHDIVERSITY_CONCAT
HighDiv_1451,HighDiv,C[C@@H](CC1=NN(C(=O)O)C=C1[N+](=O)[O-])C1=CC(O)=NO1,25/000000004,C10H10N4O6,282.0,1.21,4.18,-8.811,-0.6223064380426195,0.5879085520312257,-0.01719894300569691,4.057011174003104,3.56,3.85,-170.0,HIGHDIVERSITY_CRAFT
Druglike_1524,Druglike,NC1=CC(F)=CC(/C=C/[C@@H](O)C2=CN=C(C(=O)O)C(CCl)=N2)=C1,27/000000001,C15H13N3O3FCl,337.0,0.57,4.26,-8.598,-0.3874219243156003,0.35298287217280394,-0.017219526071398178,3.6516582285085777,5.05,20.8,-150.0,DRUGLIKE_LANAPDB
Druglike_1920,Druglike,O=C(C#CC1=CC(C2=NOC(=O)N2)=CC(O)=C1)OCCF,1/000000028,C13H9N2O5F,292.0,2.75,4.21,-8.73,-0.5342247453949867,0.4985706174371782,-0.01782706397890424,3.542043881188362,1.27,24.0,-140.0,DRUGLIKE_MAYBRIDGE
Druglike_1839,Druglike,NCC1=CC(=O)C=C(C2=CC=CC=C2)N1,15/000000008,C12H12N2O,200.0,1.52,4.34,-8.383,-0.15253741058858108,0.11585131738613129,-0.018343046601224898,2.281288038303021,3.73,2.22,-160.0,DRUGLIKE_MAYBRIDGE
HighDiv_2068,HighDiv,N=C1SC([C@H](O)CC#CC2=NC=CC(I)=C2)=CN1CCC(=O)O,27/000000582,C15H14N3O3SI,443.0,2.44,4.48,-8.01,0.25851048843370383,-0.29554435673213875,-0.018516934149217457,4.024558709277808,4.19,4.94,-190.0,HIGHDIVERSITY_MAYBRIDGE
HighDiv_441,HighDiv,O=C(C#CCNC(=O)C1=CC(S)=C(I)C=C1S)C1=NN=CO1,5/000000084,C13H8N3O3S2I,445.0,4.16,4.53,-7.876,0.4053133095130902,-0.4433379769247609,-0.019012333705835355,3.972970267653339,3.52,5.21,-60.0,HIGHDIVERSITY_CONCAT
Druglike_1367,Druglike,CCC1=CC(=O)C(C2=CC(/C=C/C(=O)O)=C(CO)O2)=CC1,8/000000001,C16H16O5,288.0,0.3,4.0,-9.286,-1.1507965939284115,1.1118038474901493,-0.019496373219131113,3.518414177461347,4.19,23.0,-140.0,DRUGLIKE_CRAFT
HighDiv_1462,HighDiv,C#C[C@@H](CCO)NC(=O)C#CC1=CN=CC(O)=C1O,1/000000140,C13H12N2O4,260.0,0.04,4.16,-8.86,-0.681027566474373,0.6419524877733036,-0.019537539350534705,4.151476274798904,4.46,20.6,-150.0,HIGHDIVERSITY_CRAFT
HighDiv_709,HighDiv,CCC(=O)NOC1=C(Br)C(N=O)=CC(C(=O)CC(=O)NC)=C1,12/000000688,C13H14N3O5Br,372.0,0.86,4.3,-8.487,-0.2699796674520907,0.2305568136550336,-0.019711426898528533,3.2684412189859744,5.15,3.87,-140.0,HIGHDIVERSITY_CONCAT
Druglike_356,Druglike,C[C@H](N)C(=O)OCCCCC1=NC(O)=NC=C1C(=O)O,29/000000103,C12H17N3O5,283.0,-0.02,4.39,-8.247,-0.0057345895091947315,-0.0341481777347387,-0.019941383621966718,3.2676496355415656,6.2,3.85,-170.0,DRUGLIKE_CONCAT
Druglike_1431,Druglike,CCNC(=O)C1=C[C@@H](CCCCN)C=C(CO)O1,20/000000158,C13H22N2O3,254.0,0.31,4.66,-7.528,0.7870006443194958,-0.8271602144399313,-0.020079785060217736,3.81616434306512,1.2,5.24,-190.0,DRUGLIKE_LANAPDB
HighDiv_345,HighDiv,NCC[C@@H](C#CC1=CC(O)=CC(O)=C1)CCCO,23/000000199,C14H19NO3,249.0,1.39,4.62,-7.633,0.6695583874559862,-0.7113517807069054,-0.02089669662545962,3.558456958449735,6.11,15.0,-150.0,HIGHDIVERSITY_CONCAT
Druglike_519,Druglike,COCC/C=C\CCCC1=CC(O)=CC(C2=NNN=C2)=C1,28/000000404,C16H21N3O2,287.0,3.75,4.26,-8.591,-0.3874219243156003,0.345262309923934,-0.02107980719583316,2.8341704804573897,-0.15,19.6,-140.0,DRUGLIKE_CONCAT
Druglike_1213,Druglike,CC1=C(C/C=C(/C(=O)O)C2=CC[C@@H](CO)O2)ON=C1O,4/000000064,C13H14NO6,280.0,0.34,4.34,-8.378,-0.15253741058858108,0.11033663006551214,-0.02110039026153447,4.304349775401706,8.12,3.72,-170.0,DRUGLIKE_CRAFT
HighDiv_302,HighDiv,C=CC1=C(C(C)=O)C=C(I)C(C2=NC(CC(=O)O)=NN2)=N1,4/000000216,C13H11N4O3I,398.0,1.99,4.67,-7.499,0.8163612085353725,-0.8591454008995286,-0.021392096182078046,3.4318201386507923,7.9,23.0,-140.0,HIGHDIVERSITY_CONCAT
HighDiv_2113,HighDiv,O=C(O)C1=C(CNC2=CC=CC=C2O)N=C(S)NC1=O,20/000000002,C12H11N3O4S,293.0,0.23,4.33,-8.404,-0.18189797480445782,0.13901300413273723,-0.021442485335860295,2.8078436275592704,4.88,21.6,0.0,HIGHDIVERSITY_MAYBRIDGE
HighDiv_1442,HighDiv,COCC(=O)C1=CC(C2=CC(S)=C(/C=C/CN)C=C2)=CC=C1,3/000000066,C18H19NO2S,313.0,3.39,4.2,-8.747,-0.5635853096108634,0.5173205543272864,-0.023132377641788493,2.6292375011073528,3.09,5.09,-200.0,HIGHDIVERSITY_CRAFT
HighDiv_2078,HighDiv,NC(=O)NC1=CC=C(O)C(C2=NSN=C2CO)=C1Br,12/000000035,C10H9N4O3SBr,345.0,0.27,4.44,-8.108,0.14106823157019424,-0.18745648524798098,-0.023194126838893367,3.145980304471264,2.73,22.8,-140.0,HIGHDIVERSITY_MAYBRIDGE
Druglike_2062,Druglike,NC(=O)NC1=C(C#CC(=O)O[C@H]2COC2=O)C=CC=C1O,1/000000002,C13H10N2O6,290.0,0.18,4.02,-9.226,-1.092075465496658,1.0456275996427076,-0.02322393292697522,3.644279052094234,7.3,22.8,-150.0,DRUGLIKE_MAYBRIDGE
HighDiv_1100,HighDiv,NOCC1=CC=C(C2=CC(=O)C=C(CNCCCl)C2=O)C=C1,10/000000176,C16H17N2O3Cl,320.0,0.5,4.05,-9.146,-1.0039937728490251,0.9573926025127836,-0.02330058516812078,2.9023662852264582,2.89,3.58,-200.0,HIGHDIVERSITY_CONCAT
Druglike_1246,Druglike,CNC/C=C/C1=NC(CO)=C(C2=NNC(=O)C(C)=C2)O1,15/000000142,C13H16N4O3,276.0,-0.21,4.22,-8.693,-0.5048641811791099,0.4577619312645874,-0.02355112495726125,3.458125410776053,1.33,24.6,-200.0,DRUGLIKE_CRAFT
Druglike_752,Druglike,OC1=CC2=C(C=C1CCNC[C@@H](Cl)C1=NON=C1)NCO2,21/000000235,C13H15N4O3Cl,310.0,1.92,4.14,-8.905,-0.7397486949061292,0.6915846736588859,-0.02408201062362164,4.108784522372965,2.17,3.7,-190.0,DRUGLIKE_CONCAT
HighDiv_724,HighDiv,C=CC(=O)C1=CC(N=O)=C(Br)C(CC[C@@H](N)CO)=C1,12/000000946,C13H15N2O3Br,327.0,1.46,4.29,-8.505,-0.2993402316679674,0.2504096880092673,-0.02446527182935007,3.736268756525323,4.5,3.58,-150.0,HIGHDIVERSITY_CONCAT
Druglike_500,Druglike,C=CCC1=C(O)C=CC(C[C@@H](CO)C2=CCC(CN)=CO2)=N1,12/000000005,C17H22N2O3,302.0,0.21,4.27,-8.556,-0.35806136009972356,0.306659498679592,-0.025700930710065767,4.267348264334403,7.35,7.96,-150.0,DRUGLIKE_CONCAT
HighDiv_784,HighDiv,O=NC1=C(Br)C(CCCCO)=CC(C(=O)[C@@H](Cl)C(=O)O)=C1,12/000000912,C13H12NO5ClBr,377.0,1.26,4.25,-8.609,-0.41678248853147704,0.36511518427816764,-0.0258336521266547,3.5531409221207593,3.0,3.58,-180.0,HIGHDIVERSITY_CONCAT
HighDiv_943,HighDiv,CC(C)=CCSCCOCC1=CC(O)=CC(N2CCNC2=O)=C1,28/000000462,C17H24N2O3S,336.0,1.7,4.15,-8.875,-0.7103881306902498,0.658496549735165,-0.025945790477542363,2.922709950488626,4.97,20.3,-200.0,HIGHDIVERSITY_CONCAT
Druglike_437,Druglike,CC1=C[C@@H](COC2=CC(/C=C/CNCCO)=C(N)C=C2)OC1,27/000000047,C17H24N2O3,304.0,0.68,4.32,-8.42,-0.2112585390203346,0.15666000355872206,-0.027299267730806265,3.646402252281939,5.44,3.58,-190.0,DRUGLIKE_CONCAT
Druglike_528,Druglike,CCCCC(=O)/C=C/C(=O)C1=NN=C(C2=NOCN2)N1,23/000000587,C12H15N5O3,277.0,2.2,4.25,-8.606,-0.41678248853147704,0.36180637188579534,-0.027488058322840847,3.9246591152294936,2.67,3.58,-140.0,DRUGLIKE_CONCAT
HighDiv_1565,HighDiv,C#CC1=NC=C(O)C(O)=C1C#CC(=O)NCCC(=O)O,1/000000517,C13H10N2O5,274.0,0.15,4.01,-9.244,-1.1214360297125348,1.0654804739969392,-0.02797777785779776,3.414169641545283,5.84,22.8,0.0,HIGHDIVERSITY_CRAFT
Druglike_1863,Druglike,C=CC1=C(C2=NN=C(CCCO)O2)NC=CC1=O,15/000000267,C12H13N3O3,247.0,1.46,4.3,-8.469,-0.2699796674520907,0.21070393930079995,-0.029637864075645365,3.12992040336748,7.39,22.6,-120.0,DRUGLIKE_MAYBRIDGE
Druglike_1952,Druglike,O=C(CCl)C1=CC2=C(N1)C(=O)NC=C2CC/C=C/CCO,14/000000009,C15H17N2O3Cl,308.0,0.55,4.15,-8.865,-0.7103881306902498,0.6474671750939247,-0.03146047779816252,3.186000595660331,4.09,23.5,-40.0,DRUGLIKE_MAYBRIDGE
Druglike_667,Druglike,NC[C@H](C#CC1=C(O)C=C2OCNC2=C1)CCC1=NNN=C1,21/000000157,C15H17N5O2,299.0,2.19,4.17,-8.811,-0.6516670022584963,0.5879085520312257,-0.03187922511363528,4.259564408875345,2.04,24.0,-190.0,DRUGLIKE_CONCAT
Druglike_132,Druglike,C[C@@H](N)CCCC1=NC(O)=NC=C1C(=O)O,29/000000049,C10H15N3O3,225.0,0.21,4.69,-7.426,0.8750823369671286,-0.9396598357805838,-0.0322887494067276,3.3271832099528433,5.97,3.85,-170.0,DRUGLIKE_CONCAT
Druglike_1428,Druglike,CC1=CC(CC(=O)O)=CC(NC(N)=O)=C1,4/000000241,C10H12N2O3,208.0,0.05,4.68,-7.449,0.8457217727512493,-0.9142922741057309,-0.03428525067724081,1.9383535034193,3.37,3.58,-20.0,DRUGLIKE_LANAPDB
HighDiv_2081,HighDiv,NC(N)NC1=C(Br)C=C(CCC2=CCC=C([C@@H]3CN3)O2)C(S)=C1,16/000000031,C16H20N4OSBr,396.0,2.41,4.43,-8.114,0.11170766735431488,-0.1808388604632364,-0.034565596554460766,4.532980824662424,8.3,22.9,-190.0,HIGHDIVERSITY_MAYBRIDGE
Druglike_1158,Druglike,NC1=CC(I)=CC=C1/C=C/[C@H](NC(=O)CCO)C1=CN=NN1,13/000000031,C14H16N5O2I,413.0,0.74,4.54,-7.821,0.43467387372896693,-0.5039995374515843,-0.034662831861308696,4.060107073267407,4.19,3.58,-170.0,DRUGLIKE_CRAFT
HighDiv_1734,HighDiv,O=C(OC1=CC=CC=C1)C1=CC(O)=C(S)C(O)=C1,29/000000033,C13H10O4S,262.0,3.09,4.36,-8.3,-0.09381628215682498,0.024307507863836873,-0.03475438714649406,2.329494502914992,1.35,14.1,-40.0,HIGHDIVERSITY_LANAPDB
Druglike_445,Druglike,O=C(CO)C1=NC(C#CCCC2=CCNCN2)=CN=C1Cl,19/000000020,C14H15N4O2Cl,306.0,-0.14,4.31,-8.433,-0.24061910323621394,0.1709981905923346,-0.03481045632193967,3.9123690050475535,6.35,21.7,0.0,DRUGLIKE_CONCAT
HighDiv_1931,HighDiv,C=C(C1=CC(F)=C(Cl)C(C(N)=O)=C1)C1=NC(C(N)=S)=NO1,27/000000042,C12H8N4O2SFCl,326.0,1.72,4.0,-9.258,-1.1507965939284115,1.0809215984946754,-0.03493749771686805,3.322348290761841,3.35,3.58,0.0,HIGHDIVERSITY_LANAPDB
HighDiv_1225,HighDiv,CCSCC1=CC(C(=O)CCNN)=CC(O)=C1O,3/000000159,C12H18N2O3S,270.0,0.97,4.87,-6.942,1.4035724928529205,-1.473481568416624,-0.03495453778185176,2.8770688011881465,1.8,15.9,-40.0,HIGHDIVERSITY_CRAFT
Druglike_633,Druglike,CCCCC1=C(C#CC(=O)C2=CN=C(C(N)=O)O2)NC=N1,30/000000021,C14H14N4O3,286.0,0.45,4.19,-8.751,-0.5929458738267401,0.5217323041837821,-0.035606784821479,3.5515484444217407,0.62,5.09,-40.0,DRUGLIKE_CONCAT
HighDiv_1723,HighDiv,C=C/C=C/C1=C(S)C(C2=CC(O)=C(CS)C(O)=C2)=C(C(=O)O)C=C1,10/000000073,C18H15O4S2,359.0,3.86,4.39,-8.218,-0.0057345895091947315,-0.06613336419433606,-0.035933976851765394,3.3609281886054037,6.09,21.6,-180.0,HIGHDIVERSITY_LANAPDB
HighDiv_769,HighDiv,NC(=O)C1=CC=C(I)C(C2=NC(CC(=O)O)=NN2)=N1,4/000000211,C10H8N5O3I,373.0,0.52,4.26,-8.563,-0.3874219243156003,0.314380060928462,-0.03652093169356915,3.0246187660097252,6.87,21.6,-120.0,HIGHDIVERSITY_CONCAT
Druglike_1842,Druglike,C=CC1=C(C2=NN=C(CO)O2)NC(CI)=CC1=O,15/000000324,C11H10N3O3I,359.0,1.96,4.34,-8.35,-0.15253741058858108,0.07945438107003822,-0.036541514759271435,3.639617579838069,6.04,23.7,-120.0,DRUGLIKE_MAYBRIDGE
Druglike_1031,Druglike,CCOC1=CC(/C=C/C2=C(Br)C(C(=O)O)=NN2)=CC=C1,9/000000048,C14H13N2O3Br,337.0,3.6,4.01,-9.227,-1.1214360297125348,1.0467305371068312,-0.03735274630285179,2.5946421690178116,2.39,3.7,-20.0,DRUGLIKE_CONCAT
Druglike_849,Druglike,NC(=O)C1=C(/C=C/C2=C(F)C=CC(F)=C2)[C@H](CO)NC1=O,16/000000047,C14H12N2O3F2,294.0,0.1,4.09,-9.012,-0.8865515159855155,0.8095989823201604,-0.038476266832677575,3.3821515496511223,6.49,23.4,-150.0,DRUGLIKE_CONCAT
HighDiv_2140,HighDiv,C#CCC1=NC(C2=CC(C=S)=CC(F)=C2ON)=CN1,27/000000487,C13H10N3OSF,275.0,1.19,4.28,-8.506,-0.3287007958838442,0.2515126254733907,-0.03859408520522675,4.041558377486782,0.63,23.3,-120.0,HIGHDIVERSITY_MAYBRIDGE
HighDiv_424,HighDiv,NCCONC/C=C/[C@@H](C#CC1=CC(O)=CC=C1)CCO,23/000000200,C16H22N2O3,290.0,1.74,4.55,-7.787,0.46403443794484367,-0.5414994112318018,-0.03873248664347906,3.987576691351528,3.76,18.6,-180.0,HIGHDIVERSITY_CONCAT
Druglike_349,Druglike,C[C@@H](O)CC/C=C/CNCC1=NC(O)=NC=C1C(=O)O,29/000000084,C13H19N3O4,281.0,0.13,4.4,-8.186,0.023625974706684625,-0.10142736304630572,-0.03890069416981055,3.668385859317789,6.72,5.24,-170.0,DRUGLIKE_CONCAT
Druglike_1273,Druglike,O=C(O)C1=CCC=C(CCCOC2=CC(Cl)=CC(Cl)=C2)N1,10/000000013,C15H15NO3Cl2,327.0,4.32,4.14,-8.878,-0.7397486949061292,0.6618053621275373,-0.038971666389295945,2.9707304522444247,2.53,2.35,-72.0,DRUGLIKE_CRAFT
Druglike_512,Druglike,CC1=NN=C(C#CC2=NN=C([C@H](O)CCl)N2)N1CBr,18/000000024,C10H10N6OClBr,345.0,4.05,4.26,-8.558,-0.3874219243156003,0.3088653736078409,-0.039278275353879705,4.580001071047649,7.18,25.0,-175.0,DRUGLIKE_CONCAT
Druglike_464,Druglike,CC/C=C/CCCCNCCC1=CC2=C(C=C1O)OCN2,21/000000142,C17H26N2O2,290.0,2.83,4.29,-8.475,-0.2993402316679674,0.2173215640855445,-0.04100933379121145,2.9565341626768102,0.15,3.72,-60.0,DRUGLIKE_CONCAT
Druglike_997,Druglike,O=C1C=C(/C=C/C2=CC(F)=CC=C2F)O[C@@H]1CNCO,16/000000096,C14H13NO3F2,281.0,1.57,4.02,-9.191,-1.092075465496658,1.0070247883983656,-0.0425253385491462,3.712449086091016,3.38,3.58,-150.0,DRUGLIKE_CONCAT
HighDiv_2088,HighDiv,O=C(O)C1=C(CC/C=C/C2=CON=C2C(=O)[C@H](S)CO)C=CS1,17/000000001,C15H15NO5S2,353.0,0.81,4.42,-8.125,0.08234710313843813,-0.16870654835787272,-0.043179722609717294,3.969256305431654,5.36,4.94,-150.0,HIGHDIVERSITY_MAYBRIDGE
HighDiv_745,HighDiv,O=C1NC[C@@H](CCC2=CC=C(CO)C(/C=C\CO)=C2)N1,3/000000330,C15H20N2O3,276.0,0.38,4.28,-8.497,-0.3287007958838442,0.24158618829627387,-0.04355730379378517,3.486166234731849,7.58,5.09,-150.0,HIGHDIVERSITY_CONCAT
HighDiv_1678,HighDiv,COC(=O)/C=C/C1=C(CO)C(N2C=C(Br)C(CN)=N2)=CC(O)=C1,12/000000027,C15H16N3O4Br,382.0,0.91,4.52,-7.858,0.37595274529721084,-0.4631908512789945,-0.04361905299089183,3.1389046081386685,3.13,23.5,-200.0,HIGHDIVERSITY_LANAPDB
Druglike_357,Druglike,NC1=CC=C(C#C[C@@H](O)CCCN2C=NN=C2)C(Cl)=C1,15/000000026,C14H15N4OCl,290.0,3.64,4.39,-8.204,-0.0057345895091947315,-0.08157448869207205,-0.04365453910063339,3.4981638055820508,0.49,3.58,-170.0,DRUGLIKE_CONCAT
HighDiv_2120,HighDiv,NC(=O)NC1=CC([N+](=O)[O-])=C2N=COCC2=C1,12/000000033,C9H8N4O4,236.0,-0.38,4.32,-8.39,-0.2112585390203346,0.12357187963500124,-0.043843329692666674,3.2811150270124063,1.16,19.0,-120.0,HIGHDIVERSITY_MAYBRIDGE
HighDiv_422,HighDiv,NOCC1=C(Br)C(N=O)=CC(C(=O)[C@@H]2CC(=O)N2)=C1,12/000000108,C11H10N3O4Br,328.0,-0.23,4.55,-7.777,0.46403443794484367,-0.5525287858730421,-0.04424717396409922,3.854354729376003,4.15,3.72,-170.0,HIGHDIVERSITY_CONCAT
Druglike_301,Druglike,C=CC1=NC=C(C(=O)OCC2=C([C@@H](O)NCCN)OC=C2)C=C1Br,13/000000077,C16H18N3O4Br,396.0,0.7,4.45,-8.043,0.17042879578607098,-0.25914742041604566,-0.04435931231498734,3.740078240006966,8.35,3.7,-150.0,DRUGLIKE_CONCAT
Druglike_1837,Druglike,N/C=C\[C@@H](C1=CC=C(Cl)C(F)=C1)C1=CON=C1O,25/000000006,C12H10N2O2FCl,268.0,2.94,4.35,-8.308,-0.12317684637270433,0.033131007576828304,-0.04502291939793801,3.954936035372812,5.79,19.6,-150.0,DRUGLIKE_MAYBRIDGE
Druglike_1706,Druglike,O=C(O)CC#CC1=CC=CC([C@H](Br)C2=CCNCN2)=C1,19/000000021,C15H15N2O2Br,335.0,2.47,4.01,-9.212,-1.1214360297125348,1.0301864751449696,-0.04562477728378256,3.9936860727885297,7.24,19.9,-150.0,DRUGLIKE_LANAPDB
HighDiv_1111,HighDiv,O=C1C=C(CS)C(=O)C(C2=CC(C(=O)OCF)=CN2)=C1,10/000000127,C13H10NO4SF,295.0,0.85,4.04,-9.132,-1.0333543370649019,0.9419514780150456,-0.04570142952492812,3.6697943967900386,3.37,5.09,-120.0,HIGHDIVERSITY_CONCAT
Druglike_682,Druglike,CCNC(=O)C1=CC(C#CC(=O)CCl)=CC(O)=N1,18/000000102,C12H11N2O3Cl,266.0,1.75,4.17,-8.785,-0.6516670022584963,0.5592321779640006,-0.04621741214724784,3.146755143417346,0.02,18.7,-20.0,DRUGLIKE_CONCAT
Druglike_877,Druglike,O=C(C1=CC(F)=CC=C1O)[C@@H](O)C#CC1=NON=C1,18/000000008,C12H7N2O4F,262.0,1.82,4.07,-9.051,-0.945272644417269,0.852613543420998,-0.046329550498135474,3.8724730594366186,4.95,3.58,-150.0,DRUGLIKE_CONCAT
HighDiv_2147,HighDiv,O=C(O)/C=C/C1=NC(C2=CC=NC(Cl)=C2F)=NN1,18/000000002,C10H6N4O2FCl,268.0,1.72,4.26,-8.545,-0.3874219243156003,0.29452718657422833,-0.046447368870685984,2.9901332721457603,5.17,22.6,-120.0,HIGHDIVERSITY_MAYBRIDGE
Druglike_350,Druglike,CC(=O)OCCCC1=CC(O)=CC(C2=NNN=C2)=C1,28/000000215,C13H15N3O3,261.0,3.05,4.4,-8.172,0.023625974706684625,-0.1168684875440417,-0.046621256418678536,2.577184840960415,2.2,19.0,-140.0,DRUGLIKE_CONCAT
Druglike_1498,Druglike,N[C@@H](/C=C/C1=CC(O)=C(F)C=C1)C1=CCNN1,16/000000003,C12H14N3OF,235.0,1.88,4.32,-8.384,-0.2112585390203346,0.11695425485025669,-0.04715214208503895,4.010464845067607,2.42,3.58,-150.0,DRUGLIKE_LANAPDB
Druglike_327,Druglike,NC1=C(C2=NN=C(CO)O2)N=C(C/C=C/C(=O)O)C=C1,21/000000200,C12H12N4O4,276.0,0.23,4.41,-8.144,0.052986538922561374,-0.14775073653951562,-0.04738209880847712,3.059541619567261,4.97,21.8,-120.0,DRUGLIKE_CONCAT
Druglike_1830,Druglike,CC(=O)NC1=C(C#CC(=O)OCC(F)F)C=CC=C1O,1/000000004,C13H11NO4F2,283.0,2.24,4.36,-8.276,-0.09381628215682498,-0.0021629912751413376,-0.047989636715983164,2.961667077442719,5.94,23.0,-170.0,DRUGLIKE_MAYBRIDGE
HighDiv_705,HighDiv,C/C=C/CCCC1=CC(O)=CC(N2CCNC2=O)=C1,28/000000030,C15H20N2O2,260.0,1.94,4.3,-8.435,-0.2699796674520907,0.17320406552058343,-0.048387800965753625,2.6774643281399015,1.39,15.4,-160.0,HIGHDIVERSITY_CONCAT
Druglike_1502,Druglike,O=C1NCC=C1C#C[C@H](C(=O)O)C1=NON=C1,20/000000112,C10H7N3O4,233.0,0.45,4.3,-8.435,-0.2699796674520907,0.17320406552058343,-0.048387800965753625,4.650734075836837,3.1,3.58,-150.0,DRUGLIKE_LANAPDB
Druglike_1196,Druglike,C/C(=C\C1=NN=C([C@@H](C(=O)O)C2=CC(=O)CO2)O1)CCCN,1/000000033,C14H17N3O5,307.0,0.02,4.41,-8.142,0.052986538922561374,-0.14995661146776446,-0.04848503627260154,4.190600703011538,6.56,6.77,-170.0,DRUGLIKE_CRAFT
Druglike_368,Druglike,NCC1=C[C@@H](/C=C/C2=CN=CC(Br)=C2)NC(CO)=C1,13/000000048,C14H17N3OBr,323.0,0.56,4.38,-8.221,-0.03509515372507148,-0.0628245518019638,-0.048959852763517636,4.6724161170079785,5.92,2.35,-150.0,DRUGLIKE_CONCAT
Druglike_656,Druglike,CCNC1=CC(OC(=O)C2=CC=C(OCC)C(O)=C2)=C(Cl)N=C1,3/000000255,C16H17N2O4Cl,336.0,2.98,4.18,-8.752,-0.6223064380426195,0.5228352416479076,-0.04973559819735596,2.3478842441276804,6.79,17.7,-80.0,DRUGLIKE_CONCAT
HighDiv_2009,HighDiv,OC1=CN=C(I)C(/C=C/[C@@H](Cl)C2=CN=CN2)=C1S,30/000000183,C11H9N3OSClI,393.0,2.4,4.7,-7.367,0.9044429011830054,-1.0047331461639029,-0.050145122490448724,4.47784434306512,7.47,3.58,-150.0,HIGHDIVERSITY_MAYBRIDGE
Druglike_901,Druglike,CCNC(=O)CC#CCC1=C(Cl)C2=C(C=C1)CNNC2,15/000000023,C15H18N3OCl,291.0,2.72,4.06,-9.07,-0.9746332086331483,0.8735693552393552,-0.050531926696896545,3.510141706322612,0.87,3.7,-120.0,DRUGLIKE_CONCAT
Druglike_704,Druglike,O=C(C#CC1=CC=CC=C1)C1=CCC(CO)=CN1,23/000000292,C15H13NO2,239.0,2.34,4.16,-8.803,-0.681027566474373,0.5790850523182343,-0.050971257078069376,3.2167589171161755,2.43,3.58,-40.0,DRUGLIKE_CONCAT
Druglike_179,Druglike,OCCCCC1=CC(O)=CC(C2=NNN=C2)=C1,28/000000231,C12H15N3O2,233.0,2.67,4.61,-7.605,0.6401978232401094,-0.7422340297023784,-0.05101810323113448,2.571476314964576,1.7,16.2,-120.0,DRUGLIKE_CONCAT
Druglike_1794,Druglike,C=CC1=C([C@H](N)C2=CC=CC=C2)C=C(C(=O)O)N1,5/000000029,C14H15N2O2,243.0,1.59,4.45,-8.03,0.17042879578607098,-0.2734856074496582,-0.05152840583179362,3.7114292661420425,5.82,16.8,-150.0,DRUGLIKE_MAYBRIDGE
Druglike_213,Druglike,C=C(CCC)[C@H](O)C1=NC(O)=NC=C1C(=O)O,29/000000223,C11H14N2O4,238.0,-0.11,4.55,-7.763,0.46403443794484367,-0.567969910370779,-0.051967736212967686,3.78335426814453,6.9,3.72,-170.0,DRUGLIKE_CONCAT
HighDiv_460,HighDiv,O=C(O)CC1=NNC(C2=NC=C(CCl)C=C2I)=N1,4/000000025,C10H8N4O2ClI,378.0,2.01,4.51,-7.869,0.3465921810813341,-0.45105853917362987,-0.05223317904614788,3.168707118299606,6.98,19.7,-120.0,HIGHDIVERSITY_CONCAT
HighDiv_596,HighDiv,CCNCCC1=C(Br)C(ON)=CC(C(=O)OCF)=C1,12/000001382,C12H16N2O3FBr,335.0,1.65,4.4,-8.16,0.023625974706684625,-0.1301037371135308,-0.053238881203423086,2.9673649198558785,3.76,3.87,-20.0,HIGHDIVERSITY_CONCAT
HighDiv_573,HighDiv,C=C(CO)C1=NOC(C2=CC(O)=C(F)C=C2O)=N1,6/000000026,C11H9N2O4F,252.0,1.14,4.41,-8.132,0.052986538922561374,-0.16098598610900472,-0.05399972359322167,3.165139444830219,1.79,20.3,-160.0,HIGHDIVERSITY_CONCAT
HighDiv_800,HighDiv,C=CCONCC1=CNC(=O)C2=C1C=C(C(=O)O)N2,3/000000010,C12H13N3O4,263.0,0.5,4.24,-8.583,-0.4461430527473538,0.3364388102109425,-0.05485212126820563,3.2099557650049233,6.36,22.6,-40.0,HIGHDIVERSITY_CONCAT
HighDiv_1914,HighDiv,NC(=S)C1=N/C(=C\C2=CC=C3NC(=O)CSC3=C2)C(=O)N1,27/000000039,C13H10N4O2S2,318.0,-0.05,4.02,-9.168,-1.092075465496658,0.981657226723511,-0.055209119386573524,3.36738286423921,2.2,3.58,-80.0,HIGHDIVERSITY_LANAPDB
Druglike_821,Druglike,CCCC1=CC(O)=CC(/C=C/C2=NC(=O)ON2)=C1,28/000000010,C13H14N2O3,246.0,2.1,4.1,-8.955,-0.8571909517696387,0.7467315468650891,-0.055229702452274765,2.927332168073363,1.27,3.58,-80.0,DRUGLIKE_CONCAT
Druglike_474,Druglike,OCC/C=C/CCC1=CC(O)=CC(C2=NNN=C2)=C1,28/000000179,C14H17N3O2,259.0,2.87,4.29,-8.449,-0.2993402316679674,0.18864519001831942,-0.055347520824824,2.898361111356685,1.34,18.4,-120.0,DRUGLIKE_CONCAT
HighDiv_2203,HighDiv,NC[C@H](OCC1=CC=C(ON)C(F)=C1)C1=CC=CC(CF)=C1,27/000000357,C16H18N2O2F2,308.0,1.79,4.17,-8.768,-0.6516670022584963,0.5404822410738924,-0.055592380592301927,3.097276800314551,4.43,3.98,-150.0,HIGHDIVERSITY_MAYBRIDGE
Druglike_2043,Druglike,O=C(O)C1=CC2=C(N1)C(=O)NC=C2C#CCC[C@@H]1CN1,14/000000029,C14H13N3O3,271.0,0.34,4.04,-9.114,-1.0333543370649019,0.9220986036608139,-0.055627866702044004,3.800092767409698,6.59,24.8,-190.0,DRUGLIKE_MAYBRIDGE
HighDiv_1879,HighDiv,NCC1=C(CCC#CC2=CC(O)=CC=C2N)NC(C(N)=O)=C1,8/000000012,C16H18N4O2,298.0,0.13,4.05,-9.087,-1.0039937728490251,0.8923192921294634,-0.05583724035978088,3.2248943534036547,3.39,22.6,0.0,HIGHDIVERSITY_LANAPDB
Druglike_1228,Druglike,NCC1=CC=C([C@]2(NCO)C=C(/C=C/C3=COC=C3)C2)N1,20/000000008,C16H19N3O2,285.0,-0.19,4.29,-8.448,-0.2993402316679674,0.187542252554196,-0.055898989556885714,4.361796691351528,2.0,23.0,-190.0,DRUGLIKE_CRAFT
Druglike_894,Druglike,C[C@H](C(=O)O)C1=NNC(/C=C/C2=C(I)C=CC(O)=C2)=C1,28/000000276,C14H13N2O3I,384.0,3.24,4.06,-9.059,-0.9746332086331483,0.8614370431339895,-0.05659808274957939,3.658779146031076,5.34,3.85,-170.0,DRUGLIKE_CONCAT
Druglike_1469,Druglike,O=C1CC[C@@H](/C=C(/CC2=CC=C(CO)C=C2)C2=NC=NN2)O1,6/000000009,C16H17N3O3,299.0,1.42,4.42,-8.099,0.08234710313843813,-0.1973829224250978,-0.05751790964332984,3.4716295531061157,7.85,5.09,-150.0,DRUGLIKE_LANAPDB
Druglike_1871,Druglike,NC/C=C/C1=CC(=O)C=C(C2=CN=C(CCCl)CN2)N1,15/000000032,C14H18N4OCl,293.0,0.31,4.29,-8.445,-0.2993402316679674,0.1842334401618237,-0.05755339575307186,4.539940896606011,2.63,23.9,-160.0,DRUGLIKE_MAYBRIDGE
Druglike_1011,Druglike,C=C(CBr)C(=O)CCCC1=CC=C(C(=O)C2=NC(=O)ON2)N1,23/000000032,C14H14N3O4Br,368.0,1.02,4.01,-9.189,-1.1214360297125348,1.0048189134701169,-0.05830855812120894,3.6218431554213097,6.93,3.58,0.0,DRUGLIKE_CONCAT
HighDiv_1501,HighDiv,C=C(CC#CC1=CC(NCCN)=CC=C1O)[C@H]1C=COCC1,3/000000071,C18H23N2O2,299.0,2.01,4.09,-8.976,-0.8865515159855155,0.769893233611695,-0.05832914118691024,4.536015439095126,4.1,20.0,-150.0,HIGHDIVERSITY_CRAFT
Druglike_1890,Druglike,COC1=CC(C2=CC(=O)C=C(CN)N2)=CC=C1,15/000000226,C13H14N2O2,230.0,1.43,4.25,-8.55,-0.41678248853147704,0.30004187389484943,-0.0583703073183138,2.3556319664559418,4.53,2.22,-180.0,DRUGLIKE_MAYBRIDGE
HighDiv_662,HighDiv,O=C1NCCN1[C@H](CO)CCCOC1=NC(Br)=CC=C1,28/000000005,C13H18N3O3Br,344.0,1.42,4.35,-8.283,-0.12317684637270433,0.005557570973726654,-0.05880963769948884,3.307497408820918,2.7,5.09,-150.0,HIGHDIVERSITY_CONCAT
Druglike_412,Druglike,COC1=CC=C(O)C(/C=C/[C@@H]2CNC(=O)N2)=C1,22/000000021,C12H14N2O3,234.0,1.06,4.35,-8.283,-0.12317684637270433,0.005557570973726654,-0.05880963769948884,3.39292926814453,4.29,2.22,-170.0,DRUGLIKE_CONCAT
Druglike_932,Druglike,CCCC#CC(=O)C1=CCC(C2=CC(CO)=C(CO)O2)=CO1,23/000000018,C17H18O5,302.0,0.84,4.05,-9.081,-1.0039937728490251,0.8857016673447189,-0.05914605275215312,3.9554913472611983,2.64,24.4,-160.0,DRUGLIKE_CONCAT
Druglike_749,Druglike,CNCC1=CC=C(C2=NNC(C(=O)O)=N2)C=C1C(=O)O,6/000000007,C12H12N4O4,276.0,0.95,4.14,-8.841,-0.7397486949061292,0.6209966759549466,-0.059376009475591296,2.549028802384445,0.13,3.72,-200.0,DRUGLIKE_CONCAT
Druglike_560,Druglike,CCCC1=NC(C[C@@H](CO)C2=CCC(CN)=CO2)=CC=C1O,12/000000013,C17H24N2O3,304.0,0.38,4.23,-8.601,-0.47550361696323057,0.3562916845651762,-0.059605966199027194,4.051381763093708,10.43,7.96,-170.0,DRUGLIKE_CONCAT
HighDiv_365,HighDiv,C=CCOC1=C(Br)C(ON)=CC(C(=O)O)=C1,12/000001158,C10H10NO4Br,288.0,1.5,4.6,-7.616,0.61083725902423,-0.7301017175970147,-0.059632229286392335,2.65311734833581,4.67,14.7,0.0,HIGHDIVERSITY_CONCAT
Druglike_2078,Druglike,C#CC1=C(O)N=CC=C1COC(=O)C1=CN=C(C(=O)O)N1,5/000000004,C13H9N3O5,287.0,0.82,4.0,-9.212,-1.1507965939284115,1.0301864751449696,-0.06030505939172093,3.2498537000077654,2.22,3.7,0.0,DRUGLIKE_MAYBRIDGE
Druglike_1544,Druglike,CC/C=C/CC1=CC(CC(=O)O)=CC(NC(N)=O)=C1,4/000000265,C14H18N2O3,262.0,1.05,4.23,-8.599,-0.47550361696323057,0.3540858096369274,-0.0607089036631516,2.468716990861795,3.42,3.58,-20.0,DRUGLIKE_LANAPDB
Druglike_1475,Druglike,O=C(O)CC#CC1=CC=C(NC(=O)CCl)C2=C1NC=N2,12/000000038,C13H10N3O3Cl,291.0,0.9,4.39,-8.173,-0.0057345895091947315,-0.11576555007991825,-0.06075006979455649,3.0291938173694595,5.39,22.0,-40.0,DRUGLIKE_LANAPDB
Druglike_497,Druglike,CCC(=O)C1=C[C@@H](/C=C/C2=CN=CC(Br)=C2)NC(CO)=C1,13/000000034,C16H17N2O2Br,349.0,1.54,4.27,-8.491,-0.35806136009972356,0.2349685635115293,-0.061546398294097124,4.0837352180790365,5.75,3.58,-170.0,DRUGLIKE_CONCAT
HighDiv_2023,HighDiv,NOC1=CC=C(S)C2=C1N(CC(F)F)C=N2,22/000000056,C9H9N3OSF2,245.0,1.31,4.62,-7.559,0.6695583874559862,-0.792969153052085,-0.061705382798049435,3.4084802935301504,2.25,18.6,-190.0,HIGHDIVERSITY_MAYBRIDGE
HighDiv_755,HighDiv,NC(=S)NC1=CC(C(=O)[N+](=O)[O-])=C(S)C(O)=C1,29/000000056,C8H7N3O4S2,273.0,1.11,4.27,-8.49,-0.35806136009972356,0.23386562604740588,-0.06209786702615884,3.350819029393004,1.7,3.58,-40.0,HIGHDIVERSITY_CONCAT
Druglike_189,Druglike,C[C@H](C#CC1=CN=C(Cl)C(C(=O)CO)=N1)CCCCO,19/000000031,C14H17N2O3Cl,296.0,0.58,4.6,-7.611,0.61083725902423,-0.7356164049176348,-0.06238957294670239,3.719717327849258,5.5,18.7,-170.0,DRUGLIKE_CONCAT
Druglike_1525,Druglike,NCC1=CC(NC(N)=O)=CC(/C=C/CNC[C@H]2CCOC2)=C1,4/000000287,C16H24N4O2,304.0,-0.18,4.26,-8.516,-0.3874219243156003,0.26254200011463097,-0.062439962100484664,3.192112142391829,4.58,6.77,-150.0,DRUGLIKE_LANAPDB
HighDiv_749,HighDiv,CSCNC(=O)C1=NOC(C2=CC(O)=C(F)C=C2O)=N1,6/000000036,C11H10N3O4SF,299.0,1.6,4.27,-8.489,-0.35806136009972356,0.23276268858328245,-0.06264933575822056,3.0618450261606673,2.12,24.2,-180.0,HIGHDIVERSITY_CONCAT
Druglike_333,Druglike,NCCC1=NC=C(/C=C/[C@@H]2C=CC(=O)N2)C=C1Br,13/000000036,C13H15N3OBr,309.0,0.87,4.41,-8.116,0.052986538922561374,-0.17863298553498955,-0.0628232233062141,4.579051528585482,5.65,3.85,-150.0,DRUGLIKE_CONCAT
HighDiv_532,HighDiv,C=C[C@@H](CC#CC1=CC(O)=CC(N)=C1)CCO,23/000000223,C14H17NO2,231.0,1.81,4.44,-8.036,0.14106823157019424,-0.2668679826649136,-0.0628998755473597,3.746958850795921,6.1,14.8,-150.0,HIGHDIVERSITY_CONCAT
Druglike_511,Druglike,OCC[C@@]1(C2=NNC(/C=C/C3=CC(O)=CC=C3I)=C2)CN1,28/000000297,C15H16N3O2I,397.0,2.34,4.26,-8.514,-0.3874219243156003,0.26033612518638216,-0.06354289956460907,4.114851515341098,7.3,3.72,-150.0,DRUGLIKE_CONCAT
HighDiv_2043,HighDiv,C#CCC1=C(C2=CC=CC(F)=C2ON)N=C(CC(=O)O)N1,27/000000351,C14H12N3O3F,289.0,0.68,4.53,-7.794,0.4053133095130902,-0.5337788489829338,-0.06423276973492181,3.2381369891324336,5.1,3.85,-120.0,HIGHDIVERSITY_MAYBRIDGE
Druglike_681,Druglike,O=C(NCC#CCO)C1=NC=NC(C2=CN=CC=C2)=C1,6/000000033,C14H12N4O2,268.0,-0.38,4.17,-8.752,-0.6516670022584963,0.5228352416479076,-0.06441588030529433,2.603895901492234,4.35,17.6,-200.0,DRUGLIKE_CONCAT
Druglike_2040,Druglike,OCC1=C(OC2=CC=CC=C2)C=CC(C2=NC=NN2)=C1,21/000000010,C15H13N3O2,267.0,2.56,4.04,-9.098,-1.0333543370649019,0.9044516042348291,-0.0644513664150364,2.165310319511386,6.48,16.3,-120.0,DRUGLIKE_MAYBRIDGE
Druglike_729,Druglike,OC1=CC2=C(C=C1CCNC[C@@H](Br)C1=NOC=C1)NCO2,21/000000240,C14H16N3O3Br,354.0,1.9,4.15,-8.805,-0.7103881306902498,0.5812909272464812,-0.06454860172188426,3.8895068426756136,2.28,3.7,-190.0,DRUGLIKE_CONCAT
HighDiv_1533,HighDiv,NC(=O)C1=NOC(CCC2=NN(C(=O)O)C=C2[N+](=O)[O-])=C1,25/000000033,C10H9N5O6,295.0,-0.2,4.05,-9.071,-1.0039937728490251,0.8746722927034786,-0.06466074007277328,3.175909207476705,3.51,3.85,0.0,HIGHDIVERSITY_CRAFT
Druglike_1432,Druglike,NC(=O)NC1=CC(CF)=CC(CC(=O)O)=C1,4/000000033,C10H11N2O3F,226.0,0.15,4.65,-7.473,0.757640080103619,-0.8878217749667536,-0.06509084743156729,2.2905316596059357,3.35,3.58,0.0,DRUGLIKE_LANAPDB
HighDiv_1784,HighDiv,COCC1=CC=C([S@+]([O-])C2=CC(O)=C(I)C=C2O)C=C1,12/000000092,C14H13O4SI,404.0,2.15,4.22,-8.617,-0.5048641811791099,0.37393868399116104,-0.06546274859397444,3.283417467709397,4.56,15.7,-20.0,HIGHDIVERSITY_LANAPDB
HighDiv_216,HighDiv,NOC1=C(Br)C([C@@H](S)CCCO)=CC(C(=O)O)=C1,12/000001410,C11H14NO4SBr,336.0,1.22,4.78,-7.126,1.1393274149100245,-1.2705410750177986,-0.06560683005388701,3.6269204199881977,6.83,16.8,-150.0,HIGHDIVERSITY_CONCAT
HighDiv_607,HighDiv,O=C(O)C1=NN=C([C@H](S)/C=C/C2=NC(CCl)=NN2C(=O)CO)N1,8/000000024,C11H10N6O4SCl,357.0,-0.05,4.39,-8.163,-0.0057345895091947315,-0.12679492472115853,-0.06626475711517663,4.648447239497588,2.68,5.21,-150.0,HIGHDIVERSITY_CONCAT
HighDiv_1473,HighDiv,O=C1NS(=O)(=O)C2=CC=C([C@H](S)C3=CC(=O)OC=C3)C=C12,12/000000001,C13H9NO5S2,323.0,0.63,4.14,-8.828,-0.7397486949061292,0.606658488921334,-0.06654510299239758,3.822808495065056,5.95,3.58,-190.0,HIGHDIVERSITY_CRAFT
HighDiv_1070,HighDiv,O=C(O)C1=CC(O)=CC(CCC/C=C\C2=CN=C(S)N2)=C1,3/000000029,C15H16N2O3S,304.0,2.46,4.07,-9.013,-0.945272644417269,0.8107019197842839,-0.06728536231649257,3.1041369711492486,1.62,3.58,0.0,HIGHDIVERSITY_CONCAT
Druglike_767,Druglike,O=C(O)/C=C/[C@H](CO)C(=O)NC1=CC=C2N=CCC2=C1,15/000000035,C14H14N2O4,274.0,-0.36,4.13,-8.853,-0.7691092591220059,0.6342319255244356,-0.06743866679878513,3.5175521080690384,4.9,3.58,-190.0,DRUGLIKE_CONCAT
Druglike_1970,Druglike,O=C(O)C1=CC2=C(N1)C(=O)NC=C2C#CCCCCl,14/000000022,C13H11N2O3Cl,278.0,1.67,4.13,-8.851,-0.7691092591220059,0.6320260505961888,-0.06854160426290856,3.1957673760354037,3.5,24.1,-40.0,DRUGLIKE_MAYBRIDGE
HighDiv_696,HighDiv,NOC1=CC(C(=O)O)=CC(/C=C/[C@H](CCO)C(N)=O)=C1Br,12/000000735,C13H15N2O5Br,359.0,-0.29,4.31,-8.371,-0.24061910323621394,0.10261606781664415,-0.0690015177097849,3.754229108933947,6.68,3.87,-180.0,HIGHDIVERSITY_CONCAT
Druglike_204,Druglike,NCC1=NON=C1C1=NC(C(=O)NCBr)=NC=C1,4/000000028,C9H9N6O2Br,313.0,0.04,4.58,-7.652,0.5521161305924766,-0.6903959688885484,-0.06913991914803591,3.383717688435354,1.12,20.9,-160.0,DRUGLIKE_CONCAT
Druglike_1947,Druglike,CC1=C(C2=NN=C(CCN)O2)NC(C(=O)O)=CC1=O,15/000000293,C11H13N4O4,265.0,0.38,4.15,-8.796,-0.7103881306902498,0.5713644900693644,-0.06951182031044267,3.5166897719268846,4.49,24.6,-140.0,DRUGLIKE_MAYBRIDGE
Druglike_745,Druglike,CC(=O)OC/C=C(\CO)CCC1=CC=C2CNNCC2=C1Cl,15/000000022,C16H21N2O3Cl,324.0,2.26,4.14,-8.822,-0.7397486949061292,0.6000408641365894,-0.06985391538476987,3.4234417194696345,3.3,3.84,-120.0,DRUGLIKE_CONCAT
Druglike_1190,Druglike,CCCCOCC1=NC(CO)=C(C2=NNC(=O)C=C2)O1,15/000000170,C13H17N3O4,279.0,0.38,4.42,-8.076,0.08234710313843813,-0.22275048409995063,-0.07020169048075625,2.938006483650547,5.39,23.4,-140.0,DRUGLIKE_CRAFT
HighDiv_478,HighDiv,O=C(O)C/C=C/C1=CC2=C(NC=C2)C(S)=C1O,20/000000048,C12H11NO3S,249.0,2.18,4.49,-7.889,0.28787105264958057,-0.42899978989114834,-0.07056436862078388,3.2717703461613414,5.06,16.9,-40.0,HIGHDIVERSITY_CONCAT
Druglike_472,Druglike,CCCC(=O)/C=C/C(=O)C1=NN=C(C2=CN=NN2)N1,23/000000564,C11H12N6O2,260.0,1.13,4.29,-8.42,-0.2993402316679674,0.15666000355872206,-0.07134011405462268,3.8626591999347735,2.79,3.58,-120.0,DRUGLIKE_CONCAT
Druglike_1311,Druglike,NC(=O)C1=C(C(=O)O)N(CC/C=C/C2CCCC2)C=N1,1/000000046,C14H19N3O3,277.0,1.11,4.08,-8.979,-0.9159120802013923,0.7732020460040654,-0.07135501709866343,2.943585026160669,1.9,2.35,-150.0,DRUGLIKE_CRAFT
HighDiv_828,HighDiv,NC[C@@H](CO)CCC1=C(Br)C(N=O)=CC(C(=O)CCl)=C1,12/000000978,C13H16N2O3ClBr,363.0,1.6,4.22,-8.606,-0.5048641811791099,0.36180637188579534,-0.07152890464665729,3.7011650201569495,3.96,3.58,-150.0,HIGHDIVERSITY_CONCAT
HighDiv_506,HighDiv,C=C/C=C(\CN)C(=O)C1=CC(N=O)=C(Br)C=C1O,12/000000999,C12H11N2O3Br,311.0,1.4,4.46,-7.966,0.19978936000194772,-0.34407360515359653,-0.0721421225758244,3.6250615798380688,4.12,2.35,-20.0,HIGHDIVERSITY_CONCAT
HighDiv_2014,HighDiv,N=C1SC([C@H](O)CC#CC2=NN=CN2)=CN1CS,27/000000553,C10H11N5OS2,281.0,2.35,4.65,-7.459,0.757640080103619,-0.9032628994644907,-0.07281140968043581,4.961400849852451,2.8,2.35,-150.0,HIGHDIVERSITY_MAYBRIDGE
Druglike_888,Druglike,NC(=O)C1=CC(C2=NC=CC=C2)=CC(O)=N1,18/000000101,C11H9N3O2,215.0,0.85,4.07,-9.001,-0.945272644417269,0.7974666702147948,-0.0739029871012371,2.436265398425256,1.3,11.8,-160.0,DRUGLIKE_CONCAT
Druglike_1491,Druglike,C=C[C@H](CCC1=CC=C(OCNCC)C=C1)N1C=C(CN)N=N1,23/000000043,C17H25N5O,315.0,2.07,4.34,-8.282,-0.15253741058858108,0.004454633509603215,-0.07404138853948894,3.425258228508577,2.35,6.45,-190.0,DRUGLIKE_LANAPDB
Druglike_1812,Druglike,NCC1=C(C(=O)CCCCC2=CCOC2)C=C(C(=O)O)N1,5/000000154,C15H20N2O4,292.0,-0.24,4.4,-8.122,0.023625974706684625,-0.17201536075024498,-0.07419469302178018,3.289839709089274,6.8,3.7,0.0,DRUGLIKE_MAYBRIDGE
HighDiv_453,HighDiv,NCC1=C(Br)C(N=O)=CC(C(=O)CO)=C1,12/000000372,C9H10N2O3Br,274.0,0.29,4.52,-7.802,0.37595274529721084,-0.5249553492699414,-0.07450130198636526,3.8272458111116094,3.18,2.48,0.0,HIGHDIVERSITY_CONCAT
HighDiv_491,HighDiv,NCC[C@H](O)CC1=C(Br)C(O)=CC(C(=O)N=O)=C1,12/000000369,C11H13N2O4Br,317.0,0.94,4.48,-7.908,0.25851048843370383,-0.40804397807279125,-0.0747667448195437,3.495306958449735,2.65,3.85,-150.0,HIGHDIVERSITY_CONCAT
HighDiv_1361,HighDiv,O=C(C#CC1=CN=CC(O)=C1O)NCCCOC(=O)CS,1/000000114,C13H14N2O5S,310.0,0.56,4.36,-8.227,-0.09381628215682498,-0.05620692701721924,-0.07501160458702211,3.246246538204053,5.98,22.5,-30.0,HIGHDIVERSITY_CRAFT
Druglike_269,Druglike,CCCCCC1=CC(O)=CC(C2=NNN=C2)=C1,28/000000163,C13H17N3O,231.0,4.16,4.47,-7.934,0.22914992421782449,-0.37936760400556613,-0.07510883989387082,2.4547673667699126,0.11,15.6,-140.0,DRUGLIKE_CONCAT
HighDiv_1460,HighDiv,C=C[C@@H](CBr)NC(=O)C#CC1=C(O)C(O)=C(CO)N=C1,1/000000481,C13H13N2O4Br,341.0,1.12,4.16,-8.759,-0.681027566474373,0.5305558038967756,-0.07523588128879871,4.2480163022082325,3.11,20.5,-150.0,HIGHDIVERSITY_CRAFT
Druglike_494,Druglike,N[C@H](C/C=C/C1=C(I)C=CC(O)=C1)C1=CCCOC1,28/000000302,C15H19NO2I,372.0,2.55,4.27,-8.466,-0.35806136009972356,0.20739512690842768,-0.07533311659564794,4.335416117007979,7.36,3.58,-150.0,DRUGLIKE_CONCAT
Druglike_1361,Druglike,NCCC#C[C@H](O)C1=CC=C(NC2=CC=CC(CCl)=C2)C=C1,13/000000014,C18H19N2OCl,314.0,2.46,4.01,-9.158,-1.1214360297125348,0.9706278520822706,-0.07540408881513205,2.982986867666554,4.29,17.3,-190.0,DRUGLIKE_CRAFT
HighDiv_1001,HighDiv,NC/C(=C\C1=CSC(N)=N1)C(=O)C1=C(O)C=C(Br)C(N=O)=C1,12/000000478,C13H11N4O3SBr,383.0,0.9,4.12,-8.865,-0.7984698233378826,0.6474671750939247,-0.07550132412197896,3.540279511032911,4.11,3.7,-40.0,HIGHDIVERSITY_CONCAT
Druglike_1169,Druglike,C=CC1=COC(CO)=C1C1=NNC(=O)C(COCC)=C1,15/000000284,C14H16N2O4,276.0,0.45,4.49,-7.878,0.28787105264958057,-0.44113210199651304,-0.07663052467346623,3.292263322863965,4.41,23.0,-180.0,DRUGLIKE_CRAFT
Druglike_133,Druglike,C=C(CC(C)=O)C1=C(CC(=O)O)C(O)=NO1,3/000000137,C10H11NO5,225.0,0.15,4.69,-7.345,0.8750823369671286,-1.0289977703746322,-0.07695771670375184,3.3654144094142655,2.09,4.83,-60.0,DRUGLIKE_CONCAT
Druglike_1914,Druglike,CN/C=C/C1=CC(C2=CC(O)=CC(C(=O)OCCF)=C2)=CO1,1/000000079,C16H16NO4F,305.0,2.97,4.22,-8.596,-0.5048641811791099,0.3507769972445551,-0.07704359196727742,3.19519010656641,2.07,3.58,-180.0,DRUGLIKE_MAYBRIDGE
HighDiv_1005,HighDiv,N[C@H]1C=NC2=CC=C(NC3=CC(F)=CC(O)=C3Br)C=C21,16/000000038,C14H12N3OFBr,337.0,2.21,4.12,-8.861,-0.7984698233378826,0.6430554252374291,-0.07770719905022677,3.878617767409697,6.88,18.2,-190.0,HIGHDIVERSITY_CONCAT
HighDiv_644,HighDiv,N/C=C\[C@@H](C/C=C/CC1=C(CN)N=C(C(=O)O)O1)C1=CN=NS1,3/000000135,C14H17N5O3S,335.0,0.34,4.36,-8.222,-0.09381628215682498,-0.061721614337840354,-0.07776894824733267,4.657216571703843,6.59,5.39,-150.0,HIGHDIVERSITY_CONCAT
Druglike_586,Druglike,C[C@H](NCCl)C1=NNC(/C=C/C2=C(I)C=CC(O)=C2)=C1,28/000000279,C14H15N3OClI,403.0,4.04,4.22,-8.594,-0.5048641811791099,0.3485711223163062,-0.07814652943140185,3.934902382794313,6.87,3.58,-170.0,DRUGLIKE_CONCAT
HighDiv_386,HighDiv,NOC1=CC(C(=O)O)=CC(C[C@@H]2CN2)=C1Br,12/000000619,C10H11N2O3Br,287.0,0.47,4.57,-7.661,0.5227555663765998,-0.6804695317114325,-0.07885698266741636,3.4297864299886216,5.34,2.48,-150.0,HIGHDIVERSITY_CONCAT
Druglike_274,Druglike,O=C1NC[C@@H](/C=C/C2=CC(CCl)=CC=C2O)N1,22/000000014,C12H13N2O2Cl,252.0,1.61,4.47,-7.927,0.22914992421782449,-0.3870881662544351,-0.0789691210183053,3.652524460452222,3.99,2.22,-150.0,DRUGLIKE_CONCAT
HighDiv_955,HighDiv,C/C=C/C(=O)CNCCCC1=CC(C(=O)O)=CC(ON)=C1Br,12/000001408,C15H19N2O4Br,371.0,1.21,4.15,-8.776,-0.7103881306902498,0.5493057407868838,-0.08054119495168299,3.0620818187252183,4.18,3.84,-80.0,HIGHDIVERSITY_CONCAT
HighDiv_486,HighDiv,CC(=O)C1=NOCN1C1=CC=C(SCS(=O)(=O)O)C=C1O,14/000000003,C11H12N2O6S2,332.0,1.34,4.48,-7.897,0.25851048843370383,-0.42017629017815594,-0.08083290087222605,3.589974794521239,7.91,24.0,-140.0,HIGHDIVERSITY_CONCAT
Druglike_828,Druglike,CC(=O)CC(=O)/C=C/C(=O)C1=NN=C(C2=CC=C(CN)O2)N1,23/000000090,C14H15N4O4,303.0,0.04,4.1,-8.906,-0.8571909517696387,0.6926876111230112,-0.08225167032331371,3.854860305484361,3.68,3.58,-160.0,DRUGLIKE_CONCAT
Druglike_1168,Druglike,O=C1C=CC(C2=C(CO)N=C(CCCCl)O2)=NN1,15/000000149,C11H12N3O3Cl,269.0,0.71,4.49,-7.867,0.28787105264958057,-0.45326441410187773,-0.08269668072614858,3.086155697485128,1.85,22.7,-120.0,DRUGLIKE_CRAFT
Druglike_491,Druglike,N[C@@H](C1=NC(I)=C(C#CC(=O)O)C=C1)C1=CC=CO1,26/000000003,C13H9N2O3I,368.0,1.69,4.28,-8.424,-0.3287007958838442,0.16107175341521776,-0.08381452123431322,3.770962464371306,4.7,20.7,-150.0,DRUGLIKE_CONCAT
HighDiv_1438,HighDiv,NC[C@H](C#CC1=CC(O)=CN=C1)C1=NN=CCN1,1/000000011,C12H13N5O,243.0,0.61,4.21,-8.61,-0.5342247453949867,0.36621812174229107,-0.08400331182634779,4.470681514662753,5.37,19.5,-150.0,HIGHDIVERSITY_CRAFT
Druglike_1919,Druglike,O=C1CC[C@@H](/C=C/CC2=CC=C(Cl)C=C2O)CN1,14/000000012,C14H16NO2Cl,265.0,2.39,4.21,-8.609,-0.5342247453949867,0.36511518427816764,-0.08455478055840951,3.2716053747393277,6.95,2.22,-150.0,DRUGLIKE_MAYBRIDGE
Druglike_1649,Druglike,CCC[C@@H](CCC1=C(C(=O)O)C(C(=O)O)=CN1)C1=CCCC1,6/000000050,C17H23NO4,305.0,2.06,4.09,-8.928,-0.8865515159855155,0.7169522353337406,-0.08479964032588744,3.5753774999850556,6.96,3.58,-170.0,DRUGLIKE_LANAPDB
HighDiv_701,HighDiv,NC(=S)NC1=CC(N2C=NN=C2)=C(S)C(O)=C1,29/000000010,C9H9N5OS2,267.0,2.1,4.31,-8.342,-0.24061910323621394,0.07063088135704679,-0.08499411093958358,3.287027629303731,1.38,20.4,-160.0,HIGHDIVERSITY_CONCAT
Druglike_1872,Druglike,NC[C@@H]1C=CN(CCOC(=O)C#CC2=CC(CO)=CC(O)=C2)C1,1/000000078,C17H21N2O4,317.0,1.34,4.29,-8.394,-0.2993402316679674,0.12798362949149697,-0.08567830108823522,4.297265565786684,3.45,21.8,-150.0,DRUGLIKE_MAYBRIDGE
Druglike_1398,Druglike,NCC#C[C@](O)(CO)C1=CC(O)=CC=C1,6/000000055,C11H13NO3,207.0,-0.4,4.94,-6.663,1.609096442364063,-1.781201120907234,-0.08605233927158551,3.63862530792215,4.54,3.58,-150.0,DRUGLIKE_LANAPDB
Druglike_1878,Druglike,NC/C=C/C1=CC(=O)C=C(C2=CN=C(CCCl)CN2)N1,15/000000066,C14H17N4OCl,292.0,0.31,4.27,-8.445,-0.35806136009972356,0.1842334401618237,-0.08691395996894993,4.090310127375243,3.28,23.9,-160.0,DRUGLIKE_MAYBRIDGE
Druglike_1503,Druglike,C#CCC1=CC(C2=CN=C(CCCCCBr)N2)=C(CN)N1,4/000000077,C16H21N4Br,349.0,2.33,4.3,-8.365,-0.2699796674520907,0.0959984430318996,-0.08699061221009555,3.4847859281244773,3.29,23.8,-120.0,DRUGLIKE_LANAPDB
HighDiv_416,HighDiv,O=NC1=CC(C(=O)CO)=CC(O)=C1Br,12/000000887,C8H6NO4Br,260.0,0.76,4.55,-7.699,0.46403443794484367,-0.6385579080747184,-0.08726173506493734,3.083867695879249,3.5,2.35,0.0,HIGHDIVERSITY_CONCAT
Druglike_1189,Druglike,NC/C=C/C1=C([C@H](C(=O)O)C2=NN=C(CCCCl)O2)OCC1=O,1/000000030,C14H16N3O5Cl,341.0,0.75,4.43,-8.018,0.11170766735431488,-0.28672085701914535,-0.08750659483241524,4.1239870746624225,7.49,3.84,-150.0,DRUGLIKE_CRAFT
Druglike_371,Druglike,OCC1=C(CCC2=CC=C3CNNCC3=C2Cl)N(CCl)N=C1,15/000000037,C15H18N4OCl2,340.0,2.63,4.38,-8.15,-0.03509515372507148,-0.14113311175477106,-0.08811413273992127,3.5161013791647786,7.34,3.84,-80.0,DRUGLIKE_CONCAT
Druglike_406,Druglike,COCNCC(=O)/C=C/C(=O)C1=NN=C(C2=CNNC2=O)N1,23/000000569,C12H14N6O4,306.0,-0.14,4.36,-8.203,-0.09381628215682498,-0.08267742615619746,-0.08824685415651122,3.9358990395688913,3.48,3.58,-160.0,DRUGLIKE_CONCAT
Druglike_1363,Druglike,O=C1C=CC2=C(C=C(/C=C/C3=NC=CN3)C=C2CO)O1,6/000000001,C15H12N2O3,268.0,1.13,4.0,-9.161,-1.1507965939284115,0.973936664474643,-0.08842996472688425,2.8038462993702176,3.72,3.58,-80.0,DRUGLIKE_CRAFT
Druglike_1547,Druglike,NC1=CC(C/C(=C/[C@@H]2CCC(=O)O2)C2=NC=NN2)=CC=C1CO,6/000000021,C16H18N4O3,314.0,0.61,4.22,-8.575,-0.5048641811791099,0.3276153104979491,-0.0886244353405804,3.742209277459626,8.05,5.09,-150.0,DRUGLIKE_LANAPDB
HighDiv_1350,HighDiv,C=CCCNC(=O)C#CC1=C(O)C(O)=CN=C1CBr,1/000000393,C13H13N2O3Br,325.0,1.69,4.38,-8.149,-0.03509515372507148,-0.14223604921889646,-0.08866560147198396,3.5758341506251083,7.2,19.3,0.0,HIGHDIVERSITY_CRAFT
HighDiv_2102,HighDiv,C=C(C#C[C@H](O)C1=CN=C(O)N=C1O)[N+](=O)[O-],23/000000001,C9H7N3O5,237.0,0.59,4.37,-8.175,-0.06445571794094823,-0.11355967515166941,-0.08900769654630883,4.569446575836837,2.33,2.22,-170.0,HIGHDIVERSITY_MAYBRIDGE
Druglike_88,Druglike,C=C[C@H](C(=O)O)C1=NC(O)=NC=C1C(=O)O,29/000000144,C9H8N2O5,224.0,-0.25,4.8,-7.029,1.198048543341778,-1.377526009037832,-0.08973873284802703,3.74088121659736,6.7,2.35,-150.0,DRUGLIKE_CONCAT
HighDiv_983,HighDiv,C/C=C/CC1=CC(C2=CC(O)=C(F)C=C2CO)=CO1,6/000000003,C15H15O3F,262.0,2.49,4.13,-8.812,-0.7691092591220059,0.5890114894953492,-0.09004888481332834,3.1043096111587705,2.94,17.5,-200.0,HIGHDIVERSITY_CONCAT
Druglike_1192,Druglike,COC/C=C/CCC1=NC(CO)=C(C2=NNC(=O)C=C2)O1,15/000000229,C14H17N3O4,291.0,0.15,4.42,-8.04,0.08234710313843813,-0.26245623280841796,-0.09005456483498991,3.2558466973552465,3.03,25.0,-140.0,DRUGLIKE_CRAFT
HighDiv_2100,HighDiv,NOC1=C(C2=CNC=N2)C=C(NC=S)C=C1F,27/000000102,C10H9N4OSF,252.0,0.45,4.37,-8.173,-0.06445571794094823,-0.11576555007991825,-0.09011063401043323,3.7027444664559415,1.66,20.1,-120.0,HIGHDIVERSITY_MAYBRIDGE
HighDiv_349,HighDiv,C=C[C@@H](C#CC1=CC(O)=CC=C1)CCO,23/000000011,C13H14O2,202.0,2.38,4.61,-7.534,0.6401978232401094,-0.8205425896551867,-0.09017238320753862,3.5009471787342648,2.95,12.8,-150.0,HIGHDIVERSITY_CONCAT
HighDiv_747,HighDiv,C=C(CC1=C(Br)C(O)=CC(C(=O)N=O)=C1)C(=O)O,12/000000268,C11H8NO5Br,314.0,1.84,4.28,-8.411,-0.3287007958838442,0.14673356638160523,-0.09098361475111949,3.1671378482505075,4.33,3.85,0.0,HIGHDIVERSITY_CONCAT
HighDiv_488,HighDiv,NOC1=CC(C(=O)O)=CC(CCN[SH](=O)=O)=C1Br,12/000000697,C9H11N2O5SBr,339.0,-0.29,4.48,-7.878,0.25851048843370383,-0.44113210199651304,-0.0913108067814046,3.5251240798380685,8.44,2.48,0.0,HIGHDIVERSITY_CONCAT
Druglike_1590,Druglike,C=C(CCl)CC(=O)OCC1=CC(CC(=O)O)=CC(NC(N)=O)=C1,4/000000273,C15H17N2O5Cl,340.0,0.28,4.15,-8.756,-0.7103881306902498,0.5272469915044032,-0.09157056959292326,2.6929315843882264,5.74,5.09,-90.0,DRUGLIKE_LANAPDB
Druglike_987,Druglike,O=C(C#CCNCC1=CC=CC(O)=C1)C1=CON=C1O,26/000000152,C14H12N2O4,272.0,1.67,4.02,-9.102,-1.092075465496658,0.9088633540913248,-0.09160605570266661,3.1570040545007494,3.16,3.58,0.0,DRUGLIKE_CONCAT
HighDiv_706,HighDiv,C=C[C@@H](/C=C/CC1=C(CN)N=C(C(=O)O)O1)C1=CCC1,3/000000059,C15H18N2O3,274.0,0.53,4.3,-8.356,-0.2699796674520907,0.08607200585478277,-0.09195383079865396,4.4172613837933135,6.31,3.85,-150.0,HIGHDIVERSITY_CONCAT
HighDiv_890,HighDiv,N[C@@H]1NCCN1CC(=O)C1=CC(N=O)=C(Br)C=C1N=O,12/000000444,C11H10N5O3Br,340.0,1.52,4.19,-8.648,-0.5929458738267401,0.40812974537900526,-0.09240806422386744,4.1790118733038035,5.0,2.48,-40.0,HIGHDIVERSITY_CONCAT
Druglike_310,Druglike,CCCCC1=CC(C2=NNN=C2)=CC(O)=C1,28/000000345,C12H15N3O,217.0,3.8,4.44,-7.982,0.14106823157019424,-0.3264266057276117,-0.09267918707870872,2.4867789101309405,3.19,15.0,-140.0,DRUGLIKE_CONCAT
Druglike_1803,Druglike,CCCN1CC[C@@H]1CC(=O)C1=C(CN)NC(C(=O)O)=C1,5/000000170,C14H21N3O3,279.0,-0.01,4.43,-8.008,0.11170766735431488,-0.29775023166038755,-0.09302128215303634,3.479176908268838,6.23,3.7,-170.0,DRUGLIKE_MAYBRIDGE
HighDiv_679,HighDiv,C=CC1=C(F)C=C(I)C(C2=NC(CC(=O)O)=NN2)=N1,4/000000256,C11H8N4O2FI,374.0,2.31,4.33,-8.269,-0.18189797480445782,-0.009883553524009329,-0.09589076416423357,3.473276754175404,5.67,22.3,-120.0,HIGHDIVERSITY_CONCAT
HighDiv_2313,HighDiv,O=C(CC1=C(O)C2=C(C=C1)C(CO)=CC2)CN1C=CC(=O)N1,8/000000007,C16H16N2O4,300.0,-0.39,4.02,-9.094,-1.092075465496658,0.9000398543783314,-0.09601780555916328,3.5149223646309258,3.16,20.8,-40.0,HIGHDIVERSITY_MAYBRIDGE
HighDiv_779,HighDiv,O=C(O)C1=NC(CO)=C(CC/C=C/[C@H]2C=CC2)O1,3/000000248,C13H15NO4,249.0,0.3,4.25,-8.481,-0.41678248853147704,0.22393918887028905,-0.096421649830594,4.008382189218965,2.91,3.85,-150.0,HIGHDIVERSITY_CONCAT
HighDiv_704,HighDiv,NC1=C(O)C(COC2=CC(F)=CC=C2O)=CC(O)=C1,4/000000315,C13H12NO4F,265.0,1.77,4.3,-8.346,-0.2699796674520907,0.0750426312135425,-0.0974685181192741,2.3850649198558784,4.3,2.35,0.0,HIGHDIVERSITY_CONCAT
HighDiv_770,HighDiv,NOC1=C(Br)C(CCNCCC#CCO)=CC(C(=O)O)=C1,12/000001253,C14H17N2O4Br,357.0,0.42,4.26,-8.452,-0.3874219243156003,0.1919540024106917,-0.0977339609524543,3.0484208087610822,2.99,3.84,-30.0,HIGHDIVERSITY_CONCAT
Druglike_592,Druglike,NC/C=C/CCC1=CC(CO)=C(C2=NNC(=O)O2)C1,4/000000005,C13H18N3O3,264.0,-0.33,4.21,-8.585,-0.5342247453949867,0.3386446851391914,-0.09779003012789764,4.297500225575798,3.48,21.6,-80.0,DRUGLIKE_CONCAT
Druglike_416,Druglike,C=C(COC(=O)CO)CC(=O)C1=NC(NC)=C2C=NNC2=N1,21/000000041,C13H15N5O4,305.0,-0.16,4.35,-8.211,-0.12317684637270433,-0.07385392644320406,-0.0985153864079542,3.321045677489405,5.78,23.0,-80.0,DRUGLIKE_CONCAT
HighDiv_661,HighDiv,C#CCCC1=CC(O)=CC(C#C[C@@H](CCO)CNN)=C1,23/000000211,C16H20N2O2,272.0,1.33,4.35,-8.21,-0.12317684637270433,-0.0749568639073275,-0.09906685514001592,3.938447987189917,1.99,19.2,-170.0,HIGHDIVERSITY_CONCAT
HighDiv_537,HighDiv,C[C@H](N)C(=O)C1=CC(O)=C(Br)C(Cl)=C1,12/000000731,C9H10NO2ClBr,279.0,2.3,4.44,-7.97,0.14106823157019424,-0.3396618552971008,-0.09929681186345328,3.8170067335345728,3.35,2.48,-170.0,HIGHDIVERSITY_CONCAT
Druglike_691,Druglike,O=C(O)CCC1=CNC(C2=CC(F)=CC=C2F)=N1,16/000000006,C12H10N2O2F2,252.0,2.16,4.16,-8.715,-0.681027566474373,0.4820265554753168,-0.0995005054995281,2.624990810607299,4.41,19.7,-120.0,DRUGLIKE_CONCAT
Druglike_1848,Druglike,C=CC1=C(C2=NN=C(CO)O2)NC(CCBr)=CC1=O,15/000000277,C12H12N3O3Br,326.0,2.12,4.33,-8.262,-0.18189797480445782,-0.01760411577287732,-0.09975104528866757,3.4776097562966513,5.98,24.3,-120.0,DRUGLIKE_MAYBRIDGE
HighDiv_1704,HighDiv,C#CC1=CNC=C1C(=O)C1=NN(C(=O)O)C=C1Br,3/000000042,C11H5N3O3Br,307.0,1.01,4.45,-7.941,0.17042879578607098,-0.37164704175669816,-0.10060912298531359,3.639319350638696,7.02,2.22,0.0,HIGHDIVERSITY_LANAPDB
HighDiv_1178,HighDiv,NC1=CC(C#C[C@H](F)C2=NOC(=O)N2)=CC(O)=C1,23/000000238,C11H8N3O3F,249.0,1.25,4.01,-9.112,-1.1214360297125348,0.919892728732565,-0.10077165048998488,4.18012157383435,4.3,20.8,-150.0,HIGHDIVERSITY_CONCAT
HighDiv_393,HighDiv,O=NC(=O)C1=CC(C[C@@H](Cl)NCO)=C(Br)C(CO)=C1,12/000000331,C11H12N2O4ClBr,351.0,1.11,4.56,-7.645,0.49339500216072046,-0.6981165311374173,-0.10236076448834844,3.937733009918989,4.65,19.0,-150.0,HIGHDIVERSITY_CONCAT
Druglike_720,Druglike,C=CC1=CC(N)=CC=C1OC(=O)C1=CC=C(Cl)C(O)=C1,28/000000478,C15H12NO3Cl,289.0,3.44,4.15,-8.736,-0.7103881306902498,0.5051882422219227,-0.10259994423416352,2.3132715995872424,2.58,2.22,-40.0,DRUGLIKE_CONCAT
Druglike_1917,Druglike,O=C(COCBr)C1=CC=C(C2=C(CO)C(=O)C=CN2)C=C1,15/000000125,C15H14NO4Br,352.0,1.56,4.21,-8.575,-0.5342247453949867,0.3276153104979491,-0.10330471744851877,2.836016762544295,6.06,3.58,-160.0,DRUGLIKE_MAYBRIDGE
HighDiv_1352,HighDiv,C[C@@H](S)CNC1=CC=C(O)C(C#CC2=CSC(CN)=C2)=C1,3/000000026,C16H18N2OS2,318.0,2.93,4.37,-8.149,-0.06445571794094823,-0.14223604921889646,-0.10334588357992235,3.531684370621411,1.95,22.6,-190.0,HIGHDIVERSITY_CRAFT
HighDiv_178,HighDiv,O=C(O)C1=CN(CS)C(C(=O)O)=C1,3/000000150,C7H6NO4S,200.0,0.16,4.82,-6.951,1.2567696717735342,-1.4635551312395083,-0.10339272973298708,2.9094985735382366,4.31,16.9,0.0,HIGHDIVERSITY_CONCAT
Druglike_1531,Druglike,CCN[C@H](N)NCCCC1=CC(=O)OC(C2=C(CCl)ON=C2)=C1,23/000000064,C15H19N4O3Cl,338.0,1.65,4.25,-8.468,-0.41678248853147704,0.20960100183667651,-0.10359074334740026,3.887815624958281,10.63,3.58,-140.0,DRUGLIKE_LANAPDB
Druglike_953,Druglike,NC(=O)N1N=CC=C1CCC1=C(Cl)C2=C(C=C1)CNNC2,15/000000008,C14H16N5OCl,305.0,2.0,4.04,-9.027,-1.0333543370649019,0.8261430442820198,-0.10360564639144104,3.448179005047555,5.34,2.48,-80.0,DRUGLIKE_CONCAT
Druglike_1915,Druglike,O=C(C#CC1=C(I)C(O)=CC=C1)O[C@H]1CN=C(CO)C1,1/000000144,C14H12NO4I,385.0,2.08,4.22,-8.547,-0.5048641811791099,0.2967330615024772,-0.10406555983831636,4.108290844332775,7.46,20.9,-150.0,DRUGLIKE_MAYBRIDGE
Druglike_607,Druglike,NCCC/C=C\CC[C@H](O)C(=O)NC1=CC(F)=CC=C1F,16/000000085,C15H21N2O2F2,299.0,1.52,4.2,-8.6,-0.5635853096108634,0.3551887471010508,-0.1041982812549063,3.4257795825982127,-0.07,3.58,-200.0,DRUGLIKE_CONCAT
Druglike_1016,Druglike,C=C(CC1=NN=CN1)C1=CC([C@@H](O)C2=CCN=CN2)=CC=C1,14/000000009,C16H17N5O,295.0,2.2,4.01,-9.105,-1.1214360297125348,0.912172166483697,-0.10463193161441886,4.401030995413808,6.68,3.58,-150.0,DRUGLIKE_CONCAT
HighDiv_814,HighDiv,NC(=O)CCNCC(=O)C1=CC(N=O)=C(Br)C(F)=C1,12/000000976,C11H12N3O3FBr,333.0,0.46,4.23,-8.519,-0.47550361696323057,0.26585081250700326,-0.10482640222811365,3.962359350764336,2.06,2.35,-40.0,HIGHDIVERSITY_CONCAT
Druglike_1200,Druglike,CNC/C=C/C1=NC(CO)=C(C2=NNC(=O)C=C2)O1,15/000000070,C12H15N4O3,263.0,-0.35,4.39,-8.093,-0.0057345895091947315,-0.20400054720984237,-0.10486756835951855,4.089766892242466,2.99,24.0,-140.0,DRUGLIKE_CRAFT
Druglike_1650,Druglike,C/C(=C\C1=CC(C(=O)O)=C(O)C=C1)C[C@H]1C=CCO1,13/000000010,C15H16O4,260.0,2.04,4.09,-8.891,-0.8865515159855155,0.6761435491611498,-0.10520398341218284,3.3769401131376355,5.07,3.58,-170.0,DRUGLIKE_LANAPDB
HighDiv_613,HighDiv,C#CCCC1=CC(C(=O)[C@H]2CCNC2=N)=CC(N=O)=C1Br,12/000000082,C15H14N3O2Br,348.0,2.28,4.38,-8.118,-0.03509515372507148,-0.1764271106067407,-0.1057611321659061,4.301582235118106,5.99,3.58,-170.0,HIGHDIVERSITY_CONCAT
HighDiv_1331,HighDiv,O=C(C#CC1=C(O)C(O)=CN=C1CBr)NCCCF,1/000000429,C12H12N2O3FBr,331.0,1.9,4.43,-7.984,0.11170766735431488,-0.3242207307993638,-0.10625653172252447,3.552886813347002,6.76,20.4,0.0,HIGHDIVERSITY_CRAFT
HighDiv_1392,HighDiv,CNCC(=O)C1=CC(O)=C(O)C(C2=CCC=C2)=C1,3/000000117,C14H16NO3,246.0,1.19,4.3,-8.33,-0.2699796674520907,0.057395631787557674,-0.1062920178322665,3.847866502914992,1.08,3.58,-140.0,HIGHDIVERSITY_CRAFT
HighDiv_265,HighDiv,C=CC1=C(C=C)N=C(C2=NC(CC(=O)O)=NN2)C(I)=C1,4/000000076,C13H11N4O2I,382.0,2.66,4.71,-7.238,0.9338034653988821,-1.1470120790359049,-0.10660430681851135,3.676030200985843,6.49,21.8,-120.0,HIGHDIVERSITY_CONCAT
HighDiv_2072,HighDiv,CC1=C(C2=CC=CC(F)=C2ON)N=C(CO)N1,27/000000349,C11H12N3O2F,237.0,0.36,4.45,-7.93,0.17042879578607098,-0.38377935386206286,-0.10667527903799594,2.889607662036955,3.55,2.22,-140.0,HIGHDIVERSITY_MAYBRIDGE
Druglike_1023,Druglike,O=C(O)CNC1=CN=C(Cl)C(CNC2=CN=C(Cl)C=C2)=C1,3/000000250,C13H12N4O2Cl2,326.0,1.32,4.01,-9.101,-1.1214360297125348,0.9077604166272013,-0.10683780654266672,2.4813463583721944,4.81,3.58,0.0,DRUGLIKE_CONCAT
HighDiv_471,HighDiv,O=C1NCCN1C1=CC(CCCCSCF)=CC(O)=C1,28/000000407,C14H19N2O2SF,298.0,2.46,4.5,-7.795,0.3172316168654573,-0.5326759115188094,-0.10772214732667607,2.881834823731518,1.93,19.0,-140.0,HIGHDIVERSITY_CONCAT
HighDiv_1814,HighDiv,O=C(C1=C(O)C=C(I)C(O)=C1)N1C=C([N+](=O)[O-])C=N1,12/000000041,C10H6N3O5I,375.0,2.55,4.16,-8.7,-0.681027566474373,0.46548249351345544,-0.10777253648045879,3.0022344638865084,3.74,3.85,0.0,HIGHDIVERSITY_LANAPDB
HighDiv_1357,HighDiv,O=C(O)CC/C=C/NC1=C(O)C=C(Br)C(C2=NC=C(I)C=C2)=C1,28/000000005,C16H14N2O3BrI,489.0,4.04,4.36,-8.167,-0.09381628215682498,-0.12238317486466281,-0.1080997285107439,2.9846169364353727,4.29,19.2,-160.0,HIGHDIVERSITY_CRAFT
HighDiv_659,HighDiv,NC(N)NCC1=CC(C(=O)CCl)=CC(N=O)=C1Br,12/000000430,C10H10N4O2ClBr,333.0,1.29,4.35,-8.192,-0.12317684637270433,-0.09480973826156115,-0.10899329231713274,3.3666865798380687,4.55,5.09,0.0,HIGHDIVERSITY_CONCAT
HighDiv_819,HighDiv,O=NC1=CC(C(=O)CCl)=CC(CCNCCCO)=C1Br,12/000000408,C13H16N2O3ClBr,363.0,1.76,4.23,-8.511,-0.47550361696323057,0.25702731279400987,-0.10923815208461035,3.010654536650179,4.28,3.58,0.0,HIGHDIVERSITY_CONCAT
Druglike_552,Druglike,C#CCCCCC1=CC(O)=CC(C2=NNN=C2)=C1,28/000000147,C14H15N3O,241.0,3.81,4.24,-8.483,-0.4461430527473538,0.22614506379853788,-0.10999899447440795,2.8240260768794876,3.66,19.0,-120.0,DRUGLIKE_CONCAT
Druglike_253,Druglike,C=C(C1=NNC=C1Cl)C1=C(CC(=O)O)C(O)=NO1,3/000000169,C10H8N3O4Cl,269.0,1.62,4.49,-7.817,0.28787105264958057,-0.50841128730808,-0.11027011732924974,3.750568958174018,1.35,24.3,-60.0,DRUGLIKE_CONCAT
HighDiv_412,HighDiv,C=CCC1=C(Br)C(ON)=CC(C(=O)O)=C1,12/000000566,C10H10NO3Br,272.0,1.63,4.55,-7.657,0.46403443794484367,-0.6848812815679283,-0.1104234218115423,2.8655611957269933,5.07,2.48,0.0,HIGHDIVERSITY_CONCAT
Druglike_790,Druglike,O=C(O)CCCC1=CC=C(C(=O)C2=CC=C(/C=C/CCl)N2)O1,23/000000265,C16H16NO4Cl,321.0,2.13,4.12,-8.801,-0.7984698233378826,0.5768791773899855,-0.11079532297394856,3.0065206276582215,2.6,6.45,-60.0,DRUGLIKE_CONCAT
Druglike_795,Druglike,OC1=CC2=C(C=C1C#CCCC[C@H](Cl)NCF)NCO2,21/000000261,C14H17N2O2FCl,299.0,2.86,4.12,-8.799,-0.7984698233378826,0.5746733024617366,-0.111898260438073,4.6237273683350875,2.34,20.0,-190.0,DRUGLIKE_CONCAT
Druglike_470,Druglike,O=C(O)/C=C\CCC1=CC(O)=CC(C2=NNN=C2)=C1,28/000000214,C13H13N3O3,259.0,2.81,4.29,-8.346,-0.2993402316679674,0.0750426312135425,-0.11214880022721246,2.805643815319389,2.57,20.0,-120.0,DRUGLIKE_CONCAT
HighDiv_869,HighDiv,C=CC1=CN=C(C[C@H](N)CCC2=C(C)C=CC=C2O)C(I)=C1,4/000000235,C18H21N2OI,408.0,3.8,4.2,-8.583,-0.5635853096108634,0.3364388102109425,-0.11357324969996044,3.401374473503342,7.93,5.08,-170.0,HIGHDIVERSITY_CONCAT
HighDiv_1902,HighDiv,CCCC1=CC([S@+]([O-])C2=CC(O)=C(I)C=C2O)=CC=C1,12/000000158,C15H15O3SI,402.0,3.28,4.03,-9.031,-1.0627149012807786,0.8305547941385175,-0.11608005357113055,3.329263341835272,2.97,15.1,-29.0,HIGHDIVERSITY_LANAPDB
Druglike_573,Druglike,CCCC(=O)/C=C/C(=O)C1=NN=C(C2=NOCN2)N1,23/000000559,C11H13N5O3,263.0,1.84,4.23,-8.498,-0.47550361696323057,0.2426891257603973,-0.11640724560141663,4.03732586660144,2.75,3.58,-120.0,DRUGLIKE_CONCAT
HighDiv_1388,HighDiv,O=C(NC1=NCCO1)C1=CC(S)=C(O)C(O)=C1,3/000000149,C10H10N2O4S,254.0,1.03,4.31,-8.284,-0.24061910323621394,0.006660508437852052,-0.11697929739918095,3.227677711136791,0.18,2.22,-60.0,HIGHDIVERSITY_CRAFT
Druglike_902,Druglike,NC(=O)C1=NC=C(C(=O)C#CC2=CN=C(CC(F)F)N2)O1,30/000000020,C12H8N4O3F2,294.0,-0.23,4.06,-8.948,-0.9746332086331483,0.7390109846162212,-0.11781111200846356,3.783393753058163,1.14,5.09,-150.0,DRUGLIKE_CONCAT
Druglike_1179,Druglike,CC(=O)C[C@@H](/C=C/C1=CC=C(I)C=C1N)CO,13/000000021,C13H16NO2I,345.0,1.9,4.45,-7.908,0.17042879578607098,-0.40804397807279125,-0.11880759114336013,3.507297746405401,4.34,2.22,-170.0,DRUGLIKE_CRAFT
Druglike_335,Druglike,NCC#CC(=O)C1=CCC(CF)=C(C(=O)O)O1,23/000000294,C11H10NO4F,239.0,0.17,4.41,-8.014,0.052986538922561374,-0.291132606875643,-0.11907303397654082,4.053038488195071,4.36,3.85,0.0,DRUGLIKE_CONCAT
HighDiv_735,HighDiv,C/C=C/C/C=C/CCC1=C(CO)N=C(C(=O)O)O1,3/000000311,C13H17NO4,251.0,0.89,4.28,-8.36,-0.3287007958838442,0.09048375571127848,-0.11910852008628287,3.424711425991914,3.81,3.85,-80.0,HIGHDIVERSITY_CONCAT
Druglike_1610,Druglike,C#CCC1=CC(C(=O)OC2CNC2)=CC(C(=O)O)=C1,13/000000005,C14H13NO4,259.0,1.33,4.13,-8.759,-0.7691092591220059,0.5305558038967756,-0.11927672761261515,2.7034998310984815,3.1,3.58,-150.0,DRUGLIKE_LANAPDB
HighDiv_2037,HighDiv,OCC1=NC(C2=C(F)C(Cl)=CC=C2CO)=CO1,9/000000041,C11H9NO3FCl,257.0,1.29,4.55,-7.64,0.46403443794484367,-0.7036312184580374,-0.11979839025659689,2.9144040613822924,2.3,2.35,-140.0,HIGHDIVERSITY_MAYBRIDGE
Druglike_1943,Druglike,NCCC1=NN=C(C2=CC(=O)C=C(C(=O)O)N2)O1,15/000000077,C10H11N4O4,251.0,0.23,4.16,-8.678,-0.681027566474373,0.441217869302728,-0.11990484858582251,3.526912656761146,3.77,24.0,-120.0,DRUGLIKE_MAYBRIDGE
Druglike_1004,Druglike,O=C(CCC1=C(Cl)C2=C(C=C1)CNNC2)C1=NON=C1CF,15/000000040,C14H14N4O2FCl,324.0,3.39,4.02,-9.05,-1.092075465496658,0.8515106059568746,-0.12028242976989173,3.555382697846097,4.12,3.84,-80.0,DRUGLIKE_CONCAT
Druglike_619,Druglike,C=CCN1C=CC([C@H](C(=O)O)C2=NC(O)=NC(CC(C)=O)=C2)=N1,29/000000019,C15H16N4O4,316.0,0.12,4.2,-8.57,-0.5635853096108634,0.32210062317733,-0.12074234321676669,3.856130755981104,5.85,4.94,-190.0,DRUGLIKE_CONCAT
Druglike_1815,Druglike,CCCC1=CC(C(=O)N[C@H](Br)CC(=O)O)=CC=C1,27/000000008,C13H16NO3Br,314.0,2.59,4.39,-8.064,-0.0057345895091947315,-0.23598573366943973,-0.12086016158931723,2.709196047931682,6.39,3.58,-170.0,DRUGLIKE_MAYBRIDGE
Druglike_546,Druglike,O=C(O)CC(=O)NCC[C@H](I)C#CC1=CC2=C(C=C1O)OCN2,21/000000263,C15H15N2O5I,430.0,1.69,4.24,-8.461,-0.4461430527473538,0.20188043958780852,-0.12213130657977263,4.001918084277808,1.77,23.5,-190.0,DRUGLIKE_CONCAT
Druglike_1961,Druglike,O=C(C1=NNC(O)=C1)C1=CNC(=O)C2=C1C=CN2,10/000000003,C11H8N4O3,244.0,0.53,4.14,-8.727,-0.7397486949061292,0.49526180504480594,-0.12224344493066161,3.233527643186484,3.42,24.2,-40.0,DRUGLIKE_MAYBRIDGE
Druglike_881,Druglike,C=C(CC1=CC(O)=CC(C2=NNN=C2)=C1)C1=CCNCN1,28/000000471,C15H17N5O,283.0,2.87,4.07,-8.912,-0.945272644417269,0.6993052359077557,-0.12298370425475663,3.6656501778092183,3.77,22.0,-120.0,DRUGLIKE_CONCAT
Druglike_847,Druglike,C=CC1=CC([C@H](C(=O)O)C2=NC(O)=NC(CC(C)=O)=C2)=NN1,29/000000022,C14H14N4O4,302.0,0.23,4.09,-8.858,-0.8865515159855155,0.6397466128450567,-0.12340245157022939,4.152055658875346,2.69,4.94,-190.0,DRUGLIKE_CONCAT
HighDiv_2056,HighDiv,C=CC(=O)O[C@@H](C(=O)O)C1=CC=C(I)C(O)=C1,22/000000021,C11H9O5I,348.0,2.15,4.5,-7.766,0.3172316168654573,-0.5646610979784068,-0.12371474055647474,3.177455806606069,1.46,3.58,-150.0,HIGHDIVERSITY_MAYBRIDGE
HighDiv_1803,HighDiv,NC/C=C1\CC2=CC=C(/C=C/[C@H](Cl)[SH](=O)=O)C=C2N1,12/000000001,C13H15N2O2SCl,298.0,1.32,4.18,-8.617,-0.6223064380426195,0.37393868399116104,-0.12418387702572925,4.5108016515991745,5.48,19.0,-190.0,HIGHDIVERSITY_LANAPDB
HighDiv_1054,HighDiv,C=C(CCCCF)C1=NOC(C2=CC(O)=C(F)C=C2O)=N1,6/000000062,C14H14N2O3F2,296.0,3.35,4.08,-8.881,-0.9159120802013923,0.6651141745199096,-0.12539895284074132,3.1862592702995434,1.58,23.6,-180.0,HIGHDIVERSITY_CONCAT
HighDiv_1491,HighDiv,CC/C=C/CNC(=O)C#CC1=C(O)C(O)=CN=C1,1/000000369,C13H14N2O3,246.0,1.2,4.1,-8.826,-0.8571909517696387,0.6044526139930871,-0.12636916888827576,3.4289151182996065,5.03,17.6,-20.0,HIGHDIVERSITY_CRAFT
HighDiv_1840,HighDiv,C/C=C\C1=CC=CC2=CC(C(=O)NN)=CC=C12,19/000000005,C14H14N2O,226.0,2.52,4.12,-8.772,-0.7984698233378826,0.5448939909303882,-0.12678791620374724,2.1432810049174797,4.16,12.8,-100.0,HIGHDIVERSITY_LANAPDB
Druglike_498,Druglike,NCC1=NC=C(COC(=O)[C@@H](F)/C=C\CC2=CC(Br)=CN=C2)N1,13/000000008,C15H16N4O2FBr,383.0,0.92,4.27,-8.372,-0.35806136009972356,0.10371900528076759,-0.12717117740947798,3.8337005953724823,1.68,4.94,-190.0,DRUGLIKE_CONCAT
HighDiv_1286,HighDiv,O=C(C[C@H](CCl)[N+](=O)[O-])C1=C(S)C(Br)=CC(O)=C1,3/000000043,C10H9NO4SClBr,354.0,3.3,4.56,-7.599,0.49339500216072046,-0.748851654487123,-0.12772832616320126,3.972951884799981,2.19,5.09,-170.0,HIGHDIVERSITY_CRAFT
HighDiv_518,HighDiv,CN[C@@H](F)C(=O)C1=CC(O)=C(Br)C(N=O)=C1,12/000000904,C9H8N2O3FBr,291.0,1.45,4.46,-7.864,0.19978936000194772,-0.45657322649425,-0.1283919332461511,3.983630667146812,3.64,2.35,-190.0,HIGHDIVERSITY_CONCAT
HighDiv_1726,HighDiv,CCN(C)CC1=CNC=C1C(=O)C1=NN(C(=O)O)C=C1Br,3/000000024,C13H15N4O3Br,355.0,0.69,4.39,-8.05,-0.0057345895091947315,-0.2514268581671757,-0.12858072383818522,4.713308634671367,8.44,5.09,-80.0,HIGHDIVERSITY_LANAPDB
HighDiv_1751,HighDiv,NC(=O)NC1=CC=C(CCCCC[N+](=O)[O-])C=C1Cl,11/000000064,C12H15N3O3Cl,284.0,2.12,4.32,-8.236,-0.2112585390203346,-0.04628048984010241,-0.1287695144302185,2.3138797127552877,5.81,2.22,0.0,HIGHDIVERSITY_LANAPDB
HighDiv_1760,HighDiv,CCSCC1=C(Cl)C(O)=CC(N2CCNC2=O)=C1,16/000000039,C12H15N2O2SCl,286.0,2.16,4.3,-8.289,-0.2699796674520907,0.012175195758471207,-0.12890223584680974,2.877281579838069,3.76,16.8,-140.0,HIGHDIVERSITY_LANAPDB
HighDiv_606,HighDiv,NC(N)NC1=C(Br)C(N=O)=CC(C(=O)CCl)=C1,12/000000935,C9H9N4O2ClBr,320.0,1.14,4.39,-8.049,-0.0057345895091947315,-0.2525297956313011,-0.12913219257024794,3.43551273568671,3.83,18.9,0.0,HIGHDIVERSITY_CONCAT
Druglike_959,Druglike,C=C[C@@H](CBr)C1=NC(CCC2=CCC(CN)=CO2)=CC=C1O,12/000000012,C17H21N2O2Br,365.0,1.94,4.04,-8.98,-1.0333543370649019,0.7743049834681908,-0.12952467679835555,4.4642428052773315,7.61,19.1,-150.0,DRUGLIKE_CONCAT
Druglike_1293,Druglike,CCC1=CC=C(C/C=C(/CF)C2=CC[C@@H](CO)O2)C(O)=C1,4/000000077,C17H21O3F,292.0,2.77,4.1,-8.819,-0.8571909517696387,0.5967320517442192,-0.13022945001270975,3.8002974084310592,8.85,4.94,-170.0,DRUGLIKE_CRAFT
Druglike_419,Druglike,N[C@H](C/C=C/C1=CC(O)=CC=C1I)C1=NON=C1,28/000000287,C12H13N3O2I,358.0,3.38,4.34,-8.18,-0.15253741058858108,-0.10804498783105027,-0.1302911992098157,4.471282297816251,6.35,3.58,-150.0,DRUGLIKE_CONCAT
HighDiv_489,HighDiv,CCCCC1=C(Br)C(ON)=CC(C(=O)O)=C1,12/000001137,C11H14NO3Br,288.0,2.16,4.48,-7.806,0.25851048843370383,-0.5205435994134447,-0.13101655548987046,2.534713412736526,6.58,2.48,-20.0,HIGHDIVERSITY_CONCAT
HighDiv_2067,HighDiv,CSCCCC1=NC(C2=C(ON)C(F)=CC=C2)=CN1,27/000000016,C13H16N3OSF,281.0,2.38,4.48,-7.806,0.25851048843370383,-0.5205435994134447,-0.13101655548987046,3.217838687114261,-0.41,2.22,-200.0,HIGHDIVERSITY_MAYBRIDGE
HighDiv_1482,HighDiv,O=C(O)C1=CC(C2=CN=CC(O)=C2)=C(F)C=C1Br,1/000000005,C12H7NO3FBr,312.0,2.88,4.12,-8.764,-0.7984698233378826,0.5360704912173947,-0.13119966606024397,2.365244311392228,3.83,15.4,-160.0,HIGHDIVERSITY_CRAFT
Druglike_336,Druglike,OC1=CC(/C=C/CF)=CC(C2=NNN=C2)=C1,28/000000465,C11H10N3OF,219.0,3.54,4.41,-7.992,0.052986538922561374,-0.3153972310863714,-0.131205346081905,3.1328886091275967,1.16,18.1,-120.0,DRUGLIKE_CONCAT
HighDiv_1027,HighDiv,C/C=C/CCC1=C2NNC(=O)C2=CC(N=O)=C1,3/000000144,C12H13N3O2,231.0,2.03,4.1,-8.816,-0.8571909517696387,0.5934232393518468,-0.13188385620889592,3.5249425433790176,2.23,3.58,-60.0,HIGHDIVERSITY_CONCAT
HighDiv_1838,HighDiv,NCCC1=CC=C([C@H](O)C2=CC=CC=C2Cl)C=C1,19/000000002,C15H16NOCl,261.0,2.69,4.12,-8.762,-0.7984698233378826,0.5338646162891478,-0.1323026035243674,2.277299492386387,6.56,11.3,-150.0,HIGHDIVERSITY_LANAPDB
Druglike_294,Druglike,CC#CC[C@H](N)C1=NC(O)=NC=C1C(=O)O,29/000000070,C10H11N3O3,221.0,-0.21,4.46,-7.856,0.19978936000194772,-0.4653967262072424,-0.13280368310264734,3.929127038217601,5.94,16.0,-170.0,DRUGLIKE_CONCAT
Druglike_489,Druglike,NC1=C(/C=C/CNCCO)C=C(C2=CC=CN2)C=C1,27/000000053,C15H19N3O,257.0,1.36,4.28,-8.335,-0.3287007958838442,0.06291031910817879,-0.1328952383878327,2.8302783141538885,5.12,3.58,-120.0,DRUGLIKE_CONCAT
Druglike_584,Druglike,C=C[C@@H](CCCCl)C1=CC=C(C(=O)C2=NC(=O)ON2)N1,23/000000447,C13H14N3O3Cl,295.0,1.76,4.22,-8.494,-0.5048641811791099,0.2382773759039016,-0.13329340263760414,4.1560823278492585,6.15,3.58,-150.0,DRUGLIKE_CONCAT
HighDiv_634,HighDiv,C=C/C=C\C(=O)C1=CC(N=O)=C(Br)C(NC(N)N)=C1,12/000000741,C12H11N4O2Br,323.0,1.47,4.37,-8.089,-0.06445571794094823,-0.20841229706633807,-0.13643400750364315,3.5889014322123005,4.95,21.0,0.0,HIGHDIVERSITY_CONCAT
Druglike_1538,Druglike,O=C(O)C[C@@H](C#CC1=CC=CC2=C1NC=N2)C(=O)O,12/000000040,C13H10N2O4,258.0,0.74,4.24,-8.435,-0.4461430527473538,0.17320406552058343,-0.13646949361338517,3.4685311145890143,4.74,20.1,-190.0,DRUGLIKE_LANAPDB
HighDiv_1036,HighDiv,CC(=O)CC(=O)C1=CC(CCCNCCN)=C(Br)C(N=O)=C1,12/000000895,C15H20N3O3Br,370.0,0.92,4.1,-8.807,-0.8571909517696387,0.58349680217473,-0.13684707479745434,3.0032725879559887,5.92,5.39,-80.0,HIGHDIVERSITY_CONCAT
HighDiv_859,HighDiv,O=NC1=CC(C(=O)[C@H](O)CCP(=O)(O)O)=CC(O)=C1Br,12/000000924,C10H11NO7PBr,368.0,-0.31,4.21,-8.514,-0.5342247453949867,0.26033612518638216,-0.13694431010430225,3.885266203588904,3.78,3.7,-190.0,HIGHDIVERSITY_CONCAT
Druglike_827,Druglike,CN(CCF)C(=O)C/C=C\CC1=CC(CO)=C2OCNC2=C1,21/000000116,C16H21N2O3F,308.0,1.43,4.1,-8.806,-0.8571909517696387,0.5823938647106046,-0.13739854352951703,3.5614320420502805,5.63,19.9,-60.0,DRUGLIKE_CONCAT
HighDiv_964,HighDiv,COC1=CC=C(C2=C(CF)C(O)=CC=C2O)C=C1Br,4/000000305,C14H12O3FBr,327.0,4.19,4.14,-8.699,-0.7397486949061292,0.464379556049332,-0.13768456942839857,2.372571428731618,6.72,14.4,-180.0,HIGHDIVERSITY_CONCAT
Druglike_694,Druglike,CCN(CCl)CCCC#CC1=C(O)C=C2OCNC2=C1,21/000000267,C15H20N2O2Cl,295.0,2.86,4.16,-8.642,-0.681027566474373,0.4015121205942607,-0.13975772294005614,4.721053684124561,2.46,17.9,-60.0,DRUGLIKE_CONCAT
Druglike_1235,Druglike,CN(C)C/C=C/C1=NC(CO)=C(C2=NNC(=O)C=C2)O1,15/000000080,C13H16N4O3,276.0,-0.12,4.24,-8.428,-0.4461430527473538,0.16548350327171543,-0.14032977473781916,3.2956655206661623,4.57,24.6,-200.0,DRUGLIKE_CRAFT
Druglike_1826,Druglike,N[C@@](CO)(CC#CCC1=CNC(C(=O)O)=C1)C1=NN=CN1,5/000000077,C13H15N5O3,289.0,-0.05,4.37,-8.081,-0.06445571794094823,-0.21723579677933147,-0.14084575736013985,4.318044996436273,4.5,7.03,-150.0,DRUGLIKE_MAYBRIDGE
Druglike_400,Druglike,O=C(CO)C1=NC(CNC2CCCCC2)=CN=C1Cl,19/000000002,C13H18N3O2Cl,283.0,0.34,4.36,-8.107,-0.09381628215682498,-0.18855942271210638,-0.1411878524344657,2.6731027896783637,4.03,3.58,-150.0,DRUGLIKE_CONCAT
HighDiv_439,HighDiv,CCCC1=C(Br)C(ON)=CC(C(=O)O)=C1,12/000001147,C10H12NO3Br,274.0,1.81,4.53,-7.654,0.4053133095130902,-0.6881900939603005,-0.14143839222360516,2.5929996572654552,4.1,2.48,-20.0,HIGHDIVERSITY_CONCAT
HighDiv_557,HighDiv,C=C(N)C(=O)C1=CC(Cl)=C(Br)C(O)=C1,12/000000571,C9H7NO2ClBr,276.0,2.67,4.42,-7.946,0.08234710313843813,-0.366132354436078,-0.14189262564881994,3.063503662615215,4.14,2.48,0.0,HIGHDIVERSITY_CONCAT
HighDiv_517,HighDiv,O=C1NCCN1C1=CC(CSCCS(=O)(=O)CCCO)=CC(O)=C1,28/000000445,C15H22N2O5S2,374.0,0.51,4.46,-7.838,0.19978936000194772,-0.4852496005614751,-0.14273012027976367,2.896634411337894,5.33,23.6,-120.0,HIGHDIVERSITY_CONCAT
HighDiv_633,HighDiv,O=NC(=O)C1=CC(O)=C(Br)C(C[C@@H](O)CF)=C1,12/000000275,C10H9NO4FBr,306.0,1.99,4.37,-8.073,-0.06445571794094823,-0.2260592964923229,-0.14525750721663555,3.6764865758368384,3.5,3.85,-150.0,HIGHDIVERSITY_CONCAT
HighDiv_356,HighDiv,O=C1NCCN1C1=CC(CCS)=C(CCl)C(O)=C1,28/000000326,C12H15N2O2SCl,286.0,1.63,4.61,-7.434,0.6401978232401094,-0.9308363360675913,-0.14531925641374094,3.114970195222684,5.32,16.8,-120.0,HIGHDIVERSITY_CONCAT
HighDiv_373,HighDiv,O=NC1=C(Br)C=C(N=O)C(C(=O)CNO)=C1,12/000000393,C8H6N3O4Br,288.0,0.97,4.59,-7.487,0.5814766948083533,-0.8723806504690167,-0.1454519778303317,3.777502321502179,5.03,2.48,0.0,HIGHDIVERSITY_CONCAT
Druglike_446,Druglike,O=C(O)CNCCCC1=CC(O)=CC(C2=NNN=C2)=C1,28/000000444,C13H16N4O3,276.0,2.02,4.31,-8.232,-0.24061910323621394,-0.05069223969660008,-0.145655671466407,2.640634823731519,3.17,20.4,-120.0,DRUGLIKE_CONCAT
HighDiv_224,HighDiv,CO[C@@H](CS)C(=O)C1=CC(S)=C(Br)C(N=O)=C1,12/000000374,C10H10NO3S2Br,336.0,2.84,4.76,-7.034,1.0806062864782684,-1.3720113217172119,-0.14570251761947173,4.1332958066060685,4.16,2.35,-190.0,HIGHDIVERSITY_CONCAT
HighDiv_1279,HighDiv,O=C(O)C1=C(O)C=C(C2=NN=C(S)O2)C=C1Br,3/000000047,C9H5N2O4SBr,317.0,3.29,4.58,-7.513,0.5521161305924766,-0.8437042764017916,-0.1457940729046575,2.946261230669988,2.59,20.6,-160.0,HIGHDIVERSITY_CRAFT
HighDiv_1773,HighDiv,NC(=O)NC1=CC=C(CC[C@@H]2CC(=O)O2)C=C1Cl,11/000000059,C12H12N2O3Cl,267.0,1.12,4.26,-8.362,-0.3874219243156003,0.09268963063952732,-0.1473661468380365,2.696217398010175,5.31,2.22,-150.0,HIGHDIVERSITY_LANAPDB
Druglike_1173,Druglike,O=C1C=CC(C2=C(CO)N=C(COCCCBr)O2)=NN1,15/000000262,C12H14N3O4Br,344.0,0.7,4.48,-7.775,0.25851048843370383,-0.55473466080129,-0.14811208618379307,3.157791099035162,5.8,24.5,-120.0,DRUGLIKE_CRAFT
HighDiv_560,HighDiv,OCC1=NC=C(NC2=CC(F)=CC(S)=C2Br)C=C1,16/000000015,C12H10N2OSFBr,329.0,2.6,4.42,-7.934,0.08234710313843813,-0.37936760400556613,-0.148510250433564,2.8219800413765306,8.18,15.9,0.0,HIGHDIVERSITY_CONCAT
HighDiv_262,HighDiv,O=C(O)CC1=NNC(C2=NC(CCCl)=C(CO)C=C2I)=N1,4/000000293,C12H12N4O3ClI,422.0,1.64,4.71,-7.162,0.9338034653988821,-1.2308353263093332,-0.14851593045522554,3.460219747753124,7.02,22.1,-120.0,HIGHDIVERSITY_CONCAT
Druglike_455,Druglike,O=C(CO)OCCCCC1=CC(O)=CC(C2=NNN=C2)=C1,28/000000418,C14H17N3O4,291.0,2.38,4.29,-8.279,-0.2993402316679674,0.0011458211172309387,-0.14909720527536824,2.6967297742783245,1.53,20.8,-120.0,DRUGLIKE_CONCAT
Druglike_986,Druglike,COC(=O)C1=CON=C1CCC1=C(Cl)C2=C(C=C1)CNNC2,15/000000021,C15H16N3O3Cl,321.0,3.02,4.02,-8.995,-1.092075465496658,0.7908490454300502,-0.1506132100333039,3.3704750055384043,6.32,3.84,-100.0,DRUGLIKE_CONCAT
Druglike_1333,Druglike,NC(=O)C1=CCC=C(CCCOC2=CC(Cl)=CC(Cl)=C2)N1,10/000000006,C15H16N2O2Cl2,326.0,3.59,4.05,-8.915,-1.0039937728490251,0.7026140483001261,-0.15068986227444953,3.017802681709876,2.29,2.35,-82.0,DRUGLIKE_CRAFT
Druglike_897,Druglike,N[C@@H](Cl)CCCC#CC1=CC2=C(C=C1O)OCN2,21/000000130,C13H16N2O2Cl,267.0,2.2,4.06,-8.888,-0.9746332086331483,0.6728347367687776,-0.15089923593218535,4.341038858902223,2.05,16.7,-190.0,DRUGLIKE_CONCAT
HighDiv_574,HighDiv,C[C@@H](O)CCNCC1=CC(C(=O)O)=CC(ON)=C1Br,12/000001216,C12H17N2O4Br,333.0,0.59,4.41,-7.955,0.052986538922561374,-0.35620591725896117,-0.1516096891681999,3.1837040506429712,5.14,3.87,-170.0,HIGHDIVERSITY_CONCAT
Druglike_642,Druglike,CCCOC(=O)CCC1=C(C2=CN=C(C(=O)CO)O2)C(O)=NO1,20/000000007,C14H16N2O7,324.0,-0.11,4.19,-8.539,-0.5929458738267401,0.2879095617894838,-0.15251815601862817,3.211178955666142,3.15,5.09,-160.0,DRUGLIKE_CONCAT
Druglike_1944,Druglike,O=C(C#CC1=C(CCF)C(O)=CC=C1)O[C@H]1CN=C(CO)C1,1/000000155,C16H16NO4F,305.0,1.7,4.16,-8.618,-0.681027566474373,0.37504162145528447,-0.15299297250954427,4.117758438031673,8.52,3.87,-150.0,DRUGLIKE_MAYBRIDGE
Druglike_1255,Druglike,O=C1NN=C(/C=C2\C=CC3=CC(CO)=CC=C23)[C@@H]1Br,17/000000030,C14H11N2O2Br,319.0,1.81,4.19,-8.537,-0.5929458738267401,0.2857036868612369,-0.1536210934827516,3.877046886238748,8.29,19.5,-190.0,DRUGLIKE_CRAFT
Druglike_2020,Druglike,CCCCC1=CNC(=O)C2=C1C=C(C(=O)CN1C=CCC1)N2,14/000000002,C17H21N3O2,299.0,1.76,4.06,-8.882,-0.9746332086331483,0.666217111984033,-0.15420804832455764,3.180551928615328,0.9,23.6,-100.0,DRUGLIKE_MAYBRIDGE
Druglike_1045,Druglike,CCC/C=C/[C@@H](F)CC1=CC=C(C(=O)C2=NC(=O)ON2)N1,23/000000146,C14H16N3O3F,293.0,1.72,4.0,-9.041,-1.1507965939284115,0.8415841687797578,-0.15460621257432683,4.126080980790902,5.66,3.58,-170.0,DRUGLIKE_CONCAT
HighDiv_1731,HighDiv,C=CCC(=O)C1=CNC=C1C(=O)C1=NC=C([N+](=O)[O-])N1,3/000000020,C12H10N4O4,274.0,0.5,4.37,-8.055,-0.06445571794094823,-0.24591217084655656,-0.15518394439375238,3.6398111800068222,7.32,3.58,0.0,HIGHDIVERSITY_LANAPDB
Druglike_1560,Druglike,CCCC1=NON=C1/C=C(/CO)C1=NC=C2C=NNC2=C1,16/000000019,C14H15N5O2,285.0,2.06,4.2,-8.506,-0.5635853096108634,0.2515126254733907,-0.15603634206873634,3.5950711109744145,3.98,23.0,-80.0,DRUGLIKE_LANAPDB
Druglike_664,Druglike,O=C(OC1=CC=CC=C1O)C1=CC=C(Cl)C(O)=C1,28/000000479,C13H9O4Cl,264.0,3.33,4.17,-8.585,-0.6516670022584963,0.3386446851391914,-0.15651115855965245,1.8912554259919148,1.95,2.22,-60.0,DRUGLIKE_CONCAT
HighDiv_1369,HighDiv,C#CC1=C(C#CC(=O)NCCS)C(O)=C(O)C=N1,1/000000411,C12H10N2O3S,262.0,1.28,4.34,-8.132,-0.15253741058858108,-0.16098598610900472,-0.1567616983487929,3.808081360057848,6.28,21.3,0.0,HIGHDIVERSITY_CRAFT
HighDiv_1411,HighDiv,C#C[C@H](CS)NC(=O)C#CC1=CN=CC(O)=C1O,1/000000108,C12H10N2O3S,262.0,1.07,4.24,-8.398,-0.4461430527473538,0.13239537934799267,-0.15687383669968055,4.3088195958123725,5.09,21.3,-150.0,HIGHDIVERSITY_CRAFT
Druglike_1689,Druglike,N[C@@H](/C=C/C1=CC=C(O)C(Cl)=C1)C1=CC(CBr)=CC1,5/000000013,C15H15NOClBr,340.0,2.88,4.03,-8.956,-1.0627149012807786,0.7478344843292125,-0.15744020847578305,3.8904521595817574,1.9,2.35,-150.0,DRUGLIKE_LANAPDB
Druglike_460,Druglike,O=C(/C=C/C(=O)C1=NN=C(C2=NNN=N2)N1)CCF,23/000000566,C9H8N7O2F,265.0,1.65,4.29,-8.262,-0.2993402316679674,-0.01760411577287732,-0.15847217372042238,3.716448943524518,2.77,3.58,-80.0,DRUGLIKE_CONCAT
HighDiv_1374,HighDiv,NCCC(=O)OC(=O)C1=CC(C2=NN=CN2)=C(O)C(O)=C1,3/000000090,C12H12N4O5,292.0,1.05,4.33,-8.154,-0.18189797480445782,-0.13672136189827536,-0.1593096683513666,3.256051047487873,1.72,21.4,-180.0,HIGHDIVERSITY_CRAFT
HighDiv_642,HighDiv,C=C(/C=C(\CN)C(=O)C1=CC(N=O)=C(Br)C=C1O)C(=O)O,12/000000468,C13H11N2O5Br,355.0,0.93,4.36,-8.074,-0.09381628215682498,-0.22495635902819947,-0.15938632059251223,3.706765578474127,4.69,3.7,-90.0,HIGHDIVERSITY_CONCAT
Druglike_258,Druglike,C=C[C@H](N)COC(=O)C1=C(C(=O)O)C=C(N)C=C1,16/000000012,C12H15N2O4,251.0,0.7,4.49,-7.727,0.28787105264958057,-0.6076756590792444,-0.1599023032148319,3.458721381526658,2.86,2.22,-150.0,DRUGLIKE_CONCAT
Druglike_99,Druglike,C=C[C@@H](N)CC(=O)C1=C(CC(=O)O)C(O)=NO1,3/000000074,C10H12N2O5,240.0,-0.37,4.77,-6.981,1.1099668506941451,-1.4304670073157864,-0.1602500783108206,3.927781960452223,1.89,2.35,-170.0,DRUGLIKE_CONCAT
Druglike_1197,Druglike,COCC1=C([C@H](C(=O)O)C2=NN=C(/C=C/CCCN)O2)OCC1=O,1/000000031,C15H19N3O6,337.0,-0.21,4.4,-7.965,0.023625974706684625,-0.3451765426177209,-0.16077528395551813,4.115709927722236,8.33,5.09,-170.0,DRUGLIKE_CRAFT
Druglike_395,Druglike,CCCOC(=O)/C=C/CC1=NC(O)=NC=C1C(=O)O,29/000000142,C12H14N2O5,266.0,0.89,4.36,-8.07,-0.09381628215682498,-0.22936810888469517,-0.16159219552076007,3.0067465766606123,5.94,3.85,-20.0,DRUGLIKE_CONCAT
Druglike_340,Druglike,O=C(CBr)C1=C[C@@H](CO)NC(/C=C/CNCC2=NNN=C2)=N1,18/000000045,C13H17N6O2Br,369.0,0.77,4.4,-7.963,0.023625974706684625,-0.34738241754596877,-0.16187822141964206,4.527920933600621,5.64,6.77,-150.0,DRUGLIKE_CONCAT
Druglike_570,Druglike,C=CC1=CC=C(OCCC[C@@H]2CNC(=O)N2)C=C1Br,22/000000069,C14H17N2O2Br,325.0,2.93,4.23,-8.414,-0.47550361696323057,0.1500423787739775,-0.16273061909462655,3.335316117007978,4.09,5.09,-150.0,DRUGLIKE_CONCAT
HighDiv_1785,HighDiv,O=C(O)C(=C\C1=CC=C(C(=O)O)C(F)=C1F)/C=C/[N+](=O)[O-],16/000000041,C12H7NO6F2,299.0,1.93,4.22,-8.44,-0.5048641811791099,0.1787187528412026,-0.16307271416895366,3.1872729910615396,5.37,2.22,-30.0,HIGHDIVERSITY_LANAPDB
HighDiv_1889,HighDiv,C=CNCC1=CC([S@+]([O-])C2=CC(O)=C(I)C=C2O)=CC=C1,12/000000304,C15H14NO3SI,415.0,2.69,4.04,-8.919,-1.0333543370649019,0.7070257981566238,-0.16316426945413903,3.7427586276910496,3.41,17.5,0.0,HIGHDIVERSITY_LANAPDB
Druglike_2053,Druglike,C=CC(=O)NC1=CC2=C(C(=O)NC2=O)C(O)=C1,6/000000017,C11H8N2O4,232.0,0.13,4.03,-8.944,-1.0627149012807786,0.7345992347597254,-0.1640578332605266,2.6396622340144695,2.8,2.22,-40.0,DRUGLIKE_MAYBRIDGE
Druglike_1986,Druglike,CCOC(=O)C#CC1=CC(C2=NOC(=O)N2)=CC(O)=C1,1/000000001,C13H10N2O5,274.0,2.55,4.1,-8.757,-0.8571909517696387,0.5283499289685267,-0.16442051140055597,3.3245322789079204,1.19,21.3,-160.0,DRUGLIKE_MAYBRIDGE
Druglike_1364,Druglike,O=C(O)CC1=CC(C2=NNC(=O)C(CBr)=C2)=C(CO)O1,15/000000085,C12H11N2O5Br,343.0,0.12,4.0,-9.023,-1.1507965939284115,0.8217312944255242,-0.16453264975144366,3.2219594317550735,1.33,24.7,-140.0,DRUGLIKE_CRAFT
HighDiv_2291,HighDiv,CCC[C@H](O)C#CC1=CNC(C(=O)N2C(=O)COC2=O)=C1,2/000000001,C14H14N2O5,290.0,0.76,4.06,-8.862,-0.9746332086331483,0.6441583627015525,-0.1652374229657979,3.87985464891121,5.98,3.58,-170.0,HIGHDIVERSITY_MAYBRIDGE
HighDiv_2165,HighDiv,CC[C@H](Cl)C1=NN=C(/C=C/C2=C(S)C(CN)=CN=C2I)N1,30/000000115,C13H15N5SClI,435.0,3.8,4.22,-8.436,-0.5048641811791099,0.17430700298470686,-0.16527858909720153,4.47417215554251,9.14,23.0,-170.0,HIGHDIVERSITY_MAYBRIDGE
Druglike_1487,Druglike,O=C1CC[C@@H](/C=C(/CC2=CC=C(O)C(Cl)=C2)C2=NN=CN2)O1,6/000000054,C15H14N3O3Cl,319.0,3.56,4.35,-8.089,-0.12317684637270433,-0.20841229706633807,-0.1657945717195212,3.8589934610731498,8.38,5.09,-150.0,DRUGLIKE_LANAPDB
HighDiv_2053,HighDiv,N[C@@H](NCC(=O)CCO)NC1=C(I)N=CC([N+](=O)[O-])=C1Cl,30/000000072,C10H12N5O4ClI,428.0,0.38,4.5,-7.688,0.3172316168654573,-0.650690220180083,-0.16672930165731287,4.058683779263616,8.15,22.9,-30.0,HIGHDIVERSITY_MAYBRIDGE
Druglike_522,Druglike,COC/C=C\CCCC1=CC(O)=CC(C2=NNN=C2)=C1,28/000000463,C15H19N3O2,273.0,3.59,4.25,-8.353,-0.41678248853147704,0.08276319346241048,-0.1670096475345333,2.8675863524206164,2.49,19.0,-140.0,DRUGLIKE_CONCAT
HighDiv_677,HighDiv,C=C(CN)C1=NOC(C2=CC(O)=C(F)C=C2O)=N1,6/000000060,C11H10N3O3F,251.0,1.07,4.34,-8.113,-0.15253741058858108,-0.18194179792736181,-0.16723960425797146,3.196508047655964,1.76,20.5,-160.0,HIGHDIVERSITY_CONCAT
Druglike_1542,Druglike,C=C(C)CC(=O)OCC1=CC(CC(=O)O)=CC(NC(N)=O)=C1,4/000000275,C15H18N2O5,306.0,0.04,4.23,-8.405,-0.47550361696323057,0.14011594159686067,-0.16769383768318497,2.5103478682688944,5.08,5.09,-80.0,DRUGLIKE_LANAPDB
HighDiv_1870,HighDiv,NNCC1=CC=C([C@H](O)C2=CC=CC=C2Cl)C=C1,19/000000003,C14H15N2OCl,262.0,2.31,4.07,-8.83,-0.945272644417269,0.6088643638495829,-0.16820414028384306,2.4694189493999605,7.15,12.1,-150.0,HIGHDIVERSITY_LANAPDB
Druglike_1898,Druglike,O=C1C=C(COCCF)NC(C2=CC(CO)=CC=C2)=C1,15/000000126,C15H16NO3F,277.0,1.92,4.24,-8.377,-0.4461430527473538,0.1092336926013887,-0.16845468007298253,2.717252637496701,4.48,5.09,-160.0,DRUGLIKE_MAYBRIDGE
Druglike_940,Druglike,C[C@@H](C#CCC1=NC=NC(CN)=C1)C1=CC=CC=C1O,22/000000048,C16H18N3O,268.0,1.07,4.04,-8.909,-1.0333543370649019,0.6959964235153835,-0.1686789567747592,4.004442348092174,2.0,15.4,-170.0,DRUGLIKE_CONCAT
HighDiv_276,HighDiv,O=C(CS)[C@H](CCO)CCC1=C(Cl)C(Cl)=CC=C1O,19/000000023,C13H16O3SCl2,322.0,2.74,4.7,-7.152,0.9044429011830054,-1.2418647009505734,-0.16871089988378402,3.4036244126339223,5.03,3.58,-150.0,HIGHDIVERSITY_CONCAT
Druglike_661,Druglike,C=C(CCCCC1=CC(O)=CC(C2=NNN=C2)=C1)CCNC,28/000000427,C17H24N4O,300.0,3.45,4.18,-8.534,-0.6223064380426195,0.28239487446886463,-0.16995578178687745,2.9309761044395035,1.46,20.4,-140.0,DRUGLIKE_CONCAT
Druglike_1927,Druglike,NCC1=CC(=O)C=C(C2=CC=C(O)C=C2)N1,15/000000118,C12H12N2O2,216.0,1.11,4.19,-8.507,-0.5929458738267401,0.25261556293751414,-0.170165155444613,2.4548561676560237,2.74,2.22,-160.0,DRUGLIKE_MAYBRIDGE
HighDiv_450,HighDiv,CCOC1=C(O)C=C(N2CCNC2=O)C=C1C#CCCCO,28/000000524,C16H20N2O4,304.0,1.15,4.52,-7.626,0.37595274529721084,-0.7190723429557735,-0.17155979882928132,2.9232315457723654,6.41,20.2,-140.0,HIGHDIVERSITY_CONCAT
HighDiv_2105,HighDiv,NC(=O)NC1=CC=C(O)C(C2=C(CF)SC(N)=N2)=C1Br,12/000000029,C11H10N4O2SFBr,361.0,0.76,4.36,-8.051,-0.09381628215682498,-0.25032392070305226,-0.17207010142993862,3.1642670774427204,2.84,3.58,-160.0,HIGHDIVERSITY_MAYBRIDGE
HighDiv_670,HighDiv,O=C(O)C1=COC=C1/C=C/C1=C(Br)C=C(S)C(S)=C1,29/000000004,C13H9O3S2Br,357.0,3.93,4.34,-8.103,-0.15253741058858108,-0.19297117256860208,-0.17275429157859157,3.559775274885464,6.47,2.22,0.0,HIGHDIVERSITY_CONCAT
Druglike_1571,Druglike,CCCNC1=CC(C(=O)C2=NNC(O)=C2)=NC(NCC(=O)O)=N1,21/000000009,C13H16N6O4,320.0,1.06,4.18,-8.528,-0.6223064380426195,0.2757772496841201,-0.17326459417924972,3.139756599896911,5.18,5.09,-80.0,DRUGLIKE_LANAPDB
HighDiv_523,HighDiv,NCC1=C(Br)C(N=O)=CC(C(=O)[C@H]2C=CNC=N2)=C1,12/000000639,C12H12N4O2Br,324.0,1.37,4.45,-7.809,0.17042879578607098,-0.5172347870210724,-0.17340299561750072,4.951028356969275,3.11,2.48,-190.0,HIGHDIVERSITY_CONCAT
HighDiv_938,HighDiv,O=NC1=CC(F)=C(O)C=C1C1=CC(=O)NC1,6/000000011,C10H7N2O3F,222.0,0.6,4.15,-8.607,-0.7103881306902498,0.3629093093499188,-0.1737394106701655,3.582598824998681,3.42,17.9,-120.0,HIGHDIVERSITY_CONCAT
HighDiv_499,HighDiv,C#CC1=CC(C(=O)O)=CC(ON)=C1Br,12/000001142,C9H6NO3Br,256.0,1.47,4.47,-7.755,0.22914992421782449,-0.5767934100837715,-0.1738217429329735,3.0494805856921374,4.59,14.7,0.0,HIGHDIVERSITY_CONCAT
HighDiv_2133,HighDiv,ON[C@H](/C=C/C1=CC(F)=CC(F)=C1O)C1=NN=CN1,1/000000070,C11H10N4O2F2,268.0,2.61,4.3,-8.206,-0.2699796674520907,-0.07936861376382517,-0.17467414060795794,4.127184815604979,2.65,2.22,-150.0,HIGHDIVERSITY_MAYBRIDGE
Druglike_513,Druglike,C=CCCC1=CC([C@@H](C(=O)O)C2=CC(=O)OC2)=NC(O)=N1,29/000000007,C14H14N2O5,290.0,0.06,4.26,-8.312,-0.3874219243156003,0.03754275743332402,-0.17493958344113814,3.982994171457628,3.24,3.58,-190.0,DRUGLIKE_CONCAT
HighDiv_2095,HighDiv,CCC(=S)C1=NC(C2=C(ON)C(F)=CC=C2)=CN1,27/000000311,C12H12N3OSF,265.0,1.28,4.38,-7.992,-0.03509515372507148,-0.3153972310863714,-0.17524619240572145,3.451320964453453,1.93,2.22,-180.0,HIGHDIVERSITY_MAYBRIDGE
Druglike_418,Druglike,OCC/C=C(/COCC1=CC(F)=CC=C1F)[C@@H]1C=CNN1,1/000000021,C15H18N2O2F2,296.0,2.09,4.34,-8.098,-0.15253741058858108,-0.19848585988922124,-0.17551163523890118,3.9502336144284502,6.98,3.58,-150.0,DRUGLIKE_CONCAT
HighDiv_553,HighDiv,C=CC(=O)/C=C(\CO)C(=O)C1=C(O)C=C(Br)C(N=O)=C1,12/000001073,C13H10NO5Br,340.0,1.08,4.43,-7.856,0.11170766735431488,-0.4653967262072424,-0.17684452942646375,3.6697465646222063,5.05,3.7,-40.0,HIGHDIVERSITY_CONCAT
Druglike_2026,Druglike,CC1=CC(O)=CC(C#CC(=O)O[C@H]2CN=C(CO)C2)=C1,1/000000163,C15H15NO4,273.0,1.24,4.06,-8.839,-0.9746332086331483,0.6187908010266997,-0.1779212038032243,3.966931503673433,5.22,19.8,-170.0,DRUGLIKE_MAYBRIDGE
HighDiv_2051,HighDiv,NCCOC(=O)C#CC1=C(NC(N)=O)C(O)=CN=C1I,30/000000039,C11H12N4O4I,391.0,-0.28,4.51,-7.641,0.3465921810813341,-0.7025282809939131,-0.17796804995628948,4.118464513340156,9.05,22.1,0.0,HIGHDIVERSITY_MAYBRIDGE
HighDiv_944,HighDiv,C=CCC1=CC(O)=CC(N2CCNC2=O)=C1,28/000000042,C12H14N2O2,218.0,1.1,4.15,-8.599,-0.7103881306902498,0.3540858096369274,-0.1781511605266612,2.645077706117563,2.36,13.6,-120.0,HIGHDIVERSITY_CONCAT
Druglike_1643,Druglike,NCC1=CC(NC(N)=O)=CC(/C=C/CN[C@@H]2C=CC=CC2)=C1,4/000000270,C17H23N4O,299.0,0.56,4.09,-8.756,-0.8865515159855155,0.5272469915044032,-0.17965226224055614,4.17178247206216,5.2,6.77,-150.0,DRUGLIKE_LANAPDB
Druglike_514,Druglike,NCCOC1=CC=C(C2=CC(O)=CC=C2)C=C1NC(N)=O,17/000000022,C15H18N3O3,288.0,1.07,4.26,-8.303,-0.3874219243156003,0.02761632025620915,-0.17990280202969558,2.6029648720618948,8.73,15.8,-160.0,DRUGLIKE_CONCAT
HighDiv_1527,HighDiv,NC(=S)OC(=O)C1=CC=C(O)C(C2=CC(N)=CC(Cl)=C2)=C1,3/000000073,C14H11N2O3SCl,322.0,2.86,4.06,-8.835,-0.9746332086331483,0.614379051170204,-0.18012707873147216,2.611151312739862,2.72,19.2,-180.0,HIGHDIVERSITY_CRAFT
HighDiv_643,HighDiv,O=NC1=CC(C(=O)CO)=CC(CCNCCO)=C1Br,12/000000652,C12H15N2O4Br,331.0,0.12,4.36,-8.036,-0.09381628215682498,-0.2668679826649136,-0.1803421324108693,3.0204169908617953,5.58,3.58,0.0,HIGHDIVERSITY_CONCAT
HighDiv_2041,HighDiv,C=CC[C@@H](C(=O)O)C1=CC=C(I)C(O)=C1,22/000000008,C11H11O3I,318.0,2.68,4.54,-7.556,0.43467387372896693,-0.7962779654444573,-0.18080204585774518,3.1631461897232747,1.94,3.33,-150.0,HIGHDIVERSITY_MAYBRIDGE
HighDiv_1768,HighDiv,CN(C[C@@H]1C=CCO1)C(=O)CC1=CC=C(SS)C(O)=C1I,24/000000034,C14H16NO3S2I,437.0,2.98,4.28,-8.247,-0.3287007958838442,-0.0341481777347387,-0.18142448680929146,4.1933817046141275,3.14,3.58,-190.0,HIGHDIVERSITY_LANAPDB
HighDiv_1080,HighDiv,NC(N)NC1=CN=C(C2=C(CCl)C(=O)C=CC2=O)C=C1Br,10/000000022,C13H11N4O2ClBr,370.0,0.35,4.07,-8.806,-0.945272644417269,0.5823938647106046,-0.1814393898533322,3.4818387621325737,8.64,22.9,-160.0,HIGHDIVERSITY_CONCAT
Druglike_1452,Druglike,CCCCCC1=CC=C(/C(=C\CO)C2=NNN=C2)O1,29/000000041,C14H19N3O2,261.0,2.99,4.52,-7.608,0.37595274529721084,-0.7389252173100072,-0.18148623600639816,3.046887544923119,5.54,21.6,-20.0,DRUGLIKE_LANAPDB
Druglike_1605,Druglike,N[C@@H](C#CC1=NC2=C(C=CN2)C=C1Cl)C(=O)O,12/000000001,C11H8N3O2Cl,249.0,1.39,4.14,-8.619,-0.7397486949061292,0.3761445589194079,-0.18180206799336063,3.9730694890937936,4.95,18.7,-190.0,DRUGLIKE_LANAPDB
Druglike_1659,Druglike,NC1=CC2=C(N=C1C#C[C@H](NCCl)C(=O)O)NC=C2,12/000000048,C12H11N4O2Cl,278.0,0.75,4.07,-8.805,-0.945272644417269,0.5812909272464812,-0.18199085858539388,4.193366818507737,3.97,20.7,-190.0,DRUGLIKE_LANAPDB
HighDiv_959,HighDiv,CCCCCC1=CC([SH](=O)=O)=CC2=C1NNC2=O,3/000000326,C12H16N2O3S,268.0,1.89,4.14,-8.618,-0.7397486949061292,0.37504162145528447,-0.18235353672542234,3.5671218875303756,4.15,5.09,-60.0,HIGHDIVERSITY_CONCAT
HighDiv_707,HighDiv,N[C@H](C(=O)O)C(=O)C1=CC(CC(=O)O)=C(Br)C(N=O)=C1,12/000000423,C11H9N2O6Br,345.0,-0.23,4.3,-8.192,-0.2699796674520907,-0.09480973826156115,-0.1823947028568259,3.560760286429139,3.42,3.58,-170.0,HIGHDIVERSITY_CONCAT
HighDiv_1738,HighDiv,C/C(=C(\C=C\[N+](=O)[O-])C(=O)O)C1=CC=C(C(=O)O)C=C1,16/000000010,C13H11NO6,277.0,1.75,4.36,-8.031,-0.09381628215682498,-0.2723826699855328,-0.18309947607117888,2.795239162590276,6.44,3.58,-20.0,HIGHDIVERSITY_LANAPDB
HighDiv_2057,HighDiv,NOC1=C(F)C=C(Br)C=C1C1=CNC=N1,27/000000459,C9H7N3OFBr,272.0,1.72,4.5,-7.658,0.3172316168654573,-0.6837783441038038,-0.18327336361917324,3.3222144374852354,2.46,2.35,-120.0,HIGHDIVERSITY_MAYBRIDGE
Druglike_532,Druglike,C=CCC1=CC(O)=CC(C2=NNN=C2)=C1,28/000000124,C11H11N3O,201.0,3.27,4.25,-8.322,-0.41678248853147704,0.04857213207456429,-0.18410517822845637,2.8217098629899624,2.43,15.4,-120.0,DRUGLIKE_CONCAT
Druglike_1619,Druglike,NC(=O)NC1=CC=C(CC2=NNC=C2)C(CC(=O)O)=C1,4/000000014,C13H14N4O3,274.0,0.27,4.12,-8.668,-0.7984698233378826,0.4301884946614858,-0.18414066433819842,2.807588597589241,4.14,3.58,0.0,DRUGLIKE_LANAPDB
HighDiv_1737,HighDiv,NCC1=CC(C[C@@H](Cl)C(=O)/C=C/C2=CCON2)=NO1,18/000000035,C12H15N3O3Cl,284.0,0.47,4.36,-8.029,-0.09381628215682498,-0.27458854491378165,-0.1842024135353033,4.95385457854644,4.84,3.72,-150.0,HIGHDIVERSITY_LANAPDB
HighDiv_920,HighDiv,CNCCC#CC1=CC(N2CCNC2=O)=CC(O)=C1,28/000000071,C14H17N3O2,259.0,0.77,4.16,-8.561,-0.681027566474373,0.3121741860002132,-0.18442669023707992,2.9274643281399015,0.86,18.0,-140.0,HIGHDIVERSITY_CONCAT
HighDiv_601,HighDiv,CCCCC1=C(CC)C(O)=CC(N2CCNC2=O)=C1,28/000000304,C15H22N2O2,262.0,2.12,4.39,-7.946,-0.0057345895091947315,-0.366132354436078,-0.18593347197263638,2.585321802740772,5.93,14.4,-200.0,HIGHDIVERSITY_CONCAT
Druglike_793,Druglike,CC#CC1=CC=C(NC(=O)[C@H](O)C2=NC=NN2)C=C1Cl,21/000000184,C13H11N4O2Cl,290.0,1.25,4.12,-8.663,-0.7984698233378826,0.4246738073408666,-0.186898007998508,3.3242400201569495,6.11,2.35,-170.0,DRUGLIKE_CONCAT
Druglike_1588,Druglike,C[C@](N)(/C=C/C1=CC=C(O)C(Cl)=C1)C1=CCNC1,5/000000014,C14H17N2OCl,264.0,1.87,4.16,-8.555,-0.681027566474373,0.3055565612154686,-0.1877355026294522,3.8257264969112734,3.87,2.22,-170.0,DRUGLIKE_LANAPDB
Druglike_484,Druglike,CCCOCC(=O)NC1=CC(C2=NNN=C2)=CC(O)=C1,28/000000244,C13H16N4O3,276.0,2.13,4.28,-8.234,-0.3287007958838442,-0.04848636476835125,-0.18859358032609774,2.5441392771728157,1.36,20.4,-140.0,DRUGLIKE_CONCAT
HighDiv_2121,HighDiv,CCC1=CC(F)=C(ON)C(C2=CNC(COC)=N2)=C1,27/000000519,C13H16N3O2F,265.0,1.12,4.32,-8.126,-0.2112585390203346,-0.16760361089374928,-0.18943107495704192,3.257685808546288,2.25,3.58,-200.0,HIGHDIVERSITY_MAYBRIDGE
HighDiv_1545,HighDiv,N=C1CCC2=CC=C([C@H](S)C3=CC(=O)OC=C3)C=C12,12/000000004,C15H13NO2S,271.0,2.12,4.04,-8.871,-1.0333543370649019,0.6540847998786693,-0.1896347685931163,3.7963904759823377,5.19,19.5,-190.0,HIGHDIVERSITY_CRAFT
HighDiv_185,HighDiv,O=C1NCCN1C1=CC(CCS)=C(CBr)C(O)=C1,28/000000309,C12H15N2O2SBr,331.0,1.97,4.82,-6.794,1.2567696717735342,-1.6367163131069842,-0.189973320666725,3.1667520413765295,5.13,16.8,-140.0,HIGHDIVERSITY_CONCAT
HighDiv_785,HighDiv,NCO[C@H](C#CC1=CC(CC(=O)O)=CC(O)=C1)CCCl,23/000000163,C14H16NO4Cl,297.0,2.0,4.25,-8.311,-0.41678248853147704,0.03643981996920058,-0.19017133428113822,3.681768796380726,4.03,18.9,-150.0,HIGHDIVERSITY_CONCAT
HighDiv_812,HighDiv,CNCCC#CC1=C(CN)C(O)=CC(N2CCNC2=O)=C1,28/000000509,C15H20N4O2,288.0,-0.11,4.23,-8.364,-0.47550361696323057,0.09489550556777615,-0.1903040556977272,3.1392991615012695,4.05,20.0,-140.0,HIGHDIVERSITY_CONCAT
HighDiv_906,HighDiv,C=C/C(=C\CS)C1=NOC(C2=C(O)C=C(F)C(O)=C2)=N1,6/000000010,C13H11N2O3SF,294.0,2.92,4.17,-8.523,-0.6516670022584963,0.27026256236349894,-0.19070221994749867,3.5662805506361916,1.31,23.8,-180.0,HIGHDIVERSITY_CONCAT
Druglike_603,Druglike,N[C@H](O)C1=COC(C(=O)CC2=C(Br)C(O)=CC=C2)=C1,28/000000282,C13H12NO4Br,326.0,1.05,4.21,-8.416,-0.5342247453949867,0.15224825370222633,-0.19098824584638016,3.5073931387042308,5.07,3.58,-150.0,DRUGLIKE_CONCAT
HighDiv_1365,HighDiv,C[C@@H](CCl)NC(=O)C#CC1=C(O)C(O)=CN=C1CC(=O)O,1/000000512,C13H13N2O5Cl,312.0,0.76,4.35,-8.043,-0.12317684637270433,-0.25914742041604566,-0.191162133394375,3.891832680362517,7.79,21.7,-200.0,HIGHDIVERSITY_CRAFT
HighDiv_730,HighDiv,C=C(C(=O)CN)C1=CC(O)=CC(N2CCNC2=O)=C1,28/000000464,C13H16N3O3,262.0,-0.39,4.28,-8.229,-0.3287007958838442,-0.05400105208897236,-0.1913509239864083,3.445009298554103,3.33,17.8,-140.0,HIGHDIVERSITY_CONCAT
Druglike_277,Druglike,OCC1=CC(CCOC[C@@H]2C=CNN2)=CC(O)=C1,28/000000021,C13H18N2O3,250.0,1.38,4.47,-7.723,0.22914992421782449,-0.6120874089357411,-0.1914687423589583,3.76430932531364,3.8,3.58,-150.0,DRUGLIKE_CONCAT
Druglike_202,Druglike,O=C(O)CC1=NC=C([C@@H](Cl)N2C=NOC2)N1,22/000000050,C8H9N4O3Cl,244.0,0.67,4.58,-7.429,0.5521161305924766,-0.9363510233882114,-0.19211744639786743,4.563934623190766,1.97,19.5,-170.0,DRUGLIKE_CONCAT
Druglike_1317,Druglike,NC1=CC=NN1CC[C@@H](N)C#CC1=CC(Cl)=CC=C1Cl,1/000000043,C14H14N4Cl2,308.0,3.57,4.07,-8.782,-0.945272644417269,0.5559233655716284,-0.19467463942282032,3.516931503673433,6.45,5.08,-150.0,DRUGLIKE_CRAFT
Druglike_609,Druglike,NC/C=C/CCC1=CC(C(=O)O)=C(C2=NN=CO2)C1,4/000000003,C13H16N3O3,262.0,0.67,4.2,-8.434,-0.5635853096108634,0.17210112805645802,-0.19574209077720267,4.17121304608862,4.27,23.2,-80.0,DRUGLIKE_CONCAT
HighDiv_538,HighDiv,C=CC1=NOCN1C1=CC=C(SCS(=O)(=O)O)C=C1O,14/000000004,C11H12N2O5S2,316.0,2.01,4.44,-7.795,0.14106823157019424,-0.5326759115188094,-0.19580383997430761,3.7958145366501785,7.18,22.8,-120.0,HIGHDIVERSITY_CONCAT
HighDiv_470,HighDiv,NCCO[C@H](Cl)CC1=C(Br)C(CO)=CC(C(=O)N=O)=C1,12/000000367,C12H14N2O4ClBr,365.0,1.1,4.5,-7.635,0.3172316168654573,-0.7091459057786577,-0.19595714445660017,3.818262456054387,5.91,19.6,-150.0,HIGHDIVERSITY_CONCAT
HighDiv_2244,HighDiv,C=CC1=CC(Cl)=C(Cl)C(C/C=C\[C@@H](N)C2=NN=NN2)=C1,5/000000001,C13H13N5Cl2,309.0,2.42,4.11,-8.672,-0.8278303875537594,0.43460024451798346,-0.19661507151788796,3.992749635541566,5.35,3.58,-150.0,HIGHDIVERSITY_MAYBRIDGE
HighDiv_737,HighDiv,O=NC1=CC(F)=C(O)C=C1C1=CNC=C1,6/000000015,C10H7N2O2F,206.0,1.97,4.28,-8.219,-0.3287007958838442,-0.06503042673021263,-0.19686561130702843,3.216805646276443,3.25,16.7,-120.0,HIGHDIVERSITY_CONCAT
HighDiv_1801,HighDiv,[O-][S@@+](C1=CC=C(C2=NOC=N2)C=C1)C1=CC(O)=C(I)C=C1O,12/000000156,C14H9N2O4SI,428.0,2.57,4.18,-8.484,-0.6223064380426195,0.22724800126266134,-0.1975292183899791,3.651821961604875,5.01,22.1,-120.0,HIGHDIVERSITY_LANAPDB
HighDiv_714,HighDiv,C=CCCSCC1=CC(O)=CC(N2CCNC2=O)=C1,28/000000202,C14H18N2O2S,278.0,1.88,4.3,-8.164,-0.2699796674520907,-0.1256919872570351,-0.1978358273545629,2.8457207383963112,1.54,17.3,-120.0,HIGHDIVERSITY_CONCAT
Druglike_1715,Druglike,C/C=C/[C@@H](CO)C1=CN=C(CC(=O)NCC2=CN=NN2)C=C1,26/000000001,C15H19N5O2,301.0,-0.39,4.0,-8.962,-1.1507965939284115,0.7544521091139571,-0.1981722424072272,3.833538516018203,4.84,22.6,-170.0,DRUGLIKE_LANAPDB
HighDiv_1724,HighDiv,NCNCCC1=CC(O)=C2CCCC2=C1C(=O)O,12/000000026,C13H18N2O3,250.0,0.52,4.39,-7.923,-0.0057345895091947315,-0.3914999161109308,-0.1986172528100628,2.8194877336842232,3.57,14.4,-80.0,HIGHDIVERSITY_LANAPDB
HighDiv_759,HighDiv,C#CC/C=C(\CNCC)C(=O)C1=CC(N=O)=C(Br)C=C1O,12/000001053,C15H15N2O3Br,351.0,2.34,4.27,-8.242,-0.35806136009972356,-0.039662865055357856,-0.19886211257754072,3.7124015151690113,4.41,3.7,-110.0,HIGHDIVERSITY_CONCAT
HighDiv_519,HighDiv,C/C=C/C=C(\CO)C(=O)C1=C(O)C=C(Br)C(N=O)=C1,12/000000514,C13H12NO4Br,326.0,1.78,4.46,-7.734,0.19978936000194772,-0.5999550968303764,-0.20008286841421435,3.576912291940806,3.32,2.35,-40.0,HIGHDIVERSITY_CONCAT
HighDiv_653,HighDiv,OCCC[C@H](C#CC1=CC(O)=CC(O)=C1)C1=NN=CO1,23/000000159,C14H14N2O4,274.0,2.35,4.36,-8.0,-0.09381628215682498,-0.306573731373379,-0.200195006765102,3.8145897165132263,6.95,21.2,-150.0,HIGHDIVERSITY_CONCAT
Druglike_721,Druglike,OC1=CC2=C(C=C1C#CCCCC(CCl)CCl)NCO2,21/000000153,C15H17NO2Cl2,313.0,4.3,4.15,-8.559,-0.7103881306902498,0.3099683110719643,-0.20020990980914272,3.5308162002497374,1.82,18.2,-190.0,DRUGLIKE_CONCAT
HighDiv_994,HighDiv,O=NC(=O)C1=CC(CONC(=O)C[SH](=O)=O)=C(Br)C(CO)=C1,12/000000071,C11H11N2O7SBr,395.0,-0.12,4.12,-8.638,-0.7984698233378826,0.397100370737765,-0.20068472630005882,3.76353509121544,6.06,25.0,-60.0,HIGHDIVERSITY_CONCAT
Druglike_1980,Druglike,O=C(C#CC1=CC(CCCF)=CC(O)=C1)OCCCO,1/000000152,C15H17O4F,280.0,2.9,4.11,-8.664,-0.8278303875537594,0.42577674480499006,-0.20102682137438466,2.882100685501328,3.09,19.1,0.0,DRUGLIKE_MAYBRIDGE
HighDiv_1745,HighDiv,[O-][S@@+](C1=CC=CC=C1O)C1=C(O)C=C(I)C(O)=C1,12/000000054,C12H9O4SI,376.0,2.04,4.33,-8.078,-0.18189797480445782,-0.22054460917170374,-0.20122129198808078,3.4522032692817595,3.36,14.5,0.0,HIGHDIVERSITY_LANAPDB
HighDiv_2185,HighDiv,NC(=O)NC1=CC=C(O)C(N2C=NNC2=O)=C1Br,12/000000009,C9H8N5O3Br,314.0,0.31,4.19,-8.45,-0.5929458738267401,0.18974812748244285,-0.20159887317214864,3.0435221763843794,1.16,19.6,-160.0,HIGHDIVERSITY_MAYBRIDGE
HighDiv_2039,HighDiv,CC#CC1=C([N+](=O)[O-])N=C(C(=O)NN)N1,21/000000006,C7H7N5O3,209.0,-0.34,4.54,-7.518,0.43467387372896693,-0.8381895890811715,-0.20175785767610227,3.687860041880839,0.06,22.6,-20.0,HIGHDIVERSITY_MAYBRIDGE
Druglike_312,Druglike,NCCC1=CC(=O)N[C@@H]1/C=C/C1=CN=CC(Br)=C1,13/000000113,C13H15N3OBr,309.0,0.4,4.44,-7.783,0.14106823157019424,-0.5459111610882975,-0.20242146475905165,4.429176415463309,3.36,2.22,-150.0,DRUGLIKE_CONCAT
Druglike_212,Druglike,NC1=C2C=NNC2=NC([C@@H](Cl)C(=O)O)=N1,21/000000008,C7H6N5O2Cl,227.0,0.21,4.56,-7.462,0.49339500216072046,-0.8999540870721183,-0.20327954245569893,3.69711348803472,2.39,16.7,-190.0,DRUGLIKE_CONCAT
HighDiv_2282,HighDiv,C#CCN1CON=C1[C@H](N)CC1=CC=C(ON)C(F)=C1,27/000000470,C13H16N4O2F,279.0,1.13,4.06,-8.793,-0.9746332086331483,0.568055677676992,-0.20328876547807812,4.52710980037673,2.94,3.58,-150.0,HIGHDIVERSITY_MAYBRIDGE
Druglike_490,Druglike,NC(=O)C/C=C/C1=CC(C2=NNN=C2)=CC(O)=C1,28/000000425,C12H12N4O2,244.0,1.91,4.28,-8.207,-0.3287007958838442,-0.07826567629969977,-0.203483236091772,2.9768878241819614,1.76,19.6,-120.0,DRUGLIKE_CONCAT
Druglike_1924,Druglike,C=CCCC1=NN=C(C2=CC(=O)C=C(CN)N2)O1,15/000000087,C12H15N4O2,247.0,1.29,4.2,-8.418,-0.5635853096108634,0.15445412863047323,-0.20456559049019507,3.7319375979376153,5.5,22.8,-120.0,DRUGLIKE_MAYBRIDGE
Druglike_322,Druglike,O=C1C=C(CCO)[C@@H](/C=C/C2=CN=CC(Br)=C2)N1,13/000000145,C13H13N2O2Br,309.0,0.47,4.42,-7.832,0.08234710313843813,-0.4918672253462196,-0.20476006110389075,3.840389085146567,4.16,2.22,-150.0,DRUGLIKE_CONCAT
HighDiv_375,HighDiv,O=NC(=O)C1=CC(CNCCS)=C(Br)C(CO)=C1,12/000000154,C11H13N2O3SBr,333.0,1.75,4.59,-7.379,0.5814766948083533,-0.9914978965944148,-0.20501060089303075,3.1038914071536112,7.03,18.6,0.0,HIGHDIVERSITY_CONCAT
Druglike_826,Druglike,CCCCOC(=O)C#CC1=CC2=C(OCN2)C(CO)=C1,21/000000035,C15H17NO4,275.0,2.43,4.1,-8.682,-0.8571909517696387,0.4456296191592237,-0.20578066630520747,3.262312556525041,3.14,18.2,-80.0,DRUGLIKE_CONCAT
HighDiv_599,HighDiv,CC[C@@H](CNC(=O)C1=CC(N=O)=C(I)C=C1)NN,5/000000054,C11H15N4O2I,362.0,1.85,4.39,-7.91,-0.0057345895091947315,-0.4058381031445434,-0.20578634632686907,3.350377523598872,1.6,3.85,-190.0,HIGHDIVERSITY_CONCAT
Druglike_1528,Druglike,O=C(O)[C@@H](C#CC1=CNC=C1)C1=CNN=N1,20/000000113,C10H8N4O2,216.0,0.58,4.26,-8.256,-0.3874219243156003,-0.024221740557621874,-0.2058218324366111,4.431151546267691,2.11,2.35,-150.0,DRUGLIKE_LANAPDB
HighDiv_909,HighDiv,N[C@H](C#CC1=CC(CO)=CC(O)=C1)CC#CCCBr,23/000000064,C15H16NO2Br,322.0,2.44,4.17,-8.493,-0.6516670022584963,0.23717443843977817,-0.20724628190935906,3.9621621740955457,-2.09,18.9,-170.0,HIGHDIVERSITY_CONCAT
HighDiv_1520,HighDiv,O=C(O)N1C=C([N+](=O)[O-])C(CCC2=CSC(=O)N2)=N1,25/000000055,C9H7N4O5S,283.0,-0.06,4.06,-8.785,-0.9746332086331483,0.5592321779640006,-0.20770051533457384,3.5373711328736297,2.22,3.85,0.0,HIGHDIVERSITY_CRAFT
Druglike_2036,Druglike,COCC1=CC(O)=CC(C#CC(=O)O[C@H]2CN=C(CO)C2)=C1,1/000000127,C16H17NO5,303.0,0.72,4.04,-8.838,-1.0333543370649019,0.6176878635625742,-0.20783323675116383,3.911627172522989,4.88,21.6,-170.0,DRUGLIKE_MAYBRIDGE
HighDiv_374,HighDiv,O=C(CCO)[C@H](CCO)CCC1=C(Cl)C(Cl)=CC=C1O,19/000000031,C14H18O4Cl2,320.0,1.72,4.59,-7.373,0.5814766948083533,-0.9981155213791583,-0.2083194132854025,3.273844507336438,4.73,5.09,-150.0,HIGHDIVERSITY_CONCAT
HighDiv_1317,HighDiv,O=C(C#CC1=C(O)C(O)=CN=C1CBr)NCCCl,1/000000341,C11H10N2O3ClBr,333.0,1.68,4.46,-7.718,0.19978936000194772,-0.6176020962563612,-0.20890636812720675,3.5647733537784134,6.84,18.8,0.0,HIGHDIVERSITY_CRAFT
Druglike_1870,Druglike,C=C(C(=O)O)C1=CC=C(N2C=C(Cl)C=N2)C(O)=C1,5/000000042,C12H9N2O3Cl,264.0,2.35,4.29,-8.169,-0.2993402316679674,-0.12017729993641398,-0.2097587658021907,2.6606929770123227,1.91,3.58,-120.0,DRUGLIKE_MAYBRIDGE
Druglike_938,Druglike,C=C(CCC1=CC=C(C(=O)C2=NC(=O)ON2)N1)[C@H](C)O,23/000000482,C13H15N3O4,277.0,-0.0,4.04,-8.834,-1.0333543370649019,0.6132761137060786,-0.21003911167941164,4.07512543973737,5.09,3.58,-170.0,DRUGLIKE_CONCAT
HighDiv_337,HighDiv,NCCC1=CC(C(=O)O)=CC(ON)=C1Br,12/000000017,C9H11N2O3Br,275.0,0.25,4.63,-7.263,0.6989189516718629,-1.1194386424328042,-0.21025984538047066,2.7263623495731473,5.74,2.48,0.0,HIGHDIVERSITY_CONCAT
Druglike_1231,Druglike,NCC1=C(C2=CC=C(F)C=C2C(=O)O)C=NN1,3/000000003,C11H9N3O2F,234.0,1.12,4.26,-8.247,-0.3874219243156003,-0.0341481777347387,-0.2107850510251695,2.546582457454305,5.73,2.22,-120.0,DRUGLIKE_CRAFT
Druglike_1586,Druglike,C=C[C@H](CCC1=CC(CC(=O)O)=CC=C1)N1C=C(CN)N=N1,23/000000044,C16H20N4O2,300.0,1.41,4.16,-8.512,-0.681027566474373,0.25813025025813524,-0.2114486581081189,3.262631142746315,1.93,4.94,-170.0,DRUGLIKE_LANAPDB
HighDiv_1409,HighDiv,O=[N+]([O-])/C=C/C1=NC=C(C2=C(SS)C(O)=CN=C2)C=C1,1/000000024,C12H9N3O3S2,307.0,1.94,4.24,-8.298,-0.4461430527473538,0.022101632935588037,-0.21202070990588287,3.479403982204624,6.23,20.0,-160.0,HIGHDIVERSITY_CRAFT
HighDiv_419,HighDiv,CCC/C=C(\CN)C(=O)C1=CC(N=O)=C(Br)C=C1O,12/000000499,C13H15N2O3Br,327.0,2.05,4.55,-7.471,0.46403443794484367,-0.8900276498950015,-0.2129966059750789,3.39877473537972,3.62,2.35,-40.0,HIGHDIVERSITY_CONCAT
HighDiv_1183,HighDiv,CC1=C(C(=O)NCC#CC2=NOC(=O)N2)C=C(S)C(I)=C1,5/000000053,C13H10N3O3SI,415.0,3.44,4.01,-8.908,-1.1214360297125348,0.6948934860512581,-0.21327127183063832,3.700481551466652,2.1,3.72,-80.0,HIGHDIVERSITY_CONCAT
HighDiv_646,HighDiv,CC#CC/C(=C\CN)C(=O)C1=CC(N=O)=C(Br)C=C1O,12/000000502,C14H14N2O3Br,338.0,1.91,4.36,-7.976,-0.09381628215682498,-0.3330442305123562,-0.2134302563345906,4.216413231288874,3.24,3.7,-60.0,HIGHDIVERSITY_CONCAT
HighDiv_595,HighDiv,NC(=O)C1=CC(N=O)=C(Br)C(NC(N)N)=C1,12/000000081,C8H9N5O2Br,287.0,-0.05,4.4,-7.869,0.023625974706684625,-0.45105853917362987,-0.2137162822334726,3.295056167656025,4.65,18.0,0.0,HIGHDIVERSITY_CONCAT
Druglike_1570,Druglike,NC(=O)NC1=C(NC(=O)C2NC=CN2)C=CC(C/C=C/CCl)=C1,4/000000182,C15H18N5O2Cl,335.0,0.62,4.18,-8.454,-0.6223064380426195,0.19415987733894052,-0.2140732803518395,3.3721135007844856,4.71,6.77,-170.0,DRUGLIKE_LANAPDB
Druglike_355,Druglike,CCC#CC1=C(I)N=C([C@H](N)C2=NC=C(C(=O)O)N2)C=C1,26/000000147,C14H13N4O2I,396.0,1.43,4.39,-7.893,-0.0057345895091947315,-0.4245880400346526,-0.21516131477192368,3.9585676462586905,3.66,22.6,-170.0,DRUGLIKE_CONCAT
Druglike_1465,Druglike,CCCCC1=NC=C(C2=C(CN)NC(CO)=C2)N1,4/000000070,C13H20N4O,248.0,0.17,4.44,-7.759,0.14106823157019424,-0.5723816602272748,-0.21565671432854028,3.1150425753131827,2.75,18.7,-120.0,DRUGLIKE_LANAPDB
HighDiv_513,HighDiv,O=C(O)CC1=NNC(C2=NC=C(CO)C=C2I)=N1,4/000000105,C10H9N4O3I,360.0,0.73,4.46,-7.705,0.19978936000194772,-0.6319402832899738,-0.21607546164401303,3.09374404137653,7.3,19.2,-120.0,HIGHDIVERSITY_CONCAT
HighDiv_1259,HighDiv,O=C(C[C@H](CCl)[N+](=O)[O-])C1=CC(Br)=C(O)C(CO)=C1,3/000000055,C11H11NO5ClBr,352.0,2.11,4.65,-7.198,0.757640080103619,-1.191129577600867,-0.21674474874862398,3.5482255529054143,2.63,2.48,-150.0,HIGHDIVERSITY_CRAFT
HighDiv_1858,HighDiv,C#C[C@@H](C1=CC=C(NC(=O)CO)C(Cl)=C1)C1=CC=NN1,11/000000021,C14H12N3O2Cl,289.0,1.62,4.08,-8.715,-0.9159120802013923,0.4820265554753168,-0.21694276236303772,3.373895789387719,6.17,22.3,-150.0,HIGHDIVERSITY_LANAPDB
Druglike_1822,Druglike,C=C(C(=O)OCCCCO)C1=CNC2=C1N=CC(CN)=N2,28/000000011,C14H18N4O3,290.0,-0.01,4.37,-7.943,-0.06445571794094823,-0.3694411668284503,-0.21694844238469926,3.1199685226485965,2.34,19.4,-60.0,DRUGLIKE_MAYBRIDGE
Druglike_1948,Druglike,OC1=C(Cl)C=NC(OC[C@H](O)C2=NC(Cl)=CN2)=C1,24/000000003,C10H9N3O3Cl2,289.0,1.63,4.15,-8.528,-0.7103881306902498,0.2757772496841201,-0.21730544050306483,3.9004071122958894,4.39,3.58,-150.0,DRUGLIKE_MAYBRIDGE
HighDiv_1401,HighDiv,NC[C@H](C#CC1=CC(O)=CN=C1)C1=NN=CS1,1/000000029,C11H10N4OS,246.0,1.09,4.25,-8.261,-0.41678248853147704,-0.01870705323700272,-0.21774477088423988,3.959032447108424,4.89,20.9,-150.0,HIGHDIVERSITY_CRAFT
HighDiv_496,HighDiv,C#CC/C=C(\CN)C(=O)C1=CC(N=O)=C(Br)C=C1O,12/000000558,C13H11N2O3Br,323.0,1.52,4.47,-7.675,0.22914992421782449,-0.6650284072136956,-0.21793924149793556,3.815869758004157,3.86,2.35,-60.0,HIGHDIVERSITY_CONCAT
HighDiv_509,HighDiv,NOCC1=CC(C(N)=O)=CC(N=O)=C1Br,12/000000962,C8H7N3O3Br,273.0,-0.07,4.46,-7.7,0.19978936000194772,-0.6374549706105939,-0.21883280530432309,3.2418511957269933,4.91,15.7,0.0,HIGHDIVERSITY_CONCAT
Druglike_1299,Druglike,O=C(O)[C@H](/C=C/C1=CC=C(CO)C2=C1OC=N2)C1=NON=C1,11/000000003,C14H11N3O5,301.0,1.1,4.1,-8.658,-0.8571909517696387,0.4191591200202455,-0.21901591587469657,4.181556098435786,6.24,25.0,-190.0,DRUGLIKE_CRAFT
HighDiv_1140,HighDiv,C#C[C@H](/C=C/C(N)=O)C1=CC2=C(C=C(O)C(SS)=C2)N1,20/000000052,C14H12N2O2S2,304.0,1.94,4.03,-8.843,-1.0627149012807786,0.6232025508831954,-0.2197561751987916,4.366418306870237,1.23,23.6,-190.0,HIGHDIVERSITY_CONCAT
Druglike_2048,Druglike,CNCC1=CC(O)=CC(C#CC(=O)O[C@H]2CN=C(CO)C2)=C1,1/000000077,C16H18N2O4,302.0,0.53,4.03,-8.843,-1.0627149012807786,0.6232025508831954,-0.2197561751987916,3.937899132820755,3.85,21.8,-170.0,DRUGLIKE_MAYBRIDGE
Druglike_697,Druglike,CC/C=C/C1=CN=C(C2=C(C(=O)O)C(CO)=NN2)C=C1Br,7/000000063,C14H13N3O3Br,351.0,1.66,4.16,-8.496,-0.681027566474373,0.24048325083215044,-0.2202721578211113,3.261069084623152,9.16,21.5,-140.0,DRUGLIKE_CONCAT
Druglike_1174,Druglike,NCCNCC[C@@H](N)C#CC1=CC(Cl)=CC=C1Cl,1/000000041,C13H17N3Cl2,285.0,2.35,4.48,-7.644,0.25851048843370383,-0.6992194686015408,-0.2203544900839185,3.336860343065119,7.28,17.0,-150.0,DRUGLIKE_CRAFT
Druglike_623,Druglike,OC1=CC2=C(C=C1C#CCCCCCl)NCO2,21/000000077,C13H14NO2Cl,251.0,3.3,4.2,-8.388,-0.5635853096108634,0.1213660047067524,-0.2211096524520555,3.2550524531121408,1.42,15.3,-40.0,DRUGLIKE_CONCAT
Druglike_1516,Druglike,O=C(CO)CNCC1=CCC(C2=CC=CC(Cl)=C2)=CO1,7/000000002,C15H17NO3Cl,294.0,1.47,4.27,-8.201,-0.35806136009972356,-0.08488330108444432,-0.22147233059208393,3.9125230828408295,3.46,3.58,-160.0,DRUGLIKE_LANAPDB
Druglike_736,Druglike,NCC1=CC=C(F)N=C1C#C[C@H]1NC(=O)C=C1CF,13/000000172,C13H11N3OF2,263.0,0.17,4.14,-8.547,-0.7397486949061292,0.2967330615024772,-0.22150781670182598,4.418319793834297,5.77,22.4,-150.0,DRUGLIKE_CONCAT
HighDiv_431,HighDiv,NOC1=CC(C(=O)O)=CC(CCCl)=C1Br,12/000000157,C9H9NO3ClBr,294.0,1.79,4.54,-7.482,0.43467387372896693,-0.8778953377896368,-0.22161073203033493,2.8305061957269935,4.26,2.48,0.0,HIGHDIVERSITY_CONCAT
Druglike_1959,Druglike,O=C(CO)[C@@H](C1=CC=C(Cl)C(F)=C1)C1=NNC(=O)O1,25/000000011,C11H8N2O4FCl,286.0,1.48,4.14,-8.546,-0.7397486949061292,0.29563012403835176,-0.2220592854338887,3.4932913635563025,6.35,21.4,-150.0,DRUGLIKE_MAYBRIDGE
Druglike_840,Druglike,NC1=NC=NC2=C1N=CN2C/C=C1\NC[C@@H](C(=O)O)N1,13/000000153,C11H13N7O2,275.0,-0.29,4.09,-8.679,-0.8865515159855155,0.4423208067668515,-0.22211535460933202,3.85283425092618,5.47,3.58,-190.0,DRUGLIKE_CONCAT
Druglike_479,Druglike,C=CC1=CC(C2=NN=CN2)=CC=C1OC(=O)CC(=O)O,17/000000001,C13H11N3O4,273.0,2.5,4.28,-8.173,-0.3287007958838442,-0.11576555007991825,-0.22223317298188122,3.0689940920947336,6.52,20.4,-120.0,DRUGLIKE_CONCAT
Druglike_1205,Druglike,C=CCNCC1=NC(CO)=C(C2=NNC(=O)C=C2)O1,15/000000154,C12H15N4O3,263.0,-0.35,4.38,-7.905,-0.03509515372507148,-0.4113527904651635,-0.2232239720951175,4.136564328139902,2.38,24.0,-120.0,DRUGLIKE_CRAFT
HighDiv_498,HighDiv,NC(=O)/C=C/[C@H](/C=C/C1=C(F)C=CC=C1Br)S(=O)(=O)O,20/000000013,C12H11NO4SFBr,364.0,1.14,4.47,-7.664,0.22914992421782449,-0.6771607193190602,-0.22400539755061785,3.6711962248013625,6.18,3.58,-150.0,HIGHDIVERSITY_CONCAT
HighDiv_1487,HighDiv,O=C(C#C[C@@H](O)C1=CC(O[SH](=O)=O)=CC=C1O)C1=CC=CO1,30/000000011,C14H10O7S,322.0,0.34,4.11,-8.622,-0.8278303875537594,0.37945337131178014,-0.22418850812098962,4.0782425693419295,2.78,3.58,-150.0,HIGHDIVERSITY_CRAFT
HighDiv_1478,HighDiv,C=C(CCCl)CNC(=O)C#CC1=C(O)C(O)=CN=C1,1/000000463,C13H13N2O3Cl,280.0,1.08,4.13,-8.568,-0.7691092591220059,0.31989474824908115,-0.22460725543646237,3.6840977600925657,6.11,19.3,0.0,HIGHDIVERSITY_CRAFT
HighDiv_501,HighDiv,CNCCC#CC1=CC(N2CCNC2=O)=CC(O)=C1OCN,28/000000526,C15H20N4O3,304.0,0.05,4.47,-7.662,0.22914992421782449,-0.679366594247308,-0.22510833501474178,3.2758394862190148,4.35,21.2,-140.0,HIGHDIVERSITY_CONCAT
Druglike_438,Druglike,OCC/C=C/C1=CN=C(C2=C(CO)C(CO)=NN2)C=C1Br,7/000000072,C14H16N3O3Br,354.0,0.54,4.32,-8.06,-0.2112585390203346,-0.24039748352593543,-0.225828011273135,3.4005103740175677,9.12,20.5,-120.0,DRUGLIKE_CONCAT
HighDiv_2126,HighDiv,CCCC1=CC(C2=CNC=N2)=C(ON)C(F)=C1,27/000000256,C12H14N3OF,235.0,1.76,4.31,-8.086,-0.24061910323621394,-0.21172110945871034,-0.22617010634746215,3.1575781203020954,4.09,3.58,-140.0,HIGHDIVERSITY_MAYBRIDGE
HighDiv_1564,HighDiv,CNCC1(NC(=O)C#CC2=C(O)C(O)=CN=C2)CCCCC1,1/000000180,C16H21N3O3,303.0,1.25,4.02,-8.857,-1.092075465496658,0.6386436753809314,-0.22671589505786333,3.4332657889485434,7.12,20.2,-170.0,HIGHDIVERSITY_CRAFT
Druglike_2015,Druglike,C=CC1=C(C2=NN=C(CO)O2)NC(CCC)=CC1=O,15/000000085,C13H15N3O3,261.0,1.8,4.07,-8.722,-0.945272644417269,0.48974711772418483,-0.22776276334654208,3.21739350085398,5.34,23.2,-140.0,DRUGLIKE_MAYBRIDGE
Druglike_576,Druglike,NCC/C=C/CCC1=CC(O)=CC(C2=NNN=C2)=C1,28/000000226,C14H19N4O,259.0,2.81,4.23,-8.296,-0.47550361696323057,0.019895758007339198,-0.2278039294779457,3.454314398069972,2.13,18.6,-120.0,DRUGLIKE_CONCAT
HighDiv_1874,HighDiv,OCCCC1=CC(F)=C(O)C(C2=CN=C(F)C=C2)=C1,11/000000075,C14H13NO2F2,265.0,2.42,4.06,-8.748,-0.9746332086331483,0.5184234917914099,-0.2281048584208692,2.431987405062978,2.08,15.4,-160.0,HIGHDIVERSITY_LANAPDB
Druglike_1493,Druglike,O=C1CC[C@@H](/C=C(/CC2=CC=C(O)C(Cl)=C2)C2=CNC=N2)O1,6/000000001,C16H15N2O3Cl,318.0,2.79,4.33,-8.029,-0.18189797480445782,-0.27458854491378165,-0.22824325985911975,3.7540286259083127,8.9,5.09,-150.0,DRUGLIKE_LANAPDB
Druglike_230,Druglike,O=C(O)C1=CNC(C2=CNN=C2)=C1CCO,9/000000040,C10H11N3O3,221.0,0.26,4.53,-7.495,0.4053133095130902,-0.8635571507560243,-0.22912192062146708,3.1027392445791016,8.86,5.09,-80.0,DRUGLIKE_CONCAT
Druglike_542,Druglike,N[C@@H](C1=NC(I)=C(C#CC(=O)O)C=C1)C1=NC=CO1,26/000000014,C12H8N3O3I,369.0,0.83,4.24,-8.266,-0.4461430527473538,-0.013192365916381605,-0.2296677093318677,4.078657965096997,4.71,22.1,-150.0,DRUGLIKE_CONCAT
HighDiv_1843,HighDiv,C=C(CN)[C@@H](/C=C/CC1=CC=C(C(C)=O)C(O)=C1)NO,17/000000003,C15H20N2O3,276.0,0.89,4.12,-8.585,-0.7984698233378826,0.3386446851391914,-0.22991256909934563,3.739693225285155,1.92,5.09,-190.0,HIGHDIVERSITY_LANAPDB
Druglike_779,Druglike,C=C[C@@H](CCC)C1=CC=C(C(=O)C2=NC(=O)ON2)N1,23/000000043,C13H15N3O3,261.0,1.42,4.12,-8.585,-0.7984698233378826,0.3386446851391914,-0.22991256909934563,4.057637936069421,5.18,3.58,-170.0,DRUGLIKE_CONCAT
HighDiv_1181,HighDiv,O=NC1=C(Br)C(O)=CC(C(=O)C2=CNN=C2)=C1,12/000000450,C10H6N3O3Br,296.0,2.2,4.01,-8.877,-1.1214360297125348,0.6607024246634139,-0.23036680252456043,3.2095421955885115,3.23,2.35,0.0,HIGHDIVERSITY_CONCAT
HighDiv_1490,HighDiv,CCCCCN(C)CCNC(=O)C#CC1=C(O)C(O)=CN=C1,1/000000540,C16H24N3O3,306.0,1.37,4.1,-8.637,-0.8571909517696387,0.39599743327364156,-0.23059675924799855,4.526665015747981,2.66,19.8,-160.0,HIGHDIVERSITY_CRAFT
Druglike_338,Druglike,NCC#CC(=O)C1=CCC(CCl)=C(C(=O)O)O1,23/000000297,C11H10NO4Cl,255.0,0.31,4.4,-7.838,0.023625974706684625,-0.4852496005614751,-0.23081181292739522,3.980132468128182,3.79,21.3,0.0,DRUGLIKE_CONCAT
Druglike_449,Druglike,CNCNC/C=C/C1=CC(C2=NNN=C2)=CC(O)=C1,28/000000203,C13H17N5O,259.0,2.47,4.3,-8.103,-0.2699796674520907,-0.19297117256860208,-0.23147542001034638,3.2141843281399014,1.45,19.4,-140.0,DRUGLIKE_CONCAT
HighDiv_1504,HighDiv,C=C[C@H](C#CCC1=C(NC(C)=O)C=CC=C1O)N1C=CSC1,30/000000009,C17H18N2O2S,314.0,2.83,4.09,-8.662,-0.8865515159855155,0.4235708698767432,-0.23149032305438616,4.190086725872864,8.52,3.58,-170.0,HIGHDIVERSITY_CRAFT
Druglike_1464,Druglike,COC/C=C/C1=C(CC(=O)O)C=C(NC(N)=O)C=C1,4/000000040,C13H16N2O4,264.0,0.14,4.45,-7.703,0.17042879578607098,-0.6341461582182216,-0.23185868121607534,2.470037700920967,3.06,17.2,-20.0,DRUGLIKE_LANAPDB
Druglike_238,Druglike,O=C(O)CC1=C(CC2=CC=CC=C2)ON=C1O,3/000000148,C12H11NO4,233.0,1.77,4.51,-7.542,0.3465921810813341,-0.8117190899421942,-0.23256345443043006,2.5037800433790167,1.53,4.81,-60.0,DRUGLIKE_CONCAT
HighDiv_1568,HighDiv,C=CC1=C(C(=O)C#C[C@@H](O)C2=CC=CC=C2O)OC=C1,30/000000006,C16H12O4,268.0,1.79,4.01,-8.873,-1.1214360297125348,0.6562906748069162,-0.2325726774528093,3.685229031145961,3.82,3.58,-150.0,HIGHDIVERSITY_CRAFT
Druglike_1946,Druglike,NCCCC1=CC(O)=CC(C#CC(=O)OCCC2=NNN=N2)=C1,1/000000033,C15H17N5O3,315.0,2.17,4.15,-8.5,-0.7103881306902498,0.24489500068864614,-0.23274656500080182,3.038969842903903,2.87,3.87,0.0,DRUGLIKE_MAYBRIDGE
HighDiv_2091,HighDiv,O=C(CC1CCCC1)NOC1=C(S)C(O)=CN=C1I,30/000000034,C12H15N2O3SI,394.0,2.59,4.39,-7.86,-0.0057345895091947315,-0.4609849763507457,-0.23335978292997023,3.425216432639176,7.62,17.8,-150.0,HIGHDIVERSITY_MAYBRIDGE
Druglike_1419,Druglike,NC/C=C(\C1=NNN=C1)C1=CC=CC(Cl)=C1Cl,29/000000013,C11H10N4Cl2,268.0,3.9,4.75,-6.901,1.0512457222623917,-1.5187020044457105,-0.2337281410916594,3.057903120302095,4.97,2.22,0.0,DRUGLIKE_LANAPDB
Druglike_889,Druglike,C=C[C@H](C)CCCC1=CC=C(C(=O)C2=NC(=O)ON2)N1,23/000000013,C14H17N3O3,275.0,1.67,4.07,-8.711,-0.945272644417269,0.4776148056188211,-0.23382891939922396,3.874397163014092,4.54,3.58,-170.0,DRUGLIKE_CONCAT
HighDiv_1461,HighDiv,NC[C@@H](CNCC1=CC=CCN1)C1=CC=C(Br)C=C1O,28/000000026,C15H20N3OBr,338.0,1.48,4.16,-8.471,-0.681027566474373,0.21290981422904878,-0.23405887612266213,3.739912793436302,2.75,3.72,-150.0,HIGHDIVERSITY_CRAFT
Druglike_760,Druglike,O=C(O)CC/C=C/CCC1=CC=C(C(=O)C2=NC(=O)ON2)N1,23/000000029,C14H15N3O5,305.0,0.34,4.13,-8.55,-0.7691092591220059,0.30004187389484943,-0.23453369261357823,3.324562315003135,4.94,3.58,0.0,DRUGLIKE_CONCAT
HighDiv_1439,HighDiv,O=C(OCC1=CSC=C1CO)[C@@H](Br)C1=CC=CC2=C1NC=C2,5/000000007,C16H14NO3SBr,380.0,2.63,4.21,-8.337,-0.5342247453949867,0.06511619403642567,-0.2345542756792805,3.570180274259961,7.13,3.58,-190.0,HIGHDIVERSITY_CRAFT
HighDiv_552,HighDiv,C=C(N[C@@H](S)CO)C(=O)C1=CC(Cl)=C(Br)C(O)=C1,12/000000600,C11H11NO3SClBr,352.0,2.78,4.43,-7.751,0.11170766735431488,-0.5812051599402671,-0.23474874629297612,3.935231426534841,4.48,2.48,-190.0,HIGHDIVERSITY_CONCAT
Druglike_931,Druglike,O=C(C1=CCCN1)C1=NC2=C(N=NN2)C(O)=N1,7/000000101,C9H8N6O2,232.0,0.02,4.05,-8.762,-1.0039937728490251,0.5338646162891478,-0.23506457827993865,4.035410380898641,1.19,19.6,-40.0,DRUGLIKE_CONCAT
Druglike_624,Druglike,CCNCC1=COC=C(C[C@H](O)/C=C/C2=CC=C(Cl)C(Cl)=C2)C1,13/000000178,C18H21NO2Cl2,353.0,3.37,4.2,-8.362,-0.5635853096108634,0.09268963063952732,-0.23544783948566805,3.737578465194967,3.31,4.94,-200.0,DRUGLIKE_CONCAT
Druglike_392,Druglike,NCCC1=C(Br)C=C(/C=C/[C@H]2NC(=O)C=C2CN)C=N1,13/000000127,C14H19N4OBr,339.0,-0.38,4.37,-7.909,-0.06445571794094823,-0.4069410406086678,-0.23569837927480802,5.027497437739368,6.61,3.85,-150.0,DRUGLIKE_CONCAT
Druglike_410,Druglike,CCCOCCN1C=C(CC/N=C2/CCCN2)C(CC(=O)O)=N1,14/000000015,C16H25N4O3,321.0,0.05,4.35,-7.962,-0.12317684637270433,-0.3484853550100932,-0.23583110069139876,3.4196194932535544,2.35,23.5,-80.0,DRUGLIKE_CONCAT
HighDiv_547,HighDiv,C=C(CO)C(=O)C1=CC(N=O)=C(Br)C=C1O,12/000000452,C10H8NO4Br,286.0,1.19,4.43,-7.748,0.11170766735431488,-0.5845139723326395,-0.2364031524891623,3.3711144094142655,4.58,2.35,0.0,HIGHDIVERSITY_CONCAT
HighDiv_508,HighDiv,C=CCNCC(=C)C(=O)C1=CC(N=O)=C(Br)C=C1O,12/000001008,C13H14N2O3Br,326.0,2.13,4.46,-7.668,0.19978936000194772,-0.6727489694625636,-0.23647980473030794,4.307872472936282,2.31,2.35,-40.0,HIGHDIVERSITY_CONCAT
Druglike_2014,Druglike,C=CC1=C(O)N=CC=C1COC(=O)C1=CN=C(C(=O)O)N1,5/000000009,C13H11N3O5,289.0,0.83,4.07,-8.706,-0.945272644417269,0.4721001182982,-0.2365862630595345,3.1857507822358837,3.02,3.7,0.0,DRUGLIKE_MAYBRIDGE
HighDiv_1020,HighDiv,CC1=C(C2=CC(C(N)=O)=NO2)C(O)=CC=C1Br,10/000000008,C11H9N2O3Br,297.0,2.12,4.11,-8.599,-0.8278303875537594,0.3540858096369274,-0.236872288958416,2.6080568828439006,0.97,2.22,-200.0,HIGHDIVERSITY_CONCAT
Druglike_837,Druglike,C=C(CC(=O)C1=C(F)C(O)=CC=C1)[C@@H](CN)C1=CCC=CO1,12/000000021,C17H18NO3F,303.0,1.62,4.09,-8.652,-0.8865515159855155,0.412541495235501,-0.23700501037500726,4.022712682834994,7.51,3.72,-150.0,DRUGLIKE_CONCAT
Druglike_999,Druglike,COC1=CC(OCC2=COC[C@@H](C#CC(=O)O)O2)=CC(N)=C1,19/000000001,C15H15NO6,305.0,1.48,4.02,-8.838,-1.092075465496658,0.6176878635625742,-0.2371938009670419,3.863911539768647,2.74,21.6,-190.0,DRUGLIKE_CONCAT
HighDiv_548,HighDiv,C/C=C\C=C(/CO)C(=O)C1=C(O)C=C(Br)C(N=O)=C1,12/000001033,C13H12NO4Br,326.0,1.78,4.43,-7.745,0.11170766735431488,-0.5878227847250117,-0.23805755868534842,3.576912291940806,4.09,2.35,-60.0,HIGHDIVERSITY_CONCAT
Druglike_1666,Druglike,C/C=C/CC1=CC(NC(N)=O)=C(NC(=O)C2NC=CN2)C=C1,4/000000172,C15H19N5O2,301.0,0.39,4.06,-8.729,-0.9746332086331483,0.4974676799730528,-0.23858276433004774,3.2634918435391143,3.96,6.77,-190.0,DRUGLIKE_LANAPDB
Druglike_398,Druglike,NC/C=C(\C1=CCN=CN1)C1=NN=C(CCCCO)O1,14/000000011,C13H19N5O2,277.0,0.8,4.36,-7.93,-0.09381628215682498,-0.38377935386206286,-0.2387978180094439,3.84187096780523,4.41,23.5,0.0,DRUGLIKE_CONCAT
Druglike_527,Druglike,OC1=CC2=C(C=C1C#CCCCCCCl)NCO2,21/000000079,C14H16NO2Cl,265.0,3.66,4.25,-8.222,-0.41678248853147704,-0.061721614337840354,-0.2392520514346587,3.190629627175346,0.66,15.9,-40.0,DRUGLIKE_CONCAT
HighDiv_2195,HighDiv,O=NC1=C(C2=COC(CNCO)=N2)C(F)=C(Cl)C=C1,9/000000043,C11H9N3O3FCl,285.0,1.39,4.18,-8.404,-0.6223064380426195,0.13901300413273723,-0.24164671695494117,3.3507084500557216,1.85,2.35,-160.0,HIGHDIVERSITY_MAYBRIDGE
Druglike_650,Druglike,O=C1C=C[C@@H](C#CC2=C(CO)C=CC(F)=N2)N1,13/000000060,C12H9N2O2F,232.0,0.29,4.18,-8.404,-0.6223064380426195,0.13901300413273723,-0.24164671695494117,4.220254268144529,4.72,18.9,-150.0,DRUGLIKE_CONCAT
Druglike_962,Druglike,OCC1=CC(CCCl)=C[C@@H](/C=C/C2=CN=CC(Br)=C2)N1,13/000000003,C15H16N2OClBr,355.0,2.26,4.03,-8.803,-1.0627149012807786,0.5790850523182343,-0.24181492448127218,4.236409149711605,5.13,3.72,-150.0,DRUGLIKE_CONCAT
HighDiv_1713,HighDiv,NNCN[C@@H](CC1=CC2=C(C=CC=C2CBr)N1)C(=O)CO,19/000000001,C14H19N4O2Br,355.0,0.51,4.43,-7.737,0.11170766735431488,-0.5966462844380042,-0.24246930854184465,3.595921137244618,6.61,2.48,-190.0,HIGHDIVERSITY_LANAPDB
Druglike_789,Druglike,CCCC1=CN=C([C@@H](CO)C2=CN=C(C#CC(=O)O)C=C2)O1,26/000000007,C16H16N2O4,300.0,0.66,4.12,-8.562,-0.7984698233378826,0.3132771234643366,-0.242596349936773,3.6766356092475543,2.34,22.6,-190.0,DRUGLIKE_CONCAT
Druglike_1673,Druglike,NC(=O)NC1=CC(O)=CC=C1/C=C/CC1=COC=C1,4/000000324,C14H14N2O3,258.0,0.95,4.04,-8.773,-1.0333543370649019,0.5459969283945115,-0.24367870433519517,2.772684840960416,2.74,3.58,-40.0,DRUGLIKE_LANAPDB
Druglike_468,Druglike,NC(=O)C1=NC=C(C2=CON=C2O)C=C1CBr,3/000000258,C10H8N3O3Br,298.0,1.05,4.29,-8.107,-0.2993402316679674,-0.18855942271210638,-0.24394982719003688,3.286856761873288,4.66,18.1,-120.0,DRUGLIKE_CONCAT
Druglike_1876,Druglike,CC1=CC=CC=C1C1=CC(=O)C=C(CN)N1,15/000000205,C13H14N2O,214.0,1.74,4.27,-8.158,-0.35806136009972356,-0.13230961204177963,-0.24518548607075158,2.4135392445791,3.73,2.22,-180.0,DRUGLIKE_MAYBRIDGE
Druglike_581,Druglike,CCOCC1=CC=C(CC2=CC(C(=O)O)=CN2)C(CO)=C1,6/000000017,C16H19NO4,289.0,1.44,4.22,-8.29,-0.5048641811791099,0.013278133222594645,-0.24579302397825764,2.608177127602966,2.06,3.7,-80.0,DRUGLIKE_CONCAT
HighDiv_615,HighDiv,FC1=CC(S)=C(Br)C(NC2=CN=CC(O[C@@H]3CCOC3)=C2)=C1,16/000000001,C15H14N2O2SFBr,385.0,3.23,4.38,-7.863,-0.03509515372507148,-0.4576761639583734,-0.24638565884172245,3.4212549995346873,7.06,19.3,-150.0,HIGHDIVERSITY_CONCAT
HighDiv_534,HighDiv,NC/C=C(\CN)C(=O)C1=CC(N=O)=C(Br)C=C1O,12/000000549,C11H13N3O3Br,315.0,0.33,4.44,-7.703,0.14106823157019424,-0.6341461582182216,-0.2465389633240137,4.0735817721457614,4.11,2.35,-20.0,HIGHDIVERSITY_CONCAT
Druglike_1545,Druglike,O=C(O)C1=CC=C(/C=C/C2CCNCC2)C(Br)=C1,26/000000002,C14H15NO2Br,309.0,2.64,4.22,-8.288,-0.5048641811791099,0.011072258294347768,-0.24689596144238107,2.534788276670648,5.88,3.85,-150.0,DRUGLIKE_LANAPDB
HighDiv_928,HighDiv,C=C[C@@H](/C=C/CC1=C(CN)N=C(C(=O)O)O1)C1=CN=NN1,3/000000088,C13H15N5O3,289.0,-0.22,4.16,-8.447,-0.681027566474373,0.18643931509007058,-0.2472941256921512,4.7333756352889464,4.75,5.21,-150.0,HIGHDIVERSITY_CONCAT
HighDiv_1376,HighDiv,OC/C=C/NC1=C(O)C=C(Br)C(C2=NC=C(I)C=C2)=C1,28/000000019,C14H12N2O2BrI,447.0,3.63,4.33,-7.994,-0.18189797480445782,-0.31319135615812355,-0.24754466548129067,3.1003828283584713,4.25,15.8,-160.0,HIGHDIVERSITY_CRAFT
HighDiv_625,HighDiv,O=C(O)CC1=NNC(C2=NC(C=S)=CC=C2I)=N1,4/000000205,C10H7N4O2SI,374.0,1.58,4.37,-7.887,-0.06445571794094823,-0.43120566481939715,-0.2478306913801727,3.543971118299607,6.38,21.7,-120.0,HIGHDIVERSITY_CONCAT
Druglike_1892,Druglike,NCC1=CC(C2=CC(=O)C=C(CN)N2)=CC=C1,15/000000036,C13H16N3O,230.0,0.64,4.25,-8.206,-0.41678248853147704,-0.07936861376382517,-0.24807555114765112,3.2046521587636327,4.11,2.22,-160.0,DRUGLIKE_MAYBRIDGE
HighDiv_738,HighDiv,OCCC[C@H](C#CC1=CC(O)=CC(O)=C1)C1=CN=NN1,23/000000207,C14H15N3O3,273.0,1.19,4.28,-8.126,-0.3287007958838442,-0.16760361089374928,-0.24815220338879673,4.061677975622538,6.86,21.4,-150.0,HIGHDIVERSITY_CONCAT
Druglike_1041,Druglike,CCN(C)C(=O)C/C=C\CC1=CC(CO)=C2OCNC2=C1,21/000000064,C16H22N2O3,290.0,1.23,4.0,-8.871,-1.1507965939284115,0.6540847998786693,-0.2483558970248711,3.376422759936734,5.12,17.2,-120.0,DRUGLIKE_CONCAT
HighDiv_893,HighDiv,CC1=CC=C(CCC2=C(CF)C(O)=CC=C2O)C(Br)=C1,4/000000314,C16H16O2FBr,339.0,4.48,4.18,-8.39,-0.6223064380426195,0.12357187963500124,-0.24936727920380913,2.518529501685144,6.16,2.48,-20.0,HIGHDIVERSITY_CONCAT
Druglike_1323,Druglike,CNCC1=C(C/C=C\C2=CC[C@@H](C(=O)CBr)O2)ON=C1O,4/000000044,C14H18N2O4Br,358.0,1.53,4.06,-8.709,-0.9746332086331483,0.4754089306905723,-0.249612138971288,5.222543823033405,7.0,6.45,-170.0,DRUGLIKE_CRAFT
HighDiv_2228,HighDiv,C=CCC1=CC(/C=C/C2=NNN=N2)=C(ON)C(F)=C1,27/000000447,C12H12N5OF,261.0,2.04,4.13,-8.522,-0.7691092591220059,0.2691596248993755,-0.2499748171113152,3.345536123011696,0.61,3.58,0.0,HIGHDIVERSITY_MAYBRIDGE
Druglike_1866,Druglike,NCC1=C(C(=O)C[C@H]2CCCOO2)C=C(C(=O)O)N1,5/000000022,C12H16N2O5,268.0,-0.35,4.3,-8.069,-0.2699796674520907,-0.2304710463488186,-0.25022535690045467,3.893895410670291,3.92,2.35,-150.0,DRUGLIKE_MAYBRIDGE
HighDiv_623,HighDiv,C=C[C@@H](C#CC1=CC(CO)=CC(O)=C1)CCO,23/000000146,C14H16O3,232.0,1.57,4.37,-7.882,-0.06445571794094823,-0.4367203521400173,-0.25058803504048277,3.679754922809016,2.16,14.6,-150.0,HIGHDIVERSITY_CONCAT
HighDiv_723,HighDiv,O=C(O)CCC1=CC(O)=CC(N2CCNC2=O)=C1,28/000000251,C12H14N2O4,250.0,0.04,4.29,-8.094,-0.2993402316679674,-0.2028976097457189,-0.25111892070684316,2.384092656761146,2.55,16.0,-140.0,HIGHDIVERSITY_CONCAT
HighDiv_2127,HighDiv,C=CNC1=CC(OC/C=C\[C@@H](N)NC)=CC=C1[N+](=O)[O-],29/000000008,C13H18N4O3,278.0,1.61,4.31,-8.04,-0.24061910323621394,-0.26245623280841796,-0.2515376680223159,3.6656846005765304,7.62,2.48,-170.0,HIGHDIVERSITY_MAYBRIDGE
Druglike_605,Druglike,NCCCC1=NNC(/C=C/C2=C(I)C=CC(O)=C2)=C1,28/000000299,C14H16N3OI,369.0,3.23,4.21,-8.306,-0.5342247453949867,0.030925132648579465,-0.2516498063732036,3.1608822768578504,6.24,3.58,0.0,DRUGLIKE_CONCAT
HighDiv_685,HighDiv,O=NC1=CC(C(=O)CO)=CC(NC=S)=C1Br,12/000000716,C9H7N2O3SBr,303.0,0.69,4.32,-8.013,-0.2112585390203346,-0.29223554433976645,-0.2517470416800505,3.531652589838493,4.84,18.6,0.0,HIGHDIVERSITY_CONCAT
Druglike_1201,Druglike,O=C(C1=NC=C(Cl)C(CO)=C1)[C@H]1C=C(CO)C=CC1,19/000000016,C14H14NO3Cl,279.0,0.05,4.39,-7.826,-0.0057345895091947315,-0.49848485013096416,-0.25210971982007946,3.784082348261002,6.14,2.35,-150.0,DRUGLIKE_CRAFT
Druglike_1350,Druglike,OCN[C@@]1(C2=NNC(O)=C2)C=C(/C=C/C2=COC=C2)C1,20/000000003,C14H15N3O3,273.0,0.65,4.03,-8.784,-1.0627149012807786,0.5581292404998772,-0.2522928303904507,4.540487692221726,2.51,23.6,-190.0,DRUGLIKE_CRAFT
HighDiv_590,HighDiv,CCC/C(C#CCC1=C(CO)N=C(C(=O)O)O1)=C/CCO,3/000000291,C15H19NO5,293.0,0.18,4.4,-7.799,0.023625974706684625,-0.5282641616623127,-0.25231909347781406,3.781916034225274,6.34,23.8,-200.0,HIGHDIVERSITY_CONCAT
Druglike_1852,Druglike,N/C=C/[C@@H](C1=CC=C(Cl)C(F)=C1)C1=NNC(=O)O1,25/000000002,C11H9N3O2FCl,269.0,2.74,4.32,-8.011,-0.2112585390203346,-0.2944414192680153,-0.25284997914417495,3.853427112295889,5.27,20.4,-150.0,DRUGLIKE_MAYBRIDGE
HighDiv_1083,HighDiv,C=C(CC)C1=NOC(C2=CC(O)=C(F)C=C2O)=N1,6/000000058,C12H11N2O3F,250.0,2.43,4.06,-8.702,-0.9746332086331483,0.46768836844170425,-0.253472420095722,3.1028713129620877,1.57,19.7,-160.0,HIGHDIVERSITY_CONCAT
Druglike_1537,Druglike,C=C[C@H](CCC1=CC=C(CCO)C=C1)N1C=C(CN)N=N1,23/000000054,C16H22N4O,286.0,1.33,4.24,-8.222,-0.4461430527473538,-0.061721614337840354,-0.2539323335425971,3.246749768274605,2.53,6.45,-150.0,DRUGLIKE_LANAPDB
HighDiv_1739,HighDiv,CS(=O)(=O)C[C@@H](O)/C=C/C1=CC(I)=CC(O)=C1,12/000000028,C11H13O4SI,368.0,2.39,4.35,-7.928,-0.12317684637270433,-0.3859852287903107,-0.2545810375815075,3.494969652759914,2.85,2.22,-170.0,HIGHDIVERSITY_LANAPDB
HighDiv_357,HighDiv,NOC1=C(Br)C(CO)=CC(C(=O)O)=C1,12/000001101,C8H8NO4Br,262.0,0.16,4.61,-7.235,0.6401978232401094,-1.1503208914282772,-0.2550615340940839,2.6853229973345503,5.75,12.5,0.0,HIGHDIVERSITY_CONCAT
Druglike_1679,Druglike,C=CCC(=O)C1=NC=C(C2=C(CO)NC(CC)=C2)N1,4/000000338,C14H17N3O2,259.0,0.61,4.04,-8.751,-1.0333543370649019,0.5217323041837821,-0.25581101644055987,3.4236332686333704,4.24,22.0,-120.0,DRUGLIKE_LANAPDB
Druglike_1274,Druglike,NC(=O)C1=C(CC[C@H](N)CC2=C(Cl)N=CN2)C=C(Br)O1,6/000000018,C12H15N4O2ClBr,362.0,0.77,4.14,-8.484,-0.7397486949061292,0.22724800126266134,-0.2562503468217339,4.469229775401706,7.89,3.72,-150.0,DRUGLIKE_CRAFT
HighDiv_391,HighDiv,COC1=C(O)C=C(N2CCNC2=O)C=C1CCS,28/000000327,C12H16N2O3S,268.0,1.09,4.57,-7.338,0.5227555663765998,-1.0367183326235003,-0.25698138312345026,2.906635425991915,4.42,16.3,-160.0,HIGHDIVERSITY_CONCAT
HighDiv_2293,HighDiv,C=C[C@H](O)C1=CC=C(NC(=O)/C=C/C(=O)O)C=C1F,24/000000002,C13H12NO4F,265.0,0.77,4.05,-8.722,-1.0039937728490251,0.48974711772418483,-0.2571233275624202,2.9828126479280392,5.28,3.58,-150.0,HIGHDIVERSITY_MAYBRIDGE
Druglike_1327,Druglike,O=C(OCC1=NC=CC=C1C(=O)O)C1=CC(O)=CN=C1Cl,16/000000010,C13H9N2O5Cl,308.0,1.17,4.06,-8.695,-0.9746332086331483,0.4599678061928363,-0.257332701220156,2.452267493111215,6.05,2.35,0.0,DRUGLIKE_CRAFT
Druglike_814,Druglike,OC1=CC2=C(C=C1[C@H](O)CNCCC1=NON=C1)NCO2,21/000000254,C13H16N4O4,292.0,0.88,4.1,-8.587,-0.8571909517696387,0.34085056006743825,-0.25817019585110024,3.9573756951346297,2.88,5.08,-190.0,DRUGLIKE_CONCAT
Druglike_1894,Druglike,C=CC1=C(C2=NN=C(CO)O2)NC(CCO)=CC1=O,15/000000319,C12H13N3O4,263.0,0.31,4.25,-8.187,-0.41678248853147704,-0.10032442558218227,-0.25855345705682964,3.341559538589829,8.63,23.8,-120.0,DRUGLIKE_MAYBRIDGE
Druglike_1799,Druglike,O=C(O)CC1=NC(C2=C(/C=C/CO)N=CN2)=CC=C1,13/000000024,C13H13N3O3,259.0,0.38,4.44,-7.681,0.14106823157019424,-0.658410782428951,-0.2586712754293784,2.990997661473235,2.52,18.3,-180.0,DRUGLIKE_MAYBRIDGE
Druglike_2076,Druglike,O=C(O)C1=CC(CC#CC[C@H](NCCl)C2=NN=CN2)=CN1,5/000000118,C13H14N5O2Cl,307.0,1.77,4.0,-8.852,-1.1507965939284115,0.6331289880603123,-0.2588338029340496,4.37541438365922,3.52,7.03,-150.0,DRUGLIKE_MAYBRIDGE
Druglike_544,Druglike,O=C(O)[C@@H]1CN/C(=C\CC2=NC(Cl)=C(Cl)N=C2)N1,13/000000163,C10H10N4O2Cl2,288.0,0.82,4.24,-8.212,-0.4461430527473538,-0.07275098897908062,-0.2594470208632172,4.183826804603581,5.29,3.58,-150.0,DRUGLIKE_CONCAT
HighDiv_2050,HighDiv,OCCOCC1=NN=C(/C=C/C2=C(S)C(O)=CN=C2I)N1,30/000000111,C12H13N4O3SI,420.0,2.16,4.51,-7.49,0.3465921810813341,-0.8690718380766445,-0.26123982849765515,3.873802420953682,6.09,22.9,0.0,HIGHDIVERSITY_MAYBRIDGE
HighDiv_1368,HighDiv,C/C=C\C1=CC(C(N)=O)=CC(O)=C1O,3/000000139,C10H11NO3,193.0,0.93,4.34,-7.942,-0.15253741058858108,-0.37054410429257373,-0.2615407574405774,2.5959180077295603,2.6,11.8,-20.0,HIGHDIVERSITY_CRAFT
HighDiv_1574,HighDiv,CCC1=C(C(=O)C#C[C@@H](O)C2=CC=CC=C2O)OC=C1,30/000000026,C16H14O4,270.0,1.75,4.0,-8.846,-1.1507965939284115,0.6265113632755677,-0.2621426153264219,3.479534525651455,3.05,3.58,-170.0,HIGHDIVERSITY_CRAFT
Druglike_1834,Druglike,C=CCC(=O)C1=C(C(=O)O)NC(C(=O)O)=C1,5/000000064,C10H8NO5,222.0,-0.17,4.35,-7.914,-0.12317684637270433,-0.40142635328804765,-0.262301599830376,2.9942682555681124,3.39,2.48,0.0,DRUGLIKE_MAYBRIDGE
Druglike_2037,Druglike,NCC1=CC(C2=CC(=O)C=C(CCF)N2)=CC=C1,15/000000055,C14H15N2OF,246.0,2.2,4.04,-8.739,-1.0333543370649019,0.5084970546142951,-0.2624286412253034,2.677696873955716,5.23,2.22,-160.0,DRUGLIKE_MAYBRIDGE
HighDiv_2305,HighDiv,CC(=O)CC1=CNC(C#CC[C@@H](O)C2=CNC(=N)S2)=C1,27/000000562,C14H15N3O2S,289.0,1.11,4.03,-8.765,-1.0627149012807786,0.5371734286815201,-0.26277073629962927,4.521937272904203,6.34,3.72,-170.0,HIGHDIVERSITY_MAYBRIDGE
Druglike_1638,Druglike,O=C1OCC([C@@H](O)/C=C/CNC2=CC=CC=C2)=C1CF,1/000000001,C15H16NO3F,277.0,1.29,4.1,-8.578,-0.8571909517696387,0.3309241228903214,-0.26313341443965865,3.6438180565941978,7.35,3.58,-150.0,DRUGLIKE_LANAPDB
HighDiv_1281,HighDiv,C[C@H](CCN)NC(=O)C#CC1=C(O)C(O)=CN=C1CS,1/000000421,C13H17N3O3S,295.0,0.52,4.58,-7.3,0.5521161305924766,-1.0786299562602144,-0.26325691283386893,4.066252199644129,8.41,20.5,-170.0,HIGHDIVERSITY_CRAFT
HighDiv_993,HighDiv,O=NC1=CC(C(=O)C2=CN=NN2)=CC(O)=C1Br,12/000000424,C9H5N4O3Br,297.0,1.28,4.12,-8.524,-0.7984698233378826,0.2713654998276224,-0.2635521617551301,3.6789179730025854,3.76,2.35,0.0,HIGHDIVERSITY_CONCAT
HighDiv_937,HighDiv,CC1=CC(O)=C(C2=CC(C(N)=O)=NO2)C=C1Br,10/000000035,C11H9N2O3Br,297.0,2.12,4.15,-8.444,-0.7103881306902498,0.18313050269770026,-0.26362881399627475,2.551013739031191,2.03,2.22,-180.0,HIGHDIVERSITY_CONCAT
Druglike_843,Druglike,OC[C@@H](CCl)C1=NNC(/C=C/C2=CC(O)=CC=C2I)=C1,28/000000320,C14H14N2O2ClI,404.0,3.58,4.09,-8.603,-0.8865515159855155,0.35849755949342305,-0.26402697824604626,3.929311998178928,5.26,5.09,-150.0,DRUGLIKE_CONCAT
HighDiv_811,HighDiv,C=CC[C@@H](C#CC1=CC(COCC)=CC(O)=C1)CN,23/000000204,C16H21NO2,259.0,2.33,4.23,-8.229,-0.47550361696323057,-0.05400105208897236,-0.2647523345261015,3.594996136359696,3.88,16.0,-170.0,HIGHDIVERSITY_CONCAT
HighDiv_2141,HighDiv,C=CCCOCC1=NC(C2=CC=CC(F)=C2ON)=CN1,27/000000453,C14H16N3O2F,277.0,1.41,4.28,-8.095,-0.3287007958838442,-0.2017946722815935,-0.26524773408271884,3.2930097225169437,2.26,3.58,-160.0,HIGHDIVERSITY_MAYBRIDGE
Druglike_432,Druglike,CC#CC[C@H](O)C1=NC(O)=NC=C1C(=O)O,29/000000169,C10H10N2O4,222.0,-0.14,4.32,-7.988,-0.2112585390203346,-0.31980898094286714,-0.2655337599816009,3.856441170596849,6.35,15.8,-170.0,DRUGLIKE_CONCAT
HighDiv_1519,HighDiv,NNC/C=C/CC#CC1=C(N)C=CC2=C1NCC(=O)N2,18/000000031,C14H17N5O,271.0,-0.13,4.07,-8.652,-0.945272644417269,0.412541495235501,-0.266365574590884,3.768960329804392,4.76,20.6,-80.0,HIGHDIVERSITY_CRAFT
HighDiv_1364,HighDiv,CC(F)(F)C1=CC(C(=O)CO)=CC(O)=C1O,3/000000162,C10H10O4F2,232.0,0.68,4.36,-7.88,-0.09381628215682498,-0.4389262270682652,-0.26637125461254507,2.7444070119336974,2.36,16.0,-170.0,HIGHDIVERSITY_CRAFT
HighDiv_500,HighDiv,CC(=O)CC1=CC(C2=CC(O)=C(F)C=C2N=O)=C(C=S)N1,6/000000152,C14H11N2O3SF,306.0,1.63,4.47,-7.587,0.22914992421782449,-0.7620869040566121,-0.26646848991939376,3.706921353225692,4.65,25.0,-200.0,HIGHDIVERSITY_CONCAT
HighDiv_591,HighDiv,O=C(O)C1=CC=C(N2CCNC2=O)C=C1O,28/000000035,C10H10N2O4,222.0,0.06,4.4,-7.772,0.023625974706684625,-0.5580434731936622,-0.2672087492434888,2.211499174649031,3.76,14.8,-120.0,HIGHDIVERSITY_CONCAT
HighDiv_1446,HighDiv,CCC1=CC(C2=CC=C(CO)C=C2CO)=NC=N1,27/000000024,C14H16N2O2,244.0,0.7,4.19,-8.331,-0.5929458738267401,0.058498569251681114,-0.26722365228752953,2.418678774408205,4.67,11.2,-180.0,HIGHDIVERSITY_CRAFT
HighDiv_832,HighDiv,COCC/C=C/C1=CC=C(I)C(C2=NC(CC(=O)O)=NN2)=N1,4/000000077,C14H15N4O3I,414.0,2.1,4.22,-8.251,-0.5048641811791099,-0.029736427878242988,-0.2673003045286765,3.258806483737625,5.41,22.6,-160.0,HIGHDIVERSITY_CONCAT
HighDiv_866,HighDiv,C[C@@H](O)C1=C(CC(=O)/C=C\C2=CCC2)OC(C(=O)O)=N1,3/000000100,C14H15NO5,277.0,-0.35,4.2,-8.303,-0.5635853096108634,0.02761632025620915,-0.2679844946773271,3.9411445073364377,6.96,3.72,-170.0,HIGHDIVERSITY_CONCAT
Druglike_574,Druglike,NC1=C(/C=C/CNCCO)C=C(C2=NC=NN2)C=C1,27/000000046,C13H17N5O,259.0,0.48,4.23,-8.222,-0.47550361696323057,-0.061721614337840354,-0.26861261565053546,2.889922509958083,4.89,18.5,-120.0,DRUGLIKE_CONCAT
Druglike_1936,Druglike,CC1=NC(Cl)=CN1CCC1=CC=C([C@H](O)CO)C=C1,11/000000001,C14H17N2O2Cl,280.0,1.9,4.18,-8.355,-0.6223064380426195,0.08496906839065933,-0.2686686848259801,2.8487485311347314,5.97,3.72,-170.0,DRUGLIKE_MAYBRIDGE
Druglike_1977,Druglike,O=C(O)CC1=C(CF)C(C2=CC(CO)=CC(O)=C2)=CO1,1/000000166,C14H13O5F,280.0,1.03,4.12,-8.514,-0.7984698233378826,0.26033612518638216,-0.26906684907575024,2.956425445741088,5.88,2.35,-120.0,DRUGLIKE_MAYBRIDGE
HighDiv_1484,HighDiv,CCC1=NC=C(O)C(O)=C1C#CC(=O)NCCCC(C)=O,1/000000496,C15H18N2O4,290.0,0.75,4.12,-8.514,-0.7984698233378826,0.26033612518638216,-0.26906684907575024,3.1089156852094977,6.83,20.0,-110.0,HIGHDIVERSITY_CRAFT
Druglike_520,Druglike,O=C(O)/C(=C\[C@@H](O)C1=CC2=C(OCN2)C(CO)=C1)CCl,21/000000117,C13H13NO5Cl,298.0,-0.32,4.26,-8.14,-0.3874219243156003,-0.15216248639601132,-0.26979220535580584,4.088206278898209,3.22,18.1,-190.0,DRUGLIKE_CONCAT
HighDiv_719,HighDiv,C=CC1=C(CC)C=C(N2CCNC2=O)C=C1O,28/000000023,C13H16N2O2,232.0,1.44,4.29,-8.06,-0.2993402316679674,-0.24039748352593543,-0.26986885759695145,2.861729756963305,4.13,14.2,-140.0,HIGHDIVERSITY_CONCAT
HighDiv_1306,HighDiv,C=CCC1=CC(O)=C(O)C=C1C(=O)CCNN,3/000000082,C12H16N2O3,236.0,0.54,4.48,-7.554,0.25851048843370383,-0.7984838403727051,-0.26998667596950066,2.9129281203020945,3.02,3.58,0.0,HIGHDIVERSITY_CRAFT
Druglike_422,Druglike,OCC1=CC(CCOC/C=C\CCCCl)=CC(O)=C1,28/000000054,C15H21O3Cl,284.0,2.55,4.34,-7.926,-0.15253741058858108,-0.3881911037185586,-0.2703642571535698,2.692515610191183,4.18,3.58,0.0,DRUGLIKE_CONCAT
Druglike_1539,Druglike,O=C(O)C1=CC=C(C2=CC=C(OCCO)C(Cl)=C2)O1,20/000000069,C13H11O5Cl,282.0,2.12,4.24,-8.192,-0.4461430527473538,-0.09480973826156115,-0.27047639550445746,2.059003370229888,5.58,5.09,-120.0,DRUGLIKE_LANAPDB
HighDiv_825,HighDiv,N[C@@H](CO)CCC1=C(Br)C(N=O)=CC(C(=O)CCl)=C1,12/000000932,C12H15N2O3ClBr,350.0,1.4,4.22,-8.245,-0.5048641811791099,-0.03635405266298754,-0.2706091169210487,4.269655181864691,3.21,3.58,-150.0,HIGHDIVERSITY_CONCAT
HighDiv_1722,HighDiv,C#CCNCCC[C@@H](C#CC1=CC(S)=CC=C1I)NO,8/000000050,C15H18N2OSI,401.0,4.29,4.39,-7.79,-0.0057345895091947315,-0.5381905988394295,-0.2719625941743121,5.178519415761345,2.7,21.6,-189.0,HIGHDIVERSITY_LANAPDB
HighDiv_340,HighDiv,NCC1=CC(C(=O)O)=CC(ON)=C1Br,12/000001103,C8H9N2O3Br,261.0,0.09,4.63,-7.151,0.6989189516718629,-1.242967638414698,-0.2720243433714175,2.7401911886027417,5.59,12.7,0.0,HIGHDIVERSITY_CONCAT
HighDiv_240,HighDiv,O=C1NCCN1C1=CC(CCS)=C(CCO)C(O)=C1,28/000000315,C13H18N2O3S,282.0,0.52,4.74,-6.858,1.021885158046515,-1.5661283154030448,-0.2721215786782649,3.022118319431629,5.27,16.9,-140.0,HIGHDIVERSITY_CONCAT
HighDiv_1110,HighDiv,CC/C=C/CC1=NOC(C2=CC(O)=C(F)C=C2O)=N1,6/000000031,C13H13N2O3F,264.0,2.74,4.04,-8.721,-1.0333543370649019,0.48864418026006134,-0.27235507840242024,2.995220206224081,2.97,20.3,-160.0,HIGHDIVERSITY_CONCAT
HighDiv_1727,HighDiv,N/C=C\C1=C(S)C([N+](=O)[O-])=CC([N+](=O)[O-])=C1,10/000000080,C8H7N3O4S,241.0,1.95,4.38,-7.814,-0.03509515372507148,-0.5117200997004523,-0.27340762671276186,3.295929794029651,4.93,2.61,0.0,HIGHDIVERSITY_LANAPDB
Druglike_529,Druglike,OCCNC/C=C/CCC1=CC(O)=CC(C2=NNN=C2)=C1,28/000000205,C15H20N4O2,288.0,2.33,4.25,-8.158,-0.41678248853147704,-0.13230961204177963,-0.2745460502866283,2.9892928007600386,-0.11,20.4,-120.0,DRUGLIKE_CONCAT
HighDiv_572,HighDiv,O=C1NCCN1C1=CC(CCS)=C(CO)C(O)=C1,28/000000303,C12H16N2O3S,268.0,0.36,4.41,-7.732,0.052986538922561374,-0.6021609717586243,-0.27458721641803147,3.0199440413765304,4.32,16.3,-120.0,HIGHDIVERSITY_CONCAT
HighDiv_535,HighDiv,C=C(CN)C(=O)C1=CC(N=O)=C(Br)C=C1O,12/000000456,C10H10N2O3Br,286.0,1.12,4.44,-7.651,0.14106823157019424,-0.6914989063526727,-0.27521533739123927,3.9371056182054742,4.03,2.35,0.0,HIGHDIVERSITY_CONCAT
HighDiv_2084,HighDiv,NN[C@H](N)CNCCCOC1=CC=C([N+](=O)[O-])C=C1,29/000000006,C11H19N5O3,269.0,0.2,4.43,-7.677,0.11170766735431488,-0.6628225322854477,-0.2755574324655664,2.9179584005106403,4.79,2.22,-150.0,HIGHDIVERSITY_MAYBRIDGE
Druglike_1923,Druglike,O=C(OC1=CC(O)=C(Cl)C=C1)C1=C(I)C=CC(CCCCO)=C1,5/000000176,C17H16O4ClI,446.0,4.87,4.2,-8.289,-0.5635853096108634,0.012175195758471207,-0.27570505692619607,2.3247049172046026,3.63,5.09,-89.0,DRUGLIKE_MAYBRIDGE
HighDiv_1424,HighDiv,C=C(C)CC(=O)C1=CC(CCCCCN)=C(O)C(O)=C1,3/000000086,C16H23NO3,277.0,1.69,4.23,-8.209,-0.47550361696323057,-0.07605980137145289,-0.27578170916734174,2.6519978466734884,1.0,3.58,-20.0,HIGHDIVERSITY_CRAFT
Druglike_1864,Druglike,O=C1C=C(COC/C=C/CO)NC(C2=CC=CC(CO)=C2)=C1,15/000000196,C17H19NO4,301.0,1.18,4.3,-8.022,-0.2699796674520907,-0.2823091071626496,-0.2761443873073701,2.8615805000438996,4.21,3.58,-200.0,DRUGLIKE_MAYBRIDGE
HighDiv_2062,HighDiv,C[C@@H](N)CC1=NN=C(/C=C/C2=C(I)N=CC=C2S)N1,30/000000174,C12H15N5SI,388.0,3.31,4.49,-7.516,0.28787105264958057,-0.8403954640094193,-0.2762622056799194,4.840261738681902,8.05,3.58,-170.0,HIGHDIVERSITY_MAYBRIDGE
Druglike_1800,Druglike,O=C(O)/C=C/C1=C(C2=NC(CO)=CC=C2)NC=N1,13/000000014,C12H11N3O3,245.0,0.24,4.44,-7.647,0.14106823157019424,-0.6959106562091685,-0.27742121231948713,2.8899339780281146,2.95,17.7,-160.0,DRUGLIKE_MAYBRIDGE
HighDiv_1129,HighDiv,C=C(CCC)C1=NOC(C2=CC(O)=C(F)C=C2O)=N1,6/000000044,C13H13N2O3F,264.0,2.78,4.04,-8.71,-1.0333543370649019,0.47651186815469765,-0.27842123445510214,3.052505452400257,2.38,20.3,-180.0,HIGHDIVERSITY_CONCAT
Druglike_868,Druglike,N[C@@H](CC(=O)NC1=C(Cl)C(O)=CC=C1)C1=NC=NN1,29/000000014,C11H12N5O2Cl,281.0,0.28,4.07,-8.63,-0.945272644417269,0.38827687102477354,-0.27849788669624775,3.101702087012817,6.74,3.58,-150.0,DRUGLIKE_CONCAT
Druglike_289,Druglike,O=C(O)/C=C(\C(=O)O)C1=CC=C(CO)C(O)=C1,28/000000329,C11H10O6,238.0,0.23,4.46,-7.591,0.19978936000194772,-0.7576751542001153,-0.2789428970990838,2.516614274148248,3.31,2.22,-60.0,DRUGLIKE_CONCAT
Druglike_561,Druglike,O=C1C=C([C@H](C(=O)O)C2=NC(O)=NC(CBr)=C2)CO1,29/000000015,C11H9N2O5Br,329.0,0.04,4.23,-8.203,-0.47550361696323057,-0.08267742615619746,-0.27909052155971403,4.089149943437958,4.38,2.22,-170.0,DRUGLIKE_CONCAT
Druglike_575,Druglike,C=C(C1=CCCCO1)C1=C(CC(=O)CO)C(O)=NO1,3/000000057,C13H15NO5,265.0,0.73,4.23,-8.203,-0.47550361696323057,-0.08267742615619746,-0.27909052155971403,3.733086969649335,1.94,21.2,-40.0,DRUGLIKE_CONCAT
HighDiv_792,HighDiv,O=NC1=C(Br)C(CC(=O)O)=CC(C(=O)CCO)=C1,12/000000136,C11H10NO5Br,316.0,0.75,4.25,-8.149,-0.41678248853147704,-0.14223604921889646,-0.27950926887518673,2.964695233684223,2.68,3.58,-20.0,HIGHDIVERSITY_CONCAT
HighDiv_636,HighDiv,C/C=C(C)/C=C/CC1=C(CO)N=C(C(=O)O)O1,3/000000257,C12H15NO4,237.0,0.39,4.36,-7.856,-0.09381628215682498,-0.4653967262072424,-0.2796065041820337,3.5871515316733324,3.59,3.85,-80.0,HIGHDIVERSITY_CONCAT
HighDiv_848,HighDiv,O=C(O)C1=NN=C(C2=NON=C2C(=O)O)N1,8/000000002,C6H2N5O5,224.0,0.73,4.21,-8.253,-0.5342247453949867,-0.02753055294999415,-0.2808776491724904,3.39003973408959,1.03,2.35,-100.0,HIGHDIVERSITY_CONCAT
Druglike_1902,Druglike,N[C@H](/C=C\CC1=C(Br)C=CC(C(=O)O)=C1)C(=O)O,7/000000003,C12H11NO4Br,313.0,1.15,4.24,-8.173,-0.4461430527473538,-0.11576555007991825,-0.28095430141363603,3.150393496911274,8.32,3.58,-150.0,DRUGLIKE_MAYBRIDGE
Druglike_481,Druglike,C=C(COC(=O)CCCBr)CC(=O)C1=NC(N)=C2C=NNC2=N1,21/000000100,C14H16N5O3Br,382.0,1.7,4.28,-8.066,-0.3287007958838442,-0.2337798587411909,-0.2812403273125176,3.3003784748969114,4.08,24.1,-60.0,DRUGLIKE_CONCAT
Druglike_702,Druglike,NC(=O)C1=NC=C(C(=O)C#CC2=NC(Cl)=CN2)O1,30/000000002,C10H5N4O3Cl,264.0,-0.12,4.16,-8.385,-0.681027566474373,0.11805719231438012,-0.2814851870799964,3.964038502914992,-0.98,3.58,-40.0,DRUGLIKE_CONCAT
Druglike_1535,Druglike,CCCCCCCC1=NC=C(C2=C(CN)NC(CO)=C2)N1,4/000000219,C16H26N4O,290.0,1.24,4.24,-8.172,-0.4461430527473538,-0.1168684875440417,-0.2815057701456977,2.9799505435090925,3.6,20.5,-120.0,DRUGLIKE_LANAPDB
HighDiv_1429,HighDiv,CCCN(CCN)CCNC(=O)C#CC1=C(O)C(O)=CN=C1,1/000000531,C15H23N4O3,307.0,-0.12,4.22,-8.225,-0.5048641811791099,-0.05841280194546808,-0.281638491562289,4.829498559253656,1.88,20.6,-80.0,HIGHDIVERSITY_CRAFT
HighDiv_318,HighDiv,NCC/C=C(\CNN)C(=O)C1=CC(N=O)=C(Br)C=C1O,12/000000484,C12H15N4O3Br,343.0,0.27,4.65,-7.08,0.757640080103619,-1.3212761983675052,-0.2818180591319431,3.6754286159042575,4.14,3.7,-40.0,HIGHDIVERSITY_CONCAT
HighDiv_1011,HighDiv,O=C(O)C1=NC(CO)=C(CCNCC2=C(Cl)C=NN2)O1,3/000000286,C11H14N4O4Cl,301.0,-0.3,4.11,-8.516,-0.8278303875537594,0.26254200011463097,-0.2826441937195642,4.27052870747935,5.23,3.85,0.0,HIGHDIVERSITY_CONCAT
Druglike_788,Druglike,NCC[C@H](/C=C/C1=CN=C(C(=O)O)C(Br)=C1)C1=NC=NC=N1,13/000000014,C14H14N5O2Br,364.0,-0.03,4.12,-8.489,-0.7984698233378826,0.23276268858328245,-0.2828535673773001,3.792472085674353,7.76,5.21,-150.0,DRUGLIKE_CONCAT
Druglike_273,Druglike,O=C(O)C1=CN=C(O)N=C1[C@@H](O)/C=C/CCl,29/000000105,C9H9N2O4Cl,244.0,-0.03,4.47,-7.557,0.22914992421782449,-0.7951750279803329,-0.2830125518812542,3.988472297609371,5.02,3.72,-150.0,DRUGLIKE_CONCAT
Druglike_738,Druglike,NCC1=CC([C@@H](C#CCC2=CC=CC=C2)CO)=NC=N1,22/000000029,C16H18N3O,268.0,0.34,4.14,-8.435,-0.7397486949061292,0.17320406552058343,-0.28327231469277286,3.852404542703368,1.55,15.4,-150.0,DRUGLIKE_CONCAT
HighDiv_913,HighDiv,C/C=C/C1=CC(C#CC[C@@H](O)CO)=CC(O)=C1,23/000000180,C14H16O3,232.0,1.78,4.17,-8.355,-0.6516670022584963,0.08496906839065933,-0.2833489669339185,3.41374379351278,2.2,14.6,-170.0,HIGHDIVERSITY_CONCAT
HighDiv_1546,HighDiv,C=CC1=CC(C2=C(C)C(NCCNN)=CC=C2O)=NN1,3/000000020,C14H19N5O,273.0,1.64,4.04,-8.7,-1.0333543370649019,0.46548249351345544,-0.28393592177572324,3.278478982204624,0.23,19.4,-160.0,HIGHDIVERSITY_CRAFT
Druglike_101,Druglike,CC[C@@H](N)CC(=O)C1=C(CC(=O)O)C(O)=NO1,3/000000103,C10H14N2O5,242.0,-0.27,4.76,-6.783,1.0806062864782684,-1.6488486252123478,-0.2841211693670397,3.631083498913762,2.04,2.35,-190.0,DRUGLIKE_CONCAT
Druglike_1903,Druglike,O=C(OC1=CC(O)=C(Cl)C=C1)C1=C(I)C=CC(CCCO)=C1,5/000000178,C16H14O4ClI,432.0,4.51,4.24,-8.166,-0.4461430527473538,-0.12348611232878624,-0.28481458253807,2.326619447981209,3.14,5.09,0.0,DRUGLIKE_MAYBRIDGE
Druglike_425,Druglike,C=CCCCC1=CC(O)=CC(C2=NNN=C2)=C1,28/000000194,C13H15N3O,229.0,3.8,4.33,-7.926,-0.18189797480445782,-0.3881911037185586,-0.2850445392615082,2.740585891102723,0.82,16.6,-120.0,DRUGLIKE_CONCAT
HighDiv_2109,HighDiv,NOC1=C(C2=CNC(C(=S)C=S)=N2)C=CC=C1F,27/000000372,C11H8N3OS2F,281.0,0.75,4.34,-7.899,-0.15253741058858108,-0.4179704152499081,-0.28525391291924457,3.740420349068838,3.65,2.22,-140.0,HIGHDIVERSITY_MAYBRIDGE
HighDiv_400,HighDiv,NC(=S)NC1=CC=C(CC(=O)O)C=C1,29/000000052,C9H10N2O2S,210.0,0.66,4.56,-7.313,0.49339500216072046,-1.0642917692266018,-0.28544838353294066,1.8320830148419347,1.55,2.22,-60.0,HIGHDIVERSITY_CONCAT
HighDiv_1013,HighDiv,C/C=C\COCC1=CC(NC(N)=S)=CC(O)=C1S,29/000000062,C12H16N2O2S2,284.0,1.84,4.11,-8.51,-0.8278303875537594,0.25592437532988643,-0.28595300611193647,3.268378063354552,0.66,18.4,-60.0,HIGHDIVERSITY_CONCAT
Druglike_1287,Druglike,O=C(NCCl)N1C=NC([C@@H](O)CC#CCN2C=CN=C2)=N1,30/000000003,C12H13N6O2Cl,308.0,-0.29,4.11,-8.51,-0.8278303875537594,0.25592437532988643,-0.28595300611193647,4.21728438365922,1.92,3.58,-150.0,DRUGLIKE_CRAFT
HighDiv_567,HighDiv,CC/C=C(\CNCCO)C(=O)C1=CC(N=O)=C(Br)C=C1O,12/000001006,C14H17N2O4Br,357.0,1.37,4.41,-7.711,0.052986538922561374,-0.6253226585052292,-0.2861680597913339,3.39314321557387,2.49,3.7,-110.0,HIGHDIVERSITY_CONCAT
Druglike_904,Druglike,C=CCCC[C@H](C)C1=CC=C(C(=O)C2=NC(=O)ON2)N1,23/000000232,C14H17N3O3,275.0,1.67,4.06,-8.642,-0.9746332086331483,0.4015121205942607,-0.28656054401944375,3.882452657519588,5.18,3.72,-170.0,DRUGLIKE_CONCAT
HighDiv_772,HighDiv,O=C1NCCN1C1=CC(CCO)=C(CF)C(O)=C1,28/000000308,C12H15N2O3F,254.0,0.12,4.26,-8.109,-0.3874219243156003,-0.18635354778385754,-0.28688773604972895,2.9156132721457606,3.52,16.5,-140.0,HIGHDIVERSITY_CONCAT
HighDiv_972,HighDiv,C=C(C(=O)NO)C(=O)C1=CC(O)=C(Br)C(N=O)=C1,12/000000425,C10H7N2O5Br,315.0,0.97,4.13,-8.454,-0.7691092591220059,0.19415987733894052,-0.28747469089153266,3.523879583111391,4.06,2.35,-40.0,HIGHDIVERSITY_CONCAT
HighDiv_436,HighDiv,NCC1=CC(C2=CC(O)=C(F)C=C2N=O)=C(CN)N1,6/000000145,C12H13N4O2F,264.0,0.24,4.53,-7.389,0.4053133095130902,-0.9804685219531735,-0.28757760622004164,3.5624619612759965,4.81,20.7,-140.0,HIGHDIVERSITY_CONCAT
HighDiv_1507,HighDiv,O=C(O)N1C=C([N+](=O)[O-])C(CCC2=NNC(=O)O2)=N1,25/000000025,C8H6N5O6,268.0,0.1,4.09,-8.559,-0.8865515159855155,0.3099683110719643,-0.2882916024567756,3.4111101861280666,1.93,3.85,0.0,HIGHDIVERSITY_CRAFT
HighDiv_988,HighDiv,CNC(=O)C1=NOC(C2=CC(O)=C(F)C=C2O)=N1,6/000000038,C10H8N3O4F,253.0,0.92,4.13,-8.452,-0.7691092591220059,0.1919540024106917,-0.2885776283556571,2.7538775923969396,1.94,21.1,-160.0,HIGHDIVERSITY_CONCAT
Druglike_567,Druglike,O=C(/C=C/C1=C(I)C=CC(O)=C1)[C@H]1CCCNN1CF,28/000000058,C14H16N2O2FI,390.0,3.13,4.23,-8.185,-0.47550361696323057,-0.10253030051042915,-0.28901695873682987,3.9111018333437624,6.44,3.58,-150.0,DRUGLIKE_CONCAT
HighDiv_520,HighDiv,CN[C@H](Cl)CC1=C(Br)C(CO)=CC(C(=O)N=O)=C1,12/000000359,C11H12N2O3ClBr,335.0,1.68,4.45,-7.599,0.17042879578607098,-0.748851654487123,-0.289211429350526,3.814867535372812,5.26,17.8,-170.0,HIGHDIVERSITY_CONCAT
Druglike_1268,Druglike,CCCNC(=O)C1=NN=C(/C(=C\C2=NN=NN2CCl)CO)O1,29/000000005,C11H14N7O3Cl,327.0,-0.12,4.15,-8.397,-0.7103881306902498,0.13129244188386924,-0.28954784440319026,3.5367054911817943,3.8,3.87,-20.0,DRUGLIKE_CRAFT
HighDiv_551,HighDiv,C=C(CN)C(=O)C1=CC(N=O)=C(Br)C=C1O,12/000000983,C10H9N2O3Br,285.0,1.12,4.43,-7.651,0.11170766735431488,-0.6914989063526727,-0.2898956194991789,3.410905618205474,4.57,2.35,0.0,HIGHDIVERSITY_CONCAT
HighDiv_748,HighDiv,O=NC1=C(N2C=NC(S)=N2)C=C(O)C(F)=C1,6/000000012,C8H5N4O2SF,240.0,1.3,4.27,-8.075,-0.35806136009972356,-0.223853421564076,-0.29095739083189975,3.659652671152528,3.09,20.2,-120.0,HIGHDIVERSITY_CONCAT
Druglike_891,Druglike,O=C(O)C1=C(/C=C/C2=C(F)C=CC(F)=C2)[C@H](CO)NC1=O,16/000000046,C14H11NO4F2,295.0,0.83,4.06,-8.634,-0.9746332086331483,0.39268862088126927,-0.2909722938759395,3.3802641002584117,7.16,23.2,-150.0,DRUGLIKE_CONCAT
HighDiv_2325,HighDiv,NCC1=C(C#CC(=O)OCC2=CC=CN2)C(I)=NC=C1O,30/000000065,C14H13N3O3I,398.0,1.76,4.01,-8.766,-1.1214360297125348,0.5382763661456436,-0.2915798317834456,4.096826410523435,8.62,22.7,0.0,HIGHDIVERSITY_MAYBRIDGE
Druglike_1865,Druglike,C=C[C@@H](O)CC1=CC(C(=O)NCCC(=O)O)=CC=C1,27/000000086,C14H17NO4,263.0,1.03,4.3,-7.994,-0.2699796674520907,-0.31319135615812355,-0.2915855118051071,2.564818878349202,6.92,3.58,-150.0,DRUGLIKE_MAYBRIDGE
Druglike_486,Druglike,COCNC/C=C/C1=CC(C2=NNN=C2)=CC(O)=C1,28/000000253,C13H16N4O2,260.0,2.67,4.28,-8.047,-0.3287007958838442,-0.254735670559548,-0.2917182332216961,3.1473124400280135,1.49,19.2,-140.0,DRUGLIKE_CONCAT
Druglike_1042,Druglike,C=C(CCCC1=CC(O)=CC(C2=NNN=C2)=C1)NCCC,28/000000426,C16H22N4O,286.0,4.21,4.0,-8.792,-1.1507965939284115,0.5669527402128687,-0.2919219268577714,2.9133990050475536,4.68,19.8,-140.0,DRUGLIKE_CONCAT
Druglike_388,Druglike,CCC1=C(C(=O)O)OC(C(=O)C#CCN)=CC1,23/000000289,C12H13NO4,235.0,0.33,4.37,-7.805,-0.06445571794094823,-0.5216465368775691,-0.29305112740925865,3.852555210603098,3.95,3.85,-20.0,DRUGLIKE_CONCAT
Druglike_426,Druglike,O=C1C=C[C@@H](/C=C/C2=CN=C(CO)C(Br)=C2)N1,13/000000007,C12H11N2O2Br,295.0,0.78,4.33,-7.91,-0.18189797480445782,-0.4058381031445434,-0.2938680389745006,3.9626523450676063,4.87,2.35,-150.0,DRUGLIKE_CONCAT
Druglike_1308,Druglike,O=C(O)/C(=C/CC1=C(CCF)C(O)=NO1)C1=CC[C@@H](CO)O1,4/000000089,C14H15NO6F,312.0,0.8,4.09,-8.548,-0.8865515159855155,0.2978359989666006,-0.29435775850945745,4.441715457109898,9.22,5.21,-150.0,DRUGLIKE_CRAFT
Druglike_1585,Druglike,C#CCC1=CC(C2=CN=C(CCCCCCl)N2)=C(CN)N1,4/000000071,C16H21N4Cl,304.0,1.99,4.16,-8.358,-0.681027566474373,0.0882778807830316,-0.2963748428456707,3.4480243896629386,3.15,23.8,-120.0,DRUGLIKE_LANAPDB
Druglike_1218,Druglike,O=C(C1=NC=C(Cl)C(CO)=C1)[C@H]1C=C(CO)C(CF)=CC1,19/000000036,C15H15NO3FCl,311.0,0.29,4.32,-7.932,-0.2112585390203346,-0.381573478933814,-0.2964160089770743,4.010118309388663,6.46,3.7,-150.0,DRUGLIKE_CRAFT
Druglike_1622,Druglike,O=C(O)CC#CC1=CC=CC([C@H](Br)C(=O)O)=C1,19/000000014,C12H9O4Br,297.0,2.07,4.12,-8.463,-0.7984698233378826,0.20408631451605538,-0.2971917544109136,3.2338723283452,5.89,4.81,-150.0,DRUGLIKE_LANAPDB
Druglike_1247,Druglike,COCCC1=C(C/C=C(/C(=O)O)C2=CC[C@@H](CO)O2)ON=C1O,4/000000101,C15H18NO7,324.0,-0.02,4.22,-8.192,-0.5048641811791099,-0.09480973826156115,-0.2998369597203355,4.229823613123962,9.58,5.21,-170.0,DRUGLIKE_CRAFT
HighDiv_2082,HighDiv,C=CCC1=CC(F)=C(ON)C(C(=C)COCNC)=C1,27/000000027,C14H19N2O2F,266.0,1.27,4.43,-7.632,0.11170766735431488,-0.7124547181710299,-0.3003735254083575,3.546773203879548,2.33,3.58,-40.0,HIGHDIVERSITY_MAYBRIDGE
Druglike_1949,Druglike,NC(=O)C[C@@H](C#CC1=NC=CC(I)=C1O)C(=O)O,18/000000010,C11H9N2O4I,360.0,0.21,4.15,-8.377,-0.7103881306902498,0.1092336926013887,-0.3005772190444305,3.8342059969112743,4.25,19.3,-150.0,DRUGLIKE_MAYBRIDGE
Druglike_427,Druglike,OCCC1=NC(CNCCCCC2=CC=NN2)=CN=C1Cl,19/000000014,C14H20N5OCl,309.0,0.63,4.33,-7.896,-0.18189797480445782,-0.4212792276422803,-0.30158860122336906,2.9108600138747924,5.59,6.77,0.0,DRUGLIKE_CONCAT
HighDiv_1109,HighDiv,CC#CCCCCOCC1=C(S)C(O)=CC(NC(N)=S)=C1,29/000000055,C15H20N2O2S2,324.0,2.44,4.04,-8.667,-1.0333543370649019,0.42908555719736236,-0.30213438993376973,3.209146007700074,1.25,22.0,-90.0,HIGHDIVERSITY_CONCAT
Druglike_443,Druglike,COC/C=C/C1=CC(C2=NNN=C2)=CC(O)=C1,28/000000392,C12H13N3O2,231.0,2.92,4.31,-7.948,-0.24061910323621394,-0.3639264795078292,-0.30227279137202157,2.8813419350587655,0.34,17.2,-140.0,DRUGLIKE_CONCAT
HighDiv_1758,HighDiv,NOC1=CC(C2=C(S)C(CO)=CC=C2C(=O)O)=CC=C1CS,10/000000032,C15H15NO4S2,337.0,2.05,4.3,-7.972,-0.2699796674520907,-0.33745598036885194,-0.3037178239104713,3.1072572033406027,6.62,19.2,-160.0,HIGHDIVERSITY_LANAPDB
HighDiv_1399,HighDiv,NC1=C(C#C[C@@H](O)C2=CC=CC=C2O)C(C=S)=NN1,30/000000031,C13H11N3O2S,273.0,1.27,4.26,-8.075,-0.3874219243156003,-0.223853421564076,-0.3056376729398381,3.8841900405686953,5.71,2.22,-150.0,HIGHDIVERSITY_CRAFT
HighDiv_1456,HighDiv,C[C@@H](N)CC#CC1=NN(C(=O)O)C=C1[N+](=O)[O-],25/000000019,C9H11N4O4,239.0,0.74,4.17,-8.313,-0.6516670022584963,0.038645694897449415,-0.30651065368052344,4.517600421990684,2.17,23.6,-170.0,HIGHDIVERSITY_CRAFT
Druglike_1508,Druglike,C[C@@H](/C=C(\CC(=O)O)C1=NNN=C1)C1=NC=NN1,29/000000008,C10H12N6O2,248.0,0.91,4.29,-7.993,-0.2993402316679674,-0.314294293622247,-0.3068172626451072,4.0468542435176085,3.44,3.58,-170.0,DRUGLIKE_LANAPDB
HighDiv_681,HighDiv,O=NC1=CC(C(=O)CO)=CC(CCNCO)=C1Br,12/000000608,C11H13N2O4Br,317.0,0.26,4.33,-7.886,-0.18189797480445782,-0.4323086022835206,-0.3071032885439892,3.2403890523655416,2.52,3.58,0.0,HIGHDIVERSITY_CONCAT
Druglike_1484,Druglike,C=C(C(=O)O)C1=CC=C(CN[C@@H]2C=NOC2)C(Br)=C1,17/000000001,C13H13N2O3Br,325.0,2.91,4.35,-7.832,-0.12317684637270433,-0.4918672253462196,-0.307522035859462,3.792178429538215,7.0,3.58,-150.0,DRUGLIKE_LANAPDB
HighDiv_839,HighDiv,C/C=C/C1=CC(N2CCNC2=O)=CC(O)=C1,28/000000220,C12H14N2O2,218.0,1.27,4.22,-8.178,-0.5048641811791099,-0.11025086275929714,-0.30755752196920355,2.6714007830406405,0.6,13.6,-160.0,HIGHDIVERSITY_CONCAT
HighDiv_610,HighDiv,NCC1=CC(C2=CC(O)=C(F)C=C2N=O)=C(C=S)N1,6/000000148,C12H11N3O2SF,280.0,1.06,4.39,-7.725,-0.0057345895091947315,-0.6098815340074932,-0.30780806175834396,4.307520837015641,5.29,23.0,-120.0,HIGHDIVERSITY_CONCAT
HighDiv_806,HighDiv,C#C[C@H](N)C(=O)C1=CC(O)=C(Br)C(Cl)=C1,12/000000186,C10H7NO2ClBr,288.0,1.91,4.24,-8.124,-0.4461430527473538,-0.16980948582199615,-0.307976269284675,3.774909562504341,3.03,2.48,-150.0,HIGHDIVERSITY_CONCAT
HighDiv_1828,HighDiv,NCC1=CC=C([C@H](CO)C2=CC3=C(C=CC=C3CBr)N2)O1,19/000000004,C16H18N2O2Br,350.0,1.65,4.14,-8.39,-0.7397486949061292,0.12357187963500124,-0.30808840763556394,3.861156691351528,4.94,19.1,-190.0,HIGHDIVERSITY_LANAPDB
Druglike_875,Druglike,O=C(C1=CC=C(CCC[C@H](CBr)CCO)N1)C1=NC(=O)ON1,23/000000219,C14H18N3O4Br,372.0,1.58,4.07,-8.576,-0.945272644417269,0.32871824796207455,-0.30827719822759725,3.89222245788279,6.12,5.09,-150.0,DRUGLIKE_CONCAT
Druglike_566,Druglike,CC[C@@H](C/C=C/C1=CC=C(Cl)C(O)=C1)C(=O)O,7/000000009,C13H15O3Cl,254.0,3.09,4.23,-8.15,-0.47550361696323057,-0.14113311175477106,-0.30831836435900084,2.8591923952348317,7.81,3.85,-170.0,DRUGLIKE_CONCAT
Druglike_922,Druglike,CCC1=CN=C([C@@H](CO)C2=CC(O)=C(C#CCF)N=C2)O1,26/000000085,C15H15N2O3F,290.0,0.61,4.05,-8.628,-1.0039937728490251,0.38607099609652473,-0.3089613883762502,4.107637434506678,2.51,22.5,-170.0,DRUGLIKE_CONCAT
HighDiv_2071,HighDiv,O=C(O)CC1=CC=C(S)C2=C1NC=N2,22/000000054,C9H8N2O2S,208.0,1.12,4.46,-7.536,0.19978936000194772,-0.8183367147269388,-0.30927367736249556,3.0110699348045635,3.09,3.46,-40.0,HIGHDIVERSITY_MAYBRIDGE
Druglike_501,Druglike,CC#CCCCCC1=NC(O)=NC=C1C(=O)O,29/000000197,C12H14N2O3,234.0,1.34,4.27,-8.041,-0.35806136009972356,-0.2613532953442925,-0.30970732772200804,3.083126810973126,4.38,3.85,-20.0,DRUGLIKE_CONCAT
Druglike_2019,Druglike,CCC1=C(O)N=CC=C1COC(=O)C1=CN=C(C(=O)O)N1,5/000000015,C13H13N3O5,291.0,0.8,4.06,-8.599,-0.9746332086331483,0.3540858096369274,-0.31027369949811046,2.991329296824743,3.73,3.7,-20.0,DRUGLIKE_MAYBRIDGE
Druglike_1966,Druglike,O=C(CCCO)NC1=CC=C2C=CC=CC2=C1,2/000000003,C14H15NO2,229.0,2.02,4.13,-8.412,-0.7691092591220059,0.1478365038457306,-0.3106363776381377,1.6032656399253271,3.85,2.22,-80.0,DRUGLIKE_MAYBRIDGE
HighDiv_1058,HighDiv,OCC/C(=C\[C@@H]1CCCO1)NCC1=CC2=C(C=C1O)NC=C2,20/000000055,C17H22N2O3,302.0,1.77,4.08,-8.545,-0.9159120802013923,0.29452718657422833,-0.310692446813582,3.710495178106115,3.12,5.08,-190.0,HIGHDIVERSITY_CONCAT
HighDiv_1797,HighDiv,CC1=CC=C(C2=C(S)C(CO)=CC=C2C(=O)O)C=C1ON,10/000000009,C15H15NO4S,305.0,1.9,4.19,-8.252,-0.5929458738267401,-0.02863349041411759,-0.31078968212042885,2.7843035394605096,5.7,16.7,-180.0,HIGHDIVERSITY_LANAPDB
HighDiv_741,HighDiv,CCC/C(C#CCC1=C(CO)N=C(C(=O)O)O1)=C/CNN,3/000000253,C14H19N3O4,293.0,-0.27,4.28,-8.012,-0.3287007958838442,-0.2933384818038899,-0.3110196388438671,4.00140860716957,8.03,24.8,-200.0,HIGHDIVERSITY_CONCAT
Druglike_402,Druglike,OC[C@H](/C=C/C1=NN=CN1)C1=NC=C(I)C(Br)=C1,7/000000074,C11H10N4OBrI,421.0,3.2,4.36,-7.799,-0.09381628215682498,-0.5282641616623127,-0.31104022190956887,4.5013501711194195,3.5,3.85,-150.0,DRUGLIKE_CONCAT
HighDiv_1033,HighDiv,C#CC(=O)OCC1=CC=C(C#C[C@@H](O)CO)C(Cl)=C1Cl,19/000000021,C14H10O4Cl2,312.0,2.71,4.1,-8.491,-0.8571909517696387,0.2349685635115293,-0.3111111941290547,3.8580496355415654,3.04,22.0,-150.0,HIGHDIVERSITY_CONCAT
HighDiv_721,HighDiv,O=C(C#CCNC(=O)C1=C(S)C=C(I)C(S)=C1)C1=COC=C1,5/000000079,C15H10NO3S2I,443.0,3.84,4.29,-7.984,-0.2993402316679674,-0.3242207307993638,-0.31178048123366564,3.691525627048044,2.82,5.21,-60.0,HIGHDIVERSITY_CONCAT
Druglike_1985,Druglike,C#CC1=CC(C2=CC=C(C(=O)CCCN)C(O)=C2)=CO1,1/000000100,C16H16NO3,270.0,1.92,4.1,-8.489,-0.8571909517696387,0.23276268858328245,-0.3122141315931781,3.5185688173694594,1.45,5.09,-120.0,DRUGLIKE_MAYBRIDGE
Druglike_1683,Druglike,N[C@@H](/C=C/C1=CC=C(O)C(Cl)=C1)C1=NC=NC=N1,5/000000001,C12H11N4OCl,262.0,0.5,4.04,-8.648,-1.0333543370649019,0.40812974537900526,-0.3126122958429483,3.4492379539248477,2.43,2.22,-150.0,DRUGLIKE_LANAPDB
HighDiv_1425,HighDiv,O=C(CO)C1=CC(O)=C(O)C(C2=NC=CS2)=C1,3/000000116,C11H9NO4S,251.0,0.12,4.23,-8.141,-0.47550361696323057,-0.1510595489318879,-0.31328158294755926,2.7169431775852377,2.4,18.1,-120.0,HIGHDIVERSITY_CRAFT
Druglike_709,Druglike,OC1=CC2=C(C=C1CCNC[C@@H](I)C1=NON=C1)NCO2,21/000000225,C13H15N4O3I,402.0,2.46,4.16,-8.326,-0.681027566474373,0.05298388193106196,-0.3140218422716555,4.228047574075362,3.2,3.7,-190.0,DRUGLIKE_CONCAT
HighDiv_627,HighDiv,O=C1NCCN1C1=CC(CCCCS)=CC(O)=C1,28/000000249,C13H18N2O2S,266.0,1.89,4.37,-7.766,-0.06445571794094823,-0.5646610979784068,-0.3145584079596775,2.653734883005489,0.52,15.7,-140.0,HIGHDIVERSITY_CONCAT
Druglike_1450,Druglike,NCC1=NNN=C1/C(=C/CO)C1=CC=CC(Cl)=C1Cl,29/000000034,C12H13N4OCl2,299.0,3.01,4.54,-7.313,0.43467387372896693,-1.0642917692266018,-0.31480894774881746,3.621596693887361,3.82,3.58,0.0,DRUGLIKE_LANAPDB
Druglike_407,Druglike,OCC#CC1=C(I)N=C([C@@H](O)CCC2=NNN=C2)C=C1,26/000000079,C13H13N4O2I,384.0,2.44,4.36,-7.791,-0.09381628215682498,-0.5370876613753051,-0.31545197176606504,3.9109006476873143,4.66,5.09,-150.0,DRUGLIKE_CONCAT
HighDiv_2125,HighDiv,N[C@@H](C#CC1=C([N+](=O)[O-])C=CC(Cl)=C1F)C(=O)O,9/000000042,C10H6N2O4FCl,272.0,1.73,4.31,-7.924,-0.24061910323621394,-0.3903969786468064,-0.3155080409415102,3.626058595110946,2.15,2.64,-150.0,HIGHDIVERSITY_MAYBRIDGE
Druglike_663,Druglike,OC1=CC(/C=C/C2=CC(CCCF)=NN2)=C(I)C=C1,28/000000314,C14H14N2OFI,372.0,4.64,4.18,-8.27,-0.6223064380426195,-0.008780616059885891,-0.3155435270512527,3.2871156101911847,5.58,3.58,0.0,DRUGLIKE_CONCAT
HighDiv_589,HighDiv,NC(=O)NCC(=O)C1=CC(CONCCl)=C(Br)C(N=O)=C1,12/000000938,C11H12N4O4ClBr,379.0,0.95,4.4,-7.684,0.023625974706684625,-0.6551019700365788,-0.3157379976649471,3.513012041484801,5.57,3.87,-70.0,HIGHDIVERSITY_CONCAT
HighDiv_1483,HighDiv,CCCN(CCO)CCNC(=O)C#CC1=C(O)C(O)=CN=C1,1/000000492,C15H22N3O4,308.0,-0.05,4.12,-8.429,-0.7984698233378826,0.16658644073583886,-0.3159416913010219,4.81230209014899,2.02,20.4,-80.0,HIGHDIVERSITY_CRAFT
HighDiv_598,HighDiv,CNC/C=C(\CN)C(=O)C1=CC(N=O)=C(Br)C=C1O,12/000000474,C12H14N3O3Br,328.0,0.72,4.39,-7.71,-0.0057345895091947315,-0.6264255959693537,-0.3160800927392742,3.613124056646689,3.74,2.35,-60.0,HIGHDIVERSITY_CONCAT
HighDiv_442,HighDiv,N/C(=C\CS)C(=O)C1=CC(Cl)=C(Br)C(O)=C1,12/000000602,C10H9NO2SClBr,322.0,3.13,4.53,-7.337,0.4053133095130902,-1.0378212700876246,-0.3162539802872672,3.431229794029651,3.87,2.48,-20.0,HIGHDIVERSITY_CONCAT
Druglike_1270,Druglike,NC(=O)CC1=C(C/C=C(/CF)C2=CC[C@@H](C(=O)O)O2)ON=C1O,4/000000019,C14H15N2O6F,326.0,0.12,4.15,-8.348,-0.7103881306902498,0.07724850614179134,-0.3165698122742292,4.424983503233851,8.92,5.35,-150.0,DRUGLIKE_CRAFT
Druglike_1693,Druglike,CC/C=C\C[C@H](N)C1=CNC(C(=O)C2=CC(=O)NC=N2)=C1,21/000000030,C15H18N4O2,286.0,0.2,4.03,-8.667,-1.0627149012807786,0.42908555719736236,-0.3168146720417081,3.942502102042532,3.84,5.09,-170.0,DRUGLIKE_LANAPDB
HighDiv_1660,HighDiv,O=C(O)C(/C=C/[N+](=O)[O-])=C(/CO)C1=CC=C(C(=O)O)C=C1,16/000000011,C13H11NO7,293.0,0.71,4.64,-7.043,0.7282795158877396,-1.362084884540095,-0.3169026843261777,2.923104334717884,6.93,3.58,-30.0,HIGHDIVERSITY_LANAPDB
Druglike_1654,Druglike,O=C1C=C(C#C[C@H](C(=O)O)C2=NON=C2)CN1,20/000000101,C10H7N3O4,233.0,0.12,4.08,-8.533,-0.9159120802013923,0.28129193700473926,-0.31731007159832647,4.676753306606069,2.51,3.58,-150.0,DRUGLIKE_LANAPDB
Druglike_348,Druglike,NCCC[C@@H](/C=C/C1=C(F)C=CC(F)=C1)NCO,16/000000094,C13H18N2OF2,256.0,1.93,4.4,-7.681,0.023625974706684625,-0.658410782428951,-0.3173924038611332,3.3531877276805044,5.0,2.22,-150.0,DRUGLIKE_CONCAT
Druglike_298,Druglike,O=C(O)C1=C(O)C=CC2=C1OCN2,21/000000071,C8H7NO4,181.0,0.72,4.45,-7.547,0.17042879578607098,-0.8062044026215741,-0.3178878034177516,3.023812826931903,2.3,2.22,-40.0,DRUGLIKE_CONCAT
HighDiv_2167,HighDiv,O=C(O)CC1=CC=C(C2=CNN=N2)C(Cl)=C1,27/000000581,C10H8N3O2Cl,237.0,2.1,4.22,-8.159,-0.5048641811791099,-0.13120667457765423,-0.31803542787838207,2.732028475348333,4.27,3.58,-120.0,HIGHDIVERSITY_MAYBRIDGE
Druglike_475,Druglike,O=C1NC[C@@H](CCCOC2=CC=CC(Br)=C2)N1,22/000000065,C12H15N2O2Br,299.0,2.42,4.28,-7.999,-0.3287007958838442,-0.30767666883750344,-0.3181887323606738,2.939110626072317,3.4,2.22,-150.0,DRUGLIKE_CONCAT
Druglike_1300,Druglike,NC1=CC(I)=CC=C1/C=C/[C@H](C(=O)O)C1=CON=C1,13/000000010,C13H11N2O3I,370.0,2.61,4.1,-8.478,-0.8571909517696387,0.22063037647791678,-0.3182802876458609,3.805363625474355,6.97,2.35,-150.0,DRUGLIKE_CRAFT
HighDiv_2155,HighDiv,COC(=O)CC1=CC(C2=CNC=N2)=C(ON)C(F)=C1,27/000000097,C12H12N3O3F,265.0,0.67,4.24,-8.105,-0.4461430527473538,-0.19076529764035324,-0.3184541751938535,3.12697289127488,3.47,3.58,-140.0,HIGHDIVERSITY_MAYBRIDGE
Druglike_1575,Druglike,C=CCC(=O)C1=NC=C(C2=C(CF)NC(CO)=C2)N1,4/000000339,C13H14N3O2F,263.0,0.45,4.18,-8.264,-0.6223064380426195,-0.015398240844630443,-0.318852339443625,3.620802499402602,2.8,24.1,-100.0,DRUGLIKE_LANAPDB
Druglike_1847,Druglike,O=C1C=C(CCO)NC(C2=NN=C(CO)O2)=C1,15/000000070,C10H11N3O4,237.0,-0.13,4.33,-7.864,-0.18189797480445782,-0.45657322649425,-0.3192356006493539,3.1187021587636323,3.77,21.6,-120.0,DRUGLIKE_MAYBRIDGE
HighDiv_838,HighDiv,CC1=CSC(C2=CC(S(N)(=O)=O)=CC(O)=C2O)=C1,28/000000296,C11H11NO4S2,285.0,0.67,4.22,-8.156,-0.5048641811791099,-0.13451548697002652,-0.3196898340745682,2.6681163875303753,2.41,19.6,-140.0,HIGHDIVERSITY_CONCAT
HighDiv_1681,HighDiv,OC1=C(I)C=C(O)C([C@@H](O)C2=CCON2)=C1,12/000000045,C10H10NO4I,335.0,1.62,4.52,-7.356,0.37595274529721084,-1.0168654582692676,-0.3204563564860283,4.267301196617341,2.04,2.22,-150.0,HIGHDIVERSITY_LANAPDB
Druglike_1886,Druglike,CCOC(=O)C#CC1=CC(CN)=CC(O)=C1,1/000000032,C12H13NO3,219.0,1.76,4.26,-8.048,-0.3874219243156003,-0.25363273309542456,-0.3205273287055124,2.7086579159077733,2.35,14.8,-20.0,DRUGLIKE_MAYBRIDGE
Druglike_637,Druglike,NCCC(=O)OCCCCC1=CC(O)=CC(C2=NNN=C2)=C1,28/000000461,C15H20N4O3,304.0,2.47,4.19,-8.234,-0.5929458738267401,-0.04848636476835125,-0.3207161192975457,2.670806873670273,3.26,21.6,-120.0,DRUGLIKE_CONCAT
Druglike_1460,Druglike,C[C@@H](O)/C=C(/C1=NNN=C1)C1=NC(NCCl)=CN=C1,29/000000032,C11H13N6OCl,280.0,1.62,4.47,-7.487,0.22914992421782449,-0.8723806504690167,-0.32161536312559613,4.095418681110543,5.73,20.9,-170.0,DRUGLIKE_LANAPDB
Druglike_1668,Druglike,O=C(O)C/C(=C\CCCC1=NC(=O)ON1)C1=NNN=C1,29/000000040,C11H13N5O4,279.0,0.73,4.05,-8.604,-1.0039937728490251,0.35960049695754653,-0.3221966379457393,3.5373870504521667,3.97,5.09,0.0,DRUGLIKE_LANAPDB
Druglike_1435,Druglike,NC/C=C\CC1=CC=CC=C1O[C@H](CO)C(=O)O,20/000000012,C13H17NO4,251.0,0.58,4.63,-7.06,0.6989189516718629,-1.3433349476499867,-0.3222079979890619,3.07690157383435,8.29,3.58,-150.0,DRUGLIKE_LANAPDB
Druglike_551,Druglike,N[C@H](C1=COC=C1)C1=NC(I)=C(C#CC(=O)O)C=C1,26/000000023,C13H9N2O3I,368.0,1.59,4.24,-8.098,-0.4461430527473538,-0.19848585988922124,-0.3223144563182875,3.907556078304543,4.77,20.7,-150.0,DRUGLIKE_CONCAT
Druglike_719,Druglike,O=C(O)/C=C/CC1=NC(C2=NN=C(CO)O2)=CC=C1,21/000000119,C12H11N3O4,261.0,1.05,4.15,-8.337,-0.7103881306902498,0.06511619403642567,-0.32263596832691205,2.827415610191183,4.49,20.4,-120.0,DRUGLIKE_CONCAT
HighDiv_1436,HighDiv,C[C@@H](CF)NC(=O)C#CC1=C(O)C(O)=CN=C1,1/000000123,C11H11N2O3F,238.0,1.11,4.21,-8.177,-0.5342247453949867,-0.11135380022342253,-0.3227892728092046,3.977157947074295,4.23,18.1,-170.0,HIGHDIVERSITY_CRAFT
HighDiv_2080,HighDiv,NCCOC[C@H](O)/C=C\C=C\C1=CC=C(F)C(Br)=C1,24/000000011,C14H17NO2FBr,330.0,2.18,4.44,-7.564,0.14106823157019424,-0.7874544657314648,-0.3231931170806353,3.209819648696416,9.42,3.58,-150.0,HIGHDIVERSITY_MAYBRIDGE
Druglike_563,Druglike,COCC1=CC(=O)N[C@@H]1/C=C/C1=CN=C(CO)C(Br)=C1,13/000000042,C14H15N2O3Br,339.0,0.11,4.23,-8.123,-0.47550361696323057,-0.17091242328612155,-0.3232080201246761,3.953896338838268,4.7,2.35,-170.0,DRUGLIKE_CONCAT
Druglike_1454,Druglike,NC(=O)NC1=CC=CC(CC(=O)O)=C1,4/000000016,C9H10N2O3,194.0,-0.17,4.5,-7.404,0.3172316168654573,-0.963924459991313,-0.32334642156292787,1.7040826099836366,2.74,2.22,0.0,DRUGLIKE_LANAPDB
Druglike_366,Druglike,O=C(O)CC1=C(C(=O)CC2=CC=CN2)ON=C1O,3/000000173,C11H10N2O5,250.0,0.2,4.38,-7.723,-0.03509515372507148,-0.6120874089357411,-0.32359128133040627,3.2355341952226837,1.27,2.35,-60.0,DRUGLIKE_CONCAT
Druglike_1529,Druglike,O=C(C1=NON=C1)[C@H](O)C1=CC=NC2=C1NC=C2,29/000000017,C11H8N4O3,244.0,0.4,4.25,-8.069,-0.41678248853147704,-0.2304710463488186,-0.32362676744014784,3.915424118213048,4.14,3.58,-190.0,DRUGLIKE_LANAPDB
Druglike_1271,Druglike,CCCC/C=C/C1=NN=C([C@@H](C(=O)O)C2=C(CN)C(=O)CO2)O1,1/000000038,C15H19N3O5,321.0,0.76,4.15,-8.335,-0.7103881306902498,0.06291031910817879,-0.3237389057910355,4.078374815047039,7.06,5.09,-170.0,DRUGLIKE_CRAFT
HighDiv_808,HighDiv,OCC1=NC=C(/C=C/C2C=CNC=C2)C=C1C=S,7/000000021,C14H14N2OS,258.0,1.54,4.24,-8.095,-0.4461430527473538,-0.2017946722815935,-0.32396886251447365,4.068390573920909,5.09,3.58,-150.0,HIGHDIVERSITY_CONCAT
HighDiv_2259,HighDiv,CCCC1=CC(/C=C/C2=NNN=N2)=C(ON)C(F)=C1,27/000000506,C12H14N5OF,263.0,2.22,4.09,-8.494,-0.8865515159855155,0.2382773759039016,-0.32413707004080694,3.12562586660144,2.84,3.58,-20.0,HIGHDIVERSITY_MAYBRIDGE
Druglike_739,Druglike,N[C@H](C/C=C/C1=CC(O)=CC=C1I)C1=NC=CN=C1,28/000000307,C14H15N3OI,368.0,1.96,4.14,-8.357,-0.7397486949061292,0.08717494331890621,-0.3262868757936115,3.923364834956695,7.3,3.58,-150.0,DRUGLIKE_CONCAT
Druglike_1540,Druglike,N[C@@H](/C=C/C1=CC=C(O)C(Cl)=C1)C1=NN=CO1,5/000000006,C11H10N3O2Cl,251.0,2.46,4.24,-8.09,-0.4461430527473538,-0.20730935960221464,-0.3267262061747842,3.5287052296829913,2.52,2.22,-150.0,DRUGLIKE_LANAPDB
Druglike_903,Druglike,NC[C@@H](Cl)CCCCC#CC1=CC2=C(C=C1O)OCN2,21/000000156,C15H19N2O2Cl,294.0,2.76,4.06,-8.568,-0.9746332086331483,0.31989474824908115,-0.32736923019203357,3.838470688173144,0.36,17.9,-190.0,DRUGLIKE_CONCAT
HighDiv_790,HighDiv,N[C@](C#CC1=CC=CC2=C1NNC2=O)(CO)CCl,3/000000316,C12H12N3O2Cl,265.0,0.98,4.25,-8.062,-0.41678248853147704,-0.23819160859768856,-0.32748704856458277,4.071174496911273,2.81,18.5,-190.0,HIGHDIVERSITY_CONCAT
HighDiv_1344,HighDiv,C[C@@H](CO)NC(=O)C#CC1=C(O)C(O)=CN=C1CBr,1/000000549,C12H13N2O4Br,329.0,0.66,4.39,-7.689,-0.0057345895091947315,-0.6495872827159586,-0.32766093611257663,3.945769209014012,7.41,18.9,-170.0,HIGHDIVERSITY_CRAFT
HighDiv_935,HighDiv,C=C(C[C@@H](C#CC1=CC(Br)=C(O)C(Br)=C1)NN)C(=O)O,30/000000004,C13H12N2O3Br2,404.0,2.85,4.15,-8.327,-0.7103881306902498,0.0540868193951854,-0.32815065564753215,3.8476615368478058,2.32,21.2,-150.0,HIGHDIVERSITY_CONCAT
Druglike_1762,Druglike,O=C(O)/C(=C/CO)C1=CC(O)=CC=C1,5/000000049,C10H10O4,194.0,0.94,4.58,-7.182,0.5521161305924766,-1.2087765770268517,-0.3283302232171876,2.4686162132225036,3.38,3.85,0.0,DRUGLIKE_MAYBRIDGE
HighDiv_2243,HighDiv,OCC1=CC(/C=C/[C@@H]2C=CCOC2)=CC(F)=C1S,24/000000005,C14H15O2SF,266.0,2.39,4.11,-8.433,-0.8278303875537594,0.1709981905923346,-0.3284160984807124,4.113253338540233,5.01,3.58,-150.0,HIGHDIVERSITY_MAYBRIDGE
Druglike_846,Druglike,CCCCCCN1N=C(C2=NC=C(CCO)C(Br)=C2)NC1=O,7/000000008,C15H21N4O2Br,369.0,2.52,4.09,-8.486,-0.8865515159855155,0.22945387619091018,-0.32854881989730267,2.992942463886509,3.6,19.4,-180.0,DRUGLIKE_CONCAT
HighDiv_2148,HighDiv,CCOCC[C@@H](/C=C/C1=C(O)C(F)=CC(F)=C1)CO,1/000000045,C14H18O3F2,272.0,2.35,4.26,-8.033,-0.3874219243156003,-0.2701767950572859,-0.32879935968644314,3.3710511268699115,1.03,2.22,-190.0,HIGHDIVERSITY_MAYBRIDGE
Druglike_517,Druglike,CCOC[C@@H](O)C1=CNC(C(=O)C#CCN)=CC1,23/000000279,C13H18N2O3,250.0,-0.15,4.26,-8.033,-0.3874219243156003,-0.2701767950572859,-0.32879935968644314,4.346616035372813,4.46,3.58,-170.0,DRUGLIKE_CONCAT
Druglike_866,Druglike,CCCCCC1=NN=C(C#CC2=NN=C(CCO)N2CC)N1,18/000000080,C15H22N6O,302.0,4.35,4.08,-8.512,-0.9159120802013923,0.25813025025813524,-0.3288909149716285,3.4488156648790635,4.45,24.6,-100.0,DRUGLIKE_CONCAT
Druglike_636,Druglike,N[C@@H](C1=NC(I)=C(C#CC(=O)O)C=C1)C1=CN=CO1,26/000000019,C12H8N3O3I,369.0,0.83,4.19,-8.219,-0.5929458738267401,-0.06503042673021263,-0.3289881502784764,4.099999329393078,5.35,22.1,-150.0,DRUGLIKE_CONCAT
HighDiv_682,HighDiv,O=C(C#CCNC(=O)C1=C(S)C=C(I)C(S)=C1)C1=NC=CO1,5/000000072,C14H9N2O3S2I,444.0,3.08,4.33,-7.846,-0.18189797480445782,-0.47642610084848264,-0.32916203782647024,3.858991453025345,2.92,5.21,-60.0,HIGHDIVERSITY_CONCAT
Druglike_1844,Druglike,NC(N)NCCC1=CC=C(I)C(C(=O)OC2=CC=C(Cl)C(O)=C2)=C1,5/000000181,C16H15N3O3ClI,459.0,3.82,4.33,-7.845,-0.18189797480445782,-0.47752903831260707,-0.32971350655853243,2.5940992375564527,2.39,5.09,-20.0,DRUGLIKE_MAYBRIDGE
Druglike_469,Druglike,C/C=C/CO[C@H](Cl)C1=NC(O)=NC=C1C(=O)O,29/000000213,C10H11N2O4Cl,258.0,0.9,4.29,-7.949,-0.2993402316679674,-0.36282354204370576,-0.3310818868558366,3.9595944019237943,4.92,15.7,-170.0,DRUGLIKE_CONCAT
Druglike_1240,Druglike,OCCC1=NC(C2=CC=CC(I)=C2O)=NC(CO)=N1,23/000000005,C12H12N3O3I,373.0,0.3,4.23,-8.108,-0.47550361696323057,-0.18745648524798098,-0.33148005110560574,2.9872808738583334,7.28,14.1,-160.0,DRUGLIKE_CRAFT
HighDiv_1763,HighDiv,O=C([C@H](O)/C=C/C1=CC=C(O)C(S)=C1)N1COC=N1,1/000000004,C12H12N2O4S,280.0,1.5,4.3,-7.921,-0.2699796674520907,-0.3937057910391787,-0.3318427292456347,4.364999039117316,4.76,3.58,-150.0,HIGHDIVERSITY_LANAPDB
Druglike_991,Druglike,NC/C=C/CCC1=CC(C(=O)O)=C(C2=NNN=N2)C1,4/000000002,C12H16N5O2,262.0,0.19,4.02,-8.666,-1.092075465496658,0.4279826197332389,-0.33204642288170955,4.087089969165544,4.12,24.8,-80.0,DRUGLIKE_CONCAT
HighDiv_1834,HighDiv,O=C(/C=C/C1=CCON1)CCC1=CC=C(Br)C=C1O,18/000000012,C14H14NO3Br,324.0,2.81,4.13,-8.373,-0.7691092591220059,0.10482194274489103,-0.33214365818855746,3.320095097370671,4.01,3.58,0.0,HIGHDIVERSITY_LANAPDB
Druglike_1251,Druglike,O[C@H](C#CC1=CC(Cl)=CC(Cl)=C1)CNCC1=NON=C1,10/000000011,C13H12N3O2Cl2,312.0,3.55,4.21,-8.16,-0.5342247453949867,-0.1301037371135308,-0.3321642412542587,4.582312793436303,0.18,3.58,-150.0,DRUGLIKE_CRAFT
Druglike_1009,Druglike,O=C(OC1=C(Cl)N=CC(NCCCl)=C1)C1=CC(O)=CC=C1,3/000000045,C14H12N2O3Cl2,326.0,2.99,4.01,-8.692,-1.1214360297125348,0.456658993800464,-0.3323885179560354,2.4265883401192614,4.52,3.58,0.0,DRUGLIKE_CONCAT
HighDiv_702,HighDiv,CCOC1=C(N=O)C(O)=CC(N2CCNC2=O)=C1,28/000000007,C11H13N3O4,251.0,0.32,4.3,-7.92,-0.2699796674520907,-0.3948087285033031,-0.33239419797769687,2.8630255798380677,3.2,17.4,-160.0,HIGHDIVERSITY_CONCAT
HighDiv_2064,HighDiv,OC1=CN=C(I)C(/C=C/[C@@H](Cl)N2C=CC=N2)=C1S,30/000000153,C11H9N3OSClI,393.0,3.3,4.48,-7.44,0.25851048843370383,-0.9242187112828467,-0.33285411142457144,4.378010804603581,7.15,3.58,-150.0,HIGHDIVERSITY_MAYBRIDGE
HighDiv_645,HighDiv,O=NC(=O)C1=CC(CO)=C(Br)C(CCC(=O)O)=C1,12/000000175,C11H10NO5Br,316.0,1.17,4.36,-7.759,-0.09381628215682498,-0.5723816602272748,-0.3330989711920499,2.7639981182996074,4.82,18.1,0.0,HIGHDIVERSITY_CONCAT
Druglike_428,Druglike,O=C1CC(C2=NON=C2C(=O)O)=NN1,4/000000010,C6H4N4O4,196.0,0.24,4.32,-7.865,-0.2112585390203346,-0.45547028903012554,-0.3333644140252301,3.2604569170530846,4.45,21.2,-80.0,DRUGLIKE_CONCAT
HighDiv_1403,HighDiv,C=C(C)CNC(=O)C#CC1=C(O)C(O)=CN=C1CS,1/000000438,C13H14N2O3S,278.0,0.95,4.25,-8.051,-0.41678248853147704,-0.25032392070305226,-0.3335532046172647,3.714032653931757,6.53,20.1,-20.0,HIGHDIVERSITY_CRAFT
Druglike_1236,Druglike,O=C1C=CC(C2=C(CO)N=C(CCCCF)O2)=NN1,15/000000259,C12H14N3O3F,267.0,0.93,4.24,-8.076,-0.4461430527473538,-0.22275048409995063,-0.3344467684236522,3.1028874050629787,1.84,24.3,-120.0,DRUGLIKE_CRAFT
HighDiv_1820,HighDiv,NC/C=C1\CC2=C(N1)C(O)=C(/C=C/[C@H](Cl)[SH](=O)=O)C=C2,12/000000014,C13H15N2O3SCl,314.0,0.91,4.15,-8.315,-0.7103881306902498,0.04085156982569629,-0.33476828043227674,4.8283008243527545,6.02,20.2,-190.0,HIGHDIVERSITY_LANAPDB
HighDiv_445,HighDiv,NOC1=C(Br)C(CC(=O)O)=CC(C(=O)O)=C1,12/000001131,C9H8NO5Br,290.0,0.4,4.53,-7.303,0.4053133095130902,-1.075321143867842,-0.33500391717737593,2.6550770467769027,4.69,2.48,0.0,HIGHDIVERSITY_CONCAT
HighDiv_2086,HighDiv,CCCC1=C2N[C@@H](NCCO)NC2=CC=C1/C=C\C(=O)O,5/000000002,C15H19N3O3,289.0,1.65,4.43,-7.569,0.11170766735431488,-0.7819397784108447,-0.3351160555282649,3.61535034193823,5.02,18.7,-60.0,HIGHDIVERSITY_MAYBRIDGE
HighDiv_1543,HighDiv,C=CC1=NC=C(O)C(O)=C1C#CC(=O)NCC(C)=O,1/000000203,C13H12N2O4,260.0,0.27,4.04,-8.607,-1.0333543370649019,0.3629093093499188,-0.3352225138574916,3.552817269316372,6.12,19.8,-20.0,HIGHDIVERSITY_CRAFT
HighDiv_2145,HighDiv,NCCOCC1=CC(F)=C(ON)C(C2=CNN=N2)=C1,27/000000006,C11H14N5O2F,267.0,-0.32,4.27,-7.994,-0.35806136009972356,-0.31319135615812355,-0.33562635812892355,3.410282276857851,3.67,21.1,-120.0,HIGHDIVERSITY_MAYBRIDGE
HighDiv_2164,HighDiv,CCC1=CSC(C#CC[C@@H](O)C2=CNC(=N)S2)=C1,27/000000585,C13H14N2OS2,278.0,2.11,4.22,-8.127,-0.5048641811791099,-0.16650067342962388,-0.3356824273043669,4.2664569584497345,4.9,3.58,-170.0,HIGHDIVERSITY_MAYBRIDGE
Druglike_1713,Druglike,O=C(O)CC#CC1=CC2=C(C=CC=C2CCCO)O1,20/000000109,C15H14O4,258.0,1.87,4.01,-8.686,-1.1214360297125348,0.45004136901571945,-0.33569733034840765,2.8297950973706723,3.46,17.8,-40.0,DRUGLIKE_LANAPDB
HighDiv_1404,HighDiv,O=C1C=CNC(C2=C(CO)C=C(CO)C=C2)=N1,27/000000012,C12H12N2O3,232.0,0.31,4.25,-8.047,-0.41678248853147704,-0.254735670559548,-0.33575907954551254,2.6867079279944015,4.74,15.5,-160.0,HIGHDIVERSITY_CRAFT
Druglike_1471,Druglike,CCNC(=O)C1=C[C@@H](CCC(=O)O)C=C(CO)O1,20/000000145,C12H17NO5,255.0,-0.09,4.41,-7.621,0.052986538922561374,-0.7245870302763936,-0.33580024567691613,3.819736707272341,1.02,5.24,-190.0,DRUGLIKE_LANAPDB
Druglike_587,Druglike,NCC1=CC(C(=O)CCC2=CNOC2)=CC=C1I,19/000000051,C13H16N2O2I,359.0,1.95,4.21,-8.153,-0.5342247453949867,-0.1378242993623988,-0.33602452237869274,3.940729453141236,2.26,3.85,0.0,DRUGLIKE_CONCAT
Druglike_698,Druglike,O=C(/C=C/C(=O)C1=NN=C(C2=NNC=C2)N1)CCF,23/000000580,C11H10N5O2F,263.0,1.89,4.16,-8.286,-0.681027566474373,0.008866383366098931,-0.33608059155413705,4.003392533268107,2.66,3.58,-80.0,DRUGLIKE_CONCAT
HighDiv_619,HighDiv,O=NC1=C(Br)C=C(O)C(C(=O)/C(=C/CF)CO)=C1,12/000001082,C11H9NO4FBr,318.0,1.6,4.38,-7.698,-0.03509515372507148,-0.6396608455388417,-0.3373779996319566,3.681706772145761,4.02,2.35,-40.0,HIGHDIVERSITY_CONCAT
Druglike_1674,Druglike,CC(=O)C1=CC(C2=CN=C(C(=O)COCCl)N2)=C(C)N1,4/000000341,C13H14N3O3Cl,295.0,0.46,4.04,-8.603,-1.0333543370649019,0.35849755949342305,-0.33742838878573944,3.367089781405423,2.37,24.3,-200.0,DRUGLIKE_LANAPDB
HighDiv_728,HighDiv,OCC1=NC=C([C@H](O)C#CC2=CC(S)=C(S)C=C2Br)C=N1,29/000000037,C14H11N2O2S2Br,383.0,1.98,4.29,-7.937,-0.2993402316679674,-0.3760587916131939,-0.33769951164058065,4.134607168805109,4.38,2.35,-150.0,HIGHDIVERSITY_CONCAT
Druglike_403,Druglike,CCC1=C(C2=CN=C(C(=O)CO)O2)C(O)=NO1,20/000000002,C10H10N2O5,238.0,-0.33,4.36,-7.748,-0.09381628215682498,-0.5845139723326395,-0.33916512724473225,3.3705464509076597,1.33,2.22,-140.0,DRUGLIKE_CONCAT
Druglike_1782,Druglike,C=CCC1=C(C(=O)O)C=C([C@@H](C)C(=O)O)N1,19/000000004,C11H13NO4,223.0,0.67,4.52,-7.322,0.37595274529721084,-1.054365332049485,-0.33920629337613706,3.561022974839119,5.7,2.22,-170.0,DRUGLIKE_MAYBRIDGE
HighDiv_982,HighDiv,C=CCCC(=O)C1=CC(CNNCNC)=C(Br)C(N=O)=C1,12/000000086,C14H19N4O2Br,355.0,2.83,4.13,-8.357,-0.7691092591220059,0.08717494331890621,-0.34096715790154986,3.552501975869836,4.58,20.5,-70.0,HIGHDIVERSITY_CONCAT
HighDiv_1703,HighDiv,C/C=C/C1=CC([N+](=O)[O-])=CC(CO)=C1S,10/000000090,C10H11NO3S,225.0,2.31,4.46,-7.477,0.19978936000194772,-0.883410025110257,-0.34181033255415466,3.0553642726500705,4.0,2.47,-20.0,HIGHDIVERSITY_LANAPDB
HighDiv_1493,HighDiv,C=C(CCO)[C@@H](CBr)NC(=O)C#CC1=C(O)C(O)=CN=C1,1/000000389,C14H15N2O4Br,355.0,0.82,4.1,-8.434,-0.8571909517696387,0.17210112805645802,-0.3425449118565903,4.172643047626831,6.14,21.1,-180.0,HIGHDIVERSITY_CRAFT
Druglike_1968,Druglike,C=CC1=C(C2=NN=C(CO)O2)NC(CC)=CC1=O,15/000000249,C12H13N3O3,247.0,1.44,4.13,-8.354,-0.7691092591220059,0.08386613092653393,-0.342621564097736,3.285158810607298,6.55,22.6,-140.0,DRUGLIKE_MAYBRIDGE
HighDiv_308,HighDiv,CN/C=C/C(=O)C1=CC([C@@H](O)C(=O)O)=C(Br)C(N=O)=C1,12/000000897,C12H11N2O5Br,343.0,0.64,4.67,-6.916,0.8163612085353725,-1.5021579424838492,-0.3428983669742383,3.836605513625745,3.59,3.72,-190.0,HIGHDIVERSITY_CONCAT
HighDiv_1082,HighDiv,SC1=CC(C2=CC=CO2)=CC=C1CCC1=NCON1,3/000000318,C14H14N2O2S,274.0,3.09,4.06,-8.539,-0.9746332086331483,0.2879095617894838,-0.34336182342183225,3.3641673501179232,8.08,3.58,-120.0,HIGHDIVERSITY_CONCAT
HighDiv_1367,HighDiv,O=[N+]([O-])C1=C(O)C=C(C2=NN=NN2)C=C1Br,3/000000005,C7H4N5O3Br,286.0,1.45,4.35,-7.767,-0.12317684637270433,-0.5635581605142823,-0.3433675034434933,3.1290177061175637,4.13,20.0,-120.0,HIGHDIVERSITY_CRAFT
HighDiv_836,HighDiv,OCCC[C@H](C#CC1=CC(O)=CC(O)=C1)C1=NON=C1,23/000000167,C14H14N2O4,274.0,2.43,4.22,-8.113,-0.5048641811791099,-0.18194179792736181,-0.3434029895532359,3.993632631492982,6.3,21.2,-150.0,HIGHDIVERSITY_CONCAT
Druglike_2035,Druglike,CCC1=NN=C(C2=CC(/C=C/CCNC)=NC=C2CO)O1,10/000000009,C15H21N4O2,289.0,1.68,4.04,-8.592,-1.0333543370649019,0.34636524738805935,-0.34349454483842123,3.730409774278323,2.05,20.2,-200.0,DRUGLIKE_MAYBRIDGE
Druglike_1850,Druglike,NCC1=C(C(=O)C[C@H]2CCN2CCl)C=C(C(=O)O)N1,5/000000174,C12H16N3O3Cl,285.0,-0.39,4.33,-7.82,-0.18189797480445782,-0.5051024749157077,-0.34350022486008275,3.807708227461627,5.35,2.35,-150.0,DRUGLIKE_MAYBRIDGE
Druglike_1263,Druglike,NCC[C@H](O)C1=CC(NC2=CN=C(O)C=C2)=C(O)C=C1,13/000000015,C14H18N3O3,276.0,0.77,4.16,-8.271,-0.681027566474373,-0.0076776785957604924,-0.34435262253506677,3.633140294882226,6.63,14.0,-150.0,DRUGLIKE_CRAFT
Druglike_1224,Druglike,CCCOCC1=NC(CO)=C(C2=NNC(=O)C=C2)O1,15/000000166,C12H15N3O4,265.0,0.02,4.3,-7.898,-0.2699796674520907,-0.4190733527140325,-0.34452651008306157,3.0065489435245176,4.96,22.8,-140.0,DRUGLIKE_CRAFT
Druglike_972,Druglike,NC[C@@](O)(Cl)CCCC#CC1=CC2=C(C=C1O)OCN2,21/000000266,C14H17N2O3Cl,296.0,1.49,4.03,-8.616,-1.0627149012807786,0.3728357465270356,-0.34493957737687153,4.169666393783324,2.95,18.5,-190.0,DRUGLIKE_CONCAT
Druglike_1260,Druglike,C=C(CCCl)C1=NN=C([C@@H](C(=O)O)C2=C(C(=O)O)C(=O)CO2)O1,1/000000023,C13H11N2O7Cl,342.0,0.71,4.17,-8.243,-0.6516670022584963,-0.038559927591234416,-0.34511346492486533,4.209026466721976,7.63,5.09,-150.0,DRUGLIKE_CRAFT
HighDiv_2171,HighDiv,CCC(=O)C1=CC(C2=C(S)C(O)=CN=C2I)=NO1,30/000000092,C11H9N2O3SI,376.0,2.59,4.21,-8.136,-0.5342247453949867,-0.15657423625250902,-0.3453994908237478,3.485494232899293,6.76,19.8,-140.0,HIGHDIVERSITY_MAYBRIDGE
Druglike_1010,Druglike,C=C[C@@H](CCC(C)=O)C1=CC=C(C(=O)C2=NC(=O)ON2)N1,23/000000079,C14H15N3O4,289.0,0.44,4.01,-8.667,-1.1214360297125348,0.42908555719736236,-0.34617523625758617,4.088640325303783,5.91,3.58,-170.0,DRUGLIKE_CONCAT
HighDiv_1457,HighDiv,CC[C@H](CCO)NC(=O)C#CC1=CC(O)=CN=C1,1/000000030,C13H16N2O3,248.0,0.9,4.17,-8.241,-0.6516670022584963,-0.04076580251948326,-0.34621640238898976,3.4016714199881957,4.51,3.85,-170.0,HIGHDIVERSITY_CRAFT
HighDiv_536,HighDiv,CCC1=C(CCO)C=C(N2CCNC2=O)C=C1O,28/000000301,C13H18N2O3,250.0,0.27,4.44,-7.522,0.14106823157019424,-0.8337778392246747,-0.34635480382724027,2.7261618875303757,4.45,14.4,-160.0,HIGHDIVERSITY_CONCAT
Druglike_1223,Druglike,C=CC1=COC(CO)=C1C1=NNC(=O)C(CNC)=C1,15/000000286,C13H15N3O3,261.0,-0.17,4.31,-7.868,-0.24061910323621394,-0.4521614766377533,-0.3463902899369836,3.3204297853242277,4.0,22.6,-160.0,DRUGLIKE_CRAFT
Druglike_629,Druglike,NC1=C(/C=C/CNCCO)C=C(OC[C@H]2NCCCO2)C=C1,27/000000051,C16H25N3O3,307.0,0.27,4.2,-8.16,-0.5635853096108634,-0.1301037371135308,-0.34684452336219707,3.5167182550291916,3.54,3.58,-150.0,DRUGLIKE_CONCAT
HighDiv_2316,HighDiv,CNOCC1=C(Cl)C=C([C@@H](N)COC(=O)C2=NN=NN2)C=C1,27/000000203,C12H15N6O3Cl,326.0,0.87,4.02,-8.639,-1.092075465496658,0.39820330820188843,-0.3469360786473848,3.620502854905123,2.54,5.09,-170.0,HIGHDIVERSITY_MAYBRIDGE
HighDiv_1770,HighDiv,C=CC(=C)C1=CNC=C1C(=O)C1=CSC(C(=O)O)=N1,3/000000027,C13H10N2O3S,274.0,1.26,4.28,-7.946,-0.3287007958838442,-0.366132354436078,-0.3474165751599611,3.4155329671931565,6.84,2.35,0.0,HIGHDIVERSITY_LANAPDB
Druglike_1292,Druglike,C=CC1=NC(CO)=C(C2=NNC(=O)C(COC)=C2)O1,15/000000186,C12H13N3O4,263.0,-0.33,4.11,-8.397,-0.8278303875537594,0.13129244188386924,-0.34826897283494507,3.43862891449694,2.65,23.8,-160.0,DRUGLIKE_CRAFT
HighDiv_725,HighDiv,CNNC/C=C/[C@@H](C#CC1=CC(O)=CC=C1)[SH](=O)=O,23/000000093,C13H16N2O3S,280.0,2.02,4.29,-7.917,-0.2993402316679674,-0.39811754089567536,-0.3487288862818214,4.399792072499029,1.14,19.9,-170.0,HIGHDIVERSITY_CONCAT
Druglike_1958,Druglike,OC[C@@H](C1=CC=C(Cl)C(F)=C1)C1=CON=C1O,25/000000014,C11H9NO3FCl,257.0,2.2,4.14,-8.316,-0.7397486949061292,0.041954507289821696,-0.3488970938081537,3.426670798422764,4.99,17.8,-150.0,DRUGLIKE_MAYBRIDGE
HighDiv_2318,HighDiv,NCC#CC1=CC(F)=C(C(=O)O)C(C2=NOC=C2)=C1,27/000000034,C13H8N2O3F,259.0,1.72,4.01,-8.661,-1.1214360297125348,0.4224679324126178,-0.34948404864995847,2.9773952425085533,4.13,22.5,-120.0,HIGHDIVERSITY_MAYBRIDGE
Druglike_822,Druglike,CCC[C@H](CCCl)C1=CC=C(C(=O)C2=NC(=O)ON2)N1,23/000000047,C13H16N3O3Cl,297.0,2.02,4.1,-8.418,-0.8571909517696387,0.15445412863047323,-0.3513684115695827,3.948563097080027,5.43,5.09,-170.0,DRUGLIKE_CONCAT
Druglike_714,Druglike,CC/C=C/C1=CN=C(C2=C(C(C)=O)C(CO)=NN2)C=C1Br,7/000000071,C15H16N3O2Br,350.0,2.33,4.15,-8.284,-0.7103881306902498,0.006660508437852052,-0.35186381112619886,3.275722135021029,9.68,20.9,-200.0,DRUGLIKE_CONCAT
Druglike_731,Druglike,C=C(C1=CN=CC=C1)C1=C(CC(=O)CO)C(O)=NO1,3/000000059,C13H12N2O4,260.0,0.37,4.14,-8.31,-0.7397486949061292,0.03533688250507714,-0.352205906200526,3.2844297853242272,1.93,19.0,-40.0,DRUGLIKE_CONCAT
Druglike_1275,Druglike,NC(=O)N1C=NC([C@@H](O)CC#CCN2C=NC(CBr)=C2)=N1,30/000000007,C12H13N6O2Br,353.0,-0.09,4.13,-8.336,-0.7691092591220059,0.06401325657230222,-0.35254800127485186,4.3205044488482685,4.58,4.94,-150.0,DRUGLIKE_CRAFT
HighDiv_428,HighDiv,NC(=O)C1=NOC(C2=C(CC(=O)O)C(Br)=C(Br)C=C2)=C1,10/000000076,C12H8N2O4Br2,404.0,2.53,4.54,-7.243,0.43467387372896693,-1.1414973917152846,-0.35341175899315885,2.729785026160668,4.65,3.58,-160.0,HIGHDIVERSITY_CONCAT
HighDiv_1791,HighDiv,NC1=CC=C(F)C=C1[C@@H](O)C#C/C=C\C(=O)CO,12/000000023,C13H12NO3F,249.0,-0.07,4.2,-8.148,-0.5635853096108634,-0.1433389866830199,-0.35346214814694166,3.6886475392974583,6.04,3.58,-150.0,HIGHDIVERSITY_LANAPDB
Druglike_1604,Druglike,CCCCCC1=NC=C(/C=C(/C(=O)O)C2=NON=C2)C=C1,16/000000025,C15H16N3O3,286.0,2.72,4.14,-8.307,-0.7397486949061292,0.032028070112704865,-0.3538603123967121,2.981510543509092,3.3,5.09,-20.0,DRUGLIKE_LANAPDB
Druglike_860,Druglike,O=C(O)/C=C/CC1=NC(C2=NN=C(CO)O2)=CC=C1O,21/000000206,C12H11N3O5,277.0,0.64,4.08,-8.466,-0.9159120802013923,0.20739512690842768,-0.3542584766464823,2.99079793824858,5.57,21.6,-120.0,DRUGLIKE_CONCAT
Druglike_582,Druglike,O=C(CC1=CC=CC(O)=C1Br)C1=C(C(=O)O)NC=N1,28/000000051,C12H9N2O4Br,325.0,1.68,4.22,-8.093,-0.5048641811791099,-0.20400054720984237,-0.35443236419447616,2.7717879967789543,5.63,3.72,0.0,DRUGLIKE_CONCAT
Druglike_673,Druglike,NC1=C(/C=C/CNCCO)C=C(C2=NN=NN2)C=C1,27/000000022,C12H16N6O,260.0,-0.25,4.17,-8.226,-0.6516670022584963,-0.057309864481342676,-0.3544884333699195,3.0546816707972457,4.9,19.9,-120.0,DRUGLIKE_CONCAT
Druglike_996,Druglike,C=CC[C@H](C)CC1=CC(=O)NC(C(=O)C2=CCCN2)=C1,7/000000097,C16H20N2O2,272.0,1.33,4.02,-8.625,-1.092075465496658,0.38276218370415244,-0.3546566408962528,3.9388707893877193,1.88,3.58,-190.0,DRUGLIKE_CONCAT
Druglike_896,Druglike,COCC1=CC(=O)N[C@@H]1C#CC1=C(CO)C=CC(F)=N1,13/000000171,C14H13N2O3F,276.0,-0.38,4.06,-8.517,-0.9746332086331483,0.2636449375787544,-0.35549413552719694,4.197027382794312,6.88,21.3,-170.0,DRUGLIKE_CONCAT
Druglike_1225,Druglike,N[C@@](O)(/C=C/C1=C(CO)OCC1=O)C1=CC=CC=C1,1/000000018,C14H15NO4,261.0,-0.18,4.3,-7.878,-0.2699796674520907,-0.44113210199651304,-0.3555558847243019,3.871506441149246,4.3,3.58,-150.0,DRUGLIKE_CRAFT
Druglike_1696,Druglike,CC/C=C/[C@H](N)C1=CNC(C(=O)C2=CC(=O)NC=N2)=C1,21/000000024,C14H16N4O2,272.0,-0.2,4.03,-8.596,-1.0627149012807786,0.3507769972445551,-0.35596895201811174,4.069667492684422,2.68,3.58,-170.0,DRUGLIKE_LANAPDB
HighDiv_465,HighDiv,O=C(O)C1=CC(C/C=C/CS)=C([N+](=O)[O-])O1,3/000000210,C9H9NO5S,243.0,1.44,4.51,-7.318,0.3465921810813341,-1.0587770819059819,-0.35609245041232385,3.587578171233842,3.54,2.48,0.0,HIGHDIVERSITY_CONCAT
Druglike_805,Druglike,CCCNCC(=O)/C=C/C(=O)C1=NN=C(C2=CN=NN2)N1,23/000000576,C12H15N7O2,289.0,0.58,4.11,-8.382,-0.8278303875537594,0.11474837992200786,-0.3565410038158758,3.8892228512013993,2.79,3.58,-160.0,DRUGLIKE_CONCAT
Druglike_1534,Druglike,CC(=O)NCC[C@H](N)C1=CC=C(/C=C/CO)C=C1,6/000000059,C14H21N2O2,249.0,0.9,4.25,-8.009,-0.41678248853147704,-0.2966472941962622,-0.3567148913638696,3.422498804603583,2.03,3.58,-170.0,DRUGLIKE_LANAPDB
Druglike_758,Druglike,OCC1=CC(Cl)=CC(CCC[C@@H](O)C2=NOC=C2)=C1,21/000000192,C14H16NO3Cl,281.0,2.35,4.14,-8.301,-0.7397486949061292,0.025410445327960312,-0.3571691247890844,3.0917853477772095,3.92,3.72,-150.0,DRUGLIKE_CONCAT
HighDiv_2320,HighDiv,CCCNNCC1=CC=CC2=C1N[C@H](NCC(=O)[N+](=O)[O-])N2,5/000000006,C13H18N6O3,306.0,2.02,4.01,-8.645,-1.1214360297125348,0.40482093298663296,-0.35830754836295087,4.061953971530434,3.72,22.1,-84.0,HIGHDIVERSITY_MAYBRIDGE
Druglike_949,Druglike,CC#CCC1=CC(O)=CN=C1C(=O)C1=CC=CN1,10/000000004,C14H12N2O2,240.0,1.52,4.04,-8.565,-1.0333543370649019,0.31658593585670886,-0.3583842006040965,3.245074249521327,1.15,18.4,-60.0,DRUGLIKE_CONCAT
Druglike_1825,Druglike,C/C=C\COC1=CC=C(C2=NC=NN2)C=C1CN,21/000000007,C13H16N4O,244.0,1.85,4.37,-7.686,-0.06445571794094823,-0.6528960951083309,-0.35867590652463954,2.692423710015584,6.44,17.1,-140.0,DRUGLIKE_MAYBRIDGE
Druglike_639,Druglike,CCC1=NC(C[C@@H](CO)C2=CCC(CN)=CO2)=CC=C1O,12/000000002,C16H22N2O3,290.0,0.03,4.19,-8.165,-0.5929458738267401,-0.12458904979291165,-0.3587674618098259,4.104903405823497,9.34,6.45,-170.0,DRUGLIKE_CONCAT
Druglike_659,Druglike,OC/C=C/C1=CC=C(C2=C(Cl)C=NN2)C=C1,30/000000009,C12H11N2OCl,234.0,3.08,4.18,-8.19,-0.6223064380426195,-0.09701561318980999,-0.35966102561621477,2.466268542237964,4.51,3.58,-120.0,DRUGLIKE_CONCAT
Druglike_2069,Druglike,C=CCCC1=CC(=O)C=C(C2=NN=C(C(=O)O)O2)N1,15/000000082,C12H11N3O4,261.0,1.78,4.0,-8.669,-1.1507965939284115,0.43129143212561116,-0.35975258090140017,3.2243113528133422,3.4,24.8,-120.0,DRUGLIKE_MAYBRIDGE
HighDiv_877,HighDiv,C[C@H](NN)C(=O)C1=CC(N=O)=C(Br)C(N=O)=C1,12/000000092,C9H9N4O3Br,301.0,0.94,4.19,-8.163,-0.5929458738267401,-0.12679492472115853,-0.3598703992739493,4.081523498913761,4.22,2.48,-190.0,HIGHDIVERSITY_CONCAT
HighDiv_388,HighDiv,NCC1=CC(C(=O)O)=CC(ON)=C1Br,12/000001104,C8H10N2O3Br,262.0,0.09,4.57,-7.151,0.5227555663765998,-1.242967638414698,-0.36010603601904906,3.5046448268563797,5.79,12.7,0.0,HIGHDIVERSITY_CONCAT
Druglike_1695,Druglike,NCC1=C(C#CC2=CC(O)=CN=C2C(=O)O)NN=C1,22/000000002,C12H9N4O3,257.0,0.05,4.03,-8.588,-1.0627149012807786,0.3419534975315617,-0.36038070187460847,3.3519128041921515,3.2,21.8,0.0,DRUGLIKE_LANAPDB
HighDiv_911,HighDiv,C=CCC/C(=C/C)CCCC1=C(CO)N=C(C(=O)O)O1,3/000000266,C15H21NO4,279.0,0.96,4.17,-8.214,-0.6516670022584963,-0.07054511405083179,-0.361106058154664,3.396262368818011,4.69,3.85,-170.0,HIGHDIVERSITY_CONCAT
HighDiv_962,HighDiv,CCC(=O)C1=CC(O)=CC(N2CCNC2=O)=C1,28/000000054,C12H14N2O3,234.0,0.54,4.14,-8.293,-0.7397486949061292,0.016586945614966923,-0.36158087464558114,2.453000133395385,1.68,2.22,-160.0,HIGHDIVERSITY_CONCAT
Druglike_451,Druglike,O=C(O)CC1=NN(CCCl)C=C1CC/N=C1/CCCN1,14/000000017,C13H18N4O2Cl,297.0,0.23,4.3,-7.866,-0.2699796674520907,-0.4543673515660021,-0.36217350950904637,3.609459924946093,2.27,6.32,-60.0,DRUGLIKE_CONCAT
HighDiv_1871,HighDiv,C/C=C\CC#CC1=CC(NC(=O)NN=O)=CC(Cl)=C1,19/000000009,C13H12N3O2Cl,277.0,3.28,4.07,-8.478,-0.945272644417269,0.22063037647791678,-0.36232113396967613,3.130029495048465,1.06,21.3,-80.0,HIGHDIVERSITY_LANAPDB
HighDiv_1495,HighDiv,C=CCC1=CC(C2=CC(NCCNN)=CC=C2O)=NN1,3/000000002,C14H19N5O,273.0,1.56,4.1,-8.398,-0.8571909517696387,0.13239537934799267,-0.36239778621082297,3.0007101273752443,0.14,19.4,-140.0,HIGHDIVERSITY_CRAFT
Druglike_421,Druglike,NC/C=C/C1=CC(N2C=NN=N2)=CC(O)=C1,28/000000032,C10H11N5O,217.0,-0.1,4.34,-7.759,-0.15253741058858108,-0.5723816602272748,-0.3624595354079279,2.855917371669402,1.85,17.3,-120.0,DRUGLIKE_CONCAT
HighDiv_1809,HighDiv,[O-][S@@+](C1=CC=C(O)C=C1)C1=C(O)C=C(I)C(O)=C1,12/000000061,C12H9O4SI,376.0,2.04,4.16,-8.238,-0.681027566474373,-0.044074614911855534,-0.36255109069311425,3.387875168810802,3.37,14.5,0.0,HIGHDIVERSITY_LANAPDB
HighDiv_1524,HighDiv,NC1=CC(Cl)=CC(C2=CC(C(=O)O)=CC=C2S)=C1,3/000000067,C13H10NO2SCl,279.0,3.76,4.06,-8.504,-0.9746332086331483,0.24930675054514187,-0.3626632290440032,2.3929818310154634,3.81,14.8,-160.0,HIGHDIVERSITY_CRAFT
HighDiv_695,HighDiv,C=CCC(=O)[C@H](CCO)CCC1=C(Cl)C(Cl)=CC=C1O,19/000000025,C15H18O3Cl2,316.0,3.03,4.31,-7.838,-0.24061910323621394,-0.4852496005614751,-0.3629343518988445,3.397447071439002,3.05,5.09,-170.0,HIGHDIVERSITY_CONCAT
Druglike_1572,Druglike,CCCCCCC1=NC=C(C2=C(CN)NC(CO)=C2)N1,4/000000208,C15H24N4O,276.0,0.88,4.18,-8.184,-0.6223064380426195,-0.10363323797455455,-0.36296983800858706,3.0149595200877934,2.48,19.9,-120.0,DRUGLIKE_LANAPDB
Druglike_1938,Druglike,C=C(COCC(=O)O)CC1=CC=CC(C(=O)NCCC(=O)O)=C1,27/000000090,C16H19NO6,321.0,0.34,4.17,-8.207,-0.6516670022584963,-0.07826567629969977,-0.36496633927909805,2.3103969158309763,4.17,4.94,-110.0,DRUGLIKE_MAYBRIDGE
HighDiv_635,HighDiv,O=S(=O)(O)C/C=C/C1=C(Br)C=CC(O[PH](O)(O)O)=C1F,20/000000025,C9H8O7PSFBr,390.0,0.34,4.37,-7.673,-0.06445571794094823,-0.6672342821419434,-0.3658450000414458,4.179407511367769,8.25,23.7,0.0,HIGHDIVERSITY_CONCAT
HighDiv_524,HighDiv,CC1=C(C(=O)NCC#CCN)C=C(S)C(I)=C1,5/000000045,C12H13N2OSI,360.0,2.65,4.45,-7.46,0.17042879578607098,-0.9021599620003662,-0.3658655831071476,3.1922411637803547,2.81,3.72,-40.0,HIGHDIVERSITY_CONCAT
Druglike_478,Druglike,O=C(O)C1=COC(C2=NC(I)=C(O)C=C2)=N1,11/000000008,C9H5N2O4I,332.0,1.33,4.28,-7.91,-0.3287007958838442,-0.4058381031445434,-0.3672694495141938,2.953794629194485,3.65,17.3,-120.0,DRUGLIKE_CONCAT
Druglike_924,Druglike,NC(=O)C1=NC=C(C(=O)C#CC2=CN=C(CCF)N2)O1,30/000000007,C12H9N4O3F,276.0,-0.37,4.05,-8.52,-1.0039937728490251,0.2669537499711267,-0.3685200114389492,3.770727059127702,0.09,4.94,-20.0,DRUGLIKE_CONCAT
HighDiv_758,HighDiv,O=NC1=C(Br)C(O)=CC(C(=O)/C=C/CS)=C1,12/000000377,C10H8NO3SBr,302.0,2.54,4.27,-7.934,-0.35806136009972356,-0.37936760400556613,-0.36871448205264484,3.534241498604147,3.75,2.35,-20.0,HIGHDIVERSITY_CONCAT
Druglike_1981,Druglike,CN[C@H]1C=CN(CCOC(=O)C#CC2=CC(O)=CC(F)=C2)C1,1/000000170,C16H17N2O3F,304.0,2.77,4.11,-8.359,-0.8278303875537594,0.08938081824715505,-0.36922478465330216,3.966993921902641,4.1,22.7,-170.0,DRUGLIKE_MAYBRIDGE
Druglike_811,Druglike,CC1=C(C2=NN=C(CO)O2)N=C(C/C=C/C(=O)O)C=C1,21/000000204,C13H13N3O4,275.0,1.27,4.11,-8.359,-0.8278303875537594,0.08938081824715505,-0.36922478465330216,2.948767443743085,5.19,21.0,-140.0,DRUGLIKE_CONCAT
HighDiv_1408,HighDiv,CNCC(=O)C1=CC(C2=NN=CN2)=C(O)C(O)=C1,3/000000154,C11H12N4O3,248.0,1.32,4.24,-8.012,-0.4461430527473538,-0.2933384818038899,-0.36974076727562183,3.2440911182996066,0.76,17.4,-140.0,HIGHDIVERSITY_CRAFT
HighDiv_2315,HighDiv,NC(=O)NC1=CC=C(O)C(C2=NSN=C2)=C1Br,12/000000012,C9H7N4O2SBr,315.0,1.17,4.02,-8.596,-1.092075465496658,0.3507769972445551,-0.37064923412605144,3.2280253379780355,1.04,21.0,-160.0,HIGHDIVERSITY_MAYBRIDGE
Druglike_810,Druglike,OC1=CC2=C(C=C1C#C[C@@H](Cl)CCNCCl)NCO2,21/000000265,C13H15N2O2Cl2,301.0,2.48,4.11,-8.356,-0.8278303875537594,0.08607200585478277,-0.3708791908494883,4.932095604187465,1.09,18.4,-190.0,DRUGLIKE_CONCAT
HighDiv_639,HighDiv,NC/C=C(\CCCl)C(=O)C1=C(O)C=C(Br)C(N=O)=C1,12/000000537,C12H13N2O3ClBr,348.0,2.03,4.36,-7.69,-0.09381628215682498,-0.6484843452518342,-0.3711503137043296,4.058772020447593,4.34,2.35,-40.0,HIGHDIVERSITY_CONCAT
HighDiv_931,HighDiv,C=CC[C@@H](C#CC1=CC(CCCCC)=CC(O)=C1)CN,23/000000115,C18H25NO,271.0,3.75,4.16,-8.222,-0.681027566474373,-0.061721614337840354,-0.3713745904061067,3.437682053123983,1.79,16.0,-190.0,HIGHDIVERSITY_CONCAT
Druglike_1443,Druglike,NCC/C=C(\C1=NNN=C1)C1=CC=CC(Cl)=C1Cl,29/000000039,C12H12N4Cl2,282.0,4.06,4.61,-7.024,0.6401978232401094,-1.383040696358452,-0.3714214365591713,3.016096873955716,6.35,2.22,0.0,DRUGLIKE_LANAPDB
Druglike_591,Druglike,CCC/C=C\CO[C@@H](CC1=CC(O)=CC(CO)=C1)C(=O)O,28/000000068,C16H22O5,294.0,1.7,4.21,-8.085,-0.5342247453949867,-0.2128240469228338,-0.3735243961589102,3.103479317346223,5.62,3.58,-200.0,DRUGLIKE_CONCAT
Druglike_394,Druglike,O=C(O)C1=CC=C(C2=NNN=C2)C=C1O,28/000000116,C9H7N3O3,205.0,2.22,4.36,-7.685,-0.09381628215682498,-0.6539990325724553,-0.37390765736464016,2.3820111407819393,3.34,16.6,-120.0,DRUGLIKE_CONCAT
HighDiv_533,HighDiv,CC(=O)OC1=C(Br)C(ON)=CC(C(=O)O)=C1,12/000000224,C9H8NO5Br,290.0,0.75,4.44,-7.471,0.14106823157019424,-0.8900276498950015,-0.37447970916240364,2.5496352885351445,4.42,15.3,-20.0,HIGHDIVERSITY_CONCAT
Druglike_1232,Druglike,O=C1C=CC(C2=C(CO)N=C(CCNCCBr)O2)=NN1,15/000000193,C12H16N4O3Br,344.0,0.3,4.25,-7.976,-0.41678248853147704,-0.3330442305123562,-0.3749133595219166,4.123310127375243,3.05,24.7,-120.0,DRUGLIKE_CRAFT
Druglike_222,Druglike,C=C(CC(=O)O)C1=C(CC(=O)O)C(O)=NO1,3/000000184,C9H9NO6,227.0,-0.12,4.54,-7.204,0.43467387372896693,-1.1845119528161234,-0.37491903954357825,3.333795728095585,1.98,5.93,-40.0,DRUGLIKE_CONCAT
HighDiv_1154,HighDiv,C[C@H](Cl)/C=C/C1=C(/C=C/C2=NN=C(S)N2)C(=O)C1=O,1/000000001,C12H10N3O2SCl,295.0,2.33,4.02,-8.588,-1.092075465496658,0.3419534975315617,-0.37506098398254817,4.449807635745651,3.36,3.58,-190.0,HIGHDIVERSITY_CONCAT
HighDiv_889,HighDiv,NC(=O)C1=CC(I)=C(C#CC2=CSN=N2)N=C1CO,4/000000301,C11H7N4O2SI,386.0,2.48,4.19,-8.135,-0.5929458738267401,-0.15767717371663245,-0.3753115237716863,3.755577825962834,6.57,24.8,0.0,HIGHDIVERSITY_CONCAT
Druglike_754,Druglike,CCC/C=C\COCCC1=CC(O)=CC([C@H](O)C(=O)O)=C1,28/000000047,C16H21O5,293.0,1.06,4.14,-8.268,-0.7397486949061292,-0.010986490988132768,-0.37536759294713096,3.1474933757016608,2.35,3.58,-200.0,DRUGLIKE_CONCAT
Druglike_786,Druglike,CCC1=C(CO)OC(C(=O)C2=NNC(=O)N2)=CC1,23/000000284,C11H13N3O4,251.0,-0.12,4.12,-8.321,-0.7984698233378826,0.04746919461044085,-0.3755003143637209,3.9520948106072993,4.15,3.58,-20.0,DRUGLIKE_CONCAT
HighDiv_844,HighDiv,O=C1NCCN1C1=CC(CCCCCCNCO)=CC(O)=C1,28/000000437,C16H25N3O3,307.0,0.97,4.21,-8.081,-0.5342247453949867,-0.21723579677933147,-0.37573027108715906,2.647464016527417,2.19,17.6,-120.0,HIGHDIVERSITY_CONCAT
HighDiv_1402,HighDiv,O=C(CO)C1=CC(O)=C(O)C(C2=CN=CO2)=C1,3/000000173,C11H9NO5,235.0,-0.2,4.25,-7.974,-0.41678248853147704,-0.3352501054406041,-0.37601629698604055,2.802273783149884,1.49,3.58,-120.0,HIGHDIVERSITY_CRAFT
Druglike_439,Druglike,OCC[C@@H](O)C1=NN=C(C#CC2=NN=C(CBr)N2)N1,18/000000014,C10H11N6O2Br,327.0,2.46,4.32,-7.787,-0.2112585390203346,-0.5414994112318018,-0.3763789751260682,4.69461098880285,4.26,24.5,-150.0,DRUGLIKE_CONCAT
Druglike_1660,Druglike,CCNC1=CC(C(=O)C2=NNC(O)=C2)=NC(NCC(=O)O)=N1,21/000000016,C12H14N6O4,306.0,0.7,4.07,-8.45,-0.945272644417269,0.18974812748244285,-0.37776225846741307,3.188310999053087,5.84,3.58,-40.0,DRUGLIKE_LANAPDB
Druglike_1992,Druglike,COCC1=CC(=O)C=C(C2=CC(CO)=CC=C2)N1,15/000000050,C14H15NO3,245.0,1.29,4.1,-8.369,-0.8571909517696387,0.10041019288839531,-0.3783903794406217,2.4409602223720057,5.22,2.22,-180.0,DRUGLIKE_MAYBRIDGE
Druglike_1625,Druglike,N[C@@H](/C=C/C1=CC=C(O)C(Cl)=C1)C1=CCOC1,5/000000004,C13H14NO2Cl,251.0,1.55,4.11,-8.338,-0.8278303875537594,0.0662191315005491,-0.3808056280266051,3.7021542681445303,2.58,2.22,-150.0,DRUGLIKE_LANAPDB
HighDiv_902,HighDiv,C=CNC/C=C(/C)CCCC1=C(CO)N=C(C(=O)O)O1,3/000000235,C14H20N2O4,280.0,0.37,4.18,-8.151,-0.6223064380426195,-0.14003017429064762,-0.38116830616663355,3.5649362149718566,3.74,3.85,-170.0,HIGHDIVERSITY_CONCAT
Druglike_1040,Druglike,C/C(=C\CN)C1=CC=C(C2=C(Cl)C=NN2)C=C1,30/000000011,C13H14N3Cl,247.0,3.15,4.0,-8.63,-1.1507965939284115,0.38827687102477354,-0.381259861451819,2.605707927994402,4.92,3.58,-140.0,DRUGLIKE_CONCAT
HighDiv_2137,HighDiv,C=C[C@@H](C)C1=C(CON)NC(/C=C/C2=C(I)N=CC=C2S)=N1,30/000000136,C15H17N4OSI,428.0,2.36,4.29,-7.858,-0.2993402316679674,-0.4631908512789945,-0.38126554147348096,4.608788597084678,8.73,23.6,-170.0,HIGHDIVERSITY_MAYBRIDGE
Druglike_1185,Druglike,O=C1C=CC(C2=C(CO)N=C(CCI)O2)=NN1,15/000000185,C10H10N3O3I,347.0,0.89,4.43,-7.483,0.11170766735431488,-0.8767924003255134,-0.38254236648559925,3.3356800433790177,1.82,22.1,-120.0,DRUGLIKE_CRAFT
HighDiv_776,HighDiv,COC/C=C/COC1=C(S)C(O)=CC(NC(N)=S)=C1,29/000000067,C12H16N2O3S2,300.0,1.52,4.26,-7.935,-0.3874219243156003,-0.3782646665414427,-0.38284329542852147,3.1937016062464103,1.46,19.6,-60.0,HIGHDIVERSITY_CONCAT
HighDiv_1807,HighDiv,CCNCOCC1=C(Br)C(C(=O)C2=CNC=C2)=NN1C(=O)O,3/000000041,C13H14N4O4Br,370.0,0.49,4.17,-8.174,-0.6516670022584963,-0.11466261261579482,-0.38316480743714554,3.552124366013995,4.38,5.09,-40.0,HIGHDIVERSITY_LANAPDB
Druglike_929,Druglike,OC1=C(C#CC2=C(Cl)N=CN2)C=CC(Cl)=C1,26/000000026,C11H6N2OCl2,252.0,3.74,4.05,-8.493,-1.0039937728490251,0.23717443843977817,-0.3834096672046235,3.089437706117563,4.02,17.7,0.0,DRUGLIKE_CONCAT
HighDiv_2225,HighDiv,N=C1NN=C([C@H](N)CC2=CC=C(ON)C(F)=C2)S1,27/000000251,C10H13N5OSF,270.0,0.63,4.14,-8.253,-0.7397486949061292,-0.02753055294999415,-0.38363962392806167,4.385983419988197,5.16,2.35,-150.0,HIGHDIVERSITY_MAYBRIDGE
Druglike_1895,Druglike,CCCC(=O)COC1=CC=C(C2=NC=NN2)C=C1CN,21/000000016,C14H18N4O2,274.0,1.18,4.25,-7.96,-0.41678248853147704,-0.35069122993834106,-0.3837368592349091,2.5427279411404253,7.58,18.9,-140.0,DRUGLIKE_MAYBRIDGE
HighDiv_1908,HighDiv,O=C(O)/C=C/CC1=CC(F)=C(O)C(C2=NNC=C2Br)=C1,11/000000076,C13H10N2O3FBr,341.0,3.15,4.03,-8.545,-1.0627149012807786,0.29452718657422833,-0.38409385735327517,3.2952156555312984,5.46,22.4,-120.0,HIGHDIVERSITY_LANAPDB
Druglike_1561,Druglike,C=CC1=C(C2=CC(CCCNC(N)N)=CC(=O)O2)C=NO1,23/000000060,C14H16N4O3,288.0,0.82,4.19,-8.118,-0.5929458738267401,-0.1764271106067407,-0.38468649221674045,3.4301270624139164,8.85,3.58,-120.0,DRUGLIKE_LANAPDB
HighDiv_1453,HighDiv,CCC1=C(O)C(O)=CC(C(=O)C2=NC=CO2)=C1,3/000000171,C12H11NO4,233.0,1.09,4.17,-8.171,-0.6516670022584963,-0.1179714250081671,-0.3848192136333317,2.7820878584363005,1.14,3.58,-80.0,HIGHDIVERSITY_CRAFT
HighDiv_306,HighDiv,C=CC1=C(S)C=C(I)C(C2=NC(CC(=O)O)=NN2)=N1,4/000000192,C11H9N4O2SI,388.0,2.53,4.67,-6.839,0.8163612085353725,-1.587084127221401,-0.3853614593430142,3.7378794168972984,6.7,22.1,-120.0,HIGHDIVERSITY_CONCAT
HighDiv_686,HighDiv,CC(=O)C1=CC(C(=O)O)=CC(ON)=C1Br,12/000001164,C9H8NO4Br,274.0,0.81,4.32,-7.77,-0.2112585390203346,-0.5602493481219111,-0.3857539435711228,2.6951946572654553,5.08,2.48,-20.0,HIGHDIVERSITY_CONCAT
HighDiv_1746,HighDiv,O=C(CO)NC1=CC=C(C[C@@H](S)/C=C/CO)C=C1Cl,11/000000072,C13H16NO3SCl,301.0,1.15,4.33,-7.742,-0.18189797480445782,-0.591131597117384,-0.38651478596092087,3.3063629611894374,7.32,3.58,-150.0,HIGHDIVERSITY_LANAPDB
HighDiv_638,HighDiv,C=CC1=C(O)C=C(N2CCNC2=O)C=C1S,28/000000130,C11H12N2O2S,236.0,1.34,4.36,-7.662,-0.09381628215682498,-0.679366594247308,-0.38659143820206654,3.20266036346022,4.18,15.5,-120.0,HIGHDIVERSITY_CONCAT
Druglike_1043,Druglike,N[C@@H](CCC(=O)O)C1=NNC(/C=C/C2=C(I)C=CC(O)=C2)=C1,28/000000301,C15H16N3O3I,413.0,2.72,4.0,-8.62,-1.1507965939284115,0.37724749638353133,-0.3867745487724401,3.648058458370933,4.56,3.58,-150.0,DRUGLIKE_CONCAT
HighDiv_624,HighDiv,C/C(=C\CO)C1=C([N+](=O)[O-])OC(C(=O)O)=C1,3/000000160,C9H9NO6,227.0,0.25,4.37,-7.635,-0.06445571794094823,-0.7091459057786577,-0.386800811859803,3.2410462775461344,7.71,19.4,-20.0,HIGHDIVERSITY_CONCAT
Druglike_1963,Druglike,NC(=O)NC1=C(C(=O)O)C=CC(NC2=CC=NN2)=C1,9/000000002,C11H11N5O3,261.0,0.49,4.14,-8.247,-0.7397486949061292,-0.0341481777347387,-0.3869484363204339,2.3951749232052126,5.61,21.0,0.0,DRUGLIKE_MAYBRIDGE
Druglike_1026,Druglike,O=C(O)/C=C/CC1=NC(C2=NN=C(CO)O2)=CC=C1F,21/000000208,C12H10N3O4F,279.0,1.21,4.01,-8.593,-1.1214360297125348,0.3474681848521828,-0.386983922430176,2.9654495866002293,5.24,23.1,-120.0,DRUGLIKE_CONCAT
HighDiv_1291,HighDiv,NC/C=C/[C@H](/C=C/C1=NCON1)[N+](=O)[O-],10/000000003,C8H12N4O3,212.0,0.47,4.55,-7.155,0.46403443794484367,-1.2385558885582013,-0.3872607253066788,5.199715310602397,2.34,2.22,-150.0,HIGHDIVERSITY_CRAFT
Druglike_701,Druglike,CC(=O)NCCCCC1=NC(O)=NC=C1C(=O)O,29/000000096,C11H15N3O4,253.0,0.03,4.16,-8.193,-0.681027566474373,-0.09370680079743772,-0.3873671836359054,2.6599893663372836,4.8,5.39,-20.0,DRUGLIKE_CONCAT
HighDiv_2211,HighDiv,NC/C=C\COC1=CC=C([N+](=O)[O-])C(N[SH](=O)=O)=C1,29/000000003,C10H13N3O5S,287.0,0.1,4.16,-8.193,-0.681027566474373,-0.09370680079743772,-0.3873671836359054,3.3711613695600207,4.89,20.5,0.0,HIGHDIVERSITY_MAYBRIDGE
Druglike_751,Druglike,O=C(/C=C/C1=C(I)C=CC(O)=C1)[C@H]1CCCNN1,28/000000039,C13H15N2O2I,358.0,3.45,4.14,-8.246,-0.7397486949061292,-0.03525111519886214,-0.38749990505249565,3.6941438362777888,6.24,3.58,-150.0,DRUGLIKE_CONCAT
Druglike_610,Druglike,O=C(O)[C@@H](O)CCNCCC1=CC2=C(C=C1O)OCN2,21/000000158,C13H18N2O5,282.0,-0.09,4.2,-8.086,-0.5635853096108634,-0.21172110945871034,-0.3876532095347869,3.434242767409698,2.88,3.72,-190.0,DRUGLIKE_CONCAT
Druglike_928,Druglike,CC1=C(CO)OC(C(=O)C2=NNC(=O)N2)=CC1,23/000000299,C10H11N3O4,237.0,-0.38,4.05,-8.485,-1.0039937728490251,0.22835093872678477,-0.38782141706112017,3.96649375041666,3.98,2.22,-20.0,DRUGLIKE_CONCAT
Druglike_615,Druglike,COCCCCCCC1=CC(O)=CC(C2=NNN=C2)=C1,28/000000206,C15H21N3O2,275.0,3.91,4.2,-8.084,-0.5635853096108634,-0.21392698438695917,-0.38875614699891126,2.483489270192498,1.79,18.0,-140.0,DRUGLIKE_CONCAT
Druglike_1558,Druglike,CCCCCC1=C(CN)C(/C=C/[C@@H]2COC(=O)C=C2CN)=CO1,12/000000004,C18H26N2O3,318.0,0.51,4.2,-8.084,-0.5635853096108634,-0.21392698438695917,-0.38875614699891126,4.071694678212719,9.96,6.6,-170.0,DRUGLIKE_LANAPDB
HighDiv_883,HighDiv,NC(N)N[C@H](/C=C/C1=C(O)C(Cl)=CC=C1)C1=CC(=O)NC1=O,30/000000012,C14H14N4O3Cl,321.0,0.48,4.19,-8.11,-0.5929458738267401,-0.1852506103197341,-0.3890982420732371,3.8902133511830383,5.86,5.09,-150.0,HIGHDIVERSITY_CONCAT
Druglike_728,Druglike,CNC(=O)C/C=C/CC1=NC(O)=NC=C1C(=O)O,29/000000026,C11H13N3O4,251.0,-0.28,4.15,-8.215,-0.7103881306902498,-0.06944217658670834,-0.38991515363847906,3.267465347498979,4.53,5.39,-20.0,DRUGLIKE_CONCAT
Druglike_1553,Druglike,C[C@@H](CCN1C=C(/C=C/CO)C(CO)=C1)OC1=CC=NN1,4/000000061,C15H21N3O3,291.0,1.75,4.21,-8.052,-0.5342247453949867,-0.24922098323892883,-0.39172286431695774,4.0408543836592195,4.07,4.94,-170.0,DRUGLIKE_LANAPDB
HighDiv_934,HighDiv,COC1=CC([C@@H](N)/C=C\CC(=O)NO)=CC=C1I,5/000000030,C12H15N2O3I,362.0,1.47,4.15,-8.211,-0.7103881306902498,-0.07385392644320406,-0.3921210285667269,3.4936654356867836,2.42,5.39,-170.0,HIGHDIVERSITY_CONCAT
Druglike_1337,Druglike,NC1=CC(I)=CC=C1/C=C/[C@H](CCC1=COC=N1)C(=O)O,13/000000033,C15H15N2O3I,398.0,2.47,4.05,-8.477,-1.0039937728490251,0.21952743901379335,-0.3922331669176159,3.8042588165145017,3.01,3.58,-190.0,DRUGLIKE_CRAFT
Druglike_1360,Druglike,C=C(C1=CCC=C([C@H](Br)NC(N)N)O1)C1=CC(=O)C1=O,14/000000001,C13H12N3O3Br,338.0,0.67,4.01,-8.582,-1.1214360297125348,0.3353358727468191,-0.39305007848285783,4.790790661182591,7.23,24.4,-150.0,DRUGLIKE_CRAFT
Druglike_671,Druglike,O=C1C=C([C@H](C(=O)O)C2=NC(O)=NC(CCCl)=C2)CO1,29/000000004,C12H11N2O5Cl,298.0,0.06,4.17,-8.156,-0.6516670022584963,-0.13451548697002652,-0.39309124461426137,3.975423062114992,4.08,3.58,-170.0,DRUGLIKE_CONCAT
HighDiv_802,HighDiv,C=CC[C@@H](C#CC1=CC(O)=CC(OCCO)=C1)CN,23/000000177,C15H19NO3,261.0,1.4,4.24,-7.969,-0.4461430527473538,-0.34076479276122423,-0.39345392275428903,3.6001871378110755,2.67,16.6,-150.0,HIGHDIVERSITY_CONCAT
Druglike_367,Druglike,NCC#CC(=O)C1=CCC=C(C(=O)O)O1,23/000000271,C10H9NO4,207.0,0.22,4.38,-7.596,-0.03509515372507148,-0.7521604668794952,-0.39362781030228333,3.8847650137382512,4.77,3.85,0.0,DRUGLIKE_CONCAT
HighDiv_1837,HighDiv,N[C@H](CCl)C1=CNC=C1C(=O)C1=NN=C(C(=O)O)NC1,3/000000008,C11H12N5O3Cl,297.0,0.23,4.12,-8.288,-0.7984698233378826,0.011072258294347768,-0.39369878252176743,4.533282083094013,5.57,3.72,-150.0,HIGHDIVERSITY_LANAPDB
HighDiv_530,HighDiv,O=NC1=CC(C(=O)[C@@H](Br)CO)=CC(O)=C1Br,12/000000387,C9H7NO4Br2,353.0,1.53,4.44,-7.436,0.14106823157019424,-0.9286304611393434,-0.3937811147845746,3.8516240737402185,2.1,2.35,-170.0,HIGHDIVERSITY_CONCAT
Druglike_1180,Druglike,NCC1=C(CC/C(=C/CC2=NON=C2)CO)N=CO1,28/000000001,C12H17N4O3,265.0,-0.2,4.45,-7.409,0.17042879578607098,-0.9584097726706929,-0.393990488442311,4.4510184540140285,1.69,3.58,-20.0,DRUGLIKE_CRAFT
HighDiv_2152,HighDiv,NOC1=C(C2=CNC(CCO)=N2)C=C(O)C=C1F,27/000000104,C11H12N3O3F,253.0,-0.13,4.25,-7.941,-0.41678248853147704,-0.37164704175669816,-0.3942147651440876,3.4664769644534523,1.82,18.0,-140.0,HIGHDIVERSITY_MAYBRIDGE
Druglike_1651,Druglike,N[C@@H](C/C=C\CCl)C1=CNC(C(=O)C2=CC(=O)NC=N2)=C1,21/000000026,C14H15N4O2Cl,306.0,0.18,4.08,-8.393,-0.9159120802013923,0.1268806920273735,-0.39451569408700937,4.0805599899173695,3.78,5.09,-150.0,DRUGLIKE_LANAPDB
HighDiv_1517,HighDiv,CCC1=CC=C2NC(=O)CNC2=C1C#CC/C=C/CNO,18/000000033,C16H19N3O2,285.0,1.73,4.07,-8.419,-0.945272644417269,0.1555570660945986,-0.3948577891613352,3.6525597742783225,6.99,20.2,-100.0,HIGHDIVERSITY_CRAFT
HighDiv_273,HighDiv,CC/C=C(\CS)C(=O)C1=CC(N=O)=C(Br)C=C1O,12/000000509,C12H12NO3SBr,330.0,2.94,4.71,-6.715,0.9338034653988821,-1.7238483727727838,-0.3950224536869508,3.5783192721457615,3.48,2.35,-60.0,HIGHDIVERSITY_CONCAT
HighDiv_1379,HighDiv,CCNC(=O)C#CC1=C(O)C(O)=CN=C1CBr,1/000000181,C11H11N2O3Br,299.0,1.34,4.32,-7.752,-0.2112585390203346,-0.5801022224761437,-0.3956803807482392,3.476087317626509,5.88,17.1,-20.0,HIGHDIVERSITY_CRAFT
Druglike_477,Druglike,NC1=CC=C(OC(F)F)C=C1/C=C/CNCCO,27/000000040,C12H16N2O2F2,258.0,1.1,4.28,-7.857,-0.3287007958838442,-0.464293788743118,-0.3964972923134811,2.669952041376531,5.39,3.58,-150.0,DRUGLIKE_CONCAT
Druglike_1356,Druglike,O=C(O)[C@H](/C=C/C1=CC=C(CO)C2=C1OC=N2)C1=COC=N1,11/000000005,C15H12N2O5,300.0,0.25,4.02,-8.549,-1.092075465496658,0.29893893643072406,-0.396568264532967,4.057876977556665,6.04,23.6,-190.0,DRUGLIKE_CRAFT
Druglike_541,Druglike,OCC1=CC=C(CO)[C@@H](/C=C/C2=CN=C(CO)C(Br)=C2)N1,13/000000125,C15H17N2O3Br,353.0,-0.38,4.24,-7.962,-0.4461430527473538,-0.3484853550100932,-0.3973142038787235,4.203145387570563,8.64,2.47,-150.0,DRUGLIKE_CONCAT
Druglike_217,Druglike,N[C@@H](/C=C\COC(=O)CO)C1=CC=C(I)C=C1,19/000000047,C12H14NO3I,347.0,1.67,4.55,-7.136,0.46403443794484367,-1.2595117003765584,-0.39773863121585734,3.391027263234548,0.58,5.09,-190.0,DRUGLIKE_CONCAT
Druglike_1982,Druglike,O=C(O)C1=CC2=C(N1)C(=O)NC=C2[C@H](O)CCF,14/000000030,C11H11N2O4F,254.0,0.11,4.11,-8.306,-0.8278303875537594,0.030925132648579465,-0.39845262745258997,3.5214425157495777,5.01,22.3,-190.0,DRUGLIKE_MAYBRIDGE
HighDiv_2090,HighDiv,OCC[C@@H](/C=C/C1=CC(F)=CC(F)=C1O)NO,1/000000139,C11H13NO3F2,245.0,1.75,4.4,-7.531,0.023625974706684625,-0.8238514020475589,-0.40011271367043716,3.638980689549213,4.69,2.22,-150.0,HIGHDIVERSITY_MAYBRIDGE
HighDiv_1081,HighDiv,N[C@H](C#CC1=CC(CO)=CC(O)=C1)CC#CCCCl,23/000000084,C15H16NO2Cl,277.0,2.1,4.07,-8.407,-0.945272644417269,0.1423218165251095,-0.4014754139460798,3.8607665282319754,-0.87,18.9,-150.0,HIGHDIVERSITY_CONCAT
HighDiv_1389,HighDiv,CSCC(=O)C1=CC(O)=C(O)C(C2=CCC=C2)=C1,3/000000103,C14H14O3S,262.0,2.41,4.31,-7.768,-0.24061910323621394,-0.5624552230501589,-0.40153716314318644,3.040533272145762,1.61,3.58,-160.0,HIGHDIVERSITY_CRAFT
Druglike_572,Druglike,O=C(/C=C/C(=O)C1=NN=C(C2=NOCN2)N1)CO,23/000000561,C9H9N5O4,251.0,0.2,4.23,-7.979,-0.47550361696323057,-0.32973541811998397,-0.4026195175416073,4.228281489340331,2.66,3.58,-80.0,DRUGLIKE_CONCAT
HighDiv_1921,HighDiv,O=C(/C=C/C1=CCON1)[C@H](Cl)C/C=C/C1=CCN=CN1,18/000000019,C14H16N3O2Cl,293.0,1.49,4.01,-8.564,-1.1214360297125348,0.3154829983925854,-0.40297651565997467,5.197737433950055,3.73,3.58,-150.0,HIGHDIVERSITY_LANAPDB
HighDiv_1174,HighDiv,NCC[C@@H](O)C#CC1=CC(CC(=O)O)=CC(O)=C1,23/000000010,C13H15NO4,249.0,0.58,4.01,-8.564,-1.1214360297125348,0.3154829983925854,-0.40297651565997467,3.2908814482456528,1.5,3.58,-150.0,HIGHDIVERSITY_CONCAT
Druglike_1935,Druglike,C=C[C@H](CNC)C1=CC(C(=O)NCCC(=O)O)=CC=C1,27/000000093,C15H21N2O3,277.0,1.03,4.18,-8.111,-0.6223064380426195,-0.1841476728556087,-0.40322705544911414,3.503991733443663,6.23,3.58,-170.0,DRUGLIKE_MAYBRIDGE
HighDiv_650,HighDiv,C=CC[C@H](N)C1=C(I)C=CC(C/C=C/CNNCCl)=C1,5/000000061,C15H21N3ClI,405.0,4.51,4.36,-7.631,-0.09381628215682498,-0.7135576556351533,-0.40368696889598915,4.098707327849257,3.7,5.39,-190.0,HIGHDIVERSITY_CONCAT
Druglike_306,Druglike,C=CC1=C(CCN)N=C(C(=O)C2=CCCN2)O1,7/000000099,C12H15N3O2,233.0,0.03,4.44,-7.418,0.14106823157019424,-0.9484833354935761,-0.40370755196169095,4.063808889532864,3.18,3.58,0.0,DRUGLIKE_CONCAT
Druglike_1289,Druglike,NC[C@H](CO)CCNCC#CC1=CCC2=C1C=CC=C2,21/000000001,C17H22N2O,270.0,1.55,4.11,-8.296,-0.8278303875537594,0.019895758007339198,-0.4039673147732101,3.626136903446074,8.66,17.2,-190.0,DRUGLIKE_CRAFT
Druglike_492,Druglike,COCC1=NC=C(/C=C/[C@@H]2C=C(CN)C=C(CO)N2)C=C1Br,13/000000135,C16H21N3O2Br,367.0,0.36,4.28,-7.843,-0.3287007958838442,-0.47973491324085493,-0.4042178545623496,4.671280770537877,7.62,3.98,-170.0,DRUGLIKE_CONCAT
HighDiv_862,HighDiv,C=C[C@@H](C#CC1=CC(O)=CC=C1)C(=O)NO,23/000000044,C12H11NO3,217.0,1.63,4.2,-8.055,-0.5635853096108634,-0.24591217084655656,-0.40474874022871,3.5492742735404184,3.77,15.8,-150.0,HIGHDIVERSITY_CONCAT
HighDiv_1812,HighDiv,O=NC1=CC=C(S)C(C2=CCC=C2)=C1S,10/000000081,C11H9NOS2,235.0,3.17,4.16,-8.161,-0.681027566474373,-0.12900079964940736,-0.4050141830618902,3.90702982210062,6.85,17.0,-120.0,HIGHDIVERSITY_LANAPDB
HighDiv_2260,HighDiv,O=C1OCCN1[C@@H](/C=C/C1=C(O)C(F)=CC(F)=C1)CO,1/000000073,C13H13NO4F2,285.0,1.43,4.09,-8.347,-0.8865515159855155,0.07614556867766593,-0.40520297365392477,3.720311453723384,2.97,3.58,-150.0,HIGHDIVERSITY_MAYBRIDGE
HighDiv_2129,HighDiv,OC1=CN=C(I)C(C2=NC=CC(Br)=C2)=C1S,30/000000067,C10H6N2OSBrI,409.0,3.47,4.31,-7.761,-0.24061910323621394,-0.5701757852990269,-0.4053974442676204,3.412498824998682,7.2,13.5,-160.0,HIGHDIVERSITY_MAYBRIDGE
Druglike_824,Druglike,NCC1=NC=C(COC(=O)C/C=C\CC2=CC(Br)=CN=C2)N1,13/000000002,C15H17N4O2Br,365.0,0.86,4.1,-8.32,-0.8571909517696387,0.04636625714631741,-0.40541234731166065,3.118275005538406,2.03,4.94,-40.0,DRUGLIKE_CONCAT
Druglike_2004,Druglike,CCC1=CNC(=O)C2=C1C=C(C(=O)C/C=C/CO)N2,14/000000001,C14H16N2O3,260.0,0.24,4.08,-8.373,-0.9159120802013923,0.10482194274489103,-0.40554506872825064,3.2191961133358387,1.23,21.2,-100.0,DRUGLIKE_MAYBRIDGE
Druglike_648,Druglike,OC/C=C(\CO)CCC1=CC=C2CNNCC2=C1Cl,15/000000029,C14H19N2O2Cl,282.0,1.52,4.19,-8.08,-0.5929458738267401,-0.2183387342434549,-0.4056423040350975,3.529364328139902,6.37,2.48,-80.0,DRUGLIKE_CONCAT
HighDiv_1830,HighDiv,CCC1=CC(/C=C/[C@@H](O)C(=O)N2COC=N2)=CC=C1O,1/000000008,C14H16N2O4,276.0,1.6,4.14,-8.213,-0.7397486949061292,-0.07164805151495718,-0.40569837321054314,3.944747987189917,5.52,4.94,-170.0,HIGHDIVERSITY_LANAPDB
Druglike_1028,Druglike,O=C1N=C(/C=C/C2=CC(O)=CC(CCCCO)=C2)NO1,28/000000013,C14H16N2O4,276.0,1.32,4.01,-8.559,-1.1214360297125348,0.3099683110719643,-0.4057338593202852,2.9276461597639063,2.77,3.58,-60.0,DRUGLIKE_CONCAT
HighDiv_1811,HighDiv,O=C(C1=NN=C(CS)O1)C1=CNC2=C1C(O)=CC=C2CCO,27/000000004,C14H13N3O4S,319.0,1.9,4.16,-8.159,-0.681027566474373,-0.13120667457765423,-0.4061171205260136,3.3074042504870045,2.53,24.7,-80.0,HIGHDIVERSITY_LANAPDB
HighDiv_2074,HighDiv,O=C(O)[C@H](CCCl)C1=CC=C(I)C(O)=C1,22/000000005,C10H10O3ClI,340.0,3.03,4.45,-7.386,0.17042879578607098,-0.9837773343455458,-0.40667426927973743,3.1591031128001976,2.28,3.33,-150.0,HIGHDIVERSITY_MAYBRIDGE
HighDiv_2122,HighDiv,SC1=CC=NC(I)=C1/C=C/C1=NN=C([C@H](S)Cl)N1,30/000000138,C10H8N4S2ClI,410.0,4.21,4.32,-7.732,-0.2112585390203346,-0.6021609717586243,-0.4067097553894794,4.695558496911273,6.86,2.22,-150.0,HIGHDIVERSITY_MAYBRIDGE
Druglike_1029,Druglike,CC(=O)CCC#CCC1=CC(O)=CC(C2=NNN=C2)=C1,28/000000232,C15H15N3O2,269.0,2.94,4.01,-8.557,-1.1214360297125348,0.30776243614371745,-0.40683679678440865,3.0876761192780764,3.08,21.8,-140.0,DRUGLIKE_CONCAT
Druglike_543,Druglike,CCNCCCC1=CC(O)=CC(C2=NNN=C2)=C1,28/000000248,C13H18N4O,246.0,3.06,4.24,-7.944,-0.4461430527473538,-0.36833822936432586,-0.4072406410558398,2.6054192721457614,1.04,17.0,-140.0,DRUGLIKE_CONCAT
Druglike_1521,Druglike,C/C=C/C1=CC(C2=CN=C(CCCCCCN)N2)=C(CN)N1,4/000000185,C17H28N5,302.0,1.33,4.27,-7.864,-0.35806136009972356,-0.45657322649425,-0.40731729329698674,3.798668412131813,3.12,22.3,-140.0,DRUGLIKE_LANAPDB
HighDiv_656,HighDiv,NOC1=C(Br)C(N=O)=CC(C(=O)O)=C1,12/000000011,C7H5N2O4Br,261.0,0.51,4.35,-7.65,-0.12317684637270433,-0.6926018438167962,-0.4078893450947503,3.1240739328854863,4.81,14.9,0.0,HIGHDIVERSITY_CONCAT
HighDiv_609,HighDiv,C=CCONCC1=CNC(=O)C2=C1C=C(C(=O)O)N2CC,3/000000047,C14H17N3O4,291.0,1.22,4.39,-7.543,-0.0057345895091947315,-0.8106161524780698,-0.40817537099363227,3.1217194825011347,5.31,23.8,-60.0,HIGHDIVERSITY_CONCAT
HighDiv_957,HighDiv,NC[C@H](F)/C=C/C(=O)C1=CC(N=O)=C(Br)C=C1O,12/000000480,C11H10N2O3FBr,317.0,1.59,4.14,-8.207,-0.7397486949061292,-0.07826567629969977,-0.4090071856029145,3.9786790738343503,5.46,2.35,-190.0,HIGHDIVERSITY_CONCAT
Druglike_944,Druglike,C=C(COC(=O)CC)CC(=O)C1=NC(NC)=C2C=NNC2=N1,21/000000098,C14H17N5O3,303.0,1.13,4.04,-8.473,-1.0333543370649019,0.21511568915729762,-0.4091193239538021,3.2225087291918015,3.96,22.4,-140.0,DRUGLIKE_CONCAT
HighDiv_2104,HighDiv,NOC1=C(C2=CNC=N2)C=C(S)C=C1F,27/000000532,C9H8N3OSF,225.0,1.3,4.36,-7.619,-0.09381628215682498,-0.7267929052046425,-0.41030459368073374,3.7355485034193014,2.28,16.9,-120.0,HIGHDIVERSITY_MAYBRIDGE
HighDiv_2139,HighDiv,O=C(CC(=O)O[C@@H](C(=O)O)C1=CC=C(I)C(O)=C1)NO,22/000000045,C11H10NO7I,395.0,0.41,4.28,-7.831,-0.3287007958838442,-0.49297016281034306,-0.41083547934709364,3.2357817110132645,1.92,4.69,-170.0,HIGHDIVERSITY_MAYBRIDGE
HighDiv_1283,HighDiv,NNCCC(=O)C1=CC(O)=C(O)C=C1CBr,3/000000122,C10H13N2O3Br,289.0,0.68,4.57,-7.059,0.5227555663765998,-1.34443788511411,-0.41084115936875515,2.927796060321498,3.17,2.35,0.0,HIGHDIVERSITY_CRAFT
Druglike_616,Druglike,O=C(OCC1=C(CO)OC=C1)C1=CN=C(CO)C(Br)=C1,13/000000062,C13H12NO5Br,342.0,0.3,4.2,-8.043,-0.5635853096108634,-0.25914742041604566,-0.4113663650134545,2.8129490371496786,7.78,2.35,0.0,DRUGLIKE_CONCAT
HighDiv_516,HighDiv,NOC1=C(Br)C(CBr)=CC(C(=O)O)=C1,12/000001098,C8H7NO3Br2,325.0,1.77,4.46,-7.348,0.19978936000194772,-1.02568895798226,-0.4129497989901561,2.8772269474384995,4.68,1.37,0.0,HIGHDIVERSITY_CONCAT
HighDiv_868,HighDiv,NCC(=O)C1=CC(N=O)=C(Br)C(CC(=O)O)=C1,12/000000105,C10H9N2O4Br,301.0,0.52,4.2,-8.04,-0.5635853096108634,-0.26245623280841796,-0.41302077120964065,3.0341158126097865,3.95,3.58,0.0,HIGHDIVERSITY_CONCAT
HighDiv_1048,HighDiv,O=NC1=CC(C(=O)C2=NN=NN2)=CC(CO)=C1Br,12/000000389,C9H6N5O3Br,312.0,0.31,4.09,-8.331,-0.8865515159855155,0.058498569251681114,-0.4140264733669172,3.486376656761146,3.61,2.48,0.0,HIGHDIVERSITY_CONCAT
Druglike_1567,Druglike,O=C(O)CC#CC1=CC=CC([C@H](Br)CCO)=C1,19/000000019,C13H13O3Br,297.0,2.43,4.18,-8.091,-0.6223064380426195,-0.2062064221380912,-0.4142564300903554,3.2792387198630246,4.94,15.7,-150.0,DRUGLIKE_LANAPDB
Druglike_369,Druglike,C[C@@H](CN)NCC1=NN=C(C#CC2=NN=C(CO)N2)N1,18/000000012,C11H16N8O,276.0,1.11,4.38,-7.557,-0.03509515372507148,-0.7951750279803329,-0.41513509085270217,4.5094431578087715,0.98,25.0,-190.0,DRUGLIKE_CONCAT
Druglike_652,Druglike,NC1=CC(/C=C/[C@@H]2CNC(=O)N2)=C(O)C=C1,22/000000058,C11H13N3O2,219.0,0.33,4.18,-8.088,-0.6223064380426195,-0.20951523453046347,-0.4159108362865415,3.6501746231907672,3.48,2.22,-150.0,DRUGLIKE_CONCAT
Druglike_195,Druglike,NCC[C@@H](N)C1=NC=C(C/C=C\CO)C=C1Br,13/000000021,C12H18N3OBr,300.0,0.4,4.59,-6.995,0.5814766948083533,-1.4150258828180495,-0.4167745940048481,3.661905168308196,4.53,13.9,-150.0,DRUGLIKE_CONCAT
Druglike_597,Druglike,O=C1NC[C@@H](/C=C/C2=CC=C(O)C=C2O)N1,22/000000036,C11H12N2O3,220.0,0.74,4.21,-8.006,-0.5342247453949867,-0.2999561065886345,-0.41709042599181056,3.6111900078061527,3.59,2.22,-150.0,DRUGLIKE_CONCAT
HighDiv_2177,HighDiv,CCNOC[C@@H](/C=C/C1=C(O)C(F)=CC(F)=C1)CO,1/000000154,C13H17NO3F2,273.0,2.34,4.2,-8.032,-0.5635853096108634,-0.27127973252140936,-0.4174325210661364,3.797067990775238,2.04,2.22,-190.0,HIGHDIVERSITY_MAYBRIDGE
Druglike_1472,Druglike,CC/C=C/CC1=CC(CO)=CC(C(=O)O)=C1,13/000000001,C13H16O3,220.0,2.05,4.41,-7.471,0.052986538922561374,-0.8900276498950015,-0.4185205554862201,2.399045328495186,2.87,3.58,-40.0,DRUGLIKE_LANAPDB
Druglike_568,Druglike,CC(=O)OCC/C=C/CNCC1=NC(O)=NC=C1C(=O)O,29/000000036,C13H17N3O5,295.0,0.06,4.23,-7.95,-0.47550361696323057,-0.36172060457958133,-0.4186121107714059,3.1363605965594905,7.06,5.24,-50.0,DRUGLIKE_CONCAT
HighDiv_1017,HighDiv,C=CC/C=C(\CCO)NCC1=CC2=C(C=C1O)NC=C2,20/000000046,C16H20N2O2,272.0,2.12,4.11,-8.269,-0.8278303875537594,-0.009883553524009329,-0.4188569705388844,3.2178202488327328,4.36,3.72,-40.0,HIGHDIVERSITY_CONCAT
Druglike_1597,Druglike,CCN[C@@H](N)NCCCC1=CC(=O)OC(C2=CON=C2)=C1,23/000000062,C14H18N4O3,290.0,1.18,4.14,-8.189,-0.7397486949061292,-0.09811855065393343,-0.4189336227800313,3.754873614428451,8.92,3.58,-140.0,DRUGLIKE_LANAPDB
Druglike_614,Druglike,C=CC1=CC(O)=CC(C2=NNN=C2)=C1,28/000000117,C10H9N3O,187.0,3.12,4.2,-8.028,-0.5635853096108634,-0.2756914823779051,-0.41963839599438424,2.8751228933844466,1.52,14.8,-120.0,DRUGLIKE_CONCAT
HighDiv_1041,HighDiv,NC(=O)C1=NOC(C2=CC(Br)=CC=C2O)=C1,10/000000002,C10H7N2O3Br,283.0,1.89,4.09,-8.32,-0.8865515159855155,0.04636625714631741,-0.4200926294195991,2.3595680557679124,1.0,2.22,-160.0,HIGHDIVERSITY_CONCAT
Druglike_1515,Druglike,NCC#CC1=C(C2=CC=CO2)ON=C1C(=O)O,6/000000144,C11H8N2O4,232.0,0.63,4.28,-7.814,-0.3287007958838442,-0.5117200997004523,-0.4202104477921482,2.993867543379018,4.12,23.0,-80.0,DRUGLIKE_LANAPDB
Druglike_487,Druglike,O=C1NN=C(C2=CC(O)=C(Cl)C=C2)O1,28/000000001,C8H5N2O3Cl,212.0,2.53,4.28,-7.814,-0.3287007958838442,-0.5117200997004523,-0.4202104477921482,2.5349362069939136,1.88,14.7,-140.0,DRUGLIKE_CONCAT
Druglike_1541,Druglike,COCC1=CC(C2=CN=C(C(=O)CCl)N2)=C(CO)N1,4/000000330,C12H14N3O3Cl,283.0,-0.36,4.24,-7.92,-0.4461430527473538,-0.3948087285033031,-0.4204758906253284,3.350078841928001,3.34,22.7,-120.0,DRUGLIKE_LANAPDB
HighDiv_549,HighDiv,CCC1=CC(C(=O)O)=CC(ON)=C1Br,12/000001127,C9H10NO3Br,260.0,1.45,4.43,-7.414,0.11170766735431488,-0.9528950853500728,-0.42059370899787896,2.607631105442658,4.98,2.48,-20.0,HIGHDIVERSITY_CONCAT
HighDiv_1525,HighDiv,O=C(O)C/C=C/CC#CC1=C2NCC(=O)NC2=CC=C1CBr,18/000000026,C16H15N2O3Br,363.0,2.02,4.06,-8.398,-0.9746332086331483,0.13239537934799267,-0.4211189146425778,3.582873481256235,7.92,22.7,-80.0,HIGHDIVERSITY_CRAFT
Druglike_506,Druglike,C=C(C1=CC=CO1)C1=C(CC(=O)O)C(O)=NO1,3/000000204,C11H9NO5,235.0,1.09,4.27,-7.838,-0.35806136009972356,-0.4852496005614751,-0.4216554803305993,3.190967727503404,0.98,21.0,-20.0,DRUGLIKE_CONCAT
Druglike_1340,Druglike,C=C(CO)C1=CC(O)=C2C=CC(=O)OC2=C1,6/000000003,C12H10O4,218.0,0.99,4.04,-8.45,-1.0333543370649019,0.18974812748244285,-0.4218031047912295,2.7846072166070748,1.32,3.58,-80.0,DRUGLIKE_CRAFT
HighDiv_2275,HighDiv,O=C1C=CN(CCC2=CC(F)=C(CS)C=C2S)C(=O)N1,26/000000014,C13H13N2O2S2F,312.0,2.04,4.07,-8.37,-0.945272644417269,0.10151313035251874,-0.4218797570323751,3.085073837349478,7.63,3.58,0.0,HIGHDIVERSITY_MAYBRIDGE
Druglike_1480,Druglike,NC(=O)NC1=CC(CC(=O)O)=CC=C1F,4/000000244,C9H9N2O3F,212.0,-0.01,4.36,-7.597,-0.09381628215682498,-0.7510575294153709,-0.42243690578609794,1.911986964957764,3.71,3.58,0.0,DRUGLIKE_LANAPDB
Druglike_1574,Druglike,CC(=O)NCCC1=CC=C([C@H](O)C#CCN)C=C1O,6/000000056,C14H18N2O3,262.0,-0.22,4.18,-8.075,-0.6223064380426195,-0.223853421564076,-0.42307992980334774,3.176986629828491,2.74,3.58,-170.0,DRUGLIKE_LANAPDB
Druglike_1557,Druglike,CCCNCC1=C(O)C(=O)C=C(C2=NN=NN2)O1,2/000000003,C10H13N5O3,251.0,-0.3,4.2,-8.021,-0.5635853096108634,-0.28341204462677305,-0.4234986771188182,3.204076059476078,3.7,23.8,-140.0,DRUGLIKE_LANAPDB
HighDiv_986,HighDiv,O=NC1=CC(C(=O)[C@@H]2N=CNO2)=CC(O)=C1Br,12/000000434,C9H6N3O4Br,300.0,1.26,4.13,-8.207,-0.7691092591220059,-0.07826567629969977,-0.42368746771085286,4.455472435083973,3.01,2.35,-150.0,HIGHDIVERSITY_CONCAT
HighDiv_632,HighDiv,NOC1=C(Br)C([N+](=O)[O-])=CC(C(=O)O)=C1,12/000001105,C7H5N2O5Br,277.0,0.86,4.37,-7.568,-0.06445571794094823,-0.7830427158749692,-0.42374921690795875,2.68136980519445,5.11,1.37,0.0,HIGHDIVERSITY_CONCAT
HighDiv_1780,HighDiv,S[C@H](/C=C/NC/C=C\CC1=CSN=N1)C1=NC=NC=C1,29/000000155,C13H15N5S2,305.0,2.54,4.23,-7.94,-0.47550361696323057,-0.3727499792208216,-0.4241267980920261,4.5096957893877185,1.49,3.58,-190.0,HIGHDIVERSITY_LANAPDB
HighDiv_600,HighDiv,O=C1NCCN1C1=CC(CSCO)=CC(O)=C1,28/000000096,C11H14N2O3S,254.0,0.04,4.39,-7.514,-0.0057345895091947315,-0.8426013389376672,-0.42416796422343095,2.8123098510713262,3.25,15.7,-120.0,HIGHDIVERSITY_CONCAT
Druglike_934,Druglike,NC/C=C/C1=CN=C(C2=C(C(=O)O)C(CO)=NN2)C=C1Br,7/000000053,C13H12N4O3Br,352.0,0.3,4.05,-8.419,-1.0039937728490251,0.1555570660945986,-0.42421835337721325,3.3683314188406577,8.8,22.3,-120.0,DRUGLIKE_CONCAT
Druglike_982,Druglike,CC(=O)CC1=CC([C@@H](C(=O)O)C2=NNC(CCl)=C2)=NC(O)=N1,29/000000017,C13H13N4O4Cl,324.0,0.18,4.03,-8.472,-1.0627149012807786,0.21401275169317222,-0.4243510747938032,3.9660718127215,2.96,4.94,-190.0,DRUGLIKE_CONCAT
Druglike_2011,Druglike,NCC1=C(C(=O)CCOCC2=NN=CN2)C=C(C(=O)O)N1,5/000000171,C12H15N5O4,293.0,-0.28,4.07,-8.365,-0.945272644417269,0.0959984430318996,-0.4246371006926847,3.495736710393055,5.86,3.7,0.0,DRUGLIKE_MAYBRIDGE
HighDiv_2069,HighDiv,CSCS[C@@H](/C=C/C1=C(O)C(F)=CC(F)=C1)CO,1/000000112,C12H14O2S2F2,292.0,3.05,4.48,-7.273,0.25851048843370383,-1.108409267791564,-0.4249493896789301,3.9523263462048366,2.35,2.22,-170.0,HIGHDIVERSITY_MAYBRIDGE
HighDiv_521,HighDiv,COC/C=C(\CC(=O)O)C(=O)C1=CC(N=O)=C(Br)C=C1O,12/000000473,C13H12NO6Br,358.0,1.22,4.45,-7.352,0.17042879578607098,-1.0212772081257633,-0.42542420616984616,3.3618889501024993,3.85,5.21,-70.0,HIGHDIVERSITY_CONCAT
Druglike_337,Druglike,OCC1=CC(O)=CC(C2=NNN=C2)=C1,28/000000348,C9H9N3O2,191.0,1.8,4.4,-7.485,0.023625974706684625,-0.8745865253972646,-0.42548027534529,2.6493163549229077,1.52,14.4,-120.0,DRUGLIKE_CONCAT
HighDiv_726,HighDiv,N=C1SC(CN)=CN1C[C@@H](O)C1=CC=C(CN)C(I)=C1,12/000000851,C13H17N4OSI,404.0,1.59,4.29,-7.777,-0.2993402316679674,-0.5525287858730421,-0.42593450877050476,3.7225369082688378,4.78,4.94,-150.0,HIGHDIVERSITY_CONCAT
Druglike_2003,Druglike,CCC1=CC(O)=CC(C#CC(=O)O[C@H](CO)CBr)=C1,1/000000150,C14H15O4Br,327.0,3.12,4.08,-8.336,-0.9159120802013923,0.06401325657230222,-0.42594941181454504,3.5355061564557095,4.15,3.87,-170.0,DRUGLIKE_MAYBRIDGE
HighDiv_1896,HighDiv,C/C=C/[C@@H](/C=C/C1=C(N)C=C(P(=O)(O)O)C=C1F)NN,8/000000014,C12H17N3O3PF,301.0,-0.16,4.04,-8.442,-1.0333543370649019,0.18092462776945142,-0.42621485464772524,4.375192160940694,4.99,4.81,-170.0,HIGHDIVERSITY_LANAPDB
HighDiv_936,HighDiv,C=C[C@@H](/C=C/CC1=C(CN)N=C(C(=O)O)O1)C1=NC=CS1,3/000000139,C14H15N3O3S,305.0,0.21,4.15,-8.147,-0.7103881306902498,-0.14444192414714335,-0.4274150274186965,4.270205361494943,5.87,5.21,-150.0,HIGHDIVERSITY_CONCAT
Druglike_564,Druglike,CCCCC[C@H](O)C1=NC(O)=NC=C1C(=O)O,29/000000151,C11H16N2O4,240.0,0.9,4.23,-7.932,-0.47550361696323057,-0.381573478933814,-0.4285385479485223,3.251041559114431,4.75,13.6,-170.0,DRUGLIKE_CONCAT
Druglike_1533,Druglike,C[C@@H](/C=C(\CC(=O)O)C1=NNN=C1)C1=NN=NN1,29/000000014,C9H11N7O2,249.0,0.19,4.25,-7.877,-0.41678248853147704,-0.4422350394606374,-0.4295087639960572,4.2021537910289215,3.49,3.58,-170.0,DRUGLIKE_LANAPDB
HighDiv_1901,HighDiv,NC1=C(/C=C/[C@@H](N)C2=CSN=N2)C(F)=CC(P(=O)(O)O)=C1,8/000000016,C11H12N4O3PSF,330.0,0.63,4.03,-8.462,-1.0627149012807786,0.20298337705193195,-0.42986576211442334,4.315907015238167,4.7,4.81,-150.0,HIGHDIVERSITY_LANAPDB
Druglike_285,Druglike,OCC1=CC=C(C2=NNN=C2)C=C1O,28/000000336,C9H9N3O2,191.0,1.8,4.46,-7.317,0.19978936000194772,-1.0598800193701052,-0.43004532968407877,2.6113744318459844,3.38,14.4,-120.0,DRUGLIKE_CONCAT
HighDiv_1707,HighDiv,CNC/C=C/C1=C(S)C(C2=CNC(=N)S2)=CC(CO)=C1,10/000000048,C14H17N3OS2,307.0,2.45,4.44,-7.37,0.14106823157019424,-1.0014243337715305,-0.43017805110066815,3.9030493118749545,3.02,20.7,-160.0,HIGHDIVERSITY_LANAPDB
HighDiv_539,HighDiv,CCCC1=C(CO)C=C(I)C(C2=NC(CC(=O)O)=NN2)=N1,4/000000240,C13H15N4O3I,402.0,1.66,4.44,-7.37,0.14106823157019424,-1.0014243337715305,-0.43017805110066815,3.274602506373814,7.27,21.0,-140.0,HIGHDIVERSITY_CONCAT
Druglike_2021,Druglike,NCC1=CC(=O)C=C(C2=CC(N)=CC=C2)N1,15/000000169,C12H13N3O,215.0,0.7,4.06,-8.381,-0.9746332086331483,0.11364544245788441,-0.4304938830876319,2.5602223215021773,2.25,2.22,-160.0,DRUGLIKE_MAYBRIDGE
HighDiv_830,HighDiv,CCCCC1=CC(N2CCNC2=O)=CC(O)=C1,28/000000050,C13H18N2O2,234.0,1.64,4.22,-7.955,-0.5048641811791099,-0.35620591725896117,-0.4305350492190355,2.3383040818405565,1.94,13.2,-140.0,HIGHDIVERSITY_CONCAT
Druglike_711,Druglike,CCCCNC/C=C/C1=CC(CO)=C(C2=NN=NN2)N1,7/000000090,C13H20N6O,276.0,0.35,4.15,-8.141,-0.7103881306902498,-0.1510595489318879,-0.4307238398110688,3.4772181826593425,2.31,24.6,-100.0,DRUGLIKE_CONCAT
HighDiv_2115,HighDiv,NC[C@H](Cl)C1=NN=C(/C=C/C2=C(I)N=CC=C2S)N1,30/000000104,C11H12N5SClI,408.0,3.12,4.32,-7.688,-0.2112585390203346,-0.650690220180083,-0.4309743796002088,4.9884913468096235,7.48,3.58,-150.0,HIGHDIVERSITY_MAYBRIDGE
Druglike_733,Druglike,CC(=O)C1=NC([C@@H](CO)C(=O)C2=CC=C(O)C(I)=C2)=CN1,15/000000048,C14H13N2O4I,400.0,1.25,4.14,-8.166,-0.7397486949061292,-0.12348611232878624,-0.4316174036174577,3.701589606331285,2.29,5.21,-170.0,DRUGLIKE_CONCAT
HighDiv_1396,HighDiv,CC1=C(C(=O)C2=NN=C(S)N2)C=C(O)C(O)=C1,3/000000145,C10H9N3O3S,251.0,2.42,4.28,-7.793,-0.3287007958838442,-0.5348817864470573,-0.4317912911654508,3.2847575517402214,1.49,2.22,-60.0,HIGHDIVERSITY_CRAFT
HighDiv_821,HighDiv,O=C1NCCN1C1=CC(CCCCF)=CC(O)=C1,28/000000025,C13H17N2O2F,252.0,1.84,4.23,-7.926,-0.47550361696323057,-0.3881911037185586,-0.43184736034089455,2.591883299295082,3.32,15.9,-120.0,HIGHDIVERSITY_CONCAT
HighDiv_2251,HighDiv,COC1=C(Br)C(O)=C(C#C[C@H](N)C2=NN=CS2)N=C1,10/000000013,C11H9N4O2SBr,341.0,1.81,4.1,-8.271,-0.8571909517696387,-0.0076776785957604924,-0.4324343151826996,4.131699184255197,3.84,23.8,-170.0,HIGHDIVERSITY_MAYBRIDGE
Druglike_1334,Druglike,CCCC1=NC(CO)=C(C2=NNC(=O)C=C2)O1,15/000000077,C11H13N3O3,235.0,0.37,4.05,-8.404,-1.0039937728490251,0.13901300413273723,-0.43249038435814396,2.96147619722517,2.27,21.0,-140.0,DRUGLIKE_CRAFT
Druglike_1336,Druglike,CCC1=CC=C(C/C=C(/CN)C2=CC[C@@H](CO)O2)C(O)=C1,4/000000090,C17H24NO3,290.0,1.57,4.05,-8.404,-1.0039937728490251,0.13901300413273723,-0.43249038435814396,4.104408229813067,9.38,4.94,-170.0,DRUGLIKE_CRAFT
Druglike_692,Druglike,O=C1C=C[C@@H](/C=C/C2=CN=C(CCNCO)C(Br)=C2)N1,13/000000033,C14H16N3O2Br,338.0,0.69,4.16,-8.11,-0.681027566474373,-0.1852506103197341,-0.43313908839705356,4.092853684124561,4.47,3.72,-150.0,DRUGLIKE_CONCAT
Druglike_1254,Druglike,CCOC(=O)CC1=CC(C2=NNC(=O)C=C2)=C(CO)O1,15/000000083,C13H14N2O5,278.0,0.15,4.19,-8.03,-0.5929458738267401,-0.2734856074496582,-0.4332157406381992,2.9037501360507783,3.22,23.6,-140.0,DRUGLIKE_CRAFT
Druglike_1953,Druglike,O=C(O)COC(=O)C1=CC(C2=COC(CBr)=C2)=CC(O)=C1,1/000000025,C14H11O6Br,355.0,2.29,4.15,-8.136,-0.7103881306902498,-0.15657423625250902,-0.43348118347137937,2.6982921615462274,0.84,3.58,-140.0,DRUGLIKE_MAYBRIDGE
Druglike_769,Druglike,O=C(O)[C@@H](CN1C=CN=CC1)C1=CC=C(CO)C(Cl)=C1,21/000000183,C14H15N2O3Cl,294.0,1.15,4.13,-8.189,-0.7691092591220059,-0.09811855065393343,-0.4336139048879697,3.676075734442665,5.74,3.58,-150.0,DRUGLIKE_CONCAT
Druglike_735,Druglike,N[C@H](CO)C1=CC=C(C(=O)C2=CC=C(/C=C/CCl)N2)O1,23/000000543,C14H15N2O3Cl,294.0,0.69,4.14,-8.16,-0.7397486949061292,-0.1301037371135308,-0.43492621600982995,3.7682639212558504,3.44,5.09,-170.0,DRUGLIKE_CONCAT
HighDiv_865,HighDiv,C=CCSCCOCC1=CC(O)=CC(N2CCNC2=O)=C1,28/000000554,C15H20N2O3S,308.0,1.54,4.2,-8.0,-0.5635853096108634,-0.306573731373379,-0.4350795204921212,2.886149774278323,3.22,19.1,-120.0,HIGHDIVERSITY_CONCAT
HighDiv_579,HighDiv,O=C1NCCN1C1=CC(CCS)=CC(O)=C1,28/000000012,C11H14N2O2S,238.0,1.17,4.41,-7.44,0.052986538922561374,-0.9242187112828467,-0.4356160861801427,2.744545398425254,2.02,14.5,-140.0,HIGHDIVERSITY_CONCAT
HighDiv_1550,HighDiv,CC(=O)CCCNC(=O)C#CC1=C(O)C(O)=CN=C1CCl,1/000000503,C14H15N2O4Cl,310.0,0.74,4.04,-8.423,-1.0333543370649019,0.15996881595109433,-0.43669276055690376,3.2794832965455303,6.64,21.1,-50.0,HIGHDIVERSITY_CRAFT
HighDiv_1779,HighDiv,O=C(CC1=CC=C(SS)C(O)=C1I)OCC1=NN=CO1,24/000000055,C11H9N2O4S2I,424.0,3.7,4.24,-7.89,-0.4461430527473538,-0.4278968524270249,-0.43701995258718934,3.506582004182647,2.53,3.58,-20.0,HIGHDIVERSITY_LANAPDB
HighDiv_577,HighDiv,NOC1=CC(C(=O)O)=CC(CCF)=C1Br,12/000001135,C9H9NO3FBr,278.0,1.65,4.41,-7.435,0.052986538922561374,-0.9297333986034678,-0.43837342984045324,2.936751195726993,4.58,2.48,0.0,HIGHDIVERSITY_CONCAT
Druglike_727,Druglike,COC(=O)CC(=O)NC1=CC(C2=NNN=C2)=CC(O)=C1,28/000000176,C12H12N4O4,276.0,1.39,4.15,-8.127,-0.7103881306902498,-0.16650067342962388,-0.43844440205993684,2.577794366820008,1.87,22.0,-140.0,DRUGLIKE_CONCAT
HighDiv_899,HighDiv,CCCC(=O)OC1=CC(C#CC/C=C/CO)=CC(O)=C1,23/000000112,C16H18O4,274.0,2.61,4.18,-8.047,-0.6223064380426195,-0.254735670559548,-0.4385210543010838,3.0119034327540746,0.83,18.0,-20.0,HIGHDIVERSITY_CONCAT
HighDiv_1098,HighDiv,C=C(CCC(=O)O)C(=O)C1=CC(N=O)=C(Br)C=C1O,12/000001060,C12H10NO5Br,328.0,1.6,4.05,-8.393,-1.0039937728490251,0.1268806920273735,-0.4385565404108258,3.115527712755286,4.4,2.35,-20.0,HIGHDIVERSITY_CONCAT
Druglike_707,Druglike,NCC1=CC(C(=O)CCC2=CNN=C2)=CC=C1I,19/000000042,C13H15N3OI,356.0,2.44,4.16,-8.1,-0.681027566474373,-0.19627998496097437,-0.4386537757176737,3.210434430516802,2.91,3.85,0.0,DRUGLIKE_CONCAT
HighDiv_727,HighDiv,C=CCNCNCC1=C(Br)C(N=O)=CC(C(=O)OCNCC)=C1,12/000000375,C15H21N4O3Br,385.0,2.35,4.29,-7.753,-0.2993402316679674,-0.5789992850120194,-0.4391697583399934,3.4926236672046027,3.35,22.3,-150.0,HIGHDIVERSITY_CONCAT
Druglike_457,Druglike,OCCC[C@@H](/C=C/C1=C(F)C=CC(F)=C1)NCO,16/000000097,C13H17NO2F2,257.0,2.0,4.29,-7.752,-0.2993402316679674,-0.5801022224761437,-0.4397212270720556,3.3446972661420427,5.51,2.22,-150.0,DRUGLIKE_CONCAT
HighDiv_827,HighDiv,CNCS(=O)(=O)CCSCC1=CC(O)=CC(N2CCNC2=O)=C1,28/000000505,C14H22N3O4S2,360.0,0.12,4.22,-7.938,-0.5048641811791099,-0.37495585414907046,-0.4399100176640902,3.5479693402815258,4.21,23.2,-140.0,HIGHDIVERSITY_CONCAT
Druglike_1355,Druglike,NCC(=O)C1=NC=C(/C=C/C2=CC=C(CO)C(Cl)=C2)C=N1,12/000000148,C15H14N3O2Cl,303.0,0.58,4.02,-8.468,-1.092075465496658,0.20960100183667651,-0.44123723182999075,2.7298073753213483,3.88,4.94,0.0,DRUGLIKE_CRAFT
HighDiv_822,HighDiv,N=C1NN=C(C2=C(F)C=C(C(=O)O)C(O)=C2)S1,11/000000002,C9H6N3O3SF,255.0,2.12,4.23,-7.908,-0.47550361696323057,-0.40804397807279125,-0.44177379751801094,3.078293337693399,2.76,20.9,-160.0,HIGHDIVERSITY_CONCAT
HighDiv_1051,HighDiv,C#C[C@H](O)/C=C/NC1=C(Br)C=CC(C(=O)N=O)=C1Cl,12/000000798,C12H8N2O3ClBr,343.0,2.51,4.08,-8.307,-0.9159120802013923,0.032028070112704865,-0.44194200504434367,4.130799978244781,5.78,22.2,-150.0,HIGHDIVERSITY_CONCAT
HighDiv_2130,HighDiv,NNCC1=CC(CCCl)=CC2=C1C(=O)N(C(=O)[N+](=O)[O-])C2=O,12/000000015,C12H11N4O5Cl,326.0,0.55,4.31,-7.694,-0.24061910323621394,-0.6440725953953385,-0.4423458493157762,3.3757254432363,5.61,24.1,-40.0,HIGHDIVERSITY_MAYBRIDGE
HighDiv_969,HighDiv,C=C(N)C1=CC=C(/C=C(\C)[C@H](CN)N=O)C(Cl)=C1Cl,19/000000004,C13H15N3OCl2,299.0,2.35,4.13,-8.173,-0.7691092591220059,-0.11576555007991825,-0.4424374046009621,4.011947091366952,7.44,3.72,-170.0,HIGHDIVERSITY_CONCAT
Druglike_458,Druglike,C[C@H](O)CNC/C=C/C1=CC(F)=CC=C1F,16/000000003,C12H15NOF2,227.0,2.21,4.29,-7.747,-0.2993402316679674,-0.5856169097967638,-0.44247857073236563,2.9011200777362234,4.52,2.22,-170.0,DRUGLIKE_CONCAT
HighDiv_1888,HighDiv,O=C(/C=C/C1=CCON1)[C@H](Cl)CC1=NC([N+](=O)[O-])=NN1,18/000000015,C10H10N5O4Cl,299.0,0.99,4.04,-8.412,-1.0333543370649019,0.1478365038457306,-0.44275891660958566,4.673844415761345,2.71,6.46,-150.0,HIGHDIVERSITY_LANAPDB
HighDiv_765,HighDiv,C[C@@](O)(/C=C/C(=O)NO)CCOC(=O)C1=NC=CC=C1,5/000000013,C13H16N2O5,280.0,-0.0,4.26,-7.825,-0.3874219243156003,-0.4995877875950876,-0.44350485595534395,3.174196488688418,4.19,5.09,-170.0,HIGHDIVERSITY_CONCAT
HighDiv_718,HighDiv,NOC1=C(Br)C(C(N)=O)=CC(C(=O)O)=C1,12/000001125,C8H7N2O4Br,275.0,-0.14,4.29,-7.745,-0.2993402316679674,-0.5878227847250117,-0.44358150819648956,2.7095272016441534,4.97,2.22,0.0,HIGHDIVERSITY_CONCAT
HighDiv_1875,HighDiv,N[C@H](CC1=NC=CC(O)=C1)C(=O)/C=C/C1=CCON1,18/000000006,C13H16N3O3,262.0,0.02,4.06,-8.357,-0.9746332086331483,0.08717494331890621,-0.44372913265712105,4.655705860597721,3.21,3.72,-150.0,HIGHDIVERSITY_LANAPDB
HighDiv_2193,HighDiv,C=C[C@H](NCC)C1=CC=C(C=C(C(=O)O)C(=O)O)C(O)=C1,26/000000001,C15H16NO5,290.0,1.01,4.18,-8.037,-0.6223064380426195,-0.26576504520078825,-0.4440357416217039,3.4680192188240557,8.29,5.09,-200.0,HIGHDIVERSITY_MAYBRIDGE
Druglike_895,Druglike,C=C(CCC)C1=CC=C(C(=O)C2=CC(CCCN)=CO2)N1,23/000000535,C17H22N2O2,286.0,1.93,4.06,-8.354,-0.9746332086331483,0.08386613092653393,-0.44538353885330717,3.241915589141426,3.24,4.94,-60.0,DRUGLIKE_CONCAT
Druglike_444,Druglike,NCCC1=CC(O)=CC(C2=NNN=C2)=C1,28/000000385,C10H12N4O,204.0,1.89,4.31,-7.688,-0.24061910323621394,-0.650690220180083,-0.4456546617081485,2.673646177837906,1.53,15.2,-120.0,DRUGLIKE_CONCAT
Druglike_1875,Druglike,CC(=O)C1=CC=C(O)C=C1C#CC(=O)OC[C@H](O)Br,1/000000130,C13H11O5Br,327.0,2.12,4.27,-7.794,-0.35806136009972356,-0.5337788489829338,-0.4459201045413287,3.558598168290029,6.22,19.1,-170.0,DRUGLIKE_MAYBRIDGE
Druglike_223,Druglike,CC[C@H](N)CCC(=O)C1=CC(CN)=C(I)C=C1,19/000000055,C13H19N2OI,346.0,2.28,4.54,-7.074,0.43467387372896693,-1.3278938231522497,-0.4466099747116414,3.0384699872080754,2.75,3.85,-170.0,DRUGLIKE_CONCAT
Druglike_867,Druglike,C[C@@H](CO)CCC1=CC=C(C(=O)C2=NC(=O)ON2)N1,23/000000053,C12H15N3O4,265.0,0.19,4.08,-8.298,-0.9159120802013923,0.022101632935588037,-0.4469052236329021,3.76606144840614,4.44,5.09,-170.0,DRUGLIKE_CONCAT
Druglike_1879,Druglike,NC[C@@H](/C=C/CC1=CC=NC=C1Br)C1=CC(O)=NO1,9/000000004,C13H14N3O2Br,324.0,1.74,4.27,-7.792,-0.35806136009972356,-0.5359847239111817,-0.4470230420054526,4.0400468862387475,5.02,3.58,-150.0,DRUGLIKE_MAYBRIDGE
Druglike_781,Druglike,CN1CCC[C@H](C(=O)/C=C/C2=C(I)C=CC(O)=C2)N1,28/000000044,C14H17N2O2I,372.0,2.86,4.12,-8.191,-0.7984698233378826,-0.0959126757256846,-0.44719124953178363,3.678005134908317,7.29,3.58,-170.0,DRUGLIKE_CONCAT
Druglike_1034,Druglike,C=C(N)C1=COC(C(=O)CC2=C(Br)C(O)=CC=C2)=C1,28/000000261,C14H12NO3Br,322.0,2.42,4.01,-8.483,-1.1214360297125348,0.22614506379853788,-0.44764548295699846,3.084122612163571,5.4,3.58,0.0,DRUGLIKE_CONCAT
Druglike_832,Druglike,C#CC1=C(I)N=C([C@@H](O)CCC2=NNN=C2)C=C1,26/000000032,C12H11N4OI,354.0,3.08,4.09,-8.27,-0.8865515159855155,-0.008780616059885891,-0.4476660660227007,3.963554696006295,2.6,3.58,-150.0,DRUGLIKE_CONCAT
HighDiv_810,HighDiv,O=C(O)C1=CC=C(C#C[C@@H](O)CO)C(Cl)=C1Cl,19/000000016,C11H8O4Cl2,274.0,2.12,4.23,-7.897,-0.47550361696323057,-0.42017629017815594,-0.4478399535706933,3.362751191221453,4.22,17.4,-150.0,HIGHDIVERSITY_CONCAT
HighDiv_2098,HighDiv,C/C=C/CN1C=CC(C2=C(CS)C(O)=CN=C2I)=C1,30/000000053,C14H15N2OSI,386.0,3.78,4.37,-7.524,-0.06445571794094823,-0.8315719642964269,-0.4480138411186876,3.768501773713196,10.13,18.6,-140.0,HIGHDIVERSITY_MAYBRIDGE
Druglike_838,Druglike,CCNCC1=NN=C(C#CC2=NN=C(CO)N2CC)N1,18/000000099,C12H17N7O,275.0,2.57,4.09,-8.269,-0.8865515159855155,-0.009883553524009329,-0.44821753475476245,3.685244540330709,5.78,24.2,-80.0,DRUGLIKE_CONCAT
Druglike_1252,Druglike,COCCC1=C(C/C=C\C2=CC[C@@H](CO)O2)ON=C1O,4/000000008,C14H19NO5,281.0,0.89,4.2,-7.976,-0.5635853096108634,-0.3330442305123562,-0.4483147700616098,4.3157573278492585,7.3,3.72,-170.0,DRUGLIKE_CRAFT
Druglike_1314,Druglike,C=CC1=NC(CO)=C(C2=NNC(=O)C=C2)O1,15/000000079,C10H9N3O3,219.0,0.05,4.08,-8.295,-0.9159120802013923,0.01879282054321576,-0.44855962982908826,3.3963453984252547,1.82,21.4,-120.0,DRUGLIKE_CRAFT
HighDiv_604,HighDiv,NC/C(=C\C(N)=O)C(=O)C1=CC(N=O)=C(Br)C=C1O,12/000000555,C11H10N3O4Br,328.0,-0.23,4.39,-7.469,-0.0057345895091947315,-0.8922335248232494,-0.44898405716622203,3.4779784819860566,4.61,2.35,-20.0,HIGHDIVERSITY_CONCAT
HighDiv_1905,HighDiv,O=C(O)C(=C\C1=CC=C(C(=O)O)C=C1)/C=C/[N+](=O)[O-],16/000000002,C12H9NO6,263.0,1.61,4.03,-8.424,-1.0627149012807786,0.16107175341521776,-0.45082157393278044,2.782403694655738,5.57,2.22,0.0,HIGHDIVERSITY_LANAPDB
HighDiv_1347,HighDiv,C=CC1=NC=C(O)C=C1C#CC[C@H](N)CS,1/000000305,C12H14N2OS,234.0,1.62,4.39,-7.464,-0.0057345895091947315,-0.8977482121438696,-0.45174140082653214,4.12200154626769,6.97,16.1,-150.0,HIGHDIVERSITY_CRAFT
Druglike_538,Druglike,OC1=CC(C2=NNN=C2)=CC(CBr)=C1,28/000000128,C9H8N3OBr,254.0,3.41,4.24,-7.863,-0.4461430527473538,-0.4576761639583734,-0.4519096083528636,2.812964047230599,1.26,14.9,-120.0,DRUGLIKE_CONCAT
HighDiv_795,HighDiv,O=C(O)C1=NC(CO)=C(C/C=C/C2=NN=CN2)O1,3/000000300,C10H10N4O4,250.0,0.4,4.24,-7.861,-0.4461430527473538,-0.45988203888662227,-0.453012545816988,3.939347552688748,3.14,3.85,0.0,HIGHDIVERSITY_CONCAT
HighDiv_462,HighDiv,NC/C(=C\CCl)C(=O)C1=CC(N=O)=C(Br)C=C1O,12/000001061,C11H10N2O3ClBr,333.0,1.67,4.51,-7.141,0.3465921810813341,-1.2539970130559381,-0.453702415987302,3.627461579838069,4.18,2.35,-20.0,HIGHDIVERSITY_CONCAT
HighDiv_2063,HighDiv,NC/C=C/[C@@H](CC(=O)O)C1=NN=C2C=CC=CN12,6/000000005,C12H14N4O2,246.0,0.98,4.48,-7.22,0.25851048843370383,-1.1668649533901385,-0.45417723247821734,3.431536596458784,3.48,21.9,-190.0,HIGHDIVERSITY_MAYBRIDGE
HighDiv_1503,HighDiv,NC1=C([C@H](Cl)C/C=C/C2=NN=C(S)O2)C=C(O)C=C1,9/000000009,C12H12N3O2SCl,297.0,2.92,4.09,-8.258,-0.8865515159855155,-0.022015865629374996,-0.45428369080744524,3.973612682078128,4.57,4.94,-150.0,HIGHDIVERSITY_CRAFT
Druglike_1007,Druglike,O=C(O)/C=C\CCCC(=O)C1=NN=C(C2=CCCOC2)N1,23/000000007,C14H17N3O4,291.0,1.32,4.02,-8.444,-1.092075465496658,0.18313050269770026,-0.4544724813994789,3.518515158893708,2.77,3.58,-160.0,DRUGLIKE_CONCAT
Druglike_429,Druglike,O=C(OCC1=CN=CN1)C1=CC(O)=C(Cl)C=C1,28/000000477,C11H9N2O3Cl,252.0,1.83,4.32,-7.645,-0.2112585390203346,-0.6981165311374173,-0.45468753507887594,2.29158196645594,2.43,2.22,-60.0,DRUGLIKE_CONCAT
HighDiv_1922,HighDiv,O=[N+]([O-])C1=C(CNO)N(C[C@H](O)C2=CC=NC(Cl)=C2)C=N1,7/000000009,C11H12N5O4Cl,313.0,0.67,4.01,-8.47,-1.1214360297125348,0.21180687676492535,-0.4548145764738047,3.636052526895295,5.66,3.7,-150.0,HIGHDIVERSITY_LANAPDB
HighDiv_1420,HighDiv,CC(=O)C1=CC(C(F)F)=C(O)C(O)=C1,3/000000179,C9H8O3F2,202.0,1.52,4.23,-7.884,-0.47550361696323057,-0.43451447721176845,-0.4550090470874995,2.611961354922908,1.15,14.2,-170.0,HIGHDIVERSITY_CRAFT
HighDiv_1061,HighDiv,C=C/C=C/C1=CC(N2CCNC2=O)=CC(O)=C1,28/000000288,C13H14N2O2,230.0,1.23,4.08,-8.283,-0.9159120802013923,0.005557570973726654,-0.4551772546138328,2.858913697225171,0.86,15.2,-120.0,HIGHDIVERSITY_CONCAT
Druglike_2008,Druglike,C/C=C/CC1=NN=C(C2=C(CO)C(=O)C=CN2)O1,15/000000311,C12H13N3O3,247.0,1.41,4.08,-8.282,-0.9159120802013923,0.004454633509603215,-0.45572872334589454,3.2861104486163493,6.53,22.6,-140.0,DRUGLIKE_MAYBRIDGE
Druglike_387,Druglike,CC#CC1=CC=C(NC(=O)[C@@H](O)CN)C=C1Cl,21/000000191,C12H13N2O2Cl,252.0,1.07,4.37,-7.51,-0.06445571794094823,-0.8470130887941639,-0.4557344033675561,3.0315950708201163,8.19,2.35,-170.0,DRUGLIKE_CONCAT
Druglike_1523,Druglike,NCCCC1=C(O)NN=C1C(=O)/C=C/C1=CNC=CC1,21/000000012,C14H18N4O2,274.0,1.04,4.26,-7.802,-0.3874219243156003,-0.5249553492699414,-0.45618863679277083,3.841681787294272,5.11,3.72,-40.0,DRUGLIKE_LANAPDB
HighDiv_2149,HighDiv,NCNCC[C@@H](/C=C/C1=CC(F)=CC(F)=C1O)NO,1/000000114,C12H17N3O2F2,273.0,1.43,4.26,-7.802,-0.3874219243156003,-0.5249553492699414,-0.45618863679277083,3.8611330795326335,5.98,2.22,-150.0,HIGHDIVERSITY_MAYBRIDGE
HighDiv_1890,HighDiv,C=CCCN1C=C(C[C@@H](N)C(=O)/C=C/C2=CCON2)CN1,18/000000021,C15H23N4O2,291.0,0.18,4.04,-8.387,-1.0333543370649019,0.12026306724262897,-0.4565456349111364,5.302100537505375,3.76,5.08,-150.0,HIGHDIVERSITY_LANAPDB
HighDiv_481,HighDiv,C=C[C@@H](/C=C/CC1=CC=C(I)C(CN)=C1)NN,5/000000028,C13H18N3I,343.0,2.34,4.49,-7.189,0.28787105264958057,-1.2010560147779838,-0.45659248106420164,3.972509750959587,1.07,3.85,-190.0,HIGHDIVERSITY_CONCAT
HighDiv_840,HighDiv,OCC1=NC=C(/C=C/C2=CC=CC=C2)C=C1COCCS,7/000000032,C17H19NO2S,301.0,2.64,4.22,-7.907,-0.5048641811791099,-0.4091469155369157,-0.45700554835801277,2.659504654480088,2.49,5.09,0.0,HIGHDIVERSITY_CONCAT
HighDiv_1933,HighDiv,N[C@H](CC1=NC=CC(O)=C1)C(=O)/C=C/C1=C(CF)CON1,18/000000014,C14H17N3O3F,294.0,-0.03,4.0,-8.492,-1.1507965939284115,0.2360715009756547,-0.4573625464763784,4.798673158105114,3.23,3.72,-150.0,HIGHDIVERSITY_LANAPDB
Druglike_1320,Druglike,O=C(CO)[C@@H]1CC=C(/C(=C\CC2=C(CCl)C(O)=NO2)CF)O1,4/000000081,C14H15NO5FCl,331.0,1.12,4.07,-8.305,-0.945272644417269,0.029822195184456026,-0.45772522461640647,4.650964889644577,8.19,3.7,-150.0,DRUGLIKE_CRAFT
Druglike_995,Druglike,OC1=CC2=C(C=C1CCNCCC1=NON=C1)NCO2,21/000000216,C13H16N4O3,276.0,1.65,4.02,-8.438,-1.092075465496658,0.1765128779129557,-0.4577812937918512,3.432294413383615,2.57,2.35,-40.0,DRUGLIKE_CONCAT
HighDiv_1007,HighDiv,C/C(=C\CCN)C(=O)C1=CC(N=O)=C(Br)C=C1O,12/000000507,C12H13N2O3Br,313.0,1.59,4.11,-8.198,-0.8278303875537594,-0.0881921134768166,-0.458011250515288,3.3727673490688375,4.55,2.35,-60.0,HIGHDIVERSITY_CONCAT
HighDiv_1799,HighDiv,NC(=O)CC1=CC2=C(CC[C@H]2CCS)C(O)=C1,12/000000030,C13H17NO2S,251.0,1.48,4.19,-7.985,-0.5929458738267401,-0.32311779333523943,-0.45803183358098976,3.370331682219817,3.41,3.72,-190.0,HIGHDIVERSITY_LANAPDB
HighDiv_1647,HighDiv,N=C1NC=C(C2=C(C(N)=O)C(CO)=CC=C2S)S1,10/000000069,C11H11N3O2S2,281.0,1.23,4.7,-6.627,0.9044429011830054,-1.8209068696157003,-0.4582319842163474,3.6777805751284927,8.39,3.58,-120.0,HIGHDIVERSITY_LANAPDB
Druglike_1612,Druglike,C=CNCCCCCC1=NC=C(C2=C(CN)NC(CO)=C2)N1,4/000000214,C16H25N5O,303.0,0.45,4.13,-8.144,-0.7691092591220059,-0.14775073653951562,-0.45842999783076077,3.4073277527911525,3.66,22.9,-100.0,DRUGLIKE_LANAPDB
Druglike_1256,Druglike,CC1=NN=C(/C=C/CC2=C(C(=O)O)[C@H](CO)NC(=O)N2)N1,30/000000010,C12H15N5O4,293.0,-0.18,4.19,-7.984,-0.5929458738267401,-0.3242207307993638,-0.458583302313052,4.1539058425451625,7.83,5.09,-170.0,DRUGLIKE_CRAFT
Druglike_1211,Druglike,NC/C=C/[C@@H](CCO)NCC1=CC=CC(Cl)=C1,16/000000002,C13H19N2OCl,254.0,1.73,4.35,-7.558,-0.12317684637270433,-0.7940720905162094,-0.45862446844445687,3.18056676814453,4.2,2.22,-150.0,DRUGLIKE_CRAFT
Druglike_1867,Druglike,O=C(O)C1=CC([C@@H]2CCO2)=C(C(=O)O)N1,5/000000167,C9H9NO5,211.0,-0.05,4.3,-7.69,-0.2699796674520907,-0.6484843452518342,-0.45923200635196243,3.2647804204925066,4.54,17.2,-190.0,DRUGLIKE_MAYBRIDGE
Druglike_1306,Druglike,CCC1=NN=C(/C=C/CC2=C(C(=O)O)[C@H](CO)NC(=O)N2)N1,30/000000008,C13H17N5O4,307.0,0.07,4.09,-8.248,-0.8865515159855155,-0.03304524027061526,-0.4597983781280654,4.104187083843821,8.26,5.09,-170.0,DRUGLIKE_CRAFT
Druglike_1681,Druglike,NC1=NC=C(N2C=C(CC(=O)O)N=N2)C=C1/C=C/CCCO,23/000000059,C14H17N5O3,303.0,-0.13,4.04,-8.381,-1.0333543370649019,0.11364544245788441,-0.4598544473035087,3.0054375011073535,3.26,23.2,-160.0,DRUGLIKE_LANAPDB
HighDiv_2323,HighDiv,COC1=C(Br)C(O)=C(C#C[C@H](N)C2=NNN=C2)N=C1,10/000000014,C11H10N5O2Br,324.0,1.58,4.01,-8.46,-1.1214360297125348,0.2007775021236851,-0.46032926379442485,4.151687282948956,3.7,22.7,-170.0,HIGHDIVERSITY_MAYBRIDGE
Druglike_1266,Druglike,NC/C(=C/CC1=CC=C(CN)C=C1O)C1=CC[C@@H](CO)O1,4/000000080,C16H23N2O3,291.0,0.21,4.15,-8.086,-0.7103881306902498,-0.21172110945871034,-0.46105462007448006,4.188013184180733,8.97,4.94,-150.0,DRUGLIKE_CRAFT
Druglike_971,Druglike,NC[C@@H](Cl)CCCC#CC1=CC2=C(C=C1O)OCN2,21/000000151,C14H17N2O2Cl,280.0,2.4,4.03,-8.404,-1.0627149012807786,0.13901300413273723,-0.4618509485740207,3.923600732392593,1.97,17.3,-190.0,DRUGLIKE_CONCAT
HighDiv_1865,HighDiv,[O-][S@+](C1=CC(O)=C(I)C=C1O)C1=CC=CC=C1F,12/000000102,C12H8O3SFI,378.0,2.61,4.07,-8.297,-0.945272644417269,0.020998695471464598,-0.4621369744729022,3.4135922802707706,3.64,16.0,0.0,HIGHDIVERSITY_LANAPDB
Druglike_594,Druglike,N[C@H](C#CC1=CC=NN1)C1=C(Cl)N=C(C(=O)O)C=N1,11/000000006,C11H8N5O2Cl,277.0,0.16,4.21,-7.924,-0.5342247453949867,-0.3903969786468064,-0.46231086202089655,4.107003393253747,7.1,22.9,-150.0,DRUGLIKE_CONCAT
Druglike_1015,Druglike,CNCC1=NC=C(/C=C/[C@H]2NC(=O)C=C2CCl)C=C1Br,13/000000119,C14H16N3OClBr,357.0,1.19,4.01,-8.455,-1.1214360297125348,0.19526281480306396,-0.4630866074547354,4.769427382794312,7.34,3.85,-170.0,DRUGLIKE_CONCAT
HighDiv_407,HighDiv,NC(N)NC1=C(Br)C(N=O)=CC(C(=O)[C@H]2CNCCO2)=C1,12/000000670,C12H14N5O3Br,356.0,-0.11,4.55,-7.016,0.46403443794484367,-1.3918641960714444,-0.46391487906330037,3.9328854181419786,3.01,22.0,-170.0,HIGHDIVERSITY_CONCAT
HighDiv_1753,HighDiv,OC1=C(I)C(/C=C\C/C=C/C2=NNC=C2)=CC=C1SS,24/000000062,C14H13N2OS2I,416.0,4.96,4.31,-7.654,-0.24061910323621394,-0.6881900939603005,-0.4644045985982572,4.101010532233543,0.35,5.39,-60.0,HIGHDIVERSITY_LANAPDB
HighDiv_458,HighDiv,NOC1=C(Br)C(Br)=CC(C(=O)O)=C1,12/000000014,C7H5NO3Br2,311.0,1.77,4.51,-7.121,0.3465921810813341,-1.2760557623384188,-0.4647317906285423,2.663423912904753,4.67,12.4,0.0,HIGHDIVERSITY_CONCAT
Druglike_1984,Druglike,O=C1C=C(C2=CC=C(Br)C=C2O)NC=C1CO,15/000000202,C12H10NO3Br,296.0,1.88,4.11,-8.185,-0.8278303875537594,-0.10253030051042915,-0.46518034403209424,2.657054143215353,3.1,2.22,-160.0,DRUGLIKE_MAYBRIDGE
Druglike_244,Druglike,C/C=C/[C@H](N)C1=NC(O)=NC=C1C(=O)O,29/000000069,C9H11N3O3,209.0,-0.33,4.5,-7.144,0.3172316168654573,-1.250688200663566,-0.46672829189905435,3.8962931128001976,4.63,13.6,-170.0,DRUGLIKE_CONCAT
HighDiv_367,HighDiv,NOC1=C(Br)C(I)=CC(C(=O)O)=C1,12/000001106,C7H5NO3BrI,358.0,2.04,4.59,-6.903,0.5814766948083533,-1.5164961295174626,-0.46750971735455465,2.8899795690133505,5.02,12.4,0.0,HIGHDIVERSITY_CONCAT
Druglike_1615,Druglike,O=C(NC1=C(F)C=C2C=CNC2=C1)[C@@H](CO)CBr,19/000000003,C12H12N2O2FBr,315.0,1.68,4.13,-8.127,-0.7691092591220059,-0.16650067342962388,-0.4678049662758149,3.128949266142042,4.32,18.0,-190.0,DRUGLIKE_LANAPDB
HighDiv_1924,HighDiv,CCC#C[C@H](O)C/C=C/C1=CC(I)=CC(O)=C1,12/000000039,C14H15O2I,342.0,3.64,4.01,-8.446,-1.1214360297125348,0.18533637762594712,-0.4680498260432938,3.771546084838475,3.23,2.22,-170.0,HIGHDIVERSITY_LANAPDB
Druglike_602,Druglike,OCC1=C(C2=NN=NN2)N(C/C=C/CCCl)C=C1,7/000000081,C11H14N5OCl,267.0,0.91,4.21,-7.912,-0.5342247453949867,-0.4036322282162955,-0.4689284868056411,3.582755366820317,4.44,5.09,-80.0,DRUGLIKE_CONCAT
HighDiv_1187,HighDiv,O=C(NCC1=CC(O)=CN=C1)C1=CC=C(I)C(Br)=C1,5/000000083,C13H10N2O2BrI,433.0,3.35,4.0,-8.47,-1.1507965939284115,0.21180687676492535,-0.46949485858174306,2.3194051118844605,1.91,2.22,-40.0,HIGHDIVERSITY_CONCAT
HighDiv_1412,HighDiv,NCCCC#CC1=C(CN)N=C(CC[N+](=O)[O-])C(O)=C1,1/000000303,C13H20N4O3,280.0,-0.01,4.24,-7.831,-0.4461430527473538,-0.49297016281034306,-0.46955660777884844,4.548768382804025,2.45,19.8,0.0,HIGHDIVERSITY_CRAFT
Druglike_1348,Druglike,O=C1C=CC(C2=C(CO)N=C(CCF)O2)=NN1,15/000000190,C10H10N3O3F,239.0,0.21,4.03,-8.39,-1.0627149012807786,0.12357187963500124,-0.46957151082288867,3.262301197225172,2.29,23.1,-120.0,DRUGLIKE_CRAFT
Druglike_1248,Druglike,COC1=CC(N)=NC=C1C#CC(=O)C1=NC=C(CO)N1,11/000000007,C13H12N4O3,272.0,-0.04,4.22,-7.884,-0.5048641811791099,-0.43451447721176845,-0.46968932919543915,3.2954973887980312,7.68,3.85,-20.0,DRUGLIKE_CRAFT
Druglike_1652,Druglike,C=CC1=C(C2=CC(CCCN[C@@H](N)NC)=CC(=O)O2)C=NO1,23/000000065,C15H18N4O3,302.0,1.29,4.08,-8.253,-0.9159120802013923,-0.02753055294999415,-0.4717213165756932,4.0019867258728645,10.39,3.58,-140.0,DRUGLIKE_LANAPDB
HighDiv_1900,HighDiv,NC1=C(C#C[C@@H](O)CN2C=NN=C2)C=C(O)C(CO)=C1,8/000000011,C13H14N4O3,274.0,1.08,4.03,-8.384,-1.0627149012807786,0.11695425485025669,-0.47288032321526097,3.899404305871237,3.31,2.35,-150.0,HIGHDIVERSITY_LANAPDB
Druglike_2001,Druglike,C=CC1=C(C2=NN=C(CO)O2)NC(CF)=CC1=O,15/000000276,C11H10N3O3F,251.0,1.28,4.09,-8.224,-0.8865515159855155,-0.05951573940959152,-0.4730336276975535,3.527314195222684,6.36,24.7,-120.0,DRUGLIKE_MAYBRIDGE
HighDiv_951,HighDiv,NO[C@H](C(=O)C1=CC=C(Br)C(N=O)=C1)C1=NN=C(S)O1,12/000000226,C10H7N4O4SBr,359.0,1.54,4.15,-8.064,-0.7103881306902498,-0.23598573366943973,-0.47318693217984475,4.063298306870236,2.76,3.85,-190.0,HIGHDIVERSITY_CONCAT
HighDiv_987,HighDiv,COC[C@H](/C=C/C1=C(O)C(Cl)=CC=C1)C1=CC(=O)NC1=O,30/000000029,C15H14NO4Cl,307.0,1.42,4.13,-8.117,-0.7691092591220059,-0.17753004807086414,-0.473319653596435,3.5999665852507325,4.26,5.09,-170.0,HIGHDIVERSITY_CONCAT
Druglike_927,Druglike,NC(=O)CC1=C[C@@H](/C=C/C2=CN=CC(Br)=C2)NC(CO)=C1,13/000000004,C15H16N3O2Br,350.0,0.14,4.05,-8.327,-1.0039937728490251,0.0540868193951854,-0.47495347672691984,4.139192584441489,5.62,20.3,-150.0,DRUGLIKE_CONCAT
HighDiv_1084,HighDiv,NC(=O)C1=NOC(C2=CC(Br)=C(O)C=C2O)=C1,10/000000077,C10H7N2O4Br,299.0,1.49,4.06,-8.299,-0.9746332086331483,0.023204570399711473,-0.4757143191167184,2.6718003611047703,1.96,2.22,-160.0,HIGHDIVERSITY_CONCAT
HighDiv_612,HighDiv,CCNC[C@H](F)C1=C(Br)C(ON)=CC(C(=O)O)=C1,12/000001190,C11H14N2O3FBr,321.0,1.2,4.38,-7.446,-0.03509515372507148,-0.9176010864981031,-0.4763481201115873,3.560196381526658,4.73,17.2,-170.0,HIGHDIVERSITY_CONCAT
HighDiv_996,HighDiv,NCOCCCCC1=CC(O)=CC(N2CCNC2=O)=C1,28/000000518,C14H21N3O3,279.0,0.39,4.12,-8.137,-0.7984698233378826,-0.15547129878838362,-0.4769705610631331,2.729019439116134,3.2,16.4,-120.0,HIGHDIVERSITY_CONCAT
Druglike_1691,Druglike,CC1=NN=C([C@@H](N)/C=C/C2=CC=C(O)C(Cl)=C2)O1,5/000000009,C12H12N3O2Cl,265.0,2.7,4.03,-8.375,-1.0627149012807786,0.10702781767313986,-0.4778435418038194,3.3353594199881957,1.3,2.22,-170.0,DRUGLIKE_LANAPDB
HighDiv_507,HighDiv,O=NC1=C(Br)C=CC(C(=O)[C@H](Cl)NCO)=C1,12/000000107,C9H8N2O3ClBr,307.0,1.42,4.46,-7.229,0.19978936000194772,-1.1569385162130217,-0.478574578105537,3.8114637108472977,3.18,3.85,-190.0,HIGHDIVERSITY_CONCAT
Druglike_2044,Druglike,O=C(O)C1=C(C#CC[C@H](CO)C2=NON=C2)ON=C1,29/000000007,C11H9N3O5,263.0,1.04,4.04,-8.347,-1.0333543370649019,0.07614556867766593,-0.47860438419361795,4.452793040084902,5.18,3.85,-150.0,DRUGLIKE_MAYBRIDGE
Druglike_2055,Druglike,CCC/C(C)=C/C1=CNC(=O)C2=C1C=C(C(=O)O)N2,14/000000021,C14H16N2O3,260.0,1.12,4.03,-8.372,-1.0627149012807786,0.10371900528076759,-0.4794979480000055,2.9533882926369426,5.89,21.2,-120.0,DRUGLIKE_MAYBRIDGE
HighDiv_493,HighDiv,CN[C@@H](N)NC1=CC(C(=O)COC)=CC(O)=C1Br,12/000000159,C11H14N3O3Br,316.0,0.9,4.48,-7.174,0.25851048843370383,-1.217600076739844,-0.4795447941530701,3.5524511892189654,3.66,16.6,-80.0,HIGHDIVERSITY_CONCAT
Druglike_452,Druglike,CCC/C=C/CNCC1=NC(O)=NC=C1C(=O)O,29/000000207,C12H17N3O3,251.0,0.81,4.3,-7.653,-0.2699796674520907,-0.6892930314244249,-0.4796363494382578,3.1443268106073,5.08,3.72,-20.0,DRUGLIKE_CONCAT
Druglike_973,Druglike,O=C(O)/C=C/CC1=NC(C2=NN=C(CO)O2)=C(O)C=C1,21/000000205,C12H11N3O5,277.0,0.64,4.03,-8.371,-1.0627149012807786,0.10261606781664415,-0.48004941673206725,3.0425405206661624,5.08,21.6,-120.0,DRUGLIKE_CONCAT
HighDiv_1465,HighDiv,CNNCC1=CC2=C(O1)C(Cl)=CC=C2C(=O)/C=C/CC(=O)O,23/000000005,C15H15N2O4Cl,322.0,2.61,4.16,-8.024,-0.681027566474373,-0.28010323223440275,-0.4805653993543879,3.0920121339837303,3.34,21.5,-100.0,HIGHDIVERSITY_CRAFT
HighDiv_820,HighDiv,O=NC1=CC(C(=O)/C(=C/CCO)CO)=C(O)C=C1Br,12/000001024,C12H12NO5Br,330.0,0.62,4.23,-7.836,-0.47550361696323057,-0.4874554754897229,-0.4814795462264767,3.470378355289223,4.02,2.35,-40.0,HIGHDIVERSITY_CONCAT
HighDiv_2321,HighDiv,O=C(O)[C@H](N[C@H]1NC2=C(N1)C(CBr)=CC=C2)C1=NNC=C1,5/000000005,C13H12N5O2Br,350.0,2.24,4.01,-8.421,-1.1214360297125348,0.1577629410228455,-0.48183654434484463,4.390773819274779,6.54,2.35,-190.0,HIGHDIVERSITY_MAYBRIDGE
HighDiv_823,HighDiv,NC(N)NCCC(=O)C1=C(N=O)C=C(Br)C(N=O)=C1,12/000000441,C10H10N5O3Br,328.0,0.52,4.23,-7.835,-0.47550361696323057,-0.48855841295384733,-0.48203101495853895,3.5518507534792674,5.27,2.48,-40.0,HIGHDIVERSITY_CONCAT
HighDiv_575,HighDiv,C/C=C/C1=CC([C@H](O)CN2C=CSC2=N)=CC(I)=C1CN,12/000000775,C15H18N3OSI,415.0,3.67,4.41,-7.355,0.052986538922561374,-1.017968395733391,-0.4824909284054148,3.936206107797151,3.44,20.5,-191.0,HIGHDIVERSITY_CONCAT
HighDiv_1682,HighDiv,NOC1=C(O)C2=C(C=C1)O/C(=C/[C@@H](S)CO)C2=O,1/000000002,C11H11NO5S,269.0,-0.32,4.51,-7.088,0.3465921810813341,-1.3124526986545129,-0.48293025878658935,4.048576895655387,4.22,3.58,-190.0,HIGHDIVERSITY_LANAPDB
Druglike_339,Druglike,NCC1=CC(O)=CC(C2=NNN=C2)=C1,28/000000347,C9H10N4O,190.0,1.73,4.4,-7.378,0.023625974706684625,-0.9926008340585382,-0.4844874296759268,2.6968398164613703,1.61,14.6,-120.0,DRUGLIKE_CONCAT
Druglike_1187,Druglike,C=C(N[C@H]1C=C(CO)C=C(CN)C1)C1=C(C)N=CO1,19/000000019,C14H19N3O2,261.0,-0.32,4.43,-7.298,0.11170766735431488,-1.0808358311884623,-0.4845640819170737,4.396270446954761,6.77,3.58,-170.0,DRUGLIKE_CRAFT
HighDiv_1022,HighDiv,NC(=O)C1=NOC(C2=CC=CC(Br)=C2CC(=O)O)=C1,10/000000004,C12H9N2O4Br,325.0,1.73,4.11,-8.149,-0.8278303875537594,-0.14223604921889646,-0.4850332183863279,2.467473499737535,2.6,3.58,-160.0,HIGHDIVERSITY_CONCAT
Druglike_641,Druglike,O=C(C1=CCCN1)C1=CC(O)=CC(Cl)=C1,7/000000095,C11H10NO2Cl,223.0,2.27,4.19,-7.936,-0.5929458738267401,-0.37716172907731826,-0.4850538014520292,3.030789162759961,0.39,2.35,-40.0,DRUGLIKE_CONCAT
Druglike_1272,Druglike,CCC/C=C/C1=NN=C([C@@H](C(=O)O)C2=C(CN)C(=O)CO2)O1,1/000000013,C14H17N3O5,307.0,0.41,4.14,-8.069,-0.7397486949061292,-0.2304710463488186,-0.4851098706274739,4.163630211208259,6.32,5.09,-170.0,DRUGLIKE_CRAFT
Druglike_1552,Druglike,C=C[C@H](CCC1=CC=CC(COCN)=C1)N1C=C(CN)N=N1,23/000000040,C16H23N5O,301.0,1.05,4.21,-7.881,-0.5342247453949867,-0.43782328960414074,-0.4860240174995637,3.5210725819522697,1.05,6.45,-170.0,DRUGLIKE_LANAPDB
HighDiv_1789,HighDiv,NCC1=NN(C2=CC(O)=CC=C2CO)C=C1Br,12/000000005,C11H12N3O2Br,298.0,0.7,4.21,-7.881,-0.5342247453949867,-0.43782328960414074,-0.4860240174995637,2.8287876947701793,5.1,16.7,-120.0,HIGHDIVERSITY_LANAPDB
HighDiv_2134,HighDiv,NC(N)NC1=C(Br)C=C(C[C@@H](CO)C2=CCC=CO2)C(S)=C1,16/000000014,C15H19N3O2SBr,385.0,2.16,4.3,-7.641,-0.2699796674520907,-0.7025282809939131,-0.4862539742230019,4.422839290653405,8.83,21.7,-150.0,HIGHDIVERSITY_MAYBRIDGE
Druglike_590,Druglike,C/C=C/C[C@H](F)C1=NC(O)=NC=C1C(=O)O,29/000000204,C10H11N2O3F,226.0,1.04,4.21,-7.88,-0.5342247453949867,-0.4389262270682652,-0.48657548623162594,3.888644748414382,6.83,15.5,-170.0,DRUGLIKE_CONCAT
Druglike_1365,Druglike,C/C=C/CC1=C(CCO)C(C2=C(C(N)=O)OC(Br)=C2)=NN1,6/000000019,C14H16N3O3Br,354.0,1.21,4.0,-8.439,-1.1507965939284115,0.17761581537707916,-0.48659038927566617,3.587644946692116,6.98,24.9,-100.0,DRUGLIKE_CRAFT
Druglike_347,Druglike,O=C(O)C1=CN=C(O)N=C1C/C=C/CBr,29/000000111,C9H9N2O3Br,273.0,1.3,4.4,-7.374,0.023625974706684625,-0.9970125839150349,-0.48669330460417515,3.399663325182904,4.48,3.85,0.0,DRUGLIKE_CONCAT
Druglike_1282,Druglike,C=CCC1=CC(CO)=C[C@H](OC(=O)C2=CC=CC=C2O)C1,19/000000012,C17H18O4,286.0,1.87,4.12,-8.119,-0.7984698233378826,-0.17532417314261728,-0.48689699824024996,3.5996877604519195,4.27,5.09,-150.0,DRUGLIKE_CRAFT
Druglike_666,Druglike,CCC1=CC(O)=CC(C2=NNN=C2)=C1,28/000000367,C10H11N3O,189.0,3.09,4.17,-7.984,-0.6516670022584963,-0.3242207307993638,-0.48794386652893007,2.577278277999831,2.17,13.8,-140.0,DRUGLIKE_CONCAT
HighDiv_1539,HighDiv,C=CC1=NC=C(O)C(N=O)=C1C#CCCN,1/000000056,C11H11N3O2,217.0,0.45,4.04,-8.329,-1.0333543370649019,0.056292694323434235,-0.48853082137073384,3.859993929893787,7.47,17.2,0.0,HIGHDIVERSITY_CRAFT
Druglike_533,Druglike,C=CCC1=CC=C(C2=NNN=C2)C=C1O,28/000000407,C11H11N3O,201.0,3.27,4.25,-7.769,-0.41678248853147704,-0.5613522855860344,-0.48906738705875574,2.6988493978736834,4.55,15.4,-120.0,DRUGLIKE_CONCAT
Druglike_1569,Druglike,OC/C=C(/C1=NNN=C1)C1=NC(C(F)F)=CN=C1,29/000000048,C10H9N5OF2,253.0,0.86,4.18,-7.955,-0.6223064380426195,-0.35620591725896117,-0.4892561776507903,3.5008072811955344,2.81,22.6,-150.0,DRUGLIKE_LANAPDB
HighDiv_542,HighDiv,NCCC1=C(Br)C(ON)=CC(C(=O)O)=C1,12/000001110,C9H12N2O3Br,276.0,0.25,4.43,-7.288,0.11170766735431488,-1.0918652058297025,-0.4900787692376938,3.5318000418808397,5.7,2.48,0.0,HIGHDIVERSITY_CONCAT
Druglike_578,Druglike,C/C=C/C(=O)[C@H](OC(=O)C1=CC=CC=C1N)C1=NN=C(CO)O1,9/000000043,C15H15N3O5,317.0,1.05,4.22,-7.846,-0.5048641811791099,-0.47642610084848264,-0.4906451410137963,3.3875382765855013,8.39,3.58,-170.0,DRUGLIKE_CONCAT
Druglike_473,Druglike,NC/C=C\[C@@H](O)CCC1=CC(O)=CC(CCO)=C1,28/000000012,C14H21NO3,251.0,0.6,4.29,-7.659,-0.2993402316679674,-0.6826754066396804,-0.4910078191538239,3.2142748046035816,3.26,2.22,-150.0,DRUGLIKE_CONCAT
Druglike_1661,Druglike,O=C(O)[C@@H](C#CC1=CC2=C(C=CC=C2)O1)CO,20/000000089,C13H10O4,230.0,1.25,4.06,-8.271,-0.9746332086331483,-0.0076776785957604924,-0.4911554436144544,3.327209075836838,3.11,16.6,-190.0,DRUGLIKE_LANAPDB
Druglike_1241,Druglike,NCCNC(=O)C1=C(CCCNC2=NCCCO2)C=C(Br)O1,6/000000025,C14H22N4O3Br,374.0,0.78,4.23,-7.818,-0.47550361696323057,-0.5073083498439566,-0.49140598340359354,3.753536543999944,4.15,5.24,-20.0,DRUGLIKE_CRAFT
HighDiv_1766,HighDiv,N[C@H](CC1=CNNC1)C(=O)/C=C/C1=CCON1,18/000000010,C11H17N4O2,237.0,0.0,4.29,-7.657,-0.2993402316679674,-0.6848812815679283,-0.49211075661794784,5.558489275993823,3.04,3.58,-150.0,HIGHDIVERSITY_LANAPDB
HighDiv_1114,HighDiv,NC(=O)C1=NOC(C2=CC(O)=CC(Br)=C2)=C1,10/000000006,C10H7N2O3Br,283.0,1.89,4.04,-8.322,-1.0333543370649019,0.04857213207456429,-0.4923911024951688,2.475998475348332,0.93,2.22,-180.0,HIGHDIVERSITY_CONCAT
Druglike_1979,Druglike,CCCCCCC1=C(C(=O)O)NC(C(=O)O)=C1,5/000000168,C12H16NO4,238.0,1.46,4.12,-8.107,-0.7984698233378826,-0.18855942271210638,-0.4935146230249945,2.428505377827179,3.08,17.4,-20.0,DRUGLIKE_MAYBRIDGE
Druglike_354,Druglike,CCC[C@H](O)C1=NC(O)=NC=C1C(=O)O,29/000000075,C9H12N2O4,212.0,0.19,4.39,-7.386,-0.0057345895091947315,-0.9837773343455458,-0.49475596192737026,3.4086696512617376,4.9,12.4,-170.0,DRUGLIKE_CONCAT
Druglike_809,Druglike,CC1=C(CC(=O)O)C=C(/C=C/[C@@]2(O)CC=C(CO)OC2)N1,25/000000001,C15H19NO5,293.0,-0.26,4.11,-8.129,-0.8278303875537594,-0.164294798501377,-0.49606259302756817,4.344861014958955,3.75,5.21,-170.0,DRUGLIKE_CONCAT
Druglike_1611,Druglike,C/C=C/C1=CC(C2=CN=C(CCCC)N2)=C(CN)N1,4/000000074,C15H22N4,258.0,1.81,4.13,-8.075,-0.7691092591220059,-0.223853421564076,-0.4964813403430409,3.293102789678363,2.65,19.7,-200.0,DRUGLIKE_LANAPDB
Druglike_1710,Druglike,NC1=NC(NC(F)F)=CC(C(=O)C2=NNC(O)=C2)=N1,21/000000001,C9H8N6O2F2,270.0,1.01,4.01,-8.394,-1.1214360297125348,0.12798362949149697,-0.4967262001105189,3.580275570743453,3.52,24.0,-170.0,DRUGLIKE_LANAPDB
HighDiv_761,HighDiv,O=NC1=C(Br)C=C(O)C(C(=O)/C(=C/C(=O)O)CCCl)=C1,12/000001044,C12H9NO5ClBr,362.0,2.19,4.27,-7.7,-0.35806136009972356,-0.6374549706105939,-0.4977581653551587,3.4040545472056607,4.81,3.7,-40.0,HIGHDIVERSITY_CONCAT
Druglike_883,Druglike,OCC1=CC(CCOCC2=CCC=C2)=CC(O)=C1,28/000000018,C15H18O3,246.0,1.3,4.07,-8.232,-0.945272644417269,-0.05069223969660008,-0.49798244205693454,2.8817192721457605,3.83,3.58,0.0,DRUGLIKE_CONCAT
Druglike_876,Druglike,O=C1C=C(CO)[C@@H](/C=C/C2=CN=C(CCF)C(Br)=C2)N1,13/000000157,C14H14N2O2FBr,341.0,1.09,4.07,-8.231,-0.945272644417269,-0.05179517716072352,-0.4985339107889963,4.1424438663107965,6.49,3.85,-150.0,DRUGLIKE_CONCAT
HighDiv_1102,HighDiv,C=C(C/C=C/CCC1=C(CO)N=C(C(=O)O)O1)NC,3/000000285,C13H18N2O4,266.0,0.22,4.05,-8.284,-1.0039937728490251,0.006660508437852052,-0.49866663220558655,3.677073499737535,2.54,3.85,-110.0,HIGHDIVERSITY_CONCAT
Druglike_545,Druglike,O=C(O)CC1=C(/C=C/[C@@H]2CNC(=O)N2)C(O)=CC=C1,22/000000004,C13H14N2O4,262.0,0.58,4.24,-7.778,-0.4461430527473538,-0.5514258484089186,-0.4987844505781362,3.633815004284224,6.26,3.58,-150.0,DRUGLIKE_CONCAT
Druglike_1209,Druglike,C=CC1=COC(CO)=C1C1=NNC(=O)C=C1,15/000000280,C11H10N2O3,218.0,0.4,4.35,-7.484,-0.12317684637270433,-0.8756894628613889,-0.4994331546170466,3.2751084753483326,4.05,20.0,-120.0,DRUGLIKE_CRAFT
HighDiv_912,HighDiv,O=C(O)C1=CC(=O)[C@@H](CSCC2=NN=C(S)O2)O1,3/000000022,C9H8N2O5S2,288.0,1.41,4.17,-7.963,-0.6516670022584963,-0.34738241754596877,-0.4995247099022325,4.185513266142042,2.36,2.22,-150.0,HIGHDIVERSITY_CONCAT
Druglike_1296,Druglike,CNCC/C=C/C1=NC(CO)=C(C2=NNC(=O)C=C2)O1,15/000000146,C13H16N4O3,276.0,-0.2,4.1,-8.148,-0.8571909517696387,-0.1433389866830199,-0.5002649692263292,3.336717414824636,4.22,24.6,-140.0,DRUGLIKE_CRAFT
HighDiv_897,HighDiv,C=C(C(=O)CNCOC)C1=CC(N2CCNC2=O)=CC(O)=C1,28/000000511,C15H19N3O4,305.0,-0.05,4.18,-7.935,-0.6223064380426195,-0.3782646665414427,-0.5002855522920311,3.2015783382712453,3.99,20.2,-140.0,HIGHDIVERSITY_CONCAT
Druglike_1037,Druglike,O=C(C#CCO)C1=NN=C(C2=CNC=CC2)N1,23/000000086,C11H10N4O2,230.0,1.34,4.0,-8.414,-1.1507965939284115,0.1500423787739775,-0.500377107577217,4.210863756094874,3.83,2.22,-120.0,DRUGLIKE_CONCAT
Druglike_1520,Druglike,NCC#CC1=C(C2=CCOC2)ON=C1C(=O)O,6/000000147,C11H11N2O4,235.0,-0.09,4.27,-7.695,-0.35806136009972356,-0.6429696579312141,-0.5005155090154688,4.209098312609786,3.69,22.0,-80.0,DRUGLIKE_LANAPDB
HighDiv_873,HighDiv,NCCC1=C(Br)C=CC=C1C1=CC(C(N)=O)=NO1,10/000000024,C12H12N3O2Br,310.0,1.58,4.2,-7.881,-0.5635853096108634,-0.43782328960414074,-0.5007042996075021,2.5846098875303767,2.63,3.58,-160.0,HIGHDIVERSITY_CONCAT
Druglike_1960,Druglike,C=CCN1CC[C@@H]1CC(=O)C1=C(CN)NC(C(=O)O)=C1,5/000000081,C14H19N3O3,277.0,-0.18,4.14,-8.04,-0.7397486949061292,-0.26245623280841796,-0.5011024638572735,3.644988376800306,5.16,3.7,-150.0,DRUGLIKE_MAYBRIDGE
Druglike_1998,Druglike,O=C(O)C1=COC(C2=CC=C(CO)C(Cl)=C2)=C1,7/000000004,C12H8O4Cl,251.0,1.57,4.09,-8.173,-0.8865515159855155,-0.11576555007991825,-0.5011585330327168,2.372212244688347,5.41,2.22,-120.0,DRUGLIKE_MAYBRIDGE
Druglike_279,Druglike,OCCC1=CC=C(C2=NNN=C2)C=C1O,28/000000443,C10H11N3O2,205.0,1.96,4.47,-7.161,0.22914992421782449,-1.2319382637734577,-0.5013941697778166,2.5856458200561523,5.21,15.0,-120.0,DRUGLIKE_CONCAT
Druglike_1509,Druglike,C[C@@H](O)CC#CC1=CC=C(NC(=O)CO)C=C1Br,17/000000003,C13H14NO3Br,312.0,1.5,4.29,-7.639,-0.2993402316679674,-0.7047341559221609,-0.5020371937950642,3.134363394870457,8.39,17.1,-170.0,DRUGLIKE_LANAPDB
HighDiv_664,HighDiv,O=C(O)C1=NC([C@H](O)C2=NN=CN2)=CO1,3/000000288,C7H6N4O4,210.0,-0.39,4.35,-7.479,-0.12317684637270433,-0.8812041501820091,-0.5021904982773567,4.301670255657342,6.5,2.22,-150.0,HIGHDIVERSITY_CONCAT
HighDiv_2294,HighDiv,CC(=O)CNC[C@@H](/C=C/C1=C(O)C(F)=CC(F)=C1)CO,1/000000140,C14H17NO3F2,285.0,1.02,4.05,-8.277,-1.0039937728490251,-0.0010600538110178987,-0.5025269133300215,3.554567584259515,2.75,3.58,-170.0,HIGHDIVERSITY_MAYBRIDGE
HighDiv_879,HighDiv,CCCC(=O)OC1=CC(C#CC/C=C/CN)=CC(O)=C1,23/000000096,C16H19NO3,273.0,2.54,4.19,-7.904,-0.5929458738267401,-0.4124557279292879,-0.502700800878014,3.0648773338529756,1.12,18.2,-40.0,HIGHDIVERSITY_CONCAT
HighDiv_1782,HighDiv,C=C[C@H](CC)NCC#CC1=C(S)C(S)=CC=C1CN,10/000000078,C15H20N2S2,292.0,3.57,4.23,-7.797,-0.47550361696323057,-0.5304700365905616,-0.5029868267768961,4.268367103201273,5.75,19.4,-170.0,HIGHDIVERSITY_LANAPDB
Druglike_324,Druglike,NC[C@@H](/C=C/C1=C(N)C=CC(CCl)=C1)NCCO,27/000000023,C13H20N3OCl,269.0,0.4,4.41,-7.316,0.052986538922561374,-1.0609829568342295,-0.503998208955834,3.521601266142042,7.51,3.58,-150.0,DRUGLIKE_CONCAT
HighDiv_1433,HighDiv,O=NC1=C(O)C=NC(CO)=C1C1=CON=C1O,1/000000034,C9H7N3O5,237.0,-0.32,4.22,-7.821,-0.5048641811791099,-0.5039995374515843,-0.5044318593153472,3.804758889532865,5.62,18.8,-120.0,HIGHDIVERSITY_CRAFT
Druglike_242,Druglike,O=C(O)C1=CN=C(O)N=C1[C@@H](CO)CF,29/000000124,C8H9N2O4F,216.0,-0.4,4.51,-7.048,0.3465921810813341,-1.3565701972194748,-0.5049890080690703,3.835238497415583,5.56,14.5,-150.0,DRUGLIKE_CONCAT
HighDiv_845,HighDiv,O=NC1=C(Br)C(OC[C@@H](O)CO)=CC(C(=O)CCl)=C1,12/000000960,C11H11NO5ClBr,352.0,0.97,4.21,-7.846,-0.5342247453949867,-0.47642610084848264,-0.5053254231217347,3.4367791637651433,3.61,3.72,-150.0,HIGHDIVERSITY_CONCAT
HighDiv_1049,HighDiv,CNOCC/C=C/CC1=C([N+](=O)[O-])OC(C(=O)O)=C1,3/000000220,C11H14N2O6,270.0,1.28,4.09,-8.165,-0.8865515159855155,-0.12458904979291165,-0.5055702828892136,3.4538468725186,5.71,4.16,-110.0,HIGHDIVERSITY_CONCAT
HighDiv_1833,HighDiv,N=C1NC=C(/C(N)=C/C2=C(S)C=CC([N+](=O)[O-])=C2)S1,10/000000074,C11H10N4O2S2,294.0,2.82,4.13,-8.058,-0.7691092591220059,-0.24260335845418426,-0.5058563087880951,3.7675101861280664,3.05,2.35,-60.0,HIGHDIVERSITY_LANAPDB
HighDiv_2292,HighDiv,C[C@@H](CO)CC1=C(F)C=C(F)C(NNCC2=CSC=N2)=C1,2/000000003,C14H17N3OSF2,313.0,3.09,4.05,-8.269,-1.0039937728490251,-0.009883553524009329,-0.5069386631865173,3.429279155497552,3.05,23.5,-170.0,HIGHDIVERSITY_MAYBRIDGE
Druglike_1997,Druglike,CCN[C@@H](C#CC1=NC=CC(I)=C1O)C(=O)O,18/000000003,C11H11N2O3I,346.0,1.36,4.09,-8.162,-0.8865515159855155,-0.12789786218528196,-0.5072246890853987,3.964290054097708,3.94,17.1,-170.0,DRUGLIKE_MAYBRIDGE
HighDiv_1535,HighDiv,C#CCC1=CC(O[P@H](=O)O)=CC(C2=CN=CC(O)=C2)=C1,1/000000253,C14H12NO4P,289.0,1.25,4.05,-8.268,-1.0039937728490251,-0.010986490988132768,-0.507490131918579,3.8630161190580488,5.99,17.8,-160.0,HIGHDIVERSITY_CRAFT
Druglike_2039,Druglike,C/C(=C\C1=NNC=C1)CC(=O)C1=C(CN)NC(C(=O)O)=C1,5/000000092,C14H16N4O3,288.0,0.01,4.04,-8.294,-1.0333543370649019,0.01768988307909232,-0.5078322269929048,3.712274654914928,4.78,3.7,-20.0,DRUGLIKE_MAYBRIDGE
HighDiv_1121,HighDiv,C/C=C/C#CCNC(=O)C1=CC(S)=C(I)C=C1C(=O)O,5/000000090,C14H12NO3SI,401.0,3.75,4.04,-8.294,-1.0333543370649019,0.01768988307909232,-0.5078322269929048,3.401577333852976,3.81,2.22,-80.0,HIGHDIVERSITY_CONCAT
HighDiv_1548,HighDiv,CC(=O)NCC1=CC=C(C2=C(CS)C(O)=CN=C2)C=C1,1/000000017,C15H16N2O2S,288.0,2.07,4.04,-8.294,-1.0333543370649019,0.01768988307909232,-0.5078322269929048,2.484651784402427,6.14,15.5,-180.0,HIGHDIVERSITY_CRAFT
Druglike_626,Druglike,OC1=CC(C2=NNN=C2)=CC(CCCCCl)=C1,28/000000208,C12H14N3OCl,251.0,4.15,4.2,-7.867,-0.5635853096108634,-0.45326441410187773,-0.5084248618563706,2.6636747451058618,1.64,16.7,-120.0,DRUGLIKE_CONCAT
HighDiv_991,HighDiv,NCCC/C=C/C1=CC(N2CCNC2=O)=CC(O)=C1,28/000000138,C14H19N3O2,261.0,0.68,4.12,-8.079,-0.7984698233378826,-0.21944167170757833,-0.5089557475227304,2.7312668922424663,0.35,16.2,-140.0,HIGHDIVERSITY_CONCAT
HighDiv_1104,HighDiv,CCOC(=O)C/C=C/CCC1=C(CO)N=C(C(=O)O)O1,3/000000260,C13H17NO6,283.0,0.09,4.05,-8.264,-1.0039937728490251,-0.015398240844630443,-0.5096960068468278,3.1717784527340953,1.94,3.85,-170.0,HIGHDIVERSITY_CONCAT
Druglike_1606,Druglike,C=C[C@H](CCC1=CC=CC(CNC)=C1)N1C=C(CN)N=N1,23/000000058,C16H24N5,286.0,1.49,4.13,-8.051,-0.7691092591220059,-0.25032392070305226,-0.5097165899125291,4.105458229813065,2.31,6.45,-170.0,DRUGLIKE_LANAPDB
HighDiv_2089,HighDiv,C=C[C@H](C(=O)O)C1=CC=C(CCCCO)C(Cl)=C1,27/000000564,C14H17O3Cl,268.0,2.71,4.4,-7.332,0.023625974706684625,-1.0433359574082448,-0.50985499135078,3.006492751228385,5.59,3.58,-150.0,HIGHDIVERSITY_MAYBRIDGE
Druglike_677,Druglike,O=C(O)CCCC1=CC=C2CN(CCl)NCC2=C1,15/000000002,C13H17N2O2Cl,268.0,1.75,4.17,-7.943,-0.6516670022584963,-0.3694411668284503,-0.5105540845434733,2.9246362404715516,6.12,14.9,-80.0,DRUGLIKE_CONCAT
HighDiv_970,HighDiv,FC(F)(S)C1=CC=C(CCC2=NCON2)C(S)=C1,3/000000329,C11H12N2OS2F2,290.0,3.0,4.13,-8.048,-0.7691092591220059,-0.25363273309542456,-0.5113709961087152,3.994342195222684,7.3,20.9,-150.0,HIGHDIVERSITY_CONCAT
HighDiv_1430,HighDiv,OC1=CN=CC(C2=CC=C(I)C=C2)=C1CS,1/000000035,C12H10NOSI,343.0,3.74,4.22,-7.808,-0.5048641811791099,-0.5183377244851969,-0.5116009528321535,2.7275792445791005,5.04,11.8,-160.0,HIGHDIVERSITY_CRAFT
Druglike_1934,Druglike,NCC1=CN=C(C/C=C/CC2=NNN=C2)C=C1I,18/000000013,C12H14N5I,355.0,2.6,4.18,-7.914,-0.6223064380426195,-0.40142635328804765,-0.5118663956653335,3.5605109881220924,2.86,19.1,0.0,DRUGLIKE_MAYBRIDGE
HighDiv_467,HighDiv,CCCC[C@H](N)/C=C\C(=O)C1=C(Br)C=C(S)C(S)=C1,29/000000076,C14H18NOS2Br,360.0,4.51,4.5,-7.062,0.3172316168654573,-1.341129072721738,-0.5119487279281403,3.81722260267917,3.67,3.58,-170.0,HIGHDIVERSITY_CONCAT
Druglike_1664,Druglike,OCCCC#CCN1C=NC=C1C1=NC(CO)=NN1,4/000000190,C12H15N5O2,261.0,-0.21,4.06,-8.233,-0.9746332086331483,-0.04958930223247469,-0.5121112554328114,3.522210901566476,2.33,24.7,-100.0,DRUGLIKE_LANAPDB
Druglike_613,Druglike,OC1=CC(C2=NNN=C2)=CC(CCCCF)=C1,28/000000168,C12H14N3OF,235.0,4.01,4.2,-7.86,-0.5635853096108634,-0.4609849763507457,-0.5122851429808045,2.7384750590776044,3.01,17.7,-120.0,DRUGLIKE_CONCAT
Druglike_900,Druglike,O=C(NC1CCCC1)C1=CC(CO)=NC(F)=C1,21/000000269,C12H15N2O2F,238.0,0.96,4.06,-8.232,-0.9746332086331483,-0.05069223969660008,-0.5126627241648742,2.2881694664559404,4.62,3.58,-150.0,DRUGLIKE_CONCAT
Druglike_1932,Druglike,C#C[C@H](Br)C1=C(CO)NC(C(=O)O)=C1,5/000000166,C9H8NO3Br,258.0,0.41,4.18,-7.912,-0.6223064380426195,-0.4036322282162955,-0.5129693331294576,4.171034384262224,5.99,17.9,-150.0,DRUGLIKE_MAYBRIDGE
Druglike_834,Druglike,CCC/C=C(/CO)COCCC1=CC(O)=CC(CO)=C1,28/000000059,C16H24O4,280.0,1.02,4.09,-8.151,-0.8865515159855155,-0.14003017429064762,-0.5132908451380815,2.845687773413415,4.59,3.58,-20.0,DRUGLIKE_CONCAT
Druglike_535,Druglike,C#CC1=CC=C(C2=NNN=C2)C=C1O,28/000000099,C10H7N3O,185.0,3.11,4.25,-7.725,-0.41678248853147704,-0.6098815340074932,-0.5133320112694851,2.9029363549229075,3.45,16.6,-120.0,DRUGLIKE_CONCAT
HighDiv_945,HighDiv,O=NC1=C(Br)C=C(O)C(C(=O)/C=C/[C@@H](O)Cl)=C1,12/000001015,C10H7NO4ClBr,320.0,1.87,4.15,-7.991,-0.7103881306902498,-0.31650016855049584,-0.5134441496203728,3.912892729682992,4.76,2.35,-170.0,HIGHDIVERSITY_CONCAT
Druglike_1793,Druglike,NCC1=C(C(=O)CCCCBr)C=C(C(=O)O)N1,5/000000138,C11H15N2O3Br,303.0,0.99,4.46,-7.165,0.19978936000194772,-1.2275265139169609,-0.5138685769575065,2.9508756119408908,4.44,2.35,0.0,DRUGLIKE_MAYBRIDGE
Druglike_537,Druglike,NCN(CC#CC1=NC=C(I)C=C1)CCC1=CNC=NC1,17/000000011,C15H18N5I,395.0,1.38,4.25,-7.723,-0.41678248853147704,-0.6120874089357411,-0.5144349487336091,3.9550915397259914,1.97,5.09,-40.0,DRUGLIKE_CONCAT
Druglike_730,Druglike,NCC1=CC=C([C@@H](O)C/C=C(\CCl)C2=CCNC2=O)O1,9/000000032,C14H17N2O3Cl,296.0,-0.33,4.15,-7.989,-0.7103881306902498,-0.3187060434787437,-0.5145470870844967,4.130452108069038,7.23,3.58,-150.0,DRUGLIKE_CONCAT
HighDiv_430,HighDiv,NCC1=C(/C=C/CCO)N=C(C2=NC(CC(=O)O)=NN2)C(I)=C1,4/000000295,C14H17N5O3I,430.0,0.7,4.54,-6.95,0.43467387372896693,-1.4646580687036317,-0.5149920974873323,4.029166455666141,6.03,24.0,-120.0,HIGHDIVERSITY_CONCAT
Druglike_796,Druglike,O=C(O)C1=CN=C(O)N=C1CC1CCCC1,29/000000179,C11H14N2O3,222.0,1.27,4.11,-8.094,-0.8278303875537594,-0.2028976097457189,-0.5153639986497391,2.753274629194486,3.88,3.85,-150.0,DRUGLIKE_CONCAT
HighDiv_915,HighDiv,O=C(/C=C/[C@@H](O)CCC1=CC(O)=CC=C1O)NO,5/000000018,C12H15NO5,253.0,0.36,4.17,-7.934,-0.6516670022584963,-0.37936760400556613,-0.5155173031320313,3.118824619360254,1.81,3.58,-150.0,HIGHDIVERSITY_CONCAT
HighDiv_2138,HighDiv,CCC[C@H](CCl)C(=O)NOCC1=CC(Br)=C(S)C=C1S,16/000000035,C13H17NO2S2ClBr,398.0,4.73,4.28,-7.64,-0.3287007958838442,-0.7036312184580374,-0.5161660071709409,4.036200917592847,6.5,3.85,-170.0,HIGHDIVERSITY_MAYBRIDGE
HighDiv_690,HighDiv,CCCC/C(=C\CCN)C(=O)C1=C(O)C=C(Br)C(N=O)=C1,12/000001026,C15H19N2O3Br,355.0,2.56,4.32,-7.533,-0.2112585390203346,-0.82164552711931,-0.5164520330698223,3.3179027297439108,3.52,3.7,-90.0,HIGHDIVERSITY_CONCAT
HighDiv_1157,HighDiv,C/C=C\CC[C@H](N)C#CC1=CC(O)=CC(O)=C1,23/000000162,C14H18NO2,232.0,2.54,4.02,-8.33,-1.092075465496658,0.057395631787557674,-0.5173399168545502,4.154032827882665,0.29,14.8,-170.0,HIGHDIVERSITY_CONCAT
HighDiv_1162,HighDiv,O=NC1=C(Br)C=CC(C(=O)C2NCCCN2)=C1,12/000000013,C11H12N3O2Br,298.0,1.49,4.02,-8.33,-1.092075465496658,0.057395631787557674,-0.5173399168545502,3.2916810049174803,3.6,3.85,-170.0,HIGHDIVERSITY_CONCAT
Druglike_1302,Druglike,CCC1=C(C/C=C(/CF)C2=CC[C@@H](CO)O2)ON=C1O,4/000000042,C14H18NO4F,283.0,1.75,4.09,-8.143,-0.8865515159855155,-0.14885367400363905,-0.5177025949945773,4.524704031145961,7.58,4.94,-170.0,DRUGLIKE_CRAFT
Druglike_1536,Druglike,NCC1=CC(=O)OC[C@H]1/C=C/C1=COC(CCCBr)=C1CN,12/000000009,C16H21N2O3Br,369.0,0.48,4.24,-7.743,-0.4461430527473538,-0.5900286596532596,-0.5180858562003067,4.3401901998182755,9.79,5.08,-150.0,DRUGLIKE_LANAPDB
HighDiv_829,HighDiv,C/C(=C\CN)C(=O)C1=CC(N=O)=C(Br)C=C1O,12/000000488,C11H11N2O3Br,299.0,1.44,4.22,-7.796,-0.5048641811791099,-0.531572974054685,-0.5182185776168975,3.4429373510713255,4.49,2.35,-40.0,HIGHDIVERSITY_CONCAT
HighDiv_1558,HighDiv,CCCCNC(=O)C#CC1=C(O)C(O)=CN=C1,1/000000363,C12H14N2O3,234.0,1.16,4.02,-8.328,-1.092075465496658,0.05518975685930884,-0.5184428543186745,3.038704225048411,4.78,16.0,-20.0,HIGHDIVERSITY_CRAFT
Druglike_1222,Druglike,NC/C(=C\CC1=NON=C1)CCC1=C(CN)OC=N1,28/000000006,C12H18N5O2,264.0,-0.27,4.31,-7.556,-0.24061910323621394,-0.7962779654444573,-0.5184485343403356,4.519791041426615,2.01,3.58,-20.0,DRUGLIKE_CRAFT
HighDiv_1034,HighDiv,OCC1=NC=C(/C=C/CCl)C=C1C1=CNC=C1,7/000000005,C13H13N2OCl,248.0,1.77,4.1,-8.114,-0.8571909517696387,-0.1808388604632364,-0.5190149061164375,3.221214148559552,0.9,15.5,-120.0,HIGHDIVERSITY_CONCAT
Druglike_857,Druglike,C[C@H](O)C1=NNC(/C=C/C2=CC(O)=CC=C2I)=C1,28/000000270,C13H13N2O2I,356.0,3.31,4.08,-8.167,-0.9159120802013923,-0.12238317486466281,-0.5191476275330276,3.694044035372812,5.46,2.22,-170.0,DRUGLIKE_CONCAT
HighDiv_1318,HighDiv,OC1=C(S)C(C2=NN=C(S)N2)=C(CCF)N=C1,1/000000266,C9H9N4OS2F,272.0,2.88,4.46,-7.155,0.19978936000194772,-1.2385558885582013,-0.5193832642781268,4.133631557290638,7.85,20.3,-120.0,HIGHDIVERSITY_CRAFT
HighDiv_694,HighDiv,C=CCC1=C(C=S)C(O)=CC(N2CCNC2=O)=C1,28/000000234,C13H14N2O2S,262.0,1.05,4.31,-7.554,-0.24061910323621394,-0.7984838403727051,-0.5195514718044596,3.2569985029149917,5.85,17.9,-140.0,HIGHDIVERSITY_CONCAT
HighDiv_1788,HighDiv,CS[C@@H](CCC1=CC=C(NC(N)=O)C(Cl)=C1)C(=O)O,11/000000066,C12H14N2O3SCl,301.0,1.52,4.21,-7.82,-0.5342247453949867,-0.5051024749157077,-0.5196636101553471,2.861015362860167,6.34,2.22,-170.0,HIGHDIVERSITY_LANAPDB
HighDiv_1926,HighDiv,CC#C[C@@H](CCC1=CC=C(NC(N)=O)C(Cl)=C1)CC(=O)O,11/000000070,C15H16N2O3Cl,307.0,1.66,4.01,-8.351,-1.1214360297125348,0.0805573185341636,-0.5204393555891855,3.179672197424403,5.78,3.58,-200.0,HIGHDIVERSITY_LANAPDB
HighDiv_655,HighDiv,NOC1=CC(C(=O)O)=CC(NC(O)=S)=C1Br,12/000000204,C8H7N2O4SBr,307.0,0.59,4.35,-7.445,-0.12317684637270433,-0.9187040239622266,-0.5209404351674655,3.110899024798882,4.61,17.6,0.0,HIGHDIVERSITY_CONCAT
Druglike_1229,Druglike,C[C@@H](O)CNCC#CC1=CC(Cl)=CC(Cl)=C1,10/000000024,C12H13NOCl2,257.0,3.19,4.26,-7.683,-0.3874219243156003,-0.6562049075007031,-0.5218134159081518,3.070877070743215,2.19,2.48,-170.0,DRUGLIKE_CRAFT
Druglike_1587,Druglike,C[C@@H](C/C=C(\CC(=O)O)C1=NNN=C1)C1=NC=NN1,29/000000052,C11H14N6O2,262.0,1.16,4.16,-7.949,-0.681027566474373,-0.36282354204370576,-0.5219255542590394,4.018205860597723,5.63,3.72,-170.0,DRUGLIKE_LANAPDB
HighDiv_1243,HighDiv,O=C(C#CC1=C(O)C(O)=CN=C1CS)NC1CCCCCC1,1/000000410,C16H20N2O3S,320.0,2.46,4.74,-6.404,1.021885158046515,-2.0668619241153636,-0.5224883830344244,3.234796806318271,7.44,21.3,-150.0,HIGHDIVERSITY_CRAFT
HighDiv_754,HighDiv,N[C@@H]1NC[C@H](C(=O)C2=CC(O)=C(Br)C(Cl)=C2)N1,12/000000177,C10H9N3O2ClBr,318.0,2.19,4.27,-7.655,-0.35806136009972356,-0.6870871564961761,-0.5225742582979498,4.056737148576142,2.89,2.48,-190.0,HIGHDIVERSITY_CONCAT
HighDiv_1406,HighDiv,OCC1=CC=C2C=NN(C(F)(F)S)C2=C1,22/000000015,C9H8N2OSF2,230.0,2.03,4.24,-7.732,-0.4461430527473538,-0.6021609717586243,-0.524152012252989,2.998401786721365,2.11,18.1,-190.0,HIGHDIVERSITY_CRAFT
HighDiv_953,HighDiv,CCC#CC1=C(CN)C(O)=CC(N2CCNC2=O)=C1,28/000000424,C14H18N3O2,260.0,0.7,4.15,-7.971,-0.7103881306902498,-0.33855891783297637,-0.5244735242616131,3.5730672308975215,2.67,18.0,-140.0,HIGHDIVERSITY_CONCAT
HighDiv_1690,HighDiv,O=C(C1=CNC=C1)C1=CSC(C(=O)O)=N1,3/000000012,C9H6N2O3S,222.0,0.4,4.49,-7.064,0.28787105264958057,-1.3389231977934901,-0.5255260725719548,2.894605646276444,5.58,2.22,0.0,HIGHDIVERSITY_LANAPDB
Druglike_1298,Druglike,CCCOCC1=NC(CO)=C(C2=NNC(=O)C(CC)=C2)O1,15/000000188,C14H19N3O4,293.0,0.41,4.1,-8.101,-0.8571909517696387,-0.19517704749684897,-0.5261839996332438,3.0742081575899274,4.42,24.0,-200.0,DRUGLIKE_CRAFT
HighDiv_2298,HighDiv,O=C(C#CC1=C(C=S)C(O)=CN=C1I)OCC1=CC=CN1,30/000000038,C14H9N2O3SI,412.0,2.58,4.05,-8.234,-1.0039937728490251,-0.04848636476835125,-0.5262400688086882,3.9037195004843217,8.95,25.0,0.0,HIGHDIVERSITY_MAYBRIDGE
HighDiv_2055,HighDiv,OC1=CN=C(I)C(/C=C/[C@H]2CCCN2)=C1S,30/000000006,C11H14N2OSI,349.0,2.62,4.5,-7.036,0.3172316168654573,-1.369805446788964,-0.5262869149617533,5.339266930883075,7.48,3.58,-150.0,HIGHDIVERSITY_MAYBRIDGE
Druglike_1512,Druglike,NCC1=CC=C(/C=C(\CBr)[C@]2(CN)CCC(C(=O)CO)=N2)C=C1,21/000000003,C17H22N3O2Br,380.0,-0.05,4.28,-7.621,-0.3287007958838442,-0.7245870302763936,-0.5266439130801189,4.008380343893193,7.32,5.24,-150.0,DRUGLIKE_LANAPDB
Druglike_861,Druglike,C=CC[C@H](O)CCNCCC1=CC2=C(C=C1O)OCN2,21/000000236,C15H22N2O3,278.0,1.23,4.08,-8.153,-0.9159120802013923,-0.1378242993623988,-0.5268681897818955,3.5716965991043175,2.21,3.72,-190.0,DRUGLIKE_CONCAT
Druglike_1285,Druglike,CCC1=CC(C2=C(CO)OC=C2)=NNC1=O,15/000000282,C11H12N2O3,220.0,0.36,4.11,-8.073,-0.8278303875537594,-0.2260592964923229,-0.5269448420230411,2.8882992445791,2.69,19.0,-140.0,DRUGLIKE_CRAFT
HighDiv_528,HighDiv,C[C@H](O)COC(=O)C1=CC(ON)=C(Br)C(OCCO)=C1,12/000001399,C12H16NO6Br,350.0,0.25,4.45,-7.167,0.17042879578607098,-1.225320638988713,-0.527445921601321,3.12206502015695,3.06,17.3,-190.0,HIGHDIVERSITY_CONCAT
Druglike_1967,Druglike,C=CCC1=CC(C(=O)NCCC(=O)O)=CC=C1,27/000000020,C13H15NO3,233.0,1.63,4.13,-8.018,-0.7691092591220059,-0.28672085701914535,-0.5279150580705756,1.883554961545956,5.79,3.58,0.0,DRUGLIKE_MAYBRIDGE
Druglike_2009,Druglike,CNCCCC1=NN=C(C2=CC(=O)C=C(CO)N2)O1,15/000000285,C12H17N4O3,265.0,0.55,4.08,-8.151,-0.9159120802013923,-0.14003017429064762,-0.5279711272460199,3.867066892242466,4.77,23.0,-140.0,DRUGLIKE_MAYBRIDGE
Druglike_361,Druglike,OCC1=C(C2=NC(O)=NC=C2)NN=C1,23/000000026,C8H8N4O2,192.0,-0.03,4.38,-7.351,-0.03509515372507148,-1.0223801455898878,-0.5287376496574796,3.097045585692138,4.65,14.2,-120.0,DRUGLIKE_CONCAT
Druglike_557,Druglike,C=CC1=C(C(=O)O)C(C2=NN=C(CO)N2)=CC1,9/000000042,C11H11N3O3,233.0,0.75,4.23,-7.748,-0.47550361696323057,-0.5845139723326395,-0.530008794647935,3.85124956056396,5.18,21.1,-80.0,DRUGLIKE_CONCAT
HighDiv_1179,HighDiv,CC/C=C\COC1=C(O)C(CC2=NN=C(CCl)N2)=CC=C1O,8/000000018,C15H18N3O3Cl,323.0,3.57,4.01,-8.333,-1.1214360297125348,0.060704444179929956,-0.5303657927663024,3.3393843993703793,3.68,5.09,-20.0,HIGHDIVERSITY_CONCAT
HighDiv_1131,HighDiv,CC(=O)[C@H](C#CC1=CC(CCN)=CC(O)=C1)/C=C/CON,23/000000213,C16H20N2O3,288.0,0.59,4.04,-8.252,-1.0333543370649019,-0.02863349041411759,-0.5309939137395098,3.9484432430756655,3.96,19.6,-200.0,HIGHDIVERSITY_CONCAT
HighDiv_908,HighDiv,NC(=S)NC1=CC(O)=C(S)C(COCC[N+](=O)[O-])=C1,29/000000057,C10H13N3O4S2,303.0,0.88,4.17,-7.905,-0.6516670022584963,-0.4113527904651635,-0.5315098963618299,3.3522136494068704,2.53,21.4,-40.0,HIGHDIVERSITY_CONCAT
Druglike_1264,Druglike,C/C=C\C1=C(O)C=CC=C1C(=O)[C@H]1C=C(CO)C=CC1,19/000000034,C17H18O3,270.0,1.82,4.16,-7.931,-0.681027566474373,-0.3826764163979384,-0.5318519914361557,3.8021771080690385,7.12,3.58,-170.0,DRUGLIKE_CRAFT
HighDiv_1023,HighDiv,O=C1NCC[C@@H]1C(=O)C1=CC(O)=C(Br)C(Cl)=C1,12/000000219,C11H9NO3ClBr,318.0,1.81,4.11,-8.064,-0.8278303875537594,-0.23598573366943973,-0.5319080606115996,3.384097077509079,3.17,2.48,-190.0,HIGHDIVERSITY_CONCAT
Druglike_399,Druglike,O=C(O)CC1=C(C(=O)CC2=NNN=N2)ON=C1O,3/000000018,C8H7N5O5,253.0,-0.16,4.36,-7.398,-0.09381628215682498,-0.9705420847760576,-0.5321791834664413,3.3162572721457613,1.44,2.35,-60.0,DRUGLIKE_CONCAT
HighDiv_593,HighDiv,NN[C@H](C#CC1=CC(CCS)=CC(O)=C1)CCO,23/000000215,C13H18N2O2S,266.0,1.65,4.4,-7.291,0.023625974706684625,-1.0885563934373303,-0.5324652093653228,3.876901881526657,0.04,17.1,-150.0,HIGHDIVERSITY_CONCAT
Druglike_686,Druglike,CCCC(=O)/C=C\[C@H](O)C1=CC(Cl)=CC=C1O,21/000000237,C13H15O3Cl,254.0,2.12,4.17,-7.9,-0.6516670022584963,-0.41686747778578365,-0.53426724002214,3.179827177843528,1.85,2.35,-170.0,DRUGLIKE_CONCAT
Druglike_1441,Druglike,C=C[C@@H](C)NC(=O)C1=CCC=C(CO)O1,20/000000135,C11H15NO3,209.0,0.94,4.61,-6.728,0.6401978232401094,-1.7095101857391712,-0.534656181249531,4.316262831374307,2.11,3.58,-190.0,DRUGLIKE_LANAPDB
HighDiv_703,HighDiv,CCOCC1=C(Br)C(ON)=CC(C(=O)O)=C1,12/000000222,C10H12NO4Br,290.0,1.1,4.3,-7.552,-0.2699796674520907,-0.800689715300954,-0.5353346913765223,2.677950264257099,3.38,13.7,-20.0,HIGHDIVERSITY_CONCAT
HighDiv_1072,HighDiv,NC(=O)/C=C/[C@@H](O)C/C=C\CC1=NC=C(C(N)=O)C=C1I,4/000000297,C14H16N3O3I,401.0,0.27,4.07,-8.164,-0.945272644417269,-0.1256919872570351,-0.535482315837152,3.720386367464888,5.91,3.72,-180.0,HIGHDIVERSITY_CONCAT
Druglike_404,Druglike,N[C@@H](COCC(=O)CO)C1=NC(I)=C(C#CC(=O)O)C=C1,26/000000122,C13H13N2O5I,404.0,-0.06,4.36,-7.39,-0.09381628215682498,-0.9793655844890501,-0.5365909333229375,3.9374940597725807,5.07,21.7,-180.0,DRUGLIKE_CONCAT
HighDiv_1440,HighDiv,O=C(O)N1C=C([N+](=O)[O-])C(C#CCCS)=N1,25/000000026,C8H7N3O4S,241.0,1.73,4.21,-7.789,-0.5342247453949867,-0.5392935363035539,-0.5367591408492702,3.7052608188188154,2.55,3.85,0.0,HIGHDIVERSITY_CRAFT
HighDiv_1165,HighDiv,O=C(O)/C(=C/[C@H]1CCNC1)CC1=NC=C(C(=O)[N+](=O)[O-])C=C1,7/000000037,C14H15N3O5,305.0,0.41,4.02,-8.294,-1.092075465496658,0.01768988307909232,-0.5371927912087828,3.750746982961097,6.68,22.0,-150.0,HIGHDIVERSITY_CONCAT
Druglike_773,Druglike,C#CC[C@H](C)C1=NC(O)=NC=C1C(=O)O,29/000000053,C10H10N2O3,206.0,0.53,4.13,-8.0,-0.7691092591220059,-0.306573731373379,-0.5378414952476924,3.855478112800199,5.43,14.6,-170.0,DRUGLIKE_CONCAT
HighDiv_2314,HighDiv,O=C1C=C(C(=O)NC2=CC(Br)=C(O)C(O)=C2)CO1,10/000000015,C11H8NO5Br,314.0,0.85,4.02,-8.29,-1.092075465496658,0.013278133222594645,-0.5393986661370317,2.703341956604159,-0.28,2.22,-60.0,HIGHDIVERSITY_MAYBRIDGE
HighDiv_1515,HighDiv,O=C(O)N1C=C([N+](=O)[O-])C(CCC2=NN=CO2)=N1,25/000000014,C8H6N5O5,252.0,0.68,4.07,-8.156,-0.945272644417269,-0.13451548697002652,-0.5398940656936477,3.439476964453453,1.53,3.85,0.0,HIGHDIVERSITY_CRAFT
Druglike_2063,Druglike,CCC1=CC=C(C2=C(CCO)C(=O)C=CN2)C=C1,15/000000229,C15H17NO2,243.0,2.13,4.02,-8.289,-1.092075465496658,0.012175195758471207,-0.5399501348690934,2.422713163548476,7.33,2.22,-180.0,DRUGLIKE_MAYBRIDGE
HighDiv_658,HighDiv,NOC1=C(Br)C(CCl)=CC(C(=O)O)=C1,12/000001100,C8H7NO3ClBr,280.0,1.43,4.35,-7.409,-0.12317684637270433,-0.9584097726706929,-0.5407933095216987,2.818668943280496,4.88,1.37,0.0,HIGHDIVERSITY_CONCAT
Druglike_2038,Druglike,CCCC(=O)C1=CC(C(=O)N[C@H](/C=C/CO)CN)=CC=C1,27/000000092,C16H22N2O3,290.0,1.1,4.04,-8.233,-1.0333543370649019,-0.04958930223247469,-0.5414718196486883,3.020755709919168,4.66,5.09,-200.0,DRUGLIKE_MAYBRIDGE
Druglike_625,Druglike,O=C(O)CC1=C(C(=O)CC2=CC(O)=NO2)ON=C1O,3/000000041,C10H8N2O7,268.0,0.04,4.2,-7.806,-0.5635853096108634,-0.5205435994134447,-0.542064454512154,3.4176817837612035,1.25,2.35,-60.0,DRUGLIKE_CONCAT
HighDiv_649,HighDiv,NC/C(=C\CC(=O)O)C(=O)C1=CC(N=O)=C(Br)C=C1O,12/000000522,C12H11N2O5Br,343.0,0.64,4.36,-7.38,-0.09381628215682498,-0.9903949591302903,-0.5421056206435576,3.465325084215822,4.26,3.7,-40.0,HIGHDIVERSITY_CONCAT
Druglike_715,Druglike,OCC1=NN=C(C#CC2=NN=C(CCCl)N2)N1CBr,18/000000094,C10H10N6OClBr,345.0,3.78,4.15,-7.939,-0.7103881306902498,-0.373852916684946,-0.5421205236875979,4.110936123011696,5.16,25.0,0.0,DRUGLIKE_CONCAT
Druglike_651,Druglike,OCC/C=C/C1=CC(C2=NNN=C2)=CC(O)=C1,28/000000412,C12H13N3O2,231.0,2.56,4.18,-7.857,-0.6223064380426195,-0.464293788743118,-0.5433001133928688,2.8948122647290973,1.3,17.2,-120.0,DRUGLIKE_CONCAT
HighDiv_689,HighDiv,CNC/C=C(\N)C(=O)C1=CC(Cl)=C(Br)C(O)=C1,12/000000660,C11H12N2O2ClBr,319.0,2.27,4.32,-7.484,-0.2112585390203346,-0.8756894628613889,-0.5434740009408617,3.277337351071326,3.49,2.48,-60.0,HIGHDIVERSITY_CONCAT
HighDiv_1161,HighDiv,NOC1=CC(C(=O)O)=CC(/C=C/CC(N)=O)=C1Br,12/000000181,C11H11N2O4Br,315.0,0.27,4.02,-8.282,-1.092075465496658,0.004454633509603215,-0.5438104159935274,3.1057904259919145,5.35,17.7,0.0,HIGHDIVERSITY_CONCAT
Druglike_1219,Druglike,C[C@@H](O)C/C=C/C1=CC(Cl)=CC=C1O,22/000000004,C11H13O2Cl,212.0,2.65,4.32,-7.482,-0.2112585390203346,-0.8778953377896368,-0.5445769384049857,2.8546994460851796,5.22,3.72,-170.0,DRUGLIKE_CRAFT
Druglike_1351,Druglike,N[C@@H](C#CC1=CC(Cl)=CC=C1Cl)CCCC(=O)O,1/000000044,C13H13NO2Cl2,285.0,3.41,4.02,-8.28,-1.092075465496658,0.002248758581354378,-0.5449133534576518,3.1088892975392177,7.56,17.6,-150.0,DRUGLIKE_CRAFT
Druglike_1628,Druglike,C=C(C1=CC=CC(Cl)=C1Cl)C1=NNN=C1CN,29/000000030,C11H10N4Cl2,268.0,3.73,4.1,-8.066,-0.8571909517696387,-0.2337798587411909,-0.5454854052554148,3.0175667455066773,1.81,2.22,0.0,DRUGLIKE_LANAPDB
Druglike_1608,Druglike,CCCC1=CC=C(C(=O)O)C(C[C@H](F)C#CCN)=C1,12/000000043,C15H17NO2F,262.0,1.94,4.13,-7.986,-0.7691092591220059,-0.32201485587111595,-0.545562057496561,3.3416227245030488,3.27,3.58,-170.0,DRUGLIKE_LANAPDB
HighDiv_1337,HighDiv,O=C(NO)[C@@H](S)C1=CNC(CCC[N+](=O)[O-])=C1,10/000000010,C9H13N3O4S,259.0,0.02,4.42,-7.214,0.08234710313843813,-1.173482578174882,-0.545567737518222,4.122069987208076,5.85,21.3,-150.0,HIGHDIVERSITY_CRAFT
Druglike_1331,Druglike,O=C1C=CC(C2=C(CO)N=C(CCCl)O2)=NN1,15/000000127,C10H10N3O3Cl,255.0,0.35,4.05,-8.198,-1.0039937728490251,-0.0881921134768166,-0.5460929431629209,3.132199274148249,1.7,22.1,-120.0,DRUGLIKE_CRAFT
Druglike_526,Druglike,O=C(NCBr)C1=NC(C2=NON=C2C(=O)O)=CC=N1,4/000000035,C9H5N5O4Br,327.0,0.09,4.25,-7.665,-0.41678248853147704,-0.6760577818549358,-0.5464201351932064,3.231649814351803,2.04,22.9,-160.0,DRUGLIKE_CONCAT
Druglike_725,Druglike,CCC/C=C\COCCC1=CC(O)=CC(CO)=C1,28/000000036,C15H22O3,250.0,2.21,4.15,-7.931,-0.7103881306902498,-0.3826764163979384,-0.5465322735440941,2.565643480290559,2.91,3.58,-20.0,DRUGLIKE_CONCAT
Druglike_724,Druglike,CCCCNCCCNCCC1=CC2=C(C=C1O)OCN2,21/000000229,C16H27N3O2,293.0,1.89,4.15,-7.931,-0.7103881306902498,-0.3826764163979384,-0.5465322735440941,2.789921804543141,4.44,3.72,-60.0,DRUGLIKE_CONCAT
Druglike_1559,Druglike,O=C(O)C1=NOC(C2=CCOC2)=C1C#CCO,6/000000155,C11H9NO5,235.0,-0.03,4.2,-7.797,-0.5635853096108634,-0.5304700365905616,-0.5470276731007124,3.552170427994403,4.02,21.8,-80.0,DRUGLIKE_LANAPDB
HighDiv_2142,HighDiv,OC1=CN=C(I)C(C2=CN=CC(Cl)=C2)=C1S,30/000000095,C10H6N2OSClI,364.0,3.21,4.27,-7.61,-0.35806136009972356,-0.7367193423817583,-0.547390351240741,3.283122251572109,6.97,13.5,-160.0,HIGHDIVERSITY_MAYBRIDGE
HighDiv_1506,HighDiv,NC1=C(C#C[C@@H](O)C2=CC=CC=C2O)C=NN1,30/000000002,C12H11N3O2,229.0,1.4,4.09,-8.089,-0.8865515159855155,-0.20841229706633807,-0.5474819065259268,3.4682869604522235,4.02,2.22,-150.0,HIGHDIVERSITY_CRAFT
Druglike_1277,Druglike,OC1=CC=C(Cl)C=C1C#C[C@@H]1CCON1,22/000000001,C11H10NO2Cl,223.0,3.2,4.13,-7.982,-0.7691092591220059,-0.3264266057276117,-0.5477679324248088,3.855579302424528,3.51,14.1,-150.0,DRUGLIKE_CRAFT
Druglike_1859,Druglike,CCC1=NC(C2=C(/C=C/CN)N=CN2)=CC=C1,13/000000027,C13H16N4,228.0,1.37,4.32,-7.475,-0.2112585390203346,-0.8856159000385058,-0.5484372195294202,3.0801585755611223,2.5,15.1,-180.0,DRUGLIKE_MAYBRIDGE
Druglike_955,Druglike,CCCCCC1=NC=C(C2=C(CO)C(C(=O)O)=CN2)O1,9/000000012,C14H18N2O4,278.0,0.82,4.04,-8.22,-1.0333543370649019,-0.06392748926608723,-0.5486409131654946,2.817651784402427,6.27,3.72,-140.0,DRUGLIKE_CONCAT
Druglike_638,Druglike,OC1=CC2=C(C=C1CCNCC[C@@H](O)CBr)NCO2,21/000000228,C13H19N2O3Br,331.0,1.56,4.19,-7.819,-0.5929458738267401,-0.5062054123798322,-0.5495756431032861,3.61766739905926,2.5,2.35,-190.0,DRUGLIKE_CONCAT
Druglike_1672,Druglike,CO[C@@H]1CON=C1/C=C/C1=CC(C(=O)CN)=CC(CO)=C1,14/000000001,C15H18N2O4,290.0,0.27,4.05,-8.19,-1.0039937728490251,-0.09701561318980999,-0.5505046930194175,3.78959362746626,5.92,5.09,-170.0,DRUGLIKE_LANAPDB
HighDiv_1353,HighDiv,O=C(C[C@H](CCl)[N+](=O)[O-])C1=CC(Br)=C(CO)C(O)=C1,3/000000039,C11H11NO5ClBr,352.0,2.11,4.37,-7.338,-0.06445571794094823,-1.0367183326235003,-0.5505870252822243,3.657823399059261,3.6,3.85,-150.0,HIGHDIVERSITY_CRAFT
HighDiv_999,HighDiv,N[C@@H](O)COCCCC1=C(Br)C(CO)=CC(C(=O)N=O)=C1,12/000000040,C13H17N2O5Br,361.0,0.48,4.12,-7.999,-0.7984698233378826,-0.30767666883750344,-0.553073246087693,3.5606284727280464,4.93,19.7,-180.0,HIGHDIVERSITY_CONCAT
Druglike_1447,Druglike,C=CCC1=CC=CC=C1O[C@H](CO)C(=O)O,20/000000023,C12H14O4,222.0,1.37,4.56,-6.827,0.49339500216072046,-1.60031937679089,-0.5534621873150848,2.7594613364774823,8.48,2.22,-150.0,DRUGLIKE_LANAPDB
Druglike_1019,Druglike,OCCC/C=C/CN1C=CC(CO)=C1C1=NN=NN1,7/000000080,C12H17N5O2,263.0,-0.21,4.01,-8.291,-1.1214360297125348,0.014381070686720045,-0.5535274795129074,3.4052889435245177,5.42,5.09,-80.0,DRUGLIKE_CONCAT
HighDiv_1468,HighDiv,C/C=C\C1=NC=C(O)C(O)=C1C#CC(N)=O,1/000000346,C11H10N2O3,218.0,0.42,4.14,-7.944,-0.7397486949061292,-0.36833822936432586,-0.5540434621352275,3.663651516493233,5.3,16.4,-20.0,HIGHDIVERSITY_CRAFT
Druglike_1993,Druglike,NCC1=CC=C2C(=O)NC(=O)C2=C1O,6/000000012,C9H8N2O3,192.0,-0.29,4.1,-8.05,-0.8571909517696387,-0.2514268581671757,-0.5543089049684071,2.613570869092948,5.5,2.22,-40.0,DRUGLIKE_MAYBRIDGE
Druglike_1346,Druglike,C[C@H](N)CCCC1=NN=C(/C(=C\C2=NN=NN2)CO)O1,29/000000013,C11H17N7O2,279.0,-0.06,4.03,-8.236,-1.0627149012807786,-0.04628048984010241,-0.5544976955604405,4.092018056594197,4.64,6.77,-170.0,DRUGLIKE_CRAFT
Druglike_705,Druglike,NC1=C2C=NNC2=NC([C@@H](/C=C/CCO)C(=O)O)=N1,21/000000049,C11H13N5O3,263.0,0.02,4.16,-7.889,-0.681027566474373,-0.42899978989114834,-0.5550136781827607,3.8919517241681136,2.84,19.6,-190.0,DRUGLIKE_CONCAT
HighDiv_805,HighDiv,CC/C(=C\C(=O)NO)C(=O)C1=CC(N=O)=C(Br)C=C1O,12/000001077,C12H11N2O5Br,343.0,1.2,4.24,-7.676,-0.4461430527473538,-0.6639254697495711,-0.5550342612484624,3.409167174201306,4.74,3.7,-60.0,HIGHDIVERSITY_CONCAT
Druglike_645,Druglike,C=C(C1=CC=NN1)C1=C(CC(N)=O)C(O)=NO1,3/000000010,C10H9N4O3,233.0,0.45,4.19,-7.808,-0.5929458738267401,-0.5183377244851969,-0.5556417991559686,3.528584094115515,2.1,22.8,-60.0,DRUGLIKE_CONCAT
Druglike_618,Druglike,O=C(O)CC1=C(CC2=NCC=CN2)ON=C1O,3/000000198,C10H11N3O4,237.0,-0.03,4.2,-7.778,-0.5635853096108634,-0.5514258484089186,-0.5575055790098911,3.931093504917479,1.67,20.7,-60.0,DRUGLIKE_CONCAT
Druglike_1831,Druglike,OC/C=C/C1=C(C2=NC=CC=C2)NC=N1,13/000000002,C11H11N3O,201.0,0.87,4.36,-7.352,-0.09381628215682498,-1.0212772081257633,-0.5575467451412941,2.9309128390836374,2.53,13.7,-120.0,DRUGLIKE_MAYBRIDGE
Druglike_1973,Druglike,O=C(O)CC/C=C/C1=NC[C@H](NC(=O)C2=CC=CC(Br)=C2)C1,27/000000091,C16H17N2O3Br,365.0,2.0,4.12,-7.99,-0.7984698233378826,-0.3176031060146193,-0.558036464676251,3.3551569491979265,3.02,3.58,-150.0,DRUGLIKE_MAYBRIDGE
HighDiv_1887,HighDiv,CCCN1C=C(C[C@@H](N)C(=O)/C=C/C2=CCON2)CN1,18/000000033,C14H23N4O2,279.0,0.19,4.05,-8.174,-1.0039937728490251,-0.11466261261579482,-0.55932819273241,5.2299241294686905,3.02,5.24,-170.0,HIGHDIVERSITY_LANAPDB
Druglike_417,Druglike,C/C=C/[C@H](O)C1=NC(O)=NC=C1C(=O)O,29/000000231,C9H10N2O4,210.0,-0.26,4.34,-7.4,-0.15253741058858108,-0.9683362098478088,-0.5604368102181949,3.864339651261737,3.97,3.72,-170.0,DRUGLIKE_CONCAT
HighDiv_903,HighDiv,CONC/C=C/CC1=C([N+](=O)[O-])OC(C(=O)O)=C1,3/000000156,C10H12N2O6,256.0,1.12,4.18,-7.824,-0.6223064380426195,-0.5006907250592121,-0.5614985815509158,3.54156550448485,3.75,4.16,-80.0,HIGHDIVERSITY_CONCAT
HighDiv_782,HighDiv,O=C(O)C1=COC(C(=S)COC[C@@H](S)C2=CNC(CO)=C2)=C1,3/000000177,C14H15NO5S2,341.0,-0.21,4.25,-7.637,-0.41678248853147704,-0.7069400308504098,-0.5618612596909434,4.248591119152774,8.35,5.39,-150.0,HIGHDIVERSITY_CONCAT
HighDiv_1163,HighDiv,C=C(CNCC)C(=O)C1=CC(N=O)=C(Br)C(O)=C1,12/000000432,C12H13N2O3Br,313.0,1.94,4.02,-8.248,-1.092075465496658,-0.03304524027061526,-0.5625603528836366,3.3573952336842225,4.05,2.35,-60.0,HIGHDIVERSITY_CONCAT
HighDiv_2157,HighDiv,C[C@H](CS)CC1=NN=C(/C=C/C2=C(I)N=CC=C2S)N1,30/000000125,C13H15N4S2I,418.0,4.95,4.24,-7.662,-0.4461430527473538,-0.679366594247308,-0.562754823497331,4.502117492684423,8.46,3.72,-170.0,HIGHDIVERSITY_MAYBRIDGE
HighDiv_766,HighDiv,CC#CC/C(=C\CCN)C(=O)C1=CC(N=O)=C(Br)C=C1O,12/000000533,C15H15N2O3Br,351.0,2.07,4.26,-7.608,-0.3874219243156003,-0.7389252173100072,-0.5631735708128037,3.7416873451285255,2.87,3.7,-110.0,HIGHDIVERSITY_CONCAT
HighDiv_803,HighDiv,O=C(NCC#CC(=O)C1=C(O)NN=C1)C1=CC(S)=C(I)C=C1S,5/000000087,C14H10N3O3S2I,459.0,4.01,4.24,-7.661,-0.4461430527473538,-0.6804695317114325,-0.5633062922293932,3.868326586160647,2.43,5.21,-60.0,HIGHDIVERSITY_CONCAT
Druglike_748,Druglike,OC/C=C/CC1=NC=C([C@H](O)C2=CC=C(I)C=C2)O1,6/000000013,C14H14NO3I,371.0,1.64,4.14,-7.925,-0.7397486949061292,-0.38929404118268296,-0.5645213680444061,3.493139193931055,0.33,3.58,-190.0,DRUGLIKE_CONCAT
Druglike_1279,Druglike,O=C1C=C([C@H](C(=O)O)C2=NN=C(/C(=C\CO)CCCl)O2)OC1,1/000000022,C13H13N2O6Cl,328.0,0.46,4.13,-7.95,-0.7691092591220059,-0.36172060457958133,-0.5654149318507936,4.382449378925788,7.42,6.77,-150.0,DRUGLIKE_CRAFT
HighDiv_2229,HighDiv,OC1=C(F)C=CC(C[C@H](S)CCSCN2C=NN=C2)=C1,15/000000001,C13H16N3OS2F,313.0,4.49,4.13,-7.95,-0.7691092591220059,-0.36172060457958133,-0.5654149318507936,3.8723184614524966,6.81,3.58,-150.0,HIGHDIVERSITY_MAYBRIDGE
HighDiv_1390,HighDiv,O=C(O)C1=C(CS)OC(=O)C=C1C1=NC=NN1,12/000000003,C9H6N3O4S,252.0,-0.33,4.3,-7.497,-0.2699796674520907,-0.8613512758277765,-0.5656654716399336,3.3318361399420287,5.77,24.5,-120.0,HIGHDIVERSITY_CRAFT
HighDiv_786,HighDiv,CC/C(=C\CCCN)C(=O)C1=CC(N=O)=C(Br)C=C1O,12/000001020,C14H17N2O3Br,341.0,2.21,4.25,-7.629,-0.41678248853147704,-0.7157635305634021,-0.5662730095474395,3.3387055389811806,4.74,3.7,-80.0,HIGHDIVERSITY_CONCAT
HighDiv_863,HighDiv,O=NC1=C(Br)C=C(O)C(C(=O)/C(=C/C=S)CO)=C1,12/000000504,C11H8NO4SBr,330.0,0.89,4.2,-7.762,-0.5635853096108634,-0.5690728478349034,-0.5663290787228834,3.809656772145761,3.87,2.35,-20.0,HIGHDIVERSITY_CONCAT
HighDiv_1497,HighDiv,CSCNC(=O)C#CC1=C(O)C(O)=CN=C1CC(=O)O,1/000000219,C12H12N2O5S,296.0,0.22,4.1,-8.028,-0.8571909517696387,-0.2756914823779051,-0.5664412170737718,3.5553670774427193,7.72,21.9,-20.0,HIGHDIVERSITY_CRAFT
Druglike_2016,Druglike,CC(=O)CCOC(=O)C#CC1=CC(CCNCN)=CC(O)=C1,1/000000084,C16H20N2O4,304.0,1.05,4.06,-8.134,-0.9746332086331483,-0.15878011118075588,-0.5667066599069521,3.0324191957743984,2.82,20.8,-120.0,DRUGLIKE_MAYBRIDGE
HighDiv_1189,HighDiv,C/C=C\C1=CC(N2CCNC2=O)=CC(O)=C1,28/000000053,C12H14N2O2,218.0,1.27,4.0,-8.293,-1.1507965939284115,0.016586945614966923,-0.5671048241567223,2.6714007830406405,2.57,13.6,-140.0,HIGHDIVERSITY_CONCAT
Druglike_784,Druglike,CN1NCCC[C@@H]1C(=O)/C=C/C1=C(I)C=CC(O)=C1,28/000000053,C14H17N2O2I,372.0,2.86,4.12,-7.973,-0.7984698233378826,-0.3363530429047285,-0.5674114331213056,3.697982783674645,6.28,3.58,-170.0,DRUGLIKE_CONCAT
HighDiv_864,HighDiv,NC/C=C(\CCl)C(=O)C1=CC(N=O)=C(Br)C=C1O,12/000000531,C11H11N2O3ClBr,334.0,1.67,4.2,-7.76,-0.5635853096108634,-0.5712787227631513,-0.5674320161870073,4.078805810607299,4.31,2.35,-20.0,HIGHDIVERSITY_CONCAT
HighDiv_1196,HighDiv,O=NC(=O)C1=CC=C(Br)C(C[C@@H](O)C2=CNC=C2C=S)=C1,12/000000838,C14H11N2O3SBr,367.0,2.12,4.0,-8.292,-1.1507965939284115,0.015484008150843482,-0.567656292888784,3.814390988433757,4.18,3.7,-150.0,HIGHDIVERSITY_CONCAT
Druglike_906,Druglike,NCC1=C(CO)N=NN1C[C@@H](O)C1=CC(F)=CC=C1F,16/000000039,C12H14N4O2F2,284.0,-0.34,4.06,-8.132,-0.9746332086331483,-0.16098598610900472,-0.5678095973710765,3.31589550966744,6.94,23.0,-150.0,DRUGLIKE_CONCAT
HighDiv_834,HighDiv,NC(=O)C1=NOC(C2=C(S)C(Br)=C(I)C=C2)=C1,10/000000206,C10H6N2O2SBrI,425.0,3.75,4.22,-7.705,-0.5048641811791099,-0.6319402832899738,-0.5684022322345419,3.1324528694659746,3.2,2.22,-180.0,HIGHDIVERSITY_CONCAT
HighDiv_1030,HighDiv,O=C1NCCN1C1=CC(CCO)=CC(O)=C1,28/000000002,C11H14N2O3,222.0,-0.21,4.1,-8.022,-0.8571909517696387,-0.2823091071626496,-0.5697500294661442,2.4924869368867935,2.09,13.2,-120.0,HIGHDIVERSITY_CONCAT
HighDiv_1184,HighDiv,CN(N)CCCCC1=CC(O)=CC(N2CCNC2=O)=C1,28/000000312,C14H22N4O2,278.0,-0.38,4.01,-8.26,-1.1214360297125348,-0.01980999070112616,-0.5706230102068305,2.739581729457372,3.29,16.6,-140.0,HIGHDIVERSITY_CONCAT
Druglike_1790,Druglike,C#C[C@H](CC(=O)O)OC1=NC=C(I)C(N)=C1,10/000000012,C10H9N2O3I,332.0,1.57,4.46,-7.061,0.19978936000194772,-1.3422320101858622,-0.5712213250919572,3.930450472922432,7.19,3.58,-150.0,DRUGLIKE_MAYBRIDGE
HighDiv_739,HighDiv,O=NC1=CC(C(=O)/C(=C/CC(=O)O)CO)=C(O)C=C1Br,12/000000482,C12H10NO6Br,344.0,0.7,4.28,-7.538,-0.3287007958838442,-0.8161308397986899,-0.572415817841267,3.436326535594631,4.13,3.7,-60.0,HIGHDIVERSITY_CONCAT
HighDiv_804,HighDiv,CCC/C(C#CCC1=C(CO)N=C(C(=O)O)O1)=C/CN,3/000000241,C14H19N2O4,279.0,-0.04,4.24,-7.642,-0.4461430527473538,-0.7014253435297886,-0.5737841981385712,4.261289501685145,6.92,23.4,-170.0,HIGHDIVERSITY_CONCAT
Druglike_703,Druglike,C#CC1=CC=C(O)C=C1C1=NNN=C1,28/000000362,C10H7N3O,185.0,3.11,4.16,-7.854,-0.681027566474373,-0.46760260113549024,-0.5743150838049316,3.0828186626152148,2.58,16.6,-120.0,DRUGLIKE_CONCAT
Druglike_1653,Druglike,C=C(C1=CC=CC(Cl)=C1Cl)C1=NNN=C1CN,29/000000022,C11H11N4Cl2,269.0,3.73,4.08,-8.066,-0.9159120802013923,-0.2337798587411909,-0.5748459694712915,3.5629844214477577,2.72,2.22,0.0,DRUGLIKE_LANAPDB
HighDiv_1800,HighDiv,O=[N+]([O-])C1=C(CNO)N(C[C@H](O)C2=NN=C(S)O2)C=N1,7/000000002,C8H10N6O5S,302.0,0.53,4.18,-7.799,-0.6223064380426195,-0.5282641616623127,-0.5752852998524661,4.265321243933174,6.51,2.35,-150.0,HIGHDIVERSITY_LANAPDB
Druglike_1294,Druglike,OCC1=NC([C@@H](O)CC2=CC(O)=C(Br)C=C2)=NC=N1,23/000000003,C12H12N3O3Br,326.0,-0.18,4.1,-8.011,-0.8571909517696387,-0.2944414192680153,-0.575816185518827,3.4064010710476493,5.7,5.21,-150.0,DRUGLIKE_CRAFT
Druglike_1239,Druglike,N[C@H](O)C1=C(F)C=CC2=C1C=CN2,21/000000004,C9H9N2OF,180.0,0.99,4.23,-7.664,-0.47550361696323057,-0.6771607193190602,-0.5763321681411454,3.0784812824666457,6.1,12.3,-190.0,DRUGLIKE_CRAFT
Druglike_579,Druglike,C=CC1=C(Br)C=CN=C1C1=C(C(N)=O)N=C(C(=O)CN)O1,7/000000024,C13H11N4O3Br,351.0,-0.08,4.22,-7.689,-0.5048641811791099,-0.6495872827159586,-0.5772257319475342,3.424321353225692,5.36,23.3,-120.0,DRUGLIKE_CONCAT
HighDiv_663,HighDiv,NOC1=C(Br)C(CF)=CC(C(=O)O)=C1,12/000000700,C8H7NO3FBr,264.0,1.3,4.35,-7.342,-0.12317684637270433,-1.0323065827670046,-0.5777417145698545,2.9049903570019087,5.18,14.0,0.0,HIGHDIVERSITY_CONCAT
Druglike_1962,Druglike,O=C(O)C1=NC2=C(C=CC=C2O)N1,1/000000193,C8H5N2O3,177.0,0.1,4.14,-7.9,-0.7397486949061292,-0.41686747778578365,-0.5783080863459564,2.394224365393441,3.82,13.0,-40.0,DRUGLIKE_MAYBRIDGE
Druglike_330,Druglike,OC1=C(I)C=CC(C2=NNN=C2)=C1,28/000000074,C8H6N3OI,287.0,3.68,4.41,-7.179,0.052986538922561374,-1.212085389419224,-0.5795494252483313,2.7902010805701565,3.65,14.3,-120.0,DRUGLIKE_CONCAT
Druglike_785,Druglike,OC/C=C/C1=CC=C(C2=C(Cl)C=NN2)C=C1CF,30/000000013,C13H12N2OFCl,266.0,3.4,4.12,-7.95,-0.7984698233378826,-0.36172060457958133,-0.580095213958732,2.9960416703358064,5.46,5.09,-120.0,DRUGLIKE_CONCAT
Druglike_2010,Druglike,C=CC1=C(C2=NN=C(CO)O2)NC(C)=CC1=O,15/000000239,C11H11N3O3,233.0,1.18,4.08,-8.056,-0.9159120802013923,-0.2448092333824331,-0.5803606567919126,3.265239085932209,6.74,22.0,-140.0,DRUGLIKE_MAYBRIDGE
Druglike_951,Druglike,O=C(O)C1=CC=C(C2=C(C(=O)O)C(C(=O)O)=CN2)O1,9/000000039,C11H7NO7,265.0,0.17,4.04,-8.162,-1.0333543370649019,-0.12789786218528196,-0.5806260996250919,2.650254373388771,6.18,3.58,-80.0,DRUGLIKE_CONCAT
HighDiv_1518,HighDiv,CCC(=O)NC(=O)C#CC1=C(O)C(O)=CN=C1CS,1/000000523,C12H12N2O4S,280.0,0.61,4.07,-8.082,-0.945272644417269,-0.21613285931520607,-0.5807027518662375,3.6152715679589065,5.17,20.7,-20.0,HIGHDIVERSITY_CRAFT
Druglike_1942,Druglike,N[C@@H](C/C=C(\C(=O)O)C1=NOCN1)C1=NN=C(CF)N1,27/000000055,C10H13N6O3F,284.0,1.12,4.16,-7.841,-0.681027566474373,-0.4819407881691028,-0.5814841773217378,4.903566943233873,1.6,3.58,-150.0,DRUGLIKE_MAYBRIDGE
Druglike_462,Druglike,C=CC1=C(Br)C=CN=C1C1=C(C(N)=O)N=C(CO)O1,7/000000020,C12H10N3O3Br,324.0,0.37,4.29,-7.494,-0.2993402316679674,-0.8646600882201487,-0.5820001599440581,3.2664072275481857,6.0,20.3,-120.0,DRUGLIKE_CONCAT
HighDiv_1307,HighDiv,CC(=O)OC1=CC(C(=O)CCNN)=CC(O)=C1O,3/000000109,C11H14N2O5,254.0,-0.33,4.48,-6.988,0.25851048843370383,-1.4227464450669174,-0.5821179783166068,2.649196195222684,1.17,3.58,-20.0,HIGHDIVERSITY_CRAFT
HighDiv_399,HighDiv,C/C=C\[C@H](N)C1=C(I)C=C(O)C([N+](=O)[O-])=C1,5/000000057,C10H11N2O3I,334.0,2.49,4.56,-6.775,0.49339500216072046,-1.6576721249253403,-0.5821385613823099,3.756744952861097,6.93,2.61,-170.0,HIGHDIVERSITY_CONCAT
Druglike_1648,Druglike,C[C@@H](C/C=C(\CC(=O)O)C1=NNN=C1)C1=CNCN1,29/000000037,C12H17N5O2,263.0,1.42,4.09,-8.026,-0.8865515159855155,-0.2778973573061539,-0.5822244366458347,4.521375091366953,5.62,3.72,-170.0,DRUGLIKE_LANAPDB
Druglike_665,Druglike,C=CC1=C(Br)C=CN=C1C1=C(C(N)=O)N=C(C(=O)O)O1,7/000000023,C12H8N3O4Br,338.0,0.79,4.17,-7.813,-0.6516670022584963,-0.5128230371645767,-0.5822450197115365,3.2755029748786173,6.08,22.5,-120.0,DRUGLIKE_CONCAT
Druglike_2041,Druglike,CC[C@H](Br)COC(=O)C#CC1=CC(O)=CC=C1N,1/000000143,C13H14NO3Br,312.0,3.15,4.04,-8.159,-1.0333543370649019,-0.13120667457765423,-0.5822805058212781,3.5650239914167683,6.46,17.1,-170.0,DRUGLIKE_MAYBRIDGE
HighDiv_630,HighDiv,CSCC1=C(Br)C(ON)=CC(C(=O)O)=C1,12/000001165,C9H10NO3SBr,292.0,1.7,4.37,-7.28,-0.06445571794094823,-1.100688705542695,-0.5825722117418216,2.856176964957763,5.72,14.4,-20.0,HIGHDIVERSITY_CONCAT
HighDiv_2262,HighDiv,O=C(C#CC1=CC(O)=CN=C1I)OCC1=CNC(S)=N1,30/000000014,C12H8N3O3SI,401.0,2.48,4.09,-8.022,-0.8865515159855155,-0.2823091071626496,-0.5844303115740825,3.948486949237592,5.76,23.7,0.0,HIGHDIVERSITY_MAYBRIDGE
HighDiv_2280,HighDiv,N=C1NC=C([C@H](O)CC#CC2=CC=CN2CCC(=O)O)S1,27/000000557,C14H15N3O3S,305.0,1.34,4.07,-8.075,-0.945272644417269,-0.223853421564076,-0.5845630329906725,4.136538347153353,6.06,3.58,-150.0,HIGHDIVERSITY_MAYBRIDGE
HighDiv_1035,HighDiv,CONCCCCC1=CC(O)=CC(N2CCNC2=O)=C1,28/000000307,C14H21N3O3,279.0,1.37,4.1,-7.995,-0.8571909517696387,-0.3120884186939991,-0.5846396852318189,2.7204591152294935,3.71,16.4,-140.0,HIGHDIVERSITY_CONCAT
HighDiv_621,HighDiv,NOC1=C(Br)C(CCO)=CC(C(=O)O)=C1,12/000001115,C9H10NO4Br,276.0,0.32,4.38,-7.249,-0.03509515372507148,-1.1348797669305413,-0.5849874603278064,2.721128503419303,5.69,2.48,0.0,HIGHDIVERSITY_CONCAT
HighDiv_809,HighDiv,O=C1NCCN1C1=CC(CS)=CC(O)=C1,28/000000352,C10H12N2O2S,224.0,0.81,4.23,-7.648,-0.47550361696323057,-0.6948077187450451,-0.5851556678541379,2.7823298221006194,2.5,13.9,-120.0,HIGHDIVERSITY_CONCAT
Druglike_1496,Druglike,NC/C=C/C(F)(F)NC(=O)C1=CCC=C(CO)O1,20/000000146,C11H14N2O3F2,260.0,-0.05,4.32,-7.407,-0.2112585390203346,-0.9606156475989408,-0.5859370933096377,4.219411030387519,2.7,3.58,-170.0,DRUGLIKE_LANAPDB
Druglike_1636,Druglike,C=C(C1=CC=CC(Cl)=C1Cl)C1=NNN=C1CO,29/000000044,C11H9N3OCl2,269.0,3.8,4.1,-7.992,-0.8571909517696387,-0.3153972310863714,-0.586294091428005,2.9925759108094603,2.48,2.22,0.0,DRUGLIKE_LANAPDB
Druglike_1507,Druglike,O=C(O)[C@@H](F)CCC/C=C/C1=NN=C(CO)O1,7/000000001,C10H13N2O4F,244.0,1.2,4.29,-7.486,-0.2993402316679674,-0.8734835879331412,-0.5864119098005542,3.620643629846658,6.04,2.22,-150.0,DRUGLIKE_LANAPDB
Druglike_1261,Druglike,CNCC1=C(C/C=C(/CO)C2=CC[C@@H](C(=O)CBr)O2)ON=C1O,4/000000106,C15H20N2O5Br,388.0,0.64,4.16,-7.831,-0.681027566474373,-0.49297016281034306,-0.5869988646423581,5.199190680431654,8.14,6.45,-170.0,DRUGLIKE_CRAFT
HighDiv_691,HighDiv,N=C1SC=CN1C[C@@H](O)C1=CC=C(CN)C(I)=C1,12/000000299,C12H14N3OSI,375.0,2.84,4.32,-7.405,-0.2112585390203346,-0.9628215225271887,-0.5870400307737617,3.5282944969112737,4.48,3.58,-150.0,HIGHDIVERSITY_CONCAT
Druglike_283,Druglike,CC[C@H](N)C1=NC(O)=NC=C1C(=O)O,29/000000074,C8H11N3O3,197.0,-0.24,4.47,-7.005,0.22914992421782449,-1.403996508176809,-0.5874232919794923,3.461950392578232,4.93,12.0,-170.0,DRUGLIKE_CONCAT
HighDiv_1831,HighDiv,NNC/C=C/C/C=C/C1=C(N)C=C(P(=O)(O)O)C=C1F,8/000000020,C12H17N3O3PF,301.0,-0.21,4.13,-7.91,-0.7691092591220059,-0.4058381031445434,-0.5874736811332746,3.743382462058104,2.3,4.81,0.0,HIGHDIVERSITY_LANAPDB
HighDiv_1118,HighDiv,COCCOC(=O)/C=C/C1=C(Br)C(ON)=CC(C(=O)O)=C1,12/000000221,C13H14NO6Br,360.0,0.99,4.04,-8.146,-1.0333543370649019,-0.14554486161126678,-0.5894495993380844,2.7744290455333847,4.87,3.87,-50.0,HIGHDIVERSITY_CONCAT
Druglike_318,Druglike,CC[C@@H](/C=C/C1=CC=CC=C1N)NCCO,27/000000029,C13H20N2O,220.0,1.49,4.43,-7.107,0.11170766735431488,-1.2914968868361556,-0.5898946097409203,3.1358669308830756,5.52,2.22,-170.0,DRUGLIKE_CONCAT
Druglike_983,Druglike,NCN(CC#CC1=NC=C(CCl)C=C1)CCC1=CNC=NC1,17/000000009,C16H20N5Cl,317.0,0.77,4.02,-8.197,-1.092075465496658,-0.089295050940942,-0.5906852582188,3.83485701103291,3.16,21.8,-40.0,DRUGLIKE_CONCAT
Druglike_280,Druglike,NCC1=CC=C(C2=NNN=C2)C=C1O,28/000000333,C9H11N4O,191.0,1.73,4.47,-6.999,0.22914992421782449,-1.4106141329615538,-0.5907321043718646,3.348405201076753,3.74,14.6,-120.0,DRUGLIKE_CONCAT
Druglike_268,Druglike,NCC1=CC=C(C2=NNN=C2)C=C1O,28/000000076,C9H10N4O,190.0,1.73,4.47,-6.999,0.22914992421782449,-1.4106141329615538,-0.5907321043718646,2.6412855856921382,4.24,14.6,-120.0,DRUGLIKE_CONCAT
Druglike_1716,Druglike,NC(=O)NC1=CC(O)=CC=C1/C=C/[C@H](O)C1=NOCC1,4/000000332,C13H15N3O4,277.0,-0.25,4.0,-8.25,-1.1507965939284115,-0.030839365342366427,-0.590817979635389,3.778846338838269,2.77,3.58,-190.0,DRUGLIKE_LANAPDB
HighDiv_2303,HighDiv,C=C(NCC1=NN=C(C2=CC=C(CN)C=C2)O1)C(=O)CN,26/000000002,C14H18N5O2,288.0,1.02,4.04,-8.143,-1.0333543370649019,-0.14885367400363905,-0.5911040055342704,3.304770087185754,2.54,22.2,-120.0,HIGHDIVERSITY_MAYBRIDGE
HighDiv_1494,HighDiv,C[C@@H](F)C1=NC=C(O)C(O)=C1C#CC(N)=O,1/000000107,C10H9N2O3F,224.0,0.21,4.1,-7.983,-0.8571909517696387,-0.32532366826348824,-0.5912573100165635,4.026959238575383,4.99,17.5,-170.0,HIGHDIVERSITY_CRAFT
Druglike_1633,Druglike,NC/C(=C/C1=NON=C1C(N)N)C1=CC=C(CF)N=C1,16/000000021,C12H15N6OF,278.0,-0.05,4.1,-7.983,-0.8571909517696387,-0.32532366826348824,-0.5912573100165635,3.789805081105724,2.35,22.7,-150.0,DRUGLIKE_LANAPDB
HighDiv_948,HighDiv,O=[N+]([O-])C1=CC=C(C#C[C@@H](O)CO)C(Cl)=C1Cl,19/000000032,C10H7NO4Cl2,275.0,2.4,4.15,-7.848,-0.7103881306902498,-0.47422022592023483,-0.5923041783052423,3.5148619604522224,4.21,2.48,-150.0,HIGHDIVERSITY_CONCAT
HighDiv_777,HighDiv,CC/C=C(\CON)C(=O)C1=CC(N=O)=C(Br)C=C1O,12/000000521,C12H13N2O4Br,329.0,1.25,4.26,-7.555,-0.3874219243156003,-0.7973809029085817,-0.592401413612091,3.616072472936281,4.69,2.35,-40.0,HIGHDIVERSITY_CONCAT
Druglike_848,Druglike,C=C(C1=CC=C(C(=O)C2=CNC=N2)N1)[C@@H](O)CCC,23/000000529,C14H17N3O2,259.0,1.53,4.09,-8.007,-0.8865515159855155,-0.298853169124511,-0.5927023425550133,4.000513407767534,4.32,3.72,-170.0,DRUGLIKE_CONCAT
HighDiv_2213,HighDiv,NOC1=C(F)C=C(OCCO)C=C1C1=CNC=N1,27/000000116,C11H12N3O3F,253.0,0.13,4.16,-7.819,-0.681027566474373,-0.5062054123798322,-0.5936164894271025,3.1725882766706466,2.34,18.0,-120.0,HIGHDIVERSITY_MAYBRIDGE
HighDiv_1434,HighDiv,CCCCC1=C(O)C(O)=CC(C(C)=O)=C1,3/000000150,C12H16O3,208.0,2.25,4.21,-7.685,-0.5342247453949867,-0.6539990325724553,-0.5941118889837209,2.14049004188084,2.1,2.22,-80.0,HIGHDIVERSITY_CRAFT
HighDiv_578,HighDiv,C=C[C@H](OP(=O)(O)O)C1=CC=C(S)C=C1,26/000000001,C9H11O4PS,246.0,0.84,4.41,-7.152,0.052986538922561374,-1.2418647009505734,-0.594439081014006,3.6611092666463527,4.64,3.58,-150.0,HIGHDIVERSITY_CONCAT
HighDiv_680,HighDiv,CCC/C=C(\C=C/C(=O)NO)C(=O)C1=C(O)C=C(Br)C(N=O)=C1,12/000000477,C15H15N2O5Br,383.0,2.16,4.33,-7.364,-0.18189797480445782,-1.0080419585562752,-0.5949699666803665,3.526856398284007,2.96,5.21,-170.0,HIGHDIVERSITY_CONCAT
HighDiv_783,HighDiv,NCC/C=C(\CCCF)C(=O)C1=C(O)C=C(Br)C(N=O)=C1,12/000001038,C14H16N2O3FBr,359.0,2.41,4.25,-7.576,-0.41678248853147704,-0.7742192161619768,-0.5955008523467269,3.560013660918,4.75,3.7,-70.0,HIGHDIVERSITY_CONCAT
HighDiv_1792,HighDiv,CCCOC[C@@H](O)/C=C/C1=CC(I)=CC(O)=C1,12/000000025,C13H17O3I,348.0,3.17,4.2,-7.708,-0.5635853096108634,-0.6286314708976015,-0.5961083902542325,3.2973536134800465,4.03,2.22,-170.0,HIGHDIVERSITY_LANAPDB
Druglike_870,Druglike,OC1=CC(C(O)(F)F)=CC2=C1NCO2,21/000000066,C8H7NO3F2,203.0,0.62,4.07,-8.053,-0.945272644417269,-0.24811804577480343,-0.5966953450960362,3.536464391360155,0.95,14.4,-190.0,DRUGLIKE_CONCAT
HighDiv_697,HighDiv,CC(=O)[C@H](CCO)CCC1=C(Cl)C(Cl)=CC=C1O,19/000000005,C13H16O3Cl2,290.0,2.6,4.31,-7.414,-0.24061910323621394,-0.9528950853500728,-0.5967570942931434,3.079100227680504,5.22,3.58,-170.0,HIGHDIVERSITY_CONCAT
Druglike_346,Druglike,OCC[C@@H](O)C/C=C/C1=CC(O)=CC=C1I,28/000000283,C12H15O3I,334.0,2.32,4.4,-7.174,0.023625974706684625,-1.217600076739844,-0.5969870510165797,3.329730916897061,7.0,3.58,-150.0,DRUGLIKE_CONCAT
Druglike_2046,Druglike,O=C1C=C(C2=CC=C(CCI)C=C2)NC=C1/C=C/CNCO,15/000000166,C17H19N2O2I,410.0,3.2,4.04,-8.132,-1.0333543370649019,-0.16098598610900472,-0.5971701615869534,3.1304991813625813,3.89,5.09,-200.0,DRUGLIKE_MAYBRIDGE
HighDiv_2156,HighDiv,NC(=O)NC1=CC(Br)=C(O)C(O)=C1,10/000000008,C7H7N2O3Br,247.0,0.38,4.24,-7.597,-0.4461430527473538,-0.7510575294153709,-0.5986002910813624,2.3383813789681014,-0.36,2.22,0.0,HIGHDIVERSITY_MAYBRIDGE
HighDiv_2217,HighDiv,COC1=CC=C([N+](=O)[O-])C(NC(N)=O)=C1,29/000000014,C8H9N3O4,211.0,0.21,4.15,-7.836,-0.7103881306902498,-0.4874554754897229,-0.5989218030899863,1.933884657265455,4.27,2.22,-20.0,HIGHDIVERSITY_MAYBRIDGE
HighDiv_882,HighDiv,O=C1NNC2=C1C=C(CO)C(O)=C2,3/000000142,C8H8N2O3,180.0,0.13,4.19,-7.729,-0.5929458738267401,-0.6054697841509965,-0.5992078289888683,2.814170519239596,2.98,11.4,-40.0,HIGHDIVERSITY_CONCAT
Druglike_1596,Druglike,CCC1=NC=C(C2=C(CN)NC(C(C)=O)=C2)N1,4/000000209,C12H16N4O,232.0,0.1,4.14,-7.862,-0.7397486949061292,-0.45877910142249784,-0.5992638981643135,3.134534339614696,3.19,19.1,-200.0,DRUGLIKE_LANAPDB
Druglike_1021,Druglike,C=C[C@@H](CCCCNC)C1=CC=C(C(=O)C2=NC(=O)ON2)N1,23/000000448,C15H20N4O3,304.0,0.97,4.01,-8.208,-1.1214360297125348,-0.07716273883557634,-0.5992993842740555,3.988598388403883,6.75,3.58,-170.0,DRUGLIKE_CONCAT
HighDiv_1066,HighDiv,C=C(C(C)=O)C1=CC=C(C#C[C@@H](O)CO)C(Cl)=C1Cl,19/000000012,C14H12O3Cl2,298.0,2.78,4.07,-8.047,-0.945272644417269,-0.254735670559548,-0.6000041574884085,3.7729347836746454,5.26,19.0,-170.0,HIGHDIVERSITY_CONCAT
Druglike_288,Druglike,O=C(O)CC1=C(CC2=NON=C2)ON=C1O,3/000000219,C8H7N3O5,225.0,0.78,4.46,-7.006,0.19978936000194772,-1.4028935707126848,-0.6015521053553685,3.788557706117563,1.67,22.2,-40.0,DRUGLIKE_CONCAT
Druglike_693,Druglike,C=CCNCC1=CC=C(CC2=CC(C(=O)O)=CN2)C(C(C)=O)=C1,6/000000027,C18H21N2O3,313.0,2.08,4.16,-7.804,-0.681027566474373,-0.5227494743416926,-0.6018885204080329,3.624274628743065,2.75,3.7,-80.0,DRUGLIKE_CONCAT
Druglike_1705,Druglike,C=CCCCCCC1=NC=C(C2=C(CN)NC(CO)=C2)N1,4/000000217,C16H24N4O,288.0,0.87,4.02,-8.176,-1.092075465496658,-0.11245673768754598,-0.602266101592102,3.1890759281244776,2.76,21.5,-100.0,DRUGLIKE_LANAPDB
HighDiv_1808,HighDiv,OCCC1=C(C2=CC(F)=C(CCl)C(O)=C2)NC(CO)=N1,10/000000060,C13H14N2O3FCl,300.0,1.0,4.16,-7.803,-0.681027566474373,-0.523852411805817,-0.602439989140095,3.1737899212655627,7.29,2.35,-120.0,HIGHDIVERSITY_LANAPDB
Druglike_1338,Druglike,C/C=C(/CO)CC(=O)NC1=CC=CC2=C1NN(CCl)C2,12/000000019,C14H18N3O2Cl,295.0,0.47,4.04,-8.121,-1.0333543370649019,-0.17311829821436844,-0.6032363176396351,3.4909976635233058,5.65,17.9,-60.0,DRUGLIKE_CRAFT
Druglike_990,Druglike,C/C=C\CNC(=O)[C@H](C(=O)O)C1=CN=C(I)C(O)=C1,18/000000100,C12H13N2O4I,376.0,1.01,4.02,-8.174,-1.092075465496658,-0.11466261261579482,-0.6033690390562264,3.6426796162538313,2.33,3.33,-170.0,DRUGLIKE_CONCAT
Druglike_1555,Druglike,CCCCCC/C=C(\CC(=O)O)C1=NNN=C1,29/000000027,C12H19N3O2,237.0,2.93,4.2,-7.694,-0.5635853096108634,-0.6440725953953385,-0.6038289525031009,2.9380127356867103,2.78,3.72,-20.0,DRUGLIKE_LANAPDB
HighDiv_1475,HighDiv,O=C(C1=CC(O)=C(O)C(S)=C1)[C@@H](O)CF,3/000000153,C9H9O4SF,232.0,1.12,4.13,-7.879,-0.7691092591220059,-0.4400291645323896,-0.6045692118271977,3.774472876113808,1.01,2.22,-170.0,HIGHDIVERSITY_CRAFT
HighDiv_2093,HighDiv,OC[C@H](/C=C/C1=CC(F)=CC(F)=C1O)SS,1/000000026,C10H10O2S2F2,264.0,2.33,4.38,-7.213,-0.03509515372507148,-1.1745855156390066,-0.604840334682039,3.939186429988622,4.73,2.22,-150.0,HIGHDIVERSITY_MAYBRIDGE
HighDiv_855,HighDiv,NC[C@H](Cl)C(=O)C1=CC(S)=C(Br)C(N=O)=C1,12/000000925,C9H9N2O2SClBr,324.0,1.91,4.21,-7.665,-0.5342247453949867,-0.6760577818549358,-0.6051412636249612,4.732783414399559,3.65,2.35,-150.0,HIGHDIVERSITY_CONCAT
HighDiv_2301,HighDiv,NNC(=O)C1=C[C@H](CN(CF)CC2=NON=C2)C=CO1,21/000000001,C11H15N5O3F,284.0,0.23,4.04,-8.117,-1.0333543370649019,-0.17753004807086414,-0.605442192567883,5.6978488687279745,1.38,5.09,-150.0,HIGHDIVERSITY_MAYBRIDGE
Druglike_499,Druglike,O=C(O)CC1=C(C(=O)CC2=NNN=C2)ON=C1O,3/000000003,C9H8N4O5,252.0,0.44,4.27,-7.504,-0.35806136009972356,-0.8536307135789084,-0.6058460368393159,3.3374003490688384,1.25,2.35,-60.0,DRUGLIKE_CONCAT
Druglike_1519,Druglike,CCOC(=O)C1=C(/C=C/C(=O)CCN)NC=C1C(=O)O,6/000000136,C13H16N2O5,280.0,-0.19,4.27,-7.504,-0.35806136009972356,-0.8536307135789084,-0.6058460368393159,2.9328157953914378,3.57,5.09,-170.0,DRUGLIKE_LANAPDB
Druglike_716,Druglike,CCCNCC1=CC(/C=C/C[C@H]2C=COC2)=C(CN)N1,10/000000006,C16H25N3O,275.0,1.25,4.15,-7.822,-0.7103881306902498,-0.5028965999874598,-0.6066423653388548,4.185094197875783,4.0,5.09,-170.0,DRUGLIKE_CONCAT
HighDiv_1419,HighDiv,O=C(C#CC1=C(O)C(O)=CN=C1)N[C@@H](C=S)CCO,1/000000462,C12H12N2O4S,280.0,-0.18,4.23,-7.609,-0.47550361696323057,-0.7378222798458827,-0.6066629484045566,4.259667990775236,6.16,20.9,-150.0,HIGHDIVERSITY_CRAFT
HighDiv_1562,HighDiv,CC(=O)N(O)CCC1=NN=C(C2=C(CS)C(O)=CN=C2)S1,1/000000302,C12H14N4O3S2,326.0,0.57,4.02,-8.168,-1.092075465496658,-0.12128023740053936,-0.6066778514485986,3.3808741244109495,8.0,24.6,-140.0,HIGHDIVERSITY_CRAFT
Druglike_1644,Druglike,O=C(O)[C@@H](CC#CCCCCO)C1=CC=C(O)C(Cl)=C1,5/000000015,C15H17O4Cl,296.0,2.11,4.09,-7.98,-0.8865515159855155,-0.32863248065585954,-0.6075919983206876,3.1709942509261815,1.82,3.58,-170.0,DRUGLIKE_LANAPDB
HighDiv_1762,HighDiv,O=C(C1=CNC=C1C=S)C1=NN(C(=O)O)C=C1Br,3/000000045,C10H5N3O3SBr,327.0,0.46,4.3,-7.42,-0.2699796674520907,-0.9462774605653282,-0.6081285640087095,3.7859416426324177,7.61,2.22,0.0,HIGHDIVERSITY_LANAPDB
Druglike_836,Druglike,OCC#CC1=C(I)N=C([C@@H](O)CCC2=NON=C2)C=C1,26/000000047,C13H12N3O3I,385.0,2.39,4.09,-7.979,-0.8865515159855155,-0.32973541811998397,-0.6081434670527497,4.169243157808772,4.45,5.09,-150.0,DRUGLIKE_CONCAT
HighDiv_1728,HighDiv,O=C(C1=CNC=C1CO)C1=NN(C(=O)O)C=C1Br,3/000000030,C10H7N3O4Br,313.0,-0.3,4.38,-7.207,-0.03509515372507148,-1.181203140423751,-0.6081491470744113,3.445340386745447,7.66,2.22,0.0,HIGHDIVERSITY_LANAPDB
HighDiv_942,HighDiv,NCC1=CC=CC=C1CC[C@H](O)/C=C/C(=O)NO,5/000000016,C13H18N2O3,250.0,0.29,4.15,-7.819,-0.7103881306902498,-0.5062054123798322,-0.6082967715350409,2.961211419988196,3.52,3.58,-150.0,HIGHDIVERSITY_CONCAT
Druglike_890,Druglike,O=C(O)C1=CNC(C2=NNC(=O)O2)=C1C(=O)O,9/000000037,C8H5N3O6,239.0,0.19,4.07,-8.031,-0.945272644417269,-0.2723826699855328,-0.6088276572014009,3.085655879499419,7.17,3.58,-80.0,DRUGLIKE_CONCAT
Druglike_1359,Druglike,CC(=O)N[C@@H](/C=C/C1=CC=C(I)C=C1N)C1=NNN=N1,13/000000009,C12H13N6OI,384.0,2.3,4.01,-8.19,-1.1214360297125348,-0.09701561318980999,-0.6092258214511723,3.704311998178929,5.15,3.58,-181.0,DRUGLIKE_CRAFT
HighDiv_989,HighDiv,N/C(=C\CC(=O)O)C1=C2NC=CC2=CC(C(F)F)=C1,13/000000003,C13H12N2O2F2,266.0,2.18,4.12,-7.897,-0.7984698233378826,-0.42017629017815594,-0.6093230567580192,3.2040223163055828,5.05,20.6,-190.0,HIGHDIVERSITY_CONCAT
Druglike_1591,Druglike,CCCCC#C[C@H](C(=O)O)C1=C(Br)C=NN1,20/000000097,C11H13N2O2Br,285.0,2.53,4.15,-7.817,-0.7103881306902498,-0.50841128730808,-0.609399708999165,3.7822200777362234,4.15,2.22,-170.0,DRUGLIKE_LANAPDB
Druglike_992,Druglike,C=C[C@@H](CCCCO)C1=CC=C(C(=O)C2=NC(=O)ON2)N1,23/000000423,C14H17N3O4,291.0,0.64,4.02,-8.163,-1.092075465496658,-0.12679492472115853,-0.6094351951089083,3.994479155497552,6.77,3.58,-150.0,DRUGLIKE_CONCAT
HighDiv_447,HighDiv,C=CC1=C(COC)C=C(I)C(C2=NC(CC(=O)O)=NN2)=N1,4/000000239,C13H13N4O3I,400.0,1.86,4.53,-6.804,0.4053133095130902,-1.6256869384657429,-0.6101868144763263,3.5136109944374745,7.88,22.0,-140.0,HIGHDIVERSITY_CONCAT
Druglike_911,Druglike,O=C(O)CC1=C(CC2=CC(C(=O)O)=CN2)ON=C1O,3/000000150,C11H10N2O6,266.0,0.11,4.06,-8.055,-0.9746332086331483,-0.24591217084655656,-0.6102726897398524,3.275926458317416,0.62,23.6,-60.0,DRUGLIKE_CONCAT
HighDiv_929,HighDiv,NCC[C@H](F)C#CC1=CC(O)=CC(C#CCC[SH](=O)=O)=C1,23/000000214,C15H16NO3SF,309.0,2.06,4.16,-7.788,-0.681027566474373,-0.5403964737676774,-0.6107120201210252,4.4974504048793795,0.75,24.2,-200.0,HIGHDIVERSITY_CONCAT
HighDiv_2124,HighDiv,C=CC(=O)C1=CC=C([C@@H](O)COCCNN)C=C1Cl,27/000000205,C13H17N2O3Cl,284.0,0.87,4.31,-7.388,-0.24061910323621394,-0.981571459417298,-0.611095281326756,3.2153697659231657,2.26,3.72,-150.0,HIGHDIVERSITY_MAYBRIDGE
HighDiv_603,HighDiv,C=C[C@@H](S)CC(=O)C1=CC(CNC)=C(Br)C(N=O)=C1,12/000000381,C13H16N2O2SBr,344.0,2.5,4.39,-7.175,-0.0057345895091947315,-1.2164971392757207,-0.6111158643924577,4.816179163765142,3.36,3.85,-190.0,HIGHDIVERSITY_CONCAT
Druglike_1280,Druglike,CC1=C(/C(=C\CC2=CC(O)=NO2)CN)O[C@H](C(=O)CBr)C1,4/000000099,C14H18N2O4Br,358.0,0.99,4.13,-7.865,-0.7691092591220059,-0.45547028903012554,-0.6122897740760658,5.032131571988133,8.21,3.72,-170.0,DRUGLIKE_CRAFT
HighDiv_2194,HighDiv,O=[N+]([O-])C1=C(O)C2=C(C=C1CO)N=CO2,27/000000062,C8H6N2O5,210.0,-0.12,4.18,-7.731,-0.6223064380426195,-0.6032639092227486,-0.6127851736326841,3.2416584471341228,1.08,15.8,-40.0,HIGHDIVERSITY_MAYBRIDGE
HighDiv_973,HighDiv,O[C@@H](C#CC1=CC(S)=C(S)C=C1Br)C1=NOCN1,29/000000028,C11H9N2O2S2Br,345.0,3.49,4.13,-7.863,-0.7691092591220059,-0.4576761639583734,-0.6133927115401896,4.927750189218966,4.04,2.35,-150.0,HIGHDIVERSITY_CONCAT
HighDiv_750,HighDiv,NC(=O)C1=NOC(C2=C(CCO)C(Br)=C(F)C=C2)=C1,10/000000011,C12H10N2O3FBr,329.0,1.81,4.27,-7.489,-0.35806136009972356,-0.8701747755407688,-0.6141180678202462,2.791076754175405,3.31,3.58,-160.0,HIGHDIVERSITY_CONCAT
Druglike_899,Druglike,O=C(/C=C/C(=O)C1=NN=C(C2=NNC=C2)N1)CF,23/000000572,C10H8N5O2F,249.0,1.53,4.06,-8.047,-0.9746332086331483,-0.254735670559548,-0.6146844395963481,4.053086919204584,3.9,3.58,-80.0,DRUGLIKE_CONCAT
HighDiv_904,HighDiv,NNCC1=CC(F)=C(/C=C/[C@H](N)C2=CNC(=S)S2)C(Br)=C1,20/000000028,C13H15N4S2FBr,390.0,1.87,4.17,-7.754,-0.6516670022584963,-0.5778963475478959,-0.614781674903196,4.5403639327308385,4.71,3.72,-150.0,HIGHDIVERSITY_CONCAT
Druglike_829,Druglike,NCC1=CN=C(C2=CC(CO)=CC=C2)C=C1,21/000000167,C13H14N2O,214.0,1.11,4.1,-7.94,-0.8571909517696387,-0.3727499792208216,-0.6149704654952302,1.9263558332078643,4.93,1.0,-160.0,DRUGLIKE_CONCAT
Druglike_756,Druglike,C#CC[C@H](Cl)C1=NC(O)=NC=C1C(=O)O,29/000000122,C9H7N2O3Cl,226.0,0.51,4.14,-7.833,-0.7397486949061292,-0.4907642878820952,-0.6152564913941122,3.985417343569429,5.98,15.7,-150.0,DRUGLIKE_CONCAT
HighDiv_2163,HighDiv,O=S(=O)(O)CCN[C@@H](/C=C/C1=C(O)C(F)=CC(F)=C1)CO,1/000000156,C12H16NO5SF2,324.0,0.27,4.22,-7.62,-0.5048641811791099,-0.725689967740518,-0.6152770744598139,4.308760152889989,2.72,3.58,-200.0,HIGHDIVERSITY_MAYBRIDGE
HighDiv_2226,HighDiv,NOC1=C(F)C=CC=C1C1=CNC=N1,27/000000067,C9H8N3OF,193.0,0.92,4.14,-7.831,-0.7397486949061292,-0.49297016281034306,-0.6163594288582361,3.123803277999831,3.23,2.22,-120.0,HIGHDIVERSITY_MAYBRIDGE
HighDiv_479,HighDiv,NC(=O)[C@H](/C=C/C1=C(F)C=CC=C1Br)S(=O)(=O)O,20/000000007,C10H9NO4SFBr,338.0,0.54,4.49,-6.899,0.28787105264958057,-1.5209078793739583,-0.6165184133621888,3.4578808537034176,6.99,2.22,-150.0,HIGHDIVERSITY_CONCAT
HighDiv_1063,HighDiv,O[C@@H](C#CC1=CC(S)=C(S)C=C1Br)C1=NN=NN1,29/000000044,C10H7N4OS2Br,343.0,2.2,4.07,-8.017,-0.945272644417269,-0.2878237944832707,-0.6165482194502698,4.47967757383435,4.66,2.35,-150.0,HIGHDIVERSITY_CONCAT
HighDiv_2136,HighDiv,CC[C@@H](/C=C/C1=C(O)C(F)=CC(F)=C1)ON,1/000000153,C11H13NO2F2,229.0,2.1,4.29,-7.431,-0.2993402316679674,-0.9341451484599635,-0.6167426900639654,3.597131689380392,4.09,2.22,-170.0,HIGHDIVERSITY_MAYBRIDGE
HighDiv_1136,HighDiv,O=C(O)C1=NC(CO)=C(CC/C=C/C2=CNCS2)O1,3/000000283,C12H14N2O4S,282.0,-0.15,4.03,-8.123,-1.0627149012807786,-0.17091242328612155,-0.6168136622834501,4.135636123011697,3.19,3.85,0.0,HIGHDIVERSITY_CONCAT
HighDiv_1071,HighDiv,O=C(CO)C1=CNC=C1CCNC1=CC(F)=CC(S)=C1Br,16/000000022,C14H14N2O2SFBr,373.0,2.31,4.07,-8.016,-0.945272644417269,-0.2889267319473942,-0.6170996881823316,3.358101975869835,5.63,3.58,0.0,HIGHDIVERSITY_CONCAT
Druglike_1242,Druglike,CCCCC[C@@](N)(C#CC1=CC(=O)CC1)CN,27/000000001,C14H23N2O,235.0,0.44,4.23,-7.59,-0.47550361696323057,-0.7587780916642398,-0.6171408543137352,4.350203367980864,4.73,17.2,-170.0,DRUGLIKE_CRAFT
HighDiv_1139,HighDiv,NNCC1=CC(F)=C(/C=C/[C@H]2COC2=O)C(Br)=C1,20/000000026,C12H12N2O2FBr,315.0,1.81,4.03,-8.122,-1.0627149012807786,-0.17201536075024498,-0.6173651310155118,3.766575727680504,6.25,3.72,-150.0,HIGHDIVERSITY_CONCAT
HighDiv_558,HighDiv,NOC1=C(Br)C(C[C@H](S)CCO)=CC(C(=O)O)=C1,12/000001227,C11H14NO4SBr,336.0,1.22,4.42,-7.083,0.08234710313843813,-1.3179673859751329,-0.6178101414183473,3.650787727680505,5.99,2.48,-150.0,HIGHDIVERSITY_CONCAT
Druglike_878,Druglike,C=CC[C@@H](O)C1=CC=C(C(=O)C2=NC(=O)ON2)N1,23/000000028,C11H11N3O4,249.0,-0.11,4.07,-8.012,-0.945272644417269,-0.2933384818038899,-0.6193055631105795,4.043637266142042,4.37,3.72,-150.0,DRUGLIKE_CONCAT
HighDiv_2267,HighDiv,CS(=O)(=O)CCC1=CC(/C=C/C2=NNN=N2)=C(ON)C(F)=C1,27/000000369,C12H14N5O3SF,327.0,1.25,4.08,-7.985,-0.9159120802013923,-0.32311779333523943,-0.6195149367683158,3.2381231049799464,1.53,3.58,-20.0,HIGHDIVERSITY_MAYBRIDGE
Druglike_454,Druglike,C=CC[C@H](O)C1=NC(O)=NC=C1C(=O)O,29/000000034,C9H10N2O4,210.0,-0.18,4.3,-7.398,-0.2699796674520907,-0.9705420847760576,-0.6202608761140742,3.690314266646352,4.19,13.4,-150.0,DRUGLIKE_CONCAT
HighDiv_926,HighDiv,NOC1=C(Br)C(CC(=O)CCO)=CC(C(=O)O)=C1,12/000001391,C11H12NO5Br,318.0,-0.22,4.16,-7.77,-0.681027566474373,-0.5602493481219111,-0.620638457298142,2.870656772145761,4.02,2.64,0.0,HIGHDIVERSITY_CONCAT
HighDiv_963,HighDiv,O=[N+]([O-])CC1=CC=C(C#C[C@@H](O)CO)C(Cl)=C1Cl,19/000000019,C11H9NO4Cl2,289.0,2.03,4.14,-7.823,-0.7397486949061292,-0.5017936625233355,-0.6207711787147323,3.829506958449736,4.04,2.48,-151.0,HIGHDIVERSITY_CONCAT
HighDiv_1076,HighDiv,CN(C)CCSCC1=CC(O)=CC(N2CCNC2=O)=C1,28/000000231,C14H22N3O2S,296.0,0.96,4.07,-8.009,-0.945272644417269,-0.2966472941962622,-0.6209599693067656,3.615956729457371,2.43,17.7,-200.0,HIGHDIVERSITY_CONCAT
HighDiv_2269,HighDiv,CC1=CC=C(C#CC[C@@H](O)C2=CNC(=N)S2)N1,27/000000559,C12H13N3OS,247.0,1.74,4.07,-8.009,-0.945272644417269,-0.2966472941962622,-0.6209599693067656,4.550712921990684,3.83,2.22,-170.0,HIGHDIVERSITY_MAYBRIDGE
Druglike_925,Druglike,NC1=CC(OC(=O)C2=C(O)C(O)=CC=C2)=C(Cl)N=C1,3/000000013,C12H9N2O4Cl,280.0,1.35,4.05,-8.062,-1.0039937728490251,-0.23819160859768856,-0.6210926907233568,2.4205190618677133,5.2,3.58,0.0,DRUGLIKE_CONCAT
HighDiv_2300,HighDiv,FC1=C(S)C=C(S)C(CC[C@@H]2CCNCN2)=C1,26/000000015,C12H17N2S2F,272.0,2.9,4.04,-8.088,-1.0333543370649019,-0.20951523453046347,-0.6214347857976826,4.025528306606069,6.52,2.22,-150.0,HIGHDIVERSITY_MAYBRIDGE
HighDiv_940,HighDiv,NCC1=CC(C/C=C/C[C@@]2(O)CCNC2)=CC=C1I,5/000000011,C15H21N2OI,372.0,2.1,4.15,-7.795,-0.7103881306902498,-0.5326759115188094,-0.6215320211045297,3.702277655469518,1.5,3.85,-170.0,HIGHDIVERSITY_CONCAT
HighDiv_774,HighDiv,O=C(CO)N1N=C(CCl)N=C1/C=C/[C@@H](S)C1=NN=CN1,8/000000007,C10H11N6O2SCl,314.0,0.76,4.26,-7.502,-0.3874219243156003,-0.8558365885071563,-0.6216292564113783,4.765592492684421,4.31,3.58,-150.0,HIGHDIVERSITY_CONCAT
Druglike_317,Druglike,N[C@@H](CCCCCCO)CC1=CCC(CO)=CO1,12/000000010,C14H25NO3,255.0,0.41,4.43,-7.049,0.11170766735431488,-1.3554672597553505,-0.6218797962005178,3.796637953924848,6.73,3.58,-150.0,DRUGLIKE_CONCAT
HighDiv_813,HighDiv,C=CNCCC1=C(C=S)C(O)=CC(N2CCNC2=O)=C1,28/000000311,C14H17N3O2S,291.0,0.79,4.23,-7.58,-0.47550361696323057,-0.76980746630548,-0.6226555416343553,3.4264226635233053,6.57,19.9,-120.0,HIGHDIVERSITY_CONCAT
Druglike_1708,Druglike,C/C(=C\C1=CC(C(=O)O)=C(O)C=C1)CCCCl,13/000000009,C13H15O3Cl,254.0,2.86,4.01,-8.165,-1.1214360297125348,-0.12458904979291165,-0.6230125397527232,2.360791665452597,6.27,3.58,-20.0,DRUGLIKE_LANAPDB
HighDiv_874,HighDiv,CNC(=O)C/C(=C\CCl)C(=O)C1=CC(N=O)=C(Br)C=C1O,12/000001027,C13H12N2O4ClBr,375.0,1.77,4.2,-7.659,-0.5635853096108634,-0.6826754066396804,-0.6231303581252718,3.5306809830695327,3.55,3.7,-90.0,HIGHDIVERSITY_CONCAT
HighDiv_673,HighDiv,CC1=CC(C(=O)O)=CC(ON)=C1Br,12/000000184,C8H8NO3Br,246.0,1.2,4.34,-7.286,-0.15253741058858108,-1.0940710807579515,-0.6233042456732663,2.5714121481988705,5.19,11.3,-20.0,HIGHDIVERSITY_CONCAT
HighDiv_995,HighDiv,CC[C@H](O)CC#CC1=CC(O)=CC(O)=C1,23/000000218,C12H14O3,206.0,2.04,4.12,-7.871,-0.7984698233378826,-0.448852664245381,-0.6236612437916318,3.323017427997197,3.06,12.4,-170.0,HIGHDIVERSITY_CONCAT
Druglike_1701,Druglike,CC/C=C\CCC1=C(O)C(=O)C=C(C2=NN=NN2)O1,2/000000001,C12H14N4O3,262.0,0.8,4.02,-8.137,-1.092075465496658,-0.15547129878838362,-0.6237733821425209,3.429279712755286,2.53,24.6,-140.0,DRUGLIKE_LANAPDB
HighDiv_1038,HighDiv,NC(=O)[C@@H](O)C(=O)C1=CC(N=O)=C(Br)C=C1,12/000000717,C9H7N2O4Br,287.0,-0.32,4.1,-7.924,-0.8571909517696387,-0.3903969786468064,-0.6237939652082225,3.444319678135823,2.81,3.85,-150.0,HIGHDIVERSITY_CONCAT
HighDiv_1153,HighDiv,CCCCOCC1=CC(O)=CC(N2CCNC2=O)=C1,28/000000112,C14H20N2O3,264.0,1.29,4.02,-8.136,-1.092075465496658,-0.15657423625250902,-0.6243248508745836,2.4218848409604163,2.56,15.0,-140.0,HIGHDIVERSITY_CONCAT
Druglike_2066,Druglike,O=C1C=C[C@@H](COC(=O)/C=C/C2=NNC=C2Cl)N1,26/000000001,C11H10N3O3Cl,267.0,1.13,4.01,-8.162,-1.1214360297125348,-0.12789786218528196,-0.6246669459489084,4.220064198268739,3.46,3.58,-150.0,DRUGLIKE_MAYBRIDGE
HighDiv_2245,HighDiv,NOC1=C(F)C=CC=C1C1=CNC(C(=S)CO)=N1,27/000000482,C11H10N3O2SF,267.0,-0.01,4.11,-7.895,-0.8278303875537594,-0.42238216510640475,-0.6251062763300821,3.5399945029149915,2.54,2.22,-160.0,HIGHDIVERSITY_MAYBRIDGE
Druglike_1675,Druglike,OCC[C@@H](O)C1=NON=C1/C=C\C1=CC(O)=CC=C1,16/000000006,C13H14N2O4,262.0,1.69,4.04,-8.079,-1.0333543370649019,-0.21944167170757833,-0.62639800438624,3.4549443221361837,1.2,3.58,-190.0,DRUGLIKE_LANAPDB
Druglike_1284,Druglike,CCCCCC1=NN=C(/C(=C\C2=NN=NN2)CO)O1,29/000000015,C11H16N6O2,264.0,1.04,4.12,-7.864,-0.7984698233378826,-0.45657322649425,-0.6275215249160663,3.4844688036643774,5.32,6.77,-20.0,DRUGLIKE_CRAFT
HighDiv_1126,HighDiv,CSC1=CC(C#CCC(=O)OCCCCO)=CC(O)=C1,23/000000005,C15H18O4S,294.0,2.77,4.04,-8.075,-1.0333543370649019,-0.223853421564076,-0.6286038793144889,2.904929531655174,-1.86,18.9,-40.0,HIGHDIVERSITY_CONCAT
HighDiv_1358,HighDiv,O=C(O)C1=CC=CC2=C1SC(S)=N2,12/000000007,C8H5NO2S2,211.0,1.56,4.36,-7.221,-0.09381628215682498,-1.165762015926014,-0.6297891490414195,2.7088051346242104,1.0,2.22,-60.0,HIGHDIVERSITY_CRAFT
HighDiv_1776,HighDiv,NC1=C(C#C[C@@H](O)CCCO)C=C(O)C(CO)=C1,8/000000007,C13H17NO4,251.0,-0.05,4.26,-7.485,-0.3874219243156003,-0.8745865253972646,-0.6310042248564325,3.517068261432468,4.4,2.35,-150.0,HIGHDIVERSITY_LANAPDB
HighDiv_1021,HighDiv,O=C(C1=CC(O)=C(Br)C(Cl)=C1)[C@@H]1CCON1,12/000000200,C10H9NO3ClBr,306.0,2.95,4.11,-7.883,-0.8278303875537594,-0.4356174146758929,-0.6317239011148261,3.753955042771187,2.86,2.48,-150.0,HIGHDIVERSITY_CONCAT
HighDiv_1472,HighDiv,NNCCC(=O)C1=CC(OC2=CC=NN2)=C(O)C(O)=C1,3/000000138,C12H14N4O4,278.0,0.62,4.14,-7.803,-0.7397486949061292,-0.523852411805817,-0.6318005533559731,3.144848762424405,2.72,20.4,-40.0,HIGHDIVERSITY_CRAFT
Druglike_1882,Druglike,CCC1=CC=CC(C2=C(/C=C/CO)N=CN2)=N1,13/000000031,C13H15N3O,229.0,1.44,4.26,-7.483,-0.3874219243156003,-0.8767924003255134,-0.6321071623205569,3.014070035529725,2.46,14.9,-180.0,DRUGLIKE_MAYBRIDGE
Druglike_1971,Druglike,O=C(O)/C(=C/C1=NC=NN1)C1=CC(O)=CC=C1,5/000000053,C11H9N3O3,231.0,1.29,4.13,-7.829,-0.7691092591220059,-0.4951760377385919,-0.6321426484302989,2.8188290818405566,5.23,3.85,0.0,DRUGLIKE_MAYBRIDGE
HighDiv_854,HighDiv,CC(=O)OC/C(=C\CCN)C(=O)C1=CC(N=O)=C(Br)C=C1O,12/000001089,C14H15N2O5Br,371.0,1.3,4.21,-7.616,-0.5342247453949867,-0.7301017175970147,-0.6321632314960006,3.3818576466261314,4.09,3.7,-120.0,HIGHDIVERSITY_CONCAT
HighDiv_1378,HighDiv,C/C=C\CC(=O)C1=CC(O)=C(O)C(S)=C1,3/000000141,C11H12O3S,224.0,2.18,4.32,-7.323,-0.2112585390203346,-1.0532623945853605,-0.6322604668028475,3.2091085034193014,0.57,2.22,-60.0,HIGHDIVERSITY_CRAFT
HighDiv_1042,HighDiv,NC(=O)C1=NOC(C2=CC=C(S)C(Br)=C2)=C1,10/000000003,C10H7N2O2SBr,299.0,2.68,4.09,-7.935,-0.8865515159855155,-0.3782646665414427,-0.6324080912634791,2.7637121117119676,1.75,2.22,-180.0,HIGHDIVERSITY_CONCAT
Druglike_559,Druglike,O=C(O)CC1=C(C(=O)CNC(F)F)ON=C1O,3/000000027,C8H9N2O5F2,251.0,-0.28,4.23,-7.561,-0.47550361696323057,-0.7907632781238372,-0.6331334475435338,4.142211197225171,1.66,2.35,-170.0,DRUGLIKE_CONCAT
Druglike_1006,Druglike,C=C[C@@H](OC(=O)C1=CN=C(CO)C(Br)=C1)C1=C(CN)OC=C1,13/000000068,C15H15N2O4Br,367.0,0.71,4.02,-8.117,-1.092075465496658,-0.17753004807086414,-0.6348027567837611,3.7289790132259135,9.38,3.7,-150.0,DRUGLIKE_CONCAT
HighDiv_752,HighDiv,NCC(=O)O[C@@H](C#CC1=CC(O)=CC(N)=C1)CO,23/000000220,C12H15N2O4,251.0,-0.32,4.27,-7.451,-0.35806136009972356,-0.912086399177483,-0.6350738796386033,4.262791024383802,3.9,3.58,-150.0,HIGHDIVERSITY_CONCAT
HighDiv_950,HighDiv,C=C[C@H](C#CCSC1=CC(S)=CC(O)=C1)N=O,14/000000010,C12H11NO2S2,265.0,3.07,4.15,-7.77,-0.7103881306902498,-0.5602493481219111,-0.6353187394060804,4.582323826246004,3.99,2.22,-150.0,HIGHDIVERSITY_CONCAT
Druglike_886,Druglike,O=C(/C=C/C1=CC(O)=CC=C1I)[C@H]1CCCN(CCO)N1,28/000000060,C15H19N2O3I,402.0,2.15,4.07,-7.981,-0.945272644417269,-0.3275295431917361,-0.6364010938045026,3.7553279169056353,8.14,3.58,-150.0,DRUGLIKE_CONCAT
Druglike_2054,Druglike,N[C@@H](C1=CC=CC=C1)C1=C(/C=C/C(=O)O)C(=O)C1=O,7/000000005,C14H11NO4,257.0,-0.08,4.03,-8.087,-1.0627149012807786,-0.2106181719945869,-0.6366665366376828,2.938436038112515,4.72,18.8,-150.0,DRUGLIKE_MAYBRIDGE
Druglike_1025,Druglike,C[C@H](N)C1=NNC(/C=C/C2=C(I)C=CC(O)=C2)=C1,28/000000046,C13H14N3OI,355.0,3.24,4.01,-8.139,-1.1214360297125348,-0.15326542386013672,-0.6373507267863358,3.7095461892189654,4.43,2.22,-170.0,DRUGLIKE_CONCAT
HighDiv_1014,HighDiv,NNC/C=C/C1=CC(N2CCNC2=O)=CC(O)=C1,28/000000091,C12H16N4O2,248.0,-0.06,4.11,-7.871,-0.8278303875537594,-0.448852664245381,-0.6383415258995702,3.003532168073362,0.77,16.4,-120.0,HIGHDIVERSITY_CONCAT
Druglike_696,Druglike,OCCC1=CC(O)=CC(C2=NNN=C2)=C1,28/000000144,C10H11N3O2,205.0,1.96,4.16,-7.736,-0.681027566474373,-0.5977492219021285,-0.6393883941882508,2.662021848678693,2.16,15.0,-120.0,DRUGLIKE_CONCAT
Druglike_776,Druglike,CCN1C(C#CC2=NN=C(COCN)N2)=NN=C1CO,18/000000075,C11H15N7O2,277.0,1.71,4.13,-7.815,-0.7691092591220059,-0.5106171622363279,-0.6398632106791668,3.937110937091843,4.01,24.8,-20.0,DRUGLIKE_CONCAT
Druglike_1835,Druglike,O=C(O)C1=CC(CF)=C(C(=O)O)N1,5/000000066,C7H6NO4F,187.0,0.32,4.35,-7.229,-0.12317684637270433,-1.1569385162130217,-0.640057681292863,2.897501288470364,3.78,17.1,0.0,DRUGLIKE_MAYBRIDGE
HighDiv_1842,HighDiv,CNCC1=C(Br)C(C(=O)C2=CNC=C2)=NN1C(=O)O,3/000000051,C11H11N4O3Br,327.0,0.12,4.12,-7.839,-0.7984698233378826,-0.48414666309735066,-0.6413082432176167,4.136342434648778,5.97,3.58,-20.0,HIGHDIVERSITY_LANAPDB
HighDiv_824,HighDiv,C=CCC1=C(CN)C(O)=CC(N2CCNC2=O)=C1,28/000000399,C13H18N3O2,248.0,0.22,4.23,-7.546,-0.47550361696323057,-0.8073073400856976,-0.6414054785244641,3.4525643490688376,5.13,15.6,-120.0,HIGHDIVERSITY_CONCAT
Druglike_1684,Druglike,NC(=O)NC1=CC(O)=CC=C1/C=C/CC(F)(F)CO,4/000000181,C12H14N2O3F2,272.0,0.68,4.03,-8.078,-1.0627149012807786,-0.22054460917170374,-0.6416297552262412,2.981953920900084,2.85,3.58,-190.0,DRUGLIKE_LANAPDB
HighDiv_1096,HighDiv,NC(N)NCCCCC1=CC(O)=CC(N2CCNC2=O)=C1,28/000000488,C14H21N5O2,291.0,0.17,4.05,-8.023,-1.0039937728490251,-0.2812061696985262,-0.6425999712737757,2.7181953805364714,3.17,18.7,-120.0,HIGHDIVERSITY_CONCAT
HighDiv_788,HighDiv,OC1=C(F)C=C(O)C(C2=NC(CS)=NO2)=C1,6/000000046,C9H7N2O3SF,242.0,1.88,4.25,-7.49,-0.41678248853147704,-0.8690718380766445,-0.6429271633040607,3.028094978844835,3.11,19.4,-140.0,HIGHDIVERSITY_CONCAT
Druglike_869,Druglike,OCCC#CCC1=CC(O)=CC(C2=NNN=C2)=C1,28/000000211,C13H13N3O2,243.0,2.43,4.07,-7.969,-0.945272644417269,-0.34076479276122423,-0.6430187185892466,3.042885840193099,4.08,19.6,-120.0,DRUGLIKE_CONCAT
Druglike_649,Druglike,OCC1=CC=C[C@@H](/C=C/C2=CN=C(CBr)C(Br)=C2)N1,13/000000029,C14H14N2OBr2,386.0,2.41,4.18,-7.676,-0.6223064380426195,-0.6639254697495711,-0.6431159538960953,4.272313552905414,5.96,2.35,-150.0,DRUGLIKE_CONCAT
HighDiv_860,HighDiv,CC1=C(SCS(=O)(=O)O)C=CC(N2C=NOC2)=C1O,14/000000001,C10H12N2O5S2,304.0,1.71,4.21,-7.595,-0.5342247453949867,-0.7532634043436196,-0.6437440748693031,3.94980012695647,7.69,20.3,-140.0,HIGHDIVERSITY_CONCAT
Druglike_1517,Druglike,CCC(=O)OCC1=CC=CC=C1O[C@H](CO)C(=O)O,20/000000065,C13H16O6,268.0,0.9,4.27,-7.432,-0.35806136009972356,-0.9330422109958392,-0.6455517855477814,2.684920949355119,8.94,3.58,-170.0,DRUGLIKE_LANAPDB
HighDiv_1428,HighDiv,C/C=C/C1=C(O)C(O)=CC(C(=O)CO)=C1,3/000000121,C11H12O4,208.0,0.84,4.23,-7.538,-0.47550361696323057,-0.8161308397986899,-0.6458172283809602,2.7600015803423776,1.55,3.58,-20.0,HIGHDIVERSITY_CRAFT
HighDiv_1817,HighDiv,CC(=O)C1=CNC=C1C(=O)C1=NC=C([N+](=O)[O-])N1,3/000000002,C10H8N4O4,248.0,0.07,4.15,-7.75,-0.7103881306902498,-0.5823080974043916,-0.6463481140473206,3.4235199785821813,6.05,3.58,-20.0,HIGHDIVERSITY_LANAPDB
Druglike_1584,Druglike,C[C@@H](CCN1C=C(/C=C/CN)C(CO)=C1)C1=NC=NO1,4/000000178,C14H20N4O2,276.0,0.27,4.16,-7.723,-0.681027566474373,-0.6120874089357411,-0.646557487705057,4.1335516598330635,2.8,3.58,-170.0,DRUGLIKE_LANAPDB
Druglike_718,Druglike,O=C1C=C[C@@H](/C(=C/C2=NC(Cl)=CN2)CF)N1,13/000000170,C10H9N3OFCl,241.0,0.8,4.15,-7.746,-0.7103881306902498,-0.5867198472608873,-0.6485539889755685,4.8127992385753835,3.86,2.22,-150.0,DRUGLIKE_CONCAT
HighDiv_1427,HighDiv,C=CC(=O)C1=CC(S)=C(O)C(O)=C1,3/000000102,C9H8O3S,196.0,1.72,4.23,-7.533,-0.47550361696323057,-0.82164552711931,-0.6485745720412703,3.1124954061174233,0.27,2.22,-20.0,HIGHDIVERSITY_CRAFT
HighDiv_1010,HighDiv,O=C1NCCN1C1=CC(CCI)=CC(O)=C1,28/000000250,C11H13N2O2I,332.0,1.8,4.11,-7.852,-0.8278303875537594,-0.4698084760637381,-0.6488194318087488,2.7711792445791,1.61,13.7,-140.0,HIGHDIVERSITY_CONCAT
Druglike_782,Druglike,OC1=CC(C2=NNN=C2)=CC(CCl)=C1,28/000000137,C9H8N3OCl,209.0,3.07,4.12,-7.825,-0.7984698233378826,-0.4995877875950876,-0.6490288054664851,2.7572678933844443,1.67,14.9,-120.0,DRUGLIKE_CONCAT
Druglike_1955,Druglike,C/C=C(\C1=NN=C(CNCC(=O)O)N1)[C@@H]1NC=NO1,27/000000009,C10H14N6O3,266.0,1.0,4.14,-7.771,-0.7397486949061292,-0.5591464106577866,-0.6494475527819579,4.694459706751568,6.05,23.4,-170.0,DRUGLIKE_MAYBRIDGE
Druglike_370,Druglike,OC/C=C/C[C@H](CO)C1=CC=CC(CO)=C1,17/000000015,C13H18O3,222.0,0.48,4.38,-7.131,-0.03509515372507148,-1.2650263876971786,-0.650060770711125,3.090580777036921,3.7,3.85,-150.0,DRUGLIKE_CONCAT
HighDiv_526,HighDiv,CSC[C@H](N)C#CC1=NC(I)=C([N+](=O)[O-])C=C1C(=O)O,23/000000118,C11H9N3O4SI,406.0,2.0,4.45,-6.944,0.17042879578607098,-1.4712756934883762,-0.6504234488511526,4.118453118850709,5.65,23.6,-170.0,HIGHDIVERSITY_CONCAT
Druglike_1495,Druglike,N[C@H](O)/C(=C/C1=NON=C1)C1=CC(O)=CC=C1,16/000000009,C11H11N3O3,233.0,1.4,4.32,-7.29,-0.2112585390203346,-1.0896593309014546,-0.6504589349608946,3.858612921990684,6.11,3.58,-150.0,DRUGLIKE_LANAPDB
HighDiv_1119,HighDiv,O=C(NCC1=NN=CNC1)C1=CC=C(I)C(Br)=C1,5/000000074,C11H10N4OBrI,421.0,3.44,4.04,-8.034,-1.0333543370649019,-0.26907385759316055,-0.6512140973290312,3.40226338979282,1.76,2.22,-20.0,HIGHDIVERSITY_CONCAT
HighDiv_2212,HighDiv,N=C1SC([C@H](O)CC#CC2=CSN=C2)=CN1CCl,27/000000591,C11H10N3OS2Cl,299.0,2.3,4.16,-7.714,-0.681027566474373,-0.6220138461128569,-0.651520706293615,4.723893157544758,3.24,2.35,-150.0,HIGHDIVERSITY_MAYBRIDGE
HighDiv_1839,HighDiv,C/C=C(\C)C1=C(O)C(O)=CC(F)=C1,12/000000008,C10H11O2F,182.0,2.34,4.12,-7.82,-0.7984698233378826,-0.5051024749157077,-0.6517861491267951,2.7116696142622203,2.7,2.22,-80.0,HIGHDIVERSITY_LANAPDB
Druglike_608,Druglike,O=C(O)CC1=C(CC2=CCC=C2)ON=C1O,3/000000244,C11H11NO4,221.0,0.69,4.2,-7.606,-0.5635853096108634,-0.741131092238255,-0.6523582009245592,3.6109946291944848,1.39,18.8,-60.0,DRUGLIKE_CONCAT
HighDiv_1676,HighDiv,OC/C=C\CC1=CC=C(SS)C(O)=C1I,24/000000087,C10H11O2S2I,354.0,3.25,4.53,-6.727,0.4053133095130902,-1.7106131232032946,-0.6526499068451022,3.740116608484968,4.33,2.22,0.0,HIGHDIVERSITY_LANAPDB
Druglike_1956,Druglike,C#CC1=C(C(=O)O)NC(C(=O)O)=C1,5/000000137,C8H4NO4,178.0,0.05,4.14,-7.765,-0.7397486949061292,-0.5657640354425312,-0.6527563651743302,3.0451135056649346,3.28,17.8,0.0,DRUGLIKE_MAYBRIDGE
Druglike_1008,Druglike,CCC1=CC([C@@H](C(=O)O)C2=CC(=O)OC2)=NC(O)=N1,29/000000002,C12H12N2O5,264.0,-0.29,4.01,-8.109,-1.1214360297125348,-0.18635354778385754,-0.6538947887481962,3.8571283458048224,4.04,2.22,-190.0,DRUGLIKE_CONCAT
Druglike_807,Druglike,CC(C)=CC1=C(C2=C(CO)C=NN2)NN=N1,23/000000065,C10H13N5O,219.0,0.63,4.11,-7.842,-0.8278303875537594,-0.48083785070497936,-0.6543341191293693,3.5923361676560237,3.44,21.4,-160.0,DRUGLIKE_CONCAT
Druglike_1227,Druglike,O=C(O)C1=NN(C(=O)CC2=NN=CN2)C=N1,30/000000001,C7H6N6O3,222.0,0.01,4.3,-7.336,-0.2699796674520907,-1.0389242075517482,-0.6544519375019194,3.686920783040639,0.39,2.22,-60.0,DRUGLIKE_CRAFT
HighDiv_370,HighDiv,O=C(O)CC1=NNC(C2=NC(CCS)=C(CCl)C=C2I)=N1,4/000000231,C12H12N4O2SClI,438.0,2.82,4.59,-6.564,0.5814766948083533,-1.8903919298555152,-0.654457617523581,3.5831330103525927,6.65,23.4,-120.0,HIGHDIVERSITY_CONCAT
Druglike_2073,Druglike,CCCNCCOC(=O)C#CC1=CC(O)=CC=C1[C@H](N)O,1/000000186,C15H21N2O4,293.0,1.26,4.0,-8.134,-1.1507965939284115,-0.15878011118075588,-0.6547883525545837,4.513760219202987,4.45,19.2,-200.0,DRUGLIKE_MAYBRIDGE
HighDiv_1892,HighDiv,O=C(O)C1=C(OCCO)C(O)=CC(C2=NOC=C2)=N1,20/000000011,C11H10N2O6,266.0,-0.06,4.04,-8.025,-1.0333543370649019,-0.2790002947702774,-0.6561773159175897,2.948420206224082,4.34,19.2,-140.0,HIGHDIVERSITY_LANAPDB
Druglike_1330,Druglike,C=CCCC(=O)C1=NC=C([C@H](Br)C2=C(C(=O)O)C=CO2)C=N1,12/000000165,C15H12N2O4Br,364.0,0.34,4.05,-7.998,-1.0039937728490251,-0.3087796063016269,-0.656386689575326,3.670010286870303,6.51,22.1,-150.0,DRUGLIKE_CRAFT
HighDiv_671,HighDiv,N[C@@H](COC(=O)C1=CC(N=O)=C(Br)C(S)=C1)C(=O)O,12/000000433,C10H9N2O5SBr,349.0,1.38,4.34,-7.226,-0.15253741058858108,-1.160247328605394,-0.6563923695969875,3.594884322136184,3.99,21.4,-190.0,HIGHDIVERSITY_CONCAT
HighDiv_2295,HighDiv,C=CC1=CC(NC(N)=O)=CC2=C1NC(O)=N2,12/000000037,C10H10N4O2,218.0,0.29,4.05,-7.997,-1.0039937728490251,-0.3098825437657513,-0.6569381583073882,3.111634489334346,0.86,15.9,-100.0,HIGHDIVERSITY_MAYBRIDGE
HighDiv_1112,HighDiv,C=CC1=NN=C([C@H](S)/C=C/C2=NC(CCl)=NN2CC)N1,8/000000021,C12H15N6SCl,310.0,2.99,4.04,-8.022,-1.0333543370649019,-0.2823091071626496,-0.6578317221137757,4.710010075102005,2.18,4.94,-170.0,HIGHDIVERSITY_CONCAT
HighDiv_2246,HighDiv,O=C(CCN1C=CNC1=O)OCC1=CC(Br)=C(I)C=C1S,16/000000017,C13H12N2O3SBrI,483.0,3.37,4.1,-7.862,-0.8571909517696387,-0.45877910142249784,-0.6579850265960683,3.235310463933496,3.5,3.72,0.0,HIGHDIVERSITY_MAYBRIDGE
HighDiv_1662,HighDiv,C=CNCC1=C(S)C=C(S)C(C(=O)O)=C1,10/000000070,C10H11NO2S2,241.0,2.64,4.63,-6.451,0.6989189516718629,-2.015023863301533,-0.6580524558148351,3.5802823495731477,6.43,15.6,0.0,HIGHDIVERSITY_LANAPDB
HighDiv_732,HighDiv,O=C(O)C1=CC(C(=O)O)=C([N+](=O)[O-])O1,3/000000146,C6H3NO7,201.0,-0.07,4.28,-7.382,-0.3287007958838442,-0.9881890842020424,-0.6584449400429433,2.785292124153676,4.95,2.74,0.0,HIGHDIVERSITY_CONCAT
Druglike_1642,Druglike,CCCC1=CC(C2=CN=C(CN)N2)=C(CO)N1,4/000000213,C12H18N4O,234.0,-0.19,4.09,-7.886,-0.8865515159855155,-0.4323086022835206,-0.659430059134518,3.1731377356867103,4.82,18.1,-160.0,DRUGLIKE_LANAPDB
Druglike_923,Druglike,O=C(O)C#CC1=CC=C(C2=CNC=NC2)C=C1I,26/000000057,C13H9N2O2I,352.0,3.08,4.05,-7.992,-1.0039937728490251,-0.3153972310863714,-0.6596955019676982,3.673221760833544,7.23,19.4,-161.0,DRUGLIKE_CONCAT
HighDiv_846,HighDiv,C/C=C/CCNCC1=CC(C/C=C/CNN)=CC=C1I,5/000000019,C16H24N3I,385.0,3.33,4.21,-7.566,-0.5342247453949867,-0.7852485908032171,-0.6597366680991019,3.265225107132329,5.15,5.09,-31.0,HIGHDIVERSITY_CONCAT
HighDiv_2192,HighDiv,NOC1=C(C2=CNC=N2)C=C(O)C=C1F,27/000000044,C9H8N3O2F,209.0,0.52,4.18,-7.645,-0.6223064380426195,-0.6981165311374173,-0.6602114845900184,3.394310041880839,2.66,15.6,-120.0,HIGHDIVERSITY_MAYBRIDGE
Druglike_777,Druglike,O=C(C1=NC=C(O)C(CBr)=C1)C1=NOC(=O)N1,10/000000003,C9H6N3O4Br,300.0,0.78,4.13,-7.777,-0.7691092591220059,-0.5525287858730421,-0.660819022497524,3.604540558927299,0.95,2.22,-60.0,DRUGLIKE_CONCAT
HighDiv_2268,HighDiv,O=C(CCC1=CNNC1=O)OCC1=CC(Br)=C(I)C=C1S,16/000000018,C13H12N2O3SBrI,483.0,3.78,4.08,-7.909,-0.9159120802013923,-0.4069410406086678,-0.66142656040503,3.424432214596626,4.19,3.72,-2.0,HIGHDIVERSITY_MAYBRIDGE
Druglike_1861,Druglike,NCC1=CC=CC(C2=C(/C=C/CCO)N=CN2)=N1,13/000000020,C13H16N4O,244.0,0.24,4.31,-7.296,-0.24061910323621394,-1.0830417061167101,-0.661830404676462,3.0970029999564126,3.26,16.3,-160.0,DRUGLIKE_MAYBRIDGE
HighDiv_1028,HighDiv,C=C[C@@H](C#CC1=CC(O)=CC(O)=C1)S(=O)(=O)O,23/000000094,C11H10O5S,254.0,0.78,4.1,-7.853,-0.8571909517696387,-0.46870553859961467,-0.6629482451846267,3.8615419604522216,4.26,18.3,-150.0,HIGHDIVERSITY_CONCAT
Druglike_2022,Druglike,O=C(O)C1=CC(=O)C(CO)=C(C2=NN=CO2)N1,15/000000269,C9H6N3O5,236.0,-0.39,4.06,-7.958,-0.9746332086331483,-0.35289710486658893,-0.6637651567498686,3.1681245196474297,4.36,23.2,-120.0,DRUGLIKE_MAYBRIDGE
HighDiv_568,HighDiv,CCCCCOC(=O)C1=CC(CN)=C(Br)C(ON)=C1,12/000001355,C13H19N2O3Br,331.0,1.91,4.41,-7.026,0.052986538922561374,-1.3808348214302042,-0.6639241412538214,2.5670273458913826,3.87,15.7,-60.0,HIGHDIVERSITY_CONCAT
Druglike_1325,Druglike,CCN1CC(C2=CC(Br)=CC=C2O)=C(CN)C1=O,6/000000005,C13H16N2O2Br,312.0,1.3,4.06,-7.955,-0.9746332086331483,-0.35620591725896117,-0.6654195629460548,3.386417937765856,6.69,2.22,-140.0,DRUGLIKE_CRAFT
HighDiv_1067,HighDiv,O=C(O)C[C@@H](C#CC1=CC=CC(Cl)=C1Cl)CO,19/000000001,C12H10O3Cl2,272.0,2.68,4.07,-7.926,-0.945272644417269,-0.3881911037185586,-0.6667318740679138,3.313358281522457,5.03,16.8,-150.0,HIGHDIVERSITY_CONCAT
Druglike_1485,Druglike,CCN(CO)CC#C[C@@H](C(=O)O)C1=CC=NN1,20/000000103,C11H15N3O3,237.0,0.22,4.35,-7.18,-0.12317684637270433,-1.2109824519551007,-0.6670796491639025,3.994510405624072,2.11,3.58,-190.0,DRUGLIKE_LANAPDB
HighDiv_1171,HighDiv,COC[C@@H](C#CC1=CC(CC(=O)O)=CC(O)=C1)OCN,23/000000006,C14H17NO5,279.0,0.69,4.01,-8.085,-1.1214360297125348,-0.2128240469228338,-0.6671300383176842,3.60529522994716,4.22,18.4,-170.0,HIGHDIVERSITY_CONCAT
HighDiv_1160,HighDiv,NC(=O)C1=CC=C(C#CCO)C(Cl)=C1Cl,19/000000002,C10H7NO2Cl2,243.0,2.0,4.02,-8.058,-1.092075465496658,-0.24260335845418426,-0.6673394119754211,2.6570935034193006,3.44,15.8,0.0,HIGHDIVERSITY_CONCAT
HighDiv_1852,HighDiv,NOC(=O)N1C(C2=CN=CN2)=CN=C1CC1=CC=CC=C1,1/000000013,C14H13N5O2,283.0,-0.2,4.1,-7.845,-0.8571909517696387,-0.47752903831260707,-0.6673599950411229,2.9478996103438977,1.58,21.8,-140.0,HIGHDIVERSITY_LANAPDB
Druglike_958,Druglike,O=C(NCC#CCO)C1=NC=NC(C2=NON=C2)=C1,6/000000034,C11H9N5O3,259.0,-0.12,4.04,-8.004,-1.0333543370649019,-0.3021619815168833,-0.6677581592908926,3.35666628618186,3.57,23.0,-160.0,DRUGLIKE_CONCAT
HighDiv_1002,HighDiv,COCC(=O)C1=CC(OCC(N)=S)=C(Br)C(O)=C1,12/000000714,C11H12NO4SBr,334.0,0.87,4.12,-7.79,-0.7984698233378826,-0.5381905988394295,-0.6683302110886561,2.674479849068838,3.94,3.58,-20.0,HIGHDIVERSITY_CONCAT
HighDiv_2270,HighDiv,OCC#CC1=CC=C(N2C=NN=C2S)C=C1,14/000000005,C11H9N3OS,231.0,3.16,4.07,-7.923,-0.945272644417269,-0.3914999161109308,-0.6683862802640999,2.8430976392279312,3.78,17.9,-120.0,HIGHDIVERSITY_MAYBRIDGE
HighDiv_933,HighDiv,O=C1NCCN1C1=CC(O)=C(CCl)C(CO)=C1,28/000000358,C11H13N2O3Cl,256.0,0.09,4.15,-7.71,-0.7103881306902498,-0.6264255959693537,-0.6684068633298017,2.8246397405966945,3.95,14.9,-120.0,HIGHDIVERSITY_CONCAT
HighDiv_856,HighDiv,NNC/C=C/C(=O)C1=CC(N=O)=C(Br)C=C1,12/000000131,C10H10N3O2Br,284.0,1.47,4.21,-7.55,-0.5342247453949867,-0.8028955902292019,-0.6685601678120943,3.233921202621059,4.02,3.85,-40.0,HIGHDIVERSITY_CONCAT
HighDiv_1757,HighDiv,OC1=C(I)C(/C=C\C/C=C/C2=CNN=C2)=CC=C1SS,24/000000070,C14H13N2OS2I,416.0,4.96,4.3,-7.309,-0.2699796674520907,-1.0687035190830976,-0.6693415932675941,3.8730081030837464,0.57,3.85,-60.0,HIGHDIVERSITY_LANAPDB
Druglike_1646,Druglike,NC1=CC=C(C2=CCC=C(CO)O2)C=C1CO,13/000000004,C13H15NO3,233.0,0.71,4.09,-7.868,-0.8865515159855155,-0.4521614766377533,-0.6693564963116344,3.265638697225172,2.85,2.22,-160.0,DRUGLIKE_LANAPDB
HighDiv_2290,HighDiv,C=CN[C@H](C(=O)O)C1=CC=C(COS(N)(=O)=O)C(Cl)=C1,27/000000572,C11H13N2O5SCl,320.0,0.37,4.06,-7.947,-0.9746332086331483,-0.3650294169719536,-0.6698313128025509,3.3998899838724803,5.83,3.58,-150.0,HIGHDIVERSITY_MAYBRIDGE
HighDiv_807,HighDiv,NOC1=CC(C(=O)O)=C(N=O)C=C1Br,12/000001150,C7H5N2O4Br,261.0,0.51,4.24,-7.467,-0.4461430527473538,-0.8944393997514982,-0.670291226249426,3.049540460952013,5.65,14.9,0.0,HIGHDIVERSITY_CONCAT
Druglike_415,Druglike,C/C=C\CCC1=NC(CO)=C[C@@H](C(=O)O)N1,18/000000004,C11H16N2O3,224.0,-0.34,4.35,-7.173,-0.12317684637270433,-1.2187030142039685,-0.6709399302883364,4.326144203610349,3.4,16.7,-170.0,DRUGLIKE_CONCAT
HighDiv_2276,HighDiv,O=N[C@H](CF)C1=NC2=C(C=C1C(=O)O)OC(CC(=O)O)=N2,22/000000030,C11H8N3O6F,297.0,-0.17,4.07,-7.918,-0.945272644417269,-0.397014603431551,-0.67114362392441,3.927332926169342,6.17,24.9,-190.0,HIGHDIVERSITY_MAYBRIDGE
HighDiv_763,HighDiv,CNC/C=C(\CCCl)C(=O)C1=C(O)C=C(Br)C(N=O)=C1,12/000000494,C13H14N2O3ClBr,361.0,2.42,4.27,-7.385,-0.35806136009972356,-0.9848802718096702,-0.6714708159546969,3.6281311800068217,4.2,3.7,-80.0,HIGHDIVERSITY_CONCAT
Druglike_1647,Druglike,NCC1=C(C2=CN=C(CCCCCCl)N2)C=C(CO)N1,4/000000215,C14H21N4OCl,296.0,0.87,4.09,-7.864,-0.8865515159855155,-0.45657322649425,-0.6715623712398827,3.1945465646222067,2.71,21.0,-100.0,DRUGLIKE_LANAPDB
Druglike_1627,Druglike,N[C@@H](/C=C/C1=NNC=C1C(=O)O)C1=CCNN1,16/000000013,C10H13N5O2,235.0,0.34,4.11,-7.81,-0.8278303875537594,-0.516131849556949,-0.6719811185553541,4.7953225373752995,2.85,3.58,-150.0,DRUGLIKE_LANAPDB
HighDiv_1897,HighDiv,[O-][S@@+](C1=CN=CC=C1)C1=CC(O)=C(I)C=C1O,12/000000059,C11H8NO3SI,361.0,1.19,4.04,-7.996,-1.0333543370649019,-0.31098548122987474,-0.6721699091473883,3.567933973545512,2.9,13.9,0.0,HIGHDIVERSITY_LANAPDB
Druglike_1318,Druglike,OCN[C@@]1(C2=CN=CN2)C=C(/C=C/C2=CC=NO2)C1,20/000000001,C13H14N4O2,258.0,-0.05,4.07,-7.916,-0.945272644417269,-0.39922047835979885,-0.6722465613885339,4.477042923534785,3.43,22.9,-190.0,DRUGLIKE_CRAFT
Druglike_858,Druglike,O=C1NNC=C1C1=CC(CO)=CC(O)=C1,28/000000007,C10H10N2O3,206.0,0.63,4.08,-7.888,-0.9159120802013923,-0.4301027273552728,-0.6730074037783325,2.834104547375345,2.12,2.22,-120.0,DRUGLIKE_CONCAT
HighDiv_733,HighDiv,C=CCN(N)C/C=C/CC1=CC=C(I)C(CN)=C1,5/000000026,C14H20N3I,357.0,1.88,4.28,-7.354,-0.3287007958838442,-1.0190713331975154,-0.6738860645406798,3.3960609644534534,0.82,3.85,0.0,HIGHDIVERSITY_CONCAT
HighDiv_676,HighDiv,O=C(CC=S)[C@H](CCO)CCC1=C(Cl)C(Cl)=CC=C1O,19/000000007,C14H16O3SCl2,334.0,2.46,4.34,-7.194,-0.15253741058858108,-1.1955413274573636,-0.6740393690229723,3.641893225285155,4.32,5.09,-170.0,HIGHDIVERSITY_CONCAT
HighDiv_881,HighDiv,NCC1=CC(C2=CC(O)=C(F)C=C2N=O)=C(CO)N1,6/000000150,C12H13N3O3F,266.0,0.3,4.19,-7.593,-0.5929458738267401,-0.7554692792718675,-0.6742075765493039,4.054743322222743,5.27,20.5,-120.0,HIGHDIVERSITY_CONCAT
Druglike_2027,Druglike,C=C(C1=NNC(CC(=O)O)=N1)[C@H](Cl)C1=NC=C(O)C=C1Br,20/000000001,C12H10N4O3ClBr,373.0,1.31,4.05,-7.965,-1.0039937728490251,-0.3451765426177209,-0.674585157733373,3.960077865440596,8.36,23.1,-150.0,DRUGLIKE_MAYBRIDGE
Druglike_1353,Druglike,NCCC1=CC=C(C/C=C\C2=CC[C@@H](CO)O2)C(O)=C1,4/000000102,C16H22NO3,276.0,1.33,4.02,-8.044,-1.092075465496658,-0.2580444829519203,-0.6750599742242891,4.218457732707558,8.18,3.58,-150.0,DRUGLIKE_CRAFT
Druglike_678,Druglike,NC1=CC=C(OCC2=CN=CN2)C=C1/C=C/CNCCO,27/000000050,C15H20N4O2,288.0,0.19,4.17,-7.643,-0.6516670022584963,-0.7003224060656652,-0.6759947041620807,2.7793782988684868,3.2,3.58,0.0,DRUGLIKE_CONCAT
Druglike_845,Druglike,CC/C=C/CN1C=CC(CO)=C1C1=NN=NN1,7/000000032,C11H15N5O,233.0,0.57,4.09,-7.855,-0.8865515159855155,-0.4664996636713658,-0.6765255898284407,3.4500995488735224,4.2,5.09,-100.0,DRUGLIKE_CONCAT
HighDiv_1377,HighDiv,OC[C@H](/C=C/C1=NC(Cl)=CN1)N1CCNC1=S,29/000000001,C10H13N4OSCl,272.0,1.08,4.33,-7.216,-0.18189797480445782,-1.1712767032466342,-0.676587339025546,4.634949460452223,1.88,3.85,-150.0,HIGHDIVERSITY_CRAFT
HighDiv_1117,HighDiv,O=C(O)CC1=NNC(C2=NC=C(C(=O)CO)C=C2I)=N1,4/000000011,C11H9N4O4I,388.0,0.35,4.04,-7.987,-1.0333543370649019,-0.32091191840699157,-0.6771331277359467,3.1697997114753527,7.93,22.0,-120.0,HIGHDIVERSITY_CONCAT
HighDiv_2306,HighDiv,O=C(CS)OC/C=C\C/C=C/C1=C(O)C(F)=CC(F)=C1,1/000000017,C14H14O3SF2,300.0,3.36,4.03,-8.013,-1.0627149012807786,-0.29223554433976645,-0.6774752228102725,3.087367263922906,-0.4,3.58,0.0,HIGHDIVERSITY_MAYBRIDGE
Druglike_798,Druglike,C/C=C/C(=O)CC(=O)C1=C(CC(=O)O)C(O)=NO1,3/000000006,C11H11NO6,253.0,-0.11,4.11,-7.8,-0.8278303875537594,-0.5271612241981892,-0.6774958058759744,3.3301500413765304,-0.38,2.35,-140.0,DRUGLIKE_CONCAT
Druglike_1995,Druglike,C[C@@H](N)/C=C/C1=C(C(=O)O)NC(C(=O)O)=C1,5/000000036,C10H12N2O4,224.0,-0.2,4.09,-7.852,-0.8865515159855155,-0.4698084760637381,-0.6781799960246269,4.104988908905054,5.56,18.6,-170.0,DRUGLIKE_MAYBRIDGE
HighDiv_1180,HighDiv,O=NCCC(=O)C1=CC(O)=CC(N2CCNC2=O)=C1,28/000000289,C12H13N3O4,263.0,-0.27,4.01,-8.063,-1.1214360297125348,-0.23708867113356316,-0.6792623504230489,2.885652717109423,1.64,3.58,-120.0,HIGHDIVERSITY_CONCAT
Druglike_440,Druglike,CC(C)=CC1=C(C2=C(CO)C=NN2)N(CF)N=N1,23/000000142,C11H14N5OF,251.0,0.7,4.31,-7.264,-0.24061910323621394,-1.1183357049686797,-0.6794774041024468,3.605647425991916,4.46,24.7,-160.0,DRUGLIKE_CONCAT
Druglike_819,Druglike,CCC#CC1=C(I)N=C([C@@H](O)CCC2=NNN=C2)C=C1,26/000000124,C14H15N4OI,382.0,3.73,4.1,-7.823,-0.8571909517696387,-0.5017936625233355,-0.6794923071464871,3.955997813679218,3.92,21.9,-170.0,DRUGLIKE_CONCAT
HighDiv_1026,HighDiv,CNC/C=C(\CNCF)C(=O)C1=CC(N=O)=C(Br)C=C1O,12/000001054,C13H15N3O3FBr,360.0,1.38,4.1,-7.823,-0.8571909517696387,-0.5017936625233355,-0.6794923071464871,3.846303539460509,4.87,3.7,-110.0,HIGHDIVERSITY_CONCAT
HighDiv_2175,HighDiv,C=CCC1=CN[C@H](/C=C(\C(=O)O)C2=CN(C)N=C2)C=N1,27/000000114,C14H15N4O2,271.0,0.49,4.2,-7.556,-0.5635853096108634,-0.7962779654444573,-0.6799316375276603,4.4620452399371695,3.26,3.7,-170.0,HIGHDIVERSITY_MAYBRIDGE
Druglike_717,Druglike,CC[C@@H](CNC1=CC(O)=CC=C1CN)C1=NN=CO1,11/000000001,C13H18N4O2,262.0,1.83,4.15,-7.689,-0.7103881306902498,-0.6495872827159586,-0.6799877067031042,3.4817879118797723,6.2,2.22,-170.0,DRUGLIKE_CONCAT
HighDiv_1037,HighDiv,NOC1=CC(C(=O)O)=CC(/C=C/CCO)=C1Br,12/000000158,C11H12NO4Br,302.0,0.92,4.1,-7.821,-0.8571909517696387,-0.5039995374515843,-0.6805952446106115,3.025726113613132,4.38,15.3,0.0,HIGHDIVERSITY_CONCAT
HighDiv_605,HighDiv,CN[C@@H](N)C(=O)C1=CC(N=O)=C(Br)C=C1N=O,12/000000117,C9H9N4O3Br,301.0,0.49,4.39,-7.046,-0.0057345895091947315,-1.3587760721477227,-0.6822553308284587,4.238341960452223,4.8,2.48,-170.0,HIGHDIVERSITY_CONCAT
Druglike_1319,Druglike,CCCNCCC1=NC(CO)=C(C2=NNC(=O)C=C2)O1,15/000000258,C13H19N4O3,279.0,-0.02,4.07,-7.896,-0.945272644417269,-0.4212792276422803,-0.6832759360297747,4.000477738711275,4.46,23.6,-140.0,DRUGLIKE_CRAFT
HighDiv_2190,HighDiv,N=C1NC=C([C@H](O)CC#CC2=CC=CN2)S1,27/000000536,C11H11N3OS,233.0,1.5,4.18,-7.599,-0.6223064380426195,-0.748851654487123,-0.6855790462648712,4.600884322187422,4.41,2.22,-150.0,HIGHDIVERSITY_MAYBRIDGE
Druglike_976,Druglike,CCCNC/C=C/C1=CC(CO)=C(C2=NN=NN2)N1,7/000000087,C12H18N6O,262.0,-0.01,4.03,-7.998,-1.0627149012807786,-0.3087796063016269,-0.6857472537912027,3.545381810657384,3.01,24.0,-100.0,DRUGLIKE_CONCAT
HighDiv_1749,HighDiv,C=CCOC1=CN=C(C(=O)O)C(OCC)=C1O,20/000000001,C11H13NO5,239.0,0.94,4.32,-7.225,-0.2112585390203346,-1.1613502660695183,-0.6863044025449264,2.715566247392397,1.19,14.6,-60.0,HIGHDIVERSITY_LANAPDB
HighDiv_891,HighDiv,O=NC1=CC(C(=O)O)=CC(S)=C1Br,12/000000084,C7H4NO3SBr,262.0,2.35,4.19,-7.571,-0.5929458738267401,-0.7797339034825969,-0.6863398886546686,3.2478293427690073,4.87,14.8,0.0,HIGHDIVERSITY_CONCAT
Druglike_1965,Druglike,O=C1C=C(/C=C/CO)NC(C2=NN=CO2)=C1CO,15/000000323,C11H11N3O4,249.0,0.23,4.14,-7.703,-0.7397486949061292,-0.6341461582182216,-0.6869474265621753,3.5544407653584305,2.92,23.2,-120.0,DRUGLIKE_MAYBRIDGE
Druglike_1655,Druglike,O=C1C=C([C@H](C#CC2=NN=CN2)CCO)C1=O,3/000000001,C11H9N3O3,231.0,0.31,4.07,-7.889,-0.945272644417269,-0.42899978989114834,-0.6871362171542087,4.517978306606068,7.07,22.0,-150.0,DRUGLIKE_LANAPDB
Druglike_1329,Druglike,NCCCCC1=C(C(=O)[C@H]2C=C(CO)C=CC2)C=CC=C1O,19/000000005,C18H24NO3,302.0,0.99,4.05,-7.941,-1.0039937728490251,-0.37164704175669816,-0.6878204073028616,4.133458189892716,4.75,3.72,-150.0,DRUGLIKE_CRAFT
HighDiv_1016,HighDiv,NCOCCSCCC1=CC(O)=CC(N2CCNC2=O)=C1,28/000000310,C14H21N3O3S,311.0,0.64,4.11,-7.781,-0.8278303875537594,-0.5481170360165464,-0.6879737117851529,3.0015805435090925,2.94,18.9,-120.0,HIGHDIVERSITY_CONCAT
HighDiv_2263,HighDiv,CC/C=C(/CCS)C1=NC(/C=C/C2=C(I)N=CC=C2S)=NO1,30/000000190,C15H16N3OS2I,445.0,4.45,4.09,-7.834,-0.8865515159855155,-0.48966135041797176,-0.6881064332017437,4.088778444035392,4.33,5.24,-20.0,HIGHDIVERSITY_MAYBRIDGE
Druglike_1459,Druglike,C[C@H](Cl)CN1C=CC(C(=O)O)=C1C#CCO,6/000000046,C11H12NO3Cl,241.0,1.58,4.48,-6.794,0.25851048843370383,-1.6367163131069842,-0.6891029123366401,3.732176769881286,6.64,3.85,-170.0,DRUGLIKE_LANAPDB
HighDiv_818,HighDiv,O=C1NCCN1C1=CC=C(O)C(O)=C1,28/000000039,C9H10N2O3,194.0,0.04,4.23,-7.459,-0.47550361696323057,-0.9032628994644907,-0.6893832582138606,2.2728462661655104,0.93,12.0,-120.0,HIGHDIVERSITY_CONCAT
Druglike_2061,Druglike,O=C1NC(=O)C2=C1C=C(I)C=C2O,6/000000009,C8H4NO3I,289.0,1.65,4.02,-8.018,-1.092075465496658,-0.28672085701914535,-0.6893981612579017,2.799581288470364,2.41,2.22,-40.0,DRUGLIKE_MAYBRIDGE
HighDiv_433,HighDiv,NCC/C=C(\CCN)C(=O)C1=C(O)C=C(Br)C(N=O)=C1,12/000001023,C13H16N3O3Br,342.0,0.65,4.54,-6.633,0.43467387372896693,-1.8142892448309558,-0.6898076855509945,3.537172205647847,3.5,3.7,-40.0,HIGHDIVERSITY_CONCAT
HighDiv_968,HighDiv,CCCC#C[C@H](F)C1=C(CN)N=C(C(=O)O)O1,3/000000134,C11H13N2O3F,240.0,0.31,4.14,-7.697,-0.7397486949061292,-0.6407637830029662,-0.6902562389545477,4.1450937330274735,6.19,22.1,-170.0,HIGHDIVERSITY_CONCAT
HighDiv_833,HighDiv,OCC/C=C/C1=CC2=C(NC=C2)C(S)=C1O,20/000000054,C12H13NO2S,235.0,2.1,4.22,-7.483,-0.5048641811791099,-0.8767924003255134,-0.6908282907523117,3.3078684753483323,3.93,14.7,-40.0,HIGHDIVERSITY_CONCAT
HighDiv_1046,HighDiv,NOC/C=C/[C@@H](/C=C/C1=C(F)C=CC(Br)=C1N)C1=NN=CO1,16/000000003,C14H14N4O2FBr,369.0,2.79,4.09,-7.828,-0.8865515159855155,-0.49627897520271536,-0.6914152455941154,4.283740323887753,3.72,5.09,-170.0,HIGHDIVERSITY_CONCAT
HighDiv_2233,HighDiv,CC(=O)NC1=C(Br)C=C(CC#CCO)C(S)=C1,16/000000019,C12H12NO2SBr,314.0,2.12,4.12,-7.748,-0.7984698233378826,-0.5845139723326395,-0.6914918978352611,3.1175020333455734,6.62,3.85,-20.0,HIGHDIVERSITY_MAYBRIDGE
HighDiv_1128,HighDiv,C=C(CNCS(N)(=O)=O)C(=O)C1=CC(N=O)=C(Br)C=C1O,12/000001021,C11H13N3O5SBr,379.0,-0.09,4.04,-7.96,-1.0333543370649019,-0.35069122993834106,-0.6920227835016215,4.177894809243359,1.32,3.7,-70.0,HIGHDIVERSITY_CONCAT
HighDiv_2159,HighDiv,CS[C@@H](CCO)C1=NN=C(/C=C/C2=C(I)N=CC=C2S)N1,30/000000026,C13H15N4OS2I,434.0,3.82,4.24,-7.427,-0.4461430527473538,-0.9385568983164603,-0.692349975531907,4.547712793046443,9.15,23.6,-170.0,HIGHDIVERSITY_MAYBRIDGE
HighDiv_1043,HighDiv,O=C1NCCN1C1=CC(O)=CC(CBr)=C1,28/000000037,C10H11N2O2Br,271.0,1.24,4.09,-7.826,-0.8865515159855155,-0.49848485013096416,-0.6925181830582399,2.6205737781445766,2.04,13.1,-120.0,HIGHDIVERSITY_CONCAT
Druglike_710,Druglike,O=C(O)C1=CNC(C2=NN=CN2)=C1C(=O)O,9/000000015,C8H6N4O4,222.0,0.88,4.15,-7.664,-0.7103881306902498,-0.6771607193190602,-0.6937744250046549,3.3270774963273526,7.97,3.58,-80.0,DRUGLIKE_CONCAT
Druglike_1905,Druglike,O=C(O)CCNC(=O)C1=CC=C(O)C=C1O,27/000000082,C10H11NO5,225.0,0.16,4.23,-7.451,-0.47550361696323057,-0.912086399177483,-0.6937950080703568,1.862930228478923,4.67,3.58,0.0,DRUGLIKE_MAYBRIDGE
Druglike_1694,Druglike,O=C(O)[C@@H](C#CCCl)C1=CCC=CN1,20/000000088,C10H10NO2Cl,211.0,1.58,4.03,-7.982,-1.0627149012807786,-0.3264266057276117,-0.6945707535041952,4.660632177321556,2.41,2.22,-150.0,DRUGLIKE_LANAPDB
HighDiv_925,HighDiv,C=CC[C@@H](C#CC1=CC(O)=CC=C1)CN,23/000000126,C13H15NO,201.0,2.2,4.16,-7.635,-0.681027566474373,-0.7091459057786577,-0.6950867361265154,3.5017977281848136,3.61,13.0,-150.0,HIGHDIVERSITY_CONCAT
Druglike_1250,Druglike,C=C[C@@H](CCC1=C(C(=O)NCCO)OC(Br)=C1)C1=NOC=C1,6/000000020,C15H17N2O4Br,369.0,1.46,4.21,-7.5,-0.5342247453949867,-0.8580424634354041,-0.6961336044151953,3.881308562101153,4.11,5.24,-150.0,DRUGLIKE_CRAFT
HighDiv_1188,HighDiv,NC/C(=C\CS)C1=NOC(C2=CC(O)=C(F)C=C2O)=N1,6/000000009,C12H13N3O3SF,298.0,1.53,4.0,-8.059,-1.1507965939284115,-0.24150042099006083,-0.6961485074592362,3.928996914272557,1.43,23.6,-180.0,HIGHDIVERSITY_CONCAT
Druglike_1259,Druglike,O=C1NN=C(C2=C(CO)N=CO2)C=C1CCBr,15/000000156,C10H10N3O3Br,300.0,0.6,4.17,-7.606,-0.6516670022584963,-0.741131092238255,-0.6963990472483756,3.324404081840556,2.03,22.1,-140.0,DRUGLIKE_CRAFT
HighDiv_597,HighDiv,NOC1=C(Br)C(CS)=CC(C(=O)O)=C1,12/000001114,C8H8NO3SBr,278.0,1.34,4.4,-6.993,0.023625974706684625,-1.4172317577462974,-0.6968028915198063,3.007713849725402,5.6,13.8,0.0,HIGHDIVERSITY_CONCAT
HighDiv_576,HighDiv,NOC1=C(Br)C(S)=CC(C(=O)O)=C1,12/000001111,C7H6NO3SBr,264.0,1.35,4.41,-6.963,0.052986538922561374,-1.4503198816700191,-0.6986666713737288,3.1372759491038487,5.07,13.2,0.0,HIGHDIVERSITY_CONCAT
HighDiv_740,HighDiv,NCC/C=C(\CN)C(=O)C1=CC(N=O)=C(Br)C=C1O,12/000000470,C12H15N3O3Br,329.0,0.49,4.28,-7.309,-0.3287007958838442,-1.0687035190830976,-0.6987021574834709,3.985650753479269,3.84,2.35,-40.0,HIGHDIVERSITY_CONCAT
Druglike_358,Druglike,CC[C@H](O)C1=NC(O)=NC=C1C(=O)O,29/000000094,C8H10N2O4,198.0,-0.17,4.39,-7.016,-0.0057345895091947315,-1.3918641960714444,-0.6987993927903196,3.441338334366174,4.89,11.8,-170.0,DRUGLIKE_CONCAT
Druglike_734,Druglike,CC(=O)/C=C/CC1=NC(O)=NC=C1C(=O)O,29/000000137,C10H10N2O4,222.0,0.01,4.14,-7.681,-0.7397486949061292,-0.658410782428951,-0.69907973866754,3.185328081788403,5.23,3.85,-20.0,DRUGLIKE_CONCAT
Druglike_1326,Druglike,CCCCC/C=C/[C@H](CO)C1=CC(F)=CC=C1O,13/000000020,C15H21O2F,252.0,3.16,4.06,-7.893,-0.9746332086331483,-0.4245880400346526,-0.6996106243339004,3.0528148046035817,1.92,3.72,-170.0,DRUGLIKE_CRAFT
HighDiv_895,HighDiv,NCC1=C(N2C=NC(CBr)=CC2)C=C(S)C(O)=C1,14/000000006,C12H14N3OSBr,328.0,2.21,4.18,-7.573,-0.6223064380426195,-0.7775280285543481,-0.6999172332984838,4.021610810607299,2.68,17.7,-160.0,HIGHDIVERSITY_CONCAT
Druglike_963,Druglike,CCN1C(C2=NC=C(C(=O)O)C(Br)=C2)=NN(CCCN)C1=O,7/000000069,C13H16N5O3Br,370.0,1.08,4.03,-7.972,-1.0627149012807786,-0.33745598036885194,-0.7000854408248153,2.8291087418021412,5.64,21.8,-140.0,DRUGLIKE_CONCAT
HighDiv_1578,HighDiv,CCCNC(=O)C#CC1=C(O)C(O)=CN=C1,1/000000381,C11H12N2O3,220.0,0.8,4.0,-8.05,-1.1507965939284115,-0.2514268581671757,-0.7011117260477936,3.1187243494742063,3.31,15.4,-20.0,HIGHDIVERSITY_CRAFT
HighDiv_1542,HighDiv,C/C=C/NC1=C(O)C=C(Br)C(C2=NC=C(I)C=C2)=C1,28/000000001,C14H12N2OBrI,431.0,4.67,4.04,-7.943,-1.0333543370649019,-0.3694411668284503,-0.7013977519466761,3.0092466213184217,2.16,14.6,-198.0,HIGHDIVERSITY_CRAFT
Druglike_588,Druglike,CC/C=C\CC(=O)C1=C(CC(=O)O)C(O)=NO1,3/000000036,C11H13NO5,239.0,0.86,4.21,-7.49,-0.5342247453949867,-0.8690718380766445,-0.7016482917358156,3.318156882843901,-0.13,2.35,-40.0,DRUGLIKE_CONCAT
Druglike_1505,Druglike,NCC#CC(=O)C1=NNC(O)=C1CCCN,21/000000002,C10H14N4O2,222.0,-0.25,4.29,-7.277,-0.2993402316679674,-1.1039975179350672,-0.7016688748015173,3.6410075662574233,4.74,3.72,0.0,DRUGLIKE_LANAPDB
HighDiv_867,HighDiv,NCCOC1=CC(NC2=CC(F)=CC(S)=C2Br)=CN=C1CO,16/000000021,C14H15N3O2SFBr,388.0,1.74,4.2,-7.515,-0.5635853096108634,-0.8414984014735437,-0.7025418555422036,3.068371528687387,8.21,19.7,0.0,HIGHDIVERSITY_CONCAT
Druglike_882,Druglike,O=C(O)NC1=C(O)C=C(C2=NNN=C2)C=C1,28/000000225,C9H7N4O3,219.0,1.2,4.07,-7.861,-0.945272644417269,-0.45988203888662227,-0.7025773416519456,2.5224961676560245,3.43,18.0,-120.0,DRUGLIKE_CONCAT
HighDiv_2317,HighDiv,NCC1=CC=C(C2=COC(CNCO)=N2)C(F)=C1Cl,9/000000040,C12H13N3O2FCl,285.0,0.97,4.02,-7.991,-1.092075465496658,-0.31650016855049584,-0.7042878170235769,3.0696916140615267,3.66,2.35,-160.0,HIGHDIVERSITY_MAYBRIDGE
Druglike_1930,Druglike,C=CCC1=C(CC(=O)O)OC=C1C1=CC(CO)=CC(O)=C1,1/000000055,C16H16O5,288.0,1.37,4.19,-7.538,-0.5929458738267401,-0.8161308397986899,-0.704538356812715,2.9470001191059083,5.56,3.85,-120.0,DRUGLIKE_MAYBRIDGE
HighDiv_1159,HighDiv,CNCCNCCCC1=C(Br)C(N=O)=CC(C(=O)CO)=C1,12/000000446,C14H20N3O3Br,358.0,0.81,4.02,-7.99,-1.092075465496658,-0.3176031060146193,-0.7048392857556387,3.029465901599278,4.13,3.58,-50.0,HIGHDIVERSITY_CONCAT
HighDiv_1029,HighDiv,CNCC1=NOC(C2=CC(O)=C(F)C=C2O)=N1,6/000000048,C10H10N3O3F,239.0,1.03,4.1,-7.777,-0.8571909517696387,-0.5525287858730421,-0.7048598688213403,2.717700297061505,2.72,18.9,-160.0,HIGHDIVERSITY_CONCAT
Druglike_319,Druglike,O=C(O)C1=CN=C(O)N=C1[C@@H](O)CBr,29/000000132,C7H7N2O4Br,263.0,0.15,4.43,-6.898,0.11170766735431488,-1.5220108168380828,-0.705151574741884,3.736673053700894,4.99,2.74,-150.0,DRUGLIKE_CONCAT
HighDiv_1464,HighDiv,O=C(CO)C1=CC(O)=C(O)C(C(F)F)=C1,3/000000127,C9H8O4F2,218.0,0.48,4.16,-7.616,-0.681027566474373,-0.7301017175970147,-0.7055646420356938,2.801266846614567,1.94,15.4,-150.0,HIGHDIVERSITY_CRAFT
HighDiv_892,HighDiv,CCNC/C(=C\CNC)C(=O)C1=C(O)C=C(Br)C(N=O)=C1,12/000001030,C14H18N3O3Br,356.0,1.54,4.19,-7.535,-0.5929458738267401,-0.8194396521910623,-0.7061927630089012,3.5309974665860153,4.32,3.7,-170.0,HIGHDIVERSITY_CONCAT
Druglike_967,Druglike,O=C(O)CC1=C(CC2=CC=CCC2)ON=C1O,3/000000205,C12H13NO4,235.0,0.56,4.03,-7.96,-1.0627149012807786,-0.35069122993834106,-0.7067030656095599,3.448956004917479,1.48,19.4,-60.0,DRUGLIKE_CONCAT
Druglike_1941,Druglike,C=C(C(=O)OCCCCF)C1=CNC2=C1N=CC(CN)=N2,28/000000010,C14H17N4O2F,292.0,1.33,4.16,-7.612,-0.681027566474373,-0.7345134674535104,-0.7077705169639417,3.258662394878062,1.57,20.9,-60.0,DRUGLIKE_MAYBRIDGE
Druglike_797,Druglike,OC1=CC(C2=NNN=C2)=CC=C1CF,28/000000353,C9H8N3OF,193.0,2.93,4.11,-7.744,-0.8278303875537594,-0.5889257221891362,-0.7083780548714478,2.76348827799983,3.37,15.9,-120.0,DRUGLIKE_CONCAT
Druglike_757,Druglike,O=C(O)C1=NNC(C(=O)C2=CCCN2)=C1,7/000000036,C9H9N3O3,207.0,0.37,4.14,-7.662,-0.7397486949061292,-0.679366594247308,-0.7095576445767187,3.3994528990236974,1.04,2.22,-20.0,DRUGLIKE_CONCAT
Druglike_2059,Druglike,NCC1=CC=CC(I)=C1C1=NN(C(=O)CC(=O)O)CO1,7/000000001,C12H12N3O4I,389.0,1.73,4.02,-7.981,-1.092075465496658,-0.3275295431917361,-0.7098025043441971,3.3636433478389893,4.32,20.7,-160.0,DRUGLIKE_MAYBRIDGE
Druglike_917,Druglike,C=CCC1=NC=C(C2=C(CO)C(C(=O)O)=CN2)O1,9/000000028,C12H12N2O4,248.0,-0.08,4.05,-7.901,-1.0039937728490251,-0.4157645403216602,-0.7098791565853426,3.2496517336842228,7.05,5.09,-80.0,DRUGLIKE_CONCAT
Druglike_998,Druglike,CCCC1=CC([C@@H](C(=O)O)C2=NNC=C2)=NC(O)=N1,29/000000011,C12H14N4O3,262.0,0.85,4.02,-7.978,-1.092075465496658,-0.3308383555841084,-0.7114569105403832,3.9873752365048336,3.66,3.58,-190.0,DRUGLIKE_CONCAT
HighDiv_1170,HighDiv,CCC1=CC(N2CCNC2=O)=CC(O)=C1,28/000000044,C11H14N2O2,206.0,0.92,4.01,-8.004,-1.1214360297125348,-0.3021619815168833,-0.711799005614709,2.3961111407819384,1.56,12.0,-140.0,HIGHDIVERSITY_CONCAT
HighDiv_1476,HighDiv,O=C(O)CC1=CC(OCC[C@@H]2C=COC2)=C(O)C=C1Br,28/000000012,C14H15O5Br,343.0,2.53,4.13,-7.684,-0.7691092591220059,-0.6551019700365788,-0.7121056145792923,3.4727523827943116,4.4,5.09,-150.0,HIGHDIVERSITY_CRAFT
Druglike_1281,Druglike,N[C@@H](CCC1=CC=CC(Cl)=C1)C1=C(CO)CC1,22/000000003,C14H18NOCl,251.0,1.43,4.13,-7.684,-0.7691092591220059,-0.6551019700365788,-0.7121056145792923,3.126027345067608,5.83,2.22,-150.0,DRUGLIKE_CRAFT
Druglike_1601,Druglike,OC/C=C(\C1=NC=C(C(F)F)N=C1)C1=NNN=C1,29/000000026,C10H9N5OF2,253.0,0.86,4.14,-7.657,-0.7397486949061292,-0.6848812815679283,-0.7123149882370288,3.4621385029149927,3.91,22.6,-150.0,DRUGLIKE_LANAPDB
Druglike_1824,Druglike,C=CCC1=C(C(=O)O)C=C([C@@H](Br)C(=O)O)N1,19/000000006,C10H10NO4Br,288.0,1.0,4.37,-7.043,-0.06445571794094823,-1.362084884540095,-0.7132703012405216,3.85897242538857,5.52,2.22,-150.0,DRUGLIKE_MAYBRIDGE
HighDiv_1920,HighDiv,C[C@@H](/C=C/CCO)/C=C/C1=C(N)C=C(P(=O)(O)O)C=C1F,8/000000045,C14H19NO4PF,315.0,0.45,4.01,-8.0,-1.1214360297125348,-0.306573731373379,-0.7140048805429569,4.083584603439441,5.34,4.81,-200.0,HIGHDIVERSITY_LANAPDB
HighDiv_914,HighDiv,O=NCCCNC(=O)C1=CC=C(I)C(CS)=C1,5/000000089,C11H13N2O2SI,364.0,2.84,4.17,-7.574,-0.6516670022584963,-0.7764250910902246,-0.7140460466743604,2.8094295932971853,2.94,3.85,0.0,HIGHDIVERSITY_CONCAT
Druglike_764,Druglike,C=CC1=CN=C(C2=C(CO)C(CO)=NN2)C=C1Br,7/000000038,C12H12N3O2Br,310.0,1.11,4.13,-7.68,-0.7691092591220059,-0.6595137198930754,-0.7143114895075406,3.3796809644534527,7.15,18.1,-120.0,DRUGLIKE_CONCAT
Druglike_433,Druglike,O=C(O)C1=NC=C(C/C=C\[C@H](O)CO)C=C1Br,13/000000070,C11H11NO4Br,301.0,0.16,4.32,-7.173,-0.2112585390203346,-1.2187030142039685,-0.7149807766121515,3.46925393369637,6.09,2.35,-150.0,DRUGLIKE_CONCAT
HighDiv_966,HighDiv,NC/C=C/C[C@@H](Cl)/C=C/C1=CN=C(CO)C(O)=C1,7/000000035,C13H17N2O2Cl,268.0,0.56,4.14,-7.652,-0.7397486949061292,-0.6903959688885484,-0.7150723318973388,4.011386804603581,5.27,5.09,-150.0,HIGHDIVERSITY_CONCAT
HighDiv_734,HighDiv,CC/C=C(\CNCCS)C(=O)C1=CC(N=O)=C(Br)C=C1O,12/000001032,C14H17N2O3SBr,373.0,2.75,4.28,-7.279,-0.3287007958838442,-1.1017916430068193,-0.7152462194453317,3.586061434197351,2.06,3.7,-110.0,HIGHDIVERSITY_CONCAT
Druglike_670,Druglike,CC(F)(F)CC(=O)C1=C(CC(=O)O)C(O)=NO1,3/000000152,C9H9NO5F2,249.0,0.86,4.17,-7.57,-0.6516670022584963,-0.7808368409467203,-0.7162519216026083,3.372806092330067,1.34,2.35,-190.0,DRUGLIKE_CONCAT
HighDiv_1894,HighDiv,OC[C@H](SC1=NC2=C(C=CC=C2)N1)C1=CSN=N1,21/000000003,C11H10N4OS2,278.0,2.46,4.04,-7.916,-1.0333543370649019,-0.39922047835979885,-0.7162874077123503,3.4077899047487197,1.98,21.9,-190.0,HIGHDIVERSITY_LANAPDB
Druglike_562,Druglike,C=C[C@H](C)C1=NC(O)=NC=C1C(=O)O,29/000000152,C9H10N2O3,194.0,0.63,4.23,-7.409,-0.47550361696323057,-0.9584097726706929,-0.7169566948169618,3.748573261601102,4.54,12.2,-170.0,DRUGLIKE_CONCAT
HighDiv_1078,HighDiv,C/C=C/NC1=C(Br)C(ON)=CC(C(=O)O)=C1,12/000000004,C10H11N2O3Br,287.0,1.38,4.07,-7.834,-0.945272644417269,-0.48966135041797176,-0.7174669974176204,3.1258636810728415,3.98,14.9,-20.0,HIGHDIVERSITY_CONCAT
Druglike_1481,Druglike,N[C@@H](/C=C/C1=NNC=C1CCO)C1=CCNN1,16/000000014,C11H17N5O,235.0,0.07,4.36,-7.062,-0.09381628215682498,-1.341129072721738,-0.7174726774392814,4.906182839573102,4.54,3.58,-150.0,DRUGLIKE_LANAPDB
Druglike_485,Druglike,OC1=C(Br)C=CC(C2=NNN=C2)=C1,28/000000075,C8H6N3OBr,240.0,3.41,4.28,-7.273,-0.3287007958838442,-1.108409267791564,-0.7185550318377041,2.643716257285332,2.75,14.3,-120.0,DRUGLIKE_CONCAT
HighDiv_1551,HighDiv,NCC1=CC(N)=C(C2=CC=CC=C2)C=C1O,9/000000007,C13H14N2O,214.0,1.86,4.04,-7.911,-1.0333543370649019,-0.40473516568041995,-0.7190447513726609,2.074619244579102,1.11,9.8,-200.0,HIGHDIVERSITY_CRAFT
Druglike_898,Druglike,NC1=C(/C=C/CNCCO)C=C(C[C@@H](N)C2=CC=CO2)C=C1,27/000000035,C17H23N3O2,301.0,0.4,4.06,-7.857,-0.9746332086331483,-0.464293788743118,-0.7194634986881332,3.2342198346995215,3.84,5.09,-150.0,DRUGLIKE_CONCAT
HighDiv_756,HighDiv,CCCCC1=C(C=S)C(O)=CC(N2CCNC2=O)=C1,28/000000328,C14H18N2O2S,278.0,1.58,4.27,-7.297,-0.35806136009972356,-1.0819387686525868,-0.7200000643761552,2.977105257022341,6.56,17.5,-140.0,HIGHDIVERSITY_CONCAT
Druglike_1216,Druglike,N[C@@](C#CC1=CNC=C1)(C(=O)O)C1=NN=CO1,25/000000003,C10H8N4O3,232.0,0.66,4.33,-7.136,-0.18189797480445782,-1.2595117003765584,-0.7207048375905081,4.439058114298376,3.12,24.6,-150.0,DRUGLIKE_CRAFT
HighDiv_1555,HighDiv,O=NC(=O)/C(=C/NC1CCCC1)C1=NN=NN1,8/000000001,C9H12N6O2,236.0,0.19,4.03,-7.934,-1.0627149012807786,-0.37936760400556613,-0.7210412526431724,3.635050255309944,4.18,3.58,-150.0,HIGHDIVERSITY_CRAFT
Druglike_1577,Druglike,NCC#CC1=C(C(F)F)ON=C1C(=O)O,6/000000139,C8H7N2O3F2,217.0,0.45,4.17,-7.561,-0.6516670022584963,-0.7907632781238372,-0.7212151401911667,4.104144657265455,4.87,23.0,-150.0,DRUGLIKE_LANAPDB
HighDiv_1816,HighDiv,C#CCNCCC[C@@H](C#CC1=CC(S)=CC=C1I)ON,8/000000051,C15H18N2OSI,401.0,3.51,4.15,-7.614,-0.7103881306902498,-0.7323075925252626,-0.7213478616077562,5.2284817783987085,2.08,21.6,-159.0,HIGHDIVERSITY_LANAPDB
Druglike_515,Druglike,OC1=CC(I)=CC(C2=NNN=C2)=C1,28/000000360,C8H6N3OI,287.0,3.68,4.26,-7.321,-0.3874219243156003,-1.0554682695136095,-0.7214450969146049,2.96032166269074,1.28,14.3,-120.0,DRUGLIKE_CONCAT
Druglike_599,Druglike,CCOC1=CC(/C=C/CNCCO)=C(N)C=C1,27/000000018,C13H20N2O2,236.0,0.95,4.21,-7.454,-0.5342247453949867,-0.9087775867851108,-0.7215011660900488,2.4597954279944023,5.46,3.58,-20.0,DRUGLIKE_CONCAT
HighDiv_956,HighDiv,O=NC1=C(Br)C([N+](=O)[O-])=CC(C(=O)[C@@H]2CNCCN2)=C1,12/000000134,C11H11N4O4Br,343.0,0.89,4.15,-7.613,-0.7103881306902498,-0.733410529989386,-0.7218993303398179,3.6852026425345734,3.37,4.16,-170.0,HIGHDIVERSITY_CONCAT
Druglike_918,Druglike,CC[C@H](C#CC(=O)C1=CCC=C(C(N)=O)O1)CN,23/000000087,C13H16N2O3,248.0,0.3,4.05,-7.875,-1.0039937728490251,-0.4444409143888853,-0.7242173436189552,4.503035922342984,3.75,2.22,-190.0,DRUGLIKE_CONCAT
Druglike_600,Druglike,OC1=CC(Br)=CC(C2=NNN=C2)=C1,28/000000111,C8H6N3OBr,240.0,3.41,4.21,-7.448,-0.5342247453949867,-0.9153952115698544,-0.7248099784824205,2.7182983778674537,0.9,14.3,-120.0,DRUGLIKE_CONCAT
Druglike_1532,Druglike,CO[C@@H](/C=C/C1=CC=C(O)C=C1NC(N)=O)CN,4/000000164,C12H17N3O3,251.0,-0.37,4.25,-7.341,-0.41678248853147704,-1.033409520231128,-0.7250960043813025,3.3805112755611955,4.09,3.58,-170.0,DRUGLIKE_LANAPDB
HighDiv_2238,HighDiv,O=C(O)CN[C@@H]1NC2=C(N1)C(CCCCS)=CC=C2,5/000000004,C13H17N3O2S,279.0,2.11,4.12,-7.685,-0.7984698233378826,-0.6539990325724553,-0.7262344279551689,3.5526007323925946,5.71,3.58,-40.0,HIGHDIVERSITY_MAYBRIDGE
Druglike_2034,Druglike,NCC1=CN=C(C#C[C@H](CCl)C(=O)O)C=C1I,18/000000012,C11H11N2O2ClI,365.0,1.69,4.05,-7.871,-1.0039937728490251,-0.448852664245381,-0.726423218547203,4.5917044353686105,4.76,17.6,-150.0,DRUGLIKE_MAYBRIDGE
HighDiv_932,HighDiv,CCNC/C(=C\C(N)=O)C(=O)C1=CC(N=O)=C(Br)C=C1O,12/000001041,C13H14N3O4Br,356.0,0.58,4.16,-7.576,-0.681027566474373,-0.7742192161619768,-0.7276233913181749,3.4078680709816194,4.11,3.7,-110.0,HIGHDIVERSITY_CONCAT
HighDiv_2123,HighDiv,OCC#CCC1=CC(Br)=C(NC2=NCCO2)C=C1S,16/000000033,C13H13N2O2SBr,341.0,2.55,4.32,-7.149,-0.2112585390203346,-1.2451735133429458,-0.7282160261816402,3.66668227685785,7.02,19.9,0.0,HIGHDIVERSITY_MAYBRIDGE
HighDiv_1851,HighDiv,O=C(O)C1=NC(C(=O)C2=CNC=C2C[N+](=O)[O-])=CS1,3/000000048,C10H7N3O5S,281.0,-0.16,4.1,-7.734,-0.8571909517696387,-0.5999550968303764,-0.7285730243000075,3.323384150625108,5.58,2.35,0.0,HIGHDIVERSITY_LANAPDB
HighDiv_2188,HighDiv,O=C(O)C[C@@H](C(=O)O)C1=CC=C(I)C(O)=C1,22/000000038,C10H9O5I,336.0,1.44,4.19,-7.493,-0.5929458738267401,-0.8657630256842721,-0.7293544497555061,2.8964504473665915,2.54,3.58,-150.0,HIGHDIVERSITY_MAYBRIDGE
HighDiv_789,HighDiv,NC[C@H](O)CC1=CC=C(C#CCO)C(Cl)=C1Cl,19/000000010,C12H14NO2Cl2,274.0,1.72,4.25,-7.332,-0.41678248853147704,-1.0433359574082448,-0.7300592229698609,3.975839552425467,5.19,2.35,-150.0,HIGHDIVERSITY_CONCAT
HighDiv_2150,HighDiv,NC(=O)NC1=CC(S)=C(/C=C/C(=O)O)C=C1Br,16/000000001,C10H9N2O3SBr,317.0,1.46,4.25,-7.332,-0.41678248853147704,-1.0433359574082448,-0.7300592229698609,2.868165043379017,7.13,3.58,0.0,HIGHDIVERSITY_MAYBRIDGE
HighDiv_1012,HighDiv,NC(=O)/C=C(\CNCCF)C(=O)C1=CC(N=O)=C(Br)C=C1O,12/000001072,C13H13N3O4FBr,374.0,0.79,4.11,-7.704,-0.8278303875537594,-0.6330432207540981,-0.7304368041539288,3.5720263558829757,4.95,3.7,-120.0,HIGHDIVERSITY_CONCAT
HighDiv_880,HighDiv,O=NC1=C(Br)C=C(O)C(C(=O)/C(=C/CC(=O)O)CCl)=C1,12/000000505,C12H9NO5ClBr,362.0,1.98,4.19,-7.49,-0.5929458738267401,-0.8690718380766445,-0.7310088559516923,3.470056288860233,4.24,3.7,-40.0,HIGHDIVERSITY_CONCAT
HighDiv_2151,HighDiv,O=C(CCCl)O[C@@H](C(=O)O)C1=CC=C(I)C(O)=C1,22/000000033,C11H10O5ClI,384.0,2.45,4.25,-7.329,-0.41678248853147704,-1.0466447698006172,-0.7317136291660471,3.138921381526658,0.8,4.69,-170.0,HIGHDIVERSITY_MAYBRIDGE
Druglike_2065,Druglike,C=CC1=CC=C(O)C(C(=O)CC2=CC=C[C@@H]2CO)=C1,22/000000001,C16H16O3,256.0,1.2,4.01,-7.967,-1.1214360297125348,-0.34297066768947304,-0.7322033487010039,3.607718923007011,4.8,5.09,-150.0,DRUGLIKE_MAYBRIDGE
Druglike_655,Druglike,OC1=CC=C(Cl)C(C2=NNN=C2)=C1,28/000000080,C8H6N3OCl,195.0,3.23,4.18,-7.514,-0.6223064380426195,-0.8426013389376672,-0.7324538884901434,2.5003636585327342,2.21,14.3,-120.0,DRUGLIKE_CONCAT
Druglike_780,Druglike,OC1=CC=C(I)C(/C=C/[C@@H]2CCN=CN2)=C1,28/000000259,C12H13N2OI,328.0,3.17,4.12,-7.673,-0.7984698233378826,-0.6672342821419434,-0.7328520527399129,4.085355894093777,4.36,2.22,-150.0,DRUGLIKE_CONCAT
HighDiv_1810,HighDiv,C=C[C@H](CC(=O)OCC1=CC(CCO)=CC=C1)ON,6/000000001,C14H19NO4,265.0,0.63,4.16,-7.566,-0.681027566474373,-0.7852485908032171,-0.7331380786387951,3.0842637706122353,8.73,3.58,-150.0,HIGHDIVERSITY_LANAPDB
Druglike_2018,Druglike,C=C(C(=O)O)C1=CC=C(C2=NNC=N2)C(O)=C1,5/000000040,C11H9N3O3,231.0,1.84,4.06,-7.832,-0.9746332086331483,-0.4918672253462196,-0.733250216989684,3.262260689860196,0.63,17.9,-120.0,DRUGLIKE_MAYBRIDGE
HighDiv_742,HighDiv,CCC/C=C(\CCO)C(=O)C1=C(O)C=C(Br)C(N=O)=C1,12/000000496,C14H16NO4Br,342.0,2.27,4.28,-7.246,-0.3287007958838442,-1.1381885793229125,-0.7334446876033783,3.366918359494001,4.33,3.7,-60.0,HIGHDIVERSITY_CONCAT
Druglike_2051,Druglike,NCC1=NC(=O)C=C(CC[C@H](CO)CC2=NON=C2)N1,25/000000016,C12H17N5O3,279.0,-0.07,4.03,-7.91,-1.0627149012807786,-0.4058381031445434,-0.7342765022126609,3.959702267120514,4.37,3.72,-150.0,DRUGLIKE_MAYBRIDGE
Druglike_977,Druglike,CC(=O)C/C=C/CNCC1=NC(O)=NC=C1C(=O)O,29/000000192,C12H15N3O4,265.0,-0.34,4.03,-7.909,-1.0627149012807786,-0.4069410406086678,-0.7348279709447232,3.301935925773038,5.87,3.72,-20.0,DRUGLIKE_CONCAT
Druglike_1024,Druglike,C=CC1=NC=C(C2=C(CO)C(C(=O)O)=CN2)O1,9/000000011,C11H10N2O4,234.0,-0.22,4.01,-7.962,-1.1214360297125348,-0.3484853550100932,-0.734960692361314,3.407409626030409,6.4,3.58,-80.0,DRUGLIKE_CONCAT
HighDiv_1040,HighDiv,O=NC1=CC(C(=O)[C@H]2CCNC2)=CC(O)=C1Br,12/000000413,C11H11N2O3Br,299.0,1.26,4.09,-7.749,-0.8865515159855155,-0.583411034868516,-0.7349812754270157,3.515898948995593,3.19,2.35,-190.0,HIGHDIVERSITY_CONCAT
Druglike_1951,Druglike,CCC1=C(C2=NN=C(CO)O2)NC(CNCNC)=CC1=O,15/000000266,C13H19N5O3,293.0,0.19,4.15,-7.589,-0.7103881306902498,-0.7598810291283632,-0.7351345799093065,3.3716493570684154,5.68,25.0,-200.0,DRUGLIKE_MAYBRIDGE
HighDiv_1857,HighDiv,O=C(O)C(=C\C1=CC=C(C(=O)O)C=C1O)/C=C/[N+](=O)[O-],16/000000027,C12H9NO7,279.0,1.2,4.09,-7.748,-0.8865515159855155,-0.5845139723326395,-0.7355327441590775,3.035827841835559,6.05,3.58,0.0,HIGHDIVERSITY_LANAPDB
HighDiv_1804,HighDiv,O=C(CO)C1=NC=C(C2=NN=CN2)C(O)=C1,20/000000016,C9H8N4O3,220.0,0.24,4.17,-7.535,-0.6516670022584963,-0.8194396521910623,-0.7355533272247793,3.422742321502179,0.57,16.0,-180.0,HIGHDIVERSITY_LANAPDB
HighDiv_1000,HighDiv,C=CCNCC(=C)C(=O)C1=CC(N=O)=C(Br)C=C1O,12/000000493,C13H13N2O3Br,325.0,2.13,4.12,-7.668,-0.7984698233378826,-0.6727489694625636,-0.735609396400223,3.482286047596916,3.15,2.35,-20.0,HIGHDIVERSITY_CONCAT
HighDiv_1148,HighDiv,O=C(O)C1=C(Cl)N=C(C2=COCCC2)N1,2/000000001,C9H9N2O3Cl,228.0,1.17,4.02,-7.933,-1.092075465496658,-0.38047054146969056,-0.7362730034831743,3.4159825693533667,0.98,18.5,-160.0,HIGHDIVERSITY_CONCAT
HighDiv_1815,HighDiv,N[C@H](CC1=NNN=C1)C(=O)/C=C/C1=CCON1,18/000000003,C10H14N5O2,236.0,0.64,4.16,-7.56,-0.681027566474373,-0.7918662155879616,-0.7364468910311672,5.006830249306226,2.67,3.58,-150.0,HIGHDIVERSITY_LANAPDB
HighDiv_1018,HighDiv,CC(=O)[C@@H](C#CC1=CC=C(CN)C(O)=C1)CN,23/000000046,C13H16N2O2,232.0,0.11,4.11,-7.692,-0.8278303875537594,-0.6462784703235863,-0.7370544289386729,3.552053933696371,2.9,15.6,-170.0,HIGHDIVERSITY_CONCAT
HighDiv_1315,HighDiv,O=C(C1=CC(O)=C(O)C(S)=C1)[C@@H]1C=CCS1,3/000000118,C11H10O3S2,254.0,1.84,4.47,-6.733,0.22914992421782449,-1.7039954984185512,-0.7374227871003634,4.193353294519438,0.56,2.22,-190.0,HIGHDIVERSITY_CRAFT
HighDiv_967,HighDiv,C=C/C=C(\CC(=O)NN)C(=O)C1=CC(N=O)=C(Br)C=C1O,12/000000503,C13H12N3O4Br,354.0,0.49,4.14,-7.611,-0.7397486949061292,-0.7356164049176348,-0.737682549911882,3.6172046094431582,2.71,3.7,-90.0,HIGHDIVERSITY_CONCAT
HighDiv_791,HighDiv,NCC1=C(Br)C(I)=CC=C1C1=CC(C(N)=O)=NO1,10/000000204,C11H9N3O2BrI,422.0,2.49,4.25,-7.318,-0.41678248853147704,-1.0587770819059819,-0.7377797852187294,2.972802239178728,3.97,2.22,-180.0,HIGHDIVERSITY_CONCAT
Druglike_634,Druglike,CC#CCO[C@H](Cl)C1=NC(O)=NC=C1C(=O)O,29/000000214,C10H9N2O4Cl,256.0,0.63,4.19,-7.477,-0.5929458738267401,-0.883410025110257,-0.7381779494684986,4.053826508947206,4.69,17.5,-170.0,DRUGLIKE_CONCAT
HighDiv_1571,HighDiv,CCNC(=O)C#CC1=C(O)C(O)=CN=C1CC(=O)O,1/000000191,C12H12N2O5,264.0,-0.04,4.01,-7.956,-1.1214360297125348,-0.3551029797948368,-0.7382695047536858,3.247183785153476,6.68,19.4,-20.0,HIGHDIVERSITY_CRAFT
HighDiv_1120,HighDiv,CC1=C(C(=O)NCC#CC(=O)O)C=C(S)C(I)=C1,5/000000042,C12H9NO3SI,374.0,2.7,4.04,-7.876,-1.0333543370649019,-0.4433379769247609,-0.7383461569948314,3.204513502914992,2.56,3.72,-40.0,HIGHDIVERSITY_CONCAT
HighDiv_2324,HighDiv,C=CC1=CC(C(=O)C2=C(CO)C(=O)NC(S)=N2)=CC=N1,20/000000003,C13H11N3O3S,289.0,-0.24,4.01,-7.953,-1.1214360297125348,-0.35841179218720903,-0.7399239109498719,3.3979239072795497,6.52,21.8,0.0,HIGHDIVERSITY_MAYBRIDGE
Druglike_915,Druglike,O=C(O)CC1=NN(CF)C=C1CC/N=C1/CCCN1,14/000000013,C12H16N4O2F,267.0,-0.27,4.05,-7.846,-1.0039937728490251,-0.47642610084848264,-0.7402099368487539,3.83919509737067,1.68,4.81,-60.0,DRUGLIKE_CONCAT
Druglike_854,Druglike,CCCC1=NC=C(C2=C(CO)C(C(=O)O)=CN2)O1,9/000000023,C12H14N2O4,250.0,0.1,4.08,-7.766,-0.9159120802013923,-0.5646610979784068,-0.7402865890898995,2.9194348106072994,6.05,5.09,-100.0,DRUGLIKE_CONCAT
HighDiv_1182,HighDiv,C/C(=C\C1=C(O)C(N)=CC(O)=C1)[C@H]1CCCCS1,4/000000317,C14H19NO2S,265.0,2.25,4.01,-7.952,-1.1214360297125348,-0.35951472965133346,-0.7404753796819341,3.702171727680504,4.5,2.35,-170.0,HIGHDIVERSITY_CONCAT
HighDiv_919,HighDiv,NCC1=CC(C(=O)N=O)=CC(COCCC(N)=O)=C1Br,12/000000829,C12H14N3O4Br,344.0,0.02,4.17,-7.526,-0.6516670022584963,-0.8293660893681791,-0.7405165458133377,2.9494337441093865,5.26,20.3,0.0,HIGHDIVERSITY_CONCAT
HighDiv_1544,HighDiv,CCCNC(=O)C#CC1=C(O)C(O)=CN=C1CBr,1/000000533,C12H13N2O3Br,313.0,1.69,4.04,-7.872,-1.0333543370649019,-0.4477497267812576,-0.7405520319230797,3.3589658184565936,6.52,17.7,-20.0,HIGHDIVERSITY_CRAFT
HighDiv_2183,HighDiv,C=CC1=C(C2=C(ON)C(F)=CC=C2)N=C(C=S)N1,27/000000508,C12H10N3OSF,263.0,1.41,4.19,-7.472,-0.5929458738267401,-0.8889247124308771,-0.7409352931288087,3.714680349068838,4.62,2.22,-140.0,HIGHDIVERSITY_MAYBRIDGE
HighDiv_629,HighDiv,NCNNC[C@@H](Cl)/C=C/C1=CN=C(CO)C=C1,7/000000010,C11H17N4OCl,256.0,0.72,4.37,-6.992,-0.06445571794094823,-1.4183346952104217,-0.7413952065756849,3.9656840758368377,4.52,3.58,-150.0,HIGHDIVERSITY_CONCAT
HighDiv_1032,HighDiv,CC(=O)OC/C=C/CC1=C(CO)N=C(C(=O)O)O1,3/000000259,C11H13NO6,255.0,-0.32,4.1,-7.709,-0.8571909517696387,-0.627528533433478,-0.7423597426015583,3.303239287844348,2.35,5.39,-80.0,HIGHDIVERSITY_CONCAT
Druglike_1617,Druglike,OC/C=C(/C1=NNN=C1)C1=CC=C(CCl)O1,29/000000072,C10H10N3O2Cl,239.0,1.9,4.12,-7.655,-0.7984698233378826,-0.6870871564961761,-0.7427784899170293,3.3989454653148865,3.12,20.9,0.0,DRUGLIKE_LANAPDB
Druglike_1511,Druglike,NC[C@H](CO)C1=CC(NC(N)=O)=CC(CCCCl)=C1,4/000000155,C13H20N3O2Cl,285.0,0.02,4.28,-7.229,-0.3287007958838442,-1.1569385162130217,-0.7428196560484329,3.1072259789409173,6.37,15.9,-150.0,DRUGLIKE_LANAPDB
HighDiv_2253,HighDiv,O=C(NC[C@H](S)C1=NN=C2SC=NN12)C1=NON=C1,22/000000049,C8H7N7O2S2,297.0,2.02,4.1,-7.708,-0.8571909517696387,-0.6286314708976015,-0.74291121133362,4.28521830815017,1.67,4.94,-150.0,HIGHDIVERSITY_MAYBRIDGE
Druglike_1322,Druglike,O=C(O)C1=NN=C2C=NC([C@H](O)F)=CN12,29/000000003,C7H4N4O3F,211.0,-0.02,4.07,-7.787,-0.945272644417269,-0.5414994112318018,-0.7433860278245354,3.86955889141183,2.35,23.3,-190.0,DRUGLIKE_CRAFT
Druglike_1999,Druglike,CCC(=O)COC1=CC=C(C2=NC=NN2)C=C1CN,21/000000012,C13H16N4O2,260.0,0.83,4.09,-7.733,-0.8865515159855155,-0.6010580342945008,-0.7438047751400081,2.571313046088621,5.11,18.3,-140.0,DRUGLIKE_MAYBRIDGE
Druglike_1634,Druglike,CNCCC1=NC=C(/C(=C\C2=NON=C2)CO)C=C1,16/000000027,C13H17N4O2,261.0,0.85,4.1,-7.704,-0.8571909517696387,-0.6330432207540981,-0.7451170862618683,4.228301810657385,4.12,19.0,-20.0,DRUGLIKE_LANAPDB
HighDiv_826,HighDiv,CC1=CC(I)=C(S)C=C1C(=O)NCC#CCO,5/000000051,C12H12NO2SI,361.0,2.72,4.22,-7.384,-0.5048641811791099,-0.9859832092737936,-0.7454236952264517,3.1551846420412257,3.21,3.72,-40.0,HIGHDIVERSITY_CONCAT
HighDiv_2162,HighDiv,C/C(=C/C1=NNC(CCl)=N1)C(=O)NO,14/000000004,C7H9N4O2Cl,216.0,0.12,4.22,-7.383,-0.5048641811791099,-0.9870861467379181,-0.7459751639585139,3.6743465775949726,1.86,2.22,-40.0,HIGHDIVERSITY_MAYBRIDGE
Druglike_2013,Druglike,C=C(C(=O)OCCCF)C1=CNC2=C1N=CC(CN)=N2,28/000000007,C13H15N4O2F,278.0,0.97,4.07,-7.781,-0.945272644417269,-0.5481170360165464,-0.7466948402169077,3.3115787074793497,1.55,20.3,-60.0,DRUGLIKE_MAYBRIDGE
Druglike_304,Druglike,C=CC1=C(Br)C=CN=C1C1=C(C(N)=O)N=C(CNCCO)O1,7/000000060,C14H15N4O3Br,367.0,-0.02,4.44,-6.796,0.14106823157019424,-1.6345104381787352,-0.7467211033042704,3.190149586694954,5.49,22.9,-140.0,DRUGLIKE_CONCAT
HighDiv_1168,HighDiv,CC(=O)CCOC1=C(S)C(O)=CC(NC(N)=S)=C1,29/000000061,C11H14N2O3S2,286.0,0.92,4.01,-7.94,-1.1214360297125348,-0.3727499792208216,-0.7470930044666781,2.916510618299606,1.68,19.0,-60.0,HIGHDIVERSITY_CONCAT
Druglike_1964,Druglike,CC/C=C/C1=C(C2=CC=CC(CO)=N2)NC=N1,13/000000017,C13H15N3O,229.0,1.44,4.14,-7.592,-0.7397486949061292,-0.756572216735992,-0.7481604558210606,3.0154150904747787,2.13,14.9,-180.0,DRUGLIKE_MAYBRIDGE
Druglike_961,Druglike,C/C=C/CCCC1=NC(O)=NC=C1C(=O)O,29/000000199,C11H14N2O3,222.0,1.25,4.03,-7.884,-1.0627149012807786,-0.43451447721176845,-0.7486146892462735,3.038822601222458,4.99,3.85,-20.0,DRUGLIKE_CONCAT
Druglike_871,Druglike,CCCC1=C(C(=O)CC(=O)O)OC(C(=O)N/C=C\CBr)=CC1,23/000000534,C15H18NO5Br,372.0,1.46,4.07,-7.775,-0.945272644417269,-0.55473466080129,-0.7500036526092795,3.820627203340603,5.09,24.1,-80.0,DRUGLIKE_CONCAT
Druglike_744,Druglike,CC[C@@H](O)/C=C\CC1=CN=C(C(=O)O)C(Br)=C1,13/000000063,C12H13NO3Br,299.0,1.65,4.14,-7.586,-0.7397486949061292,-0.7631898415207355,-0.7514692682134323,3.378799418646203,6.14,2.35,-170.0,DRUGLIKE_CONCAT
HighDiv_1505,HighDiv,NNC[C@H](CN[C@@H](N)NC1=CC=C(F)C(F)=C1)[N+](=O)[O-],9/000000011,C10H14N6O2F2,288.0,0.59,4.09,-7.719,-0.8865515159855155,-0.6164991587922368,-0.7515253373888762,3.9956298403878936,3.41,23.1,-150.0,HIGHDIVERSITY_CRAFT
Druglike_952,Druglike,C=C(COC(=O)CBr)CC(=O)C1=NC(N)=C2C=NNC2=N1,21/000000048,C12H12N5O3Br,354.0,0.99,4.04,-7.852,-1.0333543370649019,-0.4698084760637381,-0.75158140656432,3.3994685541191725,4.29,22.9,-60.0,DRUGLIKE_CONCAT
Druglike_571,Druglike,CC1=NCCN1CC(=O)C1=C(CC(=O)O)C(O)=NO1,3/000000086,C11H13N3O5,267.0,-0.14,4.23,-7.345,-0.47550361696323057,-1.0289977703746322,-0.7522506936689314,3.4206800086132745,1.73,2.35,-80.0,DRUGLIKE_CONCAT
HighDiv_949,HighDiv,COCC(=O)C1=CC(O)=C(Br)C(OCCS(N)(=O)=O)=C1,12/000000606,C11H14NO6SBr,368.0,0.4,4.15,-7.553,-0.7103881306902498,-0.7995867778368295,-0.7549874542635396,2.6667860421258354,5.73,3.58,-20.0,HIGHDIVERSITY_CONCAT
HighDiv_1192,HighDiv,NC(=O)C1=CC=C(Br)C(C[C@@H](CO)C2=CSC=N2)=C1,12/000000165,C13H12N2O2SBr,340.0,1.7,4.0,-7.951,-1.1507965939284115,-0.3606176671154579,-0.7557071305219347,3.2588820579852396,4.82,3.58,-150.0,HIGHDIVERSITY_CONCAT
HighDiv_801,HighDiv,CC1=CC([C@H](O)CN2C=CSC2=N)=CC(I)=C1CN,12/000000836,C13H16N3OSI,389.0,3.07,4.24,-7.312,-0.4461430527473538,-1.0653947066907252,-0.7557688797190395,3.677786038112515,4.97,18.3,-170.0,HIGHDIVERSITY_CONCAT
Druglike_2023,Druglike,C/C=C/C1=NN=C(C2=CC(CO)=NC=C2CO)O1,10/000000004,C12H13N3O3,247.0,0.95,4.06,-7.791,-0.9746332086331483,-0.5370876613753051,-0.7558604350042266,3.1099656522362595,1.64,18.2,-160.0,DRUGLIKE_MAYBRIDGE
HighDiv_998,HighDiv,NC/C=C/C(=O)C1=CC(N=O)=C(Br)C=C1O,12/000000463,C10H9N2O3Br,285.0,1.29,4.12,-7.631,-0.7984698233378826,-0.7135576556351533,-0.756013739486518,3.297407867119351,5.45,2.35,0.0,HIGHDIVERSITY_CONCAT
Druglike_880,Druglike,OCC1=NN=C(C#CC2=NN=C(CCl)N2)N1CCl,18/000000056,C9H8N6OCl2,286.0,3.09,4.07,-7.764,-0.945272644417269,-0.5668669729066547,-0.7560698086619618,4.0993330730507385,5.38,24.4,0.0,DRUGLIKE_CONCAT
Druglike_1682,Druglike,CC/C=C/C1=NN=C(C2=COC=C(CCCNCN)C2)N1,11/000000007,C15H23N5O,289.0,1.86,4.04,-7.842,-1.0333543370649019,-0.48083785070497936,-0.7570960938849406,4.074427226989545,2.09,3.72,-200.0,DRUGLIKE_LANAPDB
Druglike_863,Druglike,CCC1=NN=C(C#CC2=NN=C(CO)N2CCl)N1,18/000000034,C10H11N6OCl,266.0,3.1,4.08,-7.735,-0.9159120802013923,-0.598852159366252,-0.7573821197838222,3.974386466715897,5.57,23.3,-20.0,DRUGLIKE_CONCAT
HighDiv_1355,HighDiv,NCC1=C(C(=O)C[C@H](CCl)[N+](=O)[O-])C=C(O)C=C1Br,3/000000046,C11H12N2O4ClBr,351.0,2.05,4.37,-6.963,-0.06445571794094823,-1.4503198816700191,-0.7573877998054837,3.79116739905926,2.91,5.09,-170.0,HIGHDIVERSITY_CRAFT
HighDiv_2170,HighDiv,CCC1=C(C2=C(ON)C(F)=CC=C2)N=C(C=S)N1,27/000000285,C12H12N3OSF,265.0,1.37,4.22,-7.362,-0.5048641811791099,-1.010247833484523,-0.7575560073318165,3.4294135798380676,5.54,2.22,-140.0,HIGHDIVERSITY_MAYBRIDGE
Druglike_1899,Druglike,O=C(NC[C@H](Cl)C(=O)O)C1=CC=C(O)C=C1,27/000000098,C10H10NO4Cl,243.0,0.84,4.24,-7.306,-0.4461430527473538,-1.07201233147547,-0.7590776921114119,2.5691867877703736,6.43,3.58,-150.0,DRUGLIKE_MAYBRIDGE
HighDiv_842,HighDiv,O=NC(=O)C1=CC(C2=CC=CC(O)=C2C=S)=C(Br)C=C1O,12/000000056,C14H8NO4SBr,366.0,3.46,4.22,-7.359,-0.5048641811791099,-1.0135566458768952,-0.7592104135280026,3.143147264156865,6.17,20.6,-162.0,HIGHDIVERSITY_CONCAT
Druglike_674,Druglike,CCC1=CC=C(C2=NNN=C2)C=C1O,28/000000084,C10H11N3O,189.0,3.09,4.17,-7.492,-0.6516670022584963,-0.8668659631483966,-0.7592664827034464,2.508248277999831,2.68,13.8,-140.0,DRUGLIKE_CONCAT
HighDiv_1416,HighDiv,CCC1=CC(NC(N)N)=C(O)C=C1C(=O)CC(C)=O,3/000000075,C13H17N3O3,263.0,0.11,4.23,-7.33,-0.47550361696323057,-1.0455418323364927,-0.7605227246498616,2.909001251216825,6.16,17.1,-100.0,HIGHDIVERSITY_CRAFT
HighDiv_816,HighDiv,O=C(O)CC1=NNC(C2=NC=CC=C2I)=N1,4/000000175,C9H7N4O2I,330.0,1.54,4.23,-7.33,-0.47550361696323057,-1.0455418323364927,-0.7605227246498616,2.9056161676560244,4.89,17.4,-120.0,HIGHDIVERSITY_CONCAT
Druglike_884,Druglike,O=C(O)C1=CCC=C(C(=O)N/C=C\[C@@H](O)CCCO)O1,23/000000081,C13H17NO6,283.0,0.07,4.07,-7.754,-0.945272644417269,-0.5778963475478959,-0.7615844959825824,4.148726558618488,4.14,3.85,-190.0,DRUGLIKE_CONCAT
Druglike_1592,Druglike,C[C@@H](O)/C=C(/C1=NNN=C1)C1=NC(NCCCl)=CN=C1,29/000000056,C12H15N6OCl,294.0,1.97,4.15,-7.541,-0.7103881306902498,-0.8128220274063177,-0.7616050790482838,3.8904131982946017,5.52,21.5,-170.0,DRUGLIKE_LANAPDB
Druglike_850,Druglike,O=C(O)C1=NC=C(C/C=C\[C@H](O)C(=O)O)C=C1Br,13/000000073,C11H9NO5Br,315.0,0.01,4.09,-7.7,-0.8865515159855155,-0.6374549706105939,-0.7620032432980547,3.468459843065121,6.6,2.35,-150.0,DRUGLIKE_CONCAT
HighDiv_2197,HighDiv,CC[C@H](CCl)C(=O)NOCC1=CC(Br)=C(S)C=C1S,16/000000024,C12H15NO2S2ClBr,384.0,4.38,4.17,-7.487,-0.6516670022584963,-0.8723806504690167,-0.7620238263637564,4.084733009918988,6.88,3.85,-170.0,HIGHDIVERSITY_MAYBRIDGE
HighDiv_910,HighDiv,C=CC[C@H](NCCO)C1=C(I)C=CC(C/C=C/CNN)=C1,5/000000065,C16H24N3OI,401.0,2.41,4.17,-7.484,-0.6516670022584963,-0.8756894628613889,-0.7636782325599426,3.807025700477994,5.68,3.72,-180.0,HIGHDIVERSITY_CONCAT
Druglike_1550,Druglike,CO[C@@H](/C=C/C1=CC=C(O)C=C1NC(N)=O)CO,4/000000163,C12H16N2O4,252.0,-0.3,4.21,-7.377,-0.5342247453949867,-0.9937037715226626,-0.7639642584588247,3.3180199097841143,4.08,3.58,-170.0,DRUGLIKE_LANAPDB
Druglike_448,Druglike,C=C(C1=C(CC(=O)O)C(O)=NO1)[C@H]1CCO1,3/000000186,C10H11NO5,225.0,0.41,4.3,-7.136,-0.2699796674520907,-1.2595117003765584,-0.7647456839143245,3.825020061473415,1.82,6.2,-170.0,DRUGLIKE_CONCAT
HighDiv_1930,HighDiv,O=C(C1=NN=C(CS)O1)C1=CNC2=C1C(Br)=CC=C2CCO,27/000000034,C14H12N3O3SBr,382.0,3.1,4.0,-7.934,-1.1507965939284115,-0.37936760400556613,-0.7650820989669889,3.3017027616532575,3.42,3.72,-60.0,HIGHDIVERSITY_LANAPDB
Druglike_1582,Druglike,NC(=O)NC1=CC(CCCCl)=CC(CCO)=C1,4/000000097,C12H17N2O2Cl,256.0,0.92,4.16,-7.506,-0.681027566474373,-0.8514248386506597,-0.7662262025625164,2.2973575802038955,4.83,3.58,0.0,DRUGLIKE_LANAPDB
Druglike_539,Druglike,NC1=C2C=NNC2=NC(CC(=O)O)=N1,21/000000038,C7H7N5O2,193.0,0.01,4.24,-7.292,-0.4461430527473538,-1.0874534559732068,-0.7667982543602803,2.8984154969347404,2.55,15.0,-40.0,DRUGLIKE_CONCAT
HighDiv_1019,HighDiv,OCC1=NC=C(Cl)C=C1C#C[C@@H](O)C1=CSC=N1,7/000000031,C12H9N2O2SCl,280.0,1.0,4.11,-7.638,-0.8278303875537594,-0.7058370933862853,-0.7668337404700223,3.822112162069644,1.24,5.09,-190.0,HIGHDIVERSITY_CONCAT
HighDiv_2249,HighDiv,O=C1OC[C@H]1NNCC1=C(I)N=CC(O)=C1S,30/000000009,C9H10N3O3SI,367.0,1.77,4.1,-7.664,-0.8571909517696387,-0.6771607193190602,-0.7671758355443494,4.3885837280463305,6.74,17.4,-150.0,HIGHDIVERSITY_MAYBRIDGE
HighDiv_1822,HighDiv,C=C[C@H](COC1=CC=C(CC)C(O)=C1)OC(=O)CS,23/000000003,C14H18O4S,282.0,2.9,4.15,-7.53,-0.7103881306902498,-0.8249543395116824,-0.767671235100966,3.301777754088846,2.81,3.58,-170.0,HIGHDIVERSITY_LANAPDB
Druglike_1482,Druglike,C=CC[C@H]1C=C(CO)OC(C(=O)NCCO)=C1,20/000000143,C12H17NO4,239.0,-0.34,4.36,-6.969,-0.09381628215682498,-1.4437022568852746,-0.7687592695210498,4.083502876982502,3.48,17.4,-150.0,DRUGLIKE_LANAPDB
Druglike_1688,Druglike,CCCCCCC1=NC=C(C2=C(CN)NC(CCN)=C2)N1,4/000000206,C16H28N5,290.0,0.97,4.03,-7.847,-1.0627149012807786,-0.47532316338435826,-0.7690190323325684,3.5091436204321695,1.5,20.7,-120.0,DRUGLIKE_LANAPDB
HighDiv_1195,HighDiv,NC(=S)C(=O)C1=CC(N=O)=C(Br)C(O)=C1,12/000000442,C8H5N2O3SBr,289.0,1.02,4.0,-7.926,-1.1507965939284115,-0.3881911037185586,-0.769493848823485,3.38061477560865,3.61,2.35,0.0,HIGHDIVERSITY_CONCAT
Druglike_1712,Druglike,C=CC1=C(C2=CN=C(CF)N2)C=C(C(C)=O)N1,4/000000013,C12H12N3OF,233.0,1.35,4.01,-7.899,-1.1214360297125348,-0.4179704152499081,-0.7697032224812215,3.535848905899476,4.4,21.4,-140.0,DRUGLIKE_LANAPDB
HighDiv_851,HighDiv,O=NC1=CC(C(=O)[C@@]2(F)CCNC2)=CC(O)=C1Br,12/000000942,C11H10N2O3FBr,317.0,1.3,4.21,-7.366,-0.5342247453949867,-1.0058360836280273,-0.770030414511507,4.124993536157741,3.47,2.35,-190.0,HIGHDIVERSITY_CONCAT
HighDiv_678,HighDiv,NC/C(=C\C=S)C(=O)C1=CC(N=O)=C(Br)C=C1O,12/000000541,C11H9N2O3SBr,329.0,0.83,4.34,-7.019,-0.15253741058858108,-1.3885553836790723,-0.7705463971338267,3.841676002914992,4.15,2.35,-20.0,HIGHDIVERSITY_CONCAT
HighDiv_1415,HighDiv,CCC1=NN=C(C2=C(CS)C(O)=CN=C2CO)S1,1/000000264,C11H13N3O2S2,283.0,1.31,4.24,-7.284,-0.4461430527473538,-1.0962769556861993,-0.7712100042167765,3.3251465029149916,8.81,20.4,-140.0,HIGHDIVERSITY_CRAFT
Druglike_531,Druglike,O=C(O)C1=CN=C(O)N=C1[C@H](F)CCO,29/000000180,C8H9N2O4F,216.0,-0.4,4.25,-7.257,-0.41678248853147704,-1.1260562672175487,-0.7714193778745129,3.717701958954045,8.05,14.5,-150.0,DRUGLIKE_CONCAT
HighDiv_1116,HighDiv,O=C(O)CSCCC1=CC(O)=CC(N2CCNC2=O)=C1,28/000000302,C13H16N2O4S,296.0,0.65,4.04,-7.816,-1.0333543370649019,-0.5095142247722044,-0.7714342809185532,2.651992443743086,2.27,19.1,-140.0,HIGHDIVERSITY_CONCAT
HighDiv_1516,HighDiv,C#C[C@@H](O)C1=CC2=C(C=C1CO)NN=C2,22/000000014,C11H10N2O2,202.0,0.66,4.07,-7.736,-0.945272644417269,-0.5977492219021285,-0.7715109331596988,3.621698827085913,3.63,15.4,-190.0,HIGHDIVERSITY_CRAFT
Druglike_1989,Druglike,C[C@@H](C#CC1=NC=CC(I)=C1O)C(=O)O,18/000000006,C10H8NO3I,317.0,1.82,4.1,-7.656,-0.8571909517696387,-0.6859842190320526,-0.7715875854008456,3.8565650358771206,4.48,15.1,-170.0,DRUGLIKE_MAYBRIDGE
HighDiv_2116,HighDiv,O=C(CO)NC[C@@H](Br)C1=CC=CC(F)=C1,24/000000003,C10H11NO2FBr,276.0,1.32,4.32,-7.07,-0.2112585390203346,-1.3323055730087454,-0.77178205601454,2.847803919554421,3.6,2.35,-150.0,HIGHDIVERSITY_MAYBRIDGE
Druglike_1912,Druglike,O=C1C=C(CO)NC(C2=NN=CO2)=C1CO,15/000000299,C9H9N3O4,223.0,-0.38,4.22,-7.333,-0.5048641811791099,-1.0422330199441203,-0.7735486005616151,3.356170013809871,4.19,21.0,-120.0,DRUGLIKE_MAYBRIDGE
HighDiv_849,HighDiv,NOC1=C(Br)C(F)=CC(C(=O)O)=C1,12/000001157,C7H5NO3FBr,250.0,1.13,4.21,-7.359,-0.5342247453949867,-1.0135566458768952,-0.7738906956359409,2.6330071708233067,4.69,13.4,0.0,HIGHDIVERSITY_CONCAT
Druglike_706,Druglike,NC/C=C/[C@@H](O)CCC1=CC(CO)=CC(Cl)=C1,21/000000197,C13H18NO2Cl,255.0,1.46,4.16,-7.492,-0.681027566474373,-0.8668659631483966,-0.7739467648113848,3.0975182615978856,3.02,3.72,-150.0,DRUGLIKE_CONCAT
HighDiv_2208,HighDiv,C=C[C@H](C(=O)O)C1=CC=C(CC(=O)O)C(Cl)=C1,27/000000580,C12H11O4Cl,254.0,2.07,4.16,-7.491,-0.681027566474373,-0.867968900612521,-0.7744982335434469,2.996086575836838,4.58,3.58,-150.0,HIGHDIVERSITY_MAYBRIDGE
Druglike_631,Druglike,OCC1=CC(O)=CC(N2C=NOC2)=C1,28/000000005,C9H10N2O3,194.0,1.53,4.19,-7.41,-0.5929458738267401,-0.9573068352065686,-0.7751263545166543,3.535674431845985,1.83,11.7,-120.0,DRUGLIKE_CONCAT
Druglike_2032,Druglike,O=C(CC1=C(C(=O)O)C=CC(C(=O)O)=C1)NCCF,5/000000058,C12H11NO5F,268.0,0.66,4.05,-7.782,-1.0039937728490251,-0.5470140985524219,-0.7755039357007235,2.1664317489543823,7.52,2.22,0.0,DRUGLIKE_MAYBRIDGE
HighDiv_1413,HighDiv,O=C(C#CC1=C(O)C(O)=CN=C1CS)N[C@@H](S)C(=O)O,1/000000464,C11H10N2O5S2,314.0,0.28,4.24,-7.273,-0.4461430527473538,-1.108409267791564,-0.7772761602694589,4.394083017254192,7.11,23.8,-150.0,HIGHDIVERSITY_CRAFT
HighDiv_2065,HighDiv,OC1=C(S)C(/C=C/[C@@H](Cl)CS)=C(I)N=C1,30/000000119,C9H9NOS2ClI,373.0,3.51,4.48,-6.632,0.25851048843370383,-1.8153921822950803,-0.7784408469306883,4.690619266646352,6.09,3.58,-150.0,HIGHDIVERSITY_MAYBRIDGE
HighDiv_1142,HighDiv,O=NC1=CC(C(=O)[C@@H](F)CCO)=CC(O)=C1Br,12/000000950,C10H9NO4FBr,306.0,1.41,4.03,-7.827,-1.0627149012807786,-0.49738191266683973,-0.7800484069738092,3.7776588835291465,3.97,2.35,-190.0,HIGHDIVERSITY_CONCAT
Druglike_747,Druglike,OC1=CC(Cl)=CC(C2=NNN=C2)=C1,28/000000121,C8H6N3OCl,195.0,3.23,4.14,-7.534,-0.7397486949061292,-0.8205425896551867,-0.7801456422806579,2.6287661533352296,0.95,14.3,-120.0,DRUGLIKE_CONCAT
Druglike_680,Druglike,NC/C(=C\C1=CC=C(Cl)C(Cl)=C1)CC(=O)NCCO,13/000000179,C13H17N2O2Cl2,303.0,1.12,4.17,-7.454,-0.6516670022584963,-0.9087775867851108,-0.7802222945218036,2.997179416897298,8.48,3.58,0.0,DRUGLIKE_CONCAT
Druglike_916,Druglike,CNC/C=C/C1=NC(C(=O)C2=NN=CO2)=C[C@@H](CO)N1,18/000000018,C12H15N5O3,277.0,0.07,4.05,-7.773,-1.0039937728490251,-0.5569405357295387,-0.7804671542892819,4.686836680075978,3.01,5.09,-170.0,DRUGLIKE_CONCAT
Druglike_768,Druglike,O=C(O)CC1=C([C@@H](CCCO)N2C=NOC2)ON=C1O,3/000000012,C11H15N3O6,285.0,0.88,4.13,-7.559,-0.7691092591220059,-0.792969153052085,-0.7810392060870455,4.392930679497609,1.92,22.7,-170.0,DRUGLIKE_CONCAT
Druglike_816,Druglike,COC1=NC=CC([C@@H](C(=O)O)C2=NNC(CCl)=C2)=N1,29/000000021,C11H11N4O3Cl,282.0,0.72,4.1,-7.638,-0.8571909517696387,-0.7058370933862853,-0.781514022577962,3.6903517241681136,5.59,3.58,-170.0,DRUGLIKE_CONCAT
Druglike_1811,Druglike,C=C[C@H](Br)C1=C(CO)NC(C(=O)O)=C1,5/000000080,C9H10NO3Br,260.0,0.76,4.4,-6.839,0.023625974706684625,-1.587084127221401,-0.7817290762573581,3.9938410370688775,6.86,16.1,-150.0,DRUGLIKE_MAYBRIDGE
HighDiv_1055,HighDiv,OCC1=NOC(C2=CC(O)=C(F)C=C2O)=N1,6/000000045,C9H7N2O4F,226.0,0.7,4.08,-7.69,-0.9159120802013923,-0.6484843452518342,-0.7821982127266132,2.750039034788891,2.96,18.1,-120.0,HIGHDIVERSITY_CONCAT
HighDiv_1177,HighDiv,NN[C@H](/C=C/CC/C=C/C1=NN=C(S)O1)C1=CNN=C1,30/000000003,C12H16N6OS,292.0,2.02,4.01,-7.876,-1.1214360297125348,-0.4433379769247609,-0.7823870033186479,4.500559715117163,4.11,3.58,-150.0,HIGHDIVERSITY_CONCAT
HighDiv_1485,HighDiv,NNCCNC1=CC=C(O)C(C2=NNC=C2CO)=C1,3/000000010,C12H17N5O2,263.0,-0.0,4.11,-7.609,-0.8278303875537594,-0.7378222798458827,-0.782826333699821,3.1479899691655433,2.01,18.4,-140.0,HIGHDIVERSITY_CRAFT
Druglike_905,Druglike,C[C@H](O)C1=NC(I)=C(C#CC2=CNC=C2)C=C1,26/000000002,C13H11N2OI,338.0,3.05,4.06,-7.742,-0.9746332086331483,-0.591131597117384,-0.7828824028752661,3.9192129219906846,6.31,17.3,-170.0,DRUGLIKE_CONCAT
HighDiv_887,HighDiv,NOC1=C(Br)C([SH](=O)=O)=CC(C(=O)O)=C1,12/000000203,C7H6NO5SBr,296.0,-0.04,4.19,-7.395,-0.5929458738267401,-0.9738508971684299,-0.783398385497585,3.6309638880346857,5.05,16.2,0.0,HIGHDIVERSITY_CONCAT
HighDiv_1025,HighDiv,C=CC1=C(I)C(CO)=NC=C1C1=NNN=C1,7/000000003,C10H9N4OI,328.0,2.62,4.1,-7.634,-0.8571909517696387,-0.710248843242781,-0.7837198975062099,3.5548930907329472,5.07,17.7,-120.0,HIGHDIVERSITY_CONCAT
Druglike_1983,Druglike,O=C(O)CCNC(=O)C1=CC=CC(C[C@H](O)CO)=C1,27/000000031,C13H17NO5,267.0,-0.36,4.11,-7.602,-0.8278303875537594,-0.7455428420947506,-0.7866866148242551,2.3569508310119236,6.54,3.58,-150.0,DRUGLIKE_MAYBRIDGE
HighDiv_1883,HighDiv,O=P(O)(O)CCOC/C=C/C1=C(Br)C=C(F)C=C1O,24/000000002,C11H13O5PFBr,355.0,1.36,4.05,-7.761,-1.0039937728490251,-0.5701757852990269,-0.7870847790740261,3.1899855951082277,6.66,5.09,0.0,HIGHDIVERSITY_LANAPDB
HighDiv_1509,HighDiv,C=C[C@H](N)C(=O)C1=CC(O)=C(O)C(S)=C1,3/000000124,C10H11NO3S,225.0,0.8,4.08,-7.681,-0.9159120802013923,-0.658410782428951,-0.7871614313151716,3.9165805684215,1.41,2.22,-170.0,HIGHDIVERSITY_CRAFT
Druglike_855,Druglike,C/C(=C\N)C1=NC=CC(C2=NON=C2CO)=N1,4/000000012,C10H11N5O2,233.0,-0.13,4.08,-7.681,-0.9159120802013923,-0.658410782428951,-0.7871614313151716,3.5077675433790176,4.18,18.4,-140.0,DRUGLIKE_CONCAT
HighDiv_1765,HighDiv,N/C=C\C1=C(S)C=C(CO)C([N+](=O)[O-])=C1,10/000000092,C9H10N2O3S,226.0,1.25,4.3,-7.095,-0.2699796674520907,-1.3047321364056448,-0.7873559019288677,3.402785041880839,5.84,2.47,0.0,HIGHDIVERSITY_LANAPDB
HighDiv_1449,HighDiv,OC1=CC(C2=NN=NN2)=CC(Br)=C1I,3/000000014,C7H4N4OBrI,367.0,2.62,4.18,-7.411,-0.6223064380426195,-0.9562038977424451,-0.7892551678925324,3.285301887467286,3.52,16.5,-120.0,HIGHDIVERSITY_CRAFT
Druglike_1554,Druglike,CCCC1=NON=C1/C=C(/CO)C1=NNC(=O)N1,16/000000007,C10H13N5O3,251.0,0.93,4.2,-7.357,-0.5635853096108634,-1.015762520805143,-0.7896739152080032,3.800557507439878,2.87,2.22,-40.0,DRUGLIKE_LANAPDB
HighDiv_1573,HighDiv,CCC1=NC=C(O)C(O)=C1C#CC(=O)NC,1/000000371,C11H12N2O3,220.0,0.59,4.0,-7.887,-1.1507965939284115,-0.43120566481939715,-0.7910011293739043,3.341779960142608,4.54,15.4,-80.0,HIGHDIVERSITY_CRAFT
Druglike_1018,Druglike,O=C(CCO)[C@@H](/C=C/C1=CC=C(Cl)C(Cl)=C1)NCO,13/000000175,C13H15NO3Cl2,303.0,1.44,4.01,-7.86,-1.1214360297125348,-0.4609849763507457,-0.7912105030316402,3.4241404759823366,6.24,2.22,-150.0,DRUGLIKE_CONCAT
Druglike_815,Druglike,CC(=O)/C=C\CC(=O)C1=C(CC(=O)O)C(O)=NO1,3/000000181,C11H11NO6,253.0,-0.11,4.1,-7.619,-0.8571909517696387,-0.7267929052046425,-0.7919919284871406,3.3332625413765307,0.25,2.35,-120.0,DRUGLIKE_CONCAT
Druglike_979,Druglike,O=C(O)C#CC1=CC=C(C2=CC(=O)NN2)C=C1I,26/000000148,C12H7N2O3I,354.0,3.29,4.03,-7.804,-1.0627149012807786,-0.5227494743416926,-0.7927321878112357,3.236722195222685,7.02,20.3,-120.0,DRUGLIKE_CONCAT
Druglike_1310,Druglike,O=C1C=CC(C2=C(CO)N=C(CNCBr)O2)=NN1,15/000000144,C10H12N4O3Br,316.0,-0.21,4.08,-7.67,-0.9159120802013923,-0.6705430945343157,-0.793227587367854,4.077002756308657,1.67,23.5,-120.0,DRUGLIKE_CRAFT
HighDiv_1559,HighDiv,CC#CC[C@@H](Cl)CC1=C(CO)C(C(=O)O)=CC(=O)O1,12/000000005,C13H13O5Cl,284.0,0.58,4.02,-7.829,-1.092075465496658,-0.4951760377385919,-0.7936257516176249,3.857729390009487,3.71,22.3,-170.0,HIGHDIVERSITY_CRAFT
Druglike_1038,Druglike,CCCN1C(C)=NN=C1C#CC1=NN=C(CO)N1,18/000000053,C11H14N6O,246.0,3.22,4.0,-7.881,-1.1507965939284115,-0.43782328960414074,-0.7943099417662761,3.685213616037163,6.48,22.2,-80.0,DRUGLIKE_CONCAT
HighDiv_1529,HighDiv,NC1=C2N=CNC2=NC(N[C@H](/C=C/[N+](=O)[O-])CO)=N1,6/000000003,C9H11N7O3,265.0,-0.3,4.06,-7.72,-0.9746332086331483,-0.6153962213281133,-0.7950147149806308,4.0369314048647755,2.49,20.7,-190.0,HIGHDIVERSITY_CRAFT
Druglike_1678,Druglike,CCC[C@@H](N)C#CC(=O)C1=NNC(O)=C1,21/000000015,C10H13N3O2,207.0,1.43,4.04,-7.773,-1.0333543370649019,-0.5569405357295387,-0.7951474363972203,4.286392287284252,3.33,2.22,-190.0,DRUGLIKE_LANAPDB
Druglike_864,Druglike,C/C=C(/CO)CC1=CC(O)=C(C(=O)OCCC)C=C1,1/000000025,C15H20O4,264.0,2.12,4.08,-7.666,-0.9159120802013923,-0.6749548443908114,-0.7954334622961019,2.5325450973706705,4.81,2.22,-80.0,DRUGLIKE_CONCAT
Druglike_806,Druglike,CCCC#C[C@@H](O)C1=CC(CCO)=CC=C1,17/000000013,C14H18O2,218.0,1.69,4.11,-7.585,-0.8278303875537594,-0.7642927789848599,-0.7960615832693096,3.0116330847292296,6.97,3.58,-170.0,DRUGLIKE_CONCAT
HighDiv_2200,HighDiv,C[C@H](O)C1=C(Br)C(F)=CC=C1/C=C/C=C\CO,24/000000009,C13H14O2FBr,301.0,2.76,4.17,-7.425,-0.6516670022584963,-0.9407627732447081,-0.7962148877516022,3.554139886873627,6.6,2.48,-170.0,HIGHDIVERSITY_MAYBRIDGE
HighDiv_2206,HighDiv,CN[C@@H](/C=C/C1=C(O)C(F)=CC(F)=C1)CO,1/000000015,C11H14NO2F2,230.0,1.45,4.16,-7.45,-0.681027566474373,-0.9131893366416065,-0.7971084515579898,4.268901993494882,2.65,2.22,-170.0,HIGHDIVERSITY_MAYBRIDGE
Druglike_830,Druglike,NCC1=C[C@@H](/C=C/C2=CC(Br)=CN=C2CO)NC(CO)=C1,13/000000110,C15H19N3O2Br,353.0,-0.16,4.1,-7.609,-0.8571909517696387,-0.7378222798458827,-0.7975066158077606,4.774454122903028,5.87,3.84,-150.0,DRUGLIKE_CONCAT
Druglike_803,Druglike,NCCN1C=NN=C1C#CC1=NN=C(CO)N1CCl,18/000000069,C10H13N7OCl,282.0,2.14,4.11,-7.581,-0.8278303875537594,-0.7687045288413556,-0.7982674581975575,4.338715610191184,7.75,24.7,0.0,DRUGLIKE_CONCAT
HighDiv_1141,HighDiv,C=C(CNCCNN)C(=O)C1=CC(N=O)=C(Br)C=C1O,12/000000560,C12H15N4O3Br,343.0,0.51,4.03,-7.793,-1.0627149012807786,-0.5348817864470573,-0.7987983438639179,3.5655491287247703,3.31,3.7,-40.0,HIGHDIVERSITY_CONCAT
HighDiv_905,HighDiv,CNCC1=C(F)C(/C=C/CS(=O)(=O)O)=C(Br)C=C1,20/000000014,C11H13NO3SFBr,338.0,1.61,4.17,-7.42,-0.6516670022584963,-0.9462774605653282,-0.7989722314119123,3.0989452336842227,6.39,5.09,-20.0,HIGHDIVERSITY_CONCAT
Druglike_1623,Druglike,NC1=NC(/C(=C\CO)C2=NNN=C2)=NC=C1,29/000000004,C9H10N6O,218.0,0.43,4.11,-7.578,-0.8278303875537594,-0.7720133412337279,-0.7999218643937436,3.4485357663182317,2.98,18.0,0.0,DRUGLIKE_LANAPDB
Druglike_668,Druglike,OC1=CC(C2=NNN=C2)=CC=C1CBr,28/000000436,C9H8N3OBr,254.0,3.41,4.17,-7.417,-0.6516670022584963,-0.9495862729577006,-0.8006266376080984,2.7680436626152165,4.49,14.9,-120.0,DRUGLIKE_CONCAT
HighDiv_2146,HighDiv,ONC/C=C/C1=CC(F)=CC(F)=C1O,1/000000008,C9H9NO2F2,201.0,2.0,4.26,-7.176,-0.3874219243156003,-1.2153942018115962,-0.8014080630635982,2.9852490067447697,2.71,2.22,0.0,HIGHDIVERSITY_MAYBRIDGE
HighDiv_1470,HighDiv,C[C@H](CO)NC1=CC(O)=C(O)C([N+](=O)[O-])=C1,3/000000028,C9H12N2O5,228.0,0.5,4.14,-7.495,-0.7397486949061292,-0.8635571507560243,-0.8016529228310767,2.9235493484654924,1.42,2.35,-190.0,HIGHDIVERSITY_CRAFT
HighDiv_464,HighDiv,NOC[C@H](N)/C=C/C1=CC=CC(CF)=C1C(N)=S,18/000000002,C12H16N3OSF,269.0,0.09,4.51,-6.51,0.3465921810813341,-1.9499505529182142,-0.80167918591844,3.867370302248792,6.97,18.8,-150.0,HIGHDIVERSITY_CONCAT
Druglike_695,Druglike,O=C(O)CC[C@@H](O)CC1=CC(F)=CC=C1F,16/000000079,C11H11O3F2,229.0,1.23,4.16,-7.441,-0.681027566474373,-0.9231157738187233,-0.8020716701465482,2.469842243942109,4.46,3.58,-150.0,DRUGLIKE_CONCAT
Druglike_746,Druglike,C=CC1=C(Br)C=CN=C1C1=C(C(N)=O)N=C(CNCC(C)=O)O1,7/000000070,C15H15N4O3Br,379.0,0.34,4.14,-7.493,-0.7397486949061292,-0.8657630256842721,-0.8027558602952006,3.254098014732074,5.48,24.5,-160.0,DRUGLIKE_CONCAT
HighDiv_2168,HighDiv,CONCC(=O)CN[C@@H](N)NC1=C(I)N=CC([N+](=O)[O-])=C1Cl,30/000000011,C10H13N6O4ClI,443.0,1.08,4.22,-7.278,-0.5048641811791099,-1.1028945804709438,-0.8038793808250269,4.272354720153052,6.03,24.3,-80.0,HIGHDIVERSITY_MAYBRIDGE
Druglike_1551,Druglike,NCCCC1=C(O)NN=C1C(=O)/C=C/C1=CNC=C1,21/000000013,C13H16N4O2,260.0,0.89,4.21,-7.304,-0.5342247453949867,-1.0742182064037178,-0.8042214758993522,3.397084840960414,4.9,3.72,0.0,DRUGLIKE_LANAPDB
Druglike_480,Druglike,C=C(C1=CC=C(CO)C(O)=C1)[C@H](O)CCCN,28/000000025,C13H19NO3,237.0,0.47,4.28,-7.117,-0.3287007958838442,-1.2804675121949154,-0.8045841540393798,3.2216606226595808,3.84,2.22,-190.0,DRUGLIKE_CONCAT
HighDiv_843,HighDiv,CCCSCC1=CC(O)=CC(C#CC[C@@H](O)CO)=C1,23/000000187,C15H20O3S,280.0,2.4,4.21,-7.303,-0.5342247453949867,-1.075321143867842,-0.8047729446314144,3.3273839447776936,2.69,16.7,-190.0,HIGHDIVERSITY_CONCAT
Druglike_1203,Druglike,NCC[C@@H](/C=C/C1=CC=C(I)C=C1N)C(=O)CN,13/000000034,C13H19N3OI,360.0,0.84,4.39,-6.821,-0.0057345895091947315,-1.6069370015756346,-0.8063357955424146,4.247890867397929,3.75,2.22,-150.0,DRUGLIKE_CRAFT
HighDiv_1137,HighDiv,NC(=S)NC1=CC(O)=C(S)C(CC(=O)O)=C1,29/000000009,C9H10N2O3S2,258.0,0.63,4.03,-7.778,-1.0627149012807786,-0.5514258484089186,-0.8070703748448487,2.9625671566670135,2.29,17.8,-40.0,HIGHDIVERSITY_CONCAT
Druglike_643,Druglike,C=C(CO)C1=NC(NCF)=C2C=NNC2=N1,21/000000173,C9H10N5OF,223.0,0.94,4.19,-7.352,-0.5929458738267401,-1.0212772081257633,-0.8071115409762517,3.7092223215021782,4.08,17.7,-40.0,DRUGLIKE_CONCAT
HighDiv_1913,HighDiv,O=C(CC1=CC=C(SS)C(O)=C1I)OC[C@@H]1NC=NO1,24/000000046,C11H11N2O4S2I,426.0,3.39,4.02,-7.804,-1.092075465496658,-0.5227494743416926,-0.8074124699191754,4.556045789387719,2.61,3.58,-150.0,HIGHDIVERSITY_LANAPDB
Druglike_1489,Druglike,O=C(O)C1=C(C#CCO)N(CCCl)C=C1,6/000000016,C10H10NO3Cl,227.0,1.28,4.34,-6.952,-0.15253741058858108,-1.4624521937753838,-0.8074948021819824,3.182032180717613,6.38,3.85,0.0,DRUGLIKE_LANAPDB
HighDiv_692,HighDiv,NCC1=C(I)C=CC(C/C=C/CNNCF)=C1,5/000000040,C12H17N3FI,349.0,3.5,4.32,-7.004,-0.2112585390203346,-1.4050994456409336,-0.8081789923306341,3.560786774148248,1.0,3.85,-40.0,HIGHDIVERSITY_CONCAT
HighDiv_841,HighDiv,CC[C@@H](/C=C/CC1=CC=C(I)C(CN)=C1)NN,5/000000021,C13H20N3I,345.0,2.74,4.22,-7.27,-0.5048641811791099,-1.1117180801839361,-0.808291130681523,3.692301894985775,2.32,3.85,-170.0,HIGHDIVERSITY_CONCAT
Druglike_409,Druglike,OCC1=C2OCNC2=CC=C1O,21/000000124,C8H9NO3,167.0,0.29,4.35,-6.923,-0.12317684637270433,-1.494437380234981,-0.8088071133038427,3.2259071722675667,1.41,1.11,-40.0,DRUGLIKE_CONCAT
Druglike_1809,Druglike,NC/C=C/C1=NN=C(C2=NC(CN)=CO2)N1CCl,27/000000017,C10H14N6OCl,269.0,0.74,4.41,-6.763,0.052986538922561374,-1.6709073744948293,-0.8089604177861339,4.14240818617291,5.79,24.5,-80.0,DRUGLIKE_MAYBRIDGE
HighDiv_2234,HighDiv,C=C[C@H](NCO)C1=CC=C([N+](=O)[O-])C(NC(N)=O)=C1,29/000000001,C11H14N4O4,266.0,-0.29,4.12,-7.534,-0.7984698233378826,-0.8205425896551867,-0.8095062064965346,3.411717625303604,5.4,19.2,-150.0,HIGHDIVERSITY_MAYBRIDGE
HighDiv_1869,HighDiv,NC[C@H](CCNN)SCC1=C(F)C=C2C=CNC2=C1,25/000000020,C13H20N4SF,283.0,1.46,4.07,-7.667,-0.945272644417269,-0.673851906926688,-0.8095622756719785,4.156444322136183,5.82,18.8,-190.0,HIGHDIVERSITY_LANAPDB
Druglike_209,Druglike,OC/C=C\[C@H](O)C1=CC(Cl)=CC=C1O,21/000000218,C10H11O3Cl,214.0,1.18,4.57,-6.334,0.5227555663765998,-2.144067546604047,-0.8106559901137236,3.222143575639837,4.41,2.35,-150.0,DRUGLIKE_CONCAT
HighDiv_1725,HighDiv,O=C(O)C(/C=C/[N+](=O)[O-])=C(/CO)C1=CC=C(C(=O)O)C=C1O,16/000000036,C13H11NO8,309.0,0.31,4.39,-6.813,-0.0057345895091947315,-1.6157605012886271,-0.8107475453989109,3.1613779990965707,7.42,3.58,-60.0,HIGHDIVERSITY_LANAPDB
Druglike_687,Druglike,O=C(O)CC1=C(C(=O)CC2=NNC=N2)ON=C1O,3/000000005,C9H8N4O5,252.0,-0.37,4.16,-7.425,-0.681027566474373,-0.9407627732447081,-0.8108951698595406,3.7620923490688383,1.24,2.35,-60.0,DRUGLIKE_CONCAT
Druglike_632,Druglike,O=C(O)/C(=C\CCO)C1=CN=C(C2=NOCN2)O1,30/000000008,C10H11N3O5,253.0,-0.21,4.19,-7.345,-0.5929458738267401,-1.0289977703746322,-0.8109718221006862,4.048368367168386,1.05,2.22,-140.0,DRUGLIKE_CONCAT
HighDiv_1859,HighDiv,C[C@@H](OC(=O)C1=CC(O)=C(S)C(O)=C1)C1=CN=CO1,29/000000032,C12H11NO5S,281.0,1.6,4.08,-7.637,-0.9159120802013923,-0.7069400308504098,-0.811426055525901,3.664837221544467,2.62,3.85,-190.0,HIGHDIVERSITY_LANAPDB
HighDiv_1689,HighDiv,C=C(C1=CC=C(SS)C(O)=C1I)[N+](=O)[O-],24/000000008,C8H6NO3S2I,355.0,4.05,4.49,-6.545,0.28787105264958057,-1.9113477416738722,-0.8117383445121458,3.888260929454805,4.02,2.35,0.0,HIGHDIVERSITY_LANAPDB
Druglike_1613,Druglike,N[C@@H](C#CC(=O)C1=NNC(O)=C1)CBr,21/000000014,C8H8N3O2Br,258.0,1.4,4.13,-7.502,-0.7691092591220059,-0.8558365885071563,-0.8124729238145811,4.625181632319999,2.47,2.22,-170.0,DRUGLIKE_LANAPDB
Druglike_853,Druglike,CC1=CC=C(C2=NNN=C2)C=C1O,28/000000085,C9H9N3O,175.0,2.83,4.08,-7.633,-0.9159120802013923,-0.7113517807069054,-0.8136319304541488,2.433651392420469,2.46,13.2,-140.0,DRUGLIKE_CONCAT
Druglike_737,Druglike,NCC1=C[C@@H](/C=C/C2=CN=C(CCl)C(Br)=C2)NC(CO)=C1,13/000000133,C15H18N3OClBr,371.0,1.12,4.14,-7.473,-0.7397486949061292,-0.8878217749667536,-0.8137852349364414,4.814920094219846,5.56,2.47,-150.0,DRUGLIKE_CONCAT
Druglike_1556,Druglike,C=CC1=CC([C@@H](N)CBr)=CC(NC(N)=O)=C1,4/000000110,C11H14N3OBr,284.0,1.24,4.2,-7.313,-0.5635853096108634,-1.0642917692266018,-0.8139385394187326,3.3065749809725222,5.81,3.58,-150.0,DRUGLIKE_LANAPDB
HighDiv_2110,HighDiv,NO[C@@H](CNC1=NN=CS1)C1=CSN=N1,12/000000039,C6H8N6OS2,244.0,1.71,4.34,-6.94,-0.15253741058858108,-1.475687443344872,-0.8141124269667265,4.18145087503796,2.53,2.22,-150.0,HIGHDIVERSITY_MAYBRIDGE
HighDiv_1004,HighDiv,NCC1=C(Br)C(N=O)=CC(C(=O)[C@@H]2COC(N)=N2)=C1,12/000000730,C11H12N4O3Br,328.0,0.33,4.12,-7.52,-0.7984698233378826,-0.8359837141529236,-0.8172267687454031,4.575812961189438,3.69,2.48,-190.0,HIGHDIVERSITY_CONCAT
Druglike_516,Druglike,O=C(N/C=C\CNCCl)C1=CCC=C(CO)O1,23/000000539,C11H16N2O3Cl,259.0,0.26,4.26,-7.146,-0.3874219243156003,-1.2484823257353181,-0.8179521250254592,4.862674274148249,2.66,5.09,-40.0,DRUGLIKE_CONCAT
Druglike_622,Druglike,CNCC/C(C)=C\C1=C(C2=C(CO)C=NN2)NN=N1,23/000000186,C12H18N6O,262.0,0.07,4.2,-7.303,-0.5635853096108634,-1.075321143867842,-0.8194532267393527,3.660500225575799,3.53,24.0,-160.0,DRUGLIKE_CONCAT
Druglike_471,Druglike,C=C(C(=O)O)C1=CC=C(CO)C(O)=C1,28/000000071,C10H10O4,194.0,0.85,4.29,-7.063,-0.2993402316679674,-1.3400261352576144,-0.8196831834627909,2.474427363238915,3.37,2.22,0.0,DRUGLIKE_CONCAT
Druglike_910,Druglike,O=C(O)CC1=C(C(=O)COC2=NOC=C2)ON=C1O,3/000000190,C10H8N2O7,268.0,0.31,4.06,-7.675,-0.9746332086331483,-0.6650284072136956,-0.819830807923422,3.243628043669654,0.98,2.35,-40.0,DRUGLIKE_CONCAT
HighDiv_1124,HighDiv,CC/C(=C\CC(=O)O)C(=O)C1=CC(N=O)=C(Br)C=C1O,12/000001022,C13H12NO5Br,342.0,1.99,4.04,-7.728,-1.0333543370649019,-0.606572721615121,-0.8199635293400114,3.353116375942962,4.21,3.7,-60.0,HIGHDIVERSITY_CONCAT
HighDiv_1133,HighDiv,O=C(O)CCCCNC(=O)C1=CC=C(I)C(CS)=C1,5/000000086,C13H16NO3SI,393.0,3.12,4.03,-7.754,-1.0627149012807786,-0.5778963475478959,-0.8203056244143372,2.3306282334653456,1.31,3.85,-20.0,HIGHDIVERSITY_CONCAT
HighDiv_1099,HighDiv,C=CC(=O)C1=CC(N2C=NN=C2S)=C(Br)C=C1O,12/000000173,C11H8N3O2SBr,326.0,3.83,4.05,-7.699,-1.0039937728490251,-0.6385579080747184,-0.8212758404618717,3.2736028671222126,5.49,20.0,-120.0,HIGHDIVERSITY_CONCAT
HighDiv_858,HighDiv,O=C(CO)C1=CC(O)=C(Br)C(Cl)=C1,12/000000211,C8H6O3ClBr,265.0,1.84,4.21,-7.273,-0.5342247453949867,-1.108409267791564,-0.8213170065932753,2.608527985302942,2.88,2.22,0.0,HIGHDIVERSITY_CONCAT
HighDiv_1508,HighDiv,C=CC1=NC=C(O)C=C1C#C[C@H](C=S)CN,1/000000300,C12H12N2OS,232.0,0.74,4.08,-7.619,-0.9159120802013923,-0.7267929052046425,-0.8213524927030174,4.543613784029929,5.33,17.3,-150.0,HIGHDIVERSITY_CRAFT
Druglike_488,Druglike,CC1=CC=C(N)C(/C=C/[C@H](CN)NCCO)=C1,27/000000042,C13H21N3O,235.0,0.16,4.28,-7.086,-0.3287007958838442,-1.3146585735827607,-0.8216796847333024,3.3524583597975584,5.86,2.22,-170.0,DRUGLIKE_CONCAT
Druglike_441,Druglike,NCC1=C(CC/C=C/[C@H](N)CCl)CC=C1CO,4/000000009,C13H22N2OCl,257.0,-0.3,4.31,-7.006,-0.24061910323621394,-1.4028935707126848,-0.8217563369744494,4.844216461270553,7.3,2.35,-150.0,DRUGLIKE_CONCAT
HighDiv_1052,HighDiv,NC/C=C(\CON)C(=O)C1=C(O)C=C(Br)C(N=O)=C1,12/000000547,C11H12N3O4Br,330.0,-0.11,4.08,-7.618,-0.9159120802013923,-0.7278958426687658,-0.821903961435079,3.7456833326647887,4.61,2.35,-40.0,HIGHDIVERSITY_CONCAT
HighDiv_2322,HighDiv,N=C1NC=C([C@H](O)CC#CC2=C(Cl)N=CN2)S1,27/000000209,C10H9N4OSCl,268.0,1.59,4.01,-7.803,-1.1214360297125348,-0.523852411805817,-0.8226442207591759,4.7161917681445304,2.26,2.22,-150.0,HIGHDIVERSITY_MAYBRIDGE
Druglike_627,Druglike,CC1=NN=C(C#CC2=NN=C(CO)N2)N1C[C@@H](O)CN,18/000000023,C11H15N7O2,277.0,0.99,4.2,-7.297,-0.5635853096108634,-1.0819387686525868,-0.8227620391317251,4.255191119058049,6.93,24.8,-170.0,DRUGLIKE_CONCAT
Druglike_1005,Druglike,O=C(O)C1=CNC(C2=NON=C2)=C1C(=O)O,9/000000038,C8H5N3O5,223.0,0.84,4.02,-7.776,-1.092075465496658,-0.5536317233371665,-0.8228535944169122,3.3109184054182625,8.39,3.58,-80.0,DRUGLIKE_CONCAT
HighDiv_1530,HighDiv,CCNC(=O)N1N=CC2=CC=C(CO)C=C21,22/000000001,C11H13N3O2,219.0,0.97,4.05,-7.696,-1.0039937728490251,-0.6418667204670906,-0.8229302466580579,2.476819244579102,1.73,15.0,-80.0,HIGHDIVERSITY_CRAFT
HighDiv_2309,HighDiv,NOC1=C(/C=C/C2CNNC2)C=C(CCCS)C=C1F,27/000000427,C14H20N3OSF,297.0,2.5,4.03,-7.749,-1.0627149012807786,-0.583411034868516,-0.8230629680746473,3.744940896606013,0.94,3.58,-150.0,HIGHDIVERSITY_MAYBRIDGE
Druglike_732,Druglike,NC1=C(/C=C/CNCCO)C=C(C[C@@H](N)CCF)C=C1,27/000000028,C15H24N3OF,281.0,0.91,4.14,-7.456,-0.7397486949061292,-0.9065717118568619,-0.8231602033814955,3.4165493608162905,4.43,5.09,-150.0,DRUGLIKE_CONCAT
Druglike_1014,Druglike,O=C(O)[C@H](C1=CNC=N1)N1C=CC2=C1C=CC=C2O,30/000000030,C13H10N3O3,256.0,0.89,4.01,-7.802,-1.1214360297125348,-0.5249553492699414,-0.823195689491238,3.497336629828492,2.36,2.22,-190.0,DRUGLIKE_CONCAT
HighDiv_916,HighDiv,CC#CCNCC[C@H]1CC(/C=C/CO)=CC(=O)N1,11/000000001,C14H20N2O2,248.0,-0.02,4.17,-7.376,-0.6516670022584963,-0.994806708986786,-0.8232368556226412,4.238199944875074,2.32,5.09,-170.0,HIGHDIVERSITY_CONCAT
HighDiv_1443,HighDiv,O=NC(=O)C1=CC(O)=C(O)C(S)=C1,3/000000125,C7H5NO4S,199.0,1.15,4.2,-7.294,-0.5635853096108634,-1.0852475810449589,-0.8244164453279111,3.20402662783688,0.54,14.3,-20.0,HIGHDIVERSITY_CRAFT
Druglike_657,Druglike,C=C[C@H](Cl)C1=NC(O)=NC=C1C(=O)O,29/000000027,C8H7N2O3Cl,214.0,0.61,4.18,-7.346,-0.6223064380426195,-1.0278948329105078,-0.8251006354765636,3.9661786670065062,5.35,13.3,-150.0,DRUGLIKE_CONCAT
HighDiv_1806,HighDiv,N/C=C\C1=C(S)C([C@@H](N)O)=CC([N+](=O)[O-])=C1,10/000000087,C9H11N3O3S,241.0,0.71,4.17,-7.372,-0.6516670022584963,-0.9992184588432828,-0.8254427305508896,4.0458526451687895,5.44,16.9,-150.0,HIGHDIVERSITY_LANAPDB
Druglike_679,Druglike,NC1=CC=C(C#C[C@@H](O)CCCCCCO)C(Cl)=C1,15/000000024,C15H20NO2Cl,281.0,2.86,4.17,-7.372,-0.6516670022584963,-0.9992184588432828,-0.8254427305508896,3.047730824313252,1.06,3.58,-190.0,DRUGLIKE_CONCAT
HighDiv_1074,HighDiv,CNCCCCCC1=CC(O)=CC(N2CCNC2=O)=C1,28/000000558,C15H23N3O2,277.0,1.19,4.07,-7.638,-0.945272644417269,-0.7058370933862853,-0.8255548689017771,2.466557090937997,2.36,15.8,-140.0,HIGHDIVERSITY_CONCAT
HighDiv_2257,HighDiv,CC#CCC1=CC(C2=C(CS)C(O)=CN=C2I)=CN1,30/000000080,C14H13N2OSI,384.0,3.26,4.09,-7.584,-0.8865515159855155,-0.7653957164489843,-0.82597361621725,4.023192630026694,10.59,20.4,-140.0,HIGHDIVERSITY_MAYBRIDGE
HighDiv_1513,HighDiv,OCC1=NC=C(C2=CC(O)=CN=C2)C=C1S,1/000000015,C11H10N2O2S,234.0,0.71,4.07,-7.637,-0.945272644417269,-0.7069400308504098,-0.8261063376338393,2.8825146291944854,4.36,11.9,-160.0,HIGHDIVERSITY_CRAFT
HighDiv_1577,HighDiv,C[C@H](F)NC(=O)C#CC1=C(O)C(O)=CN=C1C[SH](=O)=O,1/000000528,C11H11N2O5SF,302.0,-0.17,4.0,-7.823,-1.1507965939284115,-0.5017936625233355,-0.8262951282258735,4.6958351217534675,5.97,23.6,-170.0,HIGHDIVERSITY_CRAFT
Druglike_1640,Druglike,O=C(O)C1=NOC(C2=CN=CO2)=C1C#CCO,6/000000150,C10H6N2O5,234.0,-0.16,4.09,-7.582,-0.8865515159855155,-0.7676015913772322,-0.8270765536813738,3.323019466455941,3.68,24.2,-80.0,DRUGLIKE_LANAPDB
Druglike_1362,Druglike,CCCOCCC1=NC(CO)=C(C2=NNC(=O)C=C2)O1,15/000000031,C13H17N3O4,279.0,0.18,4.01,-7.792,-1.1214360297125348,-0.5359847239111817,-0.8287103768118582,3.0009603298043936,1.99,23.4,-140.0,DRUGLIKE_CRAFT
HighDiv_2184,HighDiv,NC[C@@H](/C=C/C1=C(O)C(F)=CC(F)=C1)CO,1/000000032,C11H13NO2F2,229.0,0.98,4.19,-7.312,-0.5929458738267401,-1.0653947066907252,-0.8291702902587327,3.516366751992198,3.87,2.22,-150.0,HIGHDIVERSITY_MAYBRIDGE
HighDiv_1381,HighDiv,NOCC/C=C/NC1=C(O)C=C(Br)C(C2=NC=C(I)C=C2)=C1,28/000000023,C15H15N3O2BrI,476.0,3.28,4.32,-6.965,-0.2112585390203346,-1.4481140067417713,-0.8296862728810529,3.240511694655739,5.95,17.8,-160.0,HIGHDIVERSITY_CRAFT
Druglike_1335,Druglike,O=C1C=CC(C2=C(CO)N=C(COCCF)O2)=NN1,15/000000064,C11H12N3O4F,269.0,-0.14,4.05,-7.681,-1.0039937728490251,-0.658410782428951,-0.831202277638988,3.2195899691655434,4.74,24.9,-120.0,DRUGLIKE_CRAFT
Druglike_555,Druglike,C=CC1=C(Br)C=CN=C1C1=C(CO)N=C(CN)O1,7/000000055,C12H12N3O2Br,310.0,0.6,4.24,-7.175,-0.4461430527473538,-1.2164971392757207,-0.8313200960115372,3.4233821952226844,5.62,18.1,-120.0,DRUGLIKE_CONCAT
HighDiv_918,HighDiv,NN[C@@H](N)C(=O)C1=CC=C(Br)C([N+](=O)[O-])=C1,12/000000187,C8H9N4O3Br,289.0,0.69,4.17,-7.36,-0.6516670022584963,-1.012453708412771,-0.8320603553356336,3.201280117696262,3.88,2.22,-150.0,HIGHDIVERSITY_CONCAT
Druglike_804,Druglike,O=C(CC1=CC=CC(Cl)=C1O)C1=CN=NN1,21/000000108,C10H8N3O2Cl,237.0,1.38,4.11,-7.519,-0.8278303875537594,-0.8370866516170471,-0.8324585195854033,3.049779244579101,4.88,3.58,0.0,DRUGLIKE_CONCAT
HighDiv_2286,HighDiv,CC(=O)NCCC1=C(Br)C=C(C[C@H](F)C2=CN=CS2)C(S)=C1,16/000000016,C15H16N2OS2FBr,403.0,3.02,4.06,-7.651,-0.9746332086331483,-0.6914989063526727,-0.8330660574929105,3.761760349922004,9.22,3.87,-170.0,HIGHDIVERSITY_MAYBRIDGE
Druglike_1910,Druglike,NC[C@@H](CNC(=O)C1=CC=C(O)C=C1)C(=O)O,27/000000074,C11H14N2O4,238.0,-0.34,4.22,-7.224,-0.5048641811791099,-1.162453203533642,-0.8336586923563759,2.45356630827831,7.26,3.58,-150.0,DRUGLIKE_MAYBRIDGE
HighDiv_1741,HighDiv,NCCC[C@@H](C#CC1=CC(S)=CC=C1I)S(=O)(=O)O,8/000000052,C12H15NO3S2I,412.0,2.46,4.34,-6.904,-0.15253741058858108,-1.5153931920533383,-0.8339653013209597,4.7295646841271335,4.75,21.1,-161.0,HIGHDIVERSITY_LANAPDB
HighDiv_1190,HighDiv,NCCCC#CC1=CC(C#CCC[SH](=O)=O)=CC(O)=C1,23/000000103,C15H17NO3S,291.0,1.92,4.0,-7.809,-1.1507965939284115,-0.5172347870210724,-0.834015690474742,3.687558652534295,1.36,21.5,-20.0,HIGHDIVERSITY_CONCAT
Druglike_964,Druglike,O=C(O)CC1=C(C2=NNC(=O)O2)NC=C1C(=O)O,9/000000009,C9H7N3O6,253.0,0.01,4.03,-7.729,-1.0627149012807786,-0.6054697841509965,-0.8340923427158875,3.101040229759575,8.2,3.72,-80.0,DRUGLIKE_CONCAT
HighDiv_2215,HighDiv,N[C@@H](O)C1=CN=C(I)C(/C=C/C2=CN=CO2)=C1S,30/000000002,C11H10N3O2SI,375.0,1.01,4.15,-7.408,-0.7103881306902498,-0.9595127101348164,-0.8349504204125331,4.432080035372812,7.26,20.0,-150.0,HIGHDIVERSITY_MAYBRIDGE
Druglike_1916,Druglike,C=CCOC1=CC=C(C2=NC=NN2)C=C1CN,21/000000006,C12H14N4O,230.0,1.54,4.21,-7.248,-0.5342247453949867,-1.1359827043946646,-0.8351037248948256,2.56034852846536,5.49,16.5,-120.0,DRUGLIKE_MAYBRIDGE
HighDiv_626,HighDiv,C=CNC1=CC=C(S)C2=C1C=C(CO)O2,10/000000210,C11H11NO2S,221.0,1.74,4.37,-6.822,-0.06445571794094823,-1.6058340641115103,-0.8351448910262292,3.4278968550676536,5.42,14.1,-40.0,HIGHDIVERSITY_CONCAT
Druglike_2047,Druglike,C=CNCC1=C(C(=O)O)C=C(C(=O)CBr)O1,5/000000034,C10H10NO4Br,288.0,0.92,4.03,-7.727,-1.0627149012807786,-0.6076756590792444,-0.8351952801800115,3.435631122933306,6.82,3.72,0.0,DRUGLIKE_MAYBRIDGE
HighDiv_796,HighDiv,CNCC(=O)[C@H](CCO)CCC1=C(Cl)C(Cl)=CC=C1O,19/000000027,C14H19NO3Cl2,319.0,1.88,4.24,-7.167,-0.4461430527473538,-1.225320638988713,-0.8357318458680334,3.2682752765672074,5.57,5.09,-170.0,HIGHDIVERSITY_CONCAT
HighDiv_1467,HighDiv,CC1=NC=C(O)C=C1C#C[C@@H](CN)CO,1/000000062,C11H14N2O2,206.0,-0.22,4.15,-7.405,-0.7103881306902498,-0.9628215225271887,-0.8366048266087192,3.858188159704513,4.99,13.2,-170.0,HIGHDIVERSITY_CRAFT
HighDiv_1191,HighDiv,CC(=O)/C=C\C1=CC(O)=CC(C#C[C@@H](N)CO)=C1,23/000000026,C14H16NO3,246.0,0.9,4.0,-7.804,-1.1507965939284115,-0.5227494743416926,-0.8367730341350521,3.980702484352405,2.12,17.0,-170.0,HIGHDIVERSITY_CONCAT
Druglike_1343,Druglike,O=C1C=CC(C2=C(CO)N=C(CCNCCCl)O2)=NN1,15/000000267,C12H16N4O3Cl,299.0,-0.04,4.03,-7.723,-1.0627149012807786,-0.6120874089357411,-0.8374011551082599,4.092241301464312,4.27,24.7,-120.0,DRUGLIKE_CRAFT
Druglike_1602,Druglike,NC[C@@H](O)/C=C/C1=CC=C(Br)C=C1NC(N)=O,4/000000067,C11H14N3O2Br,300.0,0.31,4.14,-7.429,-0.7397486949061292,-0.9363510233882114,-0.8380498591471703,3.222575672826805,2.93,3.58,-170.0,DRUGLIKE_LANAPDB
HighDiv_1570,HighDiv,O=[N+]([O-])C1=CN=C(CONC[C@H](Cl)CC2=CSN=N2)N1,13/000000001,C9H11N6O3SCl,318.0,2.38,4.01,-7.775,-1.1214360297125348,-0.55473466080129,-0.8380853452569124,4.310243157808772,-0.91,3.58,-190.0,HIGHDIVERSITY_CRAFT
HighDiv_2235,HighDiv,O=C(CCN1C=CCN1)OCC1=CC(Br)=C(I)C=C1S,16/000000034,C13H14N2O2SBrI,469.0,4.03,4.12,-7.481,-0.7984698233378826,-0.8789982752537613,-0.838734049295822,3.6969863997870416,2.84,3.72,-22.0,HIGHDIVERSITY_MAYBRIDGE
HighDiv_1356,HighDiv,NCCCCC/C=C/[C@@H](CO)N1CCNC1=S,29/000000010,C12H23N3OS,257.0,0.93,4.37,-6.815,-0.06445571794094823,-1.6135546263603782,-0.8390051721506632,3.7859061912214536,2.73,3.58,-150.0,HIGHDIVERSITY_CRAFT
Druglike_708,Druglike,C=C(C)C1=C(CC(=O)O)C(O)=NO1,3/000000189,C8H9NO4,183.0,0.68,4.16,-7.374,-0.681027566474373,-0.9970125839150349,-0.8390200751947039,3.2500202929952504,2.34,3.33,-20.0,DRUGLIKE_CONCAT
HighDiv_2178,HighDiv,NNCC1=CC(Br)=CC2=C1C(=O)N(C(=O)[N+](=O)[O-])C2=O,12/000000018,C10H7N4O5Br,343.0,0.53,4.2,-7.267,-0.5635853096108634,-1.1150268925763076,-0.8393061010935855,3.3159825588166916,5.95,5.09,-40.0,HIGHDIVERSITY_MAYBRIDGE
Druglike_1940,Druglike,C=C[C@@H](CNC(=O)C1=CC=C(O)C=C1)C(=O)O,27/000000085,C12H13NO4,235.0,0.96,4.16,-7.373,-0.681027566474373,-0.9981155213791583,-0.8395715439267657,2.7542957397164365,6.92,3.58,-150.0,DRUGLIKE_MAYBRIDGE
Druglike_580,Druglike,C[C@H](N)CCCC1=NC(O)=NC=C1C(=O)O,29/000000116,C10H15N3O3,225.0,0.21,4.22,-7.211,-0.5048641811791099,-1.1767913905672545,-0.8408277858731822,3.3271832099528433,5.89,3.85,-170.0,DRUGLIKE_CONCAT
Druglike_766,Druglike,O=C1N(CBr)N=C(CCO)N1CC[C@H]1CCCN1,21/000000107,C11H19N4O2Br,319.0,0.49,4.13,-7.45,-0.7691092591220059,-0.9131893366416065,-0.8411492978818063,3.5885356914814093,4.68,5.09,-150.0,DRUGLIKE_CONCAT
HighDiv_1138,HighDiv,CC(=C\N)/C=C(\CON)C(=O)C1=CC(N=O)=C(Br)C=C1O,12/000000491,C13H14N3O4Br,356.0,0.35,4.03,-7.712,-1.0627149012807786,-0.6242197210411058,-0.8434673111609422,3.926008455597004,4.49,5.21,-90.0,HIGHDIVERSITY_CONCAT
HighDiv_1156,HighDiv,CNC/C(=C\CN)C(=O)C1=CC(N=O)=C(Br)C=C1O,12/000000479,C12H16N3O3Br,330.0,0.72,4.02,-7.737,-1.092075465496658,-0.5966462844380042,-0.844360874967331,4.705857088320898,4.03,2.35,-40.0,HIGHDIVERSITY_CONCAT
Druglike_1631,Druglike,CC(=O)CCNC(=O)C1=CCC=C(CO)O1,20/000000044,C11H15NO4,225.0,-0.39,4.1,-7.524,-0.8571909517696387,-0.8315719642964269,-0.8443814580330328,3.29890057325043,0.7,5.09,-80.0,DRUGLIKE_LANAPDB
HighDiv_1895,HighDiv,O=C(CC1=NN=CN1)C1=CC(O)=C(S)C(O)=C1,29/000000030,C10H9N3O3S,251.0,1.99,4.04,-7.681,-1.0333543370649019,-0.658410782428951,-0.8458825597469264,3.543652833886382,2.03,2.22,-60.0,HIGHDIVERSITY_LANAPDB
HighDiv_2240,HighDiv,OCC[C@@H](/C=C/C1=C(O)C(F)=CC(F)=C1)CO,1/000000011,C12H14O3F2,244.0,1.41,4.12,-7.466,-0.7984698233378826,-0.8955423372156217,-0.8470060802767522,3.4369863751679413,3.41,2.22,-150.0,HIGHDIVERSITY_MAYBRIDGE
Druglike_2024,Druglike,CCOCCC1=CC(O)=CC(C#CC(=O)OCCNC)=C1,1/000000075,C16H22NO4,292.0,2.12,4.06,-7.624,-0.9746332086331483,-0.7212782178840222,-0.8479557132585853,3.570372173235298,0.37,18.4,-130.0,DRUGLIKE_MAYBRIDGE
HighDiv_1056,HighDiv,OCC1=CC(F)=C(O)C=C1C1=NON=C1,6/000000004,C9H7N2O3F,210.0,1.91,4.08,-7.57,-0.9159120802013923,-0.7808368409467203,-0.8483744605740563,3.2358869649577633,3.55,16.9,-120.0,HIGHDIVERSITY_CONCAT
Druglike_553,Druglike,C=C(C(C)=O)C1=C(CC(=O)O)C(O)=NO1,3/000000134,C9H9NO5,211.0,0.29,4.24,-7.144,-0.4461430527473538,-1.250688200663566,-0.8484156267054599,3.3570869649577633,1.34,4.69,-20.0,DRUGLIKE_CONCAT
HighDiv_885,HighDiv,NCOC1=C(F)C(/C=C/CS(=O)(=O)O)=C(Br)C=C1,20/000000020,C10H11NO4SFBr,340.0,1.38,4.19,-7.274,-0.5929458738267401,-1.1073063303274395,-0.8501261020770898,3.210089464453453,8.0,3.58,0.0,HIGHDIVERSITY_CONCAT
HighDiv_2223,HighDiv,NOC1=C(C2=CNC(C=S)=N2)C=CC=C1F,27/000000227,C10H8N3OSF,237.0,0.88,4.14,-7.406,-0.7397486949061292,-0.9617185850630652,-0.8507336399845972,3.5784838599637165,3.26,2.22,-120.0,HIGHDIVERSITY_MAYBRIDGE
HighDiv_1854,HighDiv,O=C(O)C1=CC=CC2=C1C=CN2CCCCCO,3/000000010,C14H17NO3,247.0,2.46,4.1,-7.511,-0.8571909517696387,-0.8459101513300394,-0.851550551549839,2.0249864667158963,3.02,3.58,-40.0,HIGHDIVERSITY_LANAPDB
HighDiv_997,HighDiv,NC/C=C(\C=C/CO)C(=O)C1=C(O)C=C(Br)C(N=O)=C1,12/000001069,C13H13N2O4Br,341.0,1.0,4.12,-7.456,-0.7984698233378826,-0.9065717118568619,-0.8525207675973723,3.750210667186309,4.09,3.7,-40.0,HIGHDIVERSITY_CONCAT
Druglike_712,Druglike,NC1=CC(CCF)=CC=C1/C=C/CNCCO,27/000000032,C13H19N2OF,238.0,1.29,4.15,-7.376,-0.7103881306902498,-0.994806708986786,-0.8525974198385179,2.817608889532865,6.15,5.09,0.0,DRUGLIKE_CONCAT
Druglike_1669,Druglike,CC[C@H](N)C1=CC(/C=C/CCO)=CC(NC(N)=O)=C1,4/000000290,C14H21N3O2,263.0,0.35,4.05,-7.642,-1.0039937728490251,-0.7014253435297886,-0.8527095581894069,3.0763756830829294,6.55,15.8,-170.0,DRUGLIKE_LANAPDB
HighDiv_1147,HighDiv,NCOC/C=C(\N)C(=O)C1=CC(Cl)=C(Br)C(O)=C1,12/000000594,C11H12N2O3ClBr,335.0,1.83,4.03,-7.695,-1.0627149012807786,-0.6429696579312141,-0.8528422796059963,3.446278887530376,3.53,2.48,-40.0,HIGHDIVERSITY_CONCAT
Druglike_1670,Druglike,CCCCN1C=C(/C=C/C2=NC=NN2)C(CO)=C1,4/000000062,C13H18N4O,246.0,1.43,4.05,-7.641,-1.0039937728490251,-0.7025282809939131,-0.8532610269214691,3.2902234141575946,3.01,3.58,-60.0,DRUGLIKE_LANAPDB
Druglike_524,Druglike,C=C(CC(=O)C1=C(CC(=O)O)C(O)=NO1)C(C)=O,3/000000032,C11H11NO6,253.0,-0.28,4.25,-7.107,-0.41678248853147704,-1.2914968868361556,-0.8541396876838163,3.40139120340599,1.54,2.35,-140.0,DRUGLIKE_CONCAT
HighDiv_1813,HighDiv,NCC/C=C/[C@H](S)CC1=CC=C(NC(=O)CO)C(Cl)=C1,11/000000065,C14H19N2O2SCl,314.0,1.24,4.16,-7.345,-0.681027566474373,-1.0289977703746322,-0.8550126684245026,3.3528521530240827,7.48,3.58,-150.0,HIGHDIVERSITY_LANAPDB
Druglike_1620,Druglike,C=CC1=CC([C@@H](N)CC)=CC(NC(N)=O)=C1,4/000000117,C12H17N3O,219.0,0.92,4.12,-7.45,-0.7984698233378826,-0.9131893366416065,-0.8558295799897446,2.9894046768580314,5.35,13.4,-170.0,DRUGLIKE_LANAPDB
HighDiv_1186,HighDiv,CCOCCOC1=C(S)C(O)=CC(NC(N)=S)=C1,29/000000073,C11H16N2O3S2,288.0,1.35,4.01,-7.742,-1.1214360297125348,-0.591131597117384,-0.8562838134149593,2.83211966461044,1.1,18.0,-60.0,HIGHDIVERSITY_CONCAT
Druglike_713,Druglike,C[C@@H](N)CC/C=C/C1=CC(O)=CC=C1I,28/000000260,C12H16NOI,317.0,3.38,4.15,-7.369,-0.7103881306902498,-1.002527271235655,-0.8564577009629524,3.304338628747665,6.46,3.58,-170.0,DRUGLIKE_CONCAT
HighDiv_1560,HighDiv,O=C(C#CC1=C(O)C(O)=CN=C1)NCBr,1/000000372,C9H7N2O3Br,271.0,0.77,4.02,-7.715,-1.092075465496658,-0.6209109086487336,-0.8564931870726957,3.6886832126125473,2.52,15.9,0.0,HIGHDIVERSITY_CRAFT
Druglike_1262,Druglike,C/C(=C/C1=CC(Cl)=CN=C1C(=O)[C@H]1C=C(CO)C=CC1)C(=O)O,19/000000014,C17H16NO4Cl,333.0,0.89,4.16,-7.342,-0.681027566474373,-1.0323065827670046,-0.8566670746206888,3.8777043823547306,6.88,3.72,-170.0,DRUGLIKE_CRAFT
HighDiv_1146,HighDiv,NC(=S)C/C=C/C[C@H](S)C1=CC(C(=O)N=O)=CC=C1Br,12/000000059,C13H13N2O2S2Br,373.0,2.75,4.03,-7.686,-1.0627149012807786,-0.6528960951083309,-0.8578054981945548,3.972054763746693,4.64,5.39,-150.0,HIGHDIVERSITY_CONCAT
Druglike_647,Druglike,C/C=C(/C)CC(=O)C1=C(CC(=O)O)C(O)=NO1,3/000000023,C11H13NO5,239.0,0.46,4.19,-7.26,-0.5929458738267401,-1.1227474548251766,-0.8578466643259584,3.402312735686709,1.21,2.35,-140.0,DRUGLIKE_CONCAT
Druglike_1667,Druglike,NCC1=CC(NC(N)=O)=CC(/C=C/CNCCBr)=C1,4/000000300,C13H19N4OBr,327.0,0.74,4.06,-7.606,-0.9746332086331483,-0.741131092238255,-0.8578821504357017,2.820364183002022,3.42,5.09,0.0,DRUGLIKE_LANAPDB
HighDiv_2232,HighDiv,NC(N)NC1=C(Br)C=C(CCCC2=CC=NO2)C(S)=C1,16/000000042,C13H16N4OSBr,356.0,2.92,4.12,-7.446,-0.7984698233378826,-0.9176010864981031,-0.8580354549179929,3.4190248613255028,5.28,21.3,0.0,HIGHDIVERSITY_MAYBRIDGE
HighDiv_1418,HighDiv,O=C(CO)C1=CC(O)=C(O)C(I)=C1,3/000000166,C8H7O4I,294.0,1.08,4.23,-7.152,-0.47550361696323057,-1.2418647009505734,-0.858684158956902,2.6446827364341647,1.01,2.22,0.0,HIGHDIVERSITY_CRAFT
HighDiv_1846,HighDiv,NCCN1C=NN=C(C(=O)C2=CNC=C2[C@H](N)CCl)C1,3/000000009,C12H18N6OCl,297.0,0.38,4.11,-7.47,-0.8278303875537594,-0.891130587359126,-0.8594804874564427,5.1379749102668395,3.99,3.72,-150.0,HIGHDIVERSITY_LANAPDB
Druglike_662,Druglike,C=C[C@H](F)C1=NC(O)=NC=C1C(=O)O,29/000000030,C8H7N2O3F,198.0,0.48,4.18,-7.283,-0.6223064380426195,-1.0973798931503227,-0.8598431655964711,3.9567707667986074,4.55,14.3,-150.0,DRUGLIKE_CONCAT
Druglike_1665,Druglike,CCC1=NC=C(C2=C(CN)NC(C(=O)CCl)=C2)N1,4/000000211,C12H15N4OCl,266.0,0.34,4.06,-7.601,-0.9746332086331483,-0.7466457795588751,-0.8606394940960117,3.287739733684223,4.04,20.8,-160.0,DRUGLIKE_LANAPDB
Druglike_675,Druglike,NCC/C=C/[C@H](CO)CCC1=NC=CC(Br)=C1I,7/000000068,C13H18N2OBrI,425.0,2.44,4.17,-7.307,-0.6516670022584963,-1.0709093940113454,-0.8612881981349209,3.877876650757427,4.83,3.58,-150.0,DRUGLIKE_CONCAT
HighDiv_2128,HighDiv,C[C@@H](C(=O)O)C1=CC=C(I)C(O)=C1,22/000000028,C9H9O3I,292.0,2.33,4.31,-6.933,-0.24061910323621394,-1.4834080055937409,-0.8620135544149774,2.814156395588819,2.96,3.33,-170.0,HIGHDIVERSITY_MAYBRIDGE
Druglike_461,Druglike,CCCCCC1=NC(CO)=C[C@@H](C(=O)O)N1,18/000000005,C11H18N2O3,226.0,0.07,4.29,-6.986,-0.2993402316679674,-1.4249523199951664,-0.8621462758315669,3.8359683294844737,4.09,15.7,-170.0,DRUGLIKE_CONCAT
HighDiv_884,HighDiv,CSCC1=C(C=S)C(O)=CC(N2CCNC2=O)=C1,28/000000252,C12H14N2O2S2,282.0,1.12,4.19,-7.252,-0.5929458738267401,-1.131570954538169,-0.8622584141824545,3.2736803490688375,4.68,18.8,-140.0,HIGHDIVERSITY_CONCAT
HighDiv_1134,HighDiv,CSCCOCC1=CC(O)=CC(N2CCNC2=O)=C1,28/000000235,C13H18N2O3S,282.0,1.19,4.03,-7.677,-1.0627149012807786,-0.6628225322854477,-0.8627687167831132,2.659605353780927,0.87,16.9,-140.0,HIGHDIVERSITY_CONCAT
Druglike_1662,Druglike,NCNCC1=CC=C(C(N)=O)C=C1C#CC1=CC=CC=C1,19/000000016,C17H17N3O,279.0,2.38,4.06,-7.597,-0.9746332086331483,-0.7510575294153709,-0.8628453690242596,2.432256697355246,5.46,17.4,0.0,DRUGLIKE_LANAPDB
HighDiv_2277,HighDiv,CC(=O)CC1=CC(I)=CC2=C1N[C@H](NCC(=O)[N+](=O)[O-])N2,5/000000003,C12H11N4O4I,402.0,1.73,4.07,-7.569,-0.945272644417269,-0.7819397784108447,-0.8636062114140568,4.206177460582298,4.62,3.72,-72.0,HIGHDIVERSITY_MAYBRIDGE
Druglike_978,Druglike,O=C(O)C1=CN=C(O)N=C1C[C@@H]1C=CCO1,29/000000043,C10H10N2O4,222.0,0.11,4.03,-7.675,-1.0627149012807786,-0.6650284072136956,-0.8638716542472371,4.021297700113844,4.34,3.85,-150.0,DRUGLIKE_CONCAT
HighDiv_985,HighDiv,OCC1=NC=C(C2=NNN=C2)C(Cl)=C1I,7/000000002,C8H6N4OClI,336.0,2.73,4.13,-7.408,-0.7691092591220059,-0.9595127101348164,-0.8643109846284112,3.398961690232488,4.52,17.2,-120.0,HIGHDIVERSITY_CONCAT
HighDiv_2283,HighDiv,OC[C@H]1C=C(/C=C/C2=C(I)N=CC=C2S)OC1,30/000000097,C12H12NO2SI,361.0,2.43,4.06,-7.593,-0.9746332086331483,-0.7554692792718675,-0.8650512439525079,4.567103306606068,7.05,2.22,-150.0,HIGHDIVERSITY_MAYBRIDGE
Druglike_887,Druglike,C=C(N)[C@@H](C)C1=C(CC(=O)O)C(O)=NO1,3/000000087,C9H12N2O4,212.0,0.07,4.07,-7.566,-0.945272644417269,-0.7852485908032171,-0.8652606176102431,3.887013704516175,1.3,17.6,-190.0,DRUGLIKE_CONCAT
HighDiv_2202,HighDiv,O=[N+]([O-])/C=C/C1=CC(O)=C(O)C(Br)=C1,10/000000006,C8H6NO4Br,260.0,2.17,4.17,-7.299,-0.6516670022584963,-1.0797328937243378,-0.865699947991417,2.7831629141744667,-0.17,2.35,-60.0,HIGHDIVERSITY_MAYBRIDGE
HighDiv_1777,HighDiv,O=C(O)C1=C(O)C=C([N+](=O)[O-])C=C1O,29/000000035,C7H4NO6,198.0,0.28,4.25,-7.084,-0.41678248853147704,-1.3168644485110095,-0.8668234685212433,2.3304652010767537,4.9,1.23,0.0,HIGHDIVERSITY_LANAPDB
Druglike_1598,Druglike,C=CC1=C(C(=O)NCCC(C)=O)OC(CO)=CC1,20/000000132,C13H17NO4,251.0,-0.29,4.14,-7.375,-0.7397486949061292,-0.9959096464509104,-0.8678291706785197,3.534373981721899,3.44,19.0,-80.0,DRUGLIKE_LANAPDB
Druglike_2025,Druglike,NCC1=CC(C2=NC=NN2)=CC=C1OCC(=O)O,21/000000018,C11H12N4O3,248.0,0.31,4.06,-7.586,-0.9746332086331483,-0.7631898415207355,-0.8689115250769419,2.396527643186486,5.38,18.3,-120.0,DRUGLIKE_MAYBRIDGE
HighDiv_1526,HighDiv,CC/C(=C\COC1=CC(F)=CC=C1F)[C@@H](N)O,25/000000011,C12H15NO2F2,243.0,1.72,4.06,-7.586,-0.9746332086331483,-0.7631898415207355,-0.8689115250769419,3.2034288500843298,5.79,2.22,-170.0,HIGHDIVERSITY_CRAFT
Druglike_1030,Druglike,O=C(O)CC1=C(C(=O)CC2=CC=CO2)ON=C1O,3/000000040,C11H9NO6,251.0,0.09,4.01,-7.717,-1.1214360297125348,-0.6187050337204857,-0.8700705317165103,2.9576723490688384,2.15,2.35,-60.0,DRUGLIKE_CONCAT
Druglike_1607,Druglike,C#C[C@H](CN)C1=CC(NC(N)=O)=CC=C1,4/000000004,C11H13N3O,203.0,-0.27,4.13,-7.395,-0.7691092591220059,-0.9738508971684299,-0.8714800781452179,3.095312362331155,4.27,14.6,-150.0,DRUGLIKE_LANAPDB
Druglike_763,Druglike,CC[C@H]1OC(=O)C(C#CC(=O)O)=C1CCCO,19/000000013,C12H14O5,238.0,0.72,4.13,-7.388,-0.7691092591220059,-0.981571459417298,-0.8753403592696519,3.9482887163050657,5.59,19.0,-190.0,DRUGLIKE_CONCAT
HighDiv_975,HighDiv,NCOCCNCC(=O)C1=CC(N=O)=C(Br)C=C1,12/000000110,C11H15N3O3Br,317.0,0.66,4.13,-7.388,-0.7691092591220059,-0.981571459417298,-0.8753403592696519,4.115119425991914,3.39,3.85,-60.0,HIGHDIVERSITY_CONCAT
Druglike_1304,Druglike,O=C(CBr)[C@@H]1CC=C(/C(=C\CC2=CC(O)=NO2)CO)O1,4/000000047,C13H14NO5Br,344.0,1.21,4.09,-7.493,-0.8865515159855155,-0.8657630256842721,-0.8761572708348938,4.605103206970137,8.39,3.58,-150.0,DRUGLIKE_CRAFT
HighDiv_2248,HighDiv,NC(=O)NC1=CC(OCCl)=CC=C1[N+](=O)[O-],29/000000015,C8H7N3O4Cl,244.0,0.61,4.1,-7.465,-0.8571909517696387,-0.8966452746797461,-0.8769181132246924,2.3698057204288325,3.35,3.58,0.0,HIGHDIVERSITY_MAYBRIDGE
HighDiv_1878,HighDiv,O=C(CC1=CC=C(SS)C(O)=C1I)OCC1=CN=CO1,24/000000042,C12H10NO4S2I,423.0,2.62,4.06,-7.57,-0.9746332086331483,-0.7808368409467203,-0.8777350247899343,3.44568859758924,2.49,3.58,-20.0,HIGHDIVERSITY_LANAPDB
Druglike_772,Druglike,C[C@H](O)CCC/C=C/C1=CC(O)=CC=C1I,28/000000050,C13H17O2I,332.0,3.81,4.13,-7.381,-0.7691092591220059,-0.9892920216661659,-0.879200640394086,3.1582525952187392,4.91,3.58,-170.0,DRUGLIKE_CONCAT
Druglike_873,Druglike,C/C(=C/CC1=CC=C(Br)C(O)=C1)C(=O)O,28/000000038,C11H11O3Br,271.0,2.59,4.07,-7.54,-0.945272644417269,-0.8139249648704421,-0.8795988046438555,2.5660446572654543,2.16,2.22,-60.0,DRUGLIKE_CONCAT
HighDiv_1863,HighDiv,O=C(O)C1=CC(O)=C(S(=O)(=O)O)C2=C1SC=N2,12/000000017,C8H5NO6S2,275.0,-0.33,4.07,-7.539,-0.945272644417269,-0.8150279023345666,-0.8801502733759178,2.989254274148248,4.95,2.47,-40.0,HIGHDIVERSITY_LANAPDB
Druglike_783,Druglike,CCC1=CC=C(/C=C/CNCCO)C(N)=C1,27/000000005,C13H20N2O,220.0,1.09,4.12,-7.404,-0.7984698233378826,-0.963924459991313,-0.8811971416645978,2.550646936886793,6.07,3.58,-20.0,DRUGLIKE_CONCAT
Druglike_2064,Druglike,O=C(O)[C@H](C#CC1=NC=CC(I)=C1O)CO,18/000000014,C10H8NO4I,333.0,0.69,4.01,-7.696,-1.1214360297125348,-0.6418667204670906,-0.8816513750898127,3.919853335176456,4.52,16.3,-150.0,DRUGLIKE_MAYBRIDGE
HighDiv_2135,HighDiv,O=S(=O)(NO)[C@@H](NCO)SCC1=CC(F)=CC(F)=C1O,1/000000118,C9H12N2O5S2F2,330.0,0.06,4.3,-6.924,-0.2699796674520907,-1.4933344427708568,-0.8816570551114737,3.939816834380463,4.5,24.0,-150.0,HIGHDIVERSITY_MAYBRIDGE
HighDiv_2221,HighDiv,CNCC(=O)CN[C@@H](N)NC1=C(I)N=CC([N+](=O)[O-])=C1Cl,30/000000008,C10H13N6O3ClI,427.0,0.54,4.14,-7.348,-0.7397486949061292,-1.02568895798226,-0.8827188264441945,4.118610427615264,7.92,23.1,-50.0,HIGHDIVERSITY_MAYBRIDGE
Druglike_621,Druglike,NCC1=CC(O)=C(C2=CNNC2)C=C1,7/000000102,C10H14N3O,192.0,1.06,4.2,-7.188,-0.5635853096108634,-1.2021589522421081,-0.8828721309264858,4.049252508769062,5.09,2.22,-120.0,DRUGLIKE_CONCAT
Druglike_1699,Druglike,CC[C@H](O)/C=C/C1=C(F)C=CC=C1NC(N)=O,4/000000171,C12H15N2O2F,238.0,1.23,4.02,-7.667,-1.092075465496658,-0.673851906926688,-0.882963686211673,3.071685706271621,3.8,3.58,-170.0,DRUGLIKE_LANAPDB
HighDiv_1502,HighDiv,O=C1NN=C(/C=C/[C@@H](CO)N2CCNC2=S)C(=O)N1,29/000000015,C10H13N5O3S,283.0,-0.38,4.09,-7.48,-0.8865515159855155,-0.8801012127178847,-0.8833263643517001,4.2425807517443115,3.89,5.09,-150.0,HIGHDIVERSITY_CRAFT
HighDiv_731,HighDiv,C=CC[C@H](N)C1=CC(C/C=C/CNN)=CC=C1I,5/000000037,C14H20N3I,357.0,2.73,4.28,-6.974,-0.3287007958838442,-1.4381875695646544,-0.8834441827242493,3.821004958449735,3.44,3.85,-150.0,HIGHDIVERSITY_CONCAT
HighDiv_2224,HighDiv,OCC1=CN=C(I)C(/C=C/[C@@H]2CCCS2)=C1S,30/000000031,C12H14NOS2I,379.0,3.14,4.14,-7.346,-0.7397486949061292,-1.0278948329105078,-0.8838217639083185,4.460360998913761,7.79,3.72,-150.0,HIGHDIVERSITY_MAYBRIDGE
Druglike_1922,Druglike,CCCCC(=O)C1=C(CN)NC(C(=O)O)=C1,5/000000060,C11H16N2O3,224.0,0.31,4.2,-7.186,-0.5635853096108634,-1.204364827170356,-0.8839750683906097,2.755202142611301,4.77,2.35,-20.0,DRUGLIKE_MAYBRIDGE
Druglike_453,Druglike,O=C(O)C1=CN=C(O)N=C1CCC[C@H]1CCNCCO1,29/000000029,C13H19N3O4,281.0,0.14,4.3,-6.919,-0.2699796674520907,-1.498849130091478,-0.8844143987717843,3.4464812144889354,6.9,5.39,-150.0,DRUGLIKE_CONCAT
HighDiv_1818,HighDiv,O=C(C1=CNC=C1CCO)C1=NN(C(=O)O)C=C1Br,3/000000028,C11H9N3O4Br,327.0,-0.14,4.15,-7.318,-0.7103881306902498,-1.0587770819059819,-0.8845826062981158,3.4394255707434525,6.75,3.58,0.0,HIGHDIVERSITY_LANAPDB
HighDiv_1928,HighDiv,CCCCC1=CC(CO)=C(C(=O)C2=NN=C(CS)O2)C=C1,27/000000015,C15H18N2O3S,306.0,3.27,4.01,-7.69,-1.1214360297125348,-0.6484843452518342,-0.8849601874821844,2.827826410523434,3.65,5.09,-40.0,HIGHDIVERSITY_LANAPDB
HighDiv_1455,HighDiv,NC1=C(O)C=C(C(=O)C[C@H](CCl)[N+](=O)[O-])C=C1Br,3/000000041,C10H10N2O4ClBr,337.0,2.11,4.17,-7.264,-0.6516670022584963,-1.1183357049686797,-0.885001353613588,3.684236009186233,1.46,2.22,-170.0,HIGHDIVERSITY_CRAFT
HighDiv_1167,HighDiv,NC(N)NCC#CC1=CC(O)=CC(C#CCC[SH](=O)=O)=C1,23/000000073,C14H16N3O3S,306.0,1.13,4.02,-7.662,-1.092075465496658,-0.679366594247308,-0.8857210298719831,3.950466697355246,1.63,24.4,-90.0,HIGHDIVERSITY_CONCAT
Druglike_1499,Druglike,CCNC(=O)C1=CCC=C(CO)O1,20/000000030,C9H13NO3,183.0,0.22,4.31,-6.89,-0.24061910323621394,-1.5308343165510752,-0.8857267098936445,3.442501288470364,2.04,3.58,-20.0,DRUGLIKE_LANAPDB
Druglike_2005,Druglike,CC/C=C(\C)CC(=O)C1=C(CN)NC(C(=O)O)=C1,5/000000134,C13H18N2O3,250.0,0.19,4.08,-7.502,-0.9159120802013923,-0.8558365885071563,-0.8858743343542743,3.2409173490688374,3.9,2.35,-140.0,DRUGLIKE_MAYBRIDGE
HighDiv_954,HighDiv,NOC1=C(Br)C(CN=O)=CC(C(=O)O)=C1,12/000001450,C8H7N2O4Br,275.0,0.14,4.15,-7.315,-0.7103881306902498,-1.062085894298353,-0.8862370124943014,3.10913581111161,3.86,15.5,0.0,HIGHDIVERSITY_CONCAT
HighDiv_1094,HighDiv,CSC/C=C/CCC1=C(CO)N=C(C(=O)O)O1,3/000000247,C11H15NO4S,257.0,0.65,4.05,-7.581,-1.0039937728490251,-0.7687045288413556,-0.8863491508451904,3.55141551801077,3.0,3.85,-20.0,HIGHDIVERSITY_CONCAT
HighDiv_872,HighDiv,CC/C=C(\CC(=O)O)C(=O)C1=CC(N=O)=C(Br)C=C1O,12/000000472,C13H12NO5Br,342.0,1.99,4.2,-7.181,-0.5635853096108634,-1.2098795144909762,-0.8867324120509198,3.331349177104064,4.46,3.7,-40.0,HIGHDIVERSITY_CONCAT
HighDiv_1910,HighDiv,OC1=CC(C2=NN=CO2)=CC(CCCCS)=C1,27/000000038,C12H14N2O2S,250.0,3.93,4.03,-7.632,-1.0627149012807786,-0.7124547181710299,-0.8875848097259043,2.730071291416694,-0.02,17.3,-140.0,HIGHDIVERSITY_LANAPDB
Druglike_1357,Druglike,NC1=NC=C(CC[C@](N)(O)C2=NN=CO2)C=C1,25/000000005,C10H13N5O2,235.0,0.17,4.02,-7.658,-1.092075465496658,-0.6837783441038038,-0.887926904800231,3.722084075836838,2.55,2.22,-190.0,DRUGLIKE_CRAFT
HighDiv_2191,HighDiv,NCCCCN1C=CC(C2=C(CS)C(O)=CN=C2I)=C1,30/000000047,C14H19N3OSI,404.0,2.79,4.18,-7.23,-0.6223064380426195,-1.1558355787488972,-0.8890710083957584,4.039651509677151,8.65,19.0,-120.0,HIGHDIVERSITY_MAYBRIDGE
Druglike_1975,Druglike,OCC1=NC(C2=C(/C=C/CF)N=CN2)=CC=C1,13/000000022,C12H12N3OF,233.0,1.28,4.12,-7.388,-0.7984698233378826,-0.981571459417298,-0.8900206413775903,3.2994223118248582,2.29,17.0,-160.0,DRUGLIKE_MAYBRIDGE
HighDiv_794,HighDiv,O=C(O)C1=NC(CO)=C(C/C=C/CBr)O1,3/000000298,C9H10NO4Br,276.0,0.55,4.24,-7.067,-0.4461430527473538,-1.3356143854011178,-0.8908787190742358,3.623896721055324,2.3,3.85,0.0,HIGHDIVERSITY_CONCAT
Druglike_852,Druglike,O=C(O)C1=CN=C(O)N=C1CCCC(F)F,29/000000189,C9H10N2O3F2,232.0,1.3,4.08,-7.491,-0.9159120802013923,-0.867968900612521,-0.8919404904069566,3.0622196739172045,5.29,3.85,-150.0,DRUGLIKE_CONCAT
Druglike_1700,Druglike,CCCCCCCC1=NC=C(C2=NN=C(CN)N2)O1,2/000000009,C13H22N5O,264.0,2.26,4.02,-7.65,-1.092075465496658,-0.6926018438167962,-0.8923386546567271,3.4028595728951476,-0.26,3.58,-120.0,DRUGLIKE_LANAPDB
HighDiv_1166,HighDiv,C/C=C/CC[C@@H](O)C1=CC=C(CCCN)C=C1,27/000000005,C15H23NO,233.0,2.4,4.02,-7.65,-1.092075465496658,-0.6926018438167962,-0.8923386546567271,2.725426383529145,0.98,3.72,-190.0,HIGHDIVERSITY_CONCAT
HighDiv_1194,HighDiv,O=NC1=C(Br)C=C(O)C(C(=O)/C(=C/[C@@H]2CN2)CCCl)=C1,12/000001085,C13H12N2O3ClBr,359.0,2.31,4.0,-7.703,-1.1507965939284115,-0.6341461582182216,-0.8924713760733165,4.1862034816954115,4.64,3.7,-190.0,HIGHDIVERSITY_CONCAT
HighDiv_793,HighDiv,C[C@H](N)/C=C(\CON)C(=O)C1=CC(N=O)=C(Br)C=C1O,12/000001048,C12H15N3O4Br,345.0,0.42,4.24,-7.064,-0.4461430527473538,-1.3389231977934901,-0.892533125270422,4.543075470084381,4.97,3.7,-190.0,HIGHDIVERSITY_CONCAT
Druglike_502,Druglike,CC[C@@H](CN)C1=NC(O)=NC=C1C(=O)O,29/000000131,C9H13N3O3,211.0,-0.31,4.27,-6.984,-0.35806136009972356,-1.4271581949234142,-0.8926097775115689,3.5608804204925057,7.26,12.6,-170.0,DRUGLIKE_CONCAT
HighDiv_2278,HighDiv,C=C[C@@H](N)COC(=O)C#CC1=CC(O)=CN=C1I,30/000000057,C12H12N2O3I,359.0,2.06,4.07,-7.515,-0.945272644417269,-0.8414984014735437,-0.8933855229454064,4.653357115435606,6.3,18.7,-150.0,HIGHDIVERSITY_MAYBRIDGE
Druglike_936,Druglike,NC[C@@H](C/C=C/C1=C(I)C=CC(O)=C1)C(=O)O,28/000000052,C12H14NO3I,347.0,1.98,4.05,-7.568,-1.0039937728490251,-0.7830427158749692,-0.8935182443619971,3.357611793228142,5.05,3.58,-150.0,DRUGLIKE_CONCAT
Druglike_1267,Druglike,O=C1C=CC(C2=C(CO)OC=C2COCCl)=NN1,15/000000285,C11H11N2O4Cl,270.0,-0.0,4.15,-7.3,-0.7103881306902498,-1.0786299562602144,-0.8945090434752321,3.3087176884353537,4.83,21.9,-120.0,DRUGLIKE_CRAFT
Druglike_743,Druglike,OC1=CC(C2=NNN=C2)=CC=C1CCl,28/000000350,C9H8N3OCl,209.0,3.07,4.14,-7.326,-0.7397486949061292,-1.0499535821929893,-0.8948511385495592,2.7138775087690608,2.98,14.9,-120.0,DRUGLIKE_CONCAT
Druglike_611,Druglike,C/C=C/C(=O)CN1N=CC(CO)=C1C1=CN=NN1,23/000000246,C11H13N5O2,247.0,-0.36,4.2,-7.166,-0.5635853096108634,-1.2264235764528366,-0.89500444303185,3.815098683910467,5.32,24.2,-100.0,DRUGLIKE_CONCAT
Druglike_1354,Druglike,O=C1NN=C(C2=C(CO)N=CO2)C=C1CCl,15/000000152,C9H8N3O3Cl,241.0,-0.1,4.02,-7.645,-1.092075465496658,-0.6981165311374173,-0.8950959983170377,3.3251207830406395,2.53,21.5,-140.0,DRUGLIKE_CRAFT
Druglike_1315,Druglike,O=C1OCC=C1C1=NNN=C1/C=C\CNCO,9/000000003,C10H12N4O3,236.0,0.68,4.08,-7.481,-0.9159120802013923,-0.8789982752537613,-0.8974551777275768,3.909656220773052,5.32,21.8,-80.0,DRUGLIKE_CRAFT
Druglike_723,Druglike,C=C(CO)C1=C(CC(=O)CF)C(O)=NO1,3/000000182,C9H10NO4F,215.0,0.01,4.15,-7.29,-0.7103881306902498,-1.0896593309014546,-0.9000237307958522,3.8718096572654552,2.08,3.72,0.0,DRUGLIKE_CONCAT
Druglike_1295,Druglike,C=C(CCN(CF)CCC)N[C@H]1C=C(CO)C=C(CN)C1,19/000000038,C16H28N3OF,297.0,0.3,4.1,-7.421,-0.8571909517696387,-0.9451745231012039,-0.9011827374354213,4.45932812371227,5.59,5.09,-200.0,DRUGLIKE_CRAFT
Druglike_299,Druglike,O=C(O)[C@H](O)C1=CC=C(I)C(Br)=C1,19/000000012,C8H5O3BrI,356.0,1.92,4.45,-6.488,0.17042879578607098,-1.9742151771289427,-0.9018931906714358,2.948545535860312,4.31,2.22,-150.0,DRUGLIKE_CONCAT
Druglike_2075,Druglike,O=C1C=C(COCCO)NC(C2=CC(CO)=CC=C2)=C1,15/000000163,C15H17NO4,275.0,0.58,4.0,-7.685,-1.1507965939284115,-0.6539990325724553,-0.9023978132504333,2.5699927184683613,4.2,5.09,-180.0,DRUGLIKE_MAYBRIDGE
HighDiv_1135,HighDiv,C=CC1=C(O)C=C(N2CCNC2=O)C=C1,28/000000344,C11H12N2O2,204.0,0.96,4.03,-7.601,-1.0627149012807786,-0.7466457795588751,-0.9046803404198269,2.6020990528698515,3.77,13.0,-120.0,HIGHDIVERSITY_CONCAT
Druglike_750,Druglike,C=CCN1N=CC(CO)=C1C1=CN=NN1,23/000000263,C9H11N5O,205.0,0.05,4.14,-7.308,-0.7397486949061292,-1.069806456547222,-0.9047775757266756,3.736476947068675,5.84,20.8,-80.0,DRUGLIKE_CONCAT
HighDiv_683,HighDiv,NCC1=CC(C/C=C/[C@H](CN)NN)=CC=C1I,5/000000029,C12H20N4I,347.0,1.18,4.33,-6.801,-0.18189797480445782,-1.6289957508581152,-0.9054468628312865,4.295988310697721,2.96,3.85,-150.0,HIGHDIVERSITY_CONCAT
HighDiv_1441,HighDiv,O=[N+]([O-])C1=CC(NCCCS)=CC(O)=C1O,3/000000080,C9H12N2O4S,244.0,1.78,4.2,-7.143,-0.5635853096108634,-1.2517911381276903,-0.9076882238692768,2.6516071515558455,1.05,2.35,-40.0,HIGHDIVERSITY_CRAFT
HighDiv_1045,HighDiv,C=CCC1=C([C@H](C)O)N=C(C(=O)O)O1,3/000000245,C9H11NO4,197.0,0.19,4.09,-7.435,-0.8865515159855155,-0.9297333986034678,-0.9081424572944916,3.8141404133682535,3.91,3.85,-170.0,HIGHDIVERSITY_CONCAT
HighDiv_1906,HighDiv,C#C[C@@H](C)C(=O)OC1=CC=C(SS)C(O)=C1I,24/000000072,C11H9O3S2I,380.0,3.4,4.03,-7.592,-1.0627149012807786,-0.756572216735992,-0.9096435590083853,4.257218883529146,5.44,3.46,-170.0,HIGHDIVERSITY_LANAPDB
HighDiv_2279,HighDiv,C/C=C\NC1=CC=C(CC(=O)O)C=C1Cl,27/000000583,C11H12NO2Cl,225.0,2.48,4.07,-7.481,-0.945272644417269,-0.8789982752537613,-0.9121354598355151,2.3912884658958493,3.87,2.35,-20.0,HIGHDIVERSITY_MAYBRIDGE
HighDiv_1466,HighDiv,CCCC1=CC(O)=C(O)C=C1C(=O)CO,3/000000120,C11H14O4,210.0,0.85,4.15,-7.268,-0.7103881306902498,-1.113923955112184,-0.9121560429012169,2.4310273495731476,3.8,3.58,-20.0,HIGHDIVERSITY_CRAFT
Druglike_1624,Druglike,C#C[C@H](CO)C1=CC(NC(N)=O)=CC=C1,4/000000113,C11H12N2O2,204.0,-0.21,4.11,-7.373,-0.8278303875537594,-0.9981155213791583,-0.9129729544664589,3.004515364207329,4.53,3.85,-150.0,DRUGLIKE_LANAPDB
HighDiv_1740,HighDiv,C/C=C/C[C@@](O)(CO)C(=O)C1=CC=C(SS)C(O)=C1I,24/000000027,C13H15O4S2I,426.0,2.29,4.35,-6.733,-0.12317684637270433,-1.7039954984185512,-0.9135861723956278,4.3482574729871395,4.49,3.7,-170.0,HIGHDIVERSITY_LANAPDB
Druglike_255,Druglike,NC/C=C/[C@@H](CO)C1=NC=C(I)C(Br)=C1,7/000000042,C10H12N2OBrI,383.0,1.68,4.49,-6.36,0.28787105264958057,-2.115391172536821,-0.9137600599436202,4.17608234356943,4.12,3.72,-150.0,DRUGLIKE_CONCAT
Druglike_957,Druglike,COCNC[C@H](O)CNC/C=C/C1=C(F)C=CC(F)=C1,16/000000019,C14H20N2O2F2,286.0,1.35,4.04,-7.557,-1.0333543370649019,-0.7951750279803329,-0.9142646825226174,3.269807327849259,3.45,3.58,-170.0,DRUGLIKE_CONCAT
Druglike_1618,Druglike,OC/C=C(\C1=NC=CN=C1)C1=NNN=C1CBr,29/000000057,C10H10N5OBr,296.0,1.03,4.12,-7.343,-0.7984698233378826,-1.0312036453028801,-0.9148367343203814,3.47612749235861,3.32,18.9,0.0,DRUGLIKE_LANAPDB
HighDiv_1477,HighDiv,C=CC1=CC(=O)OC(C=S)=C1C(=O)O,12/000000006,C9H5O4S,209.0,-0.1,4.13,-7.316,-0.7691092591220059,-1.0609829568342295,-0.9150461079781177,3.4784344318459848,3.54,18.9,0.0,HIGHDIVERSITY_CRAFT
Druglike_2067,Druglike,C[C@H](CF)C1=C(C(=O)O)NC(C(=O)O)=C1,5/000000041,C9H9NO4F,214.0,0.53,4.01,-7.632,-1.1214360297125348,-0.7124547181710299,-0.9169453739417823,3.557610154220317,6.13,18.3,-170.0,DRUGLIKE_MAYBRIDGE
Druglike_741,Druglike,C=CCC(=O)C1=C(CC(=O)O)C(O)=NO1,3/000000193,C9H9NO5,211.0,0.29,4.14,-7.285,-0.7397486949061292,-1.0951740182220748,-0.917461356564102,3.3044911957269933,1.67,2.35,-20.0,DRUGLIKE_CONCAT
HighDiv_1089,HighDiv,COCCCOC1=CC(NC2=C(Br)C(S)=CC(F)=C2)=CN=C1,16/000000006,C15H16N2O2SFBr,387.0,3.4,4.06,-7.494,-0.9746332086331483,-0.8646600882201487,-0.9196466484266486,2.7591255904373764,4.97,18.9,-20.0,HIGHDIVERSITY_CONCAT
Druglike_926,Druglike,CC(=O)[C@H](N)C/C=C/C1=CC(O)=CC=C1I,28/000000267,C12H15NO2I,332.0,2.32,4.05,-7.52,-1.0039937728490251,-0.8359837141529236,-0.9199887435009744,4.028107718002933,5.5,3.58,-170.0,DRUGLIKE_CONCAT
HighDiv_1057,HighDiv,OC[C@H](O)C#CC1=CC=C(CCCS)C(Cl)=C1Cl,19/000000014,C13H14O2SCl2,304.0,3.59,4.08,-7.438,-0.9159120802013923,-0.9264245862110956,-0.9211683332062439,3.6836572724214776,4.34,3.58,-150.0,HIGHDIVERSITY_CONCAT
HighDiv_1079,HighDiv,O=C(O)C1=NC(CO)=C(CC/C=C\CF)O1,3/000000238,C10H12NO4F,229.0,0.24,4.07,-7.464,-0.945272644417269,-0.8977482121438696,-0.9215104282805693,3.5669212026210593,2.67,3.85,0.0,HIGHDIVERSITY_CONCAT
Druglike_1600,Druglike,CCNC(=O)C1=CCC=C(C(=O)O)O1,20/000000120,C9H11NO4,197.0,0.65,4.14,-7.277,-0.7397486949061292,-1.1039975179350672,-0.9218731064205982,3.1857668205099525,2.45,2.48,-20.0,DRUGLIKE_LANAPDB
Druglike_1991,Druglike,CCC1=C(C(=O)O)NC(C(=O)O)=C1,5/000000114,C8H8NO4,182.0,0.03,4.1,-7.382,-0.8571909517696387,-0.9881890842020424,-0.9226900179858406,2.62173884503145,3.59,15.0,-20.0,DRUGLIKE_MAYBRIDGE
HighDiv_1790,HighDiv,NOC1=CC=C(N[C@@H](S)CC[N+](=O)[O-])C=C1,6/000000002,C9H13N3O3S,243.0,0.88,4.21,-7.089,-0.5342247453949867,-1.3113497611903884,-0.9227872532926875,3.651197700113844,3.4,15.9,-150.0,HIGHDIVERSITY_LANAPDB
HighDiv_2265,HighDiv,OC1=NC=C([C@@H](O)C#CCNCCS)C(O)=N1,23/000000003,C10H13N3O3S,255.0,0.04,4.08,-7.435,-0.9159120802013923,-0.9297333986034678,-0.92282273940243,4.336731354887574,1.46,2.22,-170.0,HIGHDIVERSITY_MAYBRIDGE
HighDiv_923,HighDiv,C=CC1=C(C(=O)O)NC(C(=O)O)=N1,3/000000035,C7H6N2O4,182.0,0.06,4.16,-7.222,-0.681027566474373,-1.1646590784618898,-0.9228433224681314,3.244697668560862,3.8,17.4,0.0,HIGHDIVERSITY_CONCAT
HighDiv_2107,HighDiv,CC#CCN[C@@H](N)NC1=C(I)N=CC(O)=C1S,30/000000044,C10H11N4OSI,362.0,1.72,4.35,-6.715,-0.12317684637270433,-1.7238483727727838,-0.9235126095727441,4.596487378512423,7.41,19.1,-20.0,HIGHDIVERSITY_MAYBRIDGE
Druglike_943,Druglike,CC(=O)N[C@H](CO)C/C=C/C1=CC(O)=CC=C1I,28/000000061,C13H16NO3I,361.0,2.17,4.04,-7.54,-1.0333543370649019,-0.8139249648704421,-0.923639650967672,3.358484587963078,7.16,3.58,-170.0,DRUGLIKE_CONCAT
Druglike_968,Druglike,CC1=CC=C(O)C=C1C1=NNN=C1,28/000000129,C9H9N3O,175.0,2.83,4.03,-7.566,-1.0627149012807786,-0.7852485908032171,-0.9239817460419979,2.4617478581169348,1.43,13.2,-140.0,DRUGLIKE_CONCAT
Druglike_942,Druglike,COC1=C(C(=O)O)C2=C(C=C1)NCO2,21/000000112,C9H9NO4,195.0,1.04,4.04,-7.538,-1.0333543370649019,-0.8161308397986899,-0.9247425884317959,2.834794195159594,2.58,2.22,-60.0,DRUGLIKE_CONCAT
HighDiv_1107,HighDiv,CNCC1=NN=C(C2=NON=C2C(=O)O)N1,8/000000005,C7H8N6O3,224.0,1.06,4.05,-7.511,-1.0039937728490251,-0.8459101513300394,-0.9249519620895323,3.404991552271409,1.31,23.1,-140.0,HIGHDIVERSITY_CONCAT
HighDiv_666,HighDiv,NCC1=CC(C/C=C/CNN)=CC=C1I,5/000000005,C11H16N3I,317.0,1.86,4.34,-6.739,-0.15253741058858108,-1.6973778736338065,-0.9249576421111938,3.1923309210017186,1.21,3.85,0.0,HIGHDIVERSITY_CONCAT
Druglike_1972,Druglike,C=CC[C@@H](O)C1=NC2=C(C=CC=C2O)N1,1/000000191,C11H12N2O2,204.0,0.99,4.13,-7.298,-0.7691092591220059,-1.0808358311884623,-0.9249725451552341,3.2452944314815175,1.04,12.7,-190.0,DRUGLIKE_MAYBRIDGE
HighDiv_2173,HighDiv,CC/C=C/CC(=O)NOC1=C(S)C(O)=CN=C1I,30/000000036,C11H13N2O3SI,380.0,2.31,4.21,-7.085,-0.5342247453949867,-1.315761511046885,-0.9249931282209358,3.869595017828649,7.68,17.8,-20.0,HIGHDIVERSITY_MAYBRIDGE
Druglike_556,Druglike,CNC/C=C(\C(=O)O)C1=CC=C(CO)C(O)=C1,28/000000328,C12H15NO4,237.0,0.45,4.24,-7.005,-0.4461430527473538,-1.403996508176809,-0.9250697804620814,2.8168297925428973,3.6,2.22,-60.0,DRUGLIKE_CONCAT
Druglike_1022,Druglike,C=CC1=CN=C(C2=CC(CO)=NN2CCO)C=C1Br,7/000000007,C13H14N3O2Br,324.0,1.1,4.01,-7.617,-1.1214360297125348,-0.7289987801328903,-0.9252174049227125,3.1538919043372893,7.84,18.7,-120.0,DRUGLIKE_CONCAT
HighDiv_1130,HighDiv,O=S(=O)(O)C/C=C/C1=C(F)C(CNCO)=CC=C1Br,20/000000006,C11H13NO4SFBr,354.0,1.04,4.04,-7.537,-1.0333543370649019,-0.8172337772628144,-0.9252940571638582,3.2910055046104905,7.65,5.09,0.0,HIGHDIVERSITY_CONCAT
Druglike_405,Druglike,NCC/C=C/[C@@H](CO)C1=NC=C(I)C(Br)=C1,7/000000067,C11H14N2OBrI,397.0,1.83,4.36,-6.683,-0.09381628215682498,-1.7591423716247534,-0.9264793268907892,4.068055042771187,2.67,3.85,-150.0,DRUGLIKE_CONCAT
HighDiv_981,HighDiv,NCCC1=C(F)C(/C=C/CS(=O)(=O)O)=C(Br)C=C1,20/000000009,C11H13NO3SFBr,338.0,1.38,4.13,-7.291,-0.7691092591220059,-1.0885563934373303,-0.9288328262796681,3.105216387530376,7.01,3.58,0.0,HIGHDIVERSITY_CONCAT
HighDiv_1531,HighDiv,OCC1=CC=C(COCC2=NNC(=S)N2)C(S)=C1,27/000000017,C11H13N3O2S2,283.0,1.92,4.05,-7.503,-1.0039937728490251,-0.8547336510430319,-0.9293637119460285,3.3378516250869374,4.25,2.35,0.0,HIGHDIVERSITY_CRAFT
HighDiv_1489,HighDiv,C=CC1=C([C@H](O)F)C=C2NN=CC2=C1,22/000000003,C10H9N2OF,192.0,2.22,4.11,-7.343,-0.8278303875537594,-1.0312036453028801,-0.9295170164283197,3.6635173844221463,4.63,14.5,-190.0,HIGHDIVERSITY_CRAFT
Druglike_2050,Druglike,NC/C=C/C1=C(C2=CC=CC(CC(=O)O)=N2)NC=N1,13/000000019,C13H14N4O2,258.0,0.32,4.03,-7.554,-1.0627149012807786,-0.7984838403727051,-0.9305993708267419,3.0509668922424664,2.81,18.5,-180.0,DRUGLIKE_MAYBRIDGE
Druglike_630,Druglike,O=C(O)C1=CN=C(O)N=C1CC[C@H]1CN1,29/000000143,C9H11N3O3,209.0,-0.39,4.19,-7.128,-0.5929458738267401,-1.2683352000895507,-0.9306405369581454,3.572950636252356,5.59,3.85,-150.0,DRUGLIKE_CONCAT
HighDiv_2161,HighDiv,OC1=CN=C(I)C(C2=CSC=C2)=C1S,30/000000056,C9H6NOS2I,335.0,3.19,4.23,-7.02,-0.47550361696323057,-1.3874524462149487,-0.9314780315890896,3.453845082733558,7.22,15.7,-120.0,HIGHDIVERSITY_MAYBRIDGE
Druglike_583,Druglike,O=C(O)C1=CN=C(O)N=C1[C@@H](Br)CCl,29/000000073,C7H6N2O3ClBr,281.0,1.19,4.22,-7.046,-0.5048641811791099,-1.3587760721477227,-0.9318201266634163,3.8831391659670063,5.11,2.74,-150.0,DRUGLIKE_CONCAT
Druglike_753,Druglike,OC/C=C/C1=CC2=C(OCN2)C(CO)=C1,21/000000061,C11H13NO3,207.0,0.49,4.14,-7.258,-0.7397486949061292,-1.1249533297534244,-0.9323510123297768,3.318725605387101,3.49,11.8,-40.0,DRUGLIKE_CONCAT
HighDiv_1008,HighDiv,CC#CCC(=O)C1=CC(CNCNC)=C(Br)C(N=O)=C1,12/000000101,C14H16N3O2Br,338.0,1.94,4.11,-7.337,-0.8278303875537594,-1.0378212700876246,-0.932825828820692,3.5910525786082204,2.61,5.24,-100.0,HIGHDIVERSITY_CONCAT
HighDiv_622,HighDiv,C=C[C@H](N)C1=C(I)C=C(O)C([N+](=O)[O-])=C1,5/000000060,C9H9N2O3I,320.0,2.18,4.37,-6.644,-0.06445571794094823,-1.802156932725591,-0.9333063253332696,3.6051628169422103,5.63,2.74,-150.0,HIGHDIVERSITY_CONCAT
Druglike_669,Druglike,C/C=C/C[C@H](CO)C1=CC=CC(CO)=C1,17/000000004,C13H18O2,206.0,1.51,4.17,-7.176,-0.6516670022584963,-1.2153942018115962,-0.9335306020350462,3.002439486426572,4.2,3.85,-170.0,DRUGLIKE_CONCAT
HighDiv_900,HighDiv,N=C1C[C@H](C(=O)C2=CC(OCCO)=C(Br)C(N=O)=C2)CN1,12/000000113,C13H14N3O4Br,356.0,0.89,4.18,-7.149,-0.6223064380426195,-1.2451735133429458,-0.9337399756927827,3.95139390620564,3.39,3.72,-190.0,HIGHDIVERSITY_CONCAT
Druglike_1527,Druglike,C=CCC1=CC(N)=NC=C1N1C=C(CN)N=N1,23/000000038,C11H14N6,230.0,-0.08,4.26,-6.935,-0.3874219243156003,-1.481202130665493,-0.9343120274905466,3.061511774148249,3.09,18.2,-160.0,DRUGLIKE_LANAPDB
Druglike_1969,Druglike,OCC/C=C/C1=C(C2=CC=CC(CO)=N2)NC=N1,13/000000032,C13H15N3O2,245.0,0.3,4.13,-7.281,-0.7691092591220059,-1.0995857680785714,-0.9343475136002887,3.068953887530376,2.73,16.1,-160.0,DRUGLIKE_MAYBRIDGE
HighDiv_2285,HighDiv,NS(=O)(=O)OCC1=CC=C([C@H](C=S)C(=O)O)C=C1Cl,27/000000578,C10H10NO5S2Cl,323.0,0.32,4.06,-7.466,-0.9746332086331483,-0.8955423372156217,-0.9350877729243849,3.5236375529054147,5.2,3.58,-150.0,HIGHDIVERSITY_MAYBRIDGE
HighDiv_1031,HighDiv,C/C=C/C[C@H](S)C1=CC(C(=O)N=O)=CC(N)=C1Br,12/000000033,C12H13N2O2SBr,329.0,2.89,4.1,-7.358,-0.8571909517696387,-1.0146595833410197,-0.9359252675553291,4.039244458449735,3.8,19.0,-170.0,HIGHDIVERSITY_CONCAT
Druglike_1504,Druglike,CC#CCC1=CC=CC=C1O[C@H](CO)C(=O)O,20/000000027,C13H14O4,234.0,1.41,4.29,-6.851,-0.2993402316679674,-1.5738488776519128,-0.9365945546599401,3.0866740717451844,7.07,3.58,-170.0,DRUGLIKE_LANAPDB
HighDiv_1486,HighDiv,O=[N+]([O-])C1=CC(NC[C@@H](S)Cl)=CC(O)=C1O,3/000000032,C8H9N2O4SCl,264.0,1.7,4.11,-7.33,-0.8278303875537594,-1.0455418323364927,-0.936686109945126,3.4183647330808764,1.14,2.35,-190.0,HIGHDIVERSITY_CRAFT
Druglike_2070,Druglike,C=C(C(=O)OCCF)C1=CNC2=C1N=CC(CN)=N2,28/000000005,C12H13N4O2F,264.0,0.61,4.0,-7.618,-1.1507965939284115,-0.7278958426687658,-0.9393462182985887,3.3660123687785086,1.03,19.7,-60.0,DRUGLIKE_MAYBRIDGE
HighDiv_939,HighDiv,CCOCCCNC(=O)C1=CC(CS)=C(I)C=C1,5/000000046,C13H18NO2SI,379.0,3.46,4.15,-7.218,-0.7103881306902498,-1.1690708283183864,-0.9397294795043181,2.3996058875303774,2.26,3.85,-60.0,HIGHDIVERSITY_CONCAT
Druglike_2031,Druglike,C#CCOC1=CC=C(C2=NC=NN2)C=C1CN,21/000000002,C12H12N4O,228.0,1.19,4.05,-7.484,-1.0039937728490251,-0.8756894628613889,-0.939841617855207,2.699474117162378,4.62,18.3,-120.0,DRUGLIKE_MAYBRIDGE
HighDiv_1050,HighDiv,CSCC1=CC(O)=CC(N2CCNC2=O)=C1,28/000000052,C11H14N2O2S,238.0,1.18,4.08,-7.404,-0.9159120802013923,-0.963924459991313,-0.9399182700963526,2.61765001380987,2.42,14.5,-140.0,HIGHDIVERSITY_CONCAT
HighDiv_1786,HighDiv,O=C(O)C1=C(OCCO)C(O)=C(C2=NN=CS2)C=N1,20/000000015,C10H9N3O5S,283.0,0.47,4.21,-7.054,-0.5342247453949867,-1.3499525724347303,-0.9420886589148585,3.067779277341643,1.87,21.9,-160.0,HIGHDIVERSITY_LANAPDB
Druglike_954,Druglike,O=C(O)N1C(C2=NC=C(CCCCCl)C(Br)=C2)=NNC1=O,7/000000005,C12H12N4O3ClBr,375.0,2.82,4.04,-7.506,-1.0333543370649019,-0.8514248386506597,-0.9423895878577808,3.1229346018645296,7.55,21.5,-120.0,DRUGLIKE_CONCAT
Druglike_1518,Druglike,CCC[C@H](CCl)N1C=C(/C=C/CO)C(CO)=C1,4/000000064,C13H20NO2Cl,257.0,1.88,4.27,-6.891,-0.35806136009972356,-1.529731379086951,-0.9438963695933372,3.9893460848384743,2.95,3.58,-170.0,DRUGLIKE_LANAPDB
Druglike_2017,Druglike,CCC[C@@H](N)C1=CC=C(CC#CCO)C(O)=C1,25/000000023,C14H19NO2,233.0,1.64,4.06,-7.45,-0.9746332086331483,-0.9131893366416065,-0.9439112726373774,3.2273657247730076,-0.09,3.58,-170.0,DRUGLIKE_MAYBRIDGE
Druglike_530,Druglike,OC[C@@H](O)/C=C\CC1=CN=C(CBr)C(Br)=C1,13/000000066,C11H13NO2Br2,351.0,1.79,4.25,-6.944,-0.41678248853147704,-1.4712756934883762,-0.9440290910099266,3.71947182598797,6.3,2.35,-150.0,DRUGLIKE_CONCAT
Druglike_1609,Druglike,N[C@@H](O)COC(=O)C1=CC(C(=O)O)=CC=C1,13/000000003,C10H11NO5,225.0,0.26,4.13,-7.261,-0.7691092591220059,-1.121644517361052,-0.945376888241529,2.511969972027977,4.31,2.22,-150.0,DRUGLIKE_LANAPDB
Druglike_1297,Druglike,NCC/C=C(\CNCCO)CC1=CC=CC(I)=C1,10/000000017,C14H21N2OI,360.0,1.55,4.1,-7.34,-0.8571909517696387,-1.0345124576952525,-0.9458517047324455,2.886399136399154,4.5,3.58,0.0,DRUGLIKE_CRAFT
Druglike_755,Druglike,NC1=C2C=NNC2=NC([C@@H](CCCl)C(=O)O)=N1,21/000000007,C9H10N5O2Cl,255.0,0.92,4.14,-7.231,-0.7397486949061292,-1.1547326412847738,-0.9472406680954515,3.6951595054604063,2.64,17.9,-190.0,DRUGLIKE_CONCAT
Druglike_1702,Druglike,O=C(/C=C/C1=NCCCO1)C1=NNC(O)=C1CCCO,21/000000011,C13H17N3O4,279.0,0.6,4.02,-7.55,-1.092075465496658,-0.8028955902292019,-0.9474855278629299,3.6271805727193738,4.1,3.72,-20.0,DRUGLIKE_LANAPDB
HighDiv_1053,HighDiv,O=NC1=C(Br)C(S)=CC(C(=O)OCCO)=C1,12/000000428,C9H8NO4SBr,306.0,1.96,4.08,-7.387,-0.9159120802013923,-0.9826743968814223,-0.9492932385414072,3.1461466864395664,3.73,17.2,-20.0,HIGHDIVERSITY_CONCAT
Druglike_2060,Druglike,O=C(O)[C@@H](C1=CCON1)C1=CC(O)=CC(=O)O1,2/000000006,C10H8NO6,238.0,-0.38,4.02,-7.546,-1.092075465496658,-0.8073073400856976,-0.9496914027911778,4.177029227228,8.75,3.33,-150.0,DRUGLIKE_MAYBRIDGE
Druglike_685,Druglike,O=C(O)C1=CN=C(O)N=C1[C@@H](O)CF,29/000000183,C7H7N2O4F,202.0,-0.32,4.17,-7.146,-0.6516670022584963,-1.2484823257353181,-0.9500746639969072,3.7250460266738674,4.58,13.9,-150.0,DRUGLIKE_CONCAT
Druglike_765,Druglike,COC1=C(O)C=C(C2=NNN=C2)C=C1,28/000000094,C9H9N3O2,191.0,2.52,4.13,-7.247,-0.7691092591220059,-1.137085641858789,-0.9530974504903974,2.325645201076753,3.28,14.4,-140.0,DRUGLIKE_CONCAT
Druglike_2012,Druglike,CCCCOCCC(=O)C1=C(CN)NC(C(=O)O)=C1,5/000000125,C13H20N2O4,268.0,0.12,4.07,-7.406,-0.945272644417269,-0.9617185850630652,-0.9534956147401671,2.800412257133985,5.18,2.35,-110.0,DRUGLIKE_MAYBRIDGE
HighDiv_1575,HighDiv,C=CC1=C(C(=O)O)C(C2=CNNC2)=CC(=O)O1,12/000000002,C11H9N2O4,233.0,0.27,4.0,-7.592,-1.1507965939284115,-0.756572216735992,-0.9536844053322018,3.837147105572143,5.9,20.6,-120.0,HIGHDIVERSITY_CRAFT
HighDiv_1452,HighDiv,C#C[C@H](N)CC(=O)C1=CC=C(O)C(O)=C1,3/000000119,C11H11NO3,205.0,0.48,4.17,-7.134,-0.6516670022584963,-1.2617175753048062,-0.9566922887816512,3.180446958954045,-0.08,2.22,-190.0,HIGHDIVERSITY_CRAFT
HighDiv_1127,HighDiv,CC(=O)C#CCNC(=O)C1=CC(S)=C(I)C=C1S,5/000000078,C12H10NO2S2I,391.0,3.52,4.04,-7.48,-1.0333543370649019,-0.8801012127178847,-0.9567277748913933,3.715947156761146,2.77,3.85,-40.0,HIGHDIVERSITY_CONCAT
Druglike_1686,Druglike,CCNC/C=C/C1=CC(CN)=CC(NC(N)=O)=C1,4/000000283,C13H21N4O,249.0,0.06,4.03,-7.505,-1.0627149012807786,-0.852527776114784,-0.9576213386977813,3.497982502914991,2.26,5.09,-20.0,DRUGLIKE_LANAPDB
Druglike_1307,Druglike,O=C(NCBr)C1=NN=C2C=NC(CO)=CN12,29/000000009,C8H8N5O2Br,286.0,0.58,4.09,-7.344,-0.8865515159855155,-1.0301007078387556,-0.9583261119121356,3.4400315522714084,0.48,23.1,-60.0,DRUGLIKE_CRAFT
HighDiv_1819,HighDiv,C#CC1=C(O)C=C([C@@H](N)CNCCO)C=C1O,29/000000069,C12H16N2O3,236.0,-0.16,4.15,-7.183,-0.7103881306902498,-1.2076736395627283,-0.959030885126489,3.558958950418777,2.75,15.2,-190.0,HIGHDIVERSITY_LANAPDB
HighDiv_857,HighDiv,CNC/C(=C\CCN)C(=O)C1=CC(N=O)=C(Br)C=C1O,12/000000500,C13H16N3O3Br,342.0,0.88,4.21,-7.021,-0.5342247453949867,-1.3863495087508244,-0.9602871270729055,3.5449183594940017,4.05,3.7,-40.0,HIGHDIVERSITY_CONCAT
Druglike_2074,Druglike,NCC1=C[C@H](/C=C/C2=NOC=C2C(=O)O)C1,29/000000008,C11H12N2O3,220.0,-0.07,4.0,-7.58,-1.1507965939284115,-0.76980746630548,-0.9603020301169458,4.1882900078061525,5.79,2.22,-150.0,DRUGLIKE_MAYBRIDGE
HighDiv_778,HighDiv,N/C=C\[C@H](N)C1=CC(C/C=C/CNN)=CC=C1I,5/000000035,C13H19N4I,358.0,1.59,4.25,-6.914,-0.41678248853147704,-1.504363817412098,-0.9605731529717875,4.185405266142043,3.6,3.72,-150.0,HIGHDIVERSITY_CONCAT
HighDiv_984,HighDiv,NC/C=C/C[C@@H](Cl)/C=C/C1=CN=C(CO)C=C1,7/000000017,C13H17N2OCl,252.0,0.96,4.13,-7.233,-0.7691092591220059,-1.152526766356526,-0.9608180127392659,3.746309075836838,5.24,3.58,-150.0,HIGHDIVERSITY_CONCAT
HighDiv_1113,HighDiv,C=CC#C[C@@H](NO)C1=NC=C(C(=O)O)N1,3/000000331,C9H9N3O3,207.0,-0.13,4.04,-7.472,-1.0333543370649019,-0.8889247124308771,-0.9611395247478896,4.339186658766428,1.66,19.7,-150.0,HIGHDIVERSITY_CONCAT
Druglike_569,Druglike,C=C[C@H](CC)CC1=C(CC(=O)O)C(O)=NO1,3/000000130,C11H15NO4,225.0,1.5,4.23,-6.966,-0.47550361696323057,-1.4470110692776468,-0.9612573431204386,3.906013621401859,1.02,2.48,-190.0,DRUGLIKE_CONCAT
Druglike_1568,Druglike,CCCC1=CC=CC=C1O[C@H](CO)C(=O)O,20/000000057,C12H16O4,224.0,1.55,4.18,-7.096,-0.6223064380426195,-1.3036291989415203,-0.9629678184920699,2.527116581232727,9.14,2.22,-170.0,DRUGLIKE_LANAPDB
Druglike_585,Druglike,O=C(O)C1=CN=C(O)N=C1[C@H](CO)CCl,29/000000221,C8H9N2O4Cl,232.0,-0.26,4.22,-6.986,-0.5048641811791099,-1.4249523199951664,-0.9649082505871381,3.741628112800198,7.08,13.5,-150.0,DRUGLIKE_CONCAT
HighDiv_1563,HighDiv,O=C1C=C(C2=C(S)C(O)=CN=C2CCF)C=CN1,1/000000301,C12H11N2O2SF,266.0,1.24,4.02,-7.518,-1.092075465496658,-0.8381895890811715,-0.9651325272889147,3.420023118299608,7.75,19.6,-160.0,HIGHDIVERSITY_CRAFT
HighDiv_1861,HighDiv,C=CC[C@@H]1C=C(C(=S)C2=CC(O)=CC(O)=C2)C=N1,8/000000057,C14H13NO2S,259.0,1.83,4.08,-7.356,-0.9159120802013923,-1.0168654582692676,-0.9663887692353299,4.166100958449736,2.12,18.7,-190.0,HIGHDIVERSITY_LANAPDB
HighDiv_531,HighDiv,O=C(O)C1=CC=C(C(=O)O)S1,3/000000145,C6H4O4S,172.0,-0.13,4.44,-6.397,0.14106823157019424,-2.0745824863642315,-0.9667571273970186,2.0452799118940455,2.86,1.11,0.0,HIGHDIVERSITY_CONCAT
HighDiv_1805,HighDiv,C=C[C@@H](C)OC(=O)C1=CC(O)=C(S)C(O)=C1,29/000000046,C11H12O4S,240.0,2.66,4.17,-7.113,-0.6516670022584963,-1.2848792620514111,-0.9682731321549537,3.603257040773185,2.05,3.85,-190.0,HIGHDIVERSITY_LANAPDB
HighDiv_1085,HighDiv,NCC1=C(Br)C(/C=C/C(=O)NO)=CC(C(=O)N=O)=C1,12/000000291,C11H10N3O4Br,328.0,0.74,4.06,-7.405,-0.9746332086331483,-0.9628215225271887,-0.9687273655801685,3.121088762529043,4.18,20.7,0.0,HIGHDIVERSITY_CONCAT
HighDiv_898,HighDiv,O=S(=O)(O)C/C=C/C1=C(F)C=C([C@H](O)CO)C=C1Br,20/000000027,C11H12O5SFBr,355.0,0.68,4.18,-7.083,-0.6223064380426195,-1.3179673859751329,-0.9701369120088762,3.551415706751569,7.33,3.85,-150.0,HIGHDIVERSITY_CONCAT
HighDiv_853,HighDiv,CN(N)C/C=C/CC1=CC=C(I)C(CN)=C1,5/000000032,C12H18N3I,331.0,1.26,4.21,-7.003,-0.5342247453949867,-1.406202383105057,-0.9702135642500218,3.220323650173506,1.78,3.85,-20.0,HIGHDIVERSITY_CONCAT
HighDiv_1144,HighDiv,CC[C@@H](/C=C/C1=CN=C(CO)C(C=S)=C1)CON,7/000000025,C13H18N2O2S,266.0,0.09,4.03,-7.482,-1.0627149012807786,-0.8778953377896368,-0.9703051195352077,4.179894496911274,5.12,3.58,-170.0,HIGHDIVERSITY_CONCAT
HighDiv_2296,HighDiv,OC[C@@H](O)C/C=C/C1=C(O)C(F)=CC(F)=C1,1/000000038,C11H12O3F2,230.0,1.22,4.05,-7.428,-1.0039937728490251,-0.9374539608523359,-0.9707238668506806,3.224670150918853,3.92,2.22,-150.0,HIGHDIVERSITY_MAYBRIDGE
HighDiv_2189,HighDiv,OC[C@@H](S)/C=C/C1=C(O)C(F)=CC(F)=C1,1/000000095,C10H10O2SF2,232.0,2.07,4.18,-7.081,-0.6223064380426195,-1.3201732609033807,-0.9712398494730001,3.713316189723276,3.26,2.22,-150.0,HIGHDIVERSITY_MAYBRIDGE
Druglike_1877,Druglike,C=C(N)C1=CC=C([C@H](N)CNCN)C=C1I,15/000000101,C11H18N4I,333.0,1.31,4.27,-6.84,-0.35806136009972356,-1.5859811897572775,-0.9720212749285005,4.409417914782895,6.21,3.72,-150.0,DRUGLIKE_MAYBRIDGE
Druglike_525,Druglike,N[C@@H](CF)C1=NC(O)=NC=C1C(=O)O,29/000000148,C7H8N3O3F,201.0,-0.39,4.25,-6.892,-0.41678248853147704,-1.5286284416228264,-0.9727054650771517,3.77572294975079,5.12,14.1,-150.0,DRUGLIKE_CONCAT
Druglike_1974,Druglike,NCO[C@H](CC(=O)O)C1=NC=C(Br)C=C1F,21/000000001,C9H10N2O3FBr,293.0,0.53,4.12,-7.238,-0.7984698233378826,-1.1470120790359049,-0.9727409511868937,3.493443317287369,3.74,3.72,-150.0,DRUGLIKE_MAYBRIDGE
HighDiv_1325,HighDiv,NCC1=CC(Br)=C(CN)C(O)=C1,3/000000037,C8H11N2OBr,231.0,0.66,4.44,-6.385,0.14106823157019424,-2.0878177359337204,-0.9733747521817631,2.621180984484761,3.38,9.3,0.0,HIGHDIVERSITY_CRAFT
HighDiv_1912,HighDiv,CC(=O)C1=C(F)C=C(O)C(O)=C1,12/000000003,C8H7O3F,170.0,1.21,4.02,-7.503,-1.092075465496658,-0.8547336510430319,-0.973404558269845,2.2012274174872424,3.38,2.22,-20.0,HIGHDIVERSITY_LANAPDB
HighDiv_870,HighDiv,OCC1=NC=C(Cl)C=C1C#C[C@@H](O)CBr,7/000000027,C10H9NO2ClBr,290.0,1.73,4.2,-7.019,-0.5635853096108634,-1.3885553836790723,-0.9760703466449678,3.82708497021108,1.74,3.58,-150.0,HIGHDIVERSITY_CONCAT
Druglike_1039,Druglike,OCC1=NN=C(C#CC2=NN=C(CBr)N2)N1CBr,18/000000015,C9H8N6OBr2,376.0,3.76,4.0,-7.55,-1.1507965939284115,-0.8028955902292019,-0.9768460920788067,4.2006516250869375,3.94,24.4,0.0,DRUGLIKE_CONCAT
HighDiv_1101,HighDiv,O=C1NCCN1C1=CC(O)=CC(I)=C1,28/000000001,C9H9N2O2I,304.0,1.51,4.05,-7.416,-1.0039937728490251,-0.950689210421824,-0.9773414916354246,2.7319918282956888,1.09,12.5,-120.0,HIGHDIVERSITY_CONCAT
HighDiv_1835,HighDiv,C[C@H](S)CCCOC1=C(C(=O)O)N=CC=C1O,20/000000003,C11H15NO4S,257.0,1.67,4.13,-7.201,-0.7691092591220059,-1.1878207652084956,-0.9784650121652507,3.296613465468944,3.53,3.72,-170.0,HIGHDIVERSITY_LANAPDB
HighDiv_2176,HighDiv,O=C(O)[C@H](C=S)C1=CC=C(I)C(O)=C1,22/000000034,C9H7O3SI,322.0,2.12,4.2,-7.013,-0.5635853096108634,-1.3951730084638168,-0.9793791590373401,3.671641037068878,3.67,3.33,-150.0,HIGHDIVERSITY_MAYBRIDGE
HighDiv_2166,HighDiv,C=C[C@H](C(=O)O)C1=CC=C(CO)C(Cl)=C1,27/000000576,C11H11O3Cl,226.0,1.83,4.22,-6.959,-0.5048641811791099,-1.4547316315265157,-0.9797979063528128,3.1162631128001985,3.85,2.22,-150.0,HIGHDIVERSITY_MAYBRIDGE
HighDiv_952,HighDiv,CC/C(=C\CON)C(=O)C1=CC(N=O)=C(Br)C=C1O,12/000001067,C12H13N2O4Br,329.0,1.25,4.15,-7.145,-0.7103881306902498,-1.2495852631994424,-0.9799866969448461,3.577941251216826,4.38,2.35,-80.0,HIGHDIVERSITY_CONCAT
HighDiv_2172,HighDiv,C=C[C@H](C(=O)O)C1=CC=C(CN)C(Cl)=C1,27/000000539,C11H12NO2Cl,225.0,1.77,4.21,-6.985,-0.5342247453949867,-1.4260552574592897,-0.9801400014271382,3.137063497415582,3.84,2.22,-150.0,HIGHDIVERSITY_MAYBRIDGE
Druglike_2049,Druglike,CC(=O)COC1=CC=C(C2=NC=NN2)C=C1CN,21/000000008,C12H14N4O2,246.0,0.57,4.03,-7.463,-1.0627149012807786,-0.898851149607994,-0.9807830254443863,2.497067009702322,5.36,17.7,-140.0,DRUGLIKE_MAYBRIDGE
HighDiv_2250,HighDiv,CC1=CC2=C(C(=O)N(C(=O)[N+](=O)[O-])C2=O)C(CNN)=C1,12/000000023,C11H10N4O5,278.0,-0.04,4.1,-7.275,-0.8571909517696387,-1.106203392863315,-0.9816971723164769,3.2342327765235135,5.75,5.09,-60.0,HIGHDIVERSITY_MAYBRIDGE
Druglike_771,Druglike,NC[C@@H](O)/C=C\CC1=CN=C(C(=O)O)C(Br)=C1,13/000000083,C11H13N2O3Br,301.0,0.09,4.13,-7.195,-0.7691092591220059,-1.1944383899932391,-0.9817738245576225,4.0582331979104165,6.21,2.35,-150.0,DRUGLIKE_CONCAT
Druglike_1347,Druglike,NC(=O)[C@@H](N)/C=C/CC1=CC=C(Cl)C(Cl)=C1,10/000000025,C11H12N2OCl2,258.0,1.65,4.03,-7.461,-1.0627149012807786,-0.9010570245362418,-0.9818859629085102,3.119745285087012,5.98,2.22,-150.0,DRUGLIKE_CRAFT
HighDiv_1754,HighDiv,C=C(C1=CC=C(SS)C(O)=C1I)[C@@H](N)CCl,24/000000078,C10H11NOS2ClI,387.0,3.74,4.31,-6.715,-0.24061910323621394,-1.7238483727727838,-0.9822337380044989,4.384694403410548,5.48,2.35,-150.0,HIGHDIVERSITY_LANAPDB
HighDiv_1175,HighDiv,NC/C=C(\CC1=C(Cl)C(Cl)=CC(O)=C1)[C@H]1C=C(C(=O)CN)C1,19/000000026,C16H18N2O2Cl2,340.0,1.06,4.01,-7.513,-1.1214360297125348,-0.8437042764017916,-0.9825701530571631,4.007482490687602,0.61,5.09,-190.0,HIGHDIVERSITY_CONCAT
Druglike_606,Druglike,N/C=C/CCC1=C(CC(=O)O)C(O)=NO1,3/000000132,C9H12N2O4,212.0,0.1,4.21,-6.976,-0.5342247453949867,-1.4359816946364066,-0.9851032200156966,3.554483587847069,1.37,2.48,-20.0,DRUGLIKE_CONCAT
HighDiv_1459,HighDiv,C=C(C1=C(N)C(SS)=CC(O)=C1)[N+](=O)[O-],9/000000001,C8H8N2O3S2,244.0,2.16,4.16,-7.103,-0.681027566474373,-1.2959086366926524,-0.9884681015835127,3.7814857815258094,1.71,17.4,-40.0,HIGHDIVERSITY_CRAFT
HighDiv_1152,HighDiv,NC(=O)C1=CN=C(C/C=C\[C@@H](Br)CO)C(I)=C1,4/000000296,C11H12N2O2BrI,411.0,1.52,4.02,-7.474,-1.092075465496658,-0.8867188375026293,-0.9893971514996436,3.865524836706403,7.23,3.85,-150.0,HIGHDIVERSITY_CONCAT
HighDiv_1500,HighDiv,CCCC1=CC(C(=O)CO)=CC(O)=C1O,3/000000169,C11H14O4,210.0,0.85,4.09,-7.286,-0.8865515159855155,-1.0940710807579515,-0.9903112983717335,2.394137734188531,3.16,3.58,-20.0,HIGHDIVERSITY_CRAFT
HighDiv_2299,HighDiv,NCCC1=C(Br)C(C(=O)OC2=CN=CC(Br)=C2)=NN1CS,30/000000096,C12H13N4O2SBr2,437.0,1.88,4.05,-7.391,-1.0039937728490251,-0.9782626470249256,-0.9911282099369754,3.7705025063738136,4.19,23.7,0.0,HIGHDIVERSITY_MAYBRIDGE
HighDiv_886,HighDiv,NCCCC1=C(Br)C(N=O)=CC(C(=O)CC(=O)CS)=C1,12/000000970,C13H15N2O3SBr,359.0,1.45,4.19,-7.014,-0.5929458738267401,-1.3940700709996923,-0.9935079724132162,3.252408103083745,4.56,3.58,0.0,HIGHDIVERSITY_CONCAT
HighDiv_2210,HighDiv,NNCC1=CC(CS)=CC2=C1C(=O)N(C(=O)[N+](=O)[O-])C2=O,12/000000019,C11H10N4O5S,310.0,0.1,4.16,-7.092,-0.681027566474373,-1.3080409487980171,-0.9945342576361951,3.5511386753772243,6.49,24.3,-40.0,HIGHDIVERSITY_MAYBRIDGE
HighDiv_1512,HighDiv,O=C(NC1=CC(CCO)=C(Br)C=C1CO)C1=NN=CS1,6/000000002,C12H12N3O3SBr,358.0,1.58,4.07,-7.329,-0.945272644417269,-1.0466447698006172,-0.9959587071089431,2.915474861325503,8.14,3.58,0.0,HIGHDIVERSITY_CRAFT
Druglike_1002,Druglike,O=C(O)[C@@H]1CN/C(=C\CC2=NC(Cl)=CN2)N1,13/000000111,C9H11N4O2Cl,242.0,0.71,4.02,-7.459,-1.092075465496658,-0.9032628994644907,-0.9976691824805743,4.630383853959998,3.7,2.22,-150.0,DRUGLIKE_CONCAT
Druglike_1288,Druglike,C/C=C/C1=COC(CO)=C1C1=NNC(=O)C=C1,15/000000281,C12H12N2O3,232.0,0.71,4.11,-7.218,-0.8278303875537594,-1.1690708283183864,-0.9984506079360729,3.2745492741482476,3.74,20.6,-140.0,DRUGLIKE_CRAFT
HighDiv_927,HighDiv,CCCC#C[C@H](S)C1=C(CN)N=C(C(=O)O)O1,3/000000109,C11H14N2O3S,254.0,0.35,4.16,-7.084,-0.681027566474373,-1.3168644485110095,-0.9989460074926912,4.275963967141186,7.61,21.9,-170.0,HIGHDIVERSITY_CONCAT
HighDiv_2281,HighDiv,COC[C@@H](/C=C/C1=C(O)C(F)=CC(F)=C1)ON,1/000000147,C11H13NO3F2,245.0,1.13,4.06,-7.347,-0.9746332086331483,-1.0267918954463835,-1.000712552039766,3.644841224666269,5.0,2.22,-170.0,HIGHDIVERSITY_MAYBRIDGE
HighDiv_2216,HighDiv,C#CCOC1=C(N)C=C([N+](=O)[O-])C(NC(N)N)=C1,29/000000013,C10H11N5O3,249.0,-0.01,4.15,-7.105,-0.7103881306902498,-1.2937027617644035,-1.0020454462273265,3.003761579838068,5.01,20.3,0.0,HIGHDIVERSITY_MAYBRIDGE
Druglike_933,Druglike,CNC/C=C/CC1=NC(O)=NC=C1C(=O)O,29/000000147,C10H13N3O3,223.0,0.01,4.05,-7.37,-1.0039937728490251,-1.0014243337715305,-1.0027090533102778,3.355943580243437,6.19,3.85,-20.0,DRUGLIKE_CONCAT
Druglike_466,Druglike,N[C@@H](F)C(=O)C1=NN(C(=O)O)C=C1Cl,17/000000027,C6H6N3O3FCl,222.0,-0.22,4.29,-6.73,-0.2993402316679674,-1.7073043108109225,-1.003322271239445,4.321545195073035,2.66,2.22,-150.0,DRUGLIKE_CONCAT
HighDiv_2311,HighDiv,NC(=O)/C=C/CCC(=O)OCC1=CC(Br)=C(I)C=C1S,16/000000026,C13H13NO3SBrI,470.0,3.44,4.02,-7.448,-1.092075465496658,-0.9153952115698544,-1.0037353385332561,3.212585026160668,2.64,3.72,-66.0,HIGHDIVERSITY_MAYBRIDGE
HighDiv_1771,HighDiv,OC/C=C/C1=C(I)C(I)=CC(O)=C1,12/000000021,C9H8O2I2,402.0,3.54,4.28,-6.754,-0.3287007958838442,-1.6808338116719461,-1.0047673037778952,3.342037991767068,3.51,3.58,0.0,HIGHDIVERSITY_LANAPDB
Druglike_989,Druglike,O=C(CO)NC1=CC=C(C#CCCO)C(Cl)=C1,21/000000188,C12H12NO3Cl,253.0,0.87,4.02,-7.446,-1.092075465496658,-0.9176010864981031,-1.0048382759973806,2.365954961545956,5.97,16.5,0.0,DRUGLIKE_CONCAT
HighDiv_2258,HighDiv,NNC[C@@H](CCO)CC1=CC2=C(C=C1)C(CO)=CC2,8/000000009,C15H22N2O2,262.0,0.4,4.09,-7.258,-0.8865515159855155,-1.1249533297534244,-1.0057524228694699,3.536569963161825,7.68,3.58,-190.0,HIGHDIVERSITY_MAYBRIDGE
Druglike_1001,Druglike,CC[C@H](O)C1=CCC=C(C(=O)N/C=C\CN)O1,23/000000533,C12H19N2O3,239.0,0.35,4.02,-7.444,-1.092075465496658,-0.919806961426351,-1.0059412134615044,4.938402713316379,4.97,3.58,-170.0,DRUGLIKE_CONCAT
HighDiv_907,HighDiv,NCC/C=C(\CC1=COC=C1)C(=O)C1=C(O)C=C(Br)C(N=O)=C1,12/000001087,C16H15N2O4Br,379.0,1.73,4.17,-7.044,-0.6516670022584963,-1.3609819470759716,-1.006324474667234,3.511740013358449,3.47,5.21,-60.0,HIGHDIVERSITY_CONCAT
HighDiv_2256,HighDiv,O=C(O)/C=C/C(=O)NC1=C(I)N=CC(O)=C1S,30/000000058,C9H7N2O4SI,366.0,0.82,4.09,-7.256,-0.8865515159855155,-1.1271592046816723,-1.006855360333594,3.335426581840556,6.78,2.22,0.0,HIGHDIVERSITY_MAYBRIDGE
HighDiv_1075,HighDiv,NCC1=CC=C(NC(N)=S)C=C1C(=O)O,29/000000060,C9H11N3O2S,225.0,-0.03,4.07,-7.308,-0.945272644417269,-1.069806456547222,-1.0075395504822455,2.250618888034685,-0.23,3.58,-40.0,HIGHDIVERSITY_CONCAT
Druglike_1595,Druglike,CCCCN1C=C(/C=C/[C@@H](O)CBr)C(CO)=C1,4/000000058,C13H20NO2Br,302.0,2.28,4.15,-7.091,-0.7103881306902498,-1.3091438862621405,-1.0097660084761952,3.754132336884301,1.75,3.58,-190.0,DRUGLIKE_LANAPDB
HighDiv_2252,HighDiv,CNCCCOC1=CC=C([N+](=O)[O-])C(NC(N)=S)=C1,29/000000009,C11H16N4O3S,284.0,1.01,4.1,-7.223,-0.8571909517696387,-1.1635561409977662,-1.0103735463837025,2.338259594412092,4.48,2.48,-20.0,HIGHDIVERSITY_MAYBRIDGE
HighDiv_1561,HighDiv,C=CC1=CC(C(=O)C[C@@H](C)N)=CC(O)=C1O,3/000000177,C12H15NO3,221.0,1.08,4.02,-7.43,-1.092075465496658,-0.935248085924088,-1.013661775710373,3.259750447366592,0.78,3.58,-190.0,HIGHDIVERSITY_CRAFT
Druglike_945,Druglike,C=C[C@@H](F)C1=NC(O)=NC=C1C(=O)O,29/000000013,C8H7N2O3F,198.0,0.48,4.04,-7.374,-1.0333543370649019,-0.9970125839150349,-1.0151834604899683,3.9567707667986074,6.83,14.3,-150.0,DRUGLIKE_CONCAT
Druglike_1313,Druglike,NCC(=O)OC1=C(C(=O)[C@H]2C=C(CO)C=CC2)C=CC=C1O,19/000000004,C16H17NO5,303.0,-0.33,4.08,-7.267,-0.9159120802013923,-1.1150268925763076,-1.01546948638885,3.66494622634067,7.41,5.09,-150.0,DRUGLIKE_CRAFT
Druglike_1685,Druglike,O=C(O)[C@@H](O)C#CC1=C(Cl)N=CC=C1,2/000000008,C9H6NO3Cl,211.0,0.58,4.03,-7.4,-1.0627149012807786,-0.9683362098478088,-1.0155255555642937,3.4782646282714165,2.03,2.22,-170.0,DRUGLIKE_LANAPDB
HighDiv_2112,HighDiv,NN[C@H](Cl)/C=C/C1=C(S)C(O)=CN=C1I,30/000000169,C8H9N3OSClI,357.0,1.91,4.33,-6.601,-0.18189797480445782,-1.8495832436829254,-1.0157406092436916,4.7555854204925065,6.06,3.58,-150.0,HIGHDIVERSITY_MAYBRIDGE
HighDiv_2241,HighDiv,O=C(O)CC1=CC(O)=C(I)C(F)=C1,22/000000012,C8H6O3FI,296.0,2.27,4.12,-7.158,-0.7984698233378826,-1.235247076165829,-1.0168584497518558,2.520376854081224,3.14,2.22,0.0,HIGHDIVERSITY_MAYBRIDGE
HighDiv_1886,HighDiv,O=C(O)C1=NC=C(NS(=O)(=O)O)C=C1CCCC(F)F,20/000000013,C10H12N2O5SF2,310.0,0.26,4.05,-7.344,-1.0039937728490251,-1.0301007078387556,-1.0170472403438904,2.8062246488021785,-0.02,22.9,-190.0,HIGHDIVERSITY_LANAPDB
HighDiv_1150,HighDiv,CC[C@@H](S)C#CCC1=C(CN)N=C(C(=O)O)O1,3/000000050,C11H14N2O3S,254.0,0.43,4.02,-7.42,-1.092075465496658,-0.9462774605653282,-1.0191764630309932,4.454738883529146,6.41,21.9,-170.0,HIGHDIVERSITY_CONCAT
HighDiv_1003,HighDiv,O=C(O)[C@H](O)/C=C/C1=C(F)C=CC=C1Br,20/000000030,C10H8O3FBr,275.0,2.02,4.12,-7.153,-0.7984698233378826,-1.24076176348645,-1.0196157934121663,3.1427369589540444,5.5,2.22,-150.0,HIGHDIVERSITY_CONCAT
Druglike_1012,Druglike,OCCC1=CC(CO)=C(C2=NON=C2)C=C1,17/000000006,C11H12N2O3,220.0,1.5,4.01,-7.445,-1.1214360297125348,-0.9187040239622266,-1.0200700268373808,2.949017706117562,4.31,15.4,-120.0,DRUGLIKE_CONCAT
HighDiv_1193,HighDiv,O=C(CO)OC1=CC(C(=O)CCl)=CC(CO)=C1Br,12/000000218,C11H10O5ClBr,337.0,0.83,4.0,-7.468,-1.1507965939284115,-0.8933364622873738,-1.0220665281078927,2.7953538875303767,4.21,3.58,0.0,HIGHDIVERSITY_CONCAT
HighDiv_2186,HighDiv,CC(=O)OCC/C=C/C=C/C1=C(S)C=C(CCS)C(Br)=C1,16/000000013,C16H19O2S2Br,387.0,4.89,4.19,-6.96,-0.5929458738267401,-1.4536286940623915,-1.023287283944566,3.398098262341984,7.22,5.09,-53.0,HIGHDIVERSITY_MAYBRIDGE
Druglike_975,Druglike,C=C[C@@H](C(=O)O)N1C=CC2=C1C=CC=C2O,30/000000031,C12H10NO3,216.0,1.53,4.03,-7.385,-1.0627149012807786,-0.9848802718096702,-1.0237975865452245,3.2689777700439153,1.5,2.22,-190.0,DRUGLIKE_CONCAT
HighDiv_2239,HighDiv,N[C@@H](NC1=C(I)N=CC(O)=C1S)N[C@H]1SC=NC1=O,30/000000049,C9H8N5O2S2I,409.0,0.81,4.12,-7.144,-0.7984698233378826,-1.250688200663566,-1.0245790120007243,5.243467722248784,7.15,23.8,-150.0,HIGHDIVERSITY_MAYBRIDGE
HighDiv_1155,HighDiv,O=C1NCCN1C1=CC(CO)=CC(O)=C1,28/000000040,C10H12N2O3,208.0,-0.37,4.02,-7.409,-1.092075465496658,-0.9584097726706929,-1.0252426190836754,2.4647188330896306,1.59,12.6,-120.0,HIGHDIVERSITY_CONCAT
Druglike_835,Druglike,C=C[C@](C)(O)C1=C(CC(=O)O)C(O)=NO1,3/000000203,C9H11NO5,213.0,0.2,4.09,-7.222,-0.8865515159855155,-1.1646590784618898,-1.0256052972237026,3.957501278480672,1.77,2.35,-190.0,DRUGLIKE_CONCAT
HighDiv_1554,HighDiv,NC(=O)C#CC1=C(O)C(O)=CN=C1CCCl,1/000000345,C10H9N2O3Cl,240.0,0.42,4.03,-7.375,-1.0627149012807786,-0.9959096464509104,-1.0293122738658445,3.5652794234699776,5.4,16.5,0.0,HIGHDIVERSITY_CRAFT
HighDiv_2264,HighDiv,F[C@@H](CC1=CC(Br)=CC=C1S)C1=NN=NN1,16/000000012,C9H8N4SFBr,303.0,2.46,4.08,-7.237,-0.9159120802013923,-1.1481150165000293,-1.0320135483507107,3.8674484693446143,4.38,2.22,-150.0,HIGHDIVERSITY_MAYBRIDGE
Druglike_791,Druglike,O=C(O)CC1=C([C@H](CF)CCCO)ON=C1O,3/000000011,C10H14NO5F,247.0,0.58,4.12,-7.13,-0.7984698233378826,-1.2661293251613028,-1.0322995742495928,3.8230442346997138,1.86,19.7,-190.0,DRUGLIKE_CONCAT
HighDiv_1122,HighDiv,C=CCC(=C)C1=CC(O)=C(SC[C@H](O)CO)C=C1,14/000000008,C14H18O3S,266.0,2.01,4.04,-7.342,-1.0333543370649019,-1.0323065827670046,-1.0328304599159532,3.5099078218720265,6.53,3.58,-150.0,HIGHDIVERSITY_CONCAT
HighDiv_1826,HighDiv,NNCC/C=C/C1=CC(O)=C(I)C(O)=C1,29/000000044,C10H13N2O2I,320.0,1.94,4.15,-7.049,-0.7103881306902498,-1.3554672597553505,-1.0329276952228001,3.271643812987782,2.49,3.58,-60.0,HIGHDIVERSITY_LANAPDB
HighDiv_1123,HighDiv,O=C(O)[C@@H](O)CCSC1=CC=C(CO)C(O)=C1,14/000000011,C11H14O5S,258.0,0.62,4.04,-7.339,-1.0333543370649019,-1.0356153951593758,-1.0344848661121389,3.0276037664722892,4.58,3.58,-150.0,HIGHDIVERSITY_CONCAT
Druglike_800,Druglike,C[C@H](Cl)C1=NC(O)=NC=C1C(=O)O,29/000000113,C7H7N2O3Cl,202.0,0.51,4.11,-7.149,-0.8278303875537594,-1.2451735133429458,-1.0365019504483526,3.600475400113705,4.93,11.7,-170.0,DRUGLIKE_CONCAT
Druglike_770,Druglike,C[C@H](Br)C1=NC(O)=NC=C1C(=O)O,29/000000077,C7H7N2O3Br,247.0,0.85,4.13,-7.091,-0.7691092591220059,-1.3091438862621405,-1.0391265726920733,3.65758263993271,5.53,11.7,-170.0,DRUGLIKE_CONCAT
Druglike_914,Druglike,O=C(O)C1=CN=C(O)N=C1[C@@H](Cl)CF,29/000000232,C7H6N2O3FCl,220.0,0.72,4.06,-7.277,-0.9746332086331483,-1.1039975179350672,-1.0393153632841077,3.8989237813516215,5.5,14.4,-150.0,DRUGLIKE_CONCAT
HighDiv_1009,HighDiv,NOC1=C(Br)C=CC(C(=O)O)=C1,12/000000002,C7H6NO3Br,232.0,0.97,4.11,-7.143,-0.8278303875537594,-1.2517911381276903,-1.039810762840725,2.2641535806386077,4.65,1.23,0.0,HIGHDIVERSITY_CONCAT
Druglike_476,Druglike,N[C@@H](CBr)C1=NC(O)=NC=C1C(=O)O,29/000000215,C7H8N3O3Br,262.0,0.08,4.28,-6.69,-0.3287007958838442,-1.7514218093758844,-1.0400613026298644,3.7920838645117048,5.65,13.1,-150.0,DRUGLIKE_CONCAT
Druglike_874,Druglike,NCC1=C(C2=NN=CN2)NC=C1C(=O)O,9/000000008,C8H9N5O2,207.0,0.39,4.07,-7.248,-0.945272644417269,-1.1359827043946646,-1.0406276744059668,3.513832019902818,7.72,3.58,-80.0,DRUGLIKE_CONCAT
HighDiv_1576,HighDiv,O=C(N[SH](=O)=O)C1=CC(O)=C(O)C(S)=C1,3/000000088,C7H7NO5S2,249.0,0.06,4.0,-7.432,-1.1507965939284115,-0.9330422109958392,-1.0419194024621254,3.801491698685574,0.24,3.85,-40.0,HIGHDIVERSITY_CRAFT
Druglike_1032,Druglike,O=C(O)CC1=NC=C([C@@H](Cl)C2=NON=C2)N1,22/000000051,C8H7N4O3Cl,242.0,0.37,4.01,-7.405,-1.1214360297125348,-0.9628215225271887,-1.0421287761198617,4.170257700113844,1.76,22.0,-170.0,DRUGLIKE_CONCAT
HighDiv_1103,HighDiv,COC(=O)C#CCNC(=O)C1=CC(S)=C(I)C=C1,5/000000015,C12H10NO3SI,375.0,3.24,4.05,-7.298,-1.0039937728490251,-1.0808358311884623,-1.0424148020187438,3.095657184233673,0.1,2.35,-60.0,HIGHDIVERSITY_CONCAT
HighDiv_1916,HighDiv,NC(=O)C/C(N)=C/C1=CC([N+](=O)[O-])=CC=C1S,10/000000083,C10H11N3O3S,253.0,0.77,4.02,-7.377,-1.092075465496658,-0.9937037715226626,-1.0428896185096603,3.143598889532864,3.11,2.35,-60.0,HIGHDIVERSITY_LANAPDB
Druglike_1987,Druglike,NC/C=C/C1=C(C2=CC=CC(CO)=N2)NC=N1,13/000000016,C12H14N4O,230.0,0.08,4.1,-7.158,-0.8571909517696387,-1.235247076165829,-1.0462190139677339,3.1423786697526435,2.57,15.7,-140.0,DRUGLIKE_MAYBRIDGE
HighDiv_1093,HighDiv,NN[C@H](N)C(=O)CNC(=O)C1=CC(S)=C(I)C=C1O,5/000000043,C10H13N4O3SI,396.0,0.25,4.06,-7.264,-0.9746332086331483,-1.1183357049686797,-1.046484456800914,3.854131399059261,3.82,3.85,-170.0,HIGHDIVERSITY_CONCAT
HighDiv_1824,HighDiv,C/C=C/[C@H](C(=O)O)C1=CCN=C1,8/000000022,C9H10NO2,164.0,-0.24,4.15,-7.024,-0.7103881306902498,-1.383040696358452,-1.046714413524351,4.499343933026497,1.68,3.58,-170.0,HIGHDIVERSITY_LANAPDB
Druglike_1603,Druglike,C=C[C@H](O)C(=O)CCCCC1=C(C)NNC1,16/000000005,C12H20N2O2,224.0,0.69,4.14,-7.046,-0.7397486949061292,-1.3587760721477227,-1.049262383526926,4.156736511302656,5.64,2.22,-170.0,DRUGLIKE_LANAPDB
HighDiv_2153,HighDiv,O=C(O)[C@H](Br)C1=CC=C(I)C(O)=C1,22/000000029,C8H6O3BrI,357.0,2.65,4.25,-6.753,-0.41678248853147704,-1.6819367491360697,-1.0493596188337735,3.220520648982484,3.15,2.22,-150.0,HIGHDIVERSITY_MAYBRIDGE
Druglike_981,Druglike,N[C@H]1NC2=C(C=C([C@H](Cl)CO)C=C2)N1,4/000000001,C9H10N3OCl,211.0,1.45,4.03,-7.338,-1.0627149012807786,-1.0367183326235003,-1.0497166169521395,4.043379837789185,0.29,12.4,-190.0,DRUGLIKE_CONCAT
Druglike_1690,Druglike,C=CC1=CC([C@@H](N)CF)=CC(NC(N)=O)=C1,4/000000264,C11H14N3OF,223.0,0.77,4.03,-7.338,-1.0627149012807786,-1.0367183326235003,-1.0497166169521395,3.249003961294523,4.78,15.5,-150.0,DRUGLIKE_LANAPDB
HighDiv_1410,HighDiv,O=C(C1=CC(O)=C(O)C(S)=C1)[C@@H](O)CS,3/000000104,C9H10O4S2,246.0,1.17,4.24,-6.77,-0.4461430527473538,-1.6631868122459614,-1.0546649324966575,3.7967119293682448,0.89,2.22,-190.0,HIGHDIVERSITY_CRAFT
HighDiv_2132,HighDiv,NCC[C@@H](CN)N[C@@H](N)NC1=C(I)N=CC(O)=C1S,30/000000077,C10H17N6OSI,396.0,-0.09,4.3,-6.609,-0.2699796674520907,-1.840759743969933,-1.0553697057110119,4.708278373136357,6.99,19.1,-150.0,HIGHDIVERSITY_MAYBRIDGE
Druglike_684,Druglike,C=C(CCOC)C1=C(CC(=O)O)C(O)=NO1,3/000000208,C10H13NO5,227.0,0.32,4.17,-6.955,-0.6516670022584963,-1.4591433813830115,-1.0554051918207539,3.2965191372445757,1.57,4.83,-60.0,DRUGLIKE_CONCAT
Druglike_1036,Druglike,O=C(O)CC1=C(C(=O)CC2=CNN=C2)ON=C1O,3/000000077,C10H9N3O5,251.0,0.08,4.0,-7.407,-1.1507965939284115,-0.9606156475989408,-1.0557061207636762,3.2178997336842228,1.52,2.35,-60.0,DRUGLIKE_CONCAT
Druglike_1562,Druglike,NC/C=C(\C1=NNN=C1)C1=CC=CC(Cl)=C1Cl,29/000000036,C11H11N4Cl2,269.0,3.9,4.19,-6.901,-0.5929458738267401,-1.5187020044457105,-1.0558239391362254,3.52698773568671,5.04,2.22,0.0,DRUGLIKE_LANAPDB
Druglike_801,Druglike,O=C(O)C1=CN=C(O)N=C1CCCBr,29/000000224,C8H9N2O3Br,261.0,1.27,4.11,-7.113,-0.8278303875537594,-1.2848792620514111,-1.0563548248025851,3.029669654518049,5.31,3.85,0.0,DRUGLIKE_CONCAT
Druglike_939,Druglike,CCCNC/C(C)=C\C1=C(C2=C(CO)C=NN2)NN=N1,23/000000166,C13H20N6O,276.0,0.7,4.04,-7.299,-1.0333543370649019,-1.0797328937243378,-1.0565436153946197,3.5578720706950815,0.87,24.6,-180.0,DRUGLIKE_CONCAT
HighDiv_2254,HighDiv,C=CC(=O)N(O)C1=CC(S)=C(C#CCCC)C=C1Br,16/000000043,C14H14NO2SBr,340.0,3.7,4.1,-7.138,-0.8571909517696387,-1.2573058254483105,-1.0572483886089745,3.731619984248499,9.48,20.0,-20.0,HIGHDIVERSITY_MAYBRIDGE
HighDiv_1024,HighDiv,OC[C@@H](O)C1=CC(O)=CC(CNNCCCl)=C1,8/000000015,C11H17N2O3Cl,260.0,1.24,4.1,-7.138,-0.8571909517696387,-1.2573058254483105,-1.0572483886089745,3.404923498913761,4.28,13.5,-190.0,HIGHDIVERSITY_CONCAT
Druglike_521,Druglike,O=C(O)CC1=C([C@](O)(F)CCl)ON=C1O,3/000000215,C7H7NO5FCl,239.0,0.03,4.25,-6.737,-0.41678248853147704,-1.6995837485620544,-1.0581831185467658,4.047011337652269,1.94,4.83,-170.0,DRUGLIKE_CONCAT
HighDiv_977,HighDiv,O=C(O)CC1=C(C(=O)O)N(CCl)C(C(=O)O)=C1,3/000000161,C9H8NO6Cl,261.0,0.13,4.13,-7.053,-0.7691092591220059,-1.3510555098988548,-1.0600823845104304,2.8857613370853112,4.36,20.7,0.0,HIGHDIVERSITY_CONCAT
Druglike_2077,Druglike,CCOC(=O)/C=C/C1=C(C(=O)O)C(O)=NO1,7/000000002,C9H8NO6,226.0,0.4,4.0,-7.398,-1.1507965939284115,-0.9705420847760576,-1.0606693393522346,2.907699817029906,4.28,2.35,-20.0,DRUGLIKE_MAYBRIDGE
HighDiv_2247,HighDiv,NC[C@H](CS)CC1=NN=C(/C=C/C2=C(I)N=CC=C2S)N1,30/000000160,C13H16N5S2I,433.0,3.75,4.1,-7.131,-0.8571909517696387,-1.2650263876971786,-1.0611086697334087,4.552645778704853,8.05,3.72,-150.0,HIGHDIVERSITY_MAYBRIDGE
HighDiv_852,HighDiv,NCC1=C(I)C=C(N=O)C(C/C=C/CNN)=C1,5/000000020,C11H15N4OI,346.0,1.4,4.21,-6.833,-0.5342247453949867,-1.5937017520061456,-1.0639632487005661,3.8308102806948927,4.34,2.35,0.0,HIGHDIVERSITY_CONCAT
Druglike_2042,Druglike,O=C(O)C1=CN(CCl)C(C(=O)CO)=C1,5/000000044,C8H8NO4Cl,217.0,-0.12,4.04,-7.284,-1.0333543370649019,-1.0962769556861993,-1.0648156463755507,2.9928760118875637,5.9,2.35,0.0,DRUGLIKE_MAYBRIDGE
HighDiv_1929,HighDiv,O=P(O)(O)C1=CC(O)=C(/C=C/CNCCCO)C(Cl)=C1,8/000000021,C12H17NO5PCl,321.0,0.18,4.0,-7.39,-1.1507965939284115,-0.9793655844890501,-1.0650810892087308,3.2810952825709254,3.27,4.81,0.0,HIGHDIVERSITY_LANAPDB
Druglike_2028,Druglike,O=C(O)C1=CC(CBr)=C(C(=O)O)O1,5/000000003,C7H5O5Br,249.0,0.68,4.05,-7.256,-1.0039937728490251,-1.1271592046816723,-1.0655764887653487,2.762228437791631,4.86,15.9,0.0,DRUGLIKE_MAYBRIDGE
Druglike_1918,Druglike,NCC1=COC(C2=NN=C(/C=C/CO)N2CCl)=N1,27/000000012,C10H12N5O2Cl,269.0,0.81,4.21,-6.83,-0.5342247453949867,-1.5970105643985177,-1.0656176548967522,3.5763828468063945,6.24,24.3,-80.0,DRUGLIKE_MAYBRIDGE
HighDiv_2158,HighDiv,C=C[C@H](S)CC(=O)NOC1=C(S)C(O)=CN=C1I,30/000000035,C10H11N2O3S2I,398.0,2.1,4.24,-6.747,-0.4461430527473538,-1.6885543739208142,-1.067348713334084,4.698133881526658,8.08,19.7,-150.0,HIGHDIVERSITY_MAYBRIDGE
Druglike_792,Druglike,C=C[C@@H](C)CC(=O)C1=C(CC(=O)O)C(O)=NO1,3/000000147,C11H13NO5,239.0,0.76,4.12,-7.066,-0.7984698233378826,-1.3367173228652423,-1.0675935731015624,3.81715426814453,1.77,2.35,-190.0,DRUGLIKE_CONCAT
HighDiv_1557,HighDiv,OCC1=CC=C2C=NNC2=C1CO,22/000000017,C9H10N2O2,178.0,0.53,4.03,-7.304,-1.0627149012807786,-1.0742182064037178,-1.0684665538422482,2.709582785351861,5.3,11.4,-40.0,HIGHDIVERSITY_CRAFT
HighDiv_894,HighDiv,NOCC(=O)C1=CC(COCCS)=C(Br)C=C1,12/000000005,C11H14NO3SBr,320.0,1.49,4.18,-6.901,-0.6223064380426195,-1.5187020044457105,-1.0705042212441649,2.803228283968215,4.36,3.58,0.0,HIGHDIVERSITY_CONCAT
HighDiv_1541,HighDiv,NNCC1=CC(C(=O)O)=CC(O)=C1O,3/000000134,C8H10N2O4,198.0,-0.28,4.04,-7.272,-1.0333543370649019,-1.1095122052556874,-1.0714332711602945,2.51318536739692,1.21,12.2,0.0,HIGHDIVERSITY_CRAFT
HighDiv_1185,HighDiv,C[C@H](CN)C(=O)C1=CC(O)=C(Br)C(Cl)=C1,12/000000201,C10H11NO2ClBr,292.0,2.22,4.01,-7.35,-1.1214360297125348,-1.023483083054012,-1.0724595563832735,3.175928497415584,3.44,2.48,-170.0,HIGHDIVERSITY_CONCAT
Druglike_1047,Druglike,CCCCC1=NC(O)=NC=C1C(=O)O,29/000000099,C9H12N2O3,196.0,0.95,4.0,-7.375,-1.1507965939284115,-0.9959096464509104,-1.073353120189661,2.6971214763803975,5.83,3.85,-20.0,DRUGLIKE_CONCAT
Druglike_1548,Druglike,NCCOC(=O)C1=C(/C=C/CF)NC=C1C(=O)O,6/000000133,C11H14N2O4F,257.0,0.37,4.22,-6.789,-0.5048641811791099,-1.6422310004276042,-1.073547590803357,3.8848540445162474,1.54,5.09,-60.0,DRUGLIKE_LANAPDB
HighDiv_1077,HighDiv,CNCCNC[C@@H](O)C#CC1=CC(S)=C(S)C=C1Br,29/000000041,C13H17N2OS2Br,361.0,2.76,4.07,-7.188,-0.945272644417269,-1.2021589522421081,-1.0737157983296886,4.169311186041509,4.63,2.35,-170.0,HIGHDIVERSITY_CONCAT
HighDiv_1006,HighDiv,C=C1NCCN1C1=CC=C(O)C(C)=C1C#CC1=CN=CC=C1,15/000000006,C18H17N3O,291.0,3.9,4.11,-7.081,-0.8278303875537594,-1.3201732609033807,-1.07400182422857,3.1089299505933496,3.77,18.2,-140.0,HIGHDIVERSITY_CONCAT
HighDiv_2272,HighDiv,CNC(=O)[C@@H](O)/C=C/C1=CC(Br)=C(O)C=C1S,16/000000027,C11H12NO3SBr,318.0,1.62,4.07,-7.186,-0.945272644417269,-1.204364827170356,-1.0748187357938126,3.818151191221453,6.88,2.35,-170.0,HIGHDIVERSITY_MAYBRIDGE
Druglike_1988,Druglike,CCC[C@@H](/C=C/C1=NC=C(CN)C(I)=C1)CN,18/000000005,C13H20N3I,345.0,1.94,4.1,-7.104,-0.8571909517696387,-1.294805699228528,-1.0759983254990833,3.802034137211634,6.27,3.58,-170.0,DRUGLIKE_MAYBRIDGE
Druglike_1501,Druglike,O=C(O)C1=C(C#CCO)N(C[C@@H](Cl)CO)C=C1,6/000000033,C11H12NO4Cl,257.0,0.45,4.3,-6.571,-0.2699796674520907,-1.882671367606647,-1.076325517529369,3.871009117642859,7.39,3.85,-150.0,DRUGLIKE_LANAPDB
Druglike_653,Druglike,OCC/C=C/[C@@H](CO)C1=NC=C(I)C(Br)=C1,7/000000076,C11H13NO2BrI,398.0,1.9,4.18,-6.887,-0.6223064380426195,-1.5341431289434475,-1.0782247834930336,4.007223224589369,2.58,3.85,-150.0,DRUGLIKE_CONCAT
HighDiv_1881,HighDiv,O=C(C1=CNC=C1)C1=NN(C(=O)O)C=C1Br,3/000000005,C9H5N3O3Br,283.0,0.6,4.05,-7.233,-1.0039937728490251,-1.152526766356526,-1.0782602696027754,3.290734489334346,6.97,2.22,0.0,HIGHDIVERSITY_LANAPDB
HighDiv_1372,HighDiv,NNCCC(=O)C1=CC(O)=C(O)C=C1CS,3/000000135,C10H14N2O3S,242.0,0.25,4.34,-6.458,-0.15253741058858108,-2.0073033010526644,-1.0799203558206227,3.077898028121141,3.17,2.35,-20.0,HIGHDIVERSITY_CRAFT
HighDiv_1125,HighDiv,NC[C@H](O)CC(=O)C1=CC(S)=C(Br)C(N=O)=C1,12/000000099,C10H11N2O3SBr,319.0,0.96,4.04,-7.256,-1.0333543370649019,-1.1271592046816723,-1.080256770873287,3.896098883529146,3.68,2.35,-170.0,HIGHDIVERSITY_CONCAT
Druglike_851,Druglike,C=C[C@H](O)C1=C(CC(=O)O)C(O)=NO1,3/000000066,C8H9NO5,199.0,-0.31,4.09,-7.116,-0.8865515159855155,-1.2815704496590399,-1.0840609828222778,3.891903407131246,2.03,3.85,-170.0,DRUGLIKE_CONCAT
HighDiv_1850,HighDiv,O=C1C=C(C(=O)C2=CC=C(SS)C(O)=C2I)CO1,24/000000025,C11H7O4S2I,394.0,2.75,4.11,-7.061,-0.8278303875537594,-1.3422320101858622,-1.0850311988698107,3.6574012972635,3.58,2.35,0.0,HIGHDIVERSITY_LANAPDB
HighDiv_2319,HighDiv,C=CCC1=CNC(/C(=C/C2=C(I)N=CC=C2S)CO)=N1,30/000000021,C14H14N3OSI,399.0,2.56,4.01,-7.326,-1.1214360297125348,-1.0499535821929893,-1.085694805952762,4.1805781580288,7.66,3.72,0.0,HIGHDIVERSITY_MAYBRIDGE
HighDiv_1880,HighDiv,C/C=C/CO[S@](=O)C1=CC(O)=C(I)C=C1O,12/000000167,C10H11O4SI,354.0,1.44,4.05,-7.218,-1.0039937728490251,-1.1690708283183864,-1.0865323005837058,4.15704117059685,2.42,2.48,-20.0,HIGHDIVERSITY_LANAPDB
HighDiv_1884,HighDiv,NCC1=CC=C(C2=NN=CO2)C=C1ON,10/000000100,C9H10N4O2,206.0,0.55,4.05,-7.216,-1.0039937728490251,-1.1712767032466342,-1.0876352380478296,2.8175978773012336,4.55,15.8,-120.0,HIGHDIVERSITY_LANAPDB
HighDiv_901,HighDiv,CC/C=C/C(=O)C#CCNC(=O)C1=CC(S)=C(I)C=C1S,5/000000082,C15H14NO2S2I,431.0,4.38,4.18,-6.869,-0.6223064380426195,-1.55399600329768,-1.0881512206701498,3.839458195330955,0.5,3.85,-118.0,HIGHDIVERSITY_CONCAT
Druglike_1593,Druglike,C#CC1=C(C2=CC=CC(O)=C2I)ON=C1C(=O)O,6/000000137,C12H6NO4I,355.0,3.31,4.15,-6.946,-0.7103881306902498,-1.4690698185601283,-1.089728974625189,3.1703981575460753,5.71,2.22,-120.0,DRUGLIKE_LANAPDB
HighDiv_1855,HighDiv,N/C=C/COC(=O)C1=CC=C(SS)C(O)=C1I,24/000000021,C10H10NO3S2I,383.0,3.12,4.1,-7.079,-0.8571909517696387,-1.3223791358316297,-1.0897850438006342,3.615963571807111,4.67,18.5,0.0,HIGHDIVERSITY_LANAPDB
Druglike_759,Druglike,O=C(O)CC1=C([C@H](F)CCl)ON=C1O,3/000000058,C7H7NO4FCl,223.0,0.98,4.14,-6.972,-0.7397486949061292,-1.4403934444929023,-1.0900710696995157,3.917720870748711,1.62,4.69,-170.0,DRUGLIKE_CONCAT
Druglike_2045,Druglike,C=CCC1=C(C(=O)O)C=C([C@@H](F)C(=O)O)N1,19/000000005,C10H10NO4F,227.0,0.52,4.04,-7.236,-1.0333543370649019,-1.1492179539641536,-1.0912861455145277,3.814463634179779,5.79,2.22,-150.0,DRUGLIKE_MAYBRIDGE
Druglike_841,Druglike,CC[C@H](O)C1=C(CC(=O)O)C(O)=NO1,3/000000093,C8H11NO5,201.0,0.09,4.09,-7.101,-0.8865515159855155,-1.2981145116209003,-1.092333013803208,3.603244779272619,1.68,2.35,-170.0,DRUGLIKE_CONCAT
Druglike_941,Druglike,O=C(O)CC1=C(C[C@@H]2C=CCO2)ON=C1O,3/000000187,C10H11NO5,225.0,0.38,4.04,-7.233,-1.0333543370649019,-1.152526766356526,-1.092940551710714,4.106343853959999,2.01,2.48,-190.0,DRUGLIKE_CONCAT
Druglike_1658,Druglike,NC(N)C1=NNC(/C(=C\C2=NON=C2)CO)=C1,16/000000026,C9H12N6O2,236.0,-0.37,4.07,-7.153,-0.945272644417269,-1.24076176348645,-1.0930172039518595,4.206057927994403,4.15,23.4,-150.0,DRUGLIKE_LANAPDB
HighDiv_2230,HighDiv,OC1=CN=C(I)C(C2=CN(CCl)C=C2)=C1CS,30/000000069,C11H10N2OSClI,380.0,3.26,4.12,-7.017,-0.7984698233378826,-1.3907612586073201,-1.0946155409726015,3.804794241415024,8.4,17.5,-120.0,HIGHDIVERSITY_MAYBRIDGE
Druglike_2007,Druglike,OCC1=NC=C(CO)C(C2=NN=CO2)=C1,10/000000001,C9H9N3O3,207.0,0.11,4.08,-7.123,-0.9159120802013923,-1.273849887410171,-1.0948809838057816,2.994841526675115,2.35,15.4,-120.0,DRUGLIKE_MAYBRIDGE
HighDiv_1848,HighDiv,O=[N+]([O-])C1=CC(O)=C(I)C(O)=C1,29/000000031,C6H4NO4I,281.0,2.17,4.11,-7.042,-0.8278303875537594,-1.3631878220042195,-1.0955091047789893,2.809480022946298,3.3,1.23,0.0,HIGHDIVERSITY_LANAPDB
HighDiv_971,HighDiv,CSC/C(=C\CN)C(=O)C1=CC(N=O)=C(Br)C=C1O,12/000000498,C12H13N2O3SBr,345.0,1.94,4.13,-6.986,-0.7691092591220059,-1.4249523199951664,-1.0970307895585862,3.627426319090128,4.09,2.35,-60.0,HIGHDIVERSITY_CONCAT
HighDiv_1145,HighDiv,NCC1=CC(C(=O)N=O)=CC(COCC[C@H](N)CO)=C1Br,12/000000847,C13H18N3O4Br,360.0,0.12,4.03,-7.251,-1.0627149012807786,-1.1326738920022923,-1.0976943966415353,3.557511873537764,6.65,19.9,-180.0,HIGHDIVERSITY_CONCAT
Druglike_893,Druglike,C/C=C/CC1=C(CC(=O)O)C(O)=NO1,3/000000002,C9H11NO4,197.0,0.99,4.06,-7.171,-0.9746332086331483,-1.2209088891322164,-1.0977710488826824,3.4101911120079276,1.99,2.48,-60.0,DRUGLIKE_CONCAT
Druglike_1884,Druglike,C[C@H](Br)C1=C(CO)NC(C(=O)O)=C1,5/000000161,C8H10NO3Br,248.0,0.66,4.26,-6.636,-0.3874219243156003,-1.8109804324385834,-1.0992011783770919,3.659944630882935,5.94,14.5,-170.0,DRUGLIKE_MAYBRIDGE
HighDiv_2327,HighDiv,C=CC1=C(ON)C(F)=CC([C@H](C=C)CO)=C1,27/000000018,C12H14NO2F,223.0,0.98,4.0,-7.326,-1.1507965939284115,-1.0499535821929893,-1.1003750880607004,3.971522029273058,4.75,14.5,-150.0,HIGHDIVERSITY_MAYBRIDGE
HighDiv_1795,HighDiv,C#CCC(=C)[C@H](N)C1=CC=C(SS)C(O)=C1I,24/000000058,C12H12NOS2I,377.0,2.86,4.19,-6.819,-0.5929458738267401,-1.6091428765038824,-1.1010443751653112,4.6037111912214534,6.69,19.1,-150.0,HIGHDIVERSITY_LANAPDB
Druglike_424,Druglike,C=C(CCO)C1=C(CC(=O)O)C(O)=NO1,3/000000178,C9H11NO5,213.0,-0.2,4.33,-6.444,-0.18189797480445782,-2.0227444255504015,-1.1023212001774296,3.42688427265007,2.12,4.83,0.0,DRUGLIKE_CONCAT
HighDiv_1866,HighDiv,C[C@@H](OC(=O)CS)C(=O)C1=CC(O)=C(C=S)C(O)=C1,29/000000102,C12H12O5S2,300.0,1.37,4.07,-7.134,-0.945272644417269,-1.2617175753048062,-1.1034951098610377,3.603003706751569,3.01,2.35,-190.0,HIGHDIVERSITY_LANAPDB
HighDiv_1095,HighDiv,NC(=O)C1=NOC(C2=CC=C(S)C(Br)=C2C=S)=C1,10/000000201,C11H7N2O2S2Br,343.0,2.62,4.05,-7.187,-1.0039937728490251,-1.2032618897062317,-1.1036278312776284,3.3760813600578494,4.53,2.35,-180.0,HIGHDIVERSITY_CONCAT
HighDiv_1064,HighDiv,NCC1=CC(C2=NC(CS)=NO2)=CN=C1CO,7/000000029,C10H13N4O2S,253.0,-0.32,4.07,-7.131,-0.945272644417269,-1.2650263876971786,-1.1051495160572238,3.7457108126097873,4.43,18.7,-140.0,HIGHDIVERSITY_CONCAT
HighDiv_1086,HighDiv,NOC1=C(Br)C(O)=CC(C(=O)O)=C1,12/000001162,C7H6NO4Br,248.0,0.56,4.06,-7.155,-0.9746332086331483,-1.2385558885582013,-1.1065945485956747,2.7007067183346187,4.82,11.9,0.0,HIGHDIVERSITY_CONCAT
HighDiv_1927,HighDiv,CSCC1=CNC=C1C(=O)C1=CSC(C(=O)O)=N1,3/000000022,C11H10N2O3S2,282.0,1.05,4.01,-7.288,-1.1214360297125348,-1.0918652058297025,-1.1066506177711186,3.190085579838068,5.7,2.35,-20.0,HIGHDIVERSITY_LANAPDB
HighDiv_1781,HighDiv,NC/C=C/C1=CC(O)=C(I)C(O)=C1,29/000000038,C9H10NO2I,291.0,2.0,4.23,-6.701,-0.47550361696323057,-1.7392894972705208,-1.1073965571168758,3.1123302994593764,2.64,3.58,-20.0,HIGHDIVERSITY_LANAPDB
HighDiv_1173,HighDiv,C=CCCC1=C([C@@H](C)O)N=C(C(=O)O)O1,3/000000239,C10H13NO4,211.0,0.36,4.01,-7.286,-1.1214360297125348,-1.0940710807579515,-1.107753555235243,3.7774723435694297,2.83,16.8,-170.0,HIGHDIVERSITY_CONCAT
Druglike_523,Druglike,O=C1NN=C([C@@](O)(/C=C/CBr)CO)N1,21/000000090,C7H10N3O3Br,264.0,-0.22,4.25,-6.644,-0.41678248853147704,-1.802156932725591,-1.109469710628534,4.5694800128868005,3.93,3.58,-150.0,DRUGLIKE_CONCAT
HighDiv_2220,HighDiv,O=C(O)CC(=O)OC1=CC(Br)=C(S)C=C1S,16/000000022,C9H7O4S2Br,323.0,2.56,4.15,-6.909,-0.7103881306902498,-1.5098785047327181,-1.110133317711484,3.243218805018662,7.06,2.22,0.0,HIGHDIVERSITY_MAYBRIDGE
HighDiv_1864,HighDiv,N=C1NC=C(C2=CC(CO)=CC=C2S)S1,10/000000023,C10H10N2OS2,238.0,2.34,4.07,-7.118,-0.945272644417269,-1.2793645747307911,-1.11231860957403,3.554338613309411,5.68,2.22,-120.0,HIGHDIVERSITY_LANAPDB
HighDiv_1047,HighDiv,NOC1=C(Br)C(N)=CC(C(=O)O)=C1,12/000000167,C7H7N2O3Br,247.0,0.15,4.09,-7.061,-0.8865515159855155,-1.3422320101858622,-1.1143917630856888,2.7363483472938945,4.64,12.1,0.0,HIGHDIVERSITY_CONCAT
Druglike_558,Druglike,O=C(O)CC1=C([C@](O)(Cl)CCl)ON=C1O,3/000000146,C7H7NO5Cl2,255.0,0.17,4.23,-6.681,-0.47550361696323057,-1.7613482465530013,-1.118425931758116,4.099364000374163,1.53,4.83,-170.0,DRUGLIKE_CONCAT
HighDiv_1471,HighDiv,CC1=C(C(=O)NC(=S)NN)C=C(O)C(O)=C1,3/000000114,C9H11N3O3S,241.0,-0.03,4.14,-6.918,-0.7397486949061292,-1.4999520675556013,-1.119850381230865,2.531315508315366,0.83,2.22,-80.0,HIGHDIVERSITY_CRAFT
Druglike_1635,Druglike,C=CC1=CC=CC=C1O[C@H](CO)C(=O)O,20/000000054,C11H12O4,208.0,1.23,4.1,-7.02,-0.8571909517696387,-1.3874524462149487,-1.1223216989922937,2.8194632066088285,8.29,2.22,-150.0,DRUGLIKE_LANAPDB
HighDiv_978,HighDiv,C/C=C/C(=C\C1=CC(=O)NC(S)=N1)[N+](=O)[O-],22/000000001,C9H9N3O3S,239.0,1.06,4.13,-6.937,-0.7691092591220059,-1.4789962557372442,-1.124052757429625,4.015073341180174,3.65,2.22,-20.0,HIGHDIVERSITY_CONCAT
HighDiv_1547,HighDiv,N[C@@H](O)/C=C/COC1=CC(F)=CC=C1F,25/000000002,C10H11NO2F2,215.0,1.61,4.04,-7.175,-1.0333543370649019,-1.2164971392757207,-1.1249257381703113,3.099756640004701,4.66,2.22,-150.0,HIGHDIVERSITY_CRAFT
Druglike_1663,Druglike,C[C@@H](/C=C(\CC(=O)O)C1=NNN=C1)NC(N)N,29/000000001,C9H15N6O2,239.0,0.4,4.06,-7.12,-0.9746332086331483,-1.2771586998025433,-1.1258959542178457,4.200893733027474,4.31,3.58,-170.0,DRUGLIKE_LANAPDB
HighDiv_1841,HighDiv,O=C(O)C1=CC(O)=C(CO)C(O)=C1,29/000000034,C8H8O5,184.0,0.01,4.12,-6.958,-0.7984698233378826,-1.4558345689906391,-1.127152196164261,2.338772329194347,2.73,1.11,0.0,HIGHDIVERSITY_LANAPDB
HighDiv_1729,HighDiv,C=C[C@H](N)C1=CC=C(SS)C(O)=C1I,24/000000013,C9H10NOS2I,339.0,2.92,4.38,-6.264,-0.03509515372507148,-2.22127316909273,-1.1281841614089008,4.302202367630208,4.48,14.5,-150.0,HIGHDIVERSITY_LANAPDB
Druglike_612,Druglike,O=C(O)CC1=C(C(=O)CCBr)ON=C1O,3/000000033,C8H8NO5Br,278.0,0.79,4.2,-6.743,-0.5635853096108634,-1.69296612377731,-1.1282757166940867,3.299942734188532,2.06,2.35,-20.0,DRUGLIKE_CONCAT
HighDiv_1108,HighDiv,O=C(O)C1=NC(C(=O)O)=C(CBr)O1,3/000000002,C6H4NO5Br,250.0,0.23,4.05,-7.142,-1.0039937728490251,-1.2528940755918139,-1.1284439242204196,3.1657827364341653,2.89,17.3,0.0,HIGHDIVERSITY_CONCAT
Druglike_1046,Druglike,CC1=NN=C(C#CC2=NN=C(CO)N2CCN)N1,18/000000070,C10H14N7O,248.0,1.66,4.0,-7.273,-1.1507965939284115,-1.108409267791564,-1.1296029308599878,4.487299588887843,7.52,23.0,-20.0,DRUGLIKE_CONCAT
HighDiv_1538,HighDiv,OC1=CN=CC(C2=NN=C(CCI)S2)=C1CS,1/000000322,C10H10N3OS2I,379.0,2.91,4.04,-7.165,-1.0333543370649019,-1.2275265139169609,-1.1304404254909315,3.4760310049174796,6.87,20.3,-120.0,HIGHDIVERSITY_CRAFT
HighDiv_2261,HighDiv,NO[C@H](/C=C/C1=C(O)C(F)=CC(F)=C1)CS,1/000000134,C10H11NO2SF2,247.0,1.99,4.09,-7.031,-0.8865515159855155,-1.3753201341095842,-1.1309358250475499,3.83863437274354,4.27,2.22,-150.0,HIGHDIVERSITY_MAYBRIDGE
HighDiv_1143,HighDiv,O=NC(=O)C1=CC(CO)=C(Br)C(C[C@@H](Cl)CC(=O)O)=C1,12/000000845,C12H11NO5ClBr,364.0,1.81,4.03,-7.188,-1.0627149012807786,-1.2021589522421081,-1.1324369267614434,3.5296258329290833,5.97,20.4,-150.0,HIGHDIVERSITY_CONCAT
Druglike_1630,Druglike,CCCC1=NNN=C1/C(=C/CO)C1=NC=NN1,29/000000035,C10H14N6O,234.0,1.4,4.1,-6.998,-0.8571909517696387,-1.4117170704256772,-1.134454011097658,3.4881453887479337,2.25,23.4,-20.0,DRUGLIKE_LANAPDB
HighDiv_1536,HighDiv,C=CC1=C(O)C(O)=CC(C(=O)CO)=C1,3/000000140,C10H10O4,194.0,0.53,4.05,-7.127,-1.0039937728490251,-1.2694381375536752,-1.1367159552013502,2.7727820409935937,1.62,3.58,0.0,HIGHDIVERSITY_CRAFT
Druglike_536,Druglike,CC[C@H](/C=C/CO)C1=CC=NC=C1O,21/000000271,C11H15NO2,193.0,0.87,4.25,-6.591,-0.41678248853147704,-1.8606126183241656,-1.1386975534278214,3.568096082647,5.1,3.58,-170.0,DRUGLIKE_CONCAT
HighDiv_1149,HighDiv,NCC1=C(C/C=C/CCSCBr)OC(C(=O)O)=N1,3/000000078,C11H15N2O3SBr,335.0,1.45,4.02,-7.202,-1.092075465496658,-1.1867178277443713,-1.1393966466205145,3.9023068106073,3.7,3.85,-60.0,HIGHDIVERSITY_CONCAT
HighDiv_1087,HighDiv,CC[C@H](O)C1=CC(C(=O)O)=CC=C1I,5/000000001,C10H11O3I,306.0,2.78,4.06,-7.091,-0.9746332086331483,-1.3091438862621405,-1.1418885474476443,2.806275132702974,5.77,11.1,-170.0,HIGHDIVERSITY_CONCAT
Druglike_970,Druglike,C[C@@H](F)C1=NC(O)=NC=C1C(=O)O,29/000000080,C7H7N2O3F,186.0,0.37,4.03,-7.164,-1.0627149012807786,-1.2286294513810854,-1.1456721763309319,3.5574912372177776,5.25,12.7,-170.0,DRUGLIKE_CONCAT
Druglike_1305,Druglike,C=C(CN)C1=NN=C2C=NC(CO)=CN12,29/000000001,C9H11N5O,205.0,-0.01,4.09,-6.997,-0.8865515159855155,-1.4128200078898017,-1.1496857619376586,3.4641408111116085,1.36,20.8,-40.0,DRUGLIKE_CRAFT
Druglike_1332,Druglike,C[C@@H](CCO)NC(=O)CC1=CC=C(CO)C(I)=C1,10/000000016,C13H18NO3I,363.0,1.61,4.05,-7.103,-1.0039937728490251,-1.2959086366926524,-1.1499512047708387,2.845733253583173,8.49,3.58,-170.0,DRUGLIKE_CRAFT
Druglike_920,Druglike,NC1=C(/C=C/CNCCO)C=C(OCCCO)C=C1,27/000000037,C14H22N2O3,266.0,0.17,4.05,-7.099,-1.0039937728490251,-1.3003203865491482,-1.1521570796990868,2.5406899691655447,5.66,5.09,0.0,DRUGLIKE_CONCAT
Druglike_1349,Druglike,CCCNC(=O)N1C[C@@H](C(=O)O)C=C1CCF,2/000000001,C11H16N2O3F,243.0,0.11,4.03,-7.139,-1.0627149012807786,-1.256202887984186,-1.1594588946324822,3.735491391890349,3.12,3.58,-190.0,DRUGLIKE_CRAFT
Druglike_909,Druglike,CCCC1=C(CC(=O)O)C(O)=NO1,3/000000239,C8H11NO4,185.0,0.86,4.06,-7.056,-0.9746332086331483,-1.3477466975064825,-1.1611899530698153,2.92889645330553,1.69,3.33,-40.0,DRUGLIKE_CONCAT
Druglike_842,Druglike,O=C(O)C1=NC=C([C@H](Br)/C=C\CO)C=C1Br,13/000000075,C10H8NO3Br2,350.0,1.3,4.09,-6.975,-0.8865515159855155,-1.437084632100531,-1.1618180740430233,3.757930616035132,4.84,2.48,-150.0,DRUGLIKE_CONCAT
Druglike_1703,Druglike,C/C=C\[C@@H](N)C1=C(Cl)C(O)=CC=C1,22/000000003,C10H12NOCl,197.0,2.15,4.02,-7.16,-1.092075465496658,-1.233041201237581,-1.1625583333671194,3.3662351286204917,5.12,2.35,-170.0,DRUGLIKE_LANAPDB
HighDiv_1823,HighDiv,NC/C=C/C1=CC([N+](=O)[O-])=CC=C1S,10/000000086,C9H10N2O2S,210.0,2.02,4.15,-6.813,-0.7103881306902498,-1.6157605012886271,-1.1630743159894386,2.932108925773109,5.88,2.35,0.0,HIGHDIVERSITY_LANAPDB
Druglike_1579,Druglike,NC/C=C(\C1=NNN=C1)C1=C(Cl)C(O)=CC=C1,29/000000019,C11H11N4OCl,250.0,2.87,4.17,-6.756,-0.6516670022584963,-1.6786279367436974,-1.1651474695010968,3.2184550433790173,5.14,2.22,0.0,DRUGLIKE_LANAPDB
Druglike_885,Druglike,CCCCC1=C(CC(=O)O)C(O)=NO1,3/000000237,C9H13NO4,199.0,1.21,4.07,-7.022,-0.945272644417269,-1.3852465712867,-1.1652596078519846,2.823427549254891,2.17,2.48,-40.0,DRUGLIKE_CONCAT
Druglike_839,Druglike,O=C(O)C1=NC([C@@H](O)F)=CC(Cl)=C1,21/000000168,C7H5NO3FCl,205.0,0.75,4.09,-6.968,-0.8865515159855155,-1.444805194349399,-1.1656783551674572,3.2864975720594067,3.5,13.2,-150.0,DRUGLIKE_CONCAT
HighDiv_736,HighDiv,COCC1=C(CCl)C=C(I)C(C2=NC(CC(=O)O)=NN2)=N1,4/000000121,C12H12N4O3ClI,422.0,1.8,4.28,-6.461,-0.3287007958838442,-2.0039944886602923,-1.1663476422720682,3.3679709413870755,6.83,22.1,-140.0,HIGHDIVERSITY_CONCAT
HighDiv_876,HighDiv,NCC1=CC([C@@H](Br)/C=C/CNN)=CC=C1I,5/000000033,C11H15N3BrI,396.0,2.39,4.19,-6.698,-0.5929458738267401,-1.742598309662892,-1.167772091744816,4.083899448365592,2.5,14.0,-150.0,HIGHDIVERSITY_CONCAT
Druglike_2072,Druglike,CCCOCC(=O)C1=C(CN)NC(C(=O)O)=C1,5/000000101,C11H16N2O4,240.0,-0.4,4.0,-7.2,-1.1507965939284115,-1.1889237026726192,-1.1698601483005153,2.8614475182954067,4.3,2.35,-20.0,DRUGLIKE_MAYBRIDGE
HighDiv_1068,HighDiv,O=C(O)[C@@H](O)C#CC1=CC(S)=C(S)C=C1Br,29/000000042,C10H6O3S2Br,318.0,2.27,4.07,-7.008,-0.945272644417269,-1.400687695784437,-1.1729801701008529,4.274775722091865,4.02,2.35,-150.0,HIGHDIVERSITY_CONCAT
Druglike_799,Druglike,C=C(CCCCN)C1=C(CC(=O)O)C(O)=NO1,3/000000232,C11H17N2O4,241.0,0.45,4.11,-6.9,-0.8278303875537594,-1.519804941909834,-1.1738176647317968,3.951621431338884,1.91,18.8,-40.0,DRUGLIKE_CONCAT
Druglike_1671,Druglike,CCC1=NNN=C1/C(=C/CO)C1=NC=NN1,29/000000005,C9H12N6O,220.0,1.05,4.05,-7.058,-1.0039937728490251,-1.3455408225782346,-1.1747672977136299,3.551825063977094,3.27,22.8,-20.0,DRUGLIKE_LANAPDB
HighDiv_2214,HighDiv,CS[C@H](O)C1=NN=C(/C(=C/C2=C(I)N=CC=C2S)CO)N1,30/000000179,C12H13N4O2S2I,436.0,2.64,4.15,-6.791,-0.7103881306902498,-1.6400251254993554,-1.1752066280948026,4.790198680741448,8.33,24.2,-170.0,HIGHDIVERSITY_MAYBRIDGE
Druglike_1950,Druglike,O=C(O)C1=CC(CBr)=C(CO)N1,5/000000059,C7H8NO3Br,234.0,0.37,4.15,-6.791,-0.7103881306902498,-1.6400251254993554,-1.1752066280948026,3.147399734484761,4.34,2.47,0.0,DRUGLIKE_MAYBRIDGE
HighDiv_921,HighDiv,OCCNNCC1=CC([C@H](O)CO)=CC(O)=C1,8/000000010,C11H18N2O4,242.0,-0.24,4.16,-6.762,-0.681027566474373,-1.6720103119589538,-1.1765189392166633,3.265551649486593,3.76,13.0,-190.0,HIGHDIVERSITY_CONCAT
HighDiv_1849,HighDiv,O=NC1=C(O)C=C([C@@H](S)C[N+](=O)[O-])C=C1O,29/000000063,C8H8N2O5S,244.0,0.96,4.11,-6.891,-0.8278303875537594,-1.529731379086951,-1.1787808833203552,4.11418341439956,4.25,17.9,-150.0,HIGHDIVERSITY_LANAPDB
HighDiv_1778,HighDiv,O=C(O)C1=CC=C(S)C=C1O,10/000000050,C7H6O3S,170.0,1.61,4.24,-6.543,-0.4461430527473538,-1.91355361660212,-1.179848334674737,2.33151333364471,6.16,1.11,0.0,HIGHDIVERSITY_LANAPDB
HighDiv_2143,HighDiv,O=C(O)[C@H](/C=C/CO)C1=CN=NS1,22/000000046,C7H8N2O3S,200.0,0.38,4.27,-6.463,-0.35806136009972356,-2.001788613732044,-1.1799249869158839,4.157519744005109,2.21,2.35,-150.0,HIGHDIVERSITY_MAYBRIDGE
Druglike_930,Druglike,C=CCN[C@@H](C)C1=C(CC(=O)O)C(O)=NO1,3/000000039,C10H14N2O4,226.0,0.67,4.05,-7.047,-1.0039937728490251,-1.3576731346835993,-1.1808334537663123,3.679922029273058,1.5,3.72,-190.0,DRUGLIKE_CONCAT
Druglike_812,Druglike,O=C(O)C1=C(CO)C(=O)C=C[C@@H]1NCCCBr,17/000000025,C11H15NO4Br,305.0,-0.26,4.1,-6.912,-0.8571909517696387,-1.5065696923403458,-1.1818803220549923,4.651104435368611,4.47,18.5,-150.0,DRUGLIKE_CONCAT
Druglike_919,Druglike,C=C(CCC(=O)OC)C1=C(CC(=O)O)C(O)=NO1,3/000000188,C11H13NO6,255.0,0.37,4.05,-7.043,-1.0039937728490251,-1.362084884540095,-1.18303932869456,3.1598481182996068,1.01,4.95,-120.0,DRUGLIKE_CONCAT
Druglike_833,Druglike,OC1=CC=C(I)C(/C=C/C[C@H](O)CBr)=C1,28/000000275,C11H12O2BrI,383.0,3.77,4.09,-6.935,-0.8865515159855155,-1.481202130665493,-1.1838768233255044,3.5006770902861275,5.35,3.58,-150.0,DRUGLIKE_CONCAT
HighDiv_2328,HighDiv,CCCC1=CC(C=C(C(=O)O)C(=O)O)=C(O)C=C1Br,26/000000012,C13H12O5Br,328.0,2.23,4.0,-7.174,-1.1507965939284115,-1.217600076739844,-1.1841983353341279,2.691475405062979,6.84,3.58,-20.0,HIGHDIVERSITY_MAYBRIDGE
HighDiv_1421,HighDiv,OCCN1N=CC(C2=C(CO)C(O)=CN=C2CS)=C1O,1/000000258,C12H15N3O4S,297.0,-0.18,4.23,-6.558,-0.47550361696323057,-1.8970095546402597,-1.186256585801745,3.563747963223605,10.14,20.3,-120.0,HIGHDIVERSITY_CRAFT
HighDiv_2204,HighDiv,CS[C@H](N)C1=NN=C(/C(=C/C2=C(I)N=CC=C2S)CO)N1,30/000000198,C12H15N5OS2I,436.0,2.58,4.16,-6.741,-0.681027566474373,-1.6951719987055587,-1.188099782589966,5.120434224508026,8.17,24.4,-170.0,HIGHDIVERSITY_MAYBRIDGE
Druglike_921,Druglike,C=CCCC(=O)C1=C(CC(=O)O)C(O)=NO1,3/000000017,C10H11NO5,225.0,0.46,4.05,-7.033,-1.0039937728490251,-1.3731142591813352,-1.1885540160151802,3.141609656028117,2.01,2.35,-40.0,DRUGLIKE_CONCAT
Druglike_1358,Druglike,CCNC(=O)C1=C(C[C@H](I)CNC2=NCCCO2)C=C(Br)O1,6/000000022,C14H19N3O3BrI,484.0,2.8,4.01,-7.138,-1.1214360297125348,-1.2573058254483105,-1.1893709275804225,4.147286477733907,5.34,5.24,-170.0,DRUGLIKE_CRAFT
Druglike_862,Druglike,C[C@@H](Cl)CC1=C(CC(=O)O)C(O)=NO1,3/000000079,C8H10NO4Cl,219.0,1.14,4.08,-6.951,-0.9159120802013923,-1.4635551312395083,-1.1897336057204502,3.740302991330831,1.9,2.48,-190.0,DRUGLIKE_CONCAT
Druglike_813,Druglike,O=C(O)CC1=C(C(=O)CBr)ON=C1O,3/000000038,C7H6NO5Br,264.0,0.44,4.1,-6.897,-0.8571909517696387,-1.5231137543022062,-1.1901523530359224,3.266303870515422,1.76,2.35,-20.0,DRUGLIKE_CONCAT
HighDiv_1932,HighDiv,C#C[C@H](C)C1=CN=C(C(=O)O)C(OCCO)=C1O,20/000000012,C12H13NO5,251.0,-0.2,4.0,-7.162,-1.1507965939284115,-1.2308353263093332,-1.1908159601188724,3.664630996911274,2.0,17.0,-190.0,HIGHDIVERSITY_LANAPDB
Druglike_1578,Druglike,OC/C(=C/C1=NON=C1)C1=CC(O)=CN=C1,16/000000030,C10H9N3O3,219.0,0.69,4.17,-6.707,-0.6516670022584963,-1.7326718724857761,-1.192169437372136,3.60752874290686,4.21,3.58,0.0,DRUGLIKE_LANAPDB
Druglike_974,Druglike,COC1=CC(/C=C/CNCCO)=C(N)C=C1,27/000000008,C12H18N2O2,222.0,0.53,4.03,-7.079,-1.0627149012807786,-1.3223791358316297,-1.1925470185562042,2.444963859963716,5.66,2.22,-20.0,DRUGLIKE_CONCAT
Druglike_1656,Druglike,O=C(O)C1=C(C#CCO)N(C2COC2)C=C1,6/000000013,C11H11NO4,221.0,0.16,4.07,-6.97,-0.945272644417269,-1.442599319421151,-1.1939359819192101,3.1905638599637163,5.76,3.85,-190.0,DRUGLIKE_LANAPDB
HighDiv_2174,HighDiv,OC[C@H](Cl)/C=C/C1=C(S)C(O)=CN=C1I,30/000000195,C9H9NO2SClI,357.0,2.12,4.21,-6.592,-0.5342247453949867,-1.8595096808600422,-1.1968672131275144,4.551191958954044,6.39,3.58,-150.0,HIGHDIVERSITY_MAYBRIDGE
Druglike_965,Druglike,O=C(O)C1=CN=C(O)N=C1CCCCl,29/000000166,C8H9N2O3Cl,216.0,0.93,4.03,-7.069,-1.0627149012807786,-1.33340851047287,-1.1980617058768241,2.959451435894568,3.67,3.85,0.0,DRUGLIKE_CONCAT
HighDiv_1549,HighDiv,CN[C@H](O)C1=CC(Br)=C(CN)C(O)=C1,3/000000059,C9H13N2O2Br,261.0,0.58,4.04,-7.04,-1.0333543370649019,-1.3653936969324674,-1.1993740169986846,3.5668555900834296,2.49,11.1,-190.0,HIGHDIVERSITY_CRAFT
HighDiv_1885,HighDiv,C=CC1=C(O)C=C(O)C=C1C(=O)CNN,29/000000002,C10H12N2O3,208.0,0.24,4.05,-7.011,-1.0039937728490251,-1.3973788833920646,-1.2006863281205449,3.143609272650071,1.36,3.58,-20.0,HIGHDIVERSITY_LANAPDB
HighDiv_1904,HighDiv,O=C(CC1=CC=C(SS)C(O)=C1I)OCCCCCCO,24/000000024,C14H19O4S2I,442.0,3.79,4.03,-7.062,-1.0627149012807786,-1.341129072721738,-1.2019219870012583,3.023674389662939,1.83,3.58,-100.0,HIGHDIVERSITY_LANAPDB
Druglike_825,Druglike,NC[C@@H](/C=C/C1=CC=CC=C1N)NCCO,27/000000012,C12H19N3O,221.0,-0.06,4.1,-6.874,-0.8571909517696387,-1.54848131597706,-1.2028361338733493,3.2861653924215357,5.59,2.22,-150.0,DRUGLIKE_CONCAT
Druglike_774,Druglike,C=C[C@@](O)(CCl)C1=C(CC(=O)O)C(O)=NO1,3/000000225,C9H10NO5Cl,247.0,0.54,4.13,-6.794,-0.7691092591220059,-1.6367163131069842,-1.202912786114495,4.212711985828131,1.68,2.35,-170.0,DRUGLIKE_CONCAT
Druglike_1594,Druglike,CC[C@H](N)CN1C=C(/C=C/CO)C(CO)=C1,4/000000059,C12H21N2O2,225.0,-0.02,4.15,-6.74,-0.7103881306902498,-1.696274936169682,-1.203331533429966,4.459054693120837,3.41,3.58,-170.0,DRUGLIKE_LANAPDB
HighDiv_2222,HighDiv,N[C@H](CF)C1=NC=C(O)C(O)=C1Cl,1/000000143,C7H8N2O2FCl,206.0,0.52,4.14,-6.766,-0.7397486949061292,-1.6675985621024572,-1.2036736285042933,3.870499834502846,2.61,2.47,-150.0,HIGHDIVERSITY_MAYBRIDGE
HighDiv_990,HighDiv,NC1=CC(F)=C(/C=C/CS(=O)(=O)O)C(Br)=C1,20/000000031,C9H9NO3SFBr,310.0,1.28,4.12,-6.811,-0.7984698233378826,-1.617966376216875,-1.2082180997773788,3.061844079743937,6.8,2.22,0.0,HIGHDIVERSITY_CONCAT
Druglike_1599,Druglike,CC#C[C@H](C(=O)O)N1C=CCNC1,20/000000004,C9H12N2O2,180.0,0.55,4.14,-6.752,-0.7397486949061292,-1.683039686600194,-1.2113941907531616,4.786888974774339,2.17,2.22,-170.0,DRUGLIKE_LANAPDB
Druglike_808,Druglike,O=C(/C=C/C(=O)C1=NN=C(CO)N1)CCF,23/000000584,C9H10N3O3F,227.0,0.45,4.11,-6.831,-0.8278303875537594,-1.5959076269343935,-1.2118690072440765,3.6897837900336463,2.16,3.58,0.0,DRUGLIKE_CONCAT
HighDiv_1917,HighDiv,O=C(C1=CC=C(SS)C(O)=C1I)C1NCNCN1,24/000000076,C10H12N3O2S2I,397.0,1.97,4.01,-7.092,-1.1214360297125348,-1.3080409487980171,-1.214738489255276,4.2620520413765295,5.57,2.35,-150.0,HIGHDIVERSITY_LANAPDB
Druglike_817,Druglike,OC/C=C/C1=CC=C([C@@H](Br)CO)C=C1,17/000000019,C11H13O2Br,257.0,1.78,4.1,-6.851,-0.8571909517696387,-1.5738488776519128,-1.2155199147107758,2.960462946552326,4.92,5.09,-150.0,DRUGLIKE_CONCAT
HighDiv_2227,HighDiv,CNC[C@H](Cl)/C=C/C1=C(S)C(O)=CN=C1I,30/000000172,C10H13N2OSClI,371.0,2.45,4.13,-6.77,-0.7691092591220059,-1.6631868122459614,-1.2161480356839838,5.297242959505615,6.77,3.58,-170.0,HIGHDIVERSITY_MAYBRIDGE
HighDiv_1091,HighDiv,NC1=C(F)C(/C=C/CS(=O)(=O)O)=C(Br)C=C1,20/000000035,C9H9NO3SFBr,310.0,1.28,4.06,-6.956,-0.9746332086331483,-1.458040443918887,-1.2163368262760177,3.1654957280955855,6.52,2.22,0.0,HIGHDIVERSITY_CONCAT
Druglike_859,Druglike,C=C[C@@H](O)C1=C(CC(=O)O)C(O)=NO1,3/000000099,C8H9NO5,199.0,-0.31,4.08,-6.901,-0.9159120802013923,-1.5187020044457105,-1.2173070423235512,3.891903407131246,1.83,3.85,-170.0,DRUGLIKE_CONCAT
HighDiv_1899,HighDiv,O=[N+]([O-])C1=CC(CO)=C(S)C=C1,10/000000038,C7H7NO3S,185.0,1.48,4.03,-7.033,-1.0627149012807786,-1.3731142591813352,-1.217914580231057,2.532093965253992,5.77,1.11,0.0,HIGHDIVERSITY_LANAPDB
Druglike_1629,Druglike,NC[C@@](N)(C#CC(=O)C1=NNC(O)=C1)CCl,21/000000018,C9H11N4O2Cl,242.0,-0.03,4.1,-6.844,-0.8571909517696387,-1.581569439900781,-1.2193801958352097,4.696567825337459,1.88,2.22,-150.0,DRUGLIKE_LANAPDB
Druglike_993,Druglike,C=C(CC)CC(=O)C1=C(CC(=O)O)C(O)=NO1,3/000000028,C11H13NO5,239.0,0.4,4.02,-7.054,-1.092075465496658,-1.3499525724347303,-1.2210140189656942,3.3348819664559413,1.62,2.35,-80.0,DRUGLIKE_CONCAT
Druglike_1869,Druglike,NC1=CC(OCC(=O)O)=NC=C1I,10/000000007,C7H7N2O3I,294.0,1.05,4.29,-6.335,-0.2993402316679674,-2.142964609139923,-1.2211524204039452,2.7650608489099255,3.25,2.22,0.0,DRUGLIKE_MAYBRIDGE
Druglike_956,Druglike,C=C(N)[C@H](O)C1=CC(O)=CC(Br)=C1,28/000000014,C9H10NO2Br,244.0,1.26,4.04,-6.997,-1.0333543370649019,-1.4128200078898017,-1.2230871724773518,3.340860015498321,2.45,2.22,-150.0,DRUGLIKE_CONCAT
HighDiv_1510,HighDiv,OC1=CN=C(CCF)C(C2=NC=CS2)=C1S,1/000000298,C10H9N2OS2F,256.0,1.62,4.08,-6.886,-0.9159120802013923,-1.5352460664075709,-1.2255790733044816,3.4725577061175628,6.82,19.3,-120.0,HIGHDIVERSITY_CRAFT
HighDiv_2287,HighDiv,NC[C@H](CC1=CC(Br)=C(NC(N)N)C=C1S)C1=CSC=N1,16/000000032,C13H17N5S2Br,387.0,1.83,4.06,-6.925,-0.9746332086331483,-1.4922315053067332,-1.2334323569699408,4.109166054746753,8.81,24.0,-150.0,HIGHDIVERSITY_MAYBRIDGE
HighDiv_1499,HighDiv,CC[C@H](O)C1=CC=C(CO)C=C1CO,27/000000014,C11H16O3,196.0,0.47,4.09,-6.84,-0.8865515159855155,-1.5859811897572775,-1.2362663528713966,2.7626188792835613,3.29,9.0,-170.0,HIGHDIVERSITY_CRAFT
HighDiv_2205,HighDiv,NNCCOC[C@H](O)C1=CC=C(S)C(Cl)=C1,27/000000058,C10H15N2O2SCl,262.0,1.12,4.16,-6.65,-0.681027566474373,-1.7955393079408466,-1.2382834372076097,3.4335833644495084,2.0,3.72,-150.0,HIGHDIVERSITY_MAYBRIDGE
HighDiv_1514,HighDiv,NNCC1=CC(O)=C(N=O)C(Br)=C1,3/000000018,C7H8N3O2Br,246.0,0.85,4.07,-6.887,-0.945272644417269,-1.5341431289434475,-1.2397078866803581,3.142127222536298,2.32,12.9,0.0,HIGHDIVERSITY_CRAFT
HighDiv_2271,HighDiv,FC(F)(CN1C=NC2=C1C=CC=C2S)NCCS,22/000000053,C11H13N3S2F2,289.0,2.86,4.07,-6.882,-0.945272644417269,-1.5396578162640677,-1.2424652303406685,3.5130221952226837,0.17,2.22,-190.0,HIGHDIVERSITY_MAYBRIDGE
HighDiv_930,HighDiv,C[C@H](/C=C\CC1=C(Br)C=C(S)C(S)=C1)NCN,29/000000040,C12H17N2S2Br,333.0,3.72,4.16,-6.642,-0.681027566474373,-1.804362807653839,-1.2426951870641059,4.315705438713093,4.59,2.22,-197.0,HIGHDIVERSITY_CONCAT
HighDiv_817,HighDiv,CNC[C@H](O)C#CC1=CC(S)=C(S)C=C1Br,29/000000030,C11H12NOS2Br,318.0,3.14,4.23,-6.45,-0.47550361696323057,-2.0161268007656568,-1.2458152088644436,4.312346716214024,5.73,2.35,-170.0,HIGHDIVERSITY_CONCAT
Druglike_740,Druglike,NCCCC1=C(CC(=O)O)C(O)=NO1,3/000000179,C8H13N2O4,201.0,-0.34,4.14,-6.688,-0.7397486949061292,-1.7536276843041334,-1.2466881896051314,3.868473298242746,1.0,2.48,0.0,DRUGLIKE_CONCAT
HighDiv_1845,HighDiv,CCOC(=O)C1=CC=C(SS)C(O)=C1I,24/000000077,C9H9O3S2I,356.0,3.68,4.12,-6.737,-0.7984698233378826,-1.6995837485620544,-1.2490267859499684,3.060802349573148,3.99,15.5,-20.0,HIGHDIVERSITY_LANAPDB
HighDiv_1534,HighDiv,OC1=C(S)C(Br)=CC(C[C@H]2NC=NO2)=C1,3/000000019,C9H9N2O2SBr,289.0,3.18,4.05,-6.923,-1.0039937728490251,-1.494437380234981,-1.249215576542003,4.53139113477822,0.4,2.22,-170.0,HIGHDIVERSITY_CRAFT
HighDiv_1769,HighDiv,C=CCC[C@@](O)(CO)C(=O)C1=CC=C(SS)C(O)=C1I,24/000000020,C13H15O4S2I,426.0,2.33,4.28,-6.308,-0.3287007958838442,-2.172743920671272,-1.2507223582775582,4.283781420737501,4.57,3.7,-150.0,HIGHDIVERSITY_LANAPDB
Druglike_1013,Druglike,C[C@H](F)C1=NC(O)=NC=C1C(=O)O,29/000000076,C7H7N2O3F,186.0,0.37,4.01,-7.025,-1.1214360297125348,-1.3819377588943276,-1.2516868943034312,3.5574912372177776,4.46,12.7,-170.0,DRUGLIKE_CONCAT
HighDiv_1553,HighDiv,C=CC1=CC(O)=C(O)C=C1C(=O)CO,3/000000084,C10H10O4,194.0,0.53,4.03,-6.97,-1.0627149012807786,-1.442599319421151,-1.252657110350965,2.8457175919291444,2.71,3.58,0.0,HIGHDIVERSITY_CRAFT
Druglike_935,Druglike,NC(=O)/C=C\[C@H](O)C1=CC(Cl)=CC=C1O,21/000000262,C10H10NO3Cl,227.0,0.55,4.05,-6.916,-1.0039937728490251,-1.5021579424838492,-1.2530758576664371,3.2159484974155834,3.33,2.35,-150.0,DRUGLIKE_CONCAT
HighDiv_2196,HighDiv,CNNCN[C@@H](C#CCO)C1=CC(Br)=CC=C1S,16/000000037,C12H16N3OSBr,330.0,2.7,4.17,-6.592,-0.6516670022584963,-1.8595096808600422,-1.2555883415592692,4.242814189218967,8.02,3.72,-170.0,HIGHDIVERSITY_MAYBRIDGE
HighDiv_1844,HighDiv,O=P(O)(O)C1=CC(O)=C(/C=C/CNCCS)C(Cl)=C1,8/000000028,C11H15NO4PSCl,323.0,1.2,4.12,-6.725,-0.7984698233378826,-1.7128189981315436,-1.2556444107347131,3.553115911850309,3.7,4.81,0.0,HIGHDIVERSITY_LANAPDB
Druglike_1253,Druglike,CCC(=O)C#C[C@](N)(C(=O)O)C1=NN=CO1,25/000000004,C9H9N3O4,223.0,0.1,4.2,-6.509,-0.5635853096108634,-1.9510534903823376,-1.2573193999966006,4.518599667913486,3.75,22.4,-170.0,DRUGLIKE_CRAFT
HighDiv_1556,HighDiv,O=C(C=S)C1=CC(S)=C(O)C(O)=C1,3/000000115,C8H6O3S2,214.0,1.15,4.03,-6.95,-1.0627149012807786,-1.4646580687036317,-1.2636864849922052,3.494197216072174,0.61,2.22,-20.0,HIGHDIVERSITY_CRAFT
HighDiv_1065,HighDiv,C#CC1=NC2=C(CN(CCO)C2)N1CC(=C)CS,2/000000005,C13H17N3OS,263.0,0.45,4.07,-6.839,-0.945272644417269,-1.587084127221401,-1.266178385819335,3.9918471182996074,5.1,3.58,0.0,HIGHDIVERSITY_CONCAT
HighDiv_1774,HighDiv,O=[N+]([O-])C1=CC=C(S)C=C1S,10/000000063,C6H5NO2S2,187.0,2.67,4.26,-6.332,-0.3874219243156003,-2.146273421532295,-1.2668476729239477,3.1065971532733574,6.68,1.11,0.0,HIGHDIVERSITY_LANAPDB
HighDiv_746,HighDiv,O=C(O)[C@@H](CCO)C1=NNC(=S)O1,8/000000031,C6H8N2O4S,204.0,-0.31,4.28,-6.276,-0.3287007958838442,-2.208037919523242,-1.268369357703543,3.774593809939173,1.49,2.35,-170.0,HIGHDIVERSITY_CONCAT
HighDiv_1891,HighDiv,O=C(O)CCOCC1=CC([C@@H](O)CSS)=CC=C1,17/000000002,C12H16O4S2,288.0,1.49,4.04,-6.912,-1.0333543370649019,-1.5065696923403458,-1.2699620147026238,3.075276035372811,6.88,3.72,-150.0,HIGHDIVERSITY_LANAPDB
Druglike_1000,Druglike,O=C(O)CC1=C(C[C@H]2CCO2)ON=C1O,3/000000197,C9H11NO5,213.0,0.07,4.02,-6.961,-1.092075465496658,-1.452525756598267,-1.2723006110474624,3.578928122181062,1.91,2.48,-190.0,DRUGLIKE_CONCAT
HighDiv_1909,HighDiv,C[C@H](CCl)OC(=O)C1=CC(O)=C(S)C(O)=C1,29/000000041,C10H11O4SCl,262.0,2.75,4.03,-6.933,-1.0627149012807786,-1.4834080055937409,-1.2730614534372597,3.5326053924215373,2.24,3.85,-190.0,HIGHDIVERSITY_LANAPDB
HighDiv_1164,HighDiv,C[C@H](O)CCC1=C(Br)C(CN)=CC(C(=O)N=O)=C1,12/000000345,C12H15N2O3Br,315.0,1.67,4.02,-6.953,-1.092075465496658,-1.4613492563112593,-1.2767123609039586,3.409720419988198,4.93,16.7,-170.0,HIGHDIVERSITY_CONCAT
Druglike_879,Druglike,CC[C@@H](O)C1=C(CC(=O)O)C(O)=NO1,3/000000083,C8H11NO5,201.0,0.09,4.07,-6.816,-0.945272644417269,-1.6124516888962548,-1.278862166656762,3.603244779272619,1.85,2.35,-170.0,DRUGLIKE_CONCAT
Druglike_966,Druglike,O=C(O)CC1=C([C@H](O)C2=NON=C2)ON=C1O,3/000000168,C8H7N3O6,241.0,-0.21,4.03,-6.917,-1.0627149012807786,-1.5010550050197258,-1.2818849531502523,4.2275647427762815,1.74,2.35,-190.0,DRUGLIKE_CONCAT
Druglike_1676,Druglike,CNCCCNC(=O)C1=CCC=C(CO)O1,20/000000144,C11H19N2O3,227.0,-0.23,4.04,-6.89,-1.0333543370649019,-1.5308343165510752,-1.2820943268079885,4.3098130907329475,2.38,5.09,-80.0,DRUGLIKE_LANAPDB
Druglike_1680,Druglike,CC[C@](N)(C#CC(=O)C1=NNC(O)=C1)CN,21/000000010,C10H14N4O2,222.0,-0.01,4.04,-6.89,-1.0333543370649019,-1.5308343165510752,-1.2820943268079885,4.580382494389335,1.84,2.22,-170.0,DRUGLIKE_LANAPDB
Druglike_700,Druglike,O=C(O)/C=C/[C@H](O)C1=CC=CN1,19/000000009,C8H9NO3,167.0,-0.13,4.16,-6.561,-0.681027566474373,-1.8937007422478875,-1.2873641543611303,3.650285191767756,1.2,2.22,-150.0,DRUGLIKE_CONCAT
HighDiv_961,HighDiv,OCC1=NN=C(C2=CC(S)=C(S)C=C2Br)O1,29/000000022,C9H7N2O2S2Br,319.0,3.64,4.14,-6.602,-0.7397486949061292,-1.848480306218801,-1.2941145005624652,3.3055498739497304,5.27,19.7,-120.0,HIGHDIVERSITY_CONCAT
Druglike_2029,Druglike,O=C(O)C1=CC([C@H](O)Br)=C(CO)N1,5/000000163,C7H8NO4Br,250.0,-0.4,4.05,-6.841,-1.0039937728490251,-1.584878252293153,-1.2944360125710892,3.888919291516419,4.73,15.1,-150.0,DRUGLIKE_MAYBRIDGE
Druglike_1677,Druglike,CC#C[C@H](C(=O)O)C1=CNC=N1,20/000000003,C8H8N2O2,164.0,0.33,4.04,-6.866,-1.0333543370649019,-1.5573048156900524,-1.295329576377477,4.292276800159364,2.31,2.22,-170.0,DRUGLIKE_LANAPDB
HighDiv_1387,HighDiv,NC[C@@H](C[N+](=O)[O-])NC(=S)C1=NON=C1,24/000000001,C6H9N5O3S,231.0,0.18,4.31,-6.146,-0.24061910323621394,-2.3514197898593685,-1.2960194465477912,4.426346508672619,6.97,3.85,-150.0,HIGHDIVERSITY_CRAFT
HighDiv_1522,HighDiv,NCC1=NC=C(O)C(CS)=C1C1=CNC(CO)=C1,1/000000259,C12H15N3O2S,265.0,-0.2,4.06,-6.809,-0.9746332086331483,-1.6201722511451226,-1.2974027298891355,3.5774123490688368,7.97,17.3,-120.0,HIGHDIVERSITY_CRAFT
HighDiv_2274,HighDiv,O=[N+]([O-])C1=CC=C([C@@H](O)CO)C=C1,12/000000001,C8H9NO4,183.0,0.5,4.07,-6.77,-0.945272644417269,-1.6631868122459614,-1.3042297283316153,2.385725678071042,3.12,1.0,-150.0,HIGHDIVERSITY_MAYBRIDGE
HighDiv_1432,HighDiv,NNCC/C=C/NC1=C(O)C=C(Br)C(C2=NC=C(I)C=C2)=C1,28/000000004,C15H16N4OBrI,475.0,3.5,4.22,-6.37,-0.5048641811791099,-2.104361797895581,-1.3046129895373455,3.2736241016036303,2.13,18.0,-198.0,HIGHDIVERSITY_CRAFT
HighDiv_1793,HighDiv,OCCN/C=C/C1=CC=C(O)C=C1O,16/000000005,C10H13NO3,195.0,0.73,4.2,-6.422,-0.5635853096108634,-2.047009049761131,-1.3052971796859971,2.786907804627049,2.17,2.22,-40.0,HIGHDIVERSITY_LANAPDB
HighDiv_1873,HighDiv,C=C(C(N)=O)C1=CC=C(SS)C(O)=C1I,24/000000014,C9H8NO2S2I,353.0,2.64,4.06,-6.792,-0.9746332086331483,-1.638922188035232,-1.30677769833419,3.697478680934095,3.63,2.35,0.0,HIGHDIVERSITY_LANAPDB
Druglike_1344,Druglike,N[C@@H](CO)NCCC#CC1=C(Br)C=NN1,11/000000006,C9H13N4OBr,273.0,0.54,4.03,-6.871,-1.0627149012807786,-1.5517901283694313,-1.3072525148251048,4.192163662250748,5.59,2.22,-150.0,DRUGLIKE_CRAFT
HighDiv_2326,HighDiv,OC1=CN=C(I)C(C2=CC=CS2)=C1S,30/000000054,C9H6NOS2I,335.0,2.86,4.01,-6.921,-1.1214360297125348,-1.496643255163229,-1.3090396424378818,3.274991828295688,7.14,15.7,-120.0,HIGHDIVERSITY_MAYBRIDGE
Druglike_969,Druglike,C[C@@H](N)C1=C(CC(=O)O)C(O)=NO1,3/000000026,C7H10N2O4,186.0,-0.33,4.03,-6.867,-1.0627149012807786,-1.556201878225928,-1.3094583897533534,3.557267255317324,1.77,3.33,-170.0,DRUGLIKE_CONCAT
HighDiv_2144,HighDiv,O=C(O)[C@H](/C=C/CS)C1=CN=NS1,22/000000040,C7H8N2O2S2,216.0,1.56,4.27,-6.225,-0.35806136009972356,-2.2642877301935687,-1.311174545146646,4.5316812824666455,2.0,2.35,-150.0,HIGHDIVERSITY_MAYBRIDGE
HighDiv_2312,HighDiv,O=C(O)CC1=CC=C(I)C(O)=C1,22/000000001,C8H7O3I,278.0,2.11,4.02,-6.888,-1.092075465496658,-1.533040191479323,-1.3125578284879906,2.199656465253991,3.07,2.47,0.0,HIGHDIVERSITY_MAYBRIDGE
Druglike_865,Druglike,CCNCCC(=O)C1=C(CC(=O)O)C(O)=NO1,3/000000062,C10H14N2O5,242.0,-0.27,4.08,-6.727,-0.9159120802013923,-1.7106131232032946,-1.3132626017023434,3.007319759098081,0.94,2.35,-60.0,DRUGLIKE_CONCAT
Druglike_2002,Druglike,C[C@@H](/C=C/C1=CC(I)=C(CN)C=N1)CN,18/000000011,C11H16N3I,317.0,1.22,4.08,-6.722,-0.9159120802013923,-1.7161278105239148,-1.3160199453626535,3.7901731503236498,4.82,3.58,-170.0,DRUGLIKE_MAYBRIDGE
Druglike_947,Druglike,NCC1=CC=C(O)C=C1C1=NNN=C1,28/000000138,C9H10N4O,190.0,1.73,4.04,-6.828,-1.0333543370649019,-1.5992164393267656,-1.3162853881958338,2.727239047230599,2.14,14.6,-120.0,DRUGLIKE_CONCAT
HighDiv_1115,HighDiv,OC[C@@H](O)C1=CC(O)=CC(CNNCCl)=C1,8/000000011,C10H15N2O3Cl,246.0,0.88,4.04,-6.814,-1.0333543370649019,-1.6146575638245027,-1.3240059504447022,3.525509238575383,4.79,12.9,-150.0,HIGHDIVERSITY_CONCAT
Druglike_1017,Druglike,O=C(O)CC1=C([C@@H](O)CF)ON=C1O,3/000000096,C7H8NO5F,205.0,-0.06,4.01,-6.891,-1.1214360297125348,-1.529731379086951,-1.325583704399743,3.8607944674223074,2.14,2.35,-150.0,DRUGLIKE_CONCAT
Druglike_1342,Druglike,O=C1NCC2=CC=C(O)C(CC3=CC(Cl)=CC(Cl)=C3)=C12,3/000000002,C15H11NO2Cl2,307.0,3.71,4.04,-6.804,-1.0333543370649019,-1.6256869384657429,-1.3295206377653224,2.6000199162705577,2.56,2.22,-80.0,DRUGLIKE_CRAFT
Druglike_1345,Druglike,CC[C@H](O)C1=NN(C(=O)NCBr)C=N1,30/000000005,C7H11N4O2Br,263.0,0.28,4.03,-6.821,-1.0627149012807786,-1.6069370015756346,-1.3348259514282066,4.190962603979918,4.33,2.22,-170.0,DRUGLIKE_CRAFT
HighDiv_1445,HighDiv,C[P@](=O)(O)OC1=C(CC(=O)[N+](=O)[O-])C(O)=CC=C1,30/000000004,C9H10NO7P,275.0,0.51,4.19,-6.394,-0.5929458738267401,-2.0778912987566036,-1.3354185862916719,3.649968251412093,6.58,4.81,-20.0,HIGHDIVERSITY_CRAFT
HighDiv_947,HighDiv,NCC1=C(Br)C(CCO)=CC(C(=O)N=O)=C1,12/000000344,C10H11N2O3Br,287.0,0.85,4.15,-6.496,-0.7103881306902498,-1.9653916774159501,-1.3378899040531,2.965093734740103,5.19,15.5,0.0,HIGHDIVERSITY_CONCAT
Druglike_1692,Druglike,CCC1=CC=CC=C1O[C@H](CO)C(=O)O,20/000000020,C11H14O4,210.0,1.19,4.03,-6.815,-1.0627149012807786,-1.6135546263603782,-1.3381347638205785,2.5182418182410995,7.81,2.22,-170.0,DRUGLIKE_LANAPDB
HighDiv_1579,HighDiv,COCC(=O)C1=CC(O)=C(O)C(S)=C1,3/000000081,C9H10O4S,214.0,0.91,4.0,-6.883,-1.1507965939284115,-1.5385548787999432,-1.3446757363641773,2.788177467189019,0.33,2.22,-20.0,HIGHDIVERSITY_CRAFT
HighDiv_1767,HighDiv,CC[C@H](O)C1=CC=C(SS)C(O)=C1I,24/000000031,C9H11O2S2I,342.0,3.39,4.29,-6.109,-0.2993402316679674,-2.392228476031958,-1.3457843538499628,3.964300080727921,3.71,13.3,-170.0,HIGHDIVERSITY_LANAPDB
Druglike_1328,Druglike,NCC/C=C/[C@H](C1=COC=N1)C1=CC(F)=CC=C1O,13/000000003,C14H16N2O2F,263.0,1.63,4.06,-6.721,-0.9746332086331483,-1.7172307479880393,-1.3459319783105939,4.282000732392595,4.24,19.1,-150.0,DRUGLIKE_CRAFT
Druglike_1714,Druglike,O=C(O)[C@@H](CO)OC1=CC=C(O)C=C1,20/000000055,C9H10O5,198.0,0.31,4.0,-6.877,-1.1507965939284115,-1.5451725035846877,-1.3479845487565496,2.5094674622795132,8.42,2.22,-150.0,DRUGLIKE_LANAPDB
HighDiv_2310,HighDiv,C#C[C@@H](N)CCC1=C(Br)C=C(O[P@](=O)(O)CO)C(S)=C1,16/000000021,C12H15NO4PSBr,380.0,1.24,4.02,-6.823,-1.092075465496658,-1.6047311266473858,-1.3484032960720218,4.481090072608502,6.81,4.81,-150.0,HIGHDIVERSITY_MAYBRIDGE
HighDiv_2255,HighDiv,N=C1CCCN1C1=C(I)N=CC(N=O)=C1S,30/000000001,C9H9N4OSI,348.0,2.43,4.09,-6.636,-0.8865515159855155,-1.8109804324385834,-1.3487659742120495,3.9942418319916886,8.38,17.7,-120.0,HIGHDIVERSITY_MAYBRIDGE
HighDiv_2308,HighDiv,CN[C@H](Cl)/C=C/C1=C(S)C(O)=CN=C1I,30/000000182,C9H10N2OSClI,356.0,2.52,4.03,-6.793,-1.0627149012807786,-1.6378192505711076,-1.350267075925943,4.633323882030968,5.64,3.58,-170.0,HIGHDIVERSITY_MAYBRIDGE
HighDiv_1039,HighDiv,NNC/C=C/CC1=CC=C(I)C([C@@H](N)C=S)=C1,5/000000025,C12H16N3SI,361.0,1.77,4.09,-6.629,-0.8865515159855155,-1.8187009946874524,-1.3526262553364838,4.127215479273826,3.27,2.35,-150.0,HIGHDIVERSITY_CONCAT
HighDiv_1097,HighDiv,CO[C@@H](CCN)C(=O)C1=CC(O)=C(Br)C=C1,12/000000156,C11H14NO3Br,288.0,1.42,4.05,-6.729,-1.0039937728490251,-1.7084072482750468,-1.356200510562036,3.026502709058388,3.11,2.22,-170.0,HIGHDIVERSITY_CONCAT
HighDiv_1521,HighDiv,C=C[C@@H](/C=C/CN)C1=CC=C(Br)C=C1O,28/000000028,C12H14NOBr,268.0,2.86,4.06,-6.698,-0.9746332086331483,-1.742598309662892,-1.3586157591480201,3.7360819683349087,2.84,3.85,-150.0,HIGHDIVERSITY_CRAFT
HighDiv_2131,HighDiv,N[C@@H](NCS)NC1=C(I)N=CC(O)=C1S,30/000000087,C7H9N4OS2I,356.0,1.38,4.31,-6.026,-0.24061910323621394,-2.4837722855542546,-1.3621956943952342,4.752120420492506,7.05,17.0,0.0,HIGHDIVERSITY_MAYBRIDGE
HighDiv_2209,HighDiv,NCC1=C(C2=NN=C(S)O2)SN=N1,12/000000038,C5H5N5OS2,215.0,1.78,4.16,-6.424,-0.681027566474373,-2.044803174832882,-1.3629153706536274,3.593225612794689,2.32,23.0,-80.0,HIGHDIVERSITY_MAYBRIDGE
HighDiv_2236,HighDiv,O=C(O)C(=CC1=CC(SCS)=CC=C1O)C(=O)O,26/000000007,C11H9O5S2,285.0,1.59,4.12,-6.522,-0.7984698233378826,-1.9367153033487252,-1.367592563343304,3.0372663875303765,6.92,3.72,0.0,HIGHDIVERSITY_MAYBRIDGE
Druglike_985,Druglike,O=C(O)CC1=C([C@H](O)CCl)ON=C1O,3/000000085,C7H8NO5Cl,221.0,0.08,4.02,-6.781,-1.092075465496658,-1.6510545001405967,-1.3715649828186274,3.8010464424742825,2.02,2.35,-150.0,DRUGLIKE_CONCAT
HighDiv_1540,HighDiv,O=C(C#CC1=C(CS)N=CC(O)=C1O)NCS,1/000000395,C10H10N2O3S2,270.0,0.8,4.04,-6.727,-1.0333543370649019,-1.7106131232032946,-1.3719837301340982,4.007773605251928,5.99,19.8,0.0,HIGHDIVERSITY_CRAFT
Druglike_2000,Druglike,CCOC1=CC=C(C(=O)CO)C=C1CN,21/000000014,C11H16NO3,210.0,0.29,4.09,-6.59,-0.8865515159855155,-1.86171555578829,-1.374133535886903,2.814129741693222,4.71,3.58,-20.0,DRUGLIKE_MAYBRIDGE
Druglike_1698,Druglike,CC[C@@H](Cl)/C=C(\CC(=O)O)C1=NNN=C1,29/000000023,C9H12N3O2Cl,229.0,2.14,4.02,-6.775,-1.092075465496658,-1.6576721249253403,-1.3748737952109993,4.053871461768304,4.3,3.58,-170.0,DRUGLIKE_LANAPDB
HighDiv_979,HighDiv,C=C1NCCN1C1=CC=C(O)C=C1C#CC1=CN=CC=C1,15/000000004,C17H15N3O,277.0,3.67,4.13,-6.481,-0.7691092591220059,-1.9819357393778116,-1.3755224992499087,2.983350303912625,3.02,17.6,-140.0,HIGHDIVERSITY_CONCAT
HighDiv_799,HighDiv,NC[C@H](O)C#CC1=CC(S)=C(S)C=C1Br,29/000000017,C10H10NOS2Br,304.0,2.75,4.24,-6.187,-0.4461430527473538,-2.306199353830282,-1.3761712032888178,4.3903827281848145,4.41,2.35,-150.0,HIGHDIVERSITY_CONCAT
HighDiv_1853,HighDiv,N[C@@H](CCF)OC1=CC=C(SS)C(O)=C1I,24/000000033,C9H11NO2S2FI,375.0,3.62,4.1,-6.558,-0.8571909517696387,-1.8970095546402597,-1.3771002532049492,4.28865369295821,4.65,2.35,-150.0,HIGHDIVERSITY_LANAPDB
Druglike_1339,Druglike,NC[C@H](N)/C=C\CC1=CC=C(I)C(I)=C1,10/000000018,C11H14N2I2,428.0,3.35,4.04,-6.716,-1.0333543370649019,-1.7227454353086593,-1.3780498861867807,3.7571112366275896,4.59,2.22,-150.0,DRUGLIKE_CRAFT
Druglike_1003,Druglike,O=C(O)C1=CN=C(O)N=C1CCBr,29/000000079,C7H7N2O3Br,247.0,0.91,4.02,-6.769,-1.092075465496658,-1.6642897497100848,-1.3781826076033714,3.1073694203384967,4.98,11.7,0.0,DRUGLIKE_CONCAT
Druglike_1711,Druglike,OC/C=C(\C1=C(O)NN=C1)C1=NNN=C1CF,29/000000038,C9H10N5O2F,239.0,1.74,4.01,-6.793,-1.1214360297125348,-1.6378192505711076,-1.379627640141821,3.861663697225172,2.95,24.7,0.0,DRUGLIKE_LANAPDB
Druglike_950,Druglike,NCC1=NC=C([C@H](O)/C=C\CO)C=C1Br,13/000000067,C10H13N2O2Br,273.0,-0.28,4.04,-6.712,-1.0333543370649019,-1.7271571851651562,-1.380255761115029,3.732228685032843,3.77,2.35,-150.0,DRUGLIKE_CONCAT
Druglike_1990,Druglike,NCC1=C(I)C=C(/C=C/[C@H](I)CN)N=C1,18/000000001,C10H13N3I2,429.0,1.75,4.1,-6.544,-0.8571909517696387,-1.9124506791379967,-1.3848208154538177,4.213443319179186,5.64,3.58,-150.0,DRUGLIKE_MAYBRIDGE
Druglike_1639,Druglike,O=C(O)[C@@H](CO)OC1=CC=CC=C1,20/000000006,C9H10O4,182.0,0.71,4.09,-6.569,-0.8865515159855155,-1.884877242534895,-1.3857143792602051,2.3158274363128015,7.81,2.22,-150.0,DRUGLIKE_LANAPDB
HighDiv_1479,HighDiv,NCNNCCSC[C@H](O)C1=CC=C(S)C=C1,27/000000022,C11H19N3OS2,273.0,2.4,4.12,-6.48,-0.7984698233378826,-1.983038676841935,-1.3907542500899088,3.693875421990685,-0.06,2.22,-170.0,HIGHDIVERSITY_CRAFT
HighDiv_1488,HighDiv,NCC1=CC(N)=C([N+](=O)[O-])C=C1O,9/000000006,C7H9N3O3,183.0,-0.19,4.11,-6.503,-0.8278303875537594,-1.9576711151670823,-1.392750751360421,2.5835030984251155,1.93,1.23,0.0,HIGHDIVERSITY_CRAFT
HighDiv_2302,HighDiv,CSCC1=NN=C(/C(=C/C2=C(I)N=CC=C2S)CO)N1,30/000000030,C12H13N4OS2I,420.0,3.41,4.04,-6.686,-1.0333543370649019,-1.7558335592323813,-1.3945939481486416,4.175121289896931,8.54,23.0,-20.0,HIGHDIVERSITY_MAYBRIDGE
Druglike_1709,Druglike,O=C(CO)OC[C@H](O)C1=CC(O)=CC=C1,6/000000060,C10H12O5,212.0,-0.1,4.01,-6.762,-1.1214360297125348,-1.6720103119589538,-1.3967231708357444,2.732350636252356,3.88,2.22,-150.0,DRUGLIKE_LANAPDB
Druglike_1500,Druglike,CCCC[C@@H](CN)N1C=C(CN)N=N1,23/000000001,C9H19N5,197.0,-0.21,4.31,-5.952,-0.24061910323621394,-2.565389657899434,-1.403004380567824,3.3355055501026207,0.32,3.58,-190.0,DRUGLIKE_LANAPDB
Druglike_689,Druglike,O=C(O)[C@@H]1C=C(CO)N=CN1CCF,18/000000037,C8H11N2O3F,202.0,-0.3,4.16,-6.351,-0.681027566474373,-2.125317609713938,-1.4031725880941555,4.445924952158055,7.32,2.35,-150.0,DRUGLIKE_CONCAT
HighDiv_1862,HighDiv,C=C[C@@]1(/C(=C/C2=CCC(CO)=C2)C(=O)O)C=CSS1,24/000000001,C14H14O3S2,294.0,1.53,4.07,-6.588,-0.945272644417269,-1.863921430716538,-1.4045970375669035,5.094048676272612,6.36,3.58,-150.0,HIGHDIVERSITY_LANAPDB
HighDiv_1868,HighDiv,O=NC1=CC(O)=C(CO)C(O)=C1,29/000000055,C7H7NO4,169.0,-0.06,4.07,-6.577,-0.945272644417269,-1.8760537428219026,-1.4106631936195857,3.1375256960232223,4.87,1.11,0.0,HIGHDIVERSITY_LANAPDB
HighDiv_1796,HighDiv,C=CC[C@@](O)(CO)C(=O)C1=CC=C(SS)C(O)=C1I,24/000000084,C12H13O4S2I,412.0,1.97,4.19,-6.257,-0.5929458738267401,-2.2289937313415993,-1.4109698025841697,4.330344937520799,4.68,2.35,-150.0,HIGHDIVERSITY_LANAPDB
Druglike_908,Druglike,C=C[C@H](NC)C1=C(CC(=O)O)C(O)=NO1,3/000000088,C9H12N2O4,212.0,0.01,4.06,-6.589,-0.9746332086331483,-1.8628184932524134,-1.418725850942781,3.972336189723275,1.53,6.2,-170.0,DRUGLIKE_CONCAT
HighDiv_1672,HighDiv,O=P(O)(O)C1=CC=C(SS)C(O)=C1I,24/000000005,C6H6O4PS2I,364.0,1.5,4.56,-5.255,0.49339500216072046,-3.334137070393897,-1.4203710341165883,3.9073190472306,4.1,3.46,0.0,HIGHDIVERSITY_LANAPDB
HighDiv_1832,HighDiv,C=C[C@](O)(CN)C1=CC(O)=C(C=S)C(O)=C1,29/000000003,C11H13NO3S,239.0,0.14,4.13,-6.393,-0.7691092591220059,-2.078994236220728,-1.424051747671367,4.296725172641317,4.04,15.1,-170.0,HIGHDIVERSITY_LANAPDB
HighDiv_1919,HighDiv,O=C(C1=CC=C(SS)C(O)=C1I)[C@@H]1CCNC1,24/000000080,C11H12NO2S2I,381.0,2.62,4.01,-6.709,-1.1214360297125348,-1.7304659975575283,-1.4259510136350315,3.850130372890847,5.43,2.35,-150.0,HIGHDIVERSITY_LANAPDB
HighDiv_2154,HighDiv,CCN[C@@H](N)NC1=C(I)N=CC(O)=C1S,30/000000059,C8H11N4OSI,338.0,1.49,4.24,-6.095,-0.4461430527473538,-2.407669600529695,-1.4269063266385245,4.330048112800198,5.95,15.1,-20.0,HIGHDIVERSITY_MAYBRIDGE
HighDiv_2266,HighDiv,O=C(NO)C1=C(CCO)C=NN1[C@H](Cl)CCl,27/000000200,C8H11N3O3Cl2,267.0,0.05,4.08,-6.503,-0.9159120802013923,-1.9576711151670823,-1.4367915976842371,3.9373993101317337,3.09,19.6,-170.0,HIGHDIVERSITY_MAYBRIDGE
HighDiv_1015,HighDiv,OCC1=CC2=C(O1)C(S)=CC=C2,10/000000209,C9H8O2S,180.0,1.64,4.11,-6.416,-0.8278303875537594,-2.053626674545874,-1.4407285310498168,2.7940415614078375,4.59,10.5,-40.0,HIGHDIVERSITY_CONCAT
HighDiv_2297,HighDiv,OC[C@H](O)CC1=CC(O)=CC=C1F,19/000000004,C9H11O3F,186.0,0.45,4.05,-6.573,-1.0039937728490251,-1.8804654926783984,-1.4422296327637119,2.602584139609503,5.37,2.22,-150.0,HIGHDIVERSITY_MAYBRIDGE
Druglike_2057,Druglike,NCC1=C(C(=O)CBr)C=C(C(=O)O)N1,5/000000063,C8H9N2O3Br,261.0,-0.09,4.03,-6.617,-1.0627149012807786,-1.8319362442569407,-1.4473255727688596,3.1429421241536764,3.6,2.35,0.0,DRUGLIKE_MAYBRIDGE
Druglike_2058,Druglike,O=C(CBr)C1=CC(C(=O)O)=C(CO)O1,5/000000033,C8H7O5Br,263.0,-0.13,4.02,-6.631,-1.092075465496658,-1.8164951197592036,-1.4542852926279308,3.026091812303365,5.85,2.35,0.0,DRUGLIKE_MAYBRIDGE
HighDiv_1882,HighDiv,OCCN/C=C/C1=C(O)C=C(Br)C=C1,16/000000003,C10H12NO2Br,258.0,1.94,4.05,-6.549,-1.0039937728490251,-1.9069359918173756,-1.4554648823332004,2.802248633029418,3.24,2.22,-40.0,HIGHDIVERSITY_LANAPDB
HighDiv_1552,HighDiv,NNCC1=CC(O)=C(Br)C(Br)=C1,3/000000015,C7H8N2OBr2,296.0,2.11,4.03,-6.597,-1.0627149012807786,-1.853994993539421,-1.4583549474100999,2.8718872344847615,1.84,1.23,0.0,HIGHDIVERSITY_CRAFT
Druglike_872,Druglike,N[C@@H](CO)C1=CC=C(I)C(CF)=C1,19/000000054,C9H11NOFI,295.0,1.93,4.07,-6.486,-0.945272644417269,-1.9764210520571914,-1.4608468482372303,3.2401955681809316,4.01,11.2,-150.0,DRUGLIKE_CONCAT
HighDiv_1572,HighDiv,O=C(O)CC1=C(Br)C=C(O)C(OCCCO)=C1,28/000000011,C11H13O5Br,305.0,1.41,4.01,-6.641,-1.1214360297125348,-1.8054657451179634,-1.4634508874152492,2.270322100235205,5.13,5.09,0.0,HIGHDIVERSITY_CRAFT
Druglike_2071,Druglike,N[C@@H](C(=O)O)C1=CC=CC(O)=C1,10/000000010,C8H9NO3,167.0,-0.01,4.0,-6.653,-1.1507965939284115,-1.7922304955484751,-1.4715135447384433,2.4495431900195044,2.32,1.0,-150.0,DRUGLIKE_MAYBRIDGE
HighDiv_1511,HighDiv,CNOC/C=C/[C@@H](CO)N1CCNC1=S,29/000000013,C9H17N3O2S,231.0,0.63,4.08,-6.435,-0.9159120802013923,-2.0326708627275183,-1.4742914714644553,4.491972453459539,3.92,2.22,-170.0,HIGHDIVERSITY_CRAFT
Druglike_946,Druglike,C[C@@H](CO)C1=C(CC(=O)O)C(O)=NO1,3/000000131,C8H11NO5,201.0,-0.34,4.04,-6.515,-1.0333543370649019,-1.9444358655975942,-1.4888951013312481,3.60626847989632,1.88,4.69,-170.0,DRUGLIKE_CONCAT
HighDiv_1877,HighDiv,C[C@H](/C=C\CS)C1=NN(C(=O)O)CS1,15/000000001,C8H12N2O2S2,232.0,1.48,4.06,-6.437,-0.9746332086331483,-2.0304649877992693,-1.5025490982162089,4.809885680902994,5.55,3.58,-170.0,HIGHDIVERSITY_LANAPDB
HighDiv_1151,HighDiv,NCCC1=C(CCl)C=C(I)C(C2=NC(CC(=O)O)=NN2)=N1,4/000000294,C12H14N5O2ClI,422.0,1.38,4.02,-6.539,-1.092075465496658,-1.917965366458617,-1.5050204159776375,3.9462627185754062,6.67,22.3,-120.0,HIGHDIVERSITY_CONCAT
Druglike_1366,Druglike,O=C(O)C[C@@H]1CC=C(CO)N=C1CBr,2/000000002,C9H12NO3Br,262.0,-0.32,4.0,-6.592,-1.1507965939284115,-1.8595096808600422,-1.5051531373942268,4.2000427659232376,6.58,2.35,-150.0,DRUGLIKE_CRAFT
HighDiv_1872,HighDiv,COC1=C(I)C=C(O)C(CN)=C1,12/000000040,C8H10NO2I,279.0,1.72,4.06,-6.429,-0.9746332086331483,-2.0392884875122617,-1.506960848072705,2.5021127152539915,2.65,2.35,-20.0,HIGHDIVERSITY_LANAPDB
HighDiv_1925,HighDiv,CSC[C@@H](C(=O)O)C1=CNC=C1C(=O)C1=CSN=N1,3/000000049,C11H11N3O3S2,297.0,2.25,4.01,-6.557,-1.1214360297125348,-1.8981124921043833,-1.509774260908459,3.937842580481612,3.29,3.72,-170.0,HIGHDIVERSITY_LANAPDB
HighDiv_1090,HighDiv,O=C(CNCCO)C1=CC(S)=C(I)C=C1,5/000000066,C10H13NO2SI,338.0,1.88,4.06,-6.42,-0.9746332086331483,-2.0492149246893785,-1.5119240666612634,4.186286964957762,2.43,3.85,0.0,HIGHDIVERSITY_CONCAT
Druglike_937,Druglike,CCN1C([C@H](O)CO)=NN(CBr)C1=O,21/000000178,C7H12N3O3Br,266.0,-0.37,4.04,-6.469,-1.0333543370649019,-1.9951709889472997,-1.5142626630061007,3.809586151413992,4.16,2.35,-170.0,DRUGLIKE_CONCAT
Druglike_856,Druglike,CC[C@@H](CN)C(=O)C1=CC(O)=CC(Br)=C1,28/000000026,C11H14NO2Br,272.0,1.96,4.08,-6.36,-0.9159120802013923,-2.115391172536821,-1.5156516263691067,2.991768882030968,0.35,3.58,-190.0,DRUGLIKE_CONCAT
HighDiv_1867,HighDiv,O=[N+]([O-])C/C=C/[C@H](O)C1=NNN=N1,7/000000007,C5H7N5O3,185.0,-0.25,4.07,-6.382,-0.945272644417269,-2.0911265483260926,-1.5181995963716808,4.3110274363128,1.76,2.22,-150.0,HIGHDIVERSITY_LANAPDB
Druglike_2033,Druglike,CCC1=CC(CNCCO)=CC=N1,3/000000001,C10H16N2O,180.0,0.14,4.05,-6.424,-1.0039937728490251,-2.044803174832882,-1.5243984738409535,2.117510020279097,3.56,2.22,-20.0,DRUGLIKE_MAYBRIDGE
HighDiv_2289,HighDiv,CC(=O)CC(=O)OC1=CC(Br)=C(S)C=C1S,16/000000041,C10H9O3S2Br,321.0,2.83,4.06,-6.397,-0.9746332086331483,-2.0745824863642315,-1.52460784749869,3.2690319918318487,6.9,2.22,-20.0,HIGHDIVERSITY_MAYBRIDGE
HighDiv_2288,HighDiv,NCCC/C=C/C(=O)[C@@H]1CCNN1,12/000000013,C9H18N3O,184.0,0.46,4.06,-6.389,-0.9746332086331483,-2.083405986077224,-1.529019597355186,4.82163429701966,1.07,3.58,-150.0,HIGHDIVERSITY_MAYBRIDGE
HighDiv_1903,HighDiv,CC[C@H](S)C1=CC=C(P(=O)(O)O)C=C1O,8/000000017,C9H13O4PS,248.0,0.82,4.03,-6.468,-1.0627149012807786,-1.9962739264114242,-1.5294944138461015,3.760694177888956,3.56,4.83,-170.0,HIGHDIVERSITY_LANAPDB
HighDiv_1860,HighDiv,NC1=C(O)C=C([C@@H](S)CCS)C=C1O,29/000000036,C9H13NO2S2,231.0,1.66,4.08,-6.326,-0.9159120802013923,-2.15289104631704,-1.534401563259216,3.963952055779897,2.42,13.0,-170.0,HIGHDIVERSITY_LANAPDB
Druglike_823,Druglike,O=C(O)C1=CO[C@H](/C=C/CO)CO1,6/000000001,C8H10O5,186.0,0.22,4.1,-6.264,-0.8571909517696387,-2.22127316909273,-1.5392320604311844,4.180792820928184,0.55,2.35,-190.0,DRUGLIKE_CONCAT
HighDiv_2218,HighDiv,C/C=C/CC1=C(I)N=CC(O)=C1S,30/000000037,C9H10NOSI,307.0,2.87,4.15,-6.118,-0.7103881306902498,-2.3823020388548413,-1.5463450847725455,3.8361953544044294,6.54,11.8,-20.0,HIGHDIVERSITY_MAYBRIDGE
HighDiv_768,HighDiv,O=C(O)C1=NC([C@H](O)CS)=CO1,3/000000001,C6H7NO4S,189.0,-0.23,4.26,-5.784,-0.3874219243156003,-2.7506831518722747,-1.5690525380939375,3.966207613096427,5.17,2.47,-150.0,HIGHDIVERSITY_CONCAT
Druglike_980,Druglike,C[C@H](/C=C/CO)C1=CC=NC=C1O,21/000000268,C10H13NO2,179.0,0.51,4.03,-6.391,-1.0627149012807786,-2.0812001111489757,-1.5719575062148772,3.4909889747743392,3.86,2.22,-170.0,DRUGLIKE_CONCAT
Druglike_1312,Druglike,C/C=C(/C1=NN=CO1)[C@@H](Cl)C(=O)O,2/000000003,C7H6N2O3Cl,201.0,0.92,4.08,-6.253,-0.9159120802013923,-2.2334054811980946,-1.5746587806997434,4.179957765983129,5.83,2.22,-170.0,DRUGLIKE_CRAFT
Druglike_912,Druglike,NCCC1=NN=C(C(=O)/C=C/CO)N1,23/000000280,C8H12N4O2,196.0,-0.24,4.06,-6.285,-0.9746332086331483,-2.198111482346125,-1.5863723454896368,3.5734581004850376,4.73,3.58,0.0,DRUGLIKE_CONCAT
HighDiv_1794,HighDiv,N/C=C\CC[C@@](O)(CO)C(=O)C1=CC=C(SS)C(O)=C1I,24/000000075,C13H16NO4S2I,441.0,1.58,4.19,-5.938,-0.5929458738267401,-2.5808307823971712,-1.5868883281119557,4.533045592450429,4.18,3.7,-180.0,HIGHDIVERSITY_LANAPDB
HighDiv_1836,HighDiv,C=CC1=C(O)C(S)=CN=C1CN,20/000000008,C8H10N2OS,182.0,0.47,4.13,-6.089,-0.7691092591220059,-2.4142872253144385,-1.5916982422182222,3.638760792177069,0.71,10.9,0.0,HIGHDIVERSITY_LANAPDB
Druglike_1632,Druglike,CCOCC/C(=C\[C@@H](O)CO)C1=NON=C1,29/000000074,C10H16N2O4,228.0,0.42,4.1,-6.164,-0.8571909517696387,-2.3315669155051357,-1.5943789336373873,4.106940777036922,4.96,3.58,-170.0,DRUGLIKE_LANAPDB
Druglike_1033,Druglike,C=CCN1C(CCO)=NN([C@@H](Br)CN)C1=O,21/000000106,C9H15N4O2Br,291.0,-0.15,4.01,-6.4,-1.1214360297125348,-2.071273673971859,-1.5963548518421968,3.9384071813303025,1.96,17.8,-170.0,DRUGLIKE_CONCAT
Druglike_1717,Druglike,C#C[C@H](C(=O)O)C1=CN(CCO)C=C1,20/000000110,C10H11NO3,193.0,-0.02,4.0,-6.409,-1.1507965939284115,-2.0613472367947434,-1.6060719153615775,3.851061389405018,1.86,3.58,-170.0,DRUGLIKE_LANAPDB
HighDiv_2237,HighDiv,C#CC1=CN(C(=O)O)C=C1[C@](C)(O)S,28/000000007,C9H9NO3S,211.0,0.09,4.12,-6.047,-0.7984698233378826,-2.4606105988076497,-1.6295402110727661,4.3073298104576505,5.03,2.35,-170.0,HIGHDIVERSITY_MAYBRIDGE
HighDiv_1783,HighDiv,CCO[P@](=O)(O)C1=CC=C(SS)C(O)=C1I,24/000000018,C8H10O4PS2I,392.0,2.44,4.22,-5.762,-0.5048641811791099,-2.774947776083004,-1.639905978631057,4.287425172641317,5.8,3.46,-20.0,HIGHDIVERSITY_LANAPDB
HighDiv_1498,HighDiv,O=[N+]([O-])C1=C(S)C2=C(C=NN2)C=C1CS,22/000000005,C8H7N3O2S2,241.0,2.79,4.09,-6.088,-0.8865515159855155,-2.415390162778563,-1.6509708393820393,3.492645313925868,5.6,18.6,-40.0,HIGHDIVERSITY_CRAFT
HighDiv_965,HighDiv,NO[C@@H](CO)CC(=O)C1=CC(S)=C(S)C=C1Br,29/000000075,C10H12NO3S2Br,338.0,1.36,4.14,-5.934,-0.7397486949061292,-2.585242532253667,-1.662495613579898,4.080206575836838,5.52,2.22,-150.0,HIGHDIVERSITY_CONCAT
HighDiv_1907,HighDiv,N[C@@H](C(=O)O)C1=CC=C(SS)C(O)=C1I,24/000000017,C8H8NO3S2I,357.0,1.69,4.03,-6.198,-1.0627149012807786,-2.2940670417249174,-1.678390971502848,3.929659858362328,4.49,2.35,-150.0,HIGHDIVERSITY_LANAPDB
Druglike_1044,Druglike,NC/C=C\[C@H](N)C1=CC=C(I)C=C1,19/000000046,C10H13N2I,288.0,1.9,4.0,-6.258,-1.1507965939284115,-2.227890793877475,-1.6893436939029431,3.450512051697415,1.68,3.58,-150.0,DRUGLIKE_CONCAT
HighDiv_1132,HighDiv,NCC1=NN=C(C2=C(Br)C=C(S)C(S)=C2)O1,29/000000005,C9H8N3OS2Br,318.0,3.58,4.03,-6.174,-1.0627149012807786,-2.3205375408638944,-1.6916262210723365,3.3103110627609205,5.47,19.9,-121.0,HIGHDIVERSITY_CONCAT
HighDiv_2284,HighDiv,C[P@](=O)(O)O[C@@H](C#CCO)C1=CC(Br)=CC=C1S,16/000000040,C11H12O4PSBr,351.0,1.64,4.06,-6.066,-0.9746332086331483,-2.4396547869892924,-1.7071439978112204,4.281323701757601,8.66,4.69,-170.0,HIGHDIVERSITY_MAYBRIDGE
HighDiv_1876,HighDiv,O=C(O)[C@H](Br)C1=CC=C(SS)C(O)=C1I,24/000000071,C8H6O3S2BrI,421.0,3.28,4.06,-6.043,-0.9746332086331483,-2.4650223486641454,-1.7198277786486469,4.160063408658187,4.87,2.35,-150.0,HIGHDIVERSITY_LANAPDB
HighDiv_1911,HighDiv,O=C(O)CC[C@@](O)(CO)C(=O)C1=CC=C(SS)C(O)=C1I,24/000000079,C12H13O6S2I,444.0,1.1,4.03,-6.016,-1.0627149012807786,-2.494801660195495,-1.7787582807381368,4.050911726316563,4.47,3.7,-180.0,HIGHDIVERSITY_LANAPDB
HighDiv_1158,HighDiv,NCC1=CC=C([C@H](O)CS)C=C1I,12/000000293,C9H12NOSI,309.0,2.18,4.02,-6.037,-1.092075465496658,-2.47163997344889,-1.781857719472774,3.313243919829283,3.28,11.0,-150.0,HIGHDIVERSITY_CONCAT
HighDiv_2304,HighDiv,OC(=S)NC1=C(I)N=CC(O)=C1S,30/000000066,C6H5N2O2S2I,328.0,1.52,4.04,-5.931,-1.0333543370649019,-2.588551344646039,-1.8109528408554705,4.001520292995252,6.22,15.3,0.0,HIGHDIVERSITY_MAYBRIDGE
HighDiv_1898,HighDiv,NCC1=CC=C(SS)C(O)=C1I,24/000000015,C7H8NOS2I,313.0,2.44,4.04,-5.907,-1.0333543370649019,-2.615021843785016,-1.824188090424959,3.616485792177068,3.31,12.3,0.0,HIGHDIVERSITY_LANAPDB
HighDiv_1915,HighDiv,OCC1=CC=C(SS)C(O)=C1I,24/000000004,C7H7O2S2I,314.0,2.51,4.02,-5.886,-1.092075465496658,-2.638183530531621,-1.8651294980141395,3.541301176792454,3.37,12.1,0.0,HIGHDIVERSITY_LANAPDB
HighDiv_2307,HighDiv,NCCC(=O)NOC1=C(S)C(O)=CN=C1I,30/000000076,C8H11N3O3SI,356.0,0.36,4.03,-5.839,-1.0627149012807786,-2.6900215913454515,-1.876368246313115,4.478797133666758,7.22,16.4,0.0,HIGHDIVERSITY_MAYBRIDGE
Druglike_892,Druglike,O=C(O)[C@@H]1CN/C(=C\CO)N1CBr,13/000000161,C7H11N2O3Br,251.0,0.55,4.06,-5.568,-0.9746332086331483,-2.98891764412307,-1.981775426378109,4.2560364473018115,6.83,2.35,-150.0,DRUGLIKE_CONCAT
