rank,molecule_name,score,smiles,library,Ligand_name,tautomer_id
1,Druglike_1497-1_out,-11.495,CCc1cc(=O)c2ccc(Nc3cccc4ncoc34)cc2[nH]1,Druglike,Druglike_1497,1
2,Druglike_33-1_out,-11.44,CCC#CCNCc1cc(-c2ccc(C(=O)c3noc(=O)[nH]3)[nH]2)ccc1Cl,Druglike,Druglike_33,1
3,Druglike_176-1_out,-11.297,Nc1cnc(C2=COCC=C2)cc1C#Cc1cc(F)ccc1C(=O)[O-],Druglike,Druglike_176,1
4,Druglike_1153-1_out,-11.111,O=C(c1cc([O-])[nH]n1)c1ncc(/C=C/c2cccc(Cl)c2)cn1,Druglike,Druglike_1153,1
5,Druglike_245-1_out,-10.995,Oc1ccc(F)cc1C#Cc1cncc(C2=CCC=CN2)c1,Druglike,Druglike_245,1
6,Druglike_38-1_out,-10.977,C/C=C/c1cc(-c2ccc(C(=O)c3noc(=O)[nH]3)[nH]2)ccc1C,Druglike,Druglike_38,1
7,Druglike_1576-1_out,-10.959,O=c1cc[nH]c2cc(/C=C/c3ccc4nc[nH]c4n3)ccc12,Druglike,Druglike_1576,1
8,Druglike_1094-1_out,-10.957,O=C(c1ncc(/C=C/c2ccc(O)c(Cl)c2)cn1)c1n[nH]c(=O)o1,Druglike,Druglike_1094,1
9,Druglike_188-1_out,-10.938,O=C(Cc1cccc(C2=CN=CCN2)c1)c1ccc(Br)cc1[O-],Druglike,Druglike_188,1
10,Druglike_1096-1_out,-10.936,Cc1nc(C(=O)c2n[nH]c(=O)o2)ncc1/C=C/c1cc(Cl)ccc1CN,Druglike,Druglike_1096,1
11,HighDiv_1581-1_out,-10.932,C=Cc1c(C(N)=O)sc2ccc([S@](=O)c3cc(O)c(I)cc3O)cc12,HighDiv,HighDiv_1581,1
12,Druglike_1105-1_out,-10.922,O=C(c1ncc(/C=C/c2cc(O)cc(Cl)c2)cn1)c1n[nH]c(=O)o1,Druglike,Druglike_1105,1
13,Druglike_46-1_out,-10.914,C=CCN(C(N)=O)c1cccc(-c2ccc(C(=O)c3noc(=O)[nH]3)[nH]2)c1,Druglike,Druglike_46,1
14,Druglike_1583-2_out,-10.913,[NH3+]Cc1cc(=O)c2ccc(/C=C/c3ccc(=O)[nH]c3)cc2[nH]1,Druglike,Druglike_1583,2
15,Druglike_1095-1_out,-10.911,Nc1ccc(/C=C/c2cnc(C(=O)c3n[nH]c(=O)o3)nc2)cc1Cl,Druglike,Druglike_1095,1
16,Druglike_1461-1_out,-10.91,Cc1ccc(C(=O)C2=C(/C=C3\N=COC3=O)C(=O)[N-]C2=O)c([O-])c1,Druglike,Druglike_1461,1
17,Druglike_1060-1_out,-10.884,Cc1nc(C(=O)c2n[nH]c(=O)o2)ncc1/C=C/c1ccc(CO)c(Cl)c1,Druglike,Druglike_1060,1
18,Druglike_63-1_out,-10.882,C/C=C(/C)Cc1cc(-c2ccc(C(=O)c3noc(=O)[nH]3)[nH]2)ccc1O,Druglike,Druglike_63,1
19,Druglike_1079-1_out,-10.839,O=C(c1ncc(/C=C/c2cc(Cl)ccc2CO)cn1)c1n[nH]c(=O)o1,Druglike,Druglike_1079,1
20,Druglike_44-1_out,-10.787,CC(=O)c1cc(-c2ccc(C(=O)c3noc(=O)[nH]3)[nH]2)ccc1C,Druglike,Druglike_44,1
21,Druglike_1059-1_out,-10.787,Cc1nc(C(=O)c2n[nH]c(=O)o2)ncc1/C=C/c1ccc(CN)c(Cl)c1,Druglike,Druglike_1059,1
22,Druglike_69-1_out,-10.76,CCC#CCNCc1cccc(-c2ccc(C(=O)c3noc(=O)[nH]3)[nH]2)c1,Druglike,Druglike_69,1
23,Druglike_1124-1_out,-10.756,Cc1nc(C(=O)c2n[nH]c(=O)o2)ncc1/C=C/c1cc(Cl)ccc1N,Druglike,Druglike_1124,1
24,Druglike_1050-1_out,-10.753,O=C(c1ncc(/C=C/c2ccc(CO)c(Cl)c2)cn1)c1n[nH]c(=O)o1,Druglike,Druglike_1050,1
25,Druglike_85-1_out,-10.735,Cc1ccc(-c2ccc(C(=O)c3noc(=O)[nH]3)[nH]2)cc1NC(N)=O,Druglike,Druglike_85,1
26,Druglike_26-1_out,-10.734,C=C(C)c1cc(-c2ccc(C(=O)c3noc(=O)[nH]3)[nH]2)ccc1CF,Druglike,Druglike_26,1
27,Druglike_1114-1_out,-10.728,Cc1nc(C(=O)c2n[nH]c(=O)o2)ncc1/C=C/c1ccc(O)c(Cl)c1,Druglike,Druglike_1114,1
28,HighDiv_1349-1_out,-10.716,C=C(c1cccc(Nc2cccc3c2NCC(=O)N3)c1O)[N+](=O)[O-],HighDiv,HighDiv_1349,1
29,HighDiv_1240-1_out,-10.702,[O-]c1cncc(-c2nnc(CCc3ccc4c(c3)CCC4)s2)c1CS,HighDiv,HighDiv_1240,1
30,Druglike_1928-1_out,-10.691,NC(=O)c1cnc2c([C@H](F)c3ccc4oncc4c3)c[nH]c2n1,Druglike,Druglike_1928,1
31,HighDiv_1605-1_out,-10.69,O=[S@@](c1ccc(O)c(-c2ccccn2)c1)c1cc(O)c(I)cc1O,HighDiv,HighDiv_1605,1
32,Druglike_1051-1_out,-10.684,NCc1ccc(/C=C/c2cnc(C(=O)c3n[nH]c(=O)o3)nc2)cc1Cl,Druglike,Druglike_1051,1
33,Druglike_1052-1_out,-10.684,NCc1ccc(/C=C/c2cnc(C(=O)c3n[nH]c(=O)o3)nc2)cc1Cl,Druglike,Druglike_1052,1
34,Druglike_118-1_out,-10.682,[NH3+]Cc1ccccc1C#Cc1cccc(-c2cn[nH]c2CF)c1,Druglike,Druglike_118,1
35,Druglike_1101-1_out,-10.637,Nc1ccc(Cl)cc1/C=C/c1cnc(C(=O)c2n[nH]c(=O)o2)nc1,Druglike,Druglike_1101,1
36,HighDiv_1586-1_out,-10.63,Cc1c(C(N)=O)sc2ccc([S@](=O)c3cc(O)c(I)cc3O)cc12,HighDiv,HighDiv_1586,1
37,Druglike_1067-1_out,-10.613,O=C(c1ncc(/C=C/c2ccc(CO)c(Cl)c2)cn1)c1cc(=O)[n-]o1,Druglike,Druglike_1067,1
38,HighDiv_4-1_out,-10.609,NOc1cc(C(=O)[O-])cc(OC/C=C/[C@@H]2NNc3ccccc32)c1Br,HighDiv,HighDiv_4,1
39,HighDiv_31-1_out,-10.605,O=C1NCCN1c1cc(O)cc(C#CCCc2ccccc2)c1,HighDiv,HighDiv_31,1
40,HighDiv_1386-1_out,-10.598,O=C([O-])n1ncc2cc(C/C=C/C3C=CNC=C3)cc(F)c21,HighDiv,HighDiv_1386,1
41,Druglike_1107-1_out,-10.597,Nc1cc(Cl)cc(/C=C/c2cnc(C(=O)c3n[nH]c(=O)o3)nc2)c1,Druglike,Druglike_1107,1
42,HighDiv_1669-1_out,-10.593,C=Cc1cc(=O)oc2ccc([S@](=O)c3cc(O)c(I)cc3O)cc12,HighDiv,HighDiv_1669,1
43,Druglike_1321-1_out,-10.583,O=c1[nH]c2cccc(OCc3cccc4ccccc34)c2[nH]1,Druglike,Druglike_1321,1
44,Druglike_1120-1_out,-10.564,Cc1nc(C(=O)c2cc[nH]c2)ncc1/C=C/c1ccc(CO)c(Cl)c1,Druglike,Druglike_1120,1
45,HighDiv_1172-2_out,-10.555,Oc1c(/C=C/c2ccc(F)c(F)c2)cccc1-c1ccn[nH]1,HighDiv,HighDiv_1172,2
46,Druglike_45-1_out,-10.55,CC#CCc1cc(-c2ccc(C(=O)c3noc(=O)[nH]3)[nH]2)ccc1O,Druglike,Druglike_45,1
47,Druglike_1097-1_out,-10.538,O=C(c1ncc(/C=C/c2cc(Cl)ccc2O)cn1)c1n[nH]c(=O)o1,Druglike,Druglike_1097,1
48,Druglike_165-1_out,-10.537,C#CCNCc1cc(-c2ccc(C(=O)c3noc(=O)[nH]3)[nH]2)ccc1F,Druglike,Druglike_165,1
49,HighDiv_1659-1_out,-10.535,NC(=O)Nc1cccc(C[C@@H](O)c2cc(F)c([O-])c([N+](=O)[O-])c2)c1Cl,HighDiv,HighDiv_1659,1
50,HighDiv_1203-1_out,-10.531,C=C(c1ccc(-c2c[nH]cc(O)c2=O)cc1)c1ccc(F)cn1,HighDiv,HighDiv_1203,1
51,Druglike_25-1_out,-10.509,Cc1ccc(-c2ccc(C(=O)c3noc(=O)[nH]3)[nH]2)cc1I,Druglike,Druglike_25,1
52,Druglike_60-1_out,-10.503,C=Cc1cc(-c2ccc(C(=O)c3noc(=O)[nH]3)[nH]2)ccc1CF,Druglike,Druglike_60,1
53,Druglike_1897-1_out,-10.499,O=c1cc(CCF)[nH]c(-c2ccc(/N=C3\NCCO3)cc2)c1,Druglike,Druglike_1897,1
54,HighDiv_1589-1_out,-10.494,CCc1c(C(N)=O)sc2ccc([S@](=O)c3cc(O)c(I)cc3O)cc12,HighDiv,HighDiv_1589,1
55,Druglike_1581-1_out,-10.488,O=C(c1cc(=O)[nH]cn1)c1n[nH]c(/C=C\C2CCCCC2)n1,Druglike,Druglike_1581,1
56,Druglike_1733-1_out,-10.479,O=C(OCc1cc[nH]c(=O)c1-c1ccccc1)c1cnc(C(=O)[O-])[nH]1,Druglike,Druglike_1733,1
57,Druglike_171-1_out,-10.461,NC(=O)Nc1cccc(-c2ccc(C(=O)c3noc(=O)[nH]3)[nH]2)c1,Druglike,Druglike_171,1
58,HighDiv_1606-1_out,-10.457,C=C(C)Cc1cc2cc([S@](=O)c3cc(O)c(I)cc3O)ccc2oc1=O,HighDiv,HighDiv_1606,1
59,HighDiv_1284-1_out,-10.454,C/C=C\c1[nH]cc(C#CC(=O)Nc2cc(O)ccc2F)c(=O)c1O,HighDiv,HighDiv_1284,1
60,HighDiv_75-1_out,-10.449,NOc1cc(C(=O)[O-])cc(/C=C/C2Cc3ccccc3C2)c1Br,HighDiv,HighDiv_75,1
61,Druglike_52-1_out,-10.441,NC(=O)Nc1cc(-c2ccc(C(=O)c3noc(=O)[nH]3)[nH]2)ccc1Br,Druglike,Druglike_52,1
62,Druglike_235-1_out,-10.424,NC(=O)c1nonc1C#C[C@H]([O-])C(=O)c1c[nH]c2ccccc12,Druglike,Druglike_235,1
63,Druglike_197-1_out,-10.404,Cc1ccc(-c2ccc(C(=O)c3noc(=O)[nH]3)[nH]2)c(CN)c1,Druglike,Druglike_197,1
64,Druglike_589-1_out,-10.387,OCc1ccccc1C#Cc1cccc(-c2cn[nH]c2)c1,Druglike,Druglike_589,1
65,Druglike_1637-1_out,-10.382,O=C(c1cc(=O)[nH]cn1)c1n[nH]c(/C=C/[C@H]2CC=CCC2)n1,Druglike,Druglike_1637,1
66,Druglike_67-1_out,-10.377,C=CCOCc1cc(-c2ccc(C(=O)c3noc(=O)[nH]3)[nH]2)ccc1C,Druglike,Druglike_67,1
67,Druglike_1763-1_out,-10.375,OCc1cc(O)cc(-c2coc(C[NH2+]Cc3ccccc3)c2)c1,Druglike,Druglike_1763,1
68,Druglike_93-1_out,-10.364,C=CC(=O)Cc1cc(-c2ccc(C(=O)c3noc(=O)[nH]3)[nH]2)ccc1O,Druglike,Druglike_93,1
69,HighDiv_1264-1_out,-10.363,C#Cc1[nH]cc(O)c(=O)c1C#CC(=O)Nc1cccnc1,HighDiv,HighDiv_1264,1
70,HighDiv_1666-1_out,-10.357,[NH2+]=CCc1cc(O)cc(CCc2cc(F)c([O-])c([N+](=O)[O-])c2)c1Cl,HighDiv,HighDiv_1666,1
71,HighDiv_23-1_out,-10.357,O=C([O-])Cc1nc(-c2nc(/C=C/c3ccccc3)ccc2I)n[nH]1,HighDiv,HighDiv_23,1
72,HighDiv_1262-1_out,-10.355,O=C([O-])n1cc([N+](=O)[O-])c(CCc2ccc3[nH]c(=O)[nH]c3c2)n1,HighDiv,HighDiv_1262,1
73,Druglike_75-1_out,-10.338,COC(=O)Cc1cc(-c2ccc(C(=O)c3noc(=O)[nH]3)[nH]2)ccc1C,Druglike,Druglike_75,1
74,Druglike_1057-1_out,-10.337,O=C(c1ncc(/C=C\c2ccc([C@H](O)Cl)c(Cl)c2)cn1)c1n[nH]c(=O)o1,Druglike,Druglike_1057,1
75,HighDiv_1212-1_out,-10.332,C#CCc1c(/C=C\Cc2ncncn2)ccc(-c2c[nH+]cc([O-])c2)c1N,HighDiv,HighDiv_1212,1
76,Druglike_1184-1_out,-10.327,O=C([O-])[C@@H](C[NH2+]CC#CC1=CCc2ccccc21)c1cnccn1,Druglike,Druglike_1184,1
77,Druglike_27-1_out,-10.319,O=C(c1ccc(-c2ccc(F)c(I)c2)[nH]1)c1noc(=O)[nH]1,Druglike,Druglike_27,1
78,HighDiv_155-1_out,-10.314,Cc1c(O)cc(N2CCNC2=O)cc1C#CCCN1C=[NH+]CNC1,HighDiv,HighDiv_155,1
79,Druglike_495-1_out,-10.31,[NH3+]CCc1ccccc1C#Cc1cccc(-c2cn[nH]c2)c1,Druglike,Druglike_495,1
80,Druglike_129-1_out,-10.304,O=C(CCl)Nc1cc(-c2ccc(C(=O)c3noc(=O)[nH]3)[nH]2)ccc1O,Druglike,Druglike_129,1
81,HighDiv_1275-1_out,-10.296,Cc1[nH]cc(O)c(=O)c1C#CC(=O)Nc1ccc[nH]c1=O,HighDiv,HighDiv_1275,1
82,Druglike_24-1_out,-10.293,C=C(C(=O)C1=C[C@@H](C(=O)[O-])C(C(=O)Cc2nc[nH]n2)=C1)c1cc(F)ccc1F,Druglike,Druglike_24,1
83,HighDiv_1582-1_out,-10.293,NC(=O)c1sc2ccc([S@](=O)c3cc(O)c(I)cc3O)cc2c1CO,HighDiv,HighDiv_1582,1
84,Druglike_266-1_out,-10.287,C#CCNCc1cccc(-c2ccc(C(=O)c3noc(=O)[nH]3)[nH]2)c1,Druglike,Druglike_266,1
85,Druglike_1165-1_out,-10.287,O=C(c1ncc(/C=C/c2cc(Cl)cc(CO)c2)cn1)c1n[nH]c(=O)o1,Druglike,Druglike_1165,1
86,HighDiv_1583-1_out,-10.287,COc1cc([S@@](=O)c2ccc3sc(C(N)=O)cc3c2)c(O)cc1I,HighDiv,HighDiv_1583,1
87,HighDiv_1990-1_out,-10.28,C=C(/C=C/c1ccon1)c1nc(-c2cccc(F)c2ON)c[nH]1,HighDiv,HighDiv_1990,1
88,Druglike_326-1_out,-10.279,[NH3+]Cc1ccccc1C#Cc1cccc(-c2cn[nH]c2)c1,Druglike,Druglike_326,1
89,Druglike_105-1_out,-10.278,CCC(=O)Cc1cc(-c2ccc(C(=O)c3noc(=O)[nH]3)[nH]2)ccc1O,Druglike,Druglike_105,1
90,Druglike_156-1_out,-10.276,CN(C(N)=O)c1cccc(-c2ccc(C(=O)c3noc(=O)[nH]3)[nH]2)c1,Druglike,Druglike_156,1
91,Druglike_251-1_out,-10.273,C#CCc1ccc(-c2ccc(C(=O)c3noc(=O)[nH]3)[nH]2)cc1,Druglike,Druglike_251,1
92,Druglike_1750-1_out,-10.27,O=c1cc(CCF)[nH]c(-c2ccc(NC3=[NH+]CCO3)c(O)c2)c1,Druglike,Druglike_1750,1
93,Druglike_1115-1_out,-10.268,O=C(c1cc[nH]c1)c1ncc(/C=C/c2ccc(CO)c(Cl)c2)cn1,Druglike,Druglike_1115,1
94,Druglike_123-1_out,-10.268,CC(=O)Cc1cccc(-c2ccc(C(=O)c3noc(=O)[nH]3)[nH]2)c1,Druglike,Druglike_123,1
95,HighDiv_2182-1_out,-10.26,Nc1ccc(C#CC2=CC(=O)OC[C@H]2C(=O)[O-])cc1C(=O)[O-],HighDiv,HighDiv_2182,1
96,Druglike_135-1_out,-10.26,NC(=O)NCc1cccc(-c2ccc(C(=O)c3noc(=O)[nH]3)[nH]2)c1,Druglike,Druglike_135,1
97,HighDiv_1590-1_out,-10.249,CC(=O)Cc1cc2cc([S@](=O)c3cc(O)c(I)cc3O)ccc2oc1=O,HighDiv,HighDiv_1590,1
98,Druglike_1797-1_out,-10.249,C=C(Cc1cc(F)ccc1F)c1nc(-c2cn[nH]c2C)c[nH]c1=O,Druglike,Druglike_1797,1
99,Druglike_34-1_out,-10.246,C/C=C/c1ccc(-c2ccc(C(=O)c3noc(=O)[nH]3)[nH]2)cc1NC(N)=O,Druglike,Druglike_34,1
100,HighDiv_121-1_out,-10.239,O=C([O-])Cc1nc(-c2nc(/C=C/c3cccnc3)ccc2I)n[nH]1,HighDiv,HighDiv_121,1
101,HighDiv_1655-1_out,-10.237,O=[S@@](c1ccc2c(c1)[C@@H](/C=C\CO)CN2)c1cc(O)c(I)cc1O,HighDiv,HighDiv_1655,1
102,Druglike_1757-1_out,-10.235,O=C(C#Cc1cccc(O)c1C(=O)[O-])OCCc1ccc(F)c(F)c1,Druglike,Druglike_1757,1
103,Druglike_1645-2_out,-10.234,[NH3+]Cc1cc(=O)c2ccc(OC(=O)c3ccccn3)cc2[nH]1,Druglike,Druglike_1645,2
104,HighDiv_1580-1_out,-10.226,NC(=O)c1sc2ccc([S@](=O)c3cc(O)c(I)cc3O)cc2c1C[NH3+],HighDiv,HighDiv_1580,1
105,HighDiv_1584-1_out,-10.226,NC(=O)c1sc2ccc([S@](=O)c3cc(O)c(I)cc3O)cc2c1C[NH3+],HighDiv,HighDiv_1584,1
106,Druglike_57-1_out,-10.223,O=C(c1ccc(-c2ccc(CF)c(C(=O)O)c2)[nH]1)c1noc(=O)[nH]1,Druglike,Druglike_57,1
107,HighDiv_39-1_out,-10.21,C=CC(=O)c1cc([O-])c(Br)c(C[C@@H](Cl)n2cnc(CC(=O)[O-])n2)c1,HighDiv,HighDiv_39,1
108,Druglike_1776-1_out,-10.208,O=c1cc(CCO)[nH]c(-c2ccc(CCc3ccoc3)cc2)c1,Druglike,Druglike_1776,1
109,Druglike_1146-1_out,-10.206,OC[C@H](C#CCCc1cccc2ncoc12)c1ncc2nc[nH]c2n1,Druglike,Druglike_1146,1
110,Druglike_2068-1_out,-10.205,Cc1cc2c(cc1COc1[nH+]cc(Cl)cc1[O-])C(=O)NC2=O,Druglike,Druglike_2068,1
111,Druglike_509-1_out,-10.201,NC(=O)c1nonc1C#C[C@H]([O-])C(=O)c1ccc2c(n1)OCC2,Druglike,Druglike_509,1
112,Druglike_261-1_out,-10.199,NC(=O)c1nonc1C#C[C@H]([O-])C(=O)c1n[nH]c2ccccc12,Druglike,Druglike_261,1
113,Druglike_1945-1_out,-10.198,C=Cc1cc(=O)cc(-c2ccc(CCc3[nH]cc[nH+]3)cc2)[nH]1,Druglike,Druglike_1945,1
114,Druglike_137-1_out,-10.196,CC(=O)Cc1cc(-c2ccc(C(=O)c3noc(=O)[nH]3)[nH]2)ccc1O,Druglike,Druglike_137,1
115,HighDiv_1213-1_out,-10.194,C#CCc1c(/C=C\Cn2c[nH+]cc2[O-])ccc(-c2c[nH+]cc([O-])c2)c1N,HighDiv,HighDiv_1213,1
116,Druglike_178-1_out,-10.192,NC(=O)c1ccc(-c2ccc(C(=O)c3noc(=O)[nH]3)[nH]2)cc1,Druglike,Druglike_178,1
117,HighDiv_1246-1_out,-10.186,Cc1ncccc1NC(=O)C#Cc1c(CF)[nH]cc(O)c1=O,HighDiv,HighDiv_1246,1
118,HighDiv_1273-1_out,-10.181,Cc1ncccc1NC(=O)C#Cc1c(C)[nH]cc(O)c1=O,HighDiv,HighDiv_1273,1
119,HighDiv_1617-1_out,-10.179,NC(=O)c1cc2cc([S@](=O)c3cc(O)c(I)cc3O)ccc2oc1=O,HighDiv,HighDiv_1617,1
120,Druglike_1396-1_out,-10.176,C/C=C(/C(=O)c1ccc(NC(N)=O)c(Cl)c1)c1ncc(-c2cccnc2)o1,Druglike,Druglike_1396,1
121,HighDiv_1328-1_out,-10.166,CCc1nc(NC(=O)c2cccc3c2NCC(=O)N3)c(Cl)cc1Cl,HighDiv,HighDiv_1328,1
122,Druglike_124-1_out,-10.166,CNCc1cc(-c2ccc(C(=O)c3noc(=O)[nH]3)[nH]2)ccc1C,Druglike,Druglike_124,1
123,HighDiv_562-2_out,-10.164,C[C@@H]1C=N/C(=C/CC#Cc2cc(O)cc(N3CCNC3=O)c2)CN1,HighDiv,HighDiv_562,2
124,Druglike_113-1_out,-10.164,C=Cc1cc(C)ccc1-c1ccc(C(=O)c2noc(=O)[nH]2)[nH]1,Druglike,Druglike_113,1
125,HighDiv_1340-1_out,-10.163,O=[N+]([O-])c1cc(F)c(OC/C=C/c2cccc3[nH]nnc23)cc1[O-],HighDiv,HighDiv_1340,1
126,HighDiv_2030-1_out,-10.161,O=c1[nH]c2ccc(COc3ccc([N+](=O)[O-])cc3)cc2[nH]1,HighDiv,HighDiv_2030,1
127,HighDiv_1588-1_out,-10.152,C=Cc1cc2cc([S@](=O)c3cc(O)c(I)cc3O)ccc2oc1=O,HighDiv,HighDiv_1588,1
128,HighDiv_94-1_out,-10.152,O=C([O-])Cc1nc(-c2nc(/C=C/c3cccnc3)cc([O-])c2I)n[nH]1,HighDiv,HighDiv_94,1
129,Druglike_180-1_out,-10.146,CCOc1cc(-c2ccc(C(=O)c3noc(=O)[nH]3)[nH]2)ccc1CCO,Druglike,Druglike_180,1
130,HighDiv_1587-1_out,-10.14,CCc1cc2cc([S@](=O)c3cc(O)c(I)cc3O)ccc2oc1=O,HighDiv,HighDiv_1587,1
131,Druglike_15-1_out,-10.131,C=Cc1ccc(-c2ccc(C(=O)c3noc(=O)[nH]3)[nH]2)cc1I,Druglike,Druglike_15,1
132,HighDiv_1607-1_out,-10.117,O=C(CCc1cccnc1)NCc1cc(-c2ccc([O-])c([N+](=O)[O-])c2)c[nH]1,HighDiv,HighDiv_1607,1
133,Druglike_65-1_out,-10.115,CCOc1cc(-c2ccc(C(=O)c3noc(=O)[nH]3)[nH]2)ccc1F,Druglike,Druglike_65,1
134,Druglike_1778-1_out,-10.113,OCc1cc(O)cc(-c2coc(C[NH2+]Cc3ncc(F)cc3F)c2)c1,Druglike,Druglike_1778,1
135,Druglike_107-1_out,-10.11,CC(=O)OCc1cc(-c2ccc(C(=O)c3noc(=O)[nH]3)[nH]2)ccc1O,Druglike,Druglike_107,1
136,Druglike_125-1_out,-10.11,O=C(O)Cc1cc(-c2ccc(C(=O)c3noc(=O)[nH]3)[nH]2)ccc1C(=O)O,Druglike,Druglike_125,1
137,HighDiv_815-1_out,-10.108,NC(=S)Nc1ccc2c(c1)C(=O)C(C(=O)[O-])=C([O-])C2=O,HighDiv,HighDiv_815,1
138,Druglike_142-1_out,-10.093,COCCc1cc(-c2ccc(C(=O)c3noc(=O)[nH]3)[nH]2)ccc1C,Druglike,Druglike_142,1
139,HighDiv_1658-1_out,-10.089,C=C[C@H]1[NH2+]Cc2ccc([S@](=O)c3cc(O)c(I)cc3O)cc21,HighDiv,HighDiv_1658,1
140,HighDiv_1598-1_out,-10.087,CCCc1cc2cc([S@](=O)c3cc(O)c(I)cc3O)ccc2oc1=O,HighDiv,HighDiv_1598,1
141,HighDiv_1202-1_out,-10.086,C/C=C\c1[nH]cc(O)c(=O)c1C#CC(=O)Nc1ccccc1F,HighDiv,HighDiv_1202,1
142,Druglike_37-1_out,-10.085,O=C([O-])c1cnc(=O)[nH]c1CCCc1ccc2ncccc2c1,Druglike,Druglike_37,1
143,Druglike_1118-1_out,-10.079,O=C(c1ncc(/C=C/c2ccc(CO)c(Cl)c2)cn1)c1nc(Cl)c[n-]1,Druglike,Druglike_1118,1
144,HighDiv_1204-1_out,-10.079,C#CCc1c(/C=C\Cc2cnon2)ccc(-c2c[nH+]cc([O-])c2)c1N,HighDiv,HighDiv_1204,1
145,HighDiv_119-1_out,-10.078,O=NC(=O)c1cc([O-])c(Br)c(CCC#CC2=CNCNC2)c1,HighDiv,HighDiv_119,1
146,Druglike_78-1_out,-10.074,C=CCCOc1cccc(-c2ccc(C(=O)c3noc(=O)[nH]3)[nH]2)c1,Druglike,Druglike_78,1
147,HighDiv_133-1_out,-10.065,O=NC(=O)c1cc([O-])c(Br)c(CONC(=O)c2[nH]ncc2Br)c1,HighDiv,HighDiv_133,1
148,Druglike_1154-1_out,-10.06,[NH3+]Cc1ccc(/C=C/c2cnc(C(=O)c3nc[nH]n3)nc2)cc1Cl,Druglike,Druglike_1154,1
149,Druglike_1148-1_out,-10.06,[NH3+]Cc1ccc(/C=C/c2cnc(C(=O)c3nc[nH]n3)nc2)cc1Cl,Druglike,Druglike_1148,1
150,Druglike_1514-1_out,-10.06,NC(=O)Nc1cc(O)ccc1/C=C/Cc1cccc(F)c1F,Druglike,Druglike_1514,1
151,HighDiv_1208-1_out,-10.06,CCc1[nH]cc(O)c(=O)c1C#CC(=O)Nc1ccccc1F,HighDiv,HighDiv_1208,1
152,HighDiv_335-1_out,-10.054,O=C1NCCN1c1cc(O)cc(CCc2n[nH]c3cnccc23)c1,HighDiv,HighDiv_335,1
153,Druglike_1257-1_out,-10.053,O=C([O-])CC#C[C@H](O)c1ccc(Nc2cccc(CCl)c2)cc1,Druglike,Druglike_1257,1
154,Druglike_66-1_out,-10.051,C=Cc1ccc(-c2ccc(C(=O)c3noc(=O)[nH]3)[nH]2)cc1N(C)C(N)=O,Druglike,Druglike_66,1
155,HighDiv_1230-1_out,-10.049,C#C[C@H](NC(=O)C#Cc1c[nH]cc(O)c1=O)C1=CCC=CO1,HighDiv,HighDiv_1230,1
156,HighDiv_1447-1_out,-10.047,CN1C(=O)CNc2c(C(=O)Nc3ncc(Cl)cc3Cl)cccc21,HighDiv,HighDiv_1447,1
157,HighDiv_1702-1_out,-10.045,O=[S@@](c1cccc(C2=NOCN2)c1)c1cc(O)c(I)cc1O,HighDiv,HighDiv_1702,1
158,HighDiv_1670-1_out,-10.042,N[C@@H]([NH3+])c1ccc(N=O)c(Cl)c1CCc1cc(F)c([O-])c([N+](=O)[O-])c1,HighDiv,HighDiv_1670,1
159,HighDiv_1299-1_out,-10.04,Cc1[nH]cc(C#CC(=O)Nc2ccccc2F)c(=O)c1O,HighDiv,HighDiv_1299,1
160,Druglike_1925-1_out,-10.036,OCc1cnc2c([C@H](F)c3ccc4oncc4c3)c[nH]c2n1,Druglike,Druglike_1925,1
161,Druglike_182-1_out,-10.035,Cc1ccc(-c2ccc(C(=O)c3noc(=O)[nH]3)[nH]2)cc1,Druglike,Druglike_182,1
162,HighDiv_161-1_out,-10.034,CC1=C(CCC#Cc2cc(O)cc(N3CCNC3=O)c2)SCC1,HighDiv,HighDiv_161,1
163,HighDiv_1373-1_out,-10.033,Cc1cc(O)c(NC(=O)c2cccc3c2NCC(=O)N3)cc1CCl,HighDiv,HighDiv_1373,1
164,Druglike_1053-1_out,-10.032,C[C@@H](O)c1ccc(/C=C/c2cnc(C(=O)c3n[nH]c(=O)o3)nc2)cc1Cl,Druglike,Druglike_1053,1
165,Druglike_1131-1_out,-10.031,O=C(c1ncc(/C=C/c2ccc(CO)c(Cl)c2)cn1)c1nc[nH]n1,Druglike,Druglike_1131,1
166,Druglike_17-1_out,-10.03,O=C(c1ccc(-c2ccc(CF)c(CCO)c2)[nH]1)c1noc(=O)[nH]1,Druglike,Druglike_17,1
167,HighDiv_1593-1_out,-10.028,Cc1cc2cc([S@](=O)c3cc(O)c(I)cc3O)ccc2oc1=O,HighDiv,HighDiv_1593,1
168,Druglike_90-1_out,-10.028,CCOc1ccc(F)c(-c2ccc(C(=O)c3noc(=O)[nH]3)[nH]2)c1,Druglike,Druglike_90,1
169,HighDiv_2022-1_out,-10.027,C/C=C/Cc1cc(C#CC2=CC(=O)OC[C@H]2C(=O)[O-])ccc1N,HighDiv,HighDiv_2022,1
170,HighDiv_269-1_out,-10.026,O=C1NCCN1c1cc(O)cc(C#CCCC2=CNC=NC2)c1,HighDiv,HighDiv_269,1
171,Druglike_100-1_out,-10.025,CCOc1cc(-c2ccc(C(=O)c3noc(=O)[nH]3)[nH]2)ccc1CO,Druglike,Druglike_100,1
172,HighDiv_1616-1_out,-10.023,O=[S@@](c1cccc(-c2nnco2)c1)c1cc(O)c(I)cc1O,HighDiv,HighDiv_1616,1
173,Druglike_1873-1_out,-10.023,OCc1cc(O)cc(-c2coc(C[NH2+]CC3=CCC=C3)c2)c1,Druglike,Druglike_1873,1
174,Druglike_77-1_out,-10.023,CCOC(=O)Cc1cccc(-c2ccc(C(=O)c3noc(=O)[nH]3)[nH]2)c1,Druglike,Druglike_77,1
175,Druglike_112-1_out,-10.02,O=C(Cc1cccc(-c2ccc(C(=O)c3noc(=O)[nH]3)[nH]2)c1)OCF,Druglike,Druglike_112,1
176,HighDiv_980-1_out,-10.016,C/C(=C\c1cc(O)cc(N)c1O)c1ccc2ccncc2c1,HighDiv,HighDiv_980,1
177,Druglike_42-1_out,-10.016,O=C(c1ccc(-c2ccc(Br)c(CNCC#CCO)c2)[nH]1)c1noc(=O)[nH]1,Druglike,Druglike_42,1
178,HighDiv_1603-1_out,-10.014,O=c1ccc2cc([S@](=O)c3cc(O)c(I)cc3O)cc(O)c2o1,HighDiv,HighDiv_1603,1
179,HighDiv_1242-1_out,-10.013,O=C(C#Cc1c[nH]cc(O)c1=O)Nc1ccccc1F,HighDiv,HighDiv_1242,1
180,Druglike_208-1_out,-10.012,NC(=O)Cc1cc(-c2ccc(C(=O)c3noc(=O)[nH]3)[nH]2)ccc1O,Druglike,Druglike_208,1
181,Druglike_54-1_out,-10.004,O=C(c1ccc(-c2cccc(I)c2)[nH]1)c1noc(=O)[nH]1,Druglike,Druglike_54,1
182,HighDiv_1611-1_out,-10.003,O=c1oc2ccc([S@](=O)c3cc(O)c(I)cc3O)cc2cc1CCl,HighDiv,HighDiv_1611,1
183,HighDiv_1232-1_out,-10.002,C#CCc1c(/C=C\C)ccc(-c2cc([O-])c[nH+]c2CO)c1N,HighDiv,HighDiv_1232,1
184,Druglike_1721-2_out,-10.001,O=c1ccoc(CCc2ccc(-c3ccn[nH]3)c(I)c2)c1O,Druglike,Druglike_1721,2
185,HighDiv_1235-1_out,-9.998,O=C([O-])n1cc([N+](=O)[O-])c(CCc2cc3ccccc3[nH]2)n1,HighDiv,HighDiv_1235,1
186,HighDiv_1653-1_out,-9.998,Oc1cc(CCCCc2ncnc3[nH]ncc23)cc(-c2nnco2)c1,HighDiv,HighDiv_1653,1
187,HighDiv_1718-1_out,-9.996,O=c1cc(C=S)c2cc([S@](=O)c3cc(O)c(I)cc3O)ccc2o1,HighDiv,HighDiv_1718,1
188,HighDiv_1594-1_out,-9.996,O=c1oc2ccc([S@](=O)c3cc(O)c(I)cc3O)cc2cc1CF,HighDiv,HighDiv_1594,1
189,Druglike_1791-1_out,-9.99,CCc1ccc(-c2cc(=O)c(/C=C/CF)c[nH]2)c(C(=O)[O-])c1,Druglike,Druglike_1791,1
190,HighDiv_1496-1_out,-9.99,O=C([O-])n1cc([N+](=O)[O-])c(CCC2=Nc3[nH]ncc3CN2)n1,HighDiv,HighDiv_1496,1
191,Druglike_84-1_out,-9.98,[H]/N=C\CCc1cccc(-c2ccc(C(=O)c3noc(=O)[nH]3)[nH]2)c1,Druglike,Druglike_84,1
192,Druglike_226-1_out,-9.971,O=C(c1ccc(-c2ccc(CF)c(O)c2)[nH]1)c1noc(=O)[nH]1,Druglike,Druglike_226,1
193,HighDiv_1756-1_out,-9.962,O=[S@@](c1cccc(-c2nc[nH]n2)c1)c1cc(O)c(I)cc1O,HighDiv,HighDiv_1756,1
194,Druglike_373-1_out,-9.959,NCc1cc(O)ccc1-c1ccc(C(=O)c2noc(=O)[nH]2)[nH]1,Druglike,Druglike_373,1
195,Druglike_287-1_out,-9.958,[NH3+]Cc1ccccc1C#Cc1cc(-c2cn[nH]c2)ccc1C[NH3+],Druglike,Druglike_287,1
196,HighDiv_1270-1_out,-9.958,O=C(C#Cc1c[nH]cc(O)c1=O)Nc1ccccc1O,HighDiv,HighDiv_1270,1
197,Druglike_164-2_out,-9.957,O=C(C1=CCCN1)c1cc(COc2cccc(O)c2)cc(=O)[nH]1,Druglike,Druglike_164,2
198,Druglike_1755-1_out,-9.956,O=c1cc(CCF)[nH]c(-c2ccc(/N=C3/NCCO3)cc2)c1CBr,Druglike,Druglike_1755,1
199,Druglike_292-1_out,-9.955,Nc1cc(O)cc(CC(=O)CNC/C=C/c2cc(F)ccc2F)c1,Druglike,Druglike_292,1
200,HighDiv_1829-1_out,-9.952,O=C([O-])c1cccc(CCc2cc(F)c([O-])c([N+](=O)[O-])c2)c1Cl,HighDiv,HighDiv_1829,1
201,Druglike_7-1_out,-9.951,O=C(c1ccc(-c2cccc(CCO)c2)[nH]1)c1noc(=O)[nH]1,Druglike,Druglike_7,1
202,HighDiv_1332-1_out,-9.947,O=C1CNc2c(ccc([S-])c2C(=O)Nc2cc(CCl)ccc2O)N1,HighDiv,HighDiv_1332,1
203,Druglike_1891-1_out,-9.947,O=C([O-])c1cc2c(CCC3=CNC=CC3)c[nH]c(=O)c2[nH]1,Druglike,Druglike_1891,1
204,Druglike_1719-1_out,-9.944,O=C([O-])c1cc(C(=O)C/C=C/[C@@H]2C=CC=CC2)c(C(=O)[O-])[nH]1,Druglike,Druglike_1719,1
205,HighDiv_1608-1_out,-9.943,C=CC[C@H]1[NH2+]Cc2ccc([S@](=O)c3cc(O)c(I)cc3O)cc21,HighDiv,HighDiv_1608,1
206,Druglike_1407-1_out,-9.94,O=C([O-])[C@@H](C#Cc1cc2ccccc2o1)c1c[nH]c(=O)[nH]1,Druglike,Druglike_1407,1
207,Druglike_59-1_out,-9.936,O=C(c1ccc(-c2ccc(O)c(I)c2)[nH]1)c1noc(=O)[nH]1,Druglike,Druglike_59,1
208,Druglike_32-1_out,-9.929,O=C(c1ccc(-c2cccc(CCO)c2F)[nH]1)c1noc(=O)[nH]1,Druglike,Druglike_32,1
209,Druglike_1063-1_out,-9.929,Cc1nc(C(=O)c2cc[n-]c(=O)n2)ncc1/C=C/c1cc(Cl)ccc1N,Druglike,Druglike_1063,1
210,Druglike_1858-1_out,-9.927,Cc1ccc(C(=O)Nc2cc(C(N)=O)c[nH]c2=O)cc1Br,Druglike,Druglike_1858,1
211,HighDiv_1480-1_out,-9.922,O=C([O-])n1ncc2cc(C/C=C/C3CCCC3)cc(F)c21,HighDiv,HighDiv_1480,1
212,HighDiv_1599-1_out,-9.919,O=c1oc2ccc([S@](=O)c3cc(O)c(I)cc3O)cc2cc1CO,HighDiv,HighDiv_1599,1
213,Druglike_593-1_out,-9.914,O=C(c1ccc(CC/C=C\C2CCCC2)[nH]1)c1noc(=O)[nH]1,Druglike,Druglike_593,1
214,Druglike_1156-1_out,-9.913,Nc1cccc(CCc2nc(CO)c(-c3ccc(=O)[nH]n3)o2)c1,Druglike,Druglike_1156,1
215,Druglike_74-1_out,-9.913,[NH3+]C/C(=C\CNCC(=O)Cc1ccc(CO)cc1)c1cc(F)ccc1F,Druglike,Druglike_74,1
216,HighDiv_1448-1_out,-9.911,[O-]c1c[nH+]cc(-c2ccc(CC#CCO)c(F)c2F)c1,HighDiv,HighDiv_1448,1
217,Druglike_119-1_out,-9.908,COc1cc(O)cc(CC(=O)CNC/C=C/c2cc(F)ccc2F)c1,Druglike,Druglike_119,1
218,HighDiv_1234-1_out,-9.906,Cc1[nH]cc(O)c(=O)c1C#CC(=O)Nc1cncc2occc12,HighDiv,HighDiv_1234,1
219,HighDiv_1663-1_out,-9.902,O=[S@@](c1ccc(O)c(-c2nc[nH]n2)c1)c1cc(O)c(I)cc1O,HighDiv,HighDiv_1663,1
220,HighDiv_82-1_out,-9.9,C=C(C#CCCc1cc(C(=O)N=O)cc([O-])c1Br)C(=O)NO,HighDiv,HighDiv_82,1
221,Druglike_6-1_out,-9.896,O=C(O)Cc1cccc(-c2ccc(C(=O)c3noc(=O)[nH]3)[nH]2)c1,Druglike,Druglike_6,1
222,Druglike_55-1_out,-9.891,C/C(=C\c1ccc(CO)cc1)CCc1cc(N2C=NOC2)c[nH]c1=O,Druglike,Druglike_55,1
223,Druglike_48-1_out,-9.891,O=C(c1ccc(-c2cccc(OCCCCCl)c2)[nH]1)c1noc(=O)[nH]1,Druglike,Druglike_48,1
224,Druglike_1383-1_out,-9.89,NC(=O)Nc1cc(/C=C/CCOc2cccc(Cl)c2F)cc(C[NH3+])c1,Druglike,Druglike_1383,1
225,HighDiv_170-1_out,-9.888,O=C([O-])Cc1nc(-c2nc(/C=C/c3cccnc3)cc(CO)c2I)n[nH]1,HighDiv,HighDiv_170,1
226,Druglike_1641-1_out,-9.887,O=C(c1cc(=O)[nH]cn1)c1n[nH]c(/C=C/C2CCCC2)n1,Druglike,Druglike_1641,1
227,HighDiv_15-1_out,-9.884,O=Nc1cc(C(=O)CO)cc(-c2ccc(C(=O)[O-])nc2)c1Br,HighDiv,HighDiv_15,1
228,HighDiv_482-1_out,-9.883,O=C1NCCN1c1cc(O)cc(C#CCCC2=NC=CNC2)c1,HighDiv,HighDiv_482,1
229,HighDiv_1715-1_out,-9.878,O=[S@@](c1cc(O)c2c(c1)CC[NH+]=C2)c1cc(O)c(I)cc1O,HighDiv,HighDiv_1715,1
230,Druglike_1722-1_out,-9.875,O=C1C=C[C@@H](/C=C/CC(=O)c2cc(C(=O)[O-])[nH]c2C(=O)[O-])O1,Druglike,Druglike_1722,1
231,Druglike_116-1_out,-9.873,O=C(CNC/C=C/c1cc(F)ccc1F)Cc1cccc(O)c1,Druglike,Druglike_116,1
232,HighDiv_1656-1_out,-9.871,C=C[C@H]1CNc2ccc([S@](=O)c3cc(O)c(I)cc3O)cc21,HighDiv,HighDiv_1656,1
233,Druglike_184-1_out,-9.871,NCC(=O)c1ccc(-c2ccc(C(=O)c3noc(=O)[nH]3)[nH]2)cc1,Druglike,Druglike_184,1
234,Druglike_1718-1_out,-9.87,O=C([O-])c1cc(C(=O)C/C=C/C2CCCCC2)c(C(=O)[O-])[nH]1,Druglike,Druglike_1718,1
235,Druglike_97-1_out,-9.869,O=C(CNC/C=C/c1cc(F)ccc1F)Cc1ccc(O)c(O)c1,Druglike,Druglike_97,1
236,HighDiv_2179-1_out,-9.868,NOc1c(F)cc(-c2ccccc2)cc1/C=C/c1nnn[n-]1,HighDiv,HighDiv_2179,1
237,HighDiv_2024-1_out,-9.866,Nc1ccc(C#CC2=CC(=O)OC[C@H]2C(=O)[O-])cc1Br,HighDiv,HighDiv_2024,1
238,HighDiv_1675-1_out,-9.862,O=C([O-])c1cc(CO)cc(CCc2cc(O)c(O)c(F)c2)c1Cl,HighDiv,HighDiv_1675,1
239,HighDiv_32-1_out,-9.861,CC(=O)C1=CC(=O)C(CCl)=C(c2ncc([S-])c(Br)c2[O-])C1=O,HighDiv,HighDiv_32,1
240,Druglike_413-1_out,-9.853,CCc1ncc(/C=C/c2cc(O)cc(-n3cnnn3)c2)cc1N,Druglike,Druglike_413,1
241,HighDiv_1523-1_out,-9.853,O=C1CNc2c(cccc2C(=O)Nc2ncc(Cl)cc2Cl)N1,HighDiv,HighDiv_1523,1
242,Druglike_401-1_out,-9.852,O=C(c1ccc(-c2ccc(O)cc2CO)[nH]1)c1noc(=O)[nH]1,Druglike,Druglike_401,1
243,Druglike_138-1_out,-9.85,O=C(c1ccc(-c2ccc(O)c(CCl)c2)[nH]1)c1noc(=O)[nH]1,Druglike,Druglike_138,1
244,Druglike_109-1_out,-9.849,O=C(c1ccc(-c2cccc(Cl)c2)[nH]1)c1noc(=O)[nH]1,Druglike,Druglike_109,1
245,HighDiv_1708-1_out,-9.847,NC(=O)Nc1ccc([C@@H](Cc2ncnc3cn[nH]c23)N=O)cc1Cl,HighDiv,HighDiv_1708,1
246,Druglike_29-1_out,-9.845,C=C(C(=O)C1=C[C@@H](C(=O)[O-])C(C(=O)CNCC(=O)[O-])=C1)c1cc(F)ccc1F,Druglike,Druglike_29,1
247,Druglike_1446-1_out,-9.842,CCc1ccc(C(=O)C2=C(/C=C3\N=COC3=O)C(=O)[N-]C2=O)c([O-])c1,Druglike,Druglike_1446,1
248,HighDiv_167-1_out,-9.839,CC(=O)OCCCC#Cc1cc(N2CCNC2=O)cc(O)c1C,HighDiv,HighDiv_167,1
249,Druglike_984-1_out,-9.839,CC[C@@H]1C=CC(CC#Cc2ccc(C(=O)[O-])[nH]2)=C1,Druglike,Druglike_984,1
250,Druglike_39-1_out,-9.837,NC(=O)Nc1cc(-c2ccc(C(=O)c3noc(=O)[nH]3)[nH]2)ccc1I,Druglike,Druglike_39,1
251,HighDiv_798-1_out,-9.833,NNC(=O)c1c[nH]c2ccc(Nc3cc(F)cc(O)c3Br)cc12,HighDiv,HighDiv_798,1
252,HighDiv_181-1_out,-9.826,C#CCCc1ccc(C2=CC(=O)C=C(CN)C2=O)cc1C[NH3+],HighDiv,HighDiv_181,1
253,Druglike_1747-2_out,-9.824,O=C(Cc1ccc(-c2ccn[nH]2)c(I)c1)Cc1ncccc1CO,Druglike,Druglike_1747,2
254,HighDiv_1233-1_out,-9.824,O=C([O-])c1cc(C#Cc2c[nH+]cc([O-])c2)c(F)cc1Br,HighDiv,HighDiv_1233,1
255,HighDiv_1639-1_out,-9.821,O=[S@@](c1ccc(O)c(-n2cnnn2)c1)c1cc(O)c(I)cc1O,HighDiv,HighDiv_1639,1
256,Druglike_1376-1_out,-9.816,O=C([O-])[C@@H](C#Cc1nc2ccccc2[nH]1)c1cnon1,Druglike,Druglike_1376,1
257,Druglike_1913-2_out,-9.812,[NH3+]Cc1cc2c(cc1COc1ccc(O)c(F)c1)C(=O)[N-]C2=O,Druglike,Druglike_1913,2
258,HighDiv_1730-1_out,-9.811,C=C(C)Cc1c[nH]c(CO)c(C#Cc2ccccc2)c1=O,HighDiv,HighDiv_1730,1
259,Druglike_374-1_out,-9.81,CC#CCCc1ccc(-c2ccc(C(=O)c3noc(=O)[nH]3)[nH]2)cc1,Druglike,Druglike_374,1
260,Druglike_496-1_out,-9.807,NCc1ccccc1-c1ccc(C(=O)c2noc(=O)[nH]2)[nH]1,Druglike,Druglike_496,1
261,Druglike_96-1_out,-9.806,CCOc1cccc(-c2ccc(C(=O)c3noc(=O)[nH]3)[nH]2)c1,Druglike,Druglike_96,1
262,Druglike_72-1_out,-9.805,C/N=C/Cc1ccc(-c2ccc(C(=O)c3noc(=O)[nH]3)[nH]2)cc1NC(N)=O,Druglike,Druglike_72,1
263,Druglike_108-1_out,-9.8,O=C(c1ccc(-c2cccc(OCCCF)c2)[nH]1)c1noc(=O)[nH]1,Druglike,Druglike_108,1
264,Druglike_70-1_out,-9.796,O=C(CNC/C=C/c1cc(F)ccc1F)Cc1ccc(CO)c(O)c1,Druglike,Druglike_70,1
265,Druglike_141-1_out,-9.794,O=C(c1ccc(-c2ccc(O)c(C(=O)O)c2)[nH]1)c1noc(=O)[nH]1,Druglike,Druglike_141,1
266,Druglike_431-1_out,-9.784,Fc1cccc(Nc2cccc(CC/C=C/[C@@H]3C[NH2+]C[NH2+]3)c2)c1,Druglike,Druglike_431,1
267,Druglike_127-1_out,-9.784,C/N=C/Cc1cc(-c2ccc(C(=O)c3noc(=O)[nH]3)[nH]2)ccc1O,Druglike,Druglike_127,1
268,HighDiv_148-2_out,-9.779,C=CC(=O)c1cc([O-])c(Br)c(C[C@@H](Cl)c2co[n-]c2=O)c1,HighDiv,HighDiv_148,2
269,HighDiv_1288-1_out,-9.778,O=C1C=C(/C=C/COc2cc([O-])c([N+](=O)[O-])cc2F)C(=O)C(C[O-])=C1,HighDiv,HighDiv_1288,1
270,Druglike_211-1_out,-9.777,O=C(O)Cc1cc(-c2ccc(C(=O)c3noc(=O)[nH]3)[nH]2)ccc1O,Druglike,Druglike_211,1
271,Druglike_50-1_out,-9.772,COC(=O)c1cc(O)cc(CC(=O)CNC/C=C/c2cc(F)ccc2F)c1,Druglike,Druglike_50,1
272,HighDiv_1280-1_out,-9.772,O=C(C#Cc1c[nH]cc(O)c1=O)Nc1ccccc1,HighDiv,HighDiv_1280,1
273,HighDiv_1454-1_out,-9.768,[NH3+]Cc1ccc(NC(=O)c2cccc3c2NCC(=O)N3)c(O)c1,HighDiv,HighDiv_1454,1
274,Druglike_436-1_out,-9.768,Nc1ccccc1-c1ccc(C(=O)c2noc(=O)[nH]2)[nH]1,Druglike,Druglike_436,1
275,HighDiv_1627-1_out,-9.768,[NH3+]Cc1ccc(N=O)c(Cl)c1CCc1cc(F)c([O-])c([N+](=O)[O-])c1,HighDiv,HighDiv_1627,1
276,HighDiv_1696-1_out,-9.764,NC(=O)Nc1ccc([C@@H](Cc2ccnn3cnnc23)N=O)cc1Cl,HighDiv,HighDiv_1696,1
277,HighDiv_1748-1_out,-9.763,C=Cc1[nH]cnc1-c1c[nH]c(CNC(=O)CCc2cccnc2)c1,HighDiv,HighDiv_1748,1
278,Druglike_159-1_out,-9.758,NCNCc1cc(-c2ccc(C(=O)c3noc(=O)[nH]3)[nH]2)ccc1CF,Druglike,Druglike_159,1
279,Druglike_110-1_out,-9.756,CCOc1cc(-c2ccc(C(=O)c3noc(=O)[nH]3)[nH]2)ccc1O,Druglike,Druglike_110,1
280,Druglike_120-1_out,-9.751,CCCc1ccc(-c2ccc(C(=O)c3noc(=O)[nH]3)[nH]2)cc1,Druglike,Druglike_120,1
281,Druglike_13-1_out,-9.751,O=C(Cc1cc(C2=CN=CCN2)ccc1C(=O)[O-])c1ccc(Br)cc1[O-],Druglike,Druglike_13,1
282,HighDiv_1646-1_out,-9.751,O=[S@@](c1ccc(O)c(-c2cnsn2)c1)c1cc(O)c(I)cc1O,HighDiv,HighDiv_1646,1
283,HighDiv_1423-1_out,-9.75,O=C(C#Cc1c[nH]c(CO)c(O)c1=O)Nc1ccccc1F,HighDiv,HighDiv_1423,1
284,HighDiv_1324-1_out,-9.746,[NH3+]Cc1ccc(NC(=O)c2c([S-])ccc3c2NCC(=O)N3)c(O)c1,HighDiv,HighDiv_1324,1
285,Druglike_1082-1_out,-9.745,[NH3+][C@H]([O-])c1ccc(/C=C/c2cnc(C(=O)c3ccno3)nc2)cc1Cl,Druglike,Druglike_1082,1
286,HighDiv_1329-1_out,-9.744,CC(=O)Nc1cccc(C#C[C@@H](C(=O)[O-])n2cc([N+](=O)[O-])cn2)c1,HighDiv,HighDiv_1329,1
287,HighDiv_13-1_out,-9.743,CC(C)=CCCCCC#Cc1cc(C(=O)[O-])cc(ON)c1Br,HighDiv,HighDiv_13,1
288,Druglike_1085-1_out,-9.74,Cc1nc(C(=O)c2ccc(CO)[nH]2)ncc1/C=C/c1cc(Cl)ccc1N,Druglike,Druglike_1085,1
289,HighDiv_1481-1_out,-9.739,NC(=O)C#Cc1c[nH]c(/C=C\C2CCCC2)c(O)c1=O,HighDiv,HighDiv_1481,1
290,HighDiv_474-1_out,-9.735,C=C(C(=O)Cc1cc[nH]n1)c1cc(O)cc(N2CCNC2=O)c1,HighDiv,HighDiv_474,1
291,HighDiv_73-1_out,-9.734,CCCCCCC#Cc1cc(N2CCNC2=O)cc(O)c1C,HighDiv,HighDiv_73,1
292,Druglike_1781-1_out,-9.733,O=C([O-])COC(=O)c1ccc(-c2cc(=O)cc(CCF)[nH]2)cc1,Druglike,Druglike_1781,1
293,Druglike_117-1_out,-9.732,CCOc1cc(-c2ccc(C(=O)c3noc(=O)[nH]3)[nH]2)ccc1N,Druglike,Druglike_117,1
294,Druglike_2056-1_out,-9.731,O=C([O-])c1cc2c(CC[C@@H]3COC=CO3)c[nH]c(=O)c2[nH]1,Druglike,Druglike_2056,1
295,Druglike_1069-1_out,-9.728,[NH3+]C[C@H]1C=C(C(=O)c2ncc(/C=C/c3cc(Cl)ccc3Br)cn2)CN1,Druglike,Druglike_1069,1
296,HighDiv_1693-1_out,-9.728,O=C(CCc1cccnc1)NCc1cc(-c2ccc(O)cc2)c[nH]1,HighDiv,HighDiv_1693,1
297,HighDiv_1253-1_out,-9.727,CC#CCc1cc(C#C[C@@H](C(=O)[O-])n2cc([N+](=O)[O-])cn2)ccc1O,HighDiv,HighDiv_1253,1
298,Druglike_126-1_out,-9.726,C#CCc1ccc(-c2ccc(C(=O)c3noc(=O)[nH]3)[nH]2)cc1OCNC,Druglike,Druglike_126,1
299,HighDiv_26-1_out,-9.722,C=Cc1c(O)cc(N2CCNC2=O)cc1C#CCCC1=CCCS1,HighDiv,HighDiv_26,1
300,Druglike_1739-1_out,-9.722,CCc1ccc(-c2cc(=O)cc(C(=O)[O-])[nH]2)cc1,Druglike,Druglike_1739,1
301,HighDiv_1569-1_out,-9.721,O=C([O-])n1ncc2cc(C/C=C/[C@@H]3CC=NO3)cc(F)c21,HighDiv,HighDiv_1569,1
302,Druglike_203-1_out,-9.718,NCC(=O)Cc1cc(-c2ccc(C(=O)c3noc(=O)[nH]3)[nH]2)ccc1O,Druglike,Druglike_203,1
303,Druglike_1409-1_out,-9.717,CC(=O)CNC(=O)c1cc(O)cc(C#Cc2ccccc2)c1,Druglike,Druglike_1409,1
304,HighDiv_1585-1_out,-9.714,[NH2+]=CCCc1cc2cc([S@](=O)c3cc(O)c(I)cc3O)ccc2oc1=O,HighDiv,HighDiv_1585,1
305,Druglike_151-1_out,-9.714,O=C(c1ccc(-c2ccc(CF)cc2)[nH]1)c1noc(=O)[nH]1,Druglike,Druglike_151,1
306,HighDiv_2231-1_out,-9.711,[O-][C@@H](Br)C1=CCC(CCc2cccc3nncn23)=CN1,HighDiv,HighDiv_2231,1
307,Druglike_47-1_out,-9.706,O=C([O-])c1c[nH]c(=O)nc1[C@@H](O)c1cnc2[nH]ccc2c1,Druglike,Druglike_47,1
308,HighDiv_1219-1_out,-9.702,C#CCc1cc(-c2c[nH+]cc([O-])c2CNN)ccc1/C=C\C[N+](=O)[O-],HighDiv,HighDiv_1219,1
309,HighDiv_762-1_out,-9.701,O=C([O-])[c-]1c[nH+]c2ccc(Nc3cc(F)cc(O)c3Br)cc21,HighDiv,HighDiv_762,1
310,HighDiv_1215-2_out,-9.696,Cc1ncccc1NC(=O)C#Cc1c(C[NH3+])[nH]cc(O)c1=O,HighDiv,HighDiv_1215,2
311,Druglike_1486-1_out,-9.691,[NH3+]Cc1[nH]c(CO)cc1-c1cnc(CCCCc2ccccc2)[nH]1,Druglike,Druglike_1486,1
312,Druglike_1849-1_out,-9.69,C/C=N\c1ccc(C(=O)Nc2cc(C(N)=O)c[nH]c2=O)cc1Br,Druglike,Druglike_1849,1
313,Druglike_818-1_out,-9.69,CCc1ccc(C(=O)[C@@H]([O-])C#Cc2nonc2C(N)=O)cn1,Druglike,Druglike_818,1
314,Druglike_249-1_out,-9.689,CNCc1cc(-c2ccc(C(=O)c3noc(=O)[nH]3)[nH]2)ccc1O,Druglike,Druglike_249,1
315,Druglike_1929-1_out,-9.689,O=C([O-])c1cc(O)cc(-c2coc(CC#CCF)c2)c1,Druglike,Druglike_1929,1
316,Druglike_146-1_out,-9.689,[NH3+]Cc1cccc(O)c1/C=C/c1cnc(-c2cc(O)ccc2F)[nH]1,Druglike,Druglike_146,1
317,Druglike_380-1_out,-9.686,Nc1cc(O)ccc1-c1ccc(C(=O)c2noc(=O)[nH]2)[nH]1,Druglike,Druglike_380,1
318,Druglike_173-1_out,-9.685,C#Cc1ccc(-c2ccc(C(=O)c3noc(=O)[nH]3)[nH]2)cc1,Druglike,Druglike_173,1
319,Druglike_30-1_out,-9.684,O=C(CNC/C=C/c1cc(F)ccc1F)Cc1ccc(CO)cc1,Druglike,Druglike_30,1
320,Druglike_1108-1_out,-9.684,O=C(c1ncc(/C=C/c2cccc(Cl)c2)cn1)c1ccc(CO)[nH]1,Druglike,Druglike_1108,1
321,HighDiv_171-1_out,-9.683,O=C1NCCN1c1cc(O)cc(C#CCCC2=CCCS2)c1,HighDiv,HighDiv_171,1
322,HighDiv_1437-1_out,-9.679,NOCc1[nH]cc(C#CC(=O)Nc2ccccc2F)c(=O)c1O,HighDiv,HighDiv_1437,1
323,HighDiv_1711-1_out,-9.676,O=[S@@](c1ccc2c(c1)[C@@H](CCl)CN2)c1cc(O)c(I)cc1O,HighDiv,HighDiv_1711,1
324,HighDiv_371-1_out,-9.676,Cc1c(O)cc(N2CCNC2=O)cc1C#CCCNC(N)=O,HighDiv,HighDiv_371,1
325,Druglike_1352-1_out,-9.674,C=Cc1cc(CCc2cc(C(=O)N(C)CC)c[nH]2)[nH]c(=O)c1,Druglike,Druglike_1352,1
326,Druglike_9-1_out,-9.67,C=Cc1ccc(-c2ccc(C(=O)c3noc(=O)[nH]3)[nH]2)cc1CCO,Druglike,Druglike_9,1
327,Druglike_1829-1_out,-9.668,NC(=O)c1c[nH]c(=O)c(NC(=O)c2cc(Br)ccc2Cl)c1,Druglike,Druglike_1829,1
328,HighDiv_1294-1_out,-9.668,O=C(C#Cc1c[nH]cc(O)c1=O)Nc1cccc(O)c1,HighDiv,HighDiv_1294,1
329,Druglike_1303-1_out,-9.667,C[NH2+]CCN1N=C(/C=C2\C=Cc3cc(C[NH3+])ccc32)CC1=O,Druglike,Druglike_1303,1
330,Druglike_1238-1_out,-9.667,O=C1CC(/C=C2\C=Cc3cc(CO)ccc32)=NN1CCCCO,Druglike,Druglike_1238,1
331,Druglike_71-1_out,-9.665,O=C(c1ccc(-c2ccc(CCCBr)cc2)[nH]1)c1noc(=O)[nH]1,Druglike,Druglike_71,1
332,Druglike_1278-1_out,-9.664,[NH3+]Cc1cc[nH]c1C#CC[C@@H]1NC(=O)c2cc(O)ccc21,Druglike,Druglike_1278,1
333,Druglike_87-1_out,-9.663,CCCc1ccc(-c2ccc(C(=O)c3noc(=O)[nH]3)[nH]2)cc1COC,Druglike,Druglike_87,1
334,HighDiv_1268-1_out,-9.663,C=C(CC(=O)[O-])c1ccc(-c2cncc([O-])c2O)cc1,HighDiv,HighDiv_1268,1
335,HighDiv_1638-1_out,-9.661,C#CCC[C@H]1Cc2cc([S@](=O)c3cc(O)c(I)cc3O)ccc2N1,HighDiv,HighDiv_1638,1
336,HighDiv_2242-1_out,-9.66,C/C(=N\Cc1nnc(-c2ccc(C[NH3+])cc2)o1)C1=NCON1,HighDiv,HighDiv_2242,1
337,Druglike_300-1_out,-9.66,O=C(c1ccc(-c2ccc(O)cc2CF)[nH]1)c1noc(=O)[nH]1,Druglike,Druglike_300,1
338,Druglike_1853-1_out,-9.657,C=Cc1c[nH]c(-c2ccc(CC)cc2C(=O)[O-])cc1=O,Druglike,Druglike_1853,1
339,HighDiv_102-1_out,-9.653,OC/C=C\c1cc(CCc2c(F)ccc(O)c2F)ccc1CO,HighDiv,HighDiv_102,1
340,Druglike_1035-1_out,-9.651,NC(=O)c1nonc1C#C[C@H]([O-])C(=O)c1cncc(F)c1,Druglike,Druglike_1035,1
341,Druglike_263-1_out,-9.649,O=C(c1ccc(-c2ccc(CCl)cc2)[nH]1)c1noc(=O)[nH]1,Druglike,Druglike_263,1
342,HighDiv_1618-1_out,-9.644,O=C1CSc2cc([S@](=O)c3cc(O)c(I)cc3O)cc(O)c2N1,HighDiv,HighDiv_1618,1
343,HighDiv_215-1_out,-9.644,NOc1cc(C(=O)[O-])cc(OC(=O)CCC2=CC(=O)OC2)c1Br,HighDiv,HighDiv_215,1
344,HighDiv_1248-1_out,-9.642,C=C[C@H](NC(=O)C#Cc1c[nH]cc(O)c1=O)c1cc(CC)no1,HighDiv,HighDiv_1248,1
345,HighDiv_194-1_out,-9.637,NCC(=O)c1cc(CC[NH2+]CCC2=CC(=O)CCO2)c(Br)c(N=O)c1,HighDiv,HighDiv_194,1
346,Druglike_1687-1_out,-9.636,NC(=O)Nc1cc(O)ccc1/C=C/CC1=CC(=O)OCC1,Druglike,Druglike_1687,1
347,HighDiv_1309-1_out,-9.634,C=Cc1cncc(NC(=O)C#Cc2c[nH]cc(O)c2=O)c1,HighDiv,HighDiv_1309,1
348,HighDiv_1278-1_out,-9.632,O=C1CNc2c(cccc2C(=O)Nc2cc(CCl)c(CBr)cc2O)N1,HighDiv,HighDiv_1278,1
349,HighDiv_448-1_out,-9.631,O=C1NCCN1c1cc(O)cc(C#CCCC2=CCC2)c1,HighDiv,HighDiv_448,1
350,Druglike_994-1_out,-9.626,C=C(c1ccc(-c2[nH]ncc2Cl)c(CBr)c1)c1cnn[nH]1,Druglike,Druglike_994,1
351,Druglike_1055-1_out,-9.626,NCCc1ccc(/C=C/c2cnc(C(=O)c3n[nH]c(=O)o3)nc2)cc1Cl,Druglike,Druglike_1055,1
352,HighDiv_1821-1_out,-9.621,OCc1cccc(-c2ccc(Cc3cnon3)cc2)c1[S-],HighDiv,HighDiv_1821,1
353,Druglike_1614-1_out,-9.619,C/C(=C\c1ccc(O)c(C(=O)[O-])c1)C[C@H]1C=CCCC1,Druglike,Druglike_1614,1
354,Druglike_1840-1_out,-9.618,CCc1ccc(-c2cc(=O)c(/C=C/C[NH3+])c[nH]2)c(C(=O)[O-])c1,Druglike,Druglike_1840,1
355,Druglike_264-1_out,-9.618,COc1ccc(-c2ccc(C(=O)c3noc(=O)[nH]3)[nH]2)cc1,Druglike,Druglike_264,1
356,Druglike_382-1_out,-9.617,[NH3+]Cc1ccc(CCc2cc3nc[nH]c(=O)c3cn2)c(Br)c1,Druglike,Druglike_382,1
357,Druglike_726-1_out,-9.616,OCc1cc(O)cc(CCOCc2cccc3ncncc23)c1,Druglike,Druglike_726,1
358,Druglike_660-1_out,-9.616,Cc1nonc1C#C[C@H]([O-])C(=O)c1cc(F)ccc1[O-],Druglike,Druglike_660,1
359,Druglike_1769-1_out,-9.616,CC(=O)CNC(=O)c1c[nH]c(=O)c(NC(=O)c2cccc(Br)c2)c1,Druglike,Druglike_1769,1
360,Druglike_1492-1_out,-9.616,NC(=O)c1cc(C#Cc2ccccc2)cc(CO)c1,Druglike,Druglike_1492,1
361,Druglike_1720-1_out,-9.616,O=C([O-])c1cc(C(=O)C/C=C/[C@@H]2C=CC=CO2)c(C(=O)[O-])[nH]1,Druglike,Druglike_1720,1
362,HighDiv_1695-1_out,-9.613,O=[S@@](c1ccc2c(c1)[C@H](F)CN2)c1cc(O)c(I)cc1O,HighDiv,HighDiv_1695,1
363,Druglike_1404-1_out,-9.612,O=C(Nc1cccc(Cl)c1)C1=COCC(c2cn[nH]n2)=C1,Druglike,Druglike_1404,1
364,HighDiv_1528-1_out,-9.611,O=C1NCC=C(/C=C/C/C=C\c2ccc(O)c(Cl)c2)N1,HighDiv,HighDiv_1528,1
365,Druglike_1543-1_out,-9.608,O=C(c1cc(=O)[nH]cn1)c1cc(CCC2CCCCC2)c[nH]1,Druglike,Druglike_1543,1
366,HighDiv_1610-1_out,-9.606,O=C1OCc2cc([S@](=O)c3cc(O)c(I)cc3O)ccc21,HighDiv,HighDiv_1610,1
367,Druglike_1904-1_out,-9.606,OCc1cc(O)cc(-c2coc(C[NH2+]Cc3ccncc3)c2)c1,Druglike,Druglike_1904,1
368,Druglike_1939-1_out,-9.604,CCc1[nH]ccc1C/C=C/Cc1ccc2oc(C(=O)[O-])nc2n1,Druglike,Druglike_1939,1
369,Druglike_237-1_out,-9.602,O=C([O-])C1=C(CO)C(=O)C=C[C@@H]1NCCc1cc(O)cc(F)c1,Druglike,Druglike_237,1
370,Druglike_722-1_out,-9.602,Cc1nc(C[NH3+])oc1C(=O)OCc1ccc2c(c1)NC(=O)CO2,Druglike,Druglike_722,1
371,HighDiv_1333-1_out,-9.597,Cc1ncccc1NC(=O)C#Cc1c[nH]cc(O)c1=O,HighDiv,HighDiv_1333,1
372,Druglike_194-1_out,-9.596,COc1ccc(CC(=O)CNC/C=C/c2cc(F)ccc2F)cc1O,Druglike,Druglike_194,1
373,HighDiv_1736-1_out,-9.591,C=C(c1cccc(-c2[nH]ncc2Br)c1)c1nc(C(N)=S)no1,HighDiv,HighDiv_1736,1
374,HighDiv_1642-1_out,-9.591,[NH3+]Cc1ccc(Cl)cc1OCC#C[C@@H](NO)C1=CCCCC1,HighDiv,HighDiv_1642,1
375,Druglike_1741-1_out,-9.589,CC(=O)OCC#CCc1ccc(-c2cc(=O)cc(CN)[nH]2)cc1,Druglike,Druglike_1741,1
376,HighDiv_1422-1_out,-9.588,C=C(CNC(=O)C#Cc1c[nH]cc(O)c1=O)[C@H]1CCNO1,HighDiv,HighDiv_1422,1
377,Druglike_1290-1_out,-9.586,CN1N=C(/C=C2\C=Cc3cc(N[C@@H](N)[NH3+])ccc32)CC1=O,Druglike,Druglike_1290,1
378,Druglike_315-1_out,-9.586,NC(=O)C1=C(C[C@H](O)/C=C/c2ccc(Cl)c(Cl)c2)COC1=O,Druglike,Druglike_315,1
379,Druglike_1374-1_out,-9.585,O=C([O-])[C@@H](C#Cc1cccc(F)c1O)c1cnon1,Druglike,Druglike_1374,1
380,Druglike_2052-1_out,-9.583,Cc1cc(C/C=C/Cc2ccc3oc(C(=O)[O-])nc3n2)c[nH]1,Druglike,Druglike_2052,1
381,HighDiv_1720-1_out,-9.579,C#CCCc1cc([S@](=O)c2cc(O)c(I)cc2O)ccc1O,HighDiv,HighDiv_1720,1
382,Druglike_1103-1_out,-9.578,[NH3+]Cc1ccc(C(=O)c2ncc(/C=C/c3cccc(Cl)c3)cn2)[n-]1,Druglike,Druglike_1103,1
383,HighDiv_570-1_out,-9.574,NOc1cc(C(=O)[O-])cc(/C=C/C2CC=CC2)c1Br,HighDiv,HighDiv_570,1
384,Druglike_742-1_out,-9.573,O=C([O-])[C@H](Cc1ccc([O-])c(/C=C/CCl)[nH+]1)C1=CCC=CO1,Druglike,Druglike_742,1
385,HighDiv_1650-1_out,-9.571,C/C=C/c1cccc([S@](=O)c2cc(O)c(I)cc2O)c1,HighDiv,HighDiv_1650,1
386,HighDiv_418-1_out,-9.571,C#CCNCC#CCCc1cc(C(=O)N=O)cc([O-])c1Br,HighDiv,HighDiv_418,1
387,HighDiv_1596-1_out,-9.569,Nc1ccc2cc([S@](=O)c3cc(O)c(I)cc3O)ccc2n1,HighDiv,HighDiv_1596,1
388,Druglike_1788-1_out,-9.568,C[C@@H](O)CNC(=O)c1c[nH]c(=O)c(NC(=O)c2cccc(Br)c2)c1,Druglike,Druglike_1788,1
389,Druglike_131-1_out,-9.566,CCOc1cccc(-c2ccc(C(=O)c3noc(=O)[nH]3)[nH]2)c1O,Druglike,Druglike_131,1
390,HighDiv_1654-1_out,-9.566,COc1cc([S@@](=O)c2ccc3c(c2)C[NH2+]C3)c(O)cc1I,HighDiv,HighDiv_1654,1
391,Druglike_844-1_out,-9.564,Oc1cc2c(cc1C#CC[C@@H](F)Cc1cn[nH]n1)NCO2,Druglike,Druglike_844,1
392,Druglike_1742-2_out,-9.563,NC(=O)c1cc(=O)cc(-c2ccc(Br)cc2)[nH]1,Druglike,Druglike_1742,2
393,HighDiv_1629-1_out,-9.562,O=[N+]([O-])c1cc(CCc2c(O)ccc(OCCO)c2Cl)cc(F)c1[O-],HighDiv,HighDiv_1629,1
394,HighDiv_332-1_out,-9.561,O=Nc1cc(C(=O)CCl)cc(CC[NH2+]CCC=C2NCCN2)c1Br,HighDiv,HighDiv_332,1
395,HighDiv_29-1_out,-9.56,O=Nc1cc(C(=O)[C@H]2C=CC(=O)N2)cc(CO)c1Br,HighDiv,HighDiv_29,1
396,HighDiv_2219-2_out,-9.559,C/C(=N\Cc1nnc(-c2ccc(C[NH3+])cc2)o1)c1cc[nH]n1,HighDiv,HighDiv_2219,2
397,HighDiv_1251-1_out,-9.559,C=Cc1cc(-c2c[nH]cc(O)c2=O)ccc1C(=C)CC(N)=O,HighDiv,HighDiv_1251,1
398,Druglike_4-2_out,-9.558,CC(=O)C1=C[C@@H](C(=O)[O-])N=C(/C=C/CNCc2[nH]ncc2Br)N1,Druglike,Druglike_4,2
399,Druglike_802-1_out,-9.558,OCc1ccc(/C=C/c2cc(O)cc(-n3cnnn3)c2)cn1,Druglike,Druglike_802,1
400,Druglike_1900-1_out,-9.558,C/C(=C\c1c[nH]c(=O)c2[nH]c(C(=O)[O-])cc12)c1ccncn1,Druglike,Druglike_1900,1
401,HighDiv_1566-1_out,-9.558,O=C([O-])n1ncc2cc(C/C=C/[C@@H]3CCC[NH2+]3)cc(F)c21,HighDiv,HighDiv_1566,1
402,Druglike_256-1_out,-9.556,O=C(c1ccc(-c2ccc(O)c(CCO)c2)[nH]1)c1noc(=O)[nH]1,Druglike,Druglike_256,1
403,Druglike_1316-1_out,-9.555,[NH3+]Cc1cc[nH]c1C#CC[C@@H]1NC(=O)c2c(Br)cccc21,Druglike,Druglike_1316,1
404,HighDiv_1632-1_out,-9.553,COCc1cc2cc([S@](=O)c3cc(O)c(I)cc3O)ccc2oc1=O,HighDiv,HighDiv_1632,1
405,Druglike_152-1_out,-9.549,CCOc1cc(-c2ccc(C(=O)c3noc(=O)[nH]3)[nH]2)ccc1OC,Druglike,Druglike_152,1
406,HighDiv_468-1_out,-9.547,C/C=C(\c1ccc2cnsc2c1)c1nc(C(=O)[O-])n[nH]1,HighDiv,HighDiv_468,1
407,HighDiv_1716-1_out,-9.546,CCN1NCc2ccc([S@](=O)c3cc(O)c(I)cc3O)cc21,HighDiv,HighDiv_1716,1
408,HighDiv_1351-1_out,-9.544,C#CCNC(=O)C#Cc1c(C(F)F)ncc(O)c1[O-],HighDiv,HighDiv_1351,1
409,Druglike_1510-1_out,-9.543,NC(=O)Nc1cc(Br)cc(CCCC/C=N/c2cccnc2)c1,Druglike,Druglike_1510,1
410,HighDiv_1277-1_out,-9.543,CC(=O)C/C=C/c1ccc(-c2c[nH]cc(O)c2=O)cc1,HighDiv,HighDiv_1277,1
411,Druglike_1170-1_out,-9.541,O=c1ocnc2cccc(C#CCc3[nH]c(CO)cc3CO)c12,Druglike,Druglike_1170,1
412,HighDiv_473-1_out,-9.541,CC(=O)Nc1cc(C(=O)[C@@H]2NCCO2)cc(N=O)c1Br,HighDiv,HighDiv_473,1
413,Druglike_831-1_out,-9.54,NC(=O)c1nonc1C#C[C@H]([O-])C(=O)c1ccc(CCl)nc1,Druglike,Druglike_831,1
414,Druglike_49-1_out,-9.537,CCCc1ccc(-c2ccc(C(=O)c3noc(=O)[nH]3)[nH]2)cc1CF,Druglike,Druglike_49,1
415,HighDiv_1345-1_out,-9.536,O=C1CCC=C(C/C=C/[C@H](CS)n2cnc3ncccc32)N1,HighDiv,HighDiv_1345,1
416,HighDiv_1825-1_out,-9.535,Nc1nc2ccc([C@H](N)C(=O)c3ccc(F)c([O-])c3Br)cc2o1,HighDiv,HighDiv_1825,1
417,HighDiv_59-1_out,-9.534,CCC(=[NH2+])Cc1cnc(C2=C(CCl)C(=O)C=C(CN)C2=O)cc1Br,HighDiv,HighDiv_59,1
418,Druglike_351-1_out,-9.533,O=C(c1cc(F)ccc1[O-])[C@@H]([O-])C#Cc1nonc1CCl,Druglike,Druglike_351,1
419,Druglike_1071-1_out,-9.533,Cc1nc(C(=O)c2nc(C[NH3+])co2)ncc1/C=C/c1ccc(CO)c(Cl)c1,Druglike,Druglike_1071,1
420,HighDiv_24-2_out,-9.529,N[C@@H](C#CCCc1cc(C(=O)N=O)cc([O-])c1Br)c1nnco1,HighDiv,HighDiv_24,2
421,HighDiv_1673-1_out,-9.527,Cn1c(=O)c(=O)[nH]c2cc([S@](=O)c3cc(O)c(I)cc3O)ccc21,HighDiv,HighDiv_1673,1
422,Druglike_191-1_out,-9.527,O=C(c1ccc(-c2ccc(CCCCO)cc2)[nH]1)c1noc(=O)[nH]1,Druglike,Druglike_191,1
423,Druglike_2-1_out,-9.526,Nc1nc([C@@H](/C=C/Cc2ncccc2CCBr)C(=O)[O-])nc2[nH]ncc12,Druglike,Druglike_2,1
424,HighDiv_1706-1_out,-9.522,[NH3+]C[C@@H]1NCc2ccc([S@](=O)c3cc(O)c(I)cc3O)cc21,HighDiv,HighDiv_1706,1
425,HighDiv_1229-2_out,-9.52,C#CCc1c(/C=C\C)ccc(-c2cncc(O)c2)c1N,HighDiv,HighDiv_1229,2
426,Druglike_1957-1_out,-9.517,NC/C(=C/c1cc([C@@H](N)C2=CC=CCC2)ccn1)c1cnc[nH]1,Druglike,Druglike_1957,1
427,Druglike_988-1_out,-9.517,Cc1ccc(C(=O)[C@@H]([O-])C#Cc2nonc2C(N)=O)cn1,Druglike,Druglike_988,1
428,HighDiv_1231-1_out,-9.516,Nc1ccc(O)cc1[C@H](Cl)C/C=C/c1cccc(O)c1,HighDiv,HighDiv_1231,1
429,HighDiv_1217-1_out,-9.515,C=Cc1[nH+]cc([O-])cc1-c1ccc(/C=C/CC(N)=O)cc1,HighDiv,HighDiv_1217,1
430,Druglike_960-2_out,-9.513,O=C([C@@H](F)C/C=C/c1ncn[nH]1)n1nnc2c(=O)[nH]cnc21,Druglike,Druglike_960,2
431,Druglike_913-1_out,-9.512,Nc1ccc(CC/C=C/c2cc(CO)c3c(c2)NCO3)nc1,Druglike,Druglike_913,1
432,HighDiv_211-1_out,-9.512,Cc1c(O)cc(N2CCNC2=O)cc1C#CCCCF,HighDiv,HighDiv_211,1
433,Druglike_1796-1_out,-9.512,NCc1cc(=O)cc(-c2ccc(CC3=[NH+]CCN3)cc2)[nH]1,Druglike,Druglike_1796,1
434,HighDiv_165-1_out,-9.511,OCc1ncc(/C=C/c2c[nH]nc2O)cc1-c1c[nH]c(=S)[nH]1,HighDiv,HighDiv_165,1
435,HighDiv_79-1_out,-9.51,O=NC(=O)c1cc(C[C@@H](O)c2cc[nH]c2)c(Br)c(N=O)c1,HighDiv,HighDiv_79,1
436,HighDiv_355-1_out,-9.508,[NH3+]Cc1c(O)cc(N2CCNC2=O)cc1C#CCCC1=CCC1,HighDiv,HighDiv_355,1
437,HighDiv_888-1_out,-9.506,CCC#C/C(=C\CCCc1cc(O)cc(C(=O)[O-])c1)CCC,HighDiv,HighDiv_888,1
438,HighDiv_2181-1_out,-9.506,C=CCCNc1nc(-c2c(O)ccc(NC(N)=O)c2Br)cs1,HighDiv,HighDiv_2181,1
439,HighDiv_1322-1_out,-9.501,CCC#C[C@]1(NC(=O)C#Cc2c[nH]cc(O)c2=O)CNC1=O,HighDiv,HighDiv_1322,1
440,HighDiv_286-1_out,-9.498,O=C([O-])c1cc(C/C=C/Cc2co[n-]c2=O)c([N+](=O)[O-])o1,HighDiv,HighDiv_286,1
441,Druglike_820-1_out,-9.497,OCC[C@H](C#CCc1n[nH]c2ccccc12)c1ccncn1,Druglike,Druglike_820,1
442,Druglike_1-1_out,-9.496,Nc1nc([C@@H](/C=C/Cc2cccc(CCCl)n2)C(=O)[O-])nc2[nH]ncc12,Druglike,Druglike_1,1
443,HighDiv_1686-1_out,-9.495,CC(=O)OCc1cccc([S@](=O)c2cc(O)c(I)cc2O)c1,HighDiv,HighDiv_1686,1
444,Druglike_1137-1_out,-9.493,Nc1cnc(CO)c(CC#Cc2cccc3ncoc(=O)c23)c1,Druglike,Druglike_1137,1
445,Druglike_239-1_out,-9.493,NCCCOc1cccc(-c2ccc(C(=O)c3noc(=O)[nH]3)[nH]2)c1,Druglike,Druglike_239,1
446,Druglike_309-1_out,-9.492,O=C(c1ccc(-c2ccccc2)[nH]1)c1noc(=O)[nH]1,Druglike,Druglike_309,1
447,HighDiv_1397-1_out,-9.492,O=C(C#Cc1c[nH]cc(O)c1=O)Nc1cncc(C(=O)[O-])c1,HighDiv,HighDiv_1397,1
448,HighDiv_1405-1_out,-9.49,C=C(CC(N)=O)c1ccc(-c2c[nH]c(C=S)c(O)c2=O)cc1,HighDiv,HighDiv_1405,1
449,HighDiv_586-1_out,-9.489,C#CCCCC(=O)/C=C/c1cc(O)cc(N2CCNC2=O)c1,HighDiv,HighDiv_586,1
450,Druglike_5-1_out,-9.484,O=C([O-])c1cnc(=O)[nH]c1C/C=C/c1ccc(Cl)c(Br)n1,Druglike,Druglike_5,1
451,HighDiv_255-1_out,-9.481,C[C@H](Cc1cc(C(=O)[N+](=O)[O-])cc(CO)c1Br)c1csc(CC(=O)[O-])n1,HighDiv,HighDiv_255,1
452,Druglike_153-1_out,-9.48,O=C(c1ccc(-c2cccc(OCCCO)c2)[nH]1)c1noc(=O)[nH]1,Druglike,Druglike_153,1
453,HighDiv_1612-1_out,-9.478,O=C([O-])c1cccc(-c2cc([N+](=O)[O-])ccc2[S-])c1F,HighDiv,HighDiv_1612,1
454,HighDiv_716-1_out,-9.476,Oc1cc(F)cc(Nc2ccc3c(c2)[C@@H](C=S)C=N3)c1Br,HighDiv,HighDiv_716,1
455,HighDiv_946-1_out,-9.471,NOc1cc(C(=O)[O-])cc(/C=C/[C@@H]2CNC(=O)N2)c1Br,HighDiv,HighDiv_946,1
456,HighDiv_561-1_out,-9.471,C/C(=C\c1cc(O)cc(N2CCNC2=O)c1)C1=NCCOC1,HighDiv,HighDiv_561,1
457,Druglike_79-1_out,-9.471,CCc1ccc(C2=CN=CCN2)cc1CC(=O)c1ccc(Br)cc1[O-],Druglike,Druglike_79,1
458,HighDiv_757-1_out,-9.47,CC(=O)Cc1ccc(Br)c(-c2cnn(C(=O)[O-])c2O)c1F,HighDiv,HighDiv_757,1
459,HighDiv_208-1_out,-9.467,O=NC(=O)c1cc([O-])c(Br)c(CCC#C[C@@H]2CNC(=S)C2)c1,HighDiv,HighDiv_208,1
460,HighDiv_1206-1_out,-9.467,C=C(c1ccc(-c2cncc([O-])c2O)cc1)c1cnc([S-])s1,HighDiv,HighDiv_1206,1
461,Druglike_505-1_out,-9.466,NCc1n[nH]nc1CCCC#Cc1cc2c(cc1O)OCN2,Druglike,Druglike_505,1
462,HighDiv_423-1_out,-9.463,CC1=C(c2ccc(CO)cc2)C(=O)C(CN)=CC1=O,HighDiv,HighDiv_423,1
463,Druglike_257-1_out,-9.461,NCCNCc1cccc(-c2ccc(C(=O)c3noc(=O)[nH]3)[nH]2)c1,Druglike,Druglike_257,1
464,Druglike_1725-1_out,-9.458,CNC(=O)c1cc(O)cc(C#CC(=O)O[C@@H](CF)CN2C=CCC2)c1,Druglike,Druglike_1725,1
465,HighDiv_1228-2_out,-9.457,O=C(C#Cc1c(C(=O)[O-])[nH]cc(O)c1=O)N[C@H]1CC[NH2+]CS1,HighDiv,HighDiv_1228,2
466,Druglike_169-1_out,-9.456,O=C(CNC/C=C(\C(=O)[O-])c1cc(F)ccc1F)Cc1ccno1,Druglike,Druglike_169,1
467,HighDiv_290-1_out,-9.455,CCC#C/C=C\CCCc1cc(C(=O)[O-])cc(O)c1C(=O)[O-],HighDiv,HighDiv_290,1
468,HighDiv_1256-1_out,-9.455,C=C(CC(N)=O)c1ccc(-c2c[nH]cc(O)c2=O)cc1,HighDiv,HighDiv_1256,1
469,Druglike_761-1_out,-9.454,Nc1nc(C/C=C/Cc2ccc(Br)c(O)c2)nc2[nH]ncc12,Druglike,Druglike_761,1
470,Druglike_1806-2_out,-9.454,O=C(Cc1ccc(-c2cc[nH]n2)c(I)c1)Cc1cccc(CO)n1,Druglike,Druglike_1806,2
471,Druglike_128-1_out,-9.453,COCc1ccc(CC(=O)CNC/C=C/c2cc(F)ccc2F)cc1O,Druglike,Druglike_128,1
472,Druglike_1841-1_out,-9.453,NC(=O)c1c[nH]c(=O)c(NC(=O)c2cc(Cl)cc(Br)c2)c1,Druglike,Druglike_1841,1
473,HighDiv_394-1_out,-9.453,OCc1ncc(/C=C/c2c[nH]nc2O)cc1-c1cc(O)n[nH]1,HighDiv,HighDiv_394,1
474,Druglike_1056-1_out,-9.451,Cc1nc(C(=O)c2cc(C[NH3+])no2)ncc1/C=C/c1ccc(C[NH3+])c(Cl)c1,Druglike,Druglike_1056,1
475,Druglike_1157-1_out,-9.451,Cc1ccc(/C=C/c2cnc(C(=O)c3c[nH]c(CO)c3)nc2)cc1Cl,Druglike,Druglike_1157,1
476,Druglike_241-1_out,-9.449,NCCCc1ccc(-c2ccc(C(=O)c3noc(=O)[nH]3)[nH]2)cc1,Druglike,Druglike_241,1
477,HighDiv_1918-1_out,-9.449,CC1=C(C[C@H](O)C#Cc2cc(O)c(CO)cc2N)CC=CO1,HighDiv,HighDiv_1918,1
478,Druglike_1451-1_out,-9.448,NC(=O)Nc1cc(/C=C/Cc2c[nH]c3c2[NH+]=CNC3)cc(C[NH3+])c1,Druglike,Druglike_1451,1
479,HighDiv_687-1_out,-9.448,O=C1C=C(c2cc(/C=C/c3cnc[nH]3)cnc2CO)CO1,HighDiv,HighDiv_687,1
480,Druglike_565-1_out,-9.448,OCc1n[nH]nc1CCCC#Cc1cc2c(cc1O)OCN2,Druglike,Druglike_565,1
481,Druglike_1564-1_out,-9.446,O=C([O-])c1c[nH]c(CCc2cccc3oncc23)c1C(=O)[O-],Druglike,Druglike_1564,1
482,Druglike_136-1_out,-9.445,C=Cc1ncc(CCc2cc(O)cc(-c3cn[nH]n3)c2)cn1,Druglike,Druglike_136,1
483,Druglike_1147-1_out,-9.442,O=C(C1=C[C@H](CO)NC1)c1ncc(/C=C/c2cc(Cl)ccc2Br)cn1,Druglike,Druglike_1147,1
484,Druglike_92-1_out,-9.44,NC(=O)c1ccc(C2=CN=CCN2)cc1CC(=O)c1ccc(Br)cc1[O-],Druglike,Druglike_92,1
485,Druglike_321-1_out,-9.44,O=C(c1ccc(-c2ccc(O)cc2)[nH]1)c1noc(=O)[nH]1,Druglike,Druglike_321,1
486,Druglike_1996-1_out,-9.438,O=C(c1cc(-c2cc(O)cc(CO)c2)co1)N1CCC1,Druglike,Druglike_1996,1
487,Druglike_1075-1_out,-9.437,C[C@H](O)c1coc(C(=O)c2ncc(/C=C/c3ccc(CO)c(Cl)c3)cn2)n1,Druglike,Druglike_1075,1
488,Druglike_1341-1_out,-9.437,C#CCc1cc(-c2oc(CC)nc2CO)n[nH]c1=O,Druglike,Druglike_1341,1
489,Druglike_82-2_out,-9.436,O=C([O-])c1cnc(=O)[nH]c1CC#CCC[C@@H]1C=COCC1,Druglike,Druglike_82,2
490,HighDiv_1680-1_out,-9.436,NC1=[N+](CCCCc2cc(O)cc(-c3nnco3)c2)CCC1,HighDiv,HighDiv_1680,1
491,Druglike_1798-1_out,-9.43,O=C(Cc1ccc(Cl)c(F)c1)[C@H](c1cnn[nH]1)c1cc(O)n[nH]1,Druglike,Druglike_1798,1
492,HighDiv_580-1_out,-9.429,Nc1cc(CC[NH2+]CCc2cc(C(=O)CCl)cc(N=O)c2Br)[nH]n1,HighDiv,HighDiv_580,1
493,HighDiv_1602-1_out,-9.429,C=C1Cc2cc([S@](=O)c3cc(O)c(I)cc3O)ccc2[N-]1,HighDiv,HighDiv_1602,1
494,HighDiv_1407-1_out,-9.426,O=C(C#Cc1c[nH]cc(O)c1=O)Nc1cccnc1,HighDiv,HighDiv_1407,1
495,Druglike_948-1_out,-9.426,O=C([O-])CC1=Cc2cc(C#CC[NH2+]CCBr)ccc2C1,Druglike,Druglike_948,1
496,Druglike_1749-1_out,-9.425,O=C([O-])Cc1cc(O)cc(C#CC(=O)O[C@H]2CN=C(CO)C2)c1,Druglike,Druglike_1749,1
497,HighDiv_1979-2_out,-9.422,C/C=C\C=C/C(=O)Cc1cc(F)c(ON)c(-c2cnc[nH]2)c1,HighDiv,HighDiv_1979,2
498,Druglike_434-1_out,-9.421,O=C(c1cc(F)ccc1[O-])[C@@H]([O-])C#Cc1nonc1CF,Druglike,Druglike_434,1
499,Druglike_1324-1_out,-9.42,CN(C)C(=O)c1c[nH]c(CCc2cc(I)cc(=O)[nH]2)c1,Druglike,Druglike_1324,1
500,Druglike_1901-1_out,-9.419,O=C(C#Cc1cc(O)cc(C(=O)[O-])c1)OCCc1cnon1,Druglike,Druglike_1901,1
501,Druglike_794-1_out,-9.418,OCc1ccc(CCc2cccc([C@H](O)CF)c2)cc1Cl,Druglike,Druglike_794,1
502,Druglike_1754-1_out,-9.418,CC(=O)Nc1cc(O)cc(C#CC(=O)O[C@H]2CN=C(CO)C2)c1,Druglike,Druglike_1754,1
503,HighDiv_1321-1_out,-9.416,CCc1ncccc1NC(=O)C#Cc1c[nH]cc(O)c1=O,HighDiv,HighDiv_1321,1
504,Druglike_1286-1_out,-9.416,OC/C(=C/c1nnn[n-]1)c1nnc(CC[C@@H]2C=CCCC2)o1,Druglike,Druglike_1286,1
505,Druglike_1626-1_out,-9.414,O=C([O-])c1noc(C#C[C@H](O)c2ccccc2)c1C(=O)[O-],Druglike,Druglike_1626,1
506,HighDiv_1761-1_out,-9.414,NC(=O)Nc1cc(C[C@@H](Cl)C(=O)/C=C/C2=CCON2)ccc1O,HighDiv,HighDiv_1761,1
507,Druglike_207-1_out,-9.41,O=C(c1ccc(-c2ccc(O)cc2O)[nH]1)c1noc(=O)[nH]1,Druglike,Druglike_207,1
508,Druglike_157-1_out,-9.408,NCCCCCc1ccc(-c2ccc(C(=O)c3noc(=O)[nH]3)[nH]2)cc1,Druglike,Druglike_157,1
509,Druglike_1836-1_out,-9.407,Nc1ccc(CCC#Cc2oncc2C(=O)[O-])cc1,Druglike,Druglike_1836,1
510,Druglike_907-1_out,-9.407,O=C([O-])CC(=O)N1COC(/C([O-])=C/C=N\c2ccccc2)=N1,Druglike,Druglike_907,1
511,HighDiv_176-1_out,-9.406,NOc1cc(C(=O)[O-])cc(CC(=O)C[C@@H]2CCOC=N2)c1Br,HighDiv,HighDiv_176,1
512,HighDiv_1450-1_out,-9.403,O=C([O-])n1cc([N+](=O)[O-])c(CCc2cc3cn[nH]c3s2)n1,HighDiv,HighDiv_1450,1
513,Druglike_1874-1_out,-9.403,C[NH2+]CCC#CCc1ccc(-c2cc(=O)cc(CN)[nH]2)cc1,Druglike,Druglike_1874,1
514,HighDiv_1380-1_out,-9.403,C#CCc1cccc(-c2cc([O-])c[nH+]c2CO)c1,HighDiv,HighDiv_1380,1
515,HighDiv_1431-1_out,-9.402,C=C[C@H](NC(=O)C#Cc1c[nH]c(CC)c(O)c1=O)c1ccno1,HighDiv,HighDiv_1431,1
516,Druglike_260-1_out,-9.397,O=C(CO)c1ncc(-c2c(CCC3=CCC=C3)o[n-]c2=O)o1,Druglike,Druglike_260,1
517,Druglike_1283-1_out,-9.397,[NH3+]Cc1n[n-]c(CN/C=C/c2cccc3ccccc23)n1,Druglike,Druglike_1283,1
518,Druglike_1426-1_out,-9.396,O=C([O-])CC#Cc1cccc([C@H](Br)c2n[nH]c(=O)[nH]2)c1,Druglike,Druglike_1426,1
519,HighDiv_256-1_out,-9.396,O=C1NCCN1c1cc(O)cc(CCn2cnc([N+](=O)[O-])n2)c1,HighDiv,HighDiv_256,1
520,Druglike_1129-1_out,-9.395,[NH3+]CCc1conc1/C=C1\C=Cc2cc([C@H](O)CF)ccc21,Druglike,Druglike_1129,1
521,HighDiv_1106-1_out,-9.393,O=C1NCCN1c1cc(O)cc(CCn2nc[nH]c2=O)c1,HighDiv,HighDiv_1106,1
522,HighDiv_1247-1_out,-9.391,O=C1CNc2c(ccc([N+](=O)[O-])c2C(=O)Nc2ncc(Cl)cc2Cl)N1,HighDiv,HighDiv_1247,1
523,Druglike_1814-1_out,-9.39,O=C(C#Cc1cccc(O)c1C(=O)[O-])OCCC1=CCCCO1,Druglike,Druglike_1814,1
524,HighDiv_1105-1_out,-9.388,C#Cc1ccc(SCC(=O)c2n[nH]c(CCC(=O)[O-])n2)cc1,HighDiv,HighDiv_1105,1
525,HighDiv_120-1_out,-9.385,NOc1cc(C(=O)[O-])cc(C#CCCCC=C2NCCN2)c1Br,HighDiv,HighDiv_120,1
526,HighDiv_1169-1_out,-9.385,O=C1C=C([C@H]([S-])CC/C=C\Cc2ccccc2)C(=O)N1,HighDiv,HighDiv_1169,1
527,HighDiv_1362-1_out,-9.384,CN1C(=O)CNc2c1ccc([S-])c2C(=O)Nc1ncc(Cl)cc1Cl,HighDiv,HighDiv_1362,1
528,Druglike_140-1_out,-9.382,C=C(Cc1cc(O)cc(-c2cn[nH]n2)c1)c1ccc(OC)c(Br)n1,Druglike,Druglike_140,1
529,HighDiv_492-1_out,-9.382,O=C([O-])CCCC#Cc1cc(O)cc(N2CCNC2=O)c1,HighDiv,HighDiv_492,1
530,HighDiv_941-1_out,-9.381,O=C([O-])CCc1cc(O)cc(C#CCn2cncc2[N+](=O)[O-])c1,HighDiv,HighDiv_941,1
531,Druglike_1736-1_out,-9.381,O=C([O-])c1cc(=O)cc(-c2ccc(Br)cc2)[nH]1,Druglike,Druglike_1736,1
532,Druglike_1744-2_out,-9.38,CC#CCc1ccc(-c2cc(=O)cc(C[NH3+])[nH]2)cc1,Druglike,Druglike_1744,2
533,HighDiv_1092-1_out,-9.38,CCC#C/C=C\CCCc1cc(O)cc(C(=O)[O-])c1,HighDiv,HighDiv_1092,1
534,Druglike_1027-1_out,-9.378,Oc1cc2c(cc1C#CCCCc1cnccn1)NCO2,Druglike,Druglike_1027,1
535,HighDiv_1923-1_out,-9.378,C=Cc1ccc(C(=O)[O-])c(S)c1-c1ccc(F)cc1F,HighDiv,HighDiv_1923,1
536,Druglike_658-1_out,-9.378,C=Cc1ccnc(CCc2cc(N[C@@H](F)CO)cnc2Cl)c1,Druglike,Druglike_658,1
537,HighDiv_584-1_out,-9.376,O=Nc1cc(C(=O)CCl)cc(CC[NH2+]CCn2nnnc2[S-])c1Br,HighDiv,HighDiv_584,1
538,HighDiv_1-1_out,-9.375,C[C@H](C[NH3+])CC#Cc1cc(C(=O)CO)cc(N=O)c1Br,HighDiv,HighDiv_1,1
539,HighDiv_618-1_out,-9.375,C/C=C(\C)CONCc1c[nH]c(=O)c2[nH]c(C(=O)[O-])cc12,HighDiv,HighDiv_618,1
540,HighDiv_1218-1_out,-9.368,C=C(c1ccc(-c2c[nH]cc(O)c2=O)cc1)c1csc(=O)[nH]1,HighDiv,HighDiv_1218,1
541,Druglike_290-1_out,-9.365,NC(N)(/C=C/C(=O)Nc1ccccc1)c1n[nH]c(=O)[nH]1,Druglike,Druglike_290,1
542,HighDiv_92-1_out,-9.365,C=C1C(=O)NN=C1/C=C\CCc1oc(C(=O)[O-])nc1CO,HighDiv,HighDiv_92,1
543,Druglike_1573-1_out,-9.365,O=C([O-])[C@@H](C#Cc1cc[nH]c1)c1cccnc1,Druglike,Druglike_1573,1
544,HighDiv_1060-1_out,-9.364,NC1=[NH+]C[C@H](C/C=C/Cc2cc(C(=O)[O-])oc2[N+](=O)[O-])O1,HighDiv,HighDiv_1060,1
545,HighDiv_247-2_out,-9.358,O=Nc1cc([O-])cc(C#C[C@@H](CO)c2n[nH]c(=O)[nH]2)c1,HighDiv,HighDiv_247,2
546,Druglike_762-1_out,-9.358,[NH3+]Cc1nonc1C#C[C@H]([O-])C(=O)c1cc(F)ccc1[O-],Druglike,Druglike_762,1
547,HighDiv_767-1_out,-9.356,O=NC(=O)c1cc(-c2ccc(CCl)c(O)c2)c(Br)cc1[O-],HighDiv,HighDiv_767,1
548,Druglike_170-1_out,-9.356,Oc1cc(CC/C=C/C2=COCCO2)cc(-c2cn[nH]n2)c1,Druglike,Druglike_170,1
549,Druglike_1846-1_out,-9.354,NCc1cc(=O)cc(-c2ccc(NC(N)=O)cc2)[nH]1,Druglike,Druglike_1846,1
550,Druglike_1994-1_out,-9.354,CCc1cc(-c2cccc(O)c2Cl)[nH]c1C#CCO,Druglike,Druglike_1994,1
551,HighDiv_1326-1_out,-9.354,C=CCc1c(N)cc(-c2cc(C(=O)NC(C)=O)ccc2O)cc1Cl,HighDiv,HighDiv_1326,1
552,HighDiv_1747-1_out,-9.354,O=P([O-])([O-])c1cc(O)c(/C=C/Cc2ccc3[nH]ncc3c2)c(Cl)c1,HighDiv,HighDiv_1747,1
553,HighDiv_1492-1_out,-9.352,[O-]c1cc(-c2cccc(F)c2F)c[nH+]c1CC#CCO,HighDiv,HighDiv_1492,1
554,Druglike_1144-1_out,-9.351,Nc1ccc(Cl)cc1/C=C/c1cnc(C(=O)c2ccc(CO)[nH]2)nc1,Druglike,Druglike_1144,1
555,HighDiv_1276-1_out,-9.347,C=CCC(=O)c1ccc(O)c(-c2cc(N)c(CC=C)c(Cl)c2)c1,HighDiv,HighDiv_1276,1
556,Druglike_23-1_out,-9.347,O=C(CO)c1nc(C#CCCc2cc[nH]c(=O)c2)cnc1Cl,Druglike,Druglike_23,1
557,HighDiv_1359-1_out,-9.346,CC/C=C/c1[nH]cc(C#CC(=O)N[C@H]2C=CCC2)c(=O)c1O,HighDiv,HighDiv_1359,1
558,HighDiv_1267-1_out,-9.345,O=C(C#Cc1c[nH]cc(O)c1=O)NC1CCCCC1,HighDiv,HighDiv_1267,1
559,Druglike_644-1_out,-9.345,Oc1cc2c(cc1C#CCCCc1cn[nH]n1)NCO2,Druglike,Druglike_644,1
560,HighDiv_1290-2_out,-9.344,CCC1=C[C@@H](NC(=O)C#Cc2c(C=S)[nH]cc([O-])c2=O)C=C1,HighDiv,HighDiv_1290,2
561,HighDiv_1244-1_out,-9.343,C=C/C=C(/CC(N)=O)c1ccc(-c2c[nH]cc(O)c2=O)cc1,HighDiv,HighDiv_1244,1
562,HighDiv_19-1_out,-9.342,O=C1NCCN1c1cc(O)c(I)c(C#CCCC2=CCCS2)c1,HighDiv,HighDiv_19,1
563,Druglike_183-1_out,-9.341,O=C([O-])[C@H](CC1=COC=CC1)[NH2+]C/C=C/c1cc(F)ccc1F,Druglike,Druglike_183,1
564,Druglike_1589-1_out,-9.34,C=C1C(=O)[N-]C(=O)N(C[C@H](O)c2ccc(O)c(Cl)c2)C1=O,Druglike,Druglike_1589,1
565,HighDiv_1827-1_out,-9.34,Oc1cc(CCCCc2cc[nH]n2)cc(-c2nnco2)c1,HighDiv,HighDiv_1827,1
566,HighDiv_1320-1_out,-9.337,C=CCC(=O)c1cccc(-c2ccc(/C=C/C[NH3+])c([S-])c2)c1,HighDiv,HighDiv_1320,1
567,HighDiv_1661-1_out,-9.334,O=C(Nc1cccc(O)c1)c1cc([SH](=O)=O)cc(O)c1[O-],HighDiv,HighDiv_1661,1
568,HighDiv_992-1_out,-9.334,NNC(=O)C1=C[C@@H](C(=O)c2cc(Cl)c(Br)c(N=O)c2)ON1,HighDiv,HighDiv_992,1
569,Druglike_386-1_out,-9.334,O=C(CO)CCC#Cc1ccc2c(c1)C=C(C(=O)[O-])C2,Druglike,Druglike_386,1
570,Druglike_1526-1_out,-9.333,O=C([O-])CC#Cc1cccc([C@H](Br)c2c[nH]c(=O)[nH]2)c1,Druglike,Druglike_1526,1
571,HighDiv_1354-2_out,-9.331,O=C(C#Cc1c(C=S)[nH]cc([O-])c1=O)NC1C=CC=C1,HighDiv,HighDiv_1354,2
572,HighDiv_2180-1_out,-9.331,Nc1ccc(C#CC2=CC(=O)OC[C@H]2C(=O)[O-])cc1,HighDiv,HighDiv_2180,1
573,HighDiv_657-1_out,-9.327,NCC1=CC(=O)C=C(c2ccc(CNCF)cc2)C1=O,HighDiv,HighDiv_657,1
574,HighDiv_1694-1_out,-9.325,O=[S@@](c1ccc2c(c1)[C@@H](CO)CN2)c1cc(O)c(I)cc1O,HighDiv,HighDiv_1694,1
575,HighDiv_1567-1_out,-9.323,C/C=C/Cc1[nH]cc(C#CC(=O)N[C@H]2CC[NH2+]C2)c(=O)c1O,HighDiv,HighDiv_1567,1
576,HighDiv_49-1_out,-9.323,NCC1=CC(=O)C=C(c2ccc(CCNC[NH3+])cc2)C1=O,HighDiv,HighDiv_49,1
577,Druglike_493-1_out,-9.322,NCC(=O)CCC#Cc1ccc2c(c1)C=C(C(=O)[O-])C2,Druglike,Druglike_493,1
578,HighDiv_342-1_out,-9.318,C=C(C)CCCC#Cc1cc(O)cc(N2CCNC2=O)c1,HighDiv,HighDiv_342,1
579,Druglike_1098-1_out,-9.318,O=c1ccc(-c2cnc(/C=C/c3ccc(I)c(O)c3)o2)n[nH]1,Druglike,Druglike_1098,1
580,HighDiv_1059-1_out,-9.317,O=NC(=O)c1cc(-c2ccc(CCO)c(O)c2)c(Br)cc1[O-],HighDiv,HighDiv_1059,1
581,Druglike_1522-2_out,-9.315,CC(=O)Cc1ccc(C#CCC(=O)[O-])c2[nH]cnc12,Druglike,Druglike_1522,2
582,HighDiv_1700-1_out,-9.314,O=[S@](c1cc(O)c(I)cc1O)c1ccc2c(c1O)CC[NH+]=C2,HighDiv,HighDiv_1700,1
583,Druglike_1743-1_out,-9.312,O=C(C#Cc1cc(O)cc(C(=O)NCC(F)F)c1)OCCN1C=CCC1,Druglike,Druglike_1743,1
584,Druglike_646-1_out,-9.311,[NH3+]Cc1ncc(-n2cccn2)cc1Nc1cccc(Cl)c1,Druglike,Druglike_646,1
585,HighDiv_1537-2_out,-9.31,Nc1ccc(O)c(C#Cc2cc(F)cc(F)c2[O-])c1,HighDiv,HighDiv_1537,2
586,Druglike_1704-1_out,-9.309,NC(=O)Nc1cc(O)cc(C/C=C(/C[NH3+])[C@@H]2CCCO2)c1,Druglike,Druglike_1704,1
587,HighDiv_1311-1_out,-9.309,O=C(C#Cc1c[nH]cc(O)c1=O)NC1CCCC1,HighDiv,HighDiv_1311,1
588,Druglike_1020-1_out,-9.309,[NH3+]C[C@H](CCC#Cc1cc2c(cc1O)OCN2)c1cnn[nH]1,Druglike,Druglike_1020,1
589,HighDiv_237-1_out,-9.303,NOc1cc(C(=O)[O-])cc(NC(=O)N[C@@H]2CCOC2)c1Br,HighDiv,HighDiv_237,1
590,Druglike_1707-1_out,-9.302,NC(=O)CCc1cnc(C(=O)[O-])c(C#Cc2ccccc2)c1,Druglike,Druglike_1707,1
591,HighDiv_502-1_out,-9.302,O=C([O-])c1cc(CCC/C=C\c2c[nH]c(=S)[nH]2)cc(O)c1O,HighDiv,HighDiv_502,1
592,Druglike_628-1_out,-9.301,Oc1cc2c(cc1C#C[C@@H](CCl)CCc1cn[nH]n1)NCO2,Druglike,Druglike_628,1
593,Druglike_1309-1_out,-9.299,[NH3+][C@@H](Cc1ccc(F)cc1F)C1=COC(C(=O)[O-])=CC1,Druglike,Druglike_1309,1
594,HighDiv_1966-1_out,-9.298,C#CCc1cc(F)c(ON)c(-c2c[nH]c(C(=O)NC)n2)c1,HighDiv,HighDiv_1966,1
595,Druglike_21-1_out,-9.296,O=C([O-])c1cc(CO)c(C(=O)C2=CC=C[C@@H](CC#CCO)O2)[nH]1,Druglike,Druglike_21,1
596,HighDiv_446-1_out,-9.294,CCC#C/C(=C\CCCc1cc(O)cc(C(=O)[O-])c1)CBr,HighDiv,HighDiv_446,1
597,Druglike_248-1_out,-9.288,CCNc1cnc(Cl)c(OC(=O)c2ccc(CC(=O)[O-])c(O)c2)c1,Druglike,Druglike_248,1
598,Druglike_1367-1_out,-9.286,CCc1ccc(-c2cc(/C=C/C(=O)[O-])c(CO)o2)c(O)c1,Druglike,Druglike_1367,1
599,Druglike_1752-1_out,-9.283,OC/C(=C\CC1=CC[NH2+]C1)c1ccc2c(c1)[nH]c1c[nH+]ccc12,Druglike,Druglike_1752,1
600,HighDiv_628-1_out,-9.281,Oc1cc(F)cc(Nc2ccc3c(c2)[C@@H](S)C=N3)c1Br,HighDiv,HighDiv_628,1
601,Druglike_1697-1_out,-9.28,O=C([O-])c1cccc([C@H](C#Cc2cc[nH]c2)C(=O)[O-])c1,Druglike,Druglike_1697,1
602,HighDiv_861-1_out,-9.279,O=Nc1cc(C(=O)CO)cc(C2=CC(=O)NC2)c1Br,HighDiv,HighDiv_861,1
603,HighDiv_1222-1_out,-9.275,C=C(c1ccc(-c2c[nH]cc(O)c2=O)cc1)c1cnccn1,HighDiv,HighDiv_1222,1
604,HighDiv_1614-1_out,-9.275,O=Nc1cc(CCc2cc(F)c([O-])c([N+](=O)[O-])c2)c(Cl)c(OCCS)c1,HighDiv,HighDiv_1614,1
605,HighDiv_1073-1_out,-9.273,NNCc1nc(C(=O)c2cc([O-])c(Br)c(N=O)c2)n[nH]1,HighDiv,HighDiv_1073,1
606,HighDiv_1937-2_out,-9.273,CNC(=O)c1ncc(-c2cc(CCc3ccc[nH]3)cc(F)c2ON)[nH]1,HighDiv,HighDiv_1937,2
607,HighDiv_317-1_out,-9.273,CCC#C/C(=C\CCCc1cc(O)cc(C(=O)[O-])c1)C[NH3+],HighDiv,HighDiv_317,1
608,HighDiv_443-1_out,-9.273,CCC#C/C(=C\CCCc1cc(O)cc(C(=O)[O-])c1)C[NH3+],HighDiv,HighDiv_443,1
609,Druglike_596-1_out,-9.272,[NH3+]Cc1ncc(-c2cc[nH]c2)cc1OC(=O)c1ccccc1Cl,Druglike,Druglike_596,1
610,HighDiv_218-2_out,-9.271,Nc1cc(C[C@H](C=S)NCCc2cc(C(=O)CCl)cc(N=O)c2Br)[nH]n1,HighDiv,HighDiv_218,2
611,HighDiv_1245-1_out,-9.271,O=C(C#Cc1c(C(=O)[O-])[nH]cc(O)c1=O)N[C@@H]1C=CCS1,HighDiv,HighDiv_1245,1
612,HighDiv_1236-1_out,-9.267,CCCc1[nH]cc(O)c(=O)c1C#CC(=O)NC1CCCC1,HighDiv,HighDiv_1236,1
613,Druglike_1818-1_out,-9.266,CCc1nnc(-c2[nH]c(C(=O)[O-])cc(=O)c2C)o1,Druglike,Druglike_1818,1
614,HighDiv_292-1_out,-9.266,Cc1c(O)cc(N2CCNC2=O)cc1C#CCCC[NH3+],HighDiv,HighDiv_292,1
615,HighDiv_297-1_out,-9.262,[NH3+][C@@H](C#CCCc1cc(C(=O)N=O)cc([O-])c1Br)C(=O)[O-],HighDiv,HighDiv_297,1
616,HighDiv_1856-1_out,-9.262,O=C(CCc1cccnc1)NCc1cc(-c2cccs2)c[nH]1,HighDiv,HighDiv_1856,1
617,HighDiv_1300-1_out,-9.261,O=C(C#Cc1c[nH]cc(O)c1=O)Nc1cccnc1[C@@H]1C[NH2+]1,HighDiv,HighDiv_1300,1
618,HighDiv_203-1_out,-9.259,COCc1cc(O)cc(C[C@H]([NH3+])c2cc(O)cc(Cl)c2Cl)c1,HighDiv,HighDiv_203,1
619,HighDiv_1931-1_out,-9.258,C=C(c1cc(F)c(Cl)c(C(N)=O)c1)c1nc(C(N)=S)no1,HighDiv,HighDiv_1931,1
620,Druglike_456-1_out,-9.254,O=C(CNC/C=C/c1cc(F)ccc1F)CC1=CCC=CN1,Druglike,Druglike_456,1
621,HighDiv_1474-1_out,-9.253,C=CNCc1ccc(-c2c[nH+]cc([O-])c2)c(F)c1F,HighDiv,HighDiv_1474,1
622,Druglike_1767-1_out,-9.252,CNC(=O)c1cc(O)cc(C#CC(=O)OCCN2C=CCC2)c1,Druglike,Druglike_1767,1
623,HighDiv_2273-1_out,-9.25,C#Cc1ccc(C(=O)c2nnc([S-])[nH]2)c2[nH]cnc12,HighDiv,HighDiv_2273,1
624,HighDiv_1733-1_out,-9.249,CC(=O)/C=C/c1ccc(C[C@@H](N)C(=O)/C=C/C2=CCON2)[nH]1,HighDiv,HighDiv_1733,1
625,Druglike_1155-1_out,-9.249,Cc1ccc(/C=C/c2cnc(C(=O)c3c[nH]c(C[NH3+])c3)nc2)cc1Cl,Druglike,Druglike_1155,1
626,Druglike_654-1_out,-9.247,O=C1NCC=C1/C=C/CCc1cc(C[C@@H](O)CCl)c(C(=O)[O-])o1,Druglike,Druglike_654,1
627,HighDiv_1565-1_out,-9.244,C#Cc1[nH]cc(O)c(=O)c1C#CC(=O)NCCC(=O)[O-],HighDiv,HighDiv_1565,1
628,Druglike_1291-1_out,-9.243,O=C(c1ccc(I)c(I)c1)c1cnc(C2=CCNN2)o1,Druglike,Druglike_1291,1
629,HighDiv_1940-2_out,-9.242,CNC(=O)c1ncc(-c2cc(CCc3ccco3)cc(F)c2ON)[nH]1,HighDiv,HighDiv_1940,2
630,HighDiv_878-1_out,-9.24,CCC#C/C=C(/CO)CCCc1cc(O)cc(C(=O)[O-])c1,HighDiv,HighDiv_878,1
631,HighDiv_1257-1_out,-9.24,C/C=C/c1ccc(-c2c[nH]cc(O)c2=O)cc1,HighDiv,HighDiv_1257,1
632,HighDiv_212-1_out,-9.239,CCC[NH2+]CCC#Cc1cc(N2CCNC2=O)cc(O)c1C,HighDiv,HighDiv_212,1
633,HighDiv_6-1_out,-9.239,NOc1cc(C(=O)[O-])cc(C[C@@H]([NH3+])c2ccccn2)c1Br,HighDiv,HighDiv_6,1
634,HighDiv_36-1_out,-9.236,O=NC(=O)c1cc([O-])c(Br)c(C[C@@H](Cl)c2nnn[n-]2)c1,HighDiv,HighDiv_36,1
635,Druglike_1976-5_out,-9.235,CCCC1=NC=C(c2cc(=O)cc(C(=O)[O-])[nH]2)NC1,Druglike,Druglike_1976,5
636,HighDiv_1847-1_out,-9.234,Nc1cc(CO)c(O)cc1C#C[C@@H](O)CC1=CCC=CO1,HighDiv,HighDiv_1847,1
637,HighDiv_1764-1_out,-9.234,Oc1cc(I)cc(/C=C/C[C@@H](O)c2ccncc2F)c1,HighDiv,HighDiv_1764,1
638,HighDiv_1893-1_out,-9.232,C/C=C(/CC#CCc1cc(CO)ccc1O)c1ccccn1,HighDiv,HighDiv_1893,1
639,Druglike_1933-1_out,-9.229,O=C([O-])COC(=O)C#Cc1cc(O)cc(C(=O)CC(=O)[O-])c1,Druglike,Druglike_1933,1
640,HighDiv_2198-1_out,-9.229,NC(=O)Nc1ccc(O)c(-c2ccncn2)c1Br,HighDiv,HighDiv_2198,1
641,HighDiv_480-1_out,-9.228,CCC#C/C=C/c1cc(O)cc(N2CCNC2=O)c1,HighDiv,HighDiv_480,1
642,Druglike_1031-1_out,-9.227,CCOc1cccc(/C=C/c2[nH]nc(C(=O)[O-])c2Br)c1,Druglike,Druglike_1031,1
643,Druglike_1199-2_out,-9.226,[NH3+][C@H](C#Cc1cc(Cl)ccc1Cl)c1cccc(O)c1,Druglike,Druglike_1199,2
644,Druglike_2062-1_out,-9.226,NC(=O)Nc1c(O)cccc1C#CC(=O)O[C@H]1COC1=O,Druglike,Druglike_2062,1
645,Druglike_1424-1_out,-9.225,CC(=O)Oc1cc(OC/C=C(\CO)C2=CO[C@H](CCl)CO2)ccc1CO,Druglike,Druglike_1424,1
646,Druglike_1089-1_out,-9.225,O=C(c1cc[nH]c1)c1ncc(/C=C/c2ccc([C@H](O)CO)c(Cl)c2)cn1,Druglike,Druglike_1089,1
647,HighDiv_1697-1_out,-9.224,C#CCOc1ccnc(C[C@@H](N)C(=O)/C=C/C2=CCON2)c1,HighDiv,HighDiv_1697,1
648,Druglike_1473-1_out,-9.222,C[C@H](C#Cc1ccc(C(=O)[O-])cc1Br)C1=CC(=O)NC1,Druglike,Druglike_1473,1
649,HighDiv_1207-1_out,-9.222,O=C(C#Cc1c(C(=O)[O-])[nH]cc(O)c1=O)Nc1cncc(Cl)c1,HighDiv,HighDiv_1207,1
650,Druglike_510-1_out,-9.222,[NH3+][C@@H](CO)CCC#Cc1ccc2c(c1)C=C(C(=O)[O-])C2,Druglike,Druglike_510,1
651,Druglike_379-1_out,-9.22,CCC(=O)OC/C=C/c1ccc(C(=O)c2nc(=O)[n-]c(=O)[nH]2)[nH]1,Druglike,Druglike_379,1
652,HighDiv_1625-1_out,-9.219,O=Nc1ccc([S-])c(C(=O)Nc2ccc(Br)cc2)c1,HighDiv,HighDiv_1625,1
653,HighDiv_472-1_out,-9.218,O=C1NCCN1c1cc(O)cc(C#CCCCCCO)c1,HighDiv,HighDiv_472,1
654,HighDiv_896-1_out,-9.217,CCNC(=O)C#Cc1ccc(C(=O)NC(=O)CN)c(Cl)c1Cl,HighDiv,HighDiv_896,1
655,HighDiv_700-1_out,-9.216,O=NC(=O)c1cc([O-])c(Br)c(CCC#CC[NH2+]CC(=O)[O-])c1,HighDiv,HighDiv_700,1
656,Druglike_423-1_out,-9.216,CN(C/C=C\CCCc1cc(O)cc(-c2cn[nH]n2)c1)C(N)=O,Druglike,Druglike_423,1
657,HighDiv_314-1_out,-9.216,O=NC(=O)c1cc([O-])c(Br)c(C[C@@H](O)/C=C/C(=O)NO)c1,HighDiv,HighDiv_314,1
658,Druglike_1706-1_out,-9.212,O=C([O-])CC#Cc1cccc([C@H](Br)C2=NCNCC2)c1,Druglike,Druglike_1706,1
659,Druglike_2078-1_out,-9.212,C#Cc1c(COC(=O)c2cnc(C(=O)[O-])[nH]2)cc[nH]c1=O,Druglike,Druglike_2078,1
660,HighDiv_289-1_out,-9.211,Cc1c(O)cc(N2CCNC2=O)cc1C#CCCCCON,HighDiv,HighDiv_289,1
661,Druglike_775-1_out,-9.208,O=C(CC/C=C/[C@@H]1C=CC[NH2+]1)n1nnc2c(=O)[nH]cnc21,Druglike,Druglike_775,1
662,Druglike_1479-1_out,-9.207,NC(=O)Nc1cc(CCl)cc(CCCC/C=N/c2cccnc2)c1,Druglike,Druglike_1479,1
663,Druglike_18-2_out,-9.206,O=C([O-])c1c[nH]c(=O)nc1C/C=C/c1ccccc1,Druglike,Druglike_18,2
664,Druglike_281-1_out,-9.205,C[C@H](N)C(=O)C1=CCC(/C=C/c2ccccc2F)=C(CO)O1,Druglike,Druglike_281,1
665,Druglike_1802-1_out,-9.203,C=CCc1cc(=O)cc(-c2nnc(CCCCO)o2)[nH]1,Druglike,Druglike_1802,1
666,HighDiv_1615-1_out,-9.202,O=C([O-])c1ccc(CO)c([S-])c1-c1ccc(Cc2cnccn2)cc1F,HighDiv,HighDiv_1615,1
667,Druglike_548-1_out,-9.201,Nc1nc(C/C=C/Cc2cccc(CO)n2)nc2[nH]ncc12,Druglike,Druglike_548,1
668,Druglike_1921-1_out,-9.201,C[C@@H](COC(=O)C#Cc1cccc(O)c1C(=O)[O-])c1cocn1,Druglike,Druglike_1921,1
669,Druglike_302-1_out,-9.201,CC(=O)NCC(=O)/C=C/C(=O)c1nnc(-c2ccccn2)[n-]1,Druglike,Druglike_302,1
670,HighDiv_1532-1_out,-9.2,C/C=C/C(=C\COc1cc(F)cc([N+](=O)[O-])c1F)[C@@H]([NH3+])[O-],HighDiv,HighDiv_1532,1
671,HighDiv_1394-1_out,-9.199,C=C(CNC(=O)C#Cc1c[nH]cc(O)c1=O)[C@H]1CC=CS1,HighDiv,HighDiv_1394,1
672,HighDiv_1742-1_out,-9.199,O=C(/C=C\C#Cc1c(O)ccc2c(=O)ccoc12)CO,HighDiv,HighDiv_1742,1
673,HighDiv_2026-1_out,-9.198,C[NH2+]C/C=C/c1cc(-c2cc(F)ccc2N)cc(F)c1ON,HighDiv,HighDiv_2026,1
674,Druglike_162-1_out,-9.197,C[C@H](/C=C/C(=O)c1n[nH]c(COc2ccnc(Cl)c2CCO)n1)CBr,Druglike,Druglike_162,1
675,Druglike_80-1_out,-9.195,Nc1nc([C@H](O)/C=C/Cc2ccc(CO)c(CCCl)n2)nc2[nH]ncc12,Druglike,Druglike_80,1
676,Druglike_161-1_out,-9.195,O=C([O-])C1=C(CO)C(=O)C=C[C@@H]1NCCc1cc(Br)cc(Cl)n1,Druglike,Druglike_161,1
677,HighDiv_360-1_out,-9.193,COCCCC#Cc1cc(N2CCNC2=O)cc(O)c1C,HighDiv,HighDiv_360,1
678,HighDiv_305-1_out,-9.192,O=Nc1cc(C(=O)CCl)cc(CC[NH2+]CC/C=C/[C@@H]2CC[NH2+]C2)c1Br,HighDiv,HighDiv_305,1
679,HighDiv_2032-1_out,-9.191,COC(=O)Cn1ncn(-c2c([O-])ccc(NC(N)=O)c2Br)c1=O,HighDiv,HighDiv_2032,1
680,Druglike_997-1_out,-9.191,[O-]c1cc(/C=C/c2cc(F)ccc2F)oc1C[NH2+]CO,Druglike,Druglike_997,1
681,HighDiv_2201-2_out,-9.19,O=[N+]([O-])c1cc(C[C@H](O)c2cc(F)ccc2[S-])ccc1O,HighDiv,HighDiv_2201,2
682,Druglike_1011-1_out,-9.189,C=C(CBr)C(=O)CCCc1ccc(C(=O)c2noc(=O)[nH]2)[nH]1,Druglike,Druglike_1011,1
683,HighDiv_1648-1_out,-9.188,O=[N+]([O-])c1ccc([S-])c(/C=C/c2nccc3[nH]cnc23)c1,HighDiv,HighDiv_1648,1
684,HighDiv_51-1_out,-9.188,NOc1cc(C(=O)[O-])cc(OC(=O)/C=C/C[C@H]2COC=CO2)c1Br,HighDiv,HighDiv_51,1
685,HighDiv_654-1_out,-9.188,O=C([O-])c1cc(C/C=C/C[C@H]2CC[NH2+]C2)c([N+](=O)[O-])o1,HighDiv,HighDiv_654,1
686,HighDiv_1314-1_out,-9.183,C=C[C@H](NC(=O)C#Cc1c[nH]cc(O)c1=O)c1ccno1,HighDiv,HighDiv_1314,1
687,Druglike_2030-1_out,-9.182,O=C1NC(=O)c2c([O-])cc(C(F)F)cc21,Druglike,Druglike_2030,1
688,Druglike_1563-1_out,-9.18,O=C([O-])c1noc(C#C[C@H]2C=CCCC2)c1C(=O)[O-],Druglike,Druglike_1563,1
689,Druglike_1119-1_out,-9.175,C/C(=C\c1ccccc1C(=O)[C@H]1C=C(CO)C=CC1)c1nnc[nH]1,Druglike,Druglike_1119,1
690,Druglike_1657-1_out,-9.17,O=C([O-])c1noc(C#CC2CCCCC2)c1C(=O)[O-],Druglike,Druglike_1657,1
691,HighDiv_1914-1_out,-9.168,NC(=S)C1=N/C(=C\c2ccc3c(c2)SCC(=O)N3)C(=O)N1,HighDiv,HighDiv_1914,1
692,Druglike_430-1_out,-9.166,Nc1nc(C/C=C/Cc2cccc([C@H](N)C[NH3+])n2)nc2[nH]ncc12,Druglike,Druglike_430,1
693,HighDiv_1941-1_out,-9.165,CNC(=O)c1ncc(-c2cc(CCC3=[NH+]CCC3)cc(F)c2ON)[nH]1,HighDiv,HighDiv_1941,1
694,HighDiv_1255-1_out,-9.165,C#CCc1c(/C=C\CCO)ccc(-c2c[nH+]cc([O-])c2)c1N,HighDiv,HighDiv_1255,1
695,HighDiv_1342-1_out,-9.164,C#CCc1cc(-c2c[nH+]cc([O-])c2)ccc1/C=C\CC(=O)NN,HighDiv,HighDiv_1342,1
696,HighDiv_415-1_out,-9.164,CCC#Cc1cc(N2CCNC2=O)cc(O)c1C,HighDiv,HighDiv_415,1
697,Druglike_247-1_out,-9.163,CCOC(=O)C1=C[C@H](C(=O)[O-])C=C(CCCc2cnc(I)c(N)c2)O1,Druglike,Druglike_247,1
698,Druglike_1363-1_out,-9.161,O=c1ccc2c(CO)cc(/C=C/c3ncc[nH]3)cc2o1,Druglike,Druglike_1363,1
699,HighDiv_1271-2_out,-9.161,C=CC(=O)c1cc(O)c([O-])c(C2=CCC=C2)c1,HighDiv,HighDiv_1271,2
700,HighDiv_108-2_out,-9.16,O=Nc1cc(C(=O)[C@H]2N=CCN2)cc([N+](=O)[O-])c1Br,HighDiv,HighDiv_108,2
701,HighDiv_1652-1_out,-9.159,O=[S@@](c1ccc2c(c1)C[NH2+]C2)c1cc(O)c(I)cc1O,HighDiv,HighDiv_1652,1
702,HighDiv_77-1_out,-9.158,O=NC(=O)c1cc(C[C@@H](O)c2cc[nH]c2)c(Br)c([N+](=O)[O-])c1,HighDiv,HighDiv_77,1
703,Druglike_1361-1_out,-9.158,[NH3+]CCC#C[C@H](O)c1ccc(Nc2cccc(CCl)c2)cc1,Druglike,Druglike_1361,1
704,HighDiv_379-1_out,-9.157,CCC(=[NH2+])Cc1cnc(C2=C(CCl)C(=O)C=CC2=O)c([O-])c1Br,HighDiv,HighDiv_379,1
705,Druglike_459-1_out,-9.156,[O-]c1ccc(C[C@@H](CO)C2=CCC=CO2)[nH+]c1/C=C/CCl,Druglike,Druglike_459,1
706,Druglike_1779-1_out,-9.156,CC(=[NH2+])CCC1=CC(=O)[C@H](CCNC(=O)c2ccc(C[NH3+])cc2)O1,Druglike,Druglike_1779,1
707,HighDiv_1062-1_out,-9.155,O=C1NCCN1c1cc(O)cc(CCC2=NOCN2)c1,HighDiv,HighDiv_1062,1
708,HighDiv_495-1_out,-9.155,O=C1NCCN1c1cc(O)cc(/C=C/c2cnsc2)c1,HighDiv,HighDiv_495,1
709,Druglike_1792-1_out,-9.154,NC(=O)Nc1c(O)cccc1C#CC(=O)O[C@@H]1CC=NC1,Druglike,Druglike_1792,1
710,Druglike_1723-1_out,-9.152,O=C([O-])c1cc(C(=O)C/C=C/[C@H]2CC[NH2+]C2)c(C(=O)[O-])[nH]1,Druglike,Druglike_1723,1
711,Druglike_690-1_out,-9.151,CC1=C(/C=C/c2cc(F)ccc2F)[C@H](CO)NC1=O,Druglike,Druglike_690,1
712,Druglike_231-1_out,-9.15,O=C([O-])c1c[nH]c(=O)nc1C/C=C/c1cncc([O-])n1,Druglike,Druglike_231,1
713,Druglike_175-1_out,-9.15,O=C([O-])C1=Cc2cc(C#CCCCO)ccc2C1,Druglike,Druglike_175,1
714,Druglike_1379-1_out,-9.148,NC(=O)Nc1ccc(CC[NH2+]Cc2c[nH][n-]c2=O)c(CC(=O)[O-])c1,Druglike,Druglike_1379,1
715,HighDiv_1088-1_out,-9.147,C=C(C[NH3+])[C@H]1OC(CCc2cc(O)cc(CCCl)c2)=CC1=O,HighDiv,HighDiv_1088,1
716,HighDiv_1100-1_out,-9.146,NOCc1ccc(C2=CC(=O)C=C(CNCCCl)C2=O)cc1,HighDiv,HighDiv_1100,1
717,HighDiv_958-1_out,-9.145,O=NC(=O)c1ccc(Br)c(C[C@@H](O)c2ccn(CC(=O)[O-])c2)c1,HighDiv,HighDiv_958,1
718,HighDiv_1619-1_out,-9.143,O=[N+]([O-])c1ncn(C[C@H](O)c2ccc3sncc3c2)c1CNO,HighDiv,HighDiv_1619,1
719,HighDiv_1069-1_out,-9.142,NN[c-]1c[nH+]c2ccc(Nc3cc(F)cc(O)c3Br)cc21,HighDiv,HighDiv_1069,1
720,HighDiv_585-1_out,-9.141,O=C1NCCN1c1cc(O)cc(/C=C/C2=CNC=[NH+]C2)c1,HighDiv,HighDiv_585,1
721,Druglike_254-1_out,-9.138,N[C@@H]([NH3+])NCCC#Cc1ccc2c(c1)C=C(C(=O)[O-])C2,Druglike,Druglike_254,1
722,Druglike_1621-1_out,-9.136,[NH3+]Cc1cccc(CC[C@H](F)C(=O)NC(=O)n2cncn2)c1,Druglike,Druglike_1621,1
723,Druglike_363-1_out,-9.135,CC[NH2+]CCC#Cc1ccc2c(c1)C=C(C(=O)[O-])C2,Druglike,Druglike_363,1
724,Druglike_1269-1_out,-9.135,COCCC#C[C@H](O)c1ccc(Nc2cccc(CCl)c2)cc1,Druglike,Druglike_1269,1
725,HighDiv_1977-1_out,-9.133,NOc1c(F)cc(Nc2ccncn2)cc1-c1c[nH]c(CO)n1,HighDiv,HighDiv_1977,1
726,Druglike_1301-1_out,-9.132,C=C[C@@](F)(c1nc(C[NH3+])n[n-]1)c1ccc2ocnc2c1Cl,Druglike,Druglike_1301,1
727,HighDiv_917-1_out,-9.132,CC1=C(c2cccc(C[NH3+])c2)C(=O)C(CN)=CC1=O,HighDiv,HighDiv_917,1
728,HighDiv_477-1_out,-9.132,O=C1C=C([C@@H](/C=C/c2ccc([N+](=O)[O-])c(Cl)c2[O-])CO)C(=O)N1,HighDiv,HighDiv_477,1
729,HighDiv_1111-1_out,-9.132,O=C1C=C(C[S-])C(=O)C(c2cc(C(=O)OCF)c[nH]2)=C1,HighDiv,HighDiv_1111,1
730,HighDiv_974-2_out,-9.127,C=C(CCc1cc[nH]n1)C(=O)c1cc(N=O)c(Br)cc1[O-],HighDiv,HighDiv_974,2
731,Druglike_1838-1_out,-9.126,[NH3+]Cc1cc(-c2nc[nH]n2)ccc1Oc1ccccc1F,Druglike,Druglike_1838,1
732,HighDiv_66-1_out,-9.126,O=Nc1ccc(/C=C/[C@@H](CO)C2=CC(=O)NC2=O)c([O-])c1Cl,HighDiv,HighDiv_66,1
733,Druglike_331-1_out,-9.126,CCc1nc(CO)c(C2=COC(C(=O)N/C=C\C[NH3+])=CC2)[nH]1,Druglike,Druglike_331,1
734,Druglike_1845-1_out,-9.124,CC#Cc1c(COC(=O)c2cnc(C(=O)[O-])[nH]2)cc[nH]c1=O,Druglike,Druglike_1845,1
735,Druglike_595-1_out,-9.124,C/C=C/C(F)(F)CCc1ccc(C(=O)c2noc(=O)[nH]2)[nH]1,Druglike,Druglike_595,1
736,HighDiv_88-1_out,-9.123,NOc1cc(C(=O)[O-])cc(OC/C=C/c2ncncn2)c1Br,HighDiv,HighDiv_88,1
737,HighDiv_1226-1_out,-9.123,C[C@@H](NC(=O)C#Cc1c(CBr)[nH]cc(O)c1=O)c1cc[nH]c1,HighDiv,HighDiv_1226,1
738,HighDiv_100-1_out,-9.121,CC(C)=CCNC(=O)Nc1cc(C(=O)[O-])cc(ON)c1Br,HighDiv,HighDiv_100,1
739,Druglike_604-1_out,-9.121,CCCCC(=O)NCCCC#Cc1cc2c(cc1O)OCN2,Druglike,Druglike_604,1
740,HighDiv_850-1_out,-9.12,COc1c(O)ccc(Cc2nnc(C3=CCC=CN3)[n-]2)c1O,HighDiv,HighDiv_850,1
741,Druglike_1843-1_out,-9.119,O=C([O-])COC(=O)C#Cc1cc(O)cc(C(=O)CF)c1,Druglike,Druglike_1843,1
742,HighDiv_780-1_out,-9.118,O=C1C=C([C@H]([S-])CC/C=C\Cc2c(Br)ccnc2F)C(=O)N1,HighDiv,HighDiv_780,1
743,HighDiv_413-1_out,-9.118,NCC1=CC(=O)C=C(c2ccc(C[NH3+])c(CCl)c2)C1=O,HighDiv,HighDiv_413,1
744,HighDiv_1775-1_out,-9.116,O=C(CCc1cccnc1)NCc1cc(-c2ccsc2)c[nH]1,HighDiv,HighDiv_1775,1
745,Druglike_1862-1_out,-9.116,NCc1cc(=O)cc(-c2cccc(NC(N)=O)c2)[nH]1,Druglike,Druglike_1862,1
746,Druglike_2043-1_out,-9.114,O=C([O-])c1cc2c(C#CCC[C@@H]3C[NH2+]3)c[nH]c(=O)c2[nH]1,Druglike,Druglike_2043,1
747,Druglike_1088-1_out,-9.114,[NH3+]Cc1cc(C(=O)c2ncc(/C=C/c3ccc(CO)c(Cl)c3)cn2)c[nH]1,Druglike,Druglike_1088,1
748,Druglike_1777-1_out,-9.113,CC1=CN(CCOC(=O)C#Cc2cc(O)cc(CO)c2)CC1,Druglike,Druglike_1777,1
749,Druglike_383-1_out,-9.113,O=C(NCCCC#Cc1cc2c(cc1O)OCN2)[C@H](CF)CCl,Druglike,Druglike_383,1
750,HighDiv_221-1_out,-9.112,CNOCC#CCCc1cc(C(=O)N=O)cc([O-])c1Br,HighDiv,HighDiv_221,1
751,HighDiv_1178-1_out,-9.112,Nc1cc(O)cc(C#C[C@H](F)c2noc(=O)[n-]2)c1,HighDiv,HighDiv_1178,1
752,HighDiv_1417-1_out,-9.112,[NH3+]Cc1cscc1C#Cc1cc(NCC(=O)NO)ccc1O,HighDiv,HighDiv_1417,1
753,HighDiv_744-1_out,-9.111,O=C1NCCN1c1cc(O)cc(/C=C/c2cnsn2)c1,HighDiv,HighDiv_744,1
754,Druglike_1566-1_out,-9.109,O=C(C/C=C/c1[nH]cc(C(=O)[O-])c1C(=O)[O-])Cc1n[nH]c(=O)o1,Druglike,Druglike_1566,1
755,Druglike_160-2_out,-9.108,CC/C=C/c1cnc(-c2n[nH]c(CO)c2C(N)=O)cc1Br,Druglike,Druglike_160,2
756,Druglike_1265-1_out,-9.108,CCCc1c[nH]c(/C=C/c2cc(C[NH3+])c3ccc(=O)oc3c2)[nH+]1,Druglike,Druglike_1265,1
757,Druglike_1226-1_out,-9.107,C#CCc1nc(CO)c(-c2cc(C)c(=O)[nH]n2)o1,Druglike,Druglike_1226,1
758,HighDiv_2099-2_out,-9.107,C=Cc1cc(C/C=C\c2cnn[nH]2)cc(F)c1ON,HighDiv,HighDiv_2099,2
759,HighDiv_2119-1_out,-9.106,O=C(NC[C@H](O)c1ccc(F)c(C(=O)[O-])c1)c1ccoc1,HighDiv,HighDiv_2119,1
760,Druglike_1392-1_out,-9.105,CCCC#CCc1cc(CC(=O)[O-])cc(NC(N)=O)c1,Druglike,Druglike_1392,1
761,Druglike_1016-1_out,-9.105,C=C(Cc1ncn[nH]1)c1cccc([C@@H](O)C2=CCN=CN2)c1,Druglike,Druglike_1016,1
762,Druglike_1616-1_out,-9.104,NC(=O)Nc1cc(O)ccc1/C=C/Cc1n[nH]c(=O)o1,Druglike,Druglike_1616,1
763,Druglike_94-1_out,-9.104,Nc1nc([C@@H](/C=C/Cc2[nH+]cc([O-])cc2CCBr)C[NH3+])nc2[nH]ncc12,Druglike,Druglike_94,1
764,Druglike_246-1_out,-9.104,CC[C@@H](CCCl)c1cc(/C=C/c2cc(O)ccc2I)[nH]n1,Druglike,Druglike_246,1
765,Druglike_987-1_out,-9.102,O=C(C#CCNCc1cccc(O)c1)c1co[n-]c1=O,Druglike,Druglike_987,1
766,Druglike_1195-1_out,-9.102,C=Cc1c(O)cccc1NCCn1cnc2nc(C[NH2+]C)ncc21,Druglike,Druglike_1195,1
767,Druglike_1023-1_out,-9.101,O=C([O-])CNc1cnc(Cl)c(CNc2ccc(Cl)nc2)c1,Druglike,Druglike_1023,1
768,Druglike_1795-1_out,-9.099,[NH3+]Cc1cccc(CC(=O)Cc2ccc(-c3cc[nH]n3)c(I)c2)n1,Druglike,Druglike_1795,1
769,HighDiv_976-1_out,-9.099,O=C1NC(=O)C(CCF)=C1C/C=C/c1cccc(Cl)c1O,HighDiv,HighDiv_976,1
770,HighDiv_1469-1_out,-9.098,CCCC(=O)NC(=O)C#Cc1c[nH]cc(O)c1=O,HighDiv,HighDiv_1469,1
771,Druglike_2040-1_out,-9.098,OCc1cc(-c2ncn[nH]2)ccc1Oc1ccccc1,Druglike,Druglike_2040,1
772,HighDiv_217-1_out,-9.098,C=C(CCS)c1cc(-c2cc([O-])c(F)cc2N=O)c[nH]1,HighDiv,HighDiv_217,1
773,Druglike_699-1_out,-9.097,CC(=O)NCc1cc([C@@H](C#CCc2ccc[nH]2)CCO)ncn1,Druglike,Druglike_699,1
774,Druglike_111-1_out,-9.097,Oc1cc(CCc2cncnc2CBr)cc(-c2cn[nH]n2)c1,Druglike,Druglike_111,1
775,Druglike_683-1_out,-9.095,CCC/C=C/c1ccc(C(=O)c2nc(=O)[nH]c(=O)[n-]2)[nH]1,Druglike,Druglike_683,1
776,Druglike_1048-2_out,-9.095,Cc1nc(C(=O)c2cc[nH]c(=O)n2)ncc1/C=C/c1ccc(C(N)=O)c(Cl)c1,Druglike,Druglike_1048,2
777,Druglike_1244-1_out,-9.095,Nc1cccc(C(=O)OCc2nccc(O)c2C(=O)[O-])c1CO,Druglike,Druglike_1244,1
778,HighDiv_2313-1_out,-9.094,O=C(Cc1ccc2c(c1O)CC=C2CO)Cn1ccc(=O)[nH]1,HighDiv,HighDiv_2313,1
779,HighDiv_1211-1_out,-9.093,C=Cc1ccc(-c2c(C(=O)[O-])[nH]cc(O)c2=O)cc1,HighDiv,HighDiv_1211,1
780,HighDiv_640-1_out,-9.09,CNC(=O)NCCC#Cc1cc(O)cc(N2CCNC2=O)c1,HighDiv,HighDiv_640,1
781,HighDiv_582-1_out,-9.09,NCC1=CC(=O)C=C(c2ccc(C[NH3+])cc2)C1=O,HighDiv,HighDiv_582,1
782,HighDiv_362-1_out,-9.089,NOc1cc(C(=O)[O-])cc(CC[NH2+]CCc2ccccn2)c1Br,HighDiv,HighDiv_362,1
783,HighDiv_1943-1_out,-9.088,CNC(=O)c1nc(-c2cc(CCc3cnoc3)cc(F)c2ON)c[nH]1,HighDiv,HighDiv_1943,1
784,Druglike_1808-1_out,-9.088,C=CCc1nnc(-c2cc(=O)cc(C(=O)[O-])[nH]2)o1,Druglike,Druglike_1808,1
785,Druglike_36-1_out,-9.088,[NH3+]CCCC#Cc1ccc2c(c1)C=C(C(=O)[O-])C2,Druglike,Druglike_36,1
786,HighDiv_1879-1_out,-9.087,NC(=O)c1cc(C[NH3+])c(CCC#Cc2cc(O)ccc2N)[nH]1,HighDiv,HighDiv_1879,1
787,HighDiv_154-2_out,-9.087,O=Nc1cc(C(=O)[C@H]2CCC[NH2+]2)cc(CC(=O)[O-])c1Br,HighDiv,HighDiv_154,2
788,HighDiv_2047-1_out,-9.087,Cc1nc([C@@H](/C=C/c2cc(F)cc(F)c2O)NO)n[nH]1,HighDiv,HighDiv_2047,1
789,HighDiv_1936-2_out,-9.084,C/C=C\CCc1cc(F)c(ON)c(-c2cnc(C(=O)NC)[nH]2)c1,HighDiv,HighDiv_1936,2
790,Druglike_2006-2_out,-9.083,NC(=O)NCc1cccc(-c2cc(=O)cc(C[NH3+])[nH]2)c1,Druglike,Druglike_2006,2
791,HighDiv_159-1_out,-9.082,[NH3+][C@H](C#CCCc1cc(C(=O)N=O)cc([O-])c1Br)C(=O)[O-],HighDiv,HighDiv_159,1
792,Druglike_932-1_out,-9.081,CCCC#CC(=O)C1=CCC(c2cc(CO)c(CO)o2)=CO1,Druglike,Druglike_932,1
793,Druglike_676-1_out,-9.081,Oc1cc2c(cc1C#C[C@@H](O)CCc1cn[nH]n1)NCO2,Druglike,Druglike_676,1
794,Druglike_1478-1_out,-9.079,[NH3+][C@@H](/C=C/c1ccc(O)c(Cl)c1)C1=CC(CC(=O)[O-])=CC1,Druglike,Druglike_1478,1
795,Druglike_540-1_out,-9.078,O=C(Cc1n[nH]cc1Br)OCC#C[C@@H](CO)c1n[nH]c(=O)[nH]1,Druglike,Druglike_540,1
796,HighDiv_871-1_out,-9.078,C=Cc1cc([C@H](O)Cc2cc(C(=O)N=O)ccc2Br)c[nH]1,HighDiv,HighDiv_871,1
797,HighDiv_1360-1_out,-9.077,C[NH2+]Cc1ncccc1NC(=O)C#Cc1c[nH]cc(O)c1=O,HighDiv,HighDiv_1360,1
798,Druglike_1911-1_out,-9.076,CCCOCc1ccc(-c2cc(=O)cc(CN)[nH]2)cc1,Druglike,Druglike_1911,1
799,Druglike_104-1_out,-9.075,CCOc1cccc(-c2ccc(C(=O)c3noc(=O)[nH]3)[nH]2)c1COC,Druglike,Druglike_104,1
800,HighDiv_236-1_out,-9.075,CC[NH2+]CC#CCCc1cc(C(=O)N=O)cc([O-])c1Br,HighDiv,HighDiv_236,1
801,HighDiv_960-1_out,-9.074,C=C(CCCCC)c1noc(-c2cc(O)c(F)cc2O)n1,HighDiv,HighDiv_960,1
802,Druglike_1375-1_out,-9.074,NC(=O)Nc1cc(/C=C/CCOc2cc(N)cc(Cl)c2)cc(C[NH3+])c1,Druglike,Druglike_1375,1
803,HighDiv_112-2_out,-9.072,C[C@@H](C(=O)Oc1cc(C(=O)[O-])cc(ON)c1Br)c1cc[nH]n1,HighDiv,HighDiv_112,2
804,HighDiv_2003-1_out,-9.072,NOc1c(F)cc(CC(=O)/C=C/CC(=O)[O-])cc1-c1c[nH]cn1,HighDiv,HighDiv_2003,1
805,HighDiv_1533-1_out,-9.071,NC(=O)c1cc(CCc2nn(C(=O)[O-])cc2[N+](=O)[O-])on1,HighDiv,HighDiv_1533,1
806,Druglike_901-1_out,-9.07,CCNC(=O)CC#CCc1ccc2c(c1Cl)CNNC2,Druglike,Druglike_901,1
807,Druglike_598-1_out,-9.07,O=C([O-])Cc1ccc(-c2nc(C(=O)[O-])n[nH]2)cc1C(=O)[O-],Druglike,Druglike_598,1
808,HighDiv_294-1_out,-9.069,O=C1NCCN1c1cc(O)cc(C#CCC[N+](=O)[O-])c1,HighDiv,HighDiv_294,1
809,HighDiv_411-1_out,-9.069,CCOc1cc(O)cc(NC(=O)c2cc([S-])cc([S-])c2Br)c1,HighDiv,HighDiv_411,1
810,HighDiv_141-1_out,-9.066,O=C1C=C([C@@H](/C=C/c2ccc(CCl)c(Cl)c2O)CO)C(=O)N1,HighDiv,HighDiv_141,1
811,HighDiv_684-1_out,-9.064,NCC1=CC(=O)C=C(c2ccc(CO)cc2)C1=O,HighDiv,HighDiv_684,1
812,Druglike_1787-1_out,-9.064,CCc1nnc(-c2[nH]c(C(=O)[O-])cc(=O)c2CCl)o1,Druglike,Druglike_1787,1
813,Druglike_1474-1_out,-9.063,NC(=O)Nc1cc(F)cc(CCCC[C@H](O)c2nnco2)c1,Druglike,Druglike_1474,1
814,Druglike_41-1_out,-9.062,Nc1nc([C@@H](/C=C/Cc2nccc(F)c2CCBr)C[NH3+])nc2[nH]ncc12,Druglike,Druglike_41,1
815,HighDiv_71-1_out,-9.061,CC/C=C(\C)CCCC(=O)Oc1cc(C(=O)[O-])cc(ON)c1Br,HighDiv,HighDiv_71,1
816,HighDiv_1220-1_out,-9.061,O=C([O-])C[C@H](NCc1cc(F)cc([N+](=O)[O-])c1F)c1cnc(=O)[nH]c1,HighDiv,HighDiv_1220,1
817,Druglike_121-1_out,-9.061,C=Cc1ncncc1CCc1cc(O)cc(-c2cn[nH]n2)c1,Druglike,Druglike_121,1
818,Druglike_894-1_out,-9.059,C[C@H](C(=O)[O-])c1cc(/C=C/c2cc(O)ccc2I)[nH]n1,Druglike,Druglike_894,1
819,HighDiv_175-1_out,-9.055,O=NC(=O)c1cc([O-])c(Br)c(CCC#CCNCCl)c1,HighDiv,HighDiv_175,1
820,Druglike_507-1_out,-9.054,NC(=O)N[C@@H](Cl)CCCC#Cc1cc2c(cc1O)OCN2,Druglike,Druglike_507,1
821,HighDiv_85-1_out,-9.054,O=[N+]([O-])c1c(CO)ncn1CC#Cc1cccc(O)c1,HighDiv,HighDiv_85,1
822,HighDiv_1265-1_out,-9.054,O=C([O-])[C@H](C#Cc1ccc(O)c(Cl)c1)n1cc([N+](=O)[O-])cn1,HighDiv,HighDiv_1265,1
823,HighDiv_354-1_out,-9.054,O=NC(=O)c1cc(CO)c(Br)c(C[C@@H](Cl)c2ccc[nH]2)c1,HighDiv,HighDiv_354,1
824,Druglike_1488-1_out,-9.054,OC/C=C(/c1cn[nH]n1)c1ccc(-c2cc(Cl)ccc2O)o1,Druglike,Druglike_1488,1
825,Druglike_102-1_out,-9.052,C/C=C(\C)CCCCc1cc(O)cc(-c2cn[nH]n2)c1,Druglike,Druglike_102,1
826,HighDiv_722-1_out,-9.051,CCC#C/C(C=S)=C\CCCc1cc(O)cc(C(=O)[O-])c1,HighDiv,HighDiv_722,1
827,HighDiv_321-1_out,-9.051,[NH3+]Cc1c(F)ccc(C2=CC(=O)C=C(C(=O)[O-])C2=O)c1Cl,HighDiv,HighDiv_321,1
828,Druglike_877-1_out,-9.051,O=C(c1cc(F)ccc1[O-])[C@@H]([O-])C#Cc1cnon1,Druglike,Druglike_877,1
829,Druglike_1004-1_out,-9.05,O=C(CCc1ccc2c(c1Cl)CNNC2)c1nonc1CF,Druglike,Druglike_1004,1
830,Druglike_1442-1_out,-9.047,NC(=O)Nc1cc(/C=C/C[NH2+]C[C@H]2C=CCC2)cc(C[NH3+])c1,Druglike,Druglike_1442,1
831,HighDiv_1595-1_out,-9.047,O=C([O-])c1cccc(-c2cc([N+](=O)[O-])ccc2[S-])c1,HighDiv,HighDiv_1595,1
832,HighDiv_1227-1_out,-9.047,C[C@@H](NC(=O)C#Cc1cncc(O)c1O)c1n[nH]c(=S)[nH]1,HighDiv,HighDiv_1227,1
833,HighDiv_510-1_out,-9.047,CC(=O)CCCC#CCc1cc(C(=O)[O-])cc(ON)c1Br,HighDiv,HighDiv_510,1
834,HighDiv_1982-2_out,-9.046,NOc1c(F)cc(Nc2ncccn2)cc1-c1cnc[nH]1,HighDiv,HighDiv_1982,2
835,HighDiv_1327-1_out,-9.045,C=Cc1[nH+]cc([O-])cc1C#C[C@@H](C[NH3+])N1CNc2cccnc21,HighDiv,HighDiv_1327,1
836,HighDiv_160-1_out,-9.044,NOc1cc(C(=O)[O-])cc(OCCOc2ccccc2)c1Br,HighDiv,HighDiv_160,1
837,HighDiv_197-1_out,-9.044,CCOCc1ccc(/C=C/[C@@H](CO)C2=CC(=O)NC2=O)c(O)c1Cl,HighDiv,HighDiv_197,1
838,HighDiv_142-1_out,-9.044,CC/C=C/C=C/c1ccc(I)c(-c2n[nH]c(CC(=O)[O-])n2)n1,HighDiv,HighDiv_142,1
839,HighDiv_831-1_out,-9.043,O=NC(=O)c1cc([O-])c(Br)c(CC#CCCOC(=O)CO)c1,HighDiv,HighDiv_831,1
840,Druglike_1751-1_out,-9.043,O=C([O-])c1[nH]c(-c2ccc(Br)cc2)cc(=O)c1CO,Druglike,Druglike_1751,1
841,Druglike_1045-1_out,-9.041,CCC/C=C/[C@@H](F)Cc1ccc(C(=O)c2noc(=O)[nH]2)[nH]1,Druglike,Druglike_1045,1
842,HighDiv_438-1_out,-9.04,C[C@H](CC#Cc1cc(C(=O)N=O)c([O-])cc1Br)CCO,HighDiv,HighDiv_438,1
843,HighDiv_61-1_out,-9.04,[NH3+][C@H](C#CCCc1cc(C(=O)N=O)cc([O-])c1Br)CCF,HighDiv,HighDiv_61,1
844,HighDiv_67-1_out,-9.039,CC[C@H]([NH3+])C#CCCc1cc(C(=O)N=O)cc([O-])c1Br,HighDiv,HighDiv_67,1
845,Druglike_1931-2_out,-9.039,C=CCc1ccc(-c2cc(=O)cc(C[NH3+])[nH]2)cc1,Druglike,Druglike_1931,2
846,HighDiv_1787-1_out,-9.038,N[C@H](Cc1cc(OCC(=O)[O-])ccn1)C(=O)/C=C/C1=CCON1,HighDiv,HighDiv_1787,1
847,HighDiv_1934-1_out,-9.037,CNC(=O)c1nc(-c2cc(CCn3nccc3O)cc(F)c2ON)c[nH]1,HighDiv,HighDiv_1934,1
848,HighDiv_713-1_out,-9.037,OCc1ncc(/C=C/c2nccc3c2C[NH2+]C3)cc1C=S,HighDiv,HighDiv_713,1
849,Druglike_1731-1_out,-9.034,NC(=O)N[C@H]1C=CN(CCOC(=O)C#Cc2cc(O)cc(C(=O)[O-])c2)C1,Druglike,Druglike_1731,1
850,Druglike_1978-1_out,-9.033,Cc1c(O)cccc1C#CC(=O)O[C@H]1CN=C(CO)C1,Druglike,Druglike_1978,1
851,HighDiv_1426-1_out,-9.033,C#CCc1cc(-c2c[nH+]cc([O-])c2C[NH3+])ccc1F,HighDiv,HighDiv_1426,1
852,HighDiv_2108-2_out,-9.033,NOc1c(F)cc(CCS(=O)(=O)CC(=O)[O-])cc1-c1cnc[nH]1,HighDiv,HighDiv_2108,2
853,Druglike_1565-1_out,-9.032,O=C([O-])C#Cc1cccc(-c2coc(C(=O)[O-])c2)c1,Druglike,Druglike_1565,1
854,Druglike_620-1_out,-9.032,C#C[C@H](C[NH2+]CCc1cc2c(cc1O)OCN2)c1cnon1,Druglike,Druglike_620,1
855,Druglike_601-1_out,-9.031,CCNC(=O)CC#CCc1ccc2c(c1O)CNNC2,Druglike,Druglike_601,1
856,HighDiv_1902-1_out,-9.031,CCCc1cccc([S@](=O)c2cc(O)c(I)cc2O)c1,HighDiv,HighDiv_1902,1
857,Druglike_1078-1_out,-9.031,CCC/C=C/c1nc(CO)c(-c2cc(C)c(=O)[nH]n2)o1,Druglike,Druglike_1078,1
858,Druglike_83-1_out,-9.031,O=C(CNC/C=C/c1cc(F)ccc1F)Cc1cc(CCO)no1,Druglike,Druglike_83,1
859,Druglike_1753-1_out,-9.03,C=CCc1c(CO)[nH]c(-c2cccc(CC(=O)[O-])c2)cc1=O,Druglike,Druglike_1753,1
860,Druglike_341-1_out,-9.03,C/C=C/c1ccc(-c2nc(C(=O)[O-])n[nH]2)cc1C(=O)[O-],Druglike,Druglike_341,1
861,HighDiv_315-1_out,-9.029,CCCc1cc(-c2cc([O-])c(F)cc2N=O)c[nH]1,HighDiv,HighDiv_315,1
862,HighDiv_1297-1_out,-9.029,CCOCCCNC(=O)C#Cc1c(C(=O)[O-])[nH]cc(O)c1=O,HighDiv,HighDiv_1297,1
863,Druglike_1258-1_out,-9.027,[NH3+]Cc1nnc(/C=C\CC(=O)c2ccc(O)c3c2C=CC3)[n-]1,Druglike,Druglike_1258,1
864,Druglike_953-1_out,-9.027,NC(=O)n1nccc1CCc1ccc2c(c1Cl)CNNC2,Druglike,Druglike_953,1
865,Druglike_554-1_out,-9.026,O=C([O-])CC[C@@H](C#Cc1cc2c(cc1O)OCN2)CO,Druglike,Druglike_554,1
866,HighDiv_33-2_out,-9.026,N[C@H](C#CCCc1cc(C(=O)N=O)cc([O-])c1Br)CO,HighDiv,HighDiv_33,2
867,HighDiv_235-1_out,-9.025,Nc1ccc(/C=C/[C@@H](CO)C2=CC(=O)NC2=O)c(O)c1Cl,HighDiv,HighDiv_235,1
868,HighDiv_89-1_out,-9.024,CC(C)=[NH+]C/C=C/c1ccc(I)c(-c2n[nH]c(CC(=O)[O-])n2)n1,HighDiv,HighDiv_89,1
869,Druglike_174-1_out,-9.024,OCc1ccc(CCc2cccc([C@@](O)(CO)CF)c2)cc1Cl,Druglike,Druglike_174,1
870,HighDiv_2207-1_out,-9.024,C#Cc1ccc([C@@H](N)/C=C/C2=NCNC=C2)c2[nH]cnc12,HighDiv,HighDiv_2207,1
871,Druglike_1364-1_out,-9.023,O=C([O-])Cc1cc(-c2cc(CBr)c(=O)[nH]n2)c(CO)o1,Druglike,Druglike_1364,1
872,HighDiv_97-1_out,-9.022,NOc1cc(C(=O)[O-])cc(C(=O)OC2CCCC2)c1Br,HighDiv,HighDiv_97,1
873,Druglike_1937-1_out,-9.021,CC(=O)CCOC(=O)C#Cc1cc(O)cc(-c2noc(=O)[nH]2)c1,Druglike,Druglike_1937,1
874,Druglike_1738-1_out,-9.021,COC(=O)c1cc(O)cc(C#CC(=O)O[C@H]2CN=C(CO)C2)c1,Druglike,Druglike_1738,1
875,HighDiv_835-1_out,-9.019,Oc1cc(C#Cc2cnns2)cc(N[C@@H]2C=CCCC2)c1,HighDiv,HighDiv_835,1
876,Druglike_787-1_out,-9.018,O=C([O-])[C@@H](c1cn2cnnc2cn1)c1ccnc(=O)[nH]1,Druglike,Druglike_787,1
877,Druglike_364-1_out,-9.017,Oc1cc2c(cc1C#C[C@@H](Br)CCc1cn[nH]n1)NCO2,Druglike,Druglike_364,1
878,HighDiv_80-1_out,-9.017,CC(=O)NCCCC#Cc1cc(C(=O)[O-])cc(ON)c1Br,HighDiv,HighDiv_80,1
879,HighDiv_295-1_out,-9.017,NOc1cc(C(=O)[O-])cc(OC(=O)/C=C/CCC(=O)[O-])c1Br,HighDiv,HighDiv_295,1
880,HighDiv_7-1_out,-9.015,C[C@@](O)(C#CCCc1cc(C(=O)N=O)cc([O-])c1Br)CO,HighDiv,HighDiv_7,1
881,HighDiv_1308-1_out,-9.014,C=Cc1ccc(-c2c[nH]cc(O)c2=O)c(F)c1,HighDiv,HighDiv_1308,1
882,Druglike_282-1_out,-9.014,OCc1cc(O)cc(CCOCc2cccc(O)c2)c1,Druglike,Druglike_282,1
883,Druglike_1851-1_out,-9.014,NC(=O)NC(=O)c1cc(O)cc(C#CC(=O)OCC(=O)[O-])c1,Druglike,Druglike_1851,1
884,HighDiv_368-1_out,-9.013,C[NH2+]CC#CCCc1cc(C(=O)N=O)cc([O-])c1Br,HighDiv,HighDiv_368,1
885,HighDiv_1070-1_out,-9.013,O=C([O-])c1cc(O)cc(CCC/C=C\c2c[nH]c(=S)[nH]2)c1,HighDiv,HighDiv_1070,1
886,HighDiv_504-1_out,-9.012,Cc1cc(CO)ccc1C1=CC(=O)C=C(CN)C1=O,HighDiv,HighDiv_504,1
887,Druglike_849-1_out,-9.012,NC(=O)C1=C(/C=C/c2cc(F)ccc2F)[C@H](CO)NC1=O,Druglike,Druglike_849,1
888,HighDiv_226-1_out,-9.011,O=C1NCCN1c1cc(O)c(CO)c(C#CCCCF)c1,HighDiv,HighDiv_226,1
889,HighDiv_38-1_out,-9.008,NC(=O)c1cc(-c2cc([O-])c(F)cc2N=O)c[nH]1,HighDiv,HighDiv_38,1
890,Druglike_435-1_out,-9.007,[NH3+][C@@H](CN1CCCN1)c1cc(/C=C/c2cc(O)ccc2I)[nH]n1,Druglike,Druglike_435,1
891,HighDiv_617-1_out,-9.006,NCC1=CC(=O)C=C(c2ccc(I)c(C[NH3+])c2)C1=O,HighDiv,HighDiv_617,1
892,Druglike_1827-1_out,-9.005,NCc1[nH]c(C(=O)[O-])cc1C(=O)CCCCc1noc(=O)[n-]1,Druglike,Druglike_1827,1
893,HighDiv_1968-1_out,-9.005,NOc1c(F)cc(CCS(=O)(=O)[CH-][N+](=O)[O-])cc1-c1c[nH]c(CC(=O)[O-])n1,HighDiv,HighDiv_1968,1
894,Druglike_297-1_out,-9.003,CC(=O)/C=C/C(=O)Nc1cc(O)cc(-c2c[nH]nn2)c1,Druglike,Druglike_297,1
895,Druglike_888-1_out,-9.001,NC(=O)c1cc(-c2ccccn2)cc(=O)[nH]1,Druglike,Druglike_888,1
896,HighDiv_614-1_out,-9.001,C=CC(=O)c1cc(CCC(=O)NO)c(Br)c(N=O)c1,HighDiv,HighDiv_614,1
897,HighDiv_387-1_out,-9.0,OCc1c(O)ccc(O)c1OCc1ccc2c(c1)SNC2,HighDiv,HighDiv_387,1
898,HighDiv_37-2_out,-9.0,NOc1cc(C(=O)[O-])cc(C[C@@H]([NH3+])c2ccncn2)c1Br,HighDiv,HighDiv_37,2
899,HighDiv_699-1_out,-8.999,C[NH2+]CCC#Cc1cc(N2CCNC2=O)cc(O)c1F,HighDiv,HighDiv_699,1
900,HighDiv_1274-1_out,-8.999,NCC#Cc1cc(O)n(C/C=C/[C@@H](O)c2ccc(Cl)cn2)n1,HighDiv,HighDiv_1274,1
901,HighDiv_10-1_out,-8.998,N[C@@]1(C#CCCc2cc(C(=O)N=O)cc([O-])c2Br)CCN=CS1,HighDiv,HighDiv_10,1
902,Druglike_1546-1_out,-8.998,O=C([O-])C/C(=C\CCCC1CCCC1)c1cn[nH]n1,Druglike,Druglike_1546,1
903,HighDiv_1214-1_out,-8.997,NC/C=C/c1ccc(-c2c[nH]cc(O)c2=O)cc1,HighDiv,HighDiv_1214,1
904,Druglike_1438-1_out,-8.997,C=C(Cc1n[nH]c(=O)o1)c1ccc([C@@H](C)C(=O)[O-])nc1,Druglike,Druglike_1438,1
905,Druglike_986-1_out,-8.995,COC(=O)c1conc1CCc1ccc2c(c1Cl)CNNC2,Druglike,Druglike_986,1
906,Druglike_1276-1_out,-8.993,[NH3+][C@@H](CBr)c1ccc2c(c1)/C(=C/c1nnn[n-]1)C=C2,Druglike,Druglike_1276,1
907,Druglike_359-1_out,-8.99,CC(=O)C#Cc1ccc(NC(=O)[C@H](O)C2=CCCO2)cc1Cl,Druglike,Druglike_359,1
908,Druglike_1833-1_out,-8.989,C=CCc1c(CO)[nH]c(-c2ccc(CC)cc2)cc1=O,Druglike,Druglike_1833,1
909,Druglike_1772-1_out,-8.988,C/C(=C\C1CCCC1)CC(=O)c1cc(C(=O)[O-])[nH]c1C[NH3+],Druglike,Druglike_1772,1
910,HighDiv_1685-1_out,-8.987,COc1cc([S@](=O)c2cc(O)c(I)cc2O)cc2c1NC(=O)CS2,HighDiv,HighDiv_1685,1
911,HighDiv_1348-1_out,-8.986,C=Cc1ccc(-c2c[nH]cc(O)c2=O)cc1C=C,HighDiv,HighDiv_1348,1
912,HighDiv_299-1_out,-8.986,CCC[NH2+]CC#CCCc1cc(C(=O)N=O)cc([O-])c1Br,HighDiv,HighDiv_299,1
913,HighDiv_83-1_out,-8.986,CCOC/C=C\CCCC#Cc1cc(C(=O)[O-])cc(ON)c1Br,HighDiv,HighDiv_83,1
914,HighDiv_2199-2_out,-8.986,C=CNC(=O)N([O-])c1ccc(C[C@@H](C)c2nncs2)cc1F,HighDiv,HighDiv_2199,2
915,Druglike_149-1_out,-8.985,C[C@@H](O)C(=O)C1=CCC(/C=C/c2ccccc2F)=C(CO)O1,Druglike,Druglike_149,1
916,HighDiv_1944-1_out,-8.985,C=CCCc1cc(F)c(ON)c(-c2c[nH]c(C(=O)NC)n2)c1,HighDiv,HighDiv_1944,1
917,HighDiv_396-1_out,-8.985,NCC1=CC(=O)C=C(c2ccc(C[NH3+])cc2CCl)C1=O,HighDiv,HighDiv_396,1
918,Druglike_198-1_out,-8.984,C=C(Cc1cc(O)cc(-c2cn[nH]n2)c1)C1=CCCCC1,Druglike,Druglike_198,1
919,HighDiv_787-2_out,-8.984,C=Cc1cc([O-])c(I)c(-c2n[nH]c(CC(=O)[O-])n2)n1,HighDiv,HighDiv_787,2
920,HighDiv_1400-1_out,-8.984,C#CCc1cc(-c2c[nH+]cc([O-])c2)ccc1C(=O)CO,HighDiv,HighDiv_1400,1
921,Druglike_1143-1_out,-8.984,[NH3+]CCc1conc1/C=C1\C=Cc2cc(CO)ccc21,Druglike,Druglike_1143,1
922,Druglike_365-1_out,-8.983,O=C([O-])c1c[nH]c(Cc2ccc(CO)cc2C(=O)[O-])c1,Druglike,Druglike_365,1
923,HighDiv_546-1_out,-8.982,[NH2+]=C(CCCO)Cc1cnc(C2=C(CCl)C(=O)C=CC2=O)cc1Br,HighDiv,HighDiv_546,1
924,Druglike_778-1_out,-8.982,CC[NH2+][C@H](C(=O)[O-])c1cc(/C=C/c2cc(O)ccc2I)[nH]n1,Druglike,Druglike_778,1
925,Druglike_959-1_out,-8.98,C=C[C@@H](CBr)c1[nH+]c(CCC2=CCC(C[NH3+])=CO2)ccc1[O-],Druglike,Druglike_959,1
926,HighDiv_331-1_out,-8.979,C=C[C@@H](CCl)ONCc1c[nH]c(=O)c2[nH]c(C(=O)[O-])cc12,HighDiv,HighDiv_331,1
927,Druglike_1311-1_out,-8.979,NC(=O)c1ncn(CC/C=C/C2CCCC2)c1C(=O)[O-],Druglike,Druglike_1311,1
928,Druglike_1074-1_out,-8.978,Cc1cc(-c2oc(/C=C/CCCl)nc2CO)n[nH]c1=O,Druglike,Druglike_1074,1
929,HighDiv_1310-1_out,-8.976,COCc1c([O-])c[nH+]cc1C#Cc1cc([O-])c(Cl)cc1Cl,HighDiv,HighDiv_1310,1
930,HighDiv_5-1_out,-8.976,NCCC(=O)C1=CC(=O)C(CCl)=C(c2nccc(Br)c2[O-])C1=O,HighDiv,HighDiv_5,1
931,HighDiv_1501-1_out,-8.976,C=C(CC#Cc1cc(NCC[NH3+])ccc1O)[C@H]1C=COCC1,HighDiv,HighDiv_1501,1
932,HighDiv_169-1_out,-8.974,COCc1nn(-c2cc(C(=O)[O-])cc(ON)c2Br)cc1Cl,HighDiv,HighDiv_169,1
933,HighDiv_328-1_out,-8.973,OCc1cc(I)c(O)cc1/C=C/c1cncc(-c2cc(CCl)co2)c1,HighDiv,HighDiv_328,1
934,HighDiv_288-1_out,-8.973,NOc1cc(C(=O)[O-])cc(OC(=O)CC[C@@H]2COCN2)c1Br,HighDiv,HighDiv_288,1
935,HighDiv_1953-1_out,-8.971,C=C/C=C\c1cc(F)c(ON)c(-c2c[nH]c(C(=O)[O-])n2)c1,HighDiv,HighDiv_1953,1
936,Druglike_1467-1_out,-8.969,C/C(=C\C1=C(c2nnn[n-]2)C(=O)OC1)c1cccc(C)c1O,Druglike,Druglike_1467,1
937,HighDiv_2092-1_out,-8.968,NC(=O)Nc1ccc(O)c(-c2n[nH]c(=S)[nH]2)c1Br,HighDiv,HighDiv_2092,1
938,HighDiv_99-2_out,-8.968,O=Nc1cc(C(=O)[C@H]2CCC[NH2+]2)cc([S-])c1Br,HighDiv,HighDiv_99,2
939,Druglike_166-1_out,-8.967,[NH3+]Cc1ncc(CCc2cc(O)cc(-c3cn[nH]n3)c2)cn1,Druglike,Druglike_166,1
940,HighDiv_209-1_out,-8.967,NCC1=CC(=O)C=C(c2ccc(C=S)c(C[NH3+])c2)C1=O,HighDiv,HighDiv_209,1
941,Druglike_688-1_out,-8.965,CC/C=C/C(=O)c1n[nH]c(COc2ccnc(Cl)c2CCO)n1,Druglike,Druglike_688,1
942,HighDiv_190-1_out,-8.964,O=NC(=O)c1cc(CO)c(Br)c(CONC(=O)c2ccncn2)c1,HighDiv,HighDiv_190,1
943,Druglike_1893-1_out,-8.964,CCc1nnc(-c2cc(=O)cc(C(=O)[O-])[nH]2)o1,Druglike,Druglike_1893,1
944,Druglike_1954-1_out,-8.964,C=CCc1c[nH]c(-c2ccc(OCN)c(CC(=O)[O-])c2)cc1=O,Druglike,Druglike_1954,1
945,Druglike_1715-1_out,-8.962,C/C=C/[C@@H](CO)c1ccc(CC(=O)NCc2cn[nH]n2)nc1,Druglike,Druglike_1715,1
946,HighDiv_113-1_out,-8.962,[NH3+]C[C@H](O)C#CCCc1cc(C(=O)N=O)cc([O-])c1Br,HighDiv,HighDiv_113,1
947,HighDiv_339-1_out,-8.959,C=CC[NH2+]CNCc1cc(C(=O)[C@H]2C=CNO2)cc(N=O)c1Br,HighDiv,HighDiv_339,1
948,Druglike_1883-1_out,-8.958,C=C(C)c1cc(C[C@H](O)c2cc(=O)[nH]c(CO)n2)on1,Druglike,Druglike_1883,1
949,HighDiv_1604-1_out,-8.957,O=C([O-])c1ccc(CO)c([S-])c1-c1ccc(Cc2cnccn2)cc1,HighDiv,HighDiv_1604,1
950,Druglike_284-1_out,-8.957,[NH3+]CCC#Cc1ccc2c(c1)C=C(C(=O)[O-])C2,Druglike,Druglike_284,1
951,Druglike_1689-2_out,-8.956,N[C@@H](/C=C/c1ccc(O)c(Cl)c1)C1=CC(CBr)=CC1,Druglike,Druglike_1689,2
952,HighDiv_252-1_out,-8.956,C=CCc1cc(-c2cc([O-])c(F)cc2N=O)c[nH]1,HighDiv,HighDiv_252,1
953,Druglike_482-1_out,-8.956,CCCC1=CC(=O)N[C@@H]1/C=C/c1cnc(CO)c(Br)c1,Druglike,Druglike_482,1
954,Druglike_821-1_out,-8.955,CCCc1cc(O)cc(/C=C/c2noc(=O)[n-]2)c1,Druglike,Druglike_821,1
955,Druglike_1580-1_out,-8.955,[NH3+]CCc1nonc1C(=O)[C@H]([O-])c1cc2ccccc2[nH]1,Druglike,Druglike_1580,1
956,Druglike_617-1_out,-8.954,[NH3+]CC[C@@H](O)c1nc(/C=C(\C(=O)[O-])c2cc(F)ccc2F)no1,Druglike,Druglike_617,1
957,Druglike_635-1_out,-8.954,Oc1ccc(I)c(/C=C/c2cc([C@]3(CCCl)CN3)n[nH]2)c1,Druglike,Druglike_635,1
958,Druglike_1372-1_out,-8.954,O=C([O-])CCc1c([C@H](Cl)Cn2ccc(C(=O)[O-])c2C#CCO)o[n-]c1=O,Druglike,Druglike_1372,1
959,HighDiv_1712-1_out,-8.953,C=C1Cc2c(O)cc(CC(=O)OCC/C=C/CC(=O)CO)cc2[N-]1,HighDiv,HighDiv_1712,1
960,HighDiv_122-1_out,-8.952,NN[C@@H](C[NH2+]CCc1cc(N)n[nH]1)c1cc(C(=O)CCl)cc(N=O)c1Br,HighDiv,HighDiv_122,1
961,HighDiv_1981-2_out,-8.952,C#Cc1ccc([C@@H](N)/C=C/c2csc(Cl)c2)c2[nH]cnc12,HighDiv,HighDiv_1981,2
962,Druglike_483-1_out,-8.951,C=C1C[C@@H](Cc2nc(=O)[nH]cc2C(=O)[O-])OC1=O,Druglike,Druglike_483,1
963,Druglike_360-1_out,-8.951,O=C([O-])CCC/C=C\CCCc1cc(O)cc(-c2cn[nH]n2)c1,Druglike,Druglike_360,1
964,HighDiv_556-1_out,-8.95,COCC(=O)c1cc([O-])c(Br)c(OCc2cnc(=O)[nH]c2)c1,HighDiv,HighDiv_556,1
965,HighDiv_924-1_out,-8.949,O=C([O-])C/C=C/c1noc(-c2cc(O)c(F)cc2O)n1,HighDiv,HighDiv_924,1
966,Druglike_902-1_out,-8.948,NC(=O)c1ncc(C(=O)C#Cc2cnc(CC(F)F)[nH]2)o1,Druglike,Druglike_902,1
967,HighDiv_1802-1_out,-8.948,COc1cccc(C[C@@H](S)c2cc(F)c([O-])c([N+](=O)[O-])c2)c1Cl,HighDiv,HighDiv_1802,1
968,Druglike_2053-1_out,-8.944,C=CC(=O)Nc1cc([O-])c2c(c1)C(=O)NC2=O,Druglike,Druglike_2053,1
969,HighDiv_129-1_out,-8.944,C=C(C(C)=O)C(=O)NOCc1cc(C(=O)N=O)cc(CO)c1Br,HighDiv,HighDiv_129,1
970,Druglike_1760-2_out,-8.943,[NH3+]Cc1cc(=O)c(CF)c(-c2ccccc2)[nH]1,Druglike,Druglike_1760,2
971,Druglike_672-1_out,-8.943,O=C([O-])[C@@H](CCl)c1cc(/C=C/c2cc(O)ccc2I)[nH]n1,Druglike,Druglike_672,1
972,HighDiv_1205-1_out,-8.943,O=C(C#Cc1c(CO)[nH]cc(O)c1=O)NC1SCCCS1,HighDiv,HighDiv_1205,1
973,HighDiv_1972-1_out,-8.942,C=C(/C=C/CC)c1nc(-c2cccc(F)c2ON)c[nH]1,HighDiv,HighDiv_1972,1
974,Druglike_352-1_out,-8.941,CC[C@@H](O)C/C=C/CCc1ccc(C(=O)c2noc(=O)[nH]2)[nH]1,Druglike,Druglike_352,1
975,Druglike_1233-1_out,-8.941,[NH3+]CCCCCc1cc(/C=C2\C=Cc3cc(CO)ccc32)no1,Druglike,Druglike_1233,1
976,Druglike_19-1_out,-8.941,[NH3+]CCOC(=O)C1=C[C@H](C(=O)[O-])C=C(CCCc2c[nH+]c(I)c([O-])c2)O1,Druglike,Druglike_19,1
977,HighDiv_1335-1_out,-8.94,[NH2+]=CCc1ccc(C#C[C@@H](C(=O)[O-])n2cc([N+](=O)[O-])cn2)cc1,HighDiv,HighDiv_1335,1
978,HighDiv_616-1_out,-8.94,O=C(/C=C/c1n[nH]c([C@H]([S-])/C=C/c2nc(CCl)n[nH]2)n1)NO,HighDiv,HighDiv_616,1
979,HighDiv_2019-1_out,-8.939,C=CC(=O)Cc1cc(F)c(ON)c(-c2c[nH]c(CNC(C)=O)n2)c1,HighDiv,HighDiv_2019,1
980,HighDiv_27-1_out,-8.938,O=NC(=O)c1cc([O-])c(Br)c(CCC#C[C@]2(NCCO)CCN=CS2)c1,HighDiv,HighDiv_27,1
981,HighDiv_138-1_out,-8.937,C[C@H]([NH3+])C#CCCc1cc(C(=O)N=O)cc([O-])c1Br,HighDiv,HighDiv_138,1
982,HighDiv_1633-1_out,-8.936,C=C/C(C)=C/Cc1ccc([S@](=O)c2cc(O)c(I)cc2O)cc1,HighDiv,HighDiv_1633,1
983,HighDiv_63-1_out,-8.935,O=NC(=O)c1cc(CO)c(Br)c(C[C@@H](Cl)C2=CN=CCN2)c1,HighDiv,HighDiv_63,1
984,HighDiv_1266-1_out,-8.934,CCCCNC(=O)C#Cc1c(C(=O)[O-])[nH]cc(O)c1=O,HighDiv,HighDiv_1266,1
985,Druglike_1100-1_out,-8.933,[NH3+]Cc1cc(-c2cnc(/C=C/c3ccc(I)c(O)c3)o2)n[nH]c1=O,Druglike,Druglike_1100,1
986,HighDiv_107-1_out,-8.932,CCC1=C(c2cccc(C[NH3+])c2)C(=O)C(CN)=CC1=O,HighDiv,HighDiv_107,1
987,HighDiv_70-1_out,-8.93,COc1cnc(C2=C(CCl)C(=O)C=C(CN)C2=O)c([O-])c1Br,HighDiv,HighDiv_70,1
988,HighDiv_42-1_out,-8.929,O=Nc1cc(F)c([O-])cc1-c1c[nH]c(C(=O)[O-])c1,HighDiv,HighDiv_42,1
989,Druglike_1649-1_out,-8.928,CCC[C@@H](CCc1[nH]cc(C(=O)[O-])c1C(=O)[O-])C1=CCCC1,Druglike,Druglike_1649,1
990,HighDiv_2012-1_out,-8.927,O=C([O-])/C=C\C=C\CNOCCc1cnc2ccccc2c1Br,HighDiv,HighDiv_2012,1
991,HighDiv_150-1_out,-8.926,NOc1cc(C(=O)[O-])cc(C#CCCC[SH](=O)=O)c1Br,HighDiv,HighDiv_150,1
992,Druglike_1237-1_out,-8.925,C/C=C(\CC)CCc1nc(CO)c(-c2ccc(=O)[nH]n2)o1,Druglike,Druglike_1237,1
993,Druglike_549-1_out,-8.924,CC[C@H](F)Cc1nc(C#CC(=O)c2cnc(C(N)=O)o2)c[nH]1,Druglike,Druglike_549,1
994,HighDiv_101-1_out,-8.924,NOc1cc(C(=O)[O-])cc(OC/C=C/[C@H]2C[NH+]=CN2)c1Br,HighDiv,HighDiv_101,1
995,HighDiv_384-1_out,-8.921,C#Cc1c(O)cc(N2CCNC2=O)cc1C#CCCNO,HighDiv,HighDiv_384,1
996,Druglike_1885-1_out,-8.921,NC(=O)c1ccc(O)cc1C#CC(=O)O[C@H]1CN=C(CO)C1,Druglike,Druglike_1885,1
997,Druglike_272-2_out,-8.921,NC[C@](Cl)(CCl)CCCC#Cc1cc2c(cc1O)OCN2,Druglike,Druglike_272,2
998,HighDiv_117-1_out,-8.921,C=Cc1c(O)cc(N2CCNC2=O)cc1C#CCCCF,HighDiv,HighDiv_117,1
999,HighDiv_1889-1_out,-8.919,C=CNCc1cccc([S@](=O)c2cc(O)c(I)cc2O)c1,HighDiv,HighDiv_1889,1
1000,HighDiv_1463-1_out,-8.919,CCCC(=O)NCc1ccc(-c2c[nH+]cc([O-])c2CS)cc1,HighDiv,HighDiv_1463,1
1001,Druglike_640-1_out,-8.919,C=C(c1ccc(C(=O)c2nnn(C(C)=O)n2)[nH]1)[C@H](F)CCCO,Druglike,Druglike_640,1
1002,HighDiv_466-1_out,-8.918,[NH3+]C/C(=C/c1c[nH]c(=S)[nH]1)CCCc1cc(O)cc(C(=O)[O-])c1,HighDiv,HighDiv_466,1
1003,Druglike_1771-1_out,-8.917,CN(C(=O)Cc1cc(C[NH3+])cc(C(=O)[O-])c1)[C@@H]1C=CCC1,Druglike,Druglike_1771,1
1004,HighDiv_1637-1_out,-8.915,COc1ccc(O)c(C[C@@H](S)c2cc(F)c([O-])c([N+](=O)[O-])c2)c1Cl,HighDiv,HighDiv_1637,1
1005,Druglike_1333-1_out,-8.915,NC(=O)C1=CCC=C(CCCOc2cc(Cl)cc(Cl)c2)N1,Druglike,Druglike_1333,1
1006,Druglike_1230-1_out,-8.913,CCc1nc(CO)c(-c2cc(CC)c(=O)[nH]n2)o1,Druglike,Druglike_1230,1
1007,Druglike_881-1_out,-8.912,C=C(Cc1cc(O)cc(-c2cn[nH]n2)c1)C1=CCNCN1,Druglike,Druglike_881,1
1008,Druglike_1549-1_out,-8.912,O=C([O-])c1ccc(C#CCCn2ccnn2)c(Br)c1,Druglike,Druglike_1549,1
1009,Druglike_1740-1_out,-8.912,O=C(C#Cc1cc(O)cc([C@H](O)CCl)c1)OCCN1C=CCC1,Druglike,Druglike_1740,1
1010,Druglike_270-1_out,-8.91,CC1=CC(=O)N[C@@H]1/C=C/c1cnc(C(=O)[O-])c(Br)c1,Druglike,Druglike_270,1
1011,Druglike_940-1_out,-8.909,C[C@@H](C#CCc1cc(C[NH3+])ncn1)c1ccccc1O,Druglike,Druglike_940,1
1012,HighDiv_2106-2_out,-8.909,O=C(C#Cc1c(I)ncc([O-])c1CCl)OCc1ccc[nH]1,HighDiv,HighDiv_2106,2
1013,HighDiv_1444-3_out,-8.909,N[C@H]([NH3+])NC(=O)c1cccc(-c2ccc(Br)c(O)c2O)c1,HighDiv,HighDiv_1444,3
1014,Druglike_1134-1_out,-8.908,OCc1ccc2c(c1)C=C/C2=C\c1nocc1C[C@@H](O)CCl,Druglike,Druglike_1134,1
1015,HighDiv_1183-1_out,-8.908,Cc1cc(I)c(S)cc1C(=O)NCC#Cc1noc(=O)[nH]1,HighDiv,HighDiv_1183,1
1016,Druglike_828-1_out,-8.906,C/C([O-])=C/C(=O)/C=C/C(=O)c1n[nH]c(-c2ccc(C[NH3+])o2)n1,Druglike,Druglike_828,1
1017,HighDiv_1717-1_out,-8.905,O=Nc1cc(/C=C(/C=C/[N+](=O)[O-])C(=O)[O-])ccc1C(=O)[O-],HighDiv,HighDiv_1717,1
1018,HighDiv_1285-1_out,-8.905,O=[N+]([O-])c1ccc(-c2c[nH+]cc([O-])c2)cc1[O-],HighDiv,HighDiv_1285,1
1019,Druglike_752-2_out,-8.905,Oc1cc2c(cc1CCNC[C@@H](Cl)c1cnon1)NCO2,Druglike,Druglike_752,2
1020,Druglike_11-1_out,-8.904,NCC1=CO[C@H](/C=C/CCC(=O)n2nnc3c(=O)[nH]cnc32)CO1,Druglike,Druglike_11,1
1021,HighDiv_1798-1_out,-8.904,Cc1c(O)cc(-c2nnco2)cc1CCCCS(=O)(=O)[O-],HighDiv,HighDiv_1798,1
1022,HighDiv_2-2_out,-8.902,O=NC(=O)c1ccc(Br)c(C[C@@H](Cl)c2nn(C[S-])c(=S)[nH]2)c1,HighDiv,HighDiv_2,2
1023,HighDiv_797-1_out,-8.901,OCc1ncc(/C=C/c2ncn[nH]2)cc1-c1cc[nH]c1,HighDiv,HighDiv_797,1
1024,HighDiv_195-1_out,-8.898,C=C(C[NH3+])C(=O)c1cc([O-])c(Br)c(C[C@@H](Cl)n2cncn2)c1,HighDiv,HighDiv_195,1
1025,HighDiv_511-1_out,-8.898,CC(=O)OCCCCCc1cc(O)cc(N2CCNC2=O)c1,HighDiv,HighDiv_511,1
1026,Druglike_1152-1_out,-8.898,C=Cc1nc(CO)c(-c2cc(CC)c(=O)[nH]n2)o1,Druglike,Druglike_1152,1
1027,Druglike_1214-1_out,-8.898,CCc1nc(CO)c(-c2cc(CCF)c(=O)[nH]n2)o1,Druglike,Druglike_1214,1
1028,HighDiv_1692-1_out,-8.896,C=CCc1ccc([S@](=O)c2cc(O)c(I)cc2O)cc1,HighDiv,HighDiv_1692,1
1029,Druglike_1908-1_out,-8.896,[NH3+]C/C=C/c1ccc(-c2cc(O)cc(C(=O)[O-])c2)[nH]1,Druglike,Druglike_1908,1
1030,HighDiv_771-1_out,-8.896,O=Nc1cc(C(=O)[C@H]2CCCCN2)cc([O-])c1Br,HighDiv,HighDiv_771,1
1031,HighDiv_177-1_out,-8.894,O=C1C=C([C@@H](/C=C/c2ccc(CO)c(Cl)c2O)CO)C(=O)N1,HighDiv,HighDiv_177,1
1032,HighDiv_1609-1_out,-8.893,O=C([O-])c1cc(-c2cc([N+](=O)[O-])ccc2[S-])ccc1[N+](=O)[O-],HighDiv,HighDiv_1609,1
1033,HighDiv_660-1_out,-8.892,[NH2+]=C(CCC[NH3+])Cc1cnc(C2=C(CCl)C(=O)C=CC2=O)cc1Br,HighDiv,HighDiv_660,1
1034,Druglike_1650-1_out,-8.891,C/C(=C\c1ccc(O)c(C(=O)[O-])c1)C[C@H]1C=CCO1,Druglike,Druglike_1650,1
1035,HighDiv_1384-1_out,-8.89,C#CCc1cc(-c2c[nH+]cc([O-])c2)ccc1/C=C\CO,HighDiv,HighDiv_1384,1
1036,HighDiv_781-1_out,-8.889,NC(=S)Nc1cc(O)c([S-])c(OCC2=CCC=C2)c1,HighDiv,HighDiv_781,1
1037,HighDiv_364-1_out,-8.889,C=Cc1cc(-c2cc([O-])c(F)cc2N=O)c[nH]1,HighDiv,HighDiv_364,1
1038,Druglike_8-1_out,-8.888,O=C([O-])c1c[nH]c(=O)nc1[C@@H](O)/C=C/c1nc(Cl)c[nH]1,Druglike,Druglike_8,1
1039,Druglike_897-1_out,-8.888,N[C@@H](Cl)CCCC#Cc1cc2c(cc1O)OCN2,Druglike,Druglike_897,1
1040,Druglike_1820-1_out,-8.887,C[C@@H](Cc1ncon1)OC(=O)C#Cc1cccc(O)c1C(=O)[O-],Druglike,Druglike_1820,1
1041,HighDiv_1938-2_out,-8.887,CCCCCc1cc(F)c(ON)c(-c2cnc(C(=O)NC)[nH]2)c1,HighDiv,HighDiv_1938,2
1042,Druglike_259-1_out,-8.886,O=C([O-])C1=Cc2cc(C#CCCO)ccc2C1,Druglike,Druglike_259,1
1043,HighDiv_456-1_out,-8.886,O=NCCCc1cc(-c2cc([O-])c(F)cc2N=O)c[nH]1,HighDiv,HighDiv_456,1
1044,HighDiv_1732-1_out,-8.884,O=C([O-])C(=C\c1ccc(C(=O)[O-])c(F)c1)/C=C/[N+](=O)[O-],HighDiv,HighDiv_1732,1
1045,Druglike_2020-1_out,-8.882,CCCCc1c[nH]c(=O)c2[nH]c(C(=O)CN3C=CCC3)cc12,Druglike,Druglike_2020,1
1046,HighDiv_1054-1_out,-8.881,C=C(CCCCF)c1noc(-c2cc(O)c(F)cc2O)n1,HighDiv,HighDiv_1054,1
1047,HighDiv_1699-1_out,-8.88,CCCC1=CCC=C(C[C@H](O)C#Cc2cc(O)c(CO)cc2N)O1,HighDiv,HighDiv_1699,1
1048,HighDiv_522-1_out,-8.879,N/C=C\c1ccc(/C(=C/CO)c2cc(=O)c2=O)cc1,HighDiv,HighDiv_522,1
1049,Druglike_1273-1_out,-8.878,O=C([O-])C1=CCC=C(CCCOc2cc(Cl)cc(Cl)c2)N1,Druglike,Druglike_1273,1
1050,Druglike_1906-1_out,-8.877,C=CCc1ccc(-c2cc(=O)cc[nH]2)cc1CO,Druglike,Druglike_1906,1
1051,Druglike_1728-1_out,-8.877,O=C(C#Cc1cc(O)cc(CO)c1)O[C@H]1CN=C(CO)C1,Druglike,Druglike_1728,1
1052,HighDiv_1181-1_out,-8.877,O=Nc1cc(C(=O)c2cn[nH]c2)cc([O-])c1Br,HighDiv,HighDiv_1181,1
1053,HighDiv_1302-1_out,-8.876,C=CC(=O)c1cc(O)c([O-])c(-c2ccno2)c1,HighDiv,HighDiv_1302,1
1054,Druglike_218-1_out,-8.876,O=c1cc[nH]c([C@H](C#Cc2cc(F)ccc2F)CCO)c1,Druglike,Druglike_218,1
1055,HighDiv_352-1_out,-8.875,Nc1cc(C(=O)N=O)cc([C@@H](S)C/C=C/CC2=CCCC2)c1Br,HighDiv,HighDiv_352,1
1056,HighDiv_943-1_out,-8.875,CC(C)=CCSCCOCc1cc(O)cc(N2CCNC2=O)c1,HighDiv,HighDiv_943,1
1057,HighDiv_751-1_out,-8.874,CC(=O)CC(=O)c1cc(CC[C@H](N)C[NH3+])c(Br)c(N=O)c1,HighDiv,HighDiv_751,1
1058,HighDiv_200-1_out,-8.874,C=CC(=C)C(=O)c1cc(N=O)c(Br)c(NC(N)=O)c1,HighDiv,HighDiv_200,1
1059,HighDiv_1568-1_out,-8.873,C=Cc1ccoc1C(=O)C#C[C@@H](O)c1ccccc1O,HighDiv,HighDiv_1568,1
1060,HighDiv_1545-1_out,-8.871,NC1=CCc2ccc([C@H](S)c3ccoc(=O)c3)cc21,HighDiv,HighDiv_1545,1
1061,Druglike_1041-1_out,-8.871,CCN(C)C(=O)C/C=C\Cc1cc(CO)c2c(c1)NCO2,Druglike,Druglike_1041,1
1062,Druglike_375-1_out,-8.87,COC(=O)C/C=C/CCc1cc(O)cc(-c2cn[nH]n2)c1,Druglike,Druglike_375,1
1063,HighDiv_1343-1_out,-8.869,C#CCc1n[nH]c(N)c1C#C[C@@H](O)c1ccccc1O,HighDiv,HighDiv_1343,1
1064,HighDiv_372-1_out,-8.867,NCC1=CC(=O)C(CN)=C(c2ccc(I)c(C[NH3+])c2)C1=O,HighDiv,HighDiv_372,1
1065,Druglike_1856-1_out,-8.867,O=C(C#Cc1cc(O)ccc1Br)O[C@H]1CN=C(CO)C1,Druglike,Druglike_1856,1
1066,HighDiv_1458-1_out,-8.867,[NH3+]Cc1ccc(CC(=O)OCc2cnns2)c2[nH]ccc12,HighDiv,HighDiv_1458,1
1067,Druglike_376-1_out,-8.866,C[NH2+]Cc1ncc(CCc2cc(O)cc(-c3cn[nH]n3)c2)cn1,Druglike,Druglike_376,1
1068,Druglike_1789-1_out,-8.866,COCc1cc(=O)cc(-c2ccc(C(=O)[O-])c(CO)c2)[nH]1,Druglike,Druglike_1789,1
1069,HighDiv_1001-1_out,-8.865,NC/C(=C\c1csc(N)n1)C(=O)c1cc(N=O)c(Br)cc1[O-],HighDiv,HighDiv_1001,1
1070,Druglike_1952-1_out,-8.865,O=C(CCl)c1cc2c(CC/C=C/CCO)c[nH]c(=O)c2[nH]1,Druglike,Druglike_1952,1
1071,Druglike_186-1_out,-8.865,C/C=C\CCC[NH2+]CCCc1cc(O)cc(-c2cn[nH]n2)c1,Druglike,Druglike_186,1
1072,HighDiv_151-1_out,-8.864,O=NC(=O)c1cc(CO)c(Br)c(CONC(=O)c2ncccn2)c1,HighDiv,HighDiv_151,1
1073,HighDiv_675-1_out,-8.862,C=C(CO)C(=O)CCCc1cncc(C2=NN=CNC2)c1,HighDiv,HighDiv_675,1
1074,Druglike_1243-1_out,-8.862,NCOc1ccc(C(=O)OCc2ncccc2C(=O)[O-])cc1N,Druglike,Druglike_1243,1
1075,HighDiv_2291-1_out,-8.862,CCC[C@H](O)C#Cc1c[nH]c(C(=O)N2C(=O)COC2=O)c1,HighDiv,HighDiv_2291,1
1076,Druglike_1766-1_out,-8.861,O=C(C#Cc1cc(O)cc(CO)c1)OCCN1C=CCC1,Druglike,Druglike_1766,1
1077,HighDiv_1005-1_out,-8.861,N[C@H]1C=Nc2ccc(Nc3cc(F)cc(O)c3Br)cc21,HighDiv,HighDiv_1005,1
1078,Druglike_1414-1_out,-8.86,NC(=O)Nc1ccc(CC[NH2+]Cc2cnoc2)c(CC(=O)[O-])c1,Druglike,Druglike_1414,1
1079,HighDiv_648-1_out,-8.86,CC#C/C=C/CCOCc1cc(NC(N)=S)cc(O)c1[S-],HighDiv,HighDiv_648,1
1080,HighDiv_594-1_out,-8.86,O=C(/C=C\c1nnc([S-])o1)Cc1oc(C(=O)[O-])nc1CO,HighDiv,HighDiv_594,1
1081,HighDiv_1462-1_out,-8.86,C#C[C@@H](CCO)NC(=O)C#Cc1c[nH]cc(O)c1=O,HighDiv,HighDiv_1462,1
1082,HighDiv_1959-2_out,-8.859,O=[N+]([O-])c1cnc(I)c(/C=C/c2nc(COCc3cnon3)n[nH]2)c1[S-],HighDiv,HighDiv_1959,2
1083,Druglike_847-2_out,-8.858,C=Cc1cc([C@H](C(=O)[O-])c2cc(CC(C)=O)[nH]c(=O)n2)n[nH]1,Druglike,Druglike_847,2
1084,HighDiv_775-1_out,-8.857,C=C(CCSCc1cc(O)cc(N2CCNC2=O)c1)C(=O)[O-],HighDiv,HighDiv_775,1
1085,HighDiv_1564-1_out,-8.857,C[NH2+]CC1(NC(=O)C#Cc2c[nH]cc(O)c2=O)CCCCC1,HighDiv,HighDiv_1564,1
1086,Druglike_1857-1_out,-8.857,O=c1[nH]nc([C@@H](/C=C/c2cccc(F)c2F)CO)[nH]1,Druglike,Druglike_1857,1
1087,Druglike_447-1_out,-8.854,Oc1cc(C/C=C/C[NH2+]Cc2ncc[nH]2)cc2c1NCO2,Druglike,Druglike_447,1
1088,HighDiv_717-1_out,-8.854,C=CC[NH2+]CNCc1cc(C(=O)[C@@H]2CNCO2)cc(N=O)c1Br,HighDiv,HighDiv_717,1
1089,HighDiv_1371-1_out,-8.853,C=Cc1[nH+]cc([O-])cc1C#C[C@@H](C[NH3+])C1=CC=CC1,HighDiv,HighDiv_1371,1
1090,Druglike_767-1_out,-8.853,O=C([O-])/C=C/[C@H](CO)C(=O)Nc1ccc2[nH+]c[cH-]c2c1,Druglike,Druglike_767,1
1091,Druglike_2076-1_out,-8.852,O=C([O-])c1cc(CC#CC[C@H](NCCl)c2ncn[nH]2)c[nH]1,Druglike,Druglike_2076,1
1092,Druglike_1970-1_out,-8.851,O=C([O-])c1cc2c(C#CCCCCl)c[nH]c(=O)c2[nH]1,Druglike,Druglike_1970,1
1093,HighDiv_189-1_out,-8.851,CCC#Cc1cc(N2CCNC2=O)cc(O)c1Br,HighDiv,HighDiv_189,1
1094,HighDiv_620-1_out,-8.851,CC#CCCC#CCc1cc(C(=O)[O-])cc(ON)c1Br,HighDiv,HighDiv_620,1
1095,Druglike_508-1_out,-8.849,Oc1cc2c(cc1CC[NH2+]C[C@@H](Br)c1cn[nH]n1)NCO2,Druglike,Druglike_508,1
1096,Druglike_1110-1_out,-8.849,O=c1[nH]nc(/C(=C\CO)C[C@@H](F)c2cccc(I)c2)o1,Druglike,Druglike_1110,1
1097,Druglike_22-1_out,-8.848,O=C([O-])c1c[nH]c(=O)nc1[C@@H](O)/C=C/c1cc(=O)[n-]o1,Druglike,Druglike_22,1
1098,HighDiv_1383-1_out,-8.847,C=C[C@@H](CCC(C)=O)NC(=O)C#Cc1c[nH]cc(O)c1=O,HighDiv,HighDiv_1383,1
1099,Druglike_420-1_out,-8.847,Nc1ccc(-n2cnc(/C=C/CC(=O)[O-])n2)c(F)c1,Druglike,Druglike_420,1
1100,HighDiv_1574-1_out,-8.846,CCc1ccoc1C(=O)C#C[C@@H](O)c1ccccc1O,HighDiv,HighDiv_1574,1
1101,HighDiv_260-1_out,-8.846,NCC1=CC(=O)C=C(c2ccc(CON)c(Br)c2)C1=O,HighDiv,HighDiv_260,1
1102,Druglike_1377-1_out,-8.846,CCCCCc1nonc1[C@H](Cl)Cn1ccc(C(=O)[O-])c1C#CCO,Druglike,Druglike_1377,1
1103,HighDiv_1714-1_out,-8.845,O=C([O-])c1c(CO)ccc(Cl)c1CCc1cc(O)c(O)c(F)c1,HighDiv,HighDiv_1714,1
1104,HighDiv_307-1_out,-8.845,NOc1cc(C(=O)[O-])cc(C2=CNN(CCl)C2)c1Br,HighDiv,HighDiv_307,1
1105,Druglike_2048-1_out,-8.843,C[NH2+]Cc1cc(O)cc(C#CC(=O)O[C@H]2CN=C(CO)C2)c1,Druglike,Druglike_2048,1
1106,HighDiv_1752-1_out,-8.843,O=[S@@](c1ccc(O)c(CF)c1)c1cc(O)c(I)cc1O,HighDiv,HighDiv_1752,1
1107,HighDiv_1140-1_out,-8.843,C#C[C@H](/C=C/C(N)=O)c1cc2cc(S[S-])c(O)cc2[nH]1,HighDiv,HighDiv_1140,1
1108,HighDiv_1282-1_out,-8.841,COC/C=C/c1ccc(-c2c[nH]cc(O)c2=O)cc1,HighDiv,HighDiv_1282,1
1109,Druglike_328-1_out,-8.841,Oc1cc(CCc2cncnc2)cc(-c2cn[nH]n2)c1,Druglike,Druglike_328,1
1110,Druglike_749-2_out,-8.841,C[NH2+]Cc1ccc(-c2n[nH]c(C(=O)[O-])n2)cc1C(=O)[O-],Druglike,Druglike_749,2
1111,HighDiv_17-1_out,-8.84,CC[C@H](C#Cc1cc(C(=O)[O-])cc(ON)c1Br)N=O,HighDiv,HighDiv_17,1
1112,Druglike_64-1_out,-8.84,O=C([O-])c1cnc(=O)[nH]c1CCCc1ccccc1,Druglike,Druglike_64,1
1113,HighDiv_57-1_out,-8.84,O=C1NCCN1c1cc(O)c(Br)c(C#CCCCO)c1,HighDiv,HighDiv_57,1
1114,Druglike_2026-1_out,-8.839,Cc1cc(O)cc(C#CC(=O)O[C@H]2CN=C(CO)C2)c1,Druglike,Druglike_2026,1
1115,HighDiv_2187-1_out,-8.839,C=Cc1c(O)cnc(I)c1C#CC(=O)OCc1ccc[nH]1,HighDiv,HighDiv_2187,1
1116,Druglike_2036-1_out,-8.838,COCc1cc(O)cc(C#CC(=O)O[C@H]2CN=C(CO)C2)c1,Druglike,Druglike_2036,1
1117,Druglike_999-1_out,-8.838,COc1cc(N)cc(OCC2=COC[C@@H](C#CC(=O)[O-])O2)c1,Druglike,Druglike_999,1
1118,HighDiv_1668-1_out,-8.836,CC(=O)Oc1cc(/C=C(/C=C(\CN)[N+](=O)[O-])C(=O)[O-])ccc1C(=O)[O-],HighDiv,HighDiv_1668,1
1119,HighDiv_1527-1_out,-8.835,NC(=S)OC(=O)c1ccc([O-])c(-c2cc(N)cc(Cl)c2)c1,HighDiv,HighDiv_1527,1
1120,Druglike_938-1_out,-8.834,C=C(CCc1ccc(C(=O)c2noc(=O)[nH]2)[nH]1)[C@H](C)O,Druglike,Druglike_938,1
1121,Druglike_1176-1_out,-8.833,NCOc1ccc(C(=O)OCc2nccc(O)c2C(=O)[O-])cc1N,Druglike,Druglike_1176,1
1122,HighDiv_136-1_out,-8.833,NOc1cc(C(=O)[O-])cc(C[C@H]2C=CCCO2)c1Br,HighDiv,HighDiv_136,1
1123,HighDiv_186-1_out,-8.831,[NH3+]CC/C(=C/CCCc1cc(O)cc(C(=O)[O-])c1)c1c[nH]c(=S)[nH]1,HighDiv,HighDiv_186,1
1124,Druglike_463-1_out,-8.83,[NH3+]CC(=O)N[C@H](CO)CCC#Cc1cc2c(cc1O)OCN2,Druglike,Druglike_463,1
1125,HighDiv_1643-1_out,-8.83,CCC(=O)OCCc1ccc(-c2c(C(=O)[O-])ccc(CO)c2[S-])cc1,HighDiv,HighDiv_1643,1
1126,HighDiv_139-1_out,-8.83,[NH3+]CC#CCCc1cc(C(=O)N=O)cc([O-])c1Br,HighDiv,HighDiv_139,1
1127,HighDiv_1870-2_out,-8.83,N[NH2+]Cc1ccc([C@H](O)c2ccccc2Cl)cc1,HighDiv,HighDiv_1870,2
1128,HighDiv_163-1_out,-8.83,NOc1cc(C(=O)[O-])cc(OC(=O)CCN2CC=CN2)c1Br,HighDiv,HighDiv_163,1
1129,HighDiv_285-1_out,-8.829,C[NH2+]CNCc1cc(C(=O)[C@H]2CCON2)cc(N=O)c1Br,HighDiv,HighDiv_285,1
1130,Druglike_1171-1_out,-8.829,CC(C)=CCCc1nc(CO)c(-c2ccc(=O)[nH]n2)o1,Druglike,Druglike_1171,1
1131,Druglike_1810-1_out,-8.828,Cc1ccc(-c2cc(=O)cc(CN)[nH]2)cc1,Druglike,Druglike_1810,1
1132,HighDiv_1473-1_out,-8.828,O=C1[N-]S(=O)(=O)c2ccc([C@H](S)c3ccoc(=O)c3)cc21,HighDiv,HighDiv_1473,1
1133,HighDiv_2103-1_out,-8.826,NC(=O)Nc1ccc(O)c(-c2csc(N)n2)c1Br,HighDiv,HighDiv_2103,1
1134,HighDiv_1491-1_out,-8.826,CC/C=C/CNC(=O)C#Cc1c[nH]cc(O)c1=O,HighDiv,HighDiv_1491,1
1135,Druglike_12-1_out,-8.825,Nc1nc([C@@H](/C=C/Cc2[nH+]cccc2[O-])CO)nc2[nH]ncc12,Druglike,Druglike_12,1
1136,Druglike_1380-1_out,-8.824,CCCCc1nonc1[C@H](Cl)Cn1ccc(C(=O)[O-])c1C#CCO,Druglike,Druglike_1380,1
1137,Druglike_1463-1_out,-8.823,NC(=O)Nc1cc(O)ccc1/C=C/Cc1ncn[nH]1,Druglike,Druglike_1463,1
1138,Druglike_1896-1_out,-8.823,CN(C(=O)Cc1cc(C(=O)[O-])ccc1C(=O)[O-])C1C=CC=C1,Druglike,Druglike_1896,1
1139,HighDiv_425-1_out,-8.822,C[NH2+]C/C=C/CC[NH2+]CCc1cc(C(=O)CCl)cc(N=O)c1Br,HighDiv,HighDiv_425,1
1140,Druglike_745-1_out,-8.822,CC(=O)OC/C=C(\CO)CCc1ccc2c(c1Cl)CNNC2,Druglike,Druglike_745,1
1141,HighDiv_1301-1_out,-8.822,[NH3+]C/C=C/c1ccc(-c2cccc(C(=O)C(=O)[O-])c2)cc1[S-],HighDiv,HighDiv_1301,1
1142,HighDiv_408-1_out,-8.821,O=c1[nH]nc([C@@H](C#Cc2ccc(F)c(O)c2)CO)[nH]1,HighDiv,HighDiv_408,1
1143,Druglike_1160-1_out,-8.821,O=C([O-])c1nc(CCl)oc1-c1ccc(=O)[nH]n1,Druglike,Druglike_1160,1
1144,Druglike_1907-1_out,-8.82,O=C([O-])c1ccc2c(c1O)C(=O)NC2=O,Druglike,Druglike_1907,1
1145,HighDiv_9-1_out,-8.819,C[N@@H+](CC#CCCc1cc(C(=O)N=O)cc([O-])c1Br)CCS,HighDiv,HighDiv_9,1
1146,Druglike_1293-1_out,-8.819,CCc1ccc(C/C=C(/CF)C2=CC[C@@H](CO)O2)c(O)c1,Druglike,Druglike_1293,1
1147,HighDiv_1210-1_out,-8.816,C=C(CC(N)=O)c1ccc(-c2c(CBr)[nH]cc(O)c2=O)cc1,HighDiv,HighDiv_1210,1
1148,HighDiv_1027-1_out,-8.816,C/C=C/CCc1cc(N=O)cc2c(=O)[n-][nH]c12,HighDiv,HighDiv_1027,1
1149,Druglike_28-1_out,-8.815,O=C([O-])c1c[nH]c(=O)nc1[C@@H](O)/C=C/C1=NN=CCN1,Druglike,Druglike_28,1
1150,HighDiv_110-1_out,-8.812,CC[C@@H]([NH3+])C#CCCc1cc(C(=O)N=O)cc([O-])c1Br,HighDiv,HighDiv_110,1
1151,HighDiv_983-1_out,-8.812,C/C=C/Cc1cc(-c2cc(O)c(F)cc2CO)co1,HighDiv,HighDiv_983,1
1152,HighDiv_336-1_out,-8.812,C=C[C@H](O)c1nc(C(=O)[O-])oc1CC(=O)/C=C\c1nnc([S-])o1,HighDiv,HighDiv_336,1
1153,Druglike_667-1_out,-8.811,[NH3+]C[C@H](C#Cc1cc2c(cc1O)OCN2)CCc1cn[nH]n1,Druglike,Druglike_667,1
1154,HighDiv_1451-1_out,-8.811,C[C@@H](Cc1nn(C(=O)[O-])cc1[N+](=O)[O-])c1cc(=O)[n-]o1,HighDiv,HighDiv_1451,1
1155,Druglike_550-1_out,-8.809,O=C(Cc1cc(CF)on1)OCC#C[C@@H](CO)c1n[nH]c(=O)[nH]1,Druglike,Druglike_550,1
1156,HighDiv_1622-1_out,-8.808,[NH3+]CCOc1cccc(C[C@@H](S)c2cc(F)c([O-])c([N+](=O)[O-])c2)c1Cl,HighDiv,HighDiv_1622,1
1157,Druglike_1832-1_out,-8.807,CC(=O)c1cc(O)cc(C#CC(=O)O[C@@H](CO)C(=O)[O-])c1,Druglike,Druglike_1832,1
1158,HighDiv_1385-1_out,-8.807,C[NH2+]CCc1cccc(C#C[C@@H](C(=O)[O-])n2cc([N+](=O)[O-])cn2)c1,HighDiv,HighDiv_1385,1
1159,HighDiv_1036-1_out,-8.807,CC(=O)CC(=O)c1cc(CCC[NH2+]CCN)c(Br)c(N=O)c1,HighDiv,HighDiv_1036,1
1160,HighDiv_281-1_out,-8.807,C=CC(C=C)[NH2+]CNCc1cc(C(N)=O)cc(N=O)c1Br,HighDiv,HighDiv_281,1
1161,Druglike_827-1_out,-8.806,CN(CCF)C(=O)C/C=C\Cc1cc(CO)c2c(c1)NCO2,Druglike,Druglike_827,1
1162,HighDiv_1080-1_out,-8.806,N[C@@H]([NH3+])Nc1cnc(C2=C(CCl)C(=O)C=CC2=O)cc1Br,HighDiv,HighDiv_1080,1
1163,HighDiv_1626-1_out,-8.806,CC(=O)C1=CCC=C(C[C@H](O)C#Cc2cc(O)c(CO)cc2N)O1,HighDiv,HighDiv_1626,1
1164,HighDiv_475-1_out,-8.805,C[C@H](O)CC[NH2+]CCc1cc(C(=O)CCl)cc(N=O)c1Br,HighDiv,HighDiv_475,1
1165,Druglike_1659-1_out,-8.805,Nc1cc2cc[nH]c2nc1C#C[C@H](NCCl)C(=O)[O-],Druglike,Druglike_1659,1
1166,Druglike_729-1_out,-8.805,Oc1cc2c(cc1CC[NH2+]C[C@@H](Br)c1ccon1)NCO2,Druglike,Druglike_729,1
1167,HighDiv_172-1_out,-8.804,O=NC(=O)c1cc(CO)c(Br)c(CONC(=O)[C@H]2CSCN2)c1,HighDiv,HighDiv_172,1
1168,Druglike_1436-1_out,-8.804,NC(=O)Nc1cc(COC(=O)Cc2nc[nH]n2)cc([C@H](Br)C(=O)[O-])c1,Druglike,Druglike_1436,1
1169,Druglike_962-1_out,-8.803,OCC1=CC(CCCl)=C[C@@H](/C=C/c2cncc(Br)c2)N1,Druglike,Druglike_962,1
1170,Druglike_704-1_out,-8.803,O=C(C#Cc1ccccc1)C1=CCC(CO)=CN1,Druglike,Druglike_704,1
1171,Druglike_1221-1_out,-8.802,C=Cc1nc(CO)c(-c2cc(C)c(=O)[nH]n2)o1,Druglike,Druglike_1221,1
1172,Druglike_790-1_out,-8.801,O=C([O-])CCCc1ccc(C(=O)c2ccc(/C=C/CCl)[nH]2)o1,Druglike,Druglike_790,1
1173,HighDiv_1954-2_out,-8.8,CC[C@H](Cl)c1n[nH]c(/C=C/c2c(I)ncc([N+](=O)[O-])c2[S-])n1,HighDiv,HighDiv_1954,2
1174,HighDiv_201-2_out,-8.8,[NH3+]Cc1ccc(/C=C/[C@@H](CO)C2=CC(=O)NC2=O)c([O-])c1Cl,HighDiv,HighDiv_201,2
1175,HighDiv_232-2_out,-8.8,[NH3+]Cc1ccc(/C=C/[C@@H](CO)C2=CC(=O)NC2=O)c([O-])c1Cl,HighDiv,HighDiv_232,2
1176,Druglike_795-1_out,-8.799,Oc1cc2c(cc1C#CCCC[C@H](Cl)NCF)NCO2,Druglike,Druglike_795,1
1177,HighDiv_515-1_out,-8.799,CCC#Cc1cc(N2CCNC2=O)cc(O)c1CO,HighDiv,HighDiv_515,1
1178,Druglike_1369-1_out,-8.798,CCc1c([C@H](Cl)Cn2ccc(C(=O)[O-])c2C#CCO)o[n-]c1=O,Druglike,Druglike_1369,1
1179,HighDiv_96-1_out,-8.798,C=C/C(=C\C)C(=O)Oc1cc(C(=O)[O-])cc(ON)c1Br,HighDiv,HighDiv_96,1
1180,Druglike_1758-1_out,-8.797,C=Cc1cccc(-c2cc(=O)cc(CN)[nH]2)c1,Druglike,Druglike_1758,1
1181,Druglike_1947-1_out,-8.796,Cc1c(-c2nnc(CC[NH3+])o2)[nH]c(C(=O)[O-])cc1=O,Druglike,Druglike_1947,1
1182,HighDiv_1976-2_out,-8.795,C=CCOc1cc(F)c(ON)c(-c2cnc(CC#CC)[nH]2)c1,HighDiv,HighDiv_1976,2
1183,Druglike_233-1_out,-8.795,O=C(Cc1nocc1CBr)OCC#C[C@@H](CO)c1n[nH]c(=O)[nH]1,Druglike,Druglike_233,1
1184,HighDiv_1398-1_out,-8.794,CC/C=C/Cc1cc(-c2cc(NCC[NH2+]N)ccc2O)n[nH]1,HighDiv,HighDiv_1398,1
1185,HighDiv_50-2_out,-8.794,NOc1cc(C(=O)[O-])cc(C[C@@H](N)c2cnc([S-])s2)c1Br,HighDiv,HighDiv_50,2
1186,HighDiv_1435-1_out,-8.794,COCC(=O)c1ccc(O)c(-c2cc(N)c(C(N)=S)c(Cl)c2)c1,HighDiv,HighDiv_1435,1
1187,HighDiv_2282-1_out,-8.793,C#CCN1CON=C1[C@H]([NH3+])Cc1ccc(ON)c(F)c1,HighDiv,HighDiv_2282,1
1188,Druglike_1042-2_out,-8.792,CCC/[NH+]=C(\C)CCCc1cc(O)cc(-c2cn[nH]n2)c1,Druglike,Druglike_1042,2
1189,Druglike_1748-1_out,-8.791,CN(C(=O)Cc1cc(C(=O)[O-])ccc1C(N)=O)[C@@H]1C=CCC1,Druglike,Druglike_1748,1
1190,Druglike_1125-1_out,-8.791,O=C(c1cc[nH]c1)c1ncc(/C=C/c2ccc(I)c(Cl)c2)c(CO)n1,Druglike,Druglike_1125,1
1191,Druglike_1123-1_out,-8.791,O=c1[nH]nc(/C(=C\CO)CCc2cccc(I)c2)o1,Druglike,Druglike_1123,1
1192,HighDiv_1950-2_out,-8.79,CCc1cc(F)c(ON)c(-c2cnc(C(=O)NC)[nH]2)c1,HighDiv,HighDiv_1950,2
1193,HighDiv_1710-1_out,-8.79,COc1cc(/C=C(/C=C/[N+](=O)[O-])C(=O)[O-])ccc1C(=O)[O-],HighDiv,HighDiv_1710,1
1194,Druglike_1909-1_out,-8.788,O=C([O-])c1cc2c(C#CCCI)c[nH]c(=O)c2[nH]1,Druglike,Druglike_1909,1
1195,Druglike_1855-1_out,-8.788,O=C(CO)c1ccc(-c2[nH]ccc(=O)c2CO)cc1,Druglike,Druglike_1855,1
1196,Druglike_1926-1_out,-8.787,CCc1cc(=O)cc(-c2nnc(CCCO)o2)[nH]1,Druglike,Druglike_1926,1
1197,Druglike_1732-1_out,-8.787,N[C@@H]([NH3+])Nc1c(O)cccc1C#CC(=O)O[C@H]1CN=C(CO)C1,Druglike,Druglike_1732,1
1198,Druglike_250-1_out,-8.786,O=C(CO)c1nc(C#CCCC2CC[NH2+]CC2)cnc1Cl,Druglike,Druglike_250,1
1199,HighDiv_875-1_out,-8.785,C=CC[C@@H](C#Cc1cc(O)cc(CC(C)=O)c1)C[NH3+],HighDiv,HighDiv_875,1
1200,HighDiv_1520-1_out,-8.785,O=C([O-])n1cc([N+](=O)[O-])c(CCc2csc(=O)[nH]2)n1,HighDiv,HighDiv_1520,1
1201,Druglike_682-1_out,-8.785,CCNC(=O)c1cc(C#CC(=O)CCl)cc(=O)[nH]1,Druglike,Druglike_682,1
1202,HighDiv_20-2_out,-8.785,NOc1cc(C(=O)[O-])cc(C[C@@H]([NH3+])c2nnc([S-])s2)c1Br,HighDiv,HighDiv_20,2
1203,HighDiv_710-1_out,-8.785,C[NH2+]CCC#Cc1cc(N2CCNC2=O)cc(O)c1CO,HighDiv,HighDiv_710,1
1204,HighDiv_198-1_out,-8.784,NOc1cc(C(=O)[O-])cc(OC(=O)CC[NH+]2CCCC2)c1Br,HighDiv,HighDiv_198,1
1205,Druglike_1350-1_out,-8.784,O=c1cc([C@]2(NCO)C=C(/C=C/c3ccoc3)C2)[nH][nH]1,Druglike,Druglike_1350,1
1206,Druglike_61-2_out,-8.784,CC(=O)c1cc([C@@H]([NH3+])c2ccc(C#CC(=O)[O-])c(I)n2)co1,Druglike,Druglike_61,2
1207,Druglike_1476-2_out,-8.784,CC(=O)NCc1ccc(C#CCC(=O)[O-])c2[nH]cnc12,Druglike,Druglike_1476,2
1208,Druglike_377-1_out,-8.782,O=C([O-])Cc1cc(C(=O)c2ccc(/C=C/[C@H](O)CO)[nH]2)on1,Druglike,Druglike_377,1
1209,Druglike_1860-1_out,-8.782,O=c1cc(CBr)[nH]c(-c2nnc(CCCO)o2)c1,Druglike,Druglike_1860,1
1210,Druglike_1317-1_out,-8.782,Nc1ccnn1CC[C@@H]([NH3+])C#Cc1cc(Cl)ccc1Cl,Druglike,Druglike_1317,1
1211,Druglike_442-1_out,-8.781,OC[C@@H](/C=C/c1cc(F)ccc1F)NCc1cn[nH]n1,Druglike,Druglike_442,1
1212,Druglike_1807-1_out,-8.777,O=C([O-])c1cc(=O)cc(-c2nnc(CCCl)o2)[nH]1,Druglike,Druglike_1807,1
1213,HighDiv_955-2_out,-8.776,C/C=C/C(=O)C[NH2+]CCCc1cc(C(=O)[O-])cc(ON)c1Br,HighDiv,HighDiv_955,2
1214,HighDiv_1644-1_out,-8.775,CN1C(=O)CSc2cc([S@](=O)c3cc(O)c(I)cc3O)ccc21,HighDiv,HighDiv_1644,1
1215,HighDiv_1949-1_out,-8.775,C=CC[NH2+]Cc1nc(-c2cc(CC(=O)C=C)cc(F)c2ON)c[nH]1,HighDiv,HighDiv_1949,1
1216,Druglike_275-1_out,-8.775,C[C@@H](N)C/C=C/CCc1ccc(C(=O)c2noc(=O)[nH]2)[nH]1,Druglike,Druglike_275,1
1217,Druglike_1673-1_out,-8.773,NC(=O)Nc1cc(O)ccc1/C=C/Cc1ccoc1,Druglike,Druglike_1673,1
1218,HighDiv_773-1_out,-8.773,O=C1C=C([C@@H](/C=C/c2c(F)ccc(Cl)c2O)CO)C(=O)N1,HighDiv,HighDiv_773,1
1219,HighDiv_86-1_out,-8.772,CC/C=C/CCCC(=O)Oc1cc(C(=O)[O-])cc(ON)c1Br,HighDiv,HighDiv_86,1
1220,HighDiv_1634-1_out,-8.772,O=[S@@](c1ccc(Cl)c(O)c1)c1cc(O)c(I)cc1O,HighDiv,HighDiv_1634,1
1221,HighDiv_1840-1_out,-8.772,C/C=C\c1cccc2cc(C(=O)NN)ccc12,HighDiv,HighDiv_1840,1
1222,HighDiv_571-1_out,-8.771,C[P@](=O)([O-])OCCC#Cc1cc(O)cc(N2CCNC2=O)c1,HighDiv,HighDiv_571,1
1223,HighDiv_743-1_out,-8.77,CCCC[NH2+]Cc1cc(C(=O)[C@@H]2CCCO2)cc(CO)c1Br,HighDiv,HighDiv_743,1
1224,Druglike_1506-1_out,-8.769,NC(=O)Nc1cc(O)ccc1/C=C/CC1=NOCC1,Druglike,Druglike_1506,1
1225,Druglike_1193-1_out,-8.769,C=CCc1nc(CO)c(-c2cc(C)c(=O)[nH]n2)o1,Druglike,Druglike_1193,1
1226,HighDiv_210-1_out,-8.769,O=NC(=O)c1cc(CO)c(Br)c(CONC(=O)c2ncncn2)c1,HighDiv,HighDiv_210,1
1227,HighDiv_2203-1_out,-8.768,NOc1ccc(CO[C@@H](C[NH3+])c2cccc(CF)c2)cc1F,HighDiv,HighDiv_2203,1
1228,Druglike_1133-1_out,-8.768,C/C=C/CCc1nc(CO)c(-c2cc(C)c(=O)[nH]n2)o1,Druglike,Druglike_1133,1
1229,Druglike_89-1_out,-8.768,CC(=O)n1nc([C@@H](C#CCOC(=O)Cc2nocc2CBr)CO)[nH]c1=O,Druglike,Druglike_89,1
1230,HighDiv_2169-1_out,-8.767,CCCn1cc(C#CC[C@@H](O)c2cnc(N)s2)sc1=O,HighDiv,HighDiv_2169,1
1231,Druglike_1087-1_out,-8.767,CC(=O)Cc1c(O)noc1C/C=C(/C(=O)[O-])C1=CC[C@@H](CO)O1,Druglike,Druglike_1087,1
1232,Druglike_1210-1_out,-8.767,CC#C[C@H](O)c1ccc(Nc2cc(CCl)ccc2O)cc1,Druglike,Druglike_1210,1
1233,HighDiv_2011-1_out,-8.767,C=C(/C=C/C=S)c1nc(-c2cccc(F)c2ON)c[nH]1,HighDiv,HighDiv_2011,1
1234,HighDiv_432-1_out,-8.766,CC(=O)/C=C/c1ccc(I)c(-c2n[nH]c(CC(=O)[O-])n2)n1,HighDiv,HighDiv_432,1
1235,HighDiv_2325-1_out,-8.766,[NH3+]Cc1c([O-])cnc(I)c1C#CC(=O)OCc1ccc[nH]1,HighDiv,HighDiv_2325,1
1236,HighDiv_2305-1_out,-8.765,CC(=O)Cc1c[nH]c(C#CC[C@@H](O)c2cnc(N)s2)c1,HighDiv,HighDiv_2305,1
1237,Druglike_1127-1_out,-8.764,[NH3+][C@@H]([O-])c1ccc(CC/C(=C/CO)c2n[nH]c(=O)o2)cc1I,Druglike,Druglike_1127,1
1238,HighDiv_1482-1_out,-8.764,O=C([O-])c1cc(-c2c[nH+]cc([O-])c2)c(F)cc1Br,HighDiv,HighDiv_1482,1
1239,HighDiv_564-1_out,-8.764,Cc1ccc(O)c(OCc2c(O)ccc(O)c2F)c1,HighDiv,HighDiv_564,1
1240,HighDiv_410-1_out,-8.763,O=C([O-])Cc1ncc([C@H](O)C#Cc2cc(S)c([S-])cc2Br)cn1,HighDiv,HighDiv_410,1
1241,HighDiv_435-1_out,-8.763,O=Nc1cc(F)c([O-])cc1-c1cc(=O)[n-]o1,HighDiv,HighDiv_435,1
1242,HighDiv_116-1_out,-8.763,NOCc1cc(C(=O)[C@H]2CC(=O)N2)cc(N=O)c1Br,HighDiv,HighDiv_116,1
1243,Druglike_931-1_out,-8.762,O=C(C1=CCCN1)c1nc2n[n-]nc2c(=O)[n-]1,Druglike,Druglike_931,1
1244,HighDiv_1838-1_out,-8.762,[NH3+]CCc1ccc([C@H](O)c2ccccc2Cl)cc1,HighDiv,HighDiv_1838,1
1245,Druglike_1801-1_out,-8.761,CCC(=[NH2+])Cc1cc(-c2cc(O)cc(C(=O)OCC(=O)[O-])c2)co1,Druglike,Druglike_1801,1
1246,HighDiv_592-1_out,-8.76,CCOC/C=C/C=C/c1cc(O)cc(N2CCNC2=O)c1,HighDiv,HighDiv_592,1
1247,HighDiv_1460-1_out,-8.759,C=C[C@@H](CBr)NC(=O)C#Cc1c[nH]c(CO)c(O)c1=O,HighDiv,HighDiv_1460,1
1248,Druglike_1610-1_out,-8.759,C#CCc1cc(C(=O)[O-])cc(C(=O)OC2C[NH2+]C2)c1,Druglike,Druglike_1610,1
1249,HighDiv_1621-1_out,-8.759,O=C([O-])c1cccc(-c2c([S-])ccc([N+](=O)[O-])c2CCl)c1,HighDiv,HighDiv_1621,1
1250,Druglike_1370-1_out,-8.758,O=C([O-])c1ccn(C[C@@H](Cl)c2onc(O)c2C(=O)[O-])c1C#CCO,Druglike,Druglike_1370,1
1251,Druglike_1986-1_out,-8.757,CCOC(=O)C#Cc1cc(O)cc(-c2noc(=O)[nH]2)c1,Druglike,Druglike_1986,1
1252,HighDiv_366-1_out,-8.756,CC#CCCCCCc1cc(O)cc(N2CCNC2=O)c1,HighDiv,HighDiv_366,1
1253,Druglike_1643-1_out,-8.756,NC(=O)Nc1cc(/C=C/C[NH2+][C@@H]2C=CC=CC2)cc(C[NH3+])c1,Druglike,Druglike_1643,1
1254,Druglike_316-1_out,-8.756,[NH3+][C@@H](C#Cc1cc2c(cc1O)OCN2)CCNC(=O)CCF,Druglike,Druglike_316,1
1255,Druglike_1590-1_out,-8.756,C=C(CCl)CC(=O)OCc1cc(CC(=O)[O-])cc(NC(N)=O)c1,Druglike,Druglike_1590,1
1256,HighDiv_1287-1_out,-8.755,C=Cc1ccc(-c2c[nH]cc(O)c2=O)cc1,HighDiv,HighDiv_1287,1
1257,Druglike_1249-1_out,-8.755,O=C1CC(/C=C2\C=Cc3ccccc32)=NN1CC[NH2+]CCO,Druglike,Druglike_1249,1
1258,HighDiv_1688-1_out,-8.754,O=c1[n-]nc([C@@H](O)/C=C/c2cc(O)cc(I)c2)o1,HighDiv,HighDiv_1688,1
1259,HighDiv_529-1_out,-8.754,CCC(=O)c1ccc(I)c(-c2n[nH]c(CC(=O)[O-])n2)n1,HighDiv,HighDiv_529,1
1260,HighDiv_192-1_out,-8.754,C[C@@H]([NH3+])C#CCCc1cc(C(=O)N=O)cc([O-])c1Br,HighDiv,HighDiv_192,1
1261,Druglike_391-1_out,-8.753,O=C(Cc1nocc1CCl)OCC#C[C@@H](CO)c1n[nH]c(=O)[nH]1,Druglike,Druglike_391,1
1262,Druglike_681-1_out,-8.752,O=C(NCC#CCO)c1cc(-c2cccnc2)ncn1,Druglike,Druglike_681,1
1263,Druglike_656-1_out,-8.752,CCNc1cnc(Cl)c(OC(=O)c2ccc(OCC)c(O)c2)c1,Druglike,Druglike_656,1
1264,HighDiv_668-1_out,-8.751,[S-]c1ccc(-c2cccnc2)cc1CCC1=NOCN1,HighDiv,HighDiv_668,1
1265,Druglike_633-1_out,-8.751,CCCCc1[nH]cnc1C#CC(=O)c1cnc(C(N)=O)o1,Druglike,Druglike_633,1
1266,Druglike_1679-1_out,-8.751,C=CCC(=O)c1ncc(-c2cc(CC)[nH]c2CO)[nH]1,Druglike,Druglike_1679,1
1267,Druglike_163-2_out,-8.75,O=C([O-])c1cnc(=O)[nH]c1[C@@H](O)/C=C/C1=CCCO1,Druglike,Druglike_163,2
1268,Druglike_14-1_out,-8.749,Cc1cc(CCCC2=C[C@@H](C(=O)[O-])C=C(C(=O)OCC[NH3+])O2)cnc1I,Druglike,Druglike_14,1
1269,Druglike_1780-1_out,-8.748,O=C(C#Cc1cc(O)cc(CO)c1)O[C@@H]1CC=NC1,Druglike,Druglike_1780,1
1270,Druglike_98-1_out,-8.748,Nc1nc([C@@H](/C=C/Cc2ncccc2CCBr)C[NH3+])nc2[nH]ncc12,Druglike,Druglike_98,1
1271,HighDiv_1874-1_out,-8.748,OCCCc1cc(F)c(O)c(-c2ccc(F)nc2)c1,HighDiv,HighDiv_1874,1
1272,Druglike_320-1_out,-8.747,CC(=O)CC/C=C/c1cc(O)cc(-c2c[nH]nn2)c1,Druglike,Druglike_320,1
1273,HighDiv_1366-1_out,-8.747,NC1=[NH+]CC[C@H]1CCc1nn(C(=O)[O-])cc1[N+](=O)[O-],HighDiv,HighDiv_1366,1
1274,HighDiv_1442-1_out,-8.747,COCC(=O)c1cccc(-c2ccc(/C=C/C[NH3+])c([S-])c2)c1,HighDiv,HighDiv_1442,1
1275,HighDiv_1592-1_out,-8.745,[NH3+]CCCOc1cc(N=O)cc(CCc2cc(F)c([O-])c([N+](=O)[O-])c2)c1Cl,HighDiv,HighDiv_1592,1
1276,Druglike_1828-1_out,-8.744,CCCCCc1c[nH]c(=O)c2[nH]c(C(=O)CN3C=CCC3)cc12,Druglike,Druglike_1828,1
1277,HighDiv_847-1_out,-8.743,C[C@H]([NH3+])OCC#Cc1cc(O)cc(CC(=O)[O-])c1,HighDiv,HighDiv_847,1
1278,HighDiv_1719-1_out,-8.743,C=CC1=CCC=C(C[C@H](O)C#Cc2cc(O)c(CO)cc2N)O1,HighDiv,HighDiv_1719,1
1279,HighDiv_1978-2_out,-8.742,NOc1c(F)cc(CC(=O)/C=C/CCF)cc1-c1cnc[nH]1,HighDiv,HighDiv_1978,2
1280,Druglike_196-1_out,-8.741,[NH3+]Cc1nc(COC(=O)C/C=C\Cc2cnc(C(=O)[O-])c(Br)c2)c[nH]1,Druglike,Druglike_196,1
1281,Druglike_547-1_out,-8.739,[NH3+]CN(CC#Cc1ccnc2[nH]ccc12)CCC1=CNC=NC1,Druglike,Druglike_547,1
1282,Druglike_1477-1_out,-8.739,C/C=C/CC(=O)c1ncc(-c2cc(CO)[nH]c2CF)[nH]1,Druglike,Druglike_1477,1
1283,HighDiv_2118-1_out,-8.739,C#Cc1ccc([C@@H](CO)C2=COCCO2)c2nc[nH]c12,HighDiv,HighDiv_2118,1
1284,Druglike_2037-1_out,-8.739,[NH3+]Cc1cccc(-c2cc(=O)cc(CCF)[nH]2)c1,Druglike,Druglike_2037,1
1285,Druglike_720-2_out,-8.736,C=Cc1cc(N)ccc1OC(=O)c1ccc(Cl)c([O-])c1,Druglike,Druglike_720,2
1286,HighDiv_2015-1_out,-8.736,NOc1c(F)cc(CCl)cc1-c1c[nH]c(CC(=O)[O-])n1,HighDiv,HighDiv_2015,1
1287,Druglike_201-1_out,-8.736,CCC[C@@H](/C=C/c1cnc(CO)c(Br)c1)c1noc(=O)[n-]1,Druglike,Druglike_201,1
1288,Druglike_362-1_out,-8.734,CC(=O)OCCCCCc1cc(O)cc(-c2cn[nH]n2)c1,Druglike,Druglike_362,1
1289,HighDiv_35-1_out,-8.733,CN(CC#CCCc1cc(C(=O)N=O)cc([O-])c1Br)CCO,HighDiv,HighDiv_35,1
1290,HighDiv_1772-1_out,-8.732,O=C(/C=C\C#Cc1cnoc1-c1ccc([O-])c(O)c1Br)CO,HighDiv,HighDiv_1772,1
1291,HighDiv_390-1_out,-8.732,NOc1cc(C(=O)[O-])cc(C2=COCC2=O)c1Br,HighDiv,HighDiv_390,1
1292,Druglike_1080-1_out,-8.732,Nc1cc(I)ccc1/C=C/[C@H](N/C([O-])=C/C(=O)CCl)c1cnn[nH]1,Druglike,Druglike_1080,1
1293,HighDiv_272-1_out,-8.731,O=C1C=C([C@@H](/C=C/c2cc(F)cc(Cl)c2O)CO)C(=O)N1,HighDiv,HighDiv_272,1
1294,HighDiv_837-1_out,-8.731,CC(=O)NC[C@@H](C#Cc1cc(Br)c([O-])c(Br)c1)NN,HighDiv,HighDiv_837,1
1295,Druglike_389-1_out,-8.73,C[NH2+]C/C(=C/CCc1cc(O)cc(-c2cn[nH]n2)c1)C(=O)[O-],Druglike,Druglike_389,1
1296,Druglike_1746-2_out,-8.73,CCc1c(-c2ccccc2)[nH]c(C[NH3+])cc1=O,Druglike,Druglike_1746,2
1297,HighDiv_647-1_out,-8.73,[NH3+]Cc1nc(C(=O)[O-])oc1C/C=C/[C@H](/C=C\CF)C1=CCOC1,HighDiv,HighDiv_647,1
1298,Druglike_1920-1_out,-8.73,O=C(C#Cc1cc(O)cc(-c2noc(=O)[nH]2)c1)OCCF,Druglike,Druglike_1920,1
1299,Druglike_1666-1_out,-8.729,C/C=C/Cc1ccc(NC(=O)C2=[NH+]CCN2)c(NC(N)=O)c1,Druglike,Druglike_1666,1
1300,Druglike_1245-1_out,-8.729,[NH3+]Cc1ccc(/C=C/c2cnc(C(=O)[O-])nc2)cc1Cl,Druglike,Druglike_1245,1
1301,Druglike_1417-1_out,-8.729,[NH3+]CC(=O)NCCC[C@H]1OC(=O)C=C1/C=C/c1ccccc1CO,Druglike,Druglike_1417,1
1302,HighDiv_333-1_out,-8.728,C=Cc1c(O)cc(N2CCNC2=O)cc1C#CCCNO,HighDiv,HighDiv_333,1
1303,HighDiv_1323-1_out,-8.728,CC(=O)CC(=O)c1cc(O)c(O)c(C2=CCC=C2)c1,HighDiv,HighDiv_1323,1
1304,Druglike_276-1_out,-8.727,CC[C@@H](CBr)c1cc(/C=C/c2cc(O)ccc2I)[nH]n1,Druglike,Druglike_276,1
1305,Druglike_1961-1_out,-8.727,O=C(c1cc([O-])[nH]n1)c1c[nH]c(=O)c2[nH]ccc12,Druglike,Druglike_1961,1
1306,HighDiv_665-1_out,-8.725,CC(=O)c1ncc([C@H](O)C#Cc2cc(S)c([S-])cc2Br)cn1,HighDiv,HighDiv_665,1
1307,HighDiv_2293-1_out,-8.722,C=C[C@H](O)c1ccc(NC(=O)/C=C/C(=O)[O-])cc1F,HighDiv,HighDiv_2293,1
1308,Druglike_1462-1_out,-8.722,NC(=O)Nc1cc(/C=C/C[NH2+]C[C@@H]2CCC[NH2+]C2)cc(C[NH3+])c1,Druglike,Druglike_1462,1
1309,Druglike_2015-1_out,-8.722,C=Cc1c(-c2nnc(CO)o2)[nH]c(CCC)cc1=O,Druglike,Druglike_2015,1
1310,HighDiv_1110-1_out,-8.721,CC/C=C/Cc1noc(-c2cc(O)c(F)cc2O)n1,HighDiv,HighDiv_1110,1
1311,HighDiv_2054-1_out,-8.721,OC[C@H](/C=C/c1cc(F)cc(F)c1O)NCc1ncno1,HighDiv,HighDiv_2054,1
1312,HighDiv_280-2_out,-8.721,C=C(C[NH3+])C(=O)NOCc1cc(C(=O)N=O)cc(CO)c1Br,HighDiv,HighDiv_280,2
1313,Druglike_271-1_out,-8.72,O=C([O-])C1=C[C@@H](/C=C/c2cncc(Br)c2)NC(CO)=C1,Druglike,Druglike_271,1
1314,HighDiv_1721-1_out,-8.72,N[C@H](Cc1cc(=O)c(CCl)c[nH]1)C(=O)/C=C/C1=CCON1,HighDiv,HighDiv_1721,1
1315,Druglike_1215-1_out,-8.72,C=Cc1nc(CO)c(-c2cc(CCC)c(=O)[nH]n2)o1,Druglike,Druglike_1215,1
1316,Druglike_534-1_out,-8.719,O=C([O-])c1cccc(C(=O)Cc2cccc(O)c2Br)c1O,Druglike,Druglike_534,1
1317,HighDiv_2001-1_out,-8.719,O=C1C=C(C#Cc2ccc(NCCS)cc2)[C@H](C(=O)[O-])CO1,HighDiv,HighDiv_2001,1
1318,Druglike_467-1_out,-8.718,Oc1cc2c(cc1C#CC[C@@H](CF)CCCl)NCO2,Druglike,Druglike_467,1
1319,HighDiv_1316-1_out,-8.717,NC(=O)CC(=O)c1cc(O)cc(-c2cc(N)cc(Cl)c2)c1,HighDiv,HighDiv_1316,1
1320,HighDiv_1628-1_out,-8.717,O=C(OP(=O)([O-])[O-])c1ccc(-c2ccccc2)cn1,HighDiv,HighDiv_1628,1
1321,HighDiv_2008-1_out,-8.716,NNC(=O)c1ccc(OC[C@H](C(=O)[O-])c2ncn[nH]2)c(Br)c1,HighDiv,HighDiv_2008,1
1322,Druglike_691-1_out,-8.715,O=C([O-])CCc1cnc(-c2cc(F)ccc2F)[nH]1,Druglike,Druglike_691,1
1323,HighDiv_1858-1_out,-8.715,C#C[C@@H](c1ccc(NC(=O)CO)c(Cl)c1)c1ccn[nH]1,HighDiv,HighDiv_1858,1
1324,Druglike_1813-1_out,-8.715,C=Cc1n[nH]nc1CCNC(=O)c1ccc(C[NH3+])cc1,Druglike,Druglike_1813,1
1325,HighDiv_1363-1_out,-8.712,O=C(CF)c1cc(O)c([O-])c(-c2ccno2)c1,HighDiv,HighDiv_1363,1
1326,HighDiv_227-1_out,-8.712,O=C1C=C([C@@H](/C=C/c2ccc(OCCO)c(Cl)c2O)CO)C(=O)N1,HighDiv,HighDiv_227,1
1327,HighDiv_688-1_out,-8.711,NC1=C(/C=C/CCc2oc(C(=O)[O-])nc2CO)CCC1,HighDiv,HighDiv_688,1
1328,Druglike_889-1_out,-8.711,C=C[C@H](C)CCCc1ccc(C(=O)c2noc(=O)[nH]2)[nH]1,Druglike,Druglike_889,1
1329,Druglike_220-2_out,-8.71,O=C([O-])c1c[nH]c(=O)nc1C/C=C/C1=CC=CC1,Druglike,Druglike_220,2
1330,HighDiv_1129-1_out,-8.71,C=C(CCC)c1noc(-c2cc(O)c(F)cc2O)n1,HighDiv,HighDiv_1129,1
1331,HighDiv_1254-1_out,-8.709,C=C(CCl)[C@@H](CBr)NC(=O)C#Cc1c[nH]cc(O)c1=O,HighDiv,HighDiv_1254,1
1332,HighDiv_1414-1_out,-8.709,NC(=O)Nc1c([O-])c[nH+]cc1CC/C=C/N[C@@H]1C=CC1,HighDiv,HighDiv_1414,1
1333,Druglike_1323-1_out,-8.709,C[NH2+]Cc1c(C/C=C\C2=CC[C@@H](C(=O)CBr)O2)o[n-]c1=O,Druglike,Druglike_1323,1
1334,HighDiv_298-1_out,-8.708,O=Nc1cc(C(=O)[C@H]2CCNN2)cc(CC(=O)[O-])c1Br,HighDiv,HighDiv_298,1
1335,Druglike_296-1_out,-8.708,[NH3+]C/C=C\CCCc1cc(O)cc(-c2cn[nH]n2)c1,Druglike,Druglike_296,1
1336,Druglike_1425-1_out,-8.706,NC(=O)Nc1ccc(/C=C/CO[C@@H]2CCOC2)c(CC(=O)[O-])c1,Druglike,Druglike_1425,1
1337,Druglike_1121-1_out,-8.706,Cc1ccc(/C=C/c2cnc(C(=O)c3c[nH]c([C@H](O)Br)c3)nc2)cc1Cl,Druglike,Druglike_1121,1
1338,Druglike_2014-1_out,-8.706,C=Cc1c(COC(=O)c2cnc(C(=O)[O-])[nH]2)cc[nH]c1=O,Druglike,Druglike_2014,1
1339,HighDiv_301-1_out,-8.705,[NH3+]Cc1nc(C(=O)[O-])oc1C/C=C/[C@H](/C=C\CBr)C1=CCOC1,HighDiv,HighDiv_301,1
1340,Druglike_577-1_out,-8.705,O=C1CC[C@@H](CCC#Cc2cnc(Cl)c(C(=O)CO)n2)N1,Druglike,Druglike_577,1
1341,HighDiv_2160-1_out,-8.704,C/C=N/c1cc(OC/C=C\[C@@H]([NH3+])C(=O)[O-])ccc1[N+](=O)[O-],HighDiv,HighDiv_2160,1
1342,Druglike_1881-1_out,-8.704,NC(=O)c1cc(O)cc(C#CC(=O)O[C@@H](C[NH3+])C(=O)[O-])c1,Druglike,Druglike_1881,1
1343,HighDiv_1698-1_out,-8.704,O=[S@@](c1ccc(O)c(Cl)c1)c1cc(O)c(I)cc1O,HighDiv,HighDiv_1698,1
1344,Druglike_1530-1_out,-8.703,C[C@H](C=C1C(=O)CCCC1=O)CCn1ccc(CO)c1C(=O)[O-],Druglike,Druglike_1530,1
1345,HighDiv_1083-1_out,-8.702,C=C(CC)c1noc(-c2cc(O)c(F)cc2O)n1,HighDiv,HighDiv_1083,1
1346,HighDiv_764-1_out,-8.702,N/C=C\[C@@H](C/C=C/Cc1oc(C(=O)[O-])nc1CN)c1nnn[n-]1,HighDiv,HighDiv_764,1
1347,Druglike_1099-1_out,-8.702,[NH3+]CNCC(=O)CCN1N=C(/C=C2\C=Cc3cc(Br)ccc32)CC1=O,Druglike,Druglike_1099,1
1348,Druglike_1868-3_out,-8.701,N[C@H]([NH3+])NC(=O)c1ccc(-c2cc(=O)cc[nH]2)cc1CO,Druglike,Druglike_1868,3
1349,HighDiv_1623-1_out,-8.7,COc1ccc([S-])c(C[C@@H](S)c2cc(F)c([O-])c([N+](=O)[O-])c2)c1Cl,HighDiv,HighDiv_1623,1
1350,HighDiv_1546-1_out,-8.7,C=Cc1cc(-c2c(O)ccc(NCC[NH2+]N)c2C)n[nH]1,HighDiv,HighDiv_1546,1
1351,HighDiv_52-1_out,-8.7,C=CCCCC#Cc1cc(C(=O)[O-])cc(ON)c1Br,HighDiv,HighDiv_52,1
1352,HighDiv_1814-1_out,-8.7,O=C(c1cc(O)c(I)cc1[O-])n1cc([N+](=O)[O-])cn1,HighDiv,HighDiv_1814,1
1353,HighDiv_964-1_out,-8.699,COc1ccc(-c2c(O)ccc(O)c2CF)cc1Br,HighDiv,HighDiv_964,1
1354,Druglike_343-1_out,-8.698,Oc1cc2c(cc1[C@H](CF)C[NH2+]CCc1cnon1)NCO2,Druglike,Druglike_343,1
1355,HighDiv_669-1_out,-8.697,O=C1NCCN1c1cc(O)cc(CSCc2cnon2)c1,HighDiv,HighDiv_669,1
1356,HighDiv_698-1_out,-8.697,NOc1cc(C(=O)[O-])cc(CC#CCCNC(N)=O)c1Br,HighDiv,HighDiv_698,1
1357,Druglike_1327-2_out,-8.695,O=C(OCc1ncccc1C(=O)[O-])c1cc([O-])cnc1Cl,Druglike,Druglike_1327,2
1358,Druglike_1164-1_out,-8.694,C=Cc1nc(CO)c(-c2cc(CBr)c(=O)[nH]n2)o1,Druglike,Druglike_1164,1
1359,HighDiv_1984-1_out,-8.694,OCc1nc([C@@H](/C=C/c2cc(F)cc(F)c2O)NO)n[nH]1,HighDiv,HighDiv_1984,1
1360,Druglike_1246-1_out,-8.693,C[NH2+]C/C=C/c1nc(CO)c(-c2cc(C)c(=O)[nH]n2)o1,Druglike,Druglike_1246,1
1361,Druglike_1009-1_out,-8.692,O=C(Oc1cc(NCCCl)cnc1Cl)c1cccc(O)c1,Druglike,Druglike_1009,1
1362,Druglike_313-1_out,-8.69,NCC(=O)OC/C=C/CCc1cc(O)cc(-c2cn[nH]n2)c1,Druglike,Druglike_313,1
1363,Druglike_56-2_out,-8.688,C=C(CCC[C@@H](N[C@H](N)[NH3+])C(=O)C1=COCC=C1)c1nc(C(=O)[O-])n[nH]1,Druglike,Druglike_56,2
1364,HighDiv_1705-1_out,-8.687,C/C=C/CC#CCc1cc(CO)c(C2=CCON2)cc1O,HighDiv,HighDiv_1705,1
1365,Druglike_1713-1_out,-8.686,O=C([O-])CC#Cc1cc2c(CCCO)cccc2o1,Druglike,Druglike_1713,1
1366,HighDiv_708-1_out,-8.685,COC(=O)CCCCCc1cc(O)cc(N2CCNC2=O)c1,HighDiv,HighDiv_708,1
1367,HighDiv_1665-1_out,-8.685,O=[N+]([O-])c1cc(-c2cc(F)cc(O)c2O)co1,HighDiv,HighDiv_1665,1
1368,Druglike_1388-1_out,-8.685,NC(=O)Nc1ccc(/C=C/[C@H]2CC(=O)O2)c(CC(=O)[O-])c1,Druglike,Druglike_1388,1
1369,HighDiv_115-1_out,-8.684,[NH3+]CNCCCC#CCc1cc(C(=O)N=O)cc([O-])c1Br,HighDiv,HighDiv_115,1
1370,Druglike_1819-1_out,-8.684,C[C@H](O)CCc1ccc(I)c(C(=O)Oc2ccc(Cl)c(O)c2)c1,Druglike,Druglike_1819,1
1371,HighDiv_106-1_out,-8.684,CNNCc1cc(-c2cc([O-])c(F)cc2N=O)c[nH]1,HighDiv,HighDiv_106,1
1372,HighDiv_205-1_out,-8.683,O=Nc1cc(C(=O)CC(=O)[O-])cc(CC(=O)[O-])c1Br,HighDiv,HighDiv_205,1
1373,Druglike_826-1_out,-8.682,CCCCOC(=O)C#Cc1cc(CO)c2c(c1)NCO2,Druglike,Druglike_826,1
1374,HighDiv_174-1_out,-8.681,CCC/C=C/c1ccc(I)c(-c2n[nH]c(CC(=O)[O-])n2)n1,HighDiv,HighDiv_174,1
1375,Druglike_408-1_out,-8.681,O=C(/C=C/CCO)c1n[nH]c(COc2ccnc(Cl)c2CCO)n1,Druglike,Druglike_408,1
1376,Druglike_1888-1_out,-8.681,C=C[C@@H](CC)c1nonc1CNCc1c([O-])cc(=O)oc1C[NH3+],Druglike,Druglike_1888,1
1377,Druglike_1393-1_out,-8.68,CC(=O)Cc1nonc1[C@H](Cl)Cn1ccc(C(=O)[O-])c1C#CCO,Druglike,Druglike_1393,1
1378,Druglike_840-1_out,-8.679,Nc1ncnc2c1ncn2C/C=C1\NC[C@@H](C(=O)[O-])N1,Druglike,Druglike_840,1
1379,HighDiv_1759-1_out,-8.679,[NH3+]C/C=C1\Cc2ccc(/C=C/[C@H](Cl)[SH](=O)=O)c(F)c2[N-]1,HighDiv,HighDiv_1759,1
1380,Druglike_1943-1_out,-8.678,[NH3+]CCc1nnc(-c2cc(=O)cc(C(=O)[O-])[nH]2)o1,Druglike,Druglike_1943,1
1381,HighDiv_608-1_out,-8.678,NNCC(=O)C1=CC(=O)C=C([C@H](Br)CCC#Cc2ccc[nH]2)C1=O,HighDiv,HighDiv_608,1
1382,Druglike_1405-1_out,-8.676,[NH3+]Cc1ccc(C/C(=C/[C@@H]2CCC(=O)O2)c2ncn[nH]2)cc1,Druglike,Druglike_1405,1
1383,Druglike_1494-1_out,-8.676,NC(=O)Nc1cc(/C=C/C[NH2+]C2CC=CC2)cc(C[NH3+])c1,Druglike,Druglike_1494,1
1384,Druglike_1234-1_out,-8.676,CCCCc1c(O)noc1C/C=C(/CF)C1=CC[C@@H](C(=O)[O-])O1,Druglike,Druglike_1234,1
1385,Druglike_303-1_out,-8.674,Nc1ccc(C#C[C@@H](O)CCCn2cnnc2CO)c(Cl)c1,Druglike,Druglike_303,1
1386,HighDiv_554-1_out,-8.674,O=C1C=CC(=O)C(c2ncc(OCCO)c(Br)c2[O-])=C1CCl,HighDiv,HighDiv_554,1
1387,Druglike_1163-1_out,-8.674,CCCCc1c(O)noc1C/C=C(/C(=O)[O-])C1=CC[C@@H](CO)O1,Druglike,Druglike_1163,1
1388,Druglike_323-1_out,-8.674,O=C([O-])c1c[nH]c(=O)nc1C/C=C/c1ccncn1,Druglike,Druglike_323,1
1389,HighDiv_459-1_out,-8.673,O=Nc1cc(F)c([O-])cc1-c1c[nH]c(CCl)c1,HighDiv,HighDiv_459,1
1390,HighDiv_2244-1_out,-8.672,C=Cc1cc(Cl)c(Cl)c(C/C=C\[C@@H]([NH3+])c2nnn[n-]2)c1,HighDiv,HighDiv_2244,1
1391,Druglike_2069-1_out,-8.669,C=CCCc1cc(=O)cc(-c2nnc(C(=O)[O-])o2)[nH]1,Druglike,Druglike_2069,1
1392,Druglike_307-1_out,-8.669,Nc1ccc(C2=CN=C(/C=C/CO)NC2)c(F)c1,Druglike,Druglike_307,1
1393,HighDiv_1260-1_out,-8.669,O=C([O-])[C@H](C#Cc1cccc(CCS[S-])c1)n1cc([N+](=O)[O-])cn1,HighDiv,HighDiv_1260,1
1394,Druglike_10-1_out,-8.669,Nc1nc([C@@H](/C=C/Cc2nccc(CO)c2CCBr)C[NH3+])nc2[nH]ncc12,Druglike,Druglike_10,1
1395,Druglike_1468-1_out,-8.668,NC(=O)Nc1cc(/C=C/CC2=CNCC=N2)cc(C[NH3+])c1,Druglike,Druglike_1468,1
1396,HighDiv_437-1_out,-8.668,NCC1=CC(=O)C=C(c2cccc(C[NH3+])c2)C1=O,HighDiv,HighDiv_437,1
1397,Druglike_1619-2_out,-8.668,NC(=O)Nc1ccc(Cc2cc[nH]n2)c(CC(=O)[O-])c1,Druglike,Druglike_1619,2
1398,HighDiv_1109-1_out,-8.667,CC#CCCCCOCc1cc(NC(N)=S)cc(O)c1[S-],HighDiv,HighDiv_1109,1
1399,Druglike_1693-1_out,-8.667,CC/C=C\C[C@H]([NH3+])c1c[nH]c(C(=O)c2cc(=O)[nH]cn2)c1,Druglike,Druglike_1693,1
1400,HighDiv_1591-1_out,-8.667,C=CCc1ccc(-c2c(C(=O)[O-])ccc(CO)c2[S-])cc1,HighDiv,HighDiv_1591,1
1401,Druglike_1010-1_out,-8.667,C=C[C@@H](CCC(C)=O)c1ccc(C(=O)c2noc(=O)[nH]2)[nH]1,Druglike,Druglike_1010,1
1402,HighDiv_451-1_out,-8.667,O=C1NCCN1c1cc(O)cc(C#CCCCF)c1,HighDiv,HighDiv_451,1
1403,Druglike_991-2_out,-8.666,[NH3+]C/C=C/CCC1=CC(C(=O)[O-])=C(c2nnn[nH]2)C1,Druglike,Druglike_991,2
1404,HighDiv_583-1_out,-8.666,[NH3+]Cc1nc(C(=O)[O-])oc1C/C=C/[C@H](/C=C\CCl)c1nncs1,HighDiv,HighDiv_583,1
1405,HighDiv_637-1_out,-8.665,NC(=S)NC/C=C/Cc1cc(C(=O)[O-])oc1[N+](=O)[O-],HighDiv,HighDiv_637,1
1406,Druglike_385-1_out,-8.664,CCC1=C(c2cc(O)n[nH]2)CC=C(C(=O)N/C=C\C[NH3+])O1,Druglike,Druglike_385,1
1407,Druglike_1980-1_out,-8.664,O=C(C#Cc1cc(O)cc(CCCF)c1)OCCCO,Druglike,Druglike_1980,1
1408,HighDiv_1395-1_out,-8.664,CC(=O)CC[C@H](CCl)NC(=O)C#Cc1c[nH]cc(O)c1=O,HighDiv,HighDiv_1395,1
1409,Druglike_793-1_out,-8.663,CC#Cc1ccc(NC(=O)[C@H](O)c2ncn[nH]2)cc1Cl,Druglike,Druglike_793,1
1410,HighDiv_1504-1_out,-8.662,C=C[C@H](C#CCc1c(O)cccc1NC(C)=O)N1C=CSC1,HighDiv,HighDiv_1504,1
1411,HighDiv_2094-1_out,-8.662,C=C(C)Cc1[nH]cc(-c2cc(C=S)cc(F)c2ON)[nH+]1,HighDiv,HighDiv_2094,1
1412,HighDiv_2318-1_out,-8.661,[NH3+]CC#Cc1cc(F)c(C(=O)[O-])c(-c2ccon2)c1,HighDiv,HighDiv_2318,1
1413,HighDiv_238-1_out,-8.66,C=Cc1[nH]c(C(N)=S)cc1-c1cc([O-])c(F)cc1N=O,HighDiv,HighDiv_238,1
1414,Druglike_353-1_out,-8.659,O=C([O-])c1n[nH]c(-c2ccc(C[NH2+]CCCl)c(C(=O)[O-])c2)n1,Druglike,Druglike_353,1
1415,Druglike_1768-1_out,-8.658,COCc1cc(=O)cc(-c2ccc(CCF)c(CO)c2)[nH]1,Druglike,Druglike_1768,1
1416,HighDiv_126-1_out,-8.658,C=C[C@@H](C[NH3+])ONCc1c[nH]c(=O)c2[nH]c(C(=O)[O-])cc12,HighDiv,HighDiv_126,1
1417,Druglike_1299-1_out,-8.658,O=C([O-])[C@H](/C=C/c1ccc(CO)c2ncoc12)c1cnon1,Druglike,Druglike_1299,1
1418,Druglike_1081-1_out,-8.658,O=c1[nH]nc(-c2cnc(/C=C/c3ccc(I)c(O)c3)o2)cc1CCF,Druglike,Druglike_1081,1
1419,HighDiv_158-1_out,-8.657,C=CC/C=C/c1ccc(I)c(-c2n[nH]c(CC(=O)[O-])n2)n1,HighDiv,HighDiv_158,1
1420,Druglike_1112-1_out,-8.655,O=C([O-])/C(=C/Cc1o[n-]c(=O)c1CCBr)C1=CC[C@@H](CO)O1,Druglike,Druglike_1112,1
1421,HighDiv_223-1_out,-8.655,CCCNC(=O)Nc1cc(C(=O)[O-])cc(ON)c1Br,HighDiv,HighDiv_223,1
1422,HighDiv_1684-1_out,-8.655,C/C(=C\C(=C\c1ccc(C(=O)[O-])cc1)C(=O)[O-])[N+](=O)[O-],HighDiv,HighDiv_1684,1
1423,HighDiv_25-1_out,-8.654,O=C([O-])Cc1nc(-c2nc(/C=C/c3cccnc3)c(Cl)cc2I)n[nH]1,HighDiv,HighDiv_25,1
1424,Druglike_518-1_out,-8.653,C=C[C@@H](CC)CCCc1ccc(C(=O)c2noc(=O)[nH]2)[nH]1,Druglike,Druglike_518,1
1425,HighDiv_715-1_out,-8.653,O=C([O-])Cc1cc(O)cc(N2CCNC2=O)c1,HighDiv,HighDiv_715,1
1426,HighDiv_1519-1_out,-8.652,NNC/C=C/CC#Cc1c(N)ccc2c1NCC(=O)N2,HighDiv,HighDiv_1519,1
1427,Druglike_837-2_out,-8.652,C=C(CC(=O)c1cccc([O-])c1F)[C@@H](C[NH3+])C1=CCC=CO1,Druglike,Druglike_837,2
1428,HighDiv_2045-1_out,-8.65,Nc1ncc([C@H](O)CC#Cc2[nH+]ccc(I)c2[O-])s1,HighDiv,HighDiv_2045,1
1429,Druglike_1683-1_out,-8.648,N[C@@H](/C=C/c1ccc(O)c(Cl)c1)c1ncncn1,Druglike,Druglike_1683,1
1430,HighDiv_890-1_out,-8.648,[NH3+][C@@H]1NCCN1CC(=O)c1cc(N=O)c(Br)cc1N=O,HighDiv,HighDiv_890,1
1431,Druglike_172-1_out,-8.647,C[C@H](/C=C/C(=O)c1n[nH]c(COc2ccnc(Cl)c2CCO)n1)CO,Druglike,Druglike_172,1
1432,Druglike_1138-1_out,-8.646,O=C([O-])/C(=C/Cc1o[n-]c(=O)c1CI)C1=CC[C@@H](CO)O1,Druglike,Druglike_1138,1
1433,HighDiv_2320-1_out,-8.645,CCCNNCc1cccc2c1N[C@H]([NH2+]CC(=O)[N+](=O)[O-])N2,HighDiv,HighDiv_2320,1
1434,Druglike_1887-1_out,-8.645,COCc1cc(=O)cc(-c2cccc(CO)c2F)[nH]1,Druglike,Druglike_1887,1
1435,Druglike_1889-1_out,-8.644,CCc1c(O)cccc1C#CC(=O)O[C@H]1CN=C(CO)C1,Druglike,Druglike_1889,1
1436,Druglike_1727-1_out,-8.644,[NH3+]Cc1cc(O)cc(C#CC(=O)O[C@H]2CN=C(CO)C2)c1,Druglike,Druglike_1727,1
1437,HighDiv_1393-1_out,-8.644,O=C([O-])[C@H](C#Cc1ccc(O)cc1)n1cc([N+](=O)[O-])cn1,HighDiv,HighDiv_1393,1
1438,Druglike_694-1_out,-8.642,CCN(CCl)CCCC#Cc1cc2c(cc1O)OCN2,Druglike,Druglike_694,1
1439,Druglike_904-1_out,-8.642,C=CCCC[C@H](C)c1ccc(C(=O)c2noc(=O)[nH]2)[nH]1,Druglike,Druglike_904,1
1440,Druglike_384-1_out,-8.64,NC(=O)c1ncc(C(=O)C#Cc2c[nH]c(C[C@H](F)CBr)n2)o1,Druglike,Druglike_384,1
1441,HighDiv_1750-1_out,-8.64,O=C([O-])C(=C\c1ccc(C(=O)[O-])c(O)c1)/C=C/[N+](=O)[O-],HighDiv,HighDiv_1750,1
1442,HighDiv_2316-1_out,-8.639,CNOCc1ccc([C@@H](N)COC(=O)c2nnn[n-]2)cc1Cl,HighDiv,HighDiv_2316,1
1443,HighDiv_46-1_out,-8.639,O=C([O-])Cc1nc(-c2nc(/C=C/c3cccnc3)c(CO)cc2I)n[nH]1,HighDiv,HighDiv_46,1
1444,Druglike_40-2_out,-8.638,[NH3+][C@H](c1coc(C(=O)[O-])c1)c1ccc(C#CC(=O)[O-])c(I)n1,Druglike,Druglike_40,2
1445,HighDiv_2083-2_out,-8.638,C#Cc1ccc([C@@H](CO)c2cc(=O)[n-]o2)c2[nH]cnc12,HighDiv,HighDiv_2083,2
1446,HighDiv_994-1_out,-8.638,O=NC(=O)c1cc(CO)c(Br)c(CONC(=O)C[SH](=O)=O)c1,HighDiv,HighDiv_994,1
1447,HighDiv_1490-1_out,-8.637,CCCCC[N@H+](C)CCNC(=O)C#Cc1c[nH]cc(O)c1=O,HighDiv,HighDiv_1490,1
1448,Druglike_891-1_out,-8.634,O=C([O-])C1=C(/C=C/c2cc(F)ccc2F)[C@H](CO)NC1=O,Druglike,Druglike_891,1
1449,HighDiv_1671-1_out,-8.634,[NH3+]Cc1ccc([S@](=O)c2cc(O)c(I)cc2O)cc1,HighDiv,HighDiv_1671,1
1450,HighDiv_2017-1_out,-8.633,C[NH2+]C/C=C/C(=O)Cc1cc(F)c(ON)c(-c2c[nH]cn2)c1,HighDiv,HighDiv_2017,1
1451,HighDiv_1339-1_out,-8.632,CCNC(=O)C#Cc1c(C(=O)[O-])[nH]cc(O)c1=O,HighDiv,HighDiv_1339,1
1452,HighDiv_753-1_out,-8.631,O=NCCC#Cc1cc(O)cc(N2CCNC2=O)c1,HighDiv,HighDiv_753,1
1453,HighDiv_720-1_out,-8.631,O=C1NCCN1c1cc(O)cc(C#CCCNO)c1,HighDiv,HighDiv_720,1
1454,Druglike_1061-1_out,-8.631,[NH3+]C[C@@H](O)c1ccc(/C=C/c2cnc(C(=O)c3nc(Cl)c[n-]3)nc2)cc1Cl,Druglike,Druglike_1061,1
1455,Druglike_1040-1_out,-8.63,C/C(=C\C[NH3+])c1ccc(-c2[nH]ncc2Cl)cc1,Druglike,Druglike_1040,1
1456,Druglike_868-1_out,-8.63,[NH3+][C@@H](CC(=O)Nc1cccc(O)c1Cl)c1ncn[n-]1,Druglike,Druglike_868,1
1457,Druglike_1734-2_out,-8.629,[NH3+]Cc1ccc(-c2cc(=O)cc(C[NH3+])[nH]2)cc1,Druglike,Druglike_1734,2
1458,Druglike_922-1_out,-8.628,CCc1cnc([C@@H](CO)c2c[nH+]c(C#CCF)c([O-])c2)o1,Druglike,Druglike_922,1
1459,Druglike_1198-1_out,-8.627,O=C([O-])/C(=C/Cc1onc(O)c1C(=O)[O-])C1=CC[C@@H](CO)O1,Druglike,Druglike_1198,1
1460,Druglike_1880-1_out,-8.627,C=Cc1c(CN)[nH]c(-c2ccccc2)cc1=O,Druglike,Druglike_1880,1
1461,Druglike_325-1_out,-8.626,NC(=O)/C=C/CCc1cc(O)cc(-c2cn[nH]n2)c1,Druglike,Druglike_325,1
1462,Druglike_996-2_out,-8.625,C=CC[C@H](C)Cc1cc(C(=O)C2=CCCN2)[nH]c(=O)c1,Druglike,Druglike_996,2
1463,HighDiv_263-1_out,-8.625,O=C1NCCN1c1cc(O)cc(C#CCCCO)c1,HighDiv,HighDiv_263,1
1464,Druglike_1132-1_out,-8.623,CCC/C=C/CCc1nc(CO)c(-c2ccc(=O)[nH]n2)o1,Druglike,Druglike_1132,1
1465,HighDiv_1487-1_out,-8.622,O=C(C#C[C@@H](O)c1cc(O[SH](=O)=O)ccc1O)c1ccco1,HighDiv,HighDiv_1487,1
1466,HighDiv_283-1_out,-8.621,O=C1C=C([C@@H](/C=C/c2cccc(Cl)c2O)CO)C(=O)N1,HighDiv,HighDiv_283,1
1467,HighDiv_43-1_out,-8.621,CCC#Cc1cc(N2CCNC2=O)cc(O)c1[S-],HighDiv,HighDiv_43,1
1468,Druglike_1202-1_out,-8.621,CCOCc1c(C/C=C(/C(=O)[O-])C2=CC[C@@H](CO)O2)o[n-]c1=O,Druglike,Druglike_1202,1
1469,HighDiv_455-1_out,-8.62,[NH3+]Cc1cc(C(=O)[C@H]2CNC=[NH+]2)cc(N=O)c1Br,HighDiv,HighDiv_455,1
1470,Druglike_1043-1_out,-8.62,[NH3+][C@@H](CCC(=O)[O-])c1cc(/C=C/c2cc(O)ccc2I)[nH]n1,Druglike,Druglike_1043,1
1471,Druglike_1605-1_out,-8.619,N[C@@H](C#Cc1nc2[nH]ccc2cc1Cl)C(=O)[O-],Druglike,Druglike_1605,1
1472,Druglike_35-1_out,-8.619,[NH3+]CCOC(=O)C1=C[C@H](C(=O)[O-])C=C(CCCc2ccc(I)nc2)O1,Druglike,Druglike_35,1
1473,Druglike_1944-1_out,-8.618,O=C(C#Cc1cccc(O)c1CCF)O[C@H]1CN=C(CO)C1,Druglike,Druglike_1944,1
1474,HighDiv_959-1_out,-8.618,CCCCCc1cc([SH](=O)=O)cc2c(=O)[n-][nH]c12,HighDiv,HighDiv_959,1
1475,HighDiv_1784-1_out,-8.617,COCc1ccc([S@](=O)c2cc(O)c(I)cc2O)cc1,HighDiv,HighDiv_1784,1
1476,HighDiv_1803-1_out,-8.617,[NH3+]C/C=C1\Cc2ccc(/C=C/[C@H](Cl)[SH](=O)=O)cc2[N-]1,HighDiv,HighDiv_1803,1
1477,HighDiv_505-1_out,-8.617,CSCN(C)CCC#Cc1cc(O)cc(N2CCNC2=O)c1,HighDiv,HighDiv_505,1
1478,Druglike_972-1_out,-8.616,[NH3+]C[C@@](O)(Cl)CCCC#Cc1cc2c(cc1O)OCN2,Druglike,Druglike_972,1
1479,Druglike_205-1_out,-8.615,C[NH+](C)C/C=C\CCCc1cc(O)cc(-c2cn[nH]n2)c1,Druglike,Druglike_205,1
1480,HighDiv_1980-2_out,-8.614,CCS(=O)(=O)CCc1cc(F)c(ON)c(-c2cnc[nH]2)c1,HighDiv,HighDiv_1980,2
1481,HighDiv_270-1_out,-8.613,C=CCCSCc1cc(N2CCNC2=O)cc(O)c1Cl,HighDiv,HighDiv_270,1
1482,HighDiv_45-1_out,-8.611,CCNCC(=O)C1=CC(=O)C(CCl)=C(c2nccc(Br)c2[O-])C1=O,HighDiv,HighDiv_45,1
1483,HighDiv_1613-1_out,-8.61,NC(=O)c1cc2c(O)c([S@](=O)c3cc(O)c(I)cc3O)ccc2s1,HighDiv,HighDiv_1613,1
1484,HighDiv_127-1_out,-8.61,CCCC[C@H](O)Cc1cc(C(=O)N=O)cc([O-])c1Br,HighDiv,HighDiv_127,1
1485,HighDiv_1438-1_out,-8.61,[NH3+]C[C@H](C#Cc1c[nH+]cc([O-])c1)C1=NN=CCN1,HighDiv,HighDiv_1438,1
1486,HighDiv_784-1_out,-8.609,O=Nc1cc(C(=O)[C@@H](Cl)C(=O)[O-])cc(CCCCO)c1Br,HighDiv,HighDiv_784,1
1487,Druglike_1919-1_out,-8.609,O=C1CC[C@@H](/C=C/Cc2ccc(Cl)cc2O)CN1,Druglike,Druglike_1919,1
1488,HighDiv_147-1_out,-8.609,C/C=C/C[C@H](O)Cc1cc(C(=O)N=O)cc([O-])c1Br,HighDiv,HighDiv_147,1
1489,HighDiv_228-1_out,-8.609,CC/C=C/[C@@H](C#Cc1cc(O)cc(Cl)c1)CCO,HighDiv,HighDiv_228,1
1490,HighDiv_206-1_out,-8.608,C=Cc1c(O)cc(N2CCNC2=O)cc1CSCCS(C)(=O)=O,HighDiv,HighDiv_206,1
1491,HighDiv_1945-1_out,-8.608,NOc1c(F)cc(CCS(=O)(=O)CI)cc1-c1c[nH]c(CC(=O)[O-])n1,HighDiv,HighDiv_1945,1
1492,HighDiv_183-1_out,-8.608,O=NC(=O)c1cc(CO)c(Br)c(CONC(=O)[N+](=O)[O-])c1,HighDiv,HighDiv_183,1
1493,Druglike_103-1_out,-8.608,CCCNc1cnc(Cl)c(OC(=O)c2ccc(OCC[NH3+])c(O)c2)c1,Druglike,Druglike_103,1
1494,HighDiv_1543-1_out,-8.607,C=Cc1[nH]cc(O)c(=O)c1C#CC(=O)NCC(C)=O,HighDiv,HighDiv_1543,1
1495,HighDiv_541-1_out,-8.607,C=C[C@@H](/C=C/Cc1oc(C(=O)[O-])nc1C[NH3+])c1csc(=O)[nH]1,HighDiv,HighDiv_541,1
1496,HighDiv_938-1_out,-8.607,O=Nc1cc(F)c([O-])cc1C1=CC(=O)NC1,HighDiv,HighDiv_938,1
1497,Druglike_1181-1_out,-8.606,O=C([O-])c1ncc(/C=C/c2ccc(C(=O)[O-])c(Cl)c2)cn1,Druglike,Druglike_1181,1
1498,HighDiv_1199-1_out,-8.606,O=C(CO)c1cc(O)c(O)c(-c2ccc(O)c([S-])c2)c1,HighDiv,HighDiv_1199,1
1499,HighDiv_828-1_out,-8.606,[NH3+]C[C@@H](CO)CCc1cc(C(=O)CCl)cc(N=O)c1Br,HighDiv,HighDiv_828,1
1500,Druglike_528-1_out,-8.606,CCCCC(=O)/C=C/C(=O)c1n[nH]c(C2=NOCN2)n1,Druglike,Druglike_528,1
1501,Druglike_1668-1_out,-8.604,O=C([O-])C/C(=C\CCCc1noc(=O)[n-]1)c1cn[nH]n1,Druglike,Druglike_1668,1
1502,HighDiv_28-1_out,-8.603,NOc1cc(C(=O)[O-])cc(C[C@@H](N)c2ncn[nH]2)c1Br,HighDiv,HighDiv_28,1
1503,Druglike_1674-1_out,-8.603,CC(=O)c1cc(-c2cnc(C(=O)COCCl)[nH]2)c(C)[nH]1,Druglike,Druglike_1674,1
1504,Druglike_843-1_out,-8.603,OC[C@@H](CCl)c1cc(/C=C/c2cc(O)ccc2I)[nH]n1,Druglike,Druglike_843,1
1505,HighDiv_1370-1_out,-8.602,Oc1ccc(/C=C/C2=C[C@](S)(c3nnn[n-]3)C2)cc1,HighDiv,HighDiv_1370,1
1506,Druglike_1448-1_out,-8.602,O=C1CC[C@@H](/C=C(/Cc2ccc(CO)c(F)c2)c2ncn[nH]2)O1,Druglike,Druglike_1448,1
1507,Druglike_560-1_out,-8.601,CCCc1[nH+]c(C[C@@H](CO)C2=CCC(C[NH3+])=CO2)ccc1[O-],Druglike,Druglike_560,1
1508,Druglike_607-1_out,-8.6,[NH3+]CCC/C=C\CC[C@H](O)C(=O)Nc1cc(F)ccc1F,Druglike,Druglike_607,1
1509,Druglike_1544-1_out,-8.599,CC/C=C/Cc1cc(CC(=O)[O-])cc(NC(N)=O)c1,Druglike,Druglike_1544,1
1510,HighDiv_944-1_out,-8.599,C=CCc1cc(O)cc(N2CCNC2=O)c1,HighDiv,HighDiv_944,1
1511,Druglike_2019-1_out,-8.599,CCc1c(COC(=O)c2cnc(C(=O)[O-])[nH]2)cc[nH]c1=O,Druglike,Druglike_2019,1
1512,HighDiv_1020-1_out,-8.599,Cc1c(Br)ccc([O-])c1-c1cc(C(N)=O)no1,HighDiv,HighDiv_1020,1
1513,HighDiv_729-1_out,-8.598,O=C(Nc1cc(O)cc(O)c1)c1cc([S-])cc([S-])c1Br,HighDiv,HighDiv_729,1
1514,Druglike_1524-1_out,-8.598,Nc1cc(F)cc(/C=C/[C@@H](O)c2cnc(C(=O)[O-])c(CCl)n2)c1,Druglike,Druglike_1524,1
1515,Druglike_381-1_out,-8.597,Oc1cc2c(cc1C#CCCCN[C@H](Cl)CBr)NCO2,Druglike,Druglike_381,1
1516,Druglike_16-1_out,-8.596,O=C1C=C(CCO)[C@@H](/C=C/c2cnc(C(=O)[O-])c(Br)c2)N1,Druglike,Druglike_16,1
1517,Druglike_1696-1_out,-8.596,CC/C=C/[C@H]([NH3+])c1c[nH]c(C(=O)c2cc(=O)[nH]cn2)c1,Druglike,Druglike_1696,1
1518,HighDiv_2315-1_out,-8.596,NC(=O)Nc1ccc(O)c(-c2cnsn2)c1Br,HighDiv,HighDiv_2315,1
1519,Druglike_1729-2_out,-8.596,O=C(C#Cc1cc(O)cc(-c2cnn[nH]2)c1)OCCBr,Druglike,Druglike_1729,2
1520,Druglike_1914-1_out,-8.596,CN/C=C/c1cc(-c2cc(O)cc(C(=O)OCCF)c2)co1,Druglike,Druglike_1914,1
1521,Druglike_586-1_out,-8.594,C[C@H](NCCl)c1cc(/C=C/c2cc(O)ccc2I)[nH]n1,Druglike,Druglike_586,1
1522,Druglike_1513-1_out,-8.594,CCNC(=O)C1=C[C@@H](/C=C2\C=CC(=O)O2)C=C(C(N)=O)O1,Druglike,Druglike_1513,1
1523,Druglike_1026-1_out,-8.593,O=C([O-])/C=C/Cc1nc(-c2nnc(CO)o2)ccc1F,Druglike,Druglike_1026,1
1524,HighDiv_1964-2_out,-8.592,NOc1c(F)cc(CCS(=O)(=O)CCBr)cc1-c1cnc[nH]1,HighDiv,HighDiv_1964,2
1525,Druglike_2035-1_out,-8.592,CCc1nnc(-c2cc(/C=C/CC[NH2+]C)ncc2CO)o1,Druglike,Druglike_2035,1
1526,HighDiv_124-1_out,-8.591,CCCC#Cc1cc(C(=O)[O-])cc(ON)c1Br,HighDiv,HighDiv_124,1
1527,Druglike_519-1_out,-8.591,COCC/C=C\CCCc1cc(O)cc(-c2cn[nH]n2)c1,Druglike,Druglike_519,1
1528,Druglike_106-1_out,-8.591,O=C1C=C[C@@H](/C(=C/c2cnc(CCF)c(Br)c2)C(=O)[O-])N1,Druglike,Druglike_106,1
1529,Druglike_503-1_out,-8.59,C/C=C/C[C@H](CN)c1ccc(C(=O)c2noc(=O)[nH]2)[nH]1,Druglike,Druglike_503,1
1530,HighDiv_220-1_out,-8.59,NOc1cc(C(=O)[O-])cc(CC2C=CC=C2)c1Br,HighDiv,HighDiv_220,1
1531,Druglike_224-1_out,-8.59,CC[C@@H](/C=C/c1cnc(CO)c(Br)c1)c1noc(=O)[n-]1,Druglike,Druglike_224,1
1532,Druglike_181-1_out,-8.589,O=C([O-])c1c[nH]c(=O)nc1C/C=C/C1=NN=CCN1,Druglike,Druglike_181,1
1533,HighDiv_233-1_out,-8.589,NOc1cc(C(=O)[O-])cc(CCC[C@@H](CO)c2cnccn2)c1Br,HighDiv,HighDiv_233,1
1534,Druglike_1695-1_out,-8.588,[NH3+]Cc1cn[nH]c1C#Cc1cc([O-])c[nH+]c1C(=O)[O-],Druglike,Druglike_1695,1
1535,HighDiv_1154-1_out,-8.588,C[C@H](Cl)/C=C/c1c(/C=C/c2nnc([S-])[nH]2)c(=O)c1=O,HighDiv,HighDiv_1154,1
1536,HighDiv_1956-1_out,-8.587,NOc1c(F)cc(CCS(=O)(=O)CF)cc1-c1c[nH]c(CC(=O)[O-])n1,HighDiv,HighDiv_1956,1
1537,Druglike_814-1_out,-8.587,Oc1cc2c(cc1[C@H](O)C[NH2+]CCc1cnon1)NCO2,Druglike,Druglike_814,1
1538,HighDiv_1252-1_out,-8.587,O=C(CO)c1cc(O)c(O)c(C2=CCC=CO2)c1,HighDiv,HighDiv_1252,1
1539,Druglike_393-1_out,-8.586,CCOc1ccc(-c2cccc(O)c2)cc1NC(N)=O,Druglike,Druglike_393,1
1540,HighDiv_156-1_out,-8.586,NOc1cc(C(=O)[O-])cc(CCC[C@@H](CO)c2ncno2)c1Br,HighDiv,HighDiv_156,1
1541,Druglike_465-1_out,-8.585,[NH3+][C@@H](CO)N(CC#Cc1ccccn1)CCC1=CNC=NC1,Druglike,Druglike_465,1
1542,Druglike_664-1_out,-8.585,O=C(Oc1ccccc1O)c1ccc(Cl)c(O)c1,Druglike,Druglike_664,1
1543,Druglike_779-1_out,-8.585,C=C[C@@H](CCC)c1ccc(C(=O)c2noc(=O)[nH]2)[nH]1,Druglike,Druglike_779,1
1544,HighDiv_1843-2_out,-8.585,C=C(C[NH3+])[C@@H](/C=C/Cc1ccc(C(C)=O)c([O-])c1)NO,HighDiv,HighDiv_1843,2
1545,Druglike_592-1_out,-8.585,[NH3+]C/C=C/CCC1=CC(CO)=C(c2n[nH]c(=O)o2)C1,Druglike,Druglike_592,1
1546,HighDiv_341-1_out,-8.584,C/C=[NH+]/C/C=C/c1ccc(I)c(-c2n[nH]c(CC(=O)[O-])n2)n1,HighDiv,HighDiv_341,1
1547,Druglike_53-1_out,-8.584,O=C1C=C[C@@H](/C(=C/c2cnc(CO)c(Br)c2)C(=O)[O-])N1,Druglike,Druglike_53,1
1548,HighDiv_1709-1_out,-8.583,O=[S@@](c1ccc(O)c([S-])c1)c1cc(O)c(I)cc1O,HighDiv,HighDiv_1709,1
1549,HighDiv_128-1_out,-8.583,C=CCC/C=C/C(=O)Oc1cc(C(=O)[O-])cc(ON)c1Br,HighDiv,HighDiv_128,1
1550,Druglike_378-1_out,-8.583,C/C=C/C[C@H](CO)c1ccc(C(=O)c2noc(=O)[nH]2)[nH]1,Druglike,Druglike_378,1
1551,HighDiv_800-1_out,-8.583,C=CCONCc1c[nH]c(=O)c2[nH]c(C(=O)[O-])cc12,HighDiv,HighDiv_800,1
1552,Druglike_1371-1_out,-8.583,[NH3+]CCc1c([C@H](Cl)Cn2ccc(C(=O)[O-])c2C#CCO)o[n-]c1=O,Druglike,Druglike_1371,1
1553,HighDiv_869-1_out,-8.583,C=Cc1cnc(C[C@H]([NH3+])CCc2c(C)cccc2O)c(I)c1,HighDiv,HighDiv_869,1
1554,Druglike_390-2_out,-8.583,CCCC(=O)Nc1cc(O)cc(-c2cnn[nH]2)c1,Druglike,Druglike_390,2
1555,HighDiv_693-1_out,-8.582,C=C/C=C(\C(=O)[O-])c1ccc(-c2cnco2)cc1,HighDiv,HighDiv_693,1
1556,HighDiv_1382-1_out,-8.582,Nc1[nH]nc(C(=O)[O-])c1C#C[C@@H](O)c1ccccc1O,HighDiv,HighDiv_1382,1
1557,Druglike_1360-1_out,-8.582,C=C(C1=CCC=C([C@H](Br)N[C@@H](N)[NH3+])O1)c1cc(=O)c1=O,Druglike,Druglike_1360,1
1558,Druglike_504-1_out,-8.579,C[C@H](CCl)c1cc(/C=C/c2cc(O)ccc2I)[nH]n1,Druglike,Druglike_504,1
1559,HighDiv_1635-1_out,-8.578,C[NH2+]CCc1ccc(-c2c(C(=O)[O-])ccc(CO)c2[S-])cc1,HighDiv,HighDiv_1635,1
1560,Druglike_1638-1_out,-8.578,O=C1OCC([C@@H](O)/C=C/CNc2ccccc2)=C1CF,Druglike,Druglike_1638,1
1561,HighDiv_454-1_out,-8.578,C=CC[NH2+]CNCc1cc(C(=O)C/C=C\C)cc(N=O)c1Br,HighDiv,HighDiv_454,1
1562,HighDiv_2031-1_out,-8.577,C=C[C@@H](C)c1cnc(/C=C/c2c(I)ncc(CO)c2[S-])[nH]1,HighDiv,HighDiv_2031,1
1563,Druglike_875-1_out,-8.576,O=C(c1ccc(CCC[C@H](CBr)CCO)[nH]1)c1noc(=O)[nH]1,Druglike,Druglike_875,1
1564,HighDiv_2048-2_out,-8.575,C[C@H](F)c1c(/C=C(\CO)c2ccccc2)nc(=S)[nH]c1[O-],HighDiv,HighDiv_2048,2
1565,Druglike_1917-1_out,-8.575,O=C(COCBr)c1ccc(-c2[nH]ccc(=O)c2CO)cc1,Druglike,Druglike_1917,1
1566,Druglike_1547-1_out,-8.575,Nc1cc(C/C(=C/[C@@H]2CCC(=O)O2)c2ncn[nH]2)ccc1CO,Druglike,Druglike_1547,1
1567,Druglike_1113-1_out,-8.574,O=C(c1c[nH]c(CBr)c1)c1ncc(/C=C/c2ccc(CO)c(Cl)c2)cn1,Druglike,Druglike_1113,1
1568,Druglike_1817-1_out,-8.573,C#CCC[C@H](O)Cc1cccc(C(=O)NCCC(=O)[O-])c1,Druglike,Druglike_1817,1
1569,Druglike_1072-1_out,-8.573,Cc1ccc(/C=C/c2cnc(C(=O)c3c[nH]c(CC[NH3+])c3)nc2)cc1Cl,Druglike,Druglike_1072,1
1570,Druglike_396-1_out,-8.571,O=C(CF)NCC[C@H](I)C#Cc1cc2c(cc1O)OCN2,Druglike,Druglike_396,1
1571,Druglike_619-2_out,-8.57,C=CCn1ccc([C@H](C(=O)[O-])c2cc(CC(C)=O)[nH]c(=O)n2)n1,Druglike,Druglike_619,2
1572,HighDiv_2005-2_out,-8.57,C=CC(=C)c1cc(F)c(ON)c(-c2cnc[nH]2)c1,HighDiv,HighDiv_2005,2
1573,Druglike_903-1_out,-8.568,[NH3+]C[C@@H](Cl)CCCCC#Cc1cc2c(cc1O)OCN2,Druglike,Druglike_903,1
1574,HighDiv_1478-1_out,-8.568,C=C(CCCl)CNC(=O)C#Cc1c[nH]cc(O)c1=O,HighDiv,HighDiv_1478,1
1575,Druglike_1433-1_out,-8.567,NC/C(=C/c1cnon1)c1ccc(-c2cc(Cl)ccc2O)nc1,Druglike,Druglike_1433,1
1576,HighDiv_1691-1_out,-8.567,NC/C(=C\C(=C\c1ccc(C(=O)[O-])c(F)c1)C(=O)[O-])[N+](=O)[O-],HighDiv,HighDiv_1691,1
1577,Druglike_229-1_out,-8.567,C=C(C)CCCCc1cc(O)cc(-c2cn[nH]n2)c1,Druglike,Druglike_229,1
1578,Druglike_1821-1_out,-8.566,CCOC(=O)c1ccc(-c2cc(=O)cc[nH]2)cc1CO,Druglike,Druglike_1821,1
1579,Druglike_949-1_out,-8.565,CC#CCc1cc([O-])c[nH+]c1C(=O)c1ccc[nH]1,Druglike,Druglike_949,1
1580,HighDiv_1298-1_out,-8.564,CC(=O)c1cc(O)c([O-])c(-c2cnon2)c1,HighDiv,HighDiv_1298,1
1581,HighDiv_1921-1_out,-8.564,O=C(/C=C/C1=CCON1)[C@H](Cl)C/C=C/C1=CCN=CN1,HighDiv,HighDiv_1921,1
1582,HighDiv_1174-1_out,-8.564,[NH3+]CC[C@@H](O)C#Cc1cc(O)cc(CC(=O)[O-])c1,HighDiv,HighDiv_1174,1
1583,HighDiv_1296-1_out,-8.563,O=N[C@H](C#CCN1CCCC1)c1c(O)cccc1OP(=O)([O-])[O-],HighDiv,HighDiv_1296,1
1584,HighDiv_769-1_out,-8.563,NC(=O)c1ccc(I)c(-c2n[nH]c(CC(=O)[O-])n2)n1,HighDiv,HighDiv_769,1
1585,Druglike_789-1_out,-8.562,CCCc1cnc([C@@H](CO)c2ccc(C#CC(=O)[O-])nc2)o1,Druglike,Druglike_789,1
1586,HighDiv_920-1_out,-8.561,C[NH2+]CCC#Cc1cc(O)cc(N2CCNC2=O)c1,HighDiv,HighDiv_920,1
1587,HighDiv_1735-1_out,-8.56,O=[N+]([O-])c1ccc([S-])c(/C=C/[C@H]2C=NN=CN2)c1,HighDiv,HighDiv_1735,1
1588,Druglike_450-1_out,-8.559,CCCCc1cc(/C=C/c2cc(O)ccc2I)[nH]n1,Druglike,Druglike_450,1
1589,Druglike_721-1_out,-8.559,Oc1cc2c(cc1C#CCCCC(CCl)CCl)NCO2,Druglike,Druglike_721,1
1590,HighDiv_1507-1_out,-8.559,O=C([O-])n1cc([N+](=O)[O-])c(CCc2n[nH]c(=O)o2)n1,HighDiv,HighDiv_1507,1
1591,Druglike_1028-1_out,-8.559,O=c1[n-]c(/C=C/c2cc(O)cc(CCCCO)c2)no1,Druglike,Druglike_1028,1
1592,Druglike_512-1_out,-8.558,Cc1nnc(C#Cc2n[nH]c([C@H](O)CCl)n2)n1CBr,Druglike,Druglike_512,1
1593,HighDiv_1304-1_out,-8.557,O=C(C#Cc1c(C(=O)[O-])[nH]cc(O)c1=O)NCCCl,HighDiv,HighDiv_1304,1
1594,Druglike_1029-1_out,-8.557,CC(=O)CCC#CCc1cc(O)cc(-c2cn[nH]n2)c1,Druglike,Druglike_1029,1
1595,HighDiv_527-1_out,-8.556,O=C([O-])Cc1nc(-c2nc(/C=C/CCO)ccc2I)n[nH]1,HighDiv,HighDiv_527,1
1596,HighDiv_2021-1_out,-8.556,CC#CCc1nc(-c2cc(O)cc(F)c2ON)c[nH]1,HighDiv,HighDiv_2021,1
1597,Druglike_500-1_out,-8.556,C=CCc1[nH+]c(C[C@@H](CO)C2=CCC(C[NH3+])=CO2)ccc1[O-],Druglike,Druglike_500,1
1598,Druglike_1588-1_out,-8.555,C[C@]([NH3+])(/C=C/c1ccc(O)c(Cl)c1)C1=CCNC1,Druglike,Druglike_1588,1
1599,HighDiv_476-1_out,-8.554,O=c1[nH]nc([C@@H](C#Cc2cccc(O)c2)CO)[nH]1,HighDiv,HighDiv_476,1
1600,HighDiv_1755-1_out,-8.554,O=c1cc[nH]cc1[S@](=O)c1cc(O)c(I)cc1O,HighDiv,HighDiv_1755,1
1601,HighDiv_1334-1_out,-8.552,C=C[C@@H](COC(C)=O)NC(=O)C#Cc1c[nH]cc(O)c1=O,HighDiv,HighDiv_1334,1
1602,Druglike_1890-1_out,-8.55,COc1cccc(-c2cc(=O)cc(CN)[nH]2)c1,Druglike,Druglike_1890,1
1603,Druglike_760-1_out,-8.55,O=C(O)CC/C=C/CCc1ccc(C(=O)c2noc(=O)[nH]2)[nH]1,Druglike,Druglike_760,1
1604,Druglike_411-1_out,-8.549,O=C([O-])c1c[nH]c(=O)nc1CCCC1=CCCC1,Druglike,Druglike_411,1
1605,HighDiv_2114-1_out,-8.549,NN[C@@H](CC#CCC(=O)[O-])c1cc(O)c(O)c(Cl)c1,HighDiv,HighDiv_2114,1
1606,Druglike_1356-1_out,-8.549,O=C([O-])[C@H](/C=C/c1ccc(CO)c2ncoc12)c1cocn1,Druglike,Druglike_1356,1
1607,HighDiv_457-1_out,-8.548,[NH3+][C@@H]([O-])COCCCc1cc(C(=O)N=O)cc(N=O)c1Br,HighDiv,HighDiv_457,1
1608,Druglike_73-1_out,-8.548,[NH3+]CC#Cc1ccc2c(c1)C=C(C(=O)[O-])C2,Druglike,Druglike_73,1
1609,Druglike_1308-1_out,-8.548,O=C([O-])/C(=C/Cc1o[n-]c(=O)c1CCF)C1=CC[C@@H](CO)O1,Druglike,Druglike_1308,1
1610,Druglike_1915-1_out,-8.547,O=C(C#Cc1cccc(O)c1I)O[C@H]1CN=C(CO)C1,Druglike,Druglike_1915,1
1611,Druglike_736-1_out,-8.547,[NH3+]Cc1ccc(F)nc1C#C[C@H]1NC(=O)C=C1CF,Druglike,Druglike_736,1
1612,Druglike_1959-1_out,-8.546,O=C(CO)[C@@H](c1ccc(Cl)c(F)c1)c1n[nH]c(=O)o1,Druglike,Druglike_1959,1
1613,HighDiv_1908-2_out,-8.545,O=C([O-])/C=C/Cc1cc(F)c(O)c(-c2[nH]ncc2Br)c1,HighDiv,HighDiv_1908,2
1614,HighDiv_146-1_out,-8.545,C=CCONCc1c(CO)[nH]c(=O)c2[nH]c(C(=O)[O-])cc12,HighDiv,HighDiv_146,1
1615,HighDiv_2147-1_out,-8.545,O=C([O-])/C=C/c1nc(-c2ccnc(Cl)c2F)n[nH]1,HighDiv,HighDiv_2147,1
1616,HighDiv_1058-1_out,-8.545,OCC/C(C[C@@H]1CCCO1)=N/Cc1cc2cc[nH]c2cc1O,HighDiv,HighDiv_1058,1
1617,HighDiv_1677-1_out,-8.545,Cc1ccc(-c2c(C(=O)[O-])ccc(CO)c2[S-])cc1,HighDiv,HighDiv_1677,1
1618,HighDiv_1391-1_out,-8.544,C=Cc1[nH+]cc([O-])cc1C#C[C@@H](C[NH3+])C1=CNC=NC1,HighDiv,HighDiv_1391,1
1619,HighDiv_162-1_out,-8.544,[NH3+]Cc1cc(C(=O)[C@H]2CCNN2)cc(N=O)c1Br,HighDiv,HighDiv_162,1
1620,HighDiv_652-1_out,-8.543,C=C(C(C)=O)c1cc(O)cc(N2CCNC2=O)c1,HighDiv,HighDiv_652,1
1621,Druglike_240-1_out,-8.543,O=C([O-])c1c[nH]c(=O)nc1CCCc1[nH]cnc1Cl,Druglike,Druglike_240,1
1622,HighDiv_2033-1_out,-8.543,C=C[C@](C)(CNN)c1cnc(/C=C/c2c([S-])ccnc2I)[nH]1,HighDiv,HighDiv_2033,1
1623,Druglike_1109-1_out,-8.541,CC(=O)Cc1c(O)noc1C/C=C(/CF)C1=CC[C@@H](CO)O1,Druglike,Druglike_1109,1
1624,Druglike_642-1_out,-8.539,CCCOC(=O)CCc1o[n-]c(=O)c1-c1cnc(C(=O)CO)o1,Druglike,Druglike_642,1
1625,HighDiv_1082-1_out,-8.539,[S-]c1cc(-c2ccco2)ccc1CCC1=NOCN1,HighDiv,HighDiv_1082,1
1626,Druglike_1255-1_out,-8.537,O=C1NN=C(/C=C2\C=Cc3cc(CO)ccc32)[C@@H]1Br,Druglike,Druglike_1255,1
1627,HighDiv_1223-1_out,-8.536,C=C(C[NH3+])[C@@H](CBr)NC(=O)C#Cc1c[nH]cc(O)c1=O,HighDiv,HighDiv_1223,1
1628,Druglike_661-1_out,-8.534,C=C(CCCCc1cc(O)cc(-c2cn[nH]n2)c1)CC[NH2+]C,Druglike,Druglike_661,1
1629,Druglike_1654-1_out,-8.533,O=C1C=C(C#C[C@H](C(=O)[O-])c2cnon2)CN1,Druglike,Druglike_1654,1
1630,HighDiv_711-1_out,-8.532,O=C1NCCN1c1cc(O)cc(CCCCCCO)c1,HighDiv,HighDiv_711,1
1631,HighDiv_555-1_out,-8.529,N/C=C\CS(=O)(=O)CCSCc1cc(O)cc(N2CCNC2=O)c1,HighDiv,HighDiv_555,1
1632,HighDiv_1674-1_out,-8.529,O=[S@@](c1ccc(Br)cc1)c1cc(O)c(I)cc1O,HighDiv,HighDiv_1674,1
1633,Druglike_1571-1_out,-8.528,CCCNc1cc(C(=O)c2cc([O-])[nH]n2)nc(NCC(=O)[O-])n1,Druglike,Druglike_1571,1
1634,Druglike_1948-1_out,-8.528,[O-]c1cc(OC[C@H](O)c2nc(Cl)c[nH]2)ncc1Cl,Druglike,Druglike_1948,1
1635,Druglike_1142-1_out,-8.526,O=C([O-])/C(=C/Cc1o[n-]c(=O)c1CBr)C1=CC[C@@H](CO)O1,Druglike,Druglike_1142,1
1636,HighDiv_651-1_out,-8.524,COCC(=O)c1cc([O-])c(Br)c(OCC2=C[NH+]=CNC2)c1,HighDiv,HighDiv_651,1
1637,HighDiv_993-1_out,-8.524,O=Nc1cc(C(=O)c2cn[n-]n2)cc([O-])c1Br,HighDiv,HighDiv_993,1
1638,HighDiv_674-1_out,-8.523,O=Nc1cc(C(=O)c2nnco2)cc(CCC[NH2+]CCO)c1Br,HighDiv,HighDiv_674,1
1639,HighDiv_906-1_out,-8.523,C=C/C(=C\CS)c1noc(-c2cc(O)c(F)cc2O)n1,HighDiv,HighDiv_906,1
1640,HighDiv_1951-1_out,-8.523,CNC(=O)c1nc(-c2cc(CCCC(=O)[O-])cc(F)c2ON)c[nH]1,HighDiv,HighDiv_1951,1
1641,HighDiv_2228-1_out,-8.522,C=CCc1cc(F)c(ON)c(/C=C/c2nnn[n-]2)c1,HighDiv,HighDiv_2228,1
1642,HighDiv_2042-1_out,-8.522,[NH3+][C@H]1NCCN1CC(=O)Cc1ccc2c(c1O)CC=C2CO,HighDiv,HighDiv_2042,1
1643,HighDiv_641-1_out,-8.521,[NH3+]C/C=C/c1nnc(Nc2ccc(-c3cn[nH]c3)cc2)s1,HighDiv,HighDiv_641,1
1644,Druglike_924-1_out,-8.52,NC(=O)c1ncc(C(=O)C#Cc2c[nH]c(CCF)n2)o1,Druglike,Druglike_924,1
1645,HighDiv_296-1_out,-8.52,O=Nc1cc(F)c([O-])cc1-c1c[nH]c(CBr)c1,HighDiv,HighDiv_296,1
1646,HighDiv_814-1_out,-8.519,NC(=O)CCNCC(=O)c1cc(F)c(Br)c(N=O)c1,HighDiv,HighDiv_814,1
1647,Druglike_1490-1_out,-8.517,C/C=C(\c1cccc(Cl)c1Cl)c1[nH]nnc1C(=O)[O-],Druglike,Druglike_1490,1
1648,Druglike_896-1_out,-8.517,COCC1=CC(=O)N[C@@H]1C#Cc1nc(F)ccc1CO,Druglike,Druglike_896,1
1649,HighDiv_1011-1_out,-8.516,O=C([O-])c1nc(CO)c(CC[NH2+]Cc2n[nH]cc2Cl)o1,HighDiv,HighDiv_1011,1
1650,HighDiv_611-1_out,-8.516,O=Nc1ccnc(-c2n[nH]c(CC(=O)[O-])n2)c1I,HighDiv,HighDiv_611,1
1651,Druglike_1525-1_out,-8.516,NC(=O)Nc1cc(/C=C/C[NH2+]C[C@H]2CCOC2)cc(C[NH3+])c1,Druglike,Druglike_1525,1
1652,Druglike_234-1_out,-8.516,Oc1cc2c(cc1C#C[C@@H](CF)CCCCl)NCO2,Druglike,Druglike_234,1
1653,HighDiv_1484-1_out,-8.514,CCc1[nH]cc(O)c(=O)c1C#CC(=O)NCCCC(C)=O,HighDiv,HighDiv_1484,1
1654,Druglike_1977-1_out,-8.514,O=C([O-])Cc1occ(-c2cc(O)cc(CO)c2)c1CF,Druglike,Druglike_1977,1
1655,Druglike_511-1_out,-8.514,OCC[C@@]1(c2cc(/C=C/c3cc(O)ccc3I)[nH]n2)CN1,Druglike,Druglike_511,1
1656,HighDiv_859-1_out,-8.514,O=Nc1cc(C(=O)[C@H](O)CC[P@@](=O)([O-])O)cc([O-])c1Br,HighDiv,HighDiv_859,1
1657,Druglike_1586-1_out,-8.512,C=C[C@H](CCc1cccc(CC(=O)[O-])c1)n1cc(C[NH3+])nn1,Druglike,Druglike_1586,1
1658,Druglike_866-1_out,-8.512,CCCCCc1nc(C#Cc2nnc(CCO)n2CC)n[nH]1,Druglike,Druglike_866,1
1659,Druglike_1207-1_out,-8.511,O=C([O-])/C(=C/Cc1o[n-]c(=O)c1CCl)C1=CC[C@@H](CO)O1,Druglike,Druglike_1207,1
1660,HighDiv_819-1_out,-8.511,O=Nc1cc(C(=O)CCl)cc(CC[NH2+]CCCO)c1Br,HighDiv,HighDiv_819,1
1661,Druglike_372-1_out,-8.511,O=C(CF)CC1=C[C@@H](/C=C/c2cncc(Br)c2)NC(CO)=C1,Druglike,Druglike_372,1
1662,HighDiv_1597-1_out,-8.51,C/C(=C\Cc1c[nH]cc1C(=O)c1nn(C(=O)[O-])cc1Br)CO,HighDiv,HighDiv_1597,1
1663,HighDiv_243-1_out,-8.51,[NH3+]C/C=C/CCc1cncc(Nc2cc(F)cc([S-])c2Br)c1,HighDiv,HighDiv_243,1
1664,HighDiv_1238-2_out,-8.51,C/C=C/C(=O)c1cc(O)c([O-])c(-c2ncncn2)c1,HighDiv,HighDiv_1238,2
1665,Druglike_1287-1_out,-8.51,O=C(NCCl)n1cnc([C@@H](O)CC#CCn2ccnc2)n1,Druglike,Druglike_1287,1
1666,HighDiv_1013-1_out,-8.51,C/C=C\COCc1cc(NC(N)=S)cc(O)c1[S-],HighDiv,HighDiv_1013,1
1667,Druglike_397-1_out,-8.509,CC(=O)C1=C[C@@H](C[NH3+])[N-]C(/C=C/C[NH2+]Cc2n[nH]cc2Br)=N1,Druglike,Druglike_397,1
1668,HighDiv_2101-1_out,-8.509,C=CCc1nc(-c2cc(C=S)cc(F)c2ON)c[nH]1,HighDiv,HighDiv_2101,1
1669,HighDiv_1272-1_out,-8.508,C=C[C@@H](CBr)NC(=O)C#Cc1c[nH]cc(O)c1=O,HighDiv,HighDiv_1272,1
1670,Druglike_344-1_out,-8.507,[NH3+]CCC/C(=C/CCc1cc(O)cc(-c2cn[nH]n2)c1)C(=O)[O-],Druglike,Druglike_344,1
1671,Druglike_1927-2_out,-8.507,[NH3+]Cc1cc(=O)cc(-c2ccc(O)cc2)[nH]1,Druglike,Druglike_1927,2
1672,HighDiv_2140-1_out,-8.506,C#CCc1nc(-c2cc(C=S)cc(F)c2ON)c[nH]1,HighDiv,HighDiv_2140,1
1673,Druglike_1560-1_out,-8.506,CCCc1nonc1/C=C(/CO)c1cc2[nH]ncc2cn1,Druglike,Druglike_1560,1
1674,Druglike_1208-1_out,-8.505,CCCc1c(O)noc1C/C=C(/C(=O)[O-])C1=CC[C@@H](CO)O1,Druglike,Druglike_1208,1
1675,HighDiv_724-1_out,-8.505,C=CC(=O)c1cc(CC[C@@H]([NH3+])CO)c(Br)c(N=O)c1,HighDiv,HighDiv_724,1
1676,Druglike_1135-1_out,-8.505,CCCC/C=C/c1nc(CO)c(-c2ccc(=O)[nH]n2)o1,Druglike,Druglike_1135,1
1677,HighDiv_1336-1_out,-8.505,C[C@@H](CBr)NC(=O)C#Cc1c(CC(=O)[O-])[nH]cc(O)c1=O,HighDiv,HighDiv_1336,1
1678,Druglike_122-2_out,-8.504,O=C([O-])c1cnc(=O)[nH]c1[C@@H](O)/C=C/c1cn[nH]c1,Druglike,Druglike_122,2
1679,HighDiv_234-1_out,-8.504,NOc1cc(C(=O)[O-])cc(C#CCCC[NH3+])c1Br,HighDiv,HighDiv_234,1
1680,HighDiv_1524-1_out,-8.504,Nc1cc(Cl)cc(-c2cc(C(=O)[O-])ccc2[S-])c1,HighDiv,HighDiv_1524,1
1681,HighDiv_1957-1_out,-8.504,CS(=O)(=O)CCc1cc(F)c(ON)c(-c2c[nH]c(CC(=O)[O-])n2)c1,HighDiv,HighDiv_1957,1
1682,Druglike_1854-1_out,-8.503,O=C([O-])c1c[nH]c([C@H](C(=O)[O-])c2n[nH]c(=O)o2)c1,Druglike,Druglike_1854,1
1683,HighDiv_1998-2_out,-8.503,CS(=O)(=O)CCc1cc(F)c(ON)c(-c2cnc[nH]2)c1,HighDiv,HighDiv_1998,2
1684,HighDiv_497-2_out,-8.502,NCC(=O)NC[C@H](O)Cc1cc(C(=O)N=O)cc([O-])c1Br,HighDiv,HighDiv_497,2
1685,Druglike_1483-1_out,-8.501,C[C@@H](F)c1nn[nH]c1/C(=C/CO)c1cncc(NCCl)n1,Druglike,Druglike_1483,1
1686,HighDiv_1955-1_out,-8.501,CNC(=O)c1nc(-c2cc(CCCO)cc(F)c2ON)c[nH]1,HighDiv,HighDiv_1955,1
1687,Druglike_1946-1_out,-8.5,[NH3+]CCCc1cc(O)cc(C#CC(=O)OCCc2nnn[n-]2)c1,Druglike,Druglike_1946,1
1688,HighDiv_1744-1_out,-8.5,O=[S@@](c1cc(O)cc(Br)c1)c1cc(O)c(I)cc1O,HighDiv,HighDiv_1744,1
1689,HighDiv_34-1_out,-8.499,NOc1cc(C(=O)[O-])cc(C#CCCCCF)c1Br,HighDiv,HighDiv_34,1
1690,HighDiv_1295-1_out,-8.499,C=Cc1ccc(-c2c[nH]cc(O)c2=O)cc1CO,HighDiv,HighDiv_1295,1
1691,HighDiv_1375-1_out,-8.498,O=c1[nH]c(COCc2ccc(-c3c[nH]c(=S)[nH]3)c(CS)c2)no1,HighDiv,HighDiv_1375,1
1692,Druglike_414-1_out,-8.498,C=C(CCCCc1cc(O)cc(-c2cn[nH]n2)c1)C[NH2+]C,Druglike,Druglike_414,1
1693,Druglike_573-1_out,-8.498,CCCC(=O)/C=C/C(=O)c1n[nH]c(C2=NOCN2)n1,Druglike,Druglike_573,1
1694,HighDiv_2117-1_out,-8.498,O=C([O-])[C@@H](COc1cc(F)ccc1O)c1ncn[nH]1,HighDiv,HighDiv_2117,1
1695,HighDiv_745-1_out,-8.497,O=C1NC[C@@H](CCc2ccc(CO)c(/C=C\CO)c2)N1,HighDiv,HighDiv_745,1
1696,HighDiv_74-1_out,-8.497,C#C[C@@H](Cc1cc(C(=O)N=O)cc([O-])c1Br)NN,HighDiv,HighDiv_74,1
1697,Druglike_697-1_out,-8.496,CC/C=C/c1cnc(-c2[nH]nc(CO)c2C(=O)[O-])cc1Br,Druglike,Druglike_697,1
1698,Druglike_81-1_out,-8.495,CCCC/C=C/c1cc(O)cc(-c2c[nH]nn2)c1,Druglike,Druglike_81,1
1699,HighDiv_1683-1_out,-8.495,O=[S@@](c1cccc(O)c1)c1cc(O)c(I)cc1O,HighDiv,HighDiv_1683,1
1700,Druglike_584-1_out,-8.494,C=C[C@@H](CCCCl)c1ccc(C(=O)c2noc(=O)[nH]2)[nH]1,Druglike,Druglike_584,1
1701,HighDiv_1640-1_out,-8.494,O=C([O-])C[NH2+]CCc1ccc(-c2c(C(=O)[O-])ccc(CO)c2[S-])cc1,HighDiv,HighDiv_1640,1
1702,HighDiv_2259-1_out,-8.494,CCCc1cc(F)c(ON)c(/C=C/c2nnn[n-]2)c1,HighDiv,HighDiv_2259,1
1703,HighDiv_566-1_out,-8.493,C=C[C@@H](/C=C/Cc1oc(C(=O)[O-])nc1C[NH3+])C1=CCOC1,HighDiv,HighDiv_566,1
1704,HighDiv_909-2_out,-8.493,[NH3+][C@H](C#Cc1cc(O)cc(CO)c1)CC#CCCBr,HighDiv,HighDiv_909,2
1705,Druglike_929-1_out,-8.493,Oc1cc(Cl)ccc1C#Cc1[nH]cnc1Cl,Druglike,Druglike_929,1
1706,Druglike_193-1_out,-8.493,O=C(OCCCO)C1=CCC=C(C[C@@H](O)Cc2ccc(I)nc2)O1,Druglike,Druglike_193,1
1707,Druglike_1161-1_out,-8.492,C[C@H](O)c1n[n-]c(C(=O)c2ccc(I)c(I)c2)n1,Druglike,Druglike_1161,1
1708,HighDiv_1933-1_out,-8.492,N[C@H](Cc1cc(=O)cc[nH]1)C(=O)/C=C/C1=C(CF)CON1,HighDiv,HighDiv_1933,1
1709,HighDiv_712-1_out,-8.492,O=Nc1cc(F)c([O-])cc1-c1c[nH]c(CCCS[S-])c1,HighDiv,HighDiv_712,1
1710,HighDiv_1952-1_out,-8.492,NCC(=O)c1nc(-c2cc(CCS(=O)(=O)C[S-])cc(F)c2ON)c[nH]1,HighDiv,HighDiv_1952,1
1711,Druglike_497-1_out,-8.491,CCC(=O)C1=C[C@@H](/C=C/c2cncc(Br)c2)NC(CO)=C1,Druglike,Druglike_497,1
1712,HighDiv_1033-1_out,-8.491,C#CC(=O)OCc1ccc(C#C[C@@H](O)CO)c(Cl)c1Cl,HighDiv,HighDiv_1033,1
1713,HighDiv_755-1_out,-8.49,NC(=S)Nc1cc(O)c([S-])c(C(=O)[N+](=O)[O-])c1,HighDiv,HighDiv_755,1
1714,Druglike_199-2_out,-8.49,O=C([O-])c1c[nH]c(=O)nc1C/C=C/[C@H]1C=CC1,Druglike,Druglike_199,2
1715,Druglike_1985-1_out,-8.489,C#Cc1cc(-c2ccc(C(=O)CCC[NH3+])c(O)c2)co1,Druglike,Druglike_1985,1
1716,HighDiv_749-1_out,-8.489,CSCNC(=O)c1noc(-c2cc(O)c(F)cc2O)n1,HighDiv,HighDiv_749,1
1717,Druglike_788-1_out,-8.489,[NH3+]CC[C@H](/C=C/c1cnc(C(=O)[O-])c(Br)c1)c1ncncn1,Druglike,Druglike_788,1
1718,Druglike_1724-1_out,-8.488,C=C[C@H](CC)c1cccc(C(=O)NCCC(=O)[O-])c1,Druglike,Druglike_1724,1
1719,Druglike_1217-1_out,-8.488,O=C([O-])c1cc(F)ccc1-c1cn[nH]c1C(=O)[O-],Druglike,Druglike_1217,1
1720,HighDiv_709-1_out,-8.487,CCC(=O)NOc1cc(C(=O)CC(=O)NC)cc(N=O)c1Br,HighDiv,HighDiv_709,1
1721,Druglike_342-1_out,-8.487,O=C([O-])c1n[nH]c(-c2ccc(CCCCCO)c(C(=O)[O-])c2)n1,Druglike,Druglike_342,1
1722,Druglike_846-1_out,-8.486,CCCCCCn1nc(-c2cc(Br)c(CCO)cn2)[nH]c1=O,Druglike,Druglike_846,1
1723,Druglike_928-1_out,-8.485,CC1=C(CO)OC(C(=O)c2n[nH]c(=O)[nH]2)=CC1,Druglike,Druglike_928,1
1724,Druglike_1274-2_out,-8.484,NC(=O)c1oc(Br)cc1CC[C@H]([NH3+])Cc1nc[nH]c1Cl,Druglike,Druglike_1274,2
1725,HighDiv_401-1_out,-8.484,C=CCC#CCc1cc(C(=O)[O-])cc(ON)c1Br,HighDiv,HighDiv_401,1
1726,HighDiv_1801-1_out,-8.484,O=[S@@](c1ccc(-c2ncon2)cc1)c1cc(O)c(I)cc1O,HighDiv,HighDiv_1801,1
1727,Druglike_552-1_out,-8.483,C#CCCCCc1cc(O)cc(-c2cn[nH]n2)c1,Druglike,Druglike_552,1
1728,Druglike_130-1_out,-8.483,Oc1cc2c(cc1C#C[C@H](O)CCCCl)NCO2,Druglike,Druglike_130,1
1729,Druglike_1034-1_out,-8.483,C=C(N)c1coc(C(=O)Cc2cccc(O)c2Br)c1,Druglike,Druglike_1034,1
1730,Druglike_1816-1_out,-8.482,O=C(C#Cc1cc(O)ccc1CO)OCCN1C=CCC1,Druglike,Druglike_1816,1
1731,Druglike_243-1_out,-8.482,CCCOCCCCCCc1cc(O)cc(-c2cn[nH]n2)c1,Druglike,Druglike_243,1
1732,HighDiv_779-1_out,-8.481,O=C([O-])c1nc(CO)c(CC/C=C/[C@H]2C=CC2)o1,HighDiv,HighDiv_779,1
1733,Druglike_1206-1_out,-8.48,CCCC/C=C/c1nc(C[NH3+])c(-c2cc(C)c(=O)[nH]n2)o1,Druglike,Druglike_1206,1
1734,Druglike_1300-1_out,-8.478,Nc1cc(I)ccc1/C=C/[C@H](C(=O)[O-])c1cnoc1,Druglike,Druglike_1300,1
1735,Druglike_1470-1_out,-8.478,CC(=O)OC(=O)c1c(C(=O)[O-])c[nH]c1/C=C/C1NC[NH2+]CN1,Druglike,Druglike_1470,1
1736,HighDiv_1871-1_out,-8.478,C/C=C\CC#Cc1cc(Cl)cc(NC(=O)NN=O)c1,HighDiv,HighDiv_1871,1
1737,Druglike_1337-1_out,-8.477,Nc1cc(I)ccc1/C=C/[C@H](CCc1cocn1)C(=O)[O-],Druglike,Druglike_1337,1
1738,Druglike_464-1_out,-8.475,CC/C=C/CCCC[NH2+]CCc1cc2c(cc1O)OCN2,Druglike,Druglike_464,1
1739,HighDiv_1651-1_out,-8.475,O=C([O-])/C=C/c1ccc2ccc([S-])cc2c1,HighDiv,HighDiv_1651,1
1740,Druglike_944-1_out,-8.473,C=C(COC(=O)CC)CC(=O)c1nc(NC)c2cn[nH]c2n1,Druglike,Druglike_944,1
1741,Druglike_1212-1_out,-8.473,CCCCCCCc1nc(CO)c(-c2cc(CC)c(=O)[nH]n2)o1,Druglike,Druglike_1212,1
1742,Druglike_982-1_out,-8.472,CC(=O)Cc1cc([C@@H](C(=O)[O-])c2cc(CCl)n[nH]2)[nH]c(=O)n1,Druglike,Druglike_982,1
1743,HighDiv_1975-1_out,-8.472,CC/C=C(/C)c1cc(F)c(ON)c(-c2c[nH]cn2)c1,HighDiv,HighDiv_1975,1
1744,HighDiv_1461-1_out,-8.471,[NH3+]C[C@@H](C[NH2+]CC1=CC=CCN1)c1ccc(Br)cc1O,HighDiv,HighDiv_1461,1
1745,HighDiv_1187-1_out,-8.47,O=C(NCc1c[nH+]cc([O-])c1)c1ccc(I)c(Br)c1,HighDiv,HighDiv_1187,1
1746,HighDiv_1922-1_out,-8.47,O=[N+]([O-])c1ncn(C[C@H](O)c2ccnc(Cl)c2)c1CNO,HighDiv,HighDiv_1922,1
1747,HighDiv_225-1_out,-8.47,CCC(=O)c1cc(N2CCNC2=O)cc(O)c1O,HighDiv,HighDiv_225,1
1748,HighDiv_494-1_out,-8.47,NC(=O)c1cnc(COc2cc(C[NH3+])cc3c2OCC3=O)c(I)c1,HighDiv,HighDiv_494,1
1749,HighDiv_631-1_out,-8.47,NC(=O)c1cnc(COc2cc(C[NH3+])cc3c2OCC3=O)c(I)c1,HighDiv,HighDiv_631,1
1750,HighDiv_312-1_out,-8.469,NOc1cc(C(=O)[O-])cc(C#CCCCC=S)c1Br,HighDiv,HighDiv_312,1
1751,Druglike_1863-1_out,-8.469,C=Cc1c(-c2nnc(CCCO)o2)[nH]ccc1=O,Druglike,Druglike_1863,1
1752,Druglike_1355-1_out,-8.468,NCC(=O)c1ncc(/C=C/c2ccc(CO)c(Cl)c2)cn1,Druglike,Druglike_1355,1
1753,Druglike_1531-1_out,-8.468,CCN[C@H]([NH3+])NCCCc1cc(-c2cnoc2CCl)oc(=O)c1,Druglike,Druglike_1531,1
1754,Druglike_293-1_out,-8.467,O=C(CO)c1nc(C#CCC[C@@H]2CCC[NH2+]2)cnc1Cl,Druglike,Druglike_293,1
1755,HighDiv_1620-1_out,-8.467,C=C[C@@H](OC(=O)/C=C\c1nc2ccccc2[nH]1)C(=O)[O-],HighDiv,HighDiv_1620,1
1756,Druglike_1764-1_out,-8.467,C=CCc1[nH]c([C@H](C(=O)[O-])c2c[nH]c[nH+]2)cc1C(=O)[O-],Druglike,Druglike_1764,1
1757,Druglike_494-1_out,-8.466,[NH3+][C@H](C/C=C/c1cc(O)ccc1I)C1=CCCOC1,Druglike,Druglike_494,1
1758,Druglike_860-1_out,-8.466,O=C([O-])/C=C/Cc1[nH+]c(-c2nnc(CO)o2)ccc1[O-],Druglike,Druglike_860,1
1759,HighDiv_279-1_out,-8.463,O=C(Nc1cc(O)cc(OCCl)c1)c1cc([S-])cc([S-])c1Br,HighDiv,HighDiv_279,1
1760,Druglike_1622-1_out,-8.463,O=C([O-])CC#Cc1cccc([C@H](Br)C(=O)[O-])c1,Druglike,Druglike_1622,1
1761,HighDiv_1901-1_out,-8.462,Nc1cc(P(=O)([O-])[O-])cc(F)c1/C=C/[C@@H]([NH3+])c1csnn1,HighDiv,HighDiv_1901,1
1762,Druglike_1220-1_out,-8.462,NC(=O)Cc1c(C/C=C(/CF)C2=CC[C@@H](CO)O2)o[n-]c1=O,Druglike,Druglike_1220,1
1763,Druglike_168-1_out,-8.461,CC1=CC(=O)N[C@@H]1/C=C/c1cnc(CO)c(Br)c1,Druglike,Druglike_168,1
1764,Druglike_546-1_out,-8.461,O=C([O-])CC(=O)NCC[C@H](I)C#Cc1cc2c(cc1O)OCN2,Druglike,Druglike_546,1
1765,HighDiv_1687-1_out,-8.461,O=[S@@](c1ccccc1)c1cc(O)c(I)cc1O,HighDiv,HighDiv_1687,1
1766,HighDiv_2038-1_out,-8.46,C=CCOc1cc(F)c(ON)c(-c2cn(C(=O)[O-])cn2)c1,HighDiv,HighDiv_2038,1
1767,Druglike_1151-2_out,-8.46,O=C([O-])C/C(C#Cc1cccc(O)c1Cl)=C1\CC(=O)CO1,Druglike,Druglike_1151,2
1768,HighDiv_2323-1_out,-8.46,COc1cnc(C#C[C@H](N)c2cn[nH]n2)c([O-])c1Br,HighDiv,HighDiv_2323,1
1769,Druglike_1457-2_out,-8.459,C/C=C\C(=O)c1nc(-c2cc(COC)[nH]c2CO)c[nH]1,Druglike,Druglike_1457,2
1770,Druglike_1177-1_out,-8.458,C/C=C/CCc1nc(CO)c(-c2cc(CO)c(=O)[nH]n2)o1,Druglike,Druglike_1177,1
1771,Druglike_1466-1_out,-8.456,[NH3+][C@@H](NCCCCCl)NCCCc1cc(-c2cnoc2)oc(=O)c1,Druglike,Druglike_1466,1
1772,Druglike_1178-1_out,-8.455,C[C@@H](O)c1ccc(/C=C/c2cnc(C(N)=O)nc2)cc1Cl,Druglike,Druglike_1178,1
1773,Druglike_1015-1_out,-8.455,C[NH2+]Cc1ncc(/C=C/[C@H]2NC(=O)C=C2CCl)cc1Br,Druglike,Druglike_1015,1
1774,HighDiv_2058-1_out,-8.455,C=CCc1nc(-c2cc(O)cc(F)c2ON)c[nH]1,HighDiv,HighDiv_2058,1
1775,HighDiv_303-1_out,-8.454,[NH3+]CNCC#CCc1cc(C(=O)N=O)cc([O-])c1Br,HighDiv,HighDiv_303,1
1776,HighDiv_972-2_out,-8.454,C=C(C(=O)N[O-])C(=O)c1cc([O-])c(Br)c(N=O)c1,HighDiv,HighDiv_972,2
1777,Druglike_1570-1_out,-8.454,NC(=O)Nc1cc(C/C=C/CCl)ccc1NC(=O)C1=[NH+]CCN1,Druglike,Druglike_1570,1
1778,HighDiv_988-1_out,-8.452,CNC(=O)c1noc(-c2cc(O)c(F)cc2O)n1,HighDiv,HighDiv_988,1
1779,HighDiv_770-1_out,-8.452,NOc1cc(C(=O)[O-])cc(CC[NH2+]CCC#CCO)c1Br,HighDiv,HighDiv_770,1
1780,HighDiv_525-1_out,-8.451,CCS(=O)(=O)CCSCc1cc(O)cc(N2CCNC2=O)c1,HighDiv,HighDiv_525,1
1781,HighDiv_602-1_out,-8.451,C=CCCCCc1cc(O)cc(N2CCNC2=O)c1,HighDiv,HighDiv_602,1
1782,Druglike_20-1_out,-8.451,[NH3+][C@H](CO)CN1C=[NH+][C@H](CC(=O)CNC/C=C/c2cc(F)ccc2F)C1,Druglike,Druglike_20,1
1783,Druglike_1660-1_out,-8.45,CCNc1cc(C(=O)c2cc([O-])[nH]n2)nc(NCC(=O)[O-])n1,Druglike,Druglike_1660,1
1784,Druglike_221-1_out,-8.45,CNC(=O)C/C=C/c1cc(O)cc(-c2c[nH]nn2)c1,Druglike,Druglike_221,1
1785,Druglike_1340-1_out,-8.45,C=C(CO)c1cc(O)c2ccc(=O)oc2c1,Druglike,Druglike_1340,1
1786,HighDiv_242-1_out,-8.45,O=NC(=O)c1cc(CO)c(Br)c(-n2c[nH+]c([S-])n2)c1,HighDiv,HighDiv_242,1
1787,HighDiv_2185-1_out,-8.45,NC(=O)Nc1ccc([O-])c(-n2cn[nH]c2=O)c1Br,HighDiv,HighDiv_2185,1
1788,Druglike_474-1_out,-8.449,OCC/C=C/CCc1cc(O)cc(-c2cn[nH]n2)c1,Druglike,Druglike_474,1
1789,HighDiv_2111-1_out,-8.449,O=C(C#Cc1cc(O)cnc1I)O[C@@H](C=S)c1ccc[nH]1,HighDiv,HighDiv_2111,1
1790,HighDiv_543-1_out,-8.449,O=Nc1cc(C(=O)CNCC#CCO)cc(F)c1Br,HighDiv,HighDiv_543,1
1791,Druglike_1228-1_out,-8.448,[NH3+]Cc1ccc([C@]2(NCO)C=C(/C=C/c3ccoc3)C2)[nH]1,Druglike,Druglike_1228,1
1792,Druglike_291-1_out,-8.447,O=C1C=C[C@@H](/C=C/c2cnc(C(=O)[O-])c(Br)c2)N1,Druglike,Druglike_291,1
1793,HighDiv_928-1_out,-8.447,C=C[C@@H](/C=C/Cc1oc(C(=O)[O-])nc1C[NH3+])c1cn[nH]n1,HighDiv,HighDiv_928,1
1794,HighDiv_1924-1_out,-8.446,CCC#C[C@H](O)C/C=C/c1cc(O)cc(I)c1,HighDiv,HighDiv_1924,1
1795,Druglike_1878-1_out,-8.445,[NH3+]C/C=C/c1cc(=O)cc(C2=CN=C(CCCl)CN2)[nH]1,Druglike,Druglike_1878,1
1796,Druglike_190-1_out,-8.445,O=C([O-])c1c[nH]c(=O)nc1[C@@H](O)/C=C/c1nnco1,Druglike,Druglike_190,1
1797,Druglike_1871-1_out,-8.445,[NH3+]C/C=C/c1cc(=O)cc(C2=CN=C(CCCl)CN2)[nH]1,Druglike,Druglike_1871,1
1798,HighDiv_484-1_out,-8.444,C=C[C@@H](/C=C/Cc1oc(C(=O)[O-])nc1C[NH3+])c1nncs1,HighDiv,HighDiv_484,1
1799,HighDiv_937-2_out,-8.444,Cc1cc(O)c(-c2cc(C(N)=O)no2)cc1Br,HighDiv,HighDiv_937,2
1800,Druglike_1007-1_out,-8.444,O=C([O-])/C=C\CCCC(=O)c1n[nH]c(C2=CCCOC2)n1,Druglike,Druglike_1007,1
1801,Druglike_1455-1_out,-8.444,C/C=C/c1cc(-c2cnc(CCCCCOC(C)=O)[nH]2)c(C[NH3+])[nH]1,Druglike,Druglike_1455,1
1802,HighDiv_1896-1_out,-8.442,C/C=C/[C@@H](/C=C/c1c(N)cc(P(=O)([O-])[O-])cc1F)NN,HighDiv,HighDiv_1896,1
1803,HighDiv_350-1_out,-8.441,O=Nc1cc(C(=O)/C(=C/C=C\[N+](=O)[O-])C[O-])c([O-])cc1Br,HighDiv,HighDiv_350,1
1804,HighDiv_2061-1_out,-8.441,NC(=O)Nc1ccc(O)c(-c2cnns2)c1Br,HighDiv,HighDiv_2061,1
1805,HighDiv_1785-1_out,-8.44,O=C([O-])C(=C\c1ccc(C(=O)[O-])c(F)c1F)/C=C/[N+](=O)[O-],HighDiv,HighDiv_1785,1
1806,Druglike_1737-1_out,-8.44,NCc1cc(=O)cc(-c2nnc(CCCO)o2)[nH]1,Druglike,Druglike_1737,1
1807,Druglike_1365-2_out,-8.439,C/C=C/Cc1n[nH]c(-c2cc(Br)oc2C(N)=O)c1CCO,Druglike,Druglike_1365,2
1808,HighDiv_420-1_out,-8.439,O=c1[nH]nc([C@@H](C#Cc2cc(O)cc(O)c2)CO)[nH]1,HighDiv,HighDiv_420,1
1809,Druglike_995-1_out,-8.438,Oc1cc2c(cc1CC[NH2+]CCc1cnon1)NCO2,Druglike,Druglike_995,1
1810,Druglike_1416-1_out,-8.438,[O-]c1cncn1-c1ccc(/C=C(/CO)c2nonc2CO)cc1,Druglike,Druglike_1416,1
1811,HighDiv_1600-1_out,-8.437,C=Cc1c(-c2cc(F)cc(O)c2O)coc1[N+](=O)[O-],HighDiv,HighDiv_1600,1
1812,HighDiv_1631-1_out,-8.436,CCCCCCCc1c[nH]cc1C(=O)c1nn(C(=O)[O-])cc1Br,HighDiv,HighDiv_1631,1
1813,HighDiv_2165-1_out,-8.436,CC[C@H](Cl)c1nc(/C=C/c2c(I)ncc(C[NH3+])c2[S-])n[nH]1,HighDiv,HighDiv_2165,1
1814,Druglike_1538-2_out,-8.435,O=C([O-])C[C@@H](C#Cc1cccc2nc[nH]c12)C(=O)[O-],Druglike,Druglike_1538,2
1815,HighDiv_2075-1_out,-8.435,C#Cc1ccc([C@@H](CO)c2cnc([S-])s2)c2[nH]cnc12,HighDiv,HighDiv_2075,1
1816,Druglike_332-1_out,-8.435,Oc1cc2c(cc1C#C[C@H](O)CCNCCl)NCO2,Druglike,Druglike_332,1
1817,HighDiv_705-1_out,-8.435,C/C=C/CCCc1cc(O)cc(N2CCNC2=O)c1,HighDiv,HighDiv_705,1
1818,Druglike_1502-1_out,-8.435,O=C1NCC=C1C#C[C@H](C(=O)[O-])c1cnon1,Druglike,Druglike_1502,1
1819,HighDiv_266-1_out,-8.435,CCCc1cc(-c2cc([O-])c(F)cc2N=O)c(CF)[nH]1,HighDiv,HighDiv_266,1
1820,Druglike_738-2_out,-8.435,NCc1cc([C@@H](C#CCc2ccccc2)CO)ncn1,Druglike,Druglike_738,2
1821,HighDiv_1493-1_out,-8.434,C=C(CCO)[C@@H](CBr)NC(=O)C#Cc1c[nH]cc(O)c1=O,HighDiv,HighDiv_1493,1
1822,Druglike_206-1_out,-8.434,C/C=C/CC(=O)Nc1cc(O)cc(-c2c[nH]nn2)c1,Druglike,Druglike_206,1
1823,Druglike_609-1_out,-8.434,[NH3+]C/C=C/CCC1=CC(C(=O)[O-])=C(c2nnco2)C1,Druglike,Druglike_609,1
1824,Druglike_445-1_out,-8.433,O=C(CO)c1nc(C#CCCC2=[NH+]CNCC2)cnc1Cl,Druglike,Druglike_445,1
1825,HighDiv_2243-1_out,-8.433,OCc1cc(/C=C/[C@@H]2C=CCOC2)cc(F)c1[S-],HighDiv,HighDiv_2243,1
1826,HighDiv_550-1_out,-8.432,O=NC(=O)c1cc(CO)c(Br)c(CONC(=O)C(=O)[O-])c1,HighDiv,HighDiv_550,1
1827,HighDiv_581-1_out,-8.432,CC[C@@H](C[NH3+])C/C=C/c1cc(C(=O)[O-])cc(ON)c1Br,HighDiv,HighDiv_581,1
1828,HighDiv_118-1_out,-8.432,O=Nc1cc(C(=O)CO)cc(NC(=O)CF)c1Br,HighDiv,HighDiv_118,1
1829,HighDiv_132-1_out,-8.432,C/C=C/CC/C=C/Cc1cc(C(=O)[O-])cc(ON)c1Br,HighDiv,HighDiv_132,1
1830,HighDiv_1743-1_out,-8.431,O=[S@@](c1cc(O)cc(Cl)c1)c1cc(O)c(I)cc1O,HighDiv,HighDiv_1743,1
1831,Druglike_1122-1_out,-8.431,C=CCCCc1nc(CO)c(-c2cc(CC)c(=O)[nH]n2)o1,Druglike,Druglike_1122,1
1832,HighDiv_2097-1_out,-8.43,O=C([O-])CCC[C@@H](/C=C/c1cc(F)cc(F)c1O)CO,HighDiv,HighDiv_2097,1
1833,HighDiv_1483-2_out,-8.429,CCC[N@@H+](CCO)CCNC(=O)C#Cc1c[nH]cc(O)c1=O,HighDiv,HighDiv_1483,2
1834,Druglike_345-1_out,-8.428,CCOC/C=C/CCCc1cc(O)cc(-c2cn[nH]n2)c1,Druglike,Druglike_345,1
1835,Druglike_1235-1_out,-8.428,C[NH+](C)C/C=C/c1nc(CO)c(-c2ccc(=O)[nH]n2)o1,Druglike,Druglike_1235,1
1836,HighDiv_207-2_out,-8.426,N[C@H]([NH3+])NCCCCCCc1cc(O)cc(N2CCNC2=O)c1,HighDiv,HighDiv_207,2
1837,HighDiv_2079-2_out,-8.426,C[NH2+]CCCCc1cc(F)c(ON)c(-c2cnc[nH]2)c1,HighDiv,HighDiv_2079,2
1838,Druglike_58-1_out,-8.425,CCCCCCCCc1cc(O)cc(-c2cn[nH]n2)c1,Druglike,Druglike_58,1
1839,HighDiv_1905-1_out,-8.424,O=C([O-])C(=C\c1ccc(C(=O)[O-])cc1)/C=C/[N+](=O)[O-],HighDiv,HighDiv_1905,1
1840,Druglike_491-2_out,-8.424,N[C@@H](c1ccc(C#CC(=O)[O-])c(I)n1)c1ccco1,Druglike,Druglike_491,2
1841,HighDiv_1667-1_out,-8.424,O=[S@@](c1ccc2c(c1)C[C@@H](CF)N2)c1cc(O)c(I)cc1O,HighDiv,HighDiv_1667,1
1842,HighDiv_1550-1_out,-8.423,CC(=O)CCCNC(=O)C#Cc1c(CCl)[nH]cc(O)c1=O,HighDiv,HighDiv_1550,1
1843,HighDiv_1341-1_out,-8.422,C=Cc1[nH+]cc([O-])cc1C#C[C@@H](CN)C(=O)n1cccn1,HighDiv,HighDiv_1341,1
1844,Druglike_1453-2_out,-8.422,C/C=C\c1oncc1-c1cc(CCCN[C@H](N)[NH3+])cc(=O)o1,Druglike,Druglike_1453,2
1845,HighDiv_114-1_out,-8.422,NOc1cc(C(=O)[O-])cc(C#CCCCCC[NH3+])c1Br,HighDiv,HighDiv_114,1
1846,HighDiv_2321-1_out,-8.421,O=C([O-])[C@H]([NH2+][C@H]1Nc2cccc(CBr)c2N1)c1cc[nH]n1,HighDiv,HighDiv_2321,1
1847,Druglike_1384-1_out,-8.421,CCC(=O)C/C=C/c1ccc(NC(N)=O)cc1CC(=O)[O-],Druglike,Druglike_1384,1
1848,Druglike_1194-2_out,-8.421,[NH3+]CC(=O)OCCc1cc(/C=C2\C=Cc3cc(CO)ccc32)no1,Druglike,Druglike_1194,2
1849,Druglike_437-1_out,-8.42,CC1=C[C@@H](COc2ccc(N)c(/C=C/C[NH2+]CCO)c2)OC1,Druglike,Druglike_437,1
1850,Druglike_115-2_out,-8.42,CCc1cc([C@@H]([NH3+])c2ccc(C#CC(=O)[O-])c(I)n2)co1,Druglike,Druglike_115,2
1851,HighDiv_452-1_out,-8.42,C=Cc1c(O)cc(-c2cc(C(N)=O)no2)cc1Br,HighDiv,HighDiv_452,1
1852,Druglike_472-1_out,-8.42,CCCC(=O)/C=C/C(=O)c1n[nH]c(-c2cnn[nH]2)n1,Druglike,Druglike_472,1
1853,Druglike_1162-1_out,-8.42,CCC/C=C/c1nc(CO)c(-c2ccc(=O)[nH]n2)o1,Druglike,Druglike_1162,1
1854,HighDiv_2010-2_out,-8.419,NOc1c(F)cc(CCS(=O)(=O)CCO)cc1-c1cnc[nH]1,HighDiv,HighDiv_2010,2
1855,HighDiv_1517-1_out,-8.419,CCc1ccc2c(c1C#CC/C=C/CNO)NCC(=O)N2,HighDiv,HighDiv_1517,1
1856,Druglike_934-1_out,-8.419,[NH3+]C/C=C/c1cnc(-c2[nH]nc(CO)c2C(=O)[O-])cc1Br,Druglike,Druglike_934,1
1857,Druglike_822-1_out,-8.418,CCC[C@H](CCCl)c1ccc(C(=O)c2noc(=O)[nH]2)[nH]1,Druglike,Druglike_822,1
1858,Druglike_1924-1_out,-8.418,C=CCCc1nnc(-c2cc(=O)cc(CN)[nH]2)o1,Druglike,Druglike_1924,1
1859,HighDiv_22-1_out,-8.417,[NH3+]CCCC(=O)C1=CC(=O)C(CCl)=C(c2nccc(Br)c2[O-])C1=O,HighDiv,HighDiv_22,1
1860,Druglike_603-1_out,-8.416,[NH3+][C@H]([O-])c1coc(C(=O)Cc2cccc(O)c2Br)c1,Druglike,Druglike_603,1
1861,Druglike_236-1_out,-8.414,CC(=O)OCCCCc1cc(O)cc(-c2cn[nH]n2)c1,Druglike,Druglike_236,1
1862,Druglike_1037-1_out,-8.414,O=C(C#CCO)c1n[nH]c(C2=CNC=CC2)n1,Druglike,Druglike_1037,1
1863,Druglike_570-1_out,-8.414,C=Cc1ccc(OCCC[C@@H]2CNC(=O)N2)cc1Br,Druglike,Druglike_570,1
1864,HighDiv_1888-1_out,-8.412,O=C(/C=C/C1=CCON1)[C@H](Cl)Cc1nc([N+](=O)[O-])n[n-]1,HighDiv,HighDiv_1888,1
1865,Druglike_1966-1_out,-8.412,O=C(CCCO)Nc1ccc2ccccc2c1,Druglike,Druglike_1966,1
1866,HighDiv_747-1_out,-8.411,C=C(Cc1cc(C(=O)N=O)cc([O-])c1Br)C(=O)[O-],HighDiv,HighDiv_747,1
1867,HighDiv_1081-1_out,-8.407,N[C@H](C#Cc1cc(O)cc(CO)c1)CC#CCCCl,HighDiv,HighDiv_1081,1
1868,HighDiv_2085-2_out,-8.406,CCc1ncc(-c2cc(C=S)cc(F)c2ON)[nH]1,HighDiv,HighDiv_2085,2
1869,Druglike_216-1_out,-8.405,C=C(CCC[C@@H](N[C@@H](N)[NH3+])C(=O)C1=COCC=C1)c1coc(CO)c1,Druglike,Druglike_216,1
1870,Druglike_1542-1_out,-8.405,C=C(C)CC(=O)OCc1cc(CC(=O)[O-])cc(NC(N)=O)c1,Druglike,Druglike_1542,1
1871,Druglike_650-1_out,-8.404,O=C1C=C[C@@H](C#Cc2nc(F)ccc2CO)N1,Druglike,Druglike_650,1
1872,Druglike_971-1_out,-8.404,[NH3+]C[C@@H](Cl)CCCC#Cc1cc2c(cc1O)OCN2,Druglike,Druglike_971,1
1873,HighDiv_2113-1_out,-8.404,O=C([O-])c1c(CNc2ccccc2O)[nH]c(=S)[nH]c1=O,HighDiv,HighDiv_2113,1
1874,HighDiv_2195-1_out,-8.404,O=Nc1ccc(Cl)c(F)c1-c1coc(C[NH2+]CO)n1,HighDiv,HighDiv_2195,1
1875,Druglike_1336-1_out,-8.404,CCc1ccc(C/C=C(/C[NH3+])C2=CC[C@@H](CO)O2)c(O)c1,Druglike,Druglike_1336,1
1876,Druglike_262-1_out,-8.404,[NH3+]CCc1ncc(/C=C/[C@H]2NC(=O)C=C2CC(=O)[O-])cc1Br,Druglike,Druglike_262,1
1877,Druglike_1334-1_out,-8.404,CCCc1nc(CO)c(-c2ccc(=O)[nH]n2)o1,Druglike,Druglike_1334,1
1878,Druglike_1126-1_out,-8.401,COCc1c(C/C=C(/C(=O)[O-])C2=CC[C@@H](CO)O2)o[n-]c1=O,Druglike,Druglike_1126,1
1879,HighDiv_347-1_out,-8.399,C=C[C@@H](/C=C/Cc1oc(C(=O)[O-])nc1C[NH3+])n1nccc1O,HighDiv,HighDiv_347,1
1880,HighDiv_1303-2_out,-8.399,O=C(CO)c1ncc([O-])cc1-c1ccc(CCF)cc1,HighDiv,HighDiv_1303,2
1881,HighDiv_322-1_out,-8.399,C/C=C\c1n[nH]c([C@H]([S-])/C=C/c2nc(CCl)nn2C(=O)CO)n1,HighDiv,HighDiv_322,1
1882,HighDiv_1411-1_out,-8.398,C#C[C@H](CS)NC(=O)C#Cc1c[nH]cc(O)c1=O,HighDiv,HighDiv_1411,1
1883,HighDiv_1495-2_out,-8.398,C=CCc1cc(-c2cc(NCC[NH2+]N)ccc2O)[nH]n1,HighDiv,HighDiv_1495,2
1884,HighDiv_490-1_out,-8.398,Nc1nc(CCc2cncc(Nc3cc(F)cc([S-])c3Br)c2)cs1,HighDiv,HighDiv_490,1
1885,HighDiv_1525-1_out,-8.398,O=C([O-])C/C=C/CC#Cc1c(CBr)ccc2c1NCC(=O)N2,HighDiv,HighDiv_1525,1
1886,HighDiv_2076-2_out,-8.398,CC#CCOc1cc(F)c(ON)c(-c2cnc[nH]2)c1,HighDiv,HighDiv_2076,2
1887,Druglike_1292-1_out,-8.397,C=Cc1nc(CO)c(-c2cc(COC)c(=O)[nH]n2)o1,Druglike,Druglike_1292,1
1888,Druglike_1268-1_out,-8.397,CCCNC(=O)c1nnc(/C(=C\c2nnnn2CCl)CO)o1,Druglike,Druglike_1268,1
1889,HighDiv_444-1_out,-8.395,C=C(CCO)c1noc(-c2cc(O)c(F)cc2O)n1,HighDiv,HighDiv_444,1
1890,HighDiv_1241-1_out,-8.395,O=C(C#Cc1c(CO)[nH]cc(O)c1=O)NCCCF,HighDiv,HighDiv_1241,1
1891,Druglike_1872-1_out,-8.394,[NH3+]C[C@@H]1C=CN(CCOC(=O)C#Cc2cc(O)cc(CO)c2)C1,Druglike,Druglike_1872,1
1892,Druglike_1130-1_out,-8.394,CC[NH2+]C/C=C/c1nc(CO)c(-c2ccc(=O)[nH]n2)o1,Druglike,Druglike_1130,1
1893,Druglike_1710-1_out,-8.394,Nc1nc([N-]C(F)F)cc(C(=O)c2cc([O-])[nH]n2)n1,Druglike,Druglike_1710,1
1894,Druglike_1651-1_out,-8.393,[NH3+][C@@H](C/C=C\CCl)c1c[nH]c(C(=O)c2cc(=O)[nH]cn2)c1,Druglike,Druglike_1651,1
1895,HighDiv_1098-1_out,-8.393,C=C(CCC(=O)[O-])C(=O)c1cc(N=O)c(Br)cc1[O-],HighDiv,HighDiv_1098,1
1896,HighDiv_667-1_out,-8.391,CC#CCCSCc1cc(O)cc(N2CCNC2=O)c1,HighDiv,HighDiv_667,1
1897,HighDiv_1289-1_out,-8.39,C=CCNC(=O)C#Cc1c(CO)[nH]cc(O)c1=O,HighDiv,HighDiv_1289,1
1898,HighDiv_343-1_out,-8.39,C=CCCC(=O)Cc1cc(C(=O)[O-])cc(ON)c1Br,HighDiv,HighDiv_343,1
1899,HighDiv_893-1_out,-8.39,Cc1ccc(CCc2c(O)ccc(O)c2CF)c(Br)c1,HighDiv,HighDiv_893,1
1900,HighDiv_1828-1_out,-8.39,[NH3+]Cc1ccc([C@H](CO)c2cc3c(CBr)cccc3[nH]2)o1,HighDiv,HighDiv_1828,1
1901,HighDiv_1239-1_out,-8.39,O=C(C#Cc1c(CS)[nH]cc(O)c1=O)NC1CCCC1,HighDiv,HighDiv_1239,1
1902,HighDiv_2120-1_out,-8.39,NC(=O)Nc1cc2c(c([N+](=O)[O-])c1)N=COC2,HighDiv,HighDiv_2120,1
1903,Druglike_1784-1_out,-8.39,CC/C=C/CCc1c[nH]c(=O)c2[nH]c(C(=O)CN)cc12,Druglike,Druglike_1784,1
1904,Druglike_1348-1_out,-8.39,O=c1ccc(-c2oc(CCF)nc2CO)n[nH]1,Druglike,Druglike_1348,1
1905,Druglike_308-1_out,-8.388,[NH3+]C[C@H](C#Cc1cc2c(cc1O)OCN2)CCCCCl,Druglike,Druglike_308,1
1906,Druglike_623-1_out,-8.388,Oc1cc2c(cc1C#CCCCCCl)NCO2,Druglike,Druglike_623,1
1907,Druglike_1775-1_out,-8.387,[NH3+]Cc1[nH]c(C(=O)[O-])cc1C(=O)CCCCc1cnon1,Druglike,Druglike_1775,1
1908,HighDiv_1890-1_out,-8.387,C=CCCN1C=C(C[C@@H](N)C(=O)/C=C/C2=CCON2)CN1,HighDiv,HighDiv_1890,1
1909,Druglike_702-1_out,-8.385,NC(=O)c1ncc(C(=O)C#Cc2nc(Cl)c[nH]2)o1,Druglike,Druglike_702,1
1910,Druglike_1498-1_out,-8.384,[NH3+][C@@H](/C=C/c1ccc(F)c(O)c1)C1=CCNN1,Druglike,Druglike_1498,1
1911,HighDiv_1900-1_out,-8.384,Nc1cc(CO)c(O)cc1C#C[C@@H](O)Cn1cnnc1,HighDiv,HighDiv_1900,1
1912,HighDiv_565-2_out,-8.384,O=C1NCCN1c1cc([O-])c(C=S)c([N+](=O)[O-])c1,HighDiv,HighDiv_565,2
1913,Druglike_1839-1_out,-8.383,NCc1cc(=O)cc(-c2ccccc2)[nH]1,Druglike,Druglike_1839,1
1914,Druglike_805-1_out,-8.382,CCCNCC(=O)/C=C/C(=O)c1n[n-]c(-c2cn[nH]n2)n1,Druglike,Druglike_805,1
1915,Druglike_2021-1_out,-8.381,NCc1cc(=O)cc(-c2cccc(N)c2)[nH]1,Druglike,Druglike_2021,1
1916,Druglike_1422-1_out,-8.381,[NH3+][C@@H](/C=C/c1cncc2[nH]ncc12)C1=CCNN1,Druglike,Druglike_1422,1
1917,HighDiv_54-1_out,-8.381,O=Nc1cc(F)c([O-])cc1-c1c[nH]c(CO)c1,HighDiv,HighDiv_54,1
1918,Druglike_1681-1_out,-8.381,Nc1ncc(-n2cc(CC(=O)[O-])nn2)cc1/C=C/CCCO,Druglike,Druglike_1681,1
1919,HighDiv_250-1_out,-8.38,C=C(C)c1cc(N2CCNC2=O)cc(O)c1O,HighDiv,HighDiv_250,1
1920,Druglike_225-1_out,-8.38,Nc1cc(O)cc([C@@H](O)Cc2ccc(C[NH3+])cc2Br)c1,Druglike,Druglike_225,1
1921,HighDiv_2087-1_out,-8.379,COC(=O)Cc1nc(-c2cc(CO)cc(F)c2ON)c[nH]1,HighDiv,HighDiv_2087,1
1922,Druglike_1213-1_out,-8.378,Cc1c(O)noc1C/C=C(/C(=O)[O-])C1=CC[C@@H](CO)O1,Druglike,Druglike_1213,1
1923,Druglike_1898-1_out,-8.377,O=c1cc(COCCF)[nH]c(-c2cccc(CO)c2)c1,Druglike,Druglike_1898,1
1924,Druglike_1949-1_out,-8.377,NC(=O)C[C@@H](C#Cc1[nH+]ccc(I)c1[O-])C(=O)[O-],Druglike,Druglike_1949,1
1925,Druglike_1786-1_out,-8.377,CCCOC(=O)c1cc(O)cc(-c2coc(C[NH2+]CCO)c2)c1,Druglike,Druglike_1786,1
1926,HighDiv_56-1_out,-8.376,[NH3+]Cc1cc(-c2cc([O-])c(F)cc2N=O)c[nH]1,HighDiv,HighDiv_56,1
1927,HighDiv_40-1_out,-8.376,[NH3+]Cc1cc(-c2cc([O-])c(F)cc2N=O)c[nH]1,HighDiv,HighDiv_40,1
1928,Druglike_1691-1_out,-8.375,Cc1nnc([C@@H]([NH3+])/C=C/c2ccc(O)c(Cl)c2)o1,Druglike,Druglike_1691,1
1929,HighDiv_1834-1_out,-8.373,O=C(/C=C/C1=CCON1)CCc1ccc(Br)cc1O,HighDiv,HighDiv_1834,1
1930,Druglike_2004-1_out,-8.373,CCc1c[nH]c(=O)c2[nH]c(C(=O)C/C=C/CO)cc12,Druglike,Druglike_2004,1
1931,Druglike_498-1_out,-8.372,[NH3+]Cc1nc(COC(=O)[C@@H](F)/C=C\Cc2cncc(Br)c2)c[nH]1,Druglike,Druglike_498,1
1932,Druglike_2055-1_out,-8.372,CCC/C(C)=C/c1c[nH]c(=O)c2[nH]c(C(=O)[O-])cc12,Druglike,Druglike_2055,1
1933,Druglike_973-1_out,-8.371,O=C([O-])/C=C/Cc1ccc([O-])c(-c2nnc(CO)o2)[nH+]1,Druglike,Druglike_973,1
1934,HighDiv_696-1_out,-8.371,NOc1cc(C(=O)[O-])cc(/C=C/[C@H](CCO)C(N)=O)c1Br,HighDiv,HighDiv_696,1
1935,HighDiv_2275-1_out,-8.37,O=c1ccn(CCc2cc(F)c(CS)cc2[S-])c(=O)[nH]1,HighDiv,HighDiv_2275,1
1936,Druglike_1992-1_out,-8.369,COCc1cc(=O)cc(-c2cccc(CO)c2)[nH]1,Druglike,Druglike_1992,1
1937,Druglike_252-1_out,-8.369,Nc1ccc(OC[C@H]2CCC=CN2)cc1/C=C/CNCCO,Druglike,Druglike_252,1
1938,Druglike_2011-1_out,-8.365,[NH3+]Cc1[nH]c(C(=O)[O-])cc1C(=O)CCOCc1nc[nH]n1,Druglike,Druglike_2011,1
1939,Druglike_1136-1_out,-8.365,NCC1=C(c2cc(Br)ccc2O)CN(CCc2ncncn2)C1=O,Druglike,Druglike_1136,1
1940,Druglike_1503-2_out,-8.365,C#CCc1cc(-c2c[nH]c(CCCCCBr)n2)c(C[NH3+])[nH]1,Druglike,Druglike_1503,2
1941,HighDiv_812-1_out,-8.364,C[NH2+]CCC#Cc1cc(N2CCNC2=O)cc(O)c1C[NH3+],HighDiv,HighDiv_812,1
1942,HighDiv_2096-1_out,-8.363,NC(=O)Nc1ccc(O)c(N2C=NOC2)c1Br,HighDiv,HighDiv_2096,1
1943,HighDiv_1960-2_out,-8.362,NOc1c(F)cc(CCS(=O)(=O)C[S-])cc1-c1cnc[nH]1,HighDiv,HighDiv_1960,2
1944,HighDiv_1773-1_out,-8.362,NC(=O)Nc1ccc(CC[C@@H]2CC(=O)O2)cc1Cl,HighDiv,HighDiv_1773,1
1945,Druglike_624-1_out,-8.362,CC[NH2+]CC1=COC=C(C[C@H](O)/C=C/c2ccc(Cl)c(Cl)c2)C1,Druglike,Druglike_624,1
1946,HighDiv_735-1_out,-8.36,C/C=C/C/C=C/CCc1oc(C(=O)[O-])nc1CO,HighDiv,HighDiv_735,1
1947,Druglike_311-1_out,-8.359,C=CCc1nc(C[C@@H](C[NH3+])C2=CCC(C[NH3+])=CO2)ccc1O,Druglike,Druglike_311,1
1948,Druglike_1981-1_out,-8.359,C[NH2+][C@H]1C=CN(CCOC(=O)C#Cc2cc(O)cc(F)c2)C1,Druglike,Druglike_1981,1
1949,HighDiv_344-1_out,-8.359,C=CCNC(=O)COc1cc(C(=O)[O-])cc(ON)c1Br,HighDiv,HighDiv_344,1
1950,Druglike_811-1_out,-8.359,Cc1ccc(C/C=C/C(=O)[O-])nc1-c1nnc(CO)o1,Druglike,Druglike_811,1
1951,Druglike_1585-2_out,-8.358,C#CCc1cc(-c2c[nH]c(CCCCCCl)n2)c(C[NH3+])[nH]1,Druglike,Druglike_1585,2
1952,HighDiv_982-1_out,-8.357,C=CCCC(=O)c1cc(CNNC[NH2+]C)c(Br)c(N=O)c1,HighDiv,HighDiv_982,1
1953,HighDiv_1875-1_out,-8.357,N[C@H](Cc1cc(=O)cc[nH]1)C(=O)/C=C/C1=CCON1,HighDiv,HighDiv_1875,1
1954,Druglike_739-2_out,-8.357,N[C@H](C/C=C/c1cc(O)ccc1I)c1cnccn1,Druglike,Druglike_739,2
1955,HighDiv_569-1_out,-8.357,O=NCCCCCCc1cc(O)cc(N2CCNC2=O)c1,HighDiv,HighDiv_569,1
1956,HighDiv_706-1_out,-8.356,C=C[C@@H](/C=C/Cc1oc(C(=O)[O-])nc1C[NH3+])C1=CCC1,HighDiv,HighDiv_706,1
1957,Druglike_810-1_out,-8.356,Oc1cc2c(cc1C#C[C@@H](Cl)CCNCCl)NCO2,Druglike,Druglike_810,1
1958,HighDiv_913-1_out,-8.355,C/C=C/c1cc(O)cc(C#CC[C@@H](O)CO)c1,HighDiv,HighDiv_913,1
1959,Druglike_1936-1_out,-8.355,Cc1nc(Cl)cn1CCc1ccc([C@H](O)CO)cc1,Druglike,Druglike_1936,1
1960,Druglike_895-1_out,-8.354,C=C(CCC)c1ccc(C(=O)c2cc(CCC[NH3+])co2)[nH]1,Druglike,Druglike_895,1
1961,Druglike_1804-1_out,-8.354,O=C(c1c[nH]cn1)c1c[nH]c(=O)c2[nH]ccc12,Druglike,Druglike_1804,1
1962,Druglike_1440-1_out,-8.354,C/C=C/c1cc(-c2cnc(CCCCCCC)[nH]2)c(C[NH3+])[nH]1,Druglike,Druglike_1440,1
1963,HighDiv_149-1_out,-8.354,O=C([O-])Cc1nc(-c2nc(/C=C/CCCO)ccc2I)n[nH]1,HighDiv,HighDiv_149,1
1964,Druglike_1968-1_out,-8.354,C=Cc1c(-c2nnc(CO)o2)[nH]c(CC)cc1=O,Druglike,Druglike_1968,1
1965,Druglike_1083-1_out,-8.354,O=c1[n-]oc(C/C=C(/CF)C2=CC[C@@H](CO)O2)c1CF,Druglike,Druglike_1083,1
1966,Druglike_522-1_out,-8.353,COC/C=C\CCCc1cc(O)cc(-c2cn[nH]n2)c1,Druglike,Druglike_522,1
1967,HighDiv_1926-1_out,-8.351,CC#C[C@@H](CCc1ccc(NC(N)=O)c(Cl)c1)CC(=O)[O-],HighDiv,HighDiv_1926,1
1968,Druglike_1427-1_out,-8.351,C/C=C\[C@@H]([NH3+])Cc1ccc(NC(N)=O)cc1CC(=O)[O-],Druglike,Druglike_1427,1
1969,Druglike_1444-2_out,-8.35,C/C=C\C(=O)c1nc(-c2cc(C[NH2+]C)[nH]c2CO)c[nH]1,Druglike,Druglike_1444,2
1970,HighDiv_173-1_out,-8.35,[NH3+][C@@H](Cc1cc(C(=O)N=O)cc(N=O)c1Br)C(=O)[O-],HighDiv,HighDiv_173,1
1971,Druglike_1842-1_out,-8.35,C=Cc1c(-c2nnc(CO)o2)[nH]c(CI)cc1=O,Druglike,Druglike_1842,1
1972,HighDiv_1939-2_out,-8.35,NOc1c(F)cc(CCS(=O)(=O)C[S-])cc1-c1cnc(C(=O)NC(N)N)[nH]1,HighDiv,HighDiv_1939,2
1973,HighDiv_76-1_out,-8.349,COC(=O)C/C=C/[C@@H](C#Cc1cccc(O)c1)CCO,HighDiv,HighDiv_76,1
1974,Druglike_1270-1_out,-8.348,NC(=O)Cc1c(C/C=C(/CF)C2=CC[C@@H](C(=O)[O-])O2)o[n-]c1=O,Druglike,Druglike_1270,1
1975,Druglike_2044-1_out,-8.347,O=C([O-])c1cnoc1C#CC[C@H](CO)c1cnon1,Druglike,Druglike_2044,1
1976,HighDiv_2260-1_out,-8.347,O=C1OCCN1[C@@H](/C=C/c1cc(F)cc(F)c1O)CO,HighDiv,HighDiv_2260,1
1977,Druglike_278-1_out,-8.346,[O-]c1cc([C@H](CO)c2nc(CO)co2)c[nH+]c1C#CCF,Druglike,Druglike_278,1
1978,Druglike_470-1_out,-8.346,O=C([O-])/C=C\CCc1cc(O)cc(-c2cn[nH]n2)c1,Druglike,Druglike_470,1
1979,HighDiv_704-1_out,-8.346,Nc1cc(O)cc(COc2cc(F)ccc2O)c1O,HighDiv,HighDiv_704,1
1980,Druglike_1823-1_out,-8.344,[NH3+]Cc1[nH]c(C(=O)[O-])cc1C(=O)CCCCC1=NOCN1,Druglike,Druglike_1823,1
1981,Druglike_1141-1_out,-8.343,CC/C=C/CCc1nc(CO)c(-c2ccc(=O)[nH]n2)o1,Druglike,Druglike_1141,1
1982,HighDiv_701-1_out,-8.342,NC(=S)Nc1cc(O)c([S-])c(-n2cnnc2)c1,HighDiv,HighDiv_701,1
1983,Druglike_1104-1_out,-8.339,O=C(c1ccc(I)c(I)c1)c1c[nH]c(C(=O)[O-])n1,Druglike,Druglike_1104,1
1984,Druglike_1418-1_out,-8.339,CC(=O)OCc1cc(CC(=O)[O-])cc(NC(N)=O)c1,Druglike,Druglike_1418,1
1985,Druglike_1625-1_out,-8.338,[NH3+][C@@H](/C=C/c1ccc(O)c(Cl)c1)C1=CCOC1,Druglike,Druglike_1625,1
1986,Druglike_1188-1_out,-8.337,CC1=C(/C(=C\Cc2cc(=O)[n-]o2)C(=O)[O-])O[C@H](CO)C1,Druglike,Druglike_1188,1
1987,Druglike_719-1_out,-8.337,O=C([O-])/C=C/Cc1cccc(-c2nnc(CO)o2)n1,Druglike,Druglike_719,1
1988,HighDiv_1439-1_out,-8.337,O=C(OCc1cscc1CO)[C@@H](Br)c1cccc2cc[nH]c12,HighDiv,HighDiv_1439,1
1989,Druglike_1182-1_out,-8.336,CCc1c(O)noc1C/C=C(/C(=O)[O-])C1=CC[C@@H](CO)O1,Druglike,Druglike_1182,1
1990,Druglike_1167-1_out,-8.336,CC1=C([C@H](C(=O)[O-])c2nnc(/C=C/CCC[NH3+])o2)OCC1=O,Druglike,Druglike_1167,1
1991,Druglike_2003-1_out,-8.336,CCc1cc(O)cc(C#CC(=O)O[C@H](CO)CBr)c1,Druglike,Druglike_2003,1
1992,Druglike_1275-1_out,-8.336,NC(=O)n1cnc([C@@H](O)CC#CCn2cnc(CBr)c2)n1,Druglike,Druglike_1275,1
1993,Druglike_489-1_out,-8.335,Nc1ccc(-c2ccc[nH]2)cc1/C=C/C[NH2+]CCO,Druglike,Druglike_489,1
1994,Druglike_1271-1_out,-8.335,CCCC/C=C/c1nnc([C@@H](C(=O)[O-])c2occ([O-])c2C[NH3+])o1,Druglike,Druglike_1271,1
1995,HighDiv_1200-1_out,-8.335,C#CCc1c(/C=C\C)ccc(-c2cncc(O)c2C(=O)[O-])c1N,HighDiv,HighDiv_1200,1
1996,Druglike_214-1_out,-8.335,CCCC#Cc1[nH+]cc([C@H](CO)c2ncc(CC[NH3+])o2)cc1[O-],Druglike,Druglike_214,1
1997,HighDiv_213-1_out,-8.334,CNNCc1c[n+](C[C@@H](O)c2ccc(C[NH3+])c(I)c2)c(N)s1,HighDiv,HighDiv_213,1
1998,HighDiv_1947-1_out,-8.334,CCCC[NH2+]Cc1cc(F)c(ON)c(-c2cnc(C(=O)NC)[nH]2)c1,HighDiv,HighDiv_1947,1
1999,HighDiv_1179-1_out,-8.333,CC/C=C\COc1c(O)ccc(Cc2nc(CCl)n[n-]2)c1O,HighDiv,HighDiv_1179,1
2000,HighDiv_544-1_out,-8.332,O=C(c1cc([O-])c(Br)c(Cl)c1)C1C=CNC=C1,HighDiv,HighDiv_544,1
2001,HighDiv_1048-1_out,-8.331,O=Nc1cc(C(=O)c2nnn[n-]2)cc(CO)c1Br,HighDiv,HighDiv_1048,1
2002,HighDiv_1446-1_out,-8.331,CCc1cc(-c2ccc(CO)cc2CO)ncn1,HighDiv,HighDiv_1446,1
2003,HighDiv_1157-1_out,-8.33,C/C=C\CC[C@H]([NH3+])C#Cc1cc(O)cc(O)c1,HighDiv,HighDiv_1157,1
2004,HighDiv_1392-1_out,-8.33,CNCC(=O)c1cc(O)c(O)c(C2=CCC=C2)c1,HighDiv,HighDiv_1392,1
2005,Druglike_76-1_out,-8.33,O=C(/C=C/C(CO)CO)c1n[nH]c(COc2ccnc(Cl)c2CCO)n1,Druglike,Druglike_76,1
2006,HighDiv_1162-2_out,-8.33,O=Nc1cc(C(=O)[C@@H]2NCCC[NH2+]2)ccc1Br,HighDiv,HighDiv_1162,2
2007,HighDiv_1539-1_out,-8.329,C=Cc1ncc([O-])c(N=O)c1C#CCC[NH3+],HighDiv,HighDiv_1539,1
2008,Druglike_1783-1_out,-8.329,O=C([O-])c1cc(=O)cc(-c2nnc(CO)o2)[nH]1,Druglike,Druglike_1783,1
2009,HighDiv_429-1_out,-8.329,C=C(C)c1ccc(I)c(-c2n[nH]c(CC(=O)[O-])n2)n1,HighDiv,HighDiv_429,1
2010,HighDiv_1558-1_out,-8.328,CCCCNC(=O)C#Cc1c[nH]cc(O)c1=O,HighDiv,HighDiv_1558,1
2011,Druglike_927-1_out,-8.327,NC(=O)CC1=C[C@@H](/C=C/c2cncc(Br)c2)NC(CO)=C1,Druglike,Druglike_927,1
2012,HighDiv_935-1_out,-8.327,C=C(C[C@@H](C#Cc1cc(Br)c([O-])c(Br)c1)NN)C(=O)[O-],HighDiv,HighDiv_935,1
2013,HighDiv_363-1_out,-8.327,CCCCCCCCc1cc(O)cc(N2CCNC2=O)c1,HighDiv,HighDiv_363,1
2014,Druglike_709-1_out,-8.326,Oc1cc2c(cc1CC[NH2+]C[C@@H](I)c1cnon1)NCO2,Druglike,Druglike_709,1
2015,HighDiv_545-1_out,-8.326,C=C[C@@H](O)C(=O)C#Cc1cc(O)cc(Br)c1,HighDiv,HighDiv_545,1
2016,Druglike_177-1_out,-8.325,[NH3+]Cc1ccc(C/C=C/C(=O)[O-])nc1-c1nnc(CO)o1,Druglike,Druglike_177,1
2017,HighDiv_72-1_out,-8.325,NOCc1cc(-c2cc([O-])c(F)cc2N=O)c[nH]1,HighDiv,HighDiv_72,1
2018,HighDiv_1263-1_out,-8.325,CCC[C@H](C=S)NC(=O)C#Cc1c[nH]cc(O)c1=O,HighDiv,HighDiv_1263,1
2019,Druglike_1172-1_out,-8.325,[NH3+]CCC/C=C/c1nc(CO)c(-c2ccc(=O)[nH]n2)o1,Druglike,Druglike_1172,1
2020,Druglike_1159-1_out,-8.322,[NH3+]CCC/C=C/c1nnc([C@@H](C(=O)[O-])C2=C(CF)C(=O)CO2)o1,Druglike,Druglike_1159,1
2021,Druglike_532-1_out,-8.322,C=CCc1cc(O)cc(-c2cn[nH]n2)c1,Druglike,Druglike_532,1
2022,HighDiv_1114-1_out,-8.322,NC(=O)c1cc(-c2cc(O)cc(Br)c2)on1,HighDiv,HighDiv_1114,1
2023,Druglike_786-1_out,-8.321,CCC1=C(CO)OC(C(=O)c2n[nH]c(=O)[nH]2)=CC1,Druglike,Druglike_786,1
2024,HighDiv_131-1_out,-8.321,CCC/C=C/c1nc(-c2n[nH]c(CC(=O)[O-])n2)c(I)cc1F,HighDiv,HighDiv_131,1
2025,HighDiv_1041-1_out,-8.32,NC(=O)c1cc(-c2cc(Br)ccc2[O-])on1,HighDiv,HighDiv_1041,1
2026,Druglike_824-1_out,-8.32,[NH3+]Cc1nc(COC(=O)C/C=C\Cc2cncc(Br)c2)c[nH]1,Druglike,Druglike_824,1
2027,HighDiv_417-1_out,-8.319,C=CC(=O)NOCc1cc(C(=O)N=O)cc(CO)c1Br,HighDiv,HighDiv_417,1
2028,Druglike_1415-1_out,-8.319,OCCO[C@@H](/C=C/Cc1nc[nH]n1)c1nc2ncc(Br)cc2[nH]1,Druglike,Druglike_1415,1
2029,HighDiv_329-1_out,-8.317,Nc1cc(O)cc(C#CCC[C@@H](CO)[N+](=O)[O-])c1,HighDiv,HighDiv_329,1
2030,Druglike_228-1_out,-8.317,[NH3+]CC[C@@H](CC/C=C/c1ccc(Cl)c(Cl)c1)c1ncn[nH]1,Druglike,Druglike_228,1
2031,HighDiv_11-1_out,-8.317,CC/C=C/[C@H]([NH3+])Cc1cc(C(=O)[O-])cc(ON)c1Br,HighDiv,HighDiv_11,1
2032,Druglike_1117-1_out,-8.316,CC(=O)N[C@@H](/C=C/c1ccc(I)cc1N)c1cn[nH]n1,Druglike,Druglike_1117,1
2033,Druglike_1958-1_out,-8.316,OC[C@@H](c1ccc(Cl)c(F)c1)c1conc1O,Druglike,Druglike_1958,1
2034,HighDiv_1820-1_out,-8.315,[NH3+]C/C=C1\Cc2ccc(/C=C/[C@H](Cl)[SH](=O)=O)c(O)c2[N-]1,HighDiv,HighDiv_1820,1
2035,HighDiv_1456-1_out,-8.313,C[C@@H]([NH3+])CC#Cc1nn(C(=O)[O-])cc1[N+](=O)[O-],HighDiv,HighDiv_1456,1
2036,Druglike_513-2_out,-8.312,C=CCCc1cc([C@@H](C(=O)[O-])C2=CC(=O)OC2)nc(=O)[nH]1,Druglike,Druglike_513,2
2037,HighDiv_785-2_out,-8.311,[NH3+]CO[C@H](C#Cc1cc(O)cc(CC(=O)[O-])c1)CCCl,HighDiv,HighDiv_785,2
2038,Druglike_731-1_out,-8.31,C=C(c1cccnc1)c1onc(O)c1CC(=O)CO,Druglike,Druglike_731,1
2039,HighDiv_1319-1_out,-8.309,CC[C@@H](C=S)NC(=O)C#Cc1c[nH]cc(O)c1=O,HighDiv,HighDiv_1319,1
2040,HighDiv_1338-1_out,-8.308,C=Cc1[nH+]cc([O-])cc1C#C[C@@H](C[NH3+])c1cnsc1,HighDiv,HighDiv_1338,1
2041,Druglike_267-1_out,-8.308,Cc1oncc1COC(=O)[C@@H](O)/C=C\Cc1cnc(C[NH3+])c(Br)c1,Druglike,Druglike_267,1
2042,Druglike_1837-1_out,-8.308,[NH2+]=CC[C@@H](c1ccc(Cl)c(F)c1)c1co[n-]c1=O,Druglike,Druglike_1837,1
2043,Druglike_1604-1_out,-8.307,CCCCCc1ccc(/C=C(/C(=O)[O-])c2cnon2)cn1,Druglike,Druglike_1604,1
2044,HighDiv_485-1_out,-8.307,C=CC(=C)COc1cc(C(=O)[O-])cc(ON)c1Br,HighDiv,HighDiv_485,1
2045,HighDiv_1051-1_out,-8.307,C#C[C@H](O)C/C=N/c1c(Br)ccc(C(=O)N=O)c1Cl,HighDiv,HighDiv_1051,1
2046,Druglike_1982-1_out,-8.306,O=C([O-])c1cc2c([C@H](O)CCF)c[nH]c(=O)c2[nH]1,Druglike,Druglike_1982,1
2047,Druglike_605-1_out,-8.306,[NH3+]CCCc1cc(/C=C/c2cc(O)ccc2I)[nH]n1,Druglike,Druglike_605,1
2048,HighDiv_271-1_out,-8.305,CC(=O)NC[C@@H](O)COc1cc(C(=O)[O-])cc(ON)c1Br,HighDiv,HighDiv_271,1
2049,HighDiv_193-1_out,-8.305,CCCCC(=O)Oc1cc(C(=O)[O-])cc(ON)c1Br,HighDiv,HighDiv_193,1
2050,Druglike_1320-1_out,-8.305,O=C(CO)[C@@H]1CC=C(/C(=C\Cc2o[n-]c(=O)c2CCl)CF)O1,Druglike,Druglike_1320,1
2051,Druglike_295-1_out,-8.304,C#CC(=O)OCCCCc1nc(=O)[nH]cc1C(=O)[O-],Druglike,Druglike_295,1
2052,HighDiv_866-1_out,-8.303,C[C@@H](O)c1nc(C(=O)[O-])oc1CC(=O)/C=C\C1=CCC1,HighDiv,HighDiv_866,1
2053,Druglike_514-1_out,-8.303,NC(=O)Nc1cc(-c2cccc(O)c2)ccc1OCC[NH3+],Druglike,Druglike_514,1
2054,Druglike_758-1_out,-8.301,OCc1cc(Cl)cc(CCC[C@@H](O)c2ccon2)c1,Druglike,Druglike_758,1
2055,HighDiv_1734-1_out,-8.3,O=C(Oc1ccccc1)c1cc(O)c([S-])c(O)c1,HighDiv,HighDiv_1734,1
2056,HighDiv_1084-1_out,-8.299,NC(=O)c1cc(-c2cc(Br)c([O-])cc2O)on1,HighDiv,HighDiv_1084,1
2057,Druglike_867-1_out,-8.298,C[C@@H](CO)CCc1ccc(C(=O)c2noc(=O)[nH]2)[nH]1,Druglike,Druglike_867,1
2058,HighDiv_1409-1_out,-8.298,O=[N+]([O-])/C=C/c1ccc(-c2c[nH+]cc([O-])c2S[S-])cn1,HighDiv,HighDiv_1409,1
2059,HighDiv_137-1_out,-8.297,COC/C=C\CCCCCOc1cc(C(=O)[O-])cc(ON)c1Br,HighDiv,HighDiv_137,1
2060,HighDiv_1865-1_out,-8.297,O=[S@](c1cc(O)c(I)cc1O)c1ccccc1F,HighDiv,HighDiv_1865,1
2061,HighDiv_440-1_out,-8.296,CCCc1cc(-c2cc([O-])c(F)cc2N=O)c(CO)[nH]1,HighDiv,HighDiv_440,1
2062,Druglike_576-1_out,-8.296,[NH3+]CC/C=C/CCc1cc(O)cc(-c2cn[nH]n2)c1,Druglike,Druglike_576,1
2063,Druglike_1289-2_out,-8.296,[NH3+]C[C@H](CO)CCNCC#CC1=CCc2ccccc21,Druglike,Druglike_1289,2
2064,HighDiv_1346-1_out,-8.295,C=CC[C@H](C=S)NC(=O)C#Cc1c[nH]cc(O)c1=O,HighDiv,HighDiv_1346,1
2065,Druglike_1314-1_out,-8.295,C=Cc1nc(CO)c(-c2ccc(=O)[nH]n2)o1,Druglike,Druglike_1314,1
2066,HighDiv_104-1_out,-8.295,CC(=O)Nc1cc(C(=O)CO)cc(N=O)c1Br,HighDiv,HighDiv_104,1
2067,HighDiv_1165-1_out,-8.294,O=C([O-])/C(=C/[C@H]1CC[NH2+]C1)Cc1ccc(C(=O)[N+](=O)[O-])cn1,HighDiv,HighDiv_1165,1
2068,HighDiv_1548-1_out,-8.294,CC(=O)NCc1ccc(-c2c[nH+]cc([O-])c2CS)cc1,HighDiv,HighDiv_1548,1
2069,HighDiv_1121-1_out,-8.294,C/C=C/C#CCNC(=O)c1cc([S-])c(I)cc1C(=O)[O-],HighDiv,HighDiv_1121,1
2070,Druglike_2039-1_out,-8.294,C/C(=C\c1cc[nH]n1)CC(=O)c1cc(C(=O)[O-])[nH]c1C[NH3+],Druglike,Druglike_2039,1
2071,HighDiv_90-1_out,-8.294,O=NC(=O)c1cc([O-])c(Br)c(CC#CCS[S-])c1,HighDiv,HighDiv_90,1
2072,HighDiv_2028-1_out,-8.293,CC(=O)OCc1cc(F)c(ON)c(-c2c[nH]c(C=S)n2)c1,HighDiv,HighDiv_2028,1
2073,HighDiv_1189-1_out,-8.293,C/C=C\c1cc(O)cc(N2CCNC2=O)c1,HighDiv,HighDiv_1189,1
2074,HighDiv_361-1_out,-8.293,C/C=C/C/C=C/C[C@H](S)c1cc(C(=O)N=O)cc(N)c1Br,HighDiv,HighDiv_361,1
2075,HighDiv_962-1_out,-8.293,CCC(=O)c1cc(O)cc(N2CCNC2=O)c1,HighDiv,HighDiv_962,1
2076,Druglike_1204-1_out,-8.292,[NH3+]CCC/C=C/c1nnc([C@@H](C(=O)[O-])C2=CC(=O)CO2)o1,Druglike,Druglike_1204,1
2077,HighDiv_1196-1_out,-8.292,O=NC(=O)c1ccc(Br)c(C[C@@H](O)c2c[nH]cc2C=S)c1,HighDiv,HighDiv_1196,1
2078,HighDiv_1624-1_out,-8.292,O=[S@@](c1ccc2c(c1)CCN2CCl)c1cc(O)c(I)cc1O,HighDiv,HighDiv_1624,1
2079,HighDiv_2046-1_out,-8.292,C=Cc1nc(-c2cc(CO)cc(F)c2ON)c[nH]1,HighDiv,HighDiv_2046,1
2080,Druglike_1373-1_out,-8.291,O=C([O-])c1ccn(C[C@@H](Cl)c2cc(=O)[n-]o2)c1C#CCO,Druglike,Druglike_1373,1
2081,HighDiv_152-1_out,-8.291,O=C([O-])C[NH2+]CC#Cc1cc(O)cc(Cl)c1,HighDiv,HighDiv_152,1
2082,Druglike_1019-1_out,-8.291,OCCC/C=C/Cn1ccc(CO)c1-c1nnn[n-]1,Druglike,Druglike_1019,1
2083,Druglike_581-1_out,-8.29,CCOCc1ccc(Cc2cc(C(=O)[O-])c[nH]2)c(CO)c1,Druglike,Druglike_581,1
2084,HighDiv_2314-1_out,-8.29,O=C1C=C(C(=O)Nc2cc(O)c(O)c(Br)c2)CO1,HighDiv,HighDiv_2314,1
2085,Druglike_1923-1_out,-8.289,O=C(Oc1ccc(Cl)c(O)c1)c1cc(CCCCO)ccc1I,Druglike,Druglike_1923,1
2086,HighDiv_1760-1_out,-8.289,CCSCc1cc(N2CCNC2=O)cc(O)c1Cl,HighDiv,HighDiv_1760,1
2087,Druglike_2063-1_out,-8.289,CCc1ccc(-c2[nH]ccc(=O)c2CCO)cc1,Druglike,Druglike_2063,1
2088,Druglike_1545-1_out,-8.288,O=C([O-])c1ccc(/C=C/C2CC[NH2+]CC2)c(Br)c1,Druglike,Druglike_1545,1
2089,HighDiv_1837-1_out,-8.288,N[C@H](CCl)c1c[nH]cc1C(=O)C1=NN=C(C(=O)[O-])NC1,HighDiv,HighDiv_1837,1
2090,Druglike_698-1_out,-8.286,O=C(/C=C/C(=O)c1n[nH]c(-c2cc[nH]n2)n1)CCF,Druglike,Druglike_698,1
2091,HighDiv_563-1_out,-8.285,NC(=O)COC(=O)CCc1cc(C(=O)N=O)cc(CO)c1Br,HighDiv,HighDiv_563,1
2092,HighDiv_1102-1_out,-8.284,C/[NH+]=C(\C)C/C=C/CCc1oc(C(=O)[O-])nc1CO,HighDiv,HighDiv_1102,1
2093,Druglike_714-1_out,-8.284,CC/C=C/c1cnc(-c2[nH]nc(CO)c2C(C)=O)cc1Br,Druglike,Druglike_714,1
2094,HighDiv_1388-1_out,-8.284,O=C(NC1=NCCO1)c1cc(O)c(O)c([S-])c1,HighDiv,HighDiv_1388,1
2095,HighDiv_662-1_out,-8.283,O=C1NCCN1[C@H](CO)CCCOc1cccc(Br)n1,HighDiv,HighDiv_662,1
2096,Druglike_412-1_out,-8.283,COc1ccc(O)c(/C=C/[C@@H]2CNC(=O)N2)c1,Druglike,Druglike_412,1
2097,HighDiv_1061-1_out,-8.283,C=C/C=C/c1cc(O)cc(N2CCNC2=O)c1,HighDiv,HighDiv_1061,1
2098,HighDiv_258-1_out,-8.282,C=C[C@@H](C#Cc1cc(O)cc(CNOC)c1)CCO,HighDiv,HighDiv_258,1
2099,Druglike_2008-1_out,-8.282,C/C=C/Cc1nnc(-c2[nH]ccc(=O)c2CO)o1,Druglike,Druglike_2008,1
2100,Druglike_1491-2_out,-8.282,C=C[C@H](CCc1ccc(OCNCC)cc1)n1cc(C[NH3+])nn1,Druglike,Druglike_1491,2
2101,HighDiv_1161-1_out,-8.282,NOc1cc(C(=O)[O-])cc(/C=C/CC(N)=O)c1Br,HighDiv,HighDiv_1161,1
2102,Druglike_1183-1_out,-8.28,C/C=C/CCc1nc(CO)c(-c2ccc(=O)[nH]n2)o1,Druglike,Druglike_1183,1
2103,Druglike_1351-1_out,-8.28,[NH3+][C@@H](C#Cc1cc(Cl)ccc1Cl)CCCC(=O)[O-],Druglike,Druglike_1351,1
2104,Druglike_1139-1_out,-8.28,O=C([O-])/C(=C/Cc1cc(=O)[n-]o1)C1=CC[C@@H](CO)O1,Druglike,Druglike_1139,1
2105,Druglike_1773-1_out,-8.279,[NH3+]CC/C=C/c1cc(=O)cc(-c2ccc(Br)cc2)[nH]1,Druglike,Druglike_1773,1
2106,Druglike_455-1_out,-8.279,O=C(CO)OCCCCc1cc(O)cc(-c2cn[nH]n2)c1,Druglike,Druglike_455,1
2107,Druglike_1745-1_out,-8.277,C=CCc1cccc(C(=O)NC[C@H](F)C(=O)[O-])c1,Druglike,Druglike_1745,1
2108,HighDiv_249-1_out,-8.277,C=C[C@@H](C#Cc1cc([O-])c(N=O)c(CNOC)c1)CCO,HighDiv,HighDiv_249,1
2109,HighDiv_2294-1_out,-8.277,CC(=O)CNC[C@@H](/C=C/c1cc(F)cc(F)c1O)CO,HighDiv,HighDiv_2294,1
2110,HighDiv_1258-1_out,-8.276,O=C(C#C[C@@H](O)c1c(O)cccc1[N-][SH](=O)=O)c1ccco1,HighDiv,HighDiv_1258,1
2111,Druglike_1830-1_out,-8.276,CC(=O)Nc1c(O)cccc1C#CC(=O)OCC(F)F,Druglike,Druglike_1830,1
2112,Druglike_1150-1_out,-8.276,CCCc1cc(-c2cnc(/C=C/c3ccc(I)c(O)c3)o2)n[nH]c1=O,Druglike,Druglike_1150,1
2113,HighDiv_588-1_out,-8.273,CCCC#CCc1oc(C(=O)[O-])nc1C(=O)[O-],HighDiv,HighDiv_588,1
2114,HighDiv_168-1_out,-8.272,CSC/C=C/c1ccc(I)c(-c2n[nH]c(CC(=O)[O-])n2)n1,HighDiv,HighDiv_168,1
2115,Druglike_1661-1_out,-8.271,O=C([O-])[C@@H](C#Cc1cc2ccccc2o1)CO,Druglike,Druglike_1661,1
2116,Druglike_1263-1_out,-8.271,[NH3+]CC[C@H](O)c1ccc(O)c(Nc2ccc(=O)[nH]c2)c1,Druglike,Druglike_1263,1
2117,HighDiv_2251-1_out,-8.271,COc1cnc(C#C[C@H](N)c2nncs2)c([O-])c1Br,HighDiv,HighDiv_2251,1
2118,Druglike_832-1_out,-8.27,C#Cc1ccc([C@@H](O)CCc2cn[nH]n2)nc1I,Druglike,Druglike_832,1
2119,Druglike_663-1_out,-8.27,Oc1ccc(I)c(/C=C/c2cc(CCCF)n[nH]2)c1,Druglike,Druglike_663,1
2120,Druglike_150-1_out,-8.27,[NH3+]CCCc1[nH+]c(C[C@@H](CCl)C2=CCC(C[NH3+])=CO2)ccc1[O-],Druglike,Druglike_150,1
2121,HighDiv_679-1_out,-8.269,C=Cc1nc(-c2n[nH]c(CC(=O)[O-])n2)c(I)cc1F,HighDiv,HighDiv_679,1
2122,HighDiv_1017-1_out,-8.269,C=CCC/C(CCO)=[NH+]\Cc1cc2cc[nH]c2cc1O,HighDiv,HighDiv_1017,1
2123,Druglike_838-1_out,-8.269,CC[NH2+]Cc1nnc(C#Cc2nnc(CO)n2CC)[n-]1,Druglike,Druglike_838,1
2124,HighDiv_2292-1_out,-8.269,C[C@@H](CO)Cc1cc(NNCc2cscn2)c(F)cc1F,HighDiv,HighDiv_2292,1
2125,Druglike_329-1_out,-8.269,OCCC1=COC=C(C[C@H](O)/C=C/c2ccc(Cl)c(Cl)c2)C1,Druglike,Druglike_329,1
2126,HighDiv_1535-1_out,-8.268,C#CCc1cc(O[P@H](=O)[O-])cc(-c2c[nH+]cc([O-])c2)c1,HighDiv,HighDiv_1535,1
2127,Druglike_754-1_out,-8.268,CCC/C=C\COCCc1cc(O)cc([C@H](O)C(=O)[O-])c1,Druglike,Druglike_754,1
2128,HighDiv_199-1_out,-8.267,C=Cc1c(C[NH3+])cc(OCc2ncc(C(N)=O)cc2I)c2c1C(=O)CO2,HighDiv,HighDiv_199,1
2129,Druglike_542-1_out,-8.266,N[C@@H](c1ccc(C#CC(=O)[O-])c(I)n1)c1ncco1,Druglike,Druglike_542,1
2130,Druglike_1102-1_out,-8.266,O=c1[n-]oc(C/C=C(/CF)C2=CC[C@@H](CO)O2)c1CC[NH2+]CCCF,Druglike,Druglike_1102,1
2131,HighDiv_1104-1_out,-8.264,CCOC(=O)C/C=C/CCc1oc(C(=O)[O-])nc1CO,HighDiv,HighDiv_1104,1
2132,Druglike_1575-1_out,-8.264,C=CCC(=O)c1ncc(-c2cc(CO)[nH]c2CF)[nH]1,Druglike,Druglike_1575,1
2133,Druglike_1848-1_out,-8.262,C=Cc1c(-c2nnc(CO)o2)[nH]c(CCBr)cc1=O,Druglike,Druglike_1848,1
2134,Druglike_460-1_out,-8.262,O=C(/C=C/C(=O)c1n[nH]c(-c2nnn[n-]2)n1)CCF,Druglike,Druglike_460,1
2135,HighDiv_1401-1_out,-8.261,[NH3+]C[C@H](C#Cc1c[nH+]cc([O-])c1)c1nncs1,HighDiv,HighDiv_1401,1
2136,HighDiv_2059-1_out,-8.261,Nc1ncc([C@H](O)CC#Cc2cc(I)ccn2)s1,HighDiv,HighDiv_2059,1
2137,HighDiv_1184-3_out,-8.26,CN(N)CCCCc1cc(O)cc(N2CCNC2=O)c1,HighDiv,HighDiv_1184,3
2138,HighDiv_2029-1_out,-8.26,O=C([O-])COC[C@H](O)/C=C\C=C\c1ccc(F)c(Br)c1,HighDiv,HighDiv_2029,1
2139,HighDiv_1503-1_out,-8.258,Nc1ccc(O)cc1[C@H](Cl)C/C=C/c1nnc([S-])o1,HighDiv,HighDiv_1503,1
2140,HighDiv_483-1_out,-8.257,O=C1NCCN1c1cc(O)cc(C#CCC[NH2+]CCS)c1,HighDiv,HighDiv_483,1
2141,Druglike_1528-1_out,-8.256,O=C([O-])[C@@H](C#Cc1cc[nH]c1)c1cn[nH]n1,Druglike,Druglike_1528,1
2142,HighDiv_2225-2_out,-8.253,NOc1ccc(C[C@@H]([NH3+])c2nnc(N)s2)cc1F,HighDiv,HighDiv_2225,2
2143,Druglike_1652-1_out,-8.253,C=Cc1oncc1-c1cc(CCCN[C@@H]([NH3+])NC)cc(=O)o1,Druglike,Druglike_1652,1
2144,HighDiv_848-1_out,-8.253,O=C([O-])c1nc(-c2nonc2C(=O)[O-])n[nH]1,HighDiv,HighDiv_848,1
2145,HighDiv_1797-1_out,-8.252,Cc1ccc(-c2c(C(=O)[O-])ccc(CO)c2[S-])cc1ON,HighDiv,HighDiv_1797,1
2146,HighDiv_1131-1_out,-8.252,CC(=O)[C@H](C#Cc1cc(O)cc(CC[NH3+])c1)/C=C/CON,HighDiv,HighDiv_1131,1
2147,HighDiv_832-1_out,-8.251,COCC/C=C/c1ccc(I)c(-c2n[nH]c(CC(=O)[O-])n2)n1,HighDiv,HighDiv_832,1
2148,Druglike_1716-1_out,-8.25,NC(=O)Nc1cc(O)ccc1/C=C/[C@H](O)C1=NOCC1,Druglike,Druglike_1716,1
2149,HighDiv_327-1_out,-8.249,[NH3+]Cc1cc(-c2c(F)cc([S-])cc2Br)oc1CC(=O)[O-],HighDiv,HighDiv_327,1
2150,HighDiv_1163-1_out,-8.248,C=C(C[NH2+]CC)C(=O)c1cc([O-])c(Br)c(N=O)c1,HighDiv,HighDiv_1163,1
2151,Druglike_1306-1_out,-8.248,CCc1nnc(/C=C/CC2=C(C(=O)[O-])[C@H](CO)NC(=O)N2)[nH]1,Druglike,Druglike_1306,1
2152,Druglike_1963-1_out,-8.247,NC(=O)Nc1cc(Nc2cc[nH]n2)ccc1C(=O)[O-],Druglike,Druglike_1963,1
2153,HighDiv_1197-1_out,-8.247,NNCCC(=O)c1cc(O)c(O)c(-c2cc[nH]c(=S)c2)c1,HighDiv,HighDiv_1197,1
2154,Druglike_356-1_out,-8.247,C[C@H](N)C(=O)OCCCCc1nc(=O)[nH]cc1C(=O)[O-],Druglike,Druglike_356,1
2155,HighDiv_1768-1_out,-8.247,CN(C[C@@H]1C=CCO1)C(=O)Cc1ccc(S[S-])c(O)c1I,HighDiv,HighDiv_1768,1
2156,Druglike_1231-2_out,-8.247,[NH3+]Cc1[nH]ncc1-c1ccc(F)cc1C(=O)[O-],Druglike,Druglike_1231,2
2157,Druglike_227-1_out,-8.246,O=C(CO)OC/C=C(\CO)CCc1ccc2c(c1Cl)CNNC2,Druglike,Druglike_227,1
2158,Druglike_751-1_out,-8.246,O=C(/C=C/c1cc(O)ccc1I)[C@H]1CCCNN1,Druglike,Druglike_751,1
2159,HighDiv_825-1_out,-8.245,[NH3+][C@@H](CO)CCc1cc(C(=O)CCl)cc(N=O)c1Br,HighDiv,HighDiv_825,1
2160,Druglike_1260-1_out,-8.243,C=C(CCCl)c1nnc([C@@H](C(=O)[O-])C2=C(C(=O)[O-])C(=O)CO2)o1,Druglike,Druglike_1260,1
2161,HighDiv_230-1_out,-8.243,O=C1NCCN1c1cc(O)c(Cl)c(CSCCCl)c1,HighDiv,HighDiv_230,1
2162,HighDiv_759-1_out,-8.242,C#CC/C=C(\C[NH2+]CC)C(=O)c1cc(N=O)c(Br)cc1[O-],HighDiv,HighDiv_759,1
2163,HighDiv_1988-1_out,-8.242,CC#CCc1nc(-c2cc(OCS)cc(F)c2ON)c[nH]1,HighDiv,HighDiv_1988,1
2164,HighDiv_397-1_out,-8.241,C=Cc1ccc(I)c(-c2n[nH]c(CC(=O)[O-])n2)n1,HighDiv,HighDiv_397,1
2165,HighDiv_1457-2_out,-8.241,CC[C@H](CCO)NC(=O)C#Cc1c[nH+]cc([O-])c1,HighDiv,HighDiv_1457,2
2166,Druglike_114-1_out,-8.241,C=C(COC(=O)CCCO)CC(=O)c1nc(NCC)c2cn[nH]c2n1,Druglike,Druglike_114,1
2167,HighDiv_1249-1_out,-8.238,C=C[C@@H](CBr)NC(=O)C#Cc1c(CNC)[nH]cc(O)c1=O,HighDiv,HighDiv_1249,1
2168,HighDiv_346-1_out,-8.238,C=C[C@@H](C#Cc1cc(O)c(Br)c(CNOC)c1)CCO,HighDiv,HighDiv_346,1
2169,HighDiv_1809-1_out,-8.238,O=[S@@](c1ccc(O)cc1)c1cc(O)c(I)cc1O,HighDiv,HighDiv_1809,1
2170,HighDiv_587-1_out,-8.237,C/C=C/C/C(=C\C[NH3+])C(=O)c1cc(N=O)c(Br)cc1[O-],HighDiv,HighDiv_587,1
2171,HighDiv_1973-1_out,-8.236,NC(=O)/C=C/[C@@H](/C=C/c1cc(F)cc(F)c1O)CO,HighDiv,HighDiv_1973,1
2172,Druglike_1346-1_out,-8.236,C[C@H]([NH3+])CCCc1nnc(/C(=C\c2nnn[n-]2)CO)o1,Druglike,Druglike_1346,1
2173,HighDiv_1751-1_out,-8.236,NC(=O)Nc1ccc(CCCCC[N+](=O)[O-])cc1Cl,HighDiv,HighDiv_1751,1
2174,Druglike_1805-1_out,-8.235,O=c1cc[nH]c(-c2nnc(CCCO)o2)c1CO,Druglike,Druglike_1805,1
2175,Druglike_484-1_out,-8.234,CCCOCC(=O)Nc1cc(O)cc(-c2c[nH]nn2)c1,Druglike,Druglike_484,1
2176,HighDiv_1958-1_out,-8.234,C=CNCCc1cc(F)c(ON)c(-c2c[nH]c(C(=O)NC)n2)c1,HighDiv,HighDiv_1958,1
2177,HighDiv_2298-1_out,-8.234,O=C(C#Cc1c(I)ncc([O-])c1C=S)OCc1ccc[nH]1,HighDiv,HighDiv_2298,1
2178,Druglike_637-1_out,-8.234,[NH3+]CCC(=O)OCCCCc1cc(O)cc(-c2cn[nH]n2)c1,Druglike,Druglike_637,1
2179,HighDiv_398-1_out,-8.234,CC/C=C/CSc1cc(O)cc(N2CCNC2=O)c1,HighDiv,HighDiv_398,1
2180,Druglike_1664-1_out,-8.233,OCCCC#CCn1cncc1-c1n[nH]c(CO)n1,Druglike,Druglike_1664,1
2181,HighDiv_2006-1_out,-8.233,O=C(NC[C@H](S)c1ccc(Cl)c(CO)c1F)c1cnon1,HighDiv,HighDiv_2006,1
2182,Druglike_2038-1_out,-8.233,CCCC(=O)c1cccc(C(=O)N[C@H](/C=C/CO)C[NH3+])c1,Druglike,Druglike_2038,1
2183,Druglike_900-1_out,-8.232,O=C(NC1CCCC1)c1cc(F)nc(CO)c1,Druglike,Druglike_900,1
2184,Druglike_1785-1_out,-8.232,CCC[NH2+]CCOC(=O)C#Cc1cc(O)cc(CO)c1,Druglike,Druglike_1785,1
2185,Druglike_883-1_out,-8.232,OCc1cc(O)cc(CCOCC2=CCC=C2)c1,Druglike,Druglike_883,1
2186,Druglike_446-1_out,-8.232,O=C([O-])C[NH2+]CCCc1cc(O)cc(-c2cn[nH]n2)c1,Druglike,Druglike_446,1
2187,Druglike_876-1_out,-8.231,O=C1C=C(CO)[C@@H](/C=C/c2cnc(CCF)c(Br)c2)N1,Druglike,Druglike_876,1
2188,HighDiv_91-1_out,-8.23,NCCS(=O)(=O)CCSCc1cc(O)cc(N2CCNC2=O)c1,HighDiv,HighDiv_91,1
2189,HighDiv_559-1_out,-8.229,CS(=O)(=O)CCSCc1cc(O)cc(N2CCNC2=O)c1,HighDiv,HighDiv_559,1
2190,HighDiv_730-1_out,-8.229,C=C(C(=O)CN)c1cc(O)cc(N2CCNC2=O)c1,HighDiv,HighDiv_730,1
2191,HighDiv_811-1_out,-8.229,C=CC[C@@H](C#Cc1cc(O)cc(COCC)c1)C[NH3+],HighDiv,HighDiv_811,1
2192,Druglike_1191-1_out,-8.228,C#CCCCc1nc(CO)c(-c2ccc(=O)[nH]n2)o1,Druglike,Druglike_1191,1
2193,HighDiv_1361-1_out,-8.227,O=C(C#Cc1c[nH]cc(O)c1=O)NCCCOC(=O)CS,HighDiv,HighDiv_1361,1
2194,Druglike_673-1_out,-8.226,Nc1ccc(-c2nnn[n-]2)cc1/C=C/C[NH2+]CCO,Druglike,Druglike_673,1
2195,Druglike_334-1_out,-8.226,CC1=CC(=O)N[C@@H]1/C=C/c1cnc(CC[NH3+])c(Br)c1,Druglike,Druglike_334,1
2196,HighDiv_1429-1_out,-8.225,CCCN(CC[NH3+])CCNC(=O)C#Cc1c[nH]cc(O)c1=O,HighDiv,HighDiv_1429,1
2197,Druglike_1765-1_out,-8.225,C/C=C/[C@H](O)Cc1cccc(C(=O)NCCC(=O)[O-])c1,Druglike,Druglike_1765,1
2198,HighDiv_369-1_out,-8.224,C#CCN[C@H](Cl)Cc1cc(C(=O)N=O)cc(CO)c1Br,HighDiv,HighDiv_369,1
2199,Druglike_2001-1_out,-8.224,C=Cc1c(-c2nnc(CO)o2)[nH]c(CF)cc1=O,Druglike,Druglike_2001,1
2200,HighDiv_1198-1_out,-8.223,O=[N+]([O-])CC/C=N/c1cc(-c2ccc(I)cn2)c(Br)cc1O,HighDiv,HighDiv_1198,1
2201,HighDiv_644-1_out,-8.222,[H]/N=C\C[C@@H](C/C=C/Cc1oc(C(=O)[O-])nc1C[NH3+])c1cnns1,HighDiv,HighDiv_644,1
2202,HighDiv_931-1_out,-8.222,C=CC[C@@H](C#Cc1cc(O)cc(CCCCC)c1)C[NH3+],HighDiv,HighDiv_931,1
2203,Druglike_1537-1_out,-8.222,C=C[C@H](CCc1ccc(CCO)cc1)n1cc(C[NH3+])nn1,Druglike,Druglike_1537,1
2204,HighDiv_2077-1_out,-8.222,C#Cc1ccc([C@@H](CO)c2nncs2)c2[nH]cnc12,HighDiv,HighDiv_2077,1
2205,Druglike_574-1_out,-8.222,Nc1ccc(-c2ncn[nH]2)cc1/C=C/C[NH2+]CCO,Druglike,Druglike_574,1
2206,Druglike_527-1_out,-8.222,Oc1cc2c(cc1C#CCCCCCCl)NCO2,Druglike,Druglike_527,1
2207,Druglike_368-1_out,-8.221,[NH3+]CC1=C[C@@H](/C=C/c2cncc(Br)c2)NC(CO)=C1,Druglike,Druglike_368,1
2208,Druglike_955-1_out,-8.22,CCCCCc1ncc(-c2[nH]cc(C(=O)[O-])c2CO)o1,Druglike,Druglike_955,1
2209,HighDiv_44-1_out,-8.219,[NH3+]CNNCC1=CC(=O)C(CCl)=C(c2cc(Br)ccn2)C1=O,HighDiv,HighDiv_44,1
2210,HighDiv_737-1_out,-8.219,O=Nc1cc(F)c([O-])cc1-c1cc[nH]c1,HighDiv,HighDiv_737,1
2211,Druglike_636-1_out,-8.219,N[C@@H](c1ccc(C#CC(=O)[O-])c(I)n1)c1cnco1,Druglike,Druglike_636,1
2212,HighDiv_434-1_out,-8.219,NOc1cc(C(=O)[O-])cc(CC#CCCCl)c1Br,HighDiv,HighDiv_434,1
2213,HighDiv_1969-1_out,-8.218,NOc1c(F)cccc1-c1c[nH]c(C(=O)NCCS)n1,HighDiv,HighDiv_1969,1
2214,Druglike_1456-1_out,-8.218,O=C([O-])[C@@H](C#Cc1nc[nH]n1)n1cnnn1,Druglike,Druglike_1456,1
2215,HighDiv_1723-1_out,-8.218,C=C/C=C/c1ccc(C(=O)[O-])c(-c2cc(O)c(CS)c(O)c2)c1[S-],HighDiv,HighDiv_1723,1
2216,Druglike_200-1_out,-8.217,OCCCCCCCc1cc(O)cc(-c2cn[nH]n2)c1,Druglike,Druglike_200,1
2217,HighDiv_1269-1_out,-8.217,N[NH2+]CCNc1ccc(O)c(-c2cc(/C=C/CO)n(CS)n2)c1,HighDiv,HighDiv_1269,1
2218,Druglike_728-2_out,-8.215,CNC(=O)C/C=C/Cc1nc(=O)[nH]cc1C(=O)[O-],Druglike,Druglike_728,2
2219,HighDiv_2018-3_out,-8.214,CC[NH2+]CCc1cc(F)c(ON)c(-c2cnc(CC(=O)[O-])[nH]2)c1,HighDiv,HighDiv_2018,3
2220,HighDiv_911-1_out,-8.214,C=CCC/C(=C/C)CCCc1oc(C(=O)[O-])nc1CO,HighDiv,HighDiv_911,1
2221,HighDiv_1830-1_out,-8.213,CCc1cc(/C=C/[C@@H](O)C(=O)N2COC=N2)ccc1O,HighDiv,HighDiv_1830,1
2222,Druglike_544-1_out,-8.212,O=C([O-])[C@@H]1CN/C(=C\Cc2cnc(Cl)c(Cl)n2)N1,Druglike,Druglike_544,1
2223,Druglike_416-1_out,-8.211,C=C(COC(=O)CO)CC(=O)c1nc(NC)c2cn[nH]c2n1,Druglike,Druglike_416,1
2224,HighDiv_934-1_out,-8.211,COc1cc([C@@H]([NH3+])/C=C\CC(=O)NO)ccc1I,HighDiv,HighDiv_934,1
2225,HighDiv_661-2_out,-8.21,C#CCCc1cc(O)cc(C#C[C@@H](CCO)CN[NH3+])c1,HighDiv,HighDiv_661,2
2226,Druglike_139-1_out,-8.209,CCc1ncc(/C=C/[C@@H]2C=C(C[NH3+])C=C(CO)N2)cc1Br,Druglike,Druglike_139,1
2227,HighDiv_1424-1_out,-8.209,C=C(C)CC(=O)c1cc(O)c(O)c(CCCCC[NH3+])c1,HighDiv,HighDiv_1424,1
2228,Druglike_1021-1_out,-8.208,C=C[C@@H](CCCCNC)c1ccc(C(=O)c2noc(=O)[nH]2)[nH]1,Druglike,Druglike_1021,1
2229,HighDiv_986-1_out,-8.207,O=Nc1cc(C(=O)[C@@H]2N=CNO2)cc([O-])c1Br,HighDiv,HighDiv_986,1
2230,Druglike_490-2_out,-8.207,NC(=O)C/C=C/c1cc(O)cc(-c2cnn[nH]2)c1,Druglike,Druglike_490,2
2231,HighDiv_957-1_out,-8.207,[NH3+]C[C@H](F)/C=C/C(=O)c1cc(N=O)c(Br)cc1[O-],HighDiv,HighDiv_957,1
2232,Druglike_1938-1_out,-8.207,C=C(COCC(=O)[O-])Cc1cccc(C(=O)NCCC(=O)[O-])c1,Druglike,Druglike_1938,1
2233,Druglike_1759-1_out,-8.206,NCc1cc(=O)cc(-c2cccc(C[NH3+])c2)[nH]1,Druglike,Druglike_1759,1
2234,HighDiv_2133-1_out,-8.206,ON[C@H](/C=C/c1cc(F)cc(F)c1O)c1ncn[nH]1,HighDiv,HighDiv_2133,1
2235,HighDiv_2034-2_out,-8.206,C=CC(=C)c1ncc(-c2cccc(F)c2ON)[nH]1,HighDiv,HighDiv_2034,2
2236,Druglike_1892-1_out,-8.206,NCc1cc(=O)cc(-c2cccc(C[NH3+])c2)[nH]1,Druglike,Druglike_1892,1
2237,Druglike_1116-1_out,-8.205,C[NH2+]Cc1c(C/C=C(/CF)C2=CC[C@@H](CO)O2)o[n-]c1=O,Druglike,Druglike_1116,1
2238,HighDiv_2073-1_out,-8.204,[NH3+]Cc1ccc(-c2nc([N+](=O)[O-])n[n-]2)c(F)c1Cl,HighDiv,HighDiv_2073,1
2239,Druglike_357-1_out,-8.204,Nc1ccc(C#C[C@@H](O)CCCn2cnnc2)c(Cl)c1,Druglike,Druglike_357,1
2240,HighDiv_380-1_out,-8.204,C=Cc1c(O)cc(N2CCNC2=O)cc1CCCCF,HighDiv,HighDiv_380,1
2241,Druglike_406-1_out,-8.203,COCNCC(=O)/C=C/C(=O)c1n[nH]c(-c2c[nH]nc2O)n1,Druglike,Druglike_406,1
2242,Druglike_561-1_out,-8.203,O=C1C=C([C@H](C(=O)[O-])c2cc(CBr)nc(=O)[nH]2)CO1,Druglike,Druglike_561,1
2243,Druglike_575-1_out,-8.203,C=C(C1=CCCCO1)c1o[n-]c(=O)c1CC(=O)CO,Druglike,Druglike_575,1
2244,Druglike_1516-1_out,-8.201,O=C(CO)CNCC1=CCC(c2cccc(Cl)c2)=CO1,Druglike,Druglike_1516,1
2245,Druglike_314-2_out,-8.2,O=C([O-])c1cnc(=O)[nH]c1CCCc1nnco1,Druglike,Druglike_314,2
2246,HighDiv_1997-1_out,-8.199,C=CCc1cnc(/C=C/c2c(I)ncc(N=O)c2[S-])[nH]1,HighDiv,HighDiv_1997,1
2247,HighDiv_334-1_out,-8.199,[NH3+]CNCSCc1cc(N2CCNC2=O)cc(O)c1Cl,HighDiv,HighDiv_334,1
2248,Druglike_1331-1_out,-8.198,O=c1ccc(-c2oc(CCCl)nc2CO)n[nH]1,Druglike,Druglike_1331,1
2249,HighDiv_1007-1_out,-8.198,C/C(=C\CC[NH3+])C(=O)c1cc(N=O)c(Br)cc1[O-],HighDiv,HighDiv_1007,1
2250,Druglike_983-1_out,-8.197,[NH3+]CN(CC#Cc1ccc(CCl)cn1)CCC1=CNC=NC1,Druglike,Druglike_983,1
2251,HighDiv_469-1_out,-8.196,CNC(=O)N[C@H](Cl)C(=O)c1cc(N=O)c(Br)cc1N=O,HighDiv,HighDiv_469,1
2252,HighDiv_1967-1_out,-8.195,NOc1c(F)cc(N=O)cc1-c1c[nH]c(C(=O)[O-])n1,HighDiv,HighDiv_1967,1
2253,HighDiv_1237-2_out,-8.194,O=C(CO)c1cc(O)c([O-])c(-c2csnn2)c1,HighDiv,HighDiv_1237,2
2254,Druglike_701-1_out,-8.193,CC(=O)NCCCCc1nc(=O)[nH]cc1C(=O)[O-],Druglike,Druglike_701,1
2255,HighDiv_2211-1_out,-8.193,[NH3+]C/C=C\COc1ccc([N+](=O)[O-])c([N-][SH](=O)=O)c1,HighDiv,HighDiv_2211,1
2256,Druglike_1539-1_out,-8.192,O=C([O-])c1ccc(-c2ccc(OCCO)c(Cl)c2)o1,Druglike,Druglike_1539,1
2257,HighDiv_707-1_out,-8.192,N[C@H](C(=O)[O-])C(=O)c1cc(CC(=O)[O-])c(Br)c(N=O)c1,HighDiv,HighDiv_707,1
2258,HighDiv_659-1_out,-8.192,N[C@@H]([NH3+])NCc1cc(C(=O)CCl)cc(N=O)c1Br,HighDiv,HighDiv_659,1
2259,Druglike_1247-1_out,-8.192,COCCc1c(O)noc1C/C=C(/C(=O)[O-])C1=CC[C@@H](CO)O1,Druglike,Druglike_1247,1
2260,Druglike_781-1_out,-8.191,CN1CCC[C@H](C(=O)/C=C/c2cc(O)ccc2I)N1,Druglike,Druglike_781,1
2261,Druglike_145-1_out,-8.19,[NH3+]CCc1ncc(/C=C/[C@H]2NC(=O)C=C2CF)cc1Br,Druglike,Druglike_145,1
2262,Druglike_1672-1_out,-8.19,CO[C@@H]1CON=C1/C=C/c1cc(CO)cc(C(=O)CN)c1,Druglike,Druglike_1672,1
2263,Druglike_659-1_out,-8.19,OC/C=C/c1ccc(-c2[nH]ncc2Cl)cc1,Druglike,Druglike_659,1
2264,Druglike_1359-1_out,-8.19,CC(=O)N[C@@H](/C=C/c1ccc(I)cc1N)c1nnn[n-]1,Druglike,Druglike_1359,1
2265,Druglike_305-1_out,-8.19,[NH3+]Cc1ncc(/C=C/[C@@H]2C=CC=C(CO)N2)cc1Br,Druglike,Druglike_305,1
2266,Druglike_1597-1_out,-8.189,CCN[C@@H]([NH3+])NCCCc1cc(-c2cnoc2)oc(=O)c1,Druglike,Druglike_1597,1
2267,Druglike_769-1_out,-8.189,O=C([O-])[C@@H](CN1C=CN=CC1)c1ccc(CO)c(Cl)c1,Druglike,Druglike_769,1
2268,Druglike_1774-1_out,-8.189,NCc1cc(=O)cc(-c2cccc(CO)c2)[nH]1,Druglike,Druglike_1774,1
2269,HighDiv_268-1_out,-8.188,C[NH2+][C@@H](O)CCC(=O)Oc1cc(C(=O)[O-])cc(ON)c1Br,HighDiv,HighDiv_268,1
2270,HighDiv_1999-1_out,-8.188,O=C1CCC=C1[C@H](Cl)/C=C/c1c(I)ncc(O)c1[S-],HighDiv,HighDiv_1999,1
2271,Druglike_1894-1_out,-8.187,C=Cc1c(-c2nnc(CO)o2)[nH]c(CCO)cc1=O,Druglike,Druglike_1894,1
2272,HighDiv_326-1_out,-8.186,C/C=C(\C#CCc1oc(C(=O)[O-])nc1CO)CCC,HighDiv,HighDiv_326,1
2273,Druglike_349-1_out,-8.186,C[C@@H](O)CC/C=C/CNCc1[nH]c(=O)ncc1C(=O)[O-],Druglike,Druglike_349,1
2274,Druglike_1984-1_out,-8.185,O=c1cc(-c2ccc(Br)cc2O)[nH]cc1CO,Druglike,Druglike_1984,1
2275,Druglike_567-1_out,-8.185,O=C(/C=C/c1cc(O)ccc1I)[C@H]1CCCNN1CF,Druglike,Druglike_567,1
2276,HighDiv_382-1_out,-8.185,NC(=S)c1cc(-c2cc([O-])c(F)cc2N=O)c(CO)[nH]1,HighDiv,HighDiv_382,1
2277,HighDiv_503-1_out,-8.185,O=NCSCc1cc(N2CCNC2=O)cc(O)c1Cl,HighDiv,HighDiv_503,1
2278,Druglike_1572-2_out,-8.184,CCCCCCc1nc(-c2cc(CO)[nH]c2C[NH3+])c[nH]1,Druglike,Druglike_1572,2
2279,HighDiv_81-1_out,-8.182,C[C@H](O)CCCc1cc(C(=O)CN)cc(N=O)c1Br,HighDiv,HighDiv_81,1
2280,Druglike_419-1_out,-8.18,N[C@H](C/C=C/c1cc(O)ccc1I)c1cnon1,Druglike,Druglike_419,1
2281,HighDiv_385-1_out,-8.178,NOc1cc(C(=O)[O-])cc(OCCCCCN=O)c1Br,HighDiv,HighDiv_385,1
2282,HighDiv_839-1_out,-8.178,C/C=C/c1cc(O)cc(N2CCNC2=O)c1,HighDiv,HighDiv_839,1
2283,HighDiv_406-1_out,-8.178,O=C([O-])Cc1nc(-c2nc(/C=C/COCCO)ccc2I)n[nH]1,HighDiv,HighDiv_406,1
2284,Druglike_154-1_out,-8.178,CC(C)=Cc1[nH]nnc1-c1c(CO)cnn1CCO,Druglike,Druglike_154,1
2285,HighDiv_1963-1_out,-8.177,O=C(/C=C/[C@@H](/C=C/c1cc(F)cc(F)c1O)CO)NO,HighDiv,HighDiv_1963,1
2286,HighDiv_1436-1_out,-8.177,C[C@@H](CF)NC(=O)C#Cc1c[nH]cc(O)c1=O,HighDiv,HighDiv_1436,1
2287,Druglike_1705-2_out,-8.176,C=CCCCCCc1nc(-c2cc(CO)[nH]c2C[NH3+])c[nH]1,Druglike,Druglike_1705,2
2288,HighDiv_105-1_out,-8.175,O=C([O-])Cc1nc(-c2nc(/C=C/CCCS)ccc2I)n[nH]1,HighDiv,HighDiv_105,1
2289,HighDiv_2102-1_out,-8.175,C=C(C#C[C@H](O)c1c[nH]c(=O)[nH]c1=O)[N+](=O)[O-],HighDiv,HighDiv_2102,1
2290,HighDiv_1887-1_out,-8.174,CCCN1C=C(C[C@@H](N)C(=O)/C=C/C2=CCON2)CN1,HighDiv,HighDiv_1887,1
2291,Druglike_990-3_out,-8.174,C/C=C\CNC(=O)[C@H](C(=O)[O-])c1c[nH+]c(I)c([O-])c1,Druglike,Druglike_990,3
2292,HighDiv_1807-1_out,-8.174,CC[NH2+]COCc1c(Br)c(C(=O)c2cc[nH]c2)nn1C(=O)[O-],HighDiv,HighDiv_1807,1
2293,Druglike_1902-1_out,-8.173,[NH3+][C@H](/C=C\Cc1cc(C(=O)[O-])ccc1Br)C(=O)[O-],Druglike,Druglike_1902,1
2294,HighDiv_969-1_out,-8.173,C=C(N)c1ccc(/C=C(\C)[C@H](CN)N=O)c(Cl)c1Cl,HighDiv,HighDiv_969,1
2295,Druglike_1998-1_out,-8.173,O=C([O-])c1coc(-c2ccc(CO)c(Cl)c2)c1,Druglike,Druglike_1998,1
2296,Druglike_479-1_out,-8.173,C=Cc1cc(-c2nc[nH]n2)ccc1OC(=O)CC(=O)[O-],Druglike,Druglike_479,1
2297,HighDiv_2100-2_out,-8.173,NOc1c(F)cc(NC=S)cc1-c1cnc[nH]1,HighDiv,HighDiv_2100,2
2298,Druglike_1475-1_out,-8.173,O=C([O-])CC#Cc1ccc(NC(=O)CCl)c2nc[nH]c12,Druglike,Druglike_1475,1
2299,Druglike_144-1_out,-8.172,CO[C@H](/C=C/C(=O)c1n[nH]c(COc2cc(Cl)nc(CO)c2)n1)C[NH3+],Druglike,Druglike_144,1
2300,Druglike_350-1_out,-8.172,CC(=O)OCCCc1cc(O)cc(-c2cn[nH]n2)c1,Druglike,Druglike_350,1
2301,Druglike_1535-2_out,-8.172,CCCCCCCc1nc(-c2cc(CO)[nH]c2C[NH3+])c[nH]1,Druglike,Druglike_1535,2
2302,HighDiv_2025-2_out,-8.172,C=CC(=O)Cc1cc(F)c(ON)c(-c2cnc[nH]2)c1,HighDiv,HighDiv_2025,2
2303,HighDiv_1453-2_out,-8.171,CCc1cc(C(=O)c2ncco2)cc(O)c1O,HighDiv,HighDiv_1453,2
2304,Druglike_1140-1_out,-8.17,C[C@@H](O)c1n[n-]c(C(=O)c2ccc(I)c(I)c2)n1,Druglike,Druglike_1140,1
2305,Druglike_1870-1_out,-8.169,C=C(C(=O)[O-])c1ccc(-n2cc(Cl)cn2)c(O)c1,Druglike,Druglike_1870,1
2306,Druglike_1186-1_out,-8.169,C=CCCCOCc1nc(CO)c(-c2ccc(=O)[nH]n2)o1,Druglike,Druglike_1186,1
2307,HighDiv_1562-1_out,-8.168,CC(=O)N(O)CCc1nnc(-c2cncc([O-])c2CS)s1,HighDiv,HighDiv_1562,1
2308,Druglike_857-1_out,-8.167,C[C@H](O)c1cc(/C=C/c2cc(O)ccc2I)[nH]n1,Druglike,Druglike_857,1
2309,HighDiv_1357-1_out,-8.167,O=C([O-])CCC/C=N/c1cc(-c2ccc(I)cn2)c(Br)cc1O,HighDiv,HighDiv_1357,1
2310,HighDiv_324-1_out,-8.167,C=C(CCO)C(=O)c1cc(CC(=O)[O-])c(Br)c(N=O)c1,HighDiv,HighDiv_324,1
2311,Druglike_1458-1_out,-8.166,O=C([O-])CC#Cc1ccc(I)c2nc[nH]c12,Druglike,Druglike_1458,1
2312,Druglike_1903-1_out,-8.166,O=C(Oc1ccc(Cl)c(O)c1)c1cc(CCCO)ccc1I,Druglike,Druglike_1903,1
2313,Druglike_733-2_out,-8.166,CC(=O)c1nc([C@@H](CO)C(=O)c2ccc([O-])c(I)c2)c[nH]1,Druglike,Druglike_733,2
2314,HighDiv_427-1_out,-8.166,C=CCCCCCc1cc(O)cc(N2CCNC2=O)c1,HighDiv,HighDiv_427,1
2315,Druglike_639-1_out,-8.165,CCc1[nH+]c(C[C@@H](CO)C2=CCC(C[NH3+])=CO2)ccc1[O-],Druglike,Druglike_639,1
2316,HighDiv_1049-1_out,-8.165,CNOCC/C=C/Cc1cc(C(=O)[O-])oc1[N+](=O)[O-],HighDiv,HighDiv_1049,1
2317,Druglike_1708-1_out,-8.165,C/C(=C\c1ccc(O)c(C(=O)[O-])c1)CCCCl,Druglike,Druglike_1708,1
2318,HighDiv_1072-1_out,-8.164,NC(=O)/C=C/[C@@H](O)C/C=C\Cc1ncc(C(N)=O)cc1I,HighDiv,HighDiv_1072,1
2319,HighDiv_714-1_out,-8.164,C=CCCSCc1cc(O)cc(N2CCNC2=O)c1,HighDiv,HighDiv_714,1
2320,HighDiv_877-1_out,-8.163,C[C@H](NN)C(=O)c1cc(N=O)c(Br)c(N=O)c1,HighDiv,HighDiv_877,1
2321,HighDiv_607-1_out,-8.163,O=C([O-])c1n[nH]c([C@H]([S-])/C=C/c2nc(CCl)nn2C(=O)CO)n1,HighDiv,HighDiv_607,1
2322,HighDiv_1645-1_out,-8.163,Cc1cc(NC(=O)CF)c(Cl)cc1C/C=C\C[C@@H]([NH3+])O,HighDiv,HighDiv_1645,1
2323,Druglike_992-1_out,-8.163,C=C[C@@H](CCCCO)c1ccc(C(=O)c2noc(=O)[nH]2)[nH]1,Druglike,Druglike_992,1
2324,Druglike_951-1_out,-8.162,O=C([O-])c1ccc(-c2[nH]cc(C(=O)[O-])c2C(=O)[O-])o1,Druglike,Druglike_951,1
2325,Druglike_1997-1_out,-8.162,CCN[C@@H](C#Cc1[nH+]ccc(I)c1[O-])C(=O)[O-],Druglike,Druglike_1997,1
2326,Druglike_2066-1_out,-8.162,O=C1C=C[C@@H](COC(=O)/C=C/c2n[nH]cc2Cl)N1,Druglike,Druglike_2066,1
2327,HighDiv_1812-1_out,-8.161,O=Nc1ccc([S-])c(C2=CCC=C2)c1[S-],HighDiv,HighDiv_1812,1
2328,HighDiv_1649-1_out,-8.161,O=[S@@](c1ccc2c(c1)CCN=C2CCl)c1cc(O)c(I)cc1O,HighDiv,HighDiv_1649,1
2329,HighDiv_596-1_out,-8.16,CC[NH2+]CCc1cc(C(=O)OCF)cc(ON)c1Br,HighDiv,HighDiv_596,1
2330,HighDiv_383-1_out,-8.16,C=C(CN[C@@H](C)F)C(=O)c1cc(N=O)c(Br)cc1[O-],HighDiv,HighDiv_383,1
2331,Druglike_1251-1_out,-8.16,O[C@H](C#Cc1cc(Cl)cc(Cl)c1)CNCc1cnon1,Druglike,Druglike_1251,1
2332,Druglike_629-1_out,-8.16,Nc1ccc(OC[C@H]2NCCCO2)cc1/C=C/C[NH2+]CCO,Druglike,Druglike_629,1
2333,Druglike_735-1_out,-8.16,[NH3+][C@H](CO)c1ccc(C(=O)c2ccc(/C=C/CCl)[nH]2)o1,Druglike,Druglike_735,1
2334,HighDiv_1330-1_out,-8.16,CC[C@H](C=S)NC(=O)C#Cc1c[nH]cc(O)c1=O,HighDiv,HighDiv_1330,1
2335,Druglike_1106-1_out,-8.16,O=c1ccc(-c2oc(CC/C=C/CCO)nc2CO)n[nH]1,Druglike,Druglike_1106,1
2336,Druglike_2041-1_out,-8.159,CC[C@H](Br)COC(=O)C#Cc1cc(O)ccc1N,Druglike,Druglike_2041,1
2337,HighDiv_1811-1_out,-8.159,O=C(c1nnc(CS)o1)c1c[nH]c2c(CCO)ccc(O)c12,HighDiv,HighDiv_1811,1
2338,HighDiv_2167-1_out,-8.159,O=C([O-])Cc1ccc(-c2c[nH]nn2)c(Cl)c1,HighDiv,HighDiv_2167,1
2339,Druglike_1876-2_out,-8.158,Cc1ccccc1-c1cc(=O)cc(C[NH3+])[nH]1,Druglike,Druglike_1876,2
2340,Druglike_529-1_out,-8.158,OCC[NH2+]C/C=C/CCc1cc(O)cc(-c2cn[nH]n2)c1,Druglike,Druglike_529,1
2341,HighDiv_1701-1_out,-8.157,O=[S@@](c1ccc2c(c1)C[C@@H](CO)N2)c1cc(O)c(I)cc1O,HighDiv,HighDiv_1701,1
2342,HighDiv_1974-1_out,-8.157,CNC(=O)c1nc(-c2cccc(F)c2ON)c[nH]1,HighDiv,HighDiv_1974,1
2343,HighDiv_463-1_out,-8.157,CCNC(=O)c1cc(C(=O)[O-])cc(ON)c1Br,HighDiv,HighDiv_463,1
2344,HighDiv_1515-1_out,-8.156,O=C([O-])n1cc([N+](=O)[O-])c(CCc2nnco2)n1,HighDiv,HighDiv_1515,1
2345,HighDiv_381-1_out,-8.156,Cc1c(O)cc(N2CCNC2=O)cc1CCS,HighDiv,HighDiv_381,1
2346,Druglike_671-1_out,-8.156,O=C1C=C([C@H](C(=O)[O-])c2cc(CCCl)nc(=O)[nH]2)CO1,Druglike,Druglike_671,1
2347,HighDiv_838-1_out,-8.156,Cc1csc(-c2cc(S(N)(=O)=O)cc(O)c2O)c1,HighDiv,HighDiv_838,1
2348,HighDiv_1374-1_out,-8.154,[NH3+]CCC(=O)OC(=O)c1cc(O)c([O-])c(-c2ncn[nH]2)c1,HighDiv,HighDiv_1374,1
2349,Druglike_587-1_out,-8.153,[NH3+]Cc1cc(C(=O)CCC2=CNOC2)ccc1I,Druglike,Druglike_587,1
2350,HighDiv_405-1_out,-8.153,CCCCCCc1cc(O)cc(N2CCNC2=O)c1,HighDiv,HighDiv_405,1
2351,Druglike_861-1_out,-8.153,C=CC[C@H](O)CC[NH2+]CCc1cc2c(cc1O)OCN2,Druglike,Druglike_861,1
2352,Druglike_43-1_out,-8.152,[NH3+]CCC[C@@H](/C=C/c1cnc(CO)c(Br)c1)c1noc(=O)[n-]1,Druglike,Druglike_43,1
2353,Druglike_834-1_out,-8.151,CCC/C=C(/CO)COCCc1cc(O)cc(CO)c1,Druglike,Druglike_834,1
2354,HighDiv_313-1_out,-8.151,CC/C=C/[C@@H](C#Cc1cccc(O)c1)CCO,HighDiv,HighDiv_313,1
2355,HighDiv_902-2_out,-8.151,C/C=[NH+]\C/C=C(/C)CCCc1oc(C(=O)[O-])nc1CO,HighDiv,HighDiv_902,2
2356,Druglike_2009-1_out,-8.151,C[NH2+]CCCc1nnc(-c2cc(=O)cc(CO)[nH]2)o1,Druglike,Druglike_2009,1
2357,Druglike_371-1_out,-8.15,OCc1cnn(CCl)c1CCc1ccc2c(c1Cl)CNNC2,Druglike,Druglike_371,1
2358,Druglike_566-1_out,-8.15,CC[C@@H](C/C=C/c1ccc(Cl)c(O)c1)C(=O)[O-],Druglike,Druglike_566,1
2359,HighDiv_1350-1_out,-8.149,C=CCCNC(=O)C#Cc1c(CBr)[nH]cc(O)c1=O,HighDiv,HighDiv_1350,1
2360,HighDiv_1352-1_out,-8.149,C[C@@H](S)CNc1ccc(O)c(C#Cc2csc(C[NH3+])c2)c1,HighDiv,HighDiv_1352,1
2361,HighDiv_1022-1_out,-8.149,NC(=O)c1cc(-c2cccc(Br)c2CC(=O)[O-])on1,HighDiv,HighDiv_1022,1
2362,HighDiv_792-1_out,-8.149,O=Nc1cc(C(=O)CCO)cc(CC(=O)[O-])c1Br,HighDiv,HighDiv_792,1
2363,HighDiv_2007-1_out,-8.149,O=C(Cc1csc([S-])n1)Cc1ccc2c(c1O)CC=C2CO,HighDiv,HighDiv_2007,1
2364,HighDiv_1791-1_out,-8.148,Nc1ccc(F)cc1[C@@H](O)C#C/C=C\C(=O)CO,HighDiv,HighDiv_1791,1
2365,Druglike_1296-1_out,-8.148,C[NH2+]CC/C=C/c1nc(CO)c(-c2ccc(=O)[nH]n2)o1,Druglike,Druglike_1296,1
2366,HighDiv_2044-1_out,-8.148,NC(=O)Nc1ccc(Cl)nc1OCc1cc(Br)cc(N)c1[S-],HighDiv,HighDiv_2044,1
2367,HighDiv_936-1_out,-8.147,C=C[C@@H](/C=C/Cc1oc(C(=O)[O-])nc1C[NH3+])c1nccs1,HighDiv,HighDiv_936,1
2368,HighDiv_1118-1_out,-8.146,COCCOC(=O)/C=C/c1cc(C(=O)[O-])cc(ON)c1Br,HighDiv,HighDiv_1118,1
2369,HighDiv_125-2_out,-8.145,C=CC(=C)C(=O)c1cc(N=O)c(Br)c(N[C@H](N)[NH3+])c1,HighDiv,HighDiv_125,2
2370,Druglike_1612-2_out,-8.144,C/C=[NH+]/CCCCCc1nc(-c2cc(CO)[nH]c2C[NH3+])c[nH]1,Druglike,Druglike_1612,2
2371,Druglike_327-1_out,-8.144,Nc1ccc(C/C=C/C(=O)[O-])nc1-c1nnc(CO)o1,Druglike,Druglike_327,1
2372,HighDiv_2303-1_out,-8.143,C/C(=N\Cc1nnc(-c2ccc(C[NH3+])cc2)o1)C(=O)CN,HighDiv,HighDiv_2303,1
2373,Druglike_1302-1_out,-8.143,CCc1c(O)noc1C/C=C(/CF)C1=CC[C@@H](CO)O1,Druglike,Druglike_1302,1
2374,Druglike_1196-1_out,-8.142,C/C(=C\c1nnc([C@@H](C(=O)[O-])C2=CC(=O)CO2)o1)CCC[NH3+],Druglike,Druglike_1196,1
2375,HighDiv_2052-1_out,-8.141,NOc1c(F)cccc1-c1c[nH]c(CC(=O)[O-])n1,HighDiv,HighDiv_2052,1
2376,HighDiv_1425-1_out,-8.141,O=C(CO)c1cc(O)c([O-])c(-c2nccs2)c1,HighDiv,HighDiv_1425,1
2377,Druglike_711-1_out,-8.141,CCCC[NH2+]C/C=C/c1cc(CO)c(-c2nnn[n-]2)[nH]1,Druglike,Druglike_711,1
2378,HighDiv_123-1_out,-8.14,C=CCCCCCOc1cc(C(=O)[O-])cc(ON)c1Br,HighDiv,HighDiv_123,1
2379,Druglike_520-1_out,-8.14,O=C([O-])/C(=C\[C@@H](O)c1cc(CO)c2c(c1)NCO2)CCl,Druglike,Druglike_520,1
2380,Druglike_1445-1_out,-8.14,C[C@@H](NC(=O)C1=CCC=C(CO)O1)c1ncn[nH]1,Druglike,Druglike_1445,1
2381,Druglike_265-1_out,-8.139,CCCCC/C=C\COCCc1cc(O)cc(CO)c1,Druglike,Druglike_265,1
2382,HighDiv_359-1_out,-8.139,O=C1NCCN1c1cc(O)c(Cl)c(CSCCl)c1,HighDiv,HighDiv_359,1
2383,Druglike_1025-1_out,-8.139,C[C@H]([NH3+])c1cc(/C=C/c2cc(O)ccc2I)[nH]n1,Druglike,Druglike_1025,1
2384,HighDiv_16-1_out,-8.139,C=C[C@H]([NH3+])NCCCc1cc(C(=O)N=O)cc(CO)c1Br,HighDiv,HighDiv_16,1
2385,Druglike_1073-1_out,-8.138,[NH3+]CCc1cc(C(=O)c2ncc(/C=C/c3ccc(CO)c(Cl)c3)cn2)c[nH]1,Druglike,Druglike_1073,1
2386,HighDiv_3-1_out,-8.138,O=Nc1cc(C(=O)CO)cc(-n2cnnc2[S-])c1Br,HighDiv,HighDiv_3,1
2387,HighDiv_293-2_out,-8.138,O=NC(=O)c1ccc(Br)c([C@@H](S)C/C=C/Cc2ncc(Cl)[nH]2)c1,HighDiv,HighDiv_293,2
2388,Druglike_1701-1_out,-8.137,CC/C=C\CCc1oc(-c2nnn[n-]2)cc(=O)c1O,Druglike,Druglike_1701,1
2389,HighDiv_996-2_out,-8.137,NCOCCCCc1cc(O)cc(N2CCNC2=O)c1,HighDiv,HighDiv_996,2
2390,Druglike_1084-1_out,-8.136,O=C(CO)OCc1c(C/C=C(/CF)C2=CC[C@@H](CO)O2)o[n-]c1=O,Druglike,Druglike_1084,1
2391,Druglike_1953-1_out,-8.136,O=C([O-])COC(=O)c1cc(O)cc(-c2coc(CBr)c2)c1,Druglike,Druglike_1953,1
2392,Druglike_219-1_out,-8.136,C[NH2+]Cc1cc([C@@H](N)c2ccc(C#CC(=O)[O-])c(I)n2)co1,Druglike,Druglike_219,1
2393,HighDiv_1153-1_out,-8.136,CCCCOCc1cc(O)cc(N2CCNC2=O)c1,HighDiv,HighDiv_1153,1
2394,HighDiv_277-1_out,-8.136,CCCCCCCc1cc(O)cc(N2CCNC2=O)c1,HighDiv,HighDiv_277,1
2395,HighDiv_2171-1_out,-8.136,CCC(=O)c1cc(-c2c(I)ncc([O-])c2[S-])no1,HighDiv,HighDiv_2171,1
2396,HighDiv_889-1_out,-8.135,NC(=O)c1cc(I)c(C#Cc2csnn2)nc1CO,HighDiv,HighDiv_889,1
2397,Druglike_2016-1_out,-8.134,CC(=O)CCOC(=O)C#Cc1cc(O)cc(CCNC[NH3+])c1,Druglike,Druglike_2016,1
2398,Druglike_2073-1_out,-8.134,CCC[NH2+]CCOC(=O)C#Cc1cc(O)ccc1[C@H]([NH3+])[O-],Druglike,Druglike_2073,1
2399,HighDiv_573-1_out,-8.132,C=C(CO)c1noc(-c2cc(O)c(F)cc2O)n1,HighDiv,HighDiv_573,1
2400,Druglike_906-1_out,-8.132,NCc1c(CO)nnn1C[C@@H](O)c1cc(F)ccc1F,Druglike,Druglike_906,1
2401,Druglike_2046-1_out,-8.132,O=c1cc(-c2ccc(CCI)cc2)[nH]cc1/C=C/CNCO,Druglike,Druglike_2046,1
2402,HighDiv_1369-2_out,-8.132,C#Cc1ncc(O)c([O-])c1C#CC(=O)NCCS,HighDiv,HighDiv_1369,2
2403,HighDiv_1313-1_out,-8.13,O=C(CO)c1cc(O)c([O-])c(-c2nncs2)c1,HighDiv,HighDiv_1313,1
2404,Druglike_809-1_out,-8.129,Cc1[nH]c(/C=C/[C@@]2(O)CC=C(CO)OC2)cc1CC(=O)[O-],Druglike,Druglike_809,1
2405,Druglike_1615-1_out,-8.127,O=C(Nc1cc2[nH]ccc2cc1F)[C@@H](CO)CBr,Druglike,Druglike_1615,1
2406,Druglike_727-2_out,-8.127,COC(=O)CC(=O)Nc1cc(O)cc(-c2cnn[nH]2)c1,Druglike,Druglike_727,2
2407,HighDiv_2164-1_out,-8.127,CCc1csc(C#CC[C@@H](O)c2cnc(N)s2)c1,HighDiv,HighDiv_2164,1
2408,HighDiv_2121-2_out,-8.126,CCc1cc(F)c(ON)c(-c2cnc(COC)[nH]2)c1,HighDiv,HighDiv_2121,2
2409,HighDiv_512-1_out,-8.126,O=C1NCCN1c1cc(O)c(Cl)c(CSCBr)c1,HighDiv,HighDiv_512,1
2410,HighDiv_738-1_out,-8.126,OCCC[C@H](C#Cc1cc(O)cc(O)c1)c1cn[nH]n1,HighDiv,HighDiv_738,1
2411,HighDiv_2088-1_out,-8.125,O=C([O-])c1sccc1CC/C=C/c1conc1C(=O)[C@H]([S-])CO,HighDiv,HighDiv_2088,1
2412,HighDiv_806-1_out,-8.124,C#C[C@H](N)C(=O)c1cc([O-])c(Br)c(Cl)c1,HighDiv,HighDiv_806,1
2413,Druglike_563-1_out,-8.123,COCC1=CC(=O)N[C@@H]1/C=C/c1cnc(CO)c(Br)c1,Druglike,Druglike_563,1
2414,HighDiv_1136-1_out,-8.123,O=C([O-])c1nc(CO)c(CC/C=C/C2=CNCS2)o1,HighDiv,HighDiv_1136,1
2415,Druglike_1092-1_out,-8.123,O=c1ccc(-c2oc(CC/C=C/CI)nc2CO)n[nH]1,Druglike,Druglike_1092,1
2416,Druglike_1812-1_out,-8.122,[NH3+]Cc1[nH]c(C(=O)[O-])cc1C(=O)CCCCC1=CCOC1,Druglike,Druglike_1812,1
2417,HighDiv_1312-1_out,-8.122,CN(C[NH3+])CC(=O)c1cc(O)c(O)c(C2=CCC=C2)c1,HighDiv,HighDiv_1312,1
2418,HighDiv_1139-1_out,-8.122,NNCc1cc(F)c(/C=C/[C@H]2COC2=O)c(Br)c1,HighDiv,HighDiv_1139,1
2419,HighDiv_403-1_out,-8.122,C[NH2+]CC[C@H](O)Cc1cc(C(=O)N=O)cc([O-])c1Br,HighDiv,HighDiv_403,1
2420,Druglike_1338-1_out,-8.121,C/C=C(/CO)CC(=O)Nc1cccc2c1NN(CCl)C2,Druglike,Druglike_1338,1
2421,Druglike_1399-1_out,-8.119,C[NH2+]Cc1nonc1[C@H](Cl)Cn1ccc(C(=O)[O-])c1C#CCO,Druglike,Druglike_1399,1
2422,Druglike_1282-1_out,-8.119,C=CCC1=CC(CO)=C[C@H](OC(=O)c2ccccc2O)C1,Druglike,Druglike_1282,1
2423,HighDiv_613-1_out,-8.118,C#CCCc1cc(C(=O)[C@H]2CC[NH+]=C2N)cc(N=O)c1Br,HighDiv,HighDiv_613,1
2424,Druglike_1561-2_out,-8.118,C=Cc1oncc1-c1cc(CCCN[C@H](N)[NH3+])cc(=O)o1,Druglike,Druglike_1561,2
2425,HighDiv_2301-1_out,-8.117,NNC(=O)C1=C[C@H](CN(CF)Cc2cnon2)C=CO1,HighDiv,HighDiv_2301,1
2426,HighDiv_987-1_out,-8.117,COC[C@H](/C=C/c1cccc(Cl)c1O)C1=CC(=O)NC1=O,HighDiv,HighDiv_987,1
2427,Druglike_1006-1_out,-8.117,C=C[C@@H](OC(=O)c1cnc(CO)c(Br)c1)c1ccoc1C[NH3+],Druglike,Druglike_1006,1
2428,Druglike_1128-1_out,-8.117,[NH3+]Cc1c(C/C=C(/CF)C2=CC[C@@H](CO)O2)o[n-]c1=O,Druglike,Druglike_1128,1
2429,Druglike_333-1_out,-8.116,[NH3+]CCc1ncc(/C=C/[C@@H]2C=CC(=O)N2)cc1Br,Druglike,Druglike_333,1
2430,HighDiv_180-1_out,-8.115,NOc1cc(C(=O)[O-])cc(OC(=O)CC[C@H](S)CO)c1Br,HighDiv,HighDiv_180,1
2431,HighDiv_1034-1_out,-8.114,OCc1ncc(/C=C/CCl)cc1-c1cc[nH]c1,HighDiv,HighDiv_1034,1
2432,HighDiv_2081-1_out,-8.114,N[C@@H]([NH3+])Nc1cc([S-])c(CCC2=CCC=C([C@@H]3CN3)O2)cc1Br,HighDiv,HighDiv_2081,1
2433,HighDiv_1636-1_out,-8.114,Oc1cc(I)cc(/C=C/[C@H](O)c2nnc([S-])o2)c1,HighDiv,HighDiv_1636,1
2434,HighDiv_179-1_out,-8.114,O=C([O-])Cc1nc(-c2ncc([N+](=O)[O-])cc2I)n[nH]1,HighDiv,HighDiv_179,1
2435,HighDiv_836-1_out,-8.113,OCCC[C@H](C#Cc1cc(O)cc(O)c1)c1cnon1,HighDiv,HighDiv_836,1
2436,HighDiv_677-2_out,-8.113,C=C(CN)c1noc(-c2cc(O)c(F)cc2O)n1,HighDiv,HighDiv_677,2
2437,HighDiv_1935-1_out,-8.112,CNC(=O)c1nc(-c2cc(CCS(=O)(=O)C[S-])cc(F)c2ON)c[nH]1,HighDiv,HighDiv_1935,1
2438,HighDiv_1641-1_out,-8.111,O=[S@@](c1cc(O)c2c(c1)NCCCN2)c1cc(O)c(I)cc1O,HighDiv,HighDiv_1641,1
2439,HighDiv_196-1_out,-8.111,Nc1cc(O)cc(C#C[C@@H](CCCO)c2cnon2)c1,HighDiv,HighDiv_196,1
2440,Druglike_1935-1_out,-8.111,C=C[C@H](C[NH2+]C)c1cccc(C(=O)NCCC(=O)[O-])c1,Druglike,Druglike_1935,1
2441,HighDiv_883-1_out,-8.11,N[C@@H]([NH3+])N[C@H](/C=C/c1cccc(Cl)c1O)C1=CC(=O)NC1=O,HighDiv,HighDiv_883,1
2442,Druglike_692-1_out,-8.11,O=C1C=C[C@@H](/C=C/c2cnc(CC[NH2+]CO)c(Br)c2)N1,Druglike,Druglike_692,1
2443,Druglike_1008-1_out,-8.109,CCc1cc([C@@H](C(=O)[O-])C2=CC(=O)OC2)[nH]c(=O)n1,Druglike,Druglike_1008,1
2444,HighDiv_772-1_out,-8.109,O=C1NCCN1c1cc(O)c(CF)c(CCO)c1,HighDiv,HighDiv_772,1
2445,HighDiv_2078-1_out,-8.108,NC(=O)Nc1ccc(O)c(-c2nsnc2CO)c1Br,HighDiv,HighDiv_2078,1
2446,HighDiv_251-1_out,-8.108,O=Nc1cc(C(=O)/C=C/CP(=O)([O-])[O-])cc(CCl)c1Br,HighDiv,HighDiv_251,1
2447,Druglike_1240-1_out,-8.108,OCCc1nc(CO)nc(-c2cccc(I)c2O)n1,Druglike,Druglike_1240,1
2448,HighDiv_264-1_out,-8.107,O=C([O-])Cc1nc(-c2nc(/C=C/CCl)ccc2I)n[nH]1,HighDiv,HighDiv_264,1
2449,Druglike_1979-1_out,-8.107,CCCCCCc1cc(C(=O)[O-])[nH]c1C(=O)[O-],Druglike,Druglike_1979,1
2450,Druglike_400-1_out,-8.107,O=C(CO)c1nc(C[NH2+]C2CCCCC2)cnc1Cl,Druglike,Druglike_400,1
2451,Druglike_468-1_out,-8.107,NC(=O)c1ncc(-c2co[n-]c2=O)cc1CBr,Druglike,Druglike_468,1
2452,HighDiv_2155-2_out,-8.105,COC(=O)Cc1cc(F)c(ON)c(-c2cnc[nH]2)c1,HighDiv,HighDiv_2155,2
2453,HighDiv_670-1_out,-8.103,O=C([O-])c1cocc1/C=C/c1cc([S-])c(S)cc1Br,HighDiv,HighDiv_670,1
2454,Druglike_449-1_out,-8.103,CNC[NH2+]C/C=C/c1cc(O)cc(-c2cn[nH]n2)c1,Druglike,Druglike_449,1
2455,Druglike_1298-1_out,-8.101,CCCOCc1nc(CO)c(-c2cc(CC)c(=O)[nH]n2)o1,Druglike,Druglike_1298,1
2456,HighDiv_1946-2_out,-8.1,COCc1ncc(-c2cc(CCS(=O)(=O)C[S-])cc(F)c2ON)[nH]1,HighDiv,HighDiv_1946,2
2457,Druglike_707-1_out,-8.1,[NH3+]Cc1cc(C(=O)CCc2cn[nH]c2)ccc1I,Druglike,Druglike_707,1
2458,Druglike_1076-1_out,-8.099,O=C([O-])Cc1cc(C(=O)c2ncc(/C=C/c3ccc(I)c(Cl)c3)cn2)c[nH]1,Druglike,Druglike_1076,1
2459,Druglike_1469-1_out,-8.099,O=C1CC[C@@H](/C=C(/Cc2ccc(CO)cc2)c2ncn[nH]2)O1,Druglike,Druglike_1469,1
2460,Druglike_551-1_out,-8.098,N[C@H](c1ccoc1)c1ccc(C#CC(=O)[O-])c(I)n1,Druglike,Druglike_551,1
2461,Druglike_286-2_out,-8.098,O=C([O-])C[NH2+]CC#CC(=O)C1=CCC=C(C(=O)[O-])O1,Druglike,Druglike_286,2
2462,Druglike_418-1_out,-8.098,OCC/C=C(/COCc1cc(F)ccc1F)[C@@H]1C=CNN1,Druglike,Druglike_418,1
2463,Druglike_1770-1_out,-8.097,[NH3+]C/C=C\CC(=O)Cc1ccc(-c2cc[nH]n2)c(I)c1,Druglike,Druglike_1770,1
2464,HighDiv_514-1_out,-8.095,CCc1nc([C@H]([S-])/C=C/c2nc(CCl)nn2C(=O)CO)n[nH]1,HighDiv,HighDiv_514,1
2465,HighDiv_808-1_out,-8.095,OCc1ncc(/C=C/C2C=CNC=C2)cc1C=S,HighDiv,HighDiv_808,1
2466,HighDiv_2141-2_out,-8.095,C=CCCOCc1ncc(-c2cccc(F)c2ON)[nH]1,HighDiv,HighDiv_2141,2
2467,HighDiv_723-1_out,-8.094,O=C([O-])CCc1cc(O)cc(N2CCNC2=O)c1,HighDiv,HighDiv_723,1
2468,HighDiv_1293-1_out,-8.094,Nc1[nH]nc(CBr)c1C#C[C@@H](O)c1ccccc1O,HighDiv,HighDiv_1293,1
2469,Druglike_796-1_out,-8.094,O=C([O-])c1cnc(=O)[nH]c1CC1CCCC1,Druglike,Druglike_796,1
2470,Druglike_1200-1_out,-8.093,C[NH2+]C/C=C/c1nc(CO)c(-c2ccc(=O)[nH]n2)o1,Druglike,Druglike_1200,1
2471,Druglike_1166-1_out,-8.093,C[NH2+]C/C=C/c1nc(CO)c(-c2ccc(=O)[nH]n2)o1,Druglike,Druglike_1166,1
2472,Druglike_582-1_out,-8.093,O=C(Cc1cccc(O)c1Br)c1nc[nH]c1C(=O)[O-],Druglike,Druglike_582,1
2473,Druglike_1567-1_out,-8.091,O=C([O-])CC#Cc1cccc([C@H](Br)CCO)c1,Druglike,Druglike_1567,1
2474,HighDiv_41-1_out,-8.091,C[C@@H](S)/C=C/COc1cc(C(=O)[O-])cc(ON)c1Br,HighDiv,HighDiv_41,1
2475,Druglike_1540-1_out,-8.09,[NH3+][C@@H](/C=C/c1ccc(O)c(Cl)c1)c1nnco1,Druglike,Druglike_1540,1
2476,Druglike_68-1_out,-8.089,O=C([O-])Cc1cc(Br)cc(OCCC[C@@H]2CNC(=O)N2)c1,Druglike,Druglike_68,1
2477,Druglike_1487-1_out,-8.089,O=C1CC[C@@H](/C=C(/Cc2ccc(O)c(Cl)c2)c2nnc[n-]2)O1,Druglike,Druglike_1487,1
2478,HighDiv_634-1_out,-8.089,C=C/C=C\C(=O)c1cc(N=O)c(Br)c(N[C@@H](N)[NH3+])c1,HighDiv,HighDiv_634,1
2479,HighDiv_1506-1_out,-8.089,Nc1[nH]ncc1C#C[C@@H](O)c1ccccc1O,HighDiv,HighDiv_1506,1
2480,HighDiv_244-2_out,-8.088,[NH3+]Cc1cc(C(=O)c2nc[nH]n2)cc(N=O)c1Br,HighDiv,HighDiv_244,2
2481,Druglike_652-1_out,-8.088,Nc1ccc(O)c(/C=C/[C@@H]2CNC(=O)N2)c1,Druglike,Druglike_652,1
2482,HighDiv_2300-1_out,-8.088,Fc1cc(CC[C@@H]2CCNC[NH2+]2)c(S)cc1[S-],HighDiv,HighDiv_2300,1
2483,Druglike_232-1_out,-8.087,O=C(/C=C/C(=O)c1n[nH]c(-c2n[nH]cc2Cl)n1)C[O-],Druglike,Druglike_232,1
2484,Druglike_2054-1_out,-8.087,N[C@@H](c1ccccc1)c1c(/C=C/C(=O)[O-])c(=O)c1=O,Druglike,Druglike_2054,1
2485,HighDiv_2126-2_out,-8.086,CCCc1cc(F)c(ON)c(-c2cnc[nH]2)c1,HighDiv,HighDiv_2126,2
2486,Druglike_610-1_out,-8.086,O=C([O-])[C@@H](O)CC[NH2+]CCc1cc2c(cc1O)OCN2,Druglike,Druglike_610,1
2487,Druglike_1266-1_out,-8.086,[NH3+]C/C(=C/Cc1ccc(C[NH3+])cc1O)C1=CC[C@@H](CO)O1,Druglike,Druglike_1266,1
2488,Druglike_1761-1_out,-8.085,C=C[C@@H](CO)c1cccc(C(=O)NCCC(=O)[O-])c1,Druglike,Druglike_1761,1
2489,Druglike_591-1_out,-8.085,CCC/C=C\CO[C@@H](Cc1cc(O)cc(CO)c1)C(=O)[O-],Druglike,Druglike_591,1
2490,HighDiv_1171-2_out,-8.085,COC[C@@H](C#Cc1cc(O)cc(CC(=O)[O-])c1)OC[NH3+],HighDiv,HighDiv_1171,2
2491,Druglike_615-1_out,-8.084,COCCCCCCc1cc(O)cc(-c2cn[nH]n2)c1,Druglike,Druglike_615,1
2492,Druglike_1558-1_out,-8.084,CCCCCc1occ(/C=C/[C@@H]2COC(=O)C=C2C[NH3+])c1C[NH3+],Druglike,Druglike_1558,1
2493,HighDiv_1518-1_out,-8.082,CCC(=O)NC(=O)C#Cc1c(CS)[nH]cc(O)c1=O,HighDiv,HighDiv_1518,1
2494,HighDiv_2020-1_out,-8.081,CC[C@@H](NN)c1nnc(/C=C/c2c([S-])ccnc2I)[nH]1,HighDiv,HighDiv_2020,1
2495,Druglike_1826-1_out,-8.081,N[C@@](CO)(CC#CCc1c[nH]c(C(=O)[O-])c1)c1nc[nH]n1,Druglike,Druglike_1826,1
2496,HighDiv_844-1_out,-8.081,O=C1NCCN1c1cc(O)cc(CCCCCC[NH2+]CO)c1,HighDiv,HighDiv_844,1
2497,HighDiv_1679-2_out,-8.081,OCc1nc(-c2cc(O)c(CCl)c(F)c2)c(CO)[nH]1,HighDiv,HighDiv_1679,2
2498,HighDiv_2066-1_out,-8.08,CCCc1nnc(/C=C/c2c(I)ncc(CO)c2[S-])[nH]1,HighDiv,HighDiv_2066,1
2499,Druglike_648-1_out,-8.08,OC/C=C(\CO)CCc1ccc2c(c1Cl)CNNC2,Druglike,Druglike_648,1
2500,HighDiv_991-1_out,-8.079,[NH3+]CCC/C=C/c1cc(O)cc(N2CCNC2=O)c1,HighDiv,HighDiv_991,1
2501,Druglike_1675-1_out,-8.079,OCC[C@@H](O)c1nonc1/C=C\c1cccc(O)c1,Druglike,Druglike_1675,1
2502,HighDiv_1745-1_out,-8.078,O=[S@@](c1ccccc1O)c1cc(O)c(I)cc1O,HighDiv,HighDiv_1745,1
2503,Druglike_1684-1_out,-8.078,NC(=O)Nc1cc(O)ccc1/C=C/CC(F)(F)CO,Druglike,Druglike_1684,1
2504,HighDiv_487-1_out,-8.078,CSCc1cc(N2CCNC2=O)cc(O)c1Cl,HighDiv,HighDiv_487,1
2505,Druglike_1236-1_out,-8.076,O=c1ccc(-c2oc(CCCCF)nc2CO)n[nH]1,Druglike,Druglike_1236,1
2506,Druglike_1190-1_out,-8.076,CCCCOCc1nc(CO)c(-c2ccc(=O)[nH]n2)o1,Druglike,Druglike_1190,1
2507,Druglike_1386-1_out,-8.076,C=CCC(=O)OCc1cc(CC(=O)[O-])cc(NC(N)=O)c1,Druglike,Druglike_1386,1
2508,HighDiv_748-1_out,-8.075,O=Nc1cc(F)c([O-])cc1-n1c[nH+]c([S-])n1,HighDiv,HighDiv_748,1
2509,HighDiv_2280-1_out,-8.075,Nc1ncc([C@H](O)CC#Cc2cccn2CCC(=O)[O-])s1,HighDiv,HighDiv_2280,1
2510,Druglike_1611-1_out,-8.075,C/C=C/c1cc(-c2cnc(CCCC)[nH]2)c(C[NH3+])[nH]1,Druglike,Druglike_1611,1
2511,HighDiv_1126-1_out,-8.075,CSc1cc(O)cc(C#CCC(=O)OCCCCO)c1,HighDiv,HighDiv_1126,1
2512,Druglike_1574-1_out,-8.075,CC(=O)NCCc1ccc([C@H](O)C#CC[NH3+])cc1O,Druglike,Druglike_1574,1
2513,HighDiv_461-1_out,-8.075,NC(=S)c1cc(-c2cc([O-])c(F)cc2N=O)c(C[NH3+])[nH]1,HighDiv,HighDiv_461,1
2514,HighDiv_1399-1_out,-8.075,Nc1[nH]nc(C=S)c1C#C[C@@H](O)c1ccccc1O,HighDiv,HighDiv_1399,1
2515,HighDiv_642-1_out,-8.074,C=C(/C=C(\C[NH3+])C(=O)c1cc(N=O)c(Br)cc1[O-])C(=O)[O-],HighDiv,HighDiv_642,1
2516,Druglike_1285-1_out,-8.073,CCc1cc(-c2ccoc2CO)n[nH]c1=O,Druglike,Druglike_1285,1
2517,HighDiv_633-1_out,-8.073,O=NC(=O)c1cc([O-])c(Br)c(C[C@@H](O)CF)c1,HighDiv,HighDiv_633,1
2518,HighDiv_274-1_out,-8.072,O=NC(=O)c1cc(CO)c(Br)c(CONC(=O)CCCl)c1,HighDiv,HighDiv_274,1
2519,HighDiv_449-1_out,-8.071,CC(=O)Nc1ccc(N2CCNC2=O)cc1O,HighDiv,HighDiv_449,1
2520,Druglike_395-2_out,-8.07,CCCOC(=O)/C=C/Cc1nc(=O)[nH]cc1C(=O)[O-],Druglike,Druglike_395,2
2521,HighDiv_53-1_out,-8.07,C=Cc1[nH]c(C(=O)OC)cc1-c1cc([O-])c(F)cc1N=O,HighDiv,HighDiv_53,1
2522,Druglike_1272-1_out,-8.069,CCC/C=C/c1nnc([C@@H](C(=O)[O-])c2occ([O-])c2C[NH3+])o1,Druglike,Druglike_1272,1
2523,Druglike_1529-1_out,-8.069,O=C(c1cnon1)[C@H]([O-])c1ccnc2cc[nH]c12,Druglike,Druglike_1529,1
2524,Druglike_1866-1_out,-8.069,[NH3+]Cc1[nH]c(C(=O)[O-])cc1C(=O)C[C@H]1CCCOO1,Druglike,Druglike_1866,1
2525,Druglike_1175-2_out,-8.068,O=c1cc(C/C=C(/CF)C2=CC[C@@H](CO)O2)o[n-]1,Druglike,Druglike_1175,2
2526,Druglike_481-1_out,-8.066,C=C(COC(=O)CCCBr)CC(=O)c1nc(N)c2cn[nH]c2n1,Druglike,Druglike_481,1
2527,Druglike_1653-1_out,-8.066,C=C(c1cccc(Cl)c1Cl)c1n[n-]nc1C[NH3+],Druglike,Druglike_1653,1
2528,Druglike_1628-1_out,-8.066,C=C(c1cccc(Cl)c1Cl)c1n[n-]nc1C[NH3+],Druglike,Druglike_1628,1
2529,Druglike_1730-1_out,-8.065,C/C=C/C[C@H]([NH3+])c1cc(C(=O)[O-])[nH]c1C(=O)[O-],Druglike,Druglike_1730,1
2530,Druglike_1815-1_out,-8.064,CCCc1cccc(C(=O)N[C@H](Br)CC(=O)[O-])c1,Druglike,Druglike_1815,1
2531,HighDiv_143-2_out,-8.064,C/C=N/c1c(O)cc(N2CCNC2=O)cc1C#CCCCO,HighDiv,HighDiv_143,2
2532,HighDiv_2004-2_out,-8.064,NOc1c(F)cc([CH-][N+](=O)[O-])cc1-c1cnc[nH]1,HighDiv,HighDiv_2004,2
2533,HighDiv_951-1_out,-8.064,NO[C@H](C(=O)c1ccc(Br)c(N=O)c1)c1nnc([S-])o1,HighDiv,HighDiv_951,1
2534,HighDiv_1023-1_out,-8.064,O=C1NCC[C@@H]1C(=O)c1cc([O-])c(Br)c(Cl)c1,HighDiv,HighDiv_1023,1
2535,HighDiv_1180-1_out,-8.063,O=NCCC(=O)c1cc(O)cc(N2CCNC2=O)c1,HighDiv,HighDiv_1180,1
2536,Druglike_925-2_out,-8.062,Nc1cnc(Cl)c(OC(=O)c2cccc(O)c2[O-])c1,Druglike,Druglike_925,2
2537,HighDiv_790-1_out,-8.062,N[C@](C#Cc1cccc2c(=O)[nH][nH]c12)(CO)CCl,HighDiv,HighDiv_790,1
2538,Druglike_438-1_out,-8.06,OCC/C=C/c1cnc(-c2[nH]nc(CO)c2CO)cc1Br,Druglike,Druglike_438,1
2539,HighDiv_719-1_out,-8.06,C=Cc1c(O)cc(N2CCNC2=O)cc1CC,HighDiv,HighDiv_719,1
2540,HighDiv_1188-1_out,-8.059,NC/C(=C\CS)c1noc(-c2cc(O)c(F)cc2O)n1,HighDiv,HighDiv_1188,1
2541,HighDiv_1160-1_out,-8.058,NC(=O)c1ccc(C#CCO)c(Cl)c1Cl,HighDiv,HighDiv_1160,1
2542,HighDiv_1833-1_out,-8.058,[H]/N=C(\Cc1cc([N+](=O)[O-])ccc1[S-])c1cnc(N)s1,HighDiv,HighDiv_1833,1
2543,HighDiv_60-1_out,-8.058,O=NC(=O)c1cc([O-])c(Br)c(CC#CCNO)c1,HighDiv,HighDiv_60,1
2544,Druglike_2010-1_out,-8.056,C=Cc1c(-c2nnc(CO)o2)[nH]c(C)cc1=O,Druglike,Druglike_2010,1
2545,HighDiv_862-1_out,-8.055,C=C[C@@H](C#Cc1cccc(O)c1)C(=O)NO,HighDiv,HighDiv_862,1
2546,Druglike_911-1_out,-8.055,O=C([O-])Cc1c(O)noc1Cc1cc(C(=O)[O-])c[nH]1,Druglike,Druglike_911,1
2547,HighDiv_1731-1_out,-8.055,C=CCC(=O)c1c[nH]cc1C(=O)c1ncc([N+](=O)[O-])[n-]1,HighDiv,HighDiv_1731,1
2548,Druglike_870-1_out,-8.053,Oc1cc(C(O)(F)F)cc2c1NCO2,Druglike,Druglike_870,1
2549,Druglike_1553-1_out,-8.052,C[C@@H](CCn1cc(/C=C/CO)c(CO)c1)Oc1cc[nH]n1,Druglike,Druglike_1553,1
2550,Druglike_210-2_out,-8.052,O=C(CO)Nc1cc(O)cc(-c2cnn[nH]2)c1,Druglike,Druglike_210,2
2551,HighDiv_1403-1_out,-8.051,C=C(C)CNC(=O)C#Cc1c(CS)[nH]cc(O)c1=O,HighDiv,HighDiv_1403,1
2552,Druglike_1606-1_out,-8.051,C=C[C@H](CCc1cccc(C[NH2+]C)c1)n1cc(C[NH3+])nn1,Druglike,Druglike_1606,1
2553,HighDiv_2105-1_out,-8.051,NC(=O)Nc1ccc(O)c(-c2nc(N)sc2CF)c1Br,HighDiv,HighDiv_2105,1
2554,Druglike_1449-1_out,-8.051,C=C[C@H](CCc1cccc(F)c1O)n1cc(C[NH3+])nn1,Druglike,Druglike_1449,1
2555,HighDiv_1726-1_out,-8.05,CC[N@@H+](C)Cc1c[nH]cc1C(=O)c1nn(C(=O)[O-])cc1Br,HighDiv,HighDiv_1726,1
2556,Druglike_1993-1_out,-8.05,[NH3+]Cc1ccc2c(c1[O-])C(=O)NC2=O,Druglike,Druglike_1993,1
2557,HighDiv_1578-1_out,-8.05,CCCNC(=O)C#Cc1c[nH]cc(O)c1=O,HighDiv,HighDiv_1578,1
2558,HighDiv_1942-1_out,-8.049,[NH3+]C[C@H](Cl)c1n[nH]c(/C=C/c2c(I)ncc(O)c2[S-])n1,HighDiv,HighDiv_1942,1
2559,HighDiv_606-2_out,-8.049,N[C@H]([NH3+])Nc1cc(C(=O)CCl)cc(N=O)c1Br,HighDiv,HighDiv_606,2
2560,HighDiv_970-1_out,-8.048,FC(F)([S-])c1ccc(CCC2=NOCN2)c([S-])c1,HighDiv,HighDiv_970,1
2561,Druglike_1886-1_out,-8.048,CCOC(=O)C#Cc1cc(O)cc(C[NH3+])c1,Druglike,Druglike_1886,1
2562,Druglike_899-1_out,-8.047,O=C(/C=C/C(=O)c1n[nH]c(-c2cc[nH]n2)n1)CF,Druglike,Druglike_899,1
2563,Druglike_486-1_out,-8.047,COC[NH2+]C/C=C/c1cc(O)cc(-c2cn[nH]n2)c1,Druglike,Druglike_486,1
2564,HighDiv_899-1_out,-8.047,CCCC(=O)Oc1cc(O)cc(C#CC/C=C/CO)c1,HighDiv,HighDiv_899,1
2565,HighDiv_1404-1_out,-8.047,O=c1ccnc(-c2ccc(CO)cc2CO)[nH]1,HighDiv,HighDiv_1404,1
2566,HighDiv_1066-1_out,-8.047,C=C(C(C)=O)c1ccc(C#C[C@@H](O)CO)c(Cl)c1Cl,HighDiv,HighDiv_1066,1
2567,HighDiv_78-1_out,-8.046,[NH3+]Cc1cc(C(=O)c2cn[n-]n2)cc(N=O)c1Br,HighDiv,HighDiv_78,1
2568,Druglike_1353-1_out,-8.044,[NH3+]CCc1ccc(C/C=C\C2=CC[C@@H](CO)O2)c(O)c1,Druglike,Druglike_1353,1
2569,HighDiv_338-1_out,-8.044,CCC#Cc1cc(N2CCNC2=O)cc(O)c1CC,HighDiv,HighDiv_338,1
2570,Druglike_301-1_out,-8.043,C=Cc1ncc(C(=O)OCc2ccoc2[C@@H](O)NCC[NH3+])cc1Br,Druglike,Druglike_301,1
2571,HighDiv_1365-1_out,-8.043,C[C@@H](CCl)NC(=O)C#Cc1c(CC(=O)[O-])[nH]cc(O)c1=O,HighDiv,HighDiv_1365,1
2572,Druglike_616-1_out,-8.043,O=C(OCc1ccoc1CO)c1cnc(CO)c(Br)c1,Druglike,Druglike_616,1
2573,Druglike_501-1_out,-8.041,CC#CCCCCc1nc(=O)[nH]cc1C(=O)[O-],Druglike,Druglike_501,1
2574,HighDiv_2002-1_out,-8.041,C#CC(=O)OC[C@H](Cl)/C=C/c1c(I)[nH]cc([O-])c1=S,HighDiv,HighDiv_2002,1
2575,Druglike_1412-1_out,-8.041,C=Cc1cc(CC(=O)[O-])cc(NC(N)=O)c1,Druglike,Druglike_1412,1
2576,HighDiv_868-1_out,-8.04,NCC(=O)c1cc(CC(=O)[O-])c(Br)c(N=O)c1,HighDiv,HighDiv_868,1
2577,HighDiv_2127-1_out,-8.04,C/C=N/c1cc(OC/C=C\[C@@H]([NH3+])NC)ccc1[N+](=O)[O-],HighDiv,HighDiv_2127,1
2578,Druglike_1192-1_out,-8.04,COC/C=C/CCc1nc(CO)c(-c2ccc(=O)[nH]n2)o1,Druglike,Druglike_1192,1
2579,Druglike_1960-2_out,-8.04,C=CC[N@@H+]1CC[C@@H]1CC(=O)c1cc(C(=O)[O-])[nH]c1C[NH3+],Druglike,Druglike_1960,2
2580,HighDiv_140-1_out,-8.039,C[C@@H](Cl)/C=C\COc1cc(C(=O)[O-])cc(ON)c1Br,HighDiv,HighDiv_140,1
2581,Druglike_167-1_out,-8.037,[NH3+]CCOC(=O)CC(=O)CNC/C=C/c1cc(F)ccc1F,Druglike,Druglike_167,1
2582,HighDiv_2193-1_out,-8.037,C=C[C@H]([NH2+]CC)c1ccc(C=C(C(=O)[O-])C(=O)[O-])c(O)c1,HighDiv,HighDiv_2193,1
2583,HighDiv_532-1_out,-8.036,C=C[C@@H](CC#Cc1cc(N)cc(O)c1)CCO,HighDiv,HighDiv_532,1
2584,HighDiv_643-1_out,-8.036,O=Nc1cc(C(=O)CO)cc(CC[NH2+]CCO)c1Br,HighDiv,HighDiv_643,1
2585,HighDiv_2049-1_out,-8.035,C[NH2+]Cc1n[nH]c([C@@H](/C=C/c2cc(F)cc(F)c2O)NO)n1,HighDiv,HighDiv_2049,1
2586,HighDiv_1119-1_out,-8.034,O=C(NCC1=NN=CNC1)c1ccc(I)c(Br)c1,HighDiv,HighDiv_1119,1
2587,HighDiv_2148-1_out,-8.033,CCOCC[C@@H](/C=C/c1cc(F)cc(F)c1O)CO,HighDiv,HighDiv_2148,1
2588,Druglike_517-1_out,-8.033,CCOC[C@@H](O)C1=CNC(C(=O)C#CCN)=CC1,Druglike,Druglike_517,1
2589,HighDiv_2177-1_out,-8.032,CCNOC[C@@H](/C=C/c1cc(F)cc(F)c1O)CO,HighDiv,HighDiv_2177,1
2590,HighDiv_1965-1_out,-8.031,NOc1c(F)cc(Cl)cc1-c1c[nH]c(C(=O)[O-])n1,HighDiv,HighDiv_1965,1
2591,HighDiv_1738-1_out,-8.031,C/C(=C(\C=C\[N+](=O)[O-])C(=O)[O-])c1ccc(C(=O)[O-])cc1,HighDiv,HighDiv_1738,1
2592,Druglike_890-1_out,-8.031,O=C([O-])c1c[nH]c(-c2n[n-]c(=O)o2)c1C(=O)[O-],Druglike,Druglike_890,1
2593,Druglike_1794-2_out,-8.03,C=Cc1[nH]c(C(=O)[O-])cc1[C@H](N)c1ccccc1,Druglike,Druglike_1794,2
2594,Druglike_1254-1_out,-8.03,CCOC(=O)Cc1cc(-c2ccc(=O)[nH]n2)c(CO)o1,Druglike,Druglike_1254,1
2595,HighDiv_111-1_out,-8.029,[NH3+]CC#CCc1cc(C(=O)N=O)cc([O-])c1Br,HighDiv,HighDiv_111,1
2596,HighDiv_1737-1_out,-8.029,[NH3+]Cc1cc(C[C@@H](Cl)C(=O)/C=C/C2=CCON2)no1,HighDiv,HighDiv_1737,1
2597,Druglike_1493-1_out,-8.029,O=C1CC[C@@H](/C=C(/Cc2ccc(O)c(Cl)c2)c2cnc[nH]2)O1,Druglike,Druglike_1493,1
2598,HighDiv_1497-1_out,-8.028,CSCNC(=O)C#Cc1c(CC(=O)[O-])[nH]cc(O)c1=O,HighDiv,HighDiv_1497,1
2599,Druglike_614-1_out,-8.028,C=Cc1cc(O)cc(-c2c[nH]nn2)c1,Druglike,Druglike_614,1
2600,HighDiv_1305-1_out,-8.028,NNCc1cc(C(=O)OC(F)F)cc(O)c1[O-],HighDiv,HighDiv_1305,1
2601,Druglike_1648-2_out,-8.026,C[C@@H](C/C=C(\CC(=O)[O-])c1cnn[nH]1)[C@H]1CNC=[NH+]1,Druglike,Druglike_1648,2
2602,HighDiv_1892-1_out,-8.025,O=C([O-])c1[nH]c(-c2ccon2)cc(=O)c1OCCO,HighDiv,HighDiv_1892,1
2603,HighDiv_1465-1_out,-8.024,CNNCc1cc2c(C(=O)/C=C/CC(=O)[O-])ccc(Cl)c2o1,HighDiv,HighDiv_1465,1
2604,HighDiv_1096-2_out,-8.023,N[C@H]([NH3+])NCCCCc1cc(O)cc(N2CCNC2=O)c1,HighDiv,HighDiv_1096,2
2605,HighDiv_395-1_out,-8.023,C[C@H](O)Cc1cc(C(=O)N=O)cc([O-])c1Br,HighDiv,HighDiv_395,1
2606,HighDiv_1112-1_out,-8.022,C=Cc1n[nH]c([C@H]([S-])/C=C/c2nc(CCl)nn2CC)n1,HighDiv,HighDiv_1112,1
2607,Druglike_1864-1_out,-8.022,O=c1cc(COC/C=C/CO)[nH]c(-c2cccc(CO)c2)c1,Druglike,Druglike_1864,1
2608,HighDiv_2262-1_out,-8.022,O=C(C#Cc1cc(O)cnc1I)OCc1c[nH]c(=S)[nH]1,HighDiv,HighDiv_2262,1
2609,HighDiv_1030-1_out,-8.022,O=C1NCCN1c1cc(O)cc(CCO)c1,HighDiv,HighDiv_1030,1
2610,Druglike_1557-1_out,-8.021,CCC[NH2+]Cc1oc(-c2nnn[n-]2)cc(=O)c1[O-],Druglike,Druglike_1557,1
2611,Druglike_1967-1_out,-8.018,C=CCc1cccc(C(=O)NCCC(=O)[O-])c1,Druglike,Druglike_1967,1
2612,Druglike_2061-1_out,-8.018,O=C1NC(=O)c2c([O-])cc(I)cc21,Druglike,Druglike_2061,1
2613,Druglike_1189-1_out,-8.018,[NH3+]C/C=C/C1=C([C@H](C(=O)[O-])c2nnc(CCCCl)o2)OCC1=O,Druglike,Druglike_1189,1
2614,HighDiv_1063-1_out,-8.017,O[C@@H](C#Cc1cc(S)c([S-])cc1Br)c1nnn[n-]1,HighDiv,HighDiv_1063,1
2615,HighDiv_1071-1_out,-8.016,O=C(CO)c1c[nH]cc1CCNc1cc(F)cc([S-])c1Br,HighDiv,HighDiv_1071,1
2616,Druglike_335-1_out,-8.014,NCC#CC(=O)C1=CCC(CF)=C(C(=O)[O-])O1,Druglike,Druglike_335,1
2617,HighDiv_685-1_out,-8.013,O=Nc1cc(C(=O)CO)cc(NC=S)c1Br,HighDiv,HighDiv_685,1
2618,HighDiv_2306-1_out,-8.013,O=C(CS)OC/C=C\C/C=C/c1cc(F)cc(F)c1O,HighDiv,HighDiv_2306,1
2619,HighDiv_741-1_out,-8.012,CCC/C(C#CCc1oc(C(=O)[O-])nc1CO)=C/CNN,HighDiv,HighDiv_741,1
2620,Druglike_878-1_out,-8.012,C=CC[C@@H](O)c1ccc(C(=O)c2noc(=O)[nH]2)[nH]1,Druglike,Druglike_878,1
2621,HighDiv_1408-1_out,-8.012,CNCC(=O)c1cc(O)c(O)c(-c2ncn[nH]2)c1,HighDiv,HighDiv_1408,1
2622,Druglike_1294-1_out,-8.011,OCc1ncnc([C@@H](O)Cc2ccc(Br)c(O)c2)n1,Druglike,Druglike_1294,1
2623,Druglike_1852-1_out,-8.011,N/C=C/[C@@H](c1ccc(Cl)c(F)c1)c1n[nH]c(=O)o1,Druglike,Druglike_1852,1
2624,Druglike_1756-1_out,-8.011,C=Cc1c[nH]c(-c2ccc(CCI)cc2C(=O)[O-])cc1=O,Druglike,Druglike_1756,1
2625,HighDiv_2068-1_out,-8.01,Nc1sc([C@H](O)CC#Cc2cc(I)ccn2)c[n+]1CCC(=O)[O-],HighDiv,HighDiv_2068,1
2626,Druglike_1534-1_out,-8.009,CC(=O)NCC[C@H]([NH3+])c1ccc(/C=C/CO)cc1,Druglike,Druglike_1534,1
2627,HighDiv_1076-1_out,-8.009,C[NH+](C)CCSCc1cc(O)cc(N2CCNC2=O)c1,HighDiv,HighDiv_1076,1
2628,HighDiv_2269-1_out,-8.009,Cc1ccc(C#CC[C@@H](O)c2cnc(N)s2)[nH]1,HighDiv,HighDiv_2269,1
2629,HighDiv_404-1_out,-8.008,C=Cc1nc(-c2n[nH]c(CC(=O)[O-])n2)c(I)cc1C,HighDiv,HighDiv_404,1
2630,Druglike_1803-2_out,-8.008,CCC[N@@H+]1CC[C@@H]1CC(=O)c1cc(C(=O)[O-])[nH]c1C[NH3+],Druglike,Druglike_1803,2
2631,Druglike_848-1_out,-8.007,C=C(c1ccc(C(=O)c2c[nH]cn2)[nH]1)[C@@H](O)CCC,Druglike,Druglike_848,1
2632,Druglike_597-1_out,-8.006,O=C1NC[C@@H](/C=C/c2ccc(O)cc2O)N1,Druglike,Druglike_597,1
2633,HighDiv_187-1_out,-8.005,O=NC(=O)c1cc(C[C@H](O)CO)c(Br)c(N=O)c1,HighDiv,HighDiv_187,1
2634,Druglike_1070-1_out,-8.005,C=Cc1ccc([C@H]([NH3+])COCCCC(=O)[O-])cc1I,Druglike,Druglike_1070,1
2635,HighDiv_1170-1_out,-8.004,CCc1cc(O)cc(N2CCNC2=O)c1,HighDiv,HighDiv_1170,1
2636,Druglike_958-1_out,-8.004,O=C(NCC#CCO)c1cc(-c2cnon2)ncn1,Druglike,Druglike_958,1
2637,HighDiv_257-1_out,-8.003,CCC(=O)c1cc(N=O)c(Br)c([C@@H](O)C(=O)[O-])c1,HighDiv,HighDiv_257,1
2638,HighDiv_1201-1_out,-8.002,ONCC/C=N/c1cc(-c2ccc(I)cn2)c(Br)cc1O,HighDiv,HighDiv_1201,1
2639,HighDiv_653-1_out,-8.0,OCCC[C@H](C#Cc1cc(O)cc(O)c1)c1nnco1,HighDiv,HighDiv_653,1
2640,Druglike_773-1_out,-8.0,C#CC[C@H](C)c1nc(=O)[nH]cc1C(=O)[O-],Druglike,Druglike_773,1
2641,HighDiv_865-1_out,-8.0,C=CCSCCOCc1cc(O)cc(N2CCNC2=O)c1,HighDiv,HighDiv_865,1
2642,HighDiv_1920-1_out,-8.0,C[C@@H](/C=C/CCO)/C=C/c1c(N)cc(P(=O)([O-])[O-])cc1F,HighDiv,HighDiv_1920,1
2643,HighDiv_421-1_out,-7.999,NOc1cc(C(=O)[O-])cc(CC(=O)CCCl)c1Br,HighDiv,HighDiv_421,1
2644,HighDiv_999-1_out,-7.999,[NH3+][C@@H]([O-])COCCCc1cc(C(=O)N=O)cc(CO)c1Br,HighDiv,HighDiv_999,1
2645,Druglike_475-1_out,-7.999,O=C1NC[C@@H](CCCOc2cccc(Br)c2)N1,Druglike,Druglike_475,1
2646,Druglike_976-1_out,-7.998,CCC[NH2+]C/C=C/c1cc(CO)c(-c2nnn[n-]2)[nH]1,Druglike,Druglike_976,1
2647,Druglike_1330-1_out,-7.998,C=CCCC(=O)c1ncc([C@H](Br)c2occc2C(=O)[O-])cn1,Druglike,Druglike_1330,1
2648,HighDiv_2295-1_out,-7.997,C=Cc1cc(NC(N)=O)cc2[nH]c(=O)[nH]c12,HighDiv,HighDiv_2295,1
2649,HighDiv_1897-1_out,-7.996,O=[S@@](c1cccnc1)c1cc(O)c(I)cc1O,HighDiv,HighDiv_1897,1
2650,Druglike_1064-1_out,-7.995,[NH3+]CCc1cc(C(=O)c2ncc(/C=C/c3ccc(C[NH3+])c(Cl)c3)cn2)c[nH]1,Druglike,Druglike_1064,1
2651,HighDiv_1035-1_out,-7.995,CONCCCCc1cc(O)cc(N2CCNC2=O)c1,HighDiv,HighDiv_1035,1
2652,Druglike_1865-1_out,-7.994,C=C[C@@H](O)Cc1cccc(C(=O)NCCC(=O)[O-])c1,Druglike,Druglike_1865,1
2653,HighDiv_1376-1_out,-7.994,OCC/C=N/c1cc(-c2ccc(I)cn2)c(Br)cc1O,HighDiv,HighDiv_1376,1
2654,HighDiv_2145-2_out,-7.994,NOc1c(F)cc(COCC[NH3+])cc1-c1cnn[nH]1,HighDiv,HighDiv_2145,2
2655,Druglike_1508-1_out,-7.993,C[C@@H](/C=C(\CC(=O)[O-])c1cn[nH]n1)c1ncn[nH]1,Druglike,Druglike_1508,1
2656,Druglike_215-2_out,-7.993,[NH3+]CCCc1cc([C@@H]([NH3+])c2ccc(C#CC(=O)[O-])c(I)n2)co1,Druglike,Druglike_215,2
2657,HighDiv_214-1_out,-7.993,O=C([O-])Cc1nc(-c2nc(/C=C/CCF)ccc2I)n[nH]1,HighDiv,HighDiv_214,1
2658,Druglike_1636-1_out,-7.992,C=C(c1cccc(Cl)c1Cl)c1[nH]nnc1CO,Druglike,Druglike_1636,1
2659,Druglike_336-2_out,-7.992,Oc1cc(/C=C/CF)cc(-c2cnn[nH]2)c1,Druglike,Druglike_336,2
2660,HighDiv_2095-1_out,-7.992,CCC(=S)c1nc(-c2cccc(F)c2ON)c[nH]1,HighDiv,HighDiv_2095,1
2661,HighDiv_14-1_out,-7.992,CCC[C@@H](CBr)COc1cc(C(=O)[O-])cc(ON)c1Br,HighDiv,HighDiv_14,1
2662,Druglike_923-1_out,-7.992,O=C([O-])C#Cc1ccc(C2=CNC=[NH+]C2)cc1I,Druglike,Druglike_923,1
2663,HighDiv_2317-1_out,-7.991,[NH3+]Cc1ccc(-c2coc(C[NH2+]CO)n2)c(F)c1Cl,HighDiv,HighDiv_2317,1
2664,HighDiv_945-2_out,-7.991,O=Nc1cc(C(=O)/C=C/[C@@H](O)Cl)c([O-])cc1Br,HighDiv,HighDiv_945,2
2665,HighDiv_1159-1_out,-7.99,CNCC[NH2+]CCCc1cc(C(=O)CO)cc(N=O)c1Br,HighDiv,HighDiv_1159,1
2666,Druglike_1973-1_out,-7.99,O=C([O-])CC/C=C/C1=C[C@@H](NC(=O)c2cccc(Br)c2)CN1,Druglike,Druglike_1973,1
2667,Druglike_730-1_out,-7.989,[NH3+]Cc1ccc([C@@H](O)C/C=C(\CCl)C2=CCNC2=O)o1,Druglike,Druglike_730,1
2668,Druglike_158-1_out,-7.989,CC(=O)c1cc(-c2nccn2CCl)ccc1Cc1cc(C(=O)[O-])c[nH]1,Druglike,Druglike_158,1
2669,Druglike_432-1_out,-7.988,CC#CC[C@H](O)c1nc(=O)[nH]cc1C(=O)[O-],Druglike,Druglike_432,1
2670,Druglike_155-1_out,-7.988,C[NH2+]C/C=C/c1cc(O)cc(-c2c[nH]nn2)c1,Druglike,Druglike_155,1
2671,Druglike_1411-1_out,-7.987,O=C([O-])c1ccn(C[C@@H](Cl)C[NH+]2CCCC2)c1C#CCO,Druglike,Druglike_1411,1
2672,HighDiv_1117-1_out,-7.987,O=C([O-])Cc1nc(-c2ncc(C(=O)CO)cc2I)n[nH]1,HighDiv,HighDiv_1117,1
2673,Druglike_1608-1_out,-7.986,CCCc1ccc(C(=O)[O-])c(C[C@H](F)C#CC[NH3+])c1,Druglike,Druglike_1608,1
2674,HighDiv_2267-1_out,-7.985,CS(=O)(=O)CCc1cc(F)c(ON)c(/C=C/c2nnn[n-]2)c1,HighDiv,HighDiv_2267,1
2675,HighDiv_2035-1_out,-7.985,NOc1c(F)cc(CCCCS)cc1/C=C/c1nnn[n-]1,HighDiv,HighDiv_2035,1
2676,HighDiv_58-1_out,-7.985,CONC/C=C/[C@@H](C#Cc1cccc(O)c1)CCO,HighDiv,HighDiv_58,1
2677,HighDiv_1799-1_out,-7.985,NC(=O)Cc1cc(O)c2c(c1)[C@H](CCS)CC2,HighDiv,HighDiv_1799,1
2678,HighDiv_721-1_out,-7.984,O=C(C#CCNC(=O)c1cc([S-])c(I)cc1[S-])c1ccoc1,HighDiv,HighDiv_721,1
2679,Druglike_666-1_out,-7.984,CCc1cc(O)cc(-c2cn[nH]n2)c1,Druglike,Druglike_666,1
2680,HighDiv_1331-1_out,-7.984,O=C(C#Cc1c(CBr)[nH]cc(O)c1=O)NCCCF,HighDiv,HighDiv_1331,1
2681,Druglike_1256-1_out,-7.984,Cc1nnc(/C=C/CC2=C(C(=O)[O-])[C@H](CO)NC(=O)N2)[nH]1,Druglike,Druglike_1256,1
2682,Druglike_1633-1_out,-7.983,NC/C(=C/c1nonc1C(N)N)c1ccc(CF)nc1,Druglike,Druglike_1633,1
2683,HighDiv_1494-1_out,-7.983,C[C@@H](F)c1[nH]cc(O)c(=O)c1C#CC(N)=O,HighDiv,HighDiv_1494,1
2684,Druglike_1694-1_out,-7.982,O=C([O-])[C@@H](C#CCCl)C1=CCC=CN1,Druglike,Druglike_1694,1
2685,Druglike_310-1_out,-7.982,CCCCc1cc(O)cc(-c2cn[nH]n2)c1,Druglike,Druglike_310,1
2686,HighDiv_2040-1_out,-7.982,[NH3+]CC#Cc1c([O-])c(N=O)cc2ncoc(=O)c12,HighDiv,HighDiv_2040,1
2687,Druglike_1277-1_out,-7.982,Oc1ccc(Cl)cc1C#C[C@@H]1CCON1,Druglike,Druglike_1277,1
2688,Druglike_2059-1_out,-7.981,[NH3+]Cc1cccc(I)c1C1=NN(C(=O)CC(=O)[O-])CO1,Druglike,Druglike_2059,1
2689,Druglike_886-1_out,-7.981,O=C(/C=C/c1cc(O)ccc1I)[C@H]1CCCN(CCO)N1,Druglike,Druglike_886,1
2690,Druglike_1644-1_out,-7.98,O=C([O-])[C@@H](CC#CCCCCO)c1ccc(O)c(Cl)c1,Druglike,Druglike_1644,1
2691,Druglike_572-1_out,-7.979,O=C(/C=C/C(=O)c1n[nH]c(C2=NOCN2)n1)C[O-],Druglike,Druglike_572,1
2692,Druglike_836-1_out,-7.979,OCC#Cc1ccc([C@@H](O)CCc2cnon2)nc1I,Druglike,Druglike_836,1
2693,Druglike_998-1_out,-7.978,CCCc1cc([C@@H](C(=O)[O-])c2cc[nH]n2)[nH]c(=O)n1,Druglike,Druglike_998,1
2694,Druglike_1232-1_out,-7.976,O=c1ccc(-c2oc(CC[NH2+]CCBr)nc2CO)n[nH]1,Druglike,Druglike_1232,1
2695,Druglike_1252-1_out,-7.976,COCCc1c(O)noc1C/C=C\C1=CC[C@@H](CO)O1,Druglike,Druglike_1252,1
2696,HighDiv_646-1_out,-7.976,CC#CC/C(=C\C[NH3+])C(=O)c1cc(N=O)c(Br)cc1[O-],HighDiv,HighDiv_646,1
2697,HighDiv_254-1_out,-7.974,O=Nc1cc(C(=O)[C@H]2COC(=S)N2)cc([O-])c1Br,HighDiv,HighDiv_254,1
2698,HighDiv_1402-1_out,-7.974,O=C(CO)c1cc(O)c(O)c(-c2cnco2)c1,HighDiv,HighDiv_1402,1
2699,HighDiv_284-1_out,-7.973,NOc1cc(C(=O)[O-])cc(CC(=O)CCBr)c1Br,HighDiv,HighDiv_284,1
2700,Druglike_1054-1_out,-7.973,Cc1nc(C(=O)c2c[nH]c(CCO)c2)ncc1/C=C/c1ccc(I)c(Cl)c1,Druglike,Druglike_1054,1
2701,Druglike_784-1_out,-7.973,CN1NCCC[C@@H]1C(=O)/C=C/c1cc(O)ccc1I,Druglike,Druglike_784,1
2702,Druglike_1401-1_out,-7.972,O=C([O-])c1ccn(C[C@@H](Cl)c2nonc2CO)c1C#CCO,Druglike,Druglike_1401,1
2703,HighDiv_1758-1_out,-7.972,NOc1cc(-c2c(C(=O)[O-])ccc(CO)c2[S-])ccc1CS,HighDiv,HighDiv_1758,1
2704,Druglike_963-1_out,-7.972,CCn1c(-c2cc(Br)c(C(=O)[O-])cn2)nn(CCC[NH3+])c1=O,Druglike,Druglike_963,1
2705,HighDiv_953-1_out,-7.971,CCC#Cc1cc(N2CCNC2=O)cc(O)c1C[NH3+],HighDiv,HighDiv_953,1
2706,HighDiv_537-1_out,-7.97,C[C@H](N)C(=O)c1cc([O-])c(Br)c(Cl)c1,HighDiv,HighDiv_537,1
2707,Druglike_869-1_out,-7.969,OCCC#CCc1cc(O)cc(-c2cn[nH]n2)c1,Druglike,Druglike_869,1
2708,HighDiv_802-1_out,-7.969,C=CC[C@@H](C#Cc1cc(O)cc(OCCO)c1)C[NH3+],HighDiv,HighDiv_802,1
2709,HighDiv_18-1_out,-7.969,CCCONC/C=C/[C@@H](C#Cc1cccc(O)c1)CCO,HighDiv,HighDiv_18,1
2710,HighDiv_275-1_out,-7.967,NNCc1ncc([C@H](O)C#Cc2cc(S)c([S-])cc2Br)cn1,HighDiv,HighDiv_275,1
2711,Druglike_2065-1_out,-7.967,C=Cc1ccc(O)c(C(=O)CC2=CC=C[C@@H]2CO)c1,Druglike,Druglike_2065,1
2712,HighDiv_506-1_out,-7.966,C=C/C=C(\CN)C(=O)c1cc(N=O)c(Br)cc1[O-],HighDiv,HighDiv_506,1
2713,Druglike_2027-1_out,-7.965,C=C(c1n[nH]c(CC(=O)[O-])n1)[C@H](Cl)c1ncc([O-])cc1Br,Druglike,Druglike_2027,1
2714,Druglike_31-2_out,-7.965,[NH3+][C@H](c1coc(CO)c1)c1ccc(C#CC(=O)[O-])c(I)n1,Druglike,Druglike_31,2
2715,HighDiv_426-1_out,-7.965,NOc1cc(C(=O)[O-])cc(OC/C=C/C[NH2+]CCS)c1Br,HighDiv,HighDiv_426,1
2716,Druglike_1149-1_out,-7.965,[NH3+]Cc1cc(C(=O)[O-])cn1CC#C[C@@H](Cl)c1c[nH]nn1,Druglike,Druglike_1149,1
2717,Druglike_1197-1_out,-7.965,COCC1=C([C@H](C(=O)[O-])c2nnc(/C=C/CCC[NH3+])o2)OCC1=O,Druglike,Druglike_1197,1
2718,Druglike_340-1_out,-7.963,O=C(CBr)C1=C[C@@H](CO)NC(/C=C/CNCc2cn[nH]n2)=N1,Druglike,Druglike_340,1
2719,HighDiv_912-1_out,-7.963,O=C([O-])C1=CC(=O)[C@@H](CSCc2nnc([S-])o2)O1,HighDiv,HighDiv_912,1
2720,Druglike_410-1_out,-7.962,CCCOCCn1cc(CCNC2=[NH+]CCC2)c(CC(=O)[O-])n1,Druglike,Druglike_410,1
2721,Druglike_541-1_out,-7.962,OCC1=CC=C(CO)[C@@H](/C=C/c2cnc(CO)c(Br)c2)N1,Druglike,Druglike_541,1
2722,Druglike_1024-1_out,-7.962,C=Cc1ncc(-c2[nH]cc(C(=O)[O-])c2CO)o1,Druglike,Druglike_1024,1
2723,HighDiv_55-1_out,-7.961,CC#CC[C@H]([NH3+])c1cc(C(=O)[O-])cc(ON)c1Br,HighDiv,HighDiv_55,1
2724,HighDiv_414-1_out,-7.96,CCC#Cc1cc(N2CCNC2=O)cc(O)c1C=S,HighDiv,HighDiv_414,1
2725,Druglike_1895-1_out,-7.96,CCCC(=O)COc1ccc(-c2nc[nH]n2)cc1C[NH3+],Druglike,Druglike_1895,1
2726,HighDiv_1128-1_out,-7.96,C=C(CNCS(N)(=O)=O)C(=O)c1cc(N=O)c(Br)cc1[O-],HighDiv,HighDiv_1128,1
2727,Druglike_967-1_out,-7.96,O=C([O-])Cc1c(O)noc1CC1=CC=CCC1,Druglike,Druglike_967,1
2728,Druglike_2022-1_out,-7.958,O=C([O-])c1cc(=O)c(CO)c(-c2nnco2)[nH]1,Druglike,Druglike_2022,1
2729,Druglike_1368-2_out,-7.958,O=C([O-])C/C=C(\c1cnn[nH]1)c1cccc(Cl)c1Cl,Druglike,Druglike_1368,2
2730,HighDiv_1571-1_out,-7.956,CCNC(=O)C#Cc1c(CC(=O)[O-])[nH]cc(O)c1=O,HighDiv,HighDiv_1571,1
2731,HighDiv_830-1_out,-7.955,CCCCc1cc(O)cc(N2CCNC2=O)c1,HighDiv,HighDiv_830,1
2732,Druglike_1325-1_out,-7.955,CCN1CC(c2cc(Br)ccc2O)=C(CN)C1=O,Druglike,Druglike_1325,1
2733,Druglike_1569-1_out,-7.955,OC/C=C(\c1cncc(C(F)F)n1)c1cnn[nH]1,Druglike,Druglike_1569,1
2734,HighDiv_574-1_out,-7.955,C[C@@H](O)CC[NH2+]Cc1cc(C(=O)[O-])cc(ON)c1Br,HighDiv,HighDiv_574,1
2735,Druglike_1439-1_out,-7.954,NC(=O)Nc1cc(F)cc(CC(=O)[O-])c1,Druglike,Druglike_1439,1
2736,HighDiv_135-1_out,-7.954,CCCOC(=O)c1cc(NC([O-])=S)c(Br)c(ON)c1,HighDiv,HighDiv_135,1
2737,HighDiv_2324-1_out,-7.953,C=Cc1cc(C(=O)c2nc(=S)[nH]c([O-])c2CO)ccn1,HighDiv,HighDiv_2324,1
2738,HighDiv_1182-1_out,-7.952,C/C(=C\c1cc(O)cc(N)c1O)[C@H]1CCCCS1,HighDiv,HighDiv_1182,1
2739,HighDiv_1192-1_out,-7.951,NC(=O)c1ccc(Br)c(C[C@@H](CO)c2cscn2)c1,HighDiv,HighDiv_1192,1
2740,HighDiv_2229-1_out,-7.95,Oc1cc(C[C@H](S)CCSCn2cnnc2)ccc1F,HighDiv,HighDiv_2229,1
2741,Druglike_568-1_out,-7.95,CC(=O)OCC/C=C/CNCc1[nH]c(=O)ncc1C(=O)[O-],Druglike,Druglike_568,1
2742,Druglike_1279-1_out,-7.95,O=C1C=C([C@H](C(=O)[O-])c2nnc(/C(=C\CO)CCCl)o2)OC1,Druglike,Druglike_1279,1
2743,Druglike_785-1_out,-7.95,OC/C=C/c1ccc(-c2[nH]ncc2Cl)cc1CF,Druglike,Druglike_785,1
2744,Druglike_1091-1_out,-7.95,[NH3+][C@H]([O-])c1ncc(C(=O)c2ccc(I)c(I)c2)o1,Druglike,Druglike_1091,1
2745,Druglike_1587-1_out,-7.949,C[C@@H](C/C=C(\CC(=O)[O-])c1cn[nH]n1)c1ncn[nH]1,Druglike,Druglike_1587,1
2746,Druglike_1391-1_out,-7.949,NC(=O)Nc1cc(CF)cc([C@H](Cl)C(=O)[O-])c1,Druglike,Druglike_1391,1
2747,Druglike_469-1_out,-7.949,C/C=C/CO[C@H](Cl)c1nc(=O)[nH]cc1C(=O)[O-],Druglike,Druglike_469,1
2748,Druglike_443-1_out,-7.948,COC/C=C/c1cc(O)cc(-c2c[nH]nn2)c1,Druglike,Druglike_443,1
2749,HighDiv_2290-2_out,-7.947,C/C=[NH+]\[C@H](C(=O)[O-])c1ccc(COS(N)(=O)=O)c(Cl)c1,HighDiv,HighDiv_2290,2
2750,HighDiv_557-2_out,-7.946,[H]/N=C(\C)C(=O)c1cc([O-])c(Br)c(Cl)c1,HighDiv,HighDiv_557,2
2751,HighDiv_601-1_out,-7.946,CCCCc1cc(N2CCNC2=O)cc(O)c1CC,HighDiv,HighDiv_601,1
2752,HighDiv_1770-1_out,-7.946,C=CC(=C)c1c[nH]cc1C(=O)c1csc(C(=O)[O-])n1,HighDiv,HighDiv_1770,1
2753,HighDiv_1468-1_out,-7.944,C/C=C\c1[nH]cc(O)c(=O)c1C#CC(N)=O,HighDiv,HighDiv_1468,1
2754,Druglike_543-1_out,-7.944,CC[NH2+]CCCc1cc(O)cc(-c2cn[nH]n2)c1,Druglike,Druglike_543,1
2755,HighDiv_1542-1_out,-7.943,CC/C=N/c1cc(-c2ccc(I)cn2)c(Br)cc1O,HighDiv,HighDiv_1542,1
2756,Druglike_677-1_out,-7.943,O=C([O-])CCCc1ccc2c(c1)CNN(CCl)C2,Druglike,Druglike_677,1
2757,Druglike_1822-2_out,-7.943,C=C(C(=O)OCCCCO)c1c[nH]c2nc(CN)cnc12,Druglike,Druglike_1822,2
2758,HighDiv_389-1_out,-7.943,C=C[C@@H](C#Cc1cc(N)cc(O)c1)CCCO,HighDiv,HighDiv_389,1
2759,HighDiv_1368-1_out,-7.942,C/C=C\c1cc(C(N)=O)cc(O)c1O,HighDiv,HighDiv_1368,1
2760,Druglike_1329-1_out,-7.941,[NH3+]CCCCc1c(O)cccc1C(=O)[C@H]1C=C(CO)C=CC1,Druglike,Druglike_1329,1
2761,HighDiv_1704-1_out,-7.941,C#Cc1c[nH]cc1C(=O)c1nn(C(=O)[O-])cc1Br,HighDiv,HighDiv_1704,1
2762,HighDiv_2152-1_out,-7.941,NOc1c(F)cc(O)cc1-c1c[nH]c(CCO)[nH+]1,HighDiv,HighDiv_2152,1
2763,HighDiv_1168-1_out,-7.94,CC(=O)CCOc1cc(NC(N)=S)cc(O)c1[S-],HighDiv,HighDiv_1168,1
2764,Druglike_829-1_out,-7.94,[NH3+]Cc1ccc(-c2cccc(CO)c2)nc1,Druglike,Druglike_829,1
2765,HighDiv_1780-1_out,-7.94,S[C@H](/C=C/NC/C=C\Cc1csnn1)c1ccncn1,HighDiv,HighDiv_1780,1
2766,Druglike_715-1_out,-7.939,OCc1nnc(C#Cc2n[nH]c(CCCl)n2)n1CBr,Druglike,Druglike_715,1
2767,HighDiv_827-1_out,-7.938,CNCS(=O)(=O)CCSCc1cc(O)cc(N2CCNC2=O)c1,HighDiv,HighDiv_827,1
2768,HighDiv_728-1_out,-7.937,OCc1ncc([C@H](O)C#Cc2cc(S)c([S-])cc2Br)cn1,HighDiv,HighDiv_728,1
2769,Druglike_641-1_out,-7.936,O=C(C1=CCCN1)c1cc(O)cc(Cl)c1,Druglike,Druglike_641,1
2770,HighDiv_776-1_out,-7.935,COC/C=C/COc1cc(NC(N)=S)cc(O)c1[S-],HighDiv,HighDiv_776,1
2771,HighDiv_897-1_out,-7.935,C=C(C(=O)CNCOC)c1cc(O)cc(N2CCNC2=O)c1,HighDiv,HighDiv_897,1
2772,Druglike_185-1_out,-7.935,C=Cc1c(CCCC(=O)[O-])ccc2c1CNNC2,Druglike,Druglike_185,1
2773,HighDiv_1042-1_out,-7.935,NC(=O)c1cc(-c2ccc([S-])c(Br)c2)on1,HighDiv,HighDiv_1042,1
2774,HighDiv_758-1_out,-7.934,O=Nc1cc(C(=O)/C=C/CS)cc([O-])c1Br,HighDiv,HighDiv_758,1
2775,HighDiv_915-1_out,-7.934,O=C(/C=C/[C@@H](O)CCc1cc(O)ccc1O)NO,HighDiv,HighDiv_915,1
2776,HighDiv_1555-2_out,-7.934,O=NC(=O)[C@@H](/C=N/C1CCCC1)c1nnn[n-]1,HighDiv,HighDiv_1555,2
2777,HighDiv_560-1_out,-7.934,OCc1ccc(Nc2cc(F)cc([S-])c2Br)cn1,HighDiv,HighDiv_560,1
2778,HighDiv_1930-1_out,-7.934,O=C(c1nnc(CS)o1)c1c[nH]c2c(CCO)ccc(Br)c12,HighDiv,HighDiv_1930,1
2779,Druglike_269-1_out,-7.934,CCCCCc1cc(O)cc(-c2cn[nH]n2)c1,Druglike,Druglike_269,1
2780,HighDiv_1148-1_out,-7.933,O=C([O-])c1[nH]c(C2=COCCC2)nc1Cl,HighDiv,HighDiv_1148,1
2781,Druglike_1423-1_out,-7.932,[NH3+]C[C@@]1(/C(=C/c2ccc(C(=O)[O-])cc2)CBr)CCC(C(=O)C[O-])=N1,Druglike,Druglike_1423,1
2782,Druglike_564-1_out,-7.932,CCCCC[C@H](O)c1nc(=O)[nH]cc1C(=O)[O-],Druglike,Druglike_564,1
2783,Druglike_1218-1_out,-7.932,O=C(c1cc(CO)c(Cl)cn1)[C@H]1C=C(CO)C(CF)=CC1,Druglike,Druglike_1218,1
2784,Druglike_725-1_out,-7.931,CCC/C=C\COCCc1cc(O)cc(CO)c1,Druglike,Druglike_725,1
2785,Druglike_1264-1_out,-7.931,C/C=C\c1c(O)cccc1C(=O)[C@H]1C=C(CO)C=CC1,Druglike,Druglike_1264,1
2786,HighDiv_1292-1_out,-7.931,O=C(C#Cc1c(CO)[nH]cc(O)c1=O)NCCS,HighDiv,HighDiv_1292,1
2787,Druglike_724-1_out,-7.931,CCCC[NH2+]CCC[NH2+]CCc1cc2c(cc1O)OCN2,Druglike,Druglike_724,1
2788,Druglike_398-1_out,-7.93,NC/C=C(\C1=CCN=CN1)c1nnc(CCCCO)o1,Druglike,Druglike_398,1
2789,HighDiv_2072-2_out,-7.93,Cc1nc(CO)[nH]c1-c1cccc(F)c1ON,HighDiv,HighDiv_2072,2
2790,HighDiv_1739-1_out,-7.928,CS(=O)(=O)C[C@@H](O)/C=C/c1cc(O)cc(I)c1,HighDiv,HighDiv_1739,1
2791,Druglike_274-1_out,-7.927,O=C1NC[C@@H](/C=C/c2cc(CCl)ccc2O)N1,Druglike,Druglike_274,1
2792,HighDiv_1195-1_out,-7.926,NC(=S)C(=O)c1cc([O-])c(Br)c(N=O)c1,HighDiv,HighDiv_1195,1
2793,HighDiv_1067-1_out,-7.926,O=C([O-])C[C@@H](C#Cc1cccc(Cl)c1Cl)CO,HighDiv,HighDiv_1067,1
2794,HighDiv_821-1_out,-7.926,O=C1NCCN1c1cc(O)cc(CCCCF)c1,HighDiv,HighDiv_821,1
2795,Druglike_425-1_out,-7.926,C=CCCCc1cc(O)cc(-c2cn[nH]n2)c1,Druglike,Druglike_425,1
2796,Druglike_422-1_out,-7.926,OCc1cc(O)cc(CCOC/C=C\CCCCl)c1,Druglike,Druglike_422,1
2797,Druglike_748-1_out,-7.925,OC/C=C/Cc1ncc([C@H](O)c2ccc(I)cc2)o1,Druglike,Druglike_748,1
2798,HighDiv_64-1_out,-7.925,O=Nc1cc(C(=O)CS)cc(CONCCl)c1Br,HighDiv,HighDiv_64,1
2799,Druglike_594-1_out,-7.924,N[C@H](C#Cc1ccn[nH]1)c1ncc(C(=O)[O-])nc1Cl,Druglike,Druglike_594,1
2800,HighDiv_1038-1_out,-7.924,N/C([O-])=C(\O)C(=O)c1ccc(Br)c(N=O)c1,HighDiv,HighDiv_1038,1
2801,HighDiv_2125-1_out,-7.924,[NH3+][C@@H](C#Cc1c([N+](=O)[O-])ccc(Cl)c1F)C(=O)[O-],HighDiv,HighDiv_2125,1
2802,HighDiv_1724-1_out,-7.923,[NH3+]CNCCc1cc(O)c2c(c1C(=O)[O-])CCC2,HighDiv,HighDiv_1724,1
2803,HighDiv_2270-1_out,-7.923,OCC#Cc1ccc(-n2cnnc2[S-])cc1,HighDiv,HighDiv_2270,1
2804,HighDiv_1763-1_out,-7.921,O=C([C@H](O)/C=C/c1ccc(O)c([S-])c1)N1COC=N1,HighDiv,HighDiv_1763,1
2805,HighDiv_166-1_out,-7.92,[NH3+]Cc1cc(C(=O)c2nnc([S-])o2)cc(N=O)c1Br,HighDiv,HighDiv_166,1
2806,HighDiv_702-1_out,-7.92,CCOC1=CC(N2CCNC2=O)=CC(=O)/C1=N/[O-],HighDiv,HighDiv_702,1
2807,Druglike_1541-1_out,-7.92,COCc1cc(-c2cnc(C(=O)CCl)[nH]2)c(CO)[nH]1,Druglike,Druglike_1541,1
2808,HighDiv_377-1_out,-7.919,NOc1cc(C(=O)[O-])cc(CCCCCO)c1Br,HighDiv,HighDiv_377,1
2809,HighDiv_2276-1_out,-7.918,O=N[C@H](CF)c1nc2nc(CC(=O)[O-])oc2cc1C(=O)[O-],HighDiv,HighDiv_2276,1
2810,HighDiv_725-1_out,-7.917,CNNC/C=C/[C@@H](C#Cc1cccc(O)c1)[SH](=O)=O,HighDiv,HighDiv_725,1
2811,Druglike_1318-2_out,-7.916,OCN[C@@]1(c2c[nH]cn2)C=C(/C=C/c2ccno2)C1,Druglike,Druglike_1318,2
2812,HighDiv_1894-1_out,-7.916,OC[C@H](Sc1nc2ccccc2[nH]1)c1csnn1,HighDiv,HighDiv_1894,1
2813,Druglike_86-1_out,-7.916,CCC[C@@H](N)C#CC(=O)C1=CCC=C(C(=O)[O-])O1,Druglike,Druglike_86,1
2814,Druglike_1111-1_out,-7.914,NCC1=C(c2cc(Br)ccc2O)CN(CCn2cnnn2)C1=O,Druglike,Druglike_1111,1
2815,Druglike_1834-1_out,-7.914,C=CCC(=O)c1cc(C(=O)[O-])[nH]c1C(=O)[O-],Druglike,Druglike_1834,1
2816,Druglike_1934-2_out,-7.914,[NH3+]Cc1cnc(C/C=C/Cc2cnn[nH]2)cc1I,Druglike,Druglike_1934,2
2817,Druglike_602-1_out,-7.912,OCc1ccn(C/C=C/CCCl)c1-c1nnn[n-]1,Druglike,Druglike_602,1
2818,Druglike_1932-1_out,-7.912,C#C[C@H](Br)c1cc(C(=O)[O-])[nH]c1CO,Druglike,Druglike_1932,1
2819,HighDiv_1551-1_out,-7.911,Nc1cc(C[NH3+])c(O)cc1-c1ccccc1,HighDiv,HighDiv_1551,1
2820,Druglike_2051-1_out,-7.91,[NH3+]Cc1nc(CC[C@H](CO)Cc2cnon2)cc(=O)[nH]1,Druglike,Druglike_2051,1
2821,Druglike_426-1_out,-7.91,O=C1C=C[C@@H](/C=C/c2cnc(CO)c(Br)c2)N1,Druglike,Druglike_426,1
2822,Druglike_478-1_out,-7.91,O=C([O-])c1coc(-c2ccc([O-])c(I)n2)n1,Druglike,Druglike_478,1
2823,HighDiv_599-2_out,-7.91,CC[C@@H](CNC(=O)c1ccc(I)c(N=O)c1)N[NH3+],HighDiv,HighDiv_599,2
2824,Druglike_3-2_out,-7.91,[NH3+]COCc1cc([C@@H]([NH3+])c2ccc(C#CC(=O)[O-])c(I)n2)co1,Druglike,Druglike_3,2
2825,HighDiv_1831-1_out,-7.91,NNC/C=C/C/C=C/c1c(N)cc(P(=O)([O-])[O-])cc1F,HighDiv,HighDiv_1831,1
2826,Druglike_977-1_out,-7.909,CC(=O)C/C=C/CNCc1[nH]c(=O)ncc1C(=O)[O-],Druglike,Druglike_977,1
2827,HighDiv_402-1_out,-7.909,C=C[C@@H](C#Cc1cc(O)cc(COCCC[NH3+])c1)CCO,HighDiv,HighDiv_402,1
2828,Druglike_392-1_out,-7.909,[NH3+]CCc1ncc(/C=C/[C@H]2NC(=O)C=C2C[NH3+])cc1Br,Druglike,Druglike_392,1
2829,HighDiv_1664-1_out,-7.909,C#C[C@H](/C=C/CCO)c1ccc(NC(=O)CO)c(Cl)c1,HighDiv,HighDiv_1664,1
2830,HighDiv_2268-1_out,-7.909,O=C(CCc1c[nH]nc1O)OCc1cc(Br)c(I)cc1[S-],HighDiv,HighDiv_2268,1
2831,HighDiv_822-1_out,-7.908,Nc1nnc(-c2cc(O)c(C(=O)[O-])cc2F)s1,HighDiv,HighDiv_822,1
2832,Druglike_1179-1_out,-7.908,CC(=O)C[C@@H](/C=C/c1ccc(I)cc1N)CO,Druglike,Druglike_1179,1
2833,HighDiv_491-1_out,-7.908,[NH3+]CC[C@H](O)Cc1cc(C(=O)N=O)cc([O-])c1Br,HighDiv,HighDiv_491,1
2834,HighDiv_840-1_out,-7.907,OCc1ncc(/C=C/c2ccccc2)cc1COCCS,HighDiv,HighDiv_840,1
2835,HighDiv_908-1_out,-7.905,NC(=S)Nc1cc(O)c([S-])c(COCC[N+](=O)[O-])c1,HighDiv,HighDiv_908,1
2836,HighDiv_1261-1_out,-7.905,O=C(C#Cc1c(CBr)[nH]cc(O)c1=O)N[C@H](C=S)CCl,HighDiv,HighDiv_1261,1
2837,Druglike_1205-1_out,-7.905,C=CC[NH2+]Cc1nc(CO)c(-c2ccc(=O)[nH]n2)o1,Druglike,Druglike_1205,1
2838,HighDiv_184-1_out,-7.904,C/C=C/C[C@H]([NH3+])c1cc(C(=O)[O-])cc(ON)c1Br,HighDiv,HighDiv_184,1
2839,Druglike_1093-1_out,-7.904,N[C@@H](O)c1ccc(C(=O)c2ccc(I)c(I)c2)[nH]1,Druglike,Druglike_1093,1
2840,HighDiv_879-1_out,-7.904,CCCC(=O)Oc1cc(O)cc(C#CC/C=C/C[NH3+])c1,HighDiv,HighDiv_879,1
2841,Druglike_1145-1_out,-7.902,C=Cc1coc(CO)c1-c1cc(CC)c(=O)[nH]n1,Druglike,Druglike_1145,1
2842,Druglike_917-1_out,-7.901,C=CCc1ncc(-c2[nH]cc(C(=O)[O-])c2CO)o1,Druglike,Druglike_917,1
2843,Druglike_1962-1_out,-7.9,O=C([O-])c1nc2c(O)cccc2[nH]1,Druglike,Druglike_1962,1
2844,Druglike_686-1_out,-7.9,CCCC(=O)/C=C\[C@H](O)c1cc(Cl)ccc1O,Druglike,Druglike_686,1
2845,HighDiv_2109-1_out,-7.899,NOc1c(F)cccc1-c1c[nH]c(C(=S)C=S)n1,HighDiv,HighDiv_2109,1
2846,Druglike_1712-1_out,-7.899,C=Cc1[nH]c(C(C)=O)cc1-c1cnc(CF)[nH]1,Druglike,Druglike_1712,1
2847,Druglike_1224-1_out,-7.898,CCCOCc1nc(CO)c(-c2ccc(=O)[nH]n2)o1,Druglike,Druglike_1224,1
2848,HighDiv_486-1_out,-7.897,CC(=O)C1=NOCN1c1ccc(SCS(=O)(=O)[O-])cc1O,HighDiv,HighDiv_486,1
2849,HighDiv_409-1_out,-7.897,CCC/C(C#CCc1oc(C(=O)[O-])nc1CO)=C/CO,HighDiv,HighDiv_409,1
2850,HighDiv_989-1_out,-7.897,[NH2+]=C(CCC(=O)[O-])c1cc(C(F)F)cc2cc[nH]c12,HighDiv,HighDiv_989,1
2851,HighDiv_810-1_out,-7.897,O=C([O-])c1ccc(C#C[C@@H](O)CO)c(Cl)c1Cl,HighDiv,HighDiv_810,1
2852,HighDiv_2036-2_out,-7.896,CCc1cc(F)c(ON)c(-c2cnc(CO)[nH]2)c1,HighDiv,HighDiv_2036,2
2853,Druglike_427-1_out,-7.896,OCCc1nc(C[NH2+]CCCCc2cc[nH]n2)cnc1Cl,Druglike,Druglike_427,1
2854,Druglike_1319-1_out,-7.896,CCC[NH2+]CCc1nc(CO)c(-c2ccc(=O)[nH]n2)o1,Druglike,Druglike_1319,1
2855,HighDiv_2245-1_out,-7.895,NOc1c(F)cccc1-c1c[nH]c(C(=S)CO)n1,HighDiv,HighDiv_2245,1
2856,Druglike_1326-1_out,-7.893,CCCCC/C=C/[C@H](CO)c1cc(F)ccc1O,Druglike,Druglike_1326,1
2857,Druglike_355-1_out,-7.893,CCC#Cc1ccc([C@H](N)c2nc(C(=O)[O-])c[nH]2)nc1I,Druglike,Druglike_355,1
2858,HighDiv_325-1_out,-7.892,NOc1cc(C(=O)[O-])cc(OC/C=C/C=S)c1Br,HighDiv,HighDiv_325,1
2859,Druglike_62-1_out,-7.891,[NH3+]CCc1ncc(/C=C/[C@H]2NC(=O)C=C2C[NH3+])cc1Br,Druglike,Druglike_62,1
2860,HighDiv_267-1_out,-7.89,[NH3+]Cc1cc(C(=O)c2cc[nH]c2)cc(N=O)c1Br,HighDiv,HighDiv_267,1
2861,HighDiv_319-1_out,-7.89,C=C[C@@H](O)COc1cc(C(=O)[O-])cc(ON)c1Br,HighDiv,HighDiv_319,1
2862,HighDiv_1779-1_out,-7.89,O=C(Cc1ccc(S[S-])c(O)c1I)OCc1nnco1,HighDiv,HighDiv_1779,1
2863,HighDiv_278-2_out,-7.89,CC/C=C(\CN)C(=O)c1cc(N=O)c(Br)cc1[O-],HighDiv,HighDiv_278,2
2864,HighDiv_478-1_out,-7.889,O=C([O-])C/C=C/c1cc2cc[nH]c2c(S)c1O,HighDiv,HighDiv_478,1
2865,HighDiv_239-1_out,-7.889,CONC/C=C/[C@@H](C#Cc1cc(O)cc(C[NH3+])c1)CCO,HighDiv,HighDiv_239,1
2866,Druglike_705-1_out,-7.889,Nc1nc([C@@H](/C=C/CCO)C(=O)[O-])nc2[nH]ncc12,Druglike,Druglike_705,1
2867,Druglike_1655-1_out,-7.889,O=c1cc([C@H](C#Cc2nc[nH]n2)CCO)c1=O,Druglike,Druglike_1655,1
2868,Druglike_858-1_out,-7.888,OCc1cc(O)cc(-c2c[nH]nc2O)c1,Druglike,Druglike_858,1
2869,HighDiv_1573-1_out,-7.887,CCc1[nH]cc(O)c(=O)c1C#CC(=O)NC,HighDiv,HighDiv_1573,1
2870,HighDiv_625-1_out,-7.887,O=C([O-])Cc1nc(-c2nc(C=S)ccc2I)n[nH]1,HighDiv,HighDiv_625,1
2871,HighDiv_2016-2_out,-7.887,NOc1c(F)cc(CO)cc1-c1cnc[nH]1,HighDiv,HighDiv_2016,2
2872,HighDiv_681-1_out,-7.886,O=Nc1cc(C(=O)CO)cc(CC[NH2+]CO)c1Br,HighDiv,HighDiv_681,1
2873,Druglike_1642-1_out,-7.886,CCCc1cc(-c2cnc(C[NH3+])[nH]2)c(CO)[nH]1,Druglike,Druglike_1642,1
2874,Druglike_1248-1_out,-7.884,COc1cc(N)[nH+]cc1C#CC(=O)c1ncc(CO)[nH]1,Druglike,Druglike_1248,1
2875,HighDiv_1420-1_out,-7.884,CC(=O)c1cc(O)c([O-])c(C(F)F)c1,HighDiv,HighDiv_1420,1
2876,Druglike_961-1_out,-7.884,C/C=C/CCCc1nc(=O)[nH]cc1C(=O)[O-],Druglike,Druglike_961,1
2877,HighDiv_1021-1_out,-7.883,O=C(c1cc([O-])c(Br)c(Cl)c1)[C@@H]1CCON1,HighDiv,HighDiv_1021,1
2878,HighDiv_623-1_out,-7.882,C=C[C@@H](C#Cc1cc(O)cc(CO)c1)CCO,HighDiv,HighDiv_623,1
2879,Druglike_1038-1_out,-7.881,CCCn1c(C)nnc1C#Cc1n[nH]c(CO)n1,Druglike,Druglike_1038,1
2880,HighDiv_873-1_out,-7.881,NC(=O)c1cc(-c2cccc(Br)c2CC[NH3+])on1,HighDiv,HighDiv_873,1
2881,Druglike_1552-1_out,-7.881,C=C[C@H](CCc1cccc(COC[NH3+])c1)n1cc(C[NH3+])nn1,Druglike,Druglike_1552,1
2882,HighDiv_1789-1_out,-7.881,[NH3+]Cc1nn(-c2cc(O)ccc2CO)cc1Br,HighDiv,HighDiv_1789,1
2883,Druglike_590-1_out,-7.88,C/C=C/C[C@H](F)c1nc(=O)[nH]cc1C(=O)[O-],Druglike,Druglike_590,1
2884,HighDiv_1364-1_out,-7.88,CC(F)(F)c1cc(C(=O)CO)cc(O)c1[O-],HighDiv,HighDiv_1364,1
2885,HighDiv_1475-1_out,-7.879,O=C(c1cc(O)c(O)c([S-])c1)[C@@H](O)CF,HighDiv,HighDiv_1475,1
2886,Druglike_1389-1_out,-7.878,C[C@H](C(=O)[O-])c1cc(CF)cc(NC(N)=O)c1,Druglike,Druglike_1389,1
2887,Druglike_1225-1_out,-7.878,N[C@@](O)(/C=C/C1=C(CO)OCC1=O)c1ccccc1,Druglike,Druglike_1225,1
2888,Druglike_1169-1_out,-7.878,C=Cc1coc(CO)c1-c1cc(COCC)c(=O)[nH]n1,Druglike,Druglike_1169,1
2889,HighDiv_488-1_out,-7.878,NOc1cc(C(=O)[O-])cc(CCN[SH](=O)=O)c1Br,HighDiv,HighDiv_488,1
2890,HighDiv_282-1_out,-7.877,COCC(=O)c1cc([O-])c(Br)c(N(O)C(C)=O)c1,HighDiv,HighDiv_282,1
2891,Druglike_1533-1_out,-7.877,C[C@@H](/C=C(\CC(=O)[O-])c1cnn[nH]1)c1nnn[n-]1,Druglike,Druglike_1533,1
2892,HighDiv_1120-1_out,-7.876,Cc1cc(I)c([S-])cc1C(=O)NCC#CC(=O)[O-],HighDiv,HighDiv_1120,1
2893,HighDiv_1177-1_out,-7.876,NN[C@H](/C=C/CC/C=C/c1nnc([S-])o1)c1cn[nH]c1,HighDiv,HighDiv_1177,1
2894,HighDiv_441-1_out,-7.876,O=C(C#CCNC(=O)c1cc([S-])c(I)cc1[S-])c1nnco1,HighDiv,HighDiv_441,1
2895,HighDiv_330-1_out,-7.876,C/C=C/Cc1cc(C(=O)[O-])cc(ON)c1Br,HighDiv,HighDiv_330,1
2896,Druglike_918-1_out,-7.875,CC[C@H](C#CC(=O)C1=CCC=C(C(N)=O)O1)C[NH3+],Druglike,Druglike_918,1
2897,HighDiv_1993-1_out,-7.874,CCCCCCc1nc(C(=O)NN)[n-]c1[N+](=O)[O-],HighDiv,HighDiv_1993,1
2898,HighDiv_245-1_out,-7.873,NOc1cc(C(=O)[O-])cc(OC(=O)CCC[NH3+])c1Br,HighDiv,HighDiv_245,1
2899,HighDiv_1544-1_out,-7.872,CCCNC(=O)C#Cc1c(CBr)[nH]cc(O)c1=O,HighDiv,HighDiv_1544,1
2900,HighDiv_1014-2_out,-7.871,[NH3+]NC/C=C/c1cc(O)cc(N2CCNC2=O)c1,HighDiv,HighDiv_1014,2
2901,HighDiv_995-1_out,-7.871,CC[C@H](O)CC#Cc1cc(O)cc(O)c1,HighDiv,HighDiv_995,1
2902,Druglike_2034-1_out,-7.871,[NH3+]Cc1cnc(C#C[C@H](CCl)C(=O)[O-])cc1I,Druglike,Druglike_2034,1
2903,HighDiv_460-1_out,-7.869,O=C([O-])Cc1nc(-c2ncc(CCl)cc2I)n[nH]1,HighDiv,HighDiv_460,1
2904,HighDiv_595-2_out,-7.869,NC(=O)c1cc(N=O)c(Br)c(N[C@H](N)[NH3+])c1,HighDiv,HighDiv_595,2
2905,Druglike_1223-1_out,-7.868,C=Cc1coc(CO)c1-c1cc(C[NH2+]C)c(=O)[nH]n1,Druglike,Druglike_1223,1
2906,Druglike_1646-1_out,-7.868,Nc1ccc(C2=CCC=C(CO)O2)cc1CO,Druglike,Druglike_1646,1
2907,Druglike_626-1_out,-7.867,Oc1cc(CCCCCl)cc(-c2cn[nH]n2)c1,Druglike,Druglike_626,1
2908,Druglike_1168-1_out,-7.867,O=c1ccc(-c2oc(CCCCl)nc2CO)n[nH]1,Druglike,Druglike_1168,1
2909,Druglike_451-1_out,-7.866,O=C([O-])Cc1nn(CCCl)cc1CCNC1=[NH+]CCC1,Druglike,Druglike_451,1
2910,Druglike_1420-1_out,-7.866,NC(=O)Nc1ccc(/C=C/COCCl)c(CC(=O)[O-])c1,Druglike,Druglike_1420,1
2911,Druglike_428-1_out,-7.865,O=C([O-])c1nonc1-c1cc([O-])[nH]n1,Druglike,Druglike_428,1
2912,Druglike_1280-1_out,-7.865,CC1=C(/C(=C\Cc2cc(O)no2)CN)O[C@H](C(=O)CBr)C1,Druglike,Druglike_1280,1
2913,HighDiv_518-1_out,-7.864,CN[C@@H](F)C(=O)c1cc([O-])c(Br)c(N=O)c1,HighDiv,HighDiv_518,1
2914,Druglike_1521-2_out,-7.864,C/C=C/c1cc(-c2c[nH]c(CCCCCC[NH3+])n2)c(C[NH3+])[nH]1,Druglike,Druglike_1521,2
2915,Druglike_1847-1_out,-7.864,O=c1cc(CCO)[nH]c(-c2nnc(CO)o2)c1,Druglike,Druglike_1847,1
2916,Druglike_1647-2_out,-7.864,[NH3+]Cc1[nH]c(CO)cc1-c1c[nH]c(CCCCCCl)n1,Druglike,Druglike_1647,2
2917,Druglike_1284-1_out,-7.864,CCCCCc1nnc(/C(=C\c2nnn[n-]2)CO)o1,Druglike,Druglike_1284,1
2918,HighDiv_973-1_out,-7.863,O[C@@H](C#Cc1cc(S)c([S-])cc1Br)C1=NOCN1,HighDiv,HighDiv_973,1
2919,Druglike_538-1_out,-7.863,Oc1cc(CBr)cc(-c2cn[nH]n2)c1,Druglike,Druglike_538,1
2920,HighDiv_615-1_out,-7.863,Fc1cc([S-])c(Br)c(Nc2cncc(O[C@@H]3CCOC3)c2)c1,HighDiv,HighDiv_615,1
2921,Druglike_1430-1_out,-7.863,OC/C=C(\c1cncc(N[C@H](Cl)CBr)n1)c1cnn[nH]1,Druglike,Druglike_1430,1
2922,HighDiv_2246-1_out,-7.862,O=C(CCn1cc[nH]c1=O)OCc1cc(Br)c(I)cc1[S-],HighDiv,HighDiv_2246,1
2923,Druglike_1390-1_out,-7.862,C=C[C@H](C(=O)[O-])c1cccc(NC(N)=O)c1,Druglike,Druglike_1390,1
2924,Druglike_1596-2_out,-7.862,CCc1nc(-c2cc(C(C)=O)[nH]c2C[NH3+])c[nH]1,Druglike,Druglike_1596,2
2925,HighDiv_795-1_out,-7.861,O=C([O-])c1nc(CO)c(C/C=C/c2nc[nH]n2)o1,HighDiv,HighDiv_795,1
2926,Druglike_882-1_out,-7.861,O=C([O-])Nc1ccc(-c2c[nH]nn2)cc1O,Druglike,Druglike_882,1
2927,Druglike_613-1_out,-7.86,Oc1cc(CCCCF)cc(-c2cn[nH]n2)c1,Druglike,Druglike_613,1
2928,HighDiv_2091-1_out,-7.86,O=C(CC1CCCC1)NOc1c(I)[nH]cc([O-])c1=S,HighDiv,HighDiv_2091,1
2929,Druglike_1018-1_out,-7.86,O=C(CCO)[C@@H](/C=C/c1ccc(Cl)c(Cl)c1)NCO,Druglike,Druglike_1018,1
2930,HighDiv_378-1_out,-7.859,NOc1cc(C(=O)[O-])cc(CC[NH2+]CCCBr)c1Br,HighDiv,HighDiv_378,1
2931,HighDiv_164-1_out,-7.858,NOc1cc(C(=O)[O-])cc(OC/C=C/CF)c1Br,HighDiv,HighDiv_164,1
2932,HighDiv_1678-1_out,-7.858,COC(=O)/C=C/c1cc(O)cc(-n2cc(Br)c(C[NH3+])n2)c1CO,HighDiv,HighDiv_1678,1
2933,HighDiv_2137-1_out,-7.858,C=C[C@@H](C)c1[nH+]c(/C=C/c2c([S-])ccnc2I)[nH]c1CON,HighDiv,HighDiv_2137,1
2934,Druglike_651-1_out,-7.857,OCC/C=C/c1cc(O)cc(-c2c[nH]nn2)c1,Druglike,Druglike_651,1
2935,HighDiv_376-1_out,-7.857,C/C=C/c1c(O)cc(N2CCNC2=O)cc1C#CCCNO,HighDiv,HighDiv_376,1
2936,Druglike_477-1_out,-7.857,Nc1ccc(OC(F)F)cc1/C=C/C[NH2+]CCO,Druglike,Druglike_477,1
2937,Druglike_898-1_out,-7.857,Nc1ccc(C[C@@H]([NH3+])c2ccco2)cc1/C=C/C[NH2+]CCO,Druglike,Druglike_898,1
2938,HighDiv_553-2_out,-7.856,C=CC(=O)/C=C(\C[O-])C(=O)c1cc(N=O)c(Br)cc1[O-],HighDiv,HighDiv_553,2
2939,HighDiv_310-1_out,-7.856,C=Cc1nc(-c2nc(CC(=O)[O-])n[nH]2)c(I)cc1C(C)=[NH2+],HighDiv,HighDiv_310,1
2940,HighDiv_636-1_out,-7.856,C/C=C(C)/C=C/Cc1oc(C(=O)[O-])nc1CO,HighDiv,HighDiv_636,1
2941,Druglike_294-1_out,-7.856,CC#CC[C@H](N)c1[nH]c(=O)ncc1C(=O)[O-],Druglike,Druglike_294,1
2942,Druglike_845-1_out,-7.855,CC/C=C/Cn1ccc(CO)c1-c1nnn[n-]1,Druglike,Druglike_845,1
2943,Druglike_703-2_out,-7.854,C#Cc1ccc(O)cc1-c1cnn[nH]1,Druglike,Druglike_703,2
2944,HighDiv_1028-1_out,-7.853,C=C[C@@H](C#Cc1cc(O)cc(O)c1)S(=O)(=O)[O-],HighDiv,HighDiv_1028,1
2945,Druglike_952-1_out,-7.852,C=C(COC(=O)CBr)CC(=O)c1nc(N)c2cn[nH]c2n1,Druglike,Druglike_952,1
2946,Druglike_1995-1_out,-7.852,C[C@@H]([NH3+])/C=C/c1cc(C(=O)[O-])[nH]c1C(=O)[O-],Druglike,Druglike_1995,1
2947,HighDiv_1010-1_out,-7.852,O=C1NCCN1c1cc(O)cc(CCI)c1,HighDiv,HighDiv_1010,1
2948,HighDiv_291-1_out,-7.851,CCOCN[C@H](Cl)Cc1cc(C(=O)N=O)cc(CO)c1Br,HighDiv,HighDiv_291,1
2949,HighDiv_948-1_out,-7.848,O=[N+]([O-])c1ccc(C#C[C@@H](O)CO)c(Cl)c1Cl,HighDiv,HighDiv_948,1
2950,HighDiv_98-1_out,-7.847,CC#C[C@H]([NH3+])Cc1cc(C(=O)[O-])cc(ON)c1Br,HighDiv,HighDiv_98,1
2951,Druglike_1688-2_out,-7.847,CCCCCCc1nc(-c2cc(CC[NH3+])[nH]c2C[NH3+])c[nH]1,Druglike,Druglike_1688,2
2952,HighDiv_845-1_out,-7.846,O=Nc1cc(C(=O)CCl)cc(OC[C@@H](O)CO)c1Br,HighDiv,HighDiv_845,1
2953,Druglike_578-1_out,-7.846,C/C=C/C(=O)[C@H](OC(=O)c1ccccc1N)c1nnc(CO)o1,Druglike,Druglike_578,1
2954,HighDiv_682-1_out,-7.846,O=C(C#CCNC(=O)c1cc([S-])c(I)cc1[S-])c1ncco1,HighDiv,HighDiv_682,1
2955,Druglike_915-1_out,-7.846,O=C([O-])Cc1nn(CF)cc1CCNC1=[NH+]CCC1,Druglike,Druglike_915,1
2956,Druglike_1844-1_out,-7.845,N[C@@H]([NH3+])NCCc1ccc(I)c(C(=O)Oc2ccc(Cl)c(O)c2)c1,Druglike,Druglike_1844,1
2957,HighDiv_1852-1_out,-7.845,NOC(=O)n1c(-c2c[nH]cn2)cnc1Cc1ccccc1,HighDiv,HighDiv_1852,1
2958,Druglike_492-1_out,-7.843,COCc1ncc(/C=C/[C@@H]2C=C(C[NH3+])C=C(CO)N2)cc1Br,Druglike,Druglike_492,1
2959,Druglike_1682-1_out,-7.842,CC/C=C/c1nnc(C2=COC=C(CCCNC[NH3+])C2)[nH]1,Druglike,Druglike_1682,1
2960,Druglike_1437-1_out,-7.842,C=CCc1ccc(NC(N)=O)cc1CC(=O)[O-],Druglike,Druglike_1437,1
2961,Druglike_807-2_out,-7.842,CC(C)=Cc1[nH]nnc1-c1n[nH]cc1CO,Druglike,Druglike_807,2
2962,Druglike_1942-1_out,-7.841,[NH3+][C@@H](C/C=C(\C(=O)[O-])C1=NOCN1)c1nc(CF)n[n-]1,Druglike,Druglike_1942,1
2963,HighDiv_1842-1_out,-7.839,C[NH2+]Cc1c(Br)c(C(=O)c2cc[nH]c2)nn1C(=O)[O-],HighDiv,HighDiv_1842,1
2964,Druglike_338-1_out,-7.838,NCC#CC(=O)C1=CCC(CCl)=C(C(=O)[O-])O1,Druglike,Druglike_338,1
2965,HighDiv_229-1_out,-7.838,C[C@H](C[NH3+])C(=O)c1cc(N=O)c(Br)c(N[C@@H](N)[NH3+])c1,HighDiv,HighDiv_229,1
2966,HighDiv_695-1_out,-7.838,C=CCC(=O)[C@H](CCO)CCc1c(O)ccc(Cl)c1Cl,HighDiv,HighDiv_695,1
2967,Druglike_506-1_out,-7.838,C=C(c1ccco1)c1o[n-]c(=O)c1CC(=O)[O-],Druglike,Druglike_506,1
2968,HighDiv_517-1_out,-7.838,O=C1NCCN1c1cc(O)cc(CSCCS(=O)(=O)CCCO)c1,HighDiv,HighDiv_517,1
2969,HighDiv_2217-1_out,-7.836,COc1ccc([N+](=O)[O-])c(NC(N)=O)c1,HighDiv,HighDiv_2217,1
2970,HighDiv_820-1_out,-7.836,O=Nc1cc(C(=O)/C(=C/CCO)CO)c([O-])cc1Br,HighDiv,HighDiv_820,1
2971,HighDiv_823-1_out,-7.835,N[C@@H]([NH3+])NCCC(=O)c1cc(N=O)c(Br)cc1N=O,HighDiv,HighDiv_823,1
2972,HighDiv_2263-1_out,-7.834,CC/C=C(/CCS)c1nc(/C=C/c2c([S-])ccnc2I)no1,HighDiv,HighDiv_2263,1
2973,HighDiv_1078-1_out,-7.834,CC/C=N/c1cc(C(=O)[O-])cc(ON)c1Br,HighDiv,HighDiv_1078,1
2974,Druglike_756-1_out,-7.833,C#CC[C@H](Cl)c1nc(=O)[nH]cc1C(=O)[O-],Druglike,Druglike_756,1
2975,Druglike_322-1_out,-7.832,O=C1C=C(CCO)[C@@H](/C=C/c2cncc(Br)c2)N1,Druglike,Druglike_322,1
2976,Druglike_1410-1_out,-7.832,C#C[C@H](N)c1cc(C(=O)[O-])cc(C(=O)[O-])c1,Druglike,Druglike_1410,1
2977,Druglike_2018-1_out,-7.832,C=C(C(=O)[O-])c1ccc(-c2nc[nH]n2)c(O)c1,Druglike,Druglike_2018,1
2978,Druglike_1484-1_out,-7.832,C=C(C(=O)[O-])c1ccc(CN[C@@H]2C=NOC2)c(Br)c1,Druglike,Druglike_1484,1
2979,Druglike_1261-1_out,-7.831,C[NH2+]Cc1c(C/C=C(/CO)C2=CC[C@@H](C(=O)CBr)O2)o[n-]c1=O,Druglike,Druglike_1261,1
2980,HighDiv_2226-1_out,-7.831,NOc1c(F)cccc1-c1c[nH]cn1,HighDiv,HighDiv_2226,1
2981,HighDiv_1412-1_out,-7.831,NCc1[nH+]c(CC[N+](=O)[O-])c([O-])cc1C#CCCC[NH3+],HighDiv,HighDiv_1412,1
2982,HighDiv_2139-1_out,-7.831,O=C(CC(=O)O[C@@H](C(=O)[O-])c1ccc(I)c(O)c1)NO,HighDiv,HighDiv_2139,1
2983,HighDiv_1559-1_out,-7.829,CC#CC[C@@H](Cl)Cc1oc(=O)cc(C(=O)[O-])c1CO,HighDiv,HighDiv_1559,1
2984,Druglike_1971-1_out,-7.829,O=C([O-])/C(=C/c1ncn[nH]1)c1cccc(O)c1,Druglike,Druglike_1971,1
2985,HighDiv_1046-1_out,-7.828,NOC/C=C/[C@@H](/C=C/c1c(F)ccc(Br)c1N)c1nnco1,HighDiv,HighDiv_1046,1
2986,HighDiv_1142-1_out,-7.827,O=Nc1cc(C(=O)[C@@H](F)CCO)cc([O-])c1Br,HighDiv,HighDiv_1142,1
2987,HighDiv_1996-1_out,-7.827,C[n+]1cc([C@H](O)CC#Cc2cc(I)ccn2)sc1N,HighDiv,HighDiv_1996,1
2988,Druglike_1077-1_out,-7.826,N[C@H](O)c1ncc(C(=O)c2ccc(I)c(I)c2)[nH]1,Druglike,Druglike_1077,1
2989,HighDiv_1043-1_out,-7.826,O=C1NCCN1c1cc(O)cc(CBr)c1,HighDiv,HighDiv_1043,1
2990,Druglike_1201-1_out,-7.826,O=C(c1cc(CO)c(Cl)cn1)[C@H]1C=C(CO)C=CC1,Druglike,Druglike_1201,1
2991,Druglike_782-1_out,-7.825,Oc1cc(CCl)cc(-c2cn[nH]n2)c1,Druglike,Druglike_782,1
2992,HighDiv_1209-1_out,-7.825,O=C(CO)c1cc(O)c([O-])c(-n2cnnc2[S-])c1,HighDiv,HighDiv_1209,1
2993,HighDiv_765-1_out,-7.825,C[C@@](O)(/C=C/C(=O)NO)CCOC(=O)c1ccccn1,HighDiv,HighDiv_765,1
2994,HighDiv_903-1_out,-7.824,CONC/C=C/Cc1cc(C(=O)[O-])oc1[N+](=O)[O-],HighDiv,HighDiv_903,1
2995,HighDiv_1577-1_out,-7.823,C[C@H](F)NC(=O)C#Cc1c(C[SH](=O)=O)[nH]cc(O)c1=O,HighDiv,HighDiv_1577,1
2996,HighDiv_963-1_out,-7.823,O=[N+]([O-])[CH-]c1ccc(C#C[C@@H](O)CO)c(Cl)c1Cl,HighDiv,HighDiv_963,1
2997,Druglike_819-1_out,-7.823,CCC#Cc1ccc([C@@H](O)CCc2cn[nH]n2)nc1I,Druglike,Druglike_819,1
2998,HighDiv_1026-1_out,-7.823,C[NH2+]C/C=C(\CNCF)C(=O)c1cc(N=O)c(Br)cc1[O-],HighDiv,HighDiv_1026,1
2999,Druglike_716-1_out,-7.822,CCC[NH2+]Cc1cc(/C=C/C[C@H]2C=COC2)c(C[NH3+])[nH]1,Druglike,Druglike_716,1
3000,Druglike_1158-1_out,-7.821,Nc1cc(I)ccc1/C=C/[C@H](NC(=O)CCO)c1cn[nH]n1,Druglike,Druglike_1158,1
3001,HighDiv_1433-1_out,-7.821,O=Nc1c([O-])cnc(CO)c1-c1co[n-]c1=O,HighDiv,HighDiv_1433,1
3002,HighDiv_1037-1_out,-7.821,NOc1cc(C(=O)[O-])cc(/C=C/CCO)c1Br,HighDiv,HighDiv_1037,1
3003,HighDiv_1788-1_out,-7.82,CS[C@@H](CCc1ccc(NC(N)=O)c(Cl)c1)C(=O)[O-],HighDiv,HighDiv_1788,1
3004,Druglike_1850-2_out,-7.82,[NH3+]Cc1[nH]c(C(=O)[O-])cc1C(=O)C[C@H]1CC[N@H+]1CCl,Druglike,Druglike_1850,2
3005,HighDiv_1839-1_out,-7.82,C/C=C(\C)c1cc(F)cc(O)c1O,HighDiv,HighDiv_1839,1
3006,HighDiv_942-1_out,-7.819,[NH3+]Cc1ccccc1CC[C@H](O)/C=C/C(=O)NO,HighDiv,HighDiv_942,1
3007,HighDiv_2213-2_out,-7.819,NOc1c(F)cc(OCCO)cc1-c1cnc[nH]1,HighDiv,HighDiv_2213,2
3008,Druglike_638-1_out,-7.819,Oc1cc2c(cc1CC[NH2+]CC[C@@H](O)CBr)NCO2,Druglike,Druglike_638,1
3009,Druglike_1241-1_out,-7.818,[NH3+]CCNC(=O)c1oc(Br)cc1CCCNC1=[NH+]CCCO1,Druglike,Druglike_1241,1
3010,HighDiv_348-1_out,-7.818,C=C(C[NH3+])c1cc(O)cc(N2CCNC2=O)c1,HighDiv,HighDiv_348,1
3011,Druglike_1591-1_out,-7.817,CCCCC#C[C@H](C(=O)[O-])c1[nH]ncc1Br,Druglike,Druglike_1591,1
3012,Druglike_1090-1_out,-7.817,O=C(c1c[nH]c(CO)c1)c1ncc(/C=C/c2ccc(I)c(Cl)c2)cn1,Druglike,Druglike_1090,1
3013,Druglike_253-1_out,-7.817,C=C(c1n[nH]cc1Cl)c1o[n-]c(=O)c1CC(=O)[O-],Druglike,Druglike_253,1
3014,HighDiv_1116-1_out,-7.816,O=C([O-])CSCCc1cc(O)cc(N2CCNC2=O)c1,HighDiv,HighDiv_1116,1
3015,Druglike_776-1_out,-7.815,CCn1c(C#Cc2n[nH]c(COC[NH3+])n2)nnc1CO,Druglike,Druglike_776,1
3016,HighDiv_1727-1_out,-7.814,[H]/N=C\Cc1cc([N+](=O)[O-])cc([N+](=O)[O-])c1[S-],HighDiv,HighDiv_1727,1
3017,Druglike_1515-1_out,-7.814,NCC#Cc1c(C(=O)[O-])noc1-c1ccco1,Druglike,Druglike_1515,1
3018,Druglike_487-1_out,-7.814,O=c1[n-]nc(-c2ccc(Cl)c(O)c2)o1,Druglike,Druglike_487,1
3019,Druglike_665-1_out,-7.813,C=Cc1c(Br)ccnc1-c1oc(C(=O)[O-])nc1C(N)=O,Druglike,Druglike_665,1
3020,HighDiv_261-1_out,-7.811,NOc1cc(C(=O)[O-])cc(OC(=O)CCCF)c1Br,HighDiv,HighDiv_261,1
3021,Druglike_1627-1_out,-7.81,[NH3+][C@@H](/C=C/c1n[nH]cc1C(=O)[O-])C1=CCNN1,Druglike,Druglike_1627,1
3022,HighDiv_1190-1_out,-7.809,[NH3+]CCCC#Cc1cc(O)cc(C#CCC[SH](=O)=O)c1,HighDiv,HighDiv_1190,1
3023,HighDiv_523-1_out,-7.809,[NH3+]Cc1cc(C(=O)[C@H]2C=CNC=N2)cc(N=O)c1Br,HighDiv,HighDiv_523,1
3024,Druglike_645-1_out,-7.808,C=C(c1ccn[nH]1)c1o[n-]c(=O)c1CC(N)=O,Druglike,Druglike_645,1
3025,HighDiv_1430-1_out,-7.808,[O-]c1c[nH+]cc(-c2ccc(I)cc2)c1CS,HighDiv,HighDiv_1430,1
3026,HighDiv_489-1_out,-7.806,CCCCc1cc(C(=O)[O-])cc(ON)c1Br,HighDiv,HighDiv_489,1
3027,HighDiv_2067-1_out,-7.806,CSCCCc1nc(-c2cccc(F)c2ON)c[nH]1,HighDiv,HighDiv_2067,1
3028,Druglike_625-1_out,-7.806,O=C([O-])Cc1c(C(=O)Cc2cc(=O)[n-]o2)o[n-]c1=O,Druglike,Druglike_625,1
3029,Druglike_388-1_out,-7.805,CCC1=C(C(=O)[O-])OC(C(=O)C#CCN)=CC1,Druglike,Druglike_388,1
3030,HighDiv_1913-1_out,-7.804,O=C(Cc1ccc(S[S-])c(O)c1I)OC[C@@H]1NC=NO1,HighDiv,HighDiv_1913,1
3031,Druglike_693-1_out,-7.804,C=CC[NH2+]Cc1ccc(Cc2cc(C(=O)[O-])c[nH]2)c(C(C)=O)c1,Druglike,Druglike_693,1
3032,HighDiv_1191-1_out,-7.804,CC(=O)/C=C\c1cc(O)cc(C#C[C@@H]([NH3+])CO)c1,HighDiv,HighDiv_1191,1
3033,Druglike_979-1_out,-7.804,O=C([O-])C#Cc1ccc(-c2cc(O)n[nH]2)cc1I,Druglike,Druglike_979,1
3034,HighDiv_1808-1_out,-7.803,OCCc1[nH]c(CO)nc1-c1cc(O)c(CCl)c(F)c1,HighDiv,HighDiv_1808,1
3035,HighDiv_1472-1_out,-7.803,NNCCC(=O)c1cc(O)c(O)c(Oc2cc[nH]n2)c1,HighDiv,HighDiv_1472,1
3036,HighDiv_2322-1_out,-7.803,Nc1ncc([C@H](O)CC#Cc2[nH]cnc2Cl)s1,HighDiv,HighDiv_2322,1
3037,Druglike_1523-1_out,-7.802,[NH3+]CCCc1c(C(=O)/C=C/C2=CNC=CC2)n[nH]c1[O-],Druglike,Druglike_1523,1
3038,HighDiv_453-1_out,-7.802,[NH3+]Cc1cc(C(=O)CO)cc(N=O)c1Br,HighDiv,HighDiv_453,1
3039,Druglike_1014-2_out,-7.802,O=C([O-])[C@H](c1cnc[nH]1)n1ccc2c(O)cccc21,Druglike,Druglike_1014,2
3040,HighDiv_2149-1_out,-7.802,[NH3+]CNCC[C@@H](/C=C/c1cc(F)cc(F)c1O)NO,HighDiv,HighDiv_2149,1
3041,Druglike_798-1_out,-7.8,C/C=C/C([O-])=C\C(=O)c1o[n-]c(=O)c1CC(=O)[O-],Druglike,Druglike_798,1
3042,HighDiv_231-1_out,-7.799,C=Cc1c(O)cc(N2CCNC2=O)cc1CCS,HighDiv,HighDiv_231,1
3043,HighDiv_590-1_out,-7.799,CCC/C(C#CCc1oc(C(=O)[O-])nc1CO)=C/CCO,HighDiv,HighDiv_590,1
3044,Druglike_402-1_out,-7.799,OC[C@H](/C=C/c1nnc[nH]1)c1cc(Br)c(I)cn1,Druglike,Druglike_402,1
3045,HighDiv_1800-1_out,-7.799,O=[N+]([O-])c1ncn(C[C@H](O)c2nnc([S-])o2)c1CNO,HighDiv,HighDiv_1800,1
3046,Druglike_1429-1_out,-7.797,Cc1ccc(NC(N)=O)cc1CC(=O)[O-],Druglike,Druglike_1429,1
3047,HighDiv_1782-1_out,-7.797,C=C[C@H](CC)[NH2+]CC#Cc1c(C[NH3+])ccc(S)c1[S-],HighDiv,HighDiv_1782,1
3048,Druglike_1559-1_out,-7.797,O=C([O-])c1noc(C2=CCOC2)c1C#CCO,Druglike,Druglike_1559,1
3049,HighDiv_829-1_out,-7.796,C/C(=C\C[NH3+])C(=O)c1cc(N=O)c(Br)cc1[O-],HighDiv,HighDiv_829,1
3050,HighDiv_940-1_out,-7.795,[NH3+]Cc1cc(C/C=C/C[C@@]2(O)CC[NH2+]C2)ccc1I,HighDiv,HighDiv_940,1
3051,HighDiv_538-1_out,-7.795,C=CC1=NOCN1c1ccc(SCS(=O)(=O)[O-])cc1O,HighDiv,HighDiv_538,1
3052,HighDiv_191-1_out,-7.795,C/C=C/C(=O)c1cc(N=O)c(Br)c([C@@H](O)C(=O)[O-])c1,HighDiv,HighDiv_191,1
3053,HighDiv_471-1_out,-7.795,O=C1NCCN1c1cc(O)cc(CCCCSCF)c1,HighDiv,HighDiv_471,1
3054,Druglike_1875-1_out,-7.794,CC(=O)c1ccc(O)cc1C#CC(=O)OC[C@H](O)Br,Druglike,Druglike_1875,1
3055,HighDiv_2043-2_out,-7.794,C#CCc1[nH]c(CC(=O)[O-])nc1-c1cccc(F)c1ON,HighDiv,HighDiv_2043,2
3056,HighDiv_1141-1_out,-7.793,C=C(C[NH2+]CCN[NH3+])C(=O)c1cc(N=O)c(Br)cc1[O-],HighDiv,HighDiv_1141,1
3057,Druglike_1408-1_out,-7.793,O=C([O-])c1ccn(C[C@@H](Cl)c2cnon2)c1C#CCO,Druglike,Druglike_1408,1
3058,HighDiv_1396-1_out,-7.793,Cc1cc(O)c(O)cc1C(=O)c1nnc([S-])[nH]1,HighDiv,HighDiv_1396,1
3059,Druglike_1879-1_out,-7.792,[NH3+]C[C@@H](/C=C/Cc1ccncc1Br)c1cc(=O)[n-]o1,Druglike,Druglike_1879,1
3060,Druglike_1362-1_out,-7.792,CCCOCCc1nc(CO)c(-c2ccc(=O)[nH]n2)o1,Druglike,Druglike_1362,1
3061,Druglike_2023-1_out,-7.791,C/C=C/c1nnc(-c2cc(CO)ncc2CO)o1,Druglike,Druglike_2023,1
3062,Druglike_407-1_out,-7.791,OCC#Cc1ccc([C@@H](O)CCc2cn[nH]n2)nc1I,Druglike,Druglike_407,1
3063,HighDiv_1002-2_out,-7.79,COCC(=O)c1cc([O-])c(Br)c(OCC(N)=S)c1,HighDiv,HighDiv_1002,2
3064,HighDiv_1722-1_out,-7.79,C#CC[NH2+]CCC[C@@H](C#Cc1cc([S-])ccc1I)NO,HighDiv,HighDiv_1722,1
3065,HighDiv_1440-1_out,-7.789,O=C([O-])n1cc([N+](=O)[O-])c(C#CCCS)n1,HighDiv,HighDiv_1440,1
3066,HighDiv_929-1_out,-7.788,[NH3+]CC[C@H](F)C#Cc1cc(O)cc(C#CCC[SH](=O)=O)c1,HighDiv,HighDiv_929,1
3067,HighDiv_424-1_out,-7.787,[NH3+]CCONC/C=C/[C@@H](C#Cc1cccc(O)c1)CCO,HighDiv,HighDiv_424,1
3068,Druglike_1322-1_out,-7.787,O=C([O-])c1nnc2cnc([C@H](O)F)cn12,Druglike,Druglike_1322,1
3069,Druglike_439-1_out,-7.787,OCC[C@@H](O)c1nc(C#Cc2nnc(CBr)[n-]2)n[nH]1,Druglike,Druglike_439,1
3070,Druglike_312-1_out,-7.783,[NH3+]CCC1=CC(=O)N[C@@H]1/C=C/c1cncc(Br)c1,Druglike,Druglike_312,1
3071,Druglike_2032-1_out,-7.782,O=C(Cc1cc(C(=O)[O-])ccc1C(=O)[O-])NCCF,Druglike,Druglike_2032,1
3072,HighDiv_392-1_out,-7.781,O=Nc1cc(C(=O)[O-])cc(CO)c1Br,HighDiv,HighDiv_392,1
3073,HighDiv_1016-1_out,-7.781,[NH3+]COCCSCCc1cc(O)cc(N2CCNC2=O)c1,HighDiv,HighDiv_1016,1
3074,Druglike_2013-1_out,-7.781,C=C(C(=O)OCCCF)c1c[nH]c2nc(C[NH3+])cnc12,Druglike,Druglike_2013,1
3075,HighDiv_1657-1_out,-7.779,O=Nc1c(CO)ccc2c1C(=O)/C(=C\[C@@H]1NCC[NH2+]1)O2,HighDiv,HighDiv_1657,1
3076,HighDiv_1137-1_out,-7.778,NC(=S)Nc1cc(O)c([S-])c(CC(=O)[O-])c1,HighDiv,HighDiv_1137,1
3077,Druglike_545-1_out,-7.778,O=C([O-])Cc1cccc(O)c1/C=C/[C@@H]1CNC(=O)N1,Druglike,Druglike_545,1
3078,HighDiv_246-1_out,-7.778,C=C(C[C@H]([S-])Cl)C(=O)c1cc(N=O)c(Br)cc1[O-],HighDiv,HighDiv_246,1
3079,Druglike_618-1_out,-7.778,O=C([O-])Cc1c(CC2=NCC=CN2)o[n-]c1=O,Druglike,Druglike_618,1
3080,HighDiv_726-1_out,-7.777,NCc1c[n+](C[C@@H](O)c2ccc(C[NH3+])c(I)c2)c(N)s1,HighDiv,HighDiv_726,1
3081,HighDiv_1029-1_out,-7.777,C[NH2+]Cc1noc(-c2cc(O)c(F)cc2O)n1,HighDiv,HighDiv_1029,1
3082,Druglike_777-1_out,-7.777,O=C(c1cc(CBr)c(O)cn1)c1noc(=O)[nH]1,Druglike,Druglike_777,1
3083,HighDiv_422-1_out,-7.777,NOCc1cc(C(=O)[C@@H]2CC(=O)N2)cc(N=O)c1Br,HighDiv,HighDiv_422,1
3084,Druglike_1005-1_out,-7.776,O=C([O-])c1c[nH]c(-c2cnon2)c1C(=O)[O-],Druglike,Druglike_1005,1
3085,HighDiv_1570-1_out,-7.775,O=[N+]([O-])c1cnc(CONC[C@H](Cl)Cc2csnn2)[nH]1,HighDiv,HighDiv_1570,1
3086,Druglike_1173-1_out,-7.775,O=c1ccc(-c2oc(COCCCBr)nc2CO)n[nH]1,Druglike,Druglike_1173,1
3087,Druglike_871-1_out,-7.775,CCCC1=C(C(=O)CC(=O)[O-])OC(C(=O)N/C=C\CBr)=CC1,Druglike,Druglike_871,1
3088,Druglike_916-1_out,-7.773,C[NH2+]C/C=C/C1=NC(C(=O)c2nnco2)=C[C@@H](CO)[N-]1,Druglike,Druglike_916,1
3089,Druglike_1678-1_out,-7.773,CCC[C@@H](N)C#CC(=O)c1cc([O-])[nH]n1,Druglike,Druglike_1678,1
3090,HighDiv_591-1_out,-7.772,O=C([O-])c1ccc(N2CCNC2=O)cc1O,HighDiv,HighDiv_591,1
3091,Druglike_1955-2_out,-7.771,C/C=C(\c1nnc(C[NH2+]CC(=O)[O-])[n-]1)[C@@H]1NC=NO1,Druglike,Druglike_1955,2
3092,HighDiv_686-1_out,-7.77,CC(=O)c1cc(C(=O)[O-])cc(ON)c1Br,HighDiv,HighDiv_686,1
3093,HighDiv_950-1_out,-7.77,C=C[C@H](C#CCSc1cc(O)cc([S-])c1)N=O,HighDiv,HighDiv_950,1
3094,Druglike_187-1_out,-7.77,C=CCNC(=O)c1nccc(-c2nonc2CO)n1,Druglike,Druglike_187,1
3095,HighDiv_926-1_out,-7.77,NOc1cc(C(=O)[O-])cc(CC(=O)CCO)c1Br,HighDiv,HighDiv_926,1
3096,HighDiv_188-1_out,-7.77,O=Nc1cc(C(=O)[C@@H](Cl)CO)cc([S-])c1Br,HighDiv,HighDiv_188,1
3097,Druglike_533-1_out,-7.769,C=CCc1ccc(-c2cn[nH]n2)cc1O,Druglike,Druglike_533,1
3098,HighDiv_1389-1_out,-7.768,CSCC(=O)c1cc(O)c(O)c(C2=CCC=C2)c1,HighDiv,HighDiv_1389,1
3099,HighDiv_1367-1_out,-7.767,O=[N+]([O-])c1c([O-])cc(-c2nnn[n-]2)cc1Br,HighDiv,HighDiv_1367,1
3100,HighDiv_2056-1_out,-7.766,C=CC(=O)O[C@@H](C(=O)[O-])c1ccc(I)c(O)c1,HighDiv,HighDiv_2056,1
3101,HighDiv_627-1_out,-7.766,O=C1NCCN1c1cc(O)cc(CCCCS)c1,HighDiv,HighDiv_627,1
3102,Druglike_854-1_out,-7.766,CCCc1ncc(-c2[nH]cc(C(=O)[O-])c2CO)o1,Druglike,Druglike_854,1
3103,Druglike_1956-1_out,-7.765,C#Cc1cc(C(=O)[O-])[nH]c1C(=O)[O-],Druglike,Druglike_1956,1
3104,Druglike_880-2_out,-7.764,OCc1nnc(C#Cc2n[nH]c(CCl)n2)n1CCl,Druglike,Druglike_880,2
3105,Druglike_213-2_out,-7.763,C=C(CCC)[C@H](O)c1[nH]c(=O)ncc1C(=O)[O-],Druglike,Druglike_213,2
3106,HighDiv_863-1_out,-7.762,O=Nc1cc(C(=O)/C(=C/C=S)CO)c([O-])cc1Br,HighDiv,HighDiv_863,1
3107,HighDiv_2129-1_out,-7.761,[O-]c1cnc(I)c(-c2cc(Br)ccn2)c1[S-],HighDiv,HighDiv_2129,1
3108,HighDiv_1883-1_out,-7.761,O=[P@@]([O-])(O)CCOC/C=C/c1c(O)cc(F)cc1Br,HighDiv,HighDiv_1883,1
3109,HighDiv_864-2_out,-7.76,NC/C=C(\CCl)C(=O)c1cc(N=O)c(Br)cc1[O-],HighDiv,HighDiv_864,2
3110,HighDiv_645-1_out,-7.759,O=NC(=O)c1cc(CO)c(Br)c(CCC(=O)[O-])c1,HighDiv,HighDiv_645,1
3111,HighDiv_202-1_out,-7.759,C/C=C/C[C@H](S)c1cc(C(=O)N=O)cc(CO)c1Br,HighDiv,HighDiv_202,1
3112,Druglike_421-1_out,-7.759,[NH3+]C/C=C/c1cc(O)cc(-n2cnnn2)c1,Druglike,Druglike_421,1
3113,Druglike_1465-2_out,-7.759,CCCCc1nc(-c2cc(CO)[nH]c2C[NH3+])c[nH]1,Druglike,Druglike_1465,2
3114,HighDiv_351-1_out,-7.757,O=Nc1cc(C(=O)[C@H](O)CCCO)cc(Cl)c1Br,HighDiv,HighDiv_351,1
3115,HighDiv_499-1_out,-7.755,C#Cc1cc(C(=O)[O-])cc(ON)c1Br,HighDiv,HighDiv_499,1
3116,Druglike_884-1_out,-7.754,O=C([O-])C1=CCC=C(C(=O)N/C=C\[C@@H](O)CCCO)O1,Druglike,Druglike_884,1
3117,Druglike_1378-1_out,-7.754,CC[C@H](C(=O)[O-])c1cc(/C=C/CCl)cc(NC(N)=O)c1,Druglike,Druglike_1378,1
3118,HighDiv_1133-1_out,-7.754,O=C([O-])CCCCNC(=O)c1ccc(I)c(CS)c1,HighDiv,HighDiv_1133,1
3119,HighDiv_904-1_out,-7.754,NNCc1cc(F)c(/C=C/[C@H](N)c2cnc([S-])s2)c(Br)c1,HighDiv,HighDiv_904,1
3120,Druglike_192-1_out,-7.753,[NH3+]CC1=C[C@@H](/C=C/c2cnc(CF)c(Br)c2)NC(CO)=C1,Druglike,Druglike_192,1
3121,HighDiv_727-1_out,-7.753,C=CC[NH2+]CNCc1cc(C(=O)OCNCC)cc(N=O)c1Br,HighDiv,HighDiv_727,1
3122,HighDiv_1379-1_out,-7.752,CCNC(=O)C#Cc1c(CBr)[nH]cc(O)c1=O,HighDiv,HighDiv_1379,1
3123,Druglike_457-1_out,-7.752,OCCC[C@@H](/C=C/c1cc(F)ccc1F)[NH2+]CO,Druglike,Druglike_457,1
3124,HighDiv_552-1_out,-7.751,C=C(N[C@@H]([S-])CO)C(=O)c1cc([O-])c(Br)c(Cl)c1,HighDiv,HighDiv_552,1
3125,HighDiv_358-1_out,-7.75,Cc1cc(I)c(-c2n[nH]c(CC(=O)[O-])n2)nc1C=S,HighDiv,HighDiv_358,1
3126,HighDiv_1817-1_out,-7.75,CC(=O)c1c[nH]cc1C(=O)c1ncc([N+](=O)[O-])[n-]1,HighDiv,HighDiv_1817,1
3127,HighDiv_1040-1_out,-7.749,O=Nc1cc(C(=O)[C@H]2CC[NH2+]C2)cc([O-])c1Br,HighDiv,HighDiv_1040,1
3128,HighDiv_2309-1_out,-7.749,NOc1c(F)cc(CCCS)cc1/C=C/C1CNNC1,HighDiv,HighDiv_2309,1
3129,HighDiv_311-1_out,-7.748,CSCc1cc(N2CCNC2=O)cc(O)c1O,HighDiv,HighDiv_311,1
3130,HighDiv_1857-1_out,-7.748,O=C([O-])C(=C\c1ccc(C(=O)[O-])cc1O)/C=C/[N+](=O)[O-],HighDiv,HighDiv_1857,1
3131,Druglike_403-1_out,-7.748,CCc1o[n-]c(=O)c1-c1cnc(C(=O)CO)o1,Druglike,Druglike_403,1
3132,HighDiv_2233-1_out,-7.748,CC(=O)Nc1cc([S-])c(CC#CCO)cc1Br,HighDiv,HighDiv_2233,1
3133,Druglike_557-1_out,-7.748,C=CC1=C(C(=O)[O-])C(c2n[nH]c(CO)n2)=CC1,Druglike,Druglike_557,1
3134,HighDiv_547-1_out,-7.748,C=C(CO)C(=O)c1cc(N=O)c(Br)cc1[O-],HighDiv,HighDiv_547,1
3135,Druglike_458-1_out,-7.747,C[C@H](O)C[NH2+]C/C=C/c1cc(F)ccc1F,Druglike,Druglike_458,1
3136,HighDiv_323-1_out,-7.746,CC[NH2+]CCc1cc(C(=O)[O-])cc(ON)c1Br,HighDiv,HighDiv_323,1
3137,Druglike_718-1_out,-7.746,O=C1C=C[C@@H](/C(=C/c2nc(Cl)c[nH]2)CF)N1,Druglike,Druglike_718,1
3138,HighDiv_718-1_out,-7.745,NOc1cc(C(=O)[O-])cc(C(N)=O)c1Br,HighDiv,HighDiv_718,1
3139,HighDiv_548-1_out,-7.745,C/C=C\C=C(/CO)C(=O)c1cc(N=O)c(Br)cc1[O-],HighDiv,HighDiv_548,1
3140,Druglike_797-1_out,-7.744,Oc1cc(-c2cn[nH]n2)ccc1CF,Druglike,Druglike_797,1
3141,Druglike_1536-1_out,-7.743,[NH3+]CC1=CC(=O)OC[C@H]1/C=C/c1coc(CCCBr)c1C[NH3+],Druglike,Druglike_1536,1
3142,HighDiv_1186-1_out,-7.742,CCOCCOc1cc(NC(N)=S)cc(O)c1[S-],HighDiv,HighDiv_1186,1
3143,HighDiv_1746-1_out,-7.742,O=C(CO)Nc1ccc(C[C@@H](S)/C=C/CO)cc1Cl,HighDiv,HighDiv_1746,1
3144,Druglike_905-1_out,-7.742,C[C@H](O)c1ccc(C#Cc2cc[nH]c2)c(I)n1,Druglike,Druglike_905,1
3145,Druglike_147-2_out,-7.741,CCOC/C=C/[C@H](O)c1[nH]c(=O)ncc1C(=O)[O-],Druglike,Druglike_147,2
3146,HighDiv_248-1_out,-7.74,N[C@@H]([NH3+])Nc1cc(C(=O)CO)cc(N=O)c1Br,HighDiv,HighDiv_248,1
3147,Druglike_1402-1_out,-7.738,C=Cc1ccc(NC(N)=O)cc1CC(=O)[O-],Druglike,Druglike_1402,1
3148,HighDiv_1713-1_out,-7.737,N[NH2+]CN[C@@H](Cc1cc2c(CBr)cccc2[nH]1)C(=O)CO,HighDiv,HighDiv_1713,1
3149,HighDiv_1156-1_out,-7.737,CNC/C(=C\C[NH3+])C(=O)c1cc(N=O)c(Br)cc1[O-],HighDiv,HighDiv_1156,1
3150,Druglike_696-1_out,-7.736,OCCc1cc(O)cc(-c2cn[nH]n2)c1,Druglike,Druglike_696,1
3151,HighDiv_1516-1_out,-7.736,C#C[C@@H](O)c1cc2cn[nH]c2cc1CO,HighDiv,HighDiv_1516,1
3152,Druglike_863-1_out,-7.735,CCc1nc(C#Cc2nnc(CO)n2CCl)n[nH]1,Druglike,Druglike_863,1
3153,HighDiv_519-1_out,-7.734,C/C=C/C=C(\CO)C(=O)c1cc(N=O)c(Br)cc1[O-],HighDiv,HighDiv_519,1
3154,HighDiv_1851-1_out,-7.734,O=C([O-])c1nc(C(=O)c2c[nH]cc2[CH-][N+](=O)[O-])cs1,HighDiv,HighDiv_1851,1
3155,Druglike_1999-1_out,-7.733,CCC(=O)COc1ccc(-c2nc[nH]n2)cc1C[NH3+],Druglike,Druglike_1999,1
3156,HighDiv_572-1_out,-7.732,O=C1NCCN1c1cc(O)c(CO)c(CCS)c1,HighDiv,HighDiv_572,1
3157,HighDiv_2122-1_out,-7.732,[S-]c1ccnc(I)c1/C=C/c1nc([C@H]([S-])Cl)n[nH]1,HighDiv,HighDiv_2122,1
3158,HighDiv_1406-1_out,-7.732,OCc1ccc2cnn(C(F)(F)[S-])c2c1,HighDiv,HighDiv_1406,1
3159,HighDiv_95-1_out,-7.732,CCC/C(C#CCc1oc(C(=O)[O-])nc1CO)=C/CC[NH3+],HighDiv,HighDiv_95,1
3160,HighDiv_2194-1_out,-7.731,O=[N+]([O-])c1c(CO)cc2ncoc2c1[O-],HighDiv,HighDiv_2194,1
3161,Druglike_964-1_out,-7.729,O=C(O)Cc1c(C(=O)O)c[nH]c1-c1n[nH]c(=O)o1,Druglike,Druglike_964,1
3162,HighDiv_882-1_out,-7.729,[H]/[O+]=C1\Cc2[nH][nH]c(=O)c2C=C1CO,HighDiv,HighDiv_882,1
3163,HighDiv_1124-1_out,-7.728,CC/C(=C\CC(=O)[O-])C(=O)c1cc(N=O)c(Br)cc1[O-],HighDiv,HighDiv_1124,1
3164,Druglike_258-1_out,-7.727,C=C[C@H]([NH3+])COC(=O)c1ccc(N)cc1C(=O)[O-],Druglike,Druglike_258,1
3165,HighDiv_353-1_out,-7.727,C/C=C\c1cc(C(=O)[O-])cc(ON)c1Br,HighDiv,HighDiv_353,1
3166,Druglike_2047-2_out,-7.727,C/C=[NH+]\Cc1oc(C(=O)CBr)cc1C(=O)[O-],Druglike,Druglike_2047,2
3167,Druglike_535-1_out,-7.725,C#Cc1ccc(-c2c[nH]nn2)cc1O,Druglike,Druglike_535,1
3168,Druglike_1381-1_out,-7.725,CN[C@@H](F)c1cc(CC(=O)[O-])cc(NC(N)=O)c1,Druglike,Druglike_1381,1
3169,HighDiv_610-1_out,-7.725,[NH3+]Cc1cc(-c2cc([O-])c(F)cc2N=O)c(C=S)[nH]1,HighDiv,HighDiv_610,1
3170,Druglike_1343-1_out,-7.723,O=c1ccc(-c2oc(CC[NH2+]CCCl)nc2CO)n[nH]1,Druglike,Druglike_1343,1
3171,Druglike_537-1_out,-7.723,[NH3+]CN(CC#Cc1ccc(I)cn1)CCC1=CNC=NC1,Druglike,Druglike_537,1
3172,Druglike_1584-1_out,-7.723,C[C@@H](CCn1cc(/C=C/C[NH3+])c(CO)c1)c1ncno1,Druglike,Druglike_1584,1
3173,Druglike_277-1_out,-7.723,OCc1cc(O)cc(CCOC[C@@H]2C=CNN2)c1,Druglike,Druglike_277,1
3174,Druglike_366-1_out,-7.723,O=C([O-])Cc1c(C(=O)Cc2ccc[nH]2)o[n-]c1=O,Druglike,Druglike_366,1
3175,Druglike_1066-1_out,-7.721,C[C@H]([NH3+])c1cc(C(=O)c2ncc(/C=C/c3ccc(I)c(Cl)c3)cn2)c[nH]1,Druglike,Druglike_1066,1
3176,Druglike_1086-1_out,-7.72,[NH3+]Cc1cc(C(=O)c2ncc(/C=C/c3ccc(I)c(Cl)c3)cn2)c[nH]1,Druglike,Druglike_1086,1
3177,Druglike_1062-1_out,-7.72,[NH3+]Cc1cc(C(=O)c2ncc(/C=C/c3ccc(I)c(Cl)c3)cn2)c[nH]1,Druglike,Druglike_1062,1
3178,HighDiv_1529-1_out,-7.72,Nc1nc(N[C@H](/C=C/[N+](=O)[O-])CO)nc2[nH]cnc12,HighDiv,HighDiv_1529,1
3179,HighDiv_1505-1_out,-7.719,NNC[C@H](CN[C@@H]([NH3+])Nc1ccc(F)c(F)c1)[N+](=O)[O-],HighDiv,HighDiv_1505,1
3180,HighDiv_1317-1_out,-7.718,O=C(C#Cc1c(CBr)[nH]cc(O)c1=O)NCCCl,HighDiv,HighDiv_1317,1
3181,Druglike_1030-1_out,-7.717,O=C([O-])Cc1c(C(=O)Cc2ccco2)o[n-]c1=O,Druglike,Druglike_1030,1
3182,HighDiv_1560-1_out,-7.715,O=C(C#Cc1c[nH]cc(O)c1=O)NCBr,HighDiv,HighDiv_1560,1
3183,HighDiv_2212-1_out,-7.714,Nc1sc([C@H](O)CC#Cc2cnsc2)c[n+]1CCl,HighDiv,HighDiv_2212,1
3184,HighDiv_1986-1_out,-7.713,[NH3+]CCN[C@@H](/C=C/c1cc(F)cc(F)c1O)CO,HighDiv,HighDiv_1986,1
3185,HighDiv_1138-1_out,-7.712,C/C(C=[NH2+])=C/C(CON)=C(/[O-])c1cc(N=O)c(Br)cc1[O-],HighDiv,HighDiv_1138,1
3186,HighDiv_567-2_out,-7.711,CC/C=C(\C[NH2+]CCO)C(=O)c1cc(N=O)c(Br)cc1[O-],HighDiv,HighDiv_567,2
3187,HighDiv_933-1_out,-7.71,O=C1NCCN1c1cc(O)c(CCl)c(CO)c1,HighDiv,HighDiv_933,1
3188,HighDiv_598-1_out,-7.71,C[NH2+]C/C=C(\CN)C(=O)c1cc(N=O)c(Br)cc1[O-],HighDiv,HighDiv_598,1
3189,HighDiv_1032-1_out,-7.709,CC(=O)OC/C=C/Cc1oc(C(=O)[O-])nc1CO,HighDiv,HighDiv_1032,1
3190,HighDiv_1792-1_out,-7.708,CCCOC[C@@H](O)/C=C/c1cc(O)cc(I)c1,HighDiv,HighDiv_1792,1
3191,HighDiv_2253-1_out,-7.708,O=C(NC[C@H](S)c1nnc2scnn12)c1cnon1,HighDiv,HighDiv_2253,1
3192,HighDiv_513-1_out,-7.705,O=C([O-])Cc1nc(-c2ncc(CO)cc2I)n[nH]1,HighDiv,HighDiv_513,1
3193,HighDiv_834-1_out,-7.705,NC(=O)c1cc(-c2ccc(I)c(Br)c2[S-])on1,HighDiv,HighDiv_834,1
3194,Druglike_1385-1_out,-7.704,C=Cc1cc(NC(N)=O)cc([C@H](CC)C(=O)[O-])c1,Druglike,Druglike_1385,1
3195,HighDiv_1989-1_out,-7.704,NOc1c(F)cccc1-c1c[nH]c(C(=O)[O-])n1,HighDiv,HighDiv_1989,1
3196,Druglike_1634-1_out,-7.704,C[NH2+]CCc1ccc(/C(=C\c2cnon2)CO)cn1,Druglike,Druglike_1634,1
3197,HighDiv_1012-1_out,-7.704,NC(=O)/C=C(\CNCCF)C(=O)c1cc(N=O)c(Br)cc1[O-],HighDiv,HighDiv_1012,1
3198,HighDiv_534-1_out,-7.703,NC/C(=C\C[NH3+])C(=O)c1cc(N=O)c(Br)cc1[O-],HighDiv,HighDiv_534,1
3199,HighDiv_1194-1_out,-7.703,O=Nc1cc(C(=O)/C(=C/[C@@H]2CN2)CCCl)c([O-])cc1Br,HighDiv,HighDiv_1194,1
3200,Druglike_1965-1_out,-7.703,O=c1cc(/C=C/CO)[nH]c(-c2nnco2)c1CO,Druglike,Druglike_1965,1
3201,Druglike_1464-1_out,-7.703,COC/C=C/c1ccc(NC(N)=O)cc1CC(=O)[O-],Druglike,Druglike_1464,1
3202,HighDiv_509-1_out,-7.7,NOCc1cc(C(N)=O)cc(N=O)c1Br,HighDiv,HighDiv_509,1
3203,HighDiv_761-1_out,-7.7,O=Nc1cc(C(=O)/C(=C/C(=O)[O-])CCCl)c([O-])cc1Br,HighDiv,HighDiv_761,1
3204,Druglike_850-1_out,-7.7,O=C([O-])c1ncc(C/C=C\[C@H](O)C(=O)[O-])cc1Br,Druglike,Druglike_850,1
3205,Druglike_143-1_out,-7.699,C#C[C@@H](C(=O)[O-])c1nc(N)c2cn[nH]c2n1,Druglike,Druglike_143,1
3206,HighDiv_1099-1_out,-7.699,C=CC(=O)c1cc(-n2cnnc2[S-])c(Br)cc1[O-],HighDiv,HighDiv_1099,1
3207,HighDiv_416-1_out,-7.699,O=Nc1cc(C(=O)CO)cc([O-])c1Br,HighDiv,HighDiv_416,1
3208,HighDiv_619-1_out,-7.698,O=Nc1cc(C(=O)/C(=C/CF)CO)c([O-])cc1Br,HighDiv,HighDiv_619,1
3209,HighDiv_968-1_out,-7.697,CCCC#C[C@H](F)c1oc(C(=O)[O-])nc1C[NH3+],HighDiv,HighDiv_968,1
3210,HighDiv_1224-2_out,-7.696,NNCCC(=O)c1cc(O)c([O-])c(-c2nncs2)c1,HighDiv,HighDiv_1224,2
3211,Druglike_2064-1_out,-7.696,O=C([O-])[C@H](C#Cc1[nH+]ccc(I)c1[O-])CO,Druglike,Druglike_2064,1
3212,HighDiv_1530-1_out,-7.696,CCNC(=O)n1ncc2ccc(CO)cc21,HighDiv,HighDiv_1530,1
3213,HighDiv_1147-1_out,-7.695,[H]/N=C(\CCOC[NH3+])C(=O)c1cc([O-])c(Br)c(Cl)c1,HighDiv,HighDiv_1147,1
3214,HighDiv_2027-2_out,-7.695,[O-]c1c[nH]c(I)c(/C=C/[C@@H](Cl)C2=CCC2)c1=S,HighDiv,HighDiv_2027,2
3215,Druglike_1520-1_out,-7.695,NCC#Cc1c(C(=O)[O-])noc1C1=CCOC1,Druglike,Druglike_1520,1
3216,Druglike_1555-1_out,-7.694,CCCCCC/C=C(\CC(=O)[O-])c1cn[nH]n1,Druglike,Druglike_1555,1
3217,HighDiv_2130-2_out,-7.694,N[NH2+]Cc1cc(CCCl)cc2c1C(=O)N(C(=O)[N+](=O)[O-])C2=O,HighDiv,HighDiv_2130,2
3218,HighDiv_287-1_out,-7.693,NOc1cc(C(=O)[O-])cc(C[C@@H]([NH3+])CBr)c1Br,HighDiv,HighDiv_287,1
3219,HighDiv_1018-1_out,-7.692,CC(=O)[C@@H](C#Cc1ccc(C[NH3+])c(O)c1)C[NH3+],HighDiv,HighDiv_1018,1
3220,HighDiv_1055-1_out,-7.69,OCc1noc(-c2cc(O)c(F)cc2O)n1,HighDiv,HighDiv_1055,1
3221,HighDiv_1928-1_out,-7.69,CCCCc1ccc(C(=O)c2nnc(CS)o2)c(CO)c1,HighDiv,HighDiv_1928,1
3222,HighDiv_639-1_out,-7.69,[NH3+]C/C=C(\CCCl)C(=O)c1cc(N=O)c(Br)cc1[O-],HighDiv,HighDiv_639,1
3223,Druglike_1867-1_out,-7.69,O=C([O-])c1cc([C@@H]2CCO2)c(C(=O)[O-])[nH]1,Druglike,Druglike_1867,1
3224,Druglike_579-1_out,-7.689,C=Cc1c(Br)ccnc1-c1oc(C(=O)CN)nc1C(N)=O,Druglike,Druglike_579,1
3225,HighDiv_1344-1_out,-7.689,C[C@@H](CO)NC(=O)C#Cc1c(CBr)[nH]cc(O)c1=O,HighDiv,HighDiv_1344,1
3226,Druglike_717-1_out,-7.689,CC[C@@H](CNc1cc(O)ccc1C[NH3+])c1nnco1,Druglike,Druglike_717,1
3227,HighDiv_2115-1_out,-7.688,[NH3+]C[C@H](Cl)c1n[nH]c(/C=C/c2c([S-])ccnc2I)n1,HighDiv,HighDiv_2115,1
3228,HighDiv_2053-1_out,-7.688,[NH3+][C@@H](NCC(=O)CCO)Nc1c(I)ncc([N+](=O)[O-])c1Cl,HighDiv,HighDiv_2053,1
3229,Druglike_444-1_out,-7.688,[NH3+]CCc1cc(O)cc(-c2cn[nH]n2)c1,Druglike,Druglike_444,1
3230,HighDiv_1146-1_out,-7.686,NC(=S)C/C=C/C[C@H](S)c1cc(C(=O)N=O)ccc1Br,HighDiv,HighDiv_1146,1
3231,Druglike_1825-1_out,-7.686,C/C=C\COc1ccc(-c2nc[nH]n2)cc1C[NH3+],Druglike,Druglike_1825,1
3232,HighDiv_2238-1_out,-7.685,O=C([O-])C[NH2+][C@@H]1Nc2cccc(CCCCS)c2N1,HighDiv,HighDiv_2238,1
3233,HighDiv_1434-1_out,-7.685,CCCCc1cc(C(C)=O)cc(O)c1O,HighDiv,HighDiv_1434,1
3234,Druglike_2075-1_out,-7.685,O=c1cc(COCCO)[nH]c(-c2cccc(CO)c2)c1,Druglike,Druglike_2075,1
3235,Druglike_394-1_out,-7.685,O=C([O-])c1ccc(-c2c[nH]nn2)cc1O,Druglike,Druglike_394,1
3236,Druglike_1281-1_out,-7.684,[NH3+][C@@H](CCc1cccc(Cl)c1)C1=C(CO)CC1,Druglike,Druglike_1281,1
3237,HighDiv_1476-1_out,-7.684,O=C([O-])Cc1cc(OCC[C@@H]2C=COC2)c(O)cc1Br,HighDiv,HighDiv_1476,1
3238,HighDiv_589-1_out,-7.684,NC(=O)NCC(=O)c1cc(CONCCl)c(Br)c(N=O)c1,HighDiv,HighDiv_589,1
3239,Druglike_1229-1_out,-7.683,C[C@@H](O)CNCC#Cc1cc(Cl)cc(Cl)c1,Druglike,Druglike_1229,1
3240,Druglike_1799-1_out,-7.681,O=C([O-])Cc1cccc(-c2nc[nH]c2/C=C/CO)n1,Druglike,Druglike_1799,1
3241,Druglike_95-1_out,-7.681,O=C([O-])CCCc1ccc2c(c1O)CNNC2,Druglike,Druglike_95,1
3242,Druglike_1335-1_out,-7.681,O=c1ccc(-c2oc(COCCF)nc2CO)n[nH]1,Druglike,Druglike_1335,1
3243,Druglike_855-2_out,-7.681,[H]/N=C/[C@H](C)c1nccc(-c2nonc2CO)n1,Druglike,Druglike_855,2
3244,HighDiv_1895-1_out,-7.681,O=C(Cc1ncn[nH]1)c1cc(O)c([S-])c(O)c1,HighDiv,HighDiv_1895,1
3245,Druglike_348-1_out,-7.681,[NH3+]CCC[C@@H](/C=C/c1cc(F)ccc1F)[NH2+]CO,Druglike,Druglike_348,1
3246,HighDiv_1509-1_out,-7.681,C=C[C@H](N)C(=O)c1cc(O)c(O)c([S-])c1,HighDiv,HighDiv_1509,1
3247,Druglike_734-1_out,-7.681,CC(=O)/C=C/Cc1nc(=O)[nH]cc1C(=O)[O-],Druglike,Druglike_734,1
3248,Druglike_764-1_out,-7.68,C=Cc1cnc(-c2[nH]nc(CO)c2CO)cc1Br,Druglike,Druglike_764,1
3249,HighDiv_316-2_out,-7.678,COCC(=O)c1cc([O-])c(Br)c(OC/C=C/CO)c1,HighDiv,HighDiv_316,2
3250,HighDiv_1134-1_out,-7.677,CSCCOCc1cc(O)cc(N2CCNC2=O)c1,HighDiv,HighDiv_1134,1
3251,HighDiv_48-2_out,-7.677,CCCCc1cc(N2CCNC2=O)cc(O)c1N[C@H](N)[NH3+],HighDiv,HighDiv_48,2
3252,HighDiv_2084-1_out,-7.677,NN[C@H](N)C[NH2+]CCCOc1ccc([N+](=O)[O-])cc1,HighDiv,HighDiv_2084,1
3253,Druglike_649-1_out,-7.676,OCC1=CC=C[C@@H](/C=C/c2cnc(CBr)c(Br)c2)N1,Druglike,Druglike_649,1
3254,HighDiv_805-1_out,-7.676,CC/C(=C\C(=O)NO)C(=O)c1cc(N=O)c(Br)cc1[O-],HighDiv,HighDiv_805,1
3255,Druglike_910-1_out,-7.675,O=C([O-])Cc1c(C(=O)COc2ccon2)o[n-]c1=O,Druglike,Druglike_910,1
3256,HighDiv_496-1_out,-7.675,C#CC/C=C(\CN)C(=O)c1cc(N=O)c(Br)cc1[O-],HighDiv,HighDiv_496,1
3257,Druglike_978-1_out,-7.675,O=C([O-])c1c[nH]c(=O)nc1C[C@@H]1C=CCO1,Druglike,Druglike_978,1
3258,HighDiv_1962-2_out,-7.674,NOc1c(F)cccc1-c1c[nH]c(C(N)=O)n1,HighDiv,HighDiv_1962,2
3259,Druglike_780-1_out,-7.673,Oc1ccc(I)c(/C=C/[C@@H]2CC[NH+]=CN2)c1,Druglike,Druglike_780,1
3260,HighDiv_635-1_out,-7.673,O=S(=O)([O-])C/C=C/c1c(Br)ccc(O[P+](O)(O)O)c1F,HighDiv,HighDiv_635,1
3261,HighDiv_30-2_out,-7.672,N[C@H]([NH3+])Nc1cc(C(=O)[C@H]2C=CCCC2)cc(N=O)c1Br,HighDiv,HighDiv_30,2
3262,Druglike_1387-1_out,-7.67,NC(=O)Nc1ccc(/C=C/CCl)c(CC(=O)[O-])c1,Druglike,Druglike_1387,1
3263,Druglike_1310-1_out,-7.67,O=c1ccc(-c2oc(CNCBr)nc2CO)n[nH]1,Druglike,Druglike_1310,1
3264,HighDiv_1000-1_out,-7.668,C=CCNCC(=C)C(=O)c1cc(N=O)c(Br)cc1[O-],HighDiv,HighDiv_1000,1
3265,HighDiv_508-1_out,-7.668,C=CCNCC(=C)C(=O)c1cc(N=O)c(Br)cc1[O-],HighDiv,HighDiv_508,1
3266,HighDiv_1869-1_out,-7.667,NNCC[C@@H](C[NH3+])SCc1cc2[nH]ccc2cc1F,HighDiv,HighDiv_1869,1
3267,Druglike_1699-1_out,-7.667,CC[C@H](O)/C=C/c1c(F)cccc1NC(N)=O,Druglike,Druglike_1699,1
3268,Druglike_864-1_out,-7.666,C/C=C(/CO)Cc1ccc(C(=O)OCCC)c(O)c1,Druglike,Druglike_864,1
3269,HighDiv_855-2_out,-7.665,[NH3+]C[C@H](Cl)C(=O)c1cc([S-])c(Br)c(N=O)c1,HighDiv,HighDiv_855,2
3270,Druglike_526-1_out,-7.665,O=C(NCBr)c1nccc(-c2nonc2C(=O)[O-])n1,Druglike,Druglike_526,1
3271,HighDiv_300-2_out,-7.665,[NH3+]C[C@H](Cl)C(=O)c1cc([S-])c(Br)c(N=O)c1,HighDiv,HighDiv_300,2
3272,Druglike_1239-1_out,-7.664,[NH3+][C@H]([O-])c1c(F)ccc2[nH]ccc12,Druglike,Druglike_1239,1
3273,HighDiv_498-1_out,-7.664,NC(=O)/C=C/[C@H](/C=C/c1c(F)cccc1Br)S(=O)(=O)[O-],HighDiv,HighDiv_498,1
3274,HighDiv_2249-1_out,-7.664,O=C1OC[C@H]1NNCc1c(I)[nH]cc([O-])c1=S,HighDiv,HighDiv_2249,1
3275,Druglike_710-1_out,-7.664,O=C([O-])c1c[nH]c(-c2nc[nH]n2)c1C(=O)[O-],Druglike,Druglike_710,1
3276,HighDiv_501-1_out,-7.662,C[NH2+]CCC#Cc1cc(N2CCNC2=O)cc(O)c1OCN,HighDiv,HighDiv_501,1
3277,HighDiv_638-1_out,-7.662,C=Cc1c(O)cc(N2CCNC2=O)cc1[S-],HighDiv,HighDiv_638,1
3278,HighDiv_1167-2_out,-7.662,N[C@H]([NH3+])NCC#Cc1cc(O)cc(C#CCC[SH](=O)=O)c1,HighDiv,HighDiv_1167,2
3279,Druglike_757-1_out,-7.662,O=C([O-])c1cc(C(=O)C2=CCCN2)[nH]n1,Druglike,Druglike_757,1
3280,HighDiv_2157-1_out,-7.662,C[C@H](CS)Cc1nnc(/C=C/c2c([S-])ccnc2I)[nH]1,HighDiv,HighDiv_2157,1
3281,HighDiv_386-1_out,-7.661,NOc1cc(C(=O)[O-])cc(C[C@@H]2C[NH2+]2)c1Br,HighDiv,HighDiv_386,1
3282,HighDiv_803-1_out,-7.661,O=C(NCC#CC(=O)c1cn[nH]c1[O-])c1cc([S-])c(I)cc1[S-],HighDiv,HighDiv_803,1
3283,Druglike_1395-1_out,-7.661,C[C@@H](F)c1cc(CC(=O)[O-])cc(NC(N)=O)c1,Druglike,Druglike_1395,1
3284,Druglike_473-1_out,-7.659,[NH3+]C/C=C\[C@@H](O)CCc1cc(O)cc(CCO)c1,Druglike,Druglike_473,1
3285,HighDiv_874-1_out,-7.659,CNC(=O)C/C(=C\CCl)C(=O)c1cc(N=O)c(Br)cc1[O-],HighDiv,HighDiv_874,1
3286,HighDiv_2057-2_out,-7.658,NOc1c(F)cc(Br)cc1-c1cnc[nH]1,HighDiv,HighDiv_2057,2
3287,Druglike_1357-1_out,-7.658,Nc1ccc(CC[C@](N)(O)c2nnco2)cn1,Druglike,Druglike_1357,1
3288,HighDiv_412-1_out,-7.657,C=CCc1cc(C(=O)[O-])cc(ON)c1Br,HighDiv,HighDiv_412,1
3289,Druglike_1601-1_out,-7.657,OC/C=C(\c1cnc(C(F)F)cn1)c1cnn[nH]1,Druglike,Druglike_1601,1
3290,HighDiv_1766-1_out,-7.657,N[C@H](CC1=CNNC1)C(=O)/C=C/C1=CCON1,HighDiv,HighDiv_1766,1
3291,Druglike_1989-1_out,-7.656,C[C@@H](C#Cc1[nH+]ccc(I)c1[O-])C(=O)[O-],Druglike,Druglike_1989,1
3292,Druglike_1617-1_out,-7.655,OC/C=C(/c1cn[nH]n1)c1ccc(CCl)o1,Druglike,Druglike_1617,1
3293,HighDiv_754-1_out,-7.655,[NH3+][C@@H]1NC[C@H](C(=O)c2cc([O-])c(Br)c(Cl)c2)N1,HighDiv,HighDiv_754,1
3294,HighDiv_439-1_out,-7.654,CCCc1cc(C(=O)[O-])cc(ON)c1Br,HighDiv,HighDiv_439,1
3295,HighDiv_1753-1_out,-7.654,Oc1c(S[S-])ccc(/C=C\C/C=C/c2cc[nH]n2)c1I,HighDiv,HighDiv_1753,1
3296,Druglike_1434-1_out,-7.653,NC(=O)Nc1cc(CCBr)cc([C@H](O)CO)c1,Druglike,Druglike_1434,1
3297,Druglike_452-1_out,-7.653,CCC/C=C/CNCc1[nH]c(=O)ncc1C(=O)[O-],Druglike,Druglike_452,1
3298,HighDiv_65-1_out,-7.653,COc1cc(I)c(-c2n[nH]c(CC(=O)[O-])n2)nc1/C=C/c1cccnc1,HighDiv,HighDiv_65,1
3299,HighDiv_966-1_out,-7.652,[NH3+]C/C=C/C[C@@H](Cl)/C=C/c1c[nH+]c(CO)c([O-])c1,HighDiv,HighDiv_966,1
3300,Druglike_204-1_out,-7.652,[NH3+]Cc1nonc1-c1ccnc(C(=O)NCBr)n1,Druglike,Druglike_204,1
3301,HighDiv_2286-1_out,-7.651,CC(=O)NCCc1cc([S-])c(C[C@H](F)c2cncs2)cc1Br,HighDiv,HighDiv_2286,1
3302,HighDiv_535-2_out,-7.651,C=C(C[NH3+])C(=O)c1cc(N=O)c(Br)cc1[O-],HighDiv,HighDiv_535,2
3303,HighDiv_551-2_out,-7.651,C=C(C[NH3+])C(=O)c1cc(N=O)c(Br)cc1[O-],HighDiv,HighDiv_551,2
3304,HighDiv_656-1_out,-7.65,NOc1cc(C(=O)[O-])cc(N=O)c1Br,HighDiv,HighDiv_656,1
3305,Druglike_1700-1_out,-7.65,CCCCCCCc1ncc(-c2nc(C[NH3+])n[n-]2)o1,Druglike,Druglike_1700,1
3306,HighDiv_1166-1_out,-7.65,C/C=C/CC[C@@H](O)c1ccc(CCC[NH3+])cc1,HighDiv,HighDiv_1166,1
3307,HighDiv_62-1_out,-7.649,NCC(=O)c1cc(CCON)c(Br)c(N=O)c1,HighDiv,HighDiv_62,1
3308,HighDiv_259-1_out,-7.649,O=Nc1cc(C(=O)CO)cc(CCO)c1Br,HighDiv,HighDiv_259,1
3309,HighDiv_809-1_out,-7.648,O=C1NCCN1c1cc(O)cc(CS)c1,HighDiv,HighDiv_809,1
3310,Druglike_1800-1_out,-7.647,O=C([O-])/C=C/c1[nH]cnc1-c1cccc(CO)n1,Druglike,Druglike_1800,1
3311,HighDiv_2192-2_out,-7.645,NOc1c(F)cc(O)cc1-c1cnc[nH]1,HighDiv,HighDiv_2192,2
3312,Druglike_429-1_out,-7.645,O=C(OCc1cnc[nH]1)c1ccc(Cl)c(O)c1,Druglike,Druglike_429,1
3313,Druglike_1354-1_out,-7.645,O=c1[nH]nc(-c2ocnc2CO)cc1CCl,Druglike,Druglike_1354,1
3314,HighDiv_393-1_out,-7.645,O=NC(=O)c1cc(CO)c(Br)c(C[C@@H](Cl)NCO)c1,HighDiv,HighDiv_393,1
3315,Druglike_1174-1_out,-7.644,[NH3+]CCNCC[C@@H]([NH3+])C#Cc1cc(Cl)ccc1Cl,Druglike,Druglike_1174,1
3316,Druglike_678-2_out,-7.643,Nc1ccc(OCc2c[nH]cn2)cc1/C=C/C[NH2+]CCO,Druglike,Druglike_678,2
3317,Druglike_1669-1_out,-7.642,CC[C@H]([NH3+])c1cc(/C=C/CCO)cc(NC(N)=O)c1,Druglike,Druglike_1669,1
3318,HighDiv_804-1_out,-7.642,CCC/C(C#CCc1oc(C(=O)[O-])nc1CO)=C/C[NH3+],HighDiv,HighDiv_804,1
3319,HighDiv_2134-2_out,-7.641,N[C@H]([NH3+])Nc1cc([S-])c(C[C@@H](CO)C2=CCC=CO2)cc1Br,HighDiv,HighDiv_2134,2
3320,Druglike_1670-1_out,-7.641,CCCCn1cc(/C=C/c2ncn[nH]2)c(CO)c1,Druglike,Druglike_1670,1
3321,HighDiv_2051-1_out,-7.641,NC(=O)Nc1c(O)cnc(I)c1C#CC(=O)OCC[NH3+],HighDiv,HighDiv_2051,1
3322,HighDiv_2037-1_out,-7.64,OCc1nc(-c2c(CO)ccc(Cl)c2F)co1,HighDiv,HighDiv_2037,1
3323,HighDiv_2138-1_out,-7.64,CCC[C@H](CCl)C(=O)NOCc1cc(Br)c([S-])cc1[S-],HighDiv,HighDiv_2138,1
3324,Druglike_1509-1_out,-7.639,C[C@@H](O)CC#Cc1ccc(NC(=O)CO)cc1Br,Druglike,Druglike_1509,1
3325,HighDiv_1019-1_out,-7.638,OCc1ncc(Cl)cc1C#C[C@@H](O)c1cscn1,HighDiv,HighDiv_1019,1
3326,HighDiv_1074-1_out,-7.638,C[NH2+]CCCCCc1cc(O)cc(N2CCNC2=O)c1,HighDiv,HighDiv_1074,1
3327,Druglike_816-1_out,-7.638,COc1nccc([C@@H](C(=O)[O-])c2cc(CCl)n[nH]2)n1,Druglike,Druglike_816,1
3328,HighDiv_1859-1_out,-7.637,C[C@@H](OC(=O)c1cc(O)c([S-])c(O)c1)c1cnco1,HighDiv,HighDiv_1859,1
3329,HighDiv_1513-1_out,-7.637,[O-]c1c[nH+]cc(-c2cnc(CO)c([S-])c2)c1,HighDiv,HighDiv_1513,1
3330,HighDiv_782-1_out,-7.637,O=C([O-])c1coc(C(=S)COC[C@@H](S)c2c[nH]c(CO)c2)c1,HighDiv,HighDiv_782,1
3331,HighDiv_624-1_out,-7.635,C/C(=C\CO)c1cc(C(=O)[O-])oc1[N+](=O)[O-],HighDiv,HighDiv_624,1
3332,HighDiv_470-1_out,-7.635,[NH3+]CCO[C@H](Cl)Cc1cc(C(=O)N=O)cc(CO)c1Br,HighDiv,HighDiv_470,1
3333,HighDiv_925-1_out,-7.635,C=CC[C@@H](C#Cc1cccc(O)c1)C[NH3+],HighDiv,HighDiv_925,1
3334,HighDiv_1985-2_out,-7.634,[O-]c1c[nH]c(I)c(/C=C/[C@@H](Cl)c2nnco2)c1=S,HighDiv,HighDiv_1985,2
3335,HighDiv_1025-1_out,-7.634,C=Cc1c(-c2c[nH]nn2)cnc(CO)c1I,HighDiv,HighDiv_1025,1
3336,Druglike_853-1_out,-7.633,Cc1ccc(-c2cn[nH]n2)cc1O,Druglike,Druglike_853,1
3337,HighDiv_345-1_out,-7.633,[NH3+]CC[C@@H](C#Cc1cc(O)cc(O)c1)CCCO,HighDiv,HighDiv_345,1
3338,HighDiv_1910-1_out,-7.632,Oc1cc(CCCCS)cc(-c2nnco2)c1,HighDiv,HighDiv_1910,1
3339,Druglike_2067-1_out,-7.632,C[C@H](CF)c1cc(C(=O)[O-])[nH]c1C(=O)[O-],Druglike,Druglike_2067,1
3340,HighDiv_2082-1_out,-7.632,C=CCc1cc(F)c(ON)c(C(=C)COC[NH2+]C)c1,HighDiv,HighDiv_2082,1
3341,HighDiv_650-1_out,-7.631,C=CC[C@H]([NH3+])c1cc(C/C=C/CNNCCl)ccc1I,HighDiv,HighDiv_650,1
3342,HighDiv_998-1_out,-7.631,[NH3+]C/C=C/C(=O)c1cc(N=O)c(Br)cc1[O-],HighDiv,HighDiv_998,1
3343,HighDiv_304-1_out,-7.63,O=C1NCCN1c1cc(O)c(I)c(CCCCF)c1,HighDiv,HighDiv_304,1
3344,HighDiv_786-1_out,-7.629,CC/C(=C\CCC[NH3+])C(=O)c1cc(N=O)c(Br)cc1[O-],HighDiv,HighDiv_786,1
3345,HighDiv_47-1_out,-7.628,NOCc1cc(C(=O)CO)cc(N=O)c1Br,HighDiv,HighDiv_47,1
3346,HighDiv_1983-1_out,-7.627,CC(=O)CC(=O)O[C@@H](C(=O)[O-])c1ccc(I)c(O)c1,HighDiv,HighDiv_1983,1
3347,Druglike_148-2_out,-7.627,CC/C=C/[C@H](O)c1nc(=O)[nH]cc1C(=O)[O-],Druglike,Druglike_148,2
3348,HighDiv_450-1_out,-7.626,CCOc1c(O)cc(N2CCNC2=O)cc1C#CCCCO,HighDiv,HighDiv_450,1
3349,HighDiv_1994-1_out,-7.625,NOC[C@@H](/C=C/c1cc(F)cc(F)c1O)CO,HighDiv,HighDiv_1994,1
3350,Druglike_2024-1_out,-7.624,CCOCCc1cc(O)cc(C#CC(=O)OCC[NH2+]C)c1,Druglike,Druglike_2024,1
3351,HighDiv_204-1_out,-7.622,NOc1cc(C(=O)[O-])cc(C(=O)[O-])c1Br,HighDiv,HighDiv_204,1
3352,HighDiv_1250-1_out,-7.622,NNCCC(=O)c1cc(O)c(O)c(C2=NOCN2)c1,HighDiv,HighDiv_1250,1
3353,Druglike_1471-1_out,-7.621,CCNC(=O)C1=C[C@@H](CCC(=O)[O-])C=C(CO)O1,Druglike,Druglike_1471,1
3354,Druglike_1512-1_out,-7.621,[NH3+]Cc1ccc(/C=C(\CBr)[C@]2(C[NH3+])CCC(C(=O)C[O-])=N2)cc1,Druglike,Druglike_1512,1
3355,HighDiv_2163-1_out,-7.62,O=S(=O)([O-])CC[NH2+][C@@H](/C=C/c1cc(F)cc(F)c1O)CO,HighDiv,HighDiv_2163,1
3356,HighDiv_1508-1_out,-7.619,C=Cc1[nH+]cc([O-])cc1C#C[C@H](C=S)C[NH3+],HighDiv,HighDiv_1508,1
3357,HighDiv_2104-2_out,-7.619,NOc1c(F)cc([S-])cc1-c1cnc[nH]1,HighDiv,HighDiv_2104,2
3358,Druglike_815-1_out,-7.619,CC(=O)/C=C\CC(=O)c1o[n-]c(=O)c1CC(=O)[O-],Druglike,Druglike_815,1
3359,Druglike_2070-2_out,-7.618,C=C(C(=O)OCCF)c1c[nH]c2nc(CN)cnc12,Druglike,Druglike_2070,2
3360,HighDiv_1052-1_out,-7.618,NOC/C(=C\C[NH3+])C(=O)c1cc(N=O)c(Br)cc1[O-],HighDiv,HighDiv_1052,1
3361,Druglike_1022-1_out,-7.617,C=Cc1cnc(-c2cc(CO)nn2CCO)cc1Br,Druglike,Druglike_1022,1
3362,HighDiv_854-1_out,-7.616,CC(=O)OC/C(=C\CC[NH3+])C(=O)c1cc(N=O)c(Br)cc1[O-],HighDiv,HighDiv_854,1
3363,HighDiv_365-1_out,-7.616,C=CCOc1cc(C(=O)[O-])cc(ON)c1Br,HighDiv,HighDiv_365,1
3364,HighDiv_1464-1_out,-7.616,O=C(CO)c1cc(O)c([O-])c(C(F)F)c1,HighDiv,HighDiv_1464,1
3365,HighDiv_157-1_out,-7.615,CONC/C=C/[C@@H](C#Cc1ccc([S-])c(O)c1)CCO,HighDiv,HighDiv_157,1
3366,HighDiv_1816-1_out,-7.614,C#CC[NH2+]CCC[C@@H](C#Cc1cc([S-])ccc1I)ON,HighDiv,HighDiv_1816,1
3367,HighDiv_956-1_out,-7.613,O=Nc1cc(C(=O)[C@@H]2C[NH2+]CCN2)cc([N+](=O)[O-])c1Br,HighDiv,HighDiv_956,1
3368,Druglike_1941-1_out,-7.612,C=C(C(=O)OCCCCF)c1c[nH]c2nc(C[NH3+])cnc12,Druglike,Druglike_1941,1
3369,Druglike_189-1_out,-7.611,C[C@H](C#Cc1cnc(Cl)c(C(=O)CO)n1)CCCCO,Druglike,Druglike_189,1
3370,HighDiv_967-1_out,-7.611,C=C/C=C(\CC(=O)NN)C(=O)c1cc(N=O)c(Br)cc1[O-],HighDiv,HighDiv_967,1
3371,HighDiv_2142-1_out,-7.61,Oc1cnc(I)c(-c2cncc(Cl)c2)c1[S-],HighDiv,HighDiv_2142,1
3372,Druglike_830-1_out,-7.609,[NH3+]CC1=C[C@@H](/C=C/c2cc(Br)cnc2CO)NC(CO)=C1,Druglike,Druglike_830,1
3373,HighDiv_1485-2_out,-7.609,N[NH2+]CCNc1ccc(O)c(-c2[nH]ncc2CO)c1,HighDiv,HighDiv_1485,2
3374,HighDiv_1419-1_out,-7.609,O=C(C#Cc1c[nH]cc(O)c1=O)N[C@@H](C=S)CCO,HighDiv,HighDiv_1419,1
3375,Druglike_1452-1_out,-7.608,CCCCCc1ccc(/C(=C\CO)c2cn[nH]n2)o1,Druglike,Druglike_1452,1
3376,HighDiv_766-1_out,-7.608,CC#CC/C(=C\CC[NH3+])C(=O)c1cc(N=O)c(Br)cc1[O-],HighDiv,HighDiv_766,1
3377,Druglike_1259-1_out,-7.606,O=c1[nH]nc(-c2ocnc2CO)cc1CCBr,Druglike,Druglike_1259,1
3378,Druglike_1667-1_out,-7.606,NC(=O)Nc1cc(/C=C/C[NH2+]CCBr)cc(C[NH3+])c1,Druglike,Druglike_1667,1
3379,Druglike_91-1_out,-7.606,C[C@](O)(C#Cc1cnc(Cl)c(C(=O)CO)n1)CBr,Druglike,Druglike_91,1
3380,Druglike_608-1_out,-7.606,O=C([O-])Cc1c(O)noc1CC1=CCC=C1,Druglike,Druglike_608,1
3381,Druglike_179-1_out,-7.605,OCCCCc1cc(O)cc(-c2cn[nH]n2)c1,Druglike,Druglike_179,1
3382,HighDiv_320-1_out,-7.604,NOc1cc(C(=O)[O-])cc(C/C=C/C[NH3+])c1Br,HighDiv,HighDiv_320,1
3383,Druglike_1983-1_out,-7.602,O=C([O-])CCNC(=O)c1cccc(C[C@H](O)CO)c1,Druglike,Druglike_1983,1
3384,Druglike_1665-1_out,-7.601,CCc1ncc(-c2cc(C(=O)CCl)[nH]c2C[NH3+])[nH]1,Druglike,Druglike_1665,1
3385,HighDiv_1135-1_out,-7.601,C=Cc1ccc(N2CCNC2=O)cc1O,HighDiv,HighDiv_1135,1
3386,HighDiv_1995-1_out,-7.6,NC(=O)CC(=O)O[C@@H](C(=O)[O-])c1ccc(I)c(O)c1,HighDiv,HighDiv_1995,1
3387,HighDiv_520-1_out,-7.599,CN[C@H](Cl)Cc1cc(C(=O)N=O)cc(CO)c1Br,HighDiv,HighDiv_520,1
3388,HighDiv_2190-1_out,-7.599,Nc1ncc([C@H](O)CC#Cc2ccc[nH]2)s1,HighDiv,HighDiv_2190,1
3389,HighDiv_1286-2_out,-7.599,O=C(C[C-](CCl)[N+](=O)[O-])c1cc(O)cc(Br)c1[S-],HighDiv,HighDiv_1286,2
3390,HighDiv_2156-1_out,-7.597,NC(=O)Nc1cc(O)c(O)c(Br)c1,HighDiv,HighDiv_2156,1
3391,Druglike_1662-1_out,-7.597,NC(=O)c1ccc(CNC[NH3+])c(C#Cc2ccccc2)c1,Druglike,Druglike_1662,1
3392,Druglike_1480-1_out,-7.597,NC(=O)Nc1cc(CC(=O)[O-])ccc1F,Druglike,Druglike_1480,1
3393,Druglike_367-1_out,-7.596,NCC#CC(=O)C1=CCC=C(C(=O)[O-])O1,Druglike,Druglike_367,1
3394,HighDiv_860-1_out,-7.595,Cc1c(SCS(=O)(=O)[O-])ccc(N2C=NOC2)c1O,HighDiv,HighDiv_860,1
3395,HighDiv_881-1_out,-7.593,[NH3+]Cc1cc(-c2cc([O-])c(F)cc2N=O)c(CO)[nH]1,HighDiv,HighDiv_881,1
3396,HighDiv_2283-1_out,-7.593,OC[C@H]1C=C(/C=C/c2c([S-])ccnc2I)OC1,HighDiv,HighDiv_2283,1
3397,HighDiv_1906-1_out,-7.592,C#C[C@@H](C)C(=O)Oc1ccc(S[S-])c([O-])c1I,HighDiv,HighDiv_1906,1
3398,HighDiv_1575-1_out,-7.592,C=Cc1oc(=O)cc(C2=CNNC2)c1C(=O)[O-],HighDiv,HighDiv_1575,1
3399,Druglike_1964-2_out,-7.592,CC/C=C/c1nc[nH]c1-c1cccc(CO)n1,Druglike,Druglike_1964,2
3400,Druglike_289-1_out,-7.591,O=C([O-])/C=C(\C(=O)[O-])c1ccc(CO)c(O)c1,Druglike,Druglike_289,1
3401,Druglike_1242-1_out,-7.59,CCCCC[C@@](N)(C#CC1=CC(=O)CC1)C[NH3+],Druglike,Druglike_1242,1
3402,HighDiv_222-1_out,-7.589,O=C([O-])Cc1nc(-c2nc(C(=O)[O-])c(CCl)cc2I)n[nH]1,HighDiv,HighDiv_222,1
3403,Druglike_1951-1_out,-7.589,CCc1c(-c2nnc(CO)o2)[nH]c(CNC[NH2+]C)cc1=O,Druglike,Druglike_1951,1
3404,HighDiv_500-1_out,-7.587,CC(=O)Cc1cc(-c2cc([O-])c(F)cc2N=O)c(C=S)[nH]1,HighDiv,HighDiv_500,1
3405,Druglike_744-1_out,-7.586,CC[C@@H](O)/C=C\Cc1cnc(C(=O)[O-])c(Br)c1,Druglike,Druglike_744,1
3406,Druglike_2025-1_out,-7.586,[NH3+]Cc1cc(-c2nc[nH]n2)ccc1OCC(=O)[O-],Druglike,Druglike_2025,1
3407,HighDiv_1526-1_out,-7.586,CC/C(=C\COc1cc(F)ccc1F)[C@@H]([NH3+])[O-],HighDiv,HighDiv_1526,1
3408,Druglike_806-1_out,-7.585,CCCC#C[C@@H](O)c1cccc(CCO)c1,Druglike,Druglike_806,1
3409,HighDiv_2257-1_out,-7.584,CC#CCc1cc(-c2c(I)ncc(O)c2CS)c[nH]1,HighDiv,HighDiv_2257,1
3410,Druglike_1640-1_out,-7.582,O=C([O-])c1noc(-c2cnco2)c1C#CCO,Druglike,Druglike_1640,1
3411,HighDiv_84-1_out,-7.581,CCC/C=C/c1nc(-c2n[nH]c(CC(=O)[O-])n2)c(I)cc1Cl,HighDiv,HighDiv_84,1
3412,HighDiv_1094-1_out,-7.581,CSC/C=C/CCc1oc(C(=O)[O-])nc1CO,HighDiv,HighDiv_1094,1
3413,Druglike_803-1_out,-7.581,[NH3+]CCn1cnnc1C#Cc1nnc(CO)n1CCl,Druglike,Druglike_803,1
3414,HighDiv_813-1_out,-7.58,C=CNCCc1cc(N2CCNC2=O)cc(O)c1C=S,HighDiv,HighDiv_813,1
3415,Druglike_2074-1_out,-7.58,[NH3+]CC1=C[C@H](/C=C/c2nocc2C(=O)[O-])C1,Druglike,Druglike_2074,1
3416,HighDiv_2013-1_out,-7.578,CC#CC[C@H](Cl)/C=C/c1c(I)[nH]cc([O-])c1=S,HighDiv,HighDiv_2013,1
3417,Druglike_1623-2_out,-7.578,Nc1ccnc(/C(=C\CO)c2cnn[nH]2)n1,Druglike,Druglike_1623,2
3418,HighDiv_932-1_out,-7.576,CCNC/C(=C\C(N)=O)C(=O)c1cc(N=O)c(Br)cc1[O-],HighDiv,HighDiv_932,1
3419,HighDiv_783-1_out,-7.576,[NH3+]CC/C=C(\CCCF)C(=O)c1cc(N=O)c(Br)cc1[O-],HighDiv,HighDiv_783,1
3420,Druglike_1421-1_out,-7.576,CCOc1ccc(NC(N)=O)cc1CC(=O)[O-],Druglike,Druglike_1421,1
3421,HighDiv_1987-1_out,-7.575,OC[C@H](/C=C/c1cc(F)cc(F)c1O)[NH2+]CCS,HighDiv,HighDiv_1987,1
3422,HighDiv_914-1_out,-7.574,O=NCCCNC(=O)c1ccc(I)c(CS)c1,HighDiv,HighDiv_914,1
3423,HighDiv_895-1_out,-7.573,[NH3+]Cc1cc(O)c([S-])cc1N1C=NC(CBr)=CC1,HighDiv,HighDiv_895,1
3424,HighDiv_891-1_out,-7.571,O=Nc1cc(C(=O)[O-])cc([S-])c1Br,HighDiv,HighDiv_891,1
3425,HighDiv_1878-1_out,-7.57,O=C(Cc1ccc(S[S-])c(O)c1I)OCc1cnco1,HighDiv,HighDiv_1878,1
3426,HighDiv_1056-1_out,-7.57,OCc1cc(F)c(O)cc1-c1cnon1,HighDiv,HighDiv_1056,1
3427,Druglike_670-1_out,-7.57,CC(F)(F)CC(=O)c1o[n-]c(=O)c1CC(=O)[O-],Druglike,Druglike_670,1
3428,HighDiv_2000-1_out,-7.569,CC#CC(=O)O[C@@H](C(=O)[O-])c1ccc(I)c(O)c1,HighDiv,HighDiv_2000,1
3429,HighDiv_2086-1_out,-7.569,CCCc1c(/C=C\C(=O)[O-])ccc2c1N[C@@H]([NH2+]CCO)N2,HighDiv,HighDiv_2086,1
3430,HighDiv_2277-1_out,-7.569,CC(=O)Cc1cc(I)cc2c1N[C@H]([NH2+]CC(=O)[N+](=O)[O-])N2,HighDiv,HighDiv_2277,1
3431,HighDiv_632-1_out,-7.568,NOc1cc(C(=O)[O-])cc([N+](=O)[O-])c1Br,HighDiv,HighDiv_632,1
3432,Druglike_936-1_out,-7.568,[NH3+]C[C@@H](C/C=C/c1cc(O)ccc1I)C(=O)[O-],Druglike,Druglike_936,1
3433,Druglike_887-4_out,-7.566,[H]/N=C(/C)[C@H](C)c1o[n-]c(=O)c1CC(=O)[O-],Druglike,Druglike_887,4
3434,HighDiv_846-2_out,-7.566,C/C=C/CC[NH2+]Cc1cc(C/C=C/CN[NH3+])ccc1I,HighDiv,HighDiv_846,2
3435,HighDiv_1810-1_out,-7.566,C=C[C@H](CC(=O)OCc1cccc(CCO)c1)ON,HighDiv,HighDiv_1810,1
3436,Druglike_968-2_out,-7.566,Cc1ccc(O)cc1-c1cnn[nH]1,Druglike,Druglike_968,2
3437,HighDiv_12-1_out,-7.566,NN[C@@H](C#CCC[N+](=O)[O-])c1ccc(I)c(CO)c1,HighDiv,HighDiv_12,1
3438,HighDiv_2080-1_out,-7.564,[NH3+]CCOC[C@H](O)/C=C\C=C\c1ccc(F)c(Br)c1,HighDiv,HighDiv_2080,1
3439,Druglike_559-1_out,-7.561,O=C([O-])Cc1c(C(=O)CNC(F)F)o[n-]c1=O,Druglike,Druglike_559,1
3440,Druglike_1577-1_out,-7.561,NCC#Cc1c(C(=O)[O-])noc1C(F)F,Druglike,Druglike_1577,1
3441,HighDiv_1815-1_out,-7.56,N[C@H](Cc1cn[nH]n1)C(=O)/C=C/C1=CCON1,HighDiv,HighDiv_1815,1
3442,HighDiv_2023-1_out,-7.559,NOc1ccc([S-])c2ncn(CC(F)F)c12,HighDiv,HighDiv_2023,1
3443,Druglike_768-1_out,-7.559,O=C([O-])Cc1c(O)noc1[C@@H](CCCO)N1C=NOC1,Druglike,Druglike_768,1
3444,Druglike_1211-2_out,-7.558,[NH3+]C/C=C/[C@@H](CCO)NCc1cccc(Cl)c1,Druglike,Druglike_1211,2
3445,Druglike_273-1_out,-7.557,O=C([O-])c1c[nH]c(=O)nc1[C@@H](O)/C=C/CCl,Druglike,Druglike_273,1
3446,Druglike_369-1_out,-7.557,C[C@@H](C[NH3+])NCc1nc(C#Cc2nnc(CO)[n-]2)n[nH]1,Druglike,Druglike_369,1
3447,Druglike_957-1_out,-7.557,COCNC[C@H](O)C[NH2+]C/C=C/c1cc(F)ccc1F,Druglike,Druglike_957,1
3448,HighDiv_2175-1_out,-7.556,C=CCC1=CN[C@H](/C=C(\C(=O)[O-])c2cnn(C)c2)C=N1,HighDiv,HighDiv_2175,1
3449,Druglike_1222-1_out,-7.556,[NH3+]C/C(=C\Cc1cnon1)CCc1ncoc1C[NH3+],Druglike,Druglike_1222,1
3450,HighDiv_2041-1_out,-7.556,C=CC[C@@H](C(=O)[O-])c1ccc(I)c(O)c1,HighDiv,HighDiv_2041,1
3451,HighDiv_777-1_out,-7.555,CC/C=C(\CON)C(=O)c1cc(N=O)c(Br)cc1[O-],HighDiv,HighDiv_777,1
3452,HighDiv_1306-1_out,-7.554,C=CCc1cc(O)c(O)cc1C(=O)CCNN,HighDiv,HighDiv_1306,1
3453,Druglike_2050-1_out,-7.554,[NH3+]C/C=C/c1nc[nH]c1-c1cccc(CC(=O)[O-])n1,Druglike,Druglike_2050,1
3454,HighDiv_694-1_out,-7.554,C=CCc1cc(N2CCNC2=O)cc(O)c1C=S,HighDiv,HighDiv_694,1
3455,HighDiv_1630-1_out,-7.554,C/C(=C\C(C(=O)[O-])=C(/CO)c1ccc(C(=O)[O-])cc1)[N+](=O)[O-],HighDiv,HighDiv_1630,1
3456,Druglike_134-1_out,-7.554,[NH3+][C@@H](/C=C/CC(=O)OCC(=O)[O-])C1=CCC=C1,Druglike,Druglike_134,1
3457,HighDiv_949-1_out,-7.553,COCC(=O)c1cc([O-])c(Br)c(OCCS(N)(=O)=O)c1,HighDiv,HighDiv_949,1
3458,HighDiv_703-1_out,-7.552,CCOCc1cc(C(=O)[O-])cc(ON)c1Br,HighDiv,HighDiv_703,1
3459,HighDiv_856-1_out,-7.55,NNC/C=C/C(=O)c1ccc(Br)c(N=O)c1,HighDiv,HighDiv_856,1
3460,Druglike_1039-2_out,-7.55,OCc1nnc(C#Cc2n[nH]c(CBr)n2)n1CBr,Druglike,Druglike_1039,2
3461,Druglike_1702-1_out,-7.55,O=C(/C=C/C1=NCCCO1)c1n[nH]c([O-])c1CCCO,Druglike,Druglike_1702,1
3462,Druglike_298-1_out,-7.547,O=C([O-])c1c(O)ccc2c1OCN2,Druglike,Druglike_298,1
3463,HighDiv_824-1_out,-7.546,C=CCc1cc(N2CCNC2=O)cc(O)c1C[NH3+],HighDiv,HighDiv_824,1
3464,Druglike_2060-1_out,-7.546,O=C([O-])[C@@H](C1=CCON1)c1cc([O-])cc(=O)o1,Druglike,Druglike_2060,1
3465,HighDiv_609-1_out,-7.543,C=CCONCc1c[nH]c(=O)c2c1cc(C(=O)[O-])n2CC,HighDiv,HighDiv_609,1
3466,Druglike_238-1_out,-7.542,O=C([O-])Cc1c(O)noc1Cc1ccccc1,Druglike,Druglike_238,1
3467,Druglike_1592-1_out,-7.541,C[C@@H](O)/C=C(/c1cn[nH]n1)c1cncc(NCCCl)n1,Druglike,Druglike_1592,1
3468,Druglike_943-1_out,-7.54,CC(=O)N[C@H](CO)C/C=C/c1cc(O)ccc1I,Druglike,Druglike_943,1
3469,Druglike_873-1_out,-7.54,C/C(=C/Cc1ccc(Br)c(O)c1)C(=O)[O-],Druglike,Druglike_873,1
3470,HighDiv_1863-1_out,-7.539,O=C([O-])c1cc(O)c(S(=O)(=O)[O-])c2ncsc12,HighDiv,HighDiv_1863,1
3471,Druglike_1930-1_out,-7.538,C=CCc1c(-c2cc(O)cc(CO)c2)coc1CC(=O)[O-],Druglike,Druglike_1930,1
3472,Druglike_942-1_out,-7.538,COc1ccc2c(c1C(=O)[O-])OCN2,Druglike,Druglike_942,1
3473,HighDiv_1428-1_out,-7.538,C/C=C/c1cc(C(=O)CO)cc(O)c1O,HighDiv,HighDiv_1428,1
3474,HighDiv_739-1_out,-7.538,O=Nc1cc(C(=O)/C(=C/CC(=O)[O-])CO)c([O-])cc1Br,HighDiv,HighDiv_739,1
3475,HighDiv_1130-1_out,-7.537,O=S(=O)([O-])C/C=C/c1c(Br)ccc(CNCO)c1F,HighDiv,HighDiv_1130,1
3476,HighDiv_2071-2_out,-7.536,O=C([O-])Cc1ccc([S-])c2[nH]cnc12,HighDiv,HighDiv_2071,2
3477,HighDiv_892-2_out,-7.535,CCNC/C(=C\C[NH2+]C)C(=O)c1cc(N=O)c(Br)cc1[O-],HighDiv,HighDiv_892,2
3478,HighDiv_1804-1_out,-7.535,O=C(CO)c1cc(=O)c(-c2ncn[nH]2)c[nH]1,HighDiv,HighDiv_1804,1
3479,HighDiv_2234-1_out,-7.534,C=C[C@H](NCO)c1ccc([N+](=O)[O-])c(NC(N)=O)c1,HighDiv,HighDiv_2234,1
3480,Druglike_747-2_out,-7.534,Oc1cc(Cl)cc(-c2cnn[nH]2)c1,Druglike,Druglike_747,2
3481,HighDiv_349-1_out,-7.534,C=C[C@@H](C#Cc1cccc(O)c1)CCO,HighDiv,HighDiv_349,1
3482,HighDiv_690-1_out,-7.533,CCCC/C(=C\CC[NH3+])C(=O)c1cc(N=O)c(Br)cc1[O-],HighDiv,HighDiv_690,1
3483,HighDiv_1427-1_out,-7.533,C=CC(=O)c1cc(O)c(O)c([S-])c1,HighDiv,HighDiv_1427,1
3484,HighDiv_2090-1_out,-7.531,OCC[C@@H](/C=C/c1cc(F)cc(F)c1O)NO,HighDiv,HighDiv_2090,1
3485,HighDiv_1822-1_out,-7.53,C=C[C@H](COc1ccc(CC)c(O)c1)OC(=O)CS,HighDiv,HighDiv_1822,1
3486,HighDiv_309-1_out,-7.529,CCCc1cc(-c2cc([O-])c(F)cc2N=O)c(C=S)[nH]1,HighDiv,HighDiv_309,1
3487,Druglike_1431-1_out,-7.528,CCNC(=O)C1=C[C@@H](CCCC[NH3+])C=C(CO)O1,Druglike,Druglike_1431,1
3488,HighDiv_919-1_out,-7.526,NC(=O)CCOCc1cc(C(=O)N=O)cc(C[NH3+])c1Br,HighDiv,HighDiv_919,1
3489,HighDiv_2098-1_out,-7.524,C/C=C/Cn1ccc(-c2c(I)ncc(O)c2CS)c1,HighDiv,HighDiv_2098,1
3490,Druglike_1631-1_out,-7.524,CC(=O)CCNC(=O)C1=CCC=C(CO)O1,Druglike,Druglike_1631,1
3491,HighDiv_536-1_out,-7.522,CCc1c(O)cc(N2CCNC2=O)cc1CCO,HighDiv,HighDiv_536,1
3492,Druglike_926-1_out,-7.52,CC(=O)[C@H](N)C/C=C/c1cc(O)ccc1I,Druglike,Druglike_926,1
3493,HighDiv_1004-1_out,-7.52,NC1=N[C@H](C(=O)c2cc(C[NH3+])c(Br)c(N=O)c2)CO1,HighDiv,HighDiv_1004,1
3494,Druglike_804-1_out,-7.519,O=C(Cc1cccc(Cl)c1O)c1cn[n-]n1,Druglike,Druglike_804,1
3495,HighDiv_1563-1_out,-7.518,O=c1cc(-c2c(CCF)ncc([O-])c2[S-])cc[nH]1,HighDiv,HighDiv_1563,1
3496,HighDiv_2039-1_out,-7.518,CC#Cc1nc(C(=O)NN)[nH]c1[N+](=O)[O-],HighDiv,HighDiv_2039,1
3497,HighDiv_2062-1_out,-7.516,C[C@@H]([NH3+])Cc1nc(/C=C/c2c([S-])ccnc2I)n[nH]1,HighDiv,HighDiv_2062,1
3498,HighDiv_2278-1_out,-7.515,C=C[C@@H]([NH3+])COC(=O)C#Cc1cc(O)cnc1I,HighDiv,HighDiv_2278,1
3499,HighDiv_867-1_out,-7.515,[NH3+]CCOc1cc(Nc2cc(F)cc([S-])c2Br)cnc1CO,HighDiv,HighDiv_867,1
3500,HighDiv_600-1_out,-7.514,O=C1NCCN1c1cc(O)cc(CSCO)c1,HighDiv,HighDiv_600,1
3501,Druglike_655-2_out,-7.514,Oc1ccc(Cl)c(-c2cnn[nH]2)c1,Druglike,Druglike_655,2
3502,HighDiv_1175-1_out,-7.513,NCC(=O)C1=C[C@H](/C(=C/C[NH3+])Cc2cc(O)cc(Cl)c2Cl)C1,HighDiv,HighDiv_1175,1
3503,HighDiv_1279-1_out,-7.513,O=C([O-])c1c(O)cc(-c2nnc([S-])o2)cc1Br,HighDiv,HighDiv_1279,1
3504,Druglike_1397-1_out,-7.512,C=C[C@H](C(=O)[O-])c1cc(NC(N)=O)ccc1OCN,Druglike,Druglike_1397,1
3505,HighDiv_1854-1_out,-7.511,O=C([O-])c1cccc2c1ccn2CCCCCO,HighDiv,HighDiv_1854,1
3506,HighDiv_1107-1_out,-7.511,C[NH2+]Cc1nc(-c2nonc2C(=O)[O-])n[n-]1,HighDiv,HighDiv_1107,1
3507,Druglike_387-1_out,-7.51,CC#Cc1ccc(NC(=O)[C@@H](O)C[NH3+])cc1Cl,Druglike,Druglike_387,1
3508,HighDiv_253-1_out,-7.506,NOc1cc(C(=O)[O-])cc(-n2nc[nH]c2=S)c1Br,HighDiv,HighDiv_253,1
3509,Druglike_954-1_out,-7.506,O=C([O-])n1c(-c2cc(Br)c(CCCCCl)cn2)n[nH]c1=O,Druglike,Druglike_954,1
3510,Druglike_1582-1_out,-7.506,NC(=O)Nc1cc(CCO)cc(CCCCl)c1,Druglike,Druglike_1582,1
3511,Druglike_1686-1_out,-7.505,CC[NH2+]C/C=C/c1cc(C[NH3+])cc(NC(N)=O)c1,Druglike,Druglike_1686,1
3512,Druglike_499-1_out,-7.504,O=C([O-])Cc1c(C(=O)Cc2cnn[nH]2)o[n-]c1=O,Druglike,Druglike_499,1
3513,Druglike_1519-1_out,-7.504,CCOC(=O)c1c(C(=O)[O-])c[nH]c1/C=C/C(=O)CC[NH3+],Druglike,Druglike_1519,1
3514,HighDiv_1912-1_out,-7.503,CC(=O)c1cc(O)c([O-])cc1F,HighDiv,HighDiv_1912,1
3515,HighDiv_1531-1_out,-7.503,OCc1ccc(COCc2n[nH]c(=S)[nH]2)c(S)c1,HighDiv,HighDiv_1531,1
3516,Druglike_2005-1_out,-7.502,CC/C=C(\C)CC(=O)c1cc(C(=O)[O-])[nH]c1C[NH3+],Druglike,Druglike_2005,1
3517,HighDiv_774-1_out,-7.502,O=C(CO)n1nc(CCl)nc1/C=C/[C@@H]([S-])c1ncn[nH]1,HighDiv,HighDiv_774,1
3518,Druglike_1613-1_out,-7.502,N[C@@H](C#CC(=O)c1cc([O-])[nH]n1)CBr,Druglike,Druglike_1613,1
3519,Druglike_1250-1_out,-7.5,C=C[C@@H](CCc1cc(Br)oc1C(=O)NCCO)c1ccon1,Druglike,Druglike_1250,1
3520,HighDiv_302-1_out,-7.499,C=Cc1nc(-c2n[nH]c(CC(=O)[O-])n2)c(I)cc1C(C)=O,HighDiv,HighDiv_302,1
3521,HighDiv_241-1_out,-7.497,O=Nc1cc(C(=O)CS)cc([O-])c1Br,HighDiv,HighDiv_241,1
3522,HighDiv_1390-1_out,-7.497,O=C([O-])c1c(-c2ncn[nH]2)cc(=O)oc1CS,HighDiv,HighDiv_1390,1
3523,HighDiv_1470-1_out,-7.495,C[C@H](CO)Nc1cc(O)c([O-])c([N+](=O)[O-])c1,HighDiv,HighDiv_1470,1
3524,Druglike_230-1_out,-7.495,O=C([O-])c1c[nH]c(-c2cn[nH]c2)c1CCO,Druglike,Druglike_230,1
3525,HighDiv_1089-1_out,-7.494,COCCCOc1cncc(Nc2cc(F)cc([S-])c2Br)c1,HighDiv,HighDiv_1089,1
3526,Druglike_462-1_out,-7.494,C=Cc1c(Br)ccnc1-c1oc(CO)nc1C(N)=O,Druglike,Druglike_462,1
3527,Druglike_746-1_out,-7.493,C=Cc1c(Br)ccnc1-c1oc(CNCC(C)=O)nc1C(N)=O,Druglike,Druglike_746,1
3528,HighDiv_144-1_out,-7.493,O=Nc1cc(C(=O)[C@@H](Br)C(=O)[O-])cc([O-])c1Br,HighDiv,HighDiv_144,1
3529,Druglike_1304-1_out,-7.493,O=C(CBr)[C@@H]1CC=C(/C(=C\Cc2cc(=O)[n-]o2)CO)O1,Druglike,Druglike_1304,1
3530,HighDiv_2188-1_out,-7.493,O=C([O-])C[C@@H](C(=O)[O-])c1ccc(I)c(O)c1,HighDiv,HighDiv_2188,1
3531,Druglike_674-1_out,-7.492,CCc1ccc(-c2cn[nH]n2)cc1O,Druglike,Druglike_674,1
3532,Druglike_706-1_out,-7.492,[NH3+]C/C=C/[C@@H](O)CCc1cc(Cl)cc(CO)c1,Druglike,Druglike_706,1
3533,HighDiv_2208-1_out,-7.491,C=C[C@H](C(=O)[O-])c1ccc(CC(=O)[O-])c(Cl)c1,HighDiv,HighDiv_2208,1
3534,Druglike_852-1_out,-7.491,O=C([O-])c1c[nH]c(=O)nc1CCCC(F)F,Druglike,Druglike_852,1
3535,Druglike_588-1_out,-7.49,CC/C=C\CC(=O)c1o[n-]c(=O)c1CC(=O)[O-],Druglike,Druglike_588,1
3536,HighDiv_788-1_out,-7.49,Oc1cc(-c2nc(CS)no2)c(O)cc1F,HighDiv,HighDiv_788,1
3537,HighDiv_2050-1_out,-7.49,OCCOCc1nc(/C=C/c2c(I)ncc(O)c2[S-])n[nH]1,HighDiv,HighDiv_2050,1
3538,HighDiv_880-1_out,-7.49,O=Nc1cc(C(=O)/C(=C/CC(=O)[O-])CCl)c([O-])cc1Br,HighDiv,HighDiv_880,1
3539,HighDiv_750-1_out,-7.489,NC(=O)c1cc(-c2ccc(F)c(Br)c2CCO)on1,HighDiv,HighDiv_750,1
3540,HighDiv_373-1_out,-7.487,O=Nc1cc(C(=O)CNO)c(N=O)cc1Br,HighDiv,HighDiv_373,1
3541,HighDiv_2197-1_out,-7.487,CC[C@H](CCl)C(=O)NOCc1cc(Br)c([S-])cc1[S-],HighDiv,HighDiv_2197,1
3542,Druglike_1460-1_out,-7.487,C[C@@H](O)/C=C(/c1cn[nH]n1)c1cncc(NCCl)n1,Druglike,Druglike_1460,1
3543,HighDiv_219-1_out,-7.486,C=Cc1[nH]c(CBr)cc1-c1cc([O-])c(F)cc1N=O,HighDiv,HighDiv_219,1
3544,Druglike_1507-1_out,-7.486,O=C([O-])[C@@H](F)CCC/C=C/c1nnc(CO)o1,Druglike,Druglike_1507,1
3545,HighDiv_1776-1_out,-7.485,Nc1cc(CO)c(O)cc1C#C[C@@H](O)CCCO,HighDiv,HighDiv_1776,1
3546,Druglike_337-1_out,-7.485,OCc1cc(O)cc(-c2cn[nH]n2)c1,Druglike,Druglike_337,1
3547,Druglike_2031-1_out,-7.484,C#CCOc1ccc(-c2nc[nH]n2)cc1C[NH3+],Druglike,Druglike_2031,1
3548,HighDiv_910-1_out,-7.484,C=CC[C@H]([NH2+]CCO)c1cc(C/C=C/CNN)ccc1I,HighDiv,HighDiv_910,1
3549,Druglike_1209-1_out,-7.484,C=Cc1coc(CO)c1-c1ccc(=O)[nH]n1,Druglike,Druglike_1209,1
3550,HighDiv_689-1_out,-7.484,[H]/N=C(\CC[NH2+]C)C(=O)c1cc([O-])c(Br)c(Cl)c1,HighDiv,HighDiv_689,1
3551,HighDiv_833-1_out,-7.483,OCC/C=C/c1cc2cc[nH]c2c(S)c1O,HighDiv,HighDiv_833,1
3552,Druglike_1882-1_out,-7.483,CCc1cccc(-c2nc[nH]c2/C=C/CO)n1,Druglike,Druglike_1882,1
3553,Druglike_1185-1_out,-7.483,O=c1ccc(-c2oc(CCI)nc2CO)n[nH]1,Druglike,Druglike_1185,1
3554,Druglike_1219-1_out,-7.482,C[C@@H](O)C/C=C/c1cc(Cl)ccc1O,Druglike,Druglike_1219,1
3555,HighDiv_431-1_out,-7.482,NOc1cc(C(=O)[O-])cc(CCCl)c1Br,HighDiv,HighDiv_431,1
3556,HighDiv_1144-1_out,-7.482,CC[C@@H](/C=C/c1cnc(CO)c(C=S)c1)CON,HighDiv,HighDiv_1144,1
3557,HighDiv_2235-1_out,-7.481,O=C(CCN1C=CCN1)OCc1cc(Br)c(I)cc1[S-],HighDiv,HighDiv_2235,1
3558,HighDiv_2279-1_out,-7.481,CC/C=N/c1ccc(CC(=O)[O-])cc1Cl,HighDiv,HighDiv_2279,1
3559,Druglike_1315-1_out,-7.481,O=C1OCC=C1c1nn[nH]c1/C=C\CNCO,Druglike,Druglike_1315,1
3560,HighDiv_1502-2_out,-7.48,O=c1[n-]nc(/C=C/[C@@H](CO)N2CCNC2=S)c(=O)[nH]1,HighDiv,HighDiv_1502,2
3561,HighDiv_1127-1_out,-7.48,CC(=O)C#CCNC(=O)c1cc([S-])c(I)cc1[S-],HighDiv,HighDiv_1127,1
3562,HighDiv_664-1_out,-7.479,O=C([O-])c1nc([C@H](O)c2ncn[nH]2)co1,HighDiv,HighDiv_664,1
3563,HighDiv_1703-1_out,-7.477,C/C=C/c1cc([N+](=O)[O-])cc(CO)c1[S-],HighDiv,HighDiv_1703,1
3564,HighDiv_1991-1_out,-7.477,COCc1nc(-c2cccc(F)c2ON)c[nH]1,HighDiv,HighDiv_1991,1
3565,Druglike_634-1_out,-7.477,CC#CCO[C@H](Cl)c1nc(=O)[nH]cc1C(=O)[O-],Druglike,Druglike_634,1
3566,Druglike_1859-1_out,-7.475,CCc1cccc(-c2[nH]cnc2/C=C/C[NH3+])n1,Druglike,Druglike_1859,1
3567,HighDiv_1152-1_out,-7.474,NC(=O)c1cnc(C/C=C\[C@@H](Br)CO)c(I)c1,HighDiv,HighDiv_1152,1
3568,Druglike_1432-1_out,-7.473,NC(=O)Nc1cc(CF)cc(CC(=O)[O-])c1,Druglike,Druglike_1432,1
3569,Druglike_737-1_out,-7.473,[NH3+]CC1=C[C@@H](/C=C/c2cnc(CCl)c(Br)c2)NC(CO)=C1,Druglike,Druglike_737,1
3570,HighDiv_2183-1_out,-7.472,C=Cc1[nH]c(C=S)nc1-c1cccc(F)c1ON,HighDiv,HighDiv_2183,1
3571,HighDiv_1113-1_out,-7.472,C=CC#C[C@@H](NO)c1nc(C(=O)[O-])c[nH]1,HighDiv,HighDiv_1113,1
3572,HighDiv_533-1_out,-7.471,CC(=O)Oc1cc(C(=O)[O-])cc(ON)c1Br,HighDiv,HighDiv_533,1
3573,HighDiv_419-2_out,-7.471,CCC/C=C(\CN)C(=O)c1cc(N=O)c(Br)cc1[O-],HighDiv,HighDiv_419,2
3574,Druglike_1472-1_out,-7.471,CC/C=C/Cc1cc(CO)cc(C(=O)[O-])c1,Druglike,Druglike_1472,1
3575,HighDiv_145-1_out,-7.47,O=C1NCCN1c1cc(O)c(S)c(CCO)c1,HighDiv,HighDiv_145,1
3576,HighDiv_1846-1_out,-7.47,N[C@H](CCl)c1c[nH]cc1C(=O)C1=NN=CN(CC[NH3+])C1,HighDiv,HighDiv_1846,1
3577,HighDiv_604-1_out,-7.469,NC/C(=C\C(N)=O)C(=O)c1cc(N=O)c(Br)cc1[O-],HighDiv,HighDiv_604,1
3578,HighDiv_21-1_out,-7.469,C=C[C@H](O)c1cc(C(=O)CCNN)cc(N=O)c1Br,HighDiv,HighDiv_21,1
3579,HighDiv_1193-1_out,-7.468,O=C(CO)Oc1cc(C(=O)CCl)cc(CO)c1Br,HighDiv,HighDiv_1193,1
3580,HighDiv_807-1_out,-7.467,NOc1cc(C(=O)[O-])c(N=O)cc1Br,HighDiv,HighDiv_807,1
3581,HighDiv_2285-1_out,-7.466,NS(=O)(=O)OCc1ccc([C@H](C=S)C(=O)[O-])cc1Cl,HighDiv,HighDiv_2285,1
3582,HighDiv_2240-1_out,-7.466,OCC[C@@H](/C=C/c1cc(F)cc(F)c1O)CO,HighDiv,HighDiv_2240,1
3583,HighDiv_182-1_out,-7.466,NOc1cc(C(=O)[O-])cc(CCCO)c1Br,HighDiv,HighDiv_182,1
3584,Druglike_1049-1_out,-7.465,Cc1nc(C(=O)c2c[nH]c(C(=O)[O-])c2)ncc1/C=C/c1ccc(I)c(Cl)c1,Druglike,Druglike_1049,1
3585,HighDiv_2248-1_out,-7.465,NC(=O)Nc1cc(OCCl)ccc1[N+](=O)[O-],HighDiv,HighDiv_2248,1
3586,HighDiv_1347-1_out,-7.464,C=Cc1[nH+]cc([O-])cc1C#CC[C@H]([NH3+])CS,HighDiv,HighDiv_1347,1
3587,HighDiv_1079-1_out,-7.464,O=C([O-])c1nc(CO)c(CC/C=C\CF)o1,HighDiv,HighDiv_1079,1
3588,Druglike_2049-1_out,-7.463,CC(=O)COc1ccc(-c2nc[nH]n2)cc1C[NH3+],Druglike,Druglike_2049,1
3589,Druglike_212-1_out,-7.462,Nc1nc([C@@H](Cl)C(=O)[O-])nc2[nH]ncc12,Druglike,Druglike_212,1
3590,Druglike_1413-1_out,-7.461,NC(=O)Nc1cc(Br)cc(CC(=O)[O-])c1,Druglike,Druglike_1413,1
3591,Druglike_1347-2_out,-7.461,NC(=O)[C@@H]([NH3+])/C=C/Cc1ccc(Cl)c(Cl)c1,Druglike,Druglike_1347,2
3592,HighDiv_524-1_out,-7.46,Cc1cc(I)c([S-])cc1C(=O)NCC#CC[NH3+],HighDiv,HighDiv_524,1
3593,HighDiv_2014-1_out,-7.459,Nc1sc([C@H](O)CC#Cc2nc[nH]n2)c[n+]1CS,HighDiv,HighDiv_2014,1
3594,HighDiv_818-1_out,-7.459,O=C1NCCN1c1ccc(O)c(O)c1,HighDiv,HighDiv_818,1
3595,Druglike_1002-1_out,-7.459,O=C([O-])[C@@H]1CN/C(=C\Cc2nc(Cl)c[nH]2)N1,Druglike,Druglike_1002,1
3596,Druglike_732-1_out,-7.456,Nc1ccc(C[C@@H]([NH3+])CCF)cc1/C=C/C[NH2+]CCO,Druglike,Druglike_732,1
3597,HighDiv_997-1_out,-7.456,[NH3+]C/C=C(\C=C/CO)C(=O)c1cc(N=O)c(Br)cc1[O-],HighDiv,HighDiv_997,1
3598,Druglike_680-1_out,-7.454,[NH3+]C/C(=C\c1ccc(Cl)c(Cl)c1)CC(=O)NCCO,Druglike,Druglike_680,1
3599,Druglike_599-1_out,-7.454,CCOc1ccc(N)c(/C=C/C[NH2+]CCO)c1,Druglike,Druglike_599,1
3600,Druglike_1905-1_out,-7.451,O=C([O-])CCNC(=O)c1ccc(O)cc1O,Druglike,Druglike_1905,1
3601,HighDiv_752-1_out,-7.451,NCC(=O)O[C@@H](C#Cc1cc(N)cc(O)c1)CO,HighDiv,HighDiv_752,1
3602,Druglike_1620-1_out,-7.45,C=Cc1cc(NC(N)=O)cc([C@@H]([NH3+])CC)c1,Druglike,Druglike_1620,1
3603,Druglike_766-1_out,-7.45,O=c1n(CBr)nc(CCO)n1CC[C@H]1CCC[NH2+]1,Druglike,Druglike_766,1
3604,Druglike_2017-1_out,-7.45,CCC[C@@H]([NH3+])c1ccc(CC#CCO)c(O)c1,Druglike,Druglike_2017,1
3605,HighDiv_2206-1_out,-7.45,C[NH2+][C@@H](/C=C/c1cc(F)cc(F)c1O)CO,HighDiv,HighDiv_2206,1
3606,Druglike_1428-1_out,-7.449,Cc1cc(CC(=O)[O-])cc(NC(N)=O)c1,Druglike,Druglike_1428,1
3607,HighDiv_2311-1_out,-7.448,NC(=O)/C=C/CCC(=O)OCc1cc(Br)c(I)cc1[S-],HighDiv,HighDiv_2311,1
3608,Druglike_600-1_out,-7.448,Oc1cc(Br)cc(-c2c[nH]nn2)c1,Druglike,Druglike_600,1
3609,HighDiv_612-1_out,-7.446,CC[NH2+]C[C@H](F)c1cc(C(=O)[O-])cc(ON)c1Br,HighDiv,HighDiv_612,1
3610,HighDiv_2232-1_out,-7.446,N[C@@H]([NH3+])Nc1cc([S-])c(CCCc2ccno2)cc1Br,HighDiv,HighDiv_2232,1
3611,Druglike_989-1_out,-7.446,O=C(CO)Nc1ccc(C#CCCO)c(Cl)c1,Druglike,Druglike_989,1
3612,HighDiv_655-1_out,-7.445,NOc1cc(C(=O)[O-])cc(NC([O-])=S)c1Br,HighDiv,HighDiv_655,1
3613,Druglike_1012-1_out,-7.445,OCCc1ccc(-c2cnon2)c(CO)c1,Druglike,Druglike_1012,1
3614,Druglike_1001-1_out,-7.444,CC[C@H](O)C1=CCC=C(C(=O)N/C=C\C[NH3+])O1,Druglike,Druglike_1001,1
3615,HighDiv_87-1_out,-7.442,[NH3+]CCCc1cc(C(=O)c2n[nH]c([S-])n2)cc(N=O)c1Br,HighDiv,HighDiv_87,1
3616,Druglike_695-1_out,-7.441,O=C([O-])CC[C@@H](O)Cc1cc(F)ccc1F,Druglike,Druglike_695,1
3617,HighDiv_579-1_out,-7.44,O=C1NCCN1c1cc(O)cc(CCS)c1,HighDiv,HighDiv_579,1
3618,HighDiv_2064-1_out,-7.44,Oc1cnc(I)c(/C=C/[C@@H](Cl)n2cccn2)c1[S-],HighDiv,HighDiv_2064,1
3619,HighDiv_1057-1_out,-7.438,OC[C@H](O)C#Cc1ccc(CCCS)c(Cl)c1Cl,HighDiv,HighDiv_1057,1
3620,HighDiv_530-1_out,-7.436,O=Nc1cc(C(=O)[C@@H](Br)CO)cc([O-])c1Br,HighDiv,HighDiv_530,1
3621,HighDiv_577-1_out,-7.435,NOc1cc(C(=O)[O-])cc(CCF)c1Br,HighDiv,HighDiv_577,1
3622,HighDiv_2265-1_out,-7.435,O=c1[nH]cc([C@@H](O)C#CC[NH2+]CCS)c(=O)[nH]1,HighDiv,HighDiv_2265,1
3623,HighDiv_1045-1_out,-7.435,C=CCc1oc(C(=O)[O-])nc1[C@H](C)O,HighDiv,HighDiv_1045,1
3624,HighDiv_356-1_out,-7.434,O=C1NCCN1c1cc(O)c(CCl)c(CCS)c1,HighDiv,HighDiv_356,1
3625,HighDiv_1576-1_out,-7.432,O=C([N-][SH](=O)=O)c1cc(O)c(O)c([S-])c1,HighDiv,HighDiv_1576,1
3626,Druglike_1517-1_out,-7.432,CCC(=O)OCc1ccccc1O[C@H](CO)C(=O)[O-],Druglike,Druglike_1517,1
3627,HighDiv_2136-1_out,-7.431,CC[C@@H](/C=C/c1cc(F)cc(F)c1O)ON,HighDiv,HighDiv_2136,1
3628,HighDiv_1561-1_out,-7.43,C=Cc1cc(C(=O)C[C@@H](C)[NH3+])cc(O)c1O,HighDiv,HighDiv_1561,1
3629,Druglike_202-1_out,-7.429,O=C([O-])Cc1nc([C@@H](Cl)N2C=NOC2)c[nH]1,Druglike,Druglike_202,1
3630,Druglike_1602-1_out,-7.429,NC(=O)Nc1cc(Br)ccc1/C=C/[C@H](O)C[NH3+],Druglike,Druglike_1602,1
3631,HighDiv_2296-1_out,-7.428,OC[C@@H](O)C/C=C/c1cc(F)cc(F)c1O,HighDiv,HighDiv_2296,1
3632,HighDiv_2159-1_out,-7.427,CS[C@@H](CCO)c1nc(/C=C/c2c([S-])ccnc2I)n[nH]1,HighDiv,HighDiv_2159,1
3633,Druglike_132-1_out,-7.426,C[C@@H]([NH3+])CCCc1nc(=O)[nH]cc1C(=O)[O-],Druglike,Druglike_132,1
3634,Druglike_1400-1_out,-7.426,NC(=O)Nc1ccc(/C=C/CO)c(CC(=O)[O-])c1,Druglike,Druglike_1400,1
3635,HighDiv_153-1_out,-7.425,NC/C(=C\C[N+](=O)[O-])C(=O)c1cc(N=O)c(Br)cc1[O-],HighDiv,HighDiv_153,1
3636,Druglike_687-1_out,-7.425,O=C([O-])Cc1c(C(=O)Cc2nc[nH]n2)o[n-]c1=O,Druglike,Druglike_687,1
3637,HighDiv_2200-1_out,-7.425,C[C@H](O)c1c(/C=C/C=C\CO)ccc(F)c1Br,HighDiv,HighDiv_2200,1
3638,Druglike_1295-2_out,-7.421,CCCN(CF)CC/C(C)=N/[C@H]1C=C(CO)C=C(C[NH3+])C1,Druglike,Druglike_1295,2
3639,HighDiv_1150-1_out,-7.42,CC[C@@H](S)C#CCc1oc(C(=O)[O-])nc1C[NH3+],HighDiv,HighDiv_1150,1
3640,HighDiv_905-1_out,-7.42,C[NH2+]Cc1ccc(Br)c(/C=C/CS(=O)(=O)[O-])c1F,HighDiv,HighDiv_905,1
3641,HighDiv_1762-1_out,-7.42,O=C(c1c[nH]cc1C=S)c1nn(C(=O)[O-])cc1Br,HighDiv,HighDiv_1762,1
3642,Druglike_306-1_out,-7.418,C=Cc1oc(C(=O)C2=CCCN2)nc1CC[NH3+],Druglike,Druglike_306,1
3643,Druglike_668-1_out,-7.417,Oc1cc(-c2cn[nH]n2)ccc1CBr,Druglike,Druglike_668,1
3644,HighDiv_1101-1_out,-7.416,O=C1NCCN1c1cc(O)cc(I)c1,HighDiv,HighDiv_1101,1
3645,HighDiv_549-1_out,-7.414,CCc1cc(C(=O)[O-])cc(ON)c1Br,HighDiv,HighDiv_549,1
3646,HighDiv_697-1_out,-7.414,CC(=O)[C@H](CCO)CCc1c(O)ccc(Cl)c1Cl,HighDiv,HighDiv_697,1
3647,HighDiv_134-1_out,-7.411,C=Cc1nc(-c2n[nH]c(CC(=O)[O-])n2)c(I)cc1C(=O)[O-],HighDiv,HighDiv_134,1
3648,HighDiv_1449-2_out,-7.411,[O-]c1cc(-c2nnn[n-]2)cc(Br)c1I,HighDiv,HighDiv_1449,2
3649,Druglike_631-1_out,-7.41,OCc1cc(O)cc(N2C=NOC2)c1,Druglike,Druglike_631,1
3650,HighDiv_1155-1_out,-7.409,O=C1NCCN1c1cc(O)cc(CO)c1,HighDiv,HighDiv_1155,1
3651,Druglike_562-2_out,-7.409,C=C[C@H](C)c1nc(=O)[nH]cc1C(=O)[O-],Druglike,Druglike_562,2
3652,HighDiv_658-1_out,-7.409,NOc1cc(C(=O)[O-])cc(CCl)c1Br,HighDiv,HighDiv_658,1
3653,Druglike_1180-1_out,-7.409,[NH3+]Cc1ocnc1CC/C(=C/Cc1cnon1)CO,Druglike,Druglike_1180,1
3654,HighDiv_2215-1_out,-7.408,[NH3+][C@@H]([O-])c1cnc(I)c(/C=C/c2cnco2)c1[S-],HighDiv,HighDiv_2215,1
3655,HighDiv_985-1_out,-7.408,OCc1ncc(-c2c[nH]nn2)c(Cl)c1I,HighDiv,HighDiv_985,1
3656,Druglike_1496-1_out,-7.407,[NH3+]C/C=C/C(F)(F)NC(=O)C1=CCC=C(CO)O1,Druglike,Druglike_1496,1
3657,Druglike_1382-1_out,-7.407,CC[C@H](C(=O)[O-])c1cc(CF)cc(NC(N)=O)c1,Druglike,Druglike_1382,1
3658,Druglike_1036-1_out,-7.407,O=C([O-])Cc1c(C(=O)Cc2cn[nH]c2)o[n-]c1=O,Druglike,Druglike_1036,1
3659,Druglike_2012-1_out,-7.406,CCCCOCCC(=O)c1cc(C(=O)[O-])[nH]c1C[NH3+],Druglike,Druglike_2012,1
3660,HighDiv_2223-1_out,-7.406,NOc1c(F)cccc1-c1c[nH]c(C=S)n1,HighDiv,HighDiv_2223,1
3661,HighDiv_691-1_out,-7.405,Nc1scc[n+]1C[C@@H](O)c1ccc(C[NH3+])c(I)c1,HighDiv,HighDiv_691,1
3662,HighDiv_1467-1_out,-7.405,Cc1[nH+]cc([O-])cc1C#C[C@@H](C[NH3+])CO,HighDiv,HighDiv_1467,1
3663,Druglike_1032-1_out,-7.405,O=C([O-])Cc1nc([C@@H](Cl)c2cnon2)c[nH]1,Druglike,Druglike_1032,1
3664,HighDiv_1085-1_out,-7.405,[NH3+]Cc1cc(C(=O)N=O)cc(/C=C/C(=O)NO)c1Br,HighDiv,HighDiv_1085,1
3665,HighDiv_1050-1_out,-7.404,CSCc1cc(O)cc(N2CCNC2=O)c1,HighDiv,HighDiv_1050,1
3666,Druglike_1454-1_out,-7.404,NC(=O)Nc1cccc(CC(=O)[O-])c1,Druglike,Druglike_1454,1
3667,Druglike_783-1_out,-7.404,CCc1ccc(/C=C/C[NH2+]CCO)c(N)c1,Druglike,Druglike_783,1
3668,Druglike_417-1_out,-7.4,C/C=C/[C@H](O)c1nc(=O)[nH]cc1C(=O)[O-],Druglike,Druglike_417,1
3669,Druglike_1685-1_out,-7.4,O=C([O-])[C@@H](O)C#Cc1cccnc1Cl,Druglike,Druglike_1685,1
3670,Druglike_454-1_out,-7.398,C=CC[C@H](O)c1nc(=O)[nH]cc1C(=O)[O-],Druglike,Druglike_454,1
3671,Druglike_2077-1_out,-7.398,CCOC(=O)/C=C/c1onc(O)c1C(=O)[O-],Druglike,Druglike_2077,1
3672,Druglike_399-1_out,-7.398,O=C([O-])Cc1c(C(=O)Cc2nnn[n-]2)o[n-]c1=O,Druglike,Druglike_399,1
3673,HighDiv_887-1_out,-7.395,NOc1cc(C(=O)[O-])cc([SH](=O)=O)c1Br,HighDiv,HighDiv_887,1
3674,Druglike_1607-1_out,-7.395,C#C[C@H](C[NH3+])c1cccc(NC(N)=O)c1,Druglike,Druglike_1607,1
3675,HighDiv_2299-1_out,-7.391,[NH3+]CCc1c(Br)c(C(=O)Oc2cncc(Br)c2)nn1CS,HighDiv,HighDiv_2299,1
3676,Druglike_1735-1_out,-7.39,C=CCc1cc(I)cc(C(=O)NCCC(=O)[O-])c1,Druglike,Druglike_1735,1
3677,Druglike_404-1_out,-7.39,N[C@@H](COCC(=O)CO)c1ccc(C#CC(=O)[O-])c(I)n1,Druglike,Druglike_404,1
3678,HighDiv_1929-1_out,-7.39,O=P([O-])([O-])c1cc(O)c(/C=C/C[NH2+]CCCO)c(Cl)c1,HighDiv,HighDiv_1929,1
3679,HighDiv_436-1_out,-7.389,[NH3+]Cc1cc(-c2cc([O-])c(F)cc2N=O)c(C[NH3+])[nH]1,HighDiv,HighDiv_436,1
3680,Druglike_763-1_out,-7.388,CC[C@H]1OC(=O)C(C#CC(=O)[O-])=C1CCCO,Druglike,Druglike_763,1
3681,HighDiv_2124-1_out,-7.388,C=CC(=O)c1ccc([C@@H](O)COCCNN)cc1Cl,HighDiv,HighDiv_2124,1
3682,HighDiv_975-2_out,-7.388,NCOCCNCC(=O)c1ccc(Br)c(N=O)c1,HighDiv,HighDiv_975,2
3683,Druglike_1975-1_out,-7.388,OCc1cccc(-c2[nH]cnc2/C=C/CF)n1,Druglike,Druglike_1975,1
3684,HighDiv_1053-1_out,-7.387,O=Nc1cc(C(=O)OCCO)cc([S-])c1Br,HighDiv,HighDiv_1053,1
3685,Druglike_354-1_out,-7.386,CCC[C@H](O)c1nc(=O)[nH]cc1C(=O)[O-],Druglike,Druglike_354,1
3686,HighDiv_2074-1_out,-7.386,O=C([O-])[C@H](CCCl)c1ccc(I)c(O)c1,HighDiv,HighDiv_2074,1
3687,HighDiv_763-1_out,-7.385,C[NH2+]C/C=C(\CCCl)C(=O)c1cc(N=O)c(Br)cc1[O-],HighDiv,HighDiv_763,1
3688,Druglike_975-1_out,-7.385,C=C[C@@H](C(=O)[O-])n1ccc2c(O)cccc21,Druglike,Druglike_975,1
3689,HighDiv_826-1_out,-7.384,Cc1cc(I)c([S-])cc1C(=O)NCC#CCO,HighDiv,HighDiv_826,1
3690,HighDiv_2162-1_out,-7.383,C/C(=C/c1n[nH]c(CCl)n1)C(=O)NO,HighDiv,HighDiv_2162,1
3691,Druglike_1991-1_out,-7.382,CCc1cc(C(=O)[O-])[nH]c1C(=O)[O-],Druglike,Druglike_1991,1
3692,HighDiv_732-1_out,-7.382,O=C([O-])c1cc(C(=O)[O-])c([N+](=O)[O-])o1,HighDiv,HighDiv_732,1
3693,Druglike_772-1_out,-7.381,C[C@H](O)CCC/C=C/c1cc(O)ccc1I,Druglike,Druglike_772,1
3694,HighDiv_649-1_out,-7.38,[NH3+]C/C(=C\CC(=O)[O-])C(=O)c1cc(N=O)c(Br)cc1[O-],HighDiv,HighDiv_649,1
3695,HighDiv_375-1_out,-7.379,O=NC(=O)c1cc(CO)c(Br)c(C[NH2+]CCS)c1,HighDiv,HighDiv_375,1
3696,Druglike_339-1_out,-7.378,[NH3+]Cc1cc(O)cc(-c2c[nH]nn2)c1,Druglike,Druglike_339,1
3697,Druglike_1550-1_out,-7.377,CO[C@@H](/C=C/c1ccc(O)cc1NC(N)=O)CO,Druglike,Druglike_1550,1
3698,HighDiv_1916-1_out,-7.377,[H]/N=C(/CC(N)=O)Cc1cc([N+](=O)[O-])ccc1[S-],HighDiv,HighDiv_1916,1
3699,Druglike_712-1_out,-7.376,Nc1cc(CCF)ccc1/C=C/C[NH2+]CCO,Druglike,Druglike_712,1
3700,HighDiv_916-1_out,-7.376,CC#CC[NH2+]CC[C@H]1CC(/C=C/CO)=CC(=O)N1,HighDiv,HighDiv_916,1
3701,Druglike_1598-1_out,-7.375,C=CC1=C(C(=O)NCCC(C)=O)OC(CO)=CC1,Druglike,Druglike_1598,1
3702,HighDiv_1554-1_out,-7.375,NC(=O)C#Cc1c(CCCl)[nH]cc(O)c1=O,HighDiv,HighDiv_1554,1
3703,Druglike_1047-1_out,-7.375,CCCCc1nc(=O)[nH]cc1C(=O)[O-],Druglike,Druglike_1047,1
3704,Druglike_945-1_out,-7.374,C=C[C@@H](F)c1nc(=O)[nH]cc1C(=O)[O-],Druglike,Druglike_945,1
3705,Druglike_708-1_out,-7.374,C=C(C)c1o[n-]c(=O)c1CC(=O)[O-],Druglike,Druglike_708,1
3706,Druglike_347-2_out,-7.374,O=C([O-])c1c[nH]c(=O)nc1C/C=C/CBr,Druglike,Druglike_347,2
3707,Druglike_1940-1_out,-7.373,C=C[C@@H](CNC(=O)c1ccc(O)cc1)C(=O)[O-],Druglike,Druglike_1940,1
3708,HighDiv_374-1_out,-7.373,O=C(CCO)[C@H](CCO)CCc1c(O)ccc(Cl)c1Cl,HighDiv,HighDiv_374,1
3709,Druglike_1624-1_out,-7.373,C#C[C@H](CO)c1cccc(NC(N)=O)c1,Druglike,Druglike_1624,1
3710,HighDiv_1806-1_out,-7.372,[H]/N=C/Cc1cc([N+](=O)[O-])cc([C@@H](N)O)c1[S-],HighDiv,HighDiv_1806,1
3711,Druglike_679-1_out,-7.372,Nc1ccc(C#C[C@@H](O)CCCCCCO)c(Cl)c1,Druglike,Druglike_679,1
3712,HighDiv_539-1_out,-7.37,CCCc1nc(-c2n[nH]c(CC(=O)[O-])n2)c(I)cc1CO,HighDiv,HighDiv_539,1
3713,Druglike_933-1_out,-7.37,C[NH2+]C/C=C/Cc1nc(=O)[nH]cc1C(=O)[O-],Druglike,Druglike_933,1
3714,HighDiv_1707-1_out,-7.37,C[NH2+]C/C=C/c1cc(CO)cc(-c2cnc(N)s2)c1[S-],HighDiv,HighDiv_1707,1
3715,Druglike_713-1_out,-7.369,C[C@@H]([NH3+])CC/C=C/c1cc(O)ccc1I,Druglike,Druglike_713,1
3716,HighDiv_2009-1_out,-7.367,Oc1cnc(I)c(/C=C/[C@@H](Cl)c2c[nH]cn2)c1[S-],HighDiv,HighDiv_2009,1
3717,HighDiv_851-1_out,-7.366,O=Nc1cc(C(=O)[C@@]2(F)CC[NH2+]C2)cc([O-])c1Br,HighDiv,HighDiv_851,1
3718,HighDiv_680-1_out,-7.364,CCC/C=C(\C=C/C(=O)NO)C(=O)c1cc(N=O)c(Br)cc1[O-],HighDiv,HighDiv_680,1
3719,HighDiv_2170-1_out,-7.362,CCc1[nH]c(C=S)nc1-c1cccc(F)c1ON,HighDiv,HighDiv_2170,1
3720,HighDiv_918-1_out,-7.36,NN[C@@H](N)C(=O)c1ccc(Br)c([N+](=O)[O-])c1,HighDiv,HighDiv_918,1
3721,HighDiv_849-1_out,-7.359,NOc1cc(C(=O)[O-])cc(F)c1Br,HighDiv,HighDiv_849,1
3722,HighDiv_842-1_out,-7.359,O=NC(=O)c1cc(-c2cccc(O)c2C=S)c(Br)cc1[O-],HighDiv,HighDiv_842,1
3723,HighDiv_1031-1_out,-7.358,C/C=C/C[C@H](S)c1cc(C(=O)N=O)cc(N)c1Br,HighDiv,HighDiv_1031,1
3724,Druglike_1554-1_out,-7.357,CCCc1nonc1/C=C(/CO)c1n[nH]c(=O)[nH]1,Druglike,Druglike_1554,1
3725,HighDiv_1681-1_out,-7.356,Oc1cc([C@@H](O)C2=CCON2)c(O)cc1I,HighDiv,HighDiv_1681,1
3726,HighDiv_1861-1_out,-7.356,C=CC[C@@H]1C=C(C(=S)c2cc(O)cc(O)c2)C=N1,HighDiv,HighDiv_1861,1
3727,HighDiv_575-1_out,-7.355,C/C=C/c1cc([C@H](O)C[n+]2ccsc2N)cc(I)c1C[NH3+],HighDiv,HighDiv_575,1
3728,HighDiv_733-1_out,-7.354,C=CCN(N)C/C=C/Cc1ccc(I)c(C[NH3+])c1,HighDiv,HighDiv_733,1
3729,HighDiv_521-1_out,-7.352,COC/C=C(\CC(=O)[O-])C(=O)c1cc(N=O)c(Br)cc1[O-],HighDiv,HighDiv_521,1
3730,Druglike_643-1_out,-7.352,C=C(CO)c1nc(NCF)c2cn[nH]c2n1,Druglike,Druglike_643,1
3731,Druglike_1831-1_out,-7.352,OC/C=C/c1[nH]cnc1-c1ccccn1,Druglike,Druglike_1831,1
3732,Druglike_361-1_out,-7.351,O=c1nc(-c2n[nH]cc2CO)cc[nH]1,Druglike,Druglike_361,1
3733,HighDiv_1185-1_out,-7.35,C[C@H](C[NH3+])C(=O)c1cc([O-])c(Br)c(Cl)c1,HighDiv,HighDiv_1185,1
3734,HighDiv_2221-1_out,-7.348,CNCC(=O)CN[C@@H]([NH3+])Nc1c(I)ncc([N+](=O)[O-])c1Cl,HighDiv,HighDiv_2221,1
3735,HighDiv_516-1_out,-7.348,NOc1cc(C(=O)[O-])cc(CBr)c1Br,HighDiv,HighDiv_516,1
3736,HighDiv_2281-1_out,-7.347,COC[C@@H](/C=C/c1cc(F)cc(F)c1O)ON,HighDiv,HighDiv_2281,1
3737,HighDiv_2224-1_out,-7.346,OCc1cnc(I)c(/C=C/[C@@H]2CCCS2)c1[S-],HighDiv,HighDiv_2224,1
3738,Druglike_657-1_out,-7.346,C=C[C@H](Cl)c1nc(=O)[nH]cc1C(=O)[O-],Druglike,Druglike_657,1
3739,Druglike_632-1_out,-7.345,O=C([O-])/C(=C\CCO)c1cnc(C2=NOCN2)o1,Druglike,Druglike_632,1
3740,Druglike_571-1_out,-7.345,CC1=[NH+]CCN1CC(=O)c1o[n-]c(=O)c1CC(=O)[O-],Druglike,Druglike_571,1
3741,Druglike_133-1_out,-7.345,C=C(CC(C)=O)c1o[n-]c(=O)c1CC(=O)[O-],Druglike,Druglike_133,1
3742,HighDiv_1813-1_out,-7.345,[NH3+]CC/C=C/[C@H](S)Cc1ccc(NC(=O)CO)c(Cl)c1,HighDiv,HighDiv_1813,1
3743,Druglike_1307-1_out,-7.344,O=C(NCBr)c1nnc2cnc(CO)cn12,Druglike,Druglike_1307,1
3744,HighDiv_1886-1_out,-7.344,O=C([O-])c1ncc(NS(=O)(=O)[O-])cc1CCCC(F)F,HighDiv,HighDiv_1886,1
3745,HighDiv_1489-1_out,-7.343,C=Cc1cc2cn[nH]c2cc1[C@H](O)F,HighDiv,HighDiv_1489,1
3746,Druglike_1618-1_out,-7.343,OC/C=C(\c1cnccn1)c1[nH]nnc1CBr,Druglike,Druglike_1618,1
3747,HighDiv_1122-1_out,-7.342,C=CCC(=C)c1ccc(SC[C@H](O)CO)c(O)c1,HighDiv,HighDiv_1122,1
3748,HighDiv_1961-1_out,-7.342,O=C([O-])[C@H](O/C([O-])=C/[N+](=O)[O-])c1ccc(I)c(O)c1,HighDiv,HighDiv_1961,1
3749,Druglike_1262-1_out,-7.342,C/C(=C/c1cc(Cl)cnc1C(=O)[C@H]1C=C(CO)C=CC1)C(=O)[O-],Druglike,Druglike_1262,1
3750,HighDiv_663-1_out,-7.342,NOc1cc(C(=O)[O-])cc(CF)c1Br,HighDiv,HighDiv_663,1
3751,Druglike_1532-1_out,-7.341,CO[C@@H](/C=C/c1ccc(O)cc1NC(N)=O)C[NH3+],Druglike,Druglike_1532,1
3752,Druglike_1297-1_out,-7.34,[NH3+]CC/C=C(\C[NH2+]CCO)Cc1cccc(I)c1,Druglike,Druglike_1297,1
3753,HighDiv_1123-1_out,-7.339,O=C([O-])[C@@H](O)CCSc1ccc(CO)c(O)c1,HighDiv,HighDiv_1123,1
3754,HighDiv_391-1_out,-7.338,COc1c(O)cc(N2CCNC2=O)cc1CCS,HighDiv,HighDiv_391,1
3755,Druglike_981-1_out,-7.338,[NH3+][C@H]1Nc2ccc([C@H](Cl)CO)cc2N1,Druglike,Druglike_981,1
3756,Druglike_1690-2_out,-7.338,C=Cc1cc(NC(N)=O)cc([C@@H]([NH3+])CF)c1,Druglike,Druglike_1690,2
3757,HighDiv_1353-2_out,-7.338,O=C(C[C-](CCl)[N+](=O)[O-])c1cc(O)c(CO)c(Br)c1,HighDiv,HighDiv_1353,2
3758,HighDiv_1008-1_out,-7.337,CC#CCC(=O)c1cc(CNC[NH2+]C)c(Br)c(N=O)c1,HighDiv,HighDiv_1008,1
3759,HighDiv_442-1_out,-7.337,[H]/N=C(\CCS)C(=O)c1cc([O-])c(Br)c(Cl)c1,HighDiv,HighDiv_442,1
3760,Druglike_1227-1_out,-7.336,O=C([O-])c1ncn(C(=O)Cc2nc[nH]n2)n1,Druglike,Druglike_1227,1
3761,Druglike_1912-1_out,-7.333,O=c1cc(CO)[nH]c(-c2nnco2)c1CO,Druglike,Druglike_1912,1
3762,HighDiv_789-1_out,-7.332,[NH3+]C[C@H](O)Cc1ccc(C#CCO)c(Cl)c1Cl,HighDiv,HighDiv_789,1
3763,HighDiv_2150-1_out,-7.332,NC(=O)Nc1cc([S-])c(/C=C/C(=O)[O-])cc1Br,HighDiv,HighDiv_2150,1
3764,HighDiv_2089-1_out,-7.332,C=C[C@H](C(=O)[O-])c1ccc(CCCCO)c(Cl)c1,HighDiv,HighDiv_2089,1
3765,HighDiv_816-1_out,-7.33,O=C([O-])Cc1nc(-c2ncccc2I)n[nH]1,HighDiv,HighDiv_816,1
3766,HighDiv_1486-1_out,-7.33,O=[N+]([O-])c1cc(NC[C@@H](S)Cl)cc(O)c1[O-],HighDiv,HighDiv_1486,1
3767,HighDiv_1416-1_out,-7.33,CCc1cc(N[C@@H](N)[NH3+])c(O)cc1C(=O)CC(C)=O,HighDiv,HighDiv_1416,1
3768,HighDiv_2151-1_out,-7.329,O=C(CCCl)O[C@@H](C(=O)[O-])c1ccc(I)c(O)c1,HighDiv,HighDiv_2151,1
3769,HighDiv_1512-1_out,-7.329,O=C(Nc1cc(CCO)c(Br)cc1CO)c1nncs1,HighDiv,HighDiv_1512,1
3770,HighDiv_2327-1_out,-7.326,C=Cc1cc([C@H](C=C)CO)cc(F)c1ON,HighDiv,HighDiv_2327,1
3771,HighDiv_2319-1_out,-7.326,C=CCc1cnc(/C(=C/c2c([S-])ccnc2I)CO)[nH]1,HighDiv,HighDiv_2319,1
3772,Druglike_743-1_out,-7.326,Oc1cc(-c2cn[nH]n2)ccc1CCl,Druglike,Druglike_743,1
3773,HighDiv_1378-1_out,-7.323,C/C=C\CC(=O)c1cc(O)c(O)c([S-])c1,HighDiv,HighDiv_1378,1
3774,Druglike_1782-1_out,-7.322,C=CCc1[nH]c([C@@H](C)C(=O)[O-])cc1C(=O)[O-],Druglike,Druglike_1782,1
3775,Druglike_515-1_out,-7.321,Oc1cc(I)cc(-c2c[nH]nn2)c1,Druglike,Druglike_515,1
3776,HighDiv_791-1_out,-7.318,NC(=O)c1cc(-c2ccc(I)c(Br)c2C[NH3+])on1,HighDiv,HighDiv_791,1
3777,HighDiv_1818-1_out,-7.318,O=C(c1c[nH]cc1CCO)c1nn(C(=O)[O-])cc1Br,HighDiv,HighDiv_1818,1
3778,HighDiv_465-1_out,-7.318,O=C([O-])c1cc(C/C=C/CS)c([N+](=O)[O-])o1,HighDiv,HighDiv_465,1
3779,Druglike_285-1_out,-7.317,OCc1ccc(-c2cn[nH]n2)cc1O,Druglike,Druglike_285,1
3780,Druglike_324-1_out,-7.316,Nc1ccc(CCl)cc1/C=C/[C@H](C[NH3+])NCCO,Druglike,Druglike_324,1
3781,HighDiv_1477-1_out,-7.316,C=Cc1cc(=O)oc(C=S)c1C(=O)[O-],HighDiv,HighDiv_1477,1
3782,HighDiv_954-1_out,-7.315,NOc1cc(C(=O)[O-])cc(CN=O)c1Br,HighDiv,HighDiv_954,1
3783,HighDiv_400-1_out,-7.313,NC(=S)Nc1ccc(CC(=O)[O-])cc1,HighDiv,HighDiv_400,1
3784,Druglike_1450-1_out,-7.313,[NH3+]Cc1n[n-]nc1/C(=C/CO)c1cccc(Cl)c1Cl,Druglike,Druglike_1450,1
3785,Druglike_1556-2_out,-7.313,C=Cc1cc(NC(N)=O)cc([C@@H](N)CBr)c1,Druglike,Druglike_1556,2
3786,HighDiv_801-1_out,-7.312,Cc1cc([C@H](O)C[n+]2ccsc2N)cc(I)c1C[NH3+],HighDiv,HighDiv_801,1
3787,HighDiv_2184-1_out,-7.312,[NH3+]C[C@@H](/C=C/c1cc(F)cc(F)c1O)CO,HighDiv,HighDiv_2184,1
3788,HighDiv_1757-1_out,-7.309,Oc1c(S[S-])ccc(/C=C\C/C=C/c2cn[nH]c2)c1I,HighDiv,HighDiv_1757,1
3789,HighDiv_1221-1_out,-7.309,C[C@@H](CC[NH3+])NC(=O)C#Cc1c(CS)[nH]cc(O)c1=O,HighDiv,HighDiv_1221,1
3790,HighDiv_740-2_out,-7.309,[NH3+]CC/C=C(\C[NH3+])C(=O)c1cc(N=O)c(Br)cc1[O-],HighDiv,HighDiv_740,2
3791,HighDiv_1075-1_out,-7.308,NC(=S)Nc1ccc(C[NH3+])c(C(=O)[O-])c1,HighDiv,HighDiv_1075,1
3792,Druglike_750-1_out,-7.308,C=CCn1ncc(CO)c1-c1c[nH]nn1,Druglike,Druglike_750,1
3793,Druglike_675-1_out,-7.307,[NH3+]CC/C=C/[C@H](CO)CCc1nccc(Br)c1I,Druglike,Druglike_675,1
3794,Druglike_1899-1_out,-7.306,O=C(NC[C@H](Cl)C(=O)[O-])c1ccc(O)cc1,Druglike,Druglike_1899,1
3795,Druglike_1551-1_out,-7.304,[NH3+]CCCc1c(C(=O)/C=C/c2cc[nH]c2)n[nH]c1[O-],Druglike,Druglike_1551,1
3796,HighDiv_1557-1_out,-7.304,OCc1ccc2cn[nH]c2c1CO,HighDiv,HighDiv_1557,1
3797,HighDiv_843-1_out,-7.303,CCCSCc1cc(O)cc(C#CC[C@@H](O)CO)c1,HighDiv,HighDiv_843,1
3798,Druglike_622-1_out,-7.303,C[NH2+]CC/C(C)=C\c1[nH]nnc1-c1[nH]ncc1CO,Druglike,Druglike_622,1
3799,HighDiv_445-1_out,-7.303,NOc1cc(C(=O)[O-])cc(CC(=O)[O-])c1Br,HighDiv,HighDiv_445,1
3800,Druglike_1267-1_out,-7.3,O=c1ccc(-c2c(COCCl)coc2CO)n[nH]1,Druglike,Druglike_1267,1
3801,HighDiv_1281-1_out,-7.3,C[C@H](CC[NH3+])NC(=O)C#Cc1c(CS)[nH]cc(O)c1=O,HighDiv,HighDiv_1281,1
3802,Druglike_939-1_out,-7.299,CCC[NH2+]C/C(C)=C\c1[nH]nnc1-c1[nH]ncc1CO,Druglike,Druglike_939,1
3803,HighDiv_2202-1_out,-7.299,O=[N+]([O-])/C=C/c1cc(O)c(O)c(Br)c1,HighDiv,HighDiv_2202,1
3804,HighDiv_1103-1_out,-7.298,COC(=O)C#CCNC(=O)c1ccc(I)c([S-])c1,HighDiv,HighDiv_1103,1
3805,Druglike_1187-2_out,-7.298,C/C(=N\[C@H]1C=C(CO)C=C(C[NH3+])C1)c1ocnc1C,Druglike,Druglike_1187,2
3806,Druglike_1972-1_out,-7.298,C=CC[C@@H](O)c1nc2cccc(O)c2[nH]1,Druglike,Druglike_1972,1
3807,Druglike_627-1_out,-7.297,Cc1nnc(C#Cc2n[nH]c(CO)n2)n1C[C@@H](O)C[NH3+],Druglike,Druglike_627,1
3808,HighDiv_756-1_out,-7.297,CCCCc1cc(N2CCNC2=O)cc(O)c1C=S,HighDiv,HighDiv_756,1
3809,Druglike_1861-1_out,-7.296,[NH3+]Cc1cccc(-c2nc[nH]c2/C=C/CCO)n1,Druglike,Druglike_1861,1
3810,HighDiv_1443-1_out,-7.294,O=NC(=O)c1cc(O)c([O-])c([S-])c1,HighDiv,HighDiv_1443,1
3811,Druglike_539-1_out,-7.292,Nc1nc(CC(=O)[O-])nc2[nH]ncc12,Druglike,Druglike_539,1
3812,HighDiv_593-1_out,-7.291,NN[C@H](C#Cc1cc(O)cc(CCS)c1)CCO,HighDiv,HighDiv_593,1
3813,HighDiv_981-1_out,-7.291,[NH3+]CCc1ccc(Br)c(/C=C/CS(=O)(=O)[O-])c1F,HighDiv,HighDiv_981,1
3814,Druglike_1495-1_out,-7.29,N[C@H](O)/C(=C/c1cnon1)c1cccc(O)c1,Druglike,Druglike_1495,1
3815,Druglike_723-1_out,-7.29,C=C(CO)c1onc(O)c1CC(=O)CF,Druglike,Druglike_723,1
3816,HighDiv_1927-1_out,-7.288,CSCc1c[nH]cc1C(=O)c1csc(C(=O)[O-])n1,HighDiv,HighDiv_1927,1
3817,HighDiv_542-1_out,-7.288,NOc1cc(C(=O)[O-])cc(CC[NH3+])c1Br,HighDiv,HighDiv_542,1
3818,HighDiv_1173-1_out,-7.286,C=CCCc1oc(C(=O)[O-])nc1[C@@H](C)O,HighDiv,HighDiv_1173,1
3819,HighDiv_1500-1_out,-7.286,CCCc1cc(C(=O)CO)cc(O)c1O,HighDiv,HighDiv_1500,1
3820,HighDiv_673-1_out,-7.286,Cc1cc(C(=O)[O-])cc(ON)c1Br,HighDiv,HighDiv_673,1
3821,Druglike_741-1_out,-7.285,C=CCC(=O)c1o[n-]c(=O)c1CC(=O)[O-],Druglike,Druglike_741,1
3822,Druglike_2042-1_out,-7.284,O=C([O-])c1cc(C(=O)CO)n(CCl)c1,Druglike,Druglike_2042,1
3823,HighDiv_1415-1_out,-7.284,CCc1nnc(-c2c(CO)ncc([O-])c2CS)s1,HighDiv,HighDiv_1415,1
3824,Druglike_662-1_out,-7.283,C=C[C@H](F)c1nc(=O)[nH]cc1C(=O)[O-],Druglike,Druglike_662,1
3825,Druglike_1969-1_out,-7.281,OCC/C=C/c1[nH]cnc1-c1cccc(CO)n1,Druglike,Druglike_1969,1
3826,HighDiv_630-1_out,-7.28,CSCc1cc(C(=O)[O-])cc(ON)c1Br,HighDiv,HighDiv_630,1
3827,HighDiv_734-1_out,-7.279,CC/C=C(\C[NH2+]CCS)C(=O)c1cc(N=O)c(Br)cc1[O-],HighDiv,HighDiv_734,1
3828,HighDiv_2168-1_out,-7.278,CONCC(=O)CN[C@@H]([NH3+])Nc1c(I)ncc([N+](=O)[O-])c1Cl,HighDiv,HighDiv_2168,1
3829,Druglike_1600-1_out,-7.277,CCNC(=O)C1=CCC=C(C(=O)[O-])O1,Druglike,Druglike_1600,1
3830,Druglike_914-1_out,-7.277,O=C([O-])c1c[nH]c(=O)nc1[C@@H](Cl)CF,Druglike,Druglike_914,1
3831,Druglike_1505-1_out,-7.277,NCC#CC(=O)c1n[nH]c([O-])c1CCC[NH3+],Druglike,Druglike_1505,1
3832,HighDiv_2250-1_out,-7.275,Cc1cc(CNN)c2c(c1)C(=O)N(C(=O)[N+](=O)[O-])C2=O,HighDiv,HighDiv_2250,1
3833,HighDiv_885-1_out,-7.274,NCOc1ccc(Br)c(/C=C/CS(=O)(=O)[O-])c1F,HighDiv,HighDiv_885,1
3834,HighDiv_2069-1_out,-7.273,CSCS[C@@H](/C=C/c1cc(F)cc(F)c1O)CO,HighDiv,HighDiv_2069,1
3835,HighDiv_1413-1_out,-7.273,O=C(C#Cc1c(CS)[nH]cc(O)c1=O)N[C@@H](S)C(=O)[O-],HighDiv,HighDiv_1413,1
3836,Druglike_485-1_out,-7.273,Oc1cc(-c2c[nH]nn2)ccc1Br,Druglike,Druglike_485,1
3837,Druglike_1046-1_out,-7.273,Cc1nc(C#Cc2nnc(CO)n2CC[NH3+])n[nH]1,Druglike,Druglike_1046,1
3838,HighDiv_858-1_out,-7.273,O=C(CO)c1cc([O-])c(Br)c(Cl)c1,HighDiv,HighDiv_858,1
3839,HighDiv_1541-1_out,-7.272,NNCc1cc(C(=O)[O-])cc(O)c1O,HighDiv,HighDiv_1541,1
3840,HighDiv_841-1_out,-7.27,CC[C@@H](/C=C/Cc1ccc(I)c(C[NH3+])c1)NN,HighDiv,HighDiv_841,1
3841,HighDiv_1466-1_out,-7.268,CCCc1cc(O)c(O)cc1C(=O)CO,HighDiv,HighDiv_1466,1
3842,HighDiv_2178-2_out,-7.267,N[NH2+]Cc1cc(Br)cc2c1C(=O)N(C(=O)[N+](=O)[O-])C2=O,HighDiv,HighDiv_2178,2
3843,Druglike_1313-1_out,-7.267,NCC(=O)Oc1c([O-])cccc1C(=O)[C@H]1C=C(CO)C=CC1,Druglike,Druglike_1313,1
3844,Druglike_1394-1_out,-7.267,NC(=O)Nc1cccc([C@H](CCl)C(=O)[O-])c1,Druglike,Druglike_1394,1
3845,Druglike_440-1_out,-7.264,CC(C)=Cc1nnn(CF)c1-c1[nH]ncc1CO,Druglike,Druglike_440,1
3846,HighDiv_1093-1_out,-7.264,NN[C@H](N)C(=O)CNC(=O)c1cc([S-])c(I)cc1O,HighDiv,HighDiv_1093,1
3847,HighDiv_1455-1_out,-7.264,Nc1c(O)cc(C(=O)C[C@H](CCl)[N+](=O)[O-])cc1Br,HighDiv,HighDiv_1455,1
3848,HighDiv_337-1_out,-7.263,NOc1cc(C(=O)[O-])cc(CC[NH3+])c1Br,HighDiv,HighDiv_337,1
3849,Druglike_1609-1_out,-7.261,[NH3+][C@@H]([O-])COC(=O)c1cccc(C(=O)[O-])c1,Druglike,Druglike_1609,1
3850,Druglike_647-1_out,-7.26,C/C=C(/C)CC(=O)c1o[n-]c(=O)c1CC(=O)[O-],Druglike,Druglike_647,1
3851,Druglike_753-1_out,-7.258,OC/C=C/c1cc(CO)c2c(c1)NCO2,Druglike,Druglike_753,1
3852,HighDiv_2258-1_out,-7.258,N[NH2+]C[C@@H](CCO)Cc1ccc2c(c1)CC=C2CO,HighDiv,HighDiv_2258,1
3853,Druglike_531-1_out,-7.257,O=C([O-])c1c[nH]c(=O)nc1[C@H](F)CCO,Druglike,Druglike_531,1
3854,HighDiv_2256-2_out,-7.256,O=C([O-])/C=C/C(=O)Nc1c(I)ncc([O-])c1[S-],HighDiv,HighDiv_2256,2
3855,Druglike_2028-1_out,-7.256,O=C([O-])c1cc(CBr)c(C(=O)[O-])o1,Druglike,Druglike_2028,1
3856,HighDiv_1125-1_out,-7.256,[NH3+]C[C@H](O)CC(=O)c1cc([S-])c(Br)c(N=O)c1,HighDiv,HighDiv_1125,1
3857,HighDiv_884-1_out,-7.252,CSCc1cc(N2CCNC2=O)cc(O)c1C=S,HighDiv,HighDiv_884,1
3858,HighDiv_1145-1_out,-7.251,[NH3+]Cc1cc(C(=O)N=O)cc(COCC[C@H]([NH3+])CO)c1Br,HighDiv,HighDiv_1145,1
3859,HighDiv_109-1_out,-7.25,C=Cc1nc(-c2n[nH]c(CC(=O)[O-])n2)c(I)cc1CC,HighDiv,HighDiv_109,1
3860,HighDiv_621-1_out,-7.249,NOc1cc(C(=O)[O-])cc(CCO)c1Br,HighDiv,HighDiv_621,1
3861,Druglike_1916-1_out,-7.248,C=CCOc1ccc(-c2nc[nH]n2)cc1C[NH3+],Druglike,Druglike_1916,1
3862,Druglike_874-1_out,-7.248,[NH3+]Cc1c(C(=O)[O-])c[nH]c1-c1nc[nH]n1,Druglike,Druglike_874,1
3863,Druglike_765-1_out,-7.247,COc1ccc(-c2cn[nH]n2)cc1O,Druglike,Druglike_765,1
3864,HighDiv_742-1_out,-7.246,CCC/C=C(\CCO)C(=O)c1cc(N=O)c(Br)cc1[O-],HighDiv,HighDiv_742,1
3865,HighDiv_428-1_out,-7.243,NC(=O)c1cc(-c2ccc(Br)c(Br)c2CC(=O)[O-])on1,HighDiv,HighDiv_428,1
3866,HighDiv_1970-1_out,-7.24,Nc1ncc([C@H](O)CC#Cc2cc(I)c(I)cn2)s1,HighDiv,HighDiv_1970,1
3867,HighDiv_265-1_out,-7.238,C=Cc1cc(I)c(-c2n[nH]c(CC(=O)[O-])n2)nc1C=C,HighDiv,HighDiv_265,1
3868,Druglike_1974-2_out,-7.238,NCO[C@H](CC(=O)[O-])c1ncc(Br)cc1F,Druglike,Druglike_1974,2
3869,HighDiv_2264-1_out,-7.237,F[C@@H](Cc1cc(Br)ccc1[S-])c1nnn[n-]1,HighDiv,HighDiv_2264,1
3870,Druglike_2045-1_out,-7.236,C=CCc1[nH]c([C@@H](F)C(=O)[O-])cc1C(=O)[O-],Druglike,Druglike_2045,1
3871,HighDiv_357-1_out,-7.235,NOc1cc(C(=O)[O-])cc(CO)c1Br,HighDiv,HighDiv_357,1
3872,HighDiv_1881-1_out,-7.233,O=C(c1cc[nH]c1)c1nn(C(=O)[O-])cc1Br,HighDiv,HighDiv_1881,1
3873,Druglike_941-1_out,-7.233,O=C([O-])Cc1c(O)noc1C[C@@H]1C=CCO1,Druglike,Druglike_941,1
3874,HighDiv_984-1_out,-7.233,[NH3+]C/C=C/C[C@@H](Cl)/C=C/c1ccc(CO)nc1,HighDiv,HighDiv_984,1
3875,HighDiv_1992-1_out,-7.233,NOc1cnc(I)c(/C=C/c2nc[nH]n2)c1[S-],HighDiv,HighDiv_1992,1
3876,Druglike_755-1_out,-7.231,Nc1nc([C@@H](CCCl)C(=O)[O-])nc2[nH]ncc12,Druglike,Druglike_755,1
3877,HighDiv_2191-1_out,-7.23,[NH3+]CCCCn1ccc(-c2c(I)ncc(O)c2CS)c1,HighDiv,HighDiv_2191,1
3878,HighDiv_507-1_out,-7.229,O=Nc1cc(C(=O)[C@H](Cl)NCO)ccc1Br,HighDiv,HighDiv_507,1
3879,Druglike_1511-1_out,-7.229,NC(=O)Nc1cc(CCCCl)cc([C@H](C[NH3+])CO)c1,Druglike,Druglike_1511,1
3880,Druglike_1835-1_out,-7.229,O=C([O-])c1cc(CF)c(C(=O)[O-])[nH]1,Druglike,Druglike_1835,1
3881,HighDiv_671-1_out,-7.226,[NH3+][C@@H](COC(=O)c1cc([S-])c(Br)c(N=O)c1)C(=O)[O-],HighDiv,HighDiv_671,1
3882,HighDiv_1749-1_out,-7.225,C=CCOc1c[nH]c(C(=O)[O-])c(OCC)c1=O,HighDiv,HighDiv_1749,1
3883,Druglike_1910-1_out,-7.224,[NH3+]C[C@@H](CNC(=O)c1ccc(O)cc1)C(=O)[O-],Druglike,Druglike_1910,1
3884,HighDiv_2252-1_out,-7.223,C[NH2+]CCCOc1ccc([N+](=O)[O-])c(NC(N)=S)c1,HighDiv,HighDiv_2252,1
3885,Druglike_835-1_out,-7.222,C=C[C@](C)(O)c1o[n-]c(=O)c1CC(=O)[O-],Druglike,Druglike_835,1
3886,HighDiv_923-1_out,-7.222,C=Cc1[nH]c(C(=O)[O-])nc1C(=O)[O-],HighDiv,HighDiv_923,1
3887,HighDiv_1358-1_out,-7.221,O=C([O-])c1cccc2nc([S-])sc12,HighDiv,HighDiv_1358,1
3888,HighDiv_2063-1_out,-7.22,[NH3+]C/C=C/[C@@H](CC(=O)[O-])c1nnc2ccccn12,HighDiv,HighDiv_2063,1
3889,Druglike_1058-1_out,-7.22,O=C(c1c[nH]c(C(=O)[O-])c1)c1ncc(/C=C/c2ccc(I)c(Cl)c2)cn1,Druglike,Druglike_1058,1
3890,HighDiv_939-1_out,-7.218,CCOCCCNC(=O)c1ccc(I)c(CS)c1,HighDiv,HighDiv_939,1
3891,Druglike_1288-1_out,-7.218,C/C=C/c1coc(CO)c1-c1ccc(=O)[nH]n1,Druglike,Druglike_1288,1
3892,HighDiv_1880-2_out,-7.218,C/C=C/CO[S@](=O)c1cc(O)c(I)cc1[O-],HighDiv,HighDiv_1880,2
3893,HighDiv_1377-1_out,-7.216,OC[C@H](/C=C/c1nc(Cl)c[nH]1)N1CCNC1=S,HighDiv,HighDiv_1377,1
3894,HighDiv_1884-1_out,-7.216,NOc1cc(-c2nnco2)ccc1C[NH3+],HighDiv,HighDiv_1884,1
3895,HighDiv_69-1_out,-7.215,C=C[C@H](O)c1cc(C(=O)[O-])cc(ON)c1Br,HighDiv,HighDiv_69,1
3896,HighDiv_1337-1_out,-7.214,O=C(NO)[C@@H]([S-])c1c[nH]c(CCC[N+](=O)[O-])c1,HighDiv,HighDiv_1337,1
3897,HighDiv_2093-1_out,-7.213,OC[C@H](/C=C/c1cc(F)cc(F)c1O)S[S-],HighDiv,HighDiv_2093,1
3898,Druglike_580-1_out,-7.211,C[C@H]([NH3+])CCCc1nc(=O)[nH]cc1C(=O)[O-],Druglike,Druglike_580,1
3899,HighDiv_1728-1_out,-7.207,O=C(c1c[nH]cc1CO)c1nn(C(=O)[O-])cc1Br,HighDiv,HighDiv_1728,1
3900,HighDiv_1971-2_out,-7.204,NOc1c(F)cccc1-c1cnc(CO)[nH]1,HighDiv,HighDiv_1971,2
3901,Druglike_222-1_out,-7.204,C=C(CC(=O)[O-])c1o[n-]c(=O)c1CC(=O)[O-],Druglike,Druglike_222,1
3902,HighDiv_1149-1_out,-7.202,[NH3+]Cc1nc(C(=O)[O-])oc1C/C=C/CCSCBr,HighDiv,HighDiv_1149,1
3903,HighDiv_1835-1_out,-7.201,C[C@H](S)CCCOc1c(C(=O)[O-])[nH]ccc1=O,HighDiv,HighDiv_1835,1
3904,Druglike_2072-1_out,-7.2,CCCOCC(=O)c1cc(C(=O)[O-])[nH]c1C[NH3+],Druglike,Druglike_2072,1
3905,HighDiv_1259-1_out,-7.198,O=C(C[C-](CCl)[N+](=O)[O-])c1cc(Br)c([O-])c(CO)c1,HighDiv,HighDiv_1259,1
3906,Druglike_771-1_out,-7.195,[NH3+]C[C@@H](O)/C=C\Cc1cnc(C(=O)[O-])c(Br)c1,Druglike,Druglike_771,1
3907,HighDiv_676-1_out,-7.194,O=C(CC=S)[C@H](CCO)CCc1c(O)ccc(Cl)c1Cl,HighDiv,HighDiv_676,1
3908,Druglike_1403-1_out,-7.193,CC/C=C/Cc1ccccc1O[C@H](CO)C(=O)[O-],Druglike,Druglike_1403,1
3909,Druglike_1065-1_out,-7.191,O=C(c1c[nH]c(CCO)c1)c1ncc(/C=C/c2ccc(I)c(Cl)c2)cn1,Druglike,Druglike_1065,1
3910,HighDiv_481-1_out,-7.189,C=C[C@@H](/C=C/Cc1ccc(I)c(C[NH3+])c1)NN,HighDiv,HighDiv_481,1
3911,Druglike_621-1_out,-7.188,[NH3+]Cc1ccc(C2=CNNC2)c(O)c1,Druglike,Druglike_621,1
3912,HighDiv_1143-1_out,-7.188,O=NC(=O)c1cc(CO)c(Br)c(C[C@@H](Cl)CC(=O)[O-])c1,HighDiv,HighDiv_1143,1
3913,HighDiv_1077-1_out,-7.188,C[NH2+]CC[NH2+]C[C@@H](O)C#Cc1cc(S)c([S-])cc1Br,HighDiv,HighDiv_1077,1
3914,HighDiv_1095-1_out,-7.187,NC(=O)c1cc(-c2ccc([S-])c(Br)c2C=S)on1,HighDiv,HighDiv_1095,1
3915,Druglike_1922-1_out,-7.186,CCCCC(=O)c1cc(C(=O)[O-])[nH]c1C[NH3+],Druglike,Druglike_1922,1
3916,HighDiv_2272-1_out,-7.186,CNC(=O)[C@@H](O)/C=C/c1cc(Br)c(O)cc1[S-],HighDiv,HighDiv_2272,1
3917,HighDiv_1819-1_out,-7.183,C#Cc1c(O)cc([C@@H](N)C[NH2+]CCO)cc1O,HighDiv,HighDiv_1819,1
3918,Druglike_1762-1_out,-7.182,O=C([O-])/C(=C/CO)c1cccc(O)c1,Druglike,Druglike_1762,1
3919,HighDiv_872-1_out,-7.181,CC/C=C(\CC(=O)[O-])C(=O)c1cc(N=O)c(Br)cc1[O-],HighDiv,HighDiv_872,1
3920,HighDiv_1601-1_out,-7.18,NC(=O)c1c(CO)ccc([S-])c1-c1c[n+](CCl)c(N)s1,HighDiv,HighDiv_1601,1
3921,Druglike_1485-1_out,-7.18,CCN(CO)CC#C[C@@H](C(=O)[O-])c1ccn[nH]1,Druglike,Druglike_1485,1
3922,Druglike_330-1_out,-7.179,Oc1cc(-c2c[nH]nn2)ccc1I,Druglike,Druglike_330,1
3923,HighDiv_2146-1_out,-7.176,ONC/C=C/c1cc(F)cc(F)c1O,HighDiv,HighDiv_2146,1
3924,Druglike_669-1_out,-7.176,C/C=C/C[C@H](CO)c1cccc(CO)c1,Druglike,Druglike_669,1
3925,HighDiv_1547-1_out,-7.175,[NH3+][C@@H]([O-])/C=C/COc1cc(F)ccc1F,HighDiv,HighDiv_1547,1
3926,Druglike_555-1_out,-7.175,C=Cc1c(Br)ccnc1-c1oc(C[NH3+])nc1CO,Druglike,Druglike_555,1
3927,HighDiv_603-1_out,-7.175,C=C[C@@H](S)CC(=O)c1cc(C[NH2+]C)c(Br)c(N=O)c1,HighDiv,HighDiv_603,1
3928,HighDiv_493-1_out,-7.174,CN[C@@H]([NH3+])Nc1cc(C(=O)COC)cc(O)c1Br,HighDiv,HighDiv_493,1
3929,HighDiv_2328-1_out,-7.174,CCCc1cc(C=C(C(=O)[O-])C(=O)[O-])c(O)cc1Br,HighDiv,HighDiv_2328,1
3930,Druglike_346-1_out,-7.174,OCC[C@@H](O)C/C=C/c1cc(O)ccc1I,Druglike,Druglike_346,1
3931,Druglike_433-1_out,-7.173,O=C([O-])c1ncc(C/C=C\[C@H](O)CO)cc1Br,Druglike,Druglike_433,1
3932,Druglike_415-1_out,-7.173,C/C=C\CCC1=[NH+]C(CO)=C[C@@H](C(=O)[O-])N1,Druglike,Druglike_415,1
3933,HighDiv_1216-1_out,-7.172,O=C(C[C@H](CCl)[N+](=O)[O-])c1cc(O)c([S-])c(Br)c1,HighDiv,HighDiv_1216,1
3934,Druglike_893-1_out,-7.171,C/C=C/Cc1onc(O)c1CC(=O)[O-],Druglike,Druglike_893,1
3935,HighDiv_1948-1_out,-7.167,CSCc1nc(/C(=C/c2c(I)ncc(O)c2[S-])CO)n[nH]1,HighDiv,HighDiv_1948,1
3936,HighDiv_528-1_out,-7.167,C[C@H](O)COC(=O)c1cc(ON)c(Br)c(OCCO)c1,HighDiv,HighDiv_528,1
3937,HighDiv_796-1_out,-7.167,CNCC(=O)[C@H](CCO)CCc1c(O)ccc(Cl)c1Cl,HighDiv,HighDiv_796,1
3938,Druglike_611-1_out,-7.166,C/C=C/C(=O)Cn1ncc(CO)c1-c1c[nH]nn1,Druglike,Druglike_611,1
3939,HighDiv_1538-1_out,-7.165,[O-]c1cncc(-c2nnc(CCI)s2)c1CS,HighDiv,HighDiv_1538,1
3940,Druglike_1793-1_out,-7.165,[NH3+]Cc1[nH]c(C(=O)[O-])cc1C(=O)CCCCBr,Druglike,Druglike_1793,1
3941,Druglike_970-1_out,-7.164,C[C@@H](F)c1nc(=O)[nH]cc1C(=O)[O-],Druglike,Druglike_970,1
3942,HighDiv_262-1_out,-7.162,O=C([O-])Cc1nc(-c2nc(CCCl)c(CO)cc2I)n[nH]1,HighDiv,HighDiv_262,1
3943,HighDiv_1932-1_out,-7.162,C#C[C@H](C)c1c[nH]c(C(=O)[O-])c(OCCO)c1=O,HighDiv,HighDiv_1932,1
3944,Druglike_279-1_out,-7.161,OCCc1ccc(-c2cn[nH]n2)cc1O,Druglike,Druglike_279,1
3945,Druglike_1703-1_out,-7.16,C/C=C\[C@@H]([NH3+])c1cccc(O)c1Cl,Druglike,Druglike_1703,1
3946,HighDiv_2241-1_out,-7.158,O=C([O-])Cc1cc(O)c(I)c(F)c1,HighDiv,HighDiv_2241,1
3947,Druglike_1987-1_out,-7.158,[NH3+]C/C=C/c1nc[nH]c1-c1cccc(CO)n1,Druglike,Druglike_1987,1
3948,HighDiv_1318-1_out,-7.155,[O-]c1c[nH]c(CCF)c(-c2n[nH]c([S-])n2)c1=S,HighDiv,HighDiv_1318,1
3949,HighDiv_1086-1_out,-7.155,NOc1cc(C(=O)[O-])cc(O)c1Br,HighDiv,HighDiv_1086,1
3950,HighDiv_1291-2_out,-7.155,[NH3+]C/C=C/[C-](/C=C/C1=NCON1)[N+](=O)[O-],HighDiv,HighDiv_1291,2
3951,Druglike_1658-1_out,-7.153,N[C@@H]([NH3+])c1cc(/C(=C\c2cnon2)CO)[nH]n1,Druglike,Druglike_1658,1
3952,HighDiv_1003-1_out,-7.153,O=C([O-])[C@H](O)/C=C/c1c(F)cccc1Br,HighDiv,HighDiv_1003,1
3953,HighDiv_276-1_out,-7.152,O=C(CS)[C@H](CCO)CCc1c(O)ccc(Cl)c1Cl,HighDiv,HighDiv_276,1
3954,HighDiv_1418-1_out,-7.152,O=C(CO)c1cc(O)c([O-])c(I)c1,HighDiv,HighDiv_1418,1
3955,HighDiv_578-1_out,-7.152,C=C[C@H](OP(=O)([O-])[O-])c1ccc([S-])cc1,HighDiv,HighDiv_578,1
3956,HighDiv_340-1_out,-7.151,NOc1cc(C(=O)[O-])cc(C[NH3+])c1Br,HighDiv,HighDiv_340,1
3957,HighDiv_388-1_out,-7.151,NOc1cc(C(=O)[O-])cc(C[NH3+])c1Br,HighDiv,HighDiv_388,1
3958,Druglike_800-1_out,-7.149,C[C@H](Cl)c1nc(=O)[nH]cc1C(=O)[O-],Druglike,Druglike_800,1
3959,HighDiv_2123-2_out,-7.149,OCC#CCc1cc(Br)c(/N=C2/NCCO2)cc1[S-],HighDiv,HighDiv_2123,2
3960,HighDiv_900-1_out,-7.149,NC1=[NH+]C[C@@H](C(=O)c2cc(N=O)c(Br)c(OCCO)c2)C1,HighDiv,HighDiv_900,1
3961,Druglike_685-1_out,-7.146,O=C([O-])c1c[nH]c(=O)nc1[C@@H](O)CF,Druglike,Druglike_685,1
3962,Druglike_516-1_out,-7.146,O=C(N/C=C\CNCCl)C1=CCC=C(CO)O1,Druglike,Druglike_516,1
3963,HighDiv_952-1_out,-7.145,CC/C(=C\CON)C(=O)c1cc(N=O)c(Br)cc1[O-],HighDiv,HighDiv_952,1
3964,Druglike_553-1_out,-7.144,C=C(C(C)=O)c1o[n-]c(=O)c1CC(=O)[O-],Druglike,Druglike_553,1
3965,HighDiv_2239-1_out,-7.144,[H]/[S+]=c1/c([O-])c[nH]c(I)c1[N-][C@H]([NH3+])N[C@H]1SC=NC1=O,HighDiv,HighDiv_2239,1
3966,Druglike_244-1_out,-7.144,C/C=C/[C@H](N)c1[nH]c(=O)ncc1C(=O)[O-],Druglike,Druglike_244,1
3967,HighDiv_1009-1_out,-7.143,NOc1cc(C(=O)[O-])ccc1Br,HighDiv,HighDiv_1009,1
3968,HighDiv_1441-1_out,-7.143,O=[N+]([O-])c1cc(NCCCS)cc(O)c1[O-],HighDiv,HighDiv_1441,1
3969,HighDiv_1108-1_out,-7.142,O=C([O-])c1nc(C(=O)[O-])c(CBr)o1,HighDiv,HighDiv_1108,1
3970,HighDiv_462-1_out,-7.141,NC/C(=C\CCl)C(=O)c1cc(N=O)c(Br)cc1[O-],HighDiv,HighDiv_462,1
3971,Druglike_1349-1_out,-7.139,CCCNC(=O)N1C[C@@H](C(=O)[O-])C=C1CCF,Druglike,Druglike_1349,1
3972,HighDiv_2254-1_out,-7.138,C=CC(=O)N(O)c1cc([S-])c(C#CCCC)cc1Br,HighDiv,HighDiv_2254,1
3973,HighDiv_1024-1_out,-7.138,OC[C@@H](O)c1cc(O)cc(CNNCCCl)c1,HighDiv,HighDiv_1024,1
3974,Druglike_1358-1_out,-7.138,CCNC(=O)c1oc(Br)cc1C[C@H](I)CNC1=[NH+]CCCO1,Druglike,Druglike_1358,1
3975,Druglike_448-1_out,-7.136,C=C(c1onc(O)c1CC(=O)[O-])[C@H]1CCO1,Druglike,Druglike_448,1
3976,Druglike_217-1_out,-7.136,[NH3+][C@@H](/C=C\COC(=O)CO)c1ccc(I)cc1,Druglike,Druglike_217,1
3977,Druglike_1216-1_out,-7.136,N[C@@](C#Cc1cc[nH]c1)(C(=O)[O-])c1nnco1,Druglike,Druglike_1216,1
3978,HighDiv_1452-1_out,-7.134,C#C[C@H](N)CC(=O)c1ccc(O)c(O)c1,HighDiv,HighDiv_1452,1
3979,HighDiv_1866-1_out,-7.134,C[C@@H](OC(=O)CS)C(=O)c1cc([O-])c(C=S)c(O)c1,HighDiv,HighDiv_1866,1
3980,HighDiv_2247-1_out,-7.131,[NH3+]C[C@H](CS)Cc1nc(/C=C/c2c([S-])ccnc2I)n[nH]1,HighDiv,HighDiv_2247,1
3981,Druglike_370-1_out,-7.131,OC/C=C/C[C@H](CO)c1cccc(CO)c1,Druglike,Druglike_370,1
3982,HighDiv_1064-1_out,-7.131,[NH3+]Cc1cc(-c2nc(CS)no2)cnc1CO,HighDiv,HighDiv_1064,1
3983,Druglike_791-1_out,-7.13,O=C([O-])Cc1c(O)noc1[C@H](CF)CCCO,Druglike,Druglike_791,1
3984,Druglike_630-2_out,-7.128,O=C([O-])c1c[nH]c(=O)nc1CC[C@H]1C[NH2+]1,Druglike,Druglike_630,2
3985,HighDiv_1536-1_out,-7.127,C=Cc1cc(C(=O)CO)cc(O)c1O,HighDiv,HighDiv_1536,1
3986,HighDiv_216-1_out,-7.126,NOc1cc(C(=O)[O-])cc([C@@H](S)CCCO)c1Br,HighDiv,HighDiv_216,1
3987,Druglike_2007-1_out,-7.123,OCc1cc(-c2nnco2)c(CO)cn1,Druglike,Druglike_2007,1
3988,HighDiv_68-1_out,-7.123,CSC/C=C/c1nc(-c2n[nH]c(CC(=O)[O-])n2)c(I)cc1O,HighDiv,HighDiv_68,1
3989,Druglike_1726-1_out,-7.122,OC/C=C/c1[nH]cnc1-c1cccc(CO)n1,Druglike,Druglike_1726,1
3990,HighDiv_458-1_out,-7.121,NOc1cc(C(=O)[O-])cc(Br)c1Br,HighDiv,HighDiv_458,1
3991,Druglike_1663-2_out,-7.12,C[C@@H](/C=C(\CC(=O)[O-])c1cn[nH]n1)N[C@H](N)[NH3+],Druglike,Druglike_1663,2
3992,HighDiv_1864-1_out,-7.118,Nc1ncc(-c2cc(CO)ccc2[S-])s1,HighDiv,HighDiv_1864,1
3993,Druglike_480-1_out,-7.117,C=C(c1ccc(CO)c(O)c1)[C@H](O)CCC[NH3+],Druglike,Druglike_480,1
3994,Druglike_851-1_out,-7.116,C=C[C@H](O)c1onc(O)c1CC(=O)[O-],Druglike,Druglike_851,1
3995,HighDiv_1805-1_out,-7.113,C=C[C@@H](C)OC(=O)c1cc(O)c([S-])c(O)c1,HighDiv,HighDiv_1805,1
3996,Druglike_801-1_out,-7.113,O=C([O-])c1c[nH]c(=O)nc1CCCBr,Druglike,Druglike_801,1
3997,Druglike_524-1_out,-7.107,C=C(CC(=O)c1o[n-]c(=O)c1CC(=O)[O-])C(C)=O,Druglike,Druglike_524,1
3998,Druglike_318-1_out,-7.107,CC[C@@H](/C=C/c1ccccc1N)[NH2+]CCO,Druglike,Druglike_318,1
3999,HighDiv_2216-1_out,-7.105,C#CCOc1cc(N[C@@H](N)[NH3+])c([N+](=O)[O-])cc1N,HighDiv,HighDiv_2216,1
4000,Druglike_1988-1_out,-7.104,CCC[C@@H](/C=C/c1cc(I)c(C[NH3+])cn1)C[NH3+],Druglike,Druglike_1988,1
4001,Druglike_1332-1_out,-7.103,C[C@@H](CCO)NC(=O)Cc1ccc(CO)c(I)c1,Druglike,Druglike_1332,1
4002,HighDiv_1459-1_out,-7.103,C=C(c1cc(O)cc(S[S-])c1N)[N+](=O)[O-],HighDiv,HighDiv_1459,1
4003,Druglike_841-1_out,-7.101,CC[C@H](O)c1onc(O)c1CC(=O)[O-],Druglike,Druglike_841,1
4004,Druglike_920-1_out,-7.099,Nc1ccc(OCCCO)cc1/C=C/C[NH2+]CCO,Druglike,Druglike_920,1
4005,Druglike_1568-1_out,-7.096,CCCc1ccccc1O[C@H](CO)C(=O)[O-],Druglike,Druglike_1568,1
4006,HighDiv_1765-1_out,-7.095,[H]/N=C\Cc1cc([N+](=O)[O-])c(CO)cc1[S-],HighDiv,HighDiv_1765,1
4007,HighDiv_1917-1_out,-7.092,O=C(c1ccc(S[S-])c([O-])c1I)C1NC[NH2+]CN1,HighDiv,HighDiv_1917,1
4008,HighDiv_2210-1_out,-7.092,NNCc1cc(CS)cc2c1C(=O)N(C(=O)[N+](=O)[O-])C2=O,HighDiv,HighDiv_2210,1
4009,Druglike_770-1_out,-7.091,C[C@H](Br)c1nc(=O)[nH]cc1C(=O)[O-],Druglike,Druglike_770,1
4010,HighDiv_1087-1_out,-7.091,CC[C@H](O)c1cc(C(=O)[O-])ccc1I,HighDiv,HighDiv_1087,1
4011,Druglike_1595-1_out,-7.091,CCCCn1cc(/C=C/[C@@H](O)CBr)c(CO)c1,Druglike,Druglike_1595,1
4012,HighDiv_1790-1_out,-7.089,NOc1ccc(N[C@@H](S)CC[N+](=O)[O-])cc1,HighDiv,HighDiv_1790,1
4013,HighDiv_1682-2_out,-7.088,NOc1ccc2c(c1O)C(=O)/C(=C\[C@@H]([S-])CO)O2,HighDiv,HighDiv_1682,2
4014,Druglike_488-1_out,-7.086,Cc1ccc(N)c(/C=C/[C@H](C[NH3+])NCCO)c1,Druglike,Druglike_488,1
4015,HighDiv_2173-1_out,-7.085,CC/C=C/CC(=O)NOc1c(I)[nH]cc([O-])c1=S,HighDiv,HighDiv_2173,1
4016,HighDiv_1777-1_out,-7.084,O=C([O-])c1c(O)cc([N+](=O)[O-])cc1O,HighDiv,HighDiv_1777,1
4017,HighDiv_927-1_out,-7.084,CCCC#C[C@H](S)c1oc(C(=O)[O-])nc1C[NH3+],HighDiv,HighDiv_927,1
4018,HighDiv_558-1_out,-7.083,NOc1cc(C(=O)[O-])cc(C[C@H](S)CCO)c1Br,HighDiv,HighDiv_558,1
4019,Druglike_51-1_out,-7.083,Nc1nc([C@@H](CBr)C(=O)[O-])nc2[nH]ncc12,Druglike,Druglike_51,1
4020,HighDiv_898-1_out,-7.083,O=S(=O)([O-])C/C=C/c1c(F)cc([C@H](O)CO)cc1Br,HighDiv,HighDiv_898,1
4021,HighDiv_1006-1_out,-7.081,C=C1NCCN1c1ccc(O)c(C)c1C#Cc1cccnc1,HighDiv,HighDiv_1006,1
4022,HighDiv_2189-1_out,-7.081,OC[C@@H](S)/C=C/c1cc(F)cc(F)c1O,HighDiv,HighDiv_2189,1
4023,HighDiv_318-1_out,-7.08,NNC/C(=C\CC[NH3+])C(=O)c1cc(N=O)c(Br)cc1[O-],HighDiv,HighDiv_318,1
4024,HighDiv_1855-1_out,-7.079,[H]/N=C/CCOC(=O)c1ccc(S[S-])c([O-])c1I,HighDiv,HighDiv_1855,1
4025,Druglike_974-1_out,-7.079,COc1ccc(N)c(/C=C/C[NH2+]CCO)c1,Druglike,Druglike_974,1
4026,Druglike_223-1_out,-7.074,CC[C@H]([NH3+])CCC(=O)c1ccc(I)c(C[NH3+])c1,Druglike,Druglike_223,1
4027,HighDiv_2116-1_out,-7.07,O=C(CO)NC[C@@H](Br)c1cccc(F)c1,HighDiv,HighDiv_2116,1
4028,Druglike_965-1_out,-7.069,O=C([O-])c1c[nH]c(=O)nc1CCCCl,Druglike,Druglike_965,1
4029,HighDiv_103-2_out,-7.069,NOC/C=C/[C@@H](/C=C/c1c(F)ccc(Br)c1N)[P@@](=O)([O-])O,HighDiv,HighDiv_103,2
4030,HighDiv_794-1_out,-7.067,O=C([O-])c1nc(CO)c(C/C=C/CBr)o1,HighDiv,HighDiv_794,1
4031,Druglike_792-1_out,-7.066,C=C[C@@H](C)CC(=O)c1o[n-]c(=O)c1CC(=O)[O-],Druglike,Druglike_792,1
4032,HighDiv_1690-1_out,-7.064,O=C(c1cc[nH]c1)c1csc(C(=O)[O-])n1,HighDiv,HighDiv_1690,1
4033,HighDiv_793-1_out,-7.064,C[C@H]([NH3+])/C=C(\CON)C(=O)c1cc(N=O)c(Br)cc1[O-],HighDiv,HighDiv_793,1
4034,Druglike_471-1_out,-7.063,C=C(C(=O)[O-])c1ccc(CO)c(O)c1,Druglike,Druglike_471,1
4035,HighDiv_1904-1_out,-7.062,O=C(Cc1ccc(S[S-])c(O)c1I)OCCCCCCO,HighDiv,HighDiv_1904,1
4036,Druglike_1481-1_out,-7.062,[NH3+][C@@H](/C=C/c1n[nH]cc1CCO)C1=CCNN1,Druglike,Druglike_1481,1
4037,HighDiv_467-1_out,-7.062,CCCC[C@H]([NH3+])/C=C\C(=O)c1cc(S)c([S-])cc1Br,HighDiv,HighDiv_467,1
4038,HighDiv_1047-1_out,-7.061,NOc1cc(C(=O)[O-])cc(N)c1Br,HighDiv,HighDiv_1047,1
4039,HighDiv_1850-1_out,-7.061,O=C1C=C(C(=O)c2ccc(S[S-])c([O-])c2I)CO1,HighDiv,HighDiv_1850,1
4040,Druglike_1790-1_out,-7.061,C#C[C@H](CC(=O)[O-])Oc1cc(N)c(I)cn1,Druglike,Druglike_1790,1
4041,Druglike_1435-1_out,-7.06,[NH3+]C/C=C\Cc1ccccc1O[C@H](CO)C(=O)[O-],Druglike,Druglike_1435,1
4042,HighDiv_1283-1_out,-7.059,NNCCC(=O)c1cc(O)c(O)cc1CBr,HighDiv,HighDiv_1283,1
4043,Druglike_1671-1_out,-7.058,CCc1nn[nH]c1/C(=C/CO)c1ncn[nH]1,Druglike,Druglike_1671,1
4044,Druglike_909-1_out,-7.056,CCCc1onc(O)c1CC(=O)[O-],Druglike,Druglike_909,1
4045,HighDiv_1786-1_out,-7.054,O=C([O-])c1[nH]cc(-c2nncs2)c(=O)c1OCCO,HighDiv,HighDiv_1786,1
4046,Druglike_993-1_out,-7.054,C=C(CC)CC(=O)c1o[n-]c(=O)c1CC(=O)[O-],Druglike,Druglike_993,1
4047,HighDiv_977-1_out,-7.053,O=C([O-])Cc1cc(C(=O)[O-])n(CCl)c1C(=O)[O-],HighDiv,HighDiv_977,1
4048,Druglike_317-1_out,-7.049,[NH3+][C@@H](CCCCCCO)CC1=CCC(CO)=CO1,Druglike,Druglike_317,1
4049,HighDiv_1826-1_out,-7.049,[NH3+]NCC/C=C/c1cc(O)c(I)c(O)c1,HighDiv,HighDiv_1826,1
4050,Druglike_242-1_out,-7.048,O=C([O-])c1c[nH]c(=O)nc1[C@@H](CO)CF,Druglike,Druglike_242,1
4051,Druglike_930-1_out,-7.047,C=CC[NH2+][C@@H](C)c1o[n-]c(=O)c1CC(=O)[O-],Druglike,Druglike_930,1
4052,Druglike_1603-1_out,-7.046,C=C[C@H](O)C(=O)CCCCC1=C(C)NNC1,Druglike,Druglike_1603,1
4053,HighDiv_605-2_out,-7.046,CN[C@@H]([NH3+])C(=O)c1cc(N=O)c(Br)cc1N=O,HighDiv,HighDiv_605,2
4054,Druglike_583-1_out,-7.046,O=C([O-])c1c[nH]c(=O)nc1[C@@H](Br)CCl,Druglike,Druglike_583,1
4055,Druglike_1406-1_out,-7.045,O=C([O-])[C@@H](CO)Oc1ccccc1C/C=C/CCl,Druglike,Druglike_1406,1
4056,HighDiv_907-1_out,-7.044,[NH3+]CC/C=C(\Cc1ccoc1)C(=O)c1cc(N=O)c(Br)cc1[O-],HighDiv,HighDiv_907,1
4057,Druglike_919-1_out,-7.043,C=C(CCC(=O)OC)c1o[n-]c(=O)c1CC(=O)[O-],Druglike,Druglike_919,1
4058,HighDiv_1660-1_out,-7.043,O=C([O-])C(/C=C/[N+](=O)[O-])=C(/CO)c1ccc(C(=O)[O-])cc1,HighDiv,HighDiv_1660,1
4059,Druglike_1824-1_out,-7.043,C=CCc1[nH]c([C@@H](Br)C(=O)[O-])cc1C(=O)[O-],Druglike,Druglike_1824,1
4060,HighDiv_1848-1_out,-7.042,O=[N+]([O-])c1cc([O-])c(I)c(O)c1,HighDiv,HighDiv_1848,1
4061,HighDiv_1549-1_out,-7.04,C[NH2+][C@H]([O-])c1cc([O-])c(C[NH3+])c(Br)c1,HighDiv,HighDiv_1549,1
4062,HighDiv_2055-1_out,-7.036,Oc1cnc(I)c(/C=C/[C@H]2CCC[NH2+]2)c1[S-],HighDiv,HighDiv_2055,1
4063,Druglike_1068-1_out,-7.034,C[C@H](O)c1cc(C(=O)c2ncc(/C=C/c3ccc(I)c(Cl)c3)cn2)c[nH]1,Druglike,Druglike_1068,1
4064,HighDiv_224-1_out,-7.034,CO[C@@H](CS)C(=O)c1cc([S-])c(Br)c(N=O)c1,HighDiv,HighDiv_224,1
4065,HighDiv_1899-1_out,-7.033,O=[N+]([O-])c1ccc([S-])c(CO)c1,HighDiv,HighDiv_1899,1
4066,Druglike_921-1_out,-7.033,C=CCCC(=O)c1o[n-]c(=O)c1CC(=O)[O-],Druglike,Druglike_921,1
4067,HighDiv_2261-1_out,-7.031,NO[C@H](/C=C/c1cc(F)cc(F)c1O)CS,HighDiv,HighDiv_2261,1
4068,Druglike_88-1_out,-7.029,C=C[C@H](C(=O)[O-])c1[nH]c(=O)ncc1C(=O)[O-],Druglike,Druglike_88,1
4069,HighDiv_568-1_out,-7.026,CCCCCOC(=O)c1cc(C[NH3+])c(Br)c(ON)c1,HighDiv,HighDiv_568,1
4070,Druglike_1013-1_out,-7.025,C[C@H](F)c1nc(=O)[nH]cc1C(=O)[O-],Druglike,Druglike_1013,1
4071,Druglike_1443-1_out,-7.024,[NH3+]CC/C=C(\c1c[nH]nn1)c1cccc(Cl)c1Cl,Druglike,Druglike_1443,1
4072,HighDiv_1824-1_out,-7.024,C/C=C/[C@H](C(=O)[O-])C1=CC[NH+]=C1,HighDiv,HighDiv_1824,1
4073,Druglike_885-1_out,-7.022,CCCCc1onc(O)c1CC(=O)[O-],Druglike,Druglike_885,1
4074,HighDiv_8-1_out,-7.022,NNC/C=C/[C@H](N=O)c1ccc(I)c(C[NH3+])c1,HighDiv,HighDiv_8,1
4075,HighDiv_857-1_out,-7.021,C[NH2+]C/C(=C\CC[NH3+])C(=O)c1cc(N=O)c(Br)cc1[O-],HighDiv,HighDiv_857,1
4076,HighDiv_2161-1_out,-7.02,Oc1cnc(I)c(-c2ccsc2)c1[S-],HighDiv,HighDiv_2161,1
4077,Druglike_1635-1_out,-7.02,C=Cc1ccccc1O[C@H](CO)C(=O)[O-],Druglike,Druglike_1635,1
4078,HighDiv_678-1_out,-7.019,NC/C(=C\C=S)C(=O)c1cc(N=O)c(Br)cc1[O-],HighDiv,HighDiv_678,1
4079,HighDiv_870-1_out,-7.019,OCc1ncc(Cl)cc1C#C[C@@H](O)CBr,HighDiv,HighDiv_870,1
4080,HighDiv_2230-1_out,-7.017,Oc1cnc(I)c(-c2ccn(CCl)c2)c1CS,HighDiv,HighDiv_2230,1
4081,HighDiv_407-2_out,-7.016,N[C@H]([NH3+])Nc1cc(C(=O)[C@H]2C[NH2+]CCO2)cc(N=O)c1Br,HighDiv,HighDiv_407,2
4082,Druglike_358-1_out,-7.016,CC[C@H](O)c1nc(=O)[nH]cc1C(=O)[O-],Druglike,Druglike_358,1
4083,HighDiv_886-1_out,-7.014,[NH3+]CCCc1cc(C(=O)CC(=O)CS)cc(N=O)c1Br,HighDiv,HighDiv_886,1
4084,HighDiv_2176-1_out,-7.013,O=C([O-])[C@H](C=S)c1ccc(I)c(O)c1,HighDiv,HighDiv_2176,1
4085,HighDiv_1885-1_out,-7.011,C=Cc1c(O)cc(O)cc1C(=O)CNN,HighDiv,HighDiv_1885,1
4086,HighDiv_1068-1_out,-7.008,O=C([O-])[C@@H](O)C#Cc1cc(S)c([S-])cc1Br,HighDiv,HighDiv_1068,1
4087,Druglike_288-1_out,-7.006,O=C([O-])Cc1c(O)noc1Cc1cnon1,Druglike,Druglike_288,1
4088,Druglike_441-1_out,-7.006,[NH3+]CC1=C(CC/C=C/[C@H]([NH3+])CCl)CC=C1CO,Druglike,Druglike_441,1
4089,Druglike_283-1_out,-7.005,CC[C@H](N)c1[nH]c(=O)ncc1C(=O)[O-],Druglike,Druglike_283,1
4090,Druglike_556-1_out,-7.005,C[NH2+]C/C=C(\C(=O)[O-])c1ccc(CO)c(O)c1,Druglike,Druglike_556,1
4091,HighDiv_692-1_out,-7.004,[NH3+]Cc1cc(C/C=C/CNNCF)ccc1I,HighDiv,HighDiv_692,1
4092,HighDiv_853-1_out,-7.003,CN(N)C/C=C/Cc1ccc(I)c(C[NH3+])c1,HighDiv,HighDiv_853,1
4093,Druglike_280-1_out,-6.999,[NH3+]Cc1ccc(-c2c[nH]nn2)cc1O,Druglike,Druglike_280,1
4094,Druglike_268-1_out,-6.999,[NH3+]Cc1ccc(-c2c[nH]nn2)cc1O,Druglike,Druglike_268,1
4095,Druglike_1630-1_out,-6.998,CCCc1n[nH]nc1/C(=C/CO)c1ncn[nH]1,Druglike,Druglike_1630,1
4096,Druglike_1305-1_out,-6.997,C=C(C[NH3+])c1nnc2cnc(CO)cn12,Druglike,Druglike_1305,1
4097,Druglike_956-2_out,-6.997,[H]/N=C(\C)[C@H](O)c1cc(O)cc(Br)c1,Druglike,Druglike_956,2
4098,Druglike_195-2_out,-6.995,[NH3+]CC[C@@H]([NH3+])c1ncc(C/C=C\CO)cc1Br,Druglike,Druglike_195,2
4099,HighDiv_130-1_out,-6.994,O=C([O-])Cc1nc(-c2nc(/C=C/CS)c(CCl)cc2I)n[nH]1,HighDiv,HighDiv_130,1
4100,HighDiv_597-1_out,-6.993,NOc1cc(C(=O)[O-])cc(CS)c1Br,HighDiv,HighDiv_597,1
4101,HighDiv_629-1_out,-6.992,[NH3+]CNNC[C@@H](Cl)/C=C/c1ccc(CO)nc1,HighDiv,HighDiv_629,1
4102,HighDiv_1307-1_out,-6.988,CC(=O)Oc1cc(C(=O)CCNN)cc(O)c1[O-],HighDiv,HighDiv_1307,1
4103,Druglike_461-1_out,-6.986,CCCCCC1=[NH+]C(CO)=C[C@@H](C(=O)[O-])N1,Druglike,Druglike_461,1
4104,HighDiv_971-1_out,-6.986,CSC/C(=C\C[NH3+])C(=O)c1cc(N=O)c(Br)cc1[O-],HighDiv,HighDiv_971,1
4105,Druglike_585-1_out,-6.986,O=C([O-])c1c[nH]c(=O)nc1[C@H](CO)CCl,Druglike,Druglike_585,1
4106,HighDiv_2172-1_out,-6.985,C=C[C@H](C(=O)[O-])c1ccc(C[NH3+])c(Cl)c1,HighDiv,HighDiv_2172,1
4107,Druglike_502-2_out,-6.984,CC[C@@H](C[NH3+])c1nc(=O)[nH]cc1C(=O)[O-],Druglike,Druglike_502,2
4108,Druglike_99-1_out,-6.981,C=C[C@@H]([NH3+])CC(=O)c1o[n-]c(=O)c1CC(=O)[O-],Druglike,Druglike_99,1
4109,Druglike_606-1_out,-6.976,[NH2+]=CCCCc1onc(O)c1CC(=O)[O-],Druglike,Druglike_606,1
4110,Druglike_842-1_out,-6.975,O=C([O-])c1ncc([C@H](Br)/C=C\CO)cc1Br,Druglike,Druglike_842,1
4111,HighDiv_731-1_out,-6.974,C=CC[C@H]([NH3+])c1cc(C/C=C/CNN)ccc1I,HighDiv,HighDiv_731,1
4112,Druglike_759-1_out,-6.972,O=C([O-])Cc1c([C@H](F)CCl)o[n-]c1=O,Druglike,Druglike_759,1
4113,HighDiv_1553-1_out,-6.97,C=Cc1cc(O)c(O)cc1C(=O)CO,HighDiv,HighDiv_1553,1
4114,Druglike_1656-1_out,-6.97,O=C([O-])c1ccn(C2COC2)c1C#CCO,Druglike,Druglike_1656,1
4115,Druglike_1482-1_out,-6.969,C=CC[C@H]1C=C(CO)OC(C(=O)NCCO)=C1,Druglike,Druglike_1482,1
4116,Druglike_839-1_out,-6.968,O=C([O-])c1cc(Cl)cc([C@@H](O)F)n1,Druglike,Druglike_839,1
4117,Druglike_569-1_out,-6.966,C=C[C@H](CC)Cc1onc(O)c1CC(=O)[O-],Druglike,Druglike_569,1
4118,HighDiv_1381-1_out,-6.965,NOCCC/C=N\c1cc(-c2ccc(I)cn2)c(Br)cc1O,HighDiv,HighDiv_1381,1
4119,HighDiv_1355-1_out,-6.963,[NH3+]Cc1c(Br)cc(O)cc1C(=O)C[C@H](CCl)[N+](=O)[O-],HighDiv,HighDiv_1355,1
4120,HighDiv_576-1_out,-6.963,NOc1cc(C(=O)[O-])cc([S-])c1Br,HighDiv,HighDiv_576,1
4121,Druglike_1000-1_out,-6.961,O=C([O-])Cc1c(O)noc1C[C@H]1CCO1,Druglike,Druglike_1000,1
4122,HighDiv_2186-1_out,-6.96,CC(=O)OCC/C=C/C=C/c1cc(Br)c(CCS)cc1[S-],HighDiv,HighDiv_2186,1
4123,HighDiv_2166-1_out,-6.959,C=C[C@H](C(=O)[O-])c1ccc(CO)c(Cl)c1,HighDiv,HighDiv_2166,1
4124,HighDiv_1841-1_out,-6.958,O=C([O-])c1cc(O)c(CO)c(O)c1,HighDiv,HighDiv_1841,1
4125,HighDiv_1091-1_out,-6.956,Nc1ccc(Br)c(/C=C/CS(=O)(=O)[O-])c1F,HighDiv,HighDiv_1091,1
4126,Druglike_684-1_out,-6.955,C=C(CCOC)c1o[n-]c(=O)c1CC(=O)[O-],Druglike,Druglike_684,1
4127,HighDiv_1164-1_out,-6.953,C[C@H](O)CCc1cc(C(=O)N=O)cc(C[NH3+])c1Br,HighDiv,HighDiv_1164,1
4128,Druglike_1489-1_out,-6.952,O=C([O-])c1ccn(CCCl)c1C#CCO,Druglike,Druglike_1489,1
4129,HighDiv_178-2_out,-6.951,O=C([O-])c1cc(C(=O)[O-])n(C[S-])c1,HighDiv,HighDiv_178,2
4130,Druglike_862-1_out,-6.951,C[C@@H](Cl)Cc1onc(O)c1CC(=O)[O-],Druglike,Druglike_862,1
4131,HighDiv_430-1_out,-6.95,[NH3+]Cc1cc(I)c(-c2n[nH]c(CC(=O)[O-])n2)nc1/C=C/CCO,HighDiv,HighDiv_430,1
4132,HighDiv_1556-1_out,-6.95,O=C(C=S)c1cc(O)c([O-])c([S-])c1,HighDiv,HighDiv_1556,1
4133,Druglike_1593-1_out,-6.946,C#Cc1c(C(=O)[O-])noc1-c1cccc(O)c1I,Druglike,Druglike_1593,1
4134,Druglike_530-1_out,-6.944,OC[C@@H](O)/C=C\Cc1cnc(CBr)c(Br)c1,Druglike,Druglike_530,1
4135,HighDiv_526-1_out,-6.944,CSC[C@H](N)C#Cc1nc(I)c([N+](=O)[O-])cc1C(=O)[O-],HighDiv,HighDiv_526,1
4136,HighDiv_1225-1_out,-6.942,CCSCc1cc(C(=O)CCNN)cc(O)c1O,HighDiv,HighDiv_1225,1
4137,HighDiv_2110-1_out,-6.94,NO[C@@H](CNc1nncs1)c1csnn1,HighDiv,HighDiv_2110,1
4138,HighDiv_978-1_out,-6.937,C/C=C/C(=C\c1cc([O-])[nH]c(=S)n1)[N+](=O)[O-],HighDiv,HighDiv_978,1
4139,Druglike_1527-1_out,-6.935,C=CCc1cc(N)ncc1-n1cc(C[NH3+])nn1,Druglike,Druglike_1527,1
4140,Druglike_833-1_out,-6.935,Oc1ccc(I)c(/C=C/C[C@H](O)CBr)c1,Druglike,Druglike_833,1
4141,HighDiv_1909-1_out,-6.933,C[C@H](CCl)OC(=O)c1cc(O)c([S-])c(O)c1,HighDiv,HighDiv_1909,1
4142,HighDiv_2128-1_out,-6.933,C[C@@H](C(=O)[O-])c1ccc(I)c(O)c1,HighDiv,HighDiv_2128,1
4143,HighDiv_2287-2_out,-6.925,N[C@H]([NH3+])Nc1cc([S-])c(C[C@@H](C[NH3+])c2cscn2)cc1Br,HighDiv,HighDiv_2287,2
4144,HighDiv_2135-1_out,-6.924,O=S(=O)(NO)[C@@H](NCO)SCc1cc(F)cc(F)c1O,HighDiv,HighDiv_2135,1
4145,Druglike_409-1_out,-6.923,OCc1c(O)ccc2c1OCN2,Druglike,Druglike_409,1
4146,HighDiv_1534-1_out,-6.923,Oc1cc(C[C@H]2NC=NO2)cc(Br)c1[S-],HighDiv,HighDiv_1534,1
4147,HighDiv_2326-2_out,-6.921,[O-]c1cnc(I)c(-c2cccs2)c1S,HighDiv,HighDiv_2326,2
4148,Druglike_453-1_out,-6.919,O=C([O-])c1c[nH]c(=O)nc1CCC[C@H]1CC[NH2+]CCO1,Druglike,Druglike_453,1
4149,HighDiv_1471-1_out,-6.918,Cc1cc(O)c(O)cc1C(=O)[N-]C(=S)NN,HighDiv,HighDiv_1471,1
4150,Druglike_966-1_out,-6.917,O=C([O-])Cc1c(O)noc1[C@H](O)c1cnon1,Druglike,Druglike_966,1
4151,Druglike_935-1_out,-6.916,NC(=O)/C=C\[C@H](O)c1cc(Cl)ccc1O,Druglike,Druglike_935,1
4152,HighDiv_308-1_out,-6.916,CN/C=C/C(=O)c1cc(N=O)c(Br)c([C@@H](O)C(=O)[O-])c1,HighDiv,HighDiv_308,1
4153,HighDiv_778-1_out,-6.914,N/C=C\[C@H](N)c1cc(C/C=C/CNN)ccc1I,HighDiv,HighDiv_778,1
4154,Druglike_812-1_out,-6.912,O=C([O-])C1=C(CO)C(=O)C=C[C@@H]1NCCCBr,Druglike,Druglike_812,1
4155,HighDiv_1891-1_out,-6.912,O=C([O-])CCOCc1cccc([C@@H](O)CS[S-])c1,HighDiv,HighDiv_1891,1
4156,HighDiv_2220-1_out,-6.909,O=C([O-])CC(=O)Oc1cc(Br)c([S-])cc1[S-],HighDiv,HighDiv_2220,1
4157,HighDiv_1741-1_out,-6.904,[NH3+]CCC[C@@H](C#Cc1cc([S-])ccc1I)S(=O)(=O)[O-],HighDiv,HighDiv_1741,1
4158,HighDiv_367-1_out,-6.903,NOc1cc(C(=O)[O-])cc(I)c1Br,HighDiv,HighDiv_367,1
4159,Druglike_859-1_out,-6.901,C=C[C@@H](O)c1onc(O)c1CC(=O)[O-],Druglike,Druglike_859,1
4160,Druglike_1562-1_out,-6.901,[NH3+]C/C=C(\c1c[nH]nn1)c1cccc(Cl)c1Cl,Druglike,Druglike_1562,1
4161,HighDiv_894-1_out,-6.901,NOCC(=O)c1ccc(Br)c(COCCS)c1,HighDiv,HighDiv_894,1
4162,Druglike_1419-1_out,-6.901,[NH3+]C/C=C(\c1c[nH]nn1)c1cccc(Cl)c1Cl,Druglike,Druglike_1419,1
4163,Druglike_799-1_out,-6.9,C=C(CCCC[NH3+])c1o[n-]c(=O)c1CC(=O)[O-],Druglike,Druglike_799,1
4164,HighDiv_479-1_out,-6.899,NC(=O)[C@H](/C=C/c1c(F)cccc1Br)S(=O)(=O)[O-],HighDiv,HighDiv_479,1
4165,Druglike_319-1_out,-6.898,O=C([O-])c1c[nH]c(=O)nc1[C@@H](O)CBr,Druglike,Druglike_319,1
4166,Druglike_813-1_out,-6.897,O=C([O-])Cc1c(C(=O)CBr)o[n-]c1=O,Druglike,Druglike_813,1
4167,Druglike_525-1_out,-6.892,N[C@@H](CF)c1[nH]c(=O)ncc1C(=O)[O-],Druglike,Druglike_525,1
4168,Druglike_1518-1_out,-6.891,CCC[C@H](CCl)n1cc(/C=C/CO)c(CO)c1,Druglike,Druglike_1518,1
4169,HighDiv_1849-2_out,-6.891,O=Nc1c([O-])cc([C@@H]([S-])C[N+](=O)[O-])cc1O,HighDiv,HighDiv_1849,2
4170,Druglike_1017-1_out,-6.891,O=C([O-])Cc1c([C@@H](O)CF)o[n-]c1=O,Druglike,Druglike_1017,1
4171,Druglike_1676-1_out,-6.89,C[NH2+]CCCNC(=O)C1=CCC=C(CO)O1,Druglike,Druglike_1676,1
4172,Druglike_1499-1_out,-6.89,CCNC(=O)C1=CCC=C(CO)O1,Druglike,Druglike_1499,1
4173,Druglike_1680-1_out,-6.89,CC[C@](N)(C#CC(=O)c1cc([O-])[nH]n1)C[NH3+],Druglike,Druglike_1680,1
4174,HighDiv_2312-1_out,-6.888,O=C([O-])Cc1ccc(I)c(O)c1,HighDiv,HighDiv_2312,1
4175,Druglike_653-1_out,-6.887,OCC/C=C/[C@@H](CO)c1cc(Br)c(I)cn1,Druglike,Druglike_653,1
4176,HighDiv_1514-2_out,-6.887,NNCc1cc([O-])c(N=O)c(Br)c1,HighDiv,HighDiv_1514,2
4177,HighDiv_1510-1_out,-6.886,[O-]c1cnc(CCF)c(-c2nccs2)c1[S-],HighDiv,HighDiv_1510,1
4178,HighDiv_1579-1_out,-6.883,COCC(=O)c1cc(O)c(O)c([S-])c1,HighDiv,HighDiv_1579,1
4179,HighDiv_2271-2_out,-6.882,FC(F)(Cn1cnc2c([S-])cccc21)NCCS,HighDiv,HighDiv_2271,2
4180,Druglike_1714-1_out,-6.877,O=C([O-])[C@@H](CO)Oc1ccc(O)cc1,Druglike,Druglike_1714,1
4181,Druglike_825-1_out,-6.874,Nc1ccccc1/C=C/[C@H](C[NH3+])NCCO,Druglike,Druglike_825,1
4182,Druglike_1344-1_out,-6.871,[NH3+][C@@H](CO)NCCC#Cc1[nH]ncc1Br,Druglike,Druglike_1344,1
4183,HighDiv_901-1_out,-6.869,CC/C=C/C(=O)C#CCNC(=O)c1cc([S-])c(I)cc1[S-],HighDiv,HighDiv_901,1
4184,Druglike_969-1_out,-6.867,C[C@@H]([NH3+])c1o[n-]c(=O)c1CC(=O)[O-],Druglike,Druglike_969,1
4185,Druglike_1677-2_out,-6.866,CC#C[C@H](C(=O)[O-])c1cnc[nH]1,Druglike,Druglike_1677,2
4186,HighDiv_240-1_out,-6.858,O=C1NCCN1c1cc(O)c(CCO)c(CCS)c1,HighDiv,HighDiv_240,1
4187,Druglike_817-1_out,-6.851,OC/C=C/c1ccc([C@@H](Br)CO)cc1,Druglike,Druglike_817,1
4188,Druglike_1504-1_out,-6.851,CC#CCc1ccccc1O[C@H](CO)C(=O)[O-],Druglike,Druglike_1504,1
4189,Druglike_1629-2_out,-6.844,N[C@@](C#CC(=O)c1cc([O-])[nH]n1)(C[NH3+])CCl,Druglike,Druglike_1629,2
4190,Druglike_2029-1_out,-6.841,O=C([O-])c1cc([C@H](O)Br)c(CO)[nH]1,Druglike,Druglike_2029,1
4191,Druglike_1877-1_out,-6.84,[H]/N=C(/C)c1ccc([C@H]([NH3+])CNC[NH3+])cc1I,Druglike,Druglike_1877,1
4192,HighDiv_1499-1_out,-6.84,CC[C@H](O)c1ccc(CO)cc1CO,HighDiv,HighDiv_1499,1
4193,HighDiv_1065-1_out,-6.839,C#Cc1nc2c(n1CC(=C)CS)C[N@@H+](CCO)C2,HighDiv,HighDiv_1065,1
4194,HighDiv_306-1_out,-6.839,C=Cc1nc(-c2n[nH]c(CC(=O)[O-])n2)c(I)cc1[S-],HighDiv,HighDiv_306,1
4195,Druglike_1811-1_out,-6.839,C=C[C@H](Br)c1cc(C(=O)[O-])[nH]c1CO,Druglike,Druglike_1811,1
4196,HighDiv_852-1_out,-6.833,NNC/C=C/Cc1cc(C[NH3+])c(I)cc1N=O,HighDiv,HighDiv_852,1
4197,Druglike_808-1_out,-6.831,O=C(/C=C/C(=O)c1n[nH]c(CO)n1)CCF,Druglike,Druglike_808,1
4198,Druglike_1918-1_out,-6.83,[NH3+]Cc1coc(-c2nnc(/C=C/CO)n2CCl)n1,Druglike,Druglike_1918,1
4199,Druglike_947-2_out,-6.828,[NH3+]Cc1ccc(O)cc1-c1cnn[nH]1,Druglike,Druglike_947,2
4200,Druglike_1447-1_out,-6.827,C=CCc1ccccc1O[C@H](CO)C(=O)[O-],Druglike,Druglike_1447,1
4201,HighDiv_2310-1_out,-6.823,C#C[C@@H](N)CCc1cc([S-])c(O[P@](=O)([O-])CO)cc1Br,HighDiv,HighDiv_2310,1
4202,HighDiv_626-2_out,-6.822,C/C=N/c1ccc([S-])c2oc(CO)cc12,HighDiv,HighDiv_626,2
4203,Druglike_1203-1_out,-6.821,NCC(=O)[C@H](/C=C/c1ccc(I)cc1N)CC[NH3+],Druglike,Druglike_1203,1
4204,Druglike_1345-1_out,-6.821,CC[C@H](O)c1ncn(C(=O)NCBr)n1,Druglike,Druglike_1345,1
4205,HighDiv_1795-1_out,-6.819,C#CCC(=C)[C@H](N)c1ccc(S[S-])c(O)c1I,HighDiv,HighDiv_1795,1
4206,Druglike_879-1_out,-6.816,CC[C@@H](O)c1onc(O)c1CC(=O)[O-],Druglike,Druglike_879,1
4207,Druglike_1692-1_out,-6.815,CCc1ccccc1O[C@H](CO)C(=O)[O-],Druglike,Druglike_1692,1
4208,HighDiv_1356-1_out,-6.815,[NH3+]CCCCC/C=C/[C@@H](CO)N1CCNC1=S,HighDiv,HighDiv_1356,1
4209,HighDiv_1115-1_out,-6.814,OC[C@@H](O)c1cc(O)cc(CNNCCl)c1,HighDiv,HighDiv_1115,1
4210,HighDiv_1725-1_out,-6.813,O=C([O-])C(/C=C/[N+](=O)[O-])=C(/CO)c1ccc(C(=O)[O-])cc1O,HighDiv,HighDiv_1725,1
4211,HighDiv_1823-1_out,-6.813,[NH3+]C/C=C/c1cc([N+](=O)[O-])ccc1[S-],HighDiv,HighDiv_1823,1
4212,HighDiv_990-1_out,-6.811,Nc1cc(F)c(/C=C/CS(=O)(=O)[O-])c(Br)c1,HighDiv,HighDiv_990,1
4213,HighDiv_1522-1_out,-6.809,[NH3+]Cc1[nH+]cc([O-])c(CS)c1-c1c[nH]c(CO)c1,HighDiv,HighDiv_1522,1
4214,HighDiv_447-1_out,-6.804,C=Cc1nc(-c2n[nH]c(CC(=O)[O-])n2)c(I)cc1COC,HighDiv,HighDiv_447,1
4215,Druglike_1342-1_out,-6.804,O=C1NCc2ccc(O)c(Cc3cc(Cl)cc(Cl)c3)c21,Druglike,Druglike_1342,1
4216,HighDiv_683-1_out,-6.801,NN[C@H](/C=C/Cc1ccc(I)c(C[NH3+])c1)C[NH3+],HighDiv,HighDiv_683,1
4217,Druglike_304-1_out,-6.796,C=Cc1c(Br)ccnc1-c1oc(C[NH2+]CCO)nc1C(N)=O,Druglike,Druglike_304,1
4218,Druglike_774-1_out,-6.794,C=C[C@@](O)(CCl)c1o[n-]c(=O)c1CC(=O)[O-],Druglike,Druglike_774,1
4219,HighDiv_185-1_out,-6.794,O=C1NCCN1c1cc(O)c(CBr)c(CCS)c1,HighDiv,HighDiv_185,1
4220,Druglike_1459-1_out,-6.794,C[C@H](Cl)Cn1ccc(C(=O)[O-])c1C#CCO,Druglike,Druglike_1459,1
4221,Druglike_1711-1_out,-6.793,O=c1[n-][nH]cc1/C(=C\CO)c1n[nH]nc1CF,Druglike,Druglike_1711,1
4222,HighDiv_2308-1_out,-6.793,CN[C@H](Cl)/C=C/c1c(I)[nH]cc([O-])c1=S,HighDiv,HighDiv_2308,1
4223,HighDiv_1873-1_out,-6.792,C=C(C(N)=O)c1ccc(S[S-])c([O-])c1I,HighDiv,HighDiv_1873,1
4224,Druglike_1950-1_out,-6.791,O=C([O-])c1cc(CBr)c(CO)[nH]1,Druglike,Druglike_1950,1
4225,HighDiv_2214-1_out,-6.791,CS[C@H](O)c1nc(/C(=C/c2c([S-])ccnc2I)CO)n[nH]1,HighDiv,HighDiv_2214,1
4226,Druglike_1548-1_out,-6.789,[NH3+]CCOC(=O)c1c(C(=O)[O-])c[nH]c1/C=C/CF,Druglike,Druglike_1548,1
4227,Druglike_101-1_out,-6.783,CC[C@@H]([NH3+])CC(=O)c1o[n-]c(=O)c1CC(=O)[O-],Druglike,Druglike_101,1
4228,Druglike_985-1_out,-6.781,O=C([O-])Cc1c([C@H](O)CCl)o[n-]c1=O,Druglike,Druglike_985,1
4229,Druglike_1698-1_out,-6.775,CC[C@@H](Cl)/C=C(\CC(=O)[O-])c1cn[nH]n1,Druglike,Druglike_1698,1
4230,HighDiv_399-1_out,-6.775,C/C=C\[C@H]([NH3+])c1cc([N+](=O)[O-])c([O-])cc1I,HighDiv,HighDiv_399,1
4231,HighDiv_1410-1_out,-6.77,O=C(c1cc(O)c(O)c([S-])c1)[C@@H](O)CS,HighDiv,HighDiv_1410,1
4232,HighDiv_2227-2_out,-6.77,C[NH2+]C[C@H](Cl)/C=C/c1c(I)[nH]cc([O-])c1=S,HighDiv,HighDiv_2227,2
4233,HighDiv_2274-1_out,-6.77,O=[N+]([O-])c1ccc([C@@H](O)CO)cc1,HighDiv,HighDiv_2274,1
4234,Druglike_1003-1_out,-6.769,O=C([O-])c1c[nH]c(=O)nc1CCBr,Druglike,Druglike_1003,1
4235,HighDiv_2222-1_out,-6.766,N[C@H](CF)c1[nH]cc(O)c(=O)c1Cl,HighDiv,HighDiv_2222,1
4236,Druglike_1809-1_out,-6.763,[NH3+]C/C=C/c1nnc(-c2nc(C[NH3+])co2)n1CCl,Druglike,Druglike_1809,1
4237,HighDiv_921-1_out,-6.762,OCCNNCc1cc(O)cc([C@H](O)CO)c1,HighDiv,HighDiv_921,1
4238,Druglike_1709-1_out,-6.762,O=C(CO)OC[C@H](O)c1cccc(O)c1,Druglike,Druglike_1709,1
4239,Druglike_1579-1_out,-6.756,[NH3+]C/C=C(\c1c[nH]nn1)c1cccc(O)c1Cl,Druglike,Druglike_1579,1
4240,HighDiv_1771-1_out,-6.754,OC/C=C/c1cc(O)cc(I)c1I,HighDiv,HighDiv_1771,1
4241,HighDiv_2153-1_out,-6.753,O=C([O-])[C@H](Br)c1ccc(I)c(O)c1,HighDiv,HighDiv_2153,1
4242,Druglike_1599-1_out,-6.752,CC#C[C@H](C(=O)[O-])N1C=CCNC1,Druglike,Druglike_1599,1
4243,HighDiv_2158-1_out,-6.747,C=C[C@H](S)CC(=O)NOc1c(I)[nH]cc([O-])c1=S,HighDiv,HighDiv_2158,1
4244,Druglike_612-1_out,-6.743,O=C([O-])Cc1c(C(=O)CCBr)o[n-]c1=O,Druglike,Druglike_612,1
4245,HighDiv_2204-1_out,-6.741,CS[C@H](N)c1nnc(/C(=C/c2c([S-])ccnc2I)CO)[nH]1,HighDiv,HighDiv_2204,1
4246,Druglike_1594-1_out,-6.74,CC[C@H]([NH3+])Cn1cc(/C=C/CO)c(CO)c1,Druglike,Druglike_1594,1
4247,HighDiv_666-1_out,-6.739,NNC/C=C/Cc1ccc(I)c(C[NH3+])c1,HighDiv,HighDiv_666,1
4248,HighDiv_1845-1_out,-6.737,CCOC(=O)c1ccc(S[S-])c([O-])c1I,HighDiv,HighDiv_1845,1
4249,Druglike_521-1_out,-6.737,O=C([O-])Cc1c([C@](O)(F)CCl)o[n-]c1=O,Druglike,Druglike_521,1
4250,HighDiv_1315-1_out,-6.733,O=C(c1cc(O)c(O)c([S-])c1)[C@@H]1C=CCS1,HighDiv,HighDiv_1315,1
4251,HighDiv_1740-1_out,-6.733,C/C=C/C[C@@](O)(CO)C(=O)c1ccc(S[S-])c([O-])c1I,HighDiv,HighDiv_1740,1
4252,Druglike_466-1_out,-6.73,N[C@@H](F)C(=O)c1nn(C(=O)[O-])cc1Cl,Druglike,Druglike_466,1
4253,HighDiv_1097-2_out,-6.729,CO[C@@H](CC[NH3+])C(=O)c1ccc(Br)c([O-])c1,HighDiv,HighDiv_1097,2
4254,Druglike_1441-1_out,-6.728,C=C[C@@H](C)NC(=O)C1=CCC=C(CO)O1,Druglike,Druglike_1441,1
4255,HighDiv_1540-1_out,-6.727,O=C(C#Cc1c(CS)[nH]cc(O)c1=O)NCS,HighDiv,HighDiv_1540,1
4256,Druglike_865-1_out,-6.727,CC[NH2+]CCC(=O)c1o[n-]c(=O)c1CC(=O)[O-],Druglike,Druglike_865,1
4257,HighDiv_1676-1_out,-6.727,OC/C=C\Cc1ccc(S[S-])c(O)c1I,HighDiv,HighDiv_1676,1
4258,HighDiv_1844-1_out,-6.725,O=P([O-])([O-])c1cc(O)c(/C=C/C[NH2+]CCS)c(Cl)c1,HighDiv,HighDiv_1844,1
4259,Druglike_2002-1_out,-6.722,C[C@@H](/C=C/c1cc(I)c(C[NH3+])cn1)C[NH3+],Druglike,Druglike_2002,1
4260,Druglike_1328-1_out,-6.721,[NH3+]CC/C=C/[C@H](c1cocn1)c1cc(F)ccc1O,Druglike,Druglike_1328,1
4261,Druglike_1339-1_out,-6.716,N[C@H](/C=C\Cc1ccc(I)c(I)c1)C[NH3+],Druglike,Druglike_1339,1
4262,HighDiv_2107-1_out,-6.715,[H]/[S+]=c1/c([O-])c[nH]c(I)c1[N-][C@H]([NH3+])NCC#CC,HighDiv,HighDiv_2107,1
4263,HighDiv_1754-1_out,-6.715,C=C(c1ccc(S[S-])c(O)c1I)[C@@H](N)CCl,HighDiv,HighDiv_1754,1
4264,HighDiv_273-1_out,-6.715,CC/C=C(\CS)C(=O)c1cc(N=O)c(Br)cc1[O-],HighDiv,HighDiv_273,1
4265,Druglike_950-1_out,-6.712,[NH3+]Cc1ncc([C@H](O)/C=C\CO)cc1Br,Druglike,Druglike_950,1
4266,HighDiv_1919-1_out,-6.709,O=C(c1ccc(S[S-])c([O-])c1I)[C@@H]1CC[NH2+]C1,HighDiv,HighDiv_1919,1
4267,Druglike_1578-1_out,-6.707,[O-]c1c[nH+]cc(/C(=C\c2cnon2)CO)c1,Druglike,Druglike_1578,1
4268,HighDiv_1781-1_out,-6.701,[NH3+]C/C=C/c1cc([O-])c(I)c(O)c1,HighDiv,HighDiv_1781,1
4269,HighDiv_876-1_out,-6.698,NNC/C=C/[C@H](Br)c1ccc(I)c(C[NH3+])c1,HighDiv,HighDiv_876,1
4270,HighDiv_1521-1_out,-6.698,C=C[C@@H](/C=C/C[NH3+])c1ccc(Br)cc1O,HighDiv,HighDiv_1521,1
4271,Druglike_476-1_out,-6.69,N[C@@H](CBr)c1[nH]c(=O)ncc1C(=O)[O-],Druglike,Druglike_476,1
4272,Druglike_740-1_out,-6.688,[NH3+]CCCc1onc(O)c1CC(=O)[O-],Druglike,Druglike_740,1
4273,HighDiv_2302-1_out,-6.686,CSCc1nc(/C(=C/c2c([S-])ccnc2I)CO)n[nH]1,HighDiv,HighDiv_2302,1
4274,Druglike_405-1_out,-6.683,[NH3+]CC/C=C/[C@@H](CO)c1cc(Br)c(I)cn1,Druglike,Druglike_405,1
4275,Druglike_558-1_out,-6.681,O=C([O-])Cc1c([C@](O)(Cl)CCl)o[n-]c1=O,Druglike,Druglike_558,1
4276,HighDiv_93-1_out,-6.667,O=C([O-])C[C@H](CCCCCO)c1nnc([S-])o1,HighDiv,HighDiv_93,1
4277,Druglike_1398-1_out,-6.663,[NH3+]CC#C[C@](O)(CO)c1cccc(O)c1,Druglike,Druglike_1398,1
4278,Druglike_2071-1_out,-6.653,[NH3+][C@@H](C(=O)[O-])c1cccc(O)c1,Druglike,Druglike_2071,1
4279,HighDiv_2205-1_out,-6.65,NNCCOC[C@H](O)c1ccc([S-])c(Cl)c1,HighDiv,HighDiv_2205,1
4280,HighDiv_622-1_out,-6.644,C=C[C@H]([NH3+])c1cc([N+](=O)[O-])c([O-])cc1I,HighDiv,HighDiv_622,1
4281,Druglike_523-1_out,-6.644,O=c1[nH]nc([C@@](O)(/C=C/CBr)CO)[nH]1,Druglike,Druglike_523,1
4282,HighDiv_930-1_out,-6.642,C[C@H](/C=C\Cc1cc(S)c([S-])cc1Br)NC[NH3+],HighDiv,HighDiv_930,1
4283,HighDiv_1572-1_out,-6.641,O=C([O-])Cc1cc(OCCCO)c(O)cc1Br,HighDiv,HighDiv_1572,1
4284,HighDiv_2255-1_out,-6.636,NC1=[N+](c2c(I)ncc(N=O)c2[S-])CCC1,HighDiv,HighDiv_2255,1
4285,Druglike_1884-1_out,-6.636,C[C@H](Br)c1cc(C(=O)[O-])[nH]c1CO,Druglike,Druglike_1884,1
4286,HighDiv_433-1_out,-6.633,[NH3+]CC/C=C(\CC[NH3+])C(=O)c1cc(N=O)c(Br)cc1[O-],HighDiv,HighDiv_433,1
4287,HighDiv_2065-1_out,-6.632,[O-]c1c[nH]c(I)c(/C=C/[C@@H](Cl)CS)c1=S,HighDiv,HighDiv_2065,1
4288,Druglike_2058-1_out,-6.631,O=C(CBr)c1cc(C(=O)[O-])c(CO)o1,Druglike,Druglike_2058,1
4289,HighDiv_1039-1_out,-6.629,NNC/C=C/Cc1ccc(I)c([C@@H](N)C=S)c1,HighDiv,HighDiv_1039,1
4290,HighDiv_1647-1_out,-6.627,NC(=O)c1c(CO)ccc([S-])c1-c1cnc(N)s1,HighDiv,HighDiv_1647,1
4291,Druglike_2057-1_out,-6.617,[NH3+]Cc1[nH]c(C(=O)[O-])cc1C(=O)CBr,Druglike,Druglike_2057,1
4292,HighDiv_2132-1_out,-6.609,[NH3+]CC[C@@H](C[NH3+])N[C@@H]([NH3+])Nc1c(I)[nH]cc([O-])c1=S,HighDiv,HighDiv_2132,1
4293,HighDiv_961-1_out,-6.602,OCc1nnc(-c2cc(S)c([S-])cc2Br)o1,HighDiv,HighDiv_961,1
4294,HighDiv_2112-2_out,-6.601,NN[C@H](Cl)/C=C/c1c(I)[nH]cc([O-])c1=S,HighDiv,HighDiv_2112,2
4295,HighDiv_1552-1_out,-6.597,NNCc1cc(O)c(Br)c(Br)c1,HighDiv,HighDiv_1552,1
4296,HighDiv_2174-1_out,-6.592,[O-]c1c[nH]c(I)c(/C=C/[C@@H](Cl)CO)c1=S,HighDiv,HighDiv_2174,1
4297,HighDiv_2196-1_out,-6.592,CN[NH2+]CN[C@@H](C#CCO)c1cc(Br)ccc1[S-],HighDiv,HighDiv_2196,1
4298,Druglike_1366-2_out,-6.592,O=C([O-])C[C@@H]1CCC(CO)=N/C1=C\Br,Druglike,Druglike_1366,2
4299,Druglike_536-2_out,-6.591,CC[C@H](/C=C/CO)c1ccncc1O,Druglike,Druglike_536,2
4300,Druglike_2000-1_out,-6.59,CCOc1ccc(C(=O)CO)cc1C[NH3+],Druglike,Druglike_2000,1
4301,Druglike_908-1_out,-6.589,C=C[C@H]([NH2+]C)c1o[n-]c(=O)c1CC(=O)[O-],Druglike,Druglike_908,1
4302,HighDiv_1862-1_out,-6.588,C=C[C@@]1(/C(=C/C2=CCC(CO)=C2)C(=O)[O-])C=CSS1,HighDiv,HighDiv_1862,1
4303,HighDiv_1868-1_out,-6.577,O=Nc1cc([O-])c(CO)c(O)c1,HighDiv,HighDiv_1868,1
4304,HighDiv_2297-1_out,-6.573,OC[C@H](O)Cc1cc(O)ccc1F,HighDiv,HighDiv_2297,1
4305,Druglike_1501-1_out,-6.571,O=C([O-])c1ccn(C[C@@H](Cl)CO)c1C#CCO,Druglike,Druglike_1501,1
4306,Druglike_1639-1_out,-6.569,O=C([O-])[C@@H](CO)Oc1ccccc1,Druglike,Druglike_1639,1
4307,HighDiv_370-1_out,-6.564,O=C([O-])Cc1nc(-c2nc(CCS)c(CCl)cc2I)n[nH]1,HighDiv,HighDiv_370,1
4308,Druglike_700-1_out,-6.561,O=C([O-])/C=C/[C@H](O)c1ccc[nH]1,Druglike,Druglike_700,1
4309,HighDiv_1421-1_out,-6.558,O=c1c(-c2c(CS)ncc([O-])c2CO)c[nH]n1CCO,HighDiv,HighDiv_1421,1
4310,HighDiv_1853-1_out,-6.558,N[C@@H](CCF)Oc1ccc(S[S-])c(O)c1I,HighDiv,HighDiv_1853,1
4311,HighDiv_1925-1_out,-6.557,CSC[C@@H](C(=O)[O-])c1c[nH]cc1C(=O)c1csnn1,HighDiv,HighDiv_1925,1
4312,HighDiv_1882-1_out,-6.549,OCCN/C=C/c1ccc(Br)cc1O,HighDiv,HighDiv_1882,1
4313,HighDiv_1689-1_out,-6.545,C=C(c1ccc(S[S-])c([O-])c1I)[N+](=O)[O-],HighDiv,HighDiv_1689,1
4314,Druglike_1990-1_out,-6.544,[NH3+]Cc1cnc(/C=C/[C@H](I)C[NH3+])cc1I,Druglike,Druglike_1990,1
4315,HighDiv_1778-1_out,-6.543,O=C([O-])c1ccc([S-])cc1O,HighDiv,HighDiv_1778,1
4316,HighDiv_1151-1_out,-6.539,[NH3+]CCc1nc(-c2n[nH]c(CC(=O)[O-])n2)c(I)cc1CCl,HighDiv,HighDiv_1151,1
4317,HighDiv_2236-1_out,-6.522,O=C([O-])C(=Cc1cc(SCS)ccc1O)C(=O)[O-],HighDiv,HighDiv_2236,1
4318,Druglike_946-1_out,-6.515,C[C@@H](CO)c1onc(O)c1CC(=O)[O-],Druglike,Druglike_946,1
4319,HighDiv_464-1_out,-6.51,NOC[C@H]([NH3+])/C=C/c1cccc(CF)c1C(N)=S,HighDiv,HighDiv_464,1
4320,Druglike_1253-1_out,-6.509,CCC(=O)C#C[C@](N)(C(=O)[O-])c1nnco1,Druglike,Druglike_1253,1
4321,HighDiv_1488-1_out,-6.503,Nc1cc(C[NH3+])c(O)cc1[N+](=O)[O-],HighDiv,HighDiv_1488,1
4322,HighDiv_2266-1_out,-6.503,O=C(NO)c1c(CCO)cnn1[C@H](Cl)CCl,HighDiv,HighDiv_2266,1
4323,HighDiv_947-1_out,-6.496,[NH3+]Cc1cc(C(=O)N=O)cc(CCO)c1Br,HighDiv,HighDiv_947,1
4324,Druglike_299-1_out,-6.488,O=C([O-])[C@H](O)c1ccc(I)c(Br)c1,Druglike,Druglike_299,1
4325,Druglike_872-1_out,-6.486,[NH3+][C@@H](CO)c1ccc(I)c(CF)c1,Druglike,Druglike_872,1
4326,HighDiv_979-1_out,-6.481,C=C1NCCN1c1ccc(O)cc1C#Cc1cccnc1,HighDiv,HighDiv_979,1
4327,HighDiv_1479-1_out,-6.48,[NH3+]CNNCCSC[C@H](O)c1ccc([S-])cc1,HighDiv,HighDiv_1479,1
4328,Druglike_937-1_out,-6.469,CCn1c([C@H](O)CO)nn(CBr)c1=O,Druglike,Druglike_937,1
4329,HighDiv_1903-1_out,-6.468,CC[C@H](S)c1ccc(P(=O)([O-])[O-])cc1O,HighDiv,HighDiv_1903,1
4330,HighDiv_2143-1_out,-6.463,O=C([O-])[C@H](/C=C/CO)c1cnns1,HighDiv,HighDiv_2143,1
4331,HighDiv_736-1_out,-6.461,COCc1nc(-c2n[nH]c(CC(=O)[O-])n2)c(I)cc1CCl,HighDiv,HighDiv_736,1
4332,HighDiv_1372-1_out,-6.458,NNCCC(=O)c1cc(O)c(O)cc1CS,HighDiv,HighDiv_1372,1
4333,HighDiv_1662-1_out,-6.451,C=CNCc1cc(C(=O)[O-])c(S)cc1[S-],HighDiv,HighDiv_1662,1
4334,HighDiv_817-1_out,-6.45,C[NH2+]C[C@H](O)C#Cc1cc(S)c([S-])cc1Br,HighDiv,HighDiv_817,1
4335,Druglike_424-1_out,-6.444,C=C(CCO)c1o[n-]c(=O)c1CC(=O)[O-],Druglike,Druglike_424,1
4336,HighDiv_1877-1_out,-6.437,C[C@H](/C=C\CS)C1=NN(C(=O)[O-])CS1,HighDiv,HighDiv_1877,1
4337,HighDiv_1511-1_out,-6.435,CNOC/C=C/[C@@H](CO)N1CCNC1=S,HighDiv,HighDiv_1511,1
4338,HighDiv_1872-1_out,-6.429,COc1cc(C[NH3+])c(O)cc1I,HighDiv,HighDiv_1872,1
4339,HighDiv_2209-1_out,-6.424,[NH3+]Cc1nnsc1-c1nnc([S-])o1,HighDiv,HighDiv_2209,1
4340,Druglike_2033-1_out,-6.424,CCc1cc(C[NH2+]CCO)ccn1,Druglike,Druglike_2033,1
4341,HighDiv_1793-1_out,-6.422,OCC/N=C/Cc1ccc(O)cc1O,HighDiv,HighDiv_1793,1
4342,HighDiv_1090-2_out,-6.42,O=C(C[NH2+]CCO)c1ccc(I)c([S-])c1,HighDiv,HighDiv_1090,2
4343,HighDiv_1015-1_out,-6.416,OCc1cc2cccc([S-])c2o1,HighDiv,HighDiv_1015,1
4344,Druglike_1717-1_out,-6.409,C#C[C@H](C(=O)[O-])c1ccn(CCO)c1,Druglike,Druglike_1717,1
4345,HighDiv_1243-1_out,-6.404,O=C(C#Cc1c(CS)[nH]cc(O)c1=O)NC1CCCCCC1,HighDiv,HighDiv_1243,1
4346,Druglike_1033-1_out,-6.4,C=CCn1c(CCO)nn([C@@H](Br)CN)c1=O,Druglike,Druglike_1033,1
4347,HighDiv_2289-1_out,-6.397,CC(=O)CC(=O)Oc1cc(Br)c([S-])cc1[S-],HighDiv,HighDiv_2289,1
4348,HighDiv_531-1_out,-6.397,O=C([O-])c1ccc(C(=O)[O-])s1,HighDiv,HighDiv_531,1
4349,HighDiv_1445-1_out,-6.394,C[P@](=O)([O-])Oc1cccc(O)c1CC(=O)[N+](=O)[O-],HighDiv,HighDiv_1445,1
4350,HighDiv_1832-2_out,-6.393,C=C[C@](O)(C[NH3+])c1cc([O-])c(C=S)c(O)c1,HighDiv,HighDiv_1832,2
4351,Druglike_980-1_out,-6.391,C[C@H](/C=C/CO)c1cc[nH+]cc1[O-],Druglike,Druglike_980,1
4352,HighDiv_2288-1_out,-6.389,[NH3+]CCC/C=C/C(=O)[C@@H]1CCNN1,HighDiv,HighDiv_2288,1
4353,HighDiv_1325-1_out,-6.385,[NH3+]Cc1cc([O-])c(C[NH3+])c(Br)c1,HighDiv,HighDiv_1325,1
4354,HighDiv_1867-1_out,-6.382,O=[N+]([O-])C/C=C/[C@H](O)c1nnn[n-]1,HighDiv,HighDiv_1867,1
4355,HighDiv_1432-1_out,-6.37,N[NH2+]CCC/C=N\c1cc(-c2ccc(I)cn2)c(Br)cc1O,HighDiv,HighDiv_1432,1
4356,Druglike_255-1_out,-6.36,[NH3+]C/C=C/[C@@H](CO)c1cc(Br)c(I)cn1,Druglike,Druglike_255,1
4357,Druglike_856-1_out,-6.36,CC[C@@H](C[NH3+])C(=O)c1cc(O)cc(Br)c1,Druglike,Druglike_856,1
4358,Druglike_689-1_out,-6.351,O=C([O-])[C@@H]1C=C(CO)[NH+]=CN1CCF,Druglike,Druglike_689,1
4359,Druglike_1869-1_out,-6.335,Nc1cc(OCC(=O)[O-])ncc1I,Druglike,Druglike_1869,1
4360,Druglike_209-1_out,-6.334,OC/C=C\[C@H](O)c1cc(Cl)ccc1O,Druglike,Druglike_209,1
4361,HighDiv_1774-1_out,-6.332,O=[N+]([O-])c1ccc([S-])cc1[S-],HighDiv,HighDiv_1774,1
4362,HighDiv_1860-2_out,-6.326,[H]/[O+]=C1/C=C([C@@H]([S-])CCS)CC(O)=C1N,HighDiv,HighDiv_1860,2
4363,HighDiv_1769-1_out,-6.308,C=CCC[C@@](O)(CO)C(=O)c1ccc(S[S-])c([O-])c1I,HighDiv,HighDiv_1769,1
4364,Druglike_912-1_out,-6.285,[NH3+]CCc1nc(C(=O)/C=C/CO)n[nH]1,Druglike,Druglike_912,1
4365,HighDiv_746-1_out,-6.276,O=C([O-])[C@@H](CCO)c1nnc([S-])o1,HighDiv,HighDiv_746,1
4366,HighDiv_1729-1_out,-6.264,C=C[C@H]([NH3+])c1ccc(S[S-])c([O-])c1I,HighDiv,HighDiv_1729,1
4367,Druglike_823-1_out,-6.264,O=C([O-])C1=CO[C@H](/C=C/CO)CO1,Druglike,Druglike_823,1
4368,Druglike_1044-2_out,-6.258,[NH3+]C/C=C\[C@H]([NH3+])c1ccc(I)cc1,Druglike,Druglike_1044,2
4369,HighDiv_1796-1_out,-6.257,C=CC[C@@](O)(CO)C(=O)c1ccc(S[S-])c([O-])c1I,HighDiv,HighDiv_1796,1
4370,Druglike_1312-1_out,-6.253,C/C=C(/c1nnco1)[C@@H](Cl)C(=O)[O-],Druglike,Druglike_1312,1
4371,HighDiv_2144-1_out,-6.225,O=C([O-])[C@H](/C=C/CS)c1cnns1,HighDiv,HighDiv_2144,1
4372,HighDiv_1907-2_out,-6.198,[NH3+][C@@H](C(=O)[O-])c1ccc(S[S-])c([O-])c1I,HighDiv,HighDiv_1907,2
4373,HighDiv_799-1_out,-6.187,[NH3+]C[C@H](O)C#Cc1cc(S)c([S-])cc1Br,HighDiv,HighDiv_799,1
4374,HighDiv_1132-1_out,-6.174,[NH3+]Cc1nnc(-c2cc(S)c([S-])cc2Br)o1,HighDiv,HighDiv_1132,1
4375,Druglike_1632-1_out,-6.164,CCOCC/C(=C\[C@@H](O)CO)c1cnon1,Druglike,Druglike_1632,1
4376,HighDiv_1387-1_out,-6.146,[NH3+]C[C@@H](C[N+](=O)[O-])NC(=S)c1cnon1,HighDiv,HighDiv_1387,1
4377,HighDiv_2218-1_out,-6.118,C/C=C/Cc1c(I)[nH]cc([O-])c1=S,HighDiv,HighDiv_2218,1
4378,HighDiv_1767-1_out,-6.109,CC[C@H](O)c1ccc(S[S-])c(O)c1I,HighDiv,HighDiv_1767,1
4379,HighDiv_2154-1_out,-6.095,[H]/[S+]=c1/c([O-])c[nH]c(I)c1[N-][C@H]([NH3+])NCC,HighDiv,HighDiv_2154,1
4380,HighDiv_1836-1_out,-6.089,C=Cc1c(CN)[nH]cc([S-])c1=O,HighDiv,HighDiv_1836,1
4381,HighDiv_1498-1_out,-6.088,O=[N+]([O-])c1c(CS)cc2cn[nH]c2c1[S-],HighDiv,HighDiv_1498,1
4382,HighDiv_2284-1_out,-6.066,C[P@](=O)([O-])O[C@@H](C#CCO)c1cc(Br)ccc1[S-],HighDiv,HighDiv_2284,1
4383,HighDiv_2237-1_out,-6.047,C#Cc1cn(C(=O)[O-])cc1[C@](C)(O)S,HighDiv,HighDiv_2237,1
4384,HighDiv_1876-1_out,-6.043,O=C([O-])[C@H](Br)c1ccc(S[S-])c(O)c1I,HighDiv,HighDiv_1876,1
4385,HighDiv_1158-1_out,-6.037,[NH3+]Cc1ccc([C@H](O)CS)cc1I,HighDiv,HighDiv_1158,1
4386,HighDiv_2131-1_out,-6.026,[H]/[S+]=c1/c([O-])c[nH]c(I)c1[N-][C@@H]([NH3+])NCS,HighDiv,HighDiv_2131,1
4387,HighDiv_1911-1_out,-6.016,O=C([O-])CC[C@@](O)(CO)C(=O)c1ccc(S[S-])c([O-])c1I,HighDiv,HighDiv_1911,1
4388,Druglike_1500-1_out,-5.952,CCCC[C@@H](C[NH3+])n1cc(C[NH3+])nn1,Druglike,Druglike_1500,1
4389,HighDiv_1794-1_out,-5.938,[NH2+]=CCCC[C@@](O)(CO)C(=O)c1ccc(S[S-])c(O)c1I,HighDiv,HighDiv_1794,1
4390,HighDiv_965-1_out,-5.934,NO[C@@H](CO)CC(=O)c1cc(S)c([S-])cc1Br,HighDiv,HighDiv_965,1
4391,HighDiv_2304-1_out,-5.931,[O-]C(=S)Nc1c(I)ncc(O)c1[S-],HighDiv,HighDiv_2304,1
4392,HighDiv_1898-2_out,-5.907,[NH3+]Cc1ccc(S[S-])c(O)c1I,HighDiv,HighDiv_1898,2
4393,HighDiv_1915-1_out,-5.886,OCc1ccc(S[S-])c(O)c1I,HighDiv,HighDiv_1915,1
4394,HighDiv_2307-1_out,-5.839,[NH3+]CCC(=O)NOc1c(I)ncc(O)c1[S-],HighDiv,HighDiv_2307,1
4395,HighDiv_768-1_out,-5.784,O=C([O-])c1nc([C@H](O)CS)co1,HighDiv,HighDiv_768,1
4396,HighDiv_1783-1_out,-5.762,CCO[P@](=O)([O-])c1ccc(S[S-])c(O)c1I,HighDiv,HighDiv_1783,1
4397,Druglike_892-1_out,-5.568,O=C([O-])[C@@H]1CN/C(=C\CO)N1CBr,Druglike,Druglike_892,1
4398,HighDiv_1672-1_out,-5.255,O=P([O-])([O-])c1ccc(S[S-])c(O)c1I,HighDiv,HighDiv_1672,1
