SMILES,Name,InChI,Formula,MW,LogP,pKd,Structure,Synthesize,Chemical,SA_Score,SA_Score_Binary,Dataset,Database,HBA,HBD,TPSA,RotBonds,NumCarbons,NumOxygens,NumNitrogens,FractionCarbons,FractionOxygens,FractionNitrogens,CSP3,ChiralCarbonFraction,HeavyAtoms,NumRings,AliphaticRings,AromaticRings,Heterocycles,AliphaticHeterocycles,AromaticHeterocycles,SpiroAtoms,BridgeheadAtoms
NC1=C2C=NNC2=NC([C@@H](/C=C/CC2=NC(CCCl)=CC=C2)C(=O)O)=N1,21/000000020,"InChI=1S/C17H17ClN6O2/c18-8-7-11-4-1-3-10(21-11)5-2-6-12(17(25)26)15-22-14(19)13-9-20-24-16(13)23-15/h1-4,6,9,12H,5,7-8H2,(H,25,26)(H3,19,20,22,23,24)/b6-2+/t12-/m1/s1",C17H17N6O2Cl,372.110151464,2.0785,6.45,6.97,24.1,-190.0,3.895023828574288,1,DRUGLIKE_CONCAT,HsDHODH_Druglike,6,3,130.67000000000002,7,17,2,6,0.6538461538461539,0.07692307692307693,0.23076923076923078,0.23529411764705882,0.058823529411764705,26,3,0,3,3,0,3,0,0
NC1=C2C=NNC2=NC([C@@H](/C=C/CC2=NC=CC=C2CCBr)C(=O)O)=N1,21/000000030,"InChI=1S/C17H17BrN6O2/c18-7-6-10-3-2-8-20-13(10)5-1-4-11(17(25)26)15-22-14(19)12-9-21-24-16(12)23-15/h1-4,8-9,11H,5-7H2,(H,25,26)(H3,19,21,22,23,24)/b4-1+/t11-/m1/s1",C17H17N6O2Br,416.059635884,2.2346,6.04,5.01,24.1,-190.0,3.9780202942707534,1,DRUGLIKE_CONCAT,HsDHODH_Druglike,6,3,130.67000000000002,7,17,2,6,0.6538461538461539,0.07692307692307693,0.23076923076923078,0.23529411764705882,0.058823529411764705,26,3,0,3,3,0,3,0,0
NCOCC1=CC([C@@H](N)C2=NC(I)=C(C#CC(=O)O)C=C2)=CO1,26/000000135,"InChI=1S/C15H14IN3O4/c16-15-9(2-4-13(20)21)1-3-12(19-15)14(18)10-5-11(23-6-10)7-22-8-17/h1,3,5-6,14H,7-8,17-18H2,(H,20,21)/t14-/m1/s1",C15H14N3O4I,427.0029039279999,1.1961999999999995,5.42,2.91,24.5,-190.0,4.196951978508578,1,DRUGLIKE_CONCAT,HsDHODH_Druglike,6,3,124.6,5,15,4,3,0.6521739130434783,0.17391304347826086,0.13043478260869565,0.2,0.06666666666666667,23,2,0,2,2,0,2,0,0
CC(=O)C1=C[C@@H](C(=O)O)NC(/C=C/CNCC2=C(Br)C=NN2)=N1,18/000000048,"InChI=1S/C14H16BrN5O3/c1-8(21)10-5-11(14(22)23)19-13(18-10)3-2-4-16-7-12-9(15)6-17-20-12/h2-3,5-6,11,16H,4,7H2,1H3,(H,17,20)(H,18,19)(H,22,23)/b3-2+/t11-/m0/s1",C14H16N5O3Br,381.0436514720001,0.7457999999999996,5.39,6.63,5.23,-170.0,4.325905103508578,1,DRUGLIKE_CONCAT,HsDHODH_Druglike,6,4,119.47000000000001,7,14,3,5,0.6086956521739131,0.13043478260869565,0.21739130434782608,0.2857142857142857,0.07142857142857142,23,2,1,1,2,1,1,0,0
O=C(O)C1=CN=C(O)N=C1C/C=C/C1=NC(Br)=C(Cl)C=C1,29/000000167,"InChI=1S/C13H9BrClN3O3/c14-11-9(15)5-4-7(17-11)2-1-3-10-8(12(19)20)6-16-13(21)18-10/h1-2,4-6H,3H2,(H,19,20)(H,16,18,21)/b2-1+",C13H9N3O3ClBr,368.95158092800006,2.9472000000000005,5.37,7.3,5.21,0.0,3.366447864464,1,DRUGLIKE_CONCAT,HsDHODH_Druglike,5,2,96.2,4,13,3,3,0.6190476190476191,0.14285714285714285,0.14285714285714285,0.07692307692307693,0.0,21,2,0,2,2,0,2,0,0
O=C(O)CC1=CC=CC(C2=CC=C(C(=O)C3=NC(=O)ON3)N2)=C1,23/000000301,"InChI=1S/C15H11N3O5/c19-12(20)7-8-2-1-3-9(6-8)10-4-5-11(16-10)13(21)14-17-15(22)23-18-14/h1-6,16H,7H2,(H,19,20)(H,17,18,22)",C15H11N3O5,313.0698704520001,1.2161,5.37,6.9,3.58,-120.0,2.8540777611395143,1,DRUGLIKE_CONCAT,HsDHODH_Druglike,5,3,129.04999999999998,5,15,5,3,0.6521739130434783,0.21739130434782608,0.13043478260869565,0.06666666666666667,0.0,23,3,0,3,2,0,2,0,0
O=C(C1=CC=C(C2=CC(CCO)=CC=C2)N1)C1=NC(=O)ON1,23/000000302,"InChI=1S/C15H13N3O4/c19-7-6-9-2-1-3-10(8-9)11-4-5-12(16-11)13(20)14-17-15(21)22-18-14/h1-5,8,16,19H,6-7H2,(H,17,18,21)",C15H13N3O4,299.09060589600006,1.1237999999999997,5.35,6.43,3.58,-120.0,2.906767313230713,1,DRUGLIKE_CONCAT,HsDHODH_Druglike,5,3,111.97999999999999,5,15,4,3,0.6818181818181818,0.18181818181818182,0.13636363636363635,0.13333333333333333,0.0,22,3,0,3,2,0,2,0,0
O=C(O)C1=CN=C(O)N=C1[C@@H](O)/C=C/C1=NC(Cl)=CN1,29/000000176,"InChI=1S/C11H9ClN4O4/c12-7-4-13-8(15-7)2-1-6(17)9-5(10(18)19)3-14-11(20)16-9/h1-4,6,17H,(H,13,15)(H,18,19)(H,14,16,20)/b2-1+/t6-/m0/s1",C11H9N4O4Cl,296.031232448,1.0036999999999998,5.3,7.31,5.24,-150.0,4.315200125052055,1,DRUGLIKE_CONCAT,HsDHODH_Druglike,6,4,132.22,4,11,4,4,0.55,0.2,0.2,0.09090909090909091,0.09090909090909091,20,2,0,2,2,0,2,0,0
C=CC1=C(CCO)C=C(C2=CC=C(C(=O)C3=NC(=O)ON3)N2)C=C1,23/000000404,"InChI=1S/C17H15N3O4/c1-2-10-3-4-12(9-11(10)7-8-21)13-5-6-14(18-13)15(22)16-19-17(23)24-20-16/h2-6,9,18,21H,1,7-8H2,(H,19,20,23)",C17H15N3O4,325.10625596000006,1.7667999999999997,5.28,6.06,5.09,-120.0,3.234758369600878,1,DRUGLIKE_CONCAT,HsDHODH_Druglike,5,3,111.97999999999999,6,17,4,3,0.7083333333333334,0.16666666666666666,0.125,0.11764705882352941,0.0,24,3,0,3,2,0,2,0,0
NC[C@H](/C=C/CC1=C(CCBr)C(CO)=CC=N1)C1=NC(N)=C2C=NNC2=N1,21/000000045,"InChI=1S/C18H22BrN7O/c19-6-4-13-12(10-27)5-7-22-15(13)3-1-2-11(8-20)17-24-16(21)14-9-23-26-18(14)25-17/h1-2,5,7,9,11,27H,3-4,6,8,10,20H2,(H3,21,23,24,25,26)/b2-1+/t11-/m0/s1",C18H22N7OBr,431.1069204240002,1.6009999999999998,5.28,6.72,23.9,-190.0,4.200336924865272,1,DRUGLIKE_CONCAT,HsDHODH_Druglike,7,4,139.62,8,18,1,7,0.6666666666666666,0.037037037037037035,0.25925925925925924,0.3333333333333333,0.05555555555555555,27,3,0,3,3,0,3,0,0
NCC1=CO[C@H](/C=C/CCC(=O)N2N=NC3=C2N=CN=C3O)CO1,18/000000040,"InChI=1S/C14H16N6O4/c15-5-10-7-23-9(6-24-10)3-1-2-4-11(21)20-13-12(18-19-20)14(22)17-8-16-13/h1,3,7-9H,2,4-6,15H2,(H,16,17,22)/b3-1+/t9-/m1/s1",C14H16N6O4,332.12330299199994,0.1189999999999996,5.25,4.74,4.94,-190.0,4.332046242802354,1,DRUGLIKE_CONCAT,HsDHODH_Druglike,10,2,138.26999999999998,5,14,4,6,0.5833333333333334,0.16666666666666666,0.25,0.35714285714285715,0.07142857142857142,24,3,1,2,3,1,2,0,0
NC1=C2C=NNC2=NC([C@@H](/C=C/CC2=NC=CC=C2O)CO)=N1,21/000000019,"InChI=1S/C15H16N6O2/c16-13-10-7-18-21-15(10)20-14(19-13)9(8-22)3-1-4-11-12(23)5-2-6-17-11/h1-3,5-7,9,22-23H,4,8H2,(H3,16,18,19,20,21)/b3-1+/t9-/m0/s1",C15H16N6O2,312.133473752,0.9104999999999996,5.22,4.13,20.2,-190.0,3.905465920816269,1,DRUGLIKE_CONCAT,HsDHODH_Druglike,7,4,133.83,5,15,2,6,0.6521739130434783,0.08695652173913043,0.2608695652173913,0.2,0.06666666666666667,23,3,0,3,3,0,3,0,0
O=C(CC1=CC(C2=CN=CCN2)=CC=C1C(=O)O)C1=CC=C(Br)C=C1O,3/000000259,"InChI=1S/C19H15BrN2O4/c20-13-2-4-15(18(24)9-13)17(23)8-12-7-11(1-3-14(12)19(25)26)16-10-21-5-6-22-16/h1-5,7,9-10,22,24H,6,8H2,(H,25,26)",C19H15N2O4Br,414.02151906000006,3.2507000000000015,5.22,7.04,5.08,-160.0,3.0233038835627113,1,DRUGLIKE_CONCAT,HsDHODH_Druglike,5,3,98.99000000000001,5,19,4,2,0.7307692307692307,0.15384615384615385,0.07692307692307693,0.10526315789473684,0.0,26,3,1,2,1,1,0,0,0
CC1=CC(CCCC2=C[C@@H](C(=O)O)C=C(C(=O)OCCN)O2)=CN=C1I,2/000000019,"InChI=1S/C18H21IN2O5/c1-11-7-12(10-21-16(11)19)3-2-4-14-8-13(17(22)23)9-15(26-14)18(24)25-6-5-20/h7-10,13H,2-6,20H2,1H3,(H,22,23)/t13-/m1/s1",C18H21N2O5I,472.04951977200005,2.3180199999999997,5.21,5.23,24.3,-170.0,3.991686406536865,1,DRUGLIKE_CONCAT,HsDHODH_Druglike,6,2,111.74,8,18,5,2,0.6923076923076923,0.19230769230769232,0.07692307692307693,0.3888888888888889,0.05555555555555555,26,2,1,1,2,1,1,0,0
C=CC1=CC=C(C2=CC=C(C(=O)C3=NC(=O)ON3)N2)C=C1I,23/000000470,"InChI=1S/C15H10IN3O3/c1-2-8-3-4-9(7-10(8)16)11-5-6-12(17-11)13(20)14-18-15(21)22-19-14/h2-7,17H,1H2,(H,18,19,21)",C15H10N3O3I,406.97668918,2.8366000000000007,5.2,5.76,3.58,-120.0,3.366353133861695,1,DRUGLIKE_CONCAT,HsDHODH_Druglike,4,2,91.75,4,15,3,3,0.6818181818181818,0.13636363636363635,0.13636363636363635,0.0,0.0,22,3,0,3,2,0,2,0,0
O=C1C=C(CCO)[C@@H](/C=C/C2=CN=C(C(=O)O)C(Br)=C2)N1,13/000000015,"InChI=1S/C14H13BrN2O4/c15-10-5-8(7-16-13(10)14(20)21)1-2-11-9(3-4-18)6-12(19)17-11/h1-2,5-7,11,18H,3-4H2,(H,17,19)(H,20,21)/b2-1+/t11-/m1/s1",C14H13N2O4Br,352.00586899600006,1.3626999999999998,5.17,6.0,3.85,-150.0,3.905083296126063,1,DRUGLIKE_CONCAT,HsDHODH_Druglike,4,3,99.52,5,14,4,2,0.6666666666666666,0.19047619047619047,0.09523809523809523,0.21428571428571427,0.07142857142857142,21,2,1,1,2,1,1,0,0
O=C(C1=CC=C(C2=CC=C(CF)C(CCO)=C2)N1)C1=NC(=O)ON1,23/000000421,"InChI=1S/C16H14FN3O4/c17-8-11-2-1-10(7-9(11)5-6-21)12-3-4-13(18-12)14(22)15-19-16(23)24-20-15/h1-4,7,18,21H,5-6,8H2,(H,19,20,23)",C16H14N3O4F,331.09683414799997,1.5932999999999995,5.14,5.91,5.09,-120.0,3.2548475098723717,1,DRUGLIKE_CONCAT,HsDHODH_Druglike,5,3,111.97999999999999,6,16,4,3,0.6666666666666666,0.16666666666666666,0.125,0.1875,0.0,24,3,0,3,2,0,2,0,0
O=C(O)C1=CN=C(O)N=C1C/C=C/C1=CC=CC=C1,29/000000024,"InChI=1S/C14H12N2O3/c17-13(18)11-9-15-14(19)16-12(11)8-4-7-10-5-2-1-3-6-10/h1-7,9H,8H2,(H,17,18)(H,15,16,19)/b7-4+",C14H12N2O3,256.084792244,2.1363000000000003,5.13,6.3,3.85,0.0,2.6553002255758003,1,DRUGLIKE_CONCAT,HsDHODH_Druglike,4,2,83.31,4,14,3,2,0.7368421052631579,0.15789473684210525,0.10526315789473684,0.07142857142857142,0.0,19,2,0,2,1,0,1,0,0
NCCOC(=O)C1=C[C@H](C(=O)O)C=C(CCCC2=CN=C(I)C(O)=C2)O1,2/000000012,"InChI=1S/C17H19IN2O6/c18-15-13(21)6-10(9-20-15)2-1-3-12-7-11(16(22)23)8-14(26-12)17(24)25-5-4-19/h6-9,11,21H,1-5,19H2,(H,22,23)/t11-/m1/s1",C17H19N2O6I,474.028784328,1.7151999999999998,5.12,4.74,24.9,-170.0,4.005436406536866,1,DRUGLIKE_CONCAT,HsDHODH_Druglike,7,3,131.97,8,17,6,2,0.6538461538461539,0.23076923076923078,0.07692307692307693,0.35294117647058826,0.058823529411764705,26,2,1,1,2,1,1,0,0
N[C@H](CO)CN1C=C(CC(=O)CNC/C=C/C2=CC(F)=CC=C2F)NC1,16/000000077,"InChI=1S/C18H24F2N4O2/c19-14-3-4-18(20)13(6-14)2-1-5-22-8-17(26)7-16-10-24(12-23-16)9-15(21)11-25/h1-4,6,10,15,22-23,25H,5,7-9,11-12,21H2/b2-1+/t15-/m0/s1",C18H24N4O2F2,366.186732448,0.5505000000000002,5.12,4.2,5.09,-190.0,4.02364657513539,1,DRUGLIKE_CONCAT,HsDHODH_Druglike,6,4,90.62,10,18,2,4,0.6923076923076923,0.07692307692307693,0.15384615384615385,0.3888888888888889,0.05555555555555555,26,2,1,1,1,1,0,0,0
O=C(O)C1=CC(CO)=C(C(=O)C2=CC=C[C@@H](CC#CCO)O2)N1,4/000000019,"InChI=1S/C16H15NO6/c18-7-2-1-4-11-5-3-6-13(23-11)15(20)14-10(9-19)8-12(17-14)16(21)22/h3,5-6,8,11,17-19H,4,7,9H2,(H,21,22)/t11-/m1/s1",C16H15NO6,317.0899372,0.6125999999999999,5.12,4.95,4.94,-150.0,4.217253901585501,1,DRUGLIKE_CONCAT,HsDHODH_Druglike,5,4,119.85,5,16,6,1,0.6956521739130435,0.2608695652173913,0.043478260869565216,0.25,0.0625,23,2,1,1,2,1,1,0,0
O=C(O)C1=CN=C(O)N=C1[C@@H](O)/C=C/C1=CC(O)=NO1,29/000000165,"InChI=1S/C11H9N3O6/c15-7(2-1-5-3-8(16)14-20-5)9-6(10(17)18)4-12-11(19)13-9/h1-4,7,15H,(H,14,16)(H,17,18)(H,12,13,19)/b2-1+/t7-/m0/s1",C11H9N3O6,279.049135008,0.3207999999999999,5.12,6.46,5.24,-150.0,4.107837607569538,1,DRUGLIKE_CONCAT,HsDHODH_Druglike,8,4,149.8,4,11,6,3,0.55,0.3,0.15,0.09090909090909091,0.09090909090909091,20,2,0,2,2,0,2,0,0
O=C(CO)C1=C(Cl)N=CC(C#CCCC2=CC(O)=NC=C2)=N1,19/000000037,"InChI=1S/C15H12ClN3O3/c16-15-14(12(21)9-20)19-11(8-18-15)4-2-1-3-10-5-6-17-13(22)7-10/h5-8,20H,1,3,9H2,(H,17,22)",C15H12N3O3Cl,317.05671892400005,1.3898999999999997,5.11,7.18,19.7,0.0,3.3693568559460623,1,DRUGLIKE_CONCAT,HsDHODH_Druglike,6,2,96.2,4,15,3,3,0.6818181818181818,0.13636363636363635,0.13636363636363635,0.2,0.0,22,2,0,2,2,0,2,0,0
C=C(C(=O)C1=C[C@@H](C(=O)O)C(C(=O)CC2=NNC=N2)=C1)C1=C(F)C=CC(F)=C1,1/000000020,"InChI=1S/C19H13F2N3O4/c1-9(12-6-11(20)2-3-15(12)21)18(26)10-4-13(14(5-10)19(27)28)16(25)7-17-22-8-23-24-17/h2-6,8,14H,1,7H2,(H,27,28)(H,22,23,24)/t14-/m1/s1",C19H13N3O4F2,385.08741233600006,2.0441999999999996,5.11,5.98,4.94,-190.0,4.236621105092512,1,DRUGLIKE_CONCAT,HsDHODH_Druglike,5,2,113.01,7,19,4,3,0.6785714285714286,0.14285714285714285,0.10714285714285714,0.10526315789473684,0.05263157894736842,28,3,1,2,1,0,1,0,0
CC1=CC=C(C2=CC=C(C(=O)C3=NC(=O)ON3)N2)C=C1I,23/000000364,"InChI=1S/C14H10IN3O3/c1-7-2-3-8(6-9(7)15)10-4-5-11(16-10)12(19)13-17-14(20)21-18-13/h2-6,16H,1H3,(H,17,18,20)",C14H10N3O3I,394.97668918,2.50202,5.11,6.27,3.58,-140.0,3.091651964630344,1,DRUGLIKE_CONCAT,HsDHODH_Druglike,4,2,91.75,3,14,3,3,0.6666666666666666,0.14285714285714285,0.14285714285714285,0.07142857142857142,0.0,21,3,0,3,2,0,2,0,0
C=C(C)C1=CC(C2=CC=C(C(=O)C3=NC(=O)ON3)N2)=CC=C1CF,23/000000365,"InChI=1S/C17H14FN3O3/c1-9(2)12-7-10(3-4-11(12)8-18)13-5-6-14(19-13)15(22)16-20-17(23)24-21-16/h3-7,19H,1,8H2,2H3,(H,20,21,23)",C17H14N3O3F,327.101919528,3.0916000000000015,5.11,6.28,5.09,-140.0,3.347080794805173,1,DRUGLIKE_CONCAT,HsDHODH_Druglike,4,2,91.75,5,17,3,3,0.7083333333333334,0.125,0.125,0.11764705882352941,0.0,24,3,0,3,2,0,2,0,0
O=C(C1=CC=C(C2=CC=C(F)C(I)=C2)N1)C1=NC(=O)ON1,23/000000401,"InChI=1S/C13H7FIN3O3/c14-7-2-1-6(5-8(7)15)9-3-4-10(16-9)11(19)12-17-13(20)21-18-12/h1-5,16H,(H,17,18,20)",C13H7N3O3FI,398.951617304,2.3327,5.1,5.82,3.58,-120.0,3.149467870758116,1,DRUGLIKE_CONCAT,HsDHODH_Druglike,4,2,91.75,3,13,3,3,0.6190476190476191,0.14285714285714285,0.14285714285714285,0.0,0.0,21,3,0,3,2,0,2,0,0
O=C(O)C1=CN=C(O)N=C1[C@@H](O)/C=C/C1=NN=CCN1,29/000000140,"InChI=1S/C11H11N5O4/c17-7(1-2-8-12-3-4-14-16-8)9-6(10(18)19)5-13-11(20)15-9/h1-2,4-5,7,17H,3H2,(H,12,16)(H,18,19)(H,13,15,20)/b2-1+/t7-/m0/s1",C11H11N5O4,277.08110383200005,-0.5425000000000002,5.1,6.31,5.24,-150.0,4.581601833343763,1,DRUGLIKE_CONCAT,HsDHODH_Druglike,8,4,140.29,4,11,4,5,0.55,0.2,0.25,0.18181818181818182,0.09090909090909091,20,2,1,1,2,1,1,0,0
C=C(C(=O)C1=C[C@@H](C(=O)O)C(C(=O)CNCC(=O)O)=C1)C1=C(F)C=CC(F)=C1,1/000000017,"InChI=1S/C19H15F2NO6/c1-9(12-6-11(20)2-3-15(12)21)18(26)10-4-13(14(5-10)19(27)28)16(23)7-22-8-17(24)25/h2-6,14,22H,1,7-8H2,(H,24,25)(H,27,28)/t14-/m1/s1",C19H15NO6F2,391.08674364000007,1.3575999999999995,5.09,5.58,6.45,-150.0,3.7759943078897145,1,DRUGLIKE_CONCAT,HsDHODH_Druglike,5,3,120.77,9,19,6,1,0.6785714285714286,0.21428571428571427,0.03571428571428571,0.15789473684210525,0.05263157894736842,28,2,1,1,0,0,0,0,0
O=C(CNC/C=C/C1=C(F)C=CC(F)=C1)CC1=CC=C(CO)C=C1,16/000000020,"InChI=1S/C19H19F2NO2/c20-17-7-8-19(21)16(11-17)2-1-9-22-12-18(24)10-14-3-5-15(13-23)6-4-14/h1-8,11,22-23H,9-10,12-13H2/b2-1+",C19H19NO2F2,331.138385288,2.8717000000000015,5.09,4.94,5.09,0.0,2.439087102632552,1,DRUGLIKE_CONCAT,HsDHODH_Druglike,3,2,49.33,8,19,2,1,0.7916666666666666,0.08333333333333333,0.041666666666666664,0.21052631578947367,0.0,24,2,0,2,0,0,0,0,0
N[C@H](C1=COC(CO)=C1)C1=NC(I)=C(C#CC(=O)O)C=C1,26/000000076,"InChI=1S/C14H11IN2O4/c15-14-8(2-4-12(19)20)1-3-11(17-14)13(16)9-5-10(6-18)21-7-9/h1,3,5,7,13,18H,6,16H2,(H,19,20)/t13-/m1/s1",C14H11N2O4I,397.97635483199997,1.2557000000000003,5.09,3.59,22.5,-150.0,4.058727858460282,1,DRUGLIKE_CONCAT,HsDHODH_Druglike,5,3,109.58,3,14,4,2,0.6666666666666666,0.19047619047619047,0.09523809523809523,0.14285714285714285,0.07142857142857142,21,2,0,2,2,0,2,0,0
O=C(C1=CC=C(C2=C(F)C(CCO)=CC=C2)N1)C1=NC(=O)ON1,23/000000451,"InChI=1S/C15H12FN3O4/c16-12-8(6-7-20)2-1-3-9(12)10-4-5-11(17-10)13(21)14-18-15(22)23-19-14/h1-5,17,20H,6-7H2,(H,18,19,22)",C15H12N3O4F,317.081184084,1.2628999999999995,5.09,6.36,5.09,-120.0,3.112934802559633,1,DRUGLIKE_CONCAT,HsDHODH_Druglike,5,3,111.97999999999999,5,15,4,3,0.6521739130434783,0.17391304347826086,0.13043478260869565,0.13333333333333333,0.0,23,3,0,3,2,0,2,0,0
CCC#CCNCC1=CC(C2=CC=C(C(=O)C3=NC(=O)ON3)N2)=CC=C1Cl,23/000000406,"InChI=1S/C19H17ClN4O3/c1-2-3-4-9-21-11-13-10-12(5-6-14(13)20)15-7-8-16(22-15)17(25)18-23-19(26)27-24-18/h5-8,10,21-22H,2,9,11H2,1H3,(H,23,24,26)",C19H17N4O3Cl,384.09891808400005,2.7454,5.08,4.98,4.94,-140.0,3.307677010789071,1,DRUGLIKE_CONCAT,HsDHODH_Druglike,5,3,103.78,6,19,3,4,0.7037037037037037,0.1111111111111111,0.14814814814814814,0.21052631578947367,0.0,27,3,0,3,2,0,2,0,0
C/C=C/C1=CC=C(C2=CC=C(C(=O)C3=NC(=O)ON3)N2)C=C1NC(N)=O,23/000000428,"InChI=1S/C17H15N5O4/c1-2-3-9-4-5-10(8-13(9)20-16(18)24)11-6-7-12(19-11)14(23)15-21-17(25)26-22-15/h2-8,19H,1H3,(H3,18,20,24)(H,21,22,25)/b3-2+",C17H15N5O4,353.11240396000005,2.1127000000000002,5.08,5.8,6.45,-140.0,3.223064052161236,1,DRUGLIKE_CONCAT,HsDHODH_Druglike,5,4,146.87,5,17,4,5,0.6538461538461539,0.15384615384615385,0.19230769230769232,0.058823529411764705,0.0,26,3,0,3,2,0,2,0,0
NCCOC(=O)C1=C[C@H](C(=O)O)C=C(CCCC2=CN=C(I)C=C2)O1,2/000000002,"InChI=1S/C17H19IN2O5/c18-15-5-4-11(10-20-15)2-1-3-13-8-12(16(21)22)9-14(25-13)17(23)24-7-6-19/h4-5,8-10,12H,1-3,6-7,19H2,(H,21,22)/t12-/m1/s1",C17H19N2O5I,458.033869708,2.0096,5.07,3.67,23.7,-170.0,3.8963006807223746,1,DRUGLIKE_CONCAT,HsDHODH_Druglike,6,2,111.74000000000001,8,17,5,2,0.68,0.2,0.08,0.35294117647058826,0.058823529411764705,25,2,1,1,2,1,1,0,0
NCCCC#CC1=CC2=C(C=C1)CC(C(=O)O)=C2,26/000000048,"InChI=1S/C15H15NO2/c16-7-3-1-2-4-11-5-6-12-9-14(15(17)18)10-13(12)8-11/h5-6,8,10H,1,3,7,9,16H2,(H,17,18)",C15H15NO2,241.11027872,1.8011000000000004,5.06,6.17,16.8,-40.0,2.8703946115122765,1,DRUGLIKE_CONCAT,HsDHODH_Druglike,2,2,63.32000000000001,3,15,2,1,0.8333333333333334,0.1111111111111111,0.05555555555555555,0.26666666666666666,0.0,18,2,1,1,0,0,0,0,0
O=C(O)C1=CN=C(O)N=C1CCCC1=CC=C2N=CC=CC2=C1,29/000000220,"InChI=1S/C17H15N3O3/c21-16(22)13-10-19-17(23)20-15(13)5-1-3-11-6-7-14-12(9-11)4-2-8-18-14/h2,4,6-10H,1,3,5H2,(H,21,22)(H,19,20,23)",C17H15N3O3,309.11134134,2.6039000000000003,5.06,8.25,5.21,-80.0,2.5559383743724347,1,DRUGLIKE_CONCAT,HsDHODH_Druglike,5,2,96.2,5,17,3,3,0.7391304347826086,0.13043478260869565,0.13043478260869565,0.17647058823529413,0.0,23,3,0,3,2,0,2,0,0
C/C=C/C1=CC(C2=CC=C(C(=O)C3=NC(=O)ON3)N2)=CC=C1C,23/000000434,"InChI=1S/C17H15N3O3/c1-3-4-11-9-12(6-5-10(11)2)13-7-8-14(18-13)15(21)16-19-17(22)23-20-16/h3-9,18H,1-2H3,(H,19,20,22)/b4-3+",C17H15N3O3,309.11134134,2.9305200000000013,5.05,5.29,5.09,-200.0,3.142018116169099,1,DRUGLIKE_CONCAT,HsDHODH_Druglike,4,2,91.75,4,17,3,3,0.7391304347826086,0.13043478260869565,0.13043478260869565,0.11764705882352941,0.0,23,3,0,3,2,0,2,0,0
NC(=O)NC1=CC(C2=CC=C(C(=O)C3=NC(=O)ON3)N2)=CC=C1I,23/000000475,"InChI=1S/C14H10IN5O4/c15-7-2-1-6(5-10(7)18-13(16)22)8-3-4-9(17-8)11(21)12-19-14(23)24-20-12/h1-5,17H,(H3,16,18,22)(H,19,20,23)",C14H10N5O4I,438.9777518,1.6842,5.04,6.65,3.58,-120.0,3.1729643768947255,1,DRUGLIKE_CONCAT,HsDHODH_Druglike,5,4,146.87,4,14,4,5,0.5833333333333334,0.16666666666666666,0.20833333333333334,0.0,0.0,24,3,0,3,2,0,2,0,0
N[C@H](C1=COC(C(=O)O)=C1)C1=NC(I)=C(C#CC(=O)O)C=C1,26/000000034,"InChI=1S/C14H9IN2O5/c15-13-7(2-4-11(18)19)1-3-9(17-13)12(16)8-5-10(14(20)21)22-6-8/h1,3,5-6,12H,16H2,(H,18,19)(H,20,21)/t12-/m1/s1",C14H9N2O5I,411.95561938799995,1.4616000000000002,5.04,3.58,24.7,-150.0,3.9709064281061153,1,DRUGLIKE_CONCAT,HsDHODH_Druglike,5,3,126.64999999999999,3,14,5,2,0.6363636363636364,0.22727272727272727,0.09090909090909091,0.07142857142857142,0.07142857142857142,22,2,0,2,2,0,2,0,0
NC[C@H](/C=C/CC1=NC=CC(F)=C1CCBr)C1=NC(N)=C2C=NNC2=N1,21/000000040,"InChI=1S/C17H19BrFN7/c18-6-4-11-13(19)5-7-22-14(11)3-1-2-10(8-20)16-24-15(21)12-9-23-26-17(12)25-16/h1-2,5,7,9-10H,3-4,6,8,20H2,(H3,21,23,24,25,26)/b2-1+/t10-/m0/s1",C17H19N7FBr,419.0869339280001,2.2478,5.04,5.24,24.8,-190.0,4.180479130029589,1,DRUGLIKE_CONCAT,HsDHODH_Druglike,6,3,119.39,7,17,0,7,0.6538461538461539,0.0,0.2692307692307692,0.29411764705882354,0.058823529411764705,26,3,0,3,3,0,3,0,0
O=C(C1=CC=C(C2=CC(CNCC#CCO)=C(Br)C=C2)N1)C1=NC(=O)ON1,23/000000392,"InChI=1S/C18H15BrN4O4/c19-13-4-3-11(9-12(13)10-20-7-1-2-8-24)14-5-6-15(21-14)16(25)17-22-18(26)27-23-17/h3-6,9,20-21,24H,7-8,10H2,(H,22,23,26)",C18H15N4O4Br,430.02766706000006,1.4367999999999996,5.03,5.6,4.94,-120.0,3.3598248629369225,1,DRUGLIKE_CONCAT,HsDHODH_Druglike,6,4,124.01000000000002,6,18,4,4,0.6666666666666666,0.14814814814814814,0.14814814814814814,0.16666666666666666,0.0,27,3,0,3,2,0,2,0,0
NCCC[C@@H](/C=C/C1=CN=C(CO)C(Br)=C1)C1=NOC(=O)N1,13/000000089,"InChI=1S/C14H17BrN4O3/c15-11-6-9(7-17-12(11)8-20)3-4-10(2-1-5-16)13-18-14(21)22-19-13/h3-4,6-7,10,20H,1-2,5,8,16H2,(H,18,19,21)/b4-3+/t10-/m0/s1",C14H17N4O3Br,368.048402504,1.5486,5.02,9.45,3.7,-150.0,4.051984740761203,1,DRUGLIKE_CONCAT,HsDHODH_Druglike,6,3,118.03,7,14,3,4,0.6363636363636364,0.13636363636363635,0.18181818181818182,0.35714285714285715,0.07142857142857142,22,2,0,2,2,0,2,0,0
CC(=O)C1=CC(C2=CC=C(C(=O)C3=NC(=O)ON3)N2)=CC=C1C,23/000000497,"InChI=1S/C16H13N3O4/c1-8-3-4-10(7-11(8)9(2)20)12-5-6-13(17-12)14(21)15-18-16(22)23-19-15/h3-7,17H,1-2H3,(H,18,19,22)",C16H13N3O4,311.09060589600006,2.1000199999999998,5.0,5.86,5.09,-200.0,2.938693138358449,1,DRUGLIKE_CONCAT,HsDHODH_Druglike,5,2,108.82,4,16,4,3,0.6956521739130435,0.17391304347826086,0.13043478260869565,0.125,0.0,23,3,0,3,2,0,2,0,0
CC#CCC1=CC(C2=CC=C(C(=O)C3=NC(=O)ON3)N2)=CC=C1O,23/000000375,"InChI=1S/C17H13N3O4/c1-2-3-4-11-9-10(5-8-14(11)21)12-6-7-13(18-12)15(22)16-19-17(23)24-20-16/h5-9,18,21H,4H2,1H3,(H,19,20,23)",C17H13N3O4,323.090605896,1.8603999999999998,4.99,7.06,5.09,-140.0,3.3423389125873033,1,DRUGLIKE_CONCAT,HsDHODH_Druglike,5,3,111.98,4,17,4,3,0.7083333333333334,0.16666666666666666,0.125,0.11764705882352941,0.0,24,3,0,3,2,0,2,0,0
C=CCN(C(N)=O)C1=CC(C2=CC=C(C(=O)C3=NC(=O)ON3)N2)=CC=C1,23/000000386,"InChI=1S/C17H15N5O4/c1-2-8-22(16(18)24)11-5-3-4-10(9-11)12-6-7-13(19-12)14(23)15-20-17(25)26-21-15/h2-7,9,19H,1,8H2,(H2,18,24)(H,20,21,25)",C17H15N5O4,353.11240396000005,1.6601,4.98,9.32,4.94,-120.0,3.198717582192849,1,DRUGLIKE_CONCAT,HsDHODH_Druglike,5,3,138.07999999999998,6,17,4,5,0.6538461538461539,0.15384615384615385,0.19230769230769232,0.058823529411764705,0.0,26,3,0,3,2,0,2,0,0
O=C(O)C1=CN=C(O)N=C1[C@@H](O)C1=CN=C2NC=CC2=C1,29/000000228,"InChI=1S/C13H10N4O4/c18-10(7-3-6-1-2-14-11(6)15-4-7)9-8(12(19)20)5-16-13(21)17-9/h1-5,10,18H,(H,14,15)(H,19,20)(H,16,17,21)/t10-/m0/s1",C13H10N4O4,286.0702048,0.8383999999999998,4.98,6.88,18.0,-190.0,3.5526108373749956,1,DRUGLIKE_CONCAT,HsDHODH_Druglike,6,4,132.22,3,13,4,4,0.6190476190476191,0.19047619047619047,0.19047619047619047,0.07692307692307693,0.07692307692307693,21,3,0,3,3,0,3,0,0
O=C(C1=CC=C(C2=CC=CC(OCCCCCl)=C2)N1)C1=NC(=O)ON1,23/000000487,"InChI=1S/C17H16ClN3O4/c18-8-1-2-9-24-12-5-3-4-11(10-12)13-6-7-14(19-13)15(22)16-20-17(23)25-21-16/h3-7,10,19H,1-2,8-9H2,(H,20,21,23)",C17H16N3O4Cl,361.082933672,2.9868000000000006,4.97,6.19,4.94,-120.0,2.901633928484335,1,DRUGLIKE_CONCAT,HsDHODH_Druglike,5,2,100.98000000000002,8,17,4,3,0.68,0.16,0.12,0.23529411764705882,0.0,25,3,0,3,2,0,2,0,0
CCCC1=CC=C(C2=CC=C(C(=O)C3=NC(=O)ON3)N2)C=C1CF,23/000000504,"InChI=1S/C17H16FN3O3/c1-2-3-10-4-5-11(8-12(10)9-18)13-6-7-14(19-13)15(22)16-20-17(23)24-21-16/h4-8,19H,2-3,9H2,1H3,(H,20,21,23)",C17H16N3O3F,329.117569592,3.011,4.96,5.65,5.09,-140.0,3.145788686342959,1,DRUGLIKE_CONCAT,HsDHODH_Druglike,4,2,91.75,6,17,3,3,0.7083333333333334,0.125,0.125,0.23529411764705882,0.0,24,3,0,3,2,0,2,0,0
COC(=O)C1=CC(CC(=O)CNC/C=C/C2=CC(F)=CC=C2F)=CC(O)=C1,16/000000052,"InChI=1S/C20H19F2NO4/c1-27-20(26)15-7-13(8-17(24)11-15)9-18(25)12-23-6-2-3-14-10-16(21)4-5-19(14)22/h2-5,7-8,10-11,23-24H,6,9,12H2,1H3/b3-2+",C20H19NO4F2,375.128214528,2.871600000000001,4.96,5.08,5.08,-80.0,2.6486078079918673,1,DRUGLIKE_CONCAT,HsDHODH_Druglike,5,2,75.63000000000001,8,20,4,1,0.7407407407407407,0.14814814814814814,0.037037037037037035,0.2,0.0,27,2,0,2,0,0,0,0,0
NC1=C2C=NNC2=NC([C@@H](CBr)C(=O)O)=N1,21/000000009,"InChI=1S/C8H8BrN5O2/c9-1-3(8(15)16)6-12-5(10)4-2-11-14-7(4)13-6/h2-3H,1H2,(H,15,16)(H3,10,11,12,13,14)/t3-/m1/s1",C8H8N5O2Br,284.986136596,0.49819999999999975,4.96,4.5,17.3,-190.0,3.7393945532606976,1,DRUGLIKE_CONCAT,HsDHODH_Druglike,5,3,117.78,3,8,2,5,0.5,0.125,0.3125,0.25,0.125,16,2,0,2,2,0,2,0,0
NC(=O)NC1=CC(C2=CC=C(C(=O)C3=NC(=O)ON3)N2)=CC=C1Br,23/000000384,"InChI=1S/C14H10BrN5O4/c15-7-2-1-6(5-10(7)18-13(16)22)8-3-4-9(17-8)11(21)12-19-14(23)24-20-12/h1-5,17H,(H3,16,18,22)(H,19,20,23)",C14H10N5O4Br,390.9916159,1.8420999999999998,4.96,6.95,3.58,-120.0,3.059554043944093,1,DRUGLIKE_CONCAT,HsDHODH_Druglike,5,4,146.87,4,14,4,5,0.5833333333333334,0.16666666666666666,0.20833333333333334,0.0,0.0,24,3,0,3,2,0,2,0,0
O=C1C=C[C@@H](/C(=C/C2=CN=C(CO)C(Br)=C2)C(=O)O)N1,13/000000052,"InChI=1S/C13H11BrN2O4/c14-9-4-7(5-15-11(9)6-17)3-8(13(19)20)10-1-2-12(18)16-10/h1-5,10,17H,6H2,(H,16,18)(H,19,20)/b8-3-/t10-/m0/s1",C13H11N2O4Br,337.990218932,0.8589999999999998,4.96,6.52,2.47,-150.0,3.983647677499608,1,DRUGLIKE_CONCAT,HsDHODH_Druglike,4,3,99.52,4,13,4,2,0.65,0.2,0.1,0.15384615384615385,0.07692307692307693,20,2,1,1,2,1,1,0,0
O=C(C1=CC=C(C2=CC=CC(I)=C2)N1)C1=NC(=O)ON1,23/000000057,"InChI=1S/C13H8IN3O3/c14-8-3-1-2-7(6-8)9-4-5-10(15-9)11(18)12-16-13(19)20-17-12/h1-6,15H,(H,16,17,19)",C13H8N3O3I,380.961039116,2.1936,4.95,5.8,3.58,-120.0,3.044442111180911,1,DRUGLIKE_CONCAT,HsDHODH_Druglike,4,2,91.75,3,13,3,3,0.65,0.15,0.15,0.0,0.0,20,3,0,3,2,0,2,0,0
C/C(=C\C1=CC=C(CO)C=C1)CCC1=CC(N2C=NOC2)=CN=C1O,11/000000002,"InChI=1S/C19H21N3O3/c1-14(8-15-3-5-16(11-23)6-4-15)2-7-17-9-18(10-20-19(17)24)22-12-21-25-13-22/h3-6,8-10,12,23H,2,7,11,13H2,1H3,(H,20,24)/b14-8+",C19H21N3O3,339.158291532,3.053000000000002,4.95,4.9,19.1,-140.0,3.442578159253565,1,DRUGLIKE_CONCAT,HsDHODH_Druglike,6,2,78.18,6,19,3,3,0.76,0.12,0.12,0.2631578947368421,0.0,25,3,1,2,2,1,1,0,0
C=C(CCC[C@@H](NC(N)N)C(=O)C1=COCC=C1)C1=NN=C(C(=O)O)N1,2/000000010,"InChI=1S/C16H22N6O4/c1-9(13-20-14(15(24)25)22-21-13)4-2-6-11(19-16(17)18)12(23)10-5-3-7-26-8-10/h3,5,8,11,16,19H,1-2,4,6-7,17-18H2,(H,24,25)(H,20,21,22)/t11-/m1/s1",C16H20N6O4,362.170253184,-0.11499999999999777,4.95,4.41,6.45,-150.0,4.647311406536865,1,DRUGLIKE_CONCAT,HsDHODH_Druglike,8,5,169.23999999999998,10,16,4,6,0.6153846153846154,0.15384615384615385,0.23076923076923078,0.375,0.0625,26,2,1,1,2,1,1,0,0
O=C(C1=CC=C(C2=CC=C(CF)C(C(=O)O)=C2)N1)C1=NC(=O)ON1,23/000000357,"InChI=1S/C15H10FN3O5/c16-6-8-2-1-7(5-9(8)14(21)22)10-3-4-11(17-10)12(20)13-18-15(23)24-19-13/h1-5,17H,6H2,(H,21,22)(H,18,19,23)",C15H10N3O5F,331.06044864,1.7566999999999997,4.94,5.51,5.09,-120.0,3.136115008352819,1,DRUGLIKE_CONCAT,HsDHODH_Druglike,5,3,129.05,5,15,5,3,0.625,0.20833333333333334,0.125,0.06666666666666667,0.0,24,3,0,3,2,0,2,0,0
CCCCCCCCC1=CC(O)=CC(C2=NNN=C2)=C1,28/000000154,"InChI=1S/C16H23N3O/c1-2-3-4-5-6-7-8-13-9-14(11-15(20)10-13)16-12-17-19-18-16/h9-12,20H,2-8H2,1H3,(H,17,18,19)",C16H23N3O,273.184112356,4.080300000000003,4.94,1.99,17.4,-140.0,2.415203859051914,1,DRUGLIKE_CONCAT,HsDHODH_Druglike,3,2,61.800000000000004,8,16,1,3,0.8,0.05,0.15,0.5,0.0,20,2,0,2,1,0,1,0,0
O=C(C1=CC=C(C2=CC=C(O)C(I)=C2)N1)C1=NC(=O)ON1,23/000000396,"InChI=1S/C13H8IN3O4/c14-7-5-6(1-4-10(7)18)8-2-3-9(15-8)11(19)12-16-13(20)21-17-12/h1-5,15,18H,(H,16,17,20)",C13H8N3O4I,396.955953736,1.8991999999999998,4.93,5.95,3.58,-120.0,3.1716240637176982,1,DRUGLIKE_CONCAT,HsDHODH_Druglike,5,3,111.97999999999999,3,13,4,3,0.6190476190476191,0.19047619047619047,0.14285714285714285,0.0,0.0,21,3,0,3,2,0,2,0,0
C=CC1=CC(C2=CC=C(C(=O)C3=NC(=O)ON3)N2)=CC=C1CF,23/000000358,"InChI=1S/C16H12FN3O3/c1-2-9-7-10(3-4-11(9)8-17)12-5-6-13(18-12)14(21)15-19-16(22)23-20-15/h2-7,18H,1,8H2,(H,19,20,22)",C16H12N3O3F,313.086269464,2.7015000000000002,4.93,6.09,5.09,-120.0,3.3715298321454323,1,DRUGLIKE_CONCAT,HsDHODH_Druglike,4,2,91.75,5,16,3,3,0.6956521739130435,0.13043478260869565,0.13043478260869565,0.0625,0.0,23,3,0,3,2,0,2,0,0
CC(=O)C1=CC([C@@H](N)C2=NC(I)=C(C#CC(=O)O)C=C2)=CO1,26/000000137,"InChI=1S/C15H11IN2O4/c1-8(19)12-6-10(7-22-12)14(17)11-4-2-9(15(16)18-11)3-5-13(20)21/h2,4,6-7,14H,17H2,1H3,(H,20,21)/t14-/m1/s1",C15H11N2O4I,409.97635483199997,1.9660000000000002,4.92,4.1,24.1,-170.0,4.017067197336885,1,DRUGLIKE_CONCAT,HsDHODH_Druglike,5,2,106.42000000000002,3,15,4,2,0.6818181818181818,0.18181818181818182,0.09090909090909091,0.13333333333333333,0.06666666666666667,22,2,0,2,2,0,2,0,0
NCCC1=NC=C(/C=C/[C@H]2NC(=O)C=C2CN)C=C1Br,13/000000141,"InChI=1S/C14H17BrN4O/c15-11-5-9(8-18-13(11)3-4-16)1-2-12-10(7-17)6-14(20)19-12/h1-2,5-6,8,12H,3-4,7,16-17H2,(H,19,20)/p+1/b2-1+/t12-/m1/s1",C14H18N4OBr,336.058573264,0.7419999999999998,4.92,6.04,3.85,-150.0,4.618056778398708,1,DRUGLIKE_CONCAT,HsDHODH_Druglike,4,3,94.02999999999999,5,14,1,4,0.7,0.05,0.2,0.2857142857142857,0.07142857142857142,20,2,1,1,2,1,1,0,0
C/C=C(/C)CC1=CC(C2=CC=C(C(=O)C3=NC(=O)ON3)N2)=CC=C1O,23/000000180,"InChI=1S/C18H17N3O4/c1-3-10(2)8-12-9-11(4-7-15(12)22)13-5-6-14(19-13)16(23)17-20-18(24)25-21-17/h3-7,9,19,22H,8H2,1-2H3,(H,20,21,24)/b10-3-",C18H17N3O4,339.121906024,2.8033000000000006,4.92,8.06,4.94,-200.0,3.2796285988140053,1,DRUGLIKE_CONCAT,HsDHODH_Druglike,5,3,111.98,5,18,4,3,0.72,0.16,0.12,0.16666666666666666,0.0,25,3,0,3,2,0,2,0,0
O=C(O)C1=CN=C(O)N=C1CCCC1=CC=CC=C1,29/000000128,"InChI=1S/C14H14N2O3/c17-13(18)11-9-15-14(19)16-12(11)8-4-7-10-5-2-1-3-6-10/h1-3,5-6,9H,4,7-8H2,(H,17,18)(H,15,16,19)",C14H14N2O3,258.100442308,2.0557,4.91,6.55,3.85,0.0,2.357087405062978,1,DRUGLIKE_CONCAT,HsDHODH_Druglike,4,2,83.31,5,14,3,2,0.7368421052631579,0.15789473684210525,0.10526315789473684,0.21428571428571427,0.0,19,2,0,2,1,0,1,0,0
CCOC1=CC(C2=CC=C(C(=O)C3=NC(=O)ON3)N2)=CC=C1F,23/000000468,"InChI=1S/C15H12FN3O4/c1-2-22-12-7-8(3-4-9(12)16)10-5-6-11(17-10)13(20)14-18-15(21)23-19-14/h3-7,17H,2H2,1H3,(H,18,19,21)",C15H12N3O4F,317.08118408400003,2.1267999999999994,4.9,6.08,5.09,-140.0,2.89063586764839,1,DRUGLIKE_CONCAT,HsDHODH_Druglike,5,2,100.97999999999999,5,15,4,3,0.6521739130434783,0.17391304347826086,0.13043478260869565,0.13333333333333333,0.0,23,3,0,3,2,0,2,0,0
C=CC1=CC=C(C2=CC=C(C(=O)C3=NC(=O)ON3)N2)C=C1N(C)C(N)=O,23/000000440,"InChI=1S/C17H15N5O4/c1-3-9-4-5-10(8-13(9)22(2)16(18)24)11-6-7-12(19-11)14(23)15-20-17(25)26-21-15/h3-8,19H,1H2,2H3,(H2,18,24)(H,20,21,25)",C17H15N5O4,353.11240396000005,1.7469,4.9,7.63,6.45,-140.0,3.415464104848277,1,DRUGLIKE_CONCAT,HsDHODH_Druglike,5,3,138.07999999999998,5,17,4,5,0.6538461538461539,0.15384615384615385,0.19230769230769232,0.058823529411764705,0.0,26,3,0,3,2,0,2,0,0
C=CCOCC1=CC(C2=CC=C(C(=O)C3=NC(=O)ON3)N2)=CC=C1C,23/000000431,"InChI=1S/C18H17N3O4/c1-3-8-24-10-13-9-12(5-4-11(13)2)14-6-7-15(19-14)16(22)17-20-18(23)25-21-17/h3-7,9,19H,1,8,10H2,2H3,(H,20,21,23)",C18H17N3O4,339.12190602400005,2.6000200000000007,4.9,5.69,4.94,-140.0,3.113768029242731,1,DRUGLIKE_CONCAT,HsDHODH_Druglike,5,2,100.97999999999999,7,18,4,3,0.72,0.16,0.12,0.16666666666666666,0.0,25,3,0,3,2,0,2,0,0
O=C(O)CC1=CC(OCCC[C@@H]2CNC(=O)N2)=CC(Br)=C1,22/000000068,"InChI=1S/C14H17BrN2O4/c15-10-4-9(6-13(18)19)5-12(7-10)21-3-1-2-11-8-16-14(20)17-11/h4-5,7,11H,1-3,6,8H2,(H,18,19)(H2,16,17,20)/t11-/m1/s1",C14H17N2O4Br,356.037169124,1.9165999999999999,4.9,5.56,5.09,-150.0,3.125912271534058,1,DRUGLIKE_CONCAT,HsDHODH_Druglike,3,3,87.66,7,14,4,2,0.6666666666666666,0.19047619047619047,0.09523809523809523,0.42857142857142855,0.07142857142857142,21,2,1,1,1,1,0,0,0
CCC#CCNCC1=CC(C2=CC=C(C(=O)C3=NC(=O)ON3)N2)=CC=C1,23/000000205,"InChI=1S/C19H18N4O3/c1-2-3-4-10-20-12-13-6-5-7-14(11-13)15-8-9-16(21-15)17(24)18-22-19(25)26-23-18/h5-9,11,20-21H,2,10,12H2,1H3,(H,22,23,25)",C19H18N4O3,350.137890436,2.0919999999999996,4.89,4.67,4.94,-140.0,3.216190720232891,1,DRUGLIKE_CONCAT,HsDHODH_Druglike,5,3,103.78,6,19,3,4,0.7307692307692307,0.11538461538461539,0.15384615384615385,0.21052631578947367,0.0,26,3,0,3,2,0,2,0,0
O=C(CNC/C=C/C1=C(F)C=CC(F)=C1)CC1=CC=C(CO)C(O)=C1,16/000000034,"InChI=1S/C19H19F2NO3/c20-16-5-6-18(21)14(10-16)2-1-7-22-11-17(24)8-13-3-4-15(12-23)19(25)9-13/h1-6,9-10,22-23,25H,7-8,11-12H2/b2-1+",C19H19NO3F2,347.13329990799997,2.577300000000002,4.88,4.14,5.09,0.0,2.6902413460667525,1,DRUGLIKE_CONCAT,HsDHODH_Druglike,4,3,69.56,8,19,3,1,0.76,0.12,0.04,0.21052631578947367,0.0,25,2,0,2,0,0,0,0,0
O=C(C1=CC=C(C2=CC=C(CCCBr)C=C2)N1)C1=NC(=O)ON1,23/000000511,"InChI=1S/C16H14BrN3O3/c17-9-1-2-10-3-5-11(6-4-10)12-7-8-13(18-12)14(21)15-19-16(22)23-20-15/h3-8,18H,1-2,9H2,(H,19,20,22)",C16H14N3O3Br,375.021853408,2.916500000000001,4.87,5.01,5.09,-140.0,2.922853059687121,1,DRUGLIKE_CONCAT,HsDHODH_Druglike,4,2,91.75,6,16,3,3,0.6956521739130435,0.13043478260869565,0.13043478260869565,0.1875,0.0,23,3,0,3,2,0,2,0,0
CN/C=C/C1=CC=C(C2=CC=C(C(=O)C3=NC(=O)ON3)N2)C=C1NC(N)=O,23/000000486,"InChI=1S/C17H16N6O4/c1-19-7-6-9-2-3-10(8-13(9)21-16(18)25)11-4-5-12(20-11)14(24)15-22-17(26)27-23-15/h2-8,19-20H,1H3,(H3,18,21,25)(H,22,23,26)/b7-6+",C17H16N6O4,368.12330299200005,1.2696999999999998,4.87,5.55,6.45,-160.0,3.41775592135219,1,DRUGLIKE_CONCAT,HsDHODH_Druglike,6,5,158.9,6,17,4,6,0.6296296296296297,0.14814814814814814,0.2222222222222222,0.058823529411764705,0.0,27,3,0,3,2,0,2,0,0
NCC#CC1=CC2=C(C=C1)CC(C(=O)O)=C2,26/000000115,"InChI=1S/C13H11NO2/c14-5-1-2-9-3-4-10-7-12(13(15)16)8-11(10)6-9/h3-4,6,8H,5,7,14H2,(H,15,16)/p+1",C13H12NO2,213.078978592,1.0209000000000001,4.86,5.27,15.6,-40.0,3.512994629194486,1,DRUGLIKE_CONCAT,HsDHODH_Druglike,2,2,63.32000000000001,1,13,2,1,0.8125,0.125,0.0625,0.15384615384615385,0.0,16,2,1,1,0,0,0,0,0
NC/C(=C\CNCC(=O)CC1=CC=C(CO)C=C1)C1=C(F)C=CC(F)=C1,16/000000086,"InChI=1S/C20H22F2N2O2/c21-17-5-6-20(22)19(10-17)16(11-23)7-8-24-12-18(26)9-14-1-3-15(13-25)4-2-14/h1-7,10,24-25H,8-9,11-13,23H2/p+1/b16-7+",C20H23N2O2F2,360.164934384,2.2005999999999997,4.86,5.63,6.45,0.0,3.070999141729203,1,DRUGLIKE_CONCAT,HsDHODH_Druglike,4,3,75.35,9,20,2,2,0.7692307692307693,0.07692307692307693,0.07692307692307693,0.25,0.0,26,2,0,2,0,0,0,0,0
COC(=O)CC1=CC(C2=CC=C(C(=O)C3=NC(=O)ON3)N2)=CC=C1C,23/000000446,"InChI=1S/C17H15N3O5/c1-9-3-4-10(7-11(9)8-14(21)24-2)12-5-6-13(18-12)15(22)16-19-17(23)25-20-16/h3-7,18H,8H2,1-2H3,(H,19,20,23)",C17H15N3O5,341.1011705800001,1.61292,4.86,6.96,3.58,-200.0,2.9392387087041154,1,DRUGLIKE_CONCAT,HsDHODH_Druglike,6,2,118.05000000000001,5,17,5,3,0.68,0.2,0.12,0.17647058823529413,0.0,25,3,0,3,2,0,2,0,0
O=C(/C=C/C(CO)CO)C1=NN=C(COC2=CC=NC(Cl)=C2CCO)N1,23/000000282,"InChI=1S/C16H19ClN4O5/c17-15-11(4-6-22)13(3-5-18-15)26-9-14-19-16(21-20-14)12(25)2-1-10(7-23)8-24/h1-3,5,10,22-24H,4,6-9H2,(H,19,20,21)/b2-1+",C16H19N4O5Cl,382.10439738800005,0.30659999999999965,4.85,5.82,5.09,-150.0,3.540463419916769,1,DRUGLIKE_CONCAT,HsDHODH_Druglike,8,4,141.45000000000002,10,16,5,4,0.6153846153846154,0.19230769230769232,0.15384615384615385,0.375,0.0,26,2,0,2,2,0,2,0,0
CCOC(=O)CC1=CC(C2=CC=C(C(=O)C3=NC(=O)ON3)N2)=CC=C1,23/000000417,"InChI=1S/C17H15N3O5/c1-2-24-14(21)9-10-4-3-5-11(8-10)12-6-7-13(18-12)15(22)16-19-17(23)25-20-16/h3-8,18H,2,9H2,1H3,(H,19,20,23)",C17H15N3O5,341.1011705800001,1.6946,4.84,4.86,3.58,-140.0,2.8281530779967934,1,DRUGLIKE_CONCAT,HsDHODH_Druglike,6,2,118.05000000000001,6,17,5,3,0.68,0.2,0.12,0.17647058823529413,0.0,25,3,0,3,2,0,2,0,0
C=CCCOC1=CC(C2=CC=C(C(=O)C3=NC(=O)ON3)N2)=CC=C1,23/000000193,"InChI=1S/C17H15N3O4/c1-2-3-9-23-12-6-4-5-11(10-12)13-7-8-14(18-13)15(21)16-19-17(22)24-20-16/h2,4-8,10,18H,1,3,9H2,(H,19,20,22)",C17H15N3O4,325.10625596000006,2.5439,4.83,6.0,5.09,-120.0,2.9733197605117585,1,DRUGLIKE_CONCAT,HsDHODH_Druglike,5,2,100.97999999999999,7,17,4,3,0.7083333333333334,0.16666666666666666,0.125,0.11764705882352941,0.0,24,3,0,3,2,0,2,0,0
CCC1=CC=C(C2=CN=CCN2)C=C1CC(=O)C1=CC=C(Br)C=C1O,3/000000257,"InChI=1S/C20H19BrN2O2/c1-2-13-3-4-14(18-12-22-7-8-23-18)9-15(13)10-19(24)17-6-5-16(21)11-20(17)25/h3-7,9,11-12,23,25H,2,8,10H2,1H3",C20H19N2O2Br,398.062989948,4.114900000000004,4.83,7.54,6.45,-180.0,3.0454089826555153,1,DRUGLIKE_CONCAT,HsDHODH_Druglike,4,2,61.69,5,20,2,2,0.8,0.08,0.08,0.2,0.0,25,3,1,2,1,1,0,0,0
NC1=C2C=NNC2=NC([C@H](O)/C=C/CC2=NC(CCCl)=C(CO)C=C2)=N1,21/000000028,"InChI=1S/C17H19ClN6O2/c18-7-6-13-10(9-25)4-5-11(21-13)2-1-3-14(26)17-22-15(19)12-8-20-24-16(12)23-17/h1,3-5,8,14,25-26H,2,6-7,9H2,(H3,19,20,22,23,24)/b3-1+/t14-/m1/s1",C17H19N6O2Cl,374.125801528,1.4359999999999997,4.82,5.91,23.1,-190.0,4.0522038701543295,1,DRUGLIKE_CONCAT,HsDHODH_Druglike,7,4,133.83,7,17,2,6,0.6538461538461539,0.07692307692307693,0.23076923076923078,0.29411764705882354,0.058823529411764705,26,3,0,3,3,0,3,0,0
CCCC/C=C/C1=CC(C2=NNN=C2)=CC(O)=C1,28/000000414,"InChI=1S/C14H17N3O/c1-2-3-4-5-6-11-7-12(9-13(18)8-11)14-10-15-17-16-14/h5-10,18H,2-4H2,1H3,(H,15,16,17)/b6-5+",C14H17N3O,243.137162164,3.380700000000001,4.82,2.77,17.2,-140.0,2.7278325857552286,1,DRUGLIKE_CONCAT,HsDHODH_Druglike,3,2,61.8,5,14,1,3,0.7777777777777778,0.05555555555555555,0.16666666666666666,0.2857142857142857,0.0,18,2,0,2,1,0,1,0,0
O=C(O)C1=CN=C(O)N=C1CC#CCC[C@@H]1C=COCC1,29/000000003,"InChI=1S/C15H16N2O4/c18-14(19)12-10-16-15(20)17-13(12)5-3-1-2-4-11-6-8-21-9-7-11/h6,8,10-11H,2,4-5,7,9H2,(H,18,19)(H,16,17,20)/t11-/m1/s1",C15H16N2O4,288.111006992,1.7567,4.81,5.19,20.2,-150.0,4.314722075966912,1,DRUGLIKE_CONCAT,HsDHODH_Druglike,5,2,92.54,4,15,4,2,0.7142857142857143,0.19047619047619047,0.09523809523809523,0.4,0.06666666666666667,21,2,1,1,2,1,1,0,0
O=C(CNC/C=C/C1=C(F)C=CC(F)=C1)CC1=CC(CCO)=NO1,16/000000061,"InChI=1S/C17H18F2N2O3/c18-13-3-4-17(19)12(8-13)2-1-6-20-11-15(23)10-16-9-14(5-7-22)21-24-16/h1-4,8-9,20,22H,5-7,10-11H2/b2-1+",C17H18N2O3F2,336.12854887599997,1.9022000000000001,4.8,4.0,5.09,0.0,2.92905158227056,1,DRUGLIKE_CONCAT,HsDHODH_Druglike,5,2,75.36,9,17,3,2,0.7083333333333334,0.125,0.08333333333333333,0.29411764705882354,0.0,24,2,0,2,1,0,1,0,0
N/C=C\CC1=CC(C2=CC=C(C(=O)C3=NC(=O)ON3)N2)=CC=C1,23/000000148,"InChI=1S/C16H14N4O3/c17-8-2-4-10-3-1-5-11(9-10)12-6-7-13(18-12)14(21)15-19-16(22)23-20-15/h1-3,5-9,18H,4,17H2,(H,19,20,22)/b8-2-",C16H14N4O3,310.106590308,1.6039,4.8,6.34,5.09,-120.0,3.2598118009458616,1,DRUGLIKE_CONCAT,HsDHODH_Druglike,5,3,117.77000000000001,5,16,3,4,0.6956521739130435,0.13043478260869565,0.17391304347826086,0.0625,0.0,23,3,0,3,2,0,2,0,0
CC1=CC=C(C2=CC=C(C(=O)C3=NC(=O)ON3)N2)C=C1NC(N)=O,23/000000517,"InChI=1S/C15H13N5O4/c1-7-2-3-8(6-11(7)18-14(16)22)9-4-5-10(17-9)12(21)13-19-15(23)24-20-13/h2-6,17H,1H3,(H3,16,18,22)(H,19,20,23)",C15H13N5O4,327.09675389600005,1.38802,4.8,6.68,5.09,-140.0,2.9311588659877224,1,DRUGLIKE_CONCAT,HsDHODH_Druglike,5,4,146.87,4,15,4,5,0.625,0.16666666666666666,0.20833333333333334,0.06666666666666667,0.0,24,3,0,3,2,0,2,0,0
CCC[C@@H](N)C#CC(=O)C1=CCC=C(C(=O)O)O1,23/000000288,"InChI=1S/C13H15NO4/c1-2-4-9(14)7-8-10(15)11-5-3-6-12(18-11)13(16)17/h5-6,9H,2-4,14H2,1H3,(H,16,17)/t9-/m1/s1",C13H15NO4,249.10010796,0.9590000000000001,4.8,3.65,3.85,-190.0,4.337351149972498,1,DRUGLIKE_CONCAT,HsDHODH_Druglike,4,2,89.62,4,13,4,1,0.7222222222222222,0.2222222222222222,0.05555555555555555,0.38461538461538464,0.07692307692307693,18,1,1,0,1,1,0,0,0
CCCC1=CC=C(C2=CC=C(C(=O)C3=NC(=O)ON3)N2)C=C1COC,23/000000494,"InChI=1S/C18H19N3O4/c1-3-4-11-5-6-12(9-13(11)10-24-2)14-7-8-15(19-14)16(22)17-20-18(23)25-21-17/h5-9,19H,3-4,10H2,1-2H3,(H,20,21,23)",C18H19N3O4,341.137556088,2.687900000000001,4.8,5.86,4.94,-200.0,3.0203084409437064,1,DRUGLIKE_CONCAT,HsDHODH_Druglike,5,2,100.98,7,18,4,3,0.72,0.16,0.12,0.2777777777777778,0.0,25,3,0,3,2,0,2,0,0
C=C[C@H](C(=O)O)C1=NC(O)=NC=C1C(=O)O,29/000000144,"InChI=1S/C9H8N2O5/c1-2-4(7(12)13)6-5(8(14)15)3-10-9(16)11-6/h2-4H,1H2,(H,12,13)(H,14,15)(H,10,11,16)/t4-/m0/s1",C9H8N2O5,224.043321356,0.23459999999999998,4.8,6.7,2.35,-150.0,3.74088121659736,1,DRUGLIKE_CONCAT,HsDHODH_Druglike,5,3,120.61,4,9,5,2,0.5625,0.3125,0.125,0.1111111111111111,0.1111111111111111,16,1,0,1,1,0,1,0,0
CC(=O)N1N=C([C@@H](C#CCOC(=O)CC2=NOC=C2CBr)CO)NC1=O,21/000000174,"InChI=1S/C15H15BrN4O6/c1-9(22)20-15(24)17-14(18-20)10(7-21)3-2-4-25-13(23)5-12-11(6-16)8-26-19-12/h8,10,21H,4-7H2,1H3,(H,17,18,24)/t10-/m0/s1",C15H15N4O6Br,426.01749630000006,-0.020400000000000085,4.8,6.14,7.88,-170.0,4.378542175767634,1,DRUGLIKE_CONCAT,HsDHODH_Druglike,9,2,140.31,6,15,6,4,0.5769230769230769,0.23076923076923078,0.15384615384615385,0.4,0.06666666666666667,26,2,0,2,2,0,2,0,0
CCOC1=CC=C(F)C(C2=CC=C(C(=O)C3=NC(=O)ON3)N2)=C1,23/000000262,"InChI=1S/C15H12FN3O4/c1-2-22-8-3-4-10(16)9(7-8)11-5-6-12(17-11)13(20)14-18-15(21)23-19-14/h3-7,17H,2H2,1H3,(H,18,19,21)",C15H12N3O4F,317.08118408400003,2.1267999999999994,4.8,6.68,5.09,-140.0,2.908397287766734,1,DRUGLIKE_CONCAT,HsDHODH_Druglike,5,2,100.97999999999999,5,15,4,3,0.6521739130434783,0.17391304347826086,0.13043478260869565,0.13333333333333333,0.0,23,3,0,3,2,0,2,0,0
C[C@](O)(C#CC1=NC(C(=O)CO)=C(Cl)N=C1)CBr,19/000000028,"InChI=1S/C11H10BrClN2O3/c1-11(18,6-12)3-2-7-4-14-10(13)9(15-7)8(17)5-16/h4,16,18H,5-6H2,1H3/t11-/m0/s1",C11H10N2O3ClBr,331.95633196,0.8024,4.8,4.3,3.58,-170.0,4.106037727680505,1,DRUGLIKE_CONCAT,HsDHODH_Druglike,5,2,83.31,3,11,3,2,0.6111111111111112,0.16666666666666666,0.1111111111111111,0.36363636363636365,0.09090909090909091,18,1,0,1,1,0,1,0,0
NC(=O)C1=C(CC(=O)C2=CC=C(Br)C=C2O)C=C(C2=CN=CCN2)C=C1,3/000000261,"InChI=1S/C19H16BrN3O3/c20-13-2-4-15(18(25)9-13)17(24)8-12-7-11(1-3-14(12)19(21)26)16-10-22-5-6-23-16/h1-5,7,9-10,23,25H,6,8H2,(H2,21,26)",C19H16N3O3Br,413.037503472,2.6514000000000006,4.8,7.26,5.08,-160.0,3.0621907118029643,1,DRUGLIKE_CONCAT,HsDHODH_Druglike,5,3,104.78,5,19,3,3,0.7307692307692307,0.11538461538461539,0.11538461538461539,0.10526315789473684,0.0,26,3,1,2,1,1,0,0,0
C=CC(=O)CC1=CC(C2=CC=C(C(=O)C3=NC(=O)ON3)N2)=CC=C1O,23/000000372,"InChI=1S/C17H13N3O5/c1-2-11(21)8-10-7-9(3-6-14(10)22)12-4-5-13(18-12)15(23)16-19-17(24)25-20-16/h2-7,18,22H,1,8H2,(H,19,20,24)",C17H13N3O5,339.08552051600003,1.5921999999999998,4.79,7.04,4.94,-120.0,3.2515268405722466,1,DRUGLIKE_CONCAT,HsDHODH_Druglike,6,3,129.04999999999998,6,17,5,3,0.68,0.2,0.12,0.058823529411764705,0.0,25,3,0,3,2,0,2,0,0
NC[C@H](/C=C/CC1=NC=C(O)C=C1CCBr)C1=NC(N)=C2C=NNC2=N1,21/000000054,"InChI=1S/C17H20BrN7O/c18-5-4-10-6-12(26)8-21-14(10)3-1-2-11(7-19)16-23-15(20)13-9-22-25-17(13)24-16/h1-2,6,8-9,11,26H,3-5,7,19H2,(H3,20,22,23,24,25)/b2-1+/t11-/m0/s1",C17H20N7OBr,417.0912703600001,1.8142999999999998,4.78,5.12,23.3,-190.0,4.212849192399652,1,DRUGLIKE_CONCAT,HsDHODH_Druglike,7,4,139.62,7,17,1,7,0.6538461538461539,0.038461538461538464,0.2692307692307692,0.29411764705882354,0.058823529411764705,26,3,0,3,3,0,3,0,0
O=C(O)CCCC1=CC=C2CNNCC2=C1O,15/000000006,"InChI=1S/C12H16N2O3/c15-11(16)3-1-2-8-4-5-9-6-13-14-7-10(9)12(8)17/h4-5,13-14,17H,1-3,6-7H2,(H,15,16)",C12H16N2O3,236.116092372,0.9072999999999998,4.78,5.1,13.8,-80.0,2.999674274148248,1,DRUGLIKE_CONCAT,HsDHODH_Druglike,4,4,81.59,4,12,3,2,0.7058823529411765,0.17647058823529413,0.11764705882352941,0.4166666666666667,0.0,17,2,1,1,1,1,0,0,0
CCOC1=CC(C2=CC=C(C(=O)C3=NC(=O)ON3)N2)=CC=C1,23/000000038,"InChI=1S/C15H13N3O4/c1-2-21-10-5-3-4-9(8-10)11-6-7-12(16-11)13(19)14-17-15(20)22-18-14/h3-8,16H,2H2,1H3,(H,17,18,20)",C15H13N3O4,299.09060589600006,1.9876999999999996,4.77,6.36,3.58,-140.0,2.7913629176263175,1,DRUGLIKE_CONCAT,HsDHODH_Druglike,5,2,100.97999999999999,5,15,4,3,0.6818181818181818,0.18181818181818182,0.13636363636363635,0.13333333333333333,0.0,22,3,0,3,2,0,2,0,0
O=C(CNC/C=C/C1=C(F)C=CC(F)=C1)CC1=CC=C(O)C(O)=C1,16/000000076,"InChI=1S/C18H17F2NO3/c19-14-4-5-16(20)13(10-14)2-1-7-21-11-15(22)8-12-3-6-17(23)18(24)9-12/h1-6,9-10,21,23-24H,7-8,11H2/b2-1+",C18H17NO3F2,333.11764984399997,2.790600000000002,4.77,4.9,5.09,0.0,2.590489750029054,1,DRUGLIKE_CONCAT,HsDHODH_Druglike,4,3,69.56,7,18,3,1,0.75,0.125,0.041666666666666664,0.16666666666666666,0.0,24,2,0,2,0,0,0,0,0
NC[C@H](/C=C/CC1=C(CCBr)C=CC=N1)C1=NC(N)=C2C=NNC2=N1,21/000000031,"InChI=1S/C17H20BrN7/c18-7-6-11-4-2-8-21-14(11)5-1-3-12(9-19)16-23-15(20)13-10-22-25-17(13)24-16/h1-4,8,10,12H,5-7,9,19H2,(H3,20,22,23,24,25)/b3-1+/t12-/m0/s1",C17H20N7Br,401.0963557400001,2.1087,4.77,5.13,22.1,-190.0,4.046333153249848,1,DRUGLIKE_CONCAT,HsDHODH_Druglike,6,3,119.39,7,17,0,7,0.68,0.0,0.28,0.29411764705882354,0.058823529411764705,25,3,0,3,3,0,3,0,0
C=C[C@@H](N)CC(=O)C1=C(CC(=O)O)C(O)=NO1,3/000000074,"InChI=1S/C10H12N2O5/c1-2-5(11)3-7(13)9-6(4-8(14)15)10(16)12-17-9/h2,5H,1,3-4,11H2,(H,12,16)(H,14,15)/t5-/m1/s1",C10H12N2O5,240.074621484,0.0934000000000002,4.77,1.89,2.35,-170.0,3.927781960452223,1,DRUGLIKE_CONCAT,HsDHODH_Druglike,6,3,126.65,6,10,5,2,0.5882352941176471,0.29411764705882354,0.11764705882352941,0.3,0.1,17,1,0,1,1,0,1,0,0
CCOC1=CC(C2=CC=C(C(=O)C3=NC(=O)ON3)N2)=CC=C1CO,23/000000462,"InChI=1S/C16H15N3O5/c1-2-23-13-7-9(3-4-10(13)8-20)11-5-6-12(17-11)14(21)15-18-16(22)24-19-15/h3-7,17,20H,2,8H2,1H3,(H,18,19,22)",C16H15N3O5,329.10117058000003,1.4799999999999995,4.77,6.14,5.09,-140.0,2.9535165143972577,1,DRUGLIKE_CONCAT,HsDHODH_Druglike,6,3,121.21,6,16,5,3,0.6666666666666666,0.20833333333333334,0.125,0.1875,0.0,24,3,0,3,2,0,2,0,0
CC[C@@H](N)CC(=O)C1=C(CC(=O)O)C(O)=NO1,3/000000103,"InChI=1S/C10H14N2O5/c1-2-5(11)3-7(13)9-6(4-8(14)15)10(16)12-17-9/h5H,2-4,11H2,1H3,(H,12,16)(H,14,15)/t5-/m1/s1",C10H14N2O5,242.090271548,0.31739999999999996,4.76,2.04,2.35,-190.0,3.631083498913762,1,DRUGLIKE_CONCAT,HsDHODH_Druglike,6,3,126.65,6,10,5,2,0.5882352941176471,0.29411764705882354,0.11764705882352941,0.5,0.1,17,1,0,1,1,0,1,0,0
C/C=C(\C)CCCCC1=CC(O)=CC(C2=NNN=C2)=C1,28/000000422,"InChI=1S/C16H21N3O/c1-3-12(2)6-4-5-7-13-8-14(10-15(20)9-13)16-11-17-19-18-16/h3,8-11,20H,4-7H2,1-2H3,(H,17,18,19)/b12-3+",C16H21N3O,271.168462292,3.856300000000002,4.76,1.14,18.4,-200.0,2.8069562812213977,1,DRUGLIKE_CONCAT,HsDHODH_Druglike,3,2,61.800000000000004,6,16,1,3,0.8,0.05,0.15,0.375,0.0,20,2,0,2,1,0,1,0,0
CCCNC1=CC(OC(=O)C2=CC(O)=C(OCCN)C=C2)=C(Cl)N=C1,3/000000112,"InChI=1S/C17H20ClN3O4/c1-2-6-20-12-9-15(16(18)21-10-12)25-17(23)11-3-4-14(13(22)8-11)24-7-5-19/h3-4,8-10,20,22H,2,5-7,19H2,1H3/p+1",C17H21N3O4Cl,365.1142338,2.8192000000000004,4.76,5.89,19.7,-20.0,2.9277879394733475,1,DRUGLIKE_CONCAT,HsDHODH_Druglike,7,3,106.7,8,17,4,3,0.68,0.16,0.12,0.29411764705882354,0.0,25,2,0,2,1,0,1,0,0
CCOC1=C(COC)C(C2=CC=C(C(=O)C3=NC(=O)ON3)N2)=CC=C1,23/000000214,"InChI=1S/C17H17N3O5/c1-3-24-14-6-4-5-10(11(14)9-23-2)12-7-8-13(18-12)15(21)16-19-17(22)25-20-16/h4-8,18H,3,9H2,1-2H3,(H,19,20,22)",C17H17N3O5,343.1168206440001,2.1341,4.75,7.81,6.45,-200.0,3.0399660790802177,1,DRUGLIKE_CONCAT,HsDHODH_Druglike,6,2,110.21000000000001,7,17,5,3,0.68,0.2,0.12,0.23529411764705882,0.0,25,3,0,3,2,0,2,0,0
CCC(=O)CC1=CC(C2=CC=C(C(=O)C3=NC(=O)ON3)N2)=CC=C1O,23/000000509,"InChI=1S/C17H15N3O5/c1-2-11(21)8-10-7-9(3-6-14(10)22)12-4-5-13(18-12)15(23)16-19-17(24)25-20-16/h3-7,18,22H,2,8H2,1H3,(H,19,20,24)",C17H15N3O5,341.10117058000003,1.8161999999999998,4.75,6.89,4.94,-140.0,3.1180776098030165,1,DRUGLIKE_CONCAT,HsDHODH_Druglike,6,3,129.04999999999998,6,17,5,3,0.68,0.2,0.12,0.17647058823529413,0.0,25,3,0,3,2,0,2,0,0
O=C1C=C[C@@H](/C(=C/C2=CN=C(CCF)C(Br)=C2)C(=O)O)N1,13/000000118,"InChI=1S/C14H12BrFN2O3/c15-10-6-8(7-17-12(10)3-4-16)5-9(14(20)21)11-1-2-13(19)18-11/h1-2,5-7,11H,3-4H2,(H,18,19)(H,20,21)/b9-5-/t11-/m0/s1",C14H12N2O3FBr,354.001532564,1.8786999999999998,4.75,6.84,3.84,-150.0,4.134201333261343,1,DRUGLIKE_CONCAT,HsDHODH_Druglike,3,2,79.29,5,14,3,2,0.6666666666666666,0.14285714285714285,0.09523809523809523,0.21428571428571427,0.07142857142857142,21,2,1,1,2,1,1,0,0
CC(=O)OCC1=CC(C2=CC=C(C(=O)C3=NC(=O)ON3)N2)=CC=C1O,23/000000165,"InChI=1S/C16H13N3O6/c1-8(20)24-7-10-6-9(2-5-13(10)21)11-3-4-12(17-11)14(22)15-18-16(23)25-19-15/h2-6,17,21H,7H2,1H3,(H,18,19,23)",C16H13N3O6,343.08043513600006,1.3576999999999997,4.75,7.14,4.94,-140.0,3.0355861812315883,1,DRUGLIKE_CONCAT,HsDHODH_Druglike,7,3,138.28,5,16,6,3,0.64,0.24,0.12,0.125,0.0,25,3,0,3,2,0,2,0,0
O=C(C1=CC=C(C2=CC=CC(OCCCF)=C2)N1)C1=NC(=O)ON1,23/000000485,"InChI=1S/C16H14FN3O4/c17-7-2-8-23-11-4-1-3-10(9-11)12-5-6-13(18-12)14(21)15-19-16(22)24-20-15/h1,3-6,9,18H,2,7-8H2,(H,19,20,22)",C16H14N3O4F,331.09683414799997,2.3273999999999995,4.75,7.09,5.09,-120.0,2.9705966835886795,1,DRUGLIKE_CONCAT,HsDHODH_Druglike,5,2,100.98000000000002,7,16,4,3,0.6666666666666666,0.16666666666666666,0.125,0.1875,0.0,24,3,0,3,2,0,2,0,0
O=C(C1=CC=C(C2=CC=CC(Cl)=C2)N1)C1=NC(=O)ON1,23/000000326,"InChI=1S/C13H8ClN3O3/c14-8-3-1-2-7(6-8)9-4-5-10(15-9)11(18)12-16-13(19)20-17-12/h1-6,15H,(H,16,17,19)",C13H8N3O3Cl,289.025418796,2.2424,4.75,4.57,3.58,-120.0,2.847282597010871,1,DRUGLIKE_CONCAT,HsDHODH_Druglike,4,2,91.75,3,13,3,3,0.65,0.15,0.15,0.0,0.0,20,3,0,3,2,0,2,0,0
CCOC1=CC(C2=CC=C(C(=O)C3=NC(=O)ON3)N2)=CC=C1O,23/000000224,"InChI=1S/C15H13N3O5/c1-2-22-12-7-8(3-6-11(12)19)9-4-5-10(16-9)13(20)14-17-15(21)23-18-14/h3-7,16,19H,2H2,1H3,(H,17,18,21)",C15H13N3O5,315.08552051600003,1.6932999999999994,4.74,5.71,5.09,-140.0,2.9111771694235387,1,DRUGLIKE_CONCAT,HsDHODH_Druglike,6,3,121.21,5,15,5,3,0.6521739130434783,0.21739130434782608,0.13043478260869565,0.13333333333333333,0.0,23,3,0,3,2,0,2,0,0
OC1=CC(C2=NNN=C2)=CC(CCC2=CN=CN=C2CBr)=C1,28/000000435,"InChI=1S/C15H14BrN5O/c16-6-14-11(7-17-9-18-14)2-1-10-3-12(5-13(22)4-10)15-8-19-21-20-15/h3-5,7-9,22H,1-2,6H2,(H,19,20,21)",C15H14N5OBr,359.038172168,2.647400000000001,4.74,3.85,20.1,-120.0,3.0908101360329105,1,DRUGLIKE_CONCAT,HsDHODH_Druglike,5,2,87.58,5,15,1,5,0.6818181818181818,0.045454545454545456,0.22727272727272727,0.2,0.0,22,3,0,3,2,0,2,0,0
O=C(CC1=CC(C2=CC=C(C(=O)C3=NC(=O)ON3)N2)=CC=C1)OCF,23/000000362,"InChI=1S/C16H12FN3O5/c17-8-24-13(21)7-9-2-1-3-10(6-9)11-4-5-12(18-11)14(22)15-19-16(23)25-20-15/h1-6,18H,7-8H2,(H,19,20,23)",C16H12N3O5F,345.076098704,1.6017,4.73,4.99,4.94,-120.0,3.102891972904704,1,DRUGLIKE_CONCAT,HsDHODH_Druglike,6,2,118.05,6,16,5,3,0.64,0.2,0.12,0.125,0.0,25,3,0,3,2,0,2,0,0
C=CC1=CC(C)=CC=C1C1=CC=C(C(=O)C2=NC(=O)ON2)N1,23/000000476,"InChI=1S/C16H13N3O3/c1-3-10-8-9(2)4-5-11(10)12-6-7-13(17-12)14(20)15-18-16(21)22-19-15/h3-8,17H,1H2,2H3,(H,18,19,21)",C16H13N3O3,295.0956912760001,2.54042,4.73,6.26,3.58,-140.0,3.2039645482537544,1,DRUGLIKE_CONCAT,HsDHODH_Druglike,4,2,91.75,4,16,3,3,0.7272727272727273,0.13636363636363635,0.13636363636363635,0.0625,0.0,22,3,0,3,2,0,2,0,0
C=C(COC(=O)CCCO)CC(=O)C1=NC(NCC)=C2C=NNC2=N1,21/000000176,"InChI=1S/C16H21N5O4/c1-3-17-14-11-8-18-21-15(11)20-16(19-14)12(23)7-10(2)9-25-13(24)5-4-6-22/h8,22H,2-7,9H2,1H3,(H2,17,18,19,20,21)",C16H21N5O4,347.1593541520001,1.2294,4.73,6.94,24.8,-60.0,3.1593035438689503,1,DRUGLIKE_CONCAT,HsDHODH_Druglike,8,3,130.09000000000003,10,16,4,5,0.64,0.16,0.2,0.4375,0.0,25,2,0,2,2,0,2,0,0
CCC1=CC([C@@H](N)C2=NC(I)=C(C#CC(=O)O)C=C2)=CO1,26/000000108,"InChI=1S/C15H13IN2O3/c1-2-11-7-10(8-21-11)14(17)12-5-3-9(15(16)18-12)4-6-13(19)20/h3,5,7-8,14H,2,17H2,1H3,(H,19,20)/t14-/m1/s1",C15H13N2O3I,395.99709027599994,2.3258,4.73,3.5,21.9,-190.0,4.058926001696356,1,DRUGLIKE_CONCAT,HsDHODH_Druglike,4,2,89.35,3,15,3,2,0.7142857142857143,0.14285714285714285,0.09523809523809523,0.2,0.06666666666666667,21,2,0,2,2,0,2,0,0
O=C(CNC/C=C/C1=CC(F)=CC=C1F)CC1=CC(O)=CC=C1,16/000000009,"InChI=1S/C18H17F2NO2/c19-15-6-7-18(20)14(11-15)4-2-8-21-12-17(23)10-13-3-1-5-16(22)9-13/h1-7,9,11,21-22H,8,10,12H2/b4-2+",C18H17NO2F2,317.122735224,3.0850000000000017,4.73,5.09,5.09,0.0,2.499705690133597,1,DRUGLIKE_CONCAT,HsDHODH_Druglike,3,2,49.33,7,18,2,1,0.782608695652174,0.08695652173913043,0.043478260869565216,0.16666666666666666,0.0,23,2,0,2,0,0,0,0,0
CCOC1=CC(C2=CC=C(C(=O)C3=NC(=O)ON3)N2)=CC=C1N,23/000000369,"InChI=1S/C15H14N4O4/c1-2-22-12-7-8(3-4-9(12)16)10-5-6-11(17-10)13(20)14-18-15(21)23-19-14/h3-7,17H,2,16H2,1H3,(H,18,19,21)",C15H14N4O4,314.10150492800005,1.5698999999999996,4.73,5.78,5.09,-140.0,2.9492157493051945,1,DRUGLIKE_CONCAT,HsDHODH_Druglike,6,3,126.99999999999999,5,15,4,4,0.6521739130434783,0.17391304347826086,0.17391304347826086,0.13333333333333333,0.0,23,3,0,3,2,0,2,0,0
NCC1=CC=CC=C1C#CC1=CC(C2=CNN=C2CF)=CC=C1,3/000000262,"InChI=1S/C19H16FN3/c20-11-19-18(13-22-23-19)16-7-3-4-14(10-16)8-9-15-5-1-2-6-17(15)12-21/h1-7,10,13H,11-12,21H2,(H,22,23)",C19H16N3F,305.132825732,3.404700000000002,4.73,4.84,22.1,-120.0,2.940481449208047,1,DRUGLIKE_CONCAT,HsDHODH_Druglike,2,2,54.7,3,19,0,3,0.8260869565217391,0.0,0.13043478260869565,0.10526315789473684,0.0,23,3,0,3,1,0,1,0,0
COC1=CC(CC(=O)CNC/C=C/C2=CC(F)=CC=C2F)=CC(O)=C1,16/000000057,"InChI=1S/C19H19F2NO3/c1-25-18-9-13(7-16(23)11-18)8-17(24)12-22-6-2-3-14-10-15(20)4-5-19(14)21/h2-5,7,9-11,22-23H,6,8,12H2,1H3/b3-2+",C19H19NO3F2,347.133299908,3.0936000000000012,4.73,6.89,5.09,-20.0,2.619054313099719,1,DRUGLIKE_CONCAT,HsDHODH_Druglike,4,2,58.56,8,19,3,1,0.76,0.12,0.04,0.21052631578947367,0.0,25,2,0,2,0,0,0,0,0
CCCC1=CC=C(C2=CC=C(C(=O)C3=NC(=O)ON3)N2)C=C1,23/000000126,"InChI=1S/C16H15N3O3/c1-2-3-10-4-6-11(7-5-10)12-8-9-13(17-12)14(20)15-18-16(21)22-19-15/h4-9,17H,2-3H2,1H3,(H,18,19,21)",C16H15N3O3,297.11134134,2.5415,4.72,4.89,3.58,-140.0,2.7629826978460983,1,DRUGLIKE_CONCAT,HsDHODH_Druglike,4,2,91.75,5,16,3,3,0.7272727272727273,0.13636363636363635,0.13636363636363635,0.1875,0.0,22,3,0,3,2,0,2,0,0
C=CC1=NC=NC=C1CCC1=CC(O)=CC(C2=NNN=C2)=C1,28/000000398,"InChI=1S/C16H15N5O/c1-2-15-12(8-17-10-18-15)4-3-11-5-13(7-14(22)6-11)16-9-19-21-20-16/h2,5-10,22H,1,3-4H2,(H,19,20,21)",C16H15N5O,293.1276601,2.3955,4.72,3.74,20.0,-120.0,3.147213741802142,1,DRUGLIKE_CONCAT,HsDHODH_Druglike,5,2,87.58,5,16,1,5,0.7272727272727273,0.045454545454545456,0.22727272727272727,0.125,0.0,22,3,0,3,2,0,2,0,0
O=C(O)C1=CN=C(O)N=C1[C@@H](O)/C=C/C1=CNN=C1,29/000000202,"InChI=1S/C11H10N4O4/c16-8(2-1-6-3-13-14-4-6)9-7(10(17)18)5-12-11(19)15-9/h1-5,8,16H,(H,13,14)(H,17,18)(H,12,15,19)/b2-1+/t8-/m0/s1",C11H10N4O4,262.0702048,0.35029999999999994,4.72,5.84,5.24,-150.0,3.985536049276967,1,DRUGLIKE_CONCAT,HsDHODH_Druglike,6,4,132.22000000000003,4,11,4,4,0.5789473684210527,0.21052631578947367,0.21052631578947367,0.09090909090909091,0.09090909090909091,19,2,0,2,2,0,2,0,0
CC(=O)CC1=CC(C2=CC=C(C(=O)C3=NC(=O)ON3)N2)=CC=C1,23/000000051,"InChI=1S/C16H13N3O4/c1-9(20)7-10-3-2-4-11(8-10)12-5-6-13(17-12)14(21)15-18-16(22)23-19-15/h2-6,8,17H,7H2,1H3,(H,18,19,22)",C16H13N3O4,311.09060589600006,1.7204999999999997,4.71,7.09,5.09,-140.0,2.9234853351040115,1,DRUGLIKE_CONCAT,HsDHODH_Druglike,5,2,108.82,5,16,4,3,0.6956521739130435,0.17391304347826086,0.13043478260869565,0.125,0.0,23,3,0,3,2,0,2,0,0
CNCC1=CC(C2=CC=C(C(=O)C3=NC(=O)ON3)N2)=CC=C1C,23/000000389,"InChI=1S/C16H16N4O3/c1-9-3-4-10(7-11(9)8-17-2)12-5-6-13(18-12)14(21)15-19-16(22)23-20-15/h3-7,17-18H,8H2,1-2H3,(H,19,20,22)/p+1",C16H17N4O3,312.12224037199996,1.6168199999999997,4.71,6.98,5.09,-200.0,3.682037287766734,1,DRUGLIKE_CONCAT,HsDHODH_Druglike,5,3,103.78,5,16,3,4,0.6956521739130435,0.13043478260869565,0.17391304347826086,0.1875,0.0,23,3,0,3,2,0,2,0,0
O=C(O)CC1=C(C(=O)O)C=CC(C2=CC=C(C(=O)C3=NC(=O)ON3)N2)=C1,23/000000398,"InChI=1S/C16H11N3O7/c20-12(21)6-8-5-7(1-2-9(8)15(23)24)10-3-4-11(17-10)13(22)14-18-16(25)26-19-14/h1-5,17H,6H2,(H,20,21)(H,23,24)(H,18,19,25)",C16H10N3O7,357.05969969200004,0.9142999999999999,4.71,6.7,4.94,-120.0,2.9910025663867383,1,DRUGLIKE_CONCAT,HsDHODH_Druglike,6,4,166.34999999999997,6,16,7,3,0.6153846153846154,0.2692307692307692,0.11538461538461539,0.0625,0.0,26,3,0,3,2,0,2,0,0
C#CCC1=CC=C(C2=CC=C(C(=O)C3=NC(=O)ON3)N2)C=C1OCNC,23/000000175,"InChI=1S/C18H16N4O4/c1-3-4-11-5-6-12(9-15(11)25-10-19-2)13-7-8-14(20-13)16(23)17-21-18(24)26-22-17/h1,5-9,19-20H,4,10H2,2H3,(H,21,22,24)",C18H16N4O4,352.117154992,1.3204,4.71,8.65,6.45,-140.0,3.476108075742247,1,DRUGLIKE_CONCAT,HsDHODH_Druglike,6,3,113.01,7,18,4,4,0.6923076923076923,0.15384615384615385,0.15384615384615385,0.16666666666666666,0.0,26,3,0,3,2,0,2,0,0
CN/C=C\C1=CC(C2=CC=C(C(=O)C3=NC(=O)ON3)N2)=CC=C1O,23/000000174,"InChI=1S/C16H14N4O4/c1-17-7-6-10-8-9(2-5-13(10)21)11-3-4-12(18-11)14(22)15-19-16(23)24-20-15/h2-8,17-18,21H,1H3,(H,19,20,23)/b7-6-",C16H14N4O4,326.101504928,1.4846999999999997,4.71,6.94,5.09,-140.0,3.408672170505856,1,DRUGLIKE_CONCAT,HsDHODH_Druglike,6,4,124.01,5,16,4,4,0.6666666666666666,0.16666666666666666,0.16666666666666666,0.0625,0.0,24,3,0,3,2,0,2,0,0
COCC1=CC=C(CC(=O)CNC/C=C/C2=C(F)C=CC(F)=C2)C=C1O,16/000000031,"InChI=1S/C20H21F2NO3/c1-26-13-16-5-4-14(10-20(16)25)9-18(24)12-23-8-2-3-15-11-17(21)6-7-19(15)22/h2-7,10-11,23,25H,8-9,12-13H2,1H3/b3-2+",C20H21NO3F2,361.148949972,3.231400000000002,4.7,4.15,5.09,-40.0,2.6769338098008575,1,DRUGLIKE_CONCAT,HsDHODH_Druglike,4,2,58.56,9,20,3,1,0.7692307692307693,0.11538461538461539,0.038461538461538464,0.25,0.0,26,2,0,2,0,0,0,0,0
O=C(CCl)NC1=CC(C2=CC=C(C(=O)C3=NC(=O)ON3)N2)=CC=C1O,23/000000257,"InChI=1S/C15H11ClN4O5/c16-6-12(22)18-10-5-7(1-4-11(10)21)8-2-3-9(17-8)13(23)14-19-15(24)25-20-14/h1-5,17,21H,6H2,(H,18,22)(H,19,20,24)",C15H11N4O5Cl,362.04179713200006,1.4718999999999998,4.7,7.07,4.94,-120.0,3.033590357055763,1,DRUGLIKE_CONCAT,HsDHODH_Druglike,6,4,141.07999999999998,5,15,5,4,0.6,0.2,0.16,0.06666666666666667,0.0,25,3,0,3,2,0,2,0,0
OC1=CC2=C(C=C1C#C[C@H](O)CCCCl)NCO2,21/000000139,"InChI=1S/C13H14ClNO3/c14-5-1-2-10(16)4-3-9-6-11-13(7-12(9)17)18-8-15-11/h6-7,10,15-17H,1-2,5,8H2/t10-/m1/s1",C13H14NO3Cl,267.066220988,1.8853999999999993,4.69,2.39,16.5,-190.0,3.923835238992721,1,DRUGLIKE_CONCAT,HsDHODH_Druglike,4,3,61.72,3,13,3,1,0.7222222222222222,0.16666666666666666,0.05555555555555555,0.38461538461538464,0.07692307692307693,18,2,1,1,1,1,0,0,0
CCOC1=C(O)C(C2=CC=C(C(=O)C3=NC(=O)ON3)N2)=CC=C1,23/000000391,"InChI=1S/C15H13N3O5/c1-2-22-11-5-3-4-8(12(11)19)9-6-7-10(16-9)13(20)14-17-15(21)23-18-14/h3-7,16,19H,2H2,1H3,(H,17,18,21)",C15H13N3O5,315.08552051600003,1.6932999999999994,4.69,5.7,5.09,-140.0,3.000540246346615,1,DRUGLIKE_CONCAT,HsDHODH_Druglike,6,3,121.21000000000001,5,15,5,3,0.6521739130434783,0.21739130434782608,0.13043478260869565,0.13333333333333333,0.0,23,3,0,3,2,0,2,0,0
C[C@@H](N)CCCC1=NC(O)=NC=C1C(=O)O,29/000000049,"InChI=1S/C10H15N3O3/c1-6(11)3-2-4-8-7(9(14)15)5-12-10(16)13-8/h5-6H,2-4,11H2,1H3,(H,14,15)(H,12,13,16)/t6-/m1/s1",C10H15N3O3,225.11134134,0.5502999999999998,4.69,5.97,3.85,-170.0,3.3271832099528433,1,DRUGLIKE_CONCAT,HsDHODH_Druglike,5,3,109.33,5,10,3,3,0.625,0.1875,0.1875,0.5,0.1,16,1,0,1,1,0,1,0,0
C=C(CC(C)=O)C1=C(CC(=O)O)C(O)=NO1,3/000000137,"InChI=1S/C10H11NO5/c1-5(3-6(2)12)9-7(4-8(13)14)10(15)11-16-9/h1,3-4H2,2H3,(H,11,15)(H,13,14)",C10H11NO5,225.063722452,0.9995999999999998,4.69,2.09,4.83,-60.0,3.3654144094142655,1,DRUGLIKE_CONCAT,HsDHODH_Druglike,5,2,100.63000000000001,5,10,5,1,0.625,0.3125,0.0625,0.3,0.0,16,1,0,1,1,0,1,0,0
N[C@@H](/C=C/CC(=O)OCC(=O)O)C1=CCC=C1,1/000000024,"InChI=1S/C12H15NO4/c13-10(9-4-1-2-5-9)6-3-7-12(16)17-8-11(14)15/h1,3-6,10H,2,7-8,13H2,(H,14,15)/b6-3+/t10-/m0/s1",C12H15NO4,237.10010796,0.7740999999999998,4.68,7.16,2.22,-150.0,3.9031876560332375,1,DRUGLIKE_CONCAT,HsDHODH_Druglike,4,2,89.62000000000002,6,12,4,1,0.7058823529411765,0.23529411764705882,0.058823529411764705,0.3333333333333333,0.08333333333333333,17,1,1,0,0,0,0,0,0
NC(=O)NCC1=CC(C2=CC=C(C(=O)C3=NC(=O)ON3)N2)=CC=C1,23/000000124,"InChI=1S/C15H13N5O4/c16-14(22)17-7-8-2-1-3-9(6-8)10-4-5-11(18-10)12(21)13-19-15(23)24-20-13/h1-6,18H,7H2,(H3,16,17,22)(H,19,20,23)",C15H13N5O4,327.09675389600005,0.7572999999999993,4.68,7.5,5.09,-120.0,2.89551945557373,1,DRUGLIKE_CONCAT,HsDHODH_Druglike,5,4,146.87,5,15,4,5,0.625,0.16666666666666666,0.20833333333333334,0.06666666666666667,0.0,24,3,0,3,2,0,2,0,0
C=CC1=NC=C(CCC2=CC(O)=CC(C3=NNN=C3)=C2)C=N1,28/000000433,"InChI=1S/C16H15N5O/c1-2-16-17-8-12(9-18-16)4-3-11-5-13(7-14(22)6-11)15-10-19-21-20-15/h2,5-10,22H,1,3-4H2,(H,19,20,21)",C16H15N5O,293.12766010000007,2.3955,4.68,3.65,20.0,-120.0,3.0638360975713717,1,DRUGLIKE_CONCAT,HsDHODH_Druglike,5,2,87.58,5,16,1,5,0.7272727272727273,0.045454545454545456,0.22727272727272727,0.125,0.0,22,3,0,3,2,0,2,0,0
CC(=O)CC1=CC(C2=CC=C(C(=O)C3=NC(=O)ON3)N2)=CC=C1O,23/000000489,"InChI=1S/C16H13N3O5/c1-8(20)6-10-7-9(2-5-13(10)21)11-3-4-12(17-11)14(22)15-18-16(23)24-19-15/h2-5,7,17,21H,6H2,1H3,(H,18,19,23)",C16H13N3O5,327.08552051600003,1.4260999999999997,4.68,7.17,5.09,-140.0,3.08782706346189,1,DRUGLIKE_CONCAT,HsDHODH_Druglike,6,3,129.04999999999998,5,16,5,3,0.6666666666666666,0.20833333333333334,0.125,0.125,0.0,24,3,0,3,2,0,2,0,0
O=C(C1=CC=C(C2=CC=C(O)C(CCl)=C2)N1)C1=NC(=O)ON1,23/000000323,"InChI=1S/C14H10ClN3O4/c15-6-8-5-7(1-4-11(8)19)9-2-3-10(16-9)12(20)13-17-14(21)22-18-13/h1-5,16,19H,6H2,(H,17,18,21)",C14H10N3O4Cl,319.03598347999997,2.0334,4.68,5.45,3.58,-120.0,3.1278107020999073,1,DRUGLIKE_CONCAT,HsDHODH_Druglike,5,3,111.97999999999999,4,14,4,3,0.6363636363636364,0.18181818181818182,0.13636363636363635,0.07142857142857142,0.0,22,3,0,3,2,0,2,0,0
CCC1=NC=C(/C=C/[C@@H]2C=C(CN)C=C(CO)N2)C=C1Br,13/000000115,"InChI=1S/C16H20BrN3O/c1-2-16-15(17)7-11(9-19-16)3-4-13-5-12(8-18)6-14(10-21)20-13/h3-7,9,13,20-21H,2,8,10,18H2,1H3/p+1/b4-3+/t13-/m1/s1",C16H21N3OBr,349.07897435999996,2.152799999999999,4.68,7.31,2.47,-170.0,4.701665596175517,1,DRUGLIKE_CONCAT,HsDHODH_Druglike,4,3,71.17,5,16,1,3,0.7619047619047619,0.047619047619047616,0.14285714285714285,0.3125,0.0625,21,2,1,1,2,1,1,0,0
C=C(CC1=CC(O)=CC(C2=NNN=C2)=C1)C1=NC(Br)=C(OC)C=C1,28/000000189,"InChI=1S/C17H15BrN4O2/c1-10(14-3-4-16(24-2)17(18)20-14)5-11-6-12(8-13(23)7-11)15-9-19-22-21-15/h3-4,6-9,23H,1,5H2,2H3,(H,19,21,22)",C17H15N4O2Br,386.03783782,3.599300000000002,4.68,5.85,22.3,-140.0,3.1869545234470333,1,DRUGLIKE_CONCAT,HsDHODH_Druglike,5,2,83.92,5,17,2,4,0.7083333333333334,0.08333333333333333,0.16666666666666666,0.11764705882352941,0.0,24,3,0,3,2,0,2,0,0
O=C(C1=CC=C(C2=CC=C(O)C(C(=O)O)=C2)N1)C1=NC(=O)ON1,23/000000354,"InChI=1S/C14H9N3O6/c18-10-4-1-6(5-7(10)13(20)21)8-2-3-9(15-8)11(19)12-16-14(22)23-17-12/h1-5,15,18H,(H,20,21)(H,16,17,22)",C14H9N3O6,315.049135008,0.9927999999999997,4.67,5.97,3.58,-120.0,2.945166215281525,1,DRUGLIKE_CONCAT,HsDHODH_Druglike,6,4,149.28,4,14,6,3,0.6086956521739131,0.2608695652173913,0.13043478260869565,0.0,0.0,23,3,0,3,2,0,2,0,0
COCCC1=CC(C2=CC=C(C(=O)C3=NC(=O)ON3)N2)=CC=C1C,23/000000437,"InChI=1S/C17H17N3O4/c1-10-3-4-12(9-11(10)7-8-23-2)13-5-6-14(18-13)15(21)16-19-17(22)24-20-16/h3-6,9,18H,7-8H2,1-2H3,(H,19,20,22)",C17H17N3O4,327.12190602400005,2.0863199999999997,4.67,6.58,5.09,-200.0,2.971805654668751,1,DRUGLIKE_CONCAT,HsDHODH_Druglike,5,2,100.97999999999999,6,17,4,3,0.7083333333333334,0.16666666666666666,0.125,0.23529411764705882,0.0,24,3,0,3,2,0,2,0,0
C#C[C@@H](C(=O)O)C1=NC(N)=C2C=NNC2=N1,21/000000005,"InChI=1S/C9H7N5O2/c1-2-4(9(15)16)7-12-6(10)5-3-11-14-8(5)13-7/h1,3-4H,(H,15,16)(H3,10,11,12,13,14)/t4-/m1/s1",C9H7N5O2,217.059974464,-0.26350000000000023,4.67,3.57,19.0,-190.0,3.899805392421536,1,DRUGLIKE_CONCAT,HsDHODH_Druglike,5,3,117.77999999999999,2,9,2,5,0.5625,0.125,0.3125,0.1111111111111111,0.1111111111111111,16,2,0,2,2,0,2,0,0
CO[C@H](/C=C/C(=O)C1=NN=C(COC2=CC(CO)=NC(Cl)=C2)N1)CN,23/000000096,"InChI=1S/C15H18ClN5O4/c1-24-10(6-17)2-3-12(23)15-19-14(20-21-15)8-25-11-4-9(7-22)18-13(16)5-11/h2-5,10,22H,6-8,17H2,1H3,(H,19,20,21)/p+1/b3-2+/t10-/m1/s1",C15H19N5O4Cl,367.1047317360001,0.637,4.67,4.22,3.58,-190.0,4.3362899114916065,1,DRUGLIKE_CONCAT,HsDHODH_Druglike,8,3,136.24,9,15,4,5,0.6,0.16,0.2,0.3333333333333333,0.06666666666666667,25,2,0,2,2,0,2,0,0
NCCC1=NC=C(/C=C/[C@H]2NC(=O)C=C2CF)C=C1Br,13/000000120,"InChI=1S/C14H15BrFN3O/c15-11-5-9(8-18-13(11)3-4-17)1-2-12-10(7-16)6-14(20)19-12/h1-2,5-6,8,12H,3-4,7,17H2,(H,19,20)/p+1/b2-1+/t12-/m1/s1",C14H16N3OFBr,339.03825242,1.7527999999999995,4.67,6.6,3.85,-150.0,4.696861174003104,1,DRUGLIKE_CONCAT,HsDHODH_Druglike,3,2,68.00999999999999,5,14,1,3,0.7,0.05,0.15,0.2857142857142857,0.07142857142857142,20,2,1,1,2,1,1,0,0
NCC1=C(/C=C/C2=CN=C(C3=CC(O)=CC=C3F)N2)C(O)=CC=C1,22/000000033,"InChI=1S/C18H16FN3O2/c19-16-7-5-13(23)8-15(16)18-21-10-12(22-18)4-6-14-11(9-20)2-1-3-17(14)24/h1-8,10,23-24H,9,20H2,(H,21,22)/b6-4+",C18H16N3O2F,325.12265497199996,3.256100000000001,4.66,2.64,21.2,-160.0,2.9280518085149048,1,DRUGLIKE_CONCAT,HsDHODH_Druglike,4,4,95.16000000000001,4,18,2,3,0.75,0.08333333333333333,0.125,0.05555555555555555,0.0,24,3,0,3,1,0,1,0,0
CCOC/C=C/[C@H](O)C1=NC(O)=NC=C1C(=O)O,29/000000039,"InChI=1S/C11H14N2O5/c1-2-18-5-3-4-8(14)9-7(10(15)16)6-12-11(17)13-9/h3-4,6,8,14H,2,5H2,1H3,(H,15,16)(H,12,13,17)/b4-3+/t8-/m0/s1",C11H14N2O5,254.090271548,0.5065,4.66,4.09,5.24,-170.0,3.807213002405778,1,DRUGLIKE_CONCAT,HsDHODH_Druglike,6,3,112.77,6,11,5,2,0.6111111111111112,0.2777777777777778,0.1111111111111111,0.36363636363636365,0.09090909090909091,18,1,0,1,1,0,1,0,0
CC/C=C/[C@H](O)C1=NC(O)=NC=C1C(=O)O,29/000000065,"InChI=1S/C10H12N2O4/c1-2-3-4-7(13)8-6(9(14)15)5-11-10(16)12-8/h3-5,7,13H,2H2,1H3,(H,14,15)(H,11,12,16)/b4-3+/t7-/m0/s1",C10H12N2O4,224.079706864,0.8799999999999999,4.66,5.86,3.72,-170.0,3.80935780744837,1,DRUGLIKE_CONCAT,HsDHODH_Druglike,5,3,103.54,4,10,4,2,0.625,0.25,0.125,0.3,0.1,16,1,0,1,1,0,1,0,0
C[C@@H](O)C(=O)C1=CCC(/C=C/C2=CC=CC=C2F)=C(CO)O1,23/000000291,"InChI=1S/C17H17FO4/c1-11(20)17(21)15-9-8-13(16(10-19)22-15)7-6-12-4-2-3-5-14(12)18/h2-7,9,11,19-20H,8,10H2,1H3/b7-6+/t11-/m1/s1",C17H17O4F,304.111087244,2.339400000000001,4.65,5.9,5.09,-170.0,3.715194145634488,1,DRUGLIKE_CONCAT,HsDHODH_Druglike,4,2,66.76,5,17,4,0,0.7727272727272727,0.18181818181818182,0.0,0.23529411764705882,0.058823529411764705,22,2,1,1,1,1,0,0,0
NCCCC1=NC(C[C@@H](CCl)C2=CCC(CN)=CO2)=CC=C1O,12/000000019,"InChI=1S/C17H24ClN3O2/c18-9-13(17-6-3-12(10-20)11-23-17)8-14-4-5-16(22)15(21-14)2-1-7-19/h4-6,11,13,22H,1-3,7-10,19-20H2/t13-/m0/s1",C17H24N3O2Cl,337.15570468799996,2.2228000000000008,4.65,8.19,7.96,-150.0,4.175385329100292,1,DRUGLIKE_CONCAT,HsDHODH_Druglike,5,3,94.39,8,17,2,3,0.7391304347826086,0.08695652173913043,0.13043478260869565,0.47058823529411764,0.058823529411764705,23,2,1,1,2,1,1,0,0
O=C(C1=CC=C(C2=CC=C(CF)C=C2)N1)C1=NC(=O)ON1,23/000000197,"InChI=1S/C14H10FN3O3/c15-7-8-1-3-9(4-2-8)10-5-6-11(16-10)12(19)13-17-14(20)21-18-13/h1-6,16H,7H2,(H,17,18,20)",C14H10N3O3F,287.0706194,2.0584999999999996,4.64,5.33,3.58,-120.0,2.981877466586015,1,DRUGLIKE_CONCAT,HsDHODH_Druglike,4,2,91.75,4,14,3,3,0.6666666666666666,0.14285714285714285,0.14285714285714285,0.07142857142857142,0.0,21,3,0,3,2,0,2,0,0
CCOC1=CC(C2=CC=C(C(=O)C3=NC(=O)ON3)N2)=CC=C1OC,23/000000234,"InChI=1S/C16H15N3O5/c1-3-23-13-8-9(4-7-12(13)22-2)10-5-6-11(17-10)14(20)15-18-16(21)24-19-15/h4-8,17H,3H2,1-2H3,(H,18,19,21)",C16H15N3O5,329.10117058000003,1.9962999999999995,4.64,6.12,3.58,-200.0,2.781987102632552,1,DRUGLIKE_CONCAT,HsDHODH_Druglike,6,2,110.21,6,16,5,3,0.6666666666666666,0.20833333333333334,0.125,0.1875,0.0,24,3,0,3,2,0,2,0,0
O=C(C1=CC=C(C2=CC(OCCCO)=CC=C2)N1)C1=NC(=O)ON1,23/000000261,"InChI=1S/C16H15N3O5/c20-7-2-8-23-11-4-1-3-10(9-11)12-5-6-13(17-12)14(21)15-18-16(22)24-19-15/h1,3-6,9,17,20H,2,7-8H2,(H,18,19,22)",C16H15N3O5,329.10117058000003,1.3502,4.64,6.27,5.09,-120.0,2.8531752789064058,1,DRUGLIKE_CONCAT,HsDHODH_Druglike,6,3,121.21000000000001,7,16,5,3,0.6666666666666666,0.20833333333333334,0.125,0.1875,0.0,24,3,0,3,2,0,2,0,0
CC(C)=CC1=C(C2=C(CO)C=NN2CCO)NN=N1,23/000000220,"InChI=1S/C12H17N5O2/c1-8(2)5-10-11(15-16-14-10)12-9(7-19)6-13-17(12)3-4-18/h5-6,18-19H,3-4,7H2,1-2H3,(H,14,15,16)",C12H17N5O2,263.138224784,0.5759999999999997,4.64,4.16,23.8,-160.0,3.5408239798089873,1,DRUGLIKE_CONCAT,HsDHODH_Druglike,6,3,99.85,5,12,2,5,0.631578947368421,0.10526315789473684,0.2631578947368421,0.4166666666666667,0.0,19,2,0,2,2,0,2,0,0
CNC/C=C/C1=CC(C2=NNN=C2)=CC(O)=C1,28/000000371,"InChI=1S/C12H14N4O/c1-13-4-2-3-9-5-10(7-11(17)6-9)12-8-14-16-15-12/h2-3,5-8,13,17H,4H2,1H3,(H,14,15,16)/p+1/b3-2+",C12H15N4O,230.116761068,1.4099,4.64,2.46,17.4,-140.0,3.749820741966145,1,DRUGLIKE_CONCAT,HsDHODH_Druglike,4,3,73.83,4,12,1,4,0.7058823529411765,0.058823529411764705,0.23529411764705882,0.16666666666666666,0.0,17,2,0,2,1,0,1,0,0
CN(C(N)=O)C1=CC(C2=CC=C(C(=O)C3=NC(=O)ON3)N2)=CC=C1,23/000000216,"InChI=1S/C15H13N5O4/c1-20(14(16)22)9-4-2-3-8(7-9)10-5-6-11(17-10)12(21)13-18-15(23)24-19-13/h2-7,17H,1H3,(H2,16,22)(H,18,19,23)",C15H13N5O4,327.09675389600005,1.1038999999999997,4.64,7.38,5.09,-140.0,3.0776904388924304,1,DRUGLIKE_CONCAT,HsDHODH_Druglike,5,3,138.07999999999998,4,15,4,5,0.625,0.16666666666666666,0.20833333333333334,0.06666666666666667,0.0,24,3,0,3,2,0,2,0,0
NCCCCCC1=CC=C(C2=CC=C(C(=O)C3=NC(=O)ON3)N2)C=C1,23/000000402,"InChI=1S/C18H20N4O3/c19-11-3-1-2-4-12-5-7-13(8-6-12)14-9-10-15(20-14)16(23)17-21-18(24)25-22-17/h5-10,20H,1-4,11,19H2,(H,21,22,24)",C18H20N4O3,340.1535405,2.2605000000000004,4.64,5.17,4.94,-180.0,2.7997416207920267,1,DRUGLIKE_CONCAT,HsDHODH_Druglike,5,3,117.77000000000001,8,18,3,4,0.72,0.12,0.16,0.2777777777777778,0.0,25,3,0,3,2,0,2,0,0
CC(=O)C1=CC(C2=NC=CN2CCl)=CC=C1CC1=CC(C(=O)O)=CN1,6/000000016,"InChI=1S/C18H16ClN3O3/c1-11(23)16-8-13(17-20-4-5-22(17)10-19)3-2-12(16)6-15-7-14(9-21-15)18(24)25/h2-5,7-9,21H,6,10H2,1H3,(H,24,25)",C18H16N3O3Cl,357.088019052,3.5661000000000014,4.64,3.52,3.7,-200.0,2.9577846427700507,1,DRUGLIKE_CONCAT,HsDHODH_Druglike,4,2,87.97999999999999,6,18,3,3,0.72,0.12,0.12,0.16666666666666666,0.0,25,3,0,3,2,0,2,0,0
NCNCC1=CC(C2=CC=C(C(=O)C3=NC(=O)ON3)N2)=CC=C1CF,23/000000439,"InChI=1S/C16H16FN5O3/c17-6-10-2-1-9(5-11(10)7-19-8-18)12-3-4-13(20-12)14(23)15-21-16(24)25-22-15/h1-5,19-20H,6-8,18H2,(H,21,22,24)",C16H16N5O3F,345.123717592,1.0642999999999994,4.63,4.56,6.45,-120.0,3.432447985905786,1,DRUGLIKE_CONCAT,HsDHODH_Druglike,6,4,129.79999999999998,7,16,3,5,0.64,0.12,0.2,0.1875,0.0,25,3,0,3,2,0,2,0,0
CC/C=C/C1=CN=C(C2=C(C(N)=O)C(CO)=NN2)C=C1Br,7/000000057,"InChI=1S/C14H15BrN4O2/c1-2-3-4-8-6-17-10(5-9(8)15)13-12(14(16)21)11(7-20)18-19-13/h3-6,20H,2,7H2,1H3,(H2,16,21)(H,18,19)/b4-3+",C14H15N4O2Br,350.03783782,2.2485999999999997,4.63,9.4,21.7,-140.0,3.290351312739862,1,DRUGLIKE_CONCAT,HsDHODH_Druglike,4,3,104.88999999999999,5,14,2,4,0.6666666666666666,0.09523809523809523,0.19047619047619047,0.21428571428571427,0.0,21,2,0,2,2,0,2,0,0
O=C(O)C1=C(CO)C(=O)C=C[C@@H]1NCCC1=NC(Cl)=CC(Br)=C1,17/000000029,"InChI=1S/C15H14BrClN2O4/c16-8-5-9(19-13(17)6-8)3-4-18-11-1-2-12(21)10(7-20)14(11)15(22)23/h1-2,5-6,11,18,20H,3-4,7H2,(H,22,23)/p+1/t11-/m0/s1",C15H15N2O4ClBr,399.98254670800003,1.5106000000000002,4.63,5.8,23.0,-150.0,4.4258692175195655,1,DRUGLIKE_CONCAT,HsDHODH_Druglike,5,3,99.52,6,15,4,2,0.6521739130434783,0.17391304347826086,0.08695652173913043,0.26666666666666666,0.06666666666666667,23,2,1,1,1,0,1,0,0
C[C@H](/C=C/C(=O)C1=NN=C(COC2=CC=NC(Cl)=C2CCO)N1)CBr,23/000000091,"InChI=1S/C16H18BrClN4O3/c1-10(8-17)2-3-12(24)16-20-14(21-22-16)9-25-13-4-6-19-15(18)11(13)5-7-23/h2-4,6,10,23H,5,7-9H2,1H3,(H,20,21,22)/b3-2+/t10-/m1/s1",C16H18N4O3ClBr,428.02508021600005,2.7368000000000006,4.63,5.22,4.94,-170.0,3.969260021381716,1,DRUGLIKE_CONCAT,HsDHODH_Druglike,6,2,100.99000000000001,9,16,3,4,0.64,0.12,0.16,0.375,0.0625,25,2,0,2,2,0,2,0,0
O=C(O)C1=CN=C(O)N=C1[C@@H](O)/C=C/C1=CCCO1,29/000000219,"InChI=1S/C12H12N2O5/c15-9(4-3-7-2-1-5-19-7)10-8(11(16)17)6-13-12(18)14-10/h2-4,6,9,15H,1,5H2,(H,16,17)(H,13,14,18)/b4-3+/t9-/m0/s1",C12H12N2O5,264.07462148400003,0.7742,4.63,5.4,5.24,-150.0,4.139972914298738,1,DRUGLIKE_CONCAT,HsDHODH_Druglike,6,3,112.77000000000001,4,12,5,2,0.631578947368421,0.2631578947368421,0.10526315789473684,0.25,0.08333333333333333,19,2,1,1,2,1,1,0,0
O=C(C1=CCCN1)C1=CC(COC2=CC(O)=CC=C2)=CC(=O)N1,7/000000035,"InChI=1S/C17H16N2O4/c20-12-3-1-4-13(9-12)23-10-11-7-15(19-16(21)8-11)17(22)14-5-2-6-18-14/h1,3-5,7-9,18,20H,2,6,10H2,(H,19,21)",C17H16N2O4,312.111006992,1.7193999999999998,4.63,1.3,3.58,-20.0,2.9885320806661433,1,DRUGLIKE_CONCAT,HsDHODH_Druglike,5,3,91.41999999999999,5,17,4,2,0.7391304347826086,0.17391304347826086,0.08695652173913043,0.17647058823529413,0.0,23,3,1,2,2,1,1,0,0
C#CCNCC1=CC(C2=CC=C(C(=O)C3=NC(=O)ON3)N2)=CC=C1F,23/000000145,"InChI=1S/C17H13FN4O3/c1-2-7-19-9-11-8-10(3-4-12(11)18)13-5-6-14(20-13)15(23)16-21-17(24)25-22-16/h1,3-6,8,19-20H,7,9H2,(H,21,22,24)",C17H13N4O3F,340.09716849600005,1.4508999999999996,4.63,5.44,4.94,-120.0,3.2155099577367725,1,DRUGLIKE_CONCAT,HsDHODH_Druglike,5,3,103.78,6,17,3,4,0.68,0.12,0.16,0.11764705882352941,0.0,25,3,0,3,2,0,2,0,0
NCC1=NC=C(CCC2=CC(O)=CC(C3=NNN=C3)=C2)C=N1,28/000000446,"InChI=1S/C15H16N6O/c16-6-15-17-7-11(8-18-15)2-1-10-3-12(5-13(22)4-10)14-9-19-21-20-14/h3-5,7-9,22H,1-2,6,16H2,(H,19,20,21)/p+1",C15H17N6O,296.138559132,1.2111999999999998,4.63,3.06,19.8,-120.0,3.285924078340603,1,DRUGLIKE_CONCAT,HsDHODH_Druglike,6,3,113.6,5,15,1,6,0.6818181818181818,0.045454545454545456,0.2727272727272727,0.2,0.0,22,3,0,3,2,0,2,0,0
NCCOC(=O)CC(=O)CNC/C=C/C1=CC(F)=CC=C1F,16/000000078,"InChI=1S/C15H18F2N2O3/c16-12-3-4-14(17)11(8-12)2-1-6-19-10-13(20)9-15(21)22-7-5-18/h1-4,8,19H,5-7,9-10,18H2/b2-1+",C15H18N2O3F2,312.128548876,1.0287,4.62,4.79,5.09,-60.0,2.769226509771876,1,DRUGLIKE_CONCAT,HsDHODH_Druglike,5,2,81.42,9,15,3,2,0.6818181818181818,0.13636363636363635,0.09090909090909091,0.3333333333333333,0.0,22,1,0,1,0,0,0,0,0
CC1=CC(=O)N[C@@H]1/C=C/C1=CN=C(CO)C(Br)=C1,13/000000150,"InChI=1S/C13H13BrN2O2/c1-8-4-13(18)16-11(8)3-2-9-5-10(14)12(7-17)15-6-9/h2-6,11,17H,7H2,1H3,(H,16,18)/b3-2+/t11-/m1/s1",C13H13N2O2Br,308.01603975600005,1.7943,4.62,5.34,2.35,-170.0,3.944814496911272,1,DRUGLIKE_CONCAT,HsDHODH_Druglike,3,2,62.22,3,13,2,2,0.7222222222222222,0.1111111111111111,0.1111111111111111,0.23076923076923078,0.07692307692307693,18,2,1,1,2,1,1,0,0
O=C(CNC/C=C(\C(=O)O)C1=CC(F)=CC=C1F)CC1=CC=NO1,16/000000049,"InChI=1S/C16H14F2N2O4/c17-10-1-2-15(18)14(7-10)13(16(22)23)4-5-19-9-11(21)8-12-3-6-20-24-12/h1-4,6-7,19H,5,8-9H2,(H,22,23)/b13-4-",C16H14N2O4F2,336.092163368,1.8222000000000005,4.62,7.06,4.94,0.0,3.143395605367745,1,DRUGLIKE_CONCAT,HsDHODH_Druglike,5,2,92.43,8,16,4,2,0.6666666666666666,0.16666666666666666,0.08333333333333333,0.1875,0.0,24,2,0,2,1,0,1,0,0
OC1=CC(C2=NNN=C2)=CC(CC/C=C/C2=COCCO2)=C1,28/000000184,"InChI=1S/C16H17N3O3/c20-14-8-12(7-13(9-14)16-10-17-19-18-16)3-1-2-4-15-11-21-5-6-22-15/h2,4,7-11,20H,1,3,5-6H2,(H,17,18,19)/b4-2+",C16H17N3O3,299.126991404,2.5543000000000005,4.62,2.04,22.2,-120.0,3.325680280263679,1,DRUGLIKE_CONCAT,HsDHODH_Druglike,5,2,80.26,5,16,3,3,0.7272727272727273,0.13636363636363635,0.13636363636363635,0.25,0.0,22,3,1,2,2,1,1,0,0
NC(=O)NC1=CC(C2=CC=C(C(=O)C3=NC(=O)ON3)N2)=CC=C1,23/000000035,"InChI=1S/C14H11N5O4/c15-13(21)16-8-3-1-2-7(6-8)9-4-5-10(17-9)11(20)12-18-14(22)23-19-12/h1-6,17H,(H3,15,16,21)(H,18,19,22)",C14H11N5O4,313.08110383200005,1.0796,4.62,6.29,5.09,-120.0,2.8794801280034203,1,DRUGLIKE_CONCAT,HsDHODH_Druglike,5,4,146.87,4,14,4,5,0.6086956521739131,0.17391304347826086,0.21739130434782608,0.0,0.0,23,3,0,3,2,0,2,0,0
C[C@H](/C=C/C(=O)C1=NN=C(COC2=CC=NC(Cl)=C2CCO)N1)CO,23/000000089,"InChI=1S/C16H19ClN4O4/c1-10(8-23)2-3-12(24)16-19-14(20-21-16)9-25-13-4-6-18-15(17)11(13)5-7-22/h2-4,6,10,22-23H,5,7-9H2,1H3,(H,19,20,21)/b3-2+/t10-/m1/s1",C16H19N4O4Cl,366.109482768,1.3341999999999998,4.62,5.5,4.94,-170.0,3.8528178235795183,1,DRUGLIKE_CONCAT,HsDHODH_Druglike,7,3,121.22000000000001,9,16,4,4,0.64,0.16,0.16,0.375,0.0625,25,2,0,2,2,0,2,0,0
C#CC1=CC=C(C2=CC=C(C(=O)C3=NC(=O)ON3)N2)C=C1,23/000000324,"InChI=1S/C15H9N3O3/c1-2-9-3-5-10(6-4-9)11-7-8-12(16-11)13(19)14-17-15(20)21-18-14/h1,3-8,16H,(H,17,18,20)",C15H9N3O3,279.064391148,1.5702999999999996,4.61,5.55,3.58,-120.0,3.0619866973552465,1,DRUGLIKE_CONCAT,HsDHODH_Druglike,4,2,91.75,3,15,3,3,0.7142857142857143,0.14285714285714285,0.14285714285714285,0.0,0.0,21,3,0,3,2,0,2,0,0
OCC1=CC=C(CCC2=CC=CC([C@@](O)(CO)CF)=C2)C=C1Cl,21/000000196,"InChI=1S/C18H20ClFO3/c19-17-9-14(6-7-15(17)10-21)5-4-13-2-1-3-16(8-13)18(23,11-20)12-22/h1-3,6-9,21-23H,4-5,10-12H2/t18-/m0/s1",C18H20O3FCl,338.10850039999997,2.7669000000000015,4.61,2.43,2.61,-170.0,3.0163921227393464,1,DRUGLIKE_CONCAT,HsDHODH_Druglike,3,3,60.69,7,18,3,0,0.782608695652174,0.13043478260869565,0.0,0.3333333333333333,0.05555555555555555,23,2,0,2,0,0,0,0,0
O=C(O)C1=CC2=C(C=CC(C#CCCCO)=C2)C1,26/000000142,"InChI=1S/C15H14O3/c16-7-3-1-2-4-11-5-6-12-9-14(15(17)18)10-13(12)8-11/h5-6,8,10,16H,1,3,7,9H2,(H,17,18)",C15H14O3,242.094294308,1.8347,4.61,6.67,16.6,-40.0,2.8440027563086563,1,DRUGLIKE_CONCAT,HsDHODH_Druglike,2,2,57.53,3,15,3,0,0.8333333333333334,0.16666666666666666,0.0,0.26666666666666666,0.0,18,2,1,1,0,0,0,0,0
NC1=C(C#CC2=CC(F)=CC=C2C(=O)O)C=C(C2=COCC=C2)N=C1,18/000000002,"InChI=1S/C19H13FN2O3/c20-15-5-6-16(19(23)24)12(8-15)3-4-13-9-18(22-10-17(13)21)14-2-1-7-25-11-14/h1-2,5-6,8-11H,7,21H2,(H,23,24)",C19H13N2O3F,336.09102049600006,2.8282000000000016,4.61,6.09,24.5,-174.0,3.3266965232839016,1,DRUGLIKE_CONCAT,HsDHODH_Druglike,4,2,85.44000000000001,2,19,3,2,0.76,0.12,0.08,0.05263157894736842,0.0,25,3,1,2,2,1,1,0,0
NCC1=C(C2=NN=C(CO)O2)N=C(C/C=C/C(=O)O)C=C1,21/000000201,"InChI=1S/C13H14N4O4/c14-6-8-4-5-9(2-1-3-11(19)20)15-12(8)13-17-16-10(7-18)21-13/h1,3-5,18H,2,6-7,14H2,(H,19,20)/b3-1+",C13H14N4O4,290.101504928,0.2658999999999993,4.61,5.98,22.4,-120.0,3.08523579774638,1,DRUGLIKE_CONCAT,HsDHODH_Druglike,7,3,135.35999999999999,6,13,4,4,0.6190476190476191,0.19047619047619047,0.19047619047619047,0.23076923076923078,0.0,21,2,0,2,2,0,2,0,0
NC(=O)C1=CC=C(C2=CC=C(C(=O)C3=NC(=O)ON3)N2)C=C1,23/000000317,"InChI=1S/C14H10N4O4/c15-12(20)8-3-1-7(2-4-8)9-5-6-10(16-9)11(19)13-17-14(21)22-18-13/h1-6,16H,(H2,15,20)(H,17,18,21)",C14H10N4O4,298.0702048,0.6879,4.61,6.06,3.58,-120.0,2.800746682248791,1,DRUGLIKE_CONCAT,HsDHODH_Druglike,5,3,134.84,4,14,4,4,0.6363636363636364,0.18181818181818182,0.18181818181818182,0.0,0.0,22,3,0,3,2,0,2,0,0
OCCCCC1=CC(O)=CC(C2=NNN=C2)=C1,28/000000231,"InChI=1S/C12H15N3O2/c16-4-2-1-3-9-5-10(7-11(17)6-9)12-8-13-15-14-12/h5-8,16-17H,1-4H2,(H,13,14,15)",C12H15N3O2,233.11642672,1.4922999999999997,4.61,1.7,16.2,-120.0,2.571476314964576,1,DRUGLIKE_CONCAT,HsDHODH_Druglike,4,3,82.03,5,12,2,3,0.7058823529411765,0.11764705882352941,0.17647058823529413,0.3333333333333333,0.0,17,2,0,2,1,0,1,0,0
CCOC1=CC(C2=CC=C(C(=O)C3=NC(=O)ON3)N2)=CC=C1CCO,23/000000169,"InChI=1S/C17H17N3O5/c1-2-24-14-9-11(4-3-10(14)7-8-21)12-5-6-13(18-12)15(22)16-19-17(23)25-20-16/h3-6,9,18,21H,2,7-8H2,1H3,(H,19,20,23)",C17H17N3O5,343.11682064400003,1.5224999999999995,4.61,5.46,6.45,-140.0,2.967566295764941,1,DRUGLIKE_CONCAT,HsDHODH_Druglike,6,3,121.21,7,17,5,3,0.68,0.2,0.12,0.23529411764705882,0.0,25,3,0,3,2,0,2,0,0
O=C(O)C1=CN=C(O)N=C1C/C=C/C1=NN=CCN1,29/000000186,"InChI=1S/C11H11N5O3/c17-10(18)7-6-13-11(19)15-8(7)2-1-3-9-12-4-5-14-16-9/h1,3,5-6H,2,4H2,(H,12,16)(H,17,18)(H,13,15,19)/b3-1+",C11H11N5O3,261.086189212,-0.03340000000000004,4.61,6.39,3.85,0.0,4.063479712755286,1,DRUGLIKE_CONCAT,HsDHODH_Druglike,7,3,120.06,4,11,3,5,0.5789473684210527,0.15789473684210525,0.2631578947368421,0.18181818181818182,0.0,19,2,1,1,2,1,1,0,0
CC1=CC=C(C2=CC=C(C(=O)C3=NC(=O)ON3)N2)C=C1,23/000000054,"InChI=1S/C14H11N3O3/c1-8-2-4-9(5-3-8)10-6-7-11(15-10)12(18)13-16-14(19)20-17-13/h2-7,15H,1H3,(H,16,17,19)",C14H11N3O3,269.080041212,1.8974199999999999,4.61,6.18,3.58,-140.0,2.765476119278077,1,DRUGLIKE_CONCAT,HsDHODH_Druglike,4,2,91.75,3,14,3,3,0.7,0.15,0.15,0.07142857142857142,0.0,20,3,0,3,2,0,2,0,0
O=C(O)[C@H](CC1=COC=CC1)NC/C=C/C1=CC(F)=CC=C1F,1/000000007,"InChI=1S/C17H17F2NO3/c18-14-5-6-15(19)13(10-14)4-1-7-20-16(17(21)22)9-12-3-2-8-23-11-12/h1-2,4-6,8,10-11,16,20H,3,7,9H2,(H,21,22)/b4-1+/t16-/m0/s1",C17H17NO3F2,321.117649844,3.2288000000000014,4.61,3.36,5.09,-150.0,3.683542252177217,1,DRUGLIKE_CONCAT,HsDHODH_Druglike,3,2,58.56,7,17,3,1,0.7391304347826086,0.13043478260869565,0.043478260869565216,0.23529411764705882,0.058823529411764705,23,2,1,1,1,1,0,0,0
NCC(=O)C1=CC=C(C2=CC=C(C(=O)C3=NC(=O)ON3)N2)C=C1,23/000000425,"InChI=1S/C15H12N4O4/c16-7-12(20)9-3-1-8(2-4-9)10-5-6-11(17-10)13(21)14-18-15(22)23-19-14/h1-6,17H,7,16H2,(H,18,19,22)",C15H12N4O4,312.08585486400005,0.7303999999999996,4.61,6.27,5.09,-120.0,2.9292879386543067,1,DRUGLIKE_CONCAT,HsDHODH_Druglike,6,3,134.84,5,15,4,4,0.6521739130434783,0.17391304347826086,0.17391304347826086,0.06666666666666667,0.0,23,3,0,3,2,0,2,0,0
C=CC1=C2CNNCC2=CC=C1CCCC(=O)O,15/000000032,"InChI=1S/C14H18N2O2/c1-2-12-10(4-3-5-14(17)18)6-7-11-8-15-16-9-13(11)12/h2,6-7,15-16H,1,3-5,8-9H2,(H,17,18)",C14H18N2O2,246.136827816,1.8447,4.6,6.35,14.8,-80.0,3.2247529825530004,1,DRUGLIKE_CONCAT,HsDHODH_Druglike,3,3,61.36,5,14,2,2,0.7777777777777778,0.1111111111111111,0.1111111111111111,0.35714285714285715,0.0,18,2,1,1,1,1,0,0,0
C/C=C\CCCNCCCC1=CC(O)=CC(C2=NNN=C2)=C1,28/000000459,"InChI=1S/C17H24N4O/c1-2-3-4-5-8-18-9-6-7-14-10-15(12-16(22)11-14)17-13-19-21-20-17/h2-3,10-13,18,22H,4-9H2,1H3,(H,19,20,21)/b3-2-",C17H24N4O,300.195011388,3.0558000000000014,4.6,3.89,20.4,-140.0,2.836164222571373,1,DRUGLIKE_CONCAT,HsDHODH_Druglike,4,3,73.83,9,17,1,4,0.7727272727272727,0.045454545454545456,0.18181818181818182,0.4117647058823529,0.0,22,2,0,2,1,0,1,0,0
C=CCNC(=O)C1=NC=CC(C2=NON=C2CO)=N1,4/000000032,"InChI=1S/C11H11N5O3/c1-2-4-13-11(18)10-12-5-3-7(14-10)9-8(6-17)15-19-16-9/h2-3,5,17H,1,4,6H2,(H,13,18)",C11H11N5O3,261.086189212,-0.06530000000000002,4.6,1.72,21.2,-180.0,3.061597661473235,1,DRUGLIKE_CONCAT,HsDHODH_Druglike,7,2,114.03000000000002,5,11,3,5,0.5789473684210527,0.15789473684210525,0.2631578947368421,0.18181818181818182,0.0,19,2,0,2,2,0,2,0,0
O=C(CC1=CC=CC(C2=CN=CCN2)=C1)C1=CC=C(Br)C=C1O,3/000000113,"InChI=1S/C18H15BrN2O2/c19-14-4-5-15(18(23)10-14)17(22)9-12-2-1-3-13(8-12)16-11-20-6-7-21-16/h1-6,8,10-11,21,23H,7,9H2",C18H15N2O2Br,370.03168982,3.5525000000000024,4.6,3.71,4.94,-160.0,2.88694326947733,1,DRUGLIKE_CONCAT,HsDHODH_Druglike,4,2,61.69,4,18,2,2,0.782608695652174,0.08695652173913043,0.08695652173913043,0.1111111111111111,0.0,23,3,1,2,1,1,0,0,0
C[C@H](C#CC1=CN=C(Cl)C(C(=O)CO)=N1)CCCCO,19/000000031,"InChI=1S/C14H17ClN2O3/c1-10(4-2-3-7-18)5-6-11-8-16-14(15)13(17-11)12(20)9-19/h8,10,18-19H,2-4,7,9H2,1H3/t10-/m0/s1",C14H17N2O3Cl,296.092770084,1.4552,4.6,5.5,18.7,-170.0,3.719717327849258,1,DRUGLIKE_CONCAT,HsDHODH_Druglike,5,2,83.31,6,14,3,2,0.7,0.15,0.1,0.5,0.07142857142857142,20,1,0,1,1,0,1,0,0
O=C(O)C1=CN=C(O)N=C1[C@@H](O)/C=C/C1=NN=CO1,29/000000045,"InChI=1S/C10H8N4O5/c15-6(1-2-7-14-12-4-19-7)8-5(9(16)17)3-11-10(18)13-8/h1-4,6,15H,(H,16,17)(H,11,13,18)/b2-1+/t6-/m0/s1",C10H8N4O5,264.04946935600003,0.010199999999999931,4.6,4.61,5.24,-150.0,4.146140983964921,1,DRUGLIKE_CONCAT,HsDHODH_Druglike,8,3,142.45999999999998,4,10,5,4,0.5263157894736842,0.2631578947368421,0.21052631578947367,0.1,0.1,19,2,0,2,2,0,2,0,0
O=C(C1=CC=C(C2=CC=C(CCCCO)C=C2)N1)C1=NC(=O)ON1,23/000000514,"InChI=1S/C17H17N3O4/c21-10-2-1-3-11-4-6-12(7-5-11)13-8-9-14(18-13)15(22)16-19-17(23)24-20-16/h4-9,18,21H,1-3,10H2,(H,19,20,23)",C17H17N3O4,327.121906024,1.9039999999999995,4.6,5.22,5.09,-140.0,2.79952845616393,1,DRUGLIKE_CONCAT,HsDHODH_Druglike,5,3,111.97999999999999,7,17,4,3,0.7083333333333334,0.16666666666666666,0.125,0.23529411764705882,0.0,24,3,0,3,2,0,2,0,0
NCC1=C[C@@H](/C=C/C2=CN=C(CF)C(Br)=C2)NC(CO)=C1,13/000000106,"InChI=1S/C15H17BrFN3O/c16-14-5-10(8-19-15(14)6-17)1-2-12-3-11(7-18)4-13(9-21)20-12/h1-5,8,12,20-21H,6-7,9,18H2/p+1/b2-1+/t12-/m1/s1",C15H18N3OFBr,353.053902484,2.0599,4.6,7.07,2.47,-150.0,4.87709401860055,1,DRUGLIKE_CONCAT,HsDHODH_Druglike,4,3,71.17,5,15,1,3,0.7142857142857143,0.047619047619047616,0.14285714285714285,0.26666666666666666,0.06666666666666667,21,2,1,1,2,1,1,0,0
O=C(OCCCO)C1=CCC=C(C[C@@H](O)CC2=CN=C(I)C=C2)O1,2/000000004,"InChI=1S/C17H20INO5/c18-16-6-5-12(11-19-16)9-13(21)10-14-3-1-4-15(24-14)17(22)23-8-2-7-20/h3-6,11,13,20-21H,1-2,7-10H2/t13-/m0/s1",C17H20NO5I,445.03862073999994,2.0934,4.59,-0.23,5.24,-170.0,3.868735874909377,1,DRUGLIKE_CONCAT,HsDHODH_Druglike,6,2,88.88000000000001,8,17,5,1,0.7083333333333334,0.20833333333333334,0.041666666666666664,0.4117647058823529,0.058823529411764705,24,2,1,1,2,1,1,0,0
COC1=C(O)C=C(CC(=O)CNC/C=C/C2=C(F)C=CC(F)=C2)C=C1,16/000000080,"InChI=1S/C19H19F2NO3/c1-25-19-7-4-13(10-18(19)24)9-16(23)12-22-8-2-3-14-11-15(20)5-6-17(14)21/h2-7,10-11,22,24H,8-9,12H2,1H3/b3-2+",C19H19NO3F2,347.133299908,3.0936000000000012,4.59,4.71,5.09,-40.0,2.5269674999129066,1,DRUGLIKE_CONCAT,HsDHODH_Druglike,4,2,58.56,8,19,3,1,0.76,0.12,0.04,0.21052631578947367,0.0,25,2,0,2,0,0,0,0,0
NCC[C@@H](N)C1=NC=C(C/C=C\CO)C=C1Br,13/000000021,"InChI=1S/C12H18BrN3O/c13-10-7-9(3-1-2-6-17)8-16-12(10)11(15)4-5-14/h1-2,7-8,11,17H,3-6,14-15H2/b2-1-/t11-/m1/s1",C12H18N3OBr,299.06332429599996,1.2837000000000003,4.59,4.53,13.9,-150.0,3.661905168308196,1,DRUGLIKE_CONCAT,HsDHODH_Druglike,4,3,85.16000000000001,6,12,1,3,0.7058823529411765,0.058823529411764705,0.17647058823529413,0.4166666666666667,0.08333333333333333,17,1,0,1,1,0,1,0,0
NCC1=NC=C(COC(=O)C/C=C\CC2=CN=C(C(=O)O)C(Br)=C2)N1,13/000000009,"InChI=1S/C16H17BrN4O4/c17-12-5-10(7-20-15(12)16(23)24)3-1-2-4-14(22)25-9-11-8-19-13(6-18)21-11/h1-2,5,7-8H,3-4,6,9,18H2,(H,19,21)(H,23,24)/b2-1-",C16H17N4O4Br,408.043317124,1.9563,4.59,3.37,5.08,-40.0,3.238845741671148,1,DRUGLIKE_CONCAT,HsDHODH_Druglike,6,3,131.19000000000003,8,16,4,4,0.64,0.16,0.16,0.25,0.0,25,2,0,2,2,0,2,0,0
CC1=CC=C(C2=CC=C(C(=O)C3=NC(=O)ON3)N2)C(CN)=C1,23/000000432,"InChI=1S/C15H14N4O3/c1-8-2-3-10(9(6-8)7-16)11-4-5-12(17-11)13(20)14-18-15(21)22-19-14/h2-6,17H,7,16H2,1H3,(H,18,19,21)/p+1",C15H15N4O3,298.106590308,1.35612,4.59,5.39,3.58,-140.0,3.5502590891966825,1,DRUGLIKE_CONCAT,HsDHODH_Druglike,5,3,117.77,4,15,3,4,0.6818181818181818,0.13636363636363635,0.18181818181818182,0.13333333333333333,0.0,22,3,0,3,2,0,2,0,0
C=C(CC1=CC(O)=CC(C2=NNN=C2)=C1)C1=CCCCC1,28/000000160,"InChI=1S/C17H19N3O/c1-12(14-5-3-2-4-6-14)7-13-8-15(10-16(21)9-13)17-11-18-20-19-17/h5,8-11,21H,1-4,6-7H2,(H,18,19,20)",C17H19N3O,281.152812228,3.7764000000000024,4.59,3.78,20.4,-120.0,3.1449916658293953,1,DRUGLIKE_CONCAT,HsDHODH_Druglike,3,2,61.800000000000004,4,17,1,3,0.8095238095238095,0.047619047619047616,0.14285714285714285,0.29411764705882354,0.0,21,3,1,2,1,0,1,0,0
O=C(O)C1=CN=C(O)N=C1C/C=C/[C@H]1C=CC1,29/000000158,"InChI=1S/C12H12N2O3/c15-11(16)9-7-13-12(17)14-10(9)6-2-5-8-3-1-4-8/h1-3,5,7-8H,4,6H2,(H,15,16)(H,13,14,17)/b5-2+/t8-/m0/s1",C12H12N2O3,232.084792244,1.5552,4.59,5.56,3.85,-150.0,3.951634464543876,1,DRUGLIKE_CONCAT,HsDHODH_Druglike,4,2,83.31,4,12,3,2,0.7058823529411765,0.17647058823529413,0.11764705882352941,0.25,0.08333333333333333,17,2,1,1,1,0,1,0,0
OCCCCCCCC1=CC(O)=CC(C2=NNN=C2)=C1,28/000000177,"InChI=1S/C15H21N3O2/c19-7-5-3-1-2-4-6-12-8-13(10-14(20)9-12)15-11-16-18-17-15/h8-11,19-20H,1-7H2,(H,16,17,18)",C15H21N3O2,275.163376912,2.6626000000000003,4.58,2.07,18.0,-120.0,2.5138027980439563,1,DRUGLIKE_CONCAT,HsDHODH_Druglike,4,3,82.03,8,15,2,3,0.75,0.1,0.15,0.4666666666666667,0.0,20,2,0,2,1,0,1,0,0
CCC[C@@H](/C=C/C1=CN=C(CO)C(Br)=C1)C1=NOC(=O)N1,13/000000055,"InChI=1S/C14H16BrN3O3/c1-2-3-10(13-17-14(20)21-18-13)5-4-9-6-11(15)12(8-19)16-7-9/h4-7,10,19H,2-3,8H2,1H3,(H,17,18,20)/b5-4+/t10-/m0/s1",C14H16N3O3Br,353.037503472,2.6098,4.58,10.05,3.7,-170.0,4.012915661364566,1,DRUGLIKE_CONCAT,HsDHODH_Druglike,5,2,92.00999999999999,6,14,3,3,0.6666666666666666,0.14285714285714285,0.14285714285714285,0.35714285714285715,0.07142857142857142,21,2,0,2,2,0,2,0,0
O=C(O)CC1=NC=C([C@@H](Cl)N2C=NOC2)N1,22/000000050,"InChI=1S/C8H9ClN4O3/c9-8(13-3-11-16-4-13)5-2-10-6(12-5)1-7(14)15/h2-3,8H,1,4H2,(H,10,12)(H,14,15)/t8-/m0/s1",C8H9N4O3Cl,244.036317828,0.5071999999999999,4.58,1.97,19.5,-170.0,4.563934623190766,1,DRUGLIKE_CONCAT,HsDHODH_Druglike,5,2,90.81,4,8,3,4,0.5,0.1875,0.25,0.375,0.125,16,2,1,1,2,1,1,0,0
NCC(=O)CC1=CC(C2=CC=C(C(=O)C3=NC(=O)ON3)N2)=CC=C1O,23/000000471,"InChI=1S/C16H14N4O5/c17-7-10(21)6-9-5-8(1-4-13(9)22)11-2-3-12(18-11)14(23)15-19-16(24)25-20-15/h1-5,18,22H,6-7,17H2,(H,19,20,24)/p+1",C16H15N4O5,342.09641954800003,0.3648999999999995,4.58,7.55,4.94,-120.0,3.5764980493634564,1,DRUGLIKE_CONCAT,HsDHODH_Druglike,7,4,155.07,6,16,5,4,0.64,0.2,0.16,0.125,0.0,25,3,0,3,2,0,2,0,0
NCC1=NON=C1C1=NC(C(=O)NCBr)=NC=C1,4/000000028,"InChI=1S/C9H9BrN6O2/c10-4-13-9(17)8-12-2-1-5(14-8)7-6(3-11)15-18-16-7/h1-2H,3-4,11H2,(H,13,17)",C9H9N6O2Br,311.99703562800005,0.06749999999999995,4.58,1.12,20.9,-160.0,3.383717688435354,1,DRUGLIKE_CONCAT,HsDHODH_Druglike,7,2,119.82000000000001,4,9,2,6,0.5,0.1111111111111111,0.3333333333333333,0.2222222222222222,0.0,18,2,0,2,2,0,2,0,0
CN(C)C/C=C\CCCC1=CC(O)=CC(C2=NNN=C2)=C1,28/000000468,"InChI=1S/C16H22N4O/c1-20(2)8-6-4-3-5-7-13-9-14(11-15(21)10-13)16-12-17-19-18-16/h4,6,9-12,21H,3,5,7-8H2,1-2H3,(H,17,18,19)/p+1/b6-4-",C16H23N4O,286.179361324,2.6178,4.58,2.63,19.8,-200.0,3.6862336204321697,1,DRUGLIKE_CONCAT,HsDHODH_Druglike,4,2,65.03999999999999,7,16,1,4,0.7619047619047619,0.047619047619047616,0.19047619047619047,0.375,0.0,21,2,0,2,1,0,1,0,0
C/C=C/CC(=O)NC1=CC(C2=NNN=C2)=CC(O)=C1,28/000000157,"InChI=1S/C13H14N4O2/c1-2-3-4-13(19)15-10-5-9(6-11(18)7-10)12-8-14-17-16-12/h2-3,5-8,18H,4H2,1H3,(H,15,19)(H,14,16,17)/b3-2+",C13H14N4O2,258.111675688,2.082,4.57,3.89,20.2,-140.0,2.864366892242465,1,DRUGLIKE_CONCAT,HsDHODH_Druglike,4,3,90.9,4,13,2,4,0.6842105263157895,0.10526315789473684,0.21052631578947367,0.15384615384615385,0.0,19,2,0,2,1,0,1,0,0
O=C(C1=CC=C(C2=CC=C(O)C=C2O)N1)C1=NC(=O)ON1,23/000000328,"InChI=1S/C13H9N3O5/c17-6-1-2-7(10(18)5-6)8-3-4-9(14-8)11(19)12-15-13(20)21-16-12/h1-5,14,17-18H,(H,15,16,20)",C13H9N3O5,287.05422038800003,1.0001999999999998,4.57,5.66,3.58,-120.0,3.087622499180539,1,DRUGLIKE_CONCAT,HsDHODH_Druglike,6,4,132.21,3,13,5,3,0.6190476190476191,0.23809523809523808,0.14285714285714285,0.0,0.0,21,3,0,3,2,0,2,0,0
NC(=O)CC1=CC(C2=CC=C(C(=O)C3=NC(=O)ON3)N2)=CC=C1O,23/000000461,"InChI=1S/C15H12N4O5/c16-12(21)6-8-5-7(1-4-11(8)20)9-2-3-10(17-9)13(22)14-18-15(23)24-19-14/h1-5,17,20H,6H2,(H2,16,21)(H,18,19,23)",C15H12N4O5,328.080769484,0.3223999999999995,4.57,7.14,5.09,-120.0,3.0784592104194086,1,DRUGLIKE_CONCAT,HsDHODH_Druglike,6,4,155.07,5,15,5,4,0.625,0.20833333333333334,0.16666666666666666,0.06666666666666667,0.0,24,3,0,3,2,0,2,0,0
OC/C=C\[C@H](O)C1=CC(Cl)=CC=C1O,21/000000218,"InChI=1S/C10H11ClO3/c11-7-3-4-10(14)8(6-7)9(13)2-1-5-12/h1-4,6,9,12-14H,5H2/b2-1-/t9-/m0/s1",C10H11O3Cl,214.039671892,1.6275,4.57,4.41,2.35,-150.0,3.222143575639837,1,DRUGLIKE_CONCAT,HsDHODH_Druglike,3,3,60.69,3,10,3,0,0.7142857142857143,0.21428571428571427,0.0,0.2,0.1,14,1,0,1,0,0,0,0,0
O=C(CO)NC1=CC(O)=CC(C2=NNN=C2)=C1,28/000000187,"InChI=1S/C10H10N4O3/c15-5-10(17)12-7-1-6(2-8(16)3-7)9-4-11-14-13-9/h1-4,15-16H,5H2,(H,12,17)(H,11,13,14)",C10H10N4O3,234.07529018,0.10810000000000003,4.57,2.06,18.6,-120.0,2.625294466455941,1,DRUGLIKE_CONCAT,HsDHODH_Druglike,5,4,111.13000000000001,3,10,3,4,0.5882352941176471,0.17647058823529413,0.23529411764705882,0.1,0.0,17,2,0,2,1,0,1,0,0
O=C(O)CC1=C(O)C=CC(C2=CC=C(C(=O)C3=NC(=O)ON3)N2)=C1,23/000000478,"InChI=1S/C15H11N3O6/c19-11-4-1-7(5-8(11)6-12(20)21)9-2-3-10(16-9)13(22)14-17-15(23)24-18-14/h1-5,16,19H,6H2,(H,20,21)(H,17,18,23)",C15H11N3O6,329.06478507200006,0.9217,4.56,7.22,5.09,-120.0,3.024535674254083,1,DRUGLIKE_CONCAT,HsDHODH_Druglike,6,4,149.28,5,15,6,3,0.625,0.25,0.125,0.06666666666666667,0.0,24,3,0,3,2,0,2,0,0
NC1=C2C=NNC2=NC([C@@H](Cl)C(=O)O)=N1,21/000000008,"InChI=1S/C7H6ClN5O2/c8-3(7(14)15)6-11-4(9)2-1-10-13-5(2)12-6/h1,3H,(H,14,15)(H3,9,10,11,12,13)/t3-/m1/s1",C7H6N5O2Cl,227.021002112,0.2995999999999997,4.56,2.39,16.7,-190.0,3.69711348803472,1,DRUGLIKE_CONCAT,HsDHODH_Druglike,5,3,117.78,2,7,2,5,0.4666666666666667,0.13333333333333333,0.3333333333333333,0.14285714285714285,0.14285714285714285,15,2,0,2,2,0,2,0,0
C=C(CCC)[C@H](O)C1=NC(O)=NC=C1C(=O)O,29/000000223,"InChI=1S/C11H14N2O4/c1-3-4-6(2)9(14)8-7(10(15)16)5-12-11(17)13-8/h5,9,14H,2-4H2,1H3,(H,15,16)(H,12,13,17)/t9-/m0/s1",C11H14N2O4,238.095356928,1.2700999999999998,4.55,6.9,3.72,-170.0,3.78335426814453,1,DRUGLIKE_CONCAT,HsDHODH_Druglike,5,3,103.54,5,11,4,2,0.6470588235294118,0.23529411764705882,0.11764705882352941,0.36363636363636365,0.09090909090909091,17,1,0,1,1,0,1,0,0
CCCC#CC1=C(O)C=C([C@H](CO)C2=NC=C(CCN)O2)C=N1,26/000000053,"InChI=1S/C17H21N3O3/c1-2-3-4-5-15-16(22)8-12(9-19-15)14(11-21)17-20-10-13(23-17)6-7-18/h8-10,14,21-22H,2-3,6-7,11,18H2,1H3/t14-/m0/s1",C17H21N3O3,315.158291532,1.5521999999999998,4.55,4.16,22.4,-170.0,3.9586695894553223,1,DRUGLIKE_CONCAT,HsDHODH_Druglike,6,3,105.4,6,17,3,3,0.7391304347826086,0.13043478260869565,0.13043478260869565,0.4117647058823529,0.058823529411764705,23,2,0,2,2,0,2,0,0
NCCCC1=CC([C@@H](N)C2=NC(I)=C(C#CC(=O)O)C=C2)=CO1,26/000000094,"InChI=1S/C16H16IN3O3/c17-16-10(4-6-14(21)22)3-5-13(20-16)15(19)11-8-12(23-9-11)2-1-7-18/h3,5,8-9,15H,1-2,7,18-19H2,(H,21,22)/t15-/m1/s1",C16H16N3O3I,425.0236393719999,1.6546999999999998,4.55,3.32,23.9,-190.0,4.039614238123962,1,DRUGLIKE_CONCAT,HsDHODH_Druglike,5,3,115.37,5,16,3,3,0.6956521739130435,0.13043478260869565,0.13043478260869565,0.25,0.0625,23,2,0,2,2,0,2,0,0
C=C(CCC[C@@H](NC(N)N)C(=O)C1=COCC=C1)C1=COC(CO)=C1,2/000000007,"InChI=1S/C18H25N3O4/c1-12(14-8-15(9-22)25-11-14)4-2-6-16(21-18(19)20)17(23)13-5-3-7-24-10-13/h3,5,8,10-11,16,18,21-22H,1-2,4,6-7,9,19-20H2/t16-/m1/s1",C18H23N3O4,347.18450628,1.1540000000000001,4.55,5.48,5.08,-150.0,4.383070131271825,1,DRUGLIKE_CONCAT,HsDHODH_Druglike,7,4,123.74,10,18,4,3,0.72,0.16,0.12,0.3888888888888889,0.05555555555555555,25,2,1,1,2,1,1,0,0
N[C@@H](/C=C\COC(=O)CO)C1=CC=C(I)C=C1,19/000000047,"InChI=1S/C12H14INO3/c13-10-5-3-9(4-6-10)11(14)2-1-7-17-12(16)8-15/h1-6,11,15H,7-8,14H2/b2-1-/t11-/m0/s1",C12H14NO3I,347.001841308,1.3827,4.55,0.58,5.09,-190.0,3.391027263234548,1,DRUGLIKE_CONCAT,HsDHODH_Druglike,4,2,72.55,5,12,3,1,0.7058823529411765,0.17647058823529413,0.058823529411764705,0.25,0.08333333333333333,17,1,0,1,0,0,0,0,0
OCC[C@@H](C#CC1=CC(F)=CC=C1F)C1=CC(O)=CC=N1,1/000000012,"InChI=1S/C16H13F2NO2/c17-13-3-4-15(18)12(9-13)2-1-11(6-8-20)16-10-14(21)5-7-19-16/h3-5,7,9-11,20H,6,8H2,(H,19,21)/t11-/m1/s1",C16H13NO2F2,289.09143509600005,2.583100000000001,4.54,9.4,19.4,-150.0,3.4480137056931195,1,DRUGLIKE_CONCAT,HsDHODH_Druglike,3,2,53.35,3,16,2,1,0.7619047619047619,0.09523809523809523,0.047619047619047616,0.1875,0.0625,21,2,0,2,1,0,1,0,0
CNCC1=CC([C@@H](N)C2=NC(I)=C(C#CC(=O)O)C=C2)=CO1,26/000000041,"InChI=1S/C15H14IN3O3/c1-18-7-11-6-10(8-22-11)14(17)12-4-2-9(15(16)19-12)3-5-13(20)21/h2,4,6,8,14,18H,7,17H2,1H3,(H,20,21)/t14-/m1/s1",C15H14N3O3I,411.0079893079999,1.4828,4.54,3.51,23.3,-190.0,4.047787840464249,1,DRUGLIKE_CONCAT,HsDHODH_Druglike,5,3,101.38,4,15,3,3,0.6818181818181818,0.13636363636363635,0.13636363636363635,0.2,0.06666666666666667,22,2,0,2,2,0,2,0,0
O=C(O)C1=CN=C(O)N=C1C/C=C/C1=CC=CC1,29/000000227,"InChI=1S/C13H12N2O3/c16-12(17)10-8-14-13(18)15-11(10)7-3-6-9-4-1-2-5-9/h1-4,6,8H,5,7H2,(H,16,17)(H,14,15,18)/b6-3+",C13H12N2O3,244.084792244,1.8654,4.54,5.96,3.85,0.0,3.6036434802905575,1,DRUGLIKE_CONCAT,HsDHODH_Druglike,4,2,83.31,4,13,3,2,0.7222222222222222,0.16666666666666666,0.1111111111111111,0.15384615384615385,0.0,18,2,1,1,1,0,1,0,0
CNC(=O)C/C=C/C1=CC(C2=NNN=C2)=CC(O)=C1,28/000000475,"InChI=1S/C13H14N4O2/c1-14-13(19)4-2-3-9-5-10(7-11(18)6-9)12-8-15-17-16-12/h2-3,5-8,18H,4H2,1H3,(H,14,19)(H,15,16,17)/b3-2+",C13H14N4O2,258.111675688,1.3265999999999998,4.54,2.51,20.2,-140.0,2.9657438153193905,1,DRUGLIKE_CONCAT,HsDHODH_Druglike,4,3,90.9,4,13,2,4,0.6842105263157895,0.10526315789473684,0.21052631578947367,0.15384615384615385,0.0,19,2,0,2,1,0,1,0,0
C=C(CC(=O)O)C1=C(CC(=O)O)C(O)=NO1,3/000000184,"InChI=1S/C9H9NO6/c1-4(2-6(11)12)8-5(3-7(13)14)9(15)10-16-8/h1-3H2,(H,10,15)(H,11,12)(H,13,14)",C9H9NO6,227.042987008,0.49520000000000003,4.54,1.98,5.93,-40.0,3.333795728095585,1,DRUGLIKE_CONCAT,HsDHODH_Druglike,5,3,120.86,5,9,6,1,0.5625,0.375,0.0625,0.2222222222222222,0.0,16,1,0,1,1,0,1,0,0
CC[C@H](N)CCC(=O)C1=CC(CN)=C(I)C=C1,19/000000055,"InChI=1S/C13H19IN2O/c1-2-11(16)4-6-13(17)9-3-5-12(14)10(7-9)8-15/h3,5,7,11H,2,4,6,8,15-16H2,1H3/t11-/m0/s1",C13H19N2OI,346.05421122800004,2.450100000000001,4.54,2.75,3.85,-170.0,3.0384699872080754,1,DRUGLIKE_CONCAT,HsDHODH_Druglike,3,2,69.11,6,13,1,2,0.7647058823529411,0.058823529411764705,0.11764705882352941,0.46153846153846156,0.07692307692307693,17,1,0,1,0,0,0,0,0
CC[C@@H](/C=C/C1=CN=C(CO)C(Br)=C1)C1=NOC(=O)N1,13/000000087,"InChI=1S/C13H14BrN3O3/c1-2-9(12-16-13(19)20-17-12)4-3-8-5-10(14)11(7-18)15-6-8/h3-6,9,18H,2,7H2,1H3,(H,16,17,19)/b4-3+/t9-/m0/s1",C13H14N3O3Br,339.02185340799997,2.2196999999999996,4.53,8.21,2.35,-170.0,4.051746613563543,1,DRUGLIKE_CONCAT,HsDHODH_Druglike,5,2,92.00999999999999,5,13,3,3,0.65,0.15,0.15,0.3076923076923077,0.07692307692307693,20,2,0,2,2,0,2,0,0
NCC1=CC=C(C[C@H](O)C2=CC(O)=CC(N)=C2)C(Br)=C1,12/000000022,"InChI=1S/C15H17BrN2O2/c16-14-3-9(8-17)1-2-10(14)6-15(20)11-4-12(18)7-13(19)5-11/h1-5,7,15,19-20H,6,8,17-18H2/p+1/t15-/m0/s1",C15H18N2O2Br,336.04733988400005,2.4717000000000002,4.53,4.73,4.94,-150.0,3.505834530646461,1,DRUGLIKE_CONCAT,HsDHODH_Druglike,4,4,92.5,4,15,2,2,0.75,0.1,0.1,0.2,0.06666666666666667,20,2,0,2,0,0,0,0,0
O=C(C1=CC=C(C2=CC=C(CF)C(O)=C2)N1)C1=NC(=O)ON1,23/000000442,"InChI=1S/C14H10FN3O4/c15-6-8-2-1-7(5-11(8)19)9-3-4-10(16-9)12(20)13-17-14(21)22-18-13/h1-5,16,19H,6H2,(H,17,18,21)",C14H10N3O4F,303.06553402,1.7640999999999998,4.53,4.94,3.58,-120.0,3.1974523894448215,1,DRUGLIKE_CONCAT,HsDHODH_Druglike,5,3,111.97999999999999,4,14,4,3,0.6363636363636364,0.18181818181818182,0.13636363636363635,0.07142857142857142,0.0,22,3,0,3,2,0,2,0,0
O=C(CO)OC/C=C(\CO)CCC1=CC=C2CNNCC2=C1Cl,15/000000015,"InChI=1S/C16H21ClN2O4/c17-16-12(3-4-13-7-18-19-8-14(13)16)2-1-11(9-20)5-6-23-15(22)10-21/h3-5,18-21H,1-2,6-10H2/b11-5-",C16H21N2O4Cl,340.118984832,0.8345999999999997,4.53,3.7,3.84,-120.0,3.5269795362874437,1,DRUGLIKE_CONCAT,HsDHODH_Druglike,6,4,90.82000000000001,7,16,4,2,0.6956521739130435,0.17391304347826086,0.08695652173913043,0.4375,0.0,23,2,1,1,1,1,0,0,0
NCC[C@@H](CC/C=C/C1=CC=C(Cl)C(Cl)=C1)C1=NC=NN1,13/000000177,"InChI=1S/C15H18Cl2N4/c16-13-6-5-11(9-14(13)17)3-1-2-4-12(7-8-18)15-19-10-20-21-15/h1,3,5-6,9-10,12H,2,4,7-8,18H2,(H,19,20,21)/b3-1+/t12-/m1/s1",C15H18N4Cl2,324.09085193600004,4.037500000000003,4.53,7.06,3.58,-150.0,3.29712669135153,1,DRUGLIKE_CONCAT,HsDHODH_Druglike,3,2,67.59,7,15,0,4,0.7142857142857143,0.0,0.19047619047619047,0.3333333333333333,0.06666666666666667,21,2,0,2,1,0,1,0,0
C=C(C)CCCCC1=CC(O)=CC(C2=NNN=C2)=C1,28/000000151,"InChI=1S/C15H19N3O/c1-11(2)5-3-4-6-12-7-13(9-14(19)8-12)15-10-16-18-17-15/h7-10,19H,1,3-6H2,2H3,(H,16,17,18)",C15H19N3O,257.152812228,3.4662000000000015,4.53,1.1,17.8,-140.0,2.7205745845501585,1,DRUGLIKE_CONCAT,HsDHODH_Druglike,3,2,61.800000000000004,6,15,1,3,0.7894736842105263,0.05263157894736842,0.15789473684210525,0.3333333333333333,0.0,19,2,0,2,1,0,1,0,0
O=C(O)C1=CNC(C2=CNN=C2)=C1CCO,9/000000040,"InChI=1S/C10H11N3O3/c14-2-1-7-8(10(15)16)5-11-9(7)6-3-12-13-4-6/h3-5,11,14H,1-2H2,(H,12,13)(H,15,16)",C10H11N3O3,221.080041212,0.6377999999999999,4.53,8.86,5.09,-80.0,3.1027392445791016,1,DRUGLIKE_CONCAT,HsDHODH_Druglike,3,4,102.0,4,10,3,3,0.625,0.1875,0.1875,0.2,0.0,16,2,0,2,2,0,2,0,0
O=C(O)C1=CN=C(O)N=C1C/C=C/C1=NC(O)=CN=C1,29/000000155,"InChI=1S/C12H10N4O4/c17-10-6-13-4-7(15-10)2-1-3-9-8(11(18)19)5-14-12(20)16-9/h1-2,4-6H,3H2,(H,15,17)(H,18,19)(H,14,16,20)/b2-1+",C12H10N4O4,274.0702048,0.6318999999999999,4.53,5.66,3.85,0.0,3.50718282835847,1,DRUGLIKE_CONCAT,HsDHODH_Druglike,7,3,129.32,4,12,4,4,0.6,0.2,0.2,0.08333333333333333,0.0,20,2,0,2,2,0,2,0,0
O=C(/C=C/C(=O)C1=NN=C(C2=C(Cl)C=NN2)N1)CO,23/000000554,"InChI=1S/C10H8ClN5O3/c11-6-3-12-14-8(6)10-13-9(15-16-10)7(19)2-1-5(18)4-17/h1-3,17H,4H2,(H,12,14)(H,13,15,16)/b2-1+",C10H8N5O3Cl,281.03156679599994,0.1484999999999998,4.53,4.04,3.58,-80.0,3.614205982711745,1,DRUGLIKE_CONCAT,HsDHODH_Druglike,6,3,124.61999999999999,5,10,3,5,0.5263157894736842,0.15789473684210525,0.2631578947368421,0.1,0.0,19,2,0,2,2,0,2,0,0
O=C(CC1=NOC=C1CBr)OCC#C[C@@H](CO)C1=NNC(=O)N1,21/000000103,"InChI=1S/C13H13BrN4O5/c14-5-9-7-23-18-10(9)4-11(20)22-3-1-2-8(6-19)12-15-13(21)17-16-12/h7-8,19H,3-6H2,(H2,15,16,17,21)/t8-/m0/s1",C13H13N4O5Br,384.00693161600003,-0.15390000000000004,4.53,6.5,6.2,-150.0,4.34209941194053,1,DRUGLIKE_CONCAT,HsDHODH_Druglike,7,3,134.1,6,13,5,4,0.5652173913043478,0.21739130434782608,0.17391304347826086,0.38461538461538464,0.07692307692307693,23,2,0,2,2,0,2,0,0
OC1=C(C#C[C@@H](CF)CCCCl)C=C2NCOC2=C1,21/000000134,"InChI=1S/C14H15ClFNO2/c15-5-1-2-10(8-16)3-4-11-6-12-14(7-13(11)18)19-9-17-12/h6-7,10,17-18H,1-2,5,8-9H2/t10-/m0/s1",C14H15NO2FCl,283.07753462,3.1102000000000007,4.52,2.59,18.6,-190.0,4.189421245213106,1,DRUGLIKE_CONCAT,HsDHODH_Druglike,3,2,41.489999999999995,4,14,2,1,0.7368421052631579,0.10526315789473684,0.05263157894736842,0.42857142857142855,0.07142857142857142,19,2,1,1,1,1,0,0,0
NC(=O)C1=NON=C1C#C[C@H](O)C(=O)C1=CNC2=C1C=CC=C2,18/000000032,"InChI=1S/C15H10N4O4/c16-15(22)13-11(18-23-19-13)5-6-12(20)14(21)9-7-17-10-4-2-1-3-8(9)10/h1-4,7,12,17,20H,(H2,16,22)/t12-/m0/s1",C15H10N4O4,310.0702048,0.24509999999999937,4.52,6.47,3.58,-190.0,3.554626039159464,1,DRUGLIKE_CONCAT,HsDHODH_Druglike,6,3,135.1,3,15,4,4,0.6521739130434783,0.17391304347826086,0.17391304347826086,0.06666666666666667,0.06666666666666667,23,3,0,3,2,0,2,0,0
CC(=O)OCCCCC1=CC(O)=CC(C2=NNN=C2)=C1,28/000000172,"InChI=1S/C14H17N3O3/c1-10(18)20-5-3-2-4-11-6-12(8-13(19)7-11)14-9-15-17-16-14/h6-9,19H,2-5H2,1H3,(H,15,16,17)",C14H17N3O3,275.126991404,2.0630999999999995,4.52,1.72,19.6,-140.0,2.5507392771728146,1,DRUGLIKE_CONCAT,HsDHODH_Druglike,5,2,88.10000000000001,6,14,3,3,0.7,0.15,0.15,0.35714285714285715,0.0,20,2,0,2,1,0,1,0,0
O=C(O)C1=C(CO)C(=O)C=C[C@@H]1NCCC1=CC(O)=CC(F)=C1,17/000000023,"InChI=1S/C16H16FNO5/c17-10-5-9(6-11(20)7-10)3-4-18-13-1-2-14(21)12(8-19)15(13)16(22)23/h1-2,5-7,13,18-20H,3-4,8H2,(H,22,23)/p+1/t13-/m0/s1",C16H17NO5F,321.101250832,0.5444000000000002,4.52,5.17,22.9,-150.0,4.1829483383986865,1,DRUGLIKE_CONCAT,HsDHODH_Druglike,5,4,106.86,6,16,5,1,0.6956521739130435,0.21739130434782608,0.043478260869565216,0.25,0.0625,23,2,1,1,0,0,0,0,0
O=C(O)CC1=C(CC2=CC=CC=C2)ON=C1O,3/000000148,"InChI=1S/C12H11NO4/c14-11(15)7-9-10(17-13-12(9)16)6-8-4-2-1-3-5-8/h1-5H,6-7H2,(H,13,16)(H,14,15)",C12H11NO4,233.068807832,1.5980999999999999,4.51,1.53,4.81,-60.0,2.5037800433790167,1,DRUGLIKE_CONCAT,HsDHODH_Druglike,4,2,83.56,4,12,4,1,0.7058823529411765,0.23529411764705882,0.058823529411764705,0.16666666666666666,0.0,17,2,0,2,1,0,1,0,0
NCCCOC1=CC(C2=CC=C(C(=O)C3=NC(=O)ON3)N2)=CC=C1,23/000000510,"InChI=1S/C16H16N4O4/c17-7-2-8-23-11-4-1-3-10(9-11)12-5-6-13(18-12)14(21)15-19-16(22)24-20-15/h1,3-6,9,18H,2,7-8,17H2,(H,19,20,22)",C16H16N4O4,328.11715499200005,1.3165999999999998,4.51,5.21,5.09,-120.0,2.879282302317778,1,DRUGLIKE_CONCAT,HsDHODH_Druglike,6,3,127.0,7,16,4,4,0.6666666666666666,0.16666666666666666,0.16666666666666666,0.1875,0.0,24,3,0,3,2,0,2,0,0
O=C(O)C1=CN=C(O)N=C1CCCC1=C(Cl)N=CN1,29/000000047,"InChI=1S/C11H11ClN4O3/c12-9-8(14-5-15-9)3-1-2-7-6(10(17)18)4-13-11(19)16-7/h4-5H,1-3H2,(H,14,15)(H,17,18)(H,13,16,19)",C11H11N4O3Cl,282.05196789200005,1.4322,4.51,5.87,3.85,0.0,3.3107113528133407,1,DRUGLIKE_CONCAT,HsDHODH_Druglike,5,3,111.99000000000001,5,11,3,4,0.5789473684210527,0.15789473684210525,0.21052631578947367,0.2727272727272727,0.0,19,2,0,2,2,0,2,0,0
NCCCC1=CC=C(C2=CC=C(C(=O)C3=NC(=O)ON3)N2)C=C1,23/000000481,"InChI=1S/C16H16N4O3/c17-9-1-2-10-3-5-11(6-4-10)12-7-8-13(18-12)14(21)15-19-16(22)23-20-15/h3-8,18H,1-2,9,17H2,(H,19,20,22)/p+1",C16H17N4O3,312.122240372,1.4802999999999997,4.51,4.96,3.58,-120.0,3.3330789338129945,1,DRUGLIKE_CONCAT,HsDHODH_Druglike,5,3,117.77000000000001,6,16,3,4,0.6956521739130435,0.13043478260869565,0.17391304347826086,0.1875,0.0,23,3,0,3,2,0,2,0,0
O=C(O)C1=CN=C(O)N=C1[C@@H](CO)CF,29/000000124,"InChI=1S/C8H9FN2O4/c9-1-4(3-12)6-5(7(13)14)2-10-8(15)11-6/h2,4,12H,1,3H2,(H,13,14)(H,10,11,15)/t4-/m1/s1",C8H9N2O4F,216.054634988,-0.07419999999999999,4.51,5.56,14.5,-150.0,3.835238497415583,1,DRUGLIKE_CONCAT,HsDHODH_Druglike,5,3,103.54,4,8,4,2,0.5333333333333333,0.26666666666666666,0.13333333333333333,0.375,0.125,15,1,0,1,1,0,1,0,0
CCCOCCCCCCC1=CC(O)=CC(C2=NNN=C2)=C1,28/000000472,"InChI=1S/C17H25N3O2/c1-2-8-22-9-6-4-3-5-7-14-10-15(12-16(21)11-14)17-13-18-20-19-17/h10-13,21H,2-9H2,1H3,(H,18,19,20)",C17H25N3O2,303.19467704,3.706800000000002,4.5,0.82,19.2,-140.0,2.546225761032911,1,DRUGLIKE_CONCAT,HsDHODH_Druglike,4,2,71.03,10,17,2,3,0.7727272727272727,0.09090909090909091,0.13636363636363635,0.5294117647058824,0.0,22,2,0,2,1,0,1,0,0
C/C=C/[C@H](N)C1=NC(O)=NC=C1C(=O)O,29/000000069,"InChI=1S/C9H11N3O3/c1-2-3-6(10)7-5(8(13)14)4-11-9(15)12-7/h2-4,6H,10H2,1H3,(H,13,14)(H,11,12,15)/b3-2+/t6-/m0/s1",C9H11N3O3,209.080041212,0.45629999999999993,4.5,4.63,13.6,-170.0,3.8962931128001976,1,DRUGLIKE_CONCAT,HsDHODH_Druglike,5,3,109.33,3,9,3,3,0.6,0.2,0.2,0.2222222222222222,0.1111111111111111,15,1,0,1,1,0,1,0,0
OC1=CC=C(F)C=C1C#CC1=CN=CC(C2=CCC=CN2)=C1,3/000000048,"InChI=1S/C18H13FN2O/c19-16-6-7-18(22)14(10-16)5-4-13-9-15(12-20-11-13)17-3-1-2-8-21-17/h2-3,6-12,21-22H,1H2",C18H13N2OF,292.10119125600005,3.1740000000000013,4.5,2.63,20.5,-160.0,3.1901022033406026,1,DRUGLIKE_CONCAT,HsDHODH_Druglike,3,2,45.150000000000006,1,18,1,2,0.8181818181818182,0.045454545454545456,0.09090909090909091,0.05555555555555555,0.0,22,3,1,2,2,1,1,0,0
CC[C@@H](CCCl)C1=NNC(/C=C/C2=CC(O)=CC=C2I)=C1,28/000000274,"InChI=1S/C16H18ClIN2O/c1-2-11(7-8-17)16-10-13(19-20-16)4-3-12-9-14(21)5-6-15(12)18/h3-6,9-11,21H,2,7-8H2,1H3,(H,19,20)/b4-3+/t11-/m0/s1",C16H18N2OClI,416.015238876,5.012800000000004,4.5,4.05,5.09,-170.0,3.873585804780472,1,DRUGLIKE_CONCAT,HsDHODH_Druglike,2,2,48.91,6,16,1,2,0.7619047619047619,0.047619047619047616,0.09523809523809523,0.3125,0.0625,21,2,0,2,1,0,1,0,0
CCOC(=O)C1=C[C@H](C(=O)O)C=C(CCCC2=CN=C(I)C(N)=C2)O1,2/000000011,"InChI=1S/C17H19IN2O5/c1-2-24-17(23)14-8-11(16(21)22)7-12(25-14)5-3-4-10-6-13(19)15(18)20-9-10/h6-9,11H,2-5,19H2,1H3,(H,21,22)/t11-/m1/s1",C17H19N2O5I,458.033869708,2.6530000000000005,4.5,4.92,23.7,-170.0,3.934650628166235,1,DRUGLIKE_CONCAT,HsDHODH_Druglike,6,2,111.74000000000001,7,17,5,2,0.68,0.2,0.08,0.35294117647058826,0.058823529411764705,25,2,1,1,2,1,1,0,0
CCNC1=CC(OC(=O)C2=CC=C(CC(=O)O)C(O)=C2)=C(Cl)N=C1,3/000000253,"InChI=1S/C16H15ClN2O5/c1-2-18-11-7-13(15(17)19-8-11)24-16(23)10-4-3-9(6-14(21)22)12(20)5-10/h3-5,7-8,18,20H,2,6H2,1H3,(H,21,22)",C16H15N2O5Cl,350.06694926000006,2.7187,4.5,6.19,6.17,-20.0,2.461629307486522,1,DRUGLIKE_CONCAT,HsDHODH_Druglike,6,3,108.75,6,16,5,2,0.6666666666666666,0.20833333333333334,0.08333333333333333,0.1875,0.0,24,2,0,2,1,0,1,0,0
CNCC1=CC(C2=CC=C(C(=O)C3=NC(=O)ON3)N2)=CC=C1O,23/000000253,"InChI=1S/C15H14N4O4/c1-16-7-9-6-8(2-5-12(9)20)10-3-4-11(17-10)13(21)14-18-15(22)23-19-14/h2-6,16-17,20H,7H2,1H3,(H,18,19,22)",C15H14N4O4,314.10150492799994,1.0139999999999996,4.5,6.17,5.09,-140.0,3.055909950488627,1,DRUGLIKE_CONCAT,HsDHODH_Druglike,6,4,124.01,5,15,4,4,0.6521739130434783,0.17391304347826086,0.17391304347826086,0.13333333333333333,0.0,23,3,0,3,2,0,2,0,0
O=C(CO)C1=NC(C#CCCC2CCNCC2)=CN=C1Cl,19/000000025,"InChI=1S/C15H18ClN3O2/c16-15-14(13(21)10-20)19-12(9-18-15)4-2-1-3-11-5-7-17-8-6-11/h9,11,17,20H,1,3,5-8,10H2",C15H18N3O2Cl,307.108754496,1.4362999999999995,4.5,5.58,19.9,-150.0,3.242415928124476,1,DRUGLIKE_CONCAT,HsDHODH_Druglike,5,2,75.11,4,15,2,3,0.7142857142857143,0.09523809523809523,0.14285714285714285,0.5333333333333333,0.0,21,2,1,1,2,1,1,0,0
C#CCC1=CC=C(C2=CC=C(C(=O)C3=NC(=O)ON3)N2)C=C1,23/000000327,"InChI=1S/C16H11N3O3/c1-2-3-10-4-6-11(7-5-10)12-8-9-13(17-12)14(20)15-18-16(21)22-19-15/h1,4-9,17H,3H2,(H,18,19,21)",C16H11N3O3,293.080041212,1.7647,4.49,6.5,3.58,-120.0,3.102222258285658,1,DRUGLIKE_CONCAT,HsDHODH_Druglike,4,2,91.75,4,16,3,3,0.7272727272727273,0.13636363636363635,0.13636363636363635,0.0625,0.0,22,3,0,3,2,0,2,0,0
NC1=C(/C=C/CNCCO)C=C(OC[C@H]2CCCC=N2)C=C1,27/000000034,"InChI=1S/C17H25N3O2/c18-17-7-6-16(22-13-15-5-1-2-9-20-15)12-14(17)4-3-8-19-10-11-21/h3-4,6-7,9,12,15,19,21H,1-2,5,8,10-11,13,18H2/b4-3+/t15-/m1/s1",C17H25N3O2,303.19467704,1.8659999999999994,4.49,4.14,3.58,-170.0,3.627011524259961,1,DRUGLIKE_CONCAT,HsDHODH_Druglike,5,3,79.87,8,17,2,3,0.7727272727272727,0.09090909090909091,0.13636363636363635,0.47058823529411764,0.058823529411764705,22,2,1,1,1,1,0,0,0
C=C(C1=NNC=C1Cl)C1=C(CC(=O)O)C(O)=NO1,3/000000169,"InChI=1S/C10H8ClN3O4/c1-4(8-6(11)3-12-13-8)9-5(2-7(15)16)10(17)14-18-9/h3H,1-2H2,(H,12,13)(H,14,17)(H,15,16)",C10H8N3O4Cl,269.02033341599997,1.4452999999999998,4.49,1.35,24.3,-60.0,3.750568958174018,1,DRUGLIKE_CONCAT,HsDHODH_Druglike,5,3,112.24000000000001,4,10,4,3,0.5555555555555556,0.2222222222222222,0.16666666666666666,0.1,0.0,18,2,0,2,2,0,2,0,0
NC(N)NCCC#CC1=CC=C2CC(C(=O)O)=CC2=C1,26/000000081,"InChI=1S/C15H17N3O2/c16-15(17)18-6-2-1-3-10-4-5-11-8-13(14(19)20)9-12(11)7-10/h4-5,7,9,15,18H,2,6,8,16-17H2,(H,19,20)",C15H15N3O2,271.132076784,0.24289999999999984,4.49,5.52,20.3,-40.0,3.119302608578251,1,DRUGLIKE_CONCAT,HsDHODH_Druglike,4,4,101.36999999999999,4,15,2,3,0.75,0.1,0.15,0.26666666666666666,0.0,20,2,1,1,0,0,0,0,0
NC/C=C/[C@@H](CO)C1=NC=C(I)C(Br)=C1,7/000000042,"InChI=1S/C10H12BrIN2O/c11-8-4-10(14-5-9(8)12)7(6-15)2-1-3-13/h1-2,4-5,7,15H,3,6,13H2/b2-1+/t7-/m0/s1",C10H12N2OBrI,381.91777310400005,2.0395,4.49,4.12,3.72,-150.0,4.17608234356943,1,DRUGLIKE_CONCAT,HsDHODH_Druglike,3,2,59.14,4,10,1,2,0.6666666666666666,0.06666666666666667,0.13333333333333333,0.3,0.1,15,1,0,1,1,0,1,0,0
O=C(C1=CC=C(C2=CC=C(O)C(CCO)=C2)N1)C1=NC(=O)ON1,23/000000172,"InChI=1S/C15H13N3O5/c19-6-5-9-7-8(1-4-12(9)20)10-2-3-11(16-10)13(21)14-17-15(22)23-18-14/h1-4,7,16,19-20H,5-6H2,(H,17,18,22)",C15H13N3O5,315.08552051600003,0.8293999999999999,4.49,6.8,5.09,-120.0,3.071620009660224,1,DRUGLIKE_CONCAT,HsDHODH_Druglike,6,4,132.21,5,15,5,3,0.6521739130434783,0.21739130434782608,0.13043478260869565,0.13333333333333333,0.0,23,3,0,3,2,0,2,0,0
NCCNCC1=CC(C2=CC=C(C(=O)C3=NC(=O)ON3)N2)=CC=C1,23/000000192,"InChI=1S/C16H17N5O3/c17-6-7-18-9-10-2-1-3-11(8-10)12-4-5-13(19-12)14(22)15-20-16(23)24-21-15/h1-5,8,18-19H,6-7,9,17H2,(H,20,21,23)",C16H17N5O3,327.1331394040001,0.6372999999999992,4.49,5.57,5.09,-120.0,2.9374100615151004,1,DRUGLIKE_CONCAT,HsDHODH_Druglike,6,4,129.79999999999998,7,16,3,5,0.6666666666666666,0.125,0.20833333333333334,0.1875,0.0,24,3,0,3,2,0,2,0,0
C=C[C@H](N)COC(=O)C1=C(C(=O)O)C=C(N)C=C1,16/000000012,"InChI=1S/C12H14N2O4/c1-2-7(13)6-18-12(17)9-4-3-8(14)5-10(9)11(15)16/h2-5,7H,1,6,13-14H2,(H,15,16)/p+1/t7-/m0/s1",C12H15N2O4,250.095356928,0.6371,4.49,2.86,2.22,-150.0,3.458721381526658,1,DRUGLIKE_CONCAT,HsDHODH_Druglike,5,3,115.64,5,12,4,2,0.6666666666666666,0.2222222222222222,0.1111111111111111,0.16666666666666666,0.08333333333333333,18,1,0,1,0,0,0,0,0
O=C(O)C1=CC2=C(C=CC(C#CCCO)=C2)C1,26/000000044,"InChI=1S/C14H12O3/c15-6-2-1-3-10-4-5-11-8-13(14(16)17)9-12(11)7-10/h4-5,7,9,15H,2,6,8H2,(H,16,17)",C14H12O3,228.078644244,1.4445999999999999,4.49,5.99,16.0,-40.0,2.819922351071325,1,DRUGLIKE_CONCAT,HsDHODH_Druglike,2,2,57.53,2,14,3,0,0.8235294117647058,0.17647058823529413,0.0,0.21428571428571427,0.0,17,2,1,1,0,0,0,0,0
O=C(CO)C1=NC=C(C2=C(CCC3=CCC=C3)ON=C2O)O1,20/000000006,"InChI=1S/C15H14N2O5/c18-8-10(19)15-16-7-12(21-15)13-11(22-17-14(13)20)6-5-9-3-1-2-4-9/h1,3-4,7,18H,2,5-6,8H2,(H,17,20)",C15H14N2O5,302.090271548,2.0291,4.49,2.98,3.58,-140.0,3.727206873670273,1,DRUGLIKE_CONCAT,HsDHODH_Druglike,7,2,109.59,6,15,5,2,0.6818181818181818,0.22727272727272727,0.09090909090909091,0.26666666666666666,0.0,22,3,1,2,2,0,2,0,0
NC(=O)C1=NON=C1C#C[C@H](O)C(=O)C1=NNC2=C1C=CC=C2,18/000000027,"InChI=1S/C14H9N5O4/c15-14(22)12-9(18-23-19-12)5-6-10(20)13(21)11-7-3-1-2-4-8(7)16-17-11/h1-4,10,20H,(H2,15,22)(H,16,17)/t10-/m0/s1",C14H9N5O4,311.065453768,-0.3599000000000012,4.49,6.47,3.58,-190.0,3.68396189714763,1,DRUGLIKE_CONCAT,HsDHODH_Druglike,7,3,147.98999999999998,3,14,4,5,0.6086956521739131,0.17391304347826086,0.21739130434782608,0.07142857142857142,0.07142857142857142,23,3,0,3,2,0,2,0,0
NCCC1=NC=C(/C=C/[C@H]2NC(=O)C=C2CC(=O)O)C=C1Br,13/000000152,"InChI=1S/C15H16BrN3O3/c16-11-5-9(8-18-13(11)3-4-17)1-2-12-10(7-15(21)22)6-14(20)19-12/h1-2,5-6,8,12H,3-4,7,17H2,(H,19,20)(H,21,22)/p+1/b2-1+/t12-/m1/s1",C15H17N3O3Br,365.037503472,1.258,4.49,5.83,3.98,-150.0,4.463991875773202,1,DRUGLIKE_CONCAT,HsDHODH_Druglike,4,3,105.30999999999999,6,15,3,3,0.6818181818181818,0.13636363636363635,0.13636363636363635,0.26666666666666666,0.06666666666666667,22,2,1,1,2,1,1,0,0
O=C(C1=CC=C(C2=CC=C(CCl)C=C2)N1)C1=NC(=O)ON1,23/000000455,"InChI=1S/C14H10ClN3O3/c15-7-8-1-3-9(4-2-8)10-5-6-11(16-10)12(19)13-17-14(20)21-18-13/h1-6,16H,7H2,(H,17,18,20)",C14H10N3O3Cl,303.04106886,2.3278,4.49,7.03,3.58,-120.0,2.9137428512014,1,DRUGLIKE_CONCAT,HsDHODH_Druglike,4,2,91.75,4,14,3,3,0.6666666666666666,0.14285714285714285,0.14285714285714285,0.07142857142857142,0.0,21,3,0,3,2,0,2,0,0
COC1=CC=C(C2=CC=C(C(=O)C3=NC(=O)ON3)N2)C=C1,23/000000325,"InChI=1S/C14H11N3O4/c1-20-9-4-2-8(3-5-9)10-6-7-11(15-10)12(18)13-16-14(19)21-17-13/h2-7,15H,1H3,(H,16,17,19)",C14H11N3O4,285.07495583200006,1.5976,4.48,6.45,3.58,-140.0,2.719305928124477,1,DRUGLIKE_CONCAT,HsDHODH_Druglike,5,2,100.97999999999999,4,14,4,3,0.6666666666666666,0.19047619047619047,0.14285714285714285,0.07142857142857142,0.0,21,3,0,3,2,0,2,0,0
CCCCC/C=C\COCCC1=CC(O)=CC(CO)=C1,28/000000057,"InChI=1S/C17H26O3/c1-2-3-4-5-6-7-9-20-10-8-15-11-16(14-18)13-17(19)12-15/h6-7,11-13,18-19H,2-5,8-10,14H2,1H3/b7-6-",C17H26O3,278.188194692,3.5801000000000025,4.48,5.19,3.58,-20.0,2.477779763002774,1,DRUGLIKE_CONCAT,HsDHODH_Druglike,3,2,49.69,10,17,3,0,0.85,0.15,0.0,0.5294117647058824,0.0,20,1,0,1,0,0,0,0,0
C#CCNCC1=CC=CC(C2=CC=C(C(=O)C3=NC(=O)ON3)N2)=C1,23/000000076,"InChI=1S/C17H14N4O3/c1-2-8-18-10-11-4-3-5-12(9-11)13-6-7-14(19-13)15(22)16-20-17(23)24-21-16/h1,3-7,9,18-19H,8,10H2,(H,20,21,23)",C17H14N4O3,322.106590308,1.3118,4.48,5.65,5.09,-120.0,3.111177285595369,1,DRUGLIKE_CONCAT,HsDHODH_Druglike,5,3,103.78,6,17,3,4,0.7083333333333334,0.125,0.16666666666666666,0.11764705882352941,0.0,24,3,0,3,2,0,2,0,0
CC1=C(COC(=O)[C@@H](O)/C=C\CC2=CN=C(CN)C(Br)=C2)C=NO1,13/000000025,"InChI=1S/C16H18BrN3O4/c1-10-12(8-20-24-10)9-23-16(22)15(21)4-2-3-11-5-13(17)14(6-18)19-7-11/h2,4-5,7-8,15,21H,3,6,9,18H2,1H3/b4-2-/t15-/m0/s1",C16H18N3O4Br,395.048068156,1.80222,4.48,3.33,3.7,-170.0,3.8791432227853817,1,DRUGLIKE_CONCAT,HsDHODH_Druglike,7,2,111.47,7,16,4,3,0.6666666666666666,0.16666666666666666,0.125,0.3125,0.0625,24,2,0,2,2,0,2,0,0
NCC1=CC=C(C2=NNN=C2)C=C1O,28/000000076,"InChI=1S/C9H10N4O/c10-4-7-2-1-6(3-9(7)14)8-5-11-13-12-8/h1-3,5,14H,4,10H2,(H,11,12,13)",C9H10N4O,190.08546094,0.6359999999999999,4.47,4.24,14.6,-120.0,2.6412855856921382,1,DRUGLIKE_CONCAT,HsDHODH_Druglike,4,3,87.82000000000001,2,9,1,4,0.6428571428571429,0.07142857142857142,0.2857142857142857,0.1111111111111111,0.0,14,2,0,2,1,0,1,0,0
CCCCCC1=CC(O)=CC(C2=NNN=C2)=C1,28/000000163,"InChI=1S/C13H17N3O/c1-2-3-4-5-10-6-11(8-12(17)7-10)13-9-14-16-15-13/h6-9,17H,2-5H2,1H3,(H,14,15,16)",C13H17N3O,231.137162164,2.910000000000001,4.47,0.11,15.6,-140.0,2.4547673667699126,1,DRUGLIKE_CONCAT,HsDHODH_Druglike,3,2,61.800000000000004,5,13,1,3,0.7647058823529411,0.058823529411764705,0.17647058823529413,0.38461538461538464,0.0,17,2,0,2,1,0,1,0,0
CC1=CC(=O)N[C@@H]1/C=C/C1=CN=C(C(=O)O)C(Br)=C1,13/000000017,"InChI=1S/C13H11BrN2O3/c1-7-4-11(17)16-10(7)3-2-8-5-9(14)12(13(18)19)15-6-8/h2-6,10H,1H3,(H,16,17)(H,18,19)/b3-2+/t10-/m1/s1",C13H10N2O3Br,321.99530431200003,2.0002,4.47,5.76,3.85,-170.0,3.844730712668728,1,DRUGLIKE_CONCAT,HsDHODH_Druglike,3,2,79.29,3,13,3,2,0.6842105263157895,0.15789473684210525,0.10526315789473684,0.15384615384615385,0.07692307692307693,19,2,1,1,2,1,1,0,0
O=C(O)C1=C[C@@H](/C=C/C2=CN=CC(Br)=C2)NC(CO)=C1,13/000000092,"InChI=1S/C14H13BrN2O3/c15-11-3-9(6-16-7-11)1-2-12-4-10(14(19)20)5-13(8-18)17-12/h1-7,12,17-18H,8H2,(H,19,20)/b2-1+/t12-/m1/s1",C14H13N2O3Br,336.01095437600003,1.7162999999999997,4.47,5.29,2.48,-150.0,4.05236969048662,1,DRUGLIKE_CONCAT,HsDHODH_Druglike,4,3,82.45,4,14,3,2,0.7,0.15,0.1,0.14285714285714285,0.07142857142857142,20,2,1,1,2,1,1,0,0
NC[C@](Cl)(CCl)CCCC#CC1=C(O)C=C2OCNC2=C1,21/000000222,"InChI=1S/C15H18Cl2N2O2/c16-8-15(17,9-18)5-3-1-2-4-11-6-12-14(7-13(11)20)21-10-19-12/h6-7,19-20H,1,3,5,8-10,18H2/t15-/m1/s1",C15H18N2O2Cl2,328.074533176,2.8509,4.47,3.1,19.6,-190.0,4.239553731768739,1,DRUGLIKE_CONCAT,HsDHODH_Druglike,4,3,67.51,5,15,2,2,0.7142857142857143,0.09523809523809523,0.09523809523809523,0.4666666666666667,0.06666666666666667,21,2,1,1,1,1,0,0,0
O=C(O)C1=CN=C(O)N=C1[C@@H](O)/C=C/CCl,29/000000105,"InChI=1S/C9H9ClN2O4/c10-3-1-2-6(13)7-5(8(14)15)4-11-9(16)12-7/h1-2,4,6,13H,3H2,(H,14,15)(H,11,12,16)/b2-1+/t6-/m0/s1",C9H9N2O4Cl,244.025084448,0.7088,4.47,5.02,3.72,-150.0,3.988472297609371,1,DRUGLIKE_CONCAT,HsDHODH_Druglike,5,3,103.54,4,9,4,2,0.5625,0.25,0.125,0.2222222222222222,0.1111111111111111,16,1,0,1,1,0,1,0,0
O=C1NC[C@@H](/C=C/C2=CC(CCl)=CC=C2O)N1,22/000000014,"InChI=1S/C12H13ClN2O2/c13-6-8-1-4-11(16)9(5-8)2-3-10-7-14-12(17)15-10/h1-5,10,16H,6-7H2,(H2,14,15,17)/b3-2+/t10-/m1/s1",C12H13N2O2Cl,252.066555336,1.8256000000000001,4.47,3.99,2.22,-150.0,3.652524460452222,1,DRUGLIKE_CONCAT,HsDHODH_Druglike,2,3,61.36,3,12,2,2,0.7058823529411765,0.11764705882352941,0.11764705882352941,0.25,0.08333333333333333,17,2,1,1,1,1,0,0,0
C[C@@H](N)C/C=C/CCC1=CC=C(C(=O)C2=NC(=O)ON2)N1,23/000000194,"InChI=1S/C14H18N4O3/c1-9(15)5-3-2-4-6-10-7-8-11(16-10)12(19)13-17-14(20)21-18-13/h2-3,7-9,16H,4-6,15H2,1H3,(H,17,18,20)/p+1/b3-2+/t9-/m1/s1",C14H19N4O3,290.137890436,1.1481,4.47,5.58,3.58,-170.0,4.384889064232885,1,DRUGLIKE_CONCAT,HsDHODH_Druglike,5,3,117.77000000000001,7,14,3,4,0.6666666666666666,0.14285714285714285,0.19047619047619047,0.35714285714285715,0.07142857142857142,21,2,0,2,2,0,2,0,0
CC[C@@H](CBr)C1=NNC(/C=C/C2=CC(O)=CC=C2I)=C1,28/000000319,"InChI=1S/C15H16BrIN2O/c1-2-10(9-16)15-8-12(18-19-15)4-3-11-7-13(20)5-6-14(11)17/h3-8,10,20H,2,9H2,1H3,(H,18,19)/b4-3+/t10-/m0/s1",C15H16N2OBrI,445.949073232,4.778800000000003,4.47,5.4,5.09,-170.0,3.8711012838932137,1,DRUGLIKE_CONCAT,HsDHODH_Druglike,2,2,48.91,5,15,1,2,0.75,0.05,0.1,0.26666666666666666,0.06666666666666667,20,2,0,2,1,0,1,0,0
OCC1=CC(CCOC[C@@H]2C=CNN2)=CC(O)=C1,28/000000021,"InChI=1S/C13H18N2O3/c16-8-11-5-10(6-13(17)7-11)2-4-18-9-12-1-3-14-15-12/h1,3,5-7,12,14-17H,2,4,8-9H2/t12-/m0/s1",C13H18N2O3,250.131742436,0.4336999999999999,4.47,3.8,3.58,-150.0,3.76430932531364,1,DRUGLIKE_CONCAT,HsDHODH_Druglike,5,4,73.75,6,13,3,2,0.7222222222222222,0.16666666666666666,0.1111111111111111,0.38461538461538464,0.07692307692307693,18,2,1,1,1,1,0,0,0
OCC1=COC([C@@H](CO)C2=CC(O)=C(C#CCF)N=C2)=N1,26/000000149,"InChI=1S/C14H13FN2O4/c15-3-1-2-12-13(20)4-9(5-16-12)11(7-19)14-17-10(6-18)8-21-14/h4-5,8,11,18-20H,3,6-7H2/t11-/m0/s1",C14H13N2O4F,292.08593511600003,0.7126999999999999,4.47,3.52,23.1,-150.0,4.14243586996952,1,DRUGLIKE_CONCAT,HsDHODH_Druglike,6,3,99.61000000000001,4,14,4,2,0.6666666666666666,0.19047619047619047,0.09523809523809523,0.2857142857142857,0.07142857142857142,21,2,0,2,2,0,2,0,0
OCCC1=CC=C(C2=NNN=C2)C=C1O,28/000000443,"InChI=1S/C10H11N3O2/c14-4-3-7-1-2-8(5-10(7)15)9-6-11-13-12-9/h1-2,5-6,14-15H,3-4H2,(H,11,12,13)",C10H11N3O2,205.085126592,0.7120999999999997,4.47,5.21,15.0,-120.0,2.5856458200561523,1,DRUGLIKE_CONCAT,HsDHODH_Druglike,4,3,82.03,3,10,2,3,0.6666666666666666,0.13333333333333333,0.2,0.2,0.0,15,2,0,2,1,0,1,0,0
NCC1=CC=C(C2=NNN=C2)C=C1O,28/000000333,"InChI=1S/C9H10N4O/c10-4-7-2-1-6(3-9(7)14)8-5-11-13-12-8/h1-3,5,14H,4,10H2,(H,11,12,13)/p+1",C9H11N4O,190.08546094,0.6359999999999999,4.47,3.74,14.6,-120.0,3.348405201076753,1,DRUGLIKE_CONCAT,HsDHODH_Druglike,4,3,87.82000000000001,2,9,1,4,0.6428571428571429,0.07142857142857142,0.2857142857142857,0.1111111111111111,0.0,14,2,0,2,1,0,1,0,0
C[C@H](N)C(=O)C1=CCC(/C=C/C2=CC=CC=C2F)=C(CO)O1,23/000000298,"InChI=1S/C17H18FNO3/c1-11(19)17(21)15-9-8-13(16(10-20)22-15)7-6-12-4-2-3-5-14(12)18/h2-7,9,11,20H,8,10,19H2,1H3/b7-6+/t11-/m0/s1",C17H18NO3F,303.12707165599994,2.305800000000001,4.47,6.34,5.09,-170.0,3.708740929997667,1,DRUGLIKE_CONCAT,HsDHODH_Druglike,4,2,72.55000000000001,5,17,3,1,0.7727272727272727,0.13636363636363635,0.045454545454545456,0.23529411764705882,0.058823529411764705,22,2,1,1,1,1,0,0,0
OCC1=CC(CCOCC2=CC=CC(O)=C2)=CC(O)=C1,28/000000028,"InChI=1S/C16H18O4/c17-10-14-6-12(7-16(19)9-14)4-5-20-11-13-2-1-3-15(18)8-13/h1-3,6-9,17-19H,4-5,10-11H2",C16H18O4,274.120509056,2.3494,4.47,4.93,3.58,0.0,2.1905036496424497,1,DRUGLIKE_CONCAT,HsDHODH_Druglike,4,3,69.92,6,16,4,0,0.8,0.2,0.0,0.25,0.0,20,2,0,2,0,0,0,0,0
CC[C@H](N)C1=NC(O)=NC=C1C(=O)O,29/000000074,"InChI=1S/C8H11N3O3/c1-2-5(9)6-4(7(12)13)3-10-8(14)11-6/h3,5H,2,9H2,1H3,(H,12,13)(H,10,11,14)/t5-/m0/s1",C8H11N3O3,197.080041212,0.2901999999999999,4.47,4.93,12.0,-170.0,3.461950392578232,1,DRUGLIKE_CONCAT,HsDHODH_Druglike,5,3,109.33,3,8,3,3,0.5714285714285714,0.21428571428571427,0.21428571428571427,0.375,0.125,14,1,0,1,1,0,1,0,0
NCCC#CC1=CC2=C(C=C1)CC(C(=O)O)=C2,26/000000010,"InChI=1S/C14H13NO2/c15-6-2-1-3-10-4-5-11-8-13(14(16)17)9-12(11)7-10/h4-5,7,9H,2,6,8,15H2,(H,16,17)/p+1",C14H14NO2,227.094628656,1.4110000000000003,4.46,6.36,16.2,-40.0,3.5074819664559396,1,DRUGLIKE_CONCAT,HsDHODH_Druglike,2,2,63.32000000000001,2,14,2,1,0.8235294117647058,0.11764705882352941,0.058823529411764705,0.21428571428571427,0.0,17,2,1,1,0,0,0,0,0
OCC1=CC=C(C2=NNN=C2)C=C1O,28/000000336,"InChI=1S/C9H9N3O2/c13-5-7-2-1-6(3-9(7)14)8-4-10-12-11-8/h1-4,13-14H,5H2,(H,10,11,12)",C9H9N3O2,191.069476528,0.6695999999999998,4.46,3.38,14.4,-120.0,2.6113744318459844,1,DRUGLIKE_CONCAT,HsDHODH_Druglike,4,3,82.03,2,9,2,3,0.6428571428571429,0.14285714285714285,0.21428571428571427,0.1111111111111111,0.0,14,2,0,2,1,0,1,0,0
O=C(O)CNCC#CC(=O)C1=CCC=C(C(=O)O)O1,23/000000276,"InChI=1S/C12H11NO6/c14-8(3-2-6-13-7-11(15)16)9-4-1-5-10(19-9)12(17)18/h4-5,13H,1,6-7H2,(H,15,16)(H,17,18)",C12H11NO6,265.058637072,-0.49420000000000025,4.46,3.84,3.85,-60.0,3.709002197962387,1,DRUGLIKE_CONCAT,HsDHODH_Druglike,5,3,112.93,5,12,6,1,0.631578947368421,0.3157894736842105,0.05263157894736842,0.25,0.0,19,1,1,0,1,1,0,0,0
NCC1=CC=CC=C1C#CC1=C(CN)C=CC(C2=CNN=C2)=C1,3/000000264,"InChI=1S/C19H18N4/c20-10-17-4-2-1-3-14(17)5-6-15-9-16(7-8-18(15)11-21)19-12-22-23-13-19/h1-4,7-9,12-13H,10-11,20-21H2,(H,22,23)",C19H18N4,302.153146576,2.3939000000000004,4.46,6.84,20.8,-120.0,2.7462777752700447,1,DRUGLIKE_CONCAT,HsDHODH_Druglike,3,3,80.72,3,19,0,4,0.8260869565217391,0.0,0.17391304347826086,0.10526315789473684,0.0,23,3,0,3,1,0,1,0,0
O=C(O)CC1=C(CC2=NON=C2)ON=C1O,3/000000219,"InChI=1S/C8H7N3O5/c12-7(13)2-5-6(15-11-8(5)14)1-4-3-9-16-10-4/h3H,1-2H2,(H,11,14)(H,12,13)",C8H7N3O5,225.038570324,-0.018899999999999917,4.46,1.67,22.2,-40.0,3.788557706117563,1,DRUGLIKE_CONCAT,HsDHODH_Druglike,7,2,122.48,4,8,5,3,0.5,0.3125,0.1875,0.25,0.0,16,2,0,2,2,0,2,0,0
O=C(O)/C=C(\C(=O)O)C1=CC=C(CO)C(O)=C1,28/000000329,"InChI=1S/C11H10O6/c12-5-7-2-1-6(3-9(7)13)8(11(16)17)4-10(14)15/h1-4,12-13H,5H2,(H,14,15)(H,16,17)/b8-4-",C11H10O6,238.04773804,0.4370999999999999,4.46,3.31,2.22,-60.0,2.516614274148248,1,DRUGLIKE_CONCAT,HsDHODH_Druglike,4,4,115.06,4,11,6,0,0.6470588235294118,0.35294117647058826,0.0,0.09090909090909091,0.0,17,1,0,1,0,0,0,0,0
NC(N)(/C=C/C(=O)NC1=CC=CC=C1)C1=NNC(=O)N1,21/000000177,"InChI=1S/C12H14N6O2/c13-12(14,10-16-11(20)18-17-10)7-6-9(19)15-8-4-2-1-3-5-8/h1-7H,13-14H2,(H,15,19)(H2,16,17,18,20)/b7-6+",C12H14N6O2,274.117823688,-0.6369000000000002,4.46,3.71,3.58,-150.0,3.004110026160668,1,DRUGLIKE_CONCAT,HsDHODH_Druglike,5,5,142.67999999999998,4,12,2,6,0.6,0.1,0.3,0.08333333333333333,0.0,20,2,0,2,1,0,1,0,0
O=C1C=C[C@@H](/C=C/C2=CN=C(C(=O)O)C(Br)=C2)N1,13/000000005,"InChI=1S/C12H9BrN2O3/c13-9-5-7(6-14-11(9)12(17)18)1-2-8-3-4-10(16)15-8/h1-6,8H,(H,15,16)(H,17,18)/b2-1+/t8-/m1/s1",C12H9N2O3Br,307.97965424800003,1.6100999999999999,4.46,5.64,3.85,-150.0,3.855285266142042,1,DRUGLIKE_CONCAT,HsDHODH_Druglike,3,2,79.29,3,12,3,2,0.6666666666666666,0.16666666666666666,0.1111111111111111,0.08333333333333333,0.08333333333333333,18,2,1,1,2,1,1,0,0
NC1=CC(CC(=O)CNC/C=C/C2=CC(F)=CC=C2F)=CC(O)=C1,16/000000038,"InChI=1S/C18H18F2N2O2/c19-14-3-4-18(20)13(9-14)2-1-5-22-11-17(24)8-12-6-15(21)10-16(23)7-12/h1-4,6-7,9-10,22-23H,5,8,11,21H2/b2-1+",C18H18N2O2F2,332.13363425599994,2.667200000000001,4.46,5.59,5.09,0.0,2.7481581771243473,1,DRUGLIKE_CONCAT,HsDHODH_Druglike,4,3,75.35000000000001,7,18,2,2,0.75,0.08333333333333333,0.08333333333333333,0.16666666666666666,0.0,24,2,0,2,0,0,0,0,0
O=C(CO)C1=NC(C#CCC[C@@H]2CCCN2)=CN=C1Cl,19/000000035,"InChI=1S/C14H16ClN3O2/c15-14-13(12(20)9-19)18-11(8-17-14)5-2-1-4-10-6-3-7-16-10/h8,10,16,19H,1,3-4,6-7,9H2/p+1/t10-/m1/s1",C14H17N3O2Cl,293.093104432,1.1886999999999996,4.46,4.29,19.3,-150.0,4.750431821776384,1,DRUGLIKE_CONCAT,HsDHODH_Druglike,5,2,75.11,4,14,2,3,0.7,0.1,0.15,0.5,0.07142857142857142,20,2,1,1,2,1,1,0,0
CC#CC[C@H](N)C1=NC(O)=NC=C1C(=O)O,29/000000070,"InChI=1S/C10H11N3O3/c1-2-3-4-7(11)8-6(9(14)15)5-12-10(16)13-8/h5,7H,4,11H2,1H3,(H,14,15)(H,12,13,16)/t7-/m0/s1",C10H11N3O3,221.080041212,0.29359999999999997,4.46,5.94,16.0,-170.0,3.929127038217601,1,DRUGLIKE_CONCAT,HsDHODH_Druglike,5,3,109.33,3,10,3,3,0.625,0.1875,0.1875,0.3,0.1,16,1,0,1,1,0,1,0,0
C#CC(=O)OCCCCC1=NC(O)=NC=C1C(=O)O,29/000000209,"InChI=1S/C12H12N2O5/c1-2-10(15)19-6-4-3-5-9-8(11(16)17)7-13-12(18)14-9/h1,7H,3-6H2,(H,16,17)(H,13,14,18)",C12H12N2O5,264.07462148400003,0.37949999999999984,4.46,5.0,3.85,0.0,3.1616317837612034,1,DRUGLIKE_CONCAT,HsDHODH_Druglike,6,2,109.61,6,12,5,2,0.631578947368421,0.2631578947368421,0.10526315789473684,0.3333333333333333,0.0,19,1,0,1,1,0,1,0,0
NC/C=C\CCCC1=CC(O)=CC(C2=NNN=C2)=C1,28/000000457,"InChI=1S/C14H18N4O/c15-6-4-2-1-3-5-11-7-12(9-13(19)8-11)14-10-16-18-17-14/h2,4,7-10,19H,1,3,5-6,15H2,(H,16,17,18)/b4-2-",C14H18N4O,258.148061196,2.0149,4.45,1.36,18.6,-120.0,2.9210385938741688,1,DRUGLIKE_CONCAT,HsDHODH_Druglike,4,3,87.82000000000001,6,14,1,4,0.7368421052631579,0.05263157894736842,0.21052631578947367,0.2857142857142857,0.0,19,2,0,2,1,0,1,0,0
CC(=O)/C=C/C(=O)NC1=CC(C2=NNN=C2)=CC(O)=C1,28/000000255,"InChI=1S/C13H12N4O3/c1-8(18)2-3-13(20)15-10-4-9(5-11(19)6-10)12-7-14-17-16-12/h2-7,19H,1H3,(H,15,20)(H,14,16,17)/b3-2+",C13H12N4O3,272.09094024399997,1.2609999999999997,4.45,1.93,22.4,-140.0,2.757668267918911,1,DRUGLIKE_CONCAT,HsDHODH_Druglike,5,3,107.97,4,13,3,4,0.65,0.15,0.2,0.07692307692307693,0.0,20,2,0,2,1,0,1,0,0
O=C(O)C1=C(O)C=CC2=C1OCN2,21/000000071,"InChI=1S/C8H7NO4/c10-5-2-1-4-7(13-3-9-4)6(5)8(11)12/h1-2,9-10H,3H2,(H,11,12)",C8H7NO4,181.037507704,0.8521999999999998,4.45,2.3,2.22,-40.0,3.023812826931903,1,DRUGLIKE_CONCAT,HsDHODH_Druglike,4,3,78.79,1,8,4,1,0.6153846153846154,0.3076923076923077,0.07692307692307693,0.125,0.0,13,2,1,1,1,1,0,0,0
O=C(O)[C@H](O)C1=CC=C(I)C(Br)=C1,19/000000012,"InChI=1S/C8H6BrIO3/c9-5-3-4(1-2-6(5)10)7(11)8(12)13/h1-3,7,11H,(H,12,13)/t7-/m1/s1",C8H5O3BrI,355.85450415199995,2.1717000000000004,4.45,4.31,2.22,-150.0,2.948545535860312,1,DRUGLIKE_CONCAT,HsDHODH_Druglike,2,2,57.53,2,8,3,0,0.6153846153846154,0.23076923076923078,0.0,0.125,0.125,13,1,0,1,0,0,0,0,0
O=C(C1=CC=C(C2=CC=C(O)C=C2CF)N1)C1=NC(=O)ON1,23/000000218,"InChI=1S/C14H10FN3O4/c15-6-7-5-8(19)1-2-9(7)10-3-4-11(16-10)12(20)13-17-14(21)22-18-13/h1-5,16,19H,6H2,(H,17,18,21)",C14H10N3O4F,303.06553402,1.7640999999999993,4.45,5.29,3.58,-120.0,3.2967628112810505,1,DRUGLIKE_CONCAT,HsDHODH_Druglike,5,3,111.97999999999999,4,14,4,3,0.6363636363636364,0.18181818181818182,0.13636363636363635,0.07142857142857142,0.0,22,3,0,3,2,0,2,0,0
C=CC1=NC=C(C(=O)OCC2=C([C@@H](O)NCCN)OC=C2)C=C1Br,13/000000077,"InChI=1S/C16H18BrN3O4/c1-2-13-12(17)7-11(8-20-13)16(22)24-9-10-3-6-23-14(10)15(21)19-5-4-18/h2-3,6-8,15,19,21H,1,4-5,9,18H2/t15-/m1/s1",C16H18N3O4Br,395.04806815600006,1.9762999999999997,4.45,8.35,3.7,-150.0,3.740078240006966,1,DRUGLIKE_CONCAT,HsDHODH_Druglike,7,3,110.61,8,16,4,3,0.6666666666666666,0.16666666666666666,0.125,0.25,0.0625,24,2,0,2,2,0,2,0,0
CC(=O)NCC(=O)/C=C/C(=O)C1=NN=C(C2=CC=CC=N2)N1,23/000000574,"InChI=1S/C14H13N5O3/c1-9(20)16-8-10(21)5-6-12(22)14-17-13(18-19-14)11-4-2-3-7-15-11/h2-7H,8H2,1H3,(H,16,20)(H,17,18,19)/b6-5+",C14H13N5O3,299.1018392760001,0.3107999999999996,4.44,3.5,24.3,-200.0,3.1130891140105783,1,DRUGLIKE_CONCAT,HsDHODH_Druglike,6,2,117.69999999999999,6,14,3,5,0.6363636363636364,0.13636363636363635,0.22727272727272727,0.14285714285714285,0.0,22,2,0,2,2,0,2,0,0
NC1=CC=C(C#C[C@@H](O)CCCN2C=NN=C2CO)C(Cl)=C1,15/000000044,"InChI=1S/C15H17ClN4O2/c16-14-8-12(17)5-3-11(14)4-6-13(22)2-1-7-20-10-18-19-15(20)9-21/h3,5,8,10,13,21-22H,1-2,7,9,17H2/t13-/m0/s1",C15H17N4O2Cl,320.104003464,1.1988000000000003,4.44,1.19,3.58,-190.0,3.506794666319516,1,DRUGLIKE_CONCAT,HsDHODH_Druglike,6,3,97.19,5,15,2,4,0.6818181818181818,0.09090909090909091,0.18181818181818182,0.3333333333333333,0.06666666666666667,22,2,0,2,1,0,1,0,0
C=CC1=C(Br)C=CN=C1C1=C(C(N)=O)N=C(CNCCO)O1,7/000000060,"InChI=1S/C14H15BrN4O3/c1-2-8-9(15)3-4-18-11(8)13-12(14(16)21)19-10(22-13)7-17-5-6-20/h2-4,17,20H,1,5-7H2,(H2,16,21)",C14H15N4O3Br,366.03275244,1.3229000000000002,4.44,5.49,22.9,-140.0,3.190149586694954,1,DRUGLIKE_CONCAT,HsDHODH_Druglike,6,3,114.27000000000001,7,14,3,4,0.6363636363636364,0.13636363636363635,0.18181818181818182,0.21428571428571427,0.0,22,2,0,2,2,0,2,0,0
NCC1=NC=C(/C=C/[C@@H]2C=CC=C(CO)N2)C=C1Br,13/000000050,"InChI=1S/C14H16BrN3O/c15-13-6-10(8-17-14(13)7-16)4-5-11-2-1-3-12(9-19)18-11/h1-6,8,11,18-19H,7,9,16H2/b5-4+/t11-/m0/s1",C14H16N3OBr,321.04767423199996,1.7202,4.44,5.91,2.35,-150.0,4.197057142649003,1,DRUGLIKE_CONCAT,HsDHODH_Druglike,4,3,71.17,4,14,1,3,0.7368421052631579,0.05263157894736842,0.15789473684210525,0.21428571428571427,0.07142857142857142,19,2,1,1,2,1,1,0,0
C=CC1=C(CCN)N=C(C(=O)C2=CCCN2)O1,7/000000099,"InChI=1S/C12H15N3O2/c1-2-10-8(5-6-13)15-12(17-10)11(16)9-4-3-7-14-9/h2,4,14H,1,3,5-7,13H2",C12H15N3O2,233.11642672,0.8787000000000003,4.44,3.18,3.58,0.0,4.063808889532864,1,DRUGLIKE_CONCAT,HsDHODH_Druglike,5,2,81.14999999999999,5,12,2,3,0.7058823529411765,0.11764705882352941,0.17647058823529413,0.3333333333333333,0.0,17,2,1,1,2,1,1,0,0
NC1=CC=C(C2=CNC(/C=C/CO)=NC2)C(F)=C1,12/000000028,"InChI=1S/C13H14FN3O/c14-12-6-10(15)3-4-11(12)9-7-16-13(17-8-9)2-1-5-18/h1-4,6-7,18H,5,8,15H2,(H,16,17)/b2-1+",C13H14N3OF,247.112090288,1.299,4.44,5.23,2.22,-160.0,3.504029905629923,1,DRUGLIKE_CONCAT,HsDHODH_Druglike,4,3,70.64,3,13,1,3,0.7222222222222222,0.05555555555555555,0.16666666666666666,0.15384615384615385,0.0,18,2,1,1,1,1,0,0,0
NC[C@H](C#CC1=C(O)C=C2OCNC2=C1)CCCCCl,21/000000159,"InChI=1S/C15H19ClN2O2/c16-6-2-1-3-11(9-17)4-5-12-7-13-15(8-14(12)19)20-10-18-13/h7-8,11,18-19H,1-3,6,9-10,17H2/p+1/t11-/m0/s1",C15H20N2O2Cl,294.113505528,2.4895000000000005,4.44,1.76,17.9,-190.0,4.4185322266346825,1,DRUGLIKE_CONCAT,HsDHODH_Druglike,4,3,67.51,5,15,2,2,0.75,0.1,0.1,0.4666666666666667,0.06666666666666667,20,2,1,1,1,1,0,0,0
O=C(C1=CC=C(C2=CC=CC=C2)N1)C1=NC(=O)ON1,23/000000025,"InChI=1S/C13H9N3O3/c17-11(12-15-13(18)19-16-12)10-7-6-9(14-10)8-4-2-1-3-5-8/h1-7,14H,(H,15,16,18)",C13H9N3O3,255.064391148,1.5889999999999993,4.44,4.92,3.58,-120.0,2.737290062405636,1,DRUGLIKE_CONCAT,HsDHODH_Druglike,4,2,91.75,3,13,3,3,0.6842105263157895,0.15789473684210525,0.15789473684210525,0.0,0.0,19,3,0,3,2,0,2,0,0
CCCCC1=CC(C2=NNN=C2)=CC(O)=C1,28/000000345,"InChI=1S/C12H15N3O/c1-2-3-4-9-5-10(7-11(16)6-9)12-8-13-15-14-12/h5-8,16H,2-4H2,1H3,(H,13,14,15)",C12H15N3O,217.1215121,2.5199,4.44,3.19,15.0,-140.0,2.4867789101309405,1,DRUGLIKE_CONCAT,HsDHODH_Druglike,3,2,61.8,4,12,1,3,0.75,0.0625,0.1875,0.3333333333333333,0.0,16,2,0,2,1,0,1,0,0
C=CCC1=NC(C[C@@H](CN)C2=CCC(CN)=CO2)=CC=C1O,12/000000016,"InChI=1S/C17H23N3O2/c1-2-3-15-16(21)6-5-14(20-15)8-13(10-19)17-7-4-12(9-18)11-22-17/h2,5-7,11,13,21H,1,3-4,8-10,18-19H2/p+1/t13-/m0/s1",C17H24N3O2,301.179026976,1.7799,4.44,6.81,7.96,-150.0,4.696500869793461,1,DRUGLIKE_CONCAT,HsDHODH_Druglike,5,3,94.39,7,17,2,3,0.7727272727272727,0.09090909090909091,0.13636363636363635,0.35294117647058826,0.058823529411764705,22,2,1,1,2,1,1,0,0
NCCC1=CC(=O)N[C@@H]1/C=C/C1=CN=CC(Br)=C1,13/000000113,"InChI=1S/C13H14BrN3O/c14-11-5-9(7-16-8-11)1-2-12-10(3-4-15)6-13(18)17-12/h1-2,5-8,12H,3-4,15H2,(H,17,18)/p+1/b2-1+/t12-/m1/s1",C13H15N3OBr,307.03202416799996,1.6308999999999998,4.44,3.36,2.22,-150.0,4.429176415463309,1,DRUGLIKE_CONCAT,HsDHODH_Druglike,3,2,68.01,4,13,1,3,0.7222222222222222,0.05555555555555555,0.16666666666666666,0.23076923076923078,0.07692307692307693,18,2,1,1,2,1,1,0,0
NCC(=O)OC/C=C/CCC1=CC(O)=CC(C2=NNN=C2)=C1,28/000000447,"InChI=1S/C15H18N4O3/c16-9-15(21)22-5-3-1-2-4-11-6-12(8-13(20)7-11)14-10-17-19-18-14/h1,3,6-8,10,20H,2,4-5,9,16H2,(H,17,18,19)/p+1/b3-1+",C15H19N4O3,302.137890436,1.1679999999999995,4.44,3.8,22.6,-120.0,3.4313761044395035,1,DRUGLIKE_CONCAT,HsDHODH_Druglike,6,3,114.12000000000002,7,15,3,4,0.6818181818181818,0.13636363636363635,0.18181818181818182,0.26666666666666666,0.0,22,2,0,2,1,0,1,0,0
O=C(O)C1=CN=C(O)N=C1CCCC1=NN=CO1,29/000000121,"InChI=1S/C10H10N4O4/c15-9(16)6-4-11-10(17)13-7(6)2-1-3-8-14-12-5-18-8/h4-5H,1-3H2,(H,15,16)(H,11,13,17)",C10H10N4O4,250.0702048,0.4387,4.43,6.14,3.85,0.0,3.2184624848154444,1,DRUGLIKE_CONCAT,HsDHODH_Druglike,7,2,122.23,5,10,4,4,0.5555555555555556,0.2222222222222222,0.2222222222222222,0.3,0.0,18,2,0,2,2,0,2,0,0
NC(=O)C1=C(C[C@H](O)/C=C/C2=CC=C(Cl)C(Cl)=C2)COC1=O,13/000000174,"InChI=1S/C15H13Cl2NO4/c16-11-4-2-8(5-12(11)17)1-3-10(19)6-9-7-22-15(21)13(9)14(18)20/h1-5,10,19H,6-7H2,(H2,18,20)/b3-1+/t10-/m1/s1",C15H13NO4Cl2,341.022163256,2.0963,4.43,6.32,3.7,-150.0,3.332776428106116,1,DRUGLIKE_CONCAT,HsDHODH_Druglike,4,2,89.62,5,15,4,1,0.6818181818181818,0.18181818181818182,0.045454545454545456,0.2,0.06666666666666667,22,2,1,1,1,1,0,0,0
N[C@@H](C#CC1=CC2=C(C=C1O)OCN2)CCNC(=O)CCF,21/000000220,"InChI=1S/C15H18FN3O3/c16-5-3-15(21)18-6-4-11(17)2-1-10-7-12-14(8-13(10)20)22-9-19-12/h7-8,11,19-20H,3-6,9,17H2,(H,18,21)/p+1/t11-/m0/s1",C15H19N3O3F,307.133219656,0.6987,4.43,1.41,22.5,-190.0,4.348926676245073,1,DRUGLIKE_CONCAT,HsDHODH_Druglike,5,4,96.61000000000001,5,15,3,3,0.6818181818181818,0.13636363636363635,0.13636363636363635,0.4,0.06666666666666667,22,2,1,1,1,1,0,0,0
N[C@@H](CCCCCCO)CC1=CCC(CO)=CO1,12/000000010,"InChI=1S/C14H25NO3/c15-13(5-3-1-2-4-8-16)9-14-7-6-12(10-17)11-18-14/h7,11,13,16-17H,1-6,8-10,15H2/t13-/m0/s1",C14H25NO3,255.18344366,1.8269999999999997,4.43,6.73,3.58,-150.0,3.796637953924848,1,DRUGLIKE_CONCAT,HsDHODH_Druglike,4,3,75.71000000000001,9,14,3,1,0.7777777777777778,0.16666666666666666,0.05555555555555555,0.7142857142857143,0.07142857142857142,18,1,1,0,1,1,0,0,0
CC[C@@H](/C=C/C1=CC=CC=C1N)NCCO,27/000000029,"InChI=1S/C13H20N2O/c1-2-12(15-9-10-16)8-7-11-5-3-4-6-13(11)14/h3-8,12,15-16H,2,9-10,14H2,1H3/b8-7+/t12-/m0/s1",C13H20N2O,220.15756326,1.6424999999999998,4.43,5.52,2.22,-170.0,3.1358669308830756,1,DRUGLIKE_CONCAT,HsDHODH_Druglike,3,3,58.28,6,13,1,2,0.8125,0.0625,0.125,0.38461538461538464,0.07692307692307693,16,1,0,1,0,0,0,0,0
O=C(O)C1=CN=C(O)N=C1[C@@H](O)CBr,29/000000132,"InChI=1S/C7H7BrN2O4/c8-1-4(11)5-3(6(12)13)2-9-7(14)10-5/h2,4,11H,1H2,(H,12,13)(H,9,10,14)/t4-/m0/s1",C7H7N2O4Br,261.958918804,0.3086999999999999,4.43,4.99,2.74,-150.0,3.736673053700894,1,DRUGLIKE_CONCAT,HsDHODH_Druglike,5,3,103.54,3,7,4,2,0.5,0.2857142857142857,0.14285714285714285,0.2857142857142857,0.14285714285714285,14,1,0,1,1,0,1,0,0
CC(=O)CC/C=C/C1=CC(C2=NNN=C2)=CC(O)=C1,28/000000438,"InChI=1S/C14H15N3O2/c1-10(18)4-2-3-5-11-6-12(8-13(19)7-11)14-9-15-17-16-14/h3,5-9,19H,2,4H2,1H3,(H,15,16,17)/b5-3+",C14H15N3O2,257.11642672,2.5597000000000003,4.43,0.76,19.4,-140.0,2.8563771486527223,1,DRUGLIKE_CONCAT,HsDHODH_Druglike,4,2,78.87,5,14,2,3,0.7368421052631579,0.10526315789473684,0.15789473684210525,0.21428571428571427,0.0,19,2,0,2,1,0,1,0,0
O=C(C1=CC=C(C2=CC=C(O)C=C2)N1)C1=NC(=O)ON1,23/000000251,"InChI=1S/C13H9N3O4/c17-8-3-1-7(2-4-8)9-5-6-10(14-9)11(18)12-15-13(19)20-16-12/h1-6,14,17H,(H,15,16,19)",C13H9N3O4,271.05930576800006,1.2945999999999995,4.42,5.73,3.58,-120.0,2.86919352818496,1,DRUGLIKE_CONCAT,HsDHODH_Druglike,5,3,111.97999999999999,3,13,4,3,0.65,0.2,0.15,0.0,0.0,20,3,0,3,2,0,2,0,0
O=C1C=C(CCO)[C@@H](/C=C/C2=CN=CC(Br)=C2)N1,13/000000145,"InChI=1S/C13H13BrN2O2/c14-11-5-9(7-15-8-11)1-2-12-10(3-4-17)6-13(18)16-12/h1-2,5-8,12,17H,3-4H2,(H,16,18)/b2-1+/t12-/m1/s1",C13H13N2O2Br,308.01603975600005,1.6644999999999996,4.42,4.16,2.22,-150.0,3.840389085146567,1,DRUGLIKE_CONCAT,HsDHODH_Druglike,3,2,62.22,4,13,2,2,0.7222222222222222,0.1111111111111111,0.1111111111111111,0.23076923076923078,0.07692307692307693,18,2,1,1,2,1,1,0,0
O=C(O)C1=CN=C(O)N=C1C/C=C/C1=NC=NC=C1,29/000000108,"InChI=1S/C12H10N4O3/c17-11(18)9-6-14-12(19)16-10(9)3-1-2-8-4-5-13-7-15-8/h1-2,4-7H,3H2,(H,17,18)(H,14,16,19)/b2-1+",C12H10N4O3,258.07529018,0.9262999999999999,4.42,6.36,3.85,0.0,3.2184463794219544,1,DRUGLIKE_CONCAT,HsDHODH_Druglike,6,2,109.09,4,12,3,4,0.631578947368421,0.15789473684210525,0.21052631578947367,0.08333333333333333,0.0,19,2,0,2,2,0,2,0,0
NC[C@@H](/C=C/C1=C(N)C=CC(CCl)=C1)NCCO,27/000000023,"InChI=1S/C13H20ClN3O/c14-8-10-1-4-13(16)11(7-10)2-3-12(9-15)17-5-6-18/h1-4,7,12,17-18H,5-6,8-9,15-16H2/b3-2+/t12-/m1/s1",C13H20N3OCl,269.12948994,0.9299999999999999,4.41,7.51,3.58,-150.0,3.521601266142042,1,DRUGLIKE_CONCAT,HsDHODH_Druglike,4,4,84.3,7,13,1,3,0.7222222222222222,0.05555555555555555,0.16666666666666666,0.38461538461538464,0.07692307692307693,18,1,0,1,0,0,0,0,0
NC(=O)/C=C/CCC1=CC(O)=CC(C2=NNN=C2)=C1,28/000000239,"InChI=1S/C13H14N4O2/c14-13(19)4-2-1-3-9-5-10(7-11(18)6-9)12-8-15-17-16-12/h2,4-8,18H,1,3H2,(H2,14,19)(H,15,16,17)/b4-2+",C13H14N4O2,258.111675688,1.1514,4.41,0.54,20.2,-120.0,2.9377720204475946,1,DRUGLIKE_CONCAT,HsDHODH_Druglike,4,3,104.89,5,13,2,4,0.6842105263157895,0.10526315789473684,0.21052631578947367,0.15384615384615385,0.0,19,2,0,2,1,0,1,0,0
NCC1=CC=CC=C1C#CC1=CC(C2=CNN=C2)=CC=C1,3/000000120,"InChI=1S/C18H15N3/c19-11-17-6-2-1-5-15(17)9-8-14-4-3-7-16(10-14)18-12-20-21-13-18/h1-7,10,12-13H,11,19H2,(H,20,21)",C18H15N3,273.12659748000004,2.935200000000001,4.41,3.47,18.8,-120.0,2.4849339430128143,1,DRUGLIKE_CONCAT,HsDHODH_Druglike,2,2,54.7,2,18,0,3,0.8571428571428571,0.0,0.14285714285714285,0.05555555555555555,0.0,21,3,0,3,1,0,1,0,0
NC1=C(C2=NN=C(CO)O2)N=C(C/C=C/C(=O)O)C=C1,21/000000200,"InChI=1S/C12H12N4O4/c13-8-5-4-7(2-1-3-10(18)19)14-11(8)12-16-15-9(6-17)20-12/h1,3-5,17H,2,6,13H2,(H,18,19)/b3-1+",C12H12N4O4,276.085854864,0.3893999999999997,4.41,4.97,21.8,-120.0,3.059541619567261,1,DRUGLIKE_CONCAT,HsDHODH_Druglike,7,3,135.35999999999999,5,12,4,4,0.6,0.2,0.2,0.16666666666666666,0.0,20,2,0,2,2,0,2,0,0
OC1=CC(C2=NNN=C2)=CC(CCC2=CN=CN=C2)=C1,28/000000257,"InChI=1S/C14H13N5O/c20-13-4-10(1-2-11-6-15-9-16-7-11)3-12(5-13)14-8-17-19-18-14/h3-9,20H,1-2H2,(H,17,18,19)",C14H13N5O,267.112010036,1.7525,4.41,1.62,17.8,-120.0,2.707800280397956,1,DRUGLIKE_CONCAT,HsDHODH_Druglike,5,2,87.58,4,14,1,5,0.7,0.05,0.25,0.14285714285714285,0.0,20,3,0,3,2,0,2,0,0
OCCC1=COC=C(C[C@H](O)/C=C/C2=CC=C(Cl)C(Cl)=C2)C1,13/000000183,"InChI=1S/C17H18Cl2O3/c18-16-4-2-12(9-17(16)19)1-3-15(21)8-14-7-13(5-6-20)10-22-11-14/h1-4,9-11,15,20-21H,5-8H2/b3-1+/t15-/m1/s1",C17H18O3Cl2,340.063299796,4.328100000000003,4.41,4.36,4.94,-170.0,3.783891936790979,1,DRUGLIKE_CONCAT,HsDHODH_Druglike,3,2,49.69,6,17,3,0,0.7727272727272727,0.13636363636363635,0.0,0.29411764705882354,0.058823529411764705,22,2,1,1,1,1,0,0,0
OC1=C(I)C=CC(C2=NNN=C2)=C1,28/000000074,"InChI=1S/C8H6IN3O/c9-6-2-1-5(3-8(6)13)7-4-10-12-11-7/h1-4,13H,(H,10,11,12)",C8H6N3OI,286.955559812,1.7818999999999994,4.41,3.65,14.3,-120.0,2.7902010805701565,1,DRUGLIKE_CONCAT,HsDHODH_Druglike,3,2,61.800000000000004,1,8,1,3,0.6153846153846154,0.07692307692307693,0.23076923076923078,0.0,0.0,13,2,0,2,1,0,1,0,0
CCC1=NC(CO)=C(C2=COC(C(=O)N/C=C\CN)=CC2)N1,23/000000521,"InChI=1S/C15H20N4O3/c1-2-13-18-11(8-20)14(19-13)10-4-5-12(22-9-10)15(21)17-7-3-6-16/h3,5,7,9,20H,2,4,6,8,16H2,1H3,(H,17,21)(H,18,19)/p+1/b7-3-",C15H21N4O3,304.1535405,0.6981000000000002,4.41,4.93,24.3,-140.0,4.411900776541596,1,DRUGLIKE_CONCAT,HsDHODH_Druglike,5,4,113.25999999999999,6,15,3,4,0.6818181818181818,0.13636363636363635,0.18181818181818182,0.3333333333333333,0.0,22,2,1,1,2,1,1,0,0
OC1=CC2=C(C=C1C#C[C@H](O)CCNCCl)NCO2,21/000000232,"InChI=1S/C13H15ClN2O3/c14-7-15-4-3-10(17)2-1-9-5-11-13(6-12(9)18)19-8-16-11/h5-6,10,15-18H,3-4,7-8H2/p+1/t10-/m0/s1",C13H16N2O3Cl,282.07712002,1.0423999999999995,4.41,1.07,17.9,-190.0,4.788272527264389,1,DRUGLIKE_CONCAT,HsDHODH_Druglike,5,4,73.75,4,13,3,2,0.6842105263157895,0.15789473684210525,0.10526315789473684,0.38461538461538464,0.07692307692307693,19,2,1,1,1,1,0,0,0
NCCC1=NC=C(/C=C/[C@@H]2C=CC(=O)N2)C=C1Br,13/000000036,"InChI=1S/C13H14BrN3O/c14-11-7-9(8-16-12(11)5-6-15)1-2-10-3-4-13(18)17-10/h1-4,7-8,10H,5-6,15H2,(H,17,18)/p+1/b2-1+/t10-/m1/s1",C13H15N3OBr,307.03202416799996,1.4130999999999994,4.41,5.65,3.85,-150.0,4.579051528585482,1,DRUGLIKE_CONCAT,HsDHODH_Druglike,3,2,68.00999999999999,4,13,1,3,0.7222222222222222,0.05555555555555555,0.16666666666666666,0.23076923076923078,0.07692307692307693,18,2,1,1,2,1,1,0,0
CC1=CC(=O)N[C@@H]1/C=C/C1=CN=C(CCN)C(Br)=C1,13/000000147,"InChI=1S/C14H16BrN3O/c1-9-6-14(19)18-12(9)3-2-10-7-11(15)13(4-5-16)17-8-10/h2-3,6-8,12H,4-5,16H2,1H3,(H,18,19)/p+1/b3-2+/t12-/m1/s1",C14H17N3OBr,321.04767423199996,1.8032,4.41,5.99,3.85,-170.0,4.541900635634006,1,DRUGLIKE_CONCAT,HsDHODH_Druglike,3,2,68.01,4,14,1,3,0.7368421052631579,0.05263157894736842,0.15789473684210525,0.2857142857142857,0.07142857142857142,19,2,1,1,2,1,1,0,0
NCC#CC(=O)C1=CCC(CF)=C(C(=O)O)O1,23/000000294,"InChI=1S/C11H10FNO4/c12-6-7-3-4-9(8(14)2-1-5-13)17-10(7)11(15)16/h4H,3,5-6,13H2,(H,15,16)",C11H10NO4F,239.05938602,0.13000000000000006,4.41,4.36,3.85,0.0,4.053038488195071,1,DRUGLIKE_CONCAT,HsDHODH_Druglike,4,2,89.62,3,11,4,1,0.6470588235294118,0.23529411764705882,0.058823529411764705,0.2727272727272727,0.0,17,1,1,0,1,1,0,0,0
OC1=CC(/C=C/CF)=CC(C2=NNN=C2)=C1,28/000000465,"InChI=1S/C11H10FN3O/c12-3-1-2-8-4-9(6-10(16)5-8)11-7-13-15-14-11/h1-2,4-7,16H,3H2,(H,13,14,15)/b2-1+",C11H10N3OF,219.08079016,2.1599999999999993,4.41,1.16,18.1,-120.0,3.1328886091275967,1,DRUGLIKE_CONCAT,HsDHODH_Druglike,3,2,61.800000000000004,3,11,1,3,0.6875,0.0625,0.1875,0.09090909090909091,0.0,16,2,0,2,1,0,1,0,0
OCC1=CC(O)=CC(C2=NNN=C2)=C1,28/000000348,"InChI=1S/C9H9N3O2/c13-5-6-1-7(3-8(14)2-6)9-4-10-12-11-9/h1-4,13-14H,5H2,(H,10,11,12)",C9H9N3O2,191.069476528,0.6696,4.4,1.52,14.4,-120.0,2.6493163549229077,1,DRUGLIKE_CONCAT,HsDHODH_Druglike,4,3,82.03,2,9,2,3,0.6428571428571429,0.14285714285714285,0.21428571428571427,0.1111111111111111,0.0,14,2,0,2,1,0,1,0,0
NCC#CC(=O)C1=CCC(CCl)=C(C(=O)O)O1,23/000000297,"InChI=1S/C11H10ClNO4/c12-6-7-3-4-9(8(14)2-1-5-13)17-10(7)11(15)16/h4H,3,5-6,13H2,(H,15,16)",C11H10NO4Cl,255.02983548,0.39929999999999993,4.4,3.79,21.3,0.0,3.980132468128182,1,DRUGLIKE_CONCAT,HsDHODH_Druglike,4,2,89.62,3,11,4,1,0.6470588235294118,0.23529411764705882,0.058823529411764705,0.2727272727272727,0.0,17,1,1,0,1,1,0,0,0
NCC1=CC(O)=CC(C2=NNN=C2)=C1,28/000000347,"InChI=1S/C9H10N4O/c10-4-6-1-7(3-8(14)2-6)9-5-11-13-12-9/h1-3,5,14H,4,10H2,(H,11,12,13)",C9H10N4O,190.08546094,0.6359999999999999,4.4,1.61,14.6,-120.0,2.6968398164613703,1,DRUGLIKE_CONCAT,HsDHODH_Druglike,4,3,87.82000000000001,2,9,1,4,0.6428571428571429,0.07142857142857142,0.2857142857142857,0.1111111111111111,0.0,14,2,0,2,1,0,1,0,0
O=C(CBr)C1=C[C@@H](CO)NC(/C=C/CNCC2=NNN=C2)=N1,18/000000045,"InChI=1S/C13H17BrN6O2/c14-5-12(22)11-4-9(8-21)17-13(18-11)2-1-3-15-6-10-7-16-20-19-10/h1-2,4,7,9,15,21H,3,5-6,8H2,(H,17,18)(H,16,19,20)/b2-1+/t9-/m0/s1",C13H17N6O2Br,368.05963588400016,-0.3389999999999997,4.4,5.64,6.77,-150.0,4.527920933600621,1,DRUGLIKE_CONCAT,HsDHODH_Druglike,7,4,115.28999999999999,8,13,2,6,0.5909090909090909,0.09090909090909091,0.2727272727272727,0.38461538461538464,0.07692307692307693,22,2,1,1,2,1,1,0,0
C/C=C/C1=C(C(=O)O)C=C(C2=NNC(C(=O)O)=N2)C=C1,6/000000011,"InChI=1S/C13H11N3O4/c1-2-3-7-4-5-8(6-9(7)12(17)18)10-14-11(13(19)20)16-15-10/h2-6H,1H3,(H,17,18)(H,19,20)(H,14,15,16)/b3-2+",C13H11N3O4,273.07495583200006,1.9011999999999998,4.4,0.37,3.72,-200.0,2.705100131055774,1,DRUGLIKE_CONCAT,HsDHODH_Druglike,4,3,116.16999999999999,4,13,4,3,0.65,0.2,0.15,0.07692307692307693,0.0,20,2,0,2,1,0,1,0,0
O=C(O)C1=NC(C2=CC=C(CCCCCO)C(C(=O)O)=C2)=NN1,6/000000008,"InChI=1S/C15H17N3O5/c19-7-3-1-2-4-9-5-6-10(8-11(9)14(20)21)12-16-13(15(22)23)18-17-12/h5-6,8,19H,1-4,7H2,(H,20,21)(H,22,23)(H,16,17,18)",C15H17N3O5,319.1168206440001,1.5732,4.4,0.15,3.72,-180.0,2.5161431383584496,1,DRUGLIKE_CONCAT,HsDHODH_Druglike,5,4,136.4,8,15,5,3,0.6521739130434783,0.21739130434782608,0.13043478260869565,0.3333333333333333,0.0,23,2,0,2,1,0,1,0,0
OC1=CC2=C(C=C1[C@H](CF)CNCCC1=NON=C1)NCO2,21/000000234,"InChI=1S/C14H17FN4O3/c15-5-9(6-16-2-1-10-7-18-22-19-10)11-3-12-14(4-13(11)20)21-8-17-12/h3-4,7,9,16-17,20H,1-2,5-6,8H2/t9-/m1/s1",C14H17N4O3F,308.128468624,1.4223999999999992,4.4,3.49,6.31,-190.0,4.245865370413807,1,DRUGLIKE_CONCAT,HsDHODH_Druglike,7,3,92.44000000000001,7,14,3,4,0.6363636363636364,0.13636363636363635,0.18181818181818182,0.42857142857142855,0.07142857142857142,22,3,1,2,2,1,1,0,0
NCCC/C(=C/CCC1=CC(O)=CC(C2=NNN=C2)=C1)C(=O)O,28/000000409,"InChI=1S/C16H20N4O3/c17-6-2-5-12(16(22)23)4-1-3-11-7-13(9-14(21)8-11)15-10-18-20-19-15/h4,7-10,21H,1-3,5-6,17H2,(H,22,23)(H,18,19,20)/b12-4-",C16H20N4O3,316.15354049999996,1.8598000000000001,4.4,3.0,23.2,-120.0,3.0105627315537147,1,DRUGLIKE_CONCAT,HsDHODH_Druglike,5,4,125.12000000000002,8,16,3,4,0.6956521739130435,0.13043478260869565,0.17391304347826086,0.3125,0.0,23,2,0,2,1,0,1,0,0
CCOC/C=C/CCCC1=CC(O)=CC(C2=NNN=C2)=C1,28/000000152,"InChI=1S/C16H21N3O2/c1-2-21-8-6-4-3-5-7-13-9-14(11-15(20)10-13)16-12-17-19-18-16/h4,6,9-12,20H,2-3,5,7-8H2,1H3,(H,17,18,19)/b6-4+",C16H21N3O2,287.163376912,3.0927000000000016,4.4,1.97,19.6,-140.0,2.8724993581370875,1,DRUGLIKE_CONCAT,HsDHODH_Druglike,4,2,71.03,8,16,2,3,0.7619047619047619,0.09523809523809523,0.14285714285714285,0.375,0.0,21,2,0,2,1,0,1,0,0
OCC[C@@H](O)C/C=C/C1=CC(O)=CC=C1I,28/000000283,"InChI=1S/C12H15IO3/c13-12-5-4-11(16)8-9(12)2-1-3-10(15)6-7-14/h1-2,4-5,8,10,14-16H,3,6-7H2/b2-1+/t10-/m0/s1",C12H15O3I,334.00659234000005,2.1433999999999997,4.4,7.0,3.58,-150.0,3.329730916897061,1,DRUGLIKE_CONCAT,HsDHODH_Druglike,3,3,60.69,5,12,3,0,0.75,0.1875,0.0,0.3333333333333333,0.08333333333333333,16,1,0,1,0,0,0,0,0
O=C(O)C1=CN=C(O)N=C1C/C=C/CBr,29/000000111,"InChI=1S/C9H9BrN2O3/c10-4-2-1-3-7-6(8(13)14)5-11-9(15)12-7/h1-2,5H,3-4H2,(H,13,14)(H,11,12,15)/b2-1+",C9H9N2O3Br,271.97965424800003,1.3739999999999999,4.4,4.48,3.85,0.0,3.399663325182904,1,DRUGLIKE_CONCAT,HsDHODH_Druglike,4,2,83.31,4,9,3,2,0.6,0.2,0.13333333333333333,0.2222222222222222,0.0,15,1,0,1,1,0,1,0,0
NCCC[C@@H](/C=C/C1=C(F)C=CC(F)=C1)NCO,16/000000094,"InChI=1S/C13H18F2N2O/c14-11-4-6-13(15)10(8-11)3-5-12(17-9-18)2-1-7-16/h3-6,8,12,17-18H,1-2,7,9,16H2/b5-3+/t12-/m0/s1",C13H18N2OF2,256.138719636,1.6249,4.4,5.0,2.22,-150.0,3.3531877276805044,1,DRUGLIKE_CONCAT,HsDHODH_Druglike,3,3,58.28,7,13,1,2,0.7222222222222222,0.05555555555555555,0.1111111111111111,0.38461538461538464,0.07692307692307693,18,1,0,1,0,0,0,0,0
C[C@@H](O)CC/C=C/CNCC1=NC(O)=NC=C1C(=O)O,29/000000084,"InChI=1S/C13H19N3O4/c1-9(17)5-3-2-4-6-14-8-11-10(12(18)19)7-15-13(20)16-11/h2,4,7,9,14,17H,3,5-6,8H2,1H3,(H,18,19)(H,15,16,20)/b4-2+/t9-/m1/s1",C13H19N3O4,281.137556088,0.6871999999999996,4.4,6.72,5.24,-170.0,3.668385859317789,1,DRUGLIKE_CONCAT,HsDHODH_Druglike,6,4,115.57000000000001,8,13,4,3,0.65,0.2,0.15,0.46153846153846156,0.07692307692307693,20,1,0,1,1,0,1,0,0
CC(=O)OCCCC1=CC(O)=CC(C2=NNN=C2)=C1,28/000000215,"InChI=1S/C13H15N3O3/c1-9(17)19-4-2-3-10-5-11(7-12(18)6-10)13-8-14-16-15-13/h5-8,18H,2-4H2,1H3,(H,14,15,16)",C13H15N3O3,261.11134134,1.6729999999999998,4.4,2.2,19.0,-140.0,2.577184840960415,1,DRUGLIKE_CONCAT,HsDHODH_Druglike,5,2,88.10000000000001,5,13,3,3,0.6842105263157895,0.15789473684210525,0.15789473684210525,0.3076923076923077,0.0,19,2,0,2,1,0,1,0,0
O=C(C1=CC(F)=CC=C1O)[C@@H](O)C#CC1=NON=C1CCl,18/000000096,"InChI=1S/C13H8ClFN2O4/c14-6-10-9(16-21-17-10)2-4-12(19)13(20)8-5-7(15)1-3-11(8)18/h1,3,5,12,18-19H,6H2/t12-/m0/s1",C13H8N2O4FCl,310.015662636,1.2483999999999997,4.39,5.63,3.58,-150.0,3.801810086576992,1,DRUGLIKE_CONCAT,HsDHODH_Druglike,6,2,96.45,3,13,4,2,0.6190476190476191,0.19047619047619047,0.09523809523809523,0.15384615384615385,0.07692307692307693,21,2,0,2,1,0,1,0,0
CC[C@@H](O)C/C=C/CCC1=CC=C(C(=O)C2=NC(=O)ON2)N1,23/000000120,"InChI=1S/C15H19N3O4/c1-2-11(19)7-5-3-4-6-10-8-9-12(16-10)13(20)14-17-15(21)22-18-14/h3,5,8-9,11,16,19H,2,4,6-7H2,1H3,(H,17,18,21)/b5-3+/t11-/m1/s1",C15H19N3O4,305.13755608800005,1.5717999999999999,4.39,7.05,3.58,-170.0,3.905289207262443,1,DRUGLIKE_CONCAT,HsDHODH_Druglike,5,3,111.97999999999999,8,15,4,3,0.6818181818181818,0.18181818181818182,0.13636363636363635,0.4,0.06666666666666667,22,2,0,2,2,0,2,0,0
O=C(O)C1=NC(C2=CC=C(CNCCCl)C(C(=O)O)=C2)=NN1,6/000000023,"InChI=1S/C13H13ClN4O4/c14-3-4-15-6-8-2-1-7(5-9(8)12(19)20)10-16-11(13(21)22)18-17-10/h1-2,5,15H,3-4,6H2,(H,19,20)(H,21,22)(H,16,17,18)",C13H13N4O4Cl,324.0625325760001,1.1965,4.39,0.65,3.72,-180.0,2.677444668662167,1,DRUGLIKE_CONCAT,HsDHODH_Druglike,5,4,128.2,7,13,4,4,0.5909090909090909,0.18181818181818182,0.18181818181818182,0.23076923076923078,0.0,22,2,0,2,1,0,1,0,0
CCC[C@H](O)C1=NC(O)=NC=C1C(=O)O,29/000000075,"InChI=1S/C9H12N2O4/c1-2-3-6(12)7-5(8(13)14)4-10-9(15)11-7/h4,6,12H,2-3H2,1H3,(H,13,14)(H,10,11,15)/t6-/m0/s1",C9H12N2O4,212.079706864,0.7138999999999998,4.39,4.9,12.4,-170.0,3.4086696512617376,1,DRUGLIKE_CONCAT,HsDHODH_Druglike,5,3,103.54,4,9,4,2,0.6,0.26666666666666666,0.13333333333333333,0.4444444444444444,0.1111111111111111,15,1,0,1,1,0,1,0,0
CCC#CC1=C(I)N=C([C@H](N)C2=NC=C(C(=O)O)N2)C=C1,26/000000147,"InChI=1S/C14H13IN4O2/c1-2-3-4-8-5-6-9(18-12(8)15)11(16)13-17-7-10(19-13)14(20)21/h5-7,11H,2,16H2,1H3,(H,17,19)(H,20,21)/t11-/m0/s1",C14H13N4O2I,396.008323656,1.9170999999999998,4.39,3.66,22.6,-170.0,3.9585676462586905,1,DRUGLIKE_CONCAT,HsDHODH_Druglike,4,3,104.89000000000001,3,14,2,4,0.6666666666666666,0.09523809523809523,0.19047619047619047,0.21428571428571427,0.07142857142857142,21,2,0,2,2,0,2,0,0
C[C@H](N)C(=O)OCCCCC1=NC(O)=NC=C1C(=O)O,29/000000103,"InChI=1S/C12H17N3O5/c1-7(13)11(18)20-5-3-2-4-9-8(10(16)17)6-14-12(19)15-9/h6-7H,2-5,13H2,1H3,(H,16,17)(H,14,15,19)/t7-/m0/s1",C12H17N3O5,283.11682064400003,0.09349999999999947,4.39,6.2,3.85,-170.0,3.2676496355415656,1,DRUGLIKE_CONCAT,HsDHODH_Druglike,7,3,135.63,7,12,5,3,0.6,0.25,0.15,0.5,0.08333333333333333,20,1,0,1,1,0,1,0,0
NC1=CC=C(C#C[C@@H](O)CCCN2C=NN=C2)C(Cl)=C1,15/000000026,"InChI=1S/C14H15ClN4O/c15-14-8-12(16)5-3-11(14)4-6-13(20)2-1-7-19-9-17-18-10-19/h3,5,8-10,13,20H,1-2,7,16H2/t13-/m0/s1",C14H15N4OCl,290.09343878,1.7065,4.39,0.49,3.58,-170.0,3.4981638055820508,1,DRUGLIKE_CONCAT,HsDHODH_Druglike,5,2,76.96,4,14,1,4,0.7,0.05,0.2,0.2857142857142857,0.07142857142857142,20,2,0,2,1,0,1,0,0
CC[C@H](O)C1=NC(O)=NC=C1C(=O)O,29/000000094,"InChI=1S/C8H10N2O4/c1-2-5(11)6-4(7(12)13)3-9-8(14)10-6/h3,5,11H,2H2,1H3,(H,12,13)(H,9,10,14)/t5-/m0/s1",C8H10N2O4,198.0640568,0.3237999999999999,4.39,4.89,11.8,-170.0,3.441338334366174,1,DRUGLIKE_CONCAT,HsDHODH_Druglike,5,3,103.54,3,8,4,2,0.5714285714285714,0.2857142857142857,0.14285714285714285,0.375,0.125,14,1,0,1,1,0,1,0,0
CC(=O)C#CC1=CC=C(NC(=O)[C@H](O)C2=CCCO2)C=C1Cl,21/000000194,"InChI=1S/C16H14ClNO4/c1-10(19)4-5-11-6-7-12(9-13(11)17)18-16(21)15(20)14-3-2-8-22-14/h3,6-7,9,15,20H,2,8H2,1H3,(H,18,21)/t15-/m1/s1",C16H14NO4Cl,319.061135608,1.8840999999999999,4.39,7.23,3.72,-170.0,3.6085447130998096,1,DRUGLIKE_CONCAT,HsDHODH_Druglike,4,2,75.63000000000001,3,16,4,1,0.7272727272727273,0.18181818181818182,0.045454545454545456,0.25,0.0625,22,2,1,1,1,1,0,0,0
O=C(O)CCC/C=C\CCCC1=CC(O)=CC(C2=NNN=C2)=C1,28/000000441,"InChI=1S/C17H21N3O3/c21-15-10-13(9-14(11-15)16-12-18-20-19-16)7-5-3-1-2-4-6-8-17(22)23/h1-2,9-12,21H,3-8H2,(H,22,23)(H,18,19,20)/b2-1-",C17H21N3O3,315.158291532,3.3111000000000015,4.39,-0.35,22.4,-140.0,2.737333479267539,1,DRUGLIKE_CONCAT,HsDHODH_Druglike,4,3,99.10000000000001,9,17,3,3,0.7391304347826086,0.13043478260869565,0.13043478260869565,0.35294117647058826,0.0,23,2,0,2,1,0,1,0,0
OCC1=C(C2=NC(O)=NC=C2)NN=C1,23/000000026,"InChI=1S/C8H8N4O2/c13-4-5-3-10-12-7(5)6-1-2-9-8(14)11-6/h1-3,13H,4H2,(H,10,12)(H,9,11,14)",C8H8N4O2,192.064725496,0.06459999999999982,4.38,4.65,14.2,-120.0,3.097045585692138,1,DRUGLIKE_CONCAT,HsDHODH_Druglike,5,3,94.92,2,8,2,4,0.5714285714285714,0.14285714285714285,0.2857142857142857,0.125,0.0,14,2,0,2,2,0,2,0,0
CC(=O)OCCCCCC1=CC(O)=CC(C2=NNN=C2)=C1,28/000000155,"InChI=1S/C15H19N3O3/c1-11(19)21-6-4-2-3-5-12-7-13(9-14(20)8-12)15-10-16-18-17-15/h7-10,20H,2-6H2,1H3,(H,16,17,18)",C15H19N3O3,289.142641468,2.4532,4.38,-0.6,20.2,-140.0,2.538941312739862,1,DRUGLIKE_CONCAT,HsDHODH_Druglike,5,2,88.10000000000001,7,15,3,3,0.7142857142857143,0.14285714285714285,0.14285714285714285,0.4,0.0,21,2,0,2,1,0,1,0,0
CCNCCC#CC1=CC2=C(C=C1)CC(C(=O)O)=C2,26/000000151,"InChI=1S/C16H17NO2/c1-2-17-8-4-3-5-12-6-7-13-10-15(16(18)19)11-14(13)9-12/h6-7,9,11,17H,2,4,8,10H2,1H3,(H,18,19)",C16H17NO2,255.125928784,2.0618,4.38,6.12,17.4,-60.0,2.878502789678363,1,DRUGLIKE_CONCAT,HsDHODH_Druglike,2,2,49.33,4,16,2,1,0.8421052631578947,0.10526315789473684,0.05263157894736842,0.3125,0.0,19,2,1,1,0,0,0,0,0
OC1=CC2=C(C=C1C#C[C@@H](Br)CCC1=NNN=C1)NCO2,21/000000154,"InChI=1S/C14H13BrN4O2/c15-10(3-4-11-7-17-19-18-11)2-1-9-5-12-14(6-13(9)20)21-8-16-12/h5-7,10,16,20H,3-4,8H2,(H,17,18,19)/t10-/m1/s1",C14H13N4O2Br,348.02218775600005,2.019899999999999,4.38,2.25,23.7,-190.0,4.290110121364139,1,DRUGLIKE_CONCAT,HsDHODH_Druglike,5,3,83.06,3,14,2,4,0.6666666666666666,0.09523809523809523,0.19047619047619047,0.2857142857142857,0.07142857142857142,21,3,1,2,2,1,1,0,0
O=C(O)C1=CNC(CC2=CC=C(CO)C=C2C(=O)O)=C1,6/000000025,"InChI=1S/C14H13NO5/c16-7-8-1-2-9(12(3-8)14(19)20)4-11-5-10(6-15-11)13(17)18/h1-3,5-6,15-16H,4,7H2,(H,17,18)(H,19,20)",C14H13NO5,275.07937251600003,1.4942,4.38,2.16,2.35,-60.0,2.5260920191676615,1,DRUGLIKE_CONCAT,HsDHODH_Druglike,3,4,110.61999999999999,5,14,5,1,0.7,0.25,0.05,0.14285714285714285,0.0,20,2,0,2,1,0,1,0,0
O=C(O)CC1=C(C(=O)CC2=CC=CN2)ON=C1O,3/000000173,"InChI=1S/C11H10N2O5/c14-8(4-6-2-1-3-12-6)10-7(5-9(15)16)11(17)13-18-10/h1-3,12H,4-5H2,(H,13,17)(H,15,16)",C11H10N2O5,250.05897142,0.7607999999999999,4.38,1.27,2.35,-60.0,3.2355341952226837,1,DRUGLIKE_CONCAT,HsDHODH_Druglike,5,3,116.42,5,11,5,2,0.6111111111111112,0.2777777777777778,0.1111111111111111,0.18181818181818182,0.0,18,2,0,2,2,0,2,0,0
NCC#CC(=O)C1=CCC=C(C(=O)O)O1,23/000000271,"InChI=1S/C10H9NO4/c11-6-2-3-7(12)8-4-1-5-9(15-8)10(13)14/h4-5H,1,6,11H2,(H,13,14)",C10H9NO4,207.053157768,-0.20970000000000028,4.38,4.77,3.85,0.0,3.8847650137382512,1,DRUGLIKE_CONCAT,HsDHODH_Druglike,4,2,89.62,2,10,4,1,0.6666666666666666,0.26666666666666666,0.06666666666666667,0.2,0.0,15,1,1,0,1,1,0,0,0
NCC1=C[C@@H](/C=C/C2=CN=CC(Br)=C2)NC(CO)=C1,13/000000048,"InChI=1S/C14H16BrN3O/c15-12-3-10(7-17-8-12)1-2-13-4-11(6-16)5-14(9-19)18-13/h1-5,7-8,13,18-19H,6,9,16H2/p+1/b2-1+/t13-/m1/s1",C14H17N3OBr,321.04767423199996,1.5904,4.38,5.92,2.35,-150.0,4.6724161170079785,1,DRUGLIKE_CONCAT,HsDHODH_Druglike,4,3,71.17,4,14,1,3,0.7368421052631579,0.05263157894736842,0.15789473684210525,0.21428571428571427,0.07142857142857142,19,2,1,1,2,1,1,0,0
C[C@@H](CN)NCC1=NN=C(C#CC2=NN=C(CO)N2)N1,18/000000012,"InChI=1S/C11H16N8O/c1-7(4-12)13-5-10-14-8(16-18-10)2-3-9-15-11(6-20)19-17-9/h7,13,20H,4-6,12H2,1H3,(H,14,16,18)(H,15,17,19)/t7-/m0/s1",C11H16N8O,276.144707132,-1.7482999999999982,4.38,0.98,25.0,-190.0,4.5094431578087715,1,DRUGLIKE_CONCAT,HsDHODH_Druglike,7,5,141.42,5,11,1,8,0.55,0.05,0.4,0.45454545454545453,0.09090909090909091,20,2,0,2,2,0,2,0,0
OC/C=C/C[C@H](CO)C1=CC=CC(CO)=C1,17/000000015,"InChI=1S/C13H18O3/c14-7-2-1-5-13(10-16)12-6-3-4-11(8-12)9-15/h1-4,6,8,13-16H,5,7,9-10H2/b2-1+/t13-/m1/s1",C13H18O3,222.125594436,1.1934,4.38,3.7,3.85,-150.0,3.090580777036921,1,DRUGLIKE_CONCAT,HsDHODH_Druglike,3,3,60.69,6,13,3,0,0.8125,0.1875,0.0,0.38461538461538464,0.07692307692307693,16,1,0,1,0,0,0,0,0
OCC1=C(CCC2=CC=C3CNNCC3=C2Cl)N(CCl)N=C1,15/000000037,"InChI=1S/C15H18Cl2N4O/c16-9-21-14(12(8-22)6-20-21)4-3-10-1-2-11-5-18-19-7-13(11)15(10)17/h1-2,6,18-19,22H,3-5,7-9H2",C15H18N4OCl2,340.085766556,2.1181,4.38,7.34,3.84,-80.0,3.5161013791647786,1,DRUGLIKE_CONCAT,HsDHODH_Druglike,5,3,62.11,5,15,1,4,0.6818181818181818,0.045454545454545456,0.18181818181818182,0.4,0.0,22,3,1,2,2,1,1,0,0
O=C(CF)CC1=C[C@@H](/C=C/C2=CN=CC(Br)=C2)NC(CO)=C1,13/000000109,"InChI=1S/C16H16BrFN2O2/c17-13-3-11(8-19-9-13)1-2-14-4-12(6-16(22)7-18)5-15(10-21)20-14/h1-5,8-9,14,20-21H,6-7,10H2/b2-1+/t14-/m1/s1",C16H16N2O2FBr,366.037918072,2.5604000000000005,4.38,4.53,3.72,-150.0,4.3603385869150495,1,DRUGLIKE_CONCAT,HsDHODH_Druglike,4,2,62.22,6,16,2,2,0.7272727272727273,0.09090909090909091,0.09090909090909091,0.25,0.0625,22,2,1,1,2,1,1,0,0
NCC1=CC(O)=CC=C1C1=CC=C(C(=O)C2=NC(=O)ON2)N1,23/000000229,"InChI=1S/C14H12N4O4/c15-6-7-5-8(19)1-2-9(7)10-3-4-11(16-10)12(20)13-17-14(21)22-18-13/h1-5,16,19H,6,15H2,(H,17,18,21)/p+1",C14H13N4O4,300.08585486400005,0.7532999999999999,4.38,5.47,3.58,-120.0,3.6546211239361366,1,DRUGLIKE_CONCAT,HsDHODH_Druglike,6,4,138.0,4,14,4,4,0.6363636363636364,0.18181818181818182,0.18181818181818182,0.07142857142857142,0.0,22,3,0,3,2,0,2,0,0
CC#CCCC1=CC=C(C2=CC=C(C(=O)C3=NC(=O)ON3)N2)C=C1,23/000000488,"InChI=1S/C18H15N3O3/c1-2-3-4-5-12-6-8-13(9-7-12)14-10-11-15(19-14)16(22)17-20-18(23)24-21-17/h6-11,19H,4-5H2,1H3,(H,20,21,23)",C18H15N3O3,321.1113413400001,2.5449,4.37,7.76,5.09,-140.0,3.1022174193746324,1,DRUGLIKE_CONCAT,HsDHODH_Druglike,4,2,91.75,5,18,3,3,0.75,0.125,0.125,0.16666666666666666,0.0,24,3,0,3,2,0,2,0,0
COC(=O)C/C=C/CCC1=CC(O)=CC(C2=NNN=C2)=C1,28/000000250,"InChI=1S/C15H17N3O3/c1-21-15(20)6-4-2-3-5-11-7-12(9-13(19)8-11)14-10-16-18-17-14/h2,4,7-10,19H,3,5-6H2,1H3,(H,16,17,18)/b4-2+",C15H17N3O3,287.126991404,2.2291999999999996,4.37,2.92,21.2,-140.0,2.8925605435090915,1,DRUGLIKE_CONCAT,HsDHODH_Druglike,5,2,88.10000000000001,6,15,3,3,0.7142857142857143,0.14285714285714285,0.14285714285714285,0.26666666666666666,0.0,21,2,0,2,1,0,1,0,0
CNCC1=NC=C(CCC2=CC(O)=CC(C3=NNN=C3)=C2)C=N1,28/000000470,"InChI=1S/C16H18N6O/c1-17-10-16-18-7-12(8-19-16)3-2-11-4-13(6-14(23)5-11)15-9-20-22-21-15/h4-9,17,23H,2-3,10H2,1H3,(H,20,21,22)/p+1",C16H19N6O,310.154209196,1.4718999999999998,4.37,3.96,20.4,-140.0,3.4793158923768184,1,DRUGLIKE_CONCAT,HsDHODH_Druglike,6,3,99.61000000000001,6,16,1,6,0.6956521739130435,0.043478260869565216,0.2608695652173913,0.25,0.0,23,3,0,3,2,0,2,0,0
O=C(O)CC1=NOC(C(=O)C2=CC=C(/C=C/[C@H](O)CO)N2)=C1,23/000000267,"InChI=1S/C14H14N2O6/c17-7-10(18)3-1-8-2-4-11(15-8)14(21)12-5-9(16-22-12)6-13(19)20/h1-5,10,15,17-18H,6-7H2,(H,19,20)/b3-1+/t10-/m0/s1",C14H14N2O6,306.085186168,0.2272,4.37,4.79,5.09,-170.0,3.702176491157818,1,DRUGLIKE_CONCAT,HsDHODH_Druglike,6,4,136.65,7,14,6,2,0.6363636363636364,0.2727272727272727,0.09090909090909091,0.21428571428571427,0.07142857142857142,22,2,0,2,2,0,2,0,0
C/C=C/C[C@H](CO)C1=CC=C(C(=O)C2=NC(=O)ON2)N1,23/000000073,"InChI=1S/C13H15N3O4/c1-2-3-4-8(7-17)9-5-6-10(14-9)11(18)12-15-13(19)20-16-12/h2-3,5-6,8,14,17H,4,7H2,1H3,(H,15,16,19)/b3-2+/t8-/m1/s1",C13H15N3O4,277.10625596000006,0.9640999999999997,4.37,5.45,5.24,-170.0,4.1111045805965105,1,DRUGLIKE_CONCAT,HsDHODH_Druglike,5,3,111.97999999999999,6,13,4,3,0.65,0.2,0.15,0.3076923076923077,0.07692307692307693,20,2,0,2,2,0,2,0,0
CCC(=O)OC/C=C/C1=CC=C(C(=O)C2=NC(=O)NC(=O)N2)N1,23/000000523,"InChI=1S/C14H14N4O5/c1-2-10(19)23-7-3-4-8-5-6-9(15-8)11(20)12-16-13(21)18-14(22)17-12/h3-6,15H,2,7H2,1H3,(H2,16,17,18,21,22)/b4-3+",C14H14N4O5,318.09641954800003,-0.016299999999999815,4.37,5.61,6.77,-20.0,3.2975897729738346,1,DRUGLIKE_CONCAT,HsDHODH_Druglike,6,3,137.76999999999998,6,14,5,4,0.6086956521739131,0.21739130434782608,0.17391304347826086,0.21428571428571427,0.0,23,2,0,2,2,0,2,0,0
NC1=CC(O)=CC=C1C1=CC=C(C(=O)C2=NC(=O)ON2)N1,23/000000397,"InChI=1S/C13H10N4O4/c14-8-5-6(18)1-2-7(8)9-3-4-10(15-9)11(19)12-16-13(20)21-17-12/h1-5,15,18H,14H2,(H,16,17,20)",C13H10N4O4,286.07020480000006,0.8767999999999998,4.37,5.73,3.58,-120.0,3.159059265803746,1,DRUGLIKE_CONCAT,HsDHODH_Druglike,6,4,138.0,3,13,4,4,0.6190476190476191,0.19047619047619047,0.19047619047619047,0.0,0.0,21,3,0,3,2,0,2,0,0
OC1=CC2=C(C=C1C#CCCCN[C@H](Cl)CBr)NCO2,21/000000221,"InChI=1S/C14H16BrClN2O2/c15-8-14(16)17-5-3-1-2-4-10-6-11-13(7-12(10)19)20-9-18-11/h6-7,14,17-19H,1,3,5,8-9H2/p+1/t14-/m0/s1",C14H17N2O2ClBr,358.00836753199997,2.8351000000000006,4.37,1.89,19.0,-190.0,4.732028582909987,1,DRUGLIKE_CONCAT,HsDHODH_Druglike,4,3,53.519999999999996,5,14,2,2,0.7,0.1,0.1,0.42857142857142855,0.07142857142857142,20,2,1,1,1,1,0,0,0
NCC1=CC=C(CCC2=CC3=C(C=N2)C(=O)NC=N3)C(Br)=C1,12/000000023,"InChI=1S/C16H15BrN4O/c17-14-5-10(7-18)1-2-11(14)3-4-12-6-15-13(8-19-12)16(22)21-9-20-15/h1-2,5-6,8-9H,3-4,7,18H2,(H,20,21,22)/p+1",C16H16N4OBr,358.0429232,2.3245000000000005,4.37,4.84,18.0,-80.0,3.20114093960434,1,DRUGLIKE_CONCAT,HsDHODH_Druglike,4,2,84.66,4,16,1,4,0.7272727272727273,0.045454545454545456,0.18181818181818182,0.1875,0.0,22,3,0,3,2,0,2,0,0
O=C(NCCCC#CC1=C(O)C=C2OCNC2=C1)[C@H](CF)CCl,21/000000224,"InChI=1S/C16H18ClFN2O3/c17-8-12(9-18)16(22)19-5-3-1-2-4-11-6-13-15(7-14(11)21)23-10-20-13/h6-7,12,20-21H,1,3,5,8-10H2,(H,19,22)/t12-/m0/s1",C16H18N2O3FCl,340.098998336,2.2264,4.37,1.17,23.4,-190.0,3.929043080579582,1,DRUGLIKE_CONCAT,HsDHODH_Druglike,4,3,70.59,6,16,3,2,0.6956521739130435,0.13043478260869565,0.08695652173913043,0.4375,0.0625,23,2,1,1,1,1,0,0,0
NC(=O)C1=NC=C(C(=O)C#CC2=CN=C(C[C@H](F)CBr)N2)O1,30/000000019,"InChI=1S/C13H10BrFN4O3/c14-4-7(15)3-11-17-5-8(19-11)1-2-9(20)10-6-18-13(22-10)12(16)21/h5-7H,3-4H2,(H2,16,21)(H,17,19)/t7-/m0/s1",C13H10N4O3FBr,367.9920305,1.0065000000000002,4.37,0.61,5.09,-170.0,4.363641308307881,1,DRUGLIKE_CONCAT,HsDHODH_Druglike,5,2,114.87000000000002,5,13,3,4,0.5909090909090909,0.13636363636363635,0.18181818181818182,0.23076923076923078,0.07692307692307693,22,2,0,2,2,0,2,0,0
CCC1=C(C2=NNC(O)=C2)CC=C(C(=O)N/C=C\CN)O1,23/000000269,"InChI=1S/C14H18N4O3/c1-2-11-9(10-8-13(19)18-17-10)4-5-12(21-11)14(20)16-7-3-6-15/h3,5,7-8H,2,4,6,15H2,1H3,(H,16,20)(H2,17,18,19)/b7-3-",C14H18N4O3,290.13789043599996,1.1292,4.37,3.71,24.6,-140.0,4.185854832948467,1,DRUGLIKE_CONCAT,HsDHODH_Druglike,5,4,113.25999999999999,5,14,3,4,0.6666666666666666,0.14285714285714285,0.19047619047619047,0.2857142857142857,0.0,21,2,1,1,2,1,1,0,0
O=C(CO)CCC#CC1=CC2=C(C=C1)CC(C(=O)O)=C2,26/000000089,"InChI=1S/C16H14O4/c17-10-15(18)4-2-1-3-11-5-6-12-8-14(16(19)20)9-13(12)7-11/h5-7,9,17H,2,4,8,10H2,(H,19,20)",C16H14O4,270.089208928,1.4038000000000002,4.37,5.87,19.4,-40.0,2.9986160701167126,1,DRUGLIKE_CONCAT,HsDHODH_Druglike,3,2,74.6,4,16,4,0,0.8,0.2,0.0,0.25,0.0,20,2,1,1,0,0,0,0,0
CC#CC1=CC=C(NC(=O)[C@@H](O)CN)C=C1Cl,21/000000191,"InChI=1S/C12H13ClN2O2/c1-2-3-8-4-5-9(6-10(8)13)15-12(17)11(16)7-14/h4-6,11,16H,7,14H2,1H3,(H,15,17)/t11-/m0/s1",C12H13N2O2Cl,252.066555336,0.9694999999999998,4.37,8.19,2.35,-170.0,3.0315950708201163,1,DRUGLIKE_CONCAT,HsDHODH_Druglike,3,3,75.35,3,12,2,2,0.7058823529411765,0.11764705882352941,0.11764705882352941,0.25,0.08333333333333333,17,1,0,1,0,0,0,0,0
CCC1=C(C(=O)O)OC(C(=O)C#CCN)=CC1,23/000000289,"InChI=1S/C12H13NO4/c1-2-8-5-6-10(9(14)4-3-7-13)17-11(8)12(15)16/h6H,2,5,7,13H2,1H3,(H,15,16)",C12H13NO4,235.084457896,0.5705,4.37,3.95,3.85,-20.0,3.852555210603098,1,DRUGLIKE_CONCAT,HsDHODH_Druglike,4,2,89.62,3,12,4,1,0.7058823529411765,0.23529411764705882,0.058823529411764705,0.3333333333333333,0.0,17,1,1,0,1,1,0,0,0
CNC/C(=C/CCC1=CC(O)=CC(C2=NNN=C2)=C1)C(=O)O,28/000000397,"InChI=1S/C15H18N4O3/c1-16-8-11(15(21)22)4-2-3-10-5-12(7-13(20)6-10)14-9-17-19-18-14/h4-7,9,16,20H,2-3,8H2,1H3,(H,21,22)(H,17,18,19)/b11-4-",C15H18N4O3,302.13789043599996,1.3402999999999998,4.37,2.87,22.6,-140.0,3.1182791884522647,1,DRUGLIKE_CONCAT,HsDHODH_Druglike,5,4,111.13000000000001,7,15,3,4,0.6818181818181818,0.13636363636363635,0.18181818181818182,0.26666666666666666,0.0,22,2,0,2,1,0,1,0,0
CCCC(=O)NC1=CC(C2=NNN=C2)=CC(O)=C1,28/000000228,"InChI=1S/C12H14N4O2/c1-2-3-12(18)14-9-4-8(5-10(17)6-9)11-7-13-16-15-11/h4-7,17H,2-3H2,1H3,(H,14,18)(H,13,15,16)",C12H14N4O2,246.111675688,1.9159,4.37,0.62,18.6,-140.0,2.452789181648024,1,DRUGLIKE_CONCAT,HsDHODH_Druglike,4,3,90.9,4,12,2,4,0.6666666666666666,0.1111111111111111,0.2222222222222222,0.25,0.0,18,2,0,2,1,0,1,0,0
O=C(CC1=NOC=C1CCl)OCC#C[C@@H](CO)C1=NNC(=O)N1,21/000000094,"InChI=1S/C13H13ClN4O5/c14-5-9-7-23-18-10(9)4-11(20)22-3-1-2-8(6-19)12-15-13(21)17-16-12/h7-8,19H,3-6H2,(H2,15,16,17,21)/t8-/m0/s1",C13H13N4O5Cl,340.0574471960001,-0.31,4.37,6.64,6.2,-150.0,4.308766394189051,1,DRUGLIKE_CONCAT,HsDHODH_Druglike,7,3,134.1,6,13,5,4,0.5652173913043478,0.21739130434782608,0.17391304347826086,0.38461538461538464,0.07692307692307693,23,2,0,2,2,0,2,0,0
NCCC1=C(Br)C=C(/C=C/[C@H]2NC(=O)C=C2CN)C=N1,13/000000127,"InChI=1S/C14H17BrN4O/c15-11-5-9(8-18-13(11)3-4-16)1-2-12-10(7-17)6-14(20)19-12/h1-2,5-6,8,12H,3-4,7,16-17H2,(H,19,20)/p+2/b2-1+/t12-/m1/s1",C14H19N4OBr,336.0585732640001,0.7419999999999998,4.37,6.61,3.85,-150.0,5.027497437739368,1,DRUGLIKE_CONCAT,HsDHODH_Druglike,4,3,94.03,5,14,1,4,0.7,0.05,0.2,0.2857142857142857,0.07142857142857142,20,2,1,1,2,1,1,0,0
CCOC1=CC=C(C2=CC(O)=CC=C2)C=C1NC(N)=O,17/000000008,"InChI=1S/C15H16N2O3/c1-2-20-14-7-6-11(9-13(14)17-15(16)19)10-4-3-5-12(18)8-10/h3-9,18H,2H2,1H3,(H3,16,17,19)",C15H16N2O3,272.116092372,2.9485,4.36,7.78,14.4,-180.0,1.8910918942925363,1,DRUGLIKE_CONCAT,HsDHODH_Druglike,3,3,84.58000000000001,4,15,3,2,0.75,0.15,0.1,0.13333333333333333,0.0,20,2,0,2,0,0,0,0,0
O=C(O)C1=CC=C(C2=NNN=C2)C=C1O,28/000000116,"InChI=1S/C9H7N3O3/c13-8-3-5(7-4-10-12-11-7)1-2-6(8)9(14)15/h1-4,13H,(H,14,15)(H,10,11,12)",C9H7N3O3,205.048741084,0.8754999999999997,4.36,3.34,16.6,-120.0,2.3820111407819393,1,DRUGLIKE_CONCAT,HsDHODH_Druglike,4,3,99.1,2,9,3,3,0.6,0.2,0.2,0.0,0.0,15,2,0,2,1,0,1,0,0
CCCOC(=O)/C=C/CC1=NC(O)=NC=C1C(=O)O,29/000000142,"InChI=1S/C12H14N2O5/c1-2-6-19-10(15)5-3-4-9-8(11(16)17)7-13-12(18)14-9/h3,5,7H,2,4,6H2,1H3,(H,16,17)(H,13,14,18)/b5-3+",C12H14N2O5,266.09027154800003,0.9322999999999999,4.36,5.94,3.85,-20.0,3.0067465766606123,1,DRUGLIKE_CONCAT,HsDHODH_Druglike,6,2,109.61,6,12,5,2,0.631578947368421,0.2631578947368421,0.10526315789473684,0.3333333333333333,0.0,19,1,0,1,1,0,1,0,0
O=C(CF)NCC[C@H](I)C#CC1=CC2=C(C=C1O)OCN2,21/000000255,"InChI=1S/C14H14FIN2O3/c15-7-14(20)17-4-3-10(16)2-1-9-5-11-13(6-12(9)19)21-8-18-11/h5-6,10,18-19H,3-4,7-8H2,(H,17,20)/t10-/m1/s1",C14H14N2O3FI,404.00331852799997,1.7849000000000002,4.36,1.35,22.2,-190.0,4.181054905171606,1,DRUGLIKE_CONCAT,HsDHODH_Druglike,4,3,70.59,4,14,3,2,0.6666666666666666,0.14285714285714285,0.09523809523809523,0.35714285714285715,0.07142857142857142,21,2,1,1,1,1,0,0,0
CC(=O)C1=C[C@@H](CN)NC(/C=C/CNCC2=C(Br)C=NN2)=N1,18/000000052,"InChI=1S/C14H19BrN6O/c1-9(22)12-5-10(6-16)19-14(20-12)3-2-4-17-8-13-11(15)7-18-21-13/h2-3,5,7,10,17H,4,6,8,16H2,1H3,(H,18,21)(H,19,20)/b3-2+/t10-/m0/s1",C14H19N6OBr,366.08037132800007,0.6199000000000002,4.36,5.73,6.45,-170.0,4.485920969049044,1,DRUGLIKE_CONCAT,HsDHODH_Druglike,6,4,108.19000000000001,7,14,1,6,0.6363636363636364,0.045454545454545456,0.2727272727272727,0.35714285714285715,0.07142857142857142,22,2,1,1,2,1,1,0,0
NC/C=C(\C1=CCN=CN1)C1=NN=C(CCCCO)O1,14/000000011,"InChI=1S/C13H19N5O2/c14-6-4-10(11-5-7-15-9-16-11)13-18-17-12(20-13)3-1-2-8-19/h4-5,9,19H,1-3,6-8,14H2,(H,15,16)/b10-4+",C13H19N5O2,277.153874848,0.24209999999999982,4.36,4.41,23.5,0.0,3.84187096780523,1,DRUGLIKE_CONCAT,HsDHODH_Druglike,7,3,109.56,7,13,2,5,0.65,0.1,0.25,0.46153846153846156,0.0,20,2,1,1,2,1,1,0,0
O=C(O)CC1=C(C(=O)CC2=NNN=N2)ON=C1O,3/000000018,"InChI=1S/C8H7N5O5/c14-4(2-5-9-12-13-10-5)7-3(1-6(15)16)8(17)11-18-7/h1-2H2,(H,11,17)(H,15,16)(H,9,10,12,13)",C8H7N5O5,253.044718324,-1.0542000000000002,4.36,1.44,2.35,-60.0,3.3162572721457613,1,DRUGLIKE_CONCAT,HsDHODH_Druglike,8,3,155.08999999999997,5,8,5,5,0.4444444444444444,0.2777777777777778,0.2777777777777778,0.25,0.0,18,2,0,2,2,0,2,0,0
O=C(CO)C1=NC(CNC2CCCCC2)=CN=C1Cl,19/000000002,"InChI=1S/C13H18ClN3O2/c14-13-12(11(19)8-18)17-10(7-16-13)6-15-9-4-2-1-3-5-9/h7,9,15,18H,1-6,8H2",C13H18N3O2Cl,283.108754496,1.7272999999999994,4.36,4.03,3.58,-150.0,2.6731027896783637,1,DRUGLIKE_CONCAT,HsDHODH_Druglike,5,2,75.11,5,13,2,3,0.6842105263157895,0.10526315789473684,0.15789473684210525,0.6153846153846154,0.0,19,2,1,1,1,0,1,0,0
O=C(C1=CC=C(C2=CC=C(O)C=C2CO)N1)C1=NC(=O)ON1,23/000000230,"InChI=1S/C14H11N3O5/c18-6-7-5-8(19)1-2-9(7)10-3-4-11(15-10)12(20)13-16-14(21)22-17-13/h1-5,15,18-19H,6H2,(H,16,17,21)",C14H11N3O5,301.06987045200003,0.7868999999999997,4.36,5.63,3.58,-120.0,3.153519883241348,1,DRUGLIKE_CONCAT,HsDHODH_Druglike,6,4,132.21,4,14,5,3,0.6363636363636364,0.22727272727272727,0.13636363636363635,0.07142857142857142,0.0,22,3,0,3,2,0,2,0,0
OC[C@H](/C=C/C1=NN=CN1)C1=NC=C(I)C(Br)=C1,7/000000074,"InChI=1S/C11H10BrIN4O/c12-8-3-10(14-4-9(8)13)7(5-18)1-2-11-15-6-16-17-11/h1-4,6-7,18H,5H2,(H,15,16,17)/b2-1+/t7-/m0/s1",C11H10N4OBrI,419.90827104,2.3561000000000005,4.36,3.5,3.85,-150.0,4.5013501711194195,1,DRUGLIKE_CONCAT,HsDHODH_Druglike,4,2,74.69,4,11,1,4,0.6111111111111112,0.05555555555555555,0.2222222222222222,0.18181818181818182,0.09090909090909091,18,2,0,2,2,0,2,0,0
CCC1=C(C2=CN=C(C(=O)CO)O2)C(O)=NO1,20/000000002,"InChI=1S/C10H10N2O5/c1-2-6-8(9(15)12-17-6)7-3-11-10(16-7)5(14)4-13/h3,13H,2,4H2,1H3,(H,12,15)",C10H10N2O5,238.05897142,0.7725999999999997,4.36,1.33,2.22,-140.0,3.3705464509076597,1,DRUGLIKE_CONCAT,HsDHODH_Druglike,7,2,109.59,4,10,5,2,0.5882352941176471,0.29411764705882354,0.11764705882352941,0.3,0.0,17,2,0,2,2,0,2,0,0
N[C@@H](COCC(=O)CO)C1=NC(I)=C(C#CC(=O)O)C=C1,26/000000122,"InChI=1S/C13H13IN2O5/c14-13-8(2-4-12(19)20)1-3-11(16-13)10(15)7-21-6-9(18)5-17/h1,3,10,17H,5-7,15H2,(H,19,20)/t10-/m0/s1",C13H13N2O5I,403.98691951599994,-0.29990000000000006,4.36,5.07,21.7,-180.0,3.9374940597725807,1,DRUGLIKE_CONCAT,HsDHODH_Druglike,6,3,122.74,6,13,5,2,0.6190476190476191,0.23809523809523808,0.09523809523809523,0.3076923076923077,0.07692307692307693,21,1,0,1,1,0,1,0,0
NCC/C=C/[C@@H](CO)C1=NC=C(I)C(Br)=C1,7/000000067,"InChI=1S/C11H14BrIN2O/c12-9-5-11(15-6-10(9)13)8(7-16)3-1-2-4-14/h1,3,5-6,8,16H,2,4,7,14H2/b3-1+/t8-/m0/s1",C11H14N2OBrI,395.93342316800005,2.4296000000000006,4.36,2.67,3.85,-150.0,4.068055042771187,1,DRUGLIKE_CONCAT,HsDHODH_Druglike,3,2,59.14,5,11,1,2,0.6875,0.0625,0.125,0.36363636363636365,0.09090909090909091,16,1,0,1,1,0,1,0,0
COCNCC(=O)/C=C/C(=O)C1=NN=C(C2=CNNC2=O)N1,23/000000569,"InChI=1S/C12H14N6O4/c1-22-6-13-4-7(19)2-3-9(20)11-15-10(16-17-11)8-5-14-18-12(8)21/h2-3,5,13H,4,6H2,1H3,(H2,14,18,21)(H,15,16,17)/b3-2+",C12H14N6O4,306.107652928,-1.0103999999999995,4.36,3.48,3.58,-160.0,3.9358990395688913,1,DRUGLIKE_CONCAT,HsDHODH_Druglike,7,4,145.61999999999998,8,12,4,6,0.5454545454545454,0.18181818181818182,0.2727272727272727,0.25,0.0,22,2,0,2,2,0,2,0,0
OCC#CC1=C(I)N=C([C@@H](O)CCC2=NNN=C2)C=C1,26/000000079,"InChI=1S/C13H13IN4O2/c14-13-9(2-1-7-19)3-5-11(16-13)12(20)6-4-10-8-15-18-17-10/h3,5,8,12,19-20H,4,6-7H2,(H,15,17,18)/t12-/m0/s1",C13H13N4O2I,384.0083236560001,0.8143,4.36,4.66,5.09,-150.0,3.9109006476873143,1,DRUGLIKE_CONCAT,HsDHODH_Druglike,5,3,94.92,4,13,2,4,0.65,0.1,0.2,0.3076923076923077,0.07692307692307693,20,2,0,2,2,0,2,0,0
O=C(/C=C/CCO)C1=NN=C(COC2=CC=NC(Cl)=C2CCO)N1,23/000000017,"InChI=1S/C15H17ClN4O4/c16-14-10(5-8-22)12(4-6-17-14)24-9-13-18-15(20-19-13)11(23)3-1-2-7-21/h1,3-4,6,21-22H,2,5,7-9H2,(H,18,19,20)/b3-1+",C15H17N4O4Cl,352.093832704,1.0881999999999998,4.36,4.69,4.94,0.0,3.32584162751943,1,DRUGLIKE_CONCAT,HsDHODH_Druglike,7,3,121.22,9,15,4,4,0.625,0.16666666666666666,0.16666666666666666,0.3333333333333333,0.0,24,2,0,2,2,0,2,0,0
OCC1=C2OCNC2=CC=C1O,21/000000124,"InChI=1S/C8H9NO3/c10-3-5-7(11)2-1-6-8(5)12-4-9-6/h1-2,9-11H,3-4H2",C8H9NO3,167.058243148,0.6462999999999999,4.35,1.41,1.11,-40.0,3.2259071722675667,1,DRUGLIKE_CONCAT,HsDHODH_Druglike,4,3,61.72,1,8,3,1,0.6666666666666666,0.25,0.08333333333333333,0.25,0.0,12,2,1,1,1,1,0,0,0
CCCOCCN1C=C(CC/N=C2/CCCN2)C(CC(=O)O)=N1,14/000000015,"InChI=1S/C16H26N4O3/c1-2-9-23-10-8-20-12-13(14(19-20)11-16(21)22)5-7-18-15-4-3-6-17-15/h12H,2-11H2,1H3,(H,17,18)(H,21,22)",C16H25N4O3,322.20049069199996,1.2611999999999999,4.35,2.35,23.5,-80.0,3.4196194932535544,1,DRUGLIKE_CONCAT,HsDHODH_Druglike,5,2,88.74,10,16,3,4,0.6956521739130435,0.13043478260869565,0.17391304347826086,0.6875,0.0,23,2,1,1,2,1,1,0,0
O=C(O)C1=CN=C(O)N=C1CCCC1=CCCC1,29/000000087,"InChI=1S/C13H16N2O3/c16-12(17)10-8-14-13(18)15-11(10)7-3-6-9-4-1-2-5-9/h4,8H,1-3,5-7H2,(H,16,17)(H,14,15,18)",C13H16N2O3,248.116092372,2.3134000000000006,4.35,6.17,3.85,0.0,2.9981077336842237,1,DRUGLIKE_CONCAT,HsDHODH_Druglike,4,2,83.31,5,13,3,2,0.7222222222222222,0.16666666666666666,0.1111111111111111,0.46153846153846156,0.0,18,2,1,1,1,0,1,0,0
COC1=CC=C(O)C(/C=C/[C@@H]2CNC(=O)N2)=C1,22/000000021,"InChI=1S/C12H14N2O3/c1-17-10-4-5-11(15)8(6-10)2-3-9-7-13-12(16)14-9/h2-6,9,15H,7H2,1H3,(H2,13,14,16)/b3-2+/t9-/m1/s1",C12H14N2O3,234.100442308,1.0954,4.35,4.29,2.22,-170.0,3.39292926814453,1,DRUGLIKE_CONCAT,HsDHODH_Druglike,3,3,70.59,3,12,3,2,0.7058823529411765,0.17647058823529413,0.11764705882352941,0.25,0.08333333333333333,17,2,1,1,1,1,0,0,0
CCC1=NC=C(/C=C/C2=CC(N3C=NN=N3)=CC(O)=C2)C=C1N,28/000000040,"InChI=1S/C16H16N6O/c1-2-16-15(17)7-12(9-18-16)4-3-11-5-13(8-14(23)6-11)22-10-19-20-21-22/h3-10,23H,2,17H2,1H3/b4-3+",C16H16N6O,308.138559132,2.0778999999999996,4.35,4.18,21.3,-140.0,2.955949563183623,1,DRUGLIKE_CONCAT,HsDHODH_Druglike,7,2,102.74,4,16,1,6,0.6956521739130435,0.043478260869565216,0.2608695652173913,0.125,0.0,23,3,0,3,2,0,2,0,0
C=C(CCCCC1=CC(O)=CC(C2=NNN=C2)=C1)CNC,28/000000400,"InChI=1S/C16H22N4O/c1-12(10-17-2)5-3-4-6-13-7-14(9-15(21)8-13)16-11-18-20-19-16/h7-9,11,17,21H,1,3-6,10H2,2H3,(H,18,19,20)",C16H22N4O,286.179361324,2.6657,4.35,0.49,19.8,-140.0,2.9915651588937067,1,DRUGLIKE_CONCAT,HsDHODH_Druglike,4,3,73.83,8,16,1,4,0.7619047619047619,0.047619047619047616,0.19047619047619047,0.375,0.0,21,2,0,2,1,0,1,0,0
C/C=C\CCC1=NC(CO)=C[C@@H](C(=O)O)N1,18/000000004,"InChI=1S/C11H16N2O3/c1-2-3-4-5-10-12-8(7-14)6-9(13-10)11(15)16/h2-3,6,9,14H,4-5,7H2,1H3,(H,12,13)(H,15,16)/b3-2-/t9-/m0/s1",C11H16N2O3,224.116092372,0.6738,4.35,3.4,16.7,-170.0,4.326144203610349,1,DRUGLIKE_CONCAT,HsDHODH_Druglike,4,3,81.92,5,11,3,2,0.6875,0.1875,0.125,0.45454545454545453,0.09090909090909091,16,1,1,0,1,1,0,0,0
C=C(COC(=O)CO)CC(=O)C1=NC(NC)=C2C=NNC2=N1,21/000000041,"InChI=1S/C13H15N5O4/c1-7(6-22-10(21)5-19)3-9(20)13-16-11(14-2)8-4-15-18-12(8)17-13/h4,19H,1,3,5-6H2,2H3,(H2,14,15,16,17,18)",C13H15N5O4,305.11240396000005,0.059099999999999986,4.35,5.78,23.0,-80.0,3.321045677489405,1,DRUGLIKE_CONCAT,HsDHODH_Druglike,8,3,130.09000000000003,7,13,4,5,0.5909090909090909,0.18181818181818182,0.22727272727272727,0.3076923076923077,0.0,22,2,0,2,2,0,2,0,0
C/C=C/[C@H](O)C1=NC(O)=NC=C1C(=O)O,29/000000231,"InChI=1S/C9H10N2O4/c1-2-3-6(12)7-5(8(13)14)4-10-9(15)11-7/h2-4,6,12H,1H3,(H,13,14)(H,10,11,15)/b3-2+/t6-/m0/s1",C9H10N2O4,210.0640568,0.48989999999999984,4.34,3.97,3.72,-170.0,3.864339651261737,1,DRUGLIKE_CONCAT,HsDHODH_Druglike,5,3,103.54,3,9,4,2,0.6,0.26666666666666666,0.13333333333333333,0.2222222222222222,0.1111111111111111,15,1,0,1,1,0,1,0,0
OCC/C=C(/COCC1=CC(F)=CC=C1F)[C@@H]1C=CNN1,1/000000021,"InChI=1S/C15H18F2N2O2/c16-13-3-4-14(17)12(8-13)10-21-9-11(2-1-7-20)15-5-6-18-19-15/h2-6,8,15,18-20H,1,7,9-10H2/b11-2-/t15-/m0/s1",C15H18N2O2F2,296.13363425600005,1.7803,4.34,6.98,3.58,-150.0,3.9502336144284502,1,DRUGLIKE_CONCAT,HsDHODH_Druglike,4,3,53.52,7,15,2,2,0.7142857142857143,0.09523809523809523,0.09523809523809523,0.3333333333333333,0.06666666666666667,21,2,1,1,1,1,0,0,0
N[C@H](C/C=C/C1=CC(O)=CC=C1I)C1=NON=C1,28/000000287,"InChI=1S/C12H12IN3O2/c13-10-5-4-9(17)6-8(10)2-1-3-11(14)12-7-15-18-16-12/h1-2,4-7,11,17H,3,14H2/p+1/b2-1+/t11-/m1/s1",C12H13N3O2I,356.997424624,2.4831000000000003,4.34,6.35,3.58,-150.0,4.471282297816251,1,DRUGLIKE_CONCAT,HsDHODH_Druglike,5,2,85.17,4,12,2,3,0.6666666666666666,0.1111111111111111,0.16666666666666666,0.16666666666666666,0.08333333333333333,18,2,0,2,1,0,1,0,0
NC1=CC=C(N2C=NC(/C=C/CC(=O)O)=N2)C(F)=C1,12/000000026,"InChI=1S/C12H11FN4O2/c13-9-6-8(14)4-5-10(9)17-7-15-11(16-17)2-1-3-12(18)19/h1-2,4-7H,3,14H2,(H,18,19)/b2-1+",C12H11N4O2F,262.086603812,1.4765,4.34,6.88,21.4,-120.0,2.9621723107233553,1,DRUGLIKE_CONCAT,HsDHODH_Druglike,5,2,94.03,4,12,2,4,0.631578947368421,0.10526315789473684,0.21052631578947367,0.08333333333333333,0.0,19,2,0,2,1,0,1,0,0
NC/C=C/C1=CC(N2C=NN=N2)=CC(O)=C1,28/000000032,"InChI=1S/C10H11N5O/c11-3-1-2-8-4-9(6-10(16)5-8)15-7-12-13-14-15/h1-2,4-7,16H,3,11H2/b2-1+",C10H11N5O,217.096359972,0.3398,4.34,1.85,17.3,-120.0,2.855917371669402,1,DRUGLIKE_CONCAT,HsDHODH_Druglike,6,2,89.85000000000001,3,10,1,5,0.625,0.0625,0.3125,0.1,0.0,16,2,0,2,1,0,1,0,0
OCC1=CC(CCOC/C=C\CCCCl)=CC(O)=C1,28/000000054,"InChI=1S/C15H21ClO3/c16-6-3-1-2-4-7-19-8-5-13-9-14(12-17)11-15(18)10-13/h2,4,9-11,17-18H,1,3,5-8,12H2/b4-2-",C15H21O3Cl,284.11792221200005,3.0188000000000015,4.34,4.18,3.58,0.0,2.692515610191183,1,DRUGLIKE_CONCAT,HsDHODH_Druglike,3,2,49.69,9,15,3,0,0.7894736842105263,0.15789473684210525,0.0,0.4666666666666667,0.0,19,1,0,1,0,0,0,0,0
CN(C/C=C\CCCC1=CC(O)=CC(C2=NNN=C2)=C1)C(N)=O,28/000000408,"InChI=1S/C16H21N5O2/c1-21(16(17)23)7-5-3-2-4-6-12-8-13(10-14(22)9-12)15-11-18-20-19-15/h3,5,8-11,22H,2,4,6-7H2,1H3,(H2,17,23)(H,18,19,20)/b5-3-",C16H21N5O2,315.16952491200004,2.0667,4.34,0.14,23.4,-140.0,3.0539139741572665,1,DRUGLIKE_CONCAT,HsDHODH_Druglike,4,3,108.13,7,16,2,5,0.6956521739130435,0.08695652173913043,0.21739130434782608,0.3125,0.0,23,2,0,2,1,0,1,0,0
C=C(CCO)C1=C(CC(=O)O)C(O)=NO1,3/000000178,"InChI=1S/C9H11NO5/c1-5(2-3-11)8-6(4-7(12)13)9(14)10-15-8/h11H,1-4H2,(H,10,14)(H,12,13)",C9H11NO5,213.063722452,0.4029,4.33,2.12,4.83,0.0,3.42688427265007,1,DRUGLIKE_CONCAT,HsDHODH_Druglike,5,3,103.79,5,9,5,1,0.6,0.3333333333333333,0.06666666666666667,0.3333333333333333,0.0,15,1,0,1,1,0,1,0,0
C=CCCCC1=CC(O)=CC(C2=NNN=C2)=C1,28/000000194,"InChI=1S/C13H15N3O/c1-2-3-4-5-10-6-11(8-12(17)7-10)13-9-14-16-15-13/h2,6-9,17H,1,3-5H2,(H,14,15,16)",C13H15N3O,229.1215121,2.686,4.33,0.82,16.6,-120.0,2.740585891102723,1,DRUGLIKE_CONCAT,HsDHODH_Druglike,3,2,61.800000000000004,5,13,1,3,0.7647058823529411,0.058823529411764705,0.17647058823529413,0.23076923076923078,0.0,17,2,0,2,1,0,1,0,0
O=C1C=C[C@@H](/C=C/C2=CN=C(CO)C(Br)=C2)N1,13/000000007,"InChI=1S/C12H11BrN2O2/c13-10-5-8(6-14-11(10)7-16)1-2-9-3-4-12(17)15-9/h1-6,9,16H,7H2,(H,15,17)/b2-1+/t9-/m1/s1",C12H11N2O2Br,294.00038969200006,1.4041999999999997,4.33,4.87,2.35,-150.0,3.9626523450676063,1,DRUGLIKE_CONCAT,HsDHODH_Druglike,3,2,62.22,3,12,2,2,0.7058823529411765,0.11764705882352941,0.11764705882352941,0.16666666666666666,0.08333333333333333,17,2,1,1,2,1,1,0,0
OCCC1=NC(CNCCCCC2=CC=NN2)=CN=C1Cl,19/000000014,"InChI=1S/C14H20ClN5O/c15-14-13(5-8-21)19-12(10-17-14)9-16-6-2-1-3-11-4-7-18-20-11/h4,7,10,16,21H,1-3,5-6,8-9H2,(H,18,20)",C14H20N5OCl,309.13563794,1.5003999999999995,4.33,5.59,6.77,0.0,2.9108600138747924,1,DRUGLIKE_CONCAT,HsDHODH_Druglike,5,3,86.72000000000001,9,14,1,5,0.6666666666666666,0.047619047619047616,0.23809523809523808,0.5,0.0,21,2,0,2,2,0,2,0,0
O=C1CC(C2=NON=C2C(=O)O)=NN1,4/000000010,"InChI=1S/C6H4N4O4/c11-3-1-2(7-8-3)4-5(6(12)13)10-14-9-4/h1H2,(H,8,11)(H,12,13)",C6H4N4O4,196.023254608,-1.0082000000000002,4.32,4.45,21.2,-80.0,3.2604569170530846,1,DRUGLIKE_CONCAT,HsDHODH_Druglike,6,2,117.68,2,6,4,4,0.42857142857142855,0.2857142857142857,0.2857142857142857,0.16666666666666666,0.0,14,2,1,1,2,1,1,0,0
O=C(OCC1=CN=CN1)C1=CC(O)=C(Cl)C=C1,28/000000477,"InChI=1S/C11H9ClN2O3/c12-9-2-1-7(3-10(9)15)11(16)17-5-8-4-13-6-14-8/h1-4,6,15H,5H2,(H,13,14)",C11H9N2O3Cl,252.030169828,2.1256999999999993,4.32,2.43,2.22,-60.0,2.29158196645594,1,DRUGLIKE_CONCAT,HsDHODH_Druglike,4,2,75.21,3,11,3,2,0.6470588235294118,0.17647058823529413,0.11764705882352941,0.09090909090909091,0.0,17,2,0,2,1,0,1,0,0
NC[C@@H](N)C1=NC(C/C=C/CC2=NC(N)=C3C=NNC3=N2)=CC=C1,21/000000022,"InChI=1S/C16H20N8/c17-8-12(18)13-6-3-5-10(21-13)4-1-2-7-14-22-15(19)11-9-20-24-16(11)23-14/h1-3,5-6,9,12H,4,7-8,17-18H2,(H3,19,20,22,23,24)/p+1/b2-1+/t12-/m1/s1",C16H21N8,324.18109264,0.6300000000000008,4.32,4.05,21.2,-190.0,4.273974670895999,1,DRUGLIKE_CONCAT,HsDHODH_Druglike,7,4,145.41000000000003,6,16,0,8,0.6666666666666666,0.0,0.3333333333333333,0.25,0.0625,24,3,0,3,3,0,3,0,0
FC1=CC(NC2=CC=CC(CC/C=C/[C@@H]3CNCN3)=C2)=CC=C1,30/000000001,"InChI=1S/C19H22FN3/c20-16-7-4-10-18(12-16)23-17-9-3-6-15(11-17)5-1-2-8-19-13-21-14-22-19/h2-4,6-12,19,21-23H,1,5,13-14H2/b8-2+/t19-/m1/s1",C19H22N3F,311.179775924,3.5770000000000017,4.32,5.16,3.58,-170.0,3.1995313054316545,1,DRUGLIKE_CONCAT,HsDHODH_Druglike,3,3,36.089999999999996,6,19,0,3,0.8260869565217391,0.0,0.13043478260869565,0.2631578947368421,0.05263157894736842,23,3,1,2,1,1,0,0,0
CC#CC[C@H](O)C1=NC(O)=NC=C1C(=O)O,29/000000169,"InChI=1S/C10H10N2O4/c1-2-3-4-7(13)8-6(9(14)15)5-11-10(16)12-8/h5,7,13H,4H2,1H3,(H,14,15)(H,11,12,16)/t7-/m0/s1",C10H10N2O4,222.0640568,0.3272,4.32,6.35,15.8,-170.0,3.856441170596849,1,DRUGLIKE_CONCAT,HsDHODH_Druglike,5,3,103.54,3,10,4,2,0.625,0.25,0.125,0.3,0.1,16,1,0,1,1,0,1,0,0
O=C(O)C1=NC=C(C/C=C\[C@H](O)CO)C=C1Br,13/000000070,"InChI=1S/C11H12BrNO4/c12-9-4-7(2-1-3-8(15)6-14)5-13-10(9)11(16)17/h1,3-5,8,14-15H,2,6H2,(H,16,17)/b3-1-/t8-/m0/s1",C11H11NO4Br,300.994969964,0.9941999999999998,4.32,6.09,2.35,-150.0,3.46925393369637,1,DRUGLIKE_CONCAT,HsDHODH_Druglike,4,3,90.65,5,11,4,1,0.6470588235294118,0.23529411764705882,0.058823529411764705,0.2727272727272727,0.09090909090909091,17,1,0,1,1,0,1,0,0
O=C(C1=CC(F)=CC=C1O)[C@@H](O)C#CC1=NON=C1CF,18/000000091,"InChI=1S/C13H8F2N2O4/c14-6-10-9(16-21-17-10)2-4-12(19)13(20)8-5-7(15)1-3-11(8)18/h1,3,5,12,18-19H,6H2/t12-/m0/s1",C13H8N2O4F2,294.045213176,0.9790999999999999,4.32,5.6,3.58,-150.0,3.865055975171157,1,DRUGLIKE_CONCAT,HsDHODH_Druglike,6,2,96.45,3,13,4,2,0.6190476190476191,0.19047619047619047,0.09523809523809523,0.15384615384615385,0.07692307692307693,21,2,0,2,1,0,1,0,0
N[C@@H](CN1CCCN1)C1=NNC(/C=C/C2=CC(O)=CC=C2I)=C1,28/000000285,"InChI=1S/C16H20IN5O/c17-14-5-4-13(23)8-11(14)2-3-12-9-16(21-20-12)15(18)10-22-7-1-6-19-22/h2-5,8-9,15,19,23H,1,6-7,10,18H2,(H,20,21)/b3-2+/t15-/m0/s1",C16H20N5OI,425.07125826,2.1004000000000005,4.32,3.56,3.58,-150.0,4.181778508228856,1,DRUGLIKE_CONCAT,HsDHODH_Druglike,5,4,90.2,5,16,1,5,0.6956521739130435,0.043478260869565216,0.21739130434782608,0.3125,0.0625,23,3,1,2,2,1,1,0,0
NC1=CC=CC=C1C1=CC=C(C(=O)C2=NC(=O)ON2)N1,23/000000163,"InChI=1S/C13H10N4O3/c14-8-4-2-1-3-7(8)9-5-6-10(15-9)11(18)12-16-13(19)20-17-12/h1-6,15H,14H2,(H,16,17,19)",C13H10N4O3,270.07529018,1.1712,4.32,4.76,3.58,-120.0,2.964809722516943,1,DRUGLIKE_CONCAT,HsDHODH_Druglike,5,3,117.77000000000001,3,13,3,4,0.65,0.15,0.2,0.0,0.0,20,3,0,3,2,0,2,0,0
CC1=C[C@@H](COC2=CC(/C=C/CNCCO)=C(N)C=C2)OC1,27/000000047,"InChI=1S/C17H24N2O3/c1-13-9-16(21-11-13)12-22-15-4-5-17(18)14(10-15)3-2-6-19-7-8-20/h2-5,9-10,16,19-20H,6-8,11-12,18H2,1H3/b3-2+/t16-/m0/s1",C17H24N2O3,304.17869262799996,1.5877999999999999,4.32,5.44,3.58,-190.0,3.646402252281939,1,DRUGLIKE_CONCAT,HsDHODH_Druglike,5,3,76.74,8,17,3,2,0.7727272727272727,0.13636363636363635,0.09090909090909091,0.4117647058823529,0.058823529411764705,22,2,1,1,1,1,0,0,0
OCC/C=C/C1=CN=C(C2=C(CO)C(CO)=NN2)C=C1Br,7/000000072,"InChI=1S/C14H16BrN3O3/c15-11-5-12(16-6-9(11)3-1-2-4-19)14-10(7-20)13(8-21)17-18-14/h1,3,5-6,19-21H,2,4,7-8H2,(H,17,18)/b3-1+",C14H16N3O3Br,353.037503472,1.6143999999999998,4.32,9.12,20.5,-120.0,3.4005103740175677,1,DRUGLIKE_CONCAT,HsDHODH_Druglike,5,4,102.26000000000002,6,14,3,3,0.6666666666666666,0.14285714285714285,0.14285714285714285,0.2857142857142857,0.0,21,2,0,2,2,0,2,0,0
OCC[C@@H](O)C1=NN=C(C#CC2=NN=C(CBr)N2)N1,18/000000014,"InChI=1S/C10H11BrN6O2/c11-5-9-12-7(14-16-9)1-2-8-13-10(17-15-8)6(19)3-4-18/h6,18-19H,3-5H2,(H,12,14,16)(H,13,15,17)/t6-/m1/s1",C10H11N6O2Br,326.01268569200005,-0.3667000000000004,4.32,4.26,24.5,-150.0,4.69461098880285,1,DRUGLIKE_CONCAT,HsDHODH_Druglike,6,4,123.6,4,10,2,6,0.5263157894736842,0.10526315789473684,0.3157894736842105,0.4,0.1,19,2,0,2,2,0,2,0,0
CC(C)=CC1=C(C2=C(CO)C=NN2)N(CF)N=N1,23/000000142,"InChI=1S/C11H14FN5O/c1-7(2)3-9-11(17(6-12)16-14-9)10-8(5-18)4-13-15-10/h3-4,18H,5-6H2,1-2H3,(H,13,15)",C11H14N5OF,251.118238288,1.5106999999999995,4.31,4.46,24.7,-160.0,3.605647425991916,1,DRUGLIKE_CONCAT,HsDHODH_Druglike,5,2,79.62,4,11,1,5,0.6111111111111112,0.05555555555555555,0.2777777777777778,0.36363636363636365,0.0,18,2,0,2,2,0,2,0,0
NCC1=C(CC/C=C/[C@H](N)CCl)CC=C1CO,4/000000009,"InChI=1S/C13H21ClN2O/c14-7-12(16)4-2-1-3-10-5-6-11(9-17)13(10)8-15/h2,4,6,12,17H,1,3,5,7-9,15-16H2/p+1/b4-2+/t12-/m0/s1",C13H22N2OCl,256.134240972,1.4666,4.31,7.3,2.35,-150.0,4.844216461270553,1,DRUGLIKE_CONCAT,HsDHODH_Druglike,3,3,72.27,7,13,1,2,0.7647058823529411,0.058823529411764705,0.11764705882352941,0.5384615384615384,0.07692307692307693,17,1,1,0,0,0,0,0,0
OC[C@@H](/C=C/C1=C(F)C=CC(F)=C1)NCC1=NNN=C1,16/000000048,"InChI=1S/C13H14F2N4O/c14-10-2-4-13(15)9(5-10)1-3-11(8-20)16-6-12-7-17-19-18-12/h1-5,7,11,16,20H,6,8H2,(H,17,18,19)/b3-1+/t11-/m1/s1",C13H14N4OF2,280.113567508,1.2468,4.31,0.93,5.09,-150.0,3.476405910845209,1,DRUGLIKE_CONCAT,HsDHODH_Druglike,4,3,73.83,6,13,1,4,0.65,0.05,0.2,0.23076923076923078,0.07692307692307693,20,2,0,2,1,0,1,0,0
COC/C=C/C1=CC(C2=NNN=C2)=CC(O)=C1,28/000000392,"InChI=1S/C12H13N3O2/c1-17-4-2-3-9-5-10(7-11(16)6-9)12-8-13-15-14-12/h2-3,5-8,16H,4H2,1H3,(H,13,14,15)/b3-2+",C12H13N3O2,231.100776656,1.8368999999999998,4.31,0.34,17.2,-140.0,2.8813419350587655,1,DRUGLIKE_CONCAT,HsDHODH_Druglike,4,2,71.03,4,12,2,3,0.7058823529411765,0.11764705882352941,0.17647058823529413,0.16666666666666666,0.0,17,2,0,2,1,0,1,0,0
NCCC1=CC(O)=CC(C2=NNN=C2)=C1,28/000000385,"InChI=1S/C10H12N4O/c11-2-1-7-3-8(5-9(15)4-7)10-6-12-14-13-10/h3-6,15H,1-2,11H2,(H,12,13,14)",C10H12N4O,204.101111004,0.6784999999999999,4.31,1.53,15.2,-120.0,2.673646177837906,1,DRUGLIKE_CONCAT,HsDHODH_Druglike,4,3,87.82000000000001,3,10,1,4,0.6666666666666666,0.06666666666666667,0.26666666666666666,0.2,0.0,15,2,0,2,1,0,1,0,0
O=C(CO)C1=NC(C#CCCC2=CCNCN2)=CN=C1Cl,19/000000020,"InChI=1S/C14H15ClN4O2/c15-14-13(12(21)8-20)19-11(7-17-14)4-2-1-3-10-5-6-16-9-18-10/h5,7,16,18,20H,1,3,6,8-9H2",C14H15N4O2Cl,306.0883534,0.4709000000000002,4.31,6.35,21.7,0.0,3.9123690050475535,1,DRUGLIKE_CONCAT,HsDHODH_Druglike,6,3,87.14,4,14,2,4,0.6666666666666666,0.09523809523809523,0.19047619047619047,0.35714285714285715,0.0,21,2,1,1,2,1,1,0,0
O=C(O)CNCCCC1=CC(O)=CC(C2=NNN=C2)=C1,28/000000444,"InChI=1S/C13H16N4O3/c18-11-5-9(2-1-3-14-8-13(19)20)4-10(6-11)12-7-15-17-16-12/h4-7,14,18H,1-3,8H2,(H,19,20)(H,15,16,17)",C13H16N4O3,276.12224037199996,0.7840999999999996,4.31,3.17,20.4,-120.0,2.640634823731519,1,DRUGLIKE_CONCAT,HsDHODH_Druglike,5,4,111.13000000000001,7,13,3,4,0.65,0.15,0.2,0.3076923076923077,0.0,20,2,0,2,1,0,1,0,0
OC1=CC(C/C=C/CNCC2=NC=CN2)=CC2=C1NCO2,21/000000186,"InChI=1S/C15H18N4O2/c20-12-7-11(8-13-15(12)19-10-21-13)3-1-2-4-16-9-14-17-5-6-18-14/h1-2,5-8,16,19-20H,3-4,9-10H2,(H,17,18)/p+1/b2-1+",C15H19N4O2,286.142975816,1.7655999999999996,4.31,2.26,3.72,-40.0,4.212411362367654,1,DRUGLIKE_CONCAT,HsDHODH_Druglike,5,4,82.2,6,15,2,4,0.7142857142857143,0.09523809523809523,0.19047619047619047,0.26666666666666666,0.0,21,3,1,2,2,1,1,0,0
C=C(C1=C(CC(=O)O)C(O)=NO1)[C@H]1CCO1,3/000000186,"InChI=1S/C10H11NO5/c1-5(7-2-3-15-7)9-6(4-8(12)13)10(14)11-16-9/h7H,1-4H2,(H,11,14)(H,12,13)/t7-/m1/s1",C10H11NO5,225.063722452,0.8094,4.3,1.82,6.2,-170.0,3.825020061473415,1,DRUGLIKE_CONCAT,HsDHODH_Druglike,5,2,92.79,4,10,5,1,0.625,0.3125,0.0625,0.4,0.1,16,2,1,1,2,1,1,0,0
CNCNC/C=C/C1=CC(C2=NNN=C2)=CC(O)=C1,28/000000203,"InChI=1S/C13H17N5O/c1-14-9-15-4-2-3-10-5-11(7-12(19)6-10)13-8-16-18-17-13/h2-3,5-8,14-15,19H,4,9H2,1H3,(H,16,17,18)/b3-2+",C13H17N5O,259.143310164,0.9569999999999992,4.3,1.45,19.4,-140.0,3.2141843281399014,1,DRUGLIKE_CONCAT,HsDHODH_Druglike,5,4,85.86,6,13,1,5,0.6842105263157895,0.05263157894736842,0.2631578947368421,0.23076923076923078,0.0,19,2,0,2,1,0,1,0,0
CCCCC1=NNC(/C=C/C2=C(I)C=CC(O)=C2)=C1,28/000000311,"InChI=1S/C15H17IN2O/c1-2-3-4-12-10-13(18-17-12)6-5-11-9-14(19)7-8-15(11)16/h5-10,19H,2-4H2,1H3,(H,17,18)/b6-5+",C15H17N2OI,368.038561164,4.2329000000000025,4.3,6.42,3.58,-20.0,3.0332233024988753,1,DRUGLIKE_CONCAT,HsDHODH_Druglike,2,2,48.91,5,15,1,2,0.7894736842105263,0.05263157894736842,0.10526315789473684,0.26666666666666666,0.0,19,2,0,2,1,0,1,0,0
O=C(O)CC1=NN(CCCl)C=C1CC/N=C1/CCCN1,14/000000017,"InChI=1S/C13H19ClN4O2/c14-4-7-18-9-10(11(17-18)8-13(19)20)3-6-16-12-2-1-5-15-12/h9H,1-8H2,(H,15,16)(H,19,20)",C13H18N4O2Cl,298.1196535280001,1.0733999999999997,4.3,2.27,6.32,-60.0,3.609459924946093,1,DRUGLIKE_CONCAT,HsDHODH_Druglike,4,2,79.50999999999999,7,13,2,4,0.65,0.1,0.2,0.6153846153846154,0.0,20,2,1,1,2,1,1,0,0
CCC/C=C/CNCC1=NC(O)=NC=C1C(=O)O,29/000000207,"InChI=1S/C12H17N3O3/c1-2-3-4-5-6-13-8-10-9(11(16)17)7-14-12(18)15-10/h4-5,7,13H,2-3,6,8H2,1H3,(H,16,17)(H,14,15,18)/b5-4+",C12H17N3O3,251.126991404,1.3262999999999998,4.3,5.08,3.72,-20.0,3.1443268106073,1,DRUGLIKE_CONCAT,HsDHODH_Druglike,5,3,95.34000000000002,7,12,3,3,0.6666666666666666,0.16666666666666666,0.16666666666666666,0.4166666666666667,0.0,18,1,0,1,1,0,1,0,0
O=C(O)C1=CN=C(O)N=C1CCC[C@H]1CCNCCO1,29/000000029,"InChI=1S/C13H19N3O4/c17-12(18)10-8-15-13(19)16-11(10)3-1-2-9-4-5-14-6-7-20-9/h8-9,14H,1-7H2,(H,17,18)(H,15,16,19)/t9-/m0/s1",C13H19N3O4,281.137556088,0.5815999999999999,4.3,6.9,5.39,-150.0,3.4464812144889354,1,DRUGLIKE_CONCAT,HsDHODH_Druglike,6,3,104.57000000000001,5,13,4,3,0.65,0.2,0.15,0.6153846153846154,0.07692307692307693,20,2,1,1,2,1,1,0,0
C=CC[C@H](O)C1=NC(O)=NC=C1C(=O)O,29/000000034,"InChI=1S/C9H10N2O4/c1-2-3-6(12)7-5(8(13)14)4-10-9(15)11-7/h2,4,6,12H,1,3H2,(H,13,14)(H,10,11,15)/t6-/m0/s1",C9H10N2O4,210.0640568,0.48989999999999984,4.3,4.19,13.4,-150.0,3.690314266646352,1,DRUGLIKE_CONCAT,HsDHODH_Druglike,5,3,103.54,4,9,4,2,0.6,0.26666666666666666,0.13333333333333333,0.2222222222222222,0.1111111111111111,15,1,0,1,1,0,1,0,0
O=C(CO)OCCCCC1=CC(O)=CC(C2=NNN=C2)=C1,28/000000418,"InChI=1S/C14H17N3O4/c18-9-14(20)21-4-2-1-3-10-5-11(7-12(19)6-10)13-8-15-17-16-13/h5-8,18-19H,1-4,9H2,(H,15,16,17)",C14H17N3O4,291.12190602400005,1.0354999999999999,4.29,1.53,20.8,-120.0,2.6967297742783245,1,DRUGLIKE_CONCAT,HsDHODH_Druglike,6,3,108.33,7,14,4,3,0.6666666666666666,0.19047619047619047,0.14285714285714285,0.35714285714285715,0.0,21,2,0,2,1,0,1,0,0
O=C(CNC/C=C/C1=C(F)C=CC(F)=C1)CC1=CCC=CN1,16/000000032,"InChI=1S/C17H18F2N2O/c18-14-6-7-17(19)13(10-14)4-3-8-20-12-16(22)11-15-5-1-2-9-21-15/h2-7,9-10,20-21H,1,8,11-12H2/b4-3+",C17H18N2OF2,304.138719636,2.917700000000001,4.29,4.87,5.09,0.0,3.3711409396043397,1,DRUGLIKE_CONCAT,HsDHODH_Druglike,3,2,41.13,7,17,1,2,0.7727272727272727,0.045454545454545456,0.09090909090909091,0.23529411764705882,0.0,22,2,1,1,1,1,0,0,0
OCCC[C@@H](/C=C/C1=C(F)C=CC(F)=C1)NCO,16/000000097,"InChI=1S/C13H17F2NO2/c14-11-4-6-13(15)10(8-11)3-5-12(16-9-18)2-1-7-17/h3-6,8,12,16-18H,1-2,7,9H2/b5-3+/t12-/m0/s1",C13H17NO2F2,257.122735224,1.6584999999999999,4.29,5.51,2.22,-150.0,3.3446972661420427,1,DRUGLIKE_CONCAT,HsDHODH_Druglike,3,3,52.489999999999995,7,13,2,1,0.7222222222222222,0.1111111111111111,0.05555555555555555,0.38461538461538464,0.07692307692307693,18,1,0,1,0,0,0,0,0
C[C@H](O)CNC/C=C/C1=CC(F)=CC=C1F,16/000000003,"InChI=1S/C12H15F2NO/c1-9(16)8-15-6-2-3-10-7-11(13)4-5-12(10)14/h2-5,7,9,15-16H,6,8H2,1H3/b3-2+/t9-/m0/s1",C12H15NOF2,227.11217054,1.9484000000000001,4.29,4.52,2.22,-170.0,2.9011200777362234,1,DRUGLIKE_CONCAT,HsDHODH_Druglike,2,2,32.26,5,12,1,1,0.75,0.0625,0.0625,0.3333333333333333,0.08333333333333333,16,1,0,1,0,0,0,0,0
OC[C@H](CC1=CC=C(O)C(/C=C/CCl)=N1)C1=CCC=CO1,12/000000007,"InChI=1S/C16H18ClNO3/c17-8-3-4-14-15(20)7-6-13(18-14)10-12(11-19)16-5-1-2-9-21-16/h2-7,9,12,19-20H,1,8,10-11H2/b4-3+/t12-/m0/s1",C16H18NO3Cl,307.09752111599994,3.0081000000000016,4.29,6.35,6.58,-150.0,4.249061306736143,1,DRUGLIKE_CONCAT,HsDHODH_Druglike,4,2,62.58,6,16,3,1,0.7619047619047619,0.14285714285714285,0.047619047619047616,0.3125,0.0625,21,2,1,1,2,1,1,0,0
O=C(/C=C/C(=O)C1=NN=C(C2=NNN=N2)N1)CCF,23/000000566,"InChI=1S/C9H8FN7O2/c10-4-3-5(18)1-2-6(19)7-11-8(13-12-7)9-14-16-17-15-9/h1-2H,3-4H2,(H,11,12,13)(H,14,15,16,17)/b2-1+",C9H8N7O2F,265.07235071599996,-0.3476000000000008,4.29,2.77,3.58,-80.0,3.716448943524518,1,DRUGLIKE_CONCAT,HsDHODH_Druglike,7,2,130.17,6,9,2,7,0.47368421052631576,0.10526315789473684,0.3684210526315789,0.2222222222222222,0.0,19,2,0,2,2,0,2,0,0
CCCCCC1=NC(CO)=C[C@@H](C(=O)O)N1,18/000000005,"InChI=1S/C11H18N2O3/c1-2-3-4-5-10-12-8(7-14)6-9(13-10)11(15)16/h6,9,14H,2-5,7H2,1H3,(H,12,13)(H,15,16)/t9-/m0/s1",C11H18N2O3,226.131742436,0.8977999999999999,4.29,4.09,15.7,-170.0,3.8359683294844737,1,DRUGLIKE_CONCAT,HsDHODH_Druglike,4,3,81.92,6,11,3,2,0.6875,0.1875,0.125,0.6363636363636364,0.09090909090909091,16,1,1,0,1,1,0,0,0
C=CC1=C(Br)C=CN=C1C1=C(C(N)=O)N=C(CO)O1,7/000000020,"InChI=1S/C12H10BrN3O3/c1-2-6-7(13)3-4-15-9(6)11-10(12(14)18)16-8(5-17)19-11/h2-4,17H,1,5H2,(H2,14,18)",C12H10N3O3Br,322.99055328,1.7332999999999998,4.29,6.0,20.3,-120.0,3.2664072275481857,1,DRUGLIKE_CONCAT,HsDHODH_Druglike,5,2,102.24000000000001,4,12,3,3,0.631578947368421,0.15789473684210525,0.15789473684210525,0.08333333333333333,0.0,19,2,0,2,2,0,2,0,0
NCC(=O)N[C@H](CO)CCC#CC1=C(O)C=C2OCNC2=C1,21/000000252,"InChI=1S/C15H19N3O4/c16-7-15(21)18-11(8-19)4-2-1-3-10-5-12-14(6-13(10)20)22-9-17-12/h5-6,11,17,19-20H,2,4,7-9,16H2,(H,18,21)/t11-/m0/s1",C15H19N3O4,305.13755608800005,-0.2784999999999999,4.29,2.22,21.0,-190.0,3.735803351183039,1,DRUGLIKE_CONCAT,HsDHODH_Druglike,6,5,116.84000000000002,5,15,4,3,0.6818181818181818,0.18181818181818182,0.13636363636363635,0.4,0.06666666666666667,22,2,1,1,1,1,0,0,0
CC/C=C/CCCCNCCC1=CC2=C(C=C1O)OCN2,21/000000142,"InChI=1S/C17H26N2O2/c1-2-3-4-5-6-7-9-18-10-8-14-11-15-17(12-16(14)20)21-13-19-15/h3-4,11-12,18-20H,2,5-10,13H2,1H3/b4-3+",C17H26N2O2,290.199428072,3.422600000000001,4.29,0.15,3.72,-60.0,2.9565341626768102,1,DRUGLIKE_CONCAT,HsDHODH_Druglike,4,3,53.519999999999996,9,17,2,2,0.8095238095238095,0.09523809523809523,0.09523809523809523,0.5294117647058824,0.0,21,2,1,1,1,1,0,0,0
N[C@@H](CO)N(CC#CC1=NC=CC=C1)CCC1=CNC=NC1,17/000000012,"InChI=1S/C16H21N5O/c17-16(12-22)21(9-6-14-10-18-13-19-11-14)8-3-5-15-4-1-2-7-20-15/h1-2,4,7,10,13,16,22H,6,8-9,11-12,17H2,(H,18,19)/t16-/m1/s1",C16H21N5O,299.174610292,-0.08229999999999954,4.29,2.09,3.58,-190.0,4.276045658875347,1,DRUGLIKE_CONCAT,HsDHODH_Druglike,6,3,86.77,6,16,1,5,0.7272727272727273,0.045454545454545456,0.22727272727272727,0.375,0.0625,22,2,1,1,2,1,1,0,0
N[C@@H](F)C(=O)C1=NN(C(=O)O)C=C1Cl,17/000000027,"InChI=1S/C6H5ClFN3O3/c7-2-1-11(6(13)14)10-3(2)4(12)5(8)9/h1,5H,9H2,(H,13,14)/p+1/t5-/m1/s1",C6H6N3O3FCl,221.00034692,0.4995999999999999,4.29,2.66,2.22,-150.0,4.321545195073035,1,DRUGLIKE_CONCAT,HsDHODH_Druglike,5,2,98.21000000000001,2,6,3,3,0.42857142857142855,0.21428571428571427,0.21428571428571427,0.16666666666666666,0.16666666666666666,14,1,0,1,1,0,1,0,0
OC1=C(C#CC[C@@H](CF)CCCl)C=C2NCOC2=C1,21/000000163,"InChI=1S/C14H15ClFNO2/c15-5-4-10(8-16)2-1-3-11-6-12-14(7-13(11)18)19-9-17-12/h6-7,10,17-18H,2,4-5,8-9H2/t10-/m1/s1",C14H15NO2FCl,283.07753462,3.1102000000000007,4.29,1.8,18.6,-190.0,4.148816117007978,1,DRUGLIKE_CONCAT,HsDHODH_Druglike,3,2,41.489999999999995,4,14,2,1,0.7368421052631579,0.10526315789473684,0.05263157894736842,0.42857142857142855,0.07142857142857142,19,2,1,1,1,1,0,0,0
NC(=O)C1=NC=C(C2=CON=C2O)C=C1CBr,3/000000258,"InChI=1S/C10H8BrN3O3/c11-2-5-1-6(3-13-8(5)9(12)15)7-4-17-14-10(7)16/h1,3-4H,2H2,(H2,12,15)(H,14,16)",C10H8N3O3Br,296.97490321600003,1.4359999999999997,4.29,4.66,18.1,-120.0,3.286856761873288,1,DRUGLIKE_CONCAT,HsDHODH_Druglike,5,2,102.24000000000001,3,10,3,3,0.5882352941176471,0.17647058823529413,0.17647058823529413,0.1,0.0,17,2,0,2,2,0,2,0,0
C/C=C/CO[C@H](Cl)C1=NC(O)=NC=C1C(=O)O,29/000000213,"InChI=1S/C10H11ClN2O4/c1-2-3-4-17-8(11)7-6(9(14)15)5-12-10(16)13-7/h2-3,5,8H,4H2,1H3,(H,14,15)(H,12,13,16)/b3-2+/t8-/m0/s1",C10H11N2O4Cl,258.04073451200003,1.7105,4.29,4.92,15.7,-170.0,3.9595944019237943,1,DRUGLIKE_CONCAT,HsDHODH_Druglike,5,2,92.54,5,10,4,2,0.5882352941176471,0.23529411764705882,0.11764705882352941,0.3,0.1,17,1,0,1,1,0,1,0,0
O=C(O)/C=C\CCC1=CC(O)=CC(C2=NNN=C2)=C1,28/000000214,"InChI=1S/C13H13N3O3/c17-11-6-9(3-1-2-4-13(18)19)5-10(7-11)12-8-14-16-15-12/h2,4-8,17H,1,3H2,(H,18,19)(H,14,15,16)/b4-2-",C13H13N3O3,259.095691276,1.7507,4.29,2.57,20.0,-120.0,2.805643815319389,1,DRUGLIKE_CONCAT,HsDHODH_Druglike,4,3,99.10000000000001,5,13,3,3,0.6842105263157895,0.15789473684210525,0.15789473684210525,0.15384615384615385,0.0,19,2,0,2,1,0,1,0,0
C=C(C(=O)O)C1=CC=C(CO)C(O)=C1,28/000000071,"InChI=1S/C10H10O4/c1-6(10(13)14)7-2-3-8(5-11)9(12)4-7/h2-4,11-12H,1,5H2,(H,13,14)",C10H10O4,194.0579088,0.9823,4.29,3.37,2.22,0.0,2.474427363238915,1,DRUGLIKE_CONCAT,HsDHODH_Druglike,3,3,77.76,3,10,4,0,0.7142857142857143,0.2857142857142857,0.0,0.1,0.0,14,1,0,1,0,0,0,0,0
CCCC(=O)/C=C/C(=O)C1=NN=C(C2=CN=NN2)N1,23/000000564,"InChI=1S/C11H12N6O2/c1-2-3-7(18)4-5-9(19)11-13-10(15-16-11)8-6-12-17-14-8/h4-6H,2-3H2,1H3,(H,12,14,17)(H,13,15,16)/b5-4+",C11H12N6O2,260.102173624,0.6978999999999999,4.29,2.79,3.58,-120.0,3.8626591999347735,1,DRUGLIKE_CONCAT,HsDHODH_Druglike,6,2,117.28,6,11,2,6,0.5789473684210527,0.10526315789473684,0.3157894736842105,0.2727272727272727,0.0,19,2,0,2,2,0,2,0,0
NC/C=C\[C@@H](O)CCC1=CC(O)=CC(CCO)=C1,28/000000012,"InChI=1S/C14H21NO3/c15-6-1-2-13(17)4-3-11-8-12(5-7-16)10-14(18)9-11/h1-2,8-10,13,16-18H,3-7,15H2/b2-1-/t13-/m1/s1",C14H21NO3,251.152143532,0.7354,4.29,3.26,2.22,-150.0,3.2142748046035816,1,DRUGLIKE_CONCAT,HsDHODH_Druglike,4,4,86.71000000000001,7,14,3,1,0.7777777777777778,0.16666666666666666,0.05555555555555555,0.42857142857142855,0.07142857142857142,18,1,0,1,0,0,0,0,0
OCC/C=C/CCC1=CC(O)=CC(C2=NNN=C2)=C1,28/000000179,"InChI=1S/C14H17N3O2/c18-6-4-2-1-3-5-11-7-12(9-13(19)8-11)14-10-15-17-16-14/h1-2,7-10,18-19H,3-6H2,(H,15,16,17)/b2-1+",C14H17N3O2,259.132076784,2.0484999999999998,4.29,1.34,18.4,-120.0,2.898361111356685,1,DRUGLIKE_CONCAT,HsDHODH_Druglike,4,3,82.03,6,14,2,3,0.7368421052631579,0.10526315789473684,0.15789473684210525,0.2857142857142857,0.0,19,2,0,2,1,0,1,0,0
O=C1NC[C@@H](CCCOC2=CC=CC(Br)=C2)N1,22/000000065,"InChI=1S/C12H15BrN2O2/c13-9-3-1-5-11(7-9)17-6-2-4-10-8-14-12(16)15-10/h1,3,5,7,10H,2,4,6,8H2,(H2,14,15,16)/t10-/m1/s1",C12H15N2O2Br,298.03168982000005,2.2895,4.28,3.4,2.22,-150.0,2.939110626072317,1,DRUGLIKE_CONCAT,HsDHODH_Druglike,2,2,50.36,5,12,2,2,0.7058823529411765,0.11764705882352941,0.11764705882352941,0.4166666666666667,0.08333333333333333,17,2,1,1,1,1,0,0,0
N[C@@H](CBr)C1=NC(O)=NC=C1C(=O)O,29/000000215,"InChI=1S/C7H8BrN3O3/c8-1-4(9)5-3(6(12)13)2-10-7(14)11-5/h2,4H,1,9H2,(H,12,13)(H,10,11,14)/t4-/m0/s1",C7H8N3O3Br,260.97490321600003,0.2751,4.28,5.65,13.1,-150.0,3.7920838645117048,1,DRUGLIKE_CONCAT,HsDHODH_Druglike,5,3,109.33,3,7,3,3,0.5,0.21428571428571427,0.21428571428571427,0.2857142857142857,0.14285714285714285,14,1,0,1,1,0,1,0,0
NC1=CC=C(OC(F)F)C=C1/C=C/CNCCO,27/000000040,"InChI=1S/C12H16F2N2O2/c13-12(14)18-10-3-4-11(15)9(8-10)2-1-5-16-6-7-17/h1-4,8,12,16-17H,5-7,15H2/b2-1+",C12H16N2O2F2,258.117984192,1.4653,4.28,5.39,3.58,-150.0,2.669952041376531,1,DRUGLIKE_CONCAT,HsDHODH_Druglike,4,3,67.51,7,12,2,2,0.6666666666666666,0.1111111111111111,0.1111111111111111,0.3333333333333333,0.0,18,1,0,1,0,0,0,0,0
O=C(O)C1=COC(C2=NC(I)=C(O)C=C2)=N1,11/000000008,"InChI=1S/C9H5IN2O4/c10-7-6(13)2-1-4(11-7)8-12-5(3-16-8)9(14)15/h1-3,13H,(H,14,15)",C9H5N2O4I,331.92940464000003,1.7449999999999999,4.28,3.65,17.3,-120.0,2.953794629194485,1,DRUGLIKE_CONCAT,HsDHODH_Druglike,5,2,96.45,2,9,4,2,0.5625,0.25,0.125,0.0,0.0,16,2,0,2,2,0,2,0,0
C=CC1=CC(C2=NN=CN2)=CC=C1OC(=O)CC(=O)O,17/000000001,"InChI=1S/C13H11N3O4/c1-2-8-5-9(13-14-7-15-16-13)3-4-10(8)20-12(19)6-11(17)18/h2-5,7H,1,6H2,(H,17,18)(H,14,15,16)",C13H11N3O4,273.074955832,1.4948,4.28,6.52,20.4,-120.0,3.0689940920947336,1,DRUGLIKE_CONCAT,HsDHODH_Druglike,5,2,105.17,5,13,4,3,0.65,0.2,0.15,0.07692307692307693,0.0,20,2,0,2,1,0,1,0,0
C=C(C1=CC=C(CO)C(O)=C1)[C@H](O)CCCN,28/000000025,"InChI=1S/C13H19NO3/c1-9(12(16)3-2-6-14)10-4-5-11(8-15)13(17)7-10/h4-5,7,12,15-17H,1-3,6,8,14H2/t12-/m1/s1",C13H19NO3,237.136493468,0.9975,4.28,3.84,2.22,-190.0,3.2216606226595808,1,DRUGLIKE_CONCAT,HsDHODH_Druglike,4,4,86.71,6,13,3,1,0.7647058823529411,0.17647058823529413,0.058823529411764705,0.38461538461538464,0.07692307692307693,17,1,0,1,0,0,0,0,0
C=C(COC(=O)CCCBr)CC(=O)C1=NC(N)=C2C=NNC2=N1,21/000000100,"InChI=1S/C14H16BrN5O3/c1-8(7-23-11(22)3-2-4-15)5-10(21)14-18-12(16)9-6-17-20-13(9)19-14/h6H,1-5,7H2,(H3,16,17,18,19,20)",C14H16N5O3Br,381.04365147200014,1.7823999999999998,4.28,4.08,24.1,-60.0,3.3003784748969114,1,DRUGLIKE_CONCAT,HsDHODH_Druglike,7,2,123.85000000000001,8,14,3,5,0.6086956521739131,0.13043478260869565,0.21739130434782608,0.35714285714285715,0.0,23,2,0,2,2,0,2,0,0
CCCC1=CC(=O)N[C@@H]1/C=C/C1=CN=C(CO)C(Br)=C1,13/000000039,"InChI=1S/C15H17BrN2O2/c1-2-3-11-7-15(20)18-13(11)5-4-10-6-12(16)14(9-19)17-8-10/h4-8,13,19H,2-3,9H2,1H3,(H,18,20)/b5-4+/t13-/m1/s1",C15H17N2O2Br,336.04733988400005,2.5745000000000005,4.28,7.35,2.35,-170.0,3.904470514662445,1,DRUGLIKE_CONCAT,HsDHODH_Druglike,3,2,62.22,5,15,2,2,0.75,0.1,0.1,0.3333333333333333,0.06666666666666667,20,2,1,1,2,1,1,0,0
C=C1C[C@@H](CC2=NC(O)=NC=C2C(=O)O)OC1=O,29/000000068,"InChI=1S/C11H10N2O5/c1-5-2-6(18-10(5)16)3-8-7(9(14)15)4-12-11(17)13-8/h4,6H,1-3H2,(H,14,15)(H,12,13,17)/t6-/m0/s1",C11H10N2O5,250.05897142,0.29459999999999975,4.28,4.03,3.85,-150.0,3.8306836460478504,1,DRUGLIKE_CONCAT,HsDHODH_Druglike,6,2,109.61000000000001,3,11,5,2,0.6111111111111112,0.2777777777777778,0.1111111111111111,0.2727272727272727,0.09090909090909091,18,2,1,1,2,1,1,0,0
CCCOCC(=O)NC1=CC(C2=NNN=C2)=CC(O)=C1,28/000000244,"InChI=1S/C13H16N4O3/c1-2-3-20-8-13(19)15-10-4-9(5-11(18)6-10)12-7-14-17-16-12/h4-7,18H,2-3,8H2,1H3,(H,15,19)(H,14,16,17)",C13H16N4O3,276.12224037199996,1.5423999999999998,4.28,1.36,20.4,-140.0,2.5441392771728157,1,DRUGLIKE_CONCAT,HsDHODH_Druglike,5,3,100.13,6,13,3,4,0.65,0.15,0.2,0.3076923076923077,0.0,20,2,0,2,1,0,1,0,0
OC1=C(Br)C=CC(C2=NNN=C2)=C1,28/000000075,"InChI=1S/C8H6BrN3O/c9-6-2-1-5(3-8(6)13)7-4-10-12-11-7/h1-4,13H,(H,10,11,12)",C8H6N3OBr,238.969423912,1.9397999999999995,4.28,2.75,14.3,-120.0,2.643716257285332,1,DRUGLIKE_CONCAT,HsDHODH_Druglike,3,2,61.800000000000004,1,8,1,3,0.6153846153846154,0.07692307692307693,0.23076923076923078,0.0,0.0,13,2,0,2,1,0,1,0,0
COCNC/C=C/C1=CC(C2=NNN=C2)=CC(O)=C1,28/000000253,"InChI=1S/C13H16N4O2/c1-19-9-14-4-2-3-10-5-11(7-12(18)6-10)13-8-15-17-16-13/h2-3,5-8,14,18H,4,9H2,1H3,(H,15,16,17)/b3-2+",C13H16N4O2,260.127325752,1.384,4.28,1.49,19.2,-140.0,3.1473124400280135,1,DRUGLIKE_CONCAT,HsDHODH_Druglike,5,3,83.06,6,13,2,4,0.6842105263157895,0.10526315789473684,0.21052631578947367,0.23076923076923078,0.0,19,2,0,2,1,0,1,0,0
O=C1NN=C(C2=CC(O)=C(Cl)C=C2)O1,28/000000001,"InChI=1S/C8H5ClN2O3/c9-5-2-1-4(3-6(5)12)7-10-11-8(13)14-7/h1-3,12H,(H,11,13)",C8H5N2O3Cl,211.9988697,1.3888999999999998,4.28,1.88,14.7,-140.0,2.5349362069939136,1,DRUGLIKE_CONCAT,HsDHODH_Druglike,4,2,79.12,1,8,3,2,0.5714285714285714,0.21428571428571427,0.14285714285714285,0.0,0.0,14,2,0,2,1,0,1,0,0
CC1=CC=C(N)C(/C=C/[C@H](CN)NCCO)=C1,27/000000042,"InChI=1S/C13H21N3O/c1-10-2-5-13(15)11(8-10)3-4-12(9-14)16-6-7-17/h2-5,8,12,16-17H,6-7,9,14-15H2,1H3/b4-3+/t12-/m1/s1",C13H21N3O,235.168462292,0.49962000000000045,4.28,5.86,2.22,-170.0,3.3524583597975584,1,DRUGLIKE_CONCAT,HsDHODH_Druglike,4,4,84.3,6,13,1,3,0.7647058823529411,0.058823529411764705,0.17647058823529413,0.38461538461538464,0.07692307692307693,17,1,0,1,0,0,0,0,0
NC1=C(/C=C/CNCCO)C=C(C2=CC=CN2)C=C1,27/000000053,"InChI=1S/C15H19N3O/c16-14-6-5-13(15-4-2-8-18-15)11-12(14)3-1-7-17-9-10-19/h1-6,8,11,17-19H,7,9-10,16H2/b3-1+",C15H19N3O,257.152812228,1.859,4.28,5.12,3.58,-120.0,2.8302783141538885,1,DRUGLIKE_CONCAT,HsDHODH_Druglike,3,4,74.07,6,15,1,3,0.7894736842105263,0.05263157894736842,0.15789473684210525,0.2,0.0,19,2,0,2,1,0,1,0,0
NC(=O)C/C=C/C1=CC(C2=NNN=C2)=CC(O)=C1,28/000000425,"InChI=1S/C12H12N4O2/c13-12(18)3-1-2-8-4-9(6-10(17)5-8)11-7-14-16-15-11/h1-2,4-7,17H,3H2,(H2,13,18)(H,14,15,16)/b2-1+",C12H12N4O2,244.096025624,1.0658999999999998,4.28,1.76,19.6,-120.0,2.9768878241819614,1,DRUGLIKE_CONCAT,HsDHODH_Druglike,4,3,104.89000000000001,4,12,2,4,0.6666666666666666,0.1111111111111111,0.2222222222222222,0.08333333333333333,0.0,18,2,0,2,1,0,1,0,0
N[C@@H](C1=NC(I)=C(C#CC(=O)O)C=C1)C1=CC=CO1,26/000000003,"InChI=1S/C13H9IN2O3/c14-13-8(4-6-11(17)18)3-5-9(16-13)12(15)10-2-1-7-19-10/h1-3,5,7,12H,15H2,(H,17,18)/t12-/m0/s1",C13H9N2O3I,367.965790148,1.7634,4.28,4.7,20.7,-150.0,3.770962464371306,1,DRUGLIKE_CONCAT,HsDHODH_Druglike,4,2,89.35,2,13,3,2,0.6842105263157895,0.15789473684210525,0.10526315789473684,0.07692307692307693,0.07692307692307693,19,2,0,2,2,0,2,0,0
COCC1=NC=C(/C=C/[C@@H]2C=C(CN)C=C(CO)N2)C=C1Br,13/000000135,"InChI=1S/C16H20BrN3O2/c1-22-10-16-15(17)6-11(8-19-16)2-3-13-4-12(7-18)5-14(9-21)20-13/h2-6,8,13,20-21H,7,9-10,18H2,1H3/p+1/b3-2+/t13-/m1/s1",C16H21N3O2Br,365.07388898,1.7368,4.28,7.62,3.98,-170.0,4.671280770537877,1,DRUGLIKE_CONCAT,HsDHODH_Druglike,5,3,80.4,6,16,2,3,0.7272727272727273,0.09090909090909091,0.13636363636363635,0.3125,0.0625,22,2,1,1,2,1,1,0,0
NCC(=O)CCC#CC1=CC2=C(C=C1)CC(C(=O)O)=C2,26/000000039,"InChI=1S/C16H15NO3/c17-10-15(18)4-2-1-3-11-5-6-12-8-14(16(19)20)9-13(12)7-11/h5-7,9H,2,4,8,10,17H2,(H,19,20)",C16H15NO3,269.10519334,1.3701999999999999,4.27,7.2,19.6,-40.0,3.018495190995833,1,DRUGLIKE_CONCAT,HsDHODH_Druglike,3,2,80.39,4,16,3,1,0.8,0.15,0.05,0.25,0.0,20,2,1,1,0,0,0,0,0
N[C@H](C/C=C/C1=C(I)C=CC(O)=C1)C1=CCCOC1,28/000000302,"InChI=1S/C15H18INO2/c16-14-7-6-13(18)9-11(14)3-1-5-15(17)12-4-2-8-19-10-12/h1,3-4,6-7,9,15,18H,2,5,8,10,17H2/p+1/b3-1+/t15-/m1/s1",C15H19NO2I,371.03822681599996,3.0741000000000014,4.27,7.36,3.58,-150.0,4.335416117007979,1,DRUGLIKE_CONCAT,HsDHODH_Druglike,3,2,55.480000000000004,4,15,2,1,0.7894736842105263,0.10526315789473684,0.05263157894736842,0.3333333333333333,0.06666666666666667,19,2,1,1,1,1,0,0,0
NCCC1=CC=CC=C1C#CC1=CC(C2=CNN=C2)=CC=C1,3/000000119,"InChI=1S/C19H17N3/c20-11-10-17-6-2-1-5-16(17)9-8-15-4-3-7-18(12-15)19-13-21-22-14-19/h1-7,12-14H,10-11,20H2,(H,21,22)",C19H17N3,287.14224754400004,2.9777000000000013,4.27,5.07,19.4,-129.0,2.476058978488531,1,DRUGLIKE_CONCAT,HsDHODH_Druglike,2,2,54.7,3,19,0,3,0.8636363636363636,0.0,0.13636363636363635,0.10526315789473684,0.0,22,3,0,3,1,0,1,0,0
NCC1=CC=CC=C1C1=CC=C(C(=O)C2=NC(=O)ON2)N1,23/000000078,"InChI=1S/C14H12N4O3/c15-7-8-3-1-2-4-9(8)10-5-6-11(16-10)12(19)13-17-14(20)21-18-13/h1-6,16H,7,15H2,(H,17,18,20)/p+1",C14H13N4O3,284.090940244,1.0476999999999999,4.27,5.45,3.58,-120.0,3.500337466586015,1,DRUGLIKE_CONCAT,HsDHODH_Druglike,5,3,117.77000000000001,4,14,3,4,0.6666666666666666,0.14285714285714285,0.19047619047619047,0.07142857142857142,0.0,21,3,0,3,2,0,2,0,0
CCC(=O)C1=C[C@@H](/C=C/C2=CN=CC(Br)=C2)NC(CO)=C1,13/000000034,"InChI=1S/C16H17BrN2O2/c1-2-16(21)12-6-14(19-15(7-12)10-20)4-3-11-5-13(17)9-18-8-11/h3-9,14,19-20H,2,10H2,1H3/b4-3+/t14-/m1/s1",C16H17N2O2Br,348.04733988400005,2.6108000000000002,4.27,5.75,3.58,-170.0,4.0837352180790365,1,DRUGLIKE_CONCAT,HsDHODH_Druglike,4,2,62.22,5,16,2,2,0.7619047619047619,0.09523809523809523,0.09523809523809523,0.25,0.0625,21,2,1,1,2,1,1,0,0
NCC1=NC=C(COC(=O)[C@@H](F)/C=C\CC2=CC(Br)=CN=C2)N1,13/000000008,"InChI=1S/C15H16BrFN4O2/c16-11-4-10(6-19-7-11)2-1-3-13(17)15(22)23-9-12-8-20-14(5-18)21-12/h1,3-4,6-8,13H,2,5,9,18H2,(H,20,21)/b3-1-/t13-/m0/s1",C15H16N4O2FBr,382.0440660720001,2.2060999999999997,4.27,1.68,4.94,-190.0,3.8337005953724823,1,DRUGLIKE_CONCAT,HsDHODH_Druglike,5,2,93.89000000000001,7,15,2,4,0.6521739130434783,0.08695652173913043,0.17391304347826086,0.26666666666666666,0.06666666666666667,23,2,0,2,2,0,2,0,0
O=C(O)CC1=C(C(=O)CC2=NNN=C2)ON=C1O,3/000000003,"InChI=1S/C9H8N4O5/c14-6(1-4-3-10-13-11-4)8-5(2-7(15)16)9(17)12-18-8/h3H,1-2H2,(H,12,17)(H,15,16)(H,10,11,13)",C9H8N4O5,252.049469356,-0.44919999999999993,4.27,1.25,2.35,-60.0,3.3374003490688384,1,DRUGLIKE_CONCAT,HsDHODH_Druglike,7,3,142.2,5,9,5,4,0.5,0.2777777777777778,0.2222222222222222,0.2222222222222222,0.0,18,2,0,2,2,0,2,0,0
C=CCC1=C(O)C=CC(C[C@@H](CO)C2=CCC(CN)=CO2)=N1,12/000000005,"InChI=1S/C17H22N2O3/c1-2-3-15-16(21)6-5-14(19-15)8-13(10-20)17-7-4-12(9-18)11-22-17/h2,5-7,11,13,20-21H,1,3-4,8-10,18H2/t13-/m0/s1",C17H22N2O3,302.163042564,1.8135,4.27,7.35,7.96,-150.0,4.267348264334403,1,DRUGLIKE_CONCAT,HsDHODH_Druglike,5,3,88.60000000000001,7,17,3,2,0.7727272727272727,0.13636363636363635,0.09090909090909091,0.35294117647058826,0.058823529411764705,22,2,1,1,2,1,1,0,0
CC#CCCCCC1=NC(O)=NC=C1C(=O)O,29/000000197,"InChI=1S/C12H14N2O3/c1-2-3-4-5-6-7-10-9(11(15)16)8-13-12(17)14-10/h8H,4-7H2,1H3,(H,15,16)(H,13,14,17)",C12H14N2O3,234.100442308,1.6165,4.27,4.38,3.85,-20.0,3.083126810973126,1,DRUGLIKE_CONCAT,HsDHODH_Druglike,4,2,83.31,5,12,3,2,0.7058823529411765,0.17647058823529413,0.11764705882352941,0.4166666666666667,0.0,17,1,0,1,1,0,1,0,0
CC[C@@H](CN)C1=NC(O)=NC=C1C(=O)O,29/000000131,"InChI=1S/C9H13N3O3/c1-2-5(3-10)7-6(8(13)14)4-11-9(15)12-7/h4-5H,2-3,10H2,1H3,(H,13,14)(H,11,12,15)/t5-/m0/s1",C9H13N3O3,211.095691276,0.3326999999999999,4.27,7.26,12.6,-170.0,3.5608804204925057,1,DRUGLIKE_CONCAT,HsDHODH_Druglike,5,3,109.33,4,9,3,3,0.6,0.2,0.2,0.4444444444444444,0.1111111111111111,15,1,0,1,1,0,1,0,0
C/C=C/C[C@H](CN)C1=CC=C(C(=O)C2=NC(=O)ON2)N1,23/000000080,"InChI=1S/C13H16N4O3/c1-2-3-4-8(7-14)9-5-6-10(15-9)11(18)12-16-13(19)20-17-12/h2-3,5-6,8,15H,4,7,14H2,1H3,(H,16,17,19)/b3-2+/t8-/m1/s1",C13H16N4O3,276.122240372,0.9305000000000001,4.27,5.48,5.24,-170.0,4.1285729871899175,1,DRUGLIKE_CONCAT,HsDHODH_Druglike,5,3,117.77000000000001,6,13,3,4,0.65,0.15,0.2,0.3076923076923077,0.07692307692307693,20,2,0,2,2,0,2,0,0
C[C@H](CCl)C1=NNC(/C=C/C2=C(I)C=CC(O)=C2)=C1,28/000000315,"InChI=1S/C14H14ClIN2O/c1-9(8-15)14-7-11(17-18-14)3-2-10-6-12(19)4-5-13(10)16/h2-7,9,19H,8H2,1H3,(H,17,18)/b3-2+/t9-/m1/s1",C14H14N2OClI,387.98393874799996,4.232600000000002,4.27,5.36,3.58,-170.0,3.868165076853164,1,DRUGLIKE_CONCAT,HsDHODH_Druglike,2,2,48.91,4,14,1,2,0.7368421052631579,0.05263157894736842,0.10526315789473684,0.21428571428571427,0.07142857142857142,19,2,0,2,1,0,1,0,0
NCC1=NNN=C1CCCC#CC1=CC2=C(C=C1O)OCN2,21/000000127,"InChI=1S/C15H17N5O2/c16-8-13-11(18-20-19-13)5-3-1-2-4-10-6-12-15(7-14(10)21)22-9-17-12/h6-7,17,21H,1,3,5,8-9,16H2,(H,18,19,20)/p+1",C15H18N5O2,299.13822478400004,1.1051999999999993,4.27,3.31,24.0,-40.0,3.9796293668021416,1,DRUGLIKE_CONCAT,HsDHODH_Druglike,6,4,109.08000000000001,4,15,2,5,0.6818181818181818,0.09090909090909091,0.22727272727272727,0.3333333333333333,0.0,22,3,1,2,2,1,1,0,0
C=C(C1=CC=CO1)C1=C(CC(=O)O)C(O)=NO1,3/000000204,"InChI=1S/C11H9NO5/c1-6(8-3-2-4-16-8)10-7(5-9(13)14)11(15)12-17-10/h2-4H,1,5H2,(H,12,15)(H,13,14)",C11H9NO5,235.048072388,1.6618000000000002,4.27,0.98,21.0,-20.0,3.190967727503404,1,DRUGLIKE_CONCAT,HsDHODH_Druglike,5,2,96.7,4,11,5,1,0.6470588235294118,0.29411764705882354,0.058823529411764705,0.09090909090909091,0.0,17,2,0,2,2,0,2,0,0
NC(=O)N[C@@H](Cl)CCCC#CC1=CC2=C(C=C1O)OCN2,21/000000217,"InChI=1S/C14H16ClN3O3/c15-13(18-14(16)20)5-3-1-2-4-9-6-10-12(7-11(9)19)21-8-17-10/h6-7,13,17,19H,1,3,5,8H2,(H3,16,18,20)/t13-/m1/s1",C14H15N3O3Cl,309.088019052,1.909,4.27,4.11,20.9,-190.0,3.9498663784440975,1,DRUGLIKE_CONCAT,HsDHODH_Druglike,4,4,96.61000000000001,4,14,3,3,0.6666666666666666,0.14285714285714285,0.14285714285714285,0.35714285714285715,0.07142857142857142,21,2,1,1,1,1,0,0,0
OC1=CC2=C(C=C1CCNC[C@@H](Br)C1=CN=NN1)NCO2,21/000000249,"InChI=1S/C13H16BrN5O2/c14-9(11-6-17-19-18-11)5-15-2-1-8-3-10-13(4-12(8)20)21-7-16-10/h3-4,6,9,15-16,20H,1-2,5,7H2,(H,17,18,19)/t9-/m1/s1",C13H16N5O2Br,353.04873685200005,1.5403999999999993,4.27,2.29,3.7,-190.0,4.213347952385575,1,DRUGLIKE_CONCAT,HsDHODH_Druglike,6,4,95.09,6,13,2,5,0.6190476190476191,0.09523809523809523,0.23809523809523808,0.38461538461538464,0.07692307692307693,21,3,1,2,2,1,1,0,0
NC(=O)C1=NON=C1C#C[C@H](O)C(=O)C1=NC2=C(C=C1)CCO2,18/000000028,"InChI=1S/C14H10N4O5/c15-13(21)11-8(17-23-18-11)3-4-10(19)12(20)9-2-1-7-5-6-22-14(7)16-9/h1-2,10,19H,5-6H2,(H2,15,21)/t10-/m0/s1",C14H10N4O5,314.06511942,-0.9063000000000012,4.27,6.93,3.58,-190.0,4.030786749218636,1,DRUGLIKE_CONCAT,HsDHODH_Druglike,8,2,141.42999999999998,3,14,5,4,0.6086956521739131,0.21739130434782608,0.17391304347826086,0.21428571428571427,0.07142857142857142,23,3,1,2,3,1,2,0,0
N[C@@H](CO)CCC#CC1=CC2=C(C=C1)CC(C(=O)O)=C2,26/000000143,"InChI=1S/C16H17NO3/c17-15(10-18)4-2-1-3-11-5-6-12-8-14(16(19)20)9-13(12)7-11/h5-7,9,15,18H,2,4,8,10,17H2,(H,19,20)/t15-/m1/s1",C16H17NO3,271.120843404,1.162,4.26,7.26,18.6,-190.0,3.482227108069038,1,DRUGLIKE_CONCAT,HsDHODH_Druglike,3,3,83.55,4,16,3,1,0.8,0.15,0.05,0.3125,0.0625,20,2,1,1,0,0,0,0,0
OCC[C@@]1(C2=NNC(/C=C/C3=CC(O)=CC=C3I)=C2)CN1,28/000000297,"InChI=1S/C15H16IN3O2/c16-13-4-3-12(21)7-10(13)1-2-11-8-14(19-18-11)15(5-6-20)9-17-15/h1-4,7-8,17,20-21H,5-6,9H2,(H,18,19)/b2-1+/t15-/m0/s1",C15H16N3O2I,397.028724752,2.0711999999999997,4.26,7.3,3.72,-150.0,4.114851515341098,1,DRUGLIKE_CONCAT,HsDHODH_Druglike,4,4,91.08,5,15,2,3,0.7142857142857143,0.09523809523809523,0.14285714285714285,0.26666666666666666,0.06666666666666667,21,3,1,2,2,1,1,0,0
CC1=NN=C(C#CC2=NN=C([C@H](O)CCl)N2)N1CBr,18/000000024,"InChI=1S/C10H10BrClN6O/c1-6-14-16-9(18(6)5-11)3-2-8-13-10(17-15-8)7(19)4-12/h7,19H,4-5H2,1H3,(H,13,15,17)/t7-/m1/s1",C10H10N6OClBr,343.97879872,0.7290199999999996,4.26,7.18,25.0,-175.0,4.580001071047649,1,DRUGLIKE_CONCAT,HsDHODH_Druglike,6,2,92.51000000000002,3,10,1,6,0.5263157894736842,0.05263157894736842,0.3157894736842105,0.4,0.1,19,2,0,2,2,0,2,0,0
C=CCCC1=CC([C@@H](C(=O)O)C2=CC(=O)OC2)=NC(O)=N1,29/000000007,"InChI=1S/C14H14N2O5/c1-2-3-4-9-6-10(16-14(20)15-9)12(13(18)19)8-5-11(17)21-7-8/h2,5-6,12H,1,3-4,7H2,(H,18,19)(H,15,16,20)/t12-/m0/s1",C14H14N2O5,290.09027154800003,0.9521999999999997,4.26,3.24,3.58,-190.0,3.982994171457628,1,DRUGLIKE_CONCAT,HsDHODH_Druglike,6,2,109.61,6,14,5,2,0.6666666666666666,0.23809523809523808,0.09523809523809523,0.2857142857142857,0.07142857142857142,21,2,1,1,2,1,1,0,0
NCCOC1=CC=C(C2=CC(O)=CC=C2)C=C1NC(N)=O,17/000000022,"InChI=1S/C15H17N3O3/c16-6-7-21-14-5-4-11(9-13(14)18-15(17)20)10-2-1-3-12(19)8-10/h1-5,8-9,19H,6-7,16H2,(H3,17,18,20)/p+1",C15H18N3O3,287.126991404,1.8872999999999995,4.26,8.73,15.8,-160.0,2.6029648720618948,1,DRUGLIKE_CONCAT,HsDHODH_Druglike,4,4,110.6,5,15,3,3,0.7142857142857143,0.14285714285714285,0.14285714285714285,0.13333333333333333,0.0,21,2,0,2,0,0,0,0,0
OC1=CC(I)=CC(C2=NNN=C2)=C1,28/000000360,"InChI=1S/C8H6IN3O/c9-6-1-5(2-7(13)3-6)8-4-10-12-11-8/h1-4,13H,(H,10,11,12)",C8H6N3OI,286.955559812,1.7818999999999994,4.26,1.28,14.3,-120.0,2.96032166269074,1,DRUGLIKE_CONCAT,HsDHODH_Druglike,3,2,61.800000000000004,1,8,1,3,0.6153846153846154,0.07692307692307693,0.23076923076923078,0.0,0.0,13,2,0,2,1,0,1,0,0
O=C(N/C=C\CNCCl)C1=CCC=C(CO)O1,23/000000539,"InChI=1S/C11H15ClN2O3/c12-8-13-5-2-6-14-11(16)10-4-1-3-9(7-15)17-10/h2-4,6,13,15H,1,5,7-8H2,(H,14,16)/p+1/b6-2-",C11H16N2O3Cl,258.07712002,0.5825999999999998,4.26,2.66,5.09,-40.0,4.862674274148249,1,DRUGLIKE_CONCAT,HsDHODH_Druglike,4,3,70.59,6,11,3,2,0.6470588235294118,0.17647058823529413,0.11764705882352941,0.36363636363636365,0.0,17,1,1,0,1,1,0,0,0
CCOC[C@@H](O)C1=CNC(C(=O)C#CCN)=CC1,23/000000279,"InChI=1S/C13H18N2O3/c1-2-18-9-13(17)10-5-6-11(15-8-10)12(16)4-3-7-14/h6,8,13,15,17H,2,5,7,9,14H2,1H3/t13-/m1/s1",C13H18N2O3,250.131742436,-0.3238999999999994,4.26,4.46,3.58,-170.0,4.346616035372813,1,DRUGLIKE_CONCAT,HsDHODH_Druglike,5,3,84.58,5,13,3,2,0.7222222222222222,0.16666666666666666,0.1111111111111111,0.46153846153846156,0.07692307692307693,18,1,1,0,1,1,0,0,0
C=C[C@@H](CC)CCCC1=CC=C(C(=O)C2=NC(=O)ON2)N1,23/000000176,"InChI=1S/C15H19N3O3/c1-3-10(4-2)6-5-7-11-8-9-12(16-11)13(19)14-17-15(20)21-18-14/h3,8-10,16H,1,4-7H2,2H3,(H,17,18,20)/t10-/m0/s1",C15H19N3O3,289.142641468,2.4569,4.26,5.11,3.58,-170.0,3.9194728973489217,1,DRUGLIKE_CONCAT,HsDHODH_Druglike,4,2,91.75,8,15,3,3,0.7142857142857143,0.14285714285714285,0.14285714285714285,0.4,0.06666666666666667,21,2,0,2,2,0,2,0,0
COCC/C=C\CCCC1=CC(O)=CC(C2=NNN=C2)=C1,28/000000404,"InChI=1S/C16H21N3O2/c1-21-8-6-4-2-3-5-7-13-9-14(11-15(20)10-13)16-12-17-19-18-16/h2,4,9-12,20H,3,5-8H2,1H3,(H,17,18,19)/b4-2-",C16H21N3O2,287.163376912,3.0927000000000016,4.26,-0.15,19.6,-140.0,2.8341704804573897,1,DRUGLIKE_CONCAT,HsDHODH_Druglike,4,2,71.03,8,16,2,3,0.7619047619047619,0.09523809523809523,0.14285714285714285,0.375,0.0,21,2,0,2,1,0,1,0,0
O=C(O)/C(=C\[C@@H](O)C1=CC2=C(OCN2)C(CO)=C1)CCl,21/000000117,"InChI=1S/C13H14ClNO5/c14-4-8(13(18)19)3-11(17)7-1-9(5-16)12-10(2-7)15-6-20-12/h1-3,11,15-17H,4-6H2,(H,18,19)/b8-3-/t11-/m1/s1",C13H13NO5Cl,299.056050228,1.2239,4.26,3.22,18.1,-190.0,4.088206278898209,1,DRUGLIKE_CONCAT,HsDHODH_Druglike,5,4,99.02000000000001,5,13,5,1,0.65,0.25,0.05,0.3076923076923077,0.07692307692307693,20,2,1,1,1,1,0,0,0
O=C(O)CC1=C([C@](O)(F)CCl)ON=C1O,3/000000215,"InChI=1S/C7H7ClFNO5/c8-2-7(9,14)5-3(1-4(11)12)6(13)10-15-5/h14H,1-2H2,(H,10,13)(H,11,12)/t7-/m0/s1",C7H7NO5FCl,238.999678224,0.3607000000000001,4.25,1.94,4.83,-170.0,4.047011337652269,1,DRUGLIKE_CONCAT,HsDHODH_Druglike,5,3,103.79,4,7,5,1,0.4666666666666667,0.3333333333333333,0.06666666666666667,0.42857142857142855,0.14285714285714285,15,1,0,1,1,0,1,0,0
COC/C=C\CCCC1=CC(O)=CC(C2=NNN=C2)=C1,28/000000463,"InChI=1S/C15H19N3O2/c1-20-7-5-3-2-4-6-12-8-13(10-14(19)9-12)15-11-16-18-17-15/h3,5,8-11,19H,2,4,6-7H2,1H3,(H,16,17,18)/b5-3-",C15H19N3O2,273.147726848,2.7026000000000003,4.25,2.49,19.0,-140.0,2.8675863524206164,1,DRUGLIKE_CONCAT,HsDHODH_Druglike,4,2,71.03,7,15,2,3,0.75,0.1,0.15,0.3333333333333333,0.0,20,2,0,2,1,0,1,0,0
O=C1NN=C([C@@](O)(/C=C/CBr)CO)N1,21/000000090,"InChI=1S/C7H10BrN3O3/c8-3-1-2-7(14,4-12)5-9-6(13)11-10-5/h1-2,12,14H,3-4H2,(H2,9,10,11,13)/b2-1+/t7-/m1/s1",C7H10N3O3Br,262.99055328000003,-0.7710000000000006,4.25,3.93,3.58,-150.0,4.5694800128868005,1,DRUGLIKE_CONCAT,HsDHODH_Druglike,4,4,102.0,4,7,3,3,0.5,0.21428571428571427,0.21428571428571427,0.42857142857142855,0.14285714285714285,14,1,0,1,1,0,1,0,0
C=C(CC(=O)C1=C(CC(=O)O)C(O)=NO1)C(C)=O,3/000000032,"InChI=1S/C11H11NO6/c1-5(6(2)13)3-8(14)10-7(4-9(15)16)11(17)12-18-10/h1,3-4H2,2H3,(H,12,17)(H,15,16)",C11H11NO6,253.058637072,0.7252999999999998,4.25,1.54,2.35,-140.0,3.40139120340599,1,DRUGLIKE_CONCAT,HsDHODH_Druglike,6,2,117.70000000000002,6,11,6,1,0.6111111111111112,0.3333333333333333,0.05555555555555555,0.2727272727272727,0.0,18,1,0,1,1,0,1,0,0
N[C@@H](CF)C1=NC(O)=NC=C1C(=O)O,29/000000148,"InChI=1S/C7H8FN3O3/c8-1-4(9)5-3(6(12)13)2-10-7(14)11-5/h2,4H,1,9H2,(H,12,13)(H,10,11,14)/t4-/m0/s1",C7H8N3O3F,201.054969336,-0.15030000000000016,4.25,5.12,14.1,-150.0,3.77572294975079,1,DRUGLIKE_CONCAT,HsDHODH_Druglike,5,3,109.33,3,7,3,3,0.5,0.21428571428571427,0.21428571428571427,0.2857142857142857,0.14285714285714285,14,1,0,1,1,0,1,0,0
O=C(NCBr)C1=NC(C2=NON=C2C(=O)O)=CC=N1,4/000000035,"InChI=1S/C9H6BrN5O4/c10-3-12-8(16)7-11-2-1-4(13-7)5-6(9(17)18)15-19-14-5/h1-2H,3H2,(H,12,16)(H,17,18)",C9H5N5O4Br,326.960315772,0.30699999999999994,4.25,2.04,22.9,-160.0,3.231649814351803,1,DRUGLIKE_CONCAT,HsDHODH_Druglike,7,2,131.10000000000002,4,9,4,5,0.47368421052631576,0.21052631578947367,0.2631578947368421,0.1111111111111111,0.0,19,2,0,2,2,0,2,0,0
OC1=CC2=C(C=C1C#CCCCCCCl)NCO2,21/000000079,"InChI=1S/C14H16ClNO2/c15-7-5-3-1-2-4-6-11-8-12-14(9-13(11)17)18-10-16-12/h8-9,16-17H,1-3,5,7,10H2",C14H16NO2Cl,265.086956432,3.3047000000000013,4.25,0.66,15.9,-40.0,3.190629627175346,1,DRUGLIKE_CONCAT,HsDHODH_Druglike,3,2,41.489999999999995,4,14,2,1,0.7777777777777778,0.1111111111111111,0.05555555555555555,0.42857142857142855,0.0,18,2,1,1,1,1,0,0,0
CCCCC(=O)/C=C/C(=O)C1=NN=C(C2=NOCN2)N1,23/000000587,"InChI=1S/C12H15N5O3/c1-2-3-4-8(18)5-6-9(19)10-14-12(16-15-10)11-13-7-20-17-11/h5-6H,2-4,7H2,1H3,(H,13,17)(H,14,15,16)/b6-5+",C12H15N5O3,277.11748934,0.5418,4.25,2.67,3.58,-140.0,3.9246591152294936,1,DRUGLIKE_CONCAT,HsDHODH_Druglike,7,2,109.33000000000001,7,12,3,5,0.6,0.15,0.25,0.4166666666666667,0.0,20,2,1,1,2,1,1,0,0
OCCNC/C=C/CCC1=CC(O)=CC(C2=NNN=C2)=C1,28/000000205,"InChI=1S/C15H20N4O2/c20-7-6-16-5-3-1-2-4-12-8-13(10-14(21)9-12)15-11-17-19-18-15/h1,3,8-11,16,20-21H,2,4-7H2,(H,17,18,19)/b3-1+",C15H20N4O2,288.15862588,1.2479999999999998,4.25,-0.11,20.4,-120.0,2.9892928007600386,1,DRUGLIKE_CONCAT,HsDHODH_Druglike,5,4,94.05999999999999,8,15,2,4,0.7142857142857143,0.09523809523809523,0.19047619047619047,0.3333333333333333,0.0,21,2,0,2,1,0,1,0,0
OC[C@@H](O)/C=C\CC1=CN=C(CBr)C(Br)=C1,13/000000066,"InChI=1S/C11H13Br2NO2/c12-5-11-10(13)4-8(6-14-11)2-1-3-9(16)7-15/h1,3-4,6,9,15-16H,2,5,7H2/b3-1-/t9-/m0/s1",C11H13NO2Br2,348.931302856,2.1909,4.25,6.3,2.35,-150.0,3.71947182598797,1,DRUGLIKE_CONCAT,HsDHODH_Druglike,3,2,53.35,5,11,2,1,0.6875,0.125,0.0625,0.36363636363636365,0.09090909090909091,16,1,0,1,1,0,1,0,0
O=C(O)C1=CN=C(O)N=C1[C@H](F)CCO,29/000000180,"InChI=1S/C8H9FN2O4/c9-5(1-2-12)6-4(7(13)14)3-10-8(15)11-6/h3,5,12H,1-2H2,(H,13,14)(H,10,11,15)/t5-/m1/s1",C8H9N2O4F,216.054634988,0.27340000000000003,4.25,8.05,14.5,-150.0,3.717701958954045,1,DRUGLIKE_CONCAT,HsDHODH_Druglike,5,3,103.54,4,8,4,2,0.5333333333333333,0.26666666666666666,0.13333333333333333,0.375,0.125,15,1,0,1,1,0,1,0,0
C=CCC1=CC(O)=CC(C2=NNN=C2)=C1,28/000000124,"InChI=1S/C11H11N3O/c1-2-3-8-4-9(6-10(15)5-8)11-7-12-14-13-11/h2,4-7,15H,1,3H2,(H,12,13,14)",C11H11N3O,201.090211972,1.9057999999999997,4.25,2.43,15.4,-120.0,2.8217098629899624,1,DRUGLIKE_CONCAT,HsDHODH_Druglike,3,2,61.800000000000004,3,11,1,3,0.7333333333333333,0.06666666666666667,0.2,0.09090909090909091,0.0,15,2,0,2,1,0,1,0,0
C=CCC1=CC=C(C2=NNN=C2)C=C1O,28/000000407,"InChI=1S/C11H11N3O/c1-2-3-8-4-5-9(6-11(8)15)10-7-12-14-13-10/h2,4-7,15H,1,3H2,(H,12,13,14)",C11H11N3O,201.090211972,1.9057999999999997,4.25,4.55,15.4,-120.0,2.6988493978736834,1,DRUGLIKE_CONCAT,HsDHODH_Druglike,3,2,61.8,3,11,1,3,0.7333333333333333,0.06666666666666667,0.2,0.09090909090909091,0.0,15,2,0,2,1,0,1,0,0
O=C(O)C1=CC=CC(C(=O)CC2=CC=CC(O)=C2Br)=C1O,28/000000049,"InChI=1S/C15H11BrO5/c16-13-8(3-1-6-11(13)17)7-12(18)9-4-2-5-10(14(9)19)15(20)21/h1-6,17,19H,7H2,(H,20,21)",C15H11O5Br,349.97898555200004,2.983900000000001,4.25,5.28,3.58,0.0,2.3493302601082835,1,DRUGLIKE_CONCAT,HsDHODH_Druglike,4,3,94.83,4,15,5,0,0.7142857142857143,0.23809523809523808,0.0,0.06666666666666667,0.0,21,2,0,2,0,0,0,0,0
C#CC1=CC=C(C2=NNN=C2)C=C1O,28/000000099,"InChI=1S/C10H7N3O/c1-2-7-3-4-8(5-10(7)14)9-6-11-13-12-9/h1,3-6,14H,(H,11,12,13)",C10H7N3O,185.058911844,1.1585999999999999,4.25,3.45,16.6,-120.0,2.9029363549229075,1,DRUGLIKE_CONCAT,HsDHODH_Druglike,3,2,61.8,1,10,1,3,0.7142857142857143,0.07142857142857142,0.21428571428571427,0.0,0.0,14,2,0,2,1,0,1,0,0
CC[C@H](/C=C/CO)C1=CC=NC=C1O,21/000000271,"InChI=1S/C11H15NO2/c1-2-9(4-3-7-13)10-5-6-12-8-11(10)14/h3-6,8-9,13-14H,2,7H2,1H3/b4-3+/t9-/m1/s1",C11H15NO2,193.11027872,1.8292999999999995,4.25,5.1,3.58,-170.0,3.568096082647,1,DRUGLIKE_CONCAT,HsDHODH_Druglike,3,2,53.35000000000001,4,11,2,1,0.7857142857142857,0.14285714285714285,0.07142857142857142,0.36363636363636365,0.09090909090909091,14,1,0,1,1,0,1,0,0
NCN(CC#CC1=NC=C(I)C=C1)CCC1=CNC=NC1,17/000000011,"InChI=1S/C15H18IN5/c16-14-3-4-15(20-10-14)2-1-6-21(11-17)7-5-13-8-18-12-19-9-13/h3-4,8,10,12H,5-7,9,11,17H2,(H,18,19)",C15H18N5I,395.060693576,1.1614,4.25,1.97,5.09,-40.0,3.9550915397259914,1,DRUGLIKE_CONCAT,HsDHODH_Druglike,5,2,66.53999999999999,5,15,0,5,0.7142857142857143,0.0,0.23809523809523808,0.3333333333333333,0.0,21,2,1,1,2,1,1,0,0
OC1=CC(C2=NNN=C2)=CC(CBr)=C1,28/000000128,"InChI=1S/C9H8BrN3O/c10-4-6-1-7(3-8(14)2-6)9-5-11-13-12-9/h1-3,5,14H,4H2,(H,11,12,13)",C9H8N3OBr,252.985073976,2.0721999999999996,4.24,1.26,14.9,-120.0,2.812964047230599,1,DRUGLIKE_CONCAT,HsDHODH_Druglike,3,2,61.800000000000004,2,9,1,3,0.6428571428571429,0.07142857142857142,0.21428571428571427,0.1111111111111111,0.0,14,2,0,2,1,0,1,0,0
NC1=C2C=NNC2=NC(CC(=O)O)=N1,21/000000038,"InChI=1S/C7H7N5O2/c8-6-3-2-9-12-7(3)11-4(10-6)1-5(13)14/h2H,1H2,(H,13,14)(H3,8,9,10,11,12)",C7H7N5O2,193.059974464,-0.43780000000000047,4.24,2.55,15.0,-40.0,2.8984154969347404,1,DRUGLIKE_CONCAT,HsDHODH_Druglike,5,3,117.78,2,7,2,5,0.5,0.14285714285714285,0.35714285714285715,0.14285714285714285,0.0,14,2,0,2,2,0,2,0,0
O=C(CC1=NNC=C1Br)OCC#C[C@@H](CO)C1=NNC(=O)N1,21/000000057,"InChI=1S/C12H12BrN5O4/c13-8-5-14-16-9(8)4-10(20)22-3-1-2-7(6-19)11-15-12(21)18-17-11/h5,7,19H,3-4,6H2,(H,14,16)(H2,15,17,18,21)/t7-/m0/s1",C12H12N5O4Br,369.00726596400006,-0.5512000000000001,4.24,6.25,6.2,-150.0,4.383852482696687,1,DRUGLIKE_CONCAT,HsDHODH_Druglike,6,4,136.75,5,12,4,5,0.5454545454545454,0.18181818181818182,0.22727272727272727,0.3333333333333333,0.08333333333333333,22,2,0,2,2,0,2,0,0
OCC1=CC=C(CO)[C@@H](/C=C/C2=CN=C(CO)C(Br)=C2)N1,13/000000125,"InChI=1S/C15H17BrN2O3/c16-13-5-10(6-17-15(13)9-21)1-4-14-11(7-19)2-3-12(8-20)18-14/h1-6,14,18-21H,7-9H2/b4-1+/t14-/m1/s1",C15H17N2O3Br,352.042254504,1.1162999999999998,4.24,8.64,2.47,-150.0,4.203145387570563,1,DRUGLIKE_CONCAT,HsDHODH_Druglike,5,4,85.61,5,15,3,2,0.7142857142857143,0.14285714285714285,0.09523809523809523,0.26666666666666666,0.06666666666666667,21,2,1,1,2,1,1,0,0
N[C@@H](C1=NC(I)=C(C#CC(=O)O)C=C1)C1=NC=CO1,26/000000014,"InChI=1S/C12H8IN3O3/c13-11-7(2-4-9(17)18)1-3-8(16-11)10(14)12-15-5-6-19-12/h1,3,5-6,10H,14H2,(H,17,18)/t10-/m0/s1",C12H8N3O3I,368.961039116,1.1584,4.24,4.71,22.1,-150.0,4.078657965096997,1,DRUGLIKE_CONCAT,HsDHODH_Druglike,5,2,102.24,2,12,3,3,0.631578947368421,0.15789473684210525,0.15789473684210525,0.08333333333333333,0.08333333333333333,19,2,0,2,2,0,2,0,0
CCNCCCC1=CC(O)=CC(C2=NNN=C2)=C1,28/000000248,"InChI=1S/C13H18N4O/c1-2-14-5-3-4-10-6-11(8-12(18)7-10)13-9-15-17-16-13/h6-9,14,18H,2-5H2,1H3,(H,15,16,17)",C13H18N4O,246.148061196,1.7193999999999998,4.24,1.04,17.0,-140.0,2.6054192721457614,1,DRUGLIKE_CONCAT,HsDHODH_Druglike,4,3,73.83,6,13,1,4,0.7222222222222222,0.05555555555555555,0.2222222222222222,0.38461538461538464,0.0,18,2,0,2,1,0,1,0,0
O=C(O)[C@@H]1CN/C(=C\CC2=NC(Cl)=C(Cl)N=C2)N1,13/000000163,"InChI=1S/C10H10Cl2N4O2/c11-8-9(12)15-5(3-14-8)1-2-7-13-4-6(16-7)10(17)18/h2-3,6,13,16H,1,4H2,(H,17,18)/b7-2+/t6-/m0/s1",C10H10N4O2Cl2,288.01808092,0.8132999999999999,4.24,5.29,3.58,-150.0,4.183826804603581,1,DRUGLIKE_CONCAT,HsDHODH_Druglike,5,3,87.14,3,10,2,4,0.5555555555555556,0.1111111111111111,0.2222222222222222,0.3,0.1,18,2,1,1,2,1,1,0,0
O=C(O)CC1=C(/C=C/[C@@H]2CNC(=O)N2)C(O)=CC=C1,22/000000004,"InChI=1S/C13H14N2O4/c16-11-3-1-2-8(6-12(17)18)10(11)5-4-9-7-14-13(19)15-9/h1-5,9,16H,6-7H2,(H,17,18)(H2,14,15,19)/b5-4+/t9-/m1/s1",C13H14N2O4,262.095356928,0.7138999999999998,4.24,6.26,3.58,-150.0,3.633815004284224,1,DRUGLIKE_CONCAT,HsDHODH_Druglike,3,4,98.66000000000001,4,13,4,2,0.6842105263157895,0.21052631578947367,0.10526315789473684,0.23076923076923078,0.07692307692307693,19,2,1,1,1,1,0,0,0
O=C(O)CC(=O)NCC[C@H](I)C#CC1=CC2=C(C=C1O)OCN2,21/000000263,"InChI=1S/C15H15IN2O5/c16-10(3-4-17-14(20)7-15(21)22)2-1-9-5-11-13(6-12(9)19)23-8-18-11/h5-6,10,18-19H,3-4,7-8H2,(H,17,20)(H,21,22)/t10-/m1/s1",C15H15N2O5I,430.00256958,1.2901000000000002,4.24,1.77,23.5,-190.0,4.001918084277808,1,DRUGLIKE_CONCAT,HsDHODH_Druglike,5,4,107.89,5,15,5,2,0.6521739130434783,0.21739130434782608,0.08695652173913043,0.3333333333333333,0.06666666666666667,23,2,1,1,1,1,0,0,0
NCN(CC#CC1=CC=NC2=C1C=CN2)CCC1=CNC=NC1,17/000000003,"InChI=1S/C17H20N6/c18-12-23(9-5-14-10-19-13-20-11-14)8-1-2-15-3-6-21-17-16(15)4-7-22-17/h3-4,6-7,10,13H,5,8-9,11-12,18H2,(H,19,20)(H,21,22)",C17H20N6,308.17494464,1.0381,4.24,2.77,23.5,-80.0,3.845361944919535,1,DRUGLIKE_CONCAT,HsDHODH_Druglike,5,3,82.33,5,17,0,6,0.7391304347826086,0.0,0.2608695652173913,0.29411764705882354,0.0,23,3,1,2,3,1,2,0,0
NC1=C2C=NNC2=NC(C/C=C/CC2=CC=CC(CO)=N2)=N1,21/000000013,"InChI=1S/C15H16N6O/c16-14-12-8-17-21-15(12)20-13(19-14)7-2-1-4-10-5-3-6-11(9-22)18-10/h1-3,5-6,8,22H,4,7,9H2,(H3,16,17,19,20,21)/b2-1+",C15H16N6O,296.138559132,1.1638,4.24,2.86,19.0,-40.0,3.252931289879064,1,DRUGLIKE_CONCAT,HsDHODH_Druglike,6,3,113.60000000000001,5,15,1,6,0.6818181818181818,0.045454545454545456,0.2727272727272727,0.2,0.0,22,3,0,3,3,0,3,0,0
CC[C@H](F)CC1=NC=C(C#CC(=O)C2=CN=C(C(N)=O)O2)N1,30/000000017,"InChI=1S/C14H13FN4O3/c1-2-8(15)5-12-17-6-9(19-12)3-4-10(20)11-7-18-14(22-11)13(16)21/h6-8H,2,5H2,1H3,(H2,16,21)(H,17,19)/t8-/m0/s1",C14H13N4O3F,304.097168496,1.0216,4.24,-1.09,5.09,-190.0,4.2264032250796335,1,DRUGLIKE_CONCAT,HsDHODH_Druglike,5,2,114.87,5,14,3,4,0.6363636363636364,0.13636363636363635,0.18181818181818182,0.2857142857142857,0.07142857142857142,22,2,0,2,2,0,2,0,0
O=C(CC1=NOC(CF)=C1)OCC#C[C@@H](CO)C1=NNC(=O)N1,21/000000099,"InChI=1S/C13H13FN4O5/c14-6-10-4-9(18-23-10)5-11(20)22-3-1-2-8(7-19)12-15-13(21)17-16-12/h4,8,19H,3,5-7H2,(H2,15,16,17,21)/t8-/m0/s1",C13H13N4O5F,324.08699773600006,-0.5793000000000001,4.24,7.86,6.2,-150.0,4.139387459277808,1,DRUGLIKE_CONCAT,HsDHODH_Druglike,7,3,134.1,6,13,5,4,0.5652173913043478,0.21739130434782608,0.17391304347826086,0.38461538461538464,0.07692307692307693,23,2,0,2,2,0,2,0,0
N[C@H](C1=COC=C1)C1=NC(I)=C(C#CC(=O)O)C=C1,26/000000023,"InChI=1S/C13H9IN2O3/c14-13-8(2-4-11(17)18)1-3-10(16-13)12(15)9-5-6-19-7-9/h1,3,5-7,12H,15H2,(H,17,18)/t12-/m1/s1",C13H9N2O3I,367.965790148,1.7634,4.24,4.77,20.7,-150.0,3.907556078304543,1,DRUGLIKE_CONCAT,HsDHODH_Druglike,4,2,89.35000000000001,2,13,3,2,0.6842105263157895,0.15789473684210525,0.10526315789473684,0.07692307692307693,0.07692307692307693,19,2,0,2,2,0,2,0,0
C#CCCCCC1=CC(O)=CC(C2=NNN=C2)=C1,28/000000147,"InChI=1S/C14H15N3O/c1-2-3-4-5-6-11-7-12(9-13(18)8-11)14-10-15-17-16-14/h1,7-10,18H,3-6H2,(H,15,16,17)",C14H15N3O,241.1215121,2.5233,4.24,3.66,19.0,-120.0,2.8240260768794876,1,DRUGLIKE_CONCAT,HsDHODH_Druglike,3,2,61.800000000000004,5,14,1,3,0.7777777777777778,0.05555555555555555,0.16666666666666666,0.2857142857142857,0.0,18,2,0,2,1,0,1,0,0
C=C(C(C)=O)C1=C(CC(=O)O)C(O)=NO1,3/000000134,"InChI=1S/C9H9NO5/c1-4(5(2)11)8-6(3-7(12)13)9(14)10-15-8/h1,3H2,2H3,(H,10,14)(H,12,13)",C9H9NO5,211.048072388,0.6094999999999999,4.24,1.34,4.69,-20.0,3.3570869649577633,1,DRUGLIKE_CONCAT,HsDHODH_Druglike,5,2,100.63000000000001,4,9,5,1,0.6,0.3333333333333333,0.06666666666666667,0.2222222222222222,0.0,15,1,0,1,1,0,1,0,0
O=C(O)CC[C@@H](C#CC1=C(O)C=C2OCNC2=C1)CO,21/000000128,"InChI=1S/C14H15NO5/c16-7-9(2-4-14(18)19)1-3-10-5-11-13(6-12(10)17)20-8-15-11/h5-6,9,15-17H,2,4,7-8H2,(H,18,19)/t9-/m1/s1",C14H15NO5,277.09502258000003,0.9787999999999997,4.24,2.49,18.8,-190.0,3.8719320531239823,1,DRUGLIKE_CONCAT,HsDHODH_Druglike,5,4,99.02000000000001,4,14,5,1,0.7,0.25,0.05,0.35714285714285715,0.07142857142857142,20,2,1,1,1,1,0,0,0
C=CC1=C(Br)C=CN=C1C1=C(CO)N=C(CN)O1,7/000000055,"InChI=1S/C12H12BrN3O2/c1-2-7-8(13)3-4-15-11(7)12-9(6-17)16-10(5-14)18-12/h2-4,17H,1,5-6,14H2",C12H12N3O2Br,309.011288724,2.0931,4.24,5.62,18.1,-120.0,3.4233821952226844,1,DRUGLIKE_CONCAT,HsDHODH_Druglike,5,2,85.17,4,12,2,3,0.6666666666666666,0.1111111111111111,0.16666666666666666,0.16666666666666666,0.0,18,2,0,2,2,0,2,0,0
CNC/C=C(\C(=O)O)C1=CC=C(CO)C(O)=C1,28/000000328,"InChI=1S/C12H15NO4/c1-13-5-4-10(12(16)17)8-2-3-9(7-14)11(15)6-8/h2-4,6,13-15H,5,7H2,1H3,(H,16,17)/b10-4-",C12H15NO4,237.10010796,0.5719000000000001,4.24,3.6,2.22,-60.0,2.8168297925428973,1,DRUGLIKE_CONCAT,HsDHODH_Druglike,4,4,89.79,5,12,4,1,0.7058823529411765,0.23529411764705882,0.058823529411764705,0.25,0.0,17,1,0,1,0,0,0,0,0
C=CC1=C(C(=O)O)C(C2=NN=C(CO)N2)=CC1,9/000000042,"InChI=1S/C11H11N3O3/c1-2-6-3-4-7(9(6)11(16)17)10-12-8(5-15)13-14-10/h2,4,15H,1,3,5H2,(H,16,17)(H,12,13,14)",C11H11N3O3,233.080041212,0.6513,4.23,5.18,21.1,-80.0,3.85124956056396,1,DRUGLIKE_CONCAT,HsDHODH_Druglike,4,3,99.1,4,11,3,3,0.6470588235294118,0.17647058823529413,0.17647058823529413,0.18181818181818182,0.0,17,2,1,1,1,0,1,0,0
O=C(O)CC1=C([C@](O)(Cl)CCl)ON=C1O,3/000000146,"InChI=1S/C7H7Cl2NO5/c8-2-7(9,14)5-3(1-4(11)12)6(13)10-15-5/h14H,1-2H2,(H,10,13)(H,11,12)/t7-/m0/s1",C7H7NO5Cl2,254.970127684,0.6299999999999999,4.23,1.53,4.83,-170.0,4.099364000374163,1,DRUGLIKE_CONCAT,HsDHODH_Druglike,5,3,103.79,4,7,5,1,0.4666666666666667,0.3333333333333333,0.06666666666666667,0.42857142857142855,0.14285714285714285,15,1,0,1,1,0,1,0,0
O=C(O)CC1=C(C(=O)CNC(F)F)ON=C1O,3/000000027,"InChI=1S/C8H8F2N2O5/c9-8(10)11-2-4(13)6-3(1-5(14)15)7(16)12-17-6/h8,11H,1-2H2,(H,12,16)(H,14,15)/p+1",C8H9N2O5F2,250.040127796,0.0022000000000000908,4.23,1.66,2.35,-170.0,4.142211197225171,1,DRUGLIKE_CONCAT,HsDHODH_Druglike,6,3,112.66,6,8,5,2,0.47058823529411764,0.29411764705882354,0.11764705882352941,0.375,0.0,17,1,0,1,1,0,1,0,0
CCCC1=NC(C[C@@H](CO)C2=CCC(CN)=CO2)=CC=C1O,12/000000013,"InChI=1S/C17H24N2O3/c1-2-3-15-16(21)6-5-14(19-15)8-13(10-20)17-7-4-12(9-18)11-22-17/h5-7,11,13,20-21H,2-4,8-10,18H2,1H3/t13-/m0/s1",C17H24N2O3,304.17869262799996,2.0375,4.23,10.43,7.96,-170.0,4.051381763093708,1,DRUGLIKE_CONCAT,HsDHODH_Druglike,5,3,88.60000000000001,7,17,3,2,0.7727272727272727,0.13636363636363635,0.09090909090909091,0.47058823529411764,0.058823529411764705,22,2,1,1,2,1,1,0,0
O=C1C=C([C@H](C(=O)O)C2=NC(O)=NC(CBr)=C2)CO1,29/000000015,"InChI=1S/C11H9BrN2O5/c12-3-6-2-7(14-11(18)13-6)9(10(16)17)5-1-8(15)19-4-5/h1-2,9H,3-4H2,(H,16,17)(H,13,14,18)/t9-/m0/s1",C11H9N2O5Br,327.969483488,0.7284999999999999,4.23,4.38,2.22,-170.0,4.089149943437958,1,DRUGLIKE_CONCAT,HsDHODH_Druglike,6,2,109.61000000000001,4,11,5,2,0.5789473684210527,0.2631578947368421,0.10526315789473684,0.2727272727272727,0.09090909090909091,19,2,1,1,2,1,1,0,0
C=C[C@H](C)C1=NC(O)=NC=C1C(=O)O,29/000000152,"InChI=1S/C9H10N2O3/c1-3-5(2)7-6(8(12)13)4-10-9(14)11-7/h3-5H,1H2,2H3,(H,12,13)(H,10,11,14)/t5-/m0/s1",C9H10N2O3,194.06914218,1.1699,4.23,4.54,12.2,-170.0,3.748573261601102,1,DRUGLIKE_CONCAT,HsDHODH_Druglike,4,2,83.31,3,9,3,2,0.6428571428571429,0.21428571428571427,0.14285714285714285,0.2222222222222222,0.1111111111111111,14,1,0,1,1,0,1,0,0
COCC1=CC(=O)N[C@@H]1/C=C/C1=CN=C(CO)C(Br)=C1,13/000000042,"InChI=1S/C14H15BrN2O3/c1-20-8-10-5-14(19)17-12(10)3-2-9-4-11(15)13(7-18)16-6-9/h2-6,12,18H,7-8H2,1H3,(H,17,19)/b3-2+/t12-/m1/s1",C14H15N2O3Br,338.02660444,1.4207999999999998,4.23,4.7,2.35,-170.0,3.953896338838268,1,DRUGLIKE_CONCAT,HsDHODH_Druglike,4,2,71.45,5,14,3,2,0.7,0.15,0.1,0.2857142857142857,0.07142857142857142,20,2,1,1,2,1,1,0,0
CCCCC[C@H](O)C1=NC(O)=NC=C1C(=O)O,29/000000151,"InChI=1S/C11H16N2O4/c1-2-3-4-5-8(14)9-7(10(15)16)6-12-11(17)13-9/h6,8,14H,2-5H2,1H3,(H,15,16)(H,12,13,17)/t8-/m0/s1",C11H16N2O4,240.111006992,1.4940999999999998,4.23,4.75,13.6,-170.0,3.251041559114431,1,DRUGLIKE_CONCAT,HsDHODH_Druglike,5,3,103.54,6,11,4,2,0.6470588235294118,0.23529411764705882,0.11764705882352941,0.5454545454545454,0.09090909090909091,17,1,0,1,1,0,1,0,0
OCC1=NNN=C1CCCC#CC1=CC2=C(C=C1O)OCN2,21/000000129,"InChI=1S/C15H16N4O3/c20-8-13-11(17-19-18-13)5-3-1-2-4-10-6-12-15(7-14(10)21)22-9-16-12/h6-7,16,20-21H,1,3,5,8-9H2,(H,17,18,19)",C15H16N4O3,300.122240372,1.1387999999999998,4.23,2.9,23.8,-40.0,3.560735616802141,1,DRUGLIKE_CONCAT,HsDHODH_Druglike,6,4,103.29,4,15,3,4,0.6818181818181818,0.13636363636363635,0.18181818181818182,0.3333333333333333,0.0,22,3,1,2,2,1,1,0,0
CC[C@@H](C/C=C/C1=CC=C(Cl)C(O)=C1)C(=O)O,7/000000009,"InChI=1S/C13H15ClO3/c1-2-10(13(16)17)5-3-4-9-6-7-11(14)12(15)8-9/h3-4,6-8,10,15H,2,5H2,1H3,(H,16,17)/b4-3+/t10-/m0/s1",C13H15O3Cl,254.07097202,3.559700000000002,4.23,7.81,3.85,-170.0,2.8591923952348317,1,DRUGLIKE_CONCAT,HsDHODH_Druglike,2,2,57.53,5,13,3,0,0.7647058823529411,0.17647058823529413,0.0,0.3076923076923077,0.07692307692307693,17,1,0,1,0,0,0,0,0
O=C(/C=C/C1=C(I)C=CC(O)=C1)[C@H]1CCCNN1CF,28/000000058,"InChI=1S/C14H16FIN2O2/c15-9-18-13(2-1-7-17-18)14(20)6-3-10-8-11(19)4-5-12(10)16/h3-6,8,13,17,19H,1-2,7,9H2/b6-3+/t13-/m1/s1",C14H16N2O2FI,390.02405397200005,2.4750999999999994,4.23,6.44,3.58,-150.0,3.9111018333437624,1,DRUGLIKE_CONCAT,HsDHODH_Druglike,4,2,52.57,4,14,2,2,0.7,0.1,0.1,0.35714285714285715,0.07142857142857142,20,2,1,1,1,1,0,0,0
CC(=O)OCC/C=C/CNCC1=NC(O)=NC=C1C(=O)O,29/000000036,"InChI=1S/C13H17N3O5/c1-9(17)21-6-4-2-3-5-14-8-11-10(12(18)19)7-15-13(20)16-11/h2-3,7,14H,4-6,8H2,1H3,(H,18,19)(H,15,16,20)/b3-2+",C13H17N3O5,295.116820644,0.47939999999999966,4.23,7.06,5.24,-50.0,3.1363605965594905,1,DRUGLIKE_CONCAT,HsDHODH_Druglike,7,3,121.64,8,13,5,3,0.6190476190476191,0.23809523809523808,0.14285714285714285,0.38461538461538464,0.0,21,1,0,1,1,0,1,0,0
C=C[C@H](CC)CC1=C(CC(=O)O)C(O)=NO1,3/000000130,"InChI=1S/C11H15NO4/c1-3-7(4-2)5-9-8(6-10(13)14)11(15)12-16-9/h3,7H,1,4-6H2,2H3,(H,12,15)(H,13,14)/t7-/m1/s1",C11H15NO4,225.10010796,1.762,4.23,1.02,2.48,-190.0,3.906013621401859,1,DRUGLIKE_CONCAT,HsDHODH_Druglike,4,2,83.56,6,11,4,1,0.6875,0.25,0.0625,0.45454545454545453,0.09090909090909091,16,1,0,1,1,0,1,0,0
C=CC1=CC=C(OCCC[C@@H]2CNC(=O)N2)C=C1Br,22/000000069,"InChI=1S/C14H17BrN2O2/c1-2-10-5-6-12(8-13(10)15)19-7-3-4-11-9-16-14(18)17-11/h2,5-6,8,11H,1,3-4,7,9H2,(H2,16,17,18)/t11-/m1/s1",C14H17N2O2Br,324.04733988400005,2.932500000000001,4.23,4.09,5.09,-150.0,3.335316117007978,1,DRUGLIKE_CONCAT,HsDHODH_Druglike,2,2,50.36,6,14,2,2,0.7368421052631579,0.10526315789473684,0.10526315789473684,0.35714285714285715,0.07142857142857142,19,2,1,1,1,1,0,0,0
CC1=NCCN1CC(=O)C1=C(CC(=O)O)C(O)=NO1,3/000000086,"InChI=1S/C11H13N3O5/c1-6-12-2-3-14(6)5-8(15)10-7(4-9(16)17)11(18)13-19-10/h2-5H2,1H3,(H,13,18)(H,16,17)",C11H13N3O5,267.08552051600003,-0.07600000000000007,4.23,1.73,2.35,-80.0,3.4206800086132745,1,DRUGLIKE_CONCAT,HsDHODH_Druglike,7,2,116.23,5,11,5,3,0.5789473684210527,0.2631578947368421,0.15789473684210525,0.45454545454545453,0.0,19,2,1,1,2,1,1,0,0
O=C(/C=C/C(=O)C1=NN=C(C2=NOCN2)N1)CO,23/000000561,"InChI=1S/C9H9N5O4/c15-3-5(16)1-2-6(17)7-11-9(13-12-7)8-10-4-18-14-8/h1-2,15H,3-4H2,(H,10,14)(H,11,12,13)/b2-1+",C9H9N5O4,251.065453768,-1.6560999999999995,4.23,2.66,3.58,-80.0,4.228281489340331,1,DRUGLIKE_CONCAT,HsDHODH_Druglike,8,3,129.56,5,9,4,5,0.5,0.2222222222222222,0.2777777777777778,0.2222222222222222,0.0,18,2,1,1,2,1,1,0,0
CCCC(=O)/C=C/C(=O)C1=NN=C(C2=NOCN2)N1,23/000000559,"InChI=1S/C11H13N5O3/c1-2-3-7(17)4-5-8(18)9-13-11(15-14-9)10-12-6-19-16-10/h4-5H,2-3,6H2,1H3,(H,12,16)(H,13,14,15)/b5-4+",C11H13N5O3,263.101839276,0.15169999999999983,4.23,2.75,3.58,-120.0,4.03732586660144,1,DRUGLIKE_CONCAT,HsDHODH_Druglike,7,2,109.33000000000001,6,11,3,5,0.5789473684210527,0.15789473684210525,0.2631578947368421,0.36363636363636365,0.0,19,2,1,1,2,1,1,0,0
NC1=C(/C=C/CNCCO)C=C(C2=NC=NN2)C=C1,27/000000046,"InChI=1S/C13H17N5O/c14-12-4-3-11(13-16-9-17-18-13)8-10(12)2-1-5-15-6-7-19/h1-4,8-9,15,19H,5-7,14H2,(H,16,17,18)/b2-1+",C13H17N5O,259.143310164,0.6489999999999996,4.23,4.89,18.5,-120.0,2.889922509958083,1,DRUGLIKE_CONCAT,HsDHODH_Druglike,5,4,99.85,6,13,1,5,0.6842105263157895,0.05263157894736842,0.2631578947368421,0.23076923076923078,0.0,19,2,0,2,1,0,1,0,0
C=C(C1=CCCCO1)C1=C(CC(=O)CO)C(O)=NO1,3/000000057,"InChI=1S/C13H15NO5/c1-8(11-4-2-3-5-18-11)12-10(6-9(16)7-15)13(17)14-19-12/h4,15H,1-3,5-7H2,(H,14,17)",C13H15NO5,265.09502258000003,1.1916,4.23,1.94,21.2,-40.0,3.733086969649335,1,DRUGLIKE_CONCAT,HsDHODH_Druglike,6,2,92.79,5,13,5,1,0.6842105263157895,0.2631578947368421,0.05263157894736842,0.38461538461538464,0.0,19,2,1,1,2,1,1,0,0
NCC/C=C/CCC1=CC(O)=CC(C2=NNN=C2)=C1,28/000000226,"InChI=1S/C14H18N4O/c15-6-4-2-1-3-5-11-7-12(9-13(19)8-11)14-10-16-18-17-14/h1-2,7-10,19H,3-6,15H2,(H,16,17,18)/p+1/b2-1+",C14H19N4O,258.148061196,2.0149,4.23,2.13,18.6,-120.0,3.454314398069972,1,DRUGLIKE_CONCAT,HsDHODH_Druglike,4,3,87.82000000000001,6,14,1,4,0.7368421052631579,0.05263157894736842,0.21052631578947367,0.2857142857142857,0.0,19,2,0,2,1,0,1,0,0
O=C1CC[C@@H](CCC#CC2=CN=C(Cl)C(C(=O)CO)=N2)N1,19/000000032,"InChI=1S/C14H14ClN3O3/c15-14-13(11(20)8-19)18-10(7-16-14)4-2-1-3-9-5-6-12(21)17-9/h7,9,19H,1,3,5-6,8H2,(H,17,21)/t9-/m1/s1",C14H14N3O3Cl,307.07236898800005,0.7152999999999998,4.23,4.9,21.5,-150.0,3.812259077270694,1,DRUGLIKE_CONCAT,HsDHODH_Druglike,5,2,92.18,4,14,3,3,0.6666666666666666,0.14285714285714285,0.14285714285714285,0.42857142857142855,0.07142857142857142,21,2,1,1,2,1,1,0,0
C/C=C/C(=O)[C@H](OC(=O)C1=CC=CC=C1N)C1=NN=C(CO)O1,9/000000043,"InChI=1S/C15H15N3O5/c1-2-5-11(20)13(14-18-17-12(8-19)22-14)23-15(21)9-6-3-4-7-10(9)16/h2-7,13,19H,8,16H2,1H3/b5-2+/t13-/m0/s1",C15H15N3O5,317.10117058,1.1874,4.22,8.39,3.58,-170.0,3.3875382765855013,1,DRUGLIKE_CONCAT,HsDHODH_Druglike,8,2,128.54000000000002,6,15,5,3,0.6521739130434783,0.21739130434782608,0.13043478260869565,0.2,0.06666666666666667,23,2,0,2,1,0,1,0,0
C=CC1=C(Br)C=CN=C1C1=C(C(N)=O)N=C(C(=O)CN)O1,7/000000024,"InChI=1S/C13H11BrN4O3/c1-2-6-7(14)3-4-17-9(6)11-10(12(16)20)18-13(21-11)8(19)5-15/h2-4H,1,5,15H2,(H2,16,20)",C13H11N4O3Br,350.001452312,1.3824,4.22,5.36,23.3,-120.0,3.424321353225692,1,DRUGLIKE_CONCAT,HsDHODH_Druglike,6,2,125.1,5,13,3,4,0.6190476190476191,0.14285714285714285,0.19047619047619047,0.07692307692307693,0.0,21,2,0,2,2,0,2,0,0
C[C@H](N)CCCC1=NC(O)=NC=C1C(=O)O,29/000000116,"InChI=1S/C10H15N3O3/c1-6(11)3-2-4-8-7(9(14)15)5-12-10(16)13-8/h5-6H,2-4,11H2,1H3,(H,14,15)(H,12,13,16)/t6-/m0/s1",C10H15N3O3,225.11134134,0.5502999999999998,4.22,5.89,3.85,-170.0,3.3271832099528433,1,DRUGLIKE_CONCAT,HsDHODH_Druglike,5,3,109.33,5,10,3,3,0.625,0.1875,0.1875,0.5,0.1,16,1,0,1,1,0,1,0,0
CCOCC1=CC=C(CC2=CC(C(=O)O)=CN2)C(CO)=C1,6/000000017,"InChI=1S/C16H19NO4/c1-2-21-10-11-3-4-12(14(5-11)9-18)6-15-7-13(8-17-15)16(19)20/h3-5,7-8,17-18H,2,6,9-10H2,1H3,(H,19,20)",C16H19NO4,289.131408088,2.3325000000000005,4.22,2.06,3.7,-80.0,2.608177127602966,1,DRUGLIKE_CONCAT,HsDHODH_Druglike,3,3,82.55,7,16,4,1,0.7619047619047619,0.19047619047619047,0.047619047619047616,0.3125,0.0,21,2,0,2,1,0,1,0,0
O=C(CC1=CC=CC(O)=C1Br)C1=C(C(=O)O)NC=N1,28/000000051,"InChI=1S/C12H9BrN2O4/c13-9-6(2-1-3-7(9)16)4-8(17)10-11(12(18)19)15-5-14-10/h1-3,5,16H,4H2,(H,14,15)(H,18,19)",C12H9N2O4Br,323.97456886800006,2.0014000000000003,4.22,5.63,3.72,0.0,2.7717879967789543,1,DRUGLIKE_CONCAT,HsDHODH_Druglike,4,3,103.27999999999999,4,12,4,2,0.631578947368421,0.21052631578947367,0.10526315789473684,0.08333333333333333,0.0,19,2,0,2,1,0,1,0,0
O=C(O)C1=CN=C(O)N=C1[C@@H](Br)CCl,29/000000073,"InChI=1S/C7H6BrClN2O3/c8-4(1-9)5-3(6(12)13)2-10-7(14)11-5/h2,4H,1H2,(H,12,13)(H,10,11,14)/t4-/m0/s1",C7H6N2O3ClBr,279.925031832,1.5552,4.22,5.11,2.74,-150.0,3.8831391659670063,1,DRUGLIKE_CONCAT,HsDHODH_Druglike,4,2,83.31,3,7,3,2,0.5,0.21428571428571427,0.14285714285714285,0.2857142857142857,0.14285714285714285,14,1,0,1,1,0,1,0,0
C=C[C@@H](CCCCl)C1=CC=C(C(=O)C2=NC(=O)ON2)N1,23/000000447,"InChI=1S/C13H14ClN3O3/c1-2-8(4-3-7-14)9-5-6-10(15-9)11(18)12-16-13(19)20-17-12/h2,5-6,8,15H,1,3-4,7H2,(H,16,17,19)/t8-/m0/s1",C13H14N3O3Cl,295.07236898800005,2.2106,4.22,6.15,3.58,-150.0,4.1560823278492585,1,DRUGLIKE_CONCAT,HsDHODH_Druglike,4,2,91.75,7,13,3,3,0.65,0.15,0.15,0.3076923076923077,0.07692307692307693,20,2,0,2,2,0,2,0,0
O=C(O)C1=CN=C(O)N=C1[C@H](CO)CCl,29/000000221,"InChI=1S/C8H9ClN2O4/c9-1-4(3-12)6-5(7(13)14)2-10-8(15)11-6/h2,4,12H,1,3H2,(H,13,14)(H,10,11,15)/t4-/m0/s1",C8H9N2O4Cl,232.025084448,0.1951,4.22,7.08,13.5,-150.0,3.741628112800198,1,DRUGLIKE_CONCAT,HsDHODH_Druglike,5,3,103.54,4,8,4,2,0.5333333333333333,0.26666666666666666,0.13333333333333333,0.375,0.125,15,1,0,1,1,0,1,0,0
C[C@H](NCCl)C1=NNC(/C=C/C2=C(I)C=CC(O)=C2)=C1,28/000000279,"InChI=1S/C14H15ClIN3O/c1-9(17-8-15)14-7-11(18-19-14)3-2-10-6-12(20)4-5-13(10)16/h2-7,9,17,20H,8H2,1H3,(H,18,19)/b3-2+/t9-/m0/s1",C14H15N3OClI,402.99483778,3.7372000000000014,4.22,6.87,3.58,-170.0,3.934902382794313,1,DRUGLIKE_CONCAT,HsDHODH_Druglike,3,3,60.94,5,14,1,3,0.7,0.05,0.15,0.21428571428571427,0.07142857142857142,20,2,0,2,1,0,1,0,0
NCC1=CC(C(=O)CCC2=CNOC2)=CC=C1I,19/000000051,"InChI=1S/C13H15IN2O2/c14-12-3-2-10(5-11(12)6-15)13(17)4-1-9-7-16-18-8-9/h2-3,5,7,16H,1,4,6,8,15H2/p+1",C13H16N2O2I,358.01782572,2.1315,4.21,2.26,3.85,0.0,3.940729453141236,1,DRUGLIKE_CONCAT,HsDHODH_Druglike,4,2,64.35000000000001,5,13,2,2,0.7222222222222222,0.1111111111111111,0.1111111111111111,0.3076923076923077,0.0,18,2,1,1,1,1,0,0,0
CC/C=C\CC(=O)C1=C(CC(=O)O)C(O)=NO1,3/000000036,"InChI=1S/C11H13NO5/c1-2-3-4-5-8(13)10-7(6-9(14)15)11(16)12-17-10/h3-4H,2,5-6H2,1H3,(H,12,16)(H,14,15)/b4-3-",C11H13NO5,239.079372516,1.5463,4.21,-0.13,2.35,-40.0,3.318156882843901,1,DRUGLIKE_CONCAT,HsDHODH_Druglike,5,2,100.63000000000001,6,11,5,1,0.6470588235294118,0.29411764705882354,0.058823529411764705,0.36363636363636365,0.0,17,1,0,1,1,0,1,0,0
OCC1=CC=CC=C1C#CC1=CC=CC(C2=CNN=C2)=C1,3/000000123,"InChI=1S/C18H14N2O/c21-13-17-6-2-1-5-15(17)9-8-14-4-3-7-16(10-14)18-11-19-20-12-18/h1-7,10-12,21H,13H2,(H,19,20)",C18H14N2O,274.11061306799996,2.9688000000000008,4.21,3.92,18.6,-129.0,2.43547190827336,1,DRUGLIKE_CONCAT,HsDHODH_Druglike,2,2,48.91,2,18,1,2,0.8571428571428571,0.047619047619047616,0.09523809523809523,0.05555555555555555,0.0,21,3,0,3,1,0,1,0,0
C/C=C/C[C@H](F)C1=NC(O)=NC=C1C(=O)O,29/000000204,"InChI=1S/C10H11FN2O3/c1-2-3-4-7(11)8-6(9(14)15)5-12-10(16)13-8/h2-3,5,7H,4H2,1H3,(H,14,15)(H,12,13,16)/b3-2+/t7-/m0/s1",C10H11N2O3F,226.075370432,1.8571999999999997,4.21,6.83,15.5,-170.0,3.888644748414382,1,DRUGLIKE_CONCAT,HsDHODH_Druglike,4,2,83.31,4,10,3,2,0.625,0.1875,0.125,0.3,0.1,16,1,0,1,1,0,1,0,0
CCC/C=C\CO[C@@H](CC1=CC(O)=CC(CO)=C1)C(=O)O,28/000000068,"InChI=1S/C16H22O5/c1-2-3-4-5-6-21-15(16(19)20)10-12-7-13(11-17)9-14(18)8-12/h4-5,7-9,15,17-18H,2-3,6,10-11H2,1H3,(H,19,20)/b5-4-/t15-/m0/s1",C16H22O5,294.146723804,2.2530999999999994,4.21,5.62,3.58,-200.0,3.103479317346223,1,DRUGLIKE_CONCAT,HsDHODH_Druglike,4,3,86.99,9,16,5,0,0.7619047619047619,0.23809523809523808,0.0,0.4375,0.0625,21,1,0,1,0,0,0,0,0
NC/C=C/CCC1=CC(CO)=C(C2=NNC(=O)O2)C1,4/000000005,"InChI=1S/C13H17N3O3/c14-5-3-1-2-4-9-6-10(8-17)11(7-9)12-15-16-13(18)19-12/h1,3,6,17H,2,4-5,7-8,14H2,(H,16,18)/p+1/b3-1+",C13H18N3O3,263.126991404,0.7339999999999999,4.21,3.48,21.6,-80.0,4.297500225575798,1,DRUGLIKE_CONCAT,HsDHODH_Druglike,5,3,105.14,6,13,3,3,0.6842105263157895,0.15789473684210525,0.15789473684210525,0.38461538461538464,0.0,19,2,1,1,1,0,1,0,0
O=C(C1=CC=C(CC/C=C\C2CCCC2)N1)C1=NC(=O)ON1,23/000000400,"InChI=1S/C16H19N3O3/c20-14(15-18-16(21)22-19-15)13-10-9-12(17-13)8-4-3-7-11-5-1-2-6-11/h3,7,9-11,17H,1-2,4-6,8H2,(H,18,19,21)/b7-3-",C16H19N3O3,301.142641468,2.601,4.21,3.29,3.58,-150.0,3.392327443725219,1,DRUGLIKE_CONCAT,HsDHODH_Druglike,4,2,91.75,6,16,3,3,0.7272727272727273,0.13636363636363635,0.13636363636363635,0.4375,0.0,22,3,1,2,2,0,2,0,0
N[C@H](C#CC1=CC=NN1)C1=C(Cl)N=C(C(=O)O)C=N1,11/000000006,"InChI=1S/C11H8ClN5O2/c12-10-9(14-5-8(16-10)11(18)19)7(13)2-1-6-3-4-15-17-6/h3-5,7H,13H2,(H,15,17)(H,18,19)/t7-/m1/s1",C11H8N5O2Cl,277.036652176,0.6028,4.21,7.1,22.9,-150.0,4.107003393253747,1,DRUGLIKE_CONCAT,HsDHODH_Druglike,5,3,117.78,2,11,2,5,0.5789473684210527,0.10526315789473684,0.2631578947368421,0.09090909090909091,0.09090909090909091,19,2,0,2,2,0,2,0,0
C/C=C/C(F)(F)CCC1=CC=C(C(=O)C2=NC(=O)ON2)N1,23/000000415,"InChI=1S/C13H13F2N3O3/c1-2-6-13(14,15)7-5-8-3-4-9(16-8)10(19)11-17-12(20)21-18-11/h2-4,6,16H,5,7H2,1H3,(H,17,18,20)/b6-2+",C13H13N3O3F2,297.0924977160001,2.066,4.21,5.21,3.58,-170.0,3.7860197477531248,1,DRUGLIKE_CONCAT,HsDHODH_Druglike,4,2,91.75,6,13,3,3,0.6190476190476191,0.14285714285714285,0.14285714285714285,0.3076923076923077,0.0,21,2,0,2,2,0,2,0,0
NCC1=NC=C(C2=CNC=C2)C=C1OC(=O)C1=CC=CC=C1Cl,3/000000115,"InChI=1S/C17H14ClN3O2/c18-14-4-2-1-3-13(14)17(22)23-16-7-12(10-21-15(16)8-19)11-5-6-20-9-11/h1-7,9-10,20H,8,19H2",C17H14N3O2Cl,327.07745436799996,3.4080000000000013,4.21,5.87,19.7,-120.0,2.6236964163304783,1,DRUGLIKE_CONCAT,HsDHODH_Druglike,4,2,81.0,4,17,2,3,0.7391304347826086,0.08695652173913043,0.13043478260869565,0.058823529411764705,0.0,23,3,0,3,2,0,2,0,0
O=C1NC[C@@H](/C=C/C2=CC=C(O)C=C2O)N1,22/000000036,"InChI=1S/C11H12N2O3/c14-9-4-2-7(10(15)5-9)1-3-8-6-12-11(16)13-8/h1-5,8,14-15H,6H2,(H2,12,13,16)/b3-1+/t8-/m1/s1",C11H12N2O3,220.084792244,0.7923999999999998,4.21,3.59,2.22,-150.0,3.6111900078061527,1,DRUGLIKE_CONCAT,HsDHODH_Druglike,3,4,81.59,2,11,3,2,0.6875,0.1875,0.125,0.18181818181818182,0.09090909090909091,16,2,1,1,1,1,0,0,0
O=C(O)CC1=CC=C(C2=NNC(C(=O)O)=N2)C=C1C(=O)O,6/000000006,"InChI=1S/C12H9N3O6/c16-8(17)4-5-1-2-6(3-7(5)11(18)19)9-13-10(12(20)21)15-14-9/h1-3H,4H2,(H,16,17)(H,18,19)(H,20,21)(H,13,14,15)",C12H9N3O6,291.049135008,0.49520000000000025,4.21,1.42,3.72,-160.0,2.501968316788444,1,DRUGLIKE_CONCAT,HsDHODH_Druglike,5,4,153.46999999999997,5,12,6,3,0.5714285714285714,0.2857142857142857,0.14285714285714285,0.08333333333333333,0.0,21,2,0,2,1,0,1,0,0
CCOC1=CC(/C=C/CNCCO)=C(N)C=C1,27/000000018,"InChI=1S/C13H20N2O2/c1-2-17-12-5-6-13(14)11(10-12)4-3-7-15-8-9-16/h3-6,10,15-16H,2,7-9,14H2,1H3/b4-3+",C13H20N2O2,236.15247788,1.2625999999999995,4.21,5.46,3.58,-20.0,2.4597954279944023,1,DRUGLIKE_CONCAT,HsDHODH_Druglike,4,3,67.50999999999999,7,13,2,2,0.7647058823529411,0.11764705882352941,0.11764705882352941,0.38461538461538464,0.0,17,1,0,1,0,0,0,0,0
OC1=CC(Br)=CC(C2=NNN=C2)=C1,28/000000111,"InChI=1S/C8H6BrN3O/c9-6-1-5(2-7(13)3-6)8-4-10-12-11-8/h1-4,13H,(H,10,11,12)",C8H6N3OBr,238.969423912,1.9397999999999995,4.21,0.9,14.3,-120.0,2.7182983778674537,1,DRUGLIKE_CONCAT,HsDHODH_Druglike,3,2,61.800000000000004,1,8,1,3,0.6153846153846154,0.07692307692307693,0.23076923076923078,0.0,0.0,13,2,0,2,1,0,1,0,0
CCNC(=O)CC#CCC1=C(O)C2=C(C=C1)CNNC2,15/000000014,"InChI=1S/C15H19N3O2/c1-2-16-14(19)6-4-3-5-11-7-8-12-9-17-18-10-13(12)15(11)20/h7-8,17-18,20H,2,5-6,9-10H2,1H3,(H,16,19)",C15H19N3O2,273.147726848,0.5720999999999997,4.21,0.7,18.6,-120.0,3.532249398630304,1,DRUGLIKE_CONCAT,HsDHODH_Druglike,4,4,73.39,3,15,2,3,0.75,0.1,0.15,0.4,0.0,20,2,1,1,1,1,0,0,0
OCC1=C(C2=NN=NN2)N(C/C=C/CCCl)C=C1,7/000000081,"InChI=1S/C11H14ClN5O/c12-5-2-1-3-6-17-7-4-9(8-18)10(17)11-13-15-16-14-11/h1,3-4,7,18H,2,5-6,8H2,(H,13,14,15,16)/b3-1+",C11H14N5OCl,267.088687748,1.3455999999999997,4.21,4.44,5.09,-80.0,3.582755366820317,1,DRUGLIKE_CONCAT,HsDHODH_Druglike,5,2,79.62,6,11,1,5,0.6111111111111112,0.05555555555555555,0.2777777777777778,0.36363636363636365,0.0,18,2,0,2,2,0,2,0,0
N[C@H](O)C1=COC(C(=O)CC2=C(Br)C(O)=CC=C2)=C1,28/000000282,"InChI=1S/C13H12BrNO4/c14-12-7(2-1-3-9(12)16)4-10(17)11-5-8(6-19-11)13(15)18/h1-3,5-6,13,16,18H,4,15H2/t13-/m1/s1",C13H12NO4Br,324.994969964,2.1227,4.21,5.07,3.58,-150.0,3.5073931387042308,1,DRUGLIKE_CONCAT,HsDHODH_Druglike,5,3,96.69000000000001,4,13,4,1,0.6842105263157895,0.21052631578947367,0.05263157894736842,0.15384615384615385,0.07692307692307693,19,2,0,2,1,0,1,0,0
CCCCC(=O)NCCCC#CC1=C(O)C=C2OCNC2=C1,21/000000164,"InChI=1S/C17H22N2O3/c1-2-3-8-17(21)18-9-6-4-5-7-13-10-14-16(11-15(13)20)22-12-19-14/h10-11,19-20H,2-4,6,8-9,12H2,1H3,(H,18,21)",C17H22N2O3,302.163042564,2.5921000000000003,4.21,-0.08,19.6,-60.0,2.9528991813625804,1,DRUGLIKE_CONCAT,HsDHODH_Druglike,4,3,70.59,6,17,3,2,0.7727272727272727,0.13636363636363635,0.09090909090909091,0.47058823529411764,0.0,22,2,1,1,1,1,0,0,0
NCCCC1=NNC(/C=C/C2=C(I)C=CC(O)=C2)=C1,28/000000299,"InChI=1S/C14H16IN3O/c15-14-6-5-13(19)8-10(14)3-4-12-9-11(17-18-12)2-1-7-16/h3-6,8-9,19H,1-2,7,16H2,(H,17,18)/b4-3+",C14H16N3OI,369.0338101319999,2.781600000000001,4.21,6.24,3.58,0.0,3.1608822768578504,1,DRUGLIKE_CONCAT,HsDHODH_Druglike,3,3,74.92999999999999,5,14,1,3,0.7368421052631579,0.05263157894736842,0.15789473684210525,0.21428571428571427,0.0,19,2,0,2,1,0,1,0,0
N/C=C/CCC1=C(CC(=O)O)C(O)=NO1,3/000000132,"InChI=1S/C9H12N2O4/c10-4-2-1-3-7-6(5-8(12)13)9(14)11-15-7/h2,4H,1,3,5,10H2,(H,11,14)(H,12,13)/b4-2+",C9H12N2O4,212.079706864,0.41229999999999994,4.21,1.37,2.48,-20.0,3.554483587847069,1,DRUGLIKE_CONCAT,HsDHODH_Druglike,5,3,109.58000000000001,5,9,4,2,0.6,0.26666666666666666,0.13333333333333333,0.3333333333333333,0.0,15,1,0,1,1,0,1,0,0
NCCC/C=C\CC[C@H](O)C(=O)NC1=CC(F)=CC=C1F,16/000000085,"InChI=1S/C15H20F2N2O2/c16-11-7-8-12(17)13(10-11)19-15(21)14(20)6-4-2-1-3-5-9-18/h1-2,7-8,10,14,20H,3-6,9,18H2,(H,19,21)/p+1/b2-1-/t14-/m0/s1",C15H21N2O2F2,298.14928432,2.3395,4.2,-0.07,3.58,-200.0,3.4257795825982127,1,DRUGLIKE_CONCAT,HsDHODH_Druglike,3,3,75.35,8,15,2,2,0.7142857142857143,0.09523809523809523,0.09523809523809523,0.4,0.06666666666666667,21,1,0,1,0,0,0,0,0
O=C(O)CC1=C(CC2=CCC=C2)ON=C1O,3/000000244,"InChI=1S/C11H11NO4/c13-10(14)6-8-9(16-12-11(8)15)5-7-3-1-2-4-7/h1,3-4H,2,5-6H2,(H,12,15)(H,13,14)",C11H11NO4,221.068807832,1.4361,4.2,1.39,18.8,-60.0,3.6109946291944848,1,DRUGLIKE_CONCAT,HsDHODH_Druglike,4,2,83.56,4,11,4,1,0.6875,0.25,0.0625,0.2727272727272727,0.0,16,2,1,1,1,0,1,0,0
NC/C=C/CCC1=CC(C(=O)O)=C(C2=NN=CO2)C1,4/000000003,"InChI=1S/C13H15N3O3/c14-5-3-1-2-4-9-6-10(11(7-9)13(17)18)12-16-15-8-19-12/h1,3,7-8H,2,4-6,14H2,(H,17,18)/p+1/b3-1+",C13H16N3O3,261.11134134,1.533,4.2,4.27,23.2,-80.0,4.17121304608862,1,DRUGLIKE_CONCAT,HsDHODH_Druglike,5,2,102.24000000000001,6,13,3,3,0.6842105263157895,0.15789473684210525,0.15789473684210525,0.3076923076923077,0.0,19,2,1,1,1,0,1,0,0
O=C(O)[C@@H](O)CCNCCC1=CC2=C(C=C1O)OCN2,21/000000158,"InChI=1S/C13H18N2O5/c16-10(13(18)19)2-4-14-3-1-8-5-9-12(6-11(8)17)20-7-15-9/h5-6,10,14-17H,1-4,7H2,(H,18,19)/t10-/m0/s1",C13H18N2O5,282.12157167600003,0.12169999999999959,4.2,2.88,3.72,-190.0,3.434242767409698,1,DRUGLIKE_CONCAT,HsDHODH_Druglike,6,5,111.05000000000001,7,13,5,2,0.65,0.25,0.1,0.46153846153846156,0.07692307692307693,20,2,1,1,1,1,0,0,0
C/C=C/C(=O)CN1N=CC(CO)=C1C1=CN=NN1,23/000000246,"InChI=1S/C11H13N5O2/c1-2-3-9(18)6-16-11(8(7-17)4-13-16)10-5-12-15-14-10/h2-5,17H,6-7H2,1H3,(H,12,14,15)/b3-2+",C11H13N5O2,247.106924656,0.30569999999999997,4.2,5.32,24.2,-100.0,3.815098683910467,1,DRUGLIKE_CONCAT,HsDHODH_Druglike,6,2,96.69,5,11,2,5,0.6111111111111112,0.1111111111111111,0.2777777777777778,0.2727272727272727,0.0,18,2,0,2,2,0,2,0,0
O=C(O)CC1=C(C(=O)CCBr)ON=C1O,3/000000033,"InChI=1S/C8H8BrNO5/c9-2-1-5(11)7-4(3-6(12)13)8(14)10-15-7/h1-3H2,(H,10,14)(H,12,13)",C8H8NO5Br,276.958584456,0.9749999999999999,4.2,2.06,2.35,-20.0,3.299942734188532,1,DRUGLIKE_CONCAT,HsDHODH_Druglike,5,2,100.63,5,8,5,1,0.5333333333333333,0.3333333333333333,0.06666666666666667,0.375,0.0,15,1,0,1,1,0,1,0,0
OC1=CC(C2=NNN=C2)=CC(CCCCF)=C1,28/000000168,"InChI=1S/C12H14FN3O/c13-4-2-1-3-9-5-10(7-11(17)6-9)12-8-14-16-15-12/h5-8,17H,1-4H2,(H,14,15,16)",C12H14N3OF,235.112090288,2.4695,4.2,3.01,17.7,-120.0,2.7384750590776044,1,DRUGLIKE_CONCAT,HsDHODH_Druglike,3,2,61.800000000000004,5,12,1,3,0.7058823529411765,0.058823529411764705,0.17647058823529413,0.3333333333333333,0.0,17,2,0,2,1,0,1,0,0
C=CC1=CC(O)=CC(C2=NNN=C2)=C1,28/000000117,"InChI=1S/C10H9N3O/c1-2-7-3-8(5-9(14)4-7)10-6-11-13-12-10/h2-6,14H,1H2,(H,11,12,13)",C10H9N3O,187.074561908,1.8202999999999996,4.2,1.52,14.8,-120.0,2.8751228933844466,1,DRUGLIKE_CONCAT,HsDHODH_Druglike,3,2,61.800000000000004,2,10,1,3,0.7142857142857143,0.07142857142857142,0.21428571428571427,0.0,0.0,14,2,0,2,1,0,1,0,0
COCCCCCCC1=CC(O)=CC(C2=NNN=C2)=C1,28/000000206,"InChI=1S/C15H21N3O2/c1-20-7-5-3-2-4-6-12-8-13(10-14(19)9-12)15-11-16-18-17-15/h8-11,19H,2-7H2,1H3,(H,16,17,18)",C15H21N3O2,275.163376912,2.9266000000000005,4.2,1.79,18.0,-140.0,2.483489270192498,1,DRUGLIKE_CONCAT,HsDHODH_Druglike,4,2,71.03,8,15,2,3,0.75,0.1,0.15,0.4666666666666667,0.0,20,2,0,2,1,0,1,0,0
O=C(OCC1=C(CO)OC=C1)C1=CN=C(CO)C(Br)=C1,13/000000062,"InChI=1S/C13H12BrNO5/c14-10-3-9(4-15-11(10)5-16)13(18)20-7-8-1-2-19-12(8)6-17/h1-4,16-17H,5-7H2",C13H12NO5Br,340.98988458400004,1.7787,4.2,7.78,2.35,0.0,2.8129490371496786,1,DRUGLIKE_CONCAT,HsDHODH_Druglike,6,2,92.79,5,13,5,1,0.65,0.25,0.05,0.23076923076923078,0.0,20,2,0,2,2,0,2,0,0
NCC[C@@H](O)C1=NC(/C=C(\C(=O)O)C2=CC(F)=CC=C2F)=NO1,1/000000022,"InChI=1S/C14H13F2N3O4/c15-7-1-2-10(16)8(5-7)9(14(21)22)6-12-18-13(23-19-12)11(20)3-4-17/h1-2,5-6,11,20H,3-4,17H2,(H,21,22)/b9-6-/t11-/m1/s1",C14H12N3O4F2,325.08741233600006,1.3552000000000004,4.2,2.49,4.94,-150.0,3.5252054812558296,1,DRUGLIKE_CONCAT,HsDHODH_Druglike,6,3,122.47000000000001,6,14,4,3,0.6086956521739131,0.17391304347826086,0.13043478260869565,0.21428571428571427,0.07142857142857142,23,2,0,2,1,0,1,0,0
O=C(O)CC1=C(CC2=NCC=CN2)ON=C1O,3/000000198,"InChI=1S/C10H11N3O4/c14-9(15)4-6-7(17-13-10(6)16)5-8-11-2-1-3-12-8/h1-2H,3-5H2,(H,11,12)(H,13,16)(H,14,15)",C10H11N3O4,237.074955832,0.06520000000000004,4.2,1.67,20.7,-60.0,3.931093504917479,1,DRUGLIKE_CONCAT,HsDHODH_Druglike,6,3,107.95,4,10,4,3,0.5882352941176471,0.23529411764705882,0.17647058823529413,0.3,0.0,17,2,1,1,2,1,1,0,0
C=CCN1C=CC([C@H](C(=O)O)C2=NC(O)=NC(CC(C)=O)=C2)=N1,29/000000019,"InChI=1S/C15H16N4O4/c1-3-5-19-6-4-11(18-19)13(14(21)22)12-8-10(7-9(2)20)16-15(23)17-12/h3-4,6,8,13H,1,5,7H2,2H3,(H,21,22)(H,16,17,23)/t13-/m0/s1",C15H16N4O4,316.117154992,0.9127000000000001,4.2,5.85,4.94,-190.0,3.856130755981104,1,DRUGLIKE_CONCAT,HsDHODH_Druglike,7,2,118.2,7,15,4,4,0.6521739130434783,0.17391304347826086,0.17391304347826086,0.26666666666666666,0.06666666666666667,23,2,0,2,2,0,2,0,0
C#C[C@H](CNCCC1=CC2=C(C=C1O)OCN2)C1=NON=C1,21/000000264,"InChI=1S/C15H16N4O3/c1-2-10(13-8-18-22-19-13)7-16-4-3-11-5-12-15(6-14(11)20)21-9-17-12/h1,5-6,8,10,16-17,20H,3-4,7,9H2/t10-/m1/s1",C15H16N4O3,300.122240372,1.0860999999999996,4.2,1.95,3.72,-190.0,4.2444353223368845,1,DRUGLIKE_CONCAT,HsDHODH_Druglike,7,3,92.44,6,15,3,4,0.6818181818181818,0.13636363636363635,0.18181818181818182,0.3333333333333333,0.06666666666666667,22,3,1,2,2,1,1,0,0
NCC1=CC(O)=C(C2=CNNC2)C=C1,7/000000102,"InChI=1S/C10H13N3O/c11-4-7-1-2-9(10(14)3-7)8-5-12-13-6-8/h1-3,5,12-14H,4,6,11H2/p+1",C10H14N3O,191.105862036,0.29959999999999953,4.2,5.09,2.22,-120.0,4.049252508769062,1,DRUGLIKE_CONCAT,HsDHODH_Druglike,4,4,70.31,2,10,1,3,0.7142857142857143,0.07142857142857142,0.21428571428571427,0.2,0.0,14,2,1,1,1,1,0,0,0
CNCC/C(C)=C\C1=C(C2=C(CO)C=NN2)NN=N1,23/000000186,"InChI=1S/C12H18N6O/c1-8(3-4-13-2)5-10-12(17-18-15-10)11-9(7-19)6-14-16-11/h5-6,13,19H,3-4,7H2,1-2H3,(H,14,16)(H,15,17,18)/b8-5-",C12H18N6O,262.154209196,0.6998999999999997,4.2,3.53,24.0,-160.0,3.660500225575799,1,DRUGLIKE_CONCAT,HsDHODH_Druglike,5,4,102.50999999999999,6,12,1,6,0.631578947368421,0.05263157894736842,0.3157894736842105,0.4166666666666667,0.0,19,2,0,2,2,0,2,0,0
OC1=CC2=C(C=C1C#CCCCCCl)NCO2,21/000000077,"InChI=1S/C13H14ClNO2/c14-6-4-2-1-3-5-10-7-11-13(8-12(10)16)17-9-15-11/h7-8,15-16H,1-2,4,6,9H2",C13H14NO2Cl,251.071306368,2.9146,4.2,1.42,15.3,-40.0,3.2550524531121408,1,DRUGLIKE_CONCAT,HsDHODH_Druglike,3,2,41.489999999999995,3,13,2,1,0.7647058823529411,0.11764705882352941,0.058823529411764705,0.38461538461538464,0.0,17,2,1,1,1,1,0,0,0
CCNCC1=COC=C(C[C@H](O)/C=C/C2=CC=C(Cl)C(Cl)=C2)C1,13/000000178,"InChI=1S/C18H21Cl2NO2/c1-2-21-10-15-7-14(11-23-12-15)8-16(22)5-3-13-4-6-17(19)18(20)9-13/h3-6,9,11-12,16,21-22H,2,7-8,10H2,1H3/b5-3+/t16-/m1/s1",C18H21NO2Cl2,353.094934272,4.555200000000004,4.2,3.31,4.94,-200.0,3.737578465194967,1,DRUGLIKE_CONCAT,HsDHODH_Druglike,3,2,41.489999999999995,7,18,2,1,0.782608695652174,0.08695652173913043,0.043478260869565216,0.3333333333333333,0.05555555555555555,23,2,1,1,1,1,0,0,0
O=C(O)CC1=C(C(=O)CC2=CC(O)=NO2)ON=C1O,3/000000041,"InChI=1S/C10H8N2O7/c13-6(1-4-2-7(14)11-18-4)9-5(3-8(15)16)10(17)12-19-9/h2H,1,3H2,(H,11,14)(H,12,17)(H,15,16)",C10H8N2O7,268.033150596,0.12629999999999997,4.2,1.25,2.35,-60.0,3.4176817837612035,1,DRUGLIKE_CONCAT,HsDHODH_Druglike,8,3,146.89,5,10,7,2,0.5263157894736842,0.3684210526315789,0.10526315789473684,0.2,0.0,19,2,0,2,2,0,2,0,0
OC1=CC(C2=NNN=C2)=CC(CCCCCl)=C1,28/000000208,"InChI=1S/C12H14ClN3O/c13-4-2-1-3-9-5-10(7-11(17)6-9)12-8-14-16-15-12/h5-8,17H,1-4H2,(H,14,15,16)",C12H14N3OCl,251.082539748,2.7388000000000012,4.2,1.64,16.7,-120.0,2.6636747451058618,1,DRUGLIKE_CONCAT,HsDHODH_Druglike,3,2,61.800000000000004,5,12,1,3,0.7058823529411765,0.058823529411764705,0.17647058823529413,0.3333333333333333,0.0,17,2,0,2,1,0,1,0,0
CC1=NN=C(C#CC2=NN=C(CO)N2)N1C[C@@H](O)CN,18/000000023,"InChI=1S/C11H15N7O2/c1-7-14-17-11(18(7)5-8(20)4-12)3-2-9-13-10(6-19)16-15-9/h8,19-20H,4-6,12H2,1H3,(H,13,15,16)/t8-/m0/s1",C11H15N7O2,277.12872272000004,-2.0836799999999993,4.2,6.93,24.8,-170.0,4.255191119058049,1,DRUGLIKE_CONCAT,HsDHODH_Druglike,8,4,138.76000000000002,4,11,2,7,0.55,0.1,0.35,0.45454545454545453,0.09090909090909091,20,2,0,2,2,0,2,0,0
OC1=C(C#C[C@@H](CCl)CCC2=NNN=C2)C=C2NCOC2=C1,21/000000152,"InChI=1S/C15H15ClN4O2/c16-7-10(2-4-12-8-18-20-19-12)1-3-11-5-13-15(6-14(11)21)22-9-17-13/h5-6,8,10,17,21H,2,4,7,9H2,(H,18,19,20)/t10-/m1/s1",C15H15N4O2Cl,318.08835339999996,2.1113999999999997,4.2,2.69,24.3,-190.0,4.274922822336885,1,DRUGLIKE_CONCAT,HsDHODH_Druglike,5,3,83.06,4,15,2,4,0.6818181818181818,0.09090909090909091,0.18181818181818182,0.3333333333333333,0.06666666666666667,22,3,1,2,2,1,1,0,0
NC1=C(/C=C/CNCCO)C=C(OC[C@H]2NCCCO2)C=C1,27/000000051,"InChI=1S/C16H25N3O3/c17-15-5-4-14(22-12-16-19-7-2-10-21-16)11-13(15)3-1-6-18-8-9-20/h1,3-5,11,16,18-20H,2,6-10,12,17H2/b3-1+/t16-/m0/s1",C16H25N3O3,307.18959166,0.5786999999999995,4.2,3.54,3.58,-150.0,3.5167182550291916,1,DRUGLIKE_CONCAT,HsDHODH_Druglike,6,4,88.77000000000001,8,16,3,3,0.7272727272727273,0.13636363636363635,0.13636363636363635,0.5,0.0625,22,2,1,1,1,1,0,0,0
O=C(O)C1=CN=C(O)N=C1CC[C@H]1CN1,29/000000143,"InChI=1S/C9H11N3O3/c13-8(14)6-4-11-9(15)12-7(6)2-1-5-3-10-5/h4-5,10H,1-3H2,(H,13,14)(H,11,12,15)/t5-/m0/s1",C9H11N3O3,209.080041212,-0.2152,4.19,5.59,3.85,-150.0,3.572950636252356,1,DRUGLIKE_CONCAT,HsDHODH_Druglike,5,3,105.25,4,9,3,3,0.6,0.2,0.2,0.4444444444444444,0.1111111111111111,15,2,1,1,2,1,1,0,0
OCC1=CC(O)=CC(N2C=NOC2)=C1,28/000000005,"InChI=1S/C9H10N2O3/c12-4-7-1-8(3-9(13)2-7)11-5-10-14-6-11/h1-3,5,12-13H,4,6H2",C9H10N2O3,194.06914218,0.6219,4.19,1.83,11.7,-120.0,3.535674431845985,1,DRUGLIKE_CONCAT,HsDHODH_Druglike,5,2,65.29,2,9,3,2,0.6428571428571429,0.21428571428571427,0.14285714285714285,0.2222222222222222,0.0,14,2,1,1,1,1,0,0,0
O=C(O)/C(=C\CCO)C1=CN=C(C2=NOCN2)O1,30/000000008,"InChI=1S/C10H11N3O5/c14-3-1-2-6(10(15)16)7-4-11-9(18-7)8-12-5-17-13-8/h2,4,14H,1,3,5H2,(H,12,13)(H,15,16)/b6-2-",C10H11N3O5,253.069870452,-0.23610000000000014,4.19,1.05,2.22,-140.0,4.048368367168386,1,DRUGLIKE_CONCAT,HsDHODH_Druglike,7,3,117.18,5,10,5,3,0.5555555555555556,0.2777777777777778,0.16666666666666666,0.3,0.0,18,2,1,1,2,1,1,0,0
CCCCC1=C(C#CC(=O)C2=CN=C(C(N)=O)O2)NC=N1,30/000000021,"InChI=1S/C14H14N4O3/c1-2-3-4-9-10(18-8-17-9)5-6-11(19)12-7-16-14(21-12)13(15)20/h7-8H,2-4H2,1H3,(H2,15,20)(H,17,18)",C14H14N4O3,286.106590308,1.0736,4.19,0.62,5.09,-40.0,3.5515484444217407,1,DRUGLIKE_CONCAT,HsDHODH_Druglike,5,2,114.87000000000002,5,14,3,4,0.6666666666666666,0.14285714285714285,0.19047619047619047,0.2857142857142857,0.0,21,2,0,2,2,0,2,0,0
CC#CCO[C@H](Cl)C1=NC(O)=NC=C1C(=O)O,29/000000214,"InChI=1S/C10H9ClN2O4/c1-2-3-4-17-8(11)7-6(9(14)15)5-12-10(16)13-7/h5,8H,4H2,1H3,(H,14,15)(H,12,13,16)/t8-/m0/s1",C10H9N2O4Cl,256.02508444800003,1.1577,4.19,4.69,17.5,-170.0,4.053826508947206,1,DRUGLIKE_CONCAT,HsDHODH_Druglike,5,2,92.54,4,10,4,2,0.5882352941176471,0.23529411764705882,0.11764705882352941,0.3,0.1,17,1,0,1,1,0,1,0,0
OC1=CC(/C=C/C2=CC([C@]3(CCCl)CN3)=NN2)=C(I)C=C1,28/000000284,"InChI=1S/C15H15ClIN3O/c16-6-5-15(9-18-15)14-8-11(19-20-14)2-1-10-7-12(21)3-4-13(10)17/h1-4,7-8,18,21H,5-6,9H2,(H,19,20)/b2-1+/t15-/m0/s1",C15H15N3OClI,414.99483778,3.317700000000001,4.19,7.18,3.72,-150.0,4.187280980790902,1,DRUGLIKE_CONCAT,HsDHODH_Druglike,3,3,70.85,5,15,1,3,0.7142857142857143,0.047619047619047616,0.14285714285714285,0.26666666666666666,0.06666666666666667,21,3,1,2,2,1,1,0,0
N[C@@H](C1=NC(I)=C(C#CC(=O)O)C=C1)C1=CN=CO1,26/000000019,"InChI=1S/C12H8IN3O3/c13-12-7(2-4-10(17)18)1-3-8(16-12)11(14)9-5-15-6-19-9/h1,3,5-6,11H,14H2,(H,17,18)/t11-/m0/s1",C12H8N3O3I,368.961039116,1.1584,4.19,5.35,22.1,-150.0,4.099999329393078,1,DRUGLIKE_CONCAT,HsDHODH_Druglike,5,2,102.24,2,12,3,3,0.631578947368421,0.15789473684210525,0.15789473684210525,0.08333333333333333,0.08333333333333333,19,2,0,2,2,0,2,0,0
NCCC(=O)OCCCCC1=CC(O)=CC(C2=NNN=C2)=C1,28/000000461,"InChI=1S/C15H20N4O3/c16-5-4-15(21)22-6-2-1-3-11-7-12(9-13(20)8-11)14-10-17-19-18-14/h7-10,20H,1-6,16H2,(H,17,18,19)",C15H20N4O3,304.1535405,1.3919999999999997,4.19,3.26,21.6,-120.0,2.670806873670273,1,DRUGLIKE_CONCAT,HsDHODH_Druglike,6,3,114.12000000000002,8,15,3,4,0.6818181818181818,0.13636363636363635,0.18181818181818182,0.4,0.0,22,2,0,2,1,0,1,0,0
OC1=CC2=C(C=C1CCNCC[C@@H](O)CBr)NCO2,21/000000228,"InChI=1S/C13H19BrN2O3/c14-7-10(17)2-4-15-3-1-9-5-11-13(6-12(9)18)19-8-16-11/h5-6,10,15-18H,1-4,7-8H2/t10-/m1/s1",C13H19N2O3Br,330.057904568,1.4319999999999995,4.19,2.5,2.35,-190.0,3.61766739905926,1,DRUGLIKE_CONCAT,HsDHODH_Druglike,5,4,73.75,7,13,3,2,0.6842105263157895,0.15789473684210525,0.10526315789473684,0.5384615384615384,0.07692307692307693,19,2,1,1,1,1,0,0,0
CCC1=NC(C[C@@H](CO)C2=CCC(CN)=CO2)=CC=C1O,12/000000002,"InChI=1S/C16H22N2O3/c1-2-14-15(20)5-4-13(18-14)7-12(9-19)16-6-3-11(8-17)10-21-16/h4-6,10,12,19-20H,2-3,7-9,17H2,1H3/t12-/m0/s1",C16H22N2O3,290.16304256399997,1.6473999999999998,4.19,9.34,6.45,-170.0,4.104903405823497,1,DRUGLIKE_CONCAT,HsDHODH_Druglike,5,3,88.60000000000001,6,16,3,2,0.7619047619047619,0.14285714285714285,0.09523809523809523,0.4375,0.0625,21,2,1,1,2,1,1,0,0
C=C(C1=CC=C(C(=O)C2=NN(C(C)=O)N=N2)N1)[C@H](F)CCCO,23/000000526,"InChI=1S/C14H16FN5O3/c1-8(10(15)4-3-7-21)11-5-6-12(16-11)13(23)14-17-19-20(18-14)9(2)22/h5-6,10,16,21H,1,3-4,7H2,2H3/t10-/m1/s1",C14H16N5O3F,321.123717592,1.0161,4.19,3.09,5.08,-170.0,4.2074120746624235,1,DRUGLIKE_CONCAT,HsDHODH_Druglike,7,2,113.76,7,14,3,5,0.6086956521739131,0.13043478260869565,0.21739130434782608,0.35714285714285715,0.07142857142857142,23,2,0,2,2,0,2,0,0
O=C(C1=CCCN1)C1=CC(O)=CC(Cl)=C1,7/000000095,"InChI=1S/C11H10ClNO2/c12-8-4-7(5-9(14)6-8)11(15)10-2-1-3-13-10/h2,4-6,13-14H,1,3H2",C11H10NO2Cl,223.04000624,2.1055,4.19,0.39,2.35,-40.0,3.030789162759961,1,DRUGLIKE_CONCAT,HsDHODH_Druglike,3,2,49.33,2,11,2,1,0.7333333333333333,0.13333333333333333,0.06666666666666667,0.18181818181818182,0.0,15,2,1,1,1,1,0,0,0
CCCOC(=O)CCC1=C(C2=CN=C(C(=O)CO)O2)C(O)=NO1,20/000000007,"InChI=1S/C14H16N2O7/c1-2-5-21-11(19)4-3-9-12(13(20)16-23-9)10-6-15-14(22-10)8(18)7-17/h6,17H,2-5,7H2,1H3,(H,16,20)",C14H16N2O7,324.095750852,1.0959999999999999,4.19,3.15,5.09,-160.0,3.211178955666142,1,DRUGLIKE_CONCAT,HsDHODH_Druglike,9,2,135.89,8,14,7,2,0.6086956521739131,0.30434782608695654,0.08695652173913043,0.42857142857142855,0.0,23,2,0,2,2,0,2,0,0
C=C(CO)C1=NC(NCF)=C2C=NNC2=N1,21/000000173,"InChI=1S/C9H10FN5O/c1-5(3-16)7-13-8(11-4-10)6-2-12-15-9(6)14-7/h2,16H,1,3-4H2,(H2,11,12,13,14,15)",C9H10N5OF,223.08693816,0.6972999999999999,4.19,4.08,17.7,-40.0,3.7092223215021782,1,DRUGLIKE_CONCAT,HsDHODH_Druglike,5,3,86.72000000000001,4,9,1,5,0.5625,0.0625,0.3125,0.2222222222222222,0.0,16,2,0,2,2,0,2,0,0
OC1=CC2=C(C=C1C#CCCCC1=NNN=C1)NCO2,21/000000082,"InChI=1S/C14H14N4O2/c19-13-7-14-12(15-9-20-14)6-10(13)4-2-1-3-5-11-8-16-18-17-11/h6-8,15,19H,1,3,5,9H2,(H,16,17,18)",C14H14N4O2,270.111675688,1.6464999999999992,4.19,1.27,22.0,-40.0,3.4575788983901337,1,DRUGLIKE_CONCAT,HsDHODH_Druglike,5,3,83.06,3,14,2,4,0.7,0.1,0.2,0.2857142857142857,0.0,20,3,1,2,2,1,1,0,0
C=C(C1=CC=NN1)C1=C(CC(N)=O)C(O)=NO1,3/000000010,"InChI=1S/C10H10N4O3/c1-5(7-2-3-12-13-7)9-6(4-8(11)15)10(16)14-17-9/h2-3H,1,4H2,(H2,11,15)(H,12,13)(H,14,16)",C10H9N4O3,234.07529018,0.1926000000000001,4.19,2.1,22.8,-60.0,3.528584094115515,1,DRUGLIKE_CONCAT,HsDHODH_Druglike,5,3,118.03000000000002,4,10,3,4,0.5882352941176471,0.17647058823529413,0.23529411764705882,0.1,0.0,17,2,0,2,2,0,2,0,0
NCC1=NC=C(N2C=CC=N2)C=C1NC1=CC(Cl)=CC=C1,3/000000047,"InChI=1S/C15H14ClN5/c16-11-3-1-4-12(7-11)20-14-8-13(10-18-15(14)9-17)21-6-2-5-19-21/h1-8,10,20H,9,17H2",C15H14N5Cl,299.093773128,3.123000000000001,4.19,5.89,18.5,-120.0,2.526681451453607,1,DRUGLIKE_CONCAT,HsDHODH_Druglike,5,2,68.75999999999999,4,15,0,5,0.7142857142857143,0.0,0.23809523809523808,0.06666666666666667,0.0,21,3,0,3,2,0,2,0,0
C/C=C(/C)CC(=O)C1=C(CC(=O)O)C(O)=NO1,3/000000023,"InChI=1S/C11H13NO5/c1-3-6(2)4-8(13)10-7(5-9(14)15)11(16)12-17-10/h3H,4-5H2,1-2H3,(H,12,16)(H,14,15)/b6-3-",C11H13NO5,239.079372516,1.5463,4.19,1.21,2.35,-140.0,3.402312735686709,1,DRUGLIKE_CONCAT,HsDHODH_Druglike,5,2,100.63000000000001,5,11,5,1,0.6470588235294118,0.29411764705882354,0.058823529411764705,0.36363636363636365,0.0,17,1,0,1,1,0,1,0,0
OC/C=C(\CO)CCC1=CC=C2CNNCC2=C1Cl,15/000000029,"InChI=1S/C14H19ClN2O2/c15-14-11(2-1-10(9-19)5-6-18)3-4-12-7-16-17-8-13(12)14/h3-5,16-19H,1-2,6-9H2/b10-5-",C14H19N2O2Cl,282.113505528,1.2913999999999999,4.19,6.37,2.48,-80.0,3.529364328139902,1,DRUGLIKE_CONCAT,HsDHODH_Druglike,4,4,64.52,5,14,2,2,0.7368421052631579,0.10526315789473684,0.10526315789473684,0.42857142857142855,0.0,19,2,1,1,1,1,0,0,0
OCC1=CC=C[C@@H](/C=C/C2=CN=C(CBr)C(Br)=C2)N1,13/000000029,"InChI=1S/C14H14Br2N2O/c15-7-14-13(16)6-10(8-17-14)4-5-11-2-1-3-12(9-19)18-11/h1-6,8,11,18-19H,7,9H2/b5-4+/t11-/m0/s1",C14H14N2OBr2,383.9472872680001,3.1564000000000014,4.18,5.96,2.35,-150.0,4.272313552905414,1,DRUGLIKE_CONCAT,HsDHODH_Druglike,3,2,45.150000000000006,4,14,1,2,0.7368421052631579,0.05263157894736842,0.10526315789473684,0.21428571428571427,0.07142857142857142,19,2,1,1,2,1,1,0,0
O=C1C=C[C@@H](C#CC2=C(CO)C=CC(F)=N2)N1,13/000000060,"InChI=1S/C12H9FN2O2/c13-11-5-1-8(7-16)10(15-11)4-2-9-3-6-12(17)14-9/h1,3,5-6,9,16H,7H2,(H,14,17)/t9-/m1/s1",C12H9N2O2F,232.064805748,0.11909999999999987,4.18,4.72,18.9,-150.0,4.220254268144529,1,DRUGLIKE_CONCAT,HsDHODH_Druglike,3,2,62.22,1,12,2,2,0.7058823529411765,0.11764705882352941,0.11764705882352941,0.16666666666666666,0.08333333333333333,17,2,1,1,2,1,1,0,0
OCC/C=C/C1=CC(C2=NNN=C2)=CC(O)=C1,28/000000412,"InChI=1S/C12H13N3O2/c16-4-2-1-3-9-5-10(7-11(17)6-9)12-8-13-15-14-12/h1,3,5-8,16-17H,2,4H2,(H,13,14,15)/b3-1+",C12H13N3O2,231.100776656,1.5728999999999997,4.18,1.3,17.2,-120.0,2.8948122647290973,1,DRUGLIKE_CONCAT,HsDHODH_Druglike,4,3,82.03,4,12,2,3,0.7058823529411765,0.11764705882352941,0.17647058823529413,0.16666666666666666,0.0,17,2,0,2,1,0,1,0,0
NC1=CC(/C=C/[C@@H]2CNC(=O)N2)=C(O)C=C1,22/000000058,"InChI=1S/C11H13N3O2/c12-8-2-4-10(15)7(5-8)1-3-9-6-13-11(16)14-9/h1-5,9,15H,6,12H2,(H2,13,14,16)/b3-1+/t9-/m1/s1",C11H13N3O2,219.100776656,0.669,4.18,3.48,2.22,-150.0,3.6501746231907672,1,DRUGLIKE_CONCAT,HsDHODH_Druglike,3,4,87.38,2,11,2,3,0.6875,0.125,0.1875,0.18181818181818182,0.09090909090909091,16,2,1,1,1,1,0,0,0
OCC/C=C/[C@@H](CO)C1=NC=C(I)C(Br)=C1,7/000000076,"InChI=1S/C11H13BrINO2/c12-9-5-11(14-6-10(9)13)8(7-16)3-1-2-4-15/h1,3,5-6,8,15-16H,2,4,7H2/b3-1+/t8-/m0/s1",C11H13NO2BrI,396.917438756,2.4632000000000005,4.18,2.58,3.85,-150.0,4.007223224589369,1,DRUGLIKE_CONCAT,HsDHODH_Druglike,3,2,53.35,5,11,2,1,0.6875,0.125,0.0625,0.36363636363636365,0.09090909090909091,16,1,0,1,1,0,1,0,0
O=C1NCC=C1/C=C/CCC1=CC(C[C@@H](O)CCl)=C(C(=O)O)O1,9/000000014,"InChI=1S/C16H18ClNO5/c17-9-12(19)7-11-8-13(23-14(11)16(21)22)4-2-1-3-10-5-6-18-15(10)20/h1,3,5,8,12,19H,2,4,6-7,9H2,(H,18,20)(H,21,22)/b3-1+/t12-/m1/s1",C16H18NO5Cl,339.0873503559999,1.665,4.18,6.31,5.39,-150.0,4.053241882354731,1,DRUGLIKE_CONCAT,HsDHODH_Druglike,4,3,99.77000000000001,8,16,5,1,0.6956521739130435,0.21739130434782608,0.043478260869565216,0.375,0.0625,23,2,1,1,2,1,1,0,0
OC1=CC=C(Cl)C(C2=NNN=C2)=C1,28/000000080,"InChI=1S/C8H6ClN3O/c9-7-2-1-5(13)3-6(7)8-4-10-12-11-8/h1-4,13H,(H,10,11,12)",C8H6N3OCl,195.019939492,1.8306999999999998,4.18,2.21,14.3,-120.0,2.5003636585327342,1,DRUGLIKE_CONCAT,HsDHODH_Druglike,3,2,61.800000000000004,1,8,1,3,0.6153846153846154,0.07692307692307693,0.23076923076923078,0.0,0.0,13,2,0,2,1,0,1,0,0
CCNC1=CC(OC(=O)C2=CC=C(OCC)C(O)=C2)=C(Cl)N=C1,3/000000255,"InChI=1S/C16H17ClN2O4/c1-3-18-11-8-14(15(17)19-9-11)23-16(21)10-5-6-13(22-4-2)12(20)7-10/h5-9,18,20H,3-4H2,1-2H3",C16H17N2O4Cl,336.087684704,3.490300000000002,4.18,6.79,17.7,-80.0,2.3478842441276804,1,DRUGLIKE_CONCAT,HsDHODH_Druglike,6,2,80.68,6,16,4,2,0.6956521739130435,0.17391304347826086,0.08695652173913043,0.25,0.0,23,2,0,2,1,0,1,0,0
C=C[C@H](Cl)C1=NC(O)=NC=C1C(=O)O,29/000000027,"InChI=1S/C8H7ClN2O3/c1-2-5(9)6-4(7(12)13)3-10-8(14)11-6/h2-3,5H,1H2,(H,12,13)(H,10,11,14)/t5-/m0/s1",C8H7N2O3Cl,214.014519764,1.3462999999999994,4.18,5.35,13.3,-150.0,3.9661786670065062,1,DRUGLIKE_CONCAT,HsDHODH_Druglike,4,2,83.31,3,8,3,2,0.5714285714285714,0.21428571428571427,0.14285714285714285,0.125,0.125,14,1,0,1,1,0,1,0,0
C=CC1=CC(CCC2=CC(N[C@@H](F)CO)=CN=C2Cl)=NC=C1,3/000000111,"InChI=1S/C16H17ClFN3O/c1-2-11-5-6-19-13(7-11)4-3-12-8-14(9-20-16(12)17)21-15(18)10-22/h2,5-9,15,21-22H,1,3-4,10H2/t15-/m1/s1",C16H17N3OFCl,321.1044180640001,3.258000000000002,4.18,3.62,18.0,-150.0,3.5648435496942055,1,DRUGLIKE_CONCAT,HsDHODH_Druglike,4,2,58.04,7,16,1,3,0.7272727272727273,0.045454545454545456,0.13636363636363635,0.25,0.0625,22,2,0,2,2,0,2,0,0
OC/C=C/C1=CC=C(C2=C(Cl)C=NN2)C=C1,30/000000009,"InChI=1S/C12H11ClN2O/c13-11-8-14-15-12(11)10-5-3-9(4-6-10)2-1-7-16/h1-6,8,16H,7H2,(H,14,15)/b2-1+",C12H11N2OCl,234.055990652,2.7356000000000007,4.18,4.51,3.58,-120.0,2.466268542237964,1,DRUGLIKE_CONCAT,HsDHODH_Druglike,2,2,48.910000000000004,3,12,1,2,0.75,0.0625,0.125,0.08333333333333333,0.0,16,2,0,2,1,0,1,0,0
CC1=NON=C1C#C[C@H](O)C(=O)C1=CC(F)=CC=C1O,18/000000064,"InChI=1S/C13H9FN2O4/c1-7-10(16-20-15-7)3-5-12(18)13(19)9-6-8(14)2-4-11(9)17/h2,4,6,12,17-18H,1H3/t12-/m0/s1",C13H9N2O4F,276.05463498800003,0.81802,4.18,5.2,3.58,-170.0,3.676577747429677,1,DRUGLIKE_CONCAT,HsDHODH_Druglike,6,2,96.45,2,13,4,2,0.65,0.2,0.1,0.15384615384615385,0.07692307692307693,20,2,0,2,1,0,1,0,0
C=C(CCCCC1=CC(O)=CC(C2=NNN=C2)=C1)CCNC,28/000000427,"InChI=1S/C17H24N4O/c1-13(7-8-18-2)5-3-4-6-14-9-15(11-16(22)10-14)17-12-19-21-20-17/h9-12,18,22H,1,3-8H2,2H3,(H,19,20,21)",C17H24N4O,300.195011388,3.0558000000000005,4.18,1.46,20.4,-140.0,2.9309761044395035,1,DRUGLIKE_CONCAT,HsDHODH_Druglike,4,3,73.83,9,17,1,4,0.7727272727272727,0.045454545454545456,0.18181818181818182,0.4117647058823529,0.0,22,2,0,2,1,0,1,0,0
C=C[C@H](F)C1=NC(O)=NC=C1C(=O)O,29/000000030,"InChI=1S/C8H7FN2O3/c1-2-5(9)6-4(7(12)13)3-10-8(14)11-6/h2-3,5H,1H2,(H,12,13)(H,10,11,14)/t5-/m0/s1",C8H7N2O3F,198.044070304,1.077,4.18,4.55,14.3,-150.0,3.9567707667986074,1,DRUGLIKE_CONCAT,HsDHODH_Druglike,4,2,83.31,3,8,3,2,0.5714285714285714,0.21428571428571427,0.14285714285714285,0.125,0.125,14,1,0,1,1,0,1,0,0
OC1=CC(/C=C/C2=CC(CCCF)=NN2)=C(I)C=C1,28/000000314,"InChI=1S/C14H14FIN2O/c15-7-1-2-11-9-12(18-17-11)4-3-10-8-13(19)5-6-14(10)16/h3-6,8-9,19H,1-2,7H2,(H,17,18)/b4-3+",C14H14N2OFI,372.013489288,3.7924000000000015,4.18,5.58,3.58,0.0,3.2871156101911847,1,DRUGLIKE_CONCAT,HsDHODH_Druglike,2,2,48.910000000000004,5,14,1,2,0.7368421052631579,0.05263157894736842,0.10526315789473684,0.21428571428571427,0.0,19,2,0,2,1,0,1,0,0
O=C(OC1=CC=CC=C1O)C1=CC=C(Cl)C(O)=C1,28/000000479,"InChI=1S/C13H9ClO4/c14-9-6-5-8(7-11(9)16)13(17)18-12-4-2-1-3-10(12)15/h1-7,15-16H",C13H9O4Cl,264.01893644800003,2.9703999999999997,4.17,1.95,2.22,-60.0,1.8912554259919148,1,DRUGLIKE_CONCAT,HsDHODH_Druglike,4,2,66.76,2,13,4,0,0.7222222222222222,0.2222222222222222,0.0,0.0,0.0,18,2,0,2,0,0,0,0,0
C=CC1=C(Br)C=CN=C1C1=C(C(N)=O)N=C(C(=O)O)O1,7/000000023,"InChI=1S/C12H8BrN3O4/c1-2-5-6(13)3-4-15-7(5)9-8(10(14)17)16-11(20-9)12(18)19/h2-4H,1H2,(H2,14,17)(H,18,19)",C12H8N3O4Br,336.96981783599995,1.9392,4.17,6.08,22.5,-120.0,3.2755029748786173,1,DRUGLIKE_CONCAT,HsDHODH_Druglike,5,2,119.31,4,12,4,3,0.6,0.2,0.15,0.0,0.0,20,2,0,2,2,0,2,0,0
CCC1=CC(O)=CC(C2=NNN=C2)=C1,28/000000367,"InChI=1S/C10H11N3O/c1-2-7-3-8(5-9(14)4-7)10-6-11-13-12-10/h3-6,14H,2H2,1H3,(H,11,12,13)",C10H11N3O,189.090211972,1.7396999999999996,4.17,2.17,13.8,-140.0,2.577278277999831,1,DRUGLIKE_CONCAT,HsDHODH_Druglike,3,2,61.800000000000004,2,10,1,3,0.7142857142857143,0.07142857142857142,0.21428571428571427,0.2,0.0,14,2,0,2,1,0,1,0,0
NC[C@H](C#CC1=C(O)C=C2OCNC2=C1)CCC1=NNN=C1,21/000000157,"InChI=1S/C15H17N5O2/c16-7-10(2-4-12-8-18-20-19-12)1-3-11-5-13-15(6-14(11)21)22-9-17-13/h5-6,8,10,17,21H,2,4,7,9,16H2,(H,18,19,20)/t10-/m1/s1",C15H17N5O2,299.13822478400004,0.8312999999999996,4.17,2.04,24.0,-190.0,4.259564408875345,1,DRUGLIKE_CONCAT,HsDHODH_Druglike,6,4,109.08,4,15,2,5,0.6818181818181818,0.09090909090909091,0.22727272727272727,0.3333333333333333,0.06666666666666667,22,3,1,2,2,1,1,0,0
OC1=CC(C2=NNN=C2)=CC=C1CBr,28/000000436,"InChI=1S/C9H8BrN3O/c10-4-7-2-1-6(3-9(7)14)8-5-11-13-12-8/h1-3,5,14H,4H2,(H,11,12,13)",C9H8N3OBr,252.985073976,2.0721999999999996,4.17,4.49,14.9,-120.0,2.7680436626152165,1,DRUGLIKE_CONCAT,HsDHODH_Druglike,3,2,61.800000000000004,2,9,1,3,0.6428571428571429,0.07142857142857142,0.21428571428571427,0.1111111111111111,0.0,14,2,0,2,1,0,1,0,0
C/C=C/C[C@H](CO)C1=CC=CC(CO)=C1,17/000000004,"InChI=1S/C13H18O2/c1-2-3-6-13(10-15)12-7-4-5-11(8-12)9-14/h2-5,7-8,13-15H,6,9-10H2,1H3/b3-2+/t13-/m1/s1",C13H18O2,206.130679816,2.221,4.17,4.2,3.85,-170.0,3.002439486426572,1,DRUGLIKE_CONCAT,HsDHODH_Druglike,2,2,40.46,5,13,2,0,0.8666666666666667,0.13333333333333333,0.0,0.38461538461538464,0.07692307692307693,15,1,0,1,0,0,0,0,0
CC(F)(F)CC(=O)C1=C(CC(=O)O)C(O)=NO1,3/000000152,"InChI=1S/C9H9F2NO5/c1-9(10,11)3-5(13)7-4(2-6(14)15)8(16)12-17-7/h2-3H2,1H3,(H,12,16)(H,14,15)",C9H9NO5F2,249.044878828,1.2353,4.17,1.34,2.35,-190.0,3.372806092330067,1,DRUGLIKE_CONCAT,HsDHODH_Druglike,5,2,100.63000000000001,5,9,5,1,0.5294117647058824,0.29411764705882354,0.058823529411764705,0.4444444444444444,0.0,17,1,0,1,1,0,1,0,0
O=C1C=C([C@H](C(=O)O)C2=NC(O)=NC(CCCl)=C2)CO1,29/000000004,"InChI=1S/C12H11ClN2O5/c13-2-1-7-4-8(15-12(19)14-7)10(11(17)18)6-3-9(16)20-5-6/h3-4,10H,1-2,5H2,(H,17,18)(H,14,15,19)/t10-/m0/s1",C12H11N2O5Cl,298.035649132,0.6148999999999999,4.17,4.08,3.58,-170.0,3.975423062114992,1,DRUGLIKE_CONCAT,HsDHODH_Druglike,6,2,109.61000000000001,5,12,5,2,0.6,0.25,0.1,0.3333333333333333,0.08333333333333333,20,2,1,1,2,1,1,0,0
O=C(O)[C@@H](CCl)C1=NNC(/C=C/C2=C(I)C=CC(O)=C2)=C1,28/000000264,"InChI=1S/C14H12ClIN2O3/c15-7-11(14(20)21)13-6-9(17-18-13)2-1-8-5-10(19)3-4-12(8)16/h1-6,11,19H,7H2,(H,17,18)(H,20,21)/b2-1+/t11-/m0/s1",C14H12N2O3ClI,417.95811792399996,3.297300000000001,4.17,5.04,3.72,-150.0,3.8365090255690353,1,DRUGLIKE_CONCAT,HsDHODH_Druglike,3,3,86.21,5,14,3,2,0.6666666666666666,0.14285714285714285,0.09523809523809523,0.14285714285714285,0.07142857142857142,21,2,0,2,1,0,1,0,0
NC1=C(/C=C/CNCCO)C=C(C2=NN=NN2)C=C1,27/000000022,"InChI=1S/C12H16N6O/c13-11-4-3-10(12-15-17-18-16-12)8-9(11)2-1-5-14-6-7-19/h1-4,8,14,19H,5-7,13H2,(H,15,16,17,18)/b2-1+",C12H16N6O,260.138559132,0.04399999999999965,4.17,4.9,19.9,-120.0,3.0546816707972457,1,DRUGLIKE_CONCAT,HsDHODH_Druglike,6,4,112.74000000000001,6,12,1,6,0.631578947368421,0.05263157894736842,0.3157894736842105,0.25,0.0,19,2,0,2,1,0,1,0,0
CCC1=CC=C(C2=NNN=C2)C=C1O,28/000000084,"InChI=1S/C10H11N3O/c1-2-7-3-4-8(5-10(7)14)9-6-11-13-12-9/h3-6,14H,2H2,1H3,(H,11,12,13)",C10H11N3O,189.090211972,1.7396999999999996,4.17,2.68,13.8,-140.0,2.508248277999831,1,DRUGLIKE_CONCAT,HsDHODH_Druglike,3,2,61.8,2,10,1,3,0.7142857142857143,0.07142857142857142,0.21428571428571427,0.2,0.0,14,2,0,2,1,0,1,0,0
NCC/C=C/[C@H](CO)CCC1=NC=CC(Br)=C1I,7/000000068,"InChI=1S/C13H18BrIN2O/c14-11-6-8-17-12(13(11)15)5-4-10(9-18)3-1-2-7-16/h1,3,6,8,10,18H,2,4-5,7,9,16H2/b3-1+/t10-/m0/s1",C13H18N2OBrI,423.964723296,2.894800000000001,4.17,4.83,3.58,-150.0,3.877876650757427,1,DRUGLIKE_CONCAT,HsDHODH_Druglike,3,2,59.14,7,13,1,2,0.7222222222222222,0.05555555555555555,0.1111111111111111,0.46153846153846156,0.07692307692307693,18,1,0,1,1,0,1,0,0
OC1=CC2=C(C=C1C#C[C@@H](O)CCC1=NNN=C1)NCO2,21/000000146,"InChI=1S/C14H14N4O3/c19-11(4-2-10-7-16-18-17-10)3-1-9-5-12-14(6-13(9)20)21-8-15-12/h5-7,11,15,19-20H,2,4,8H2,(H,16,17,18)/t11-/m1/s1",C14H14N4O3,286.10659030799997,0.6172999999999992,4.17,1.95,23.2,-190.0,4.089645052007266,1,DRUGLIKE_CONCAT,HsDHODH_Druglike,6,4,103.29,3,14,3,4,0.6666666666666666,0.14285714285714285,0.19047619047619047,0.2857142857142857,0.07142857142857142,21,3,1,2,2,1,1,0,0
O=C(O)CCCC1=CC=C2CN(CCl)NCC2=C1,15/000000002,"InChI=1S/C13H17ClN2O2/c14-9-16-8-11-5-4-10(2-1-3-13(17)18)6-12(11)7-15-16/h4-6,15H,1-3,7-9H2,(H,17,18)",C13H17N2O2Cl,268.097855464,2.1104000000000003,4.17,6.12,14.9,-80.0,2.9246362404715516,1,DRUGLIKE_CONCAT,HsDHODH_Druglike,3,2,52.57,5,13,2,2,0.7222222222222222,0.1111111111111111,0.1111111111111111,0.46153846153846156,0.0,18,2,1,1,1,1,0,0,0
NC1=CC=C(OCC2=CN=CN2)C=C1/C=C/CNCCO,27/000000050,"InChI=1S/C15H20N4O2/c16-15-4-3-14(21-10-13-9-18-11-19-13)8-12(15)2-1-5-17-6-7-20/h1-4,8-9,11,17,20H,5-7,10,16H2,(H,18,19)/b2-1+",C15H20N4O2,288.15862588,1.1659999999999997,4.17,3.2,3.58,0.0,2.7793782988684868,1,DRUGLIKE_CONCAT,HsDHODH_Druglike,5,4,96.19,8,15,2,4,0.7142857142857143,0.09523809523809523,0.19047619047619047,0.26666666666666666,0.0,21,2,0,2,1,0,1,0,0
NC1=CC=C(C#C[C@@H](O)CCCCCCO)C(Cl)=C1,15/000000024,"InChI=1S/C15H20ClNO2/c16-15-11-13(17)8-6-12(15)7-9-14(19)5-3-1-2-4-10-18/h6,8,11,14,18-19H,1-5,10,17H2/t14-/m0/s1",C15H20NO2Cl,281.11825655999996,2.577400000000001,4.17,1.06,3.58,-190.0,3.047730824313252,1,DRUGLIKE_CONCAT,HsDHODH_Druglike,3,3,66.48,6,15,2,1,0.7894736842105263,0.10526315789473684,0.05263157894736842,0.4666666666666667,0.06666666666666667,19,1,0,1,0,0,0,0,0
NC/C(=C\C1=CC=C(Cl)C(Cl)=C1)CC(=O)NCCO,13/000000179,"InChI=1S/C13H16Cl2N2O2/c14-11-2-1-9(6-12(11)15)5-10(8-16)7-13(19)17-3-4-18/h1-2,5-6,18H,3-4,7-8,16H2,(H,17,19)/p+1/b10-5-",C13H17N2O2Cl2,302.05888311199993,1.8340999999999998,4.17,8.48,3.58,0.0,2.997179416897298,1,DRUGLIKE_CONCAT,HsDHODH_Druglike,3,3,75.35000000000001,6,13,2,2,0.6842105263157895,0.10526315789473684,0.10526315789473684,0.3076923076923077,0.0,19,1,0,1,0,0,0,0,0
O=C(NCC#CCO)C1=NC=NC(C2=CN=CC=C2)=C1,6/000000033,"InChI=1S/C14H12N4O2/c19-7-2-1-6-16-14(20)13-8-12(17-10-18-13)11-4-3-5-15-9-11/h3-5,8-10,19H,6-7H2,(H,16,20)",C14H12N4O2,268.096025624,0.2640999999999996,4.17,4.35,17.6,-200.0,2.603895901492234,1,DRUGLIKE_CONCAT,HsDHODH_Druglike,5,2,88.0,3,14,2,4,0.7,0.1,0.2,0.14285714285714285,0.0,20,2,0,2,2,0,2,0,0
CCNC(=O)C1=CC(C#CC(=O)CCl)=CC(O)=N1,18/000000102,"InChI=1S/C12H11ClN2O3/c1-2-14-12(18)10-5-8(6-11(17)15-10)3-4-9(16)7-13/h5-6H,2,7H2,1H3,(H,14,18)(H,15,17)",C12H11N2O3Cl,266.045819892,0.6963000000000001,4.17,0.02,18.7,-20.0,3.146755143417346,1,DRUGLIKE_CONCAT,HsDHODH_Druglike,4,2,79.29,3,12,3,2,0.6666666666666666,0.16666666666666666,0.1111111111111111,0.25,0.0,18,1,0,1,1,0,1,0,0
CCC/C=C/C1=CC=C(C(=O)C2=NC(=O)NC(=O)N2)N1,23/000000531,"InChI=1S/C13H14N4O3/c1-2-3-4-5-8-6-7-9(14-8)10(18)11-15-12(19)17-13(20)16-11/h4-7,14H,2-3H2,1H3,(H2,15,16,17,19,20)/b5-4+",C13H14N4O3,274.106590308,0.8306,4.17,4.83,3.58,-20.0,3.279712773413415,1,DRUGLIKE_CONCAT,HsDHODH_Druglike,4,3,111.47,5,13,3,4,0.65,0.15,0.2,0.23076923076923078,0.0,20,2,0,2,2,0,2,0,0
C=C(CCOC)C1=C(CC(=O)O)C(O)=NO1,3/000000208,"InChI=1S/C10H13NO5/c1-6(3-4-15-2)9-7(5-8(12)13)10(14)11-16-9/h1,3-5H2,2H3,(H,11,14)(H,12,13)",C10H13NO5,227.079372516,1.057,4.17,1.57,4.83,-60.0,3.2965191372445757,1,DRUGLIKE_CONCAT,HsDHODH_Druglike,5,2,92.79,6,10,5,1,0.625,0.3125,0.0625,0.4,0.0,16,1,0,1,1,0,1,0,0
O=C(O)C1=CN=C(O)N=C1[C@@H](O)CF,29/000000183,"InChI=1S/C7H7FN2O4/c8-1-4(11)5-3(6(12)13)2-9-7(14)10-5/h2,4,11H,1H2,(H,12,13)(H,9,10,14)/t4-/m0/s1",C7H7N2O4F,202.038984924,-0.11670000000000008,4.17,4.58,13.9,-150.0,3.7250460266738674,1,DRUGLIKE_CONCAT,HsDHODH_Druglike,5,3,103.54,3,7,4,2,0.5,0.2857142857142857,0.14285714285714285,0.2857142857142857,0.14285714285714285,14,1,0,1,1,0,1,0,0
CCCC(=O)/C=C\[C@H](O)C1=CC(Cl)=CC=C1O,21/000000237,"InChI=1S/C13H15ClO3/c1-2-3-10(15)5-7-13(17)11-8-9(14)4-6-12(11)16/h4-8,13,16-17H,2-3H2,1H3/b7-5-/t13-/m0/s1",C13H15O3Cl,254.07097202,3.0044000000000017,4.17,1.85,2.35,-170.0,3.179827177843528,1,DRUGLIKE_CONCAT,HsDHODH_Druglike,3,2,57.53,5,13,3,0,0.7647058823529411,0.17647058823529413,0.0,0.3076923076923077,0.07692307692307693,17,1,0,1,0,0,0,0,0
O=C(O)CC1=C(C(=O)CC2=NNC=N2)ON=C1O,3/000000005,"InChI=1S/C9H8N4O5/c14-5(2-6-10-3-11-12-6)8-4(1-7(15)16)9(17)13-18-8/h3H,1-2H2,(H,13,17)(H,15,16)(H,10,11,12)",C9H8N4O5,252.049469356,-0.44919999999999993,4.16,1.24,2.35,-60.0,3.7620923490688383,1,DRUGLIKE_CONCAT,HsDHODH_Druglike,7,3,142.2,5,9,5,4,0.5,0.2777777777777778,0.2222222222222222,0.2222222222222222,0.0,18,2,0,2,2,0,2,0,0
CC/C=C/C(=O)C1=NN=C(COC2=CC=NC(Cl)=C2CCO)N1,23/000000019,"InChI=1S/C15H17ClN4O3/c1-2-3-4-11(22)15-18-13(19-20-15)9-23-12-5-7-17-14(16)10(12)6-8-21/h3-5,7,21H,2,6,8-9H2,1H3,(H,18,19,20)/b4-3+",C15H17N4O3Cl,336.09891808400005,2.1157999999999997,4.16,5.89,4.94,-20.0,3.2815937374708763,1,DRUGLIKE_CONCAT,HsDHODH_Druglike,6,2,100.99000000000001,8,15,3,4,0.6521739130434783,0.13043478260869565,0.17391304347826086,0.3333333333333333,0.0,23,2,0,2,2,0,2,0,0
O=C(O)[C@@H]1C=C(CO)N=CN1CCF,18/000000037,"InChI=1S/C8H11FN2O3/c9-1-2-11-5-10-6(4-12)3-7(11)8(13)14/h3,5,7,12H,1-2,4H2,(H,13,14)/t7-/m0/s1",C8H11N2O3F,202.075370432,-0.3707999999999998,4.16,7.32,2.35,-150.0,4.445924952158055,1,DRUGLIKE_CONCAT,HsDHODH_Druglike,4,2,73.13,4,8,3,2,0.5714285714285714,0.21428571428571427,0.14285714285714285,0.5,0.125,14,1,1,0,1,1,0,0,0
CC1=C(/C=C/C2=C(F)C=CC(F)=C2)[C@H](CO)NC1=O,16/000000092,"InChI=1S/C14H13F2NO2/c1-8-11(13(7-18)17-14(8)19)4-2-9-6-10(15)3-5-12(9)16/h2-6,13,18H,7H2,1H3,(H,17,19)/b4-2+/t13-/m0/s1",C14H13NO2F2,265.091435096,1.7852000000000001,4.16,5.38,3.58,-170.0,3.3456487600060063,1,DRUGLIKE_CONCAT,HsDHODH_Druglike,2,2,49.33,3,14,2,1,0.7368421052631579,0.10526315789473684,0.05263157894736842,0.21428571428571427,0.07142857142857142,19,2,1,1,1,1,0,0,0
O=C(O)CCC1=CNC(C2=CC(F)=CC=C2F)=N1,16/000000006,"InChI=1S/C12H10F2N2O2/c13-7-1-3-10(14)9(5-7)12-15-6-8(16-12)2-4-11(17)18/h1,3,5-6H,2,4H2,(H,15,16)(H,17,18)",C12H10N2O2F2,252.071034,2.3721000000000005,4.16,4.41,19.7,-120.0,2.624990810607299,1,DRUGLIKE_CONCAT,HsDHODH_Druglike,2,2,65.97999999999999,4,12,2,2,0.6666666666666666,0.1111111111111111,0.1111111111111111,0.16666666666666666,0.0,18,2,0,2,1,0,1,0,0
O=C1C=C[C@@H](/C=C/C2=CN=C(CCNCO)C(Br)=C2)N1,13/000000033,"InChI=1S/C14H16BrN3O2/c15-12-7-10(1-2-11-3-4-14(20)18-11)8-17-13(12)5-6-16-9-19/h1-4,7-8,11,16,19H,5-6,9H2,(H,18,20)/b2-1+/t11-/m1/s1",C14H16N3O2Br,337.04258885200005,0.9937999999999998,4.16,4.47,3.72,-150.0,4.092853684124561,1,DRUGLIKE_CONCAT,HsDHODH_Druglike,4,3,74.25,6,14,2,3,0.7,0.1,0.15,0.2857142857142857,0.07142857142857142,20,2,1,1,2,1,1,0,0
C=CCNCC1=CC=C(CC2=CC(C(=O)O)=CN2)C(C(C)=O)=C1,6/000000027,"InChI=1S/C18H20N2O3/c1-3-6-19-10-13-4-5-14(17(7-13)12(2)21)8-16-9-15(11-20-16)18(22)23/h3-5,7,9,11,19-20H,1,6,8,10H2,2H3,(H,22,23)/p+1",C18H21N2O3,312.14739249999997,2.781900000000001,4.16,2.75,3.7,-80.0,3.624274628743065,1,DRUGLIKE_CONCAT,HsDHODH_Druglike,3,3,82.19,8,18,3,2,0.782608695652174,0.13043478260869565,0.08695652173913043,0.2222222222222222,0.0,23,2,0,2,1,0,1,0,0
CCN(CCl)CCCC#CC1=C(O)C=C2OCNC2=C1,21/000000267,"InChI=1S/C15H19ClN2O2/c1-2-18(10-16)7-5-3-4-6-12-8-13-15(9-14(12)19)20-11-17-13/h8-9,17,19H,2-3,5,7,10-11H2,1H3/p+1",C15H20N2O2Cl,294.113505528,2.8039000000000005,4.16,2.46,17.9,-60.0,4.721053684124561,1,DRUGLIKE_CONCAT,HsDHODH_Druglike,4,2,44.730000000000004,5,15,2,2,0.75,0.1,0.1,0.4666666666666667,0.0,20,2,1,1,1,1,0,0,0
O=C(O)CC[C@@H](O)CC1=CC(F)=CC=C1F,16/000000079,"InChI=1S/C11H12F2O3/c12-8-1-3-10(13)7(5-8)6-9(14)2-4-11(15)16/h1,3,5,9,14H,2,4,6H2,(H,15,16)/t9-/m1/s1",C11H11O3F2,230.075450684,1.733,4.16,4.46,3.58,-150.0,2.469842243942109,1,DRUGLIKE_CONCAT,HsDHODH_Druglike,2,2,57.53,5,11,3,0,0.6875,0.1875,0.0,0.36363636363636365,0.09090909090909091,16,1,0,1,0,0,0,0,0
OCCC1=CC(O)=CC(C2=NNN=C2)=C1,28/000000144,"InChI=1S/C10H11N3O2/c14-2-1-7-3-8(5-9(15)4-7)10-6-11-13-12-10/h3-6,14-15H,1-2H2,(H,11,12,13)",C10H11N3O2,205.085126592,0.7121,4.16,2.16,15.0,-120.0,2.662021848678693,1,DRUGLIKE_CONCAT,HsDHODH_Druglike,4,3,82.03,3,10,2,3,0.6666666666666666,0.13333333333333333,0.2,0.2,0.0,15,2,0,2,1,0,1,0,0
CC/C=C/C1=CN=C(C2=C(C(=O)O)C(CO)=NN2)C=C1Br,7/000000063,"InChI=1S/C14H14BrN3O3/c1-2-3-4-8-6-16-10(5-9(8)15)13-12(14(20)21)11(7-19)17-18-13/h3-6,19H,2,7H2,1H3,(H,17,18)(H,20,21)/b4-3+",C14H13N3O3Br,351.021853408,2.8479,4.16,9.16,21.5,-140.0,3.261069084623152,1,DRUGLIKE_CONCAT,HsDHODH_Druglike,4,3,99.1,5,14,3,3,0.6666666666666666,0.14285714285714285,0.14285714285714285,0.21428571428571427,0.0,21,2,0,2,2,0,2,0,0
O=C(/C=C/C(=O)C1=NN=C(C2=NNC=C2)N1)CCF,23/000000580,"InChI=1S/C11H10FN5O2/c12-5-3-7(18)1-2-9(19)11-14-10(16-17-11)8-4-6-13-15-8/h1-2,4,6H,3,5H2,(H,13,15)(H,14,16,17)/b2-1+",C11H10N5O2F,263.08185278,0.8623999999999997,4.16,2.66,3.58,-80.0,4.003392533268107,1,DRUGLIKE_CONCAT,HsDHODH_Druglike,5,2,104.38999999999999,6,11,2,5,0.5789473684210527,0.10526315789473684,0.2631578947368421,0.18181818181818182,0.0,19,2,0,2,2,0,2,0,0
CC(=O)NCC1=CC([C@@H](C#CCC2=CC=CN2)CCO)=NC=N1,22/000000028,"InChI=1S/C17H20N4O2/c1-13(23)19-11-16-10-17(21-12-20-16)14(7-9-22)4-2-5-15-6-3-8-18-15/h3,6,8,10,12,14,18,22H,5,7,9,11H2,1H3,(H,19,23)/t14-/m0/s1",C17H20N4O2,312.15862588000005,1.1528999999999998,4.16,1.79,22.8,-190.0,3.877288997739347,1,DRUGLIKE_CONCAT,HsDHODH_Druglike,4,3,90.9,6,17,2,4,0.7391304347826086,0.08695652173913043,0.17391304347826086,0.35294117647058826,0.058823529411764705,23,2,0,2,2,0,2,0,0
O=C(O)/C=C/[C@H](O)C1=CC=CN1,19/000000009,"InChI=1S/C8H9NO3/c10-7(3-4-8(11)12)6-2-1-5-9-6/h1-5,7,9-10H,(H,11,12)/b4-3+/t7-/m0/s1",C8H9NO3,167.058243148,0.6889000000000001,4.16,1.2,2.22,-150.0,3.650285191767756,1,DRUGLIKE_CONCAT,HsDHODH_Druglike,2,3,73.32,3,8,3,1,0.6666666666666666,0.25,0.08333333333333333,0.125,0.125,12,1,0,1,1,0,1,0,0
CC(=O)NCCCCC1=NC(O)=NC=C1C(=O)O,29/000000096,"InChI=1S/C11H15N3O4/c1-7(15)12-5-3-2-4-9-8(10(16)17)6-13-11(18)14-9/h6H,2-5H2,1H3,(H,12,15)(H,16,17)(H,13,14,18)",C11H15N3O4,253.10625596,0.3391999999999995,4.16,4.8,5.39,-20.0,2.6599893663372836,1,DRUGLIKE_CONCAT,HsDHODH_Druglike,5,3,112.41000000000001,6,11,4,3,0.6111111111111112,0.2222222222222222,0.16666666666666666,0.45454545454545453,0.0,18,1,0,1,1,0,1,0,0
NC(=O)C1=NC=C(C(=O)C#CC2=NC(Cl)=CN2)O1,30/000000002,"InChI=1S/C10H5ClN4O3/c11-7-4-13-8(15-7)2-1-5(16)6-3-14-10(18-6)9(12)17/h3-4H,(H2,12,17)(H,13,15)",C10H5N4O3Cl,264.0050177,0.3844,4.16,-0.98,3.58,-40.0,3.964038502914992,1,DRUGLIKE_CONCAT,HsDHODH_Druglike,5,2,114.87000000000002,2,10,3,4,0.5555555555555556,0.16666666666666666,0.2222222222222222,0.0,0.0,18,2,0,2,2,0,2,0,0
C#CC1=CC=C(O)C=C1C1=NNN=C1,28/000000362,"InChI=1S/C10H7N3O/c1-2-7-3-4-8(14)5-9(7)10-6-11-13-12-10/h1,3-6,14H,(H,11,12,13)",C10H7N3O,185.058911844,1.1585999999999996,4.16,2.58,16.6,-120.0,3.0828186626152148,1,DRUGLIKE_CONCAT,HsDHODH_Druglike,3,2,61.800000000000004,1,10,1,3,0.7142857142857143,0.07142857142857142,0.21428571428571427,0.0,0.0,14,2,0,2,1,0,1,0,0
O=C(C#CC1=CC=CC=C1)C1=CCC(CO)=CN1,23/000000292,"InChI=1S/C15H13NO2/c17-11-13-6-8-14(16-10-13)15(18)9-7-12-4-2-1-3-5-12/h1-5,8,10,16-17H,6,11H2",C15H13NO2,239.094628656,1.3605999999999996,4.16,2.43,3.58,-40.0,3.2167589171161755,1,DRUGLIKE_CONCAT,HsDHODH_Druglike,3,2,49.33,2,15,2,1,0.8333333333333334,0.1111111111111111,0.05555555555555555,0.13333333333333333,0.0,18,2,1,1,1,1,0,0,0
NC1=C2C=NNC2=NC([C@@H](/C=C/CCO)C(=O)O)=N1,21/000000049,"InChI=1S/C11H13N5O3/c12-8-7-5-13-16-10(7)15-9(14-8)6(11(18)19)3-1-2-4-17/h1,3,5-6,17H,2,4H2,(H,18,19)(H3,12,13,14,15,16)/b3-1+/t6-/m1/s1",C11H13N5O3,263.101839276,0.041899999999999604,4.16,2.84,19.6,-190.0,3.8919517241681136,1,DRUGLIKE_CONCAT,HsDHODH_Druglike,6,4,138.01000000000002,5,11,3,5,0.5789473684210527,0.15789473684210525,0.2631578947368421,0.2727272727272727,0.09090909090909091,19,2,0,2,2,0,2,0,0
NC/C=C/[C@@H](O)CCC1=CC(CO)=CC(Cl)=C1,21/000000197,"InChI=1S/C13H18ClNO2/c14-12-7-10(6-11(8-12)9-16)3-4-13(17)2-1-5-15/h1-2,6-8,13,16-17H,3-5,9,15H2/b2-1+/t13-/m1/s1",C13H18NO2Cl,255.102606496,1.6406999999999996,4.16,3.02,3.72,-150.0,3.0975182615978856,1,DRUGLIKE_CONCAT,HsDHODH_Druglike,3,3,66.48,6,13,2,1,0.7647058823529411,0.11764705882352941,0.058823529411764705,0.38461538461538464,0.07692307692307693,17,1,0,1,0,0,0,0,0
NCC1=CC(C(=O)CCC2=CNN=C2)=CC=C1I,19/000000042,"InChI=1S/C13H14IN3O/c14-12-3-2-10(5-11(12)6-15)13(18)4-1-9-7-16-17-8-9/h2-3,5,7-8H,1,4,6,15H2,(H,16,17)/p+1",C13H15N3OI,355.018160068,2.2885,4.16,2.91,3.85,0.0,3.210434430516802,1,DRUGLIKE_CONCAT,HsDHODH_Druglike,3,2,71.77000000000001,5,13,1,3,0.7222222222222222,0.05555555555555555,0.16666666666666666,0.23076923076923078,0.0,18,2,0,2,1,0,1,0,0
C=C(C)C1=C(CC(=O)O)C(O)=NO1,3/000000189,"InChI=1S/C8H9NO4/c1-4(2)7-5(3-6(10)11)8(12)9-13-7/h1,3H2,2H3,(H,9,12)(H,10,11)",C8H9NO4,183.053157768,1.0404,4.16,2.34,3.33,-20.0,3.2500202929952504,1,DRUGLIKE_CONCAT,HsDHODH_Druglike,4,2,83.56,3,8,4,1,0.6153846153846154,0.3076923076923077,0.07692307692307693,0.25,0.0,13,1,0,1,1,0,1,0,0
OC1=CC2=C(C=C1CCNC[C@@H](I)C1=NON=C1)NCO2,21/000000225,"InChI=1S/C13H15IN4O3/c14-9(11-6-17-21-18-11)5-15-2-1-8-3-10-13(4-12(8)19)20-7-16-10/h3-4,6,9,15-16,19H,1-2,5,7H2/t9-/m1/s1",C13H15N4O3I,402.01888834000005,1.8453999999999993,4.16,3.2,3.7,-190.0,4.228047574075362,1,DRUGLIKE_CONCAT,HsDHODH_Druglike,7,3,92.44000000000001,6,13,3,4,0.6190476190476191,0.14285714285714285,0.19047619047619047,0.38461538461538464,0.07692307692307693,21,3,1,2,2,1,1,0,0
O=C(O)C1=CNC(C2=NN=CN2)=C1C(=O)O,9/000000015,"InChI=1S/C8H6N4O4/c13-7(14)3-1-9-5(4(3)8(15)16)6-10-2-11-12-6/h1-2,9H,(H,13,14)(H,15,16)(H,10,11,12)",C8H6N4O4,222.038904672,0.19619999999999999,4.15,7.97,3.58,-80.0,3.3270774963273526,1,DRUGLIKE_CONCAT,HsDHODH_Druglike,4,4,131.95999999999998,3,8,4,4,0.5,0.25,0.25,0.0,0.0,16,2,0,2,2,0,2,0,0
CCCCNC/C=C/C1=CC(CO)=C(C2=NN=NN2)N1,7/000000090,"InChI=1S/C13H20N6O/c1-2-3-6-14-7-4-5-11-8-10(9-20)12(15-11)13-16-18-19-17-13/h4-5,8,14-15,20H,2-3,6-7,9H2,1H3,(H,16,17,18,19)/b5-4+",C13H20N6O,276.16985926,1.0899999999999996,4.15,2.31,24.6,-100.0,3.4772181826593425,1,DRUGLIKE_CONCAT,HsDHODH_Druglike,5,4,102.50999999999999,8,13,1,6,0.65,0.05,0.3,0.46153846153846156,0.0,20,2,0,2,2,0,2,0,0
NC1=CC(CCF)=CC=C1/C=C/CNCCO,27/000000032,"InChI=1S/C13H19FN2O/c14-6-5-11-3-4-12(13(15)10-11)2-1-7-16-8-9-17/h1-4,10,16-17H,5-9,15H2/b2-1+",C13H19N2OF,238.148141448,1.3759,4.15,6.15,5.09,0.0,2.817608889532865,1,DRUGLIKE_CONCAT,HsDHODH_Druglike,3,3,58.28,7,13,1,2,0.7647058823529411,0.058823529411764705,0.11764705882352941,0.38461538461538464,0.0,17,1,0,1,0,0,0,0,0
C[C@@H](N)CC/C=C/C1=CC(O)=CC=C1I,28/000000260,"InChI=1S/C12H16INO/c1-9(14)4-2-3-5-10-8-11(15)6-7-12(10)13/h3,5-9,15H,2,4,14H2,1H3/b5-3+/t9-/m1/s1",C12H16NOI,317.027662132,3.1374000000000013,4.15,6.46,3.58,-170.0,3.304338628747665,1,DRUGLIKE_CONCAT,HsDHODH_Druglike,2,2,46.25,4,12,1,1,0.8,0.06666666666666667,0.06666666666666667,0.3333333333333333,0.08333333333333333,15,1,0,1,0,0,0,0,0
CC/C=C/C1=CN=C(C2=C(C(C)=O)C(CO)=NN2)C=C1Br,7/000000071,"InChI=1S/C15H16BrN3O2/c1-3-4-5-10-7-17-12(6-11(10)16)15-14(9(2)21)13(8-20)18-19-15/h4-7,20H,3,8H2,1-2H3,(H,18,19)/b5-4+",C15H16N3O2Br,349.042588852,3.3523000000000023,4.15,9.68,20.9,-200.0,3.275722135021029,1,DRUGLIKE_CONCAT,HsDHODH_Druglike,4,2,78.87,5,15,2,3,0.7142857142857143,0.09523809523809523,0.14285714285714285,0.26666666666666666,0.0,21,2,0,2,2,0,2,0,0
OCC1=NN=C(C#CC2=NN=C(CCCl)N2)N1CBr,18/000000094,"InChI=1S/C10H10BrClN6O/c11-6-18-9(16-17-10(18)5-19)2-1-7-13-8(3-4-12)15-14-7/h19H,3-6H2,(H,13,14,15)",C10H10N6OClBr,343.97879872,0.42199999999999954,4.15,5.16,25.0,0.0,4.110936123011696,1,DRUGLIKE_CONCAT,HsDHODH_Druglike,6,2,92.51000000000002,4,10,1,6,0.5263157894736842,0.05263157894736842,0.3157894736842105,0.4,0.0,19,2,0,2,2,0,2,0,0
CCCNCC1=CC(/C=C/C[C@H]2C=COC2)=C(CN)N1,10/000000006,"InChI=1S/C16H25N3O/c1-2-7-18-11-15-9-14(16(10-17)19-15)5-3-4-13-6-8-20-12-13/h3,5-6,8-9,13,18-19H,2,4,7,10-12,17H2,1H3/b5-3+/t13-/m0/s1",C16H25N3O,275.19976242,2.5364,4.15,4.0,5.09,-170.0,4.185094197875783,1,DRUGLIKE_CONCAT,HsDHODH_Druglike,3,3,63.07,8,16,1,3,0.8,0.05,0.15,0.5,0.0625,20,2,1,1,2,1,1,0,0
CC[C@@H](CNC1=CC(O)=CC=C1CN)C1=NN=CO1,11/000000001,"InChI=1S/C13H18N4O2/c1-2-9(13-17-16-8-19-13)7-15-12-5-11(18)4-3-10(12)6-14/h3-5,8-9,15,18H,2,6-7,14H2,1H3/t9-/m0/s1",C13H18N4O2,262.142975816,1.8396,4.15,6.2,2.22,-170.0,3.4817879118797723,1,DRUGLIKE_CONCAT,HsDHODH_Druglike,6,3,97.2,6,13,2,4,0.6842105263157895,0.10526315789473684,0.21052631578947367,0.38461538461538464,0.07692307692307693,19,2,0,2,1,0,1,0,0
O=C1C=C[C@@H](/C(=C/C2=NC(Cl)=CN2)CF)N1,13/000000170,"InChI=1S/C10H9ClFN3O/c11-8-5-13-9(15-8)3-6(4-12)7-1-2-10(16)14-7/h1-3,5,7H,4H2,(H,13,15)(H,14,16)/b6-3+/t7-/m0/s1",C10H9N3OFCl,241.041817808,1.4706,4.15,3.86,2.22,-150.0,4.8127992385753835,1,DRUGLIKE_CONCAT,HsDHODH_Druglike,2,2,57.78,3,10,1,3,0.625,0.0625,0.1875,0.2,0.1,16,2,1,1,2,1,1,0,0
O=C(O)/C=C/CC1=NC(C2=NN=C(CO)O2)=CC=C1,21/000000119,"InChI=1S/C12H11N3O4/c16-7-10-14-15-12(19-10)9-5-1-3-8(13-9)4-2-6-11(17)18/h1-3,5-6,16H,4,7H2,(H,17,18)/b6-2+",C12H11N3O4,261.074955832,0.8071999999999999,4.15,4.49,20.4,-120.0,2.827415610191183,1,DRUGLIKE_CONCAT,HsDHODH_Druglike,6,2,109.34,5,12,4,3,0.631578947368421,0.21052631578947367,0.15789473684210525,0.16666666666666666,0.0,19,2,0,2,2,0,2,0,0
C=CC1=CC(N)=CC=C1OC(=O)C1=CC=C(Cl)C(O)=C1,28/000000478,"InChI=1S/C15H12ClNO3/c1-2-9-7-11(17)4-6-14(9)20-15(19)10-3-5-12(16)13(18)8-10/h2-8,18H,1,17H2",C15H12NO3Cl,289.050570924,3.490000000000001,4.15,2.58,2.22,-40.0,2.3132715995872424,1,DRUGLIKE_CONCAT,HsDHODH_Druglike,4,2,72.55,3,15,3,1,0.75,0.15,0.05,0.0,0.0,20,2,0,2,0,0,0,0,0
OC1=CC2=C(C=C1C#CCCCC(CCl)CCl)NCO2,21/000000153,"InChI=1S/C15H17Cl2NO2/c16-8-11(9-17)4-2-1-3-5-12-6-13-15(7-14(12)19)20-10-18-13/h6-7,11,18-19H,1-2,4,8-10H2",C15H17NO2Cl2,313.063634144,3.7696000000000014,4.15,1.82,18.2,-190.0,3.5308162002497374,1,DRUGLIKE_CONCAT,HsDHODH_Druglike,3,2,41.489999999999995,5,15,2,1,0.75,0.1,0.05,0.4666666666666667,0.0,20,2,1,1,1,1,0,0,0
CC1=C(C(=O)OCC2=CC=C3OCC(=O)NC3=C2)OC(CN)=N1,30/000000015,"InChI=1S/C15H15N3O5/c1-8-14(23-13(5-16)17-8)15(20)22-6-9-2-3-11-10(4-9)18-12(19)7-21-11/h2-4H,5-7,16H2,1H3,(H,18,19)",C15H15N3O5,317.1011705800001,1.1296199999999998,4.15,-0.12,2.47,-120.0,2.7227118439797504,1,DRUGLIKE_CONCAT,HsDHODH_Druglike,7,2,116.67999999999999,4,15,5,3,0.6521739130434783,0.21739130434782608,0.13043478260869565,0.26666666666666666,0.0,23,3,1,2,2,1,1,0,0
C=C(CO)C1=C(CC(=O)CF)C(O)=NO1,3/000000182,"InChI=1S/C9H10FNO4/c1-5(4-12)8-7(2-6(13)3-10)9(14)11-15-8/h12H,1-4H2,(H,11,14)",C9H10NO4F,215.05938602,0.46679999999999994,4.15,2.08,3.72,0.0,3.8718096572654552,1,DRUGLIKE_CONCAT,HsDHODH_Druglike,5,2,83.56,5,9,4,1,0.6,0.26666666666666666,0.06666666666666667,0.3333333333333333,0.0,15,1,0,1,1,0,1,0,0
CCCCNCCCNCCC1=CC2=C(C=C1O)OCN2,21/000000229,"InChI=1S/C16H27N3O2/c1-2-3-6-17-7-4-8-18-9-5-13-10-14-16(11-15(13)20)21-12-19-14/h10-11,17-20H,2-9,12H2,1H3",C16H27N3O2,293.21032710400004,2.0658999999999996,4.15,4.44,3.72,-60.0,2.789921804543141,1,DRUGLIKE_CONCAT,HsDHODH_Druglike,5,4,65.55,10,16,2,3,0.7619047619047619,0.09523809523809523,0.14285714285714285,0.625,0.0,21,2,1,1,1,1,0,0,0
CCC/C=C\COCCC1=CC(O)=CC(CO)=C1,28/000000036,"InChI=1S/C15H22O3/c1-2-3-4-5-7-18-8-6-13-9-14(12-16)11-15(17)10-13/h4-5,9-11,16-17H,2-3,6-8,12H2,1H3/b5-4-",C15H22O3,250.156894564,2.799900000000001,4.15,2.91,3.58,-20.0,2.565643480290559,1,DRUGLIKE_CONCAT,HsDHODH_Druglike,3,2,49.69,8,15,3,0,0.8333333333333334,0.16666666666666666,0.0,0.4666666666666667,0.0,18,1,0,1,0,0,0,0,0
OCC1=CC(CCOCC2=CC=CC3=C2C=NC=N3)=CC(O)=C1,28/000000024,"InChI=1S/C18H18N2O3/c21-10-14-6-13(7-16(22)8-14)4-5-23-11-15-2-1-3-18-17(15)9-19-12-20-18/h1-3,6-9,12,21-22H,4-5,10-11H2",C18H18N2O3,310.13174243599997,2.5870000000000006,4.15,5.58,3.72,-80.0,2.4769659497821,1,DRUGLIKE_CONCAT,HsDHODH_Druglike,5,2,75.47,6,18,3,2,0.782608695652174,0.13043478260869565,0.08695652173913043,0.2222222222222222,0.0,23,3,0,3,1,0,1,0,0
COC(=O)CC(=O)NC1=CC(C2=NNN=C2)=CC(O)=C1,28/000000176,"InChI=1S/C12H12N4O4/c1-20-12(19)5-11(18)14-8-2-7(3-9(17)4-8)10-6-13-16-15-10/h2-4,6,17H,5H2,1H3,(H,14,18)(H,13,15,16)",C12H12N4O4,276.085854864,0.6788999999999996,4.15,1.87,22.0,-140.0,2.577794366820008,1,DRUGLIKE_CONCAT,HsDHODH_Druglike,6,3,117.20000000000002,4,12,4,4,0.6,0.2,0.2,0.16666666666666666,0.0,20,2,0,2,1,0,1,0,0
CNC(=O)C/C=C/CC1=NC(O)=NC=C1C(=O)O,29/000000026,"InChI=1S/C11H13N3O4/c1-12-9(15)5-3-2-4-8-7(10(16)17)6-13-11(18)14-8/h2-3,6H,4-5H2,1H3,(H,12,15)(H,16,17)(H,13,14,18)/b3-2+",C11H13N3O4,251.090605896,0.11519999999999975,4.15,4.53,5.39,-20.0,3.267465347498979,1,DRUGLIKE_CONCAT,HsDHODH_Druglike,5,3,112.41000000000001,5,11,4,3,0.6111111111111112,0.2222222222222222,0.16666666666666666,0.2727272727272727,0.0,18,1,0,1,1,0,1,0,0
OC1=CC2=C(C=C1CCNC[C@@H](Br)C1=NOC=C1)NCO2,21/000000240,"InChI=1S/C14H16BrN3O3/c15-10(11-2-4-21-18-11)7-16-3-1-9-5-12-14(6-13(9)19)20-8-17-12/h2,4-6,10,16-17,19H,1,3,7-8H2/t10-/m1/s1",C14H16N3O3Br,353.03750347199997,2.4102999999999994,4.15,2.28,3.7,-190.0,3.8895068426756136,1,DRUGLIKE_CONCAT,HsDHODH_Druglike,6,3,79.55,6,14,3,3,0.6666666666666666,0.14285714285714285,0.14285714285714285,0.35714285714285715,0.07142857142857142,21,3,1,2,2,1,1,0,0
NCC1=CC=C([C@@H](O)C/C=C(\CCl)C2=CCNC2=O)O1,9/000000032,"InChI=1S/C14H17ClN2O3/c15-7-9(11-5-6-17-14(11)19)1-3-12(18)13-4-2-10(8-16)20-13/h1-2,4-5,12,18H,3,6-8,16H2,(H,17,19)/b9-1+/t12-/m0/s1",C14H17N2O3Cl,296.092770084,1.3832000000000002,4.15,7.23,3.58,-150.0,4.130452108069038,1,DRUGLIKE_CONCAT,HsDHODH_Druglike,4,3,88.49,6,14,3,2,0.7,0.15,0.1,0.35714285714285715,0.07142857142857142,20,2,1,1,2,1,1,0,0
C=C(C1=CN=CC=C1)C1=C(CC(=O)CO)C(O)=NO1,3/000000059,"InChI=1S/C13H12N2O4/c1-8(9-3-2-4-14-6-9)12-11(5-10(17)7-16)13(18)15-19-12/h2-4,6,16H,1,5,7H2,(H,15,18)",C13H12N2O4,260.079706864,0.9405999999999999,4.14,1.93,19.0,-40.0,3.2844297853242272,1,DRUGLIKE_CONCAT,HsDHODH_Druglike,6,2,96.45,5,13,4,2,0.6842105263157895,0.21052631578947367,0.10526315789473684,0.15384615384615385,0.0,19,2,0,2,2,0,2,0,0
NC1=C(/C=C/CNCCO)C=C(C[C@@H](N)CCF)C=C1,27/000000028,"InChI=1S/C15H24FN3O/c16-6-5-14(17)11-12-3-4-15(18)13(10-12)2-1-7-19-8-9-20/h1-4,10,14,19-20H,5-9,11,17-18H2/b2-1+/t14-/m0/s1",C15H24N3OF,281.190340608,1.0932999999999997,4.14,4.43,5.09,-150.0,3.4165493608162905,1,DRUGLIKE_CONCAT,HsDHODH_Druglike,4,4,84.3,9,15,1,3,0.75,0.05,0.15,0.4666666666666667,0.06666666666666667,20,1,0,1,0,0,0,0,0
CC(=O)C1=NC([C@@H](CO)C(=O)C2=CC=C(O)C(I)=C2)=CN1,15/000000048,"InChI=1S/C14H13IN2O4/c1-7(19)14-16-5-11(17-14)9(6-18)13(21)8-2-3-12(20)10(15)4-8/h2-5,9,18,20H,6H2,1H3,(H,16,17)/t9-/m1/s1",C14H13N2O4I,399.9920048960001,1.8812999999999998,4.14,2.29,5.21,-170.0,3.701589606331285,1,DRUGLIKE_CONCAT,HsDHODH_Druglike,5,3,103.28,5,14,4,2,0.6666666666666666,0.19047619047619047,0.09523809523809523,0.21428571428571427,0.07142857142857142,21,2,0,2,1,0,1,0,0
CC(=O)/C=C/CC1=NC(O)=NC=C1C(=O)O,29/000000137,"InChI=1S/C10H10N2O4/c1-6(13)3-2-4-8-7(9(14)15)5-11-10(16)12-8/h2-3,5H,4H2,1H3,(H,14,15)(H,11,12,16)/b3-2+",C10H10N2O4,222.0640568,0.5680999999999998,4.14,5.23,3.85,-20.0,3.185328081788403,1,DRUGLIKE_CONCAT,HsDHODH_Druglike,5,2,100.38000000000001,4,10,4,2,0.625,0.25,0.125,0.2,0.0,16,1,0,1,1,0,1,0,0
N[C@H](CO)C1=CC=C(C(=O)C2=CC=C(/C=C/CCl)N2)O1,23/000000543,"InChI=1S/C14H15ClN2O3/c15-7-1-2-9-3-4-11(17-9)14(19)13-6-5-12(20-13)10(16)8-18/h1-6,10,17-18H,7-8,16H2/b2-1+/t10-/m1/s1",C14H15N2O3Cl,294.07712002,2.0828,4.14,3.44,5.09,-170.0,3.7682639212558504,1,DRUGLIKE_CONCAT,HsDHODH_Druglike,4,3,92.25,6,14,3,2,0.7,0.15,0.1,0.21428571428571427,0.07142857142857142,20,2,0,2,2,0,2,0,0
NCC1=CC=C(F)N=C1C#C[C@H]1NC(=O)C=C1CF,13/000000172,"InChI=1S/C13H11F2N3O/c14-6-9-5-13(19)18-11(9)3-2-10-8(7-16)1-4-12(15)17-10/h1,4-5,11H,6-7,16H2,(H,18,19)/t11-/m1/s1",C13H11N3OF2,263.087018412,0.42519999999999986,4.14,5.77,22.4,-150.0,4.418319793834297,1,DRUGLIKE_CONCAT,HsDHODH_Druglike,3,2,68.00999999999999,2,13,1,3,0.6842105263157895,0.05263157894736842,0.15789473684210525,0.23076923076923078,0.07692307692307693,19,2,1,1,2,1,1,0,0
NCC1=C[C@@H](/C=C/C2=CN=C(CCl)C(Br)=C2)NC(CO)=C1,13/000000133,"InChI=1S/C15H17BrClN3O/c16-14-5-10(8-19-15(14)6-17)1-2-12-3-11(7-18)4-13(9-21)20-12/h1-5,8,12,20-21H,6-7,9,18H2/p+1/b2-1+/t12-/m1/s1",C15H18N3OClBr,369.02435194400005,2.3292,4.14,5.56,2.47,-150.0,4.814920094219846,1,DRUGLIKE_CONCAT,HsDHODH_Druglike,4,3,71.17,5,15,1,3,0.7142857142857143,0.047619047619047616,0.14285714285714285,0.26666666666666666,0.06666666666666667,21,2,1,1,2,1,1,0,0
NCC1=CC([C@@H](C#CCC2=CC=CC=C2)CO)=NC=N1,22/000000029,"InChI=1S/C16H17N3O/c17-10-15-9-16(19-12-18-15)14(11-20)8-4-7-13-5-2-1-3-6-13/h1-3,5-6,9,12,14,20H,7,10-11,17H2/p+1/t14-/m0/s1",C16H18N3O,267.137162164,1.2572999999999999,4.14,1.55,15.4,-150.0,3.852404542703368,1,DRUGLIKE_CONCAT,HsDHODH_Druglike,4,2,72.03,4,16,1,3,0.8,0.05,0.15,0.25,0.0625,20,2,0,2,1,0,1,0,0
N[C@H](C/C=C/C1=CC(O)=CC=C1I)C1=NC=CN=C1,28/000000307,"InChI=1S/C14H14IN3O/c15-12-5-4-11(19)8-10(12)2-1-3-13(16)14-9-17-6-7-18-14/h1-2,4-9,13,19H,3,16H2/p+1/b2-1+/t13-/m1/s1",C14H15N3OI,367.01816006800004,2.8901000000000012,4.14,7.3,3.58,-150.0,3.923364834956695,1,DRUGLIKE_CONCAT,HsDHODH_Druglike,4,2,72.03,4,14,1,3,0.7368421052631579,0.05263157894736842,0.15789473684210525,0.14285714285714285,0.07142857142857142,19,2,0,2,1,0,1,0,0
NCCCC1=C(CC(=O)O)C(O)=NO1,3/000000179,"InChI=1S/C8H12N2O4/c9-3-1-2-6-5(4-7(11)12)8(13)10-14-6/h1-4,9H2,(H,10,13)(H,11,12)/p+1",C8H13N2O4,200.079706864,-0.10140000000000016,4.14,1.0,2.48,0.0,3.868473298242746,1,DRUGLIKE_CONCAT,HsDHODH_Druglike,5,3,109.58000000000001,5,8,4,2,0.5714285714285714,0.2857142857142857,0.14285714285714285,0.5,0.0,14,1,0,1,1,0,1,0,0
C=CCC(=O)C1=C(CC(=O)O)C(O)=NO1,3/000000193,"InChI=1S/C9H9NO5/c1-2-3-6(11)8-5(4-7(12)13)9(14)10-15-8/h2H,1,3-4H2,(H,10,14)(H,12,13)",C9H9NO5,211.048072388,0.7660999999999998,4.14,1.67,2.35,-20.0,3.3044911957269933,1,DRUGLIKE_CONCAT,HsDHODH_Druglike,5,2,100.63000000000001,5,9,5,1,0.6,0.3333333333333333,0.06666666666666667,0.2222222222222222,0.0,15,1,0,1,1,0,1,0,0
O=C(O)[C@H](CC1=NC(/C=C/CCl)=C(O)C=C1)C1=CCC=CO1,12/000000020,"InChI=1S/C16H16ClNO4/c17-8-3-4-13-14(19)7-6-11(18-13)10-12(16(20)21)15-5-1-2-9-22-15/h2-7,9,12,19H,1,8,10H2,(H,20,21)/b4-3+/t12-/m1/s1",C16H16NO4Cl,321.07678567199997,3.1004000000000023,4.14,6.41,6.45,-150.0,4.142563152671873,1,DRUGLIKE_CONCAT,HsDHODH_Druglike,4,2,79.65,6,16,4,1,0.7272727272727273,0.18181818181818182,0.045454545454545456,0.25,0.0625,22,2,1,1,2,1,1,0,0
OC1=CC(C2=NNN=C2)=CC=C1CCl,28/000000350,"InChI=1S/C9H8ClN3O/c10-4-7-2-1-6(3-9(7)14)8-5-11-13-12-8/h1-3,5,14H,4H2,(H,11,12,13)",C9H8N3OCl,209.035589556,1.9160999999999997,4.14,2.98,14.9,-120.0,2.7138775087690608,1,DRUGLIKE_CONCAT,HsDHODH_Druglike,3,2,61.800000000000004,2,9,1,3,0.6428571428571429,0.07142857142857142,0.21428571428571427,0.1111111111111111,0.0,14,2,0,2,1,0,1,0,0
CC[C@@H](O)/C=C\CC1=CN=C(C(=O)O)C(Br)=C1,13/000000063,"InChI=1S/C12H14BrNO3/c1-2-9(15)5-3-4-8-6-10(13)11(12(16)17)14-7-8/h3,5-7,9,15H,2,4H2,1H3,(H,16,17)/b5-3-/t9-/m1/s1",C12H13NO3Br,299.015705408,2.4119,4.14,6.14,2.35,-170.0,3.378799418646203,1,DRUGLIKE_CONCAT,HsDHODH_Druglike,3,2,70.42,5,12,3,1,0.7058823529411765,0.17647058823529413,0.058823529411764705,0.3333333333333333,0.08333333333333333,17,1,0,1,1,0,1,0,0
CC(=O)OC/C=C(\CO)CCC1=CC=C2CNNCC2=C1Cl,15/000000022,"InChI=1S/C16H21ClN2O3/c1-11(21)22-7-6-12(10-20)2-3-13-4-5-14-8-18-19-9-15(14)16(13)17/h4-6,18-20H,2-3,7-10H2,1H3/b12-6-",C16H21N2O3Cl,324.12407021200005,1.8621999999999999,4.14,3.3,3.84,-120.0,3.4234417194696345,1,DRUGLIKE_CONCAT,HsDHODH_Druglike,5,3,70.59,6,16,3,2,0.7272727272727273,0.13636363636363635,0.09090909090909091,0.4375,0.0,22,2,1,1,1,1,0,0,0
C=CC1=C(Br)C=CN=C1C1=C(C(N)=O)N=C(CNCC(C)=O)O1,7/000000070,"InChI=1S/C15H15BrN4O3/c1-3-9-10(16)4-5-19-12(9)14-13(15(17)22)20-11(23-14)7-18-6-8(2)21/h3-5,18H,1,6-7H2,2H3,(H2,17,22)",C15H15N4O3Br,378.03275244,1.9196,4.14,5.48,24.5,-160.0,3.254098014732074,1,DRUGLIKE_CONCAT,HsDHODH_Druglike,6,2,111.11,7,15,3,4,0.6521739130434783,0.13043478260869565,0.17391304347826086,0.2,0.0,23,2,0,2,2,0,2,0,0
OC1=CC(Cl)=CC(C2=NNN=C2)=C1,28/000000121,"InChI=1S/C8H6ClN3O/c9-6-1-5(2-7(13)3-6)8-4-10-12-11-8/h1-4,13H,(H,10,11,12)",C8H6N3OCl,195.019939492,1.8306999999999993,4.14,0.95,14.3,-120.0,2.6287661533352296,1,DRUGLIKE_CONCAT,HsDHODH_Druglike,3,2,61.800000000000004,1,8,1,3,0.6153846153846154,0.07692307692307693,0.23076923076923078,0.0,0.0,13,2,0,2,1,0,1,0,0
OC/C=C/CC1=NC=C([C@H](O)C2=CC=C(I)C=C2)O1,6/000000013,"InChI=1S/C14H14INO3/c15-11-6-4-10(5-7-11)14(18)12-9-16-13(19-12)3-1-2-8-17/h1-2,4-7,9,14,17-18H,3,8H2/b2-1+/t14-/m1/s1",C14H14NO3I,371.00184130799994,2.4519,4.14,0.33,3.58,-190.0,3.493139193931055,1,DRUGLIKE_CONCAT,HsDHODH_Druglike,4,2,66.49000000000001,5,14,3,1,0.7368421052631579,0.15789473684210525,0.05263157894736842,0.21428571428571427,0.07142857142857142,19,2,0,2,1,0,1,0,0
CNCC1=CC=C(C2=NNC(C(=O)O)=N2)C=C1C(=O)O,6/000000007,"InChI=1S/C12H12N4O4/c1-13-5-7-3-2-6(4-8(7)11(17)18)9-14-10(12(19)20)16-15-9/h2-4,13H,5H2,1H3,(H,17,18)(H,19,20)(H,14,15,16)",C12H12N4O4,276.085854864,0.5874999999999999,4.14,0.13,3.72,-200.0,2.549028802384445,1,DRUGLIKE_CONCAT,HsDHODH_Druglike,5,4,128.2,5,12,4,4,0.6,0.2,0.2,0.16666666666666666,0.0,20,2,0,2,1,0,1,0,0
C=CCN1N=CC(CO)=C1C1=CN=NN1,23/000000263,"InChI=1S/C9H11N5O/c1-2-3-14-9(7(6-15)4-11-14)8-5-10-13-12-8/h2,4-5,15H,1,3,6H2,(H,10,12,13)",C9H11N5O,205.096359972,0.3464999999999999,4.14,5.84,20.8,-80.0,3.736476947068675,1,DRUGLIKE_CONCAT,HsDHODH_Druglike,5,2,79.62,4,9,1,5,0.6,0.06666666666666667,0.3333333333333333,0.2222222222222222,0.0,15,2,0,2,2,0,2,0,0
O=C(/C=C/C1=C(I)C=CC(O)=C1)[C@H]1CCCNN1,28/000000039,"InChI=1S/C13H15IN2O2/c14-11-5-4-10(17)8-9(11)3-6-13(18)12-2-1-7-15-16-12/h3-6,8,12,15-17H,1-2,7H2/b6-3+/t12-/m1/s1",C13H15N2O2I,358.0178257200001,1.8356999999999992,4.14,6.24,3.58,-150.0,3.6941438362777888,1,DRUGLIKE_CONCAT,HsDHODH_Druglike,4,3,61.36,3,13,2,2,0.7222222222222222,0.1111111111111111,0.1111111111111111,0.3076923076923077,0.07692307692307693,18,2,1,1,1,1,0,0,0
OC1=CC2=C(C=C1CCNC[C@@H](Cl)C1=NON=C1)NCO2,21/000000235,"InChI=1S/C13H15ClN4O3/c14-9(11-6-17-21-18-11)5-15-2-1-8-3-10-13(4-12(8)19)20-7-16-10/h3-4,6,9,15-16,19H,1-2,5,7H2/t9-/m1/s1",C13H15N4O3Cl,310.08326802,1.6491999999999991,4.14,2.17,3.7,-190.0,4.108784522372965,1,DRUGLIKE_CONCAT,HsDHODH_Druglike,7,3,92.44000000000001,6,13,3,4,0.6190476190476191,0.14285714285714285,0.19047619047619047,0.38461538461538464,0.07692307692307693,21,3,1,2,2,1,1,0,0
OC/C=C/C1=CC2=C(OCN2)C(CO)=C1,21/000000061,"InChI=1S/C11H13NO3/c13-3-1-2-8-4-9(6-14)11-10(5-8)12-7-15-11/h1-2,4-5,12-14H,3,6-7H2/b2-1+",C11H13NO3,207.089543276,0.9461999999999999,4.14,3.49,11.8,-40.0,3.318725605387101,1,DRUGLIKE_CONCAT,HsDHODH_Druglike,4,3,61.72,3,11,3,1,0.7333333333333333,0.2,0.06666666666666667,0.2727272727272727,0.0,15,2,1,1,1,1,0,0,0
CCC/C=C\COCCC1=CC(O)=CC([C@H](O)C(=O)O)=C1,28/000000047,"InChI=1S/C16H22O5/c1-2-3-4-5-7-21-8-6-12-9-13(11-14(17)10-12)15(18)16(19)20/h4-5,9-11,15,17-18H,2-3,6-8H2,1H3,(H,19,20)/b5-4-/t15-/m0/s1",C16H21O5,294.146723804,2.4256,4.14,2.35,3.58,-200.0,3.1474933757016608,1,DRUGLIKE_CONCAT,HsDHODH_Druglike,4,3,86.99,9,16,5,0,0.7619047619047619,0.23809523809523808,0.0,0.4375,0.0625,21,1,0,1,0,0,0,0,0
NC1=C2C=NNC2=NC([C@@H](CCCl)C(=O)O)=N1,21/000000007,"InChI=1S/C9H10ClN5O2/c10-2-1-4(9(16)17)7-13-6(11)5-3-12-15-8(5)14-7/h3-4H,1-2H2,(H,16,17)(H3,11,12,13,14,15)/t4-/m1/s1",C9H10N5O2Cl,255.05230224,0.7321999999999997,4.14,2.64,17.9,-190.0,3.6951595054604063,1,DRUGLIKE_CONCAT,HsDHODH_Druglike,5,3,117.78,4,9,2,5,0.5294117647058824,0.11764705882352941,0.29411764705882354,0.3333333333333333,0.1111111111111111,17,2,0,2,2,0,2,0,0
C#CC[C@H](Cl)C1=NC(O)=NC=C1C(=O)O,29/000000122,"InChI=1S/C9H7ClN2O3/c1-2-3-6(10)7-5(8(13)14)4-11-9(15)12-7/h1,4,6H,3H2,(H,13,14)(H,11,12,15)/t6-/m0/s1",C9H7N2O3Cl,226.014519764,1.1835999999999995,4.14,5.98,15.7,-150.0,3.985417343569429,1,DRUGLIKE_CONCAT,HsDHODH_Druglike,4,2,83.31,3,9,3,2,0.6,0.2,0.13333333333333333,0.2222222222222222,0.1111111111111111,15,1,0,1,1,0,1,0,0
O=C(O)C1=NNC(C(=O)C2=CCCN2)=C1,7/000000036,"InChI=1S/C9H9N3O3/c13-8(5-2-1-3-10-5)6-4-7(9(14)15)12-11-6/h2,4,10H,1,3H2,(H,11,12)(H,14,15)",C9H9N3O3,207.064391148,0.1678,4.14,1.04,2.22,-20.0,3.3994528990236974,1,DRUGLIKE_CONCAT,HsDHODH_Druglike,4,3,95.07999999999998,3,9,3,3,0.6,0.2,0.2,0.2222222222222222,0.0,15,2,1,1,2,1,1,0,0
OCC1=CC(Cl)=CC(CCC[C@@H](O)C2=NOC=C2)=C1,21/000000192,"InChI=1S/C14H16ClNO3/c15-12-7-10(6-11(8-12)9-17)2-1-3-14(18)13-4-5-19-16-13/h4-8,14,17-18H,1-3,9H2/t14-/m1/s1",C14H16NO3Cl,281.081871052,2.8766000000000007,4.14,3.92,3.72,-150.0,3.0917853477772095,1,DRUGLIKE_CONCAT,HsDHODH_Druglike,4,2,66.49000000000001,6,14,3,1,0.7368421052631579,0.15789473684210525,0.05263157894736842,0.35714285714285715,0.07142857142857142,19,2,0,2,1,0,1,0,0
O=C(O)CC1=C([C@H](F)CCl)ON=C1O,3/000000058,"InChI=1S/C7H7ClFNO4/c8-2-4(9)6-3(1-5(11)12)7(13)10-14-6/h4H,1-2H2,(H,10,13)(H,11,12)/t4-/m1/s1",C7H7NO4FCl,223.004763604,1.2567,4.14,1.62,4.69,-170.0,3.917720870748711,1,DRUGLIKE_CONCAT,HsDHODH_Druglike,4,2,83.56,4,7,4,1,0.5,0.2857142857142857,0.07142857142857142,0.42857142857142855,0.14285714285714285,14,1,0,1,1,0,1,0,0
O=C(O)CC/C=C/CCC1=CC=C(C(=O)C2=NC(=O)ON2)N1,23/000000029,"InChI=1S/C14H15N3O5/c18-11(19)6-4-2-1-3-5-9-7-8-10(15-9)12(20)13-16-14(21)22-17-13/h1-2,7-8,15H,3-6H2,(H,18,19)(H,16,17,21)/b2-1+",C14H15N3O5,305.1011705800001,1.2755999999999998,4.13,4.94,3.58,0.0,3.324562315003135,1,DRUGLIKE_CONCAT,HsDHODH_Druglike,5,3,129.04999999999998,8,14,5,3,0.6363636363636364,0.22727272727272727,0.13636363636363635,0.2857142857142857,0.0,22,2,0,2,2,0,2,0,0
NC1=C2C=NNC2=NC(C/C=C/CC2=CC(O)=C(Br)C=C2)=N1,21/000000006,"InChI=1S/C15H14BrN5O/c16-11-6-5-9(7-12(11)22)3-1-2-4-13-19-14(17)10-8-18-21-15(10)20-13/h1-2,5-8,22H,3-4H2,(H3,17,18,19,20,21)/b2-1+",C15H14N5OBr,359.038172168,2.744600000000001,4.13,2.03,19.5,-90.0,3.2034772033406034,1,DRUGLIKE_CONCAT,HsDHODH_Druglike,5,3,100.71000000000001,4,15,1,5,0.6818181818181818,0.045454545454545456,0.22727272727272727,0.13333333333333333,0.0,22,3,0,3,2,0,2,0,0
NCC1=NON=C1C#C[C@H](O)C(=O)C1=CC(F)=CC=C1O,18/000000073,"InChI=1S/C13H10FN3O4/c14-7-1-3-11(18)8(5-7)13(20)12(19)4-2-9-10(6-15)17-21-16-9/h1,3,5,12,18-19H,6,15H2/t12-/m0/s1",C13H10N3O4F,291.06553402,-0.031700000000000395,4.13,5.8,3.58,-150.0,3.77754112105975,1,DRUGLIKE_CONCAT,HsDHODH_Druglike,7,3,122.47000000000001,3,13,4,3,0.6190476190476191,0.19047619047619047,0.14285714285714285,0.15384615384615385,0.07692307692307693,21,2,0,2,1,0,1,0,0
CC[C@H]1OC(=O)C(C#CC(=O)O)=C1CCCO,19/000000013,"InChI=1S/C12H14O5/c1-2-10-8(4-3-7-13)9(12(16)17-10)5-6-11(14)15/h10,13H,2-4,7H2,1H3,(H,14,15)/t10-/m1/s1",C12H14O5,238.084123548,0.47889999999999994,4.13,5.59,19.0,-190.0,3.9482887163050657,1,DRUGLIKE_CONCAT,HsDHODH_Druglike,4,2,83.83000000000001,4,12,5,0,0.7058823529411765,0.29411764705882354,0.0,0.5,0.08333333333333333,17,1,1,0,1,1,0,0,0
C=CC1=CN=C(C2=C(CO)C(CO)=NN2)C=C1Br,7/000000038,"InChI=1S/C12H12BrN3O2/c1-2-7-4-14-10(3-9(7)13)12-8(5-17)11(6-18)15-16-12/h2-4,17-18H,1,5-6H2,(H,15,16)",C12H12N3O2Br,309.011288724,1.8618,4.13,7.15,18.1,-120.0,3.3796809644534527,1,DRUGLIKE_CONCAT,HsDHODH_Druglike,4,3,82.03,4,12,2,3,0.6666666666666666,0.1111111111111111,0.16666666666666666,0.16666666666666666,0.0,18,2,0,2,2,0,2,0,0
COC1=C(O)C=C(C2=NNN=C2)C=C1,28/000000094,"InChI=1S/C9H9N3O2/c1-14-9-3-2-6(4-8(9)13)7-5-10-12-11-7/h2-5,13H,1H3,(H,10,11,12)",C9H9N3O2,191.069476528,1.1858999999999997,4.13,3.28,14.4,-140.0,2.325645201076753,1,DRUGLIKE_CONCAT,HsDHODH_Druglike,4,2,71.03,2,9,2,3,0.6428571428571429,0.14285714285714285,0.21428571428571427,0.1111111111111111,0.0,14,2,0,2,1,0,1,0,0
O=C1N(CBr)N=C(CCO)N1CC[C@H]1CCCN1,21/000000107,"InChI=1S/C11H19BrN4O2/c12-8-16-11(18)15(10(14-16)4-7-17)6-3-9-2-1-5-13-9/h9,13,17H,1-8H2/t9-/m1/s1",C11H19N4O2Br,318.06913794800005,0.07409999999999989,4.13,4.68,5.09,-150.0,3.5885356914814093,1,DRUGLIKE_CONCAT,HsDHODH_Druglike,6,2,72.08,6,11,2,4,0.6111111111111112,0.1111111111111111,0.2222222222222222,0.8181818181818182,0.09090909090909091,18,2,1,1,2,1,1,0,0
O=C(O)/C=C/[C@H](CO)C(=O)NC1=CC=C2N=CCC2=C1,15/000000035,"InChI=1S/C14H14N2O4/c17-8-10(1-4-13(18)19)14(20)16-11-2-3-12-9(7-11)5-6-15-12/h1-4,6-7,10,17H,5,8H2,(H,16,20)(H,18,19)/b4-1+/t10-/m1/s1",C14H14N2O4,274.095356928,1.1327999999999998,4.13,4.9,3.58,-190.0,3.5175521080690384,1,DRUGLIKE_CONCAT,HsDHODH_Druglike,4,3,98.99,5,14,4,2,0.7,0.2,0.1,0.21428571428571427,0.07142857142857142,20,2,1,1,1,1,0,0,0
O=C(O)CC1=C([C@@H](CCCO)N2C=NOC2)ON=C1O,3/000000012,"InChI=1S/C11H15N3O6/c15-3-1-2-8(14-5-12-19-6-14)10-7(4-9(16)17)11(18)13-20-10/h5,8,15H,1-4,6H2,(H,13,18)(H,16,17)/t8-/m1/s1",C11H15N3O6,285.0960852,0.05390000000000017,4.13,1.92,22.7,-170.0,4.392930679497609,1,DRUGLIKE_CONCAT,HsDHODH_Druglike,8,3,128.62,7,11,6,3,0.55,0.3,0.15,0.5454545454545454,0.09090909090909091,20,2,1,1,2,1,1,0,0
O=C(O)[C@@H](CN1C=CN=CC1)C1=CC=C(CO)C(Cl)=C1,21/000000183,"InChI=1S/C14H15ClN2O3/c15-13-7-10(1-2-11(13)9-18)12(14(19)20)8-17-5-3-16-4-6-17/h1-5,7,12,18H,6,8-9H2,(H,19,20)/t12-/m0/s1",C14H15N2O3Cl,294.07712002,1.8581,4.13,5.74,3.58,-150.0,3.676075734442665,1,DRUGLIKE_CONCAT,HsDHODH_Druglike,4,2,73.13,5,14,3,2,0.7,0.15,0.1,0.2857142857142857,0.07142857142857142,20,2,1,1,1,1,0,0,0
C[C@H](Br)C1=NC(O)=NC=C1C(=O)O,29/000000077,"InChI=1S/C7H7BrN2O3/c1-3(8)5-4(6(11)12)2-9-7(13)10-5/h2-3H,1H3,(H,11,12)(H,9,10,13)/t3-/m0/s1",C7H7N2O3Br,245.964004184,1.3362999999999996,4.13,5.53,11.7,-170.0,3.65758263993271,1,DRUGLIKE_CONCAT,HsDHODH_Druglike,4,2,83.31,2,7,3,2,0.5384615384615384,0.23076923076923078,0.15384615384615385,0.2857142857142857,0.14285714285714285,13,1,0,1,1,0,1,0,0
NC[C@@H](O)/C=C\CC1=CN=C(C(=O)O)C(Br)=C1,13/000000083,"InChI=1S/C11H13BrN2O3/c12-9-4-7(2-1-3-8(15)5-13)6-14-10(9)11(16)17/h1,3-4,6,8,15H,2,5,13H2,(H,16,17)/p+1/b3-1-/t8-/m0/s1",C11H13N2O3Br,300.01095437600003,0.9606000000000001,4.13,6.21,2.35,-150.0,4.0582331979104165,1,DRUGLIKE_CONCAT,HsDHODH_Druglike,4,3,96.44000000000001,5,11,3,2,0.6470588235294118,0.17647058823529413,0.11764705882352941,0.2727272727272727,0.09090909090909091,17,1,0,1,1,0,1,0,0
C[C@H](O)CCC/C=C/C1=CC(O)=CC=C1I,28/000000050,"InChI=1S/C13H17IO2/c1-10(15)5-3-2-4-6-11-9-12(16)7-8-13(11)14/h4,6-10,15-16H,2-3,5H2,1H3/b6-4+/t10-/m0/s1",C13H17O2I,332.027327784,3.5611000000000015,4.13,4.91,3.58,-170.0,3.1582525952187392,1,DRUGLIKE_CONCAT,HsDHODH_Druglike,2,2,40.46,5,13,2,0,0.8125,0.125,0.0,0.38461538461538464,0.07692307692307693,16,1,0,1,0,0,0,0,0
C#CC[C@H](C)C1=NC(O)=NC=C1C(=O)O,29/000000053,"InChI=1S/C10H10N2O3/c1-3-4-6(2)8-7(9(13)14)5-11-10(15)12-8/h1,5-6H,4H2,2H3,(H,13,14)(H,11,12,15)/t6-/m0/s1",C10H10N2O3,206.06914218,1.0071999999999999,4.13,5.43,14.6,-170.0,3.855478112800199,1,DRUGLIKE_CONCAT,HsDHODH_Druglike,4,2,83.31,3,10,3,2,0.6666666666666666,0.2,0.13333333333333333,0.3,0.1,15,1,0,1,1,0,1,0,0
C=C[C@@](O)(CCl)C1=C(CC(=O)O)C(O)=NO1,3/000000225,"InChI=1S/C9H10ClNO5/c1-2-9(15,4-10)7-5(3-6(12)13)8(14)11-16-7/h2,15H,1,3-4H2,(H,11,14)(H,12,13)/t9-/m1/s1",C9H10NO5Cl,247.0247501,0.6196999999999999,4.13,1.68,2.35,-170.0,4.212711985828131,1,DRUGLIKE_CONCAT,HsDHODH_Druglike,5,3,103.79,5,9,5,1,0.5625,0.3125,0.0625,0.3333333333333333,0.1111111111111111,16,1,0,1,1,0,1,0,0
O=C(CC/C=C/[C@@H]1C=CCN1)N1N=NC2=C1N=CN=C2O,18/000000019,"InChI=1S/C13H14N6O2/c20-10(6-2-1-4-9-5-3-7-14-9)19-12-11(17-18-19)13(21)16-8-15-12/h1,3-5,8-9,14H,2,6-7H2,(H,15,16,21)/b4-1+/t9-/m1/s1",C13H14N6O2,286.11782368799993,0.43149999999999983,4.13,3.56,3.58,-190.0,4.264792088577253,1,DRUGLIKE_CONCAT,HsDHODH_Druglike,8,2,105.82000000000001,4,13,2,6,0.6190476190476191,0.09523809523809523,0.2857142857142857,0.3076923076923077,0.07692307692307693,21,3,1,2,3,1,2,0,0
CCN1C(C#CC2=NN=C(COCN)N2)=NN=C1CO,18/000000075,"InChI=1S/C11H15N7O2/c1-2-18-10(16-17-11(18)5-19)4-3-8-13-9(15-14-8)6-20-7-12/h19H,2,5-7,12H2,1H3,(H,13,14,15)",C11H15N7O2,277.12872272,-1.2589999999999988,4.13,4.01,24.8,-20.0,3.937110937091843,1,DRUGLIKE_CONCAT,HsDHODH_Druglike,8,3,127.76,5,11,2,7,0.55,0.1,0.35,0.45454545454545453,0.0,20,2,0,2,2,0,2,0,0
O=C(C1=NC=C(O)C(CBr)=C1)C1=NOC(=O)N1,10/000000003,"InChI=1S/C9H6BrN3O4/c10-2-4-1-5(11-3-6(4)14)7(15)8-12-9(16)17-13-8/h1,3,14H,2H2,(H,12,13,16)",C9H6N3O4Br,298.954167772,0.5893999999999999,4.13,0.95,2.22,-60.0,3.604540558927299,1,DRUGLIKE_CONCAT,HsDHODH_Druglike,6,2,109.07999999999998,3,9,4,3,0.5294117647058824,0.23529411764705882,0.17647058823529413,0.1111111111111111,0.0,17,2,0,2,2,0,2,0,0
CCN[C@H](C(=O)O)C1=NNC(/C=C/C2=CC(O)=CC=C2I)=C1,28/000000316,"InChI=1S/C15H16IN3O3/c1-2-17-14(15(21)22)13-8-10(18-19-13)4-3-9-7-11(20)5-6-12(9)16/h3-8,14,17,20H,2H2,1H3,(H,18,19)(H,21,22)/b4-3+/t14-/m0/s1",C15H16N3O3I,413.023639372,2.6255000000000015,4.13,4.31,5.09,-170.0,3.705295280565131,1,DRUGLIKE_CONCAT,HsDHODH_Druglike,4,4,98.24,6,15,3,3,0.6818181818181818,0.13636363636363635,0.13636363636363635,0.2,0.06666666666666667,22,2,0,2,1,0,1,0,0
C=C[C@@H](CCC)C1=CC=C(C(=O)C2=NC(=O)ON2)N1,23/000000043,"InChI=1S/C13H15N3O3/c1-3-5-8(4-2)9-6-7-10(14-9)11(17)12-15-13(18)19-16-12/h4,6-8,14H,2-3,5H2,1H3,(H,15,16,18)/t8-/m0/s1",C13H15N3O3,261.11134134,1.9916999999999996,4.12,5.18,3.58,-170.0,4.057637936069421,1,DRUGLIKE_CONCAT,HsDHODH_Druglike,4,2,91.75,6,13,3,3,0.6842105263157895,0.15789473684210525,0.15789473684210525,0.3076923076923077,0.07692307692307693,19,2,0,2,2,0,2,0,0
OC1=CC=C(I)C(/C=C/[C@@H]2CCN=CN2)=C1,28/000000259,"InChI=1S/C12H13IN2O/c13-12-4-3-11(16)7-9(12)1-2-10-5-6-14-8-15-10/h1-4,7-8,10,16H,5-6H2,(H,14,15)/b2-1+/t10-/m1/s1",C12H13N2OI,328.00726103600005,2.4002,4.12,4.36,2.22,-150.0,4.085355894093777,1,DRUGLIKE_CONCAT,HsDHODH_Druglike,3,2,44.620000000000005,2,12,1,2,0.75,0.0625,0.125,0.25,0.08333333333333333,16,2,1,1,1,1,0,0,0
CN1CCC[C@H](C(=O)/C=C/C2=C(I)C=CC(O)=C2)N1,28/000000044,"InChI=1S/C14H17IN2O2/c1-17-8-2-3-13(16-17)14(19)7-4-10-9-11(18)5-6-12(10)15/h4-7,9,13,16,18H,2-3,8H2,1H3/b7-4+/t13-/m1/s1",C14H17N2O2I,372.033475784,2.1778999999999997,4.12,7.29,3.58,-170.0,3.678005134908317,1,DRUGLIKE_CONCAT,HsDHODH_Druglike,4,2,52.57000000000001,3,14,2,2,0.7368421052631579,0.10526315789473684,0.10526315789473684,0.35714285714285715,0.07142857142857142,19,2,1,1,1,1,0,0,0
OC1=CC(C2=NNN=C2)=CC(CCl)=C1,28/000000137,"InChI=1S/C9H8ClN3O/c10-4-6-1-7(3-8(14)2-6)9-5-11-13-12-9/h1-3,5,14H,4H2,(H,11,12,13)",C9H8N3OCl,209.035589556,1.9160999999999997,4.12,1.67,14.9,-120.0,2.7572678933844443,1,DRUGLIKE_CONCAT,HsDHODH_Druglike,3,2,61.800000000000004,2,9,1,3,0.6428571428571429,0.07142857142857142,0.21428571428571427,0.1111111111111111,0.0,14,2,0,2,1,0,1,0,0
CCC1=CC=C(/C=C/CNCCO)C(N)=C1,27/000000005,"InChI=1S/C13H20N2O/c1-2-11-5-6-12(13(14)10-11)4-3-7-15-8-9-16/h3-6,10,15-16H,2,7-9,14H2,1H3/b4-3+",C13H20N2O,220.15756326,1.4263,4.12,6.07,3.58,-20.0,2.550646936886793,1,DRUGLIKE_CONCAT,HsDHODH_Druglike,3,3,58.28,6,13,1,2,0.8125,0.0625,0.125,0.38461538461538464,0.0,16,1,0,1,0,0,0,0,0
CN1NCCC[C@@H]1C(=O)/C=C/C1=C(I)C=CC(O)=C1,28/000000053,"InChI=1S/C14H17IN2O2/c1-17-13(3-2-8-16-17)14(19)7-4-10-9-11(18)5-6-12(10)15/h4-7,9,13,16,18H,2-3,8H2,1H3/b7-4+/t13-/m1/s1",C14H17N2O2I,372.033475784,2.1779,4.12,6.28,3.58,-170.0,3.697982783674645,1,DRUGLIKE_CONCAT,HsDHODH_Druglike,4,2,52.57000000000001,3,14,2,2,0.7368421052631579,0.10526315789473684,0.10526315789473684,0.35714285714285715,0.07142857142857142,19,2,1,1,1,1,0,0,0
OC/C=C/C1=CC=C(C2=C(Cl)C=NN2)C=C1CF,30/000000013,"InChI=1S/C13H12ClFN2O/c14-12-8-16-17-13(12)10-4-3-9(2-1-5-18)11(6-10)7-15/h1-4,6,8,18H,5,7H2,(H,16,17)/b2-1+",C13H12N2OFCl,266.062218904,3.2051000000000007,4.12,5.46,5.09,-120.0,2.9960416703358064,1,DRUGLIKE_CONCAT,HsDHODH_Druglike,2,2,48.910000000000004,4,13,1,2,0.7222222222222222,0.05555555555555555,0.1111111111111111,0.15384615384615385,0.0,18,2,0,2,1,0,1,0,0
CCC1=C(CO)OC(C(=O)C2=NNC(=O)N2)=CC1,23/000000284,"InChI=1S/C11H13N3O4/c1-2-6-3-4-7(18-8(6)5-15)9(16)10-12-11(17)14-13-10/h4,15H,2-3,5H2,1H3,(H2,12,13,14,17)",C11H13N3O4,251.090605896,0.24129999999999996,4.12,4.15,3.58,-20.0,3.9520948106072993,1,DRUGLIKE_CONCAT,HsDHODH_Druglike,5,3,108.07,4,11,4,3,0.6111111111111112,0.2222222222222222,0.16666666666666666,0.36363636363636365,0.0,18,2,1,1,2,1,1,0,0
O=C(O)[C@@H](C1=CN2C=NN=C2C=N1)C1=NC(O)=NC=C1,29/000000001,"InChI=1S/C11H8N6O3/c18-10(19)9(6-1-2-12-11(20)15-6)7-4-17-5-14-16-8(17)3-13-7/h1-5,9H,(H,18,19)(H,12,15,20)/t9-/m1/s1",C11H8N6O3,272.065788116,-0.16360000000000036,4.12,4.05,3.58,-190.0,3.944286882505129,1,DRUGLIKE_CONCAT,HsDHODH_Druglike,8,2,126.39,3,11,3,6,0.55,0.15,0.3,0.09090909090909091,0.09090909090909091,20,3,0,3,3,0,3,0,0
NCC[C@H](/C=C/C1=CN=C(C(=O)O)C(Br)=C1)C1=NC=NC=N1,13/000000014,"InChI=1S/C14H14BrN5O2/c15-11-5-9(6-18-12(11)14(21)22)1-2-10(3-4-16)13-19-7-17-8-20-13/h1-2,5-8,10H,3-4,16H2,(H,21,22)/b2-1+/t10-/m0/s1",C14H14N5O2Br,363.0330867880001,1.8731,4.12,7.76,5.21,-150.0,3.792472085674353,1,DRUGLIKE_CONCAT,HsDHODH_Druglike,6,2,114.88,6,14,2,5,0.6363636363636364,0.09090909090909091,0.22727272727272727,0.21428571428571427,0.07142857142857142,22,2,0,2,2,0,2,0,0
CCCC1=CN=C([C@@H](CO)C2=CN=C(C#CC(=O)O)C=C2)O1,26/000000007,"InChI=1S/C16H16N2O4/c1-2-3-13-9-18-16(22-13)14(10-19)11-4-5-12(17-8-11)6-7-15(20)21/h4-5,8-9,14,19H,2-3,10H2,1H3,(H,20,21)/t14-/m0/s1",C16H16N2O4,300.111006992,1.5824,4.12,2.34,22.6,-190.0,3.6766356092475543,1,DRUGLIKE_CONCAT,HsDHODH_Druglike,5,2,96.45,5,16,4,2,0.7272727272727273,0.18181818181818182,0.09090909090909091,0.3125,0.0625,22,2,0,2,2,0,2,0,0
O=C(O)CCCC1=CC=C(C(=O)C2=CC=C(/C=C/CCl)N2)O1,23/000000265,"InChI=1S/C16H16ClNO4/c17-10-2-3-11-6-8-13(18-11)16(21)14-9-7-12(22-14)4-1-5-15(19)20/h2-3,6-9,18H,1,4-5,10H2,(H,19,20)/b3-2+",C16H16NO4Cl,321.076785672,3.498000000000002,4.12,2.6,6.45,-60.0,3.0065206276582215,1,DRUGLIKE_CONCAT,HsDHODH_Druglike,3,2,83.3,8,16,4,1,0.7272727272727273,0.18181818181818182,0.045454545454545456,0.25,0.0,22,2,0,2,2,0,2,0,0
O=C(O)CC1=C([C@H](CF)CCCO)ON=C1O,3/000000011,"InChI=1S/C10H14FNO5/c11-5-6(2-1-3-13)9-7(4-8(14)15)10(16)12-17-9/h6,13H,1-5H2,(H,12,16)(H,14,15)/t6-/m0/s1",C10H14NO5F,247.085600768,0.8329,4.12,1.86,19.7,-190.0,3.8230442346997138,1,DRUGLIKE_CONCAT,HsDHODH_Druglike,5,3,103.79,7,10,5,1,0.5882352941176471,0.29411764705882354,0.058823529411764705,0.6,0.1,17,1,0,1,1,0,1,0,0
C=C[C@@H](C)CC(=O)C1=C(CC(=O)O)C(O)=NO1,3/000000147,"InChI=1S/C11H13NO5/c1-3-6(2)4-8(13)10-7(5-9(14)15)11(16)12-17-10/h3,6H,1,4-5H2,2H3,(H,12,16)(H,14,15)/t6-/m1/s1",C11H13NO5,239.079372516,1.4022,4.12,1.77,2.35,-190.0,3.81715426814453,1,DRUGLIKE_CONCAT,HsDHODH_Druglike,5,2,100.63000000000001,6,11,5,1,0.6470588235294118,0.29411764705882354,0.058823529411764705,0.36363636363636365,0.09090909090909091,17,1,0,1,1,0,1,0,0
CC#CC1=CC=C(NC(=O)[C@H](O)C2=NC=NN2)C=C1Cl,21/000000184,"InChI=1S/C13H11ClN4O2/c1-2-3-8-4-5-9(6-10(8)14)17-13(20)11(19)12-15-7-16-18-12/h4-7,11,19H,1H3,(H,17,20)(H,15,16,18)/t11-/m1/s1",C13H11N4O2Cl,290.057053272,1.5015999999999996,4.12,6.11,2.35,-170.0,3.3242400201569495,1,DRUGLIKE_CONCAT,HsDHODH_Druglike,4,3,90.9,3,13,2,4,0.65,0.1,0.2,0.15384615384615385,0.07692307692307693,20,2,0,2,1,0,1,0,0
OCC1=CC=C(CCC2=CC=CC([C@H](O)CF)=C2)C=C1Cl,21/000000113,"InChI=1S/C17H18ClFO2/c18-16-9-13(6-7-15(16)11-20)5-4-12-2-1-3-14(8-12)17(21)10-19/h1-3,6-9,17,20-21H,4-5,10-11H2/t17-/m1/s1",C17H18O2FCl,308.097935716,3.6204000000000027,4.12,3.13,3.84,-190.0,2.7379054918730397,1,DRUGLIKE_CONCAT,HsDHODH_Druglike,2,2,40.46,6,17,2,0,0.8095238095238095,0.09523809523809523,0.0,0.29411764705882354,0.058823529411764705,21,2,0,2,0,0,0,0,0
OC1=CC2=C(C=C1C#CCCC[C@H](Cl)NCF)NCO2,21/000000261,"InChI=1S/C14H16ClFN2O2/c15-14(17-8-16)5-3-1-2-4-10-6-11-13(7-12(10)19)20-9-18-11/h6-7,14,17-19H,1,3,5,8-9H2/p+1/t14-/m1/s1",C14H17N2O2FCl,298.088433652,2.7573,4.12,2.34,20.0,-190.0,4.6237273683350875,1,DRUGLIKE_CONCAT,HsDHODH_Druglike,4,3,53.519999999999996,5,14,2,2,0.7,0.1,0.1,0.42857142857142855,0.07142857142857142,20,2,1,1,1,1,0,0,0
O=C(O)C1=CN=C(O)N=C1CC1CCCC1,29/000000179,"InChI=1S/C11H14N2O3/c14-10(15)8-6-12-11(16)13-9(8)5-7-3-1-2-4-7/h6-7H,1-5H2,(H,14,15)(H,12,13,16)",C11H14N2O3,222.100442308,1.6131,4.11,3.88,3.85,-150.0,2.753274629194486,1,DRUGLIKE_CONCAT,HsDHODH_Druglike,4,2,83.31,3,11,3,2,0.6875,0.1875,0.125,0.5454545454545454,0.0,16,2,1,1,1,0,1,0,0
OC1=CC(C2=NNN=C2)=CC=C1CF,28/000000353,"InChI=1S/C9H8FN3O/c10-4-7-2-1-6(3-9(7)14)8-5-11-13-12-8/h1-3,5,14H,4H2,(H,11,12,13)",C9H8N3OF,193.065140096,1.6467999999999998,4.11,3.37,15.9,-120.0,2.76348827799983,1,DRUGLIKE_CONCAT,HsDHODH_Druglike,3,2,61.800000000000004,2,9,1,3,0.6428571428571429,0.07142857142857142,0.21428571428571427,0.1111111111111111,0.0,14,2,0,2,1,0,1,0,0
C/C=C/C(=O)CC(=O)C1=C(CC(=O)O)C(O)=NO1,3/000000006,"InChI=1S/C11H11NO6/c1-2-3-6(13)4-8(14)10-7(5-9(15)16)11(17)12-18-10/h2-3H,4-5H2,1H3,(H,12,17)(H,15,16)/b3-2+",C11H11NO6,253.058637072,0.7253000000000001,4.11,-0.38,2.35,-140.0,3.3301500413765304,1,DRUGLIKE_CONCAT,HsDHODH_Druglike,6,2,117.7,6,11,6,1,0.6111111111111112,0.3333333333333333,0.05555555555555555,0.2727272727272727,0.0,18,1,0,1,1,0,1,0,0
C=C(CCCCN)C1=C(CC(=O)O)C(O)=NO1,3/000000232,"InChI=1S/C11H16N2O4/c1-7(4-2-3-5-12)10-8(6-9(14)15)11(16)13-17-10/h1-6,12H2,(H,13,16)(H,14,15)/p+1",C11H17N2O4,240.111006992,1.1495,4.11,1.91,18.8,-40.0,3.951621431338884,1,DRUGLIKE_CONCAT,HsDHODH_Druglike,5,3,109.58000000000001,7,11,4,2,0.6470588235294118,0.23529411764705882,0.11764705882352941,0.45454545454545453,0.0,17,1,0,1,1,0,1,0,0
C[C@H](Cl)C1=NC(O)=NC=C1C(=O)O,29/000000113,"InChI=1S/C7H7ClN2O3/c1-3(8)5-4(6(11)12)2-9-7(13)10-5/h2-3H,1H3,(H,11,12)(H,9,10,13)/t3-/m0/s1",C7H7N2O3Cl,202.014519764,1.1802,4.11,4.93,11.7,-170.0,3.600475400113705,1,DRUGLIKE_CONCAT,HsDHODH_Druglike,4,2,83.31,2,7,3,2,0.5384615384615384,0.23076923076923078,0.15384615384615385,0.2857142857142857,0.14285714285714285,13,1,0,1,1,0,1,0,0
O=C(O)C1=CN=C(O)N=C1CCCBr,29/000000224,"InChI=1S/C8H9BrN2O3/c9-3-1-2-6-5(7(12)13)4-10-8(14)11-6/h4H,1-3H2,(H,12,13)(H,10,11,14)",C8H9N2O3Br,259.97965424800003,1.2079,4.11,5.31,3.85,0.0,3.029669654518049,1,DRUGLIKE_CONCAT,HsDHODH_Druglike,4,2,83.31,4,8,3,2,0.5714285714285714,0.21428571428571427,0.14285714285714285,0.375,0.0,14,1,0,1,1,0,1,0,0
OCC1=NC=C(/C=C/C2=CC(N3C=NN=N3)=CC(O)=C2)C=C1,28/000000034,"InChI=1S/C15H13N5O2/c21-9-13-4-3-11(8-16-13)1-2-12-5-14(7-15(22)6-12)20-10-17-18-19-20/h1-8,10,21-22H,9H2/b2-1+",C15H13N5O2,295.10692465600005,1.4256,4.11,3.29,20.5,-120.0,2.7379820110329103,1,DRUGLIKE_CONCAT,HsDHODH_Druglike,7,2,96.95,4,15,2,5,0.6818181818181818,0.09090909090909091,0.22727272727272727,0.06666666666666667,0.0,22,3,0,3,2,0,2,0,0
NCCN1C=NN=C1C#CC1=NN=C(CO)N1CCl,18/000000069,"InChI=1S/C10H12ClN7O/c11-6-18-9(15-16-10(18)5-19)2-1-8-14-13-7-17(8)4-3-12/h7,19H,3-6,12H2/p+1",C10H13N7OCl,281.079185684,-1.0833000000000002,4.11,7.75,24.7,0.0,4.338715610191184,1,DRUGLIKE_CONCAT,HsDHODH_Druglike,8,2,107.67000000000002,4,10,1,7,0.5263157894736842,0.05263157894736842,0.3684210526315789,0.4,0.0,19,2,0,2,2,0,2,0,0
O=C(CC1=CC=CC(Cl)=C1O)C1=CN=NN1,21/000000108,"InChI=1S/C10H8ClN3O2/c11-7-3-1-2-6(10(7)16)4-9(15)8-5-12-14-13-8/h1-3,5,16H,4H2,(H,12,13,14)",C10H8N3O2Cl,237.030504176,1.5890999999999995,4.11,4.88,3.58,0.0,3.049779244579101,1,DRUGLIKE_CONCAT,HsDHODH_Druglike,4,2,78.87,3,10,2,3,0.625,0.125,0.1875,0.1,0.0,16,2,0,2,1,0,1,0,0
CCCNCC(=O)/C=C/C(=O)C1=NN=C(C2=CN=NN2)N1,23/000000576,"InChI=1S/C12H15N7O2/c1-2-5-13-6-8(20)3-4-10(21)12-15-11(17-18-12)9-7-14-19-16-9/h3-4,7,13H,2,5-6H2,1H3,(H,14,16,19)(H,15,17,18)/b4-3+",C12H15N7O2,289.12872272000004,-0.10260000000000036,4.11,2.79,3.58,-160.0,3.8892228512013993,1,DRUGLIKE_CONCAT,HsDHODH_Druglike,7,3,129.31,8,12,2,7,0.5714285714285714,0.09523809523809523,0.3333333333333333,0.3333333333333333,0.0,21,2,0,2,2,0,2,0,0
CCCC#C[C@@H](O)C1=CC(CCO)=CC=C1,17/000000013,"InChI=1S/C14H18O2/c1-2-3-4-8-14(16)13-7-5-6-12(11-13)9-10-15/h5-7,11,14-16H,2-3,9-10H2,1H3/t14-/m1/s1",C14H18O2,218.130679816,2.0583,4.11,6.97,3.58,-170.0,3.0116330847292296,1,DRUGLIKE_CONCAT,HsDHODH_Druglike,2,2,40.46,4,14,2,0,0.875,0.125,0.0,0.42857142857142855,0.07142857142857142,16,1,0,1,0,0,0,0,0
CC(C)=CC1=C(C2=C(CO)C=NN2)NN=N1,23/000000065,"InChI=1S/C10H13N5O/c1-6(2)3-8-10(14-15-12-8)9-7(5-16)4-11-13-9/h3-4,16H,5H2,1-2H3,(H,11,13)(H,12,14,15)",C10H13N5O,219.112010036,1.1102999999999996,4.11,3.44,21.4,-160.0,3.5923361676560237,1,DRUGLIKE_CONCAT,HsDHODH_Druglike,4,3,90.48,3,10,1,5,0.625,0.0625,0.3125,0.3,0.0,16,2,0,2,2,0,2,0,0
O=C(/C=C/C(=O)C1=NN=C(CO)N1)CCF,23/000000584,"InChI=1S/C9H10FN3O3/c10-4-3-6(15)1-2-7(16)9-11-8(5-14)12-13-9/h1-2,14H,3-5H2,(H,11,12,13)/b2-1+",C9H10N3O3F,227.0706194,-0.03540000000000032,4.11,2.16,3.58,0.0,3.6897837900336463,1,DRUGLIKE_CONCAT,HsDHODH_Druglike,5,2,95.94,6,9,3,3,0.5625,0.1875,0.1875,0.3333333333333333,0.0,16,1,0,1,1,0,1,0,0
CC1=C(CC(=O)O)C=C(/C=C/[C@@]2(O)CC=C(CO)OC2)N1,25/000000001,"InChI=1S/C15H19NO5/c1-10-11(7-14(18)19)6-12(16-10)2-4-15(20)5-3-13(8-17)21-9-15/h2-4,6,16-17,20H,5,7-9H2,1H3,(H,18,19)/b4-2+/t15-/m1/s1",C15H19NO5,293.1263227080001,0.99102,4.11,3.75,5.21,-170.0,4.344861014958955,1,DRUGLIKE_CONCAT,HsDHODH_Druglike,4,4,102.78,5,15,5,1,0.7142857142857143,0.23809523809523808,0.047619047619047616,0.4,0.06666666666666667,21,2,1,1,2,1,1,0,0
OC1=CC2=C(C=C1C#C[C@@H](Cl)CCNCCl)NCO2,21/000000265,"InChI=1S/C13H14Cl2N2O2/c14-7-16-4-3-10(15)2-1-9-5-11-13(6-12(9)18)19-8-17-11/h5-6,10,16-18H,3-4,7-8H2/p+1/t10-/m1/s1",C13H15N2O2Cl2,300.043233048,2.2889,4.11,1.09,18.4,-190.0,4.932095604187465,1,DRUGLIKE_CONCAT,HsDHODH_Druglike,4,3,53.519999999999996,4,13,2,2,0.6842105263157895,0.10526315789473684,0.10526315789473684,0.38461538461538464,0.07692307692307693,19,2,1,1,1,1,0,0,0
CC1=C(C2=NN=C(CO)O2)N=C(C/C=C/C(=O)O)C=C1,21/000000204,"InChI=1S/C13H13N3O4/c1-8-5-6-9(3-2-4-11(18)19)14-12(8)13-16-15-10(7-17)20-13/h2,4-6,17H,3,7H2,1H3,(H,18,19)/b4-2+",C13H13N3O4,275.09060589600006,1.11562,4.11,5.19,21.0,-140.0,2.948767443743085,1,DRUGLIKE_CONCAT,HsDHODH_Druglike,6,2,109.34000000000002,5,13,4,3,0.65,0.2,0.15,0.23076923076923078,0.0,20,2,0,2,2,0,2,0,0
O=C(O)C1=C(CO)C(=O)C=C[C@@H]1NCCCBr,17/000000025,"InChI=1S/C11H14BrNO4/c12-4-1-5-13-8-2-3-9(15)7(6-14)10(8)11(16)17/h2-3,8,13-14H,1,4-6H2,(H,16,17)/p+1/t8-/m0/s1",C11H15NO4Br,303.010620028,0.24200000000000027,4.1,4.47,18.5,-150.0,4.651104435368611,1,DRUGLIKE_CONCAT,HsDHODH_Druglike,4,3,86.63,6,11,4,1,0.6470588235294118,0.23529411764705882,0.058823529411764705,0.45454545454545453,0.09090909090909091,17,1,1,0,0,0,0,0,0
O=C(O)CC1=C(C(=O)CBr)ON=C1O,3/000000038,"InChI=1S/C7H6BrNO5/c8-2-4(10)6-3(1-5(11)12)7(13)9-14-6/h1-2H2,(H,9,13)(H,11,12)",C7H6NO5Br,262.942934392,0.5849,4.1,1.76,2.35,-20.0,3.266303870515422,1,DRUGLIKE_CONCAT,HsDHODH_Druglike,5,2,100.63,4,7,5,1,0.5,0.35714285714285715,0.07142857142857142,0.2857142857142857,0.0,14,1,0,1,1,0,1,0,0
OC1=CC2=C(C=C1[C@H](O)CNCCC1=NON=C1)NCO2,21/000000254,"InChI=1S/C13H16N4O4/c18-11-4-13-10(15-7-20-13)3-9(11)12(19)6-14-2-1-8-5-16-21-17-8/h3-5,12,14-15,18-19H,1-2,6-7H2/t12-/m1/s1",C13H16N4O4,292.11715499199994,0.40269999999999967,4.1,2.88,5.08,-190.0,3.9573756951346297,1,DRUGLIKE_CONCAT,HsDHODH_Druglike,8,4,112.67,6,13,4,4,0.6190476190476191,0.19047619047619047,0.19047619047619047,0.38461538461538464,0.07692307692307693,21,3,1,2,2,1,1,0,0
CC(=O)/C=C\CC(=O)C1=C(CC(=O)O)C(O)=NO1,3/000000181,"InChI=1S/C11H11NO6/c1-6(13)3-2-4-8(14)10-7(5-9(15)16)11(17)12-18-10/h2-3H,4-5H2,1H3,(H,12,17)(H,15,16)/b3-2-",C11H11NO6,253.058637072,0.7252999999999998,4.1,0.25,2.35,-120.0,3.3332625413765307,1,DRUGLIKE_CONCAT,HsDHODH_Druglike,6,2,117.7,6,11,6,1,0.6111111111111112,0.3333333333333333,0.05555555555555555,0.2727272727272727,0.0,18,1,0,1,1,0,1,0,0
COC1=NC=CC([C@@H](C(=O)O)C2=NNC(CCl)=C2)=N1,29/000000021,"InChI=1S/C11H11ClN4O3/c1-19-11-13-3-2-7(14-11)9(10(17)18)8-4-6(5-12)15-16-8/h2-4,9H,5H2,1H3,(H,15,16)(H,17,18)/t9-/m1/s1",C11H11N4O3Cl,282.05196789200005,1.1635999999999997,4.1,5.59,3.58,-170.0,3.6903517241681136,1,DRUGLIKE_CONCAT,HsDHODH_Druglike,5,2,100.99,5,11,3,4,0.5789473684210527,0.15789473684210525,0.21052631578947367,0.2727272727272727,0.09090909090909091,19,2,0,2,2,0,2,0,0
OC/C=C/C1=CC=C([C@@H](Br)CO)C=C1,17/000000019,"InChI=1S/C11H13BrO2/c12-11(8-14)10-5-3-9(4-6-10)2-1-7-13/h1-6,11,13-14H,7-8H2/b2-1+/t11-/m0/s1",C11H13O2Br,256.009891756,2.1204,4.1,4.92,5.09,-150.0,2.960462946552326,1,DRUGLIKE_CONCAT,HsDHODH_Druglike,2,2,40.46,4,11,2,0,0.7857142857142857,0.14285714285714285,0.0,0.2727272727272727,0.09090909090909091,14,1,0,1,0,0,0,0,0
CCC1=NC=C(C(=O)[C@@H](O)C#CC2=NON=C2C(N)=O)C=C1,18/000000083,"InChI=1S/C14H12N4O4/c1-2-9-4-3-8(7-16-9)13(20)11(19)6-5-10-12(14(15)21)18-22-17-10/h3-4,7,11,19H,2H2,1H3,(H2,15,21)/t11-/m0/s1",C14H12N4O4,300.085854864,-0.2788000000000004,4.1,6.27,3.58,-170.0,3.7499298328980455,1,DRUGLIKE_CONCAT,HsDHODH_Druglike,7,2,132.2,4,14,4,4,0.6363636363636364,0.18181818181818182,0.18181818181818182,0.21428571428571427,0.07142857142857142,22,2,0,2,2,0,2,0,0
CCC#CC1=C(I)N=C([C@@H](O)CCC2=NNN=C2)C=C1,26/000000124,"InChI=1S/C14H15IN4O/c1-2-3-4-10-5-7-12(17-14(10)15)13(20)8-6-11-9-16-19-18-11/h5,7,9,13,20H,2,6,8H2,1H3,(H,16,18,19)/t13-/m0/s1",C14H15N4OI,382.0290591000001,2.232,4.1,3.92,21.9,-170.0,3.955997813679218,1,DRUGLIKE_CONCAT,HsDHODH_Druglike,4,2,74.69,4,14,1,4,0.7,0.05,0.2,0.35714285714285715,0.07142857142857142,20,2,0,2,2,0,2,0,0
OCC[C@H](C#CCC1=NNC2=C1C=CC=C2)C1=NC=NC=C1,22/000000009,"InChI=1S/C17H16N4O/c22-11-9-13(15-8-10-18-12-19-15)4-3-7-17-14-5-1-2-6-16(14)20-21-17/h1-2,5-6,8,10,12-13,22H,7,9,11H2,(H,20,21)/t13-/m0/s1",C17H16N4O,292.132411132,2.0649999999999995,4.1,6.71,19.4,-190.0,3.670226901478896,1,DRUGLIKE_CONCAT,HsDHODH_Druglike,4,2,74.69,4,17,1,4,0.7727272727272727,0.045454545454545456,0.18181818181818182,0.23529411764705882,0.058823529411764705,22,3,0,3,2,0,2,0,0
CCCC1=CC(O)=CC(/C=C/C2=NC(=O)ON2)=C1,28/000000010,"InChI=1S/C13H14N2O3/c1-2-3-9-6-10(8-11(16)7-9)4-5-12-14-13(17)18-15-12/h4-8,16H,2-3H2,1H3,(H,14,15,17)/b5-4+",C13H14N2O3,246.100442308,2.1914000000000007,4.1,1.27,3.58,-80.0,2.927332168073363,1,DRUGLIKE_CONCAT,HsDHODH_Druglike,4,2,79.12,4,13,3,2,0.7222222222222222,0.16666666666666666,0.1111111111111111,0.23076923076923078,0.0,18,2,0,2,1,0,1,0,0
CCC[C@H](CCCl)C1=CC=C(C(=O)C2=NC(=O)ON2)N1,23/000000047,"InChI=1S/C13H16ClN3O3/c1-2-3-8(6-7-14)9-4-5-10(15-9)11(18)12-16-13(19)20-17-12/h4-5,8,15H,2-3,6-7H2,1H3,(H,16,17,19)/t8-/m1/s1",C13H16N3O3Cl,297.08801905200005,2.4345999999999997,4.1,5.43,5.09,-170.0,3.948563097080027,1,DRUGLIKE_CONCAT,HsDHODH_Druglike,4,2,91.75,7,13,3,3,0.65,0.15,0.15,0.46153846153846156,0.07692307692307693,20,2,0,2,2,0,2,0,0
O=C(O)C1=CO[C@H](/C=C/CO)CO1,6/000000001,"InChI=1S/C8H10O5/c9-3-1-2-6-4-13-7(5-12-6)8(10)11/h1-2,5-6,9H,3-4H2,(H,10,11)/b2-1+/t6-/m1/s1",C8H10O5,186.05282342,-0.12369999999999987,4.1,0.55,2.35,-190.0,4.180792820928184,1,DRUGLIKE_CONCAT,HsDHODH_Druglike,4,2,75.99000000000001,3,8,5,0,0.6153846153846154,0.38461538461538464,0.0,0.375,0.125,13,1,1,0,1,1,0,0,0
NCC1=NC=C(COC(=O)C/C=C\CC2=CC(Br)=CN=C2)N1,13/000000002,"InChI=1S/C15H17BrN4O2/c16-12-5-11(7-18-8-12)3-1-2-4-15(21)22-10-13-9-19-14(6-17)20-13/h1-2,5,7-9H,3-4,6,10,17H2,(H,19,20)/b2-1-",C15H17N4O2Br,364.0534878840001,2.2580999999999998,4.1,2.03,4.94,-40.0,3.118275005538406,1,DRUGLIKE_CONCAT,HsDHODH_Druglike,5,2,93.89000000000001,7,15,2,4,0.6818181818181818,0.09090909090909091,0.18181818181818182,0.26666666666666666,0.0,22,2,0,2,2,0,2,0,0
NC[C@@H](/C=C/C1=CC=CC=C1N)NCCO,27/000000012,"InChI=1S/C12H19N3O/c13-9-11(15-7-8-16)6-5-10-3-1-2-4-12(10)14/h1-6,11,15-16H,7-9,13-14H2/b6-5+/t11-/m1/s1",C12H19N3O,221.152812228,0.19120000000000026,4.1,5.59,2.22,-150.0,3.2861653924215357,1,DRUGLIKE_CONCAT,HsDHODH_Druglike,4,4,84.3,6,12,1,3,0.75,0.0625,0.1875,0.3333333333333333,0.08333333333333333,16,1,0,1,0,0,0,0,0
CCCCOC(=O)C#CC1=CC2=C(OCN2)C(CO)=C1,21/000000035,"InChI=1S/C15H17NO4/c1-2-3-6-19-14(18)5-4-11-7-12(9-17)15-13(8-11)16-10-20-15/h7-8,16-17H,2-3,6,9-10H2,1H3",C15H17NO4,275.115758024,1.6354999999999997,4.1,3.14,18.2,-80.0,3.262312556525041,1,DRUGLIKE_CONCAT,HsDHODH_Druglike,5,2,67.79,4,15,4,1,0.75,0.2,0.05,0.4,0.0,20,2,1,1,1,1,0,0,0
CN(CCF)C(=O)C/C=C\CC1=CC(CO)=C2OCNC2=C1,21/000000116,"InChI=1S/C16H21FN2O3/c1-19(7-6-17)15(21)5-3-2-4-12-8-13(10-20)16-14(9-12)18-11-22-16/h2-3,8-9,18,20H,4-7,10-11H2,1H3/b3-2-",C16H21N2O3F,308.15362075200005,1.8574,4.1,5.63,19.9,-60.0,3.5614320420502805,1,DRUGLIKE_CONCAT,HsDHODH_Druglike,4,2,61.80000000000001,7,16,3,2,0.7272727272727273,0.13636363636363635,0.09090909090909091,0.4375,0.0,22,2,1,1,1,1,0,0,0
CC(=O)CC(=O)/C=C/C(=O)C1=NN=C(C2=CC=C(CN)O2)N1,23/000000090,"InChI=1S/C14H14N4O4/c1-8(19)6-9(20)2-4-11(21)13-16-14(18-17-13)12-5-3-10(7-15)22-12/h2-5H,6-7,15H2,1H3,(H,16,17,18)/p+1/b4-2+",C14H15N4O4,302.101504928,0.8105,4.1,3.68,3.58,-160.0,3.854860305484361,1,DRUGLIKE_CONCAT,HsDHODH_Druglike,7,2,131.94,7,14,4,4,0.6363636363636364,0.18181818181818182,0.18181818181818182,0.21428571428571427,0.0,22,2,0,2,2,0,2,0,0
NCC1=CN=C(C2=CC(CO)=CC=C2)C=C1,21/000000167,"InChI=1S/C13H14N2O/c14-7-11-4-5-13(15-8-11)12-3-1-2-10(6-12)9-16/h1-6,8,16H,7,9,14H2",C13H14N2O,214.110613068,1.6996,4.1,4.93,1.0,-160.0,1.9263558332078643,1,DRUGLIKE_CONCAT,HsDHODH_Druglike,3,2,59.14,3,13,1,2,0.8125,0.0625,0.125,0.15384615384615385,0.0,16,2,0,2,1,0,1,0,0
NCC1=C[C@@H](/C=C/C2=CC(Br)=CN=C2CO)NC(CO)=C1,13/000000110,"InChI=1S/C15H18BrN3O2/c16-12-5-11(15(9-21)18-7-12)1-2-13-3-10(6-17)4-14(8-20)19-13/h1-5,7,13,19-21H,6,8-9,17H2/p+1/b2-1+/t13-/m1/s1",C15H19N3O2Br,351.058238916,1.0827,4.1,5.87,3.84,-150.0,4.774454122903028,1,DRUGLIKE_CONCAT,HsDHODH_Druglike,5,4,91.4,5,15,2,3,0.7142857142857143,0.09523809523809523,0.14285714285714285,0.26666666666666666,0.06666666666666667,21,2,1,1,2,1,1,0,0
NC(=O)C1=NON=C1C#C[C@H](O)C(=O)C1=CN=C(CCl)C=C1,18/000000065,"InChI=1S/C13H9ClN4O4/c14-5-8-2-1-7(6-16-8)12(20)10(19)4-3-9-11(13(15)21)18-22-17-9/h1-2,6,10,19H,5H2,(H2,15,21)/t10-/m0/s1",C13H9N4O4Cl,320.031232448,-0.10240000000000093,4.09,6.13,3.58,-150.0,3.861218861901828,1,DRUGLIKE_CONCAT,HsDHODH_Druglike,7,2,132.2,4,13,4,4,0.5909090909090909,0.18181818181818182,0.18181818181818182,0.15384615384615385,0.07692307692307693,22,2,0,2,2,0,2,0,0
C#CC1=C(I)N=C([C@@H](O)CCC2=NNN=C2)C=C1,26/000000032,"InChI=1S/C12H11IN4O/c1-2-8-3-5-10(15-12(8)13)11(18)6-4-9-7-14-17-16-9/h1,3,5,7,11,18H,4,6H2,(H,14,16,17)/t11-/m0/s1",C12H11N4OI,353.9977589720001,1.4518,4.09,2.6,3.58,-150.0,3.963554696006295,1,DRUGLIKE_CONCAT,HsDHODH_Druglike,4,2,74.69,4,12,1,4,0.6666666666666666,0.05555555555555555,0.2222222222222222,0.25,0.08333333333333333,18,2,0,2,2,0,2,0,0
OC1=CC=C(I)C(/C=C/C[C@H](O)CBr)=C1,28/000000275,"InChI=1S/C11H12BrIO2/c12-7-10(15)3-1-2-8-6-9(14)4-5-11(8)13/h1-2,4-6,10,14-15H,3,7H2/b2-1+/t10-/m0/s1",C11H12O2BrI,381.906539724,3.1559000000000017,4.09,5.35,3.58,-150.0,3.5006770902861275,1,DRUGLIKE_CONCAT,HsDHODH_Druglike,2,2,40.46,4,11,2,0,0.7333333333333333,0.13333333333333333,0.0,0.2727272727272727,0.09090909090909091,15,1,0,1,0,0,0,0,0
CCC/C=C(/CO)COCCC1=CC(O)=CC(CO)=C1,28/000000059,"InChI=1S/C16H24O4/c1-2-3-4-14(10-17)12-20-6-5-13-7-15(11-18)9-16(19)8-13/h4,7-9,17-19H,2-3,5-6,10-12H2,1H3/b14-4-",C16H24O4,280.167459248,2.1624,4.09,4.59,3.58,-20.0,2.845687773413415,1,DRUGLIKE_CONCAT,HsDHODH_Druglike,4,3,69.92,9,16,4,0,0.8,0.2,0.0,0.5,0.0,20,1,0,1,0,0,0,0,0
C=C[C@](C)(O)C1=C(CC(=O)O)C(O)=NO1,3/000000203,"InChI=1S/C9H11NO5/c1-3-9(2,14)7-5(4-6(11)12)8(13)10-15-7/h3,14H,1,4H2,2H3,(H,10,13)(H,11,12)/t9-/m0/s1",C9H11NO5,213.063722452,0.4007999999999999,4.09,1.77,2.35,-190.0,3.957501278480672,1,DRUGLIKE_CONCAT,HsDHODH_Druglike,5,3,103.79,4,9,5,1,0.6,0.3333333333333333,0.06666666666666667,0.3333333333333333,0.1111111111111111,15,1,0,1,1,0,1,0,0
OCC#CC1=C(I)N=C([C@@H](O)CCC2=NON=C2)C=C1,26/000000047,"InChI=1S/C13H12IN3O3/c14-13-9(2-1-7-18)3-5-11(16-13)12(19)6-4-10-8-15-20-17-10/h3,5,8,12,18-19H,4,6-7H2/t12-/m0/s1",C13H12N3O3I,384.992339244,1.0792,4.09,4.45,5.09,-150.0,4.169243157808772,1,DRUGLIKE_CONCAT,HsDHODH_Druglike,6,2,92.27000000000001,4,13,3,3,0.65,0.15,0.15,0.3076923076923077,0.07692307692307693,20,2,0,2,2,0,2,0,0
C=C(CC(=O)C1=C(F)C(O)=CC=C1)[C@@H](CN)C1=CCC=CO1,12/000000021,"InChI=1S/C17H18FNO3/c1-11(13(10-19)16-7-2-3-8-22-16)9-15(21)12-5-4-6-14(20)17(12)18/h3-8,13,20H,1-2,9-10,19H2/t13-/m1/s1",C17H18NO3F,303.127071656,3.0531000000000006,4.09,7.51,3.72,-150.0,4.022712682834994,1,DRUGLIKE_CONCAT,HsDHODH_Druglike,4,2,72.55,6,17,3,1,0.7727272727272727,0.13636363636363635,0.045454545454545456,0.23529411764705882,0.058823529411764705,22,2,1,1,1,1,0,0,0
CCNCC1=NN=C(C#CC2=NN=C(CO)N2CC)N1,18/000000099,"InChI=1S/C12H17N7O/c1-3-13-7-10-14-9(15-16-10)5-6-11-17-18-12(8-20)19(11)4-2/h13,20H,3-4,7-8H2,1-2H3,(H,14,15,16)",C12H17N7O,275.149458164,-0.5823000000000003,4.09,5.78,24.2,-80.0,3.685244540330709,1,DRUGLIKE_CONCAT,HsDHODH_Druglike,7,3,104.53999999999999,5,12,1,7,0.6,0.05,0.35,0.5,0.0,20,2,0,2,2,0,2,0,0
O=C(O)C1=NC([C@@H](O)F)=CC(Cl)=C1,21/000000168,"InChI=1S/C7H5ClFNO3/c8-3-1-4(6(9)11)10-5(2-3)7(12)13/h1-2,6,11H,(H,12,13)/t6-/m1/s1",C7H5NO3FCl,204.99419892,1.3936,4.09,3.5,13.2,-150.0,3.2864975720594067,1,DRUGLIKE_CONCAT,HsDHODH_Druglike,3,2,70.42,2,7,3,1,0.5384615384615384,0.23076923076923078,0.07692307692307693,0.14285714285714285,0.14285714285714285,13,1,0,1,1,0,1,0,0
NC1=NC=NC2=C1N=CN2C/C=C1\NC[C@@H](C(=O)O)N1,13/000000153,"InChI=1S/C11H13N7O2/c12-9-8-10(15-4-14-9)18(5-16-8)2-1-7-13-3-6(17-7)11(19)20/h1,4-6,13,17H,2-3H2,(H,19,20)(H2,12,14,15)/b7-1+/t6-/m0/s1",C11H13N7O2,275.11307265600004,-1.1040999999999996,4.09,5.47,3.58,-190.0,3.85283425092618,1,DRUGLIKE_CONCAT,HsDHODH_Druglike,8,4,130.98,3,11,2,7,0.55,0.1,0.35,0.2727272727272727,0.09090909090909091,20,3,1,2,3,1,2,0,0
CC[C@H](O)C1=C(CC(=O)O)C(O)=NO1,3/000000093,"InChI=1S/C8H11NO5/c1-2-5(10)7-4(3-6(11)12)8(13)9-14-7/h5,10H,2-3H2,1H3,(H,9,13)(H,11,12)/t5-/m0/s1",C8H11NO5,201.063722452,0.45069999999999993,4.09,1.68,2.35,-170.0,3.603244779272619,1,DRUGLIKE_CONCAT,HsDHODH_Druglike,5,3,103.79,4,8,5,1,0.5714285714285714,0.35714285714285715,0.07142857142857142,0.5,0.125,14,1,0,1,1,0,1,0,0
O=C(O)C1=NC=C([C@H](Br)/C=C\CO)C=C1Br,13/000000075,"InChI=1S/C10H9Br2NO3/c11-7(2-1-3-14)6-4-8(12)9(10(15)16)13-5-6/h1-2,4-5,7,14H,3H2,(H,15,16)/b2-1-/t7-/m1/s1",C10H8NO3Br2,348.89491734800004,2.5268000000000006,4.09,4.84,2.48,-150.0,3.757930616035132,1,DRUGLIKE_CONCAT,HsDHODH_Druglike,3,2,70.42,4,10,3,1,0.625,0.1875,0.0625,0.2,0.1,16,1,0,1,1,0,1,0,0
OC[C@@H](CCl)C1=NNC(/C=C/C2=CC(O)=CC=C2I)=C1,28/000000320,"InChI=1S/C14H14ClIN2O2/c15-7-10(8-19)14-6-11(17-18-14)2-1-9-5-12(20)3-4-13(9)16/h1-6,10,19-20H,7-8H2,(H,17,18)/b2-1+/t10-/m1/s1",C14H14N2O2ClI,403.978853368,3.205000000000002,4.09,5.26,5.09,-150.0,3.929311998178928,1,DRUGLIKE_CONCAT,HsDHODH_Druglike,3,3,69.14,5,14,2,2,0.7,0.1,0.1,0.21428571428571427,0.07142857142857142,20,2,0,2,1,0,1,0,0
OC1=CC2=C(C=C1C#CC[C@@H](F)CC1=NNN=C1)NCO2,21/000000141,"InChI=1S/C14H13FN4O2/c15-10(5-11-7-17-19-18-11)3-1-2-9-4-12-14(6-13(9)20)21-8-16-12/h4,6-7,10,16,20H,3,5,8H2,(H,17,18,19)/t10-/m1/s1",C14H13N4O2F,288.102253876,1.5944999999999994,4.09,1.54,24.7,-190.0,4.221060941036269,1,DRUGLIKE_CONCAT,HsDHODH_Druglike,5,3,83.06,3,14,2,4,0.6666666666666666,0.09523809523809523,0.19047619047619047,0.2857142857142857,0.07142857142857142,21,3,1,2,2,1,1,0,0
CC/C=C/CN1C=CC(CO)=C1C1=NN=NN1,7/000000032,"InChI=1S/C11H15N5O/c1-2-3-4-6-16-7-5-9(8-17)10(16)11-12-14-15-13-11/h3-5,7,17H,2,6,8H2,1H3,(H,12,13,14,15)/b4-3+",C11H15N5O,233.12766009999999,1.1266999999999998,4.09,4.2,5.09,-100.0,3.4500995488735224,1,DRUGLIKE_CONCAT,HsDHODH_Druglike,5,2,79.62,5,11,1,5,0.6470588235294118,0.058823529411764705,0.29411764705882354,0.36363636363636365,0.0,17,2,0,2,2,0,2,0,0
CCCCCCN1N=C(C2=NC=C(CCO)C(Br)=C2)NC1=O,7/000000008,"InChI=1S/C15H21BrN4O2/c1-2-3-4-5-7-20-15(22)18-14(19-20)13-9-12(16)11(6-8-21)10-17-13/h9-10,21H,2-8H2,1H3,(H,18,19,22)",C15H21N4O2Br,368.084788012,2.511,4.09,3.6,19.4,-180.0,2.992942463886509,1,DRUGLIKE_CONCAT,HsDHODH_Druglike,5,2,83.79999999999998,8,15,2,4,0.6818181818181818,0.09090909090909091,0.18181818181818182,0.5333333333333333,0.0,22,2,0,2,2,0,2,0,0
C=CC1=CC([C@H](C(=O)O)C2=NC(O)=NC(CC(C)=O)=C2)=NN1,29/000000022,"InChI=1S/C14H14N4O4/c1-3-8-5-11(18-17-8)12(13(20)21)10-6-9(4-7(2)19)15-14(22)16-10/h3,5-6,12H,1,4H2,2H3,(H,17,18)(H,20,21)(H,15,16,22)/t12-/m1/s1",C14H14N4O4,302.10150492800005,0.8962999999999999,4.09,2.69,4.94,-190.0,4.152055658875346,1,DRUGLIKE_CONCAT,HsDHODH_Druglike,6,3,129.06,6,14,4,4,0.6363636363636364,0.18181818181818182,0.18181818181818182,0.21428571428571427,0.07142857142857142,22,2,0,2,2,0,2,0,0
C=C(C1=CC=C(C(=O)C2=CNC=N2)N1)[C@@H](O)CCC,23/000000529,"InChI=1S/C14H17N3O2/c1-3-4-13(18)9(2)10-5-6-11(17-10)14(19)12-7-15-8-16-12/h5-8,13,17-18H,2-4H2,1H3,(H,15,16)/t13-/m0/s1",C14H17N3O2,259.132076784,2.143,4.09,4.32,3.72,-170.0,4.000513407767534,1,DRUGLIKE_CONCAT,HsDHODH_Druglike,3,3,81.77,6,14,2,3,0.7368421052631579,0.10526315789473684,0.15789473684210525,0.2857142857142857,0.07142857142857142,19,2,0,2,2,0,2,0,0
NC(=O)C1=C(/C=C/C2=C(F)C=CC(F)=C2)[C@H](CO)NC1=O,16/000000047,"InChI=1S/C14H12F2N2O3/c15-8-2-4-10(16)7(5-8)1-3-9-11(6-19)18-14(21)12(9)13(17)20/h1-5,11,19H,6H2,(H2,17,20)(H,18,21)/b3-1+/t11-/m0/s1",C14H12N2O3F2,294.08159868399997,0.25060000000000004,4.09,6.49,23.4,-150.0,3.3821515496511223,1,DRUGLIKE_CONCAT,HsDHODH_Druglike,3,3,92.42000000000002,4,14,3,2,0.6666666666666666,0.14285714285714285,0.09523809523809523,0.14285714285714285,0.07142857142857142,21,2,1,1,1,1,0,0,0
O=C(O)C1=NC=C(C/C=C\[C@H](O)C(=O)O)C=C1Br,13/000000073,"InChI=1S/C11H10BrNO5/c12-7-4-6(5-13-9(7)11(17)18)2-1-3-8(14)10(15)16/h1,3-5,8,14H,2H2,(H,15,16)(H,17,18)/b3-1-/t8-/m0/s1",C11H9NO5Br,314.97423452000004,1.0864999999999998,4.09,6.6,2.35,-150.0,3.468459843065121,1,DRUGLIKE_CONCAT,HsDHODH_Druglike,4,3,107.72000000000001,5,11,5,1,0.6111111111111112,0.2777777777777778,0.05555555555555555,0.18181818181818182,0.09090909090909091,18,1,0,1,1,0,1,0,0
C=C[C@H](O)C1=C(CC(=O)O)C(O)=NO1,3/000000066,"InChI=1S/C8H9NO5/c1-2-5(10)7-4(3-6(11)12)8(13)9-14-7/h2,5,10H,1,3H2,(H,9,13)(H,11,12)/t5-/m0/s1",C8H9NO5,199.048072388,0.22669999999999996,4.09,2.03,3.85,-170.0,3.891903407131246,1,DRUGLIKE_CONCAT,HsDHODH_Druglike,5,3,103.79,4,8,5,1,0.5714285714285714,0.35714285714285715,0.07142857142857142,0.25,0.125,14,1,0,1,1,0,1,0,0
O=C(O)C1=CN=C(O)N=C1CCCC(F)F,29/000000189,"InChI=1S/C9H10F2N2O3/c10-7(11)3-1-2-6-5(8(14)15)4-12-9(16)13-6/h4,7H,1-3H2,(H,14,15)(H,12,13,16)",C9H10N2O3F2,232.06594862,1.4682,4.08,5.29,3.85,-150.0,3.0622196739172045,1,DRUGLIKE_CONCAT,HsDHODH_Druglike,4,2,83.31,5,9,3,2,0.5625,0.1875,0.125,0.4444444444444444,0.0,16,1,0,1,1,0,1,0,0
CC1=CC=C(C2=NNN=C2)C=C1O,28/000000085,"InChI=1S/C9H9N3O/c1-6-2-3-7(4-9(6)13)8-5-10-12-11-8/h2-5,13H,1H3,(H,10,11,12)",C9H9N3O,175.074561908,1.4857199999999997,4.08,2.46,13.2,-140.0,2.433651392420469,1,DRUGLIKE_CONCAT,HsDHODH_Druglike,3,2,61.8,1,9,1,3,0.6923076923076923,0.07692307692307693,0.23076923076923078,0.1111111111111111,0.0,13,2,0,2,1,0,1,0,0
CCCC1=NC=C(C2=C(CO)C(C(=O)O)=CN2)O1,9/000000023,"InChI=1S/C12H14N2O4/c1-2-3-10-13-5-9(18-10)11-8(6-15)7(4-14-11)12(16)17/h4-5,14-15H,2-3,6H2,1H3,(H,16,17)",C12H14N2O4,250.095356928,1.8127,4.08,6.05,5.09,-100.0,2.9194348106072994,1,DRUGLIKE_CONCAT,HsDHODH_Druglike,4,3,99.35000000000001,5,12,4,2,0.6666666666666666,0.2222222222222222,0.1111111111111111,0.3333333333333333,0.0,18,2,0,2,2,0,2,0,0
C/C(=C\N)C1=NC=CC(C2=NON=C2CO)=N1,4/000000012,"InChI=1S/C10H11N5O2/c1-6(4-11)10-12-3-2-7(13-10)9-8(5-16)14-17-15-9/h2-4,16H,5,11H2,1H3/b6-4+",C10H11N5O2,233.091274592,0.3384,4.08,4.18,18.4,-140.0,3.5077675433790176,1,DRUGLIKE_CONCAT,HsDHODH_Druglike,7,2,110.95,3,10,2,5,0.5882352941176471,0.11764705882352941,0.29411764705882354,0.2,0.0,17,2,0,2,2,0,2,0,0
CC[C@@H](CN)C(=O)C1=CC(O)=CC(Br)=C1,28/000000026,"InChI=1S/C11H14BrNO2/c1-2-7(6-13)11(15)8-3-9(12)5-10(14)4-8/h3-5,7,14H,2,6,13H2,1H3/t7-/m0/s1",C11H14NO2Br,271.020790788,2.3223000000000003,4.08,0.35,3.58,-190.0,2.991768882030968,1,DRUGLIKE_CONCAT,HsDHODH_Druglike,3,2,63.32000000000001,4,11,2,1,0.7333333333333333,0.13333333333333333,0.06666666666666667,0.36363636363636365,0.09090909090909091,15,1,0,1,0,0,0,0,0
C[C@H](O)C1=NNC(/C=C/C2=CC(O)=CC=C2I)=C1,28/000000270,"InChI=1S/C13H13IN2O2/c1-8(17)13-7-10(15-16-13)3-2-9-6-11(18)4-5-12(9)14/h2-8,17-18H,1H3,(H,15,16)/b3-2+/t8-/m0/s1",C13H13N2O2I,356.002175656,2.943600000000001,4.08,5.46,2.22,-170.0,3.694044035372812,1,DRUGLIKE_CONCAT,HsDHODH_Druglike,3,3,69.14,3,13,2,2,0.7222222222222222,0.1111111111111111,0.1111111111111111,0.15384615384615385,0.07692307692307693,18,2,0,2,1,0,1,0,0
O=C1NNC=C1C1=CC(CO)=CC(O)=C1,28/000000007,"InChI=1S/C10H10N2O3/c13-5-6-1-7(3-8(14)2-6)9-4-11-12-10(9)15/h1-4,13-14H,5H2,(H2,11,12,15)",C10H10N2O3,206.06914218,0.5678999999999998,4.08,2.12,2.22,-120.0,2.834104547375345,1,DRUGLIKE_CONCAT,HsDHODH_Druglike,3,4,89.11,2,10,3,2,0.6666666666666666,0.2,0.13333333333333333,0.1,0.0,15,2,0,2,1,0,1,0,0
C=C[C@@H](O)C1=C(CC(=O)O)C(O)=NO1,3/000000099,"InChI=1S/C8H9NO5/c1-2-5(10)7-4(3-6(11)12)8(13)9-14-7/h2,5,10H,1,3H2,(H,9,13)(H,11,12)/t5-/m1/s1",C8H9NO5,199.048072388,0.22669999999999996,4.08,1.83,3.85,-170.0,3.891903407131246,1,DRUGLIKE_CONCAT,HsDHODH_Druglike,5,3,103.79,4,8,5,1,0.5714285714285714,0.35714285714285715,0.07142857142857142,0.25,0.125,14,1,0,1,1,0,1,0,0
O=C(O)/C=C/CC1=NC(C2=NN=C(CO)O2)=CC=C1O,21/000000206,"InChI=1S/C12H11N3O5/c16-6-10-14-15-12(20-10)8-4-5-9(17)7(13-8)2-1-3-11(18)19/h1,3-5,16-17H,2,6H2,(H,18,19)/b3-1+",C12H11N3O5,277.06987045200003,0.5127999999999999,4.08,5.57,21.6,-120.0,2.99079793824858,1,DRUGLIKE_CONCAT,HsDHODH_Druglike,7,3,129.57,5,12,5,3,0.6,0.25,0.15,0.16666666666666666,0.0,20,2,0,2,2,0,2,0,0
C=CC[C@H](O)CCNCCC1=CC2=C(C=C1O)OCN2,21/000000236,"InChI=1S/C15H22N2O3/c1-2-3-12(18)5-7-16-6-4-11-8-13-15(9-14(11)19)20-10-17-13/h2,8-9,12,16-19H,1,3-7,10H2/t12-/m0/s1",C15H22N2O3,278.163042564,1.6131999999999997,4.08,2.21,3.72,-190.0,3.5716965991043175,1,DRUGLIKE_CONCAT,HsDHODH_Druglike,5,4,73.75,8,15,3,2,0.75,0.15,0.1,0.4666666666666667,0.06666666666666667,20,2,1,1,1,1,0,0,0
C[C@@H](Cl)CC1=C(CC(=O)O)C(O)=NO1,3/000000079,"InChI=1S/C8H10ClNO4/c1-4(9)2-6-5(3-7(11)12)8(13)10-14-6/h4H,2-3H2,1H3,(H,10,13)(H,11,12)/t4-/m1/s1",C8H10NO4Cl,219.02983548,1.1771,4.08,1.9,2.48,-190.0,3.740302991330831,1,DRUGLIKE_CONCAT,HsDHODH_Druglike,4,2,83.56,4,8,4,1,0.5714285714285714,0.2857142857142857,0.07142857142857142,0.5,0.125,14,1,0,1,1,0,1,0,0
CCC1=NN=C(C#CC2=NN=C(CO)N2CCl)N1,18/000000034,"InChI=1S/C10H11ClN6O/c1-2-7-12-8(14-13-7)3-4-9-15-16-10(5-18)17(9)6-11/h18H,2,5-6H2,1H3,(H,12,13,14)",C10H11N6OCl,266.068286652,0.04699999999999982,4.08,5.57,23.3,-20.0,3.974386466715897,1,DRUGLIKE_CONCAT,HsDHODH_Druglike,6,2,92.50999999999999,3,10,1,6,0.5555555555555556,0.05555555555555555,0.3333333333333333,0.4,0.0,18,2,0,2,2,0,2,0,0
C/C=C(/CO)CC1=CC(O)=C(C(=O)OCCC)C=C1,1/000000025,"InChI=1S/C15H20O4/c1-3-7-19-15(18)13-6-5-12(9-14(13)17)8-11(4-2)10-16/h4-6,9,16-17H,3,7-8,10H2,1-2H3/b11-4+",C15H20O4,264.13615912,2.4401,4.08,4.81,2.22,-80.0,2.5325450973706705,1,DRUGLIKE_CONCAT,HsDHODH_Druglike,4,2,66.76,6,15,4,0,0.7894736842105263,0.21052631578947367,0.0,0.4,0.0,19,1,0,1,0,0,0,0,0
CCNCCC(=O)C1=C(CC(=O)O)C(O)=NO1,3/000000062,"InChI=1S/C10H14N2O5/c1-2-11-4-3-7(13)9-6(5-8(14)15)10(16)12-17-9/h11H,2-5H2,1H3,(H,12,16)(H,14,15)",C10H14N2O5,242.090271548,0.1896,4.08,0.94,2.35,-60.0,3.007319759098081,1,DRUGLIKE_CONCAT,HsDHODH_Druglike,6,3,112.66000000000001,7,10,5,2,0.5882352941176471,0.29411764705882354,0.11764705882352941,0.5,0.0,17,1,0,1,1,0,1,0,0
CCCCCC1=NN=C(C#CC2=NN=C(CCO)N2CC)N1,18/000000080,"InChI=1S/C15H22N6O/c1-3-5-6-7-12-16-13(18-17-12)8-9-14-19-20-15(10-11-22)21(14)4-2/h22H,3-7,10-11H2,1-2H3,(H,16,17,18)",C15H22N6O,302.185509324,1.0834,4.08,4.45,24.6,-100.0,3.4488156648790635,1,DRUGLIKE_CONCAT,HsDHODH_Druglike,6,2,92.50999999999999,7,15,1,6,0.6818181818181818,0.045454545454545456,0.2727272727272727,0.6,0.0,22,2,0,2,2,0,2,0,0
C[C@@H](CO)CCC1=CC=C(C(=O)C2=NC(=O)ON2)N1,23/000000053,"InChI=1S/C12H15N3O4/c1-7(6-16)2-3-8-4-5-9(13-8)10(17)11-14-12(18)19-15-11/h4-5,7,13,16H,2-3,6H2,1H3,(H,14,15,18)/t7-/m1/s1",C12H15N3O4,265.10625596,0.48299999999999976,4.08,4.44,5.09,-170.0,3.76606144840614,1,DRUGLIKE_CONCAT,HsDHODH_Druglike,5,3,111.97999999999999,6,12,4,3,0.631578947368421,0.21052631578947367,0.15789473684210525,0.4166666666666667,0.08333333333333333,19,2,0,2,2,0,2,0,0
N[C@@H](CC(=O)NC1=C(Cl)C(O)=CC=C1)C1=NC=NN1,29/000000014,"InChI=1S/C11H12ClN5O2/c12-10-7(2-1-3-8(10)18)16-9(19)4-6(13)11-14-5-15-17-11/h1-3,5-6,18H,4,13H2,(H,16,19)(H,14,15,17)/t6-/m0/s1",C11H12N5O2Cl,281.067952304,1.1922999999999995,4.07,6.74,3.58,-150.0,3.101702087012817,1,DRUGLIKE_CONCAT,HsDHODH_Druglike,5,4,116.92000000000002,4,11,2,5,0.5789473684210527,0.10526315789473684,0.2631578947368421,0.18181818181818182,0.09090909090909091,19,2,0,2,1,0,1,0,0
OCCC#CCC1=CC(O)=CC(C2=NNN=C2)=C1,28/000000211,"InChI=1S/C13H13N3O2/c17-5-3-1-2-4-10-6-11(8-12(18)7-10)13-9-14-16-15-13/h6-9,17-18H,3-5H2,(H,14,15,16)",C13H13N3O2,243.100776656,1.1056,4.07,4.08,19.6,-120.0,3.042885840193099,1,DRUGLIKE_CONCAT,HsDHODH_Druglike,4,3,82.03,3,13,2,3,0.7222222222222222,0.1111111111111111,0.16666666666666666,0.23076923076923078,0.0,18,2,0,2,1,0,1,0,0
OC1=CC(C(O)(F)F)=CC2=C1NCO2,21/000000066,"InChI=1S/C8H7F2NO3/c9-8(10,13)4-1-5(12)7-6(2-4)14-3-11-7/h1-2,11-13H,3H2",C8H7NO3F2,203.039399524,1.1955999999999996,4.07,0.95,14.4,-190.0,3.536464391360155,1,DRUGLIKE_CONCAT,HsDHODH_Druglike,4,3,61.72,1,8,3,1,0.5714285714285714,0.21428571428571427,0.07142857142857142,0.25,0.0,14,2,1,1,1,1,0,0,0
CCCC1=C(C(=O)CC(=O)O)OC(C(=O)N/C=C\CBr)=CC1,23/000000534,"InChI=1S/C15H18BrNO5/c1-2-4-10-5-6-12(15(21)17-8-3-7-16)22-14(10)11(18)9-13(19)20/h3,6,8H,2,4-5,7,9H2,1H3,(H,17,21)(H,19,20)/b8-3-",C15H18NO5Br,371.03683477600003,2.4134,4.07,5.09,24.1,-80.0,3.820627203340603,1,DRUGLIKE_CONCAT,HsDHODH_Druglike,4,2,92.70000000000002,8,15,5,1,0.6818181818181818,0.22727272727272727,0.045454545454545456,0.4,0.0,22,1,1,0,1,1,0,0,0
N[C@@H](CO)C1=CC=C(I)C(CF)=C1,19/000000054,"InChI=1S/C9H11FINO/c10-4-7-3-6(9(12)5-13)1-2-8(7)11/h1-3,9,13H,4-5,12H2/t9-/m0/s1",C9H11NOFI,294.986940192,1.7528,4.07,4.01,11.2,-150.0,3.2401955681809316,1,DRUGLIKE_CONCAT,HsDHODH_Druglike,2,2,46.25,3,9,1,1,0.6923076923076923,0.07692307692307693,0.07692307692307693,0.3333333333333333,0.1111111111111111,13,1,0,1,0,0,0,0,0
C/C(=C/CC1=CC=C(Br)C(O)=C1)C(=O)O,28/000000038,"InChI=1S/C11H11BrO3/c1-7(11(14)15)2-3-8-4-5-9(12)10(13)6-8/h2,4-6,13H,3H2,1H3,(H,14,15)/b7-2-",C11H11O3Br,269.98915631200003,2.7281000000000004,4.07,2.16,2.22,-60.0,2.5660446572654543,1,DRUGLIKE_CONCAT,HsDHODH_Druglike,2,2,57.53,3,11,3,0,0.7333333333333333,0.2,0.0,0.18181818181818182,0.0,15,1,0,1,0,0,0,0,0
NCC1=C(C2=NN=CN2)NC=C1C(=O)O,9/000000008,"InChI=1S/C8H9N5O2/c9-1-4-5(8(14)15)2-10-6(4)7-11-3-12-13-7/h2-3,10H,1,9H2,(H,14,15)(H,11,12,13)",C8H9N5O2,207.075624528,-0.04330000000000034,4.07,7.72,3.58,-80.0,3.513832019902818,1,DRUGLIKE_CONCAT,HsDHODH_Druglike,4,4,120.67999999999999,3,8,2,5,0.5333333333333333,0.13333333333333333,0.3333333333333333,0.125,0.0,15,2,0,2,2,0,2,0,0
O=C(C1=CC=C(CCC[C@H](CBr)CCO)N1)C1=NC(=O)ON1,23/000000219,"InChI=1S/C14H18BrN3O4/c15-8-9(6-7-19)2-1-3-10-4-5-11(16-10)12(20)13-17-14(21)22-18-13/h4-5,9,16,19H,1-3,6-8H2,(H,17,18,21)/t9-/m0/s1",C14H18N3O4Br,371.048068156,1.6382,4.07,6.12,5.09,-150.0,3.89222245788279,1,DRUGLIKE_CONCAT,HsDHODH_Druglike,5,3,111.97999999999999,9,14,4,3,0.6363636363636364,0.18181818181818182,0.13636363636363635,0.5,0.07142857142857142,22,2,0,2,2,0,2,0,0
O=C1C=C(CO)[C@@H](/C=C/C2=CN=C(CCF)C(Br)=C2)N1,13/000000157,"InChI=1S/C14H14BrFN2O2/c15-11-5-9(7-17-13(11)3-4-16)1-2-12-10(8-19)6-14(20)18-12/h1-2,5-7,12,19H,3-4,8H2,(H,18,20)/b2-1+/t12-/m1/s1",C14H14N2O2FBr,340.022268008,1.7863999999999998,4.07,6.49,3.85,-150.0,4.1424438663107965,1,DRUGLIKE_CONCAT,HsDHODH_Druglike,3,2,62.22,5,14,2,2,0.7,0.1,0.1,0.2857142857142857,0.07142857142857142,20,2,1,1,2,1,1,0,0
O=C(C1=CC(F)=CC=C1O)[C@@H](O)C#CC1=NON=C1,18/000000008,"InChI=1S/C12H7FN2O4/c13-7-1-3-10(16)9(5-7)12(18)11(17)4-2-8-6-14-19-15-8/h1,3,5-6,11,16-17H/t11-/m0/s1",C12H7N2O4F,262.03898492400003,0.5095999999999998,4.07,4.95,3.58,-150.0,3.8724730594366186,1,DRUGLIKE_CONCAT,HsDHODH_Druglike,6,2,96.45,2,12,4,2,0.631578947368421,0.21052631578947367,0.10526315789473684,0.08333333333333333,0.08333333333333333,19,2,0,2,1,0,1,0,0
C=CC[C@@H](O)C1=CC=C(C(=O)C2=NC(=O)ON2)N1,23/000000028,"InChI=1S/C11H11N3O4/c1-2-3-8(15)6-4-5-7(12-6)9(16)10-13-11(17)18-14-10/h2,4-5,8,12,15H,1,3H2,(H,13,14,17)/t8-/m1/s1",C11H11N3O4,249.074955832,0.5315000000000001,4.07,4.37,3.72,-150.0,4.043637266142042,1,DRUGLIKE_CONCAT,HsDHODH_Druglike,5,3,111.97999999999999,5,11,4,3,0.6111111111111112,0.2222222222222222,0.16666666666666666,0.18181818181818182,0.09090909090909091,18,2,0,2,2,0,2,0,0
CC[C@@H](O)C1=C(CC(=O)O)C(O)=NO1,3/000000083,"InChI=1S/C8H11NO5/c1-2-5(10)7-4(3-6(11)12)8(13)9-14-7/h5,10H,2-3H2,1H3,(H,9,13)(H,11,12)/t5-/m1/s1",C8H11NO5,201.063722452,0.45069999999999993,4.07,1.85,2.35,-170.0,3.603244779272619,1,DRUGLIKE_CONCAT,HsDHODH_Druglike,5,3,103.79,4,8,5,1,0.5714285714285714,0.35714285714285715,0.07142857142857142,0.5,0.125,14,1,0,1,1,0,1,0,0
OCC1=NN=C(C#CC2=NN=C(CCl)N2)N1CCl,18/000000056,"InChI=1S/C9H8Cl2N6O/c10-3-7-12-6(13-14-7)1-2-8-15-16-9(4-18)17(8)5-11/h18H,3-5H2,(H,12,13,14)",C9H8N6OCl2,286.01366423599995,0.22339999999999943,4.07,5.38,24.4,0.0,4.0993330730507385,1,DRUGLIKE_CONCAT,HsDHODH_Druglike,6,2,92.51000000000002,3,9,1,6,0.5,0.05555555555555555,0.3333333333333333,0.3333333333333333,0.0,18,2,0,2,2,0,2,0,0
C=C(CC1=CC(O)=CC(C2=NNN=C2)=C1)C1=CCNCN1,28/000000471,"InChI=1S/C15H17N5O/c1-10(14-2-3-16-9-17-14)4-11-5-12(7-13(21)6-11)15-8-18-20-19-15/h2,5-8,16-17,21H,1,3-4,9H2,(H,18,19,20)",C15H17N5O,283.143310164,1.3101999999999998,4.07,3.77,22.0,-120.0,3.6656501778092183,1,DRUGLIKE_CONCAT,HsDHODH_Druglike,5,4,85.86,4,15,1,5,0.7142857142857143,0.047619047619047616,0.23809523809523808,0.2,0.0,21,3,1,2,2,1,1,0,0
O=C(O)NC1=C(O)C=C(C2=NNN=C2)C=C1,28/000000225,"InChI=1S/C9H8N4O3/c14-8-3-5(7-4-10-13-12-7)1-2-6(8)11-9(15)16/h1-4,11,14H,(H,15,16)(H,10,12,13)",C9H7N4O3,220.059640116,1.2671999999999997,4.07,3.43,18.0,-120.0,2.5224961676560245,1,DRUGLIKE_CONCAT,HsDHODH_Druglike,4,4,111.13000000000001,2,9,3,4,0.5625,0.1875,0.25,0.0,0.0,16,2,0,2,1,0,1,0,0
OCC1=CC(CCOCC2=CCC=C2)=CC(O)=C1,28/000000018,"InChI=1S/C15H18O3/c16-10-14-7-13(8-15(17)9-14)5-6-18-11-12-3-1-2-4-12/h1,3-4,7-9,16-17H,2,5-6,10-11H2",C15H18O3,246.125594436,2.3299000000000003,4.07,3.83,3.58,0.0,2.8817192721457605,1,DRUGLIKE_CONCAT,HsDHODH_Druglike,3,2,49.69,6,15,3,0,0.8333333333333334,0.16666666666666666,0.0,0.3333333333333333,0.0,18,2,1,1,0,0,0,0,0
O=C(O)C1=CCC=C(C(=O)N/C=C\[C@@H](O)CCCO)O1,23/000000081,"InChI=1S/C13H17NO6/c15-8-2-3-9(16)6-7-14-12(17)10-4-1-5-11(20-10)13(18)19/h4-7,9,15-16H,1-3,8H2,(H,14,17)(H,18,19)/b7-6-/t9-/m0/s1",C13H17NO6,283.105587264,0.022399999999999642,4.07,4.14,3.85,-190.0,4.148726558618488,1,DRUGLIKE_CONCAT,HsDHODH_Druglike,5,4,116.09,7,13,6,1,0.65,0.3,0.05,0.38461538461538464,0.07692307692307693,20,1,1,0,1,1,0,0,0
CCCCC1=C(CC(=O)O)C(O)=NO1,3/000000237,"InChI=1S/C9H13NO4/c1-2-3-4-7-6(5-8(11)12)9(13)10-14-7/h2-5H2,1H3,(H,10,13)(H,11,12)",C9H13NO4,199.084457896,1.3498999999999999,4.07,2.17,2.48,-40.0,2.823427549254891,1,DRUGLIKE_CONCAT,HsDHODH_Druglike,4,2,83.56,5,9,4,1,0.6428571428571429,0.2857142857142857,0.07142857142857142,0.5555555555555556,0.0,14,1,0,1,1,0,1,0,0
O=C(/C=C/C1=CC(O)=CC=C1I)[C@H]1CCCN(CCO)N1,28/000000060,"InChI=1S/C15H19IN2O3/c16-13-5-4-12(20)10-11(13)3-6-15(21)14-2-1-7-18(17-14)8-9-19/h3-6,10,14,17,19-20H,1-2,7-9H2/b6-3+/t14-/m1/s1",C15H19N2O3I,402.04404046800005,1.5403999999999998,4.07,8.14,3.58,-150.0,3.7553279169056353,1,DRUGLIKE_CONCAT,HsDHODH_Druglike,5,3,72.8,5,15,3,2,0.7142857142857143,0.14285714285714285,0.09523809523809523,0.4,0.06666666666666667,21,2,1,1,1,1,0,0,0
C=C(N)[C@@H](C)C1=C(CC(=O)O)C(O)=NO1,3/000000087,"InChI=1S/C9H12N2O4/c1-4(5(2)10)8-6(3-7(12)13)9(14)11-15-8/h4H,2-3,10H2,1H3,(H,11,14)(H,12,13)/t4-/m1/s1",C9H12N2O4,212.079706864,0.5831999999999999,4.07,1.3,17.6,-190.0,3.887013704516175,1,DRUGLIKE_CONCAT,HsDHODH_Druglike,5,3,109.58000000000001,4,9,4,2,0.6,0.26666666666666666,0.13333333333333333,0.3333333333333333,0.1111111111111111,15,1,0,1,1,0,1,0,0
NC(=O)C1=CC(C2=NC=CC=C2)=CC(O)=N1,18/000000101,"InChI=1S/C11H9N3O2/c12-11(16)9-5-7(6-10(15)14-9)8-3-1-2-4-13-8/h1-6H,(H2,12,16)(H,14,15)",C11H9N3O2,215.069476528,0.9480999999999999,4.07,1.3,11.8,-160.0,2.436265398425256,1,DRUGLIKE_CONCAT,HsDHODH_Druglike,4,2,89.10000000000001,2,11,2,3,0.6875,0.125,0.1875,0.0,0.0,16,2,0,2,2,0,2,0,0
C=C[C@H](C)CCCC1=CC=C(C(=O)C2=NC(=O)ON2)N1,23/000000013,"InChI=1S/C14H17N3O3/c1-3-9(2)5-4-6-10-7-8-11(15-10)12(18)13-16-14(19)20-17-13/h3,7-9,15H,1,4-6H2,2H3,(H,16,17,19)/t9-/m0/s1",C14H17N3O3,275.126991404,2.0668,4.07,4.54,3.58,-170.0,3.874397163014092,1,DRUGLIKE_CONCAT,HsDHODH_Druglike,4,2,91.75,7,14,3,3,0.7,0.15,0.15,0.35714285714285715,0.07142857142857142,20,2,0,2,2,0,2,0,0
O=C(O)C1=CNC(C2=NNC(=O)O2)=C1C(=O)O,9/000000037,"InChI=1S/C8H5N3O6/c12-6(13)2-1-9-4(3(2)7(14)15)5-10-11-8(16)17-5/h1,9H,(H,11,16)(H,12,13)(H,14,15)",C8H5N3O6,239.01783488,-0.24560000000000032,4.07,7.17,3.58,-80.0,3.085655879499419,1,DRUGLIKE_CONCAT,HsDHODH_Druglike,5,4,149.27999999999997,3,8,6,3,0.47058823529411764,0.35294117647058826,0.17647058823529413,0.0,0.0,17,2,0,2,2,0,2,0,0
O=C(O)C1=C(/C=C/C2=C(F)C=CC(F)=C2)[C@H](CO)NC1=O,16/000000046,"InChI=1S/C14H11F2NO4/c15-8-2-4-10(16)7(5-8)1-3-9-11(6-18)17-13(19)12(9)14(20)21/h1-5,11,18H,6H2,(H,17,19)(H,20,21)/b3-1+/t11-/m0/s1",C14H11NO4F2,295.065614272,0.8499000000000001,4.06,7.16,23.2,-150.0,3.3802641002584117,1,DRUGLIKE_CONCAT,HsDHODH_Druglike,3,3,86.63,4,14,4,1,0.6666666666666666,0.19047619047619047,0.047619047619047616,0.14285714285714285,0.07142857142857142,21,2,1,1,1,1,0,0,0
O=C(O)[C@@H]1CN/C(=C\CO)N1CBr,13/000000161,"InChI=1S/C7H11BrN2O3/c8-4-10-5(7(12)13)3-9-6(10)1-2-11/h1,5,9,11H,2-4H2,(H,12,13)/b6-1+/t5-/m0/s1",C7H11N2O3Br,249.995304312,-0.46909999999999963,4.06,6.83,2.35,-150.0,4.2560364473018115,1,DRUGLIKE_CONCAT,HsDHODH_Druglike,4,3,72.8,3,7,3,2,0.5384615384615384,0.23076923076923078,0.15384615384615385,0.5714285714285714,0.14285714285714285,13,1,1,0,1,1,0,0,0
C/C=C/CC1=C(CC(=O)O)C(O)=NO1,3/000000002,"InChI=1S/C9H11NO4/c1-2-3-4-7-6(5-8(11)12)9(13)10-14-7/h2-3H,4-5H2,1H3,(H,10,13)(H,11,12)/b3-2+",C9H11NO4,197.068807832,1.1259000000000001,4.06,1.99,2.48,-60.0,3.4101911120079276,1,DRUGLIKE_CONCAT,HsDHODH_Druglike,4,2,83.56,4,9,4,1,0.6428571428571429,0.2857142857142857,0.07142857142857142,0.3333333333333333,0.0,14,1,0,1,1,0,1,0,0
C[C@H](C(=O)O)C1=NNC(/C=C/C2=C(I)C=CC(O)=C2)=C1,28/000000276,"InChI=1S/C14H13IN2O3/c1-8(14(19)20)13-7-10(16-17-13)3-2-9-6-11(18)4-5-12(9)15/h2-8,18H,1H3,(H,16,17)(H,19,20)/b3-2+/t8-/m0/s1",C14H13N2O3I,383.997090276,3.0784000000000002,4.06,5.34,3.85,-170.0,3.658779146031076,1,DRUGLIKE_CONCAT,HsDHODH_Druglike,3,3,86.21,4,14,3,2,0.7,0.15,0.1,0.14285714285714285,0.07142857142857142,20,2,0,2,1,0,1,0,0
C=C(CCC)C1=CC=C(C(=O)C2=CC(CCCN)=CO2)N1,23/000000535,"InChI=1S/C17H22N2O2/c1-3-5-12(2)14-7-8-15(19-14)17(20)16-10-13(11-21-16)6-4-9-18/h7-8,10-11,19H,2-6,9,18H2,1H3",C17H22N2O2,286.168127944,3.5433000000000012,4.06,3.24,4.94,-60.0,3.241915589141426,1,DRUGLIKE_CONCAT,HsDHODH_Druglike,3,2,72.02000000000001,8,17,2,2,0.8095238095238095,0.09523809523809523,0.09523809523809523,0.35294117647058826,0.0,21,2,0,2,2,0,2,0,0
COCC1=CC(=O)N[C@@H]1C#CC1=C(CO)C=CC(F)=N1,13/000000171,"InChI=1S/C14H13FN2O3/c1-20-8-10-6-14(19)17-12(10)4-3-11-9(7-18)2-5-13(15)16-11/h2,5-6,12,18H,7-8H2,1H3,(H,17,19)/t12-/m1/s1",C14H13N2O3F,276.09102049600006,0.13570000000000004,4.06,6.88,21.3,-170.0,4.197027382794312,1,DRUGLIKE_CONCAT,HsDHODH_Druglike,4,2,71.45,3,14,3,2,0.7,0.15,0.1,0.2857142857142857,0.07142857142857142,20,2,1,1,2,1,1,0,0
N[C@@H](Cl)CCCC#CC1=CC2=C(C=C1O)OCN2,21/000000130,"InChI=1S/C13H15ClN2O2/c14-13(15)5-3-1-2-4-9-6-10-12(7-11(9)17)18-8-16-10/h6-7,13,16-17H,1,3,5,8,15H2/p+1/t13-/m1/s1",C13H16N2O2Cl,266.0822054,2.1994,4.06,2.05,16.7,-190.0,4.341038858902223,1,DRUGLIKE_CONCAT,HsDHODH_Druglike,4,3,67.51,3,13,2,2,0.7222222222222222,0.1111111111111111,0.1111111111111111,0.38461538461538464,0.07692307692307693,18,2,1,1,1,1,0,0,0
NC1=C(/C=C/CNCCO)C=C(C[C@@H](N)C2=CC=CO2)C=C1,27/000000035,"InChI=1S/C17H23N3O2/c18-15-6-5-13(12-16(19)17-4-2-10-22-17)11-14(15)3-1-7-20-8-9-21/h1-6,10-11,16,20-21H,7-9,12,18-19H2/b3-1+/t16-/m1/s1",C17H23N3O2,301.179026976,1.6993999999999994,4.06,3.84,5.09,-150.0,3.2342198346995215,1,DRUGLIKE_CONCAT,HsDHODH_Druglike,5,4,97.44,8,17,2,3,0.7727272727272727,0.09090909090909091,0.13636363636363635,0.29411764705882354,0.058823529411764705,22,2,0,2,1,0,1,0,0
O=C(/C=C/C(=O)C1=NN=C(C2=NNC=C2)N1)CF,23/000000572,"InChI=1S/C10H8FN5O2/c11-5-6(17)1-2-8(18)10-13-9(15-16-10)7-3-4-12-14-7/h1-4H,5H2,(H,12,14)(H,13,15,16)/b2-1+",C10H8N5O2F,249.066202716,0.4722999999999997,4.06,3.9,3.58,-80.0,4.053086919204584,1,DRUGLIKE_CONCAT,HsDHODH_Druglike,5,2,104.38999999999999,5,10,2,5,0.5555555555555556,0.1111111111111111,0.2777777777777778,0.1,0.0,18,2,0,2,2,0,2,0,0
O=C(NC1CCCC1)C1=CC(CO)=NC(F)=C1,21/000000269,"InChI=1S/C12H15FN2O2/c13-11-6-8(5-10(7-16)14-11)12(17)15-9-3-1-2-4-9/h5-6,9,16H,1-4,7H2,(H,15,17)",C12H15N2O2F,238.11175594,1.3854,4.06,4.62,3.58,-150.0,2.2881694664559404,1,DRUGLIKE_CONCAT,HsDHODH_Druglike,3,2,62.22,3,12,2,2,0.7058823529411765,0.11764705882352941,0.11764705882352941,0.5,0.0,17,2,1,1,1,0,1,0,0
CCNC(=O)CC#CCC1=C(Cl)C2=C(C=C1)CNNC2,15/000000023,"InChI=1S/C15H18ClN3O/c1-2-17-14(20)6-4-3-5-11-7-8-12-9-18-19-10-13(12)15(11)16/h7-8,18-19H,2,5-6,9-10H2,1H3,(H,17,20)",C15H18N3OCl,291.113839876,1.5198999999999998,4.06,0.87,3.7,-120.0,3.510141706322612,1,DRUGLIKE_CONCAT,HsDHODH_Druglike,3,3,53.160000000000004,3,15,1,3,0.75,0.05,0.15,0.4,0.0,20,2,1,1,1,1,0,0,0
NC(=O)C1=NC=C(C(=O)C#CC2=CN=C(CC(F)F)N2)O1,30/000000020,"InChI=1S/C12H8F2N4O3/c13-9(14)3-10-16-4-6(18-10)1-2-7(19)8-5-17-12(21-8)11(15)20/h4-5,9H,3H2,(H2,15,20)(H,16,18)",C12H8N4O3F2,294.05644655599997,0.5385999999999999,4.06,1.14,5.09,-150.0,3.783393753058163,1,DRUGLIKE_CONCAT,HsDHODH_Druglike,5,2,114.87000000000002,4,12,3,4,0.5714285714285714,0.14285714285714285,0.19047619047619047,0.16666666666666666,0.0,21,2,0,2,2,0,2,0,0
NC[C@@H](Cl)CCCCC#CC1=CC2=C(C=C1O)OCN2,21/000000156,"InChI=1S/C15H19ClN2O2/c16-12(9-17)6-4-2-1-3-5-11-7-13-15(8-14(11)19)20-10-18-13/h7-8,12,18-19H,1-2,4,6,9-10,17H2/t12-/m0/s1",C15H19N2O2Cl,294.113505528,2.6320000000000006,4.06,0.36,17.9,-190.0,3.838470688173144,1,DRUGLIKE_CONCAT,HsDHODH_Druglike,4,3,67.51,5,15,2,2,0.75,0.1,0.1,0.4666666666666667,0.06666666666666667,20,2,1,1,1,1,0,0,0
C=CCCC[C@H](C)C1=CC=C(C(=O)C2=NC(=O)ON2)N1,23/000000232,"InChI=1S/C14H17N3O3/c1-3-4-5-6-9(2)10-7-8-11(15-10)12(18)13-16-14(19)20-17-13/h3,7-9,15H,1,4-6H2,2H3,(H,16,17,19)/t9-/m0/s1",C14H17N3O3,275.126991404,2.3818,4.06,5.18,3.72,-170.0,3.882452657519588,1,DRUGLIKE_CONCAT,HsDHODH_Druglike,4,2,91.75,7,14,3,3,0.7,0.15,0.15,0.35714285714285715,0.07142857142857142,20,2,0,2,2,0,2,0,0
C[C@H](O)C1=NC(I)=C(C#CC2=CNC=C2)C=C1,26/000000002,"InChI=1S/C13H11IN2O/c1-9(17)12-5-4-11(13(14)16-12)3-2-10-6-7-15-8-10/h4-9,15,17H,1H3/t9-/m0/s1",C13H11N2OI,337.99161097200005,2.4674000000000005,4.06,6.31,17.3,-170.0,3.9192129219906846,1,DRUGLIKE_CONCAT,HsDHODH_Druglike,2,2,48.910000000000004,1,13,1,2,0.7647058823529411,0.058823529411764705,0.11764705882352941,0.15384615384615385,0.07692307692307693,17,2,0,2,2,0,2,0,0
NCC1=C(CO)N=NN1C[C@@H](O)C1=CC(F)=CC=C1F,16/000000039,"InChI=1S/C12H14F2N4O2/c13-7-1-2-9(14)8(3-7)12(20)5-18-11(4-15)10(6-19)16-17-18/h1-3,12,19-20H,4-6,15H2/t12-/m1/s1",C12H14N4O2F2,284.108482128,0.24089999999999984,4.06,6.94,23.0,-150.0,3.31589550966744,1,DRUGLIKE_CONCAT,HsDHODH_Druglike,6,3,97.19000000000001,5,12,2,4,0.6,0.1,0.2,0.3333333333333333,0.08333333333333333,20,2,0,2,1,0,1,0,0
O=C(O)CC(=O)N1COC(C(=O)/C=C/NC2=CC=CC=C2)=N1,29/000000023,"InChI=1S/C14H13N3O5/c18-11(6-7-15-10-4-2-1-3-5-10)14-16-17(9-22-14)12(19)8-13(20)21/h1-7,15H,8-9H2,(H,20,21)/b7-6+",C14H13N3O5,303.08552051600003,0.7857999999999994,4.06,0.61,3.58,-20.0,3.185334771578816,1,DRUGLIKE_CONCAT,HsDHODH_Druglike,6,2,108.3,6,14,5,3,0.6363636363636364,0.22727272727272727,0.13636363636363635,0.14285714285714285,0.0,22,2,1,1,1,1,0,0,0
C=C[C@H](NC)C1=C(CC(=O)O)C(O)=NO1,3/000000088,"InChI=1S/C9H12N2O4/c1-3-6(10-2)8-5(4-7(12)13)9(14)11-15-8/h3,6,10H,1,4H2,2H3,(H,11,14)(H,12,13)/t6-/m0/s1",C9H12N2O4,212.079706864,0.45380000000000004,4.06,1.53,6.2,-170.0,3.972336189723275,1,DRUGLIKE_CONCAT,HsDHODH_Druglike,5,3,95.59,5,9,4,2,0.6,0.26666666666666666,0.13333333333333333,0.3333333333333333,0.1111111111111111,15,1,0,1,1,0,1,0,0
CCCC1=C(CC(=O)O)C(O)=NO1,3/000000239,"InChI=1S/C8H11NO4/c1-2-3-6-5(4-7(10)11)8(12)9-13-6/h2-4H2,1H3,(H,9,12)(H,10,11)",C8H11NO4,185.068807832,0.9598,4.06,1.69,3.33,-40.0,2.92889645330553,1,DRUGLIKE_CONCAT,HsDHODH_Druglike,4,2,83.56,4,8,4,1,0.6153846153846154,0.3076923076923077,0.07692307692307693,0.5,0.0,13,1,0,1,1,0,1,0,0
O=C(O)CC1=C(C(=O)COC2=NOC=C2)ON=C1O,3/000000190,"InChI=1S/C10H8N2O7/c13-6(4-17-7-1-2-18-11-7)9-5(3-8(14)15)10(16)12-19-9/h1-2H,3-4H2,(H,12,16)(H,14,15)",C10H8N2O7,268.033150596,0.2570000000000002,4.06,0.98,2.35,-40.0,3.243628043669654,1,DRUGLIKE_CONCAT,HsDHODH_Druglike,8,2,135.89,6,10,7,2,0.5263157894736842,0.3684210526315789,0.10526315789473684,0.2,0.0,19,2,0,2,2,0,2,0,0
O=C(O)CC1=C(CC2=CC(C(=O)O)=CN2)ON=C1O,3/000000150,"InChI=1S/C11H10N2O6/c14-9(15)3-7-8(19-13-10(7)16)2-6-1-5(4-12-6)11(17)18/h1,4,12H,2-3H2,(H,13,16)(H,14,15)(H,17,18)",C11H10N2O6,266.05388604,0.6244000000000001,4.06,0.62,23.6,-60.0,3.275926458317416,1,DRUGLIKE_CONCAT,HsDHODH_Druglike,5,4,136.64999999999998,5,11,6,2,0.5789473684210527,0.3157894736842105,0.10526315789473684,0.18181818181818182,0.0,19,2,0,2,2,0,2,0,0
NCCC1=NN=C(C(=O)/C=C/CO)N1,23/000000280,"InChI=1S/C8H12N4O2/c9-4-3-7-10-8(12-11-7)6(14)2-1-5-13/h1-2,13H,3-5,9H2,(H,10,11,12)/b2-1+",C8H12N4O2,196.096025624,-0.9629000000000003,4.06,4.73,3.58,0.0,3.5734581004850376,1,DRUGLIKE_CONCAT,HsDHODH_Druglike,5,3,104.89000000000001,5,8,2,4,0.5714285714285714,0.14285714285714285,0.2857142857142857,0.375,0.0,14,1,0,1,1,0,1,0,0
NC1=CN=C(CC/C=C/C2=CC3=C(OCN3)C(CO)=C2)C=C1,21/000000114,"InChI=1S/C17H19N3O2/c18-14-5-6-15(19-9-14)4-2-1-3-12-7-13(10-21)17-16(8-12)20-11-22-17/h1,3,5-9,20-21H,2,4,10-11,18H2/b3-1+",C17H19N3O2,297.147726848,2.5639000000000003,4.06,5.62,16.0,-40.0,3.1828135014175256,1,DRUGLIKE_CONCAT,HsDHODH_Druglike,5,3,80.4,5,17,2,3,0.7727272727272727,0.09090909090909091,0.13636363636363635,0.23529411764705882,0.0,22,3,1,2,2,1,1,0,0
O=C(O)C1=CN=C(O)N=C1[C@@H](Cl)CF,29/000000232,"InChI=1S/C7H6ClFN2O3/c8-4(1-9)5-3(6(12)13)2-10-7(14)11-5/h2,4H,1H2,(H,12,13)(H,10,11,14)/t4-/m0/s1",C7H6N2O3FCl,220.005097952,1.1298,4.06,5.5,14.4,-150.0,3.8989237813516215,1,DRUGLIKE_CONCAT,HsDHODH_Druglike,4,2,83.31,3,7,3,2,0.5,0.21428571428571427,0.14285714285714285,0.2857142857142857,0.14285714285714285,14,1,0,1,1,0,1,0,0
O=C(O)CC1=NN(CF)C=C1CC/N=C1/CCCN1,14/000000013,"InChI=1S/C12H17FN4O2/c13-8-17-7-9(10(16-17)6-12(18)19)3-5-15-11-2-1-4-14-11/h7H,1-6,8H2,(H,14,15)(H,18,19)",C12H16N4O2F,268.133554004,0.7615999999999998,4.05,1.68,4.81,-60.0,3.83919509737067,1,DRUGLIKE_CONCAT,HsDHODH_Druglike,4,2,79.50999999999999,6,12,2,4,0.631578947368421,0.10526315789473684,0.21052631578947367,0.5833333333333334,0.0,19,2,1,1,2,1,1,0,0
CNC/C=C/C1=NC(C(=O)C2=NN=CO2)=C[C@@H](CO)N1,18/000000018,"InChI=1S/C12H15N5O3/c1-13-4-2-3-10-15-8(6-18)5-9(16-10)11(19)12-17-14-7-20-12/h2-3,5,7-8,13,18H,4,6H2,1H3,(H,15,16)/b3-2+/t8-/m0/s1",C12H15N5O3,277.11748934,-0.7256,4.05,3.01,5.09,-170.0,4.686836680075978,1,DRUGLIKE_CONCAT,HsDHODH_Druglike,8,3,112.64000000000001,6,12,3,5,0.6,0.15,0.25,0.3333333333333333,0.08333333333333333,20,2,1,1,2,1,1,0,0
C=CCC1=NC=C(C2=C(CO)C(C(=O)O)=CN2)O1,9/000000028,"InChI=1S/C12H12N2O4/c1-2-3-10-13-5-9(18-10)11-8(6-15)7(4-14-11)12(16)17/h2,4-5,14-15H,1,3,6H2,(H,16,17)",C12H12N2O4,248.079706864,1.5887,4.05,7.05,5.09,-80.0,3.2496517336842228,1,DRUGLIKE_CONCAT,HsDHODH_Druglike,4,3,99.35000000000001,5,12,4,2,0.6666666666666666,0.2222222222222222,0.1111111111111111,0.16666666666666666,0.0,18,2,0,2,2,0,2,0,0
CC[C@H](C#CC(=O)C1=CCC=C(C(N)=O)O1)CN,23/000000087,"InChI=1S/C13H16N2O3/c1-2-9(8-14)6-7-10(16)11-4-3-5-12(18-11)13(15)17/h4-5,9H,2-3,8,14H2,1H3,(H2,15,17)/t9-/m1/s1",C13H16N2O3,248.116092372,0.21720000000000023,4.05,3.75,2.22,-190.0,4.503035922342984,1,DRUGLIKE_CONCAT,HsDHODH_Druglike,4,2,95.41,4,13,3,2,0.7222222222222222,0.16666666666666666,0.1111111111111111,0.38461538461538464,0.07692307692307693,18,1,1,0,1,1,0,0,0
C=C(CCC(=O)OC)C1=C(CC(=O)O)C(O)=NO1,3/000000188,"InChI=1S/C11H13NO6/c1-6(3-4-9(15)17-2)10-7(5-8(13)14)11(16)12-18-10/h1,3-5H2,2H3,(H,12,16)(H,13,14)",C11H13NO6,255.074287136,0.9737,4.05,1.01,4.95,-120.0,3.1598481182996068,1,DRUGLIKE_CONCAT,HsDHODH_Druglike,6,2,109.86000000000001,6,11,6,1,0.6111111111111112,0.3333333333333333,0.05555555555555555,0.36363636363636365,0.0,18,1,0,1,1,0,1,0,0
NC1=C(/C=C/CNCCO)C=C(OCCCO)C=C1,27/000000037,"InChI=1S/C14H22N2O3/c15-14-5-4-13(19-10-2-8-17)11-12(14)3-1-6-16-7-9-18/h1,3-5,11,16-18H,2,6-10,15H2/b3-1+",C14H22N2O3,266.163042564,0.6250999999999998,4.05,5.66,5.09,0.0,2.5406899691655447,1,DRUGLIKE_CONCAT,HsDHODH_Druglike,5,4,87.74000000000001,9,14,3,2,0.7368421052631579,0.15789473684210525,0.10526315789473684,0.42857142857142855,0.0,19,1,0,1,0,0,0,0,0
C=CCCC(=O)C1=C(CC(=O)O)C(O)=NO1,3/000000017,"InChI=1S/C10H11NO5/c1-2-3-4-7(12)9-6(5-8(13)14)10(15)11-16-9/h2H,1,3-5H2,(H,11,15)(H,13,14)",C10H11NO5,225.063722452,1.1562,4.05,2.01,2.35,-40.0,3.141609656028117,1,DRUGLIKE_CONCAT,HsDHODH_Druglike,5,2,100.63000000000001,6,10,5,1,0.625,0.3125,0.0625,0.3,0.0,16,1,0,1,1,0,1,0,0
CCC1=CN=C([C@@H](CO)C2=CC(O)=C(C#CCF)N=C2)O1,26/000000085,"InChI=1S/C15H15FN2O3/c1-2-11-8-18-15(21-11)12(9-19)10-6-14(20)13(17-7-10)4-3-5-16/h6-8,12,19-20H,2,5,9H2,1H3/t12-/m0/s1",C15H15N2O3F,290.10667056,1.7828,4.05,2.51,22.5,-170.0,4.107637434506678,1,DRUGLIKE_CONCAT,HsDHODH_Druglike,5,2,79.38000000000001,4,15,3,2,0.7142857142857143,0.14285714285714285,0.09523809523809523,0.3333333333333333,0.06666666666666667,21,2,0,2,2,0,2,0,0
O=C(O)C#CC1=CC=C(C2=CNC=NC2)C=C1I,26/000000057,"InChI=1S/C13H9IN2O2/c14-12-5-10(11-6-15-8-16-7-11)2-1-9(12)3-4-13(17)18/h1-2,5-6,8H,7H2,(H,15,16)(H,17,18)",C13H9N2O2I,351.970875528,1.6997000000000002,4.05,7.23,19.4,-161.0,3.673221760833544,1,DRUGLIKE_CONCAT,HsDHODH_Druglike,3,2,61.69,1,13,2,2,0.7222222222222222,0.1111111111111111,0.1111111111111111,0.07692307692307693,0.0,18,2,1,1,1,1,0,0,0
NC(=O)C1=NC=C(C(=O)C#CC2=CN=C(CCF)N2)O1,30/000000007,"InChI=1S/C12H9FN4O3/c13-4-3-10-15-5-7(17-10)1-2-8(18)9-6-16-12(20-9)11(14)19/h5-6H,3-4H2,(H2,14,19)(H,15,17)",C12H9N4O3F,276.065868368,0.24299999999999994,4.05,0.09,4.94,-20.0,3.770727059127702,1,DRUGLIKE_CONCAT,HsDHODH_Druglike,5,2,114.87000000000002,4,12,3,4,0.6,0.15,0.2,0.16666666666666666,0.0,20,2,0,2,2,0,2,0,0
NC1=CC(OC(=O)C2=C(O)C(O)=CC=C2)=C(Cl)N=C1,3/000000013,"InChI=1S/C12H9ClN2O4/c13-11-9(4-6(14)5-15-11)19-12(18)7-2-1-3-8(16)10(7)17/h1-5,16-17H,14H2",C12H9N2O4Cl,280.02508444800003,1.9475999999999996,4.05,5.2,3.58,0.0,2.4205190618677133,1,DRUGLIKE_CONCAT,HsDHODH_Druglike,6,3,105.67,2,12,4,2,0.631578947368421,0.21052631578947367,0.10526315789473684,0.0,0.0,19,2,0,2,1,0,1,0,0
CC(=O)[C@H](N)C/C=C/C1=CC(O)=CC=C1I,28/000000267,"InChI=1S/C12H14INO2/c1-8(15)12(14)4-2-3-9-7-10(16)5-6-11(9)13/h2-3,5-7,12,16H,4,14H2,1H3/p+1/b3-2+/t12-/m1/s1",C12H15NO2I,331.00692668799996,2.3164,4.05,5.5,3.58,-170.0,4.028107718002933,1,DRUGLIKE_CONCAT,HsDHODH_Druglike,3,2,63.32000000000001,4,12,2,1,0.75,0.125,0.0625,0.25,0.08333333333333333,16,1,0,1,0,0,0,0,0
NC(=O)CC1=C[C@@H](/C=C/C2=CN=CC(Br)=C2)NC(CO)=C1,13/000000004,"InChI=1S/C15H16BrN3O2/c16-12-3-10(7-18-8-12)1-2-13-4-11(6-15(17)21)5-14(9-20)19-13/h1-5,7-8,13,19-20H,6,9H2,(H2,17,21)/b2-1+/t13-/m1/s1",C15H16N3O2Br,349.042588852,1.5070999999999999,4.05,5.62,20.3,-150.0,4.139192584441489,1,DRUGLIKE_CONCAT,HsDHODH_Druglike,4,3,88.24000000000001,5,15,2,3,0.7142857142857143,0.09523809523809523,0.14285714285714285,0.2,0.06666666666666667,21,2,1,1,2,1,1,0,0
CC1=C(CO)OC(C(=O)C2=NNC(=O)N2)=CC1,23/000000299,"InChI=1S/C10H11N3O4/c1-5-2-3-6(17-7(5)4-14)8(15)9-11-10(16)13-12-9/h3,14H,2,4H2,1H3,(H2,11,12,13,16)",C10H11N3O4,237.074955832,-0.14880000000000004,4.05,3.98,2.22,-20.0,3.96649375041666,1,DRUGLIKE_CONCAT,HsDHODH_Druglike,5,3,108.07,3,10,4,3,0.5882352941176471,0.23529411764705882,0.17647058823529413,0.3,0.0,17,2,1,1,2,1,1,0,0
OC1=C(C#CC2=C(Cl)N=CN2)C=CC(Cl)=C1,26/000000026,"InChI=1S/C11H6Cl2N2O/c12-8-3-1-7(10(16)5-8)2-4-9-11(13)15-6-14-9/h1,3,5-6,16H,(H,14,15)",C11H6N2OCl2,251.985718172,2.8219000000000003,4.05,4.02,17.7,0.0,3.089437706117563,1,DRUGLIKE_CONCAT,HsDHODH_Druglike,2,2,48.910000000000004,0,11,1,2,0.6875,0.0625,0.125,0.0,0.0,16,2,0,2,1,0,1,0,0
C=CCN[C@@H](C)C1=C(CC(=O)O)C(O)=NO1,3/000000039,"InChI=1S/C10H14N2O4/c1-3-4-11-6(2)9-7(5-8(13)14)10(15)12-16-9/h3,6,11H,1,4-5H2,2H3,(H,12,15)(H,13,14)/t6-/m0/s1",C10H14N2O4,226.095356928,0.8438999999999999,4.05,1.5,3.72,-190.0,3.679922029273058,1,DRUGLIKE_CONCAT,HsDHODH_Druglike,5,3,95.59,6,10,4,2,0.625,0.25,0.125,0.4,0.1,16,1,0,1,1,0,1,0,0
O=C(C1=CCCN1)C1=NC2=C(N=NN2)C(O)=N1,7/000000101,"InChI=1S/C9H8N6O2/c16-6(4-2-1-3-10-4)8-11-7-5(9(17)12-8)13-15-14-7/h2,10H,1,3H2,(H2,11,12,13,14,15,17)",C9H8N6O2,232.070873496,-0.4866000000000004,4.05,1.19,19.6,-40.0,4.035410380898641,1,DRUGLIKE_CONCAT,HsDHODH_Druglike,7,3,116.68,2,9,2,6,0.5294117647058824,0.11764705882352941,0.35294117647058826,0.2222222222222222,0.0,17,3,1,2,3,1,2,0,0
CCCC#CC(=O)C1=CCC(C2=CC(CO)=C(CO)O2)=CO1,23/000000018,"InChI=1S/C17H18O5/c1-2-3-4-5-14(20)15-7-6-12(11-21-15)16-8-13(9-18)17(10-19)22-16/h7-8,11,18-19H,2-3,6,9-10H2,1H3",C17H18O5,302.115423676,2.2819000000000003,4.05,2.64,24.4,-160.0,3.9554913472611983,1,DRUGLIKE_CONCAT,HsDHODH_Druglike,5,2,79.9,5,17,5,0,0.7727272727272727,0.22727272727272727,0.0,0.35294117647058826,0.0,22,2,1,1,2,1,1,0,0
CNC/C=C/CC1=NC(O)=NC=C1C(=O)O,29/000000147,"InChI=1S/C10H13N3O3/c1-11-5-3-2-4-8-7(9(14)15)6-12-10(16)13-8/h2-3,6,11H,4-5H2,1H3,(H,14,15)(H,12,13,16)/b3-2+",C10H13N3O3,223.095691276,0.19849999999999968,4.05,6.19,3.85,-20.0,3.355943580243437,1,DRUGLIKE_CONCAT,HsDHODH_Druglike,5,3,95.34000000000002,5,10,3,3,0.625,0.1875,0.1875,0.3,0.0,16,1,0,1,1,0,1,0,0
NC/C=C/C1=CN=C(C2=C(C(=O)O)C(CO)=NN2)C=C1Br,7/000000053,"InChI=1S/C13H13BrN4O3/c14-8-4-9(16-5-7(8)2-1-3-15)12-11(13(20)21)10(6-19)17-18-12/h1-2,4-5,19H,3,6,15H2,(H,17,18)(H,20,21)/b2-1+",C13H12N4O3Br,352.017102376,1.3965999999999998,4.05,8.8,22.3,-120.0,3.3683314188406577,1,DRUGLIKE_CONCAT,HsDHODH_Druglike,5,4,125.12,5,13,3,4,0.6190476190476191,0.14285714285714285,0.19047619047619047,0.15384615384615385,0.0,21,2,0,2,2,0,2,0,0
NC(=O)/C=C\[C@H](O)C1=CC(Cl)=CC=C1O,21/000000262,"InChI=1S/C10H10ClNO3/c11-6-1-2-8(13)7(5-6)9(14)3-4-10(12)15/h1-5,9,13-14H,(H2,12,15)/b4-3-/t9-/m0/s1",C10H10NO3Cl,227.03492086,1.1205,4.05,3.33,2.35,-150.0,3.2159484974155834,1,DRUGLIKE_CONCAT,HsDHODH_Druglike,3,3,83.55000000000001,3,10,3,1,0.6666666666666666,0.2,0.06666666666666667,0.1,0.1,15,1,0,1,0,0,0,0,0
NC[C@@H](C/C=C/C1=C(I)C=CC(O)=C1)C(=O)O,28/000000052,"InChI=1S/C12H14INO3/c13-11-5-4-10(15)6-8(11)2-1-3-9(7-14)12(16)17/h1-2,4-6,9,15H,3,7,14H2,(H,16,17)/b2-1+/t9-/m1/s1",C12H14NO3I,347.00184130799994,2.0596,4.05,5.05,3.58,-150.0,3.357611793228142,1,DRUGLIKE_CONCAT,HsDHODH_Druglike,3,3,83.55,5,12,3,1,0.7058823529411765,0.17647058823529413,0.058823529411764705,0.25,0.08333333333333333,17,1,0,1,0,0,0,0,0
CCN1C([C@H](O)CO)=NN(CBr)C1=O,21/000000178,"InChI=1S/C7H12BrN3O3/c1-2-10-6(5(13)3-12)9-11(4-8)7(10)14/h5,12-13H,2-4H2,1H3/t5-/m1/s1",C7H12N3O3Br,265.006203344,-0.5572000000000001,4.04,4.16,2.35,-170.0,3.809586151413992,1,DRUGLIKE_CONCAT,HsDHODH_Druglike,6,2,80.28,4,7,3,3,0.5,0.21428571428571427,0.21428571428571427,0.7142857142857143,0.14285714285714285,14,1,0,1,1,0,1,0,0
C=C(CCC1=CC=C(C(=O)C2=NC(=O)ON2)N1)[C@H](C)O,23/000000482,"InChI=1S/C13H15N3O4/c1-7(8(2)17)3-4-9-5-6-10(14-9)11(18)12-15-13(19)20-16-12/h5-6,8,14,17H,1,3-4H2,2H3,(H,15,16,19)/t8-/m0/s1",C13H15N3O4,277.10625596,0.7915999999999999,4.04,5.09,3.58,-170.0,4.07512543973737,1,DRUGLIKE_CONCAT,HsDHODH_Druglike,5,3,111.98,6,13,4,3,0.65,0.2,0.15,0.3076923076923077,0.07692307692307693,20,2,0,2,2,0,2,0,0
CCCNC/C(C)=C\C1=C(C2=C(CO)C=NN2)NN=N1,23/000000166,"InChI=1S/C13H20N6O/c1-3-4-14-6-9(2)5-11-13(18-19-16-11)12-10(8-20)7-15-17-12/h5,7,14,20H,3-4,6,8H2,1-2H3,(H,15,17)(H,16,18,19)/b9-5-",C13H20N6O,276.16985926,1.0899999999999996,4.04,0.87,24.6,-180.0,3.5578720706950815,1,DRUGLIKE_CONCAT,HsDHODH_Druglike,5,4,102.50999999999999,7,13,1,6,0.65,0.05,0.3,0.46153846153846156,0.0,20,2,0,2,2,0,2,0,0
C[C@@H](C#CCC1=NC=NC(CN)=C1)C1=CC=CC=C1O,22/000000048,"InChI=1S/C16H17N3O/c1-12(15-7-2-3-8-16(15)20)5-4-6-13-9-14(10-17)19-11-18-13/h2-3,7-9,11-12,20H,6,10,17H2,1H3/p+1/t12-/m0/s1",C16H18N3O,267.137162164,1.9905000000000004,4.04,2.0,15.4,-170.0,4.004442348092174,1,DRUGLIKE_CONCAT,HsDHODH_Druglike,4,2,72.03,3,16,1,3,0.8,0.05,0.15,0.25,0.0625,20,2,0,2,1,0,1,0,0
O=C(O)CC1=C(C[C@@H]2C=CCO2)ON=C1O,3/000000187,"InChI=1S/C10H11NO5/c12-9(13)5-7-8(16-11-10(7)14)4-6-2-1-3-15-6/h1-2,6H,3-5H2,(H,11,14)(H,12,13)/t6-/m0/s1",C10H11NO5,225.063722452,0.5047999999999999,4.04,2.01,2.48,-190.0,4.106343853959999,1,DRUGLIKE_CONCAT,HsDHODH_Druglike,5,2,92.79,4,10,5,1,0.625,0.3125,0.0625,0.4,0.1,16,2,1,1,2,1,1,0,0
COC1=C(C(=O)O)C2=C(C=C1)NCO2,21/000000112,"InChI=1S/C9H9NO4/c1-13-6-3-2-5-8(14-4-10-5)7(6)9(11)12/h2-3,10H,4H2,1H3,(H,11,12)",C9H9NO4,195.053157768,1.1552,4.04,2.58,2.22,-60.0,2.834794195159594,1,DRUGLIKE_CONCAT,HsDHODH_Druglike,4,2,67.79,2,9,4,1,0.6428571428571429,0.2857142857142857,0.07142857142857142,0.2222222222222222,0.0,14,2,1,1,1,1,0,0,0
CC(=O)N[C@H](CO)C/C=C/C1=CC(O)=CC=C1I,28/000000061,"InChI=1S/C13H16INO3/c1-9(17)15-11(8-16)4-2-3-10-7-12(18)5-6-13(10)14/h2-3,5-7,11,16,18H,4,8H2,1H3,(H,15,17)/b3-2+/t11-/m0/s1",C13H16NO3I,361.017491372,1.8970999999999998,4.04,7.16,3.58,-170.0,3.358484587963078,1,DRUGLIKE_CONCAT,HsDHODH_Druglike,3,3,69.56,5,13,3,1,0.7222222222222222,0.16666666666666666,0.05555555555555555,0.3076923076923077,0.07692307692307693,18,1,0,1,0,0,0,0,0
C=C(COC(=O)CC)CC(=O)C1=NC(NC)=C2C=NNC2=N1,21/000000098,"InChI=1S/C14H17N5O3/c1-4-11(21)22-7-8(2)5-10(20)14-17-12(15-3)9-6-16-19-13(9)18-14/h6H,2,4-5,7H2,1,3H3,(H2,15,16,17,18,19)",C14H17N5O3,303.1331394040001,1.4767999999999997,4.04,3.96,22.4,-140.0,3.2225087291918015,1,DRUGLIKE_CONCAT,HsDHODH_Druglike,7,2,109.86,7,14,3,5,0.6363636363636364,0.13636363636363635,0.22727272727272727,0.35714285714285715,0.0,22,2,0,2,2,0,2,0,0
C=C[C@@H](F)C1=NC(O)=NC=C1C(=O)O,29/000000013,"InChI=1S/C8H7FN2O3/c1-2-5(9)6-4(7(12)13)3-10-8(14)11-6/h2-3,5H,1H2,(H,12,13)(H,10,11,14)/t5-/m1/s1",C8H7N2O3F,198.044070304,1.077,4.04,6.83,14.3,-150.0,3.9567707667986074,1,DRUGLIKE_CONCAT,HsDHODH_Druglike,4,2,83.31,3,8,3,2,0.5714285714285714,0.21428571428571427,0.14285714285714285,0.125,0.125,14,1,0,1,1,0,1,0,0
C[C@@H](CO)C1=C(CC(=O)O)C(O)=NO1,3/000000131,"InChI=1S/C8H11NO5/c1-4(3-10)7-5(2-6(11)12)8(13)9-14-7/h4,10H,2-3H2,1H3,(H,9,13)(H,11,12)/t4-/m0/s1",C8H11NO5,201.063722452,0.10310000000000002,4.04,1.88,4.69,-170.0,3.60626847989632,1,DRUGLIKE_CONCAT,HsDHODH_Druglike,5,3,103.79,4,8,5,1,0.5714285714285714,0.35714285714285715,0.07142857142857142,0.5,0.125,14,1,0,1,1,0,1,0,0
NCC1=CC=C(O)C=C1C1=NNN=C1,28/000000138,"InChI=1S/C9H10N4O/c10-4-6-1-2-7(14)3-8(6)9-5-11-13-12-9/h1-3,5,14H,4,10H2,(H,11,12,13)",C9H10N4O,190.08546094,0.636,4.04,2.14,14.6,-120.0,2.727239047230599,1,DRUGLIKE_CONCAT,HsDHODH_Druglike,4,3,87.82000000000001,2,9,1,4,0.6428571428571429,0.07142857142857142,0.2857142857142857,0.1111111111111111,0.0,14,2,0,2,1,0,1,0,0
O=C(O)CC1=CC2=C(C=CC(C#CCNCCBr)=C2)C1,26/000000015,"InChI=1S/C16H16BrNO2/c17-5-7-18-6-1-2-12-3-4-14-9-13(11-16(19)20)10-15(14)8-12/h3-4,8,10,18H,5-7,9,11H2,(H,19,20)/p+1",C16H17NO2Br,333.036440852,2.4368000000000007,4.04,6.18,19.1,-40.0,3.960736848023016,1,DRUGLIKE_CONCAT,HsDHODH_Druglike,2,2,49.33,5,16,2,1,0.8,0.1,0.05,0.3125,0.0,20,2,1,1,0,0,0,0,0
CC#CCC1=CC(O)=CN=C1C(=O)C1=CC=CN1,10/000000004,"InChI=1S/C14H12N2O2/c1-2-3-5-10-8-11(17)9-16-13(10)14(18)12-6-4-7-15-12/h4,6-9,15,17H,5H2,1H3",C14H12N2O2,240.089877624,1.9121,4.04,1.15,18.4,-60.0,3.245074249521327,1,DRUGLIKE_CONCAT,HsDHODH_Druglike,3,2,65.98,3,14,2,2,0.7777777777777778,0.1111111111111111,0.1111111111111111,0.14285714285714285,0.0,18,2,0,2,2,0,2,0,0
NCC1=NC=C([C@H](O)/C=C\CO)C=C1Br,13/000000067,"InChI=1S/C10H13BrN2O2/c11-8-4-7(6-13-9(8)5-12)10(15)2-1-3-14/h1-2,4,6,10,14-15H,3,5,12H2/b2-1-/t10-/m1/s1",C10H13N2O2Br,272.01603975600005,0.8846999999999996,4.04,3.77,2.35,-150.0,3.732228685032843,1,DRUGLIKE_CONCAT,HsDHODH_Druglike,4,3,79.37,4,10,2,2,0.6666666666666666,0.13333333333333333,0.13333333333333333,0.3,0.1,15,1,0,1,1,0,1,0,0
O=C(O)C1=CC=C(C2=C(C(=O)O)C(C(=O)O)=CN2)O1,9/000000039,"InChI=1S/C11H7NO7/c13-9(14)4-3-12-8(7(4)11(17)18)5-1-2-6(19-5)10(15)16/h1-3,12H,(H,13,14)(H,15,16)(H,17,18)",C11H7NO7,265.02225156400004,1.3693,4.04,6.18,3.58,-80.0,2.650254373388771,1,DRUGLIKE_CONCAT,HsDHODH_Druglike,4,4,140.82999999999998,4,11,7,1,0.5789473684210527,0.3684210526315789,0.05263157894736842,0.0,0.0,19,2,0,2,2,0,2,0,0
C=C(COC(=O)CBr)CC(=O)C1=NC(N)=C2C=NNC2=N1,21/000000048,"InChI=1S/C12H12BrN5O3/c1-6(5-21-9(20)3-13)2-8(19)12-16-10(14)7-4-15-18-11(7)17-12/h4H,1-3,5H2,(H3,14,15,16,17,18)",C12H12N5O3Br,353.0123513440001,1.0022,4.04,4.29,22.9,-60.0,3.3994685541191725,1,DRUGLIKE_CONCAT,HsDHODH_Druglike,7,2,123.85000000000001,6,12,3,5,0.5714285714285714,0.14285714285714285,0.23809523809523808,0.25,0.0,21,2,0,2,2,0,2,0,0
NC(=O)N1N=CC=C1CCC1=C(Cl)C2=C(C=C1)CNNC2,15/000000008,"InChI=1S/C14H16ClN5O/c15-13-9(1-2-10-7-17-18-8-12(10)13)3-4-11-5-6-19-20(11)14(16)21/h1-2,5-6,17-18H,3-4,7-8H2,(H2,16,21)",C14H16N5OCl,305.10433781200004,1.3562999999999994,4.04,5.34,2.48,-80.0,3.448179005047555,1,DRUGLIKE_CONCAT,HsDHODH_Druglike,5,3,84.97,3,14,1,5,0.6666666666666666,0.047619047619047616,0.23809523809523808,0.2857142857142857,0.0,21,3,1,2,2,1,1,0,0
O=C(O)N1C(C2=NC=C(CCCCCl)C(Br)=C2)=NNC1=O,7/000000005,"InChI=1S/C12H12BrClN4O3/c13-8-5-9(15-6-7(8)3-1-2-4-14)10-16-17-11(19)18(10)12(20)21/h5-6H,1-4H2,(H,17,19)(H,20,21)",C12H12N4O3ClBr,373.978130024,2.4835000000000003,4.04,7.55,21.5,-120.0,3.1229346018645296,1,DRUGLIKE_CONCAT,HsDHODH_Druglike,5,2,100.86999999999998,5,12,3,4,0.5714285714285714,0.14285714285714285,0.19047619047619047,0.3333333333333333,0.0,21,2,0,2,2,0,2,0,0
CCCCCC1=NC=C(C2=C(CO)C(C(=O)O)=CN2)O1,9/000000012,"InChI=1S/C14H18N2O4/c1-2-3-4-5-12-15-7-11(20-12)13-10(8-17)9(6-16-13)14(18)19/h6-7,16-17H,2-5,8H2,1H3,(H,18,19)",C14H18N2O4,278.126657056,2.5928999999999993,4.04,6.27,3.72,-140.0,2.817651784402427,1,DRUGLIKE_CONCAT,HsDHODH_Druglike,4,3,99.35000000000001,7,14,4,2,0.7,0.2,0.1,0.42857142857142855,0.0,20,2,0,2,2,0,2,0,0
C=C(N)[C@H](O)C1=CC(O)=CC(Br)=C1,28/000000014,"InChI=1S/C9H10BrNO2/c1-5(11)9(13)6-2-7(10)4-8(12)3-6/h2-4,9,12-13H,1,11H2/t9-/m0/s1",C9H10NO2Br,242.98949066,1.6604999999999999,4.04,2.45,2.22,-150.0,3.340860015498321,1,DRUGLIKE_CONCAT,HsDHODH_Druglike,3,3,66.48,2,9,2,1,0.6923076923076923,0.15384615384615385,0.07692307692307693,0.1111111111111111,0.1111111111111111,13,1,0,1,0,0,0,0,0
COCNC[C@H](O)CNC/C=C/C1=C(F)C=CC(F)=C1,16/000000019,"InChI=1S/C14H20F2N2O2/c1-20-10-18-9-13(19)8-17-6-2-3-11-7-12(15)4-5-14(11)16/h2-5,7,13,17-19H,6,8-10H2,1H3/b3-2+/t13-/m1/s1",C14H20N2O2F2,286.14928432,1.1219999999999997,4.04,3.45,3.58,-170.0,3.269807327849259,1,DRUGLIKE_CONCAT,HsDHODH_Druglike,4,3,53.519999999999996,9,14,2,2,0.7,0.1,0.1,0.42857142857142855,0.07142857142857142,20,1,0,1,0,0,0,0,0
O=C(NCC#CCO)C1=NC=NC(C2=NON=C2)=C1,6/000000034,"InChI=1S/C11H9N5O3/c17-4-2-1-3-12-11(18)9-5-8(13-7-14-9)10-6-15-19-16-10/h5-7,17H,3-4H2,(H,12,18)",C11H9N5O3,259.070539148,-0.7479000000000005,4.04,3.57,23.0,-160.0,3.35666628618186,1,DRUGLIKE_CONCAT,HsDHODH_Druglike,7,2,114.03,3,11,3,5,0.5789473684210527,0.15789473684210525,0.2631578947368421,0.18181818181818182,0.0,19,2,0,2,2,0,2,0,0
C=C[C@@H](CBr)C1=NC(CCC2=CCC(CN)=CO2)=CC=C1O,12/000000012,"InChI=1S/C17H21BrN2O2/c1-2-13(9-18)17-16(21)8-5-14(20-17)4-7-15-6-3-12(10-19)11-22-15/h2,5-6,8,11,13,21H,1,3-4,7,9-10,19H2/t13-/m0/s1",C17H21N2O2Br,364.078640012,3.5311000000000026,4.04,7.61,19.1,-150.0,4.4642428052773315,1,DRUGLIKE_CONCAT,HsDHODH_Druglike,4,2,68.37,7,17,2,2,0.7727272727272727,0.09090909090909091,0.09090909090909091,0.35294117647058826,0.058823529411764705,22,2,1,1,2,1,1,0,0
O=C([C@@H](F)C/C=C/C1=NC=NN1)N1N=NC2=C1N=CN=C2O,18/000000046,"InChI=1S/C11H9FN8O2/c12-6(2-1-3-7-13-5-16-17-7)11(22)20-9-8(18-19-20)10(21)15-4-14-9/h1,3-6H,2H2,(H,13,16,17)(H,14,15,21)/b3-1+/t6-/m0/s1",C11H9N8O2F,304.083249748,0.1267999999999997,4.03,2.82,3.58,-190.0,4.2616813731610605,1,DRUGLIKE_CONCAT,HsDHODH_Druglike,9,2,135.36,4,11,2,8,0.5,0.09090909090909091,0.36363636363636365,0.18181818181818182,0.09090909090909091,22,3,0,3,3,0,3,0,0
C/C=C/CCCC1=NC(O)=NC=C1C(=O)O,29/000000199,"InChI=1S/C11H14N2O3/c1-2-3-4-5-6-9-8(10(14)15)7-12-11(16)13-9/h2-3,7H,4-6H2,1H3,(H,14,15)(H,12,13,16)/b3-2+",C11H14N2O3,222.100442308,1.7792,4.03,4.99,3.85,-20.0,3.038822601222458,1,DRUGLIKE_CONCAT,HsDHODH_Druglike,4,2,83.31,5,11,3,2,0.6875,0.1875,0.125,0.36363636363636365,0.0,16,1,0,1,1,0,1,0,0
OCC1=CC(CCCl)=C[C@@H](/C=C/C2=CN=CC(Br)=C2)N1,13/000000003,"InChI=1S/C15H16BrClN2O/c16-13-5-12(8-18-9-13)1-2-14-6-11(3-4-17)7-15(10-20)19-14/h1-2,5-9,14,19-20H,3-4,10H2/b2-1+/t14-/m1/s1",C15H16N2OClBr,354.013452912,3.260600000000001,4.03,5.13,3.72,-150.0,4.236409149711605,1,DRUGLIKE_CONCAT,HsDHODH_Druglike,3,2,45.150000000000006,5,15,1,2,0.75,0.05,0.1,0.26666666666666666,0.06666666666666667,20,2,1,1,2,1,1,0,0
CCN1C(C2=NC=C(C(=O)O)C(Br)=C2)=NN(CCCN)C1=O,7/000000069,"InChI=1S/C13H16BrN5O3/c1-2-18-11(17-19(13(18)22)5-3-4-15)10-6-9(14)8(7-16-10)12(20)21/h6-7H,2-5,15H2,1H3,(H,20,21)",C13H16N5O3Br,369.043651472,0.9361999999999999,4.03,5.64,21.8,-140.0,2.8291087418021412,1,DRUGLIKE_CONCAT,HsDHODH_Druglike,7,2,116.03,6,13,3,5,0.5909090909090909,0.13636363636363635,0.22727272727272727,0.38461538461538464,0.0,22,2,0,2,2,0,2,0,0
O=C(O)CC1=C(C2=NNC(=O)O2)NC=C1C(=O)O,9/000000009,"InChI=1S/C9H7N3O6/c13-5(14)1-3-4(8(15)16)2-10-6(3)7-11-12-9(17)18-7/h2,10H,1H2,(H,12,17)(H,13,14)(H,15,16)",C9H7N3O6,253.033484944,-0.31670000000000026,4.03,8.2,3.72,-80.0,3.101040229759575,1,DRUGLIKE_CONCAT,HsDHODH_Druglike,5,4,149.27999999999997,4,9,6,3,0.5,0.3333333333333333,0.16666666666666666,0.1111111111111111,0.0,18,2,0,2,2,0,2,0,0
O=C(O)C1=CN=C(O)N=C1CCCCl,29/000000166,"InChI=1S/C8H9ClN2O3/c9-3-1-2-6-5(7(12)13)4-10-8(14)11-6/h4H,1-3H2,(H,12,13)(H,10,11,14)",C8H9N2O3Cl,216.030169828,1.0517999999999998,4.03,3.67,3.85,0.0,2.959451435894568,1,DRUGLIKE_CONCAT,HsDHODH_Druglike,4,2,83.31,4,8,3,2,0.5714285714285714,0.21428571428571427,0.14285714285714285,0.375,0.0,14,1,0,1,1,0,1,0,0
O=C(O)CC1=C([C@H](O)C2=NON=C2)ON=C1O,3/000000168,"InChI=1S/C8H7N3O6/c12-5(13)1-3-7(16-11-8(3)15)6(14)4-2-9-17-10-4/h2,6,14H,1H2,(H,11,15)(H,12,13)/t6-/m1/s1",C8H7N3O6,241.033484944,-0.528,4.03,1.74,2.35,-190.0,4.2275647427762815,1,DRUGLIKE_CONCAT,HsDHODH_Druglike,8,3,142.71,4,8,6,3,0.47058823529411764,0.35294117647058826,0.17647058823529413,0.25,0.125,17,2,0,2,2,0,2,0,0
O=C(O)CC1=C(CC2=CC=CCC2)ON=C1O,3/000000205,"InChI=1S/C12H13NO4/c14-11(15)7-9-10(17-13-12(9)16)6-8-4-2-1-3-5-8/h1-2,4H,3,5-7H2,(H,13,16)(H,14,15)",C12H13NO4,235.084457896,1.8261999999999996,4.03,1.48,19.4,-60.0,3.448956004917479,1,DRUGLIKE_CONCAT,HsDHODH_Druglike,4,2,83.56,4,12,4,1,0.7058823529411765,0.23529411764705882,0.058823529411764705,0.3333333333333333,0.0,17,2,1,1,1,0,1,0,0
CC1=CC=C(O)C=C1C1=NNN=C1,28/000000129,"InChI=1S/C9H9N3O/c1-6-2-3-7(13)4-8(6)9-5-10-12-11-9/h2-5,13H,1H3,(H,10,11,12)",C9H9N3O,175.074561908,1.4857199999999997,4.03,1.43,13.2,-140.0,2.4617478581169348,1,DRUGLIKE_CONCAT,HsDHODH_Druglike,3,2,61.800000000000004,1,9,1,3,0.6923076923076923,0.07692307692307693,0.23076923076923078,0.1111111111111111,0.0,13,2,0,2,1,0,1,0,0
C[C@@H](N)C1=C(CC(=O)O)C(O)=NO1,3/000000026,"InChI=1S/C7H10N2O4/c1-3(8)6-4(2-5(10)11)7(12)9-13-6/h3H,2,8H2,1H3,(H,9,12)(H,10,11)/t3-/m1/s1",C7H10N2O4,186.0640568,0.027000000000000024,4.03,1.77,3.33,-170.0,3.557267255317324,1,DRUGLIKE_CONCAT,HsDHODH_Druglike,5,3,109.58000000000001,3,7,4,2,0.5384615384615384,0.3076923076923077,0.15384615384615385,0.42857142857142855,0.14285714285714285,13,1,0,1,1,0,1,0,0
C[C@@H](F)C1=NC(O)=NC=C1C(=O)O,29/000000080,"InChI=1S/C7H7FN2O3/c1-3(8)5-4(6(11)12)2-9-7(13)10-5/h2-3H,1H3,(H,11,12)(H,9,10,13)/t3-/m1/s1",C7H7N2O3F,186.044070304,0.9108999999999998,4.03,5.25,12.7,-170.0,3.5574912372177776,1,DRUGLIKE_CONCAT,HsDHODH_Druglike,4,2,83.31,2,7,3,2,0.5384615384615384,0.23076923076923078,0.15384615384615385,0.2857142857142857,0.14285714285714285,13,1,0,1,1,0,1,0,0
NC[C@@H](Cl)CCCC#CC1=CC2=C(C=C1O)OCN2,21/000000151,"InChI=1S/C14H17ClN2O2/c15-11(8-16)5-3-1-2-4-10-6-12-14(7-13(10)18)19-9-17-12/h6-7,11,17-18H,1,3,5,8-9,16H2/t11-/m0/s1",C14H17N2O2Cl,280.097855464,2.2419000000000002,4.03,1.97,17.3,-190.0,3.923600732392593,1,DRUGLIKE_CONCAT,HsDHODH_Druglike,4,3,67.51,4,14,2,2,0.7368421052631579,0.10526315789473684,0.10526315789473684,0.42857142857142855,0.07142857142857142,19,2,1,1,1,1,0,0,0
NC[C@@](O)(Cl)CCCC#CC1=CC2=C(C=C1O)OCN2,21/000000266,"InChI=1S/C14H17ClN2O3/c15-14(19,8-16)5-3-1-2-4-10-6-11-13(7-12(10)18)20-9-17-11/h6-7,17-19H,1,3,5,8-9,16H2/t14-/m1/s1",C14H17N2O3Cl,296.09277008400005,1.5619,4.03,2.95,18.5,-190.0,4.169666393783324,1,DRUGLIKE_CONCAT,HsDHODH_Druglike,5,4,87.74000000000001,4,14,3,2,0.7,0.15,0.1,0.42857142857142855,0.07142857142857142,20,2,1,1,1,1,0,0,0
O=C(O)/C=C/CC1=NC(C2=NN=C(CO)O2)=C(O)C=C1,21/000000205,"InChI=1S/C12H11N3O5/c16-6-9-14-15-12(20-9)11-8(17)5-4-7(13-11)2-1-3-10(18)19/h1,3-5,16-17H,2,6H2,(H,18,19)/b3-1+",C12H11N3O5,277.06987045200003,0.5127999999999999,4.03,5.08,21.6,-120.0,3.0425405206661624,1,DRUGLIKE_CONCAT,HsDHODH_Druglike,7,3,129.57,5,12,5,3,0.6,0.25,0.15,0.16666666666666666,0.0,20,2,0,2,2,0,2,0,0
COC1=CC(/C=C/CNCCO)=C(N)C=C1,27/000000008,"InChI=1S/C12H18N2O2/c1-16-11-4-5-12(13)10(9-11)3-2-6-14-7-8-15/h2-5,9,14-15H,6-8,13H2,1H3/b3-2+",C12H18N2O2,222.136827816,0.8724999999999998,4.03,5.66,2.22,-20.0,2.444963859963716,1,DRUGLIKE_CONCAT,HsDHODH_Druglike,4,3,67.50999999999999,6,12,2,2,0.75,0.125,0.125,0.3333333333333333,0.0,16,1,0,1,0,0,0,0,0
C=C[C@@H](C(=O)O)N1C=CC2=C1C=CC=C2O,30/000000031,"InChI=1S/C12H11NO3/c1-2-9(12(15)16)13-7-6-8-10(13)4-3-5-11(8)14/h2-7,9,14H,1H2,(H,15,16)/t9-/m0/s1",C12H10NO3,217.073893212,2.1586000000000003,4.03,1.5,2.22,-190.0,3.2689777700439153,1,DRUGLIKE_CONCAT,HsDHODH_Druglike,3,2,62.459999999999994,3,12,3,1,0.75,0.1875,0.0625,0.08333333333333333,0.08333333333333333,16,2,0,2,1,0,1,0,0
CCCNC/C=C/C1=CC(CO)=C(C2=NN=NN2)N1,7/000000087,"InChI=1S/C12H18N6O/c1-2-5-13-6-3-4-10-7-9(8-19)11(14-10)12-15-17-18-16-12/h3-4,7,13-14,19H,2,5-6,8H2,1H3,(H,15,16,17,18)/b4-3+",C12H18N6O,262.154209196,0.6998999999999997,4.03,3.01,24.0,-100.0,3.545381810657384,1,DRUGLIKE_CONCAT,HsDHODH_Druglike,5,4,102.50999999999999,7,12,1,6,0.631578947368421,0.05263157894736842,0.3157894736842105,0.4166666666666667,0.0,19,2,0,2,2,0,2,0,0
CC(=O)C/C=C/CNCC1=NC(O)=NC=C1C(=O)O,29/000000192,"InChI=1S/C12H15N3O4/c1-8(16)4-2-3-5-13-7-10-9(11(17)18)6-14-12(19)15-10/h2-3,6,13H,4-5,7H2,1H3,(H,17,18)(H,14,15,19)/b3-2+",C12H15N3O4,265.10625596,0.5052999999999996,4.03,5.87,3.72,-20.0,3.301935925773038,1,DRUGLIKE_CONCAT,HsDHODH_Druglike,6,3,112.41000000000001,7,12,4,3,0.631578947368421,0.21052631578947367,0.15789473684210525,0.3333333333333333,0.0,19,1,0,1,1,0,1,0,0
O=C(O)C1=CN=C(O)N=C1C[C@@H]1C=CCO1,29/000000043,"InChI=1S/C10H10N2O4/c13-9(14)7-5-11-10(15)12-8(7)4-6-2-1-3-16-6/h1-2,5-6H,3-4H2,(H,13,14)(H,11,12,15)/t6-/m0/s1",C10H10N2O4,222.0640568,0.3778999999999999,4.03,4.34,3.85,-150.0,4.021297700113844,1,DRUGLIKE_CONCAT,HsDHODH_Druglike,5,2,92.54,3,10,4,2,0.625,0.25,0.125,0.3,0.1,16,2,1,1,2,1,1,0,0
O=C(O)C#CC1=CC=C(C2=CC(=O)NN2)C=C1I,26/000000148,"InChI=1S/C12H7IN2O3/c13-9-5-8(10-6-11(16)15-14-10)2-1-7(9)3-4-12(17)18/h1-2,5-6H,(H,17,18)(H2,14,15,16)",C12H7N2O3I,353.950140084,1.4107,4.03,7.02,20.3,-120.0,3.236722195222685,1,DRUGLIKE_CONCAT,HsDHODH_Druglike,2,3,85.94999999999999,1,12,3,2,0.6666666666666666,0.16666666666666666,0.1111111111111111,0.0,0.0,18,2,0,2,1,0,1,0,0
C[C@H](/C=C/CO)C1=CC=NC=C1O,21/000000268,"InChI=1S/C10H13NO2/c1-8(3-2-6-12)9-4-5-11-7-10(9)13/h2-5,7-8,12-13H,6H2,1H3/b3-2+/t8-/m1/s1",C10H13NO2,179.094628656,1.4391999999999998,4.03,3.86,2.22,-170.0,3.4909889747743392,1,DRUGLIKE_CONCAT,HsDHODH_Druglike,3,2,53.35000000000001,3,10,2,1,0.7692307692307693,0.15384615384615385,0.07692307692307693,0.3,0.1,13,1,0,1,1,0,1,0,0
N[C@H]1NC2=C(C=C([C@H](Cl)CO)C=C2)N1,4/000000001,"InChI=1S/C9H12ClN3O/c10-6(4-14)5-1-2-7-8(3-5)13-9(11)12-7/h1-3,6,9,12-14H,4,11H2/t6-,9?/m1/s1",C9H10N3OCl,213.066889684,1.0384999999999998,4.03,0.29,12.4,-190.0,4.043379837789185,1,DRUGLIKE_CONCAT,HsDHODH_Druglike,4,4,70.31,2,9,1,3,0.6428571428571429,0.07142857142857142,0.21428571428571427,0.3333333333333333,0.2222222222222222,14,2,1,1,1,1,0,0,0
CC(=O)CC1=CC([C@@H](C(=O)O)C2=NNC(CCl)=C2)=NC(O)=N1,29/000000017,"InChI=1S/C13H13ClN4O4/c1-6(19)2-7-3-9(16-13(22)15-7)11(12(20)21)10-4-8(5-14)17-18-10/h3-4,11H,2,5H2,1H3,(H,17,18)(H,20,21)(H,15,16,22)/t11-/m1/s1",C13H13N4O4Cl,324.062532576,0.9920999999999998,4.03,2.96,4.94,-190.0,3.9660718127215,1,DRUGLIKE_CONCAT,HsDHODH_Druglike,6,3,129.06,6,13,4,4,0.5909090909090909,0.18181818181818182,0.18181818181818182,0.3076923076923077,0.07692307692307693,22,2,0,2,2,0,2,0,0
NCN(CC#CC1=NC=C(CCl)C=C1)CCC1=CNC=NC1,17/000000009,"InChI=1S/C16H20ClN5/c17-8-14-3-4-16(21-11-14)2-1-6-22(12-18)7-5-15-9-19-13-20-10-15/h3-4,9,11,13H,5-8,10,12,18H2,(H,19,20)",C16H20N5Cl,317.14072332,1.2955999999999996,4.02,3.16,21.8,-40.0,3.83485701103291,1,DRUGLIKE_CONCAT,HsDHODH_Druglike,5,2,66.53999999999999,6,16,0,5,0.7272727272727273,0.0,0.22727272727272727,0.375,0.0,22,2,1,1,2,1,1,0,0
CC[C@@H]1C=CC(CC#CC2=CC=C(C(=O)O)N2)=C1,1/000000015,"InChI=1S/C15H15NO2/c1-2-11-6-7-12(10-11)4-3-5-13-8-9-14(16-13)15(17)18/h6-11,16H,2,4H2,1H3,(H,17,18)/t11-/m1/s1",C15H15NO2,241.11027872,2.9769000000000005,4.02,5.94,21.0,-170.0,4.211357410938422,1,DRUGLIKE_CONCAT,HsDHODH_Druglike,1,2,53.089999999999996,3,15,2,1,0.8333333333333334,0.1111111111111111,0.05555555555555555,0.26666666666666666,0.06666666666666667,18,2,1,1,1,0,1,0,0
O=C(O)CC1=C([C@H](O)CCl)ON=C1O,3/000000085,"InChI=1S/C7H8ClNO5/c8-2-4(10)6-3(1-5(11)12)7(13)9-14-6/h4,10H,1-2H2,(H,9,13)(H,11,12)/t4-/m1/s1",C7H8NO5Cl,221.009100036,0.2794999999999999,4.02,2.02,2.35,-150.0,3.8010464424742825,1,DRUGLIKE_CONCAT,HsDHODH_Druglike,5,3,103.79,4,7,5,1,0.5,0.35714285714285715,0.07142857142857142,0.42857142857142855,0.14285714285714285,14,1,0,1,1,0,1,0,0
COC(=O)C1=CON=C1CCC1=C(Cl)C2=C(C=C1)CNNC2,15/000000021,"InChI=1S/C15H16ClN3O3/c1-21-15(20)12-8-22-19-13(12)5-4-9-2-3-10-6-17-18-7-11(10)14(9)16/h2-3,8,17-18H,4-7H2,1H3",C15H16N3O3Cl,321.08801905200005,2.0075999999999996,4.02,6.32,3.84,-100.0,3.3704750055384043,1,DRUGLIKE_CONCAT,HsDHODH_Druglike,6,2,76.39,4,15,3,3,0.6818181818181818,0.13636363636363635,0.13636363636363635,0.3333333333333333,0.0,22,3,1,2,2,1,1,0,0
O=C(C#CCNCC1=CC=CC(O)=C1)C1=CON=C1O,26/000000152,"InChI=1S/C14H12N2O4/c17-11-4-1-3-10(7-11)8-15-6-2-5-13(18)12-9-20-16-14(12)19/h1,3-4,7,9,15,17H,6,8H2,(H,16,19)",C14H12N2O4,272.079706864,1.0616999999999999,4.02,3.16,3.58,0.0,3.1570040545007494,1,DRUGLIKE_CONCAT,HsDHODH_Druglike,6,3,95.59,4,14,4,2,0.7,0.2,0.1,0.14285714285714285,0.0,20,2,0,2,1,0,1,0,0
CC1=NC=C(C(=O)[C@@H](O)C#CC2=NON=C2C(N)=O)C=C1,18/000000077,"InChI=1S/C13H10N4O4/c1-7-2-3-8(6-15-7)12(19)10(18)5-4-9-11(13(14)20)17-21-16-9/h2-3,6,10,18H,1H3,(H2,14,20)/t10-/m0/s1",C13H10N4O4,286.0702048,-0.5327800000000003,4.02,6.08,3.58,-170.0,3.713049078619433,1,DRUGLIKE_CONCAT,HsDHODH_Druglike,7,2,132.2,3,13,4,4,0.6190476190476191,0.19047619047619047,0.19047619047619047,0.15384615384615385,0.07692307692307693,21,2,0,2,2,0,2,0,0
O=C(CO)NC1=CC=C(C#CCCO)C(Cl)=C1,21/000000188,"InChI=1S/C12H12ClNO3/c13-11-7-10(14-12(17)8-16)5-4-9(11)3-1-2-6-15/h4-5,7,15-16H,2,6,8H2,(H,14,17)",C12H12NO3Cl,253.050570924,1.0047000000000001,4.02,5.97,16.5,0.0,2.365954961545956,1,DRUGLIKE_CONCAT,HsDHODH_Druglike,3,3,69.56,3,12,3,1,0.7058823529411765,0.17647058823529413,0.058823529411764705,0.25,0.0,17,1,0,1,0,0,0,0,0
C/C=C\CNC(=O)[C@H](C(=O)O)C1=CN=C(I)C(O)=C1,18/000000100,"InChI=1S/C12H13IN2O4/c1-2-3-4-14-11(17)9(12(18)19)7-5-8(16)10(13)15-6-7/h2-3,5-6,9,16H,4H2,1H3,(H,14,17)(H,18,19)/b3-2-/t9-/m1/s1",C12H13N2O4I,375.99200489599997,1.2522999999999997,4.02,2.33,3.33,-170.0,3.6426796162538313,1,DRUGLIKE_CONCAT,HsDHODH_Druglike,4,3,99.52000000000001,5,12,4,2,0.631578947368421,0.21052631578947367,0.10526315789473684,0.25,0.08333333333333333,19,1,0,1,1,0,1,0,0
NC/C=C/CCC1=CC(C(=O)O)=C(C2=NNN=N2)C1,4/000000002,"InChI=1S/C12H15N5O2/c13-5-3-1-2-4-8-6-9(10(7-8)12(18)19)11-14-16-17-15-11/h1,3,7H,2,4-6,13H2,(H,18,19)(H,14,15,16,17)/p+1/b3-1+",C12H16N5O2,261.12257472,0.6630999999999998,4.02,4.12,24.8,-80.0,4.087089969165544,1,DRUGLIKE_CONCAT,HsDHODH_Druglike,5,3,117.78,6,12,2,5,0.631578947368421,0.10526315789473684,0.2631578947368421,0.3333333333333333,0.0,19,2,1,1,1,0,1,0,0
C=C[C@@H](CCCCO)C1=CC=C(C(=O)C2=NC(=O)ON2)N1,23/000000423,"InChI=1S/C14H17N3O4/c1-2-9(5-3-4-8-18)10-6-7-11(15-10)12(19)13-16-14(20)21-17-13/h2,6-7,9,15,18H,1,3-5,8H2,(H,16,17,20)/t9-/m0/s1",C14H17N3O4,291.12190602400005,1.3541999999999998,4.02,6.77,3.58,-150.0,3.994479155497552,1,DRUGLIKE_CONCAT,HsDHODH_Druglike,5,3,111.97999999999999,8,14,4,3,0.6666666666666666,0.19047619047619047,0.14285714285714285,0.35714285714285715,0.07142857142857142,21,2,0,2,2,0,2,0,0
C=C(CC)CC(=O)C1=C(CC(=O)O)C(O)=NO1,3/000000028,"InChI=1S/C11H13NO5/c1-3-6(2)4-8(13)10-7(5-9(14)15)11(16)12-17-10/h2-5H2,1H3,(H,12,16)(H,14,15)",C11H13NO5,239.079372516,1.5463,4.02,1.62,2.35,-80.0,3.3348819664559413,1,DRUGLIKE_CONCAT,HsDHODH_Druglike,5,2,100.63000000000001,6,11,5,1,0.6470588235294118,0.29411764705882354,0.058823529411764705,0.36363636363636365,0.0,17,1,0,1,1,0,1,0,0
C=C(C1=CC=C(C2=C(Cl)C=NN2)C(CBr)=C1)C1=CNN=N1,30/000000012,"InChI=1S/C14H11BrClN5/c1-8(13-7-18-21-19-13)9-2-3-11(10(4-9)5-15)14-12(16)6-17-20-14/h2-4,6-7H,1,5H2,(H,17,20)(H,18,19,21)",C14H11N5ClBr,362.9886351320001,3.8046000000000015,4.02,7.67,3.58,-174.0,3.5389636204321704,1,DRUGLIKE_CONCAT,HsDHODH_Druglike,3,2,70.25,4,14,0,5,0.6666666666666666,0.0,0.23809523809523808,0.07142857142857142,0.0,21,3,0,3,2,0,2,0,0
OC1=CC2=C(C=C1CCNCCC1=NON=C1)NCO2,21/000000216,"InChI=1S/C13H16N4O3/c18-12-6-13-11(15-8-19-13)5-9(12)1-3-14-4-2-10-7-16-20-17-10/h5-7,14-15,18H,1-4,8H2",C13H16N4O3,276.12224037199996,0.9117999999999996,4.02,2.57,2.35,-40.0,3.432294413383615,1,DRUGLIKE_CONCAT,HsDHODH_Druglike,7,3,92.44000000000001,6,13,3,4,0.65,0.15,0.2,0.38461538461538464,0.0,20,3,1,2,2,1,1,0,0
C=CC[C@H](C)CC1=CC(=O)NC(C(=O)C2=CCCN2)=C1,7/000000097,"InChI=1S/C16H20N2O2/c1-3-5-11(2)8-12-9-14(18-15(19)10-12)16(20)13-6-4-7-17-13/h3,6,9-11,17H,1,4-5,7-8H2,2H3,(H,18,19)/t11-/m0/s1",C16H20N2O2,272.15247788,2.1895,4.02,1.88,3.58,-190.0,3.9388707893877193,1,DRUGLIKE_CONCAT,HsDHODH_Druglike,3,2,61.96,6,16,2,2,0.8,0.1,0.1,0.375,0.0625,20,2,1,1,2,1,1,0,0
O=C1C=C(/C=C/C2=CC(F)=CC=C2F)O[C@@H]1CNCO,16/000000096,"InChI=1S/C14H13F2NO3/c15-10-2-4-12(16)9(5-10)1-3-11-6-13(19)14(20-11)7-17-8-18/h1-6,14,17-18H,7-8H2/b3-1+/t14-/m1/s1",C14H13NO3F2,281.08634971600003,1.3691999999999995,4.02,3.38,3.58,-150.0,3.712449086091016,1,DRUGLIKE_CONCAT,HsDHODH_Druglike,4,2,58.56,5,14,3,1,0.7,0.15,0.05,0.21428571428571427,0.07142857142857142,20,2,1,1,1,1,0,0,0
CCCC1=CC([C@@H](C(=O)O)C2=NNC=C2)=NC(O)=N1,29/000000011,"InChI=1S/C12H14N4O3/c1-2-3-7-6-9(15-12(19)14-7)10(11(17)18)8-4-5-13-16-8/h4-6,10H,2-3H2,1H3,(H,13,16)(H,17,18)(H,14,15,19)/t10-/m0/s1",C12H14N4O3,262.106590308,1.0742999999999998,4.02,3.66,3.58,-190.0,3.9873752365048336,1,DRUGLIKE_CONCAT,HsDHODH_Druglike,5,3,111.99,5,12,3,4,0.631578947368421,0.15789473684210525,0.21052631578947367,0.3333333333333333,0.08333333333333333,19,2,0,2,2,0,2,0,0
COC1=CC(OCC2=COC[C@@H](C#CC(=O)O)O2)=CC(N)=C1,19/000000001,"InChI=1S/C15H15NO6/c1-19-12-4-10(16)5-13(6-12)21-9-14-8-20-7-11(22-14)2-3-15(17)18/h4-6,8,11H,7,9,16H2,1H3,(H,17,18)/t11-/m1/s1",C15H15NO6,305.08993720000007,1.001,4.02,2.74,21.6,-190.0,3.863911539768647,1,DRUGLIKE_CONCAT,HsDHODH_Druglike,6,2,100.24000000000001,4,15,6,1,0.6818181818181818,0.2727272727272727,0.045454545454545456,0.26666666666666666,0.06666666666666667,22,2,1,1,1,1,0,0,0
O=C(O)CC1=C(C[C@H]2CCO2)ON=C1O,3/000000197,"InChI=1S/C9H11NO5/c11-8(12)4-6-7(15-10-9(6)13)3-5-1-2-14-5/h5H,1-4H2,(H,10,13)(H,11,12)/t5-/m1/s1",C9H11NO5,213.063722452,0.33870000000000006,4.02,1.91,2.48,-190.0,3.578928122181062,1,DRUGLIKE_CONCAT,HsDHODH_Druglike,5,2,92.79,4,9,5,1,0.6,0.3333333333333333,0.06666666666666667,0.5555555555555556,0.1111111111111111,15,2,1,1,2,1,1,0,0
CC[C@H](O)C1=CCC=C(C(=O)N/C=C\CN)O1,23/000000533,"InChI=1S/C12H18N2O3/c1-2-9(15)10-5-3-6-11(17-10)12(16)14-8-4-7-13/h4-6,8-9,15H,2-3,7,13H2,1H3,(H,14,16)/p+1/b8-4-/t9-/m0/s1",C12H19N2O3,238.131742436,0.534,4.02,4.97,3.58,-170.0,4.938402713316379,1,DRUGLIKE_CONCAT,HsDHODH_Druglike,4,3,84.58,5,12,3,2,0.7058823529411765,0.17647058823529413,0.11764705882352941,0.4166666666666667,0.08333333333333333,17,1,1,0,1,1,0,0,0
O=C(O)[C@@H]1CN/C(=C\CC2=NC(Cl)=CN2)N1,13/000000111,"InChI=1S/C9H11ClN4O2/c10-6-4-12-8(14-6)2-1-7-11-3-5(13-7)9(15)16/h1,4-5,11,13H,2-3H2,(H,12,14)(H,15,16)/b7-1+/t5-/m0/s1",C9H11N4O2Cl,242.057053272,0.09300000000000008,4.02,3.7,2.22,-150.0,4.630383853959998,1,DRUGLIKE_CONCAT,HsDHODH_Druglike,4,4,90.03999999999999,3,9,2,4,0.5625,0.125,0.25,0.3333333333333333,0.1111111111111111,16,2,1,1,2,1,1,0,0
O=C(O)C1=CN=C(O)N=C1CCBr,29/000000079,"InChI=1S/C7H7BrN2O3/c8-2-1-5-4(6(11)12)3-9-7(13)10-5/h3H,1-2H2,(H,11,12)(H,9,10,13)",C7H7N2O3Br,245.964004184,0.8177999999999999,4.02,4.98,11.7,0.0,3.1073694203384967,1,DRUGLIKE_CONCAT,HsDHODH_Druglike,4,2,83.31,3,7,3,2,0.5384615384615384,0.23076923076923078,0.15384615384615385,0.2857142857142857,0.0,13,1,0,1,1,0,1,0,0
O=C(CCC1=C(Cl)C2=C(C=C1)CNNC2)C1=NON=C1CF,15/000000040,"InChI=1S/C14H14ClFN4O2/c15-13-8(1-2-9-6-17-18-7-10(9)13)3-4-12(21)14-11(5-16)19-22-20-14/h1-2,17-18H,3-7H2",C14H14N4O2FCl,324.078931588,2.1157999999999997,4.02,4.12,3.84,-80.0,3.555382697846097,1,DRUGLIKE_CONCAT,HsDHODH_Druglike,6,2,80.05,5,14,2,4,0.6363636363636364,0.09090909090909091,0.18181818181818182,0.35714285714285715,0.0,22,3,1,2,2,1,1,0,0
O=C(O)C1=CNC(C2=NON=C2)=C1C(=O)O,9/000000038,"InChI=1S/C8H5N3O5/c12-7(13)3-1-9-6(5(3)8(14)15)4-2-10-16-11-4/h1-2,9H,(H,12,13)(H,14,15)",C8H5N3O5,223.02292026,0.4610999999999999,4.02,8.39,3.58,-80.0,3.3109184054182625,1,DRUGLIKE_CONCAT,HsDHODH_Druglike,5,3,129.30999999999997,3,8,5,3,0.5,0.3125,0.1875,0.0,0.0,16,2,0,2,2,0,2,0,0
C=C[C@@H](OC(=O)C1=CN=C(CO)C(Br)=C1)C1=C(CN)OC=C1,13/000000068,"InChI=1S/C15H15BrN2O4/c1-2-13(10-3-4-21-14(10)6-17)22-15(20)9-5-11(16)12(8-19)18-7-9/h2-5,7,13,19H,1,6,8,17H2/t13-/m1/s1",C15H15N2O4Br,366.02151906,2.4722,4.02,9.38,3.7,-150.0,3.7289790132259135,1,DRUGLIKE_CONCAT,HsDHODH_Druglike,6,2,98.58,6,15,4,2,0.6818181818181818,0.18181818181818182,0.09090909090909091,0.2,0.06666666666666667,22,2,0,2,2,0,2,0,0
O=C(O)/C=C\CCCC(=O)C1=NN=C(C2=CCCOC2)N1,23/000000007,"InChI=1S/C14H17N3O4/c18-11(6-2-1-3-7-12(19)20)14-15-13(16-17-14)10-5-4-8-21-9-10/h3,5,7H,1-2,4,6,8-9H2,(H,19,20)(H,15,16,17)/b7-3-",C14H17N3O4,291.12190602400005,1.6022,4.02,2.77,3.58,-160.0,3.518515158893708,1,DRUGLIKE_CONCAT,HsDHODH_Druglike,5,2,105.16999999999999,7,14,4,3,0.6666666666666666,0.19047619047619047,0.14285714285714285,0.42857142857142855,0.0,21,2,1,1,2,1,1,0,0
CCC1=CC([C@@H](C(=O)O)C2=CC(=O)OC2)=NC(O)=N1,29/000000002,"InChI=1S/C12H12N2O5/c1-2-7-4-8(14-12(18)13-7)10(11(16)17)6-3-9(15)19-5-6/h3-4,10H,2,5H2,1H3,(H,16,17)(H,13,14,18)/t10-/m0/s1",C12H12N2O5,264.07462148400003,0.39599999999999974,4.01,4.04,2.22,-190.0,3.8571283458048224,1,DRUGLIKE_CONCAT,HsDHODH_Druglike,6,2,109.61,4,12,5,2,0.631578947368421,0.2631578947368421,0.10526315789473684,0.3333333333333333,0.08333333333333333,19,2,1,1,2,1,1,0,0
O=C(OC1=C(Cl)N=CC(NCCCl)=C1)C1=CC(O)=CC=C1,3/000000045,"InChI=1S/C14H12Cl2N2O3/c15-4-5-17-10-7-12(13(16)18-8-10)21-14(20)9-2-1-3-11(19)6-9/h1-3,6-8,17,19H,4-5H2",C14H12N2O3Cl2,326.02249760399997,3.310500000000001,4.01,4.52,3.58,0.0,2.4265883401192614,1,DRUGLIKE_CONCAT,HsDHODH_Druglike,5,2,71.45,5,14,3,2,0.6666666666666666,0.14285714285714285,0.09523809523809523,0.14285714285714285,0.0,21,2,0,2,1,0,1,0,0
C=C[C@@H](CCC(C)=O)C1=CC=C(C(=O)C2=NC(=O)ON2)N1,23/000000079,"InChI=1S/C14H15N3O4/c1-3-9(5-4-8(2)18)10-6-7-11(15-10)12(19)13-16-14(20)21-17-13/h3,6-7,9,15H,1,4-5H2,2H3,(H,16,17,20)/t9-/m0/s1",C14H15N3O4,289.10625596000006,1.5607999999999997,4.01,5.91,3.58,-170.0,4.088640325303783,1,DRUGLIKE_CONCAT,HsDHODH_Druglike,5,2,108.82,7,14,4,3,0.6666666666666666,0.19047619047619047,0.14285714285714285,0.2857142857142857,0.07142857142857142,21,2,0,2,2,0,2,0,0
C=C(CBr)C(=O)CCCC1=CC=C(C(=O)C2=NC(=O)ON2)N1,23/000000032,"InChI=1S/C14H14BrN3O4/c1-8(7-15)11(19)4-2-3-9-5-6-10(16-9)12(20)13-17-14(21)22-18-13/h5-6,16H,1-4,7H2,(H,17,18,21)",C14H14N3O4Br,367.016768028,1.7649,4.01,6.93,3.58,0.0,3.6218431554213097,1,DRUGLIKE_CONCAT,HsDHODH_Druglike,5,2,108.82,8,14,4,3,0.6363636363636364,0.18181818181818182,0.13636363636363635,0.2857142857142857,0.0,22,2,0,2,2,0,2,0,0
OCCC1=CC(CO)=C(C2=NON=C2)C=C1,17/000000006,"InChI=1S/C11H12N2O3/c14-4-3-8-1-2-10(9(5-8)7-15)11-6-12-16-13-11/h1-2,5-6,14-15H,3-4,7H2",C11H12N2O3,220.084792244,0.7637,4.01,4.31,15.4,-120.0,2.949017706117562,1,DRUGLIKE_CONCAT,HsDHODH_Druglike,5,2,79.38000000000001,4,11,3,2,0.6875,0.1875,0.125,0.2727272727272727,0.0,16,2,0,2,1,0,1,0,0
C[C@H](F)C1=NC(O)=NC=C1C(=O)O,29/000000076,"InChI=1S/C7H7FN2O3/c1-3(8)5-4(6(11)12)2-9-7(13)10-5/h2-3H,1H3,(H,11,12)(H,9,10,13)/t3-/m0/s1",C7H7N2O3F,186.044070304,0.9108999999999998,4.01,4.46,12.7,-170.0,3.5574912372177776,1,DRUGLIKE_CONCAT,HsDHODH_Druglike,4,2,83.31,2,7,3,2,0.5384615384615384,0.23076923076923078,0.15384615384615385,0.2857142857142857,0.14285714285714285,13,1,0,1,1,0,1,0,0
O=C(O)[C@H](C1=CNC=N1)N1C=CC2=C1C=CC=C2O,30/000000030,"InChI=1S/C13H11N3O3/c17-11-3-1-2-10-8(11)4-5-16(10)12(13(18)19)9-6-14-7-15-9/h1-7,12,17H,(H,14,15)(H,18,19)/t12-/m0/s1",C13H10N3O3,257.080041212,1.7439999999999998,4.01,2.36,2.22,-190.0,3.497336629828492,1,DRUGLIKE_CONCAT,HsDHODH_Druglike,4,3,91.14,3,13,3,3,0.6842105263157895,0.15789473684210525,0.15789473684210525,0.07692307692307693,0.07692307692307693,19,3,0,3,2,0,2,0,0
CNCC1=NC=C(/C=C/[C@H]2NC(=O)C=C2CCl)C=C1Br,13/000000119,"InChI=1S/C14H15BrClN3O/c1-17-8-13-11(15)4-9(7-18-13)2-3-12-10(6-16)5-14(20)19-12/h2-5,7,12,17H,6,8H2,1H3,(H,19,20)/p+1/b3-2+/t12-/m1/s1",C14H16N3OClBr,355.00870188000005,2.2403000000000004,4.01,7.34,3.85,-170.0,4.769427382794312,1,DRUGLIKE_CONCAT,HsDHODH_Druglike,3,2,54.02,5,14,1,3,0.7,0.05,0.15,0.2857142857142857,0.07142857142857142,20,2,1,1,2,1,1,0,0
C=C(CC1=NN=CN1)C1=CC([C@@H](O)C2=CCN=CN2)=CC=C1,14/000000009,"InChI=1S/C16H17N5O/c1-11(7-15-19-10-20-21-15)12-3-2-4-13(8-12)16(22)14-5-6-17-9-18-14/h2-5,8-10,16,22H,1,6-7H2,(H,17,18)(H,19,20,21)/t16-/m1/s1",C16H17N5O,295.143310164,1.6094,4.01,6.68,3.58,-150.0,4.401030995413808,1,DRUGLIKE_CONCAT,HsDHODH_Druglike,5,3,86.19,5,16,1,5,0.7272727272727273,0.045454545454545456,0.22727272727272727,0.1875,0.0625,22,3,1,2,2,1,1,0,0
O=C(O)CC1=C([C@@H](O)CF)ON=C1O,3/000000096,"InChI=1S/C7H8FNO5/c8-2-4(10)6-3(1-5(11)12)7(13)9-14-6/h4,10H,1-2H2,(H,9,13)(H,11,12)/t4-/m0/s1",C7H8NO5F,205.038650576,0.010200000000000042,4.01,2.14,2.35,-150.0,3.8607944674223074,1,DRUGLIKE_CONCAT,HsDHODH_Druglike,5,3,103.79,4,7,5,1,0.5,0.35714285714285715,0.07142857142857142,0.42857142857142855,0.14285714285714285,14,1,0,1,1,0,1,0,0
O=C(CCO)[C@@H](/C=C/C1=CC=C(Cl)C(Cl)=C1)NCO,13/000000175,"InChI=1S/C13H15Cl2NO3/c14-10-3-1-9(7-11(10)15)2-4-12(16-8-18)13(19)5-6-17/h1-4,7,12,16-18H,5-6,8H2/b4-2+/t12-/m1/s1",C13H15NO3Cl2,303.0428987,1.8660999999999999,4.01,6.24,2.22,-150.0,3.4241404759823366,1,DRUGLIKE_CONCAT,HsDHODH_Druglike,4,3,69.56,7,13,3,1,0.6842105263157895,0.15789473684210525,0.05263157894736842,0.3076923076923077,0.07692307692307693,19,1,0,1,0,0,0,0,0
OCCC/C=C/CN1C=CC(CO)=C1C1=NN=NN1,7/000000080,"InChI=1S/C12H17N5O2/c18-8-4-2-1-3-6-17-7-5-10(9-19)11(17)12-13-15-16-14-12/h1,3,5,7,18-19H,2,4,6,8-9H2,(H,13,14,15,16)/b3-1+",C12H17N5O2,263.138224784,0.48919999999999975,4.01,5.42,5.09,-80.0,3.4052889435245177,1,DRUGLIKE_CONCAT,HsDHODH_Druglike,6,3,99.85,7,12,2,5,0.631578947368421,0.10526315789473684,0.2631578947368421,0.4166666666666667,0.0,19,2,0,2,2,0,2,0,0
NC[C@H](CCC#CC1=CC2=C(C=C1O)OCN2)C1=NNN=C1,21/000000140,"InChI=1S/C15H17N5O2/c16-7-11(13-8-18-20-19-13)4-2-1-3-10-5-12-15(6-14(10)21)22-9-17-12/h5-6,8,11,17,21H,2,4,7,9,16H2,(H,18,19,20)/t11-/m0/s1",C15H17N5O2,299.13822478400004,1.1462999999999999,4.01,2.39,24.0,-190.0,4.149623783875346,1,DRUGLIKE_CONCAT,HsDHODH_Druglike,6,4,109.08,4,15,2,5,0.6818181818181818,0.09090909090909091,0.22727272727272727,0.3333333333333333,0.06666666666666667,22,3,1,2,2,1,1,0,0
C=C[C@@H](CCCCNC)C1=CC=C(C(=O)C2=NC(=O)ON2)N1,23/000000448,"InChI=1S/C15H20N4O3/c1-3-10(6-4-5-9-16-2)11-7-8-12(17-11)13(20)14-18-15(21)22-19-14/h3,7-8,10,16-17H,1,4-6,9H2,2H3,(H,18,19,21)/t10-/m0/s1",C15H20N4O3,304.1535405,1.5812999999999997,4.01,6.75,3.58,-170.0,3.988598388403883,1,DRUGLIKE_CONCAT,HsDHODH_Druglike,5,3,103.78,9,15,3,4,0.6818181818181818,0.13636363636363635,0.18181818181818182,0.4,0.06666666666666667,22,2,0,2,2,0,2,0,0
C=CC1=CN=C(C2=CC(CO)=NN2CCO)C=C1Br,7/000000007,"InChI=1S/C13H14BrN3O2/c1-2-9-7-15-12(6-11(9)14)13-5-10(8-19)16-17(13)3-4-18/h2,5-7,18-19H,1,3-4,8H2",C13H14N3O2Br,323.026938788,1.8351999999999997,4.01,7.84,18.7,-120.0,3.1538919043372893,1,DRUGLIKE_CONCAT,HsDHODH_Druglike,5,2,71.17,5,13,2,3,0.6842105263157895,0.10526315789473684,0.15789473684210525,0.23076923076923078,0.0,19,2,0,2,2,0,2,0,0
O=C(O)CNC1=CN=C(Cl)C(CNC2=CN=C(Cl)C=C2)=C1,3/000000250,"InChI=1S/C13H12Cl2N4O2/c14-11-2-1-9(5-18-11)16-4-8-3-10(6-19-13(8)15)17-7-12(20)21/h1-3,5-6,16-17H,4,7H2,(H,20,21)",C13H12N4O2Cl2,326.033730984,2.8920000000000012,4.01,4.81,3.58,0.0,2.4813463583721944,1,DRUGLIKE_CONCAT,HsDHODH_Druglike,5,3,87.14,6,13,2,4,0.6190476190476191,0.09523809523809523,0.19047619047619047,0.15384615384615385,0.0,21,2,0,2,2,0,2,0,0
C=CC1=NC=C(C2=C(CO)C(C(=O)O)=CN2)O1,9/000000011,"InChI=1S/C11H10N2O4/c1-2-9-12-4-8(17-9)10-7(5-14)6(3-13-10)11(15)16/h2-4,13-14H,1,5H2,(H,15,16)",C11H10N2O4,234.0640568,1.5031999999999996,4.01,6.4,3.58,-80.0,3.407409626030409,1,DRUGLIKE_CONCAT,HsDHODH_Druglike,4,3,99.35000000000001,4,11,4,2,0.6470588235294118,0.23529411764705882,0.11764705882352941,0.09090909090909091,0.0,17,2,0,2,2,0,2,0,0
C[C@H](N)C1=NNC(/C=C/C2=C(I)C=CC(O)=C2)=C1,28/000000046,"InChI=1S/C13H14IN3O/c1-8(15)13-7-10(16-17-13)3-2-9-6-11(18)4-5-12(9)14/h2-8,18H,15H2,1H3,(H,16,17)/b3-2+/t8-/m0/s1",C13H14N3OI,355.01816006799993,2.910000000000001,4.01,4.43,2.22,-170.0,3.7095461892189654,1,DRUGLIKE_CONCAT,HsDHODH_Druglike,3,3,74.92999999999999,3,13,1,3,0.7222222222222222,0.05555555555555555,0.16666666666666666,0.15384615384615385,0.07692307692307693,18,2,0,2,1,0,1,0,0
O=C(O)/C=C/CC1=NC(C2=NN=C(CO)O2)=CC=C1F,21/000000208,"InChI=1S/C12H10FN3O4/c13-7-4-5-9(12-16-15-10(6-17)20-12)14-8(7)2-1-3-11(18)19/h1,3-5,17H,2,6H2,(H,18,19)/b3-1+",C12H10N3O4F,279.06553402000003,0.9462999999999999,4.01,5.24,23.1,-120.0,2.9654495866002293,1,DRUGLIKE_CONCAT,HsDHODH_Druglike,6,2,109.34,5,12,4,3,0.6,0.2,0.15,0.16666666666666666,0.0,20,2,0,2,2,0,2,0,0
OC1=C(C#CCCCC2=NC=CN=C2)C=C2NCOC2=C1,21/000000087,"InChI=1S/C16H15N3O2/c20-15-9-16-14(19-11-21-16)8-12(15)4-2-1-3-5-13-10-17-6-7-18-13/h6-10,19-20H,1,3,5,11H2",C16H15N3O2,281.11642672,2.3184000000000005,4.01,1.41,17.0,-40.0,3.1731034219210024,1,DRUGLIKE_CONCAT,HsDHODH_Druglike,5,2,67.27000000000001,3,16,2,3,0.7619047619047619,0.09523809523809523,0.14285714285714285,0.25,0.0,21,3,1,2,2,1,1,0,0
O=C1N=C(/C=C/C2=CC(O)=CC(CCCCO)=C2)NO1,28/000000013,"InChI=1S/C14H16N2O4/c17-6-2-1-3-10-7-11(9-12(18)8-10)4-5-13-15-14(19)20-16-13/h4-5,7-9,17-18H,1-3,6H2,(H,15,16,19)/b5-4+",C14H16N2O4,276.111006992,1.5538999999999998,4.01,2.77,3.58,-60.0,2.9276461597639063,1,DRUGLIKE_CONCAT,HsDHODH_Druglike,5,3,99.35000000000001,6,14,4,2,0.7,0.2,0.1,0.2857142857142857,0.0,20,2,0,2,1,0,1,0,0
CC(=O)CCC#CCC1=CC(O)=CC(C2=NNN=C2)=C1,28/000000232,"InChI=1S/C15H15N3O2/c1-11(19)5-3-2-4-6-12-7-13(9-14(20)8-12)15-10-16-18-17-15/h7-10,20H,3,5-6H2,1H3,(H,16,17,18)",C15H15N3O2,269.11642672,2.0923999999999996,4.01,3.08,21.8,-140.0,3.0876761192780764,1,DRUGLIKE_CONCAT,HsDHODH_Druglike,4,2,78.86999999999999,4,15,2,3,0.75,0.1,0.15,0.26666666666666666,0.0,20,2,0,2,1,0,1,0,0
O=C(O)CC1=C(C(=O)CC2=CC=CO2)ON=C1O,3/000000040,"InChI=1S/C11H9NO6/c13-8(4-6-2-1-3-17-6)10-7(5-9(14)15)11(16)12-18-10/h1-3H,4-5H2,(H,12,16)(H,14,15)",C11H9NO6,251.042987008,1.0257,4.01,2.15,2.35,-60.0,2.9576723490688384,1,DRUGLIKE_CONCAT,HsDHODH_Druglike,6,2,113.77,5,11,6,1,0.6111111111111112,0.3333333333333333,0.05555555555555555,0.18181818181818182,0.0,18,2,0,2,2,0,2,0,0
CCOC1=CC(/C=C/C2=C(Br)C(C(=O)O)=NN2)=CC=C1,9/000000048,"InChI=1S/C14H13BrN2O3/c1-2-20-10-5-3-4-9(8-10)6-7-11-12(15)13(14(18)19)17-16-11/h3-8H,2H2,1H3,(H,16,17)(H,18,19)/b7-6+",C14H13N2O3Br,336.0109543760001,3.4395000000000016,4.01,2.39,3.7,-20.0,2.5946421690178116,1,DRUGLIKE_CONCAT,HsDHODH_Druglike,3,2,75.21000000000001,5,14,3,2,0.7,0.15,0.1,0.14285714285714285,0.0,20,2,0,2,1,0,1,0,0
O=C(O)CC1=NC=C([C@@H](Cl)C2=NON=C2)N1,22/000000051,"InChI=1S/C8H7ClN4O3/c9-8(5-3-11-16-13-5)4-2-10-6(12-4)1-7(14)15/h2-3,8H,1H2,(H,10,12)(H,14,15)/t8-/m1/s1",C8H7N4O3Cl,242.020667764,0.7479999999999998,4.01,1.76,22.0,-170.0,4.170257700113844,1,DRUGLIKE_CONCAT,HsDHODH_Druglike,5,2,104.9,4,8,3,4,0.5,0.1875,0.25,0.25,0.125,16,2,0,2,2,0,2,0,0
C=CCN1C(CCO)=NN([C@@H](Br)CN)C1=O,21/000000106,"InChI=1S/C9H15BrN4O2/c1-2-4-13-8(3-5-15)12-14(9(13)16)7(10)6-11/h2,7,15H,1,3-6,11H2/t7-/m1/s1",C9H15N4O2Br,290.03783782,-0.3822000000000005,4.01,1.96,17.8,-170.0,3.9384071813303025,1,DRUGLIKE_CONCAT,HsDHODH_Druglike,6,2,86.07,6,9,2,4,0.5625,0.125,0.25,0.5555555555555556,0.1111111111111111,16,1,0,1,1,0,1,0,0
C=C(N)C1=COC(C(=O)CC2=C(Br)C(O)=CC=C2)=C1,28/000000261,"InChI=1S/C14H12BrNO3/c1-8(16)10-6-13(19-7-10)12(18)5-9-3-2-4-11(17)14(9)15/h2-4,6-7,17H,1,5,16H2",C14H12NO3Br,321.000055344,3.102500000000001,4.01,5.4,3.58,0.0,3.084122612163571,1,DRUGLIKE_CONCAT,HsDHODH_Druglike,4,2,76.46,4,14,3,1,0.7368421052631579,0.15789473684210525,0.05263157894736842,0.07142857142857142,0.0,19,2,0,2,1,0,1,0,0
NC(=O)C1=NON=C1C#C[C@H](O)C(=O)C1=CN=CC(F)=C1,18/000000081,"InChI=1S/C12H7FN4O4/c13-7-3-6(4-15-5-7)11(19)9(18)2-1-8-10(12(14)20)17-21-16-8/h3-5,9,18H,(H2,14,20)/t9-/m0/s1",C12H7N4O4F,290.04513292400003,-0.7021000000000008,4.01,5.44,3.58,-150.0,3.8514127390968858,1,DRUGLIKE_CONCAT,HsDHODH_Druglike,7,2,132.2,3,12,4,4,0.5714285714285714,0.19047619047619047,0.19047619047619047,0.08333333333333333,0.08333333333333333,21,2,0,2,2,0,2,0,0
O=C(O)CC1=C(C(=O)CC2=CNN=C2)ON=C1O,3/000000077,"InChI=1S/C10H9N3O5/c14-7(1-5-3-11-12-4-5)9-6(2-8(15)16)10(17)13-18-9/h3-4H,1-2H2,(H,11,12)(H,13,17)(H,15,16)",C10H9N3O5,251.054220388,0.15580000000000005,4.0,1.52,2.35,-60.0,3.2178997336842228,1,DRUGLIKE_CONCAT,HsDHODH_Druglike,6,3,129.31,5,10,5,3,0.5555555555555556,0.2777777777777778,0.16666666666666666,0.2,0.0,18,2,0,2,2,0,2,0,0
O=C(C#CCO)C1=NN=C(C2=CNC=CC2)N1,23/000000086,"InChI=1S/C11H10N4O2/c16-6-2-4-9(17)11-13-10(14-15-11)8-3-1-5-12-7-8/h1,5,7,12,16H,3,6H2,(H,13,14,15)",C11H10N4O2,230.08037556,-0.1690000000000002,4.0,3.83,2.22,-120.0,4.210863756094874,1,DRUGLIKE_CONCAT,HsDHODH_Druglike,5,3,90.9,2,11,2,4,0.6470588235294118,0.11764705882352941,0.23529411764705882,0.18181818181818182,0.0,17,2,1,1,2,1,1,0,0
CCCN1C(C)=NN=C1C#CC1=NN=C(CO)N1,18/000000053,"InChI=1S/C11H14N6O/c1-3-6-17-8(2)13-16-11(17)5-4-9-12-10(7-18)15-14-9/h18H,3,6-7H2,1-2H3,(H,12,14,15)",C11H14N6O,246.12290906799998,0.006719999999999726,4.0,6.48,22.2,-80.0,3.685213616037163,1,DRUGLIKE_CONCAT,HsDHODH_Druglike,6,2,92.50999999999999,3,11,1,6,0.6111111111111112,0.05555555555555555,0.3333333333333333,0.45454545454545453,0.0,18,2,0,2,2,0,2,0,0
OCC1=NN=C(C#CC2=NN=C(CBr)N2)N1CBr,18/000000015,"InChI=1S/C9H8Br2N6O/c10-3-7-12-6(13-14-7)1-2-8-15-16-9(4-18)17(8)5-11/h18H,3-5H2,(H,12,13,14)",C9H8N6OBr2,373.912633076,0.5355999999999997,4.0,3.94,24.4,0.0,4.2006516250869375,1,DRUGLIKE_CONCAT,HsDHODH_Druglike,6,2,92.51000000000002,3,9,1,6,0.5,0.05555555555555555,0.3333333333333333,0.3333333333333333,0.0,18,2,0,2,2,0,2,0,0
C/C(=C\CN)C1=CC=C(C2=C(Cl)C=NN2)C=C1,30/000000011,"InChI=1S/C13H14ClN3/c1-9(6-7-15)10-2-4-11(5-3-10)13-12(14)8-16-17-13/h2-6,8H,7,15H2,1H3,(H,16,17)/b9-6+",C13H14N3Cl,247.08762512799998,3.0921000000000003,4.0,4.92,3.58,-140.0,2.605707927994402,1,DRUGLIKE_CONCAT,HsDHODH_Druglike,2,2,54.699999999999996,3,13,0,3,0.7647058823529411,0.0,0.17647058823529413,0.15384615384615385,0.0,17,2,0,2,1,0,1,0,0
CCN(C)C(=O)C/C=C\CC1=CC(CO)=C2OCNC2=C1,21/000000064,"InChI=1S/C16H22N2O3/c1-3-18(2)15(20)7-5-4-6-12-8-13(10-19)16-14(9-12)17-11-21-16/h4-5,8-9,17,19H,3,6-7,10-11H2,1-2H3/b5-4-",C16H22N2O3,290.163042564,1.9077999999999997,4.0,5.12,17.2,-120.0,3.376422759936734,1,DRUGLIKE_CONCAT,HsDHODH_Druglike,4,2,61.80000000000001,6,16,3,2,0.7619047619047619,0.14285714285714285,0.09523809523809523,0.4375,0.0,21,2,1,1,1,1,0,0,0
C=C(CCCC1=CC(O)=CC(C2=NNN=C2)=C1)NCCC,28/000000426,"InChI=1S/C16H22N4O/c1-3-7-17-12(2)5-4-6-13-8-14(10-15(21)9-13)16-11-18-20-19-16/h8-11,17,21H,2-7H2,1H3,(H,18,19,20)",C16H22N4O,286.179361324,3.013300000000001,4.0,4.68,19.8,-140.0,2.9133990050475536,1,DRUGLIKE_CONCAT,HsDHODH_Druglike,4,3,73.83,8,16,1,4,0.7619047619047619,0.047619047619047616,0.19047619047619047,0.375,0.0,21,2,0,2,1,0,1,0,0
N[C@@H](CCC(=O)O)C1=NNC(/C=C/C2=C(I)C=CC(O)=C2)=C1,28/000000301,"InChI=1S/C15H16IN3O3/c16-12-4-3-11(20)7-9(12)1-2-10-8-14(19-18-10)13(17)5-6-15(21)22/h1-4,7-8,13,20H,5-6,17H2,(H,18,19)(H,21,22)/b2-1+/t13-/m0/s1",C15H16N3O3I,413.023639372,2.754900000000001,4.0,4.56,3.58,-150.0,3.648058458370933,1,DRUGLIKE_CONCAT,HsDHODH_Druglike,4,4,112.23,6,15,3,3,0.6818181818181818,0.13636363636363635,0.13636363636363635,0.2,0.06666666666666667,22,2,0,2,1,0,1,0,0
NC/C=C\[C@H](N)C1=CC=C(I)C=C1,19/000000046,"InChI=1S/C10H13IN2/c11-9-5-3-8(4-6-9)10(13)2-1-7-12/h1-6,10H,7,12-13H2/b2-1-/t10-/m0/s1",C10H13N2I,288.012346416,1.8059,4.0,1.68,3.58,-150.0,3.450512051697415,1,DRUGLIKE_CONCAT,HsDHODH_Druglike,2,2,52.04,3,10,0,2,0.7692307692307693,0.0,0.15384615384615385,0.2,0.1,13,1,0,1,0,0,0,0,0
CCC/C=C/[C@@H](F)CC1=CC=C(C(=O)C2=NC(=O)ON2)N1,23/000000146,"InChI=1S/C14H16FN3O3/c1-2-3-4-5-9(15)8-10-6-7-11(16-10)12(19)13-17-14(20)21-18-13/h4-7,9,16H,2-3,8H2,1H3,(H,17,18,20)/b5-4+/t9-/m1/s1",C14H16N3O3F,293.11756959200005,2.1589,4.0,5.66,3.58,-170.0,4.126080980790902,1,DRUGLIKE_CONCAT,HsDHODH_Druglike,4,2,91.75,7,14,3,3,0.6666666666666666,0.14285714285714285,0.14285714285714285,0.35714285714285715,0.07142857142857142,21,2,0,2,2,0,2,0,0
CC1=NN=C(C#CC2=NN=C(CO)N2CCN)N1,18/000000070,"InChI=1S/C10H13N7O/c1-7-12-8(14-13-7)2-3-9-15-16-10(6-18)17(9)5-4-11/h18H,4-6,11H2,1H3,(H,12,13,14)/p+1",C10H14N7O,247.11815803599998,-1.4445799999999993,4.0,7.52,23.0,-20.0,4.487299588887843,1,DRUGLIKE_CONCAT,HsDHODH_Druglike,7,3,118.53,3,10,1,7,0.5555555555555556,0.05555555555555555,0.3888888888888889,0.4,0.0,18,2,0,2,2,0,2,0,0
CCCCC1=NC(O)=NC=C1C(=O)O,29/000000099,"InChI=1S/C9H12N2O3/c1-2-3-4-7-6(8(12)13)5-10-9(14)11-7/h5H,2-4H2,1H3,(H,12,13)(H,10,11,14)",C9H12N2O3,196.084792244,1.2229999999999999,4.0,5.83,3.85,-20.0,2.6971214763803975,1,DRUGLIKE_CONCAT,HsDHODH_Druglike,4,2,83.31,4,9,3,2,0.6428571428571429,0.21428571428571427,0.14285714285714285,0.4444444444444444,0.0,14,1,0,1,1,0,1,0,0
CC1=NC(C(=O)C2=NC(O)=NC=C2)=NC=C1/C=C/C1=CC=C(C(N)=O)C(Cl)=C1,12/000000179,"InChI=1S/C19H14ClN5O3/c1-10-12(4-2-11-3-5-13(17(21)27)14(20)8-11)9-23-18(24-10)16(26)15-6-7-22-19(28)25-15/h2-9H,1H3,(H2,21,27)(H,22,25,28)/b4-2+",C19H14N5O3Cl,395.078516988,2.4343200000000005,5.73,6.96,4.94,-20.0,3.087024112710001,1,DRUGLIKE_CRAFT,HsDHODH_Druglike,7,2,131.95,5,19,3,5,0.6785714285714286,0.10714285714285714,0.17857142857142858,0.05263157894736842,0.0,28,3,0,3,2,0,2,0,0
CC1=NC(C(=O)C2=CNC(C(=O)O)=C2)=NC=C1/C=C/C1=CC=C(I)C(Cl)=C1,12/000000208,"InChI=1S/C19H13ClIN3O3/c1-10-12(4-2-11-3-5-15(21)14(20)6-11)8-23-18(24-10)17(25)13-7-16(19(26)27)22-9-13/h2-9,22H,1H3,(H,26,27)/b4-2+",C19H13N3O3ClI,492.969016956,4.470720000000003,5.64,6.43,3.7,-40.0,3.072277961838022,1,DRUGLIKE_CRAFT,HsDHODH_Druglike,4,2,95.94,5,19,3,3,0.7037037037037037,0.1111111111111111,0.1111111111111111,0.05263157894736842,0.0,27,3,0,3,2,0,2,0,0
O=C(C1=NC=C(/C=C/C2=CC=C(CO)C(Cl)=C2)C=N1)C1=NNC(=O)O1,12/000000217,"InChI=1S/C16H11ClN4O4/c17-12-5-9(3-4-11(12)8-22)1-2-10-6-18-14(19-7-10)13(23)15-20-21-16(24)25-15/h1-7,22H,8H2,(H,21,24)/b2-1+",C16H11N4O4Cl,358.046882512,1.6999999999999993,5.43,4.54,4.94,0.0,3.124378863478918,1,DRUGLIKE_CRAFT,HsDHODH_Druglike,7,2,121.96999999999998,5,16,4,4,0.64,0.16,0.16,0.0625,0.0,25,3,0,3,2,0,2,0,0
NCC1=CC=C(/C=C/C2=CN=C(C(=O)C3=NNC(=O)O3)N=C2)C=C1Cl,12/000000231,"InChI=1S/C16H12ClN5O3/c17-12-5-9(3-4-11(12)6-18)1-2-10-7-19-14(20-8-10)13(23)15-21-22-16(24)25-15/h1-5,7-8H,6,18H2,(H,22,24)/p+1/b2-1+",C16H13N5O3Cl,357.062866924,1.6663999999999999,5.42,4.16,4.94,0.0,3.5547836305428397,1,DRUGLIKE_CRAFT,HsDHODH_Druglike,7,2,127.75999999999999,5,16,3,5,0.64,0.12,0.2,0.0625,0.0,25,3,0,3,2,0,2,0,0
NCC1=CC=C(/C=C/C2=CN=C(C(=O)C3=NNC(=O)O3)N=C2)C=C1Cl,12/000000223,"InChI=1S/C16H12ClN5O3/c17-12-5-9(3-4-11(12)6-18)1-2-10-7-19-14(20-8-10)13(23)15-21-22-16(24)25-15/h1-5,7-8H,6,18H2,(H,22,24)/b2-1+",C16H12N5O3Cl,357.062866924,1.6663999999999999,5.42,4.34,4.94,0.0,3.1360973900227966,1,DRUGLIKE_CRAFT,HsDHODH_Druglike,7,2,127.75999999999999,5,16,3,5,0.64,0.12,0.2,0.0625,0.0,25,3,0,3,2,0,2,0,0
C[C@@H](O)C1=CC=C(/C=C/C2=CN=C(C(=O)C3=NNC(=O)O3)N=C2)C=C1Cl,12/000000265,"InChI=1S/C17H13ClN4O4/c1-9(23)12-5-4-10(6-13(12)18)2-3-11-7-19-15(20-8-11)14(24)16-21-22-17(25)26-16/h2-9,23H,1H3,(H,22,25)/b3-2+/t9-/m1/s1",C17H13N4O4Cl,372.062532576,2.261,5.41,5.54,5.08,-170.0,3.5797540566949264,1,DRUGLIKE_CRAFT,HsDHODH_Druglike,7,2,121.97,5,17,4,4,0.6538461538461539,0.15384615384615385,0.15384615384615385,0.11764705882352941,0.058823529411764705,26,3,0,3,2,0,2,0,0
CC1=NC(C(=O)C2=CNC(CCO)=C2)=NC=C1/C=C/C1=CC=C(I)C(Cl)=C1,12/000000210,"InChI=1S/C20H17ClIN3O2/c1-12-14(4-2-13-3-5-18(22)17(21)8-13)10-24-20(25-12)19(27)15-9-16(6-7-26)23-11-15/h2-5,8-11,23,26H,6-7H2,1H3/b4-2+",C20H17N3O2ClI,493.005402464,4.307320000000003,5.35,5.88,4.94,-60.0,3.2335109820809365,1,DRUGLIKE_CRAFT,HsDHODH_Druglike,4,2,78.87,6,20,2,3,0.7407407407407407,0.07407407407407407,0.1111111111111111,0.15,0.0,27,3,0,3,2,0,2,0,0
NCCC1=CC=C(/C=C/C2=CN=C(C(=O)C3=NNC(=O)O3)N=C2)C=C1Cl,12/000000277,"InChI=1S/C17H14ClN5O3/c18-13-7-10(3-4-12(13)5-6-19)1-2-11-8-20-15(21-9-11)14(24)16-22-23-17(25)26-16/h1-4,7-9H,5-6,19H2,(H,23,25)/b2-1+",C17H14N5O3Cl,371.078516988,1.7088999999999996,5.33,4.02,6.45,0.0,3.1192833356175065,1,DRUGLIKE_CRAFT,HsDHODH_Druglike,7,2,127.75999999999999,6,17,3,5,0.6538461538461539,0.11538461538461539,0.19230769230769232,0.11764705882352941,0.0,26,3,0,3,2,0,2,0,0
CC1=NC(C(=O)C2=CC(CN)=NO2)=NC=C1/C=C/C1=CC=C(CN)C(Cl)=C1,12/000000207,"InChI=1S/C19H18ClN5O2/c1-11-14(5-3-12-2-4-13(8-21)16(20)6-12)10-23-19(24-11)18(26)17-7-15(9-22)25-27-17/h2-7,10H,8-9,21-22H2,1H3/p+1/b5-3+",C19H19N5O2Cl,383.114902496,2.7452200000000007,5.31,4.41,4.94,-20.0,3.490191346453406,1,DRUGLIKE_CRAFT,HsDHODH_Druglike,7,2,120.92,6,19,2,5,0.7037037037037037,0.07407407407407407,0.18518518518518517,0.15789473684210525,0.0,27,3,0,3,2,0,2,0,0
O=C(C1=NC=C(/C=C\C2=CC=C([C@H](O)Cl)C(Cl)=C2)C=N1)C1=NNC(=O)O1,12/000000272,"InChI=1S/C16H10Cl2N4O4/c17-11-5-8(3-4-10(11)13(18)24)1-2-9-6-19-14(20-7-9)12(23)15-21-22-16(25)26-15/h1-7,13,24H,(H,22,25)/b2-1+/t13-/m0/s1",C16H10N4O4Cl2,392.00791016000005,2.4374000000000002,5.3,4.08,5.08,-150.0,3.784531085145927,1,DRUGLIKE_CRAFT,HsDHODH_Druglike,7,2,121.96999999999998,5,16,4,4,0.6153846153846154,0.15384615384615385,0.15384615384615385,0.0625,0.0625,26,3,0,3,2,0,2,0,0
O=C(C1=CNC(C(=O)O)=C1)C1=NC=C(/C=C/C2=CC=C(I)C(Cl)=C2)C=N1,12/000000177,"InChI=1S/C18H11ClIN3O3/c19-13-5-10(3-4-14(13)20)1-2-11-7-22-17(23-8-11)16(24)12-6-15(18(25)26)21-9-12/h1-9,21H,(H,25,26)/b2-1+",C18H11N3O3ClI,478.953366892,4.162300000000002,5.29,4.81,3.7,-20.0,2.9535401322455357,1,DRUGLIKE_CRAFT,HsDHODH_Druglike,4,2,95.94,5,18,3,3,0.6923076923076923,0.11538461538461539,0.11538461538461539,0.0,0.0,26,3,0,3,2,0,2,0,0
CC1=NC(C(=O)C2=NNC(=O)O2)=NC=C1/C=C/C1=CC=C(CN)C(Cl)=C1,12/000000259,"InChI=1S/C17H14ClN5O3/c1-9-12(5-3-10-2-4-11(7-19)13(18)6-10)8-20-15(21-9)14(24)16-22-23-17(25)26-16/h2-6,8H,7,19H2,1H3,(H,23,25)/b5-3+",C17H14N5O3Cl,371.078516988,1.9748199999999998,5.28,5.36,4.94,-20.0,3.2511831248693515,1,DRUGLIKE_CRAFT,HsDHODH_Druglike,7,2,127.76,5,17,3,5,0.6538461538461539,0.11538461538461539,0.19230769230769232,0.11764705882352941,0.0,26,3,0,3,2,0,2,0,0
CC1=NC(C(=O)C2=NNC(=O)O2)=NC=C1/C=C/C1=CC=C(CO)C(Cl)=C1,12/000000256,"InChI=1S/C17H13ClN4O4/c1-9-11(4-2-10-3-5-12(8-23)13(18)6-10)7-19-15(20-9)14(24)16-21-22-17(25)26-16/h2-7,23H,8H2,1H3,(H,22,25)/b4-2+",C17H13N4O4Cl,372.06253257599997,2.008419999999999,5.25,6.25,4.94,-20.0,3.239785653847222,1,DRUGLIKE_CRAFT,HsDHODH_Druglike,7,2,121.97000000000001,5,17,4,4,0.6538461538461539,0.15384615384615385,0.15384615384615385,0.11764705882352941,0.0,26,3,0,3,2,0,2,0,0
NC[C@@H](O)C1=CC=C(/C=C/C2=CN=C(C(=O)C3=NC(Cl)=CN3)N=C2)C=C1Cl,12/000000102,"InChI=1S/C18H15Cl2N5O2/c19-13-5-10(3-4-12(13)14(26)6-21)1-2-11-7-22-17(23-8-11)16(27)18-24-9-15(20)25-18/h1-5,7-9,14,26H,6,21H2,(H,24,25)/b2-1+/t14-/m1/s1",C18H15N5O2Cl2,403.0602800800001,2.9000000000000004,5.18,4.11,5.08,-150.0,3.766033688627825,1,DRUGLIKE_CRAFT,HsDHODH_Druglike,6,3,117.78000000000002,6,18,2,5,0.6666666666666666,0.07407407407407407,0.18518518518518517,0.1111111111111111,0.05555555555555555,27,3,0,3,2,0,2,0,0
NCC1=CC(C(=O)C2=NC=C(/C=C/C3=CC=C(I)C(Cl)=C3)C=N2)=CN1,12/000000173,"InChI=1S/C18H14ClIN4O/c19-15-5-11(3-4-16(15)20)1-2-12-8-23-18(24-9-12)17(25)13-6-14(7-21)22-10-13/h1-6,8-10,22H,7,21H2/b2-1+",C18H14N4OClI,463.99008674800007,3.9228000000000023,5.17,4.69,3.58,0.0,3.099475288180977,1,DRUGLIKE_CRAFT,HsDHODH_Druglike,4,2,84.66,5,18,1,4,0.72,0.04,0.16,0.05555555555555555,0.0,25,3,0,3,2,0,2,0,0
CC1=NC(C(=O)C2=NC(O)=NC=C2)=NC=C1/C=C/C1=C(N)C=CC(Cl)=C1,12/000000151,"InChI=1S/C18H14ClN5O2/c1-10-12(3-2-11-8-13(19)4-5-14(11)20)9-22-17(23-10)16(25)15-6-7-21-18(26)24-15/h2-9H,20H2,1H3,(H,21,24,26)/b3-2+",C18H14N5O2Cl,367.083602368,2.9176200000000003,5.16,6.4,3.58,-20.0,3.1709190574299413,1,DRUGLIKE_CRAFT,HsDHODH_Druglike,7,2,114.88,4,18,2,5,0.6923076923076923,0.07692307692307693,0.19230769230769232,0.05555555555555555,0.0,26,3,0,3,2,0,2,0,0
NCCC1=CC(C(=O)C2=NC=C(/C=C/C3=CC=C(CN)C(Cl)=C3)C=N2)=CN1,12/000000156,"InChI=1S/C20H20ClN5O/c21-18-7-13(3-4-15(18)9-23)1-2-14-10-25-20(26-11-14)19(27)16-8-17(5-6-22)24-12-16/h1-4,7-8,10-12,24H,5-6,9,22-23H2/p+2/b2-1+",C20H22N5OCl,381.13563794000004,2.8194,5.12,3.58,6.45,-40.0,3.804016671128731,1,DRUGLIKE_CRAFT,HsDHODH_Druglike,5,3,110.68,7,20,1,5,0.7407407407407407,0.037037037037037035,0.18518518518518517,0.15,0.0,27,3,0,3,2,0,2,0,0
O=C(C1=CNC(CCO)=C1)C1=NC=C(/C=C/C2=CC=C(I)C(Cl)=C2)C=N1,12/000000140,"InChI=1S/C19H15ClIN3O2/c20-16-7-12(3-4-17(16)21)1-2-13-9-23-19(24-10-13)18(26)14-8-15(5-6-25)22-11-14/h1-4,7-11,22,25H,5-6H2/b2-1+",C19H15N3O2ClI,478.98975240000004,3.9989000000000026,5.09,3.93,4.94,-40.0,3.120331152665324,1,DRUGLIKE_CRAFT,HsDHODH_Druglike,4,2,78.87,6,19,2,3,0.7307692307692307,0.07692307692307693,0.11538461538461539,0.10526315789473684,0.0,26,3,0,3,2,0,2,0,0
C[C@H](N)C1=CC(C(=O)C2=NC=C(/C=C/C3=CC=C(I)C(Cl)=C3)C=N2)=CN1,12/000000121,"InChI=1S/C19H16ClIN4O/c1-11(22)17-7-14(10-23-17)18(26)19-24-8-13(9-25-19)3-2-12-4-5-16(21)15(20)6-12/h2-11,23H,22H2,1H3/p+1/b3-2+/t11-/m0/s1",C19H17N4OClI,478.00573681200007,4.483800000000003,5.07,4.67,23.6,-190.0,3.9311390935758546,1,DRUGLIKE_CRAFT,HsDHODH_Druglike,4,2,84.66,5,19,1,4,0.7307692307692307,0.038461538461538464,0.15384615384615385,0.10526315789473684,0.05263157894736842,26,3,0,3,2,0,2,0,0
O=C(C1=NC=C(/C=C/C2=CC=C(CO)C(Cl)=C2)C=N1)C1=CC(O)=NO1,12/000000081,"InChI=1S/C17H12ClN3O4/c18-13-5-10(3-4-12(13)9-22)1-2-11-7-19-17(20-8-11)16(24)14-6-15(23)21-25-14/h1-8,22H,9H2,(H,21,23)/b2-1+",C17H12N3O4Cl,357.05163354399997,2.717300000000001,5.07,3.62,4.94,0.0,3.068600315266566,1,DRUGLIKE_CRAFT,HsDHODH_Druglike,7,2,109.34,5,17,4,3,0.68,0.16,0.12,0.058823529411764705,0.0,25,3,0,3,2,0,2,0,0
C[C@H](O)C1=CC(C(=O)C2=NC=C(/C=C/C3=CC=C(I)C(Cl)=C3)C=N2)=CN1,12/000000126,"InChI=1S/C19H15ClIN3O2/c1-11(25)17-7-14(10-22-17)18(26)19-23-8-13(9-24-19)3-2-12-4-5-16(21)15(20)6-12/h2-11,22,25H,1H3/b3-2+/t11-/m0/s1",C19H15N3O2ClI,478.98975240000004,4.517400000000002,5.05,4.47,4.94,-190.0,3.607691042996296,1,DRUGLIKE_CRAFT,HsDHODH_Druglike,4,2,78.87,5,19,2,3,0.7307692307692307,0.07692307692307693,0.11538461538461539,0.10526315789473684,0.05263157894736842,26,3,0,3,2,0,2,0,0
NC[C@H]1C=C(C(=O)C2=NC=C(/C=C/C3=CC(Cl)=CC=C3Br)C=N2)CN1,12/000000097,"InChI=1S/C18H16BrClN4O/c19-16-4-3-14(20)5-12(16)2-1-11-8-23-18(24-9-11)17(25)13-6-15(7-21)22-10-13/h1-6,8-9,15,22H,7,10,21H2/p+1/b2-1+/t15-/m1/s1",C18H17N4OClBr,418.0196009120001,3.102500000000001,5.0,3.62,3.58,-170.0,4.168176625622545,1,DRUGLIKE_CRAFT,HsDHODH_Druglike,5,2,80.9,5,18,1,4,0.72,0.04,0.16,0.16666666666666666,0.05555555555555555,25,3,1,2,2,1,1,0,0
C=CC1=CC=C([C@H](N)COCCCC(=O)O)C=C1I,10/000000021,"InChI=1S/C14H18INO3/c1-2-10-5-6-11(8-12(10)15)13(16)9-19-7-3-4-14(17)18/h2,5-6,8,13H,1,3-4,7,9,16H2,(H,17,18)/t13-/m1/s1",C14H18NO3I,375.033141436,2.8154000000000012,4.98,8.96,3.72,-150.0,3.164583671248611,1,DRUGLIKE_CRAFT,HsDHODH_Druglike,3,2,72.55,8,14,3,1,0.7368421052631579,0.15789473684210525,0.05263157894736842,0.35714285714285715,0.07142857142857142,19,1,0,1,0,0,0,0,0
CC1=NC(C(=O)C2=NC(CN)=CO2)=NC=C1/C=C/C1=CC=C(CO)C(Cl)=C1,12/000000127,"InChI=1S/C19H17ClN4O3/c1-11-13(4-2-12-3-5-14(9-25)16(20)6-12)8-22-18(23-11)17(26)19-24-15(7-21)10-27-19/h2-6,8,10,25H,7,9,21H2,1H3/b4-2+",C19H17N4O3Cl,384.098918084,2.7788200000000005,4.98,4.07,4.94,-40.0,3.237061791797535,1,DRUGLIKE_CRAFT,HsDHODH_Druglike,7,2,115.13000000000001,6,19,3,4,0.7037037037037037,0.1111111111111111,0.14814814814814814,0.15789473684210525,0.0,27,3,0,3,2,0,2,0,0
CC1=CC=C(/C=C/C2=CN=C(C(=O)C3=CNC(CCN)=C3)N=C2)C=C1Cl,12/000000039,"InChI=1S/C20H19ClN4O/c1-13-2-3-14(8-18(13)21)4-5-15-10-24-20(25-11-15)19(26)16-9-17(6-7-22)23-12-16/h2-5,8-12,23H,6-7,22H2,1H3/p+1/b5-4+",C20H20N4OCl,366.12473890800004,3.6691200000000013,4.95,4.35,4.94,-60.0,3.3096978886320594,1,DRUGLIKE_CRAFT,HsDHODH_Druglike,4,2,84.66,6,20,1,4,0.7692307692307693,0.038461538461538464,0.15384615384615385,0.15,0.0,26,3,0,3,2,0,2,0,0
NCCC1=CC(C(=O)C2=NC=C(/C=C/C3=CC=C(CO)C(Cl)=C3)C=N2)=CN1,12/000000114,"InChI=1S/C20H19ClN4O2/c21-18-7-13(3-4-15(18)12-26)1-2-14-9-24-20(25-10-14)19(27)16-8-17(5-6-22)23-11-16/h1-4,7-11,23,26H,5-6,12,22H2/p+1/b2-1+",C20H20N4O2Cl,382.1196535280001,2.8530000000000006,4.95,5.26,6.45,-40.0,3.4071499378619974,1,DRUGLIKE_CRAFT,HsDHODH_Druglike,5,3,104.89000000000001,7,20,2,4,0.7407407407407407,0.07407407407407407,0.14814814814814814,0.15,0.0,27,3,0,3,2,0,2,0,0
CC1=CC(C2=C(CO)N=C(/C=C/CCCl)O2)=NNC1=O,15/000000197,"InChI=1S/C13H14ClN3O3/c1-8-6-9(16-17-13(8)19)12-10(7-18)15-11(20-12)4-2-3-5-14/h2,4,6,18H,3,5,7H2,1H3,(H,17,19)/b4-2+",C13H14N3O3Cl,295.072368988,1.8677199999999996,4.92,3.47,24.9,-140.0,3.471474586600229,1,DRUGLIKE_CRAFT,HsDHODH_Druglike,5,2,92.00999999999999,5,13,3,3,0.65,0.15,0.15,0.3076923076923077,0.0,20,2,0,2,2,0,2,0,0
C[C@H](O)C1=COC(C(=O)C2=NC=C(/C=C/C3=CC=C(CO)C(Cl)=C3)C=N2)=N1,12/000000045,"InChI=1S/C19H16ClN3O4/c1-11(25)16-10-27-19(23-16)17(26)18-21-7-13(8-22-18)3-2-12-4-5-14(9-24)15(20)6-12/h2-8,10-11,24-25H,9H2,1H3/b3-2+/t11-/m0/s1",C19H16N3O4Cl,385.082933672,3.065000000000002,4.91,3.87,6.45,-170.0,3.612827818182482,1,DRUGLIKE_CRAFT,HsDHODH_Druglike,7,2,109.34,6,19,4,3,0.7037037037037037,0.14814814814814814,0.1111111111111111,0.15789473684210525,0.05263157894736842,27,3,0,3,2,0,2,0,0
O=C(O)CC1=CC(C(=O)C2=NC=C(/C=C/C3=CC=C(I)C(Cl)=C3)C=N2)=CN1,12/000000104,"InChI=1S/C19H13ClIN3O3/c20-15-5-11(3-4-16(15)21)1-2-12-8-23-19(24-9-12)18(27)13-6-14(22-10-13)7-17(25)26/h1-6,8-10,22H,7H2,(H,25,26)/b2-1+",C19H13N3O3ClI,492.9690169560001,4.091200000000003,4.91,4.47,4.94,-60.0,3.09935814807284,1,DRUGLIKE_CRAFT,HsDHODH_Druglike,4,2,95.94,6,19,3,3,0.7037037037037037,0.1111111111111111,0.1111111111111111,0.05263157894736842,0.0,27,3,0,3,2,0,2,0,0
N[C@H](O)C1=NC(C(=O)C2=CC=C(I)C(I)=C2)=CN1,10/000000036,"InChI=1S/C11H9I2N3O2/c12-6-2-1-5(3-7(6)13)9(17)8-4-15-11(16-8)10(14)18/h1-4,10,18H,14H2,(H,15,16)/t10-/m1/s1",C11H9N3O2I2,468.87842252800004,1.7994999999999999,4.9,7.55,2.22,-150.0,3.831553975718182,1,DRUGLIKE_CRAFT,HsDHODH_Druglike,4,3,92.0,3,11,2,3,0.6111111111111112,0.1111111111111111,0.16666666666666666,0.09090909090909091,0.09090909090909091,18,2,0,2,1,0,1,0,0
CCC/C=C/C1=NC(CO)=C(C2=NNC(=O)C(C)=C2)O1,15/000000212,"InChI=1S/C14H17N3O3/c1-3-4-5-6-12-15-11(8-18)13(20-12)10-7-9(2)14(19)17-16-10/h5-7,18H,3-4,8H2,1-2H3,(H,17,19)/b6-5+",C14H17N3O3,275.126991404,2.0389199999999996,4.9,2.47,23.8,-200.0,3.291271839347482,1,DRUGLIKE_CRAFT,HsDHODH_Druglike,5,2,92.01,5,14,3,3,0.7,0.15,0.15,0.35714285714285715,0.0,20,2,0,2,2,0,2,0,0
O=C(C1=NC=C(/C=C/C2=CC(Cl)=CC=C2CO)C=N1)C1=NNC(=O)O1,12/000000252,"InChI=1S/C16H11ClN4O4/c17-12-4-3-11(8-22)10(5-12)2-1-9-6-18-14(19-7-9)13(23)15-20-21-16(24)25-15/h1-7,22H,8H2,(H,21,24)/b2-1+",C16H11N4O4Cl,358.046882512,1.6999999999999993,4.9,5.78,4.94,0.0,3.1823181917562735,1,DRUGLIKE_CRAFT,HsDHODH_Druglike,7,2,121.96999999999998,5,16,4,4,0.64,0.16,0.16,0.0625,0.0,25,3,0,3,2,0,2,0,0
NC1=CC(I)=CC=C1/C=C/[C@H](NC(=O)CC(=O)CCl)C1=CN=NN1,13/000000023,"InChI=1S/C15H15ClIN5O2/c16-7-11(23)6-15(24)20-13(14-8-19-22-21-14)4-2-9-1-3-10(17)5-12(9)18/h1-5,8,13H,6-7,18H2,(H,20,24)(H,19,21,22)/b4-2+/t13-/m0/s1",C15H15N5O2ClI,458.99590040000004,2.0602,4.9,4.48,3.58,-190.0,4.188329904760122,1,DRUGLIKE_CRAFT,HsDHODH_Druglike,5,3,113.75999999999999,7,15,2,5,0.625,0.08333333333333333,0.20833333333333334,0.2,0.06666666666666667,24,2,0,2,1,0,1,0,0
O=C1NN=C(C2=CN=C(/C=C/C3=CC(O)=C(I)C=C3)O2)C=C1CCF,15/000000226,"InChI=1S/C17H13FIN3O3/c18-6-5-11-8-13(21-22-17(11)24)15-9-20-16(25-15)4-2-10-1-3-12(19)14(23)7-10/h1-4,7-9,23H,5-6H2,(H,22,24)/b4-2+",C17H13N3O3FI,452.998567496,3.4175000000000013,4.9,1.79,5.08,-160.0,3.2576607703044864,1,DRUGLIKE_CRAFT,HsDHODH_Druglike,5,2,92.01,5,17,3,3,0.68,0.12,0.12,0.11764705882352941,0.0,25,3,0,3,2,0,2,0,0
N[C@H](O)C1=CC=C(/C=C/C2=CN=C(C(=O)C3=CC=NO3)N=C2)C=C1Cl,12/000000012,"InChI=1S/C17H13ClN4O3/c18-13-7-10(3-4-12(13)16(19)24)1-2-11-8-20-17(21-9-11)15(23)14-5-6-22-25-14/h1-9,16,24H,19H2/b2-1+/t16-/m1/s1",C17H13N4O3Cl,356.06761795600005,2.4690000000000003,4.89,4.22,5.08,-150.0,3.6003751088294793,1,DRUGLIKE_CRAFT,HsDHODH_Druglike,7,2,115.13000000000001,5,17,3,4,0.68,0.12,0.16,0.058823529411764705,0.058823529411764705,25,3,0,3,2,0,2,0,0
OC[C@@H]1CC=C(/C(=C\CC2=C(CF)C(O)=NO2)CF)O1,4/000000033,"InChI=1S/C13H15F2NO4/c14-5-8(11-4-2-9(7-17)19-11)1-3-12-10(6-15)13(18)16-20-12/h1,4,9,17H,2-3,5-7H2,(H,16,18)/b8-1-/t9-/m0/s1",C13H15NO4F2,287.0969144,1.9532,4.89,7.67,4.94,-150.0,4.693857053123983,1,DRUGLIKE_CRAFT,HsDHODH_Druglike,5,2,75.72000000000001,6,13,4,1,0.65,0.2,0.05,0.46153846153846156,0.07692307692307693,20,2,1,1,2,1,1,0,0
O=C(CO)OCC1=C(C/C=C(/CF)C2=CC[C@@H](CO)O2)ON=C1O,4/000000063,"InChI=1S/C15H18FNO7/c16-5-9(12-4-2-10(6-18)23-12)1-3-13-11(15(21)17-24-13)8-22-14(20)7-19/h1,4,10,18-19H,2-3,5-8H2,(H,17,21)/b9-1-/t10-/m0/s1",C15H18NO7F,343.10673013599995,0.5191999999999997,4.89,9.08,5.08,-150.0,4.473314749765863,1,DRUGLIKE_CRAFT,HsDHODH_Druglike,8,3,122.25000000000001,8,15,7,1,0.625,0.2916666666666667,0.041666666666666664,0.4666666666666667,0.06666666666666667,24,2,1,1,2,1,1,0,0
CC1=NC(C(=O)C2=CC=C(CO)N2)=NC=C1/C=C/C1=C(N)C=CC(Cl)=C1,12/000000101,"InChI=1S/C19H17ClN4O2/c1-11-13(3-2-12-8-14(20)4-6-16(12)21)9-22-19(23-11)18(26)17-7-5-15(10-25)24-17/h2-9,24-25H,10,21H2,1H3/b3-2+",C19H17N4O2Cl,368.104003464,3.242420000000001,4.87,5.36,3.58,-20.0,3.1711258013709323,1,DRUGLIKE_CRAFT,HsDHODH_Druglike,5,3,104.88999999999999,5,19,2,4,0.7307692307692307,0.07692307692307693,0.15384615384615385,0.10526315789473684,0.0,26,3,0,3,2,0,2,0,0
NCC1=CC(C(=O)C2=NC=C(/C=C/C3=CC=C(I)C(Cl)=C3)C=N2)=CN1,12/000000089,"InChI=1S/C18H14ClIN4O/c19-15-5-11(3-4-16(15)20)1-2-12-8-23-18(24-9-12)17(25)13-6-14(7-21)22-10-13/h1-6,8-10,22H,7,21H2/p+1/b2-1+",C18H15N4OClI,463.99008674800007,3.9228000000000023,4.86,4.5,3.58,0.0,3.48830454061868,1,DRUGLIKE_CRAFT,HsDHODH_Druglike,4,2,84.66,5,18,1,4,0.72,0.04,0.16,0.05555555555555555,0.0,25,3,0,3,2,0,2,0,0
CC(=O)CC1=C(C/C=C(/C(=O)O)C2=CC[C@@H](CO)O2)ON=C1O,4/000000070,"InChI=1S/C15H17NO7/c1-8(18)6-11-13(23-16-14(11)19)5-3-10(15(20)21)12-4-2-9(7-17)22-12/h3-4,9,17H,2,5-7H2,1H3,(H,16,19)(H,20,21)/b10-3+/t9-/m0/s1",C15H16NO7,323.10050188400004,0.7302999999999997,4.86,9.31,5.21,-170.0,4.2912582285085765,1,DRUGLIKE_CRAFT,HsDHODH_Druglike,7,3,130.09,7,15,7,1,0.6521739130434783,0.30434782608695654,0.043478260869565216,0.4,0.06666666666666667,23,2,1,1,2,1,1,0,0
NCC1=CC(C(=O)C2=NC=C(/C=C/C3=CC=C(CO)C(Cl)=C3)C=N2)=CN1,12/000000200,"InChI=1S/C19H17ClN4O2/c20-17-5-12(3-4-14(17)11-25)1-2-13-8-23-19(24-9-13)18(26)15-6-16(7-21)22-10-15/h1-6,8-10,22,25H,7,11,21H2/b2-1+",C19H17N4O2Cl,368.1040034640001,2.8105,4.86,5.05,5.09,0.0,2.990295185929357,1,DRUGLIKE_CRAFT,HsDHODH_Druglike,5,3,104.89000000000001,6,19,2,4,0.7307692307692307,0.07692307692307693,0.15384615384615385,0.10526315789473684,0.0,26,3,0,3,2,0,2,0,0
O=C(C1=CNC=C1)C1=NC=C(/C=C/C2=CC=C([C@H](O)CO)C(Cl)=C2)C=N1,12/000000162,"InChI=1S/C19H16ClN3O3/c20-16-7-12(3-4-15(16)17(25)11-24)1-2-13-8-22-19(23-9-13)18(26)14-5-6-21-10-14/h1-10,17,21,24-25H,11H2/b2-1+/t17-/m1/s1",C19H16N3O3Cl,369.088019052,2.885200000000001,4.86,4.18,5.21,-150.0,3.447710730861189,1,DRUGLIKE_CRAFT,HsDHODH_Druglike,5,3,99.10000000000001,6,19,3,3,0.7307692307692307,0.11538461538461539,0.11538461538461539,0.10526315789473684,0.05263157894736842,26,3,0,3,2,0,2,0,0
O=C(C1=CNC(CO)=C1)C1=NC=C(/C=C/C2=CC=C(I)C(Cl)=C2)C=N1,12/000000107,"InChI=1S/C18H13ClIN3O2/c19-15-5-11(3-4-16(15)20)1-2-12-7-22-18(23-8-12)17(25)13-6-14(10-24)21-9-13/h1-9,21,24H,10H2/b2-1+",C18H13N3O2ClI,464.97410233600004,3.956400000000002,4.85,3.94,3.58,0.0,3.0942586034572503,1,DRUGLIKE_CRAFT,HsDHODH_Druglike,4,2,78.87,5,18,2,3,0.72,0.08,0.12,0.05555555555555555,0.0,25,3,0,3,2,0,2,0,0
N[C@H](O)C1=NC=C(C(=O)C2=CC=C(I)C(I)=C2)O1,10/000000043,"InChI=1S/C11H8I2N2O3/c12-6-2-1-5(3-7(6)13)9(16)8-4-15-11(18-8)10(14)17/h1-4,10,17H,14H2/t10-/m1/s1",C11H8N2O3I2,469.86243811599996,2.0644,4.85,7.38,2.22,-150.0,3.6669486381985585,1,DRUGLIKE_CRAFT,HsDHODH_Druglike,5,2,89.35000000000001,3,11,3,2,0.6111111111111112,0.16666666666666666,0.1111111111111111,0.09090909090909091,0.09090909090909091,18,2,0,2,1,0,1,0,0
O=C1C=CC(C2=C(CO)N=C(CC/C=C/CI)O2)=NN1,15/000000238,"InChI=1S/C13H14IN3O3/c14-7-3-1-2-4-12-15-10(8-18)13(20-12)9-5-6-11(19)17-16-9/h1,3,5-6,18H,2,4,7-8H2,(H,17,19)/b3-1+",C13H14N3O3I,387.007989308,1.8409999999999997,4.84,4.36,24.9,-120.0,3.453287455310466,1,DRUGLIKE_CRAFT,HsDHODH_Druglike,5,2,92.00999999999999,6,13,3,3,0.65,0.15,0.15,0.3076923076923077,0.0,20,2,0,2,2,0,2,0,0
N[C@@H](O)C1=CC=C(C(=O)C2=CC=C(I)C(I)=C2)N1,10/000000039,"InChI=1S/C12H10I2N2O2/c13-7-2-1-6(5-8(7)14)11(17)9-3-4-10(16-9)12(15)18/h1-5,12,16,18H,15H2/t12-/m0/s1",C12H10N2O2I2,467.88317356,2.4044999999999996,4.83,7.96,2.22,-150.0,3.597463551856329,1,DRUGLIKE_CRAFT,HsDHODH_Druglike,3,3,79.11,3,12,2,2,0.6666666666666666,0.1111111111111111,0.1111111111111111,0.08333333333333333,0.08333333333333333,18,2,0,2,1,0,1,0,0
O=C(C1=NC=C(/C=C/C2=CC=C(O)C(Cl)=C2)C=N1)C1=NNC(=O)O1,12/000000243,"InChI=1S/C15H9ClN4O4/c16-10-5-8(3-4-11(10)21)1-2-9-6-17-13(18-7-9)12(22)14-19-20-15(23)24-14/h1-7,21H,(H,20,23)/b2-1+",C15H9N4O4Cl,344.031232448,1.9133000000000007,4.83,4.27,3.58,0.0,3.0968588220895654,1,DRUGLIKE_CRAFT,HsDHODH_Druglike,7,2,121.96999999999998,4,15,4,4,0.625,0.16666666666666666,0.16666666666666666,0.0,0.0,24,3,0,3,2,0,2,0,0
NC1=CC=C(/C=C/C2=CN=C(C(=O)C3=NNC(=O)O3)N=C2)C=C1Cl,12/000000242,"InChI=1S/C15H10ClN5O3/c16-10-5-8(3-4-11(10)17)1-2-9-6-18-13(19-7-9)12(22)14-20-21-15(23)24-14/h1-7H,17H2,(H,21,23)/b2-1+",C15H10N5O3Cl,343.04721686,1.7899,4.83,4.3,3.58,0.0,3.1248585958452217,1,DRUGLIKE_CRAFT,HsDHODH_Druglike,7,2,127.75999999999999,4,15,3,5,0.625,0.125,0.20833333333333334,0.0,0.0,24,3,0,3,2,0,2,0,0
CC1=NC(C(=O)C2=NNC(=O)O2)=NC=C1/C=C/C1=CC(Cl)=CC=C1CN,12/000000269,"InChI=1S/C17H14ClN5O3/c1-9-12(3-2-10-6-13(18)5-4-11(10)7-19)8-20-15(21-9)14(24)16-22-23-17(25)26-16/h2-6,8H,7,19H2,1H3,(H,23,25)/b3-2+",C17H14N5O3Cl,371.078516988,1.97482,4.83,7.14,4.94,-20.0,3.312527276608023,1,DRUGLIKE_CRAFT,HsDHODH_Druglike,7,2,127.76,5,17,3,5,0.6538461538461539,0.11538461538461539,0.19230769230769232,0.11764705882352941,0.0,26,3,0,3,2,0,2,0,0
O=C(C1=NC=C(/C=C/C2=CC(Cl)=CC=C2O)C=N1)C1=NNC(=O)O1,12/000000250,"InChI=1S/C15H9ClN4O4/c16-10-3-4-11(21)9(5-10)2-1-8-6-17-13(18-7-8)12(22)14-19-20-15(23)24-14/h1-7,21H,(H,20,23)/b2-1+",C15H9N4O4Cl,344.031232448,1.9132999999999998,4.82,3.99,3.58,0.0,3.1196988673384345,1,DRUGLIKE_CRAFT,HsDHODH_Druglike,7,2,121.96999999999998,4,15,4,4,0.625,0.16666666666666666,0.16666666666666666,0.0,0.0,24,3,0,3,2,0,2,0,0
O=C1C=CC(C2=CN=C(/C=C/C3=CC=C(I)C(O)=C3)O2)=NN1,15/000000162,"InChI=1S/C15H10IN3O3/c16-10-3-1-9(7-12(10)20)2-6-15-17-8-13(22-15)11-4-5-14(21)19-18-11/h1-8,20H,(H,19,21)/b6-2+",C15H10N3O3I,406.97668918,2.905500000000001,4.81,1.8,3.58,-120.0,3.012323357186757,1,DRUGLIKE_CRAFT,HsDHODH_Druglike,5,2,92.00999999999999,3,15,3,3,0.6818181818181818,0.13636363636363635,0.13636363636363635,0.0,0.0,22,3,0,3,2,0,2,0,0
NCNCC(=O)CCN1N=C(/C=C2\C=CC3=C2C=CC(Br)=C3)CC1=O,17/000000029,"InChI=1S/C18H19BrN4O2/c19-14-3-4-17-12(7-14)1-2-13(17)8-15-9-18(25)23(22-15)6-5-16(24)10-21-11-20/h1-4,7-8,21H,5-6,9-11,20H2/b13-8+",C18H19N4O2Br,402.069137948,1.9126000000000007,4.81,4.66,3.7,-60.0,3.57946683747675,1,DRUGLIKE_CRAFT,HsDHODH_Druglike,5,2,87.78999999999999,7,18,2,4,0.72,0.08,0.16,0.2777777777777778,0.0,25,3,2,1,1,1,0,0,0
NCC1=CC(C2=CN=C(/C=C/C3=CC=C(I)C(O)=C3)O2)=NNC1=O,15/000000261,"InChI=1S/C16H13IN4O3/c17-11-3-1-9(5-13(11)22)2-4-15-19-8-14(24-15)12-6-10(7-18)16(23)21-20-12/h1-6,8,22H,7,18H2,(H,21,23)/p+1/b4-2+",C16H14N4O3I,436.003238276,2.3642000000000003,4.81,2.76,3.7,-140.0,3.57783348272305,1,DRUGLIKE_CRAFT,HsDHODH_Druglike,6,3,118.03,4,16,3,4,0.6666666666666666,0.125,0.16666666666666666,0.0625,0.0,24,3,0,3,2,0,2,0,0
NC1=C(/C=C/C2=CN=C(C(=O)C3=NNC(=O)O3)N=C2)C=C(Cl)C=C1,12/000000236,"InChI=1S/C15H10ClN5O3/c16-10-3-4-11(17)9(5-10)2-1-8-6-18-13(19-7-8)12(22)14-20-21-15(23)24-14/h1-7H,17H2,(H,21,23)/b2-1+",C15H10N5O3Cl,343.04721686,1.7898999999999998,4.81,4.74,3.58,0.0,3.1625547496913757,1,DRUGLIKE_CRAFT,HsDHODH_Druglike,7,2,127.75999999999999,4,15,3,5,0.625,0.125,0.20833333333333334,0.0,0.0,24,3,0,3,2,0,2,0,0
OC[C@@H]1CC=C(/C(=C\CC2=C(CCNCCCF)C(O)=NO2)CF)O1,4/000000098,"InChI=1S/C17H24F2N2O4/c18-7-1-8-20-9-6-14-16(25-21-17(14)23)4-2-12(10-19)15-5-3-13(11-22)24-15/h2,5,13,20,22H,1,3-4,6-11H2,(H,21,23)/b12-2-/t13-/m0/s1",C17H24N2O4F2,358.17041368799994,1.9753999999999998,4.81,9.1,5.08,-150.0,4.481308369934572,1,DRUGLIKE_CRAFT,HsDHODH_Druglike,6,3,87.75,11,17,4,2,0.68,0.16,0.08,0.5882352941176471,0.058823529411764705,25,2,1,1,2,1,1,0,0
NCC1=CC=C(C(=O)C2=NC=C(/C=C/C3=CC=CC(Cl)=C3)C=N2)N1,12/000000004,"InChI=1S/C18H15ClN4O/c19-14-3-1-2-12(8-14)4-5-13-10-21-18(22-11-13)17(24)16-7-6-15(9-20)23-16/h1-8,10-11,23H,9,20H2/p+1/b5-4+",C18H16N4OCl,338.0934387800001,3.318200000000001,4.8,2.81,3.58,0.0,3.2719572187057375,1,DRUGLIKE_CRAFT,HsDHODH_Druglike,4,2,84.66,5,18,1,4,0.75,0.041666666666666664,0.16666666666666666,0.05555555555555555,0.0,24,3,0,3,2,0,2,0,0
O=C(C1=CC=C(I)C(I)=C1)C1=CNC(C(=O)O)=N1,10/000000050,"InChI=1S/C11H6I2N2O3/c12-6-2-1-5(3-7(6)13)9(16)8-4-14-10(15-8)11(17)18/h1-4H,(H,14,15)(H,17,18)",C11H5N2O3I2,467.846788052,2.5481000000000007,4.8,7.4,2.22,0.0,3.153717780779983,1,DRUGLIKE_CRAFT,HsDHODH_Druglike,3,2,83.05,3,11,3,2,0.6111111111111112,0.16666666666666666,0.1111111111111111,0.0,0.0,18,2,0,2,1,0,1,0,0
O=C(C1=NC=C(/C=C/C2=CC(O)=CC(Cl)=C2)C=N1)C1=NNC(=O)O1,12/000000251,"InChI=1S/C15H9ClN4O4/c16-10-3-8(4-11(21)5-10)1-2-9-6-17-13(18-7-9)12(22)14-19-20-15(23)24-14/h1-7,21H,(H,20,23)/b2-1+",C15H9N4O4Cl,344.031232448,1.9132999999999998,4.8,4.1,3.58,0.0,3.198951808514905,1,DRUGLIKE_CRAFT,HsDHODH_Druglike,7,2,121.96999999999998,4,15,4,4,0.625,0.16666666666666666,0.16666666666666666,0.0,0.0,24,3,0,3,2,0,2,0,0
O=C1C=CC(C2=C(CO)N=C(CC/C=C/CCO)O2)=NN1,15/000000257,"InChI=1S/C14H17N3O4/c18-8-4-2-1-3-5-13-15-11(9-19)14(21-13)10-6-7-12(20)17-16-10/h1-2,6-7,18-19H,3-5,8-9H2,(H,17,20)/b2-1+",C14H17N3O4,291.12190602400005,0.7883999999999998,4.78,3.83,25.0,-120.0,3.245914389662939,1,DRUGLIKE_CRAFT,HsDHODH_Druglike,6,3,112.24000000000001,7,14,4,3,0.6666666666666666,0.19047619047619047,0.14285714285714285,0.35714285714285715,0.0,21,2,0,2,2,0,2,0,0
NC1=CC(/C=C/C2=CN=C(C(=O)C3=NNC(=O)O3)N=C2)=CC(Cl)=C1,12/000000254,"InChI=1S/C15H10ClN5O3/c16-10-3-8(4-11(17)5-10)1-2-9-6-18-13(19-7-9)12(22)14-20-21-15(23)24-14/h1-7H,17H2,(H,21,23)/b2-1+",C15H10N5O3Cl,343.04721686,1.7899,4.78,4.02,3.58,0.0,3.234222849238887,1,DRUGLIKE_CRAFT,HsDHODH_Druglike,7,2,127.75999999999999,4,15,3,5,0.625,0.125,0.20833333333333334,0.0,0.0,24,3,0,3,2,0,2,0,0
O=C(C1=NC=C(/C=C/C2=CC=CC(Cl)=C2)C=N1)C1=CC=C(CO)N1,12/000000005,"InChI=1S/C18H14ClN3O2/c19-14-3-1-2-12(8-14)4-5-13-9-20-18(21-10-13)17(24)16-7-6-15(11-23)22-16/h1-10,22-23H,11H2/b5-4+",C18H14N3O2Cl,339.077454368,3.351800000000003,4.78,3.1,3.58,0.0,2.8785719344248015,1,DRUGLIKE_CRAFT,HsDHODH_Druglike,4,2,78.87,5,18,2,3,0.75,0.08333333333333333,0.125,0.05555555555555555,0.0,24,3,0,3,2,0,2,0,0
CC(=O)CC1=C(C/C=C(/CF)C2=CC[C@@H](CO)O2)ON=C1O,4/000000041,"InChI=1S/C15H18FNO5/c1-9(19)6-12-14(22-17-15(12)20)4-2-10(7-16)13-5-3-11(8-18)21-13/h2,5,11,18H,3-4,6-8H2,1H3,(H,17,20)/b10-2-/t11-/m0/s1",C15H18NO5F,311.116900896,1.6151999999999997,4.78,7.46,5.08,-170.0,4.516589101498297,1,DRUGLIKE_CRAFT,HsDHODH_Druglike,6,2,92.79,7,15,5,1,0.6818181818181818,0.22727272727272727,0.045454545454545456,0.4666666666666667,0.06666666666666667,22,2,1,1,2,1,1,0,0
O=C1NN=C(/C(=C\CO)C[C@@H](F)C2=CC=CC(I)=C2)O1,10/000000019,"InChI=1S/C13H12FIN2O3/c14-11(8-2-1-3-10(15)6-8)7-9(4-5-18)12-16-17-13(19)20-12/h1-4,6,11,18H,5,7H2,(H,17,19)/b9-4-/t11-/m1/s1",C13H12N2O3FI,389.98766846399997,2.4440999999999997,4.77,3.99,3.58,-150.0,3.9303504597173897,1,DRUGLIKE_CRAFT,HsDHODH_Druglike,4,2,79.12,5,13,3,2,0.65,0.15,0.1,0.23076923076923078,0.07692307692307693,20,2,0,2,1,0,1,0,0
NCC1=C(C2=CC(Br)=CC=C2O)CN(CCN2C=NN=N2)C1=O,6/000000014,"InChI=1S/C14H15BrN6O2/c15-9-1-2-13(22)10(5-9)12-7-20(14(23)11(12)6-16)3-4-21-8-17-18-19-21/h1-2,5,8,22H,3-4,6-7,16H2/p+1",C14H16N6O2Br,378.0439858200001,0.3959,4.77,5.7,3.58,-160.0,3.4944815481217635,1,DRUGLIKE_CRAFT,HsDHODH_Druglike,7,2,110.16,5,14,2,6,0.6086956521739131,0.08695652173913043,0.2608695652173913,0.2857142857142857,0.0,23,3,1,2,2,1,1,0,0
O=C(O)/C(=C/CC1=C(CCBr)C(O)=NO1)C1=CC[C@@H](CO)O1,4/000000086,"InChI=1S/C14H16BrNO6/c15-6-5-9-12(22-16-13(9)18)4-2-10(14(19)20)11-3-1-8(7-17)21-11/h2-3,8,17H,1,4-7H2,(H,16,18)(H,19,20)/b10-2+/t8-/m0/s1",C14H15NO6Br,373.01609933199995,1.5361999999999998,4.77,9.06,5.21,-150.0,4.427195154461728,1,DRUGLIKE_CRAFT,HsDHODH_Druglike,6,3,113.02000000000001,7,14,6,1,0.6363636363636364,0.2727272727272727,0.045454545454545456,0.42857142857142855,0.07142857142857142,22,2,1,1,2,1,1,0,0
O=C(C1=CNC(CBr)=C1)C1=NC=C(/C=C/C2=CC=C(CO)C(Cl)=C2)C=N1,12/000000096,"InChI=1S/C19H15BrClN3O2/c20-7-16-6-15(10-22-16)18(26)19-23-8-13(9-24-19)2-1-12-3-4-14(11-25)17(21)5-12/h1-6,8-10,22,25H,7,11H2/b2-1+",C19H15N3O2ClBr,431.0036165,4.246700000000003,4.76,5.1,5.09,-20.0,3.092708075742248,1,DRUGLIKE_CRAFT,HsDHODH_Druglike,4,2,78.87,6,19,2,3,0.7307692307692307,0.07692307692307693,0.11538461538461539,0.10526315789473684,0.0,26,3,0,3,2,0,2,0,0
CC1=NC(C(=O)C2=NNC(=O)O2)=NC=C1/C=C/C1=CC=C(O)C(Cl)=C1,12/000000262,"InChI=1S/C16H11ClN4O4/c1-8-10(4-2-9-3-5-12(22)11(17)6-9)7-18-14(19-8)13(23)15-20-21-16(24)25-15/h2-7,22H,1H3,(H,21,24)/b4-2+",C16H11N4O4Cl,358.04688251199997,2.2217199999999995,4.75,5.18,3.58,-20.0,3.2156059614513675,1,DRUGLIKE_CRAFT,HsDHODH_Druglike,7,2,121.97000000000001,4,16,4,4,0.64,0.16,0.16,0.0625,0.0,25,3,0,3,2,0,2,0,0
O=C(C1=CNC=C1)C1=NC=C(/C=C/C2=CC=C(CO)C(Cl)=C2)C=N1,12/000000133,"InChI=1S/C18H14ClN3O2/c19-16-7-12(3-4-15(16)11-23)1-2-13-8-21-18(22-9-13)17(24)14-5-6-20-10-14/h1-10,20,23H,11H2/b2-1+",C18H14N3O2Cl,339.077454368,3.3518000000000017,4.75,4.05,4.94,0.0,2.9053913324181124,1,DRUGLIKE_CRAFT,HsDHODH_Druglike,4,2,78.87,5,18,2,3,0.75,0.08333333333333333,0.125,0.05555555555555555,0.0,24,3,0,3,2,0,2,0,0
CNCC1=C(C/C=C(/CF)C2=CC[C@@H](CO)O2)ON=C1O,4/000000045,"InChI=1S/C14H19FN2O4/c1-16-7-11-13(21-17-14(11)19)4-2-9(6-15)12-5-3-10(8-18)20-12/h2,5,10,16,18H,3-4,6-8H2,1H3,(H,17,19)/p+1/b9-2-/t10-/m0/s1",C14H20N2O4F,298.132885308,1.2030999999999998,4.74,8.73,6.45,-170.0,5.217568594871736,1,DRUGLIKE_CRAFT,HsDHODH_Druglike,6,3,87.75,7,14,4,2,0.6666666666666666,0.19047619047619047,0.09523809523809523,0.5,0.07142857142857142,21,2,1,1,2,1,1,0,0
CC(=O)N[C@@H](/C=C/C1=CC=C(I)C=C1N)C1=CN=NN1,13/000000006,"InChI=1S/C13H14IN5O/c1-8(20)17-12(13-7-16-19-18-13)5-3-9-2-4-10(14)6-11(9)15/h2-7,12H,15H2,1H3,(H,17,20)(H,16,18,19)/b5-3+/t12-/m0/s1",C13H14N5OI,383.0243080680001,1.8820999999999999,4.74,5.0,3.58,-170.0,4.044558976200905,1,DRUGLIKE_CRAFT,HsDHODH_Druglike,4,3,96.69,4,13,1,5,0.65,0.05,0.25,0.15384615384615385,0.07692307692307693,20,2,0,2,1,0,1,0,0
O=C(C1=NC=C(/C=C/C2=CC=C(CO)C(Cl)=C2)C=N1)C1=NC(Cl)=CN1,12/000000194,"InChI=1S/C17H12Cl2N4O2/c18-13-5-10(3-4-12(13)9-24)1-2-11-6-20-16(21-7-11)15(25)17-22-8-14(19)23-17/h1-8,24H,9H2,(H,22,23)/b2-1+",C17H12N4O2Cl2,374.03373098400004,3.4002000000000017,4.73,5.24,4.94,0.0,3.2262592535114205,1,DRUGLIKE_CRAFT,HsDHODH_Druglike,5,2,91.75999999999999,5,17,2,4,0.68,0.08,0.16,0.058823529411764705,0.0,25,3,0,3,2,0,2,0,0
C/C(=C\C1=CC=CC=C1C(=O)[C@H]1C=C(CO)C=CC1)C1=NN=CN1,19/000000028,"InChI=1S/C19H19N3O2/c1-13(19-20-12-21-22-19)9-15-6-2-3-8-17(15)18(24)16-7-4-5-14(10-16)11-23/h2-6,8-10,12,16,23H,7,11H2,1H3,(H,20,21,22)/b13-9+/t16-/m1/s1",C19H19N3O2,321.1477268480001,3.042700000000001,4.73,6.39,5.09,-170.0,4.076986042133457,1,DRUGLIKE_CRAFT,HsDHODH_Druglike,4,2,78.87,5,19,2,3,0.7916666666666666,0.08333333333333333,0.125,0.21052631578947367,0.05263157894736842,24,3,1,2,1,0,1,0,0
CC1=NC(C(=O)C2=CNC=C2)=NC=C1/C=C/C1=CC=C(CO)C(Cl)=C1,12/000000092,"InChI=1S/C19H16ClN3O2/c1-12-14(4-2-13-3-5-16(11-24)17(20)8-13)10-22-19(23-12)18(25)15-6-7-21-9-15/h2-10,21,24H,11H2,1H3/b4-2+",C19H16N3O2Cl,353.09310443199996,3.6602200000000016,4.72,6.56,4.94,-20.0,3.0282729046490164,1,DRUGLIKE_CRAFT,HsDHODH_Druglike,4,2,78.87,5,19,2,3,0.76,0.08,0.12,0.10526315789473684,0.0,25,3,0,3,2,0,2,0,0
CC1=CC=C(/C=C/C2=CN=C(C(=O)C3=CNC([C@H](O)Br)=C3)N=C2)C=C1Cl,12/000000116,"InChI=1S/C19H15BrClN3O2/c1-11-2-3-12(6-15(11)21)4-5-13-8-23-19(24-9-13)17(25)14-7-16(18(20)26)22-10-14/h2-10,18,22,26H,1H3/b5-4+/t18-/m0/s1",C19H15N3O2ClBr,431.0036165000001,4.553720000000003,4.72,4.17,3.7,-190.0,3.5526402526907113,1,DRUGLIKE_CRAFT,HsDHODH_Druglike,4,2,78.87,5,19,2,3,0.7307692307692307,0.07692307692307693,0.11538461538461539,0.10526315789473684,0.05263157894736842,26,3,0,3,2,0,2,0,0
C=CCCCC1=NC(CO)=C(C2=NNC(=O)C(CC)=C2)O1,15/000000245,"InChI=1S/C15H19N3O3/c1-3-5-6-7-13-16-12(9-19)14(21-13)11-8-10(4-2)15(20)18-17-11/h3,8,19H,1,4-7,9H2,2H3,(H,18,20)",C15H19N3O3,289.142641468,1.9883,4.72,2.76,24.4,-160.0,3.1641354066120915,1,DRUGLIKE_CRAFT,HsDHODH_Druglike,5,2,92.01,7,15,3,3,0.7142857142857143,0.14285714285714285,0.14285714285714285,0.4,0.0,21,2,0,2,2,0,2,0,0
O=C1NN=C(/C(=C\CO)CCC2=CC=CC(I)=C2)O1,10/000000003,"InChI=1S/C13H13IN2O3/c14-11-3-1-2-9(8-11)4-5-10(6-7-17)12-15-16-13(18)19-12/h1-3,6,8,17H,4-5,7H2,(H,16,18)/b10-6-",C13H13N2O3I,371.997090276,1.9759999999999995,4.71,5.96,3.58,0.0,3.1534027896783634,1,DRUGLIKE_CRAFT,HsDHODH_Druglike,4,2,79.12,5,13,3,2,0.6842105263157895,0.15789473684210525,0.10526315789473684,0.23076923076923078,0.0,19,2,0,2,1,0,1,0,0
CC1=NC(C(=O)C2=NNC(=O)O2)=NC=C1/C=C/C1=C(N)C=CC(Cl)=C1,12/000000276,"InChI=1S/C16H12ClN5O3/c1-8-10(3-2-9-6-11(17)4-5-12(9)18)7-19-14(20-8)13(23)15-21-22-16(24)25-15/h2-7H,18H2,1H3,(H,22,24)/b3-2+",C16H12N5O3Cl,357.062866924,2.0983199999999997,4.71,6.34,3.58,-20.0,3.279424862550269,1,DRUGLIKE_CRAFT,HsDHODH_Druglike,7,2,127.76,4,16,3,5,0.64,0.12,0.2,0.0625,0.0,25,3,0,3,2,0,2,0,0
O=C(C1=CNC=C1)C1=NC=C(/C=C/C2=CC=C(I)C(Cl)=C2)C(CO)=N1,12/000000094,"InChI=1S/C18H13ClIN3O2/c19-14-7-11(2-4-15(14)20)1-3-12-9-22-18(23-16(12)10-24)17(25)13-5-6-21-8-13/h1-9,21,24H,10H2/b3-1+",C18H13N3O2ClI,464.97410233600004,3.9564000000000017,4.71,7.0,22.8,0.0,3.260784930651182,1,DRUGLIKE_CRAFT,HsDHODH_Druglike,4,2,78.87,5,18,2,3,0.72,0.08,0.12,0.05555555555555555,0.0,25,3,0,3,2,0,2,0,0
COCC1=C(C/C=C(/C(=O)O)C2=CC[C@@H](CO)O2)ON=C1O,4/000000105,"InChI=1S/C14H17NO7/c1-20-7-10-12(22-15-13(10)17)5-3-9(14(18)19)11-4-2-8(6-16)21-11/h3-4,8,16H,2,5-7H2,1H3,(H,15,17)(H,18,19)/b9-3+/t8-/m0/s1",C14H16NO7,311.10050188400004,0.7451999999999999,4.7,9.02,5.21,-170.0,4.258900829114943,1,DRUGLIKE_CRAFT,HsDHODH_Druglike,7,3,122.25000000000001,7,14,7,1,0.6363636363636364,0.3181818181818182,0.045454545454545456,0.42857142857142855,0.07142857142857142,22,2,1,1,2,1,1,0,0
N[C@@H](O)C1=CC=C(CC/C(=C/CO)C2=NNC(=O)O2)C=C1I,10/000000020,"InChI=1S/C14H16IN3O4/c15-11-7-8(2-4-10(11)12(16)20)1-3-9(5-6-19)13-17-18-14(21)22-13/h2,4-5,7,12,19-20H,1,3,6,16H2,(H,18,21)/b9-5-/t12-/m0/s1",C14H16N3O4I,417.018553992,0.9256,4.7,5.51,3.84,-150.0,3.9593109173873264,1,DRUGLIKE_CRAFT,HsDHODH_Druglike,6,4,125.36999999999999,6,14,4,3,0.6363636363636364,0.18181818181818182,0.13636363636363635,0.2857142857142857,0.07142857142857142,22,2,0,2,1,0,1,0,0
NCC1=C(C/C=C(/CF)C2=CC[C@@H](CO)O2)ON=C1O,4/000000035,"InChI=1S/C13H17FN2O4/c14-5-8(11-4-2-9(7-17)19-11)1-3-12-10(6-15)13(18)16-20-12/h1,4,9,17H,2-3,5-7,15H2,(H,16,18)/p+1/b8-1-/t9-/m0/s1",C13H18N2O4F,284.117235244,0.9423999999999999,4.68,7.28,4.94,-150.0,5.0751702399371705,1,DRUGLIKE_CRAFT,HsDHODH_Druglike,6,3,101.74000000000001,6,13,4,2,0.65,0.2,0.1,0.46153846153846156,0.07692307692307693,20,2,1,1,2,1,1,0,0
NCCC1=CON=C1/C=C1\C=CC2=CC([C@H](O)CF)=CC=C12,17/000000005,"InChI=1S/C17H17FN2O2/c18-9-17(21)13-3-4-15-11(7-13)1-2-12(15)8-16-14(5-6-19)10-22-20-16/h1-4,7-8,10,17,21H,5-6,9,19H2/b12-8+/t17-/m1/s1",C17H17N2O2F,300.127406004,2.746100000000001,4.67,6.38,22.3,-190.0,3.903685768765457,1,DRUGLIKE_CRAFT,HsDHODH_Druglike,4,2,72.28,5,17,2,2,0.7727272727272727,0.09090909090909091,0.09090909090909091,0.23529411764705882,0.058823529411764705,22,3,1,2,1,0,1,0,0
CCNC/C=C/C1=NC(CO)=C(C2=NNC(=O)C=C2)O1,15/000000105,"InChI=1S/C13H16N4O3/c1-2-14-7-3-4-12-15-10(8-18)13(20-12)9-5-6-11(19)17-16-9/h3-6,14,18H,2,7-8H2,1H3,(H,17,19)/b4-3+",C13H16N4O3,276.12224037199996,0.5398999999999998,4.67,2.68,24.6,-140.0,3.338787050452166,1,DRUGLIKE_CRAFT,HsDHODH_Druglike,6,3,104.04,6,13,3,4,0.65,0.15,0.2,0.3076923076923077,0.0,20,2,0,2,2,0,2,0,0
O=C(C1=NC=C(/C=C/C2=CC=C(CO)C(Cl)=C2)C=N1)C1=NC=NN1,12/000000137,"InChI=1S/C16H12ClN5O2/c17-13-5-10(3-4-12(13)8-23)1-2-11-6-18-15(19-7-11)14(24)16-20-9-21-22-16/h1-7,9,23H,8H2,(H,20,21,22)/b2-1+",C16H12N5O2Cl,341.0679523040001,2.1417999999999995,4.67,3.93,4.94,0.0,2.9502548775686144,1,DRUGLIKE_CRAFT,HsDHODH_Druglike,6,2,104.65,5,16,2,5,0.6666666666666666,0.08333333333333333,0.20833333333333334,0.0625,0.0,24,3,0,3,2,0,2,0,0
CCC/C=C/CCC1=NC(CO)=C(C2=NNC(=O)C=C2)O1,15/000000275,"InChI=1S/C15H19N3O3/c1-2-3-4-5-6-7-14-16-12(10-19)15(21-14)11-8-9-13(20)18-17-11/h4-5,8-9,19H,2-3,6-7,10H2,1H3,(H,18,20)/b5-4+",C15H19N3O3,289.142641468,2.2061,4.67,3.53,24.4,-140.0,3.1637582358167844,1,DRUGLIKE_CRAFT,HsDHODH_Druglike,5,2,92.01,7,15,3,3,0.7142857142857143,0.14285714285714285,0.14285714285714285,0.4,0.0,21,2,0,2,2,0,2,0,0
C/C=C/CCC1=NC(CO)=C(C2=NNC(=O)C(C)=C2)O1,15/000000223,"InChI=1S/C14H17N3O3/c1-3-4-5-6-12-15-11(8-18)13(20-12)10-7-9(2)14(19)17-16-10/h3-4,7,18H,5-6,8H2,1-2H3,(H,17,19)/b4-3+",C14H17N3O3,275.126991404,1.7343199999999999,4.66,2.63,23.8,-200.0,3.311207828358471,1,DRUGLIKE_CRAFT,HsDHODH_Druglike,5,2,92.01,5,14,3,3,0.7,0.15,0.15,0.35714285714285715,0.0,20,2,0,2,2,0,2,0,0
OCC1=CC2=C(C=C1)/C(=C/C1=NOC=C1C[C@@H](O)CCl)C=C2,17/000000020,"InChI=1S/C17H16ClNO3/c18-8-15(21)6-14-10-22-19-17(14)7-13-3-2-12-5-11(9-20)1-4-16(12)13/h1-5,7,10,15,20-21H,6,8-9H2/b13-7+/t15-/m1/s1",C17H16NO3Cl,317.081871052,2.876500000000001,4.66,5.22,21.1,-190.0,3.7976396149193032,1,DRUGLIKE_CRAFT,HsDHODH_Druglike,4,2,66.49000000000001,5,17,3,1,0.7727272727272727,0.13636363636363635,0.045454545454545456,0.23529411764705882,0.058823529411764705,22,3,1,2,1,0,1,0,0
CCCC/C=C/C1=NC(CO)=C(C2=NNC(=O)C=C2)O1,15/000000061,"InChI=1S/C14H17N3O3/c1-2-3-4-5-6-13-15-11(9-18)14(20-13)10-7-8-12(19)17-16-10/h5-8,18H,2-4,9H2,1H3,(H,17,19)/b6-5+",C14H17N3O3,275.126991404,2.1205999999999996,4.64,1.4,23.8,-140.0,3.1455263217072273,1,DRUGLIKE_CRAFT,HsDHODH_Druglike,5,2,92.01,6,14,3,3,0.7,0.15,0.15,0.35714285714285715,0.0,20,2,0,2,2,0,2,0,0
NCC1=C(C2=CC(Br)=CC=C2O)CN(CCC2=NC=NC=N2)C1=O,6/000000010,"InChI=1S/C16H16BrN5O2/c17-10-1-2-14(23)11(5-10)13-7-22(16(24)12(13)6-18)4-3-15-20-8-19-9-21-15/h1-2,5,8-9,23H,3-4,6-7,18H2/p+1",C16H17N5O2Br,389.04873685200005,1.1369000000000002,4.64,5.18,3.58,-180.0,3.4999671931302903,1,DRUGLIKE_CRAFT,HsDHODH_Druglike,6,2,105.23000000000002,5,16,2,5,0.6666666666666666,0.08333333333333333,0.20833333333333334,0.25,0.0,24,3,1,2,2,1,1,0,0
NC1=CN=C(CO)C(CC#CC2=CC=CC3=C2C(=O)OC=N3)=C1,12/000000022,"InChI=1S/C17H13N3O3/c18-13-7-12(15(9-21)19-8-13)5-1-3-11-4-2-6-14-16(11)17(22)23-10-20-14/h2,4,6-8,10,21H,5,9,18H2",C17H13N3O3,307.0956912760001,1.2517000000000003,4.63,6.94,21.6,-80.0,3.223088024722085,1,DRUGLIKE_CRAFT,HsDHODH_Druglike,6,2,102.24000000000001,2,17,3,3,0.7391304347826086,0.13043478260869565,0.13043478260869565,0.11764705882352941,0.0,23,3,0,3,2,0,2,0,0
O=C(O)/C(=C/CC1=C(CI)C(O)=NO1)C1=CC[C@@H](CO)O1,4/000000088,"InChI=1S/C13H14INO6/c14-5-9-11(21-15-12(9)17)4-2-8(13(18)19)10-3-1-7(6-16)20-10/h2-3,7,16H,1,4-6H2,(H,15,17)(H,18,19)/b8-2+/t7-/m0/s1",C13H13NO6I,406.9865851679999,1.5338,4.63,8.7,3.84,-150.0,4.506713004348875,1,DRUGLIKE_CRAFT,HsDHODH_Druglike,6,3,113.02000000000001,6,13,6,1,0.6190476190476191,0.2857142857142857,0.047619047619047616,0.38461538461538464,0.07692307692307693,21,2,1,1,2,1,1,0,0
O=C(O)/C(=C/CC1=CC(O)=NO1)C1=CC[C@@H](CO)O1,4/000000054,"InChI=1S/C12H13NO6/c14-6-8-2-4-10(18-8)9(12(16)17)3-1-7-5-11(15)13-19-7/h3-5,8,14H,1-2,6H2,(H,13,15)(H,16,17)/b9-3+/t8-/m0/s1",C12H12NO6,267.074287136,0.5988,4.62,8.05,3.72,-150.0,4.3059804614685495,1,DRUGLIKE_CRAFT,HsDHODH_Druglike,6,3,113.02000000000001,5,12,6,1,0.631578947368421,0.3157894736842105,0.05263157894736842,0.3333333333333333,0.08333333333333333,19,2,1,1,2,1,1,0,0
C[C@@H](O)C1=NNC(C(=O)C2=CC=C(I)C(I)=C2)=N1,10/000000054,"InChI=1S/C11H9I2N3O2/c1-5(17)10-14-11(16-15-10)9(18)6-2-3-7(12)8(13)4-6/h2-5,17H,1H3,(H,14,15,16)/t5-/m1/s1",C11H9N3O2I2,468.87842252800004,2.2982000000000005,4.62,7.1,2.22,-170.0,3.618492751228384,1,DRUGLIKE_CRAFT,HsDHODH_Druglike,4,2,78.87,3,11,2,3,0.6111111111111112,0.1111111111111111,0.16666666666666666,0.18181818181818182,0.09090909090909091,18,2,0,2,1,0,1,0,0
CC/C=C/CCC1=NC(CO)=C(C2=NNC(=O)C=C2)O1,15/000000269,"InChI=1S/C14H17N3O3/c1-2-3-4-5-6-13-15-11(9-18)14(20-13)10-7-8-12(19)17-16-10/h3-4,7-8,18H,2,5-6,9H2,1H3,(H,17,19)/b4-3+",C14H17N3O3,275.126991404,1.816,4.62,3.0,23.8,-140.0,3.1954259168489276,1,DRUGLIKE_CRAFT,HsDHODH_Druglike,5,2,92.01,6,14,3,3,0.7,0.15,0.15,0.35714285714285715,0.0,20,2,0,2,2,0,2,0,0
O=C(O)/C(=C/CC1=C(CBr)C(O)=NO1)C1=CC[C@@H](CO)O1,4/000000087,"InChI=1S/C13H14BrNO6/c14-5-9-11(21-15-12(9)17)4-2-8(13(18)19)10-3-1-7(6-16)20-10/h2-3,7,16H,1,4-6H2,(H,15,17)(H,18,19)/b8-2+/t7-/m0/s1",C13H13NO6Br,359.00044926799995,1.4936999999999998,4.61,8.16,3.84,-150.0,4.426202394269299,1,DRUGLIKE_CRAFT,HsDHODH_Druglike,6,3,113.02000000000001,6,13,6,1,0.6190476190476191,0.2857142857142857,0.047619047619047616,0.38461538461538464,0.07692307692307693,21,2,1,1,2,1,1,0,0
NCCC1=CON=C1/C=C1\C=CC2=CC(CO)=CC=C12,17/000000013,"InChI=1S/C16H16N2O2/c17-6-5-14-10-20-18-16(14)8-13-3-2-12-7-11(9-19)1-4-15(12)13/h1-4,7-8,10,19H,5-6,9,17H2/b13-8+",C16H16N2O2,268.121177752,2.2355,4.6,5.46,19.0,-40.0,3.2379017370359993,1,DRUGLIKE_CRAFT,HsDHODH_Druglike,4,2,72.28,4,16,2,2,0.8,0.1,0.1,0.1875,0.0,20,3,1,2,1,0,1,0,0
NC1=C(/C=C/C2=CN=C(C(=O)C3=CC=C(CO)N3)N=C2)C=C(Cl)C=C1,12/000000076,"InChI=1S/C18H15ClN4O2/c19-13-3-5-15(20)12(7-13)2-1-11-8-21-18(22-9-11)17(25)16-6-4-14(10-24)23-16/h1-9,23-24H,10,20H2/b2-1+",C18H15N4O2Cl,354.0883534,2.934000000000001,4.59,3.68,3.58,-20.0,3.053784930651182,1,DRUGLIKE_CRAFT,HsDHODH_Druglike,5,3,104.89,5,18,2,4,0.72,0.08,0.16,0.05555555555555555,0.0,25,3,0,3,2,0,2,0,0
C=CC1=COC(CO)=C1C1=NNC(=O)C(CC)=C1,15/000000283,"InChI=1S/C13H14N2O3/c1-3-8-5-10(14-15-13(8)17)12-9(4-2)7-18-11(12)6-16/h4-5,7,16H,2-3,6H2,1H3,(H,15,17)",C13H14N2O3,246.100442308,1.7275999999999998,4.59,4.54,21.2,-160.0,3.2735751182996076,1,DRUGLIKE_CRAFT,HsDHODH_Druglike,4,2,79.12,4,13,3,2,0.7222222222222222,0.16666666666666666,0.1111111111111111,0.23076923076923078,0.0,18,2,0,2,2,0,2,0,0
OC[C@H](C#CCCC1=CC=CC2=C1OC=N2)C1=NC=C2N=CNC2=N1,11/000000004,"InChI=1S/C18H15N5O2/c24-9-13(17-19-8-15-18(23-17)21-10-20-15)5-2-1-4-12-6-3-7-14-16(12)25-11-22-14/h3,6-8,10-11,13,24H,1,4,9H2,(H,19,20,21,23)/t13-/m0/s1",C18H15N5O2,333.1225747200001,2.2061999999999995,4.59,3.88,23.7,-190.0,4.07211085595255,1,DRUGLIKE_CRAFT,HsDHODH_Druglike,6,2,100.72000000000001,4,18,2,5,0.72,0.08,0.2,0.2222222222222222,0.05555555555555555,25,4,0,4,3,0,3,0,0
O=C(C1=C[C@H](CO)NC1)C1=NC=C(/C=C/C2=CC(Cl)=CC=C2Br)C=N1,12/000000146,"InChI=1S/C18H15BrClN3O2/c19-16-4-3-14(20)5-12(16)2-1-11-7-22-18(23-8-11)17(25)13-6-15(10-24)21-9-13/h1-8,15,21,24H,9-10H2/b2-1+/t15-/m1/s1",C18H15N3O2ClBr,419.0036165,3.1361000000000008,4.58,3.81,3.58,-170.0,3.828099485860898,1,DRUGLIKE_CRAFT,HsDHODH_Druglike,5,2,75.11,5,18,2,3,0.72,0.08,0.12,0.16666666666666666,0.05555555555555555,25,3,1,2,2,1,1,0,0
NCC1=CC=C(/C=C/C2=CN=C(C(=O)C3=NC=NN3)N=C2)C=C1Cl,12/000000014,"InChI=1S/C16H13ClN6O/c17-13-5-10(3-4-12(13)6-18)1-2-11-7-19-15(20-8-11)14(24)16-21-9-22-23-16/h1-5,7-9H,6,18H2,(H,21,22,23)/p+1/b2-1+",C16H14N6OCl,340.08393671600004,2.1082,4.57,3.92,4.94,0.0,3.3931351451271414,1,DRUGLIKE_CRAFT,HsDHODH_Druglike,6,2,110.44000000000001,5,16,1,6,0.6666666666666666,0.041666666666666664,0.25,0.0625,0.0,24,3,0,3,2,0,2,0,0
NCC1=CC(C(=O)O)=CN1CC#C[C@@H](Cl)C1=CN=NN1,21/000000006,"InChI=1S/C12H12ClN5O2/c13-10(11-6-15-17-16-11)2-1-3-18-7-8(12(19)20)4-9(18)5-14/h4,6-7,10H,3,5,14H2,(H,19,20)(H,15,16,17)/t10-/m1/s1",C12H12N5O2Cl,293.067952304,0.7465999999999997,4.57,7.25,3.58,-150.0,4.421391943233873,1,DRUGLIKE_CRAFT,HsDHODH_Druglike,5,3,109.82,4,12,2,5,0.6,0.1,0.25,0.25,0.08333333333333333,20,2,0,2,2,0,2,0,0
CCCC1=CC(C2=CN=C(/C=C/C3=CC(O)=C(I)C=C3)O2)=NNC1=O,15/000000128,"InChI=1S/C18H16IN3O3/c1-2-3-12-9-14(21-22-18(12)24)16-10-20-17(25-16)7-5-11-4-6-13(19)15(23)8-11/h4-10,23H,2-3H2,1H3,(H,22,24)/b7-5+",C18H16N3O3I,449.023639372,3.8580000000000023,4.57,1.83,5.08,-160.0,3.0639979317346064,1,DRUGLIKE_CRAFT,HsDHODH_Druglike,5,2,92.00999999999999,5,18,3,3,0.72,0.12,0.12,0.16666666666666666,0.0,25,3,0,3,2,0,2,0,0
O=C(O)C[C@H](C#CC1=C(Cl)C(O)=CC=C1)C1=CC(=O)CO1,1/000000001,"InChI=1S/C15H11ClO5/c16-15-9(2-1-3-12(15)18)4-5-10(6-14(19)20)13-7-11(17)8-21-13/h1-3,7,10,18H,6,8H2,(H,19,20)/t10-/m0/s1",C15H10O5Cl,306.029501132,1.9711999999999998,4.56,6.32,21.7,-150.0,3.880076664826328,1,DRUGLIKE_CRAFT,HsDHODH_Druglike,4,2,83.83,3,15,5,0,0.7142857142857143,0.23809523809523808,0.0,0.2,0.06666666666666667,21,2,1,1,1,1,0,0,0
C=CC1=NC(CO)=C(C2=NNC(=O)C(CC)=C2)O1,15/000000234,"InChI=1S/C12H13N3O3/c1-3-7-5-8(14-15-12(7)17)11-9(6-16)13-10(4-2)18-11/h4-5,16H,2-3,6H2,1H3,(H,15,17)",C12H13N3O3,247.095691276,1.1225999999999998,4.56,2.04,22.6,-160.0,3.4167637336842223,1,DRUGLIKE_CRAFT,HsDHODH_Druglike,5,2,92.01,4,12,3,3,0.6666666666666666,0.16666666666666666,0.16666666666666666,0.25,0.0,18,2,0,2,2,0,2,0,0
O=C(C1=NNC(O)=C1)C1=NC=C(/C=C/C2=CC=CC(Cl)=C2)C=N1,12/000000027,"InChI=1S/C16H11ClN4O2/c17-12-3-1-2-10(6-12)4-5-11-8-18-16(19-9-11)15(23)13-7-14(22)21-20-13/h1-9H,(H2,20,21,22)/b5-4+",C16H11N4O2Cl,326.0570532720001,2.9601000000000015,4.56,3.37,3.58,0.0,3.0119698429039037,1,DRUGLIKE_CRAFT,HsDHODH_Druglike,5,2,91.76,4,16,2,4,0.6956521739130435,0.08695652173913043,0.17391304347826086,0.0,0.0,23,3,0,3,2,0,2,0,0
NCC1=CC=C(/C=C/C2=CN=C(C(=O)C3=NC=NN3)N=C2)C=C1Cl,12/000000015,"InChI=1S/C16H13ClN6O/c17-13-5-10(3-4-12(13)6-18)1-2-11-7-19-15(20-8-11)14(24)16-21-9-22-23-16/h1-5,7-9H,6,18H2,(H,21,22,23)/b2-1+",C16H13N6OCl,340.08393671600004,2.1082,4.55,3.97,4.94,0.0,2.9623130715485466,1,DRUGLIKE_CRAFT,HsDHODH_Druglike,6,2,110.44000000000001,5,16,1,6,0.6666666666666666,0.041666666666666664,0.25,0.0625,0.0,24,3,0,3,2,0,2,0,0
CC1=CC=C(/C=C/C2=CN=C(C(=O)C3=CNC(CN)=C3)N=C2)C=C1Cl,12/000000139,"InChI=1S/C19H17ClN4O/c1-12-2-3-13(6-17(12)20)4-5-14-9-23-19(24-10-14)18(25)15-7-16(8-21)22-11-15/h2-7,9-11,22H,8,21H2,1H3/b5-4+",C19H17N4OCl,352.10908884400004,3.626620000000001,4.55,3.75,3.58,-20.0,2.8739116912145626,1,DRUGLIKE_CRAFT,HsDHODH_Druglike,4,2,84.66,5,19,1,4,0.76,0.04,0.16,0.10526315789473684,0.0,25,3,0,3,2,0,2,0,0
NC1=CC(CCC2=NC(CO)=C(C3=NNC(=O)C=C3)O2)=CC=C1,15/000000013,"InChI=1S/C16H16N4O3/c17-11-3-1-2-10(8-11)4-7-15-18-13(9-21)16(23-15)12-5-6-14(22)20-19-12/h1-3,5-6,8,21H,4,7,9,17H2,(H,20,22)",C16H16N4O3,312.12224037199996,1.2846000000000002,4.54,3.8,24.6,-120.0,2.8312817310157907,1,DRUGLIKE_CRAFT,HsDHODH_Druglike,6,3,118.02999999999999,5,16,3,4,0.6956521739130435,0.13043478260869565,0.17391304347826086,0.1875,0.0,23,3,0,3,2,0,2,0,0
CC1=CC=C(/C=C/C2=CN=C(C(=O)C3=CNC(CO)=C3)N=C2)C=C1Cl,12/000000110,"InChI=1S/C19H16ClN3O2/c1-12-2-3-13(6-17(12)20)4-5-14-8-22-19(23-9-14)18(25)15-7-16(11-24)21-10-15/h2-10,21,24H,11H2,1H3/b5-4+",C19H16N3O2Cl,353.093104432,3.6602200000000016,4.54,4.04,3.58,-40.0,2.868695006490835,1,DRUGLIKE_CRAFT,HsDHODH_Druglike,4,2,78.87,5,19,2,3,0.76,0.08,0.12,0.10526315789473684,0.0,25,3,0,3,2,0,2,0,0
NC1=CC(I)=CC=C1/C=C/[C@H](NC(=O)CCO)C1=CN=NN1,13/000000031,"InChI=1S/C14H16IN5O2/c15-10-3-1-9(11(16)7-10)2-4-12(13-8-17-20-19-13)18-14(22)5-6-21/h1-4,7-8,12,21H,5-6,16H2,(H,18,22)(H,17,19,20)/b4-2+/t12-/m0/s1",C14H16N5O2I,413.034872752,1.2446,4.54,4.19,3.58,-170.0,4.060107073267407,1,DRUGLIKE_CRAFT,HsDHODH_Druglike,5,4,116.91999999999999,6,14,2,5,0.6363636363636364,0.09090909090909091,0.22727272727272727,0.21428571428571427,0.07142857142857142,22,2,0,2,1,0,1,0,0
NCCC/C=C/C1=NN=C([C@@H](C(=O)O)C2=C(CF)C(=O)CO2)O1,1/000000034,"InChI=1S/C14H16FN3O5/c15-6-8-9(19)7-22-12(8)11(14(20)21)13-18-17-10(23-13)4-2-1-3-5-16/h2,4,11H,1,3,5-7,16H2,(H,20,21)/b4-2+/t11-/m0/s1",C14H16N3O5F,325.10739883199994,0.8128000000000002,4.53,6.25,5.09,-150.0,4.273622891970116,1,DRUGLIKE_CRAFT,HsDHODH_Druglike,7,2,128.54000000000002,8,14,5,3,0.6086956521739131,0.21739130434782608,0.13043478260869565,0.42857142857142855,0.07142857142857142,23,2,1,1,2,1,1,0,0
O=C(O)C1=C(C2=NNC(=O)C=C2)OC(CCl)=N1,15/000000027,"InChI=1S/C9H6ClN3O4/c10-3-6-11-7(9(15)16)8(17-6)4-1-2-5(14)13-12-4/h1-2H,3H2,(H,13,14)(H,15,16)",C9H5N3O4Cl,255.004683352,0.8618999999999999,4.53,3.57,23.7,-120.0,2.983782130122062,1,DRUGLIKE_CRAFT,HsDHODH_Druglike,5,2,109.07999999999998,3,9,4,3,0.5294117647058824,0.23529411764705882,0.17647058823529413,0.1111111111111111,0.0,17,2,0,2,2,0,2,0,0
C[C@H](O)C1=NNC(C(=O)C2=CC=C(I)C(I)=C2)=N1,10/000000026,"InChI=1S/C11H9I2N3O2/c1-5(17)10-14-11(16-15-10)9(18)6-2-3-7(12)8(13)4-6/h2-5,17H,1H3,(H,14,15,16)/t5-/m0/s1",C11H9N3O2I2,468.87842252800004,2.2982000000000005,4.53,7.73,2.22,-170.0,3.618492751228384,1,DRUGLIKE_CRAFT,HsDHODH_Druglike,4,2,78.87,3,11,2,3,0.6111111111111112,0.1111111111111111,0.16666666666666666,0.18181818181818182,0.09090909090909091,18,2,0,2,1,0,1,0,0
CCC/C=C/C1=NC(CO)=C(C2=NNC(=O)C=C2)O1,15/000000165,"InChI=1S/C13H15N3O3/c1-2-3-4-5-12-14-10(8-17)13(19-12)9-6-7-11(18)16-15-9/h4-7,17H,2-3,8H2,1H3,(H,16,18)/b5-4+",C13H15N3O3,261.11134134,1.7304999999999997,4.53,3.97,23.2,-140.0,3.2226412512168254,1,DRUGLIKE_CRAFT,HsDHODH_Druglike,5,2,92.01,5,13,3,3,0.6842105263157895,0.15789473684210525,0.15789473684210525,0.3076923076923077,0.0,19,2,0,2,2,0,2,0,0
CCCCC1=C(C/C=C(/C(=O)O)C2=CC[C@@H](CO)O2)ON=C1O,4/000000103,"InChI=1S/C16H21NO6/c1-2-3-4-11-14(23-17-15(11)19)8-6-12(16(20)21)13-7-5-10(9-18)22-13/h6-7,10,18H,2-5,8-9H2,1H3,(H,17,19)(H,20,21)/b12-6+/t10-/m0/s1",C16H20NO6,323.136887392,1.9414000000000007,4.53,9.32,5.21,-170.0,4.150474334277808,1,DRUGLIKE_CRAFT,HsDHODH_Druglike,6,3,113.02000000000001,8,16,6,1,0.6956521739130435,0.2608695652173913,0.043478260869565216,0.5,0.0625,23,2,1,1,2,1,1,0,0
C=CC1=NC(CO)=C(C2=NNC(=O)C(CBr)=C2)O1,15/000000096,"InChI=1S/C11H10BrN3O3/c1-2-9-13-8(5-16)10(18-9)7-3-6(4-12)11(17)15-14-7/h2-3,16H,1,4-5H2,(H,15,17)",C11H10N3O3Br,310.99055328,1.4550999999999998,4.52,2.54,23.7,-140.0,3.646150195222684,1,DRUGLIKE_CRAFT,HsDHODH_Druglike,5,2,92.01,4,11,3,3,0.6111111111111112,0.16666666666666666,0.16666666666666666,0.18181818181818182,0.0,18,2,0,2,2,0,2,0,0
O=C(C1=NC=C(/C=C/C2=CC(CO)=CC(Cl)=C2)C=N1)C1=NNC(=O)O1,12/000000147,"InChI=1S/C16H11ClN4O4/c17-12-4-9(3-11(5-12)8-22)1-2-10-6-18-14(19-7-10)13(23)15-20-21-16(24)25-15/h1-7,22H,8H2,(H,21,24)/b2-1+",C16H11N4O4Cl,358.046882512,1.6999999999999993,4.52,5.33,4.94,0.0,3.1645346597952777,1,DRUGLIKE_CRAFT,HsDHODH_Druglike,7,2,121.96999999999998,5,16,4,4,0.64,0.16,0.16,0.0625,0.0,25,3,0,3,2,0,2,0,0
CNC/C=C/C1=NC(CO)=C(C2=NNC(=O)C=C2)O1,15/000000048,"InChI=1S/C12H14N4O3/c1-13-6-2-3-11-14-9(7-17)12(19-11)8-4-5-10(18)16-15-8/h2-5,13,17H,6-7H2,1H3,(H,16,18)/b3-2+",C12H14N4O3,262.106590308,0.14979999999999982,4.51,1.0,24.0,-140.0,3.395674584550159,1,DRUGLIKE_CRAFT,HsDHODH_Druglike,6,3,104.04,5,12,3,4,0.631578947368421,0.15789473684210525,0.21052631578947367,0.25,0.0,19,2,0,2,2,0,2,0,0
CC1=C([C@H](C(=O)O)C2=NN=C(/C=C/CCCN)O2)OCC1=O,1/000000026,"InChI=1S/C14H17N3O5/c1-8-9(18)7-21-12(8)11(14(19)20)13-17-16-10(22-13)5-3-2-4-6-15/h3,5,11H,2,4,6-7,15H2,1H3,(H,19,20)/b5-3+/t11-/m0/s1",C14H17N3O5,307.11682064400003,0.8632000000000001,4.5,6.95,5.09,-170.0,4.088111926214564,1,DRUGLIKE_CRAFT,HsDHODH_Druglike,7,2,128.54,7,14,5,3,0.6363636363636364,0.22727272727272727,0.13636363636363635,0.42857142857142855,0.07142857142857142,22,2,1,1,2,1,1,0,0
O=C1C=CC(C2=C(CO)N=C(CCCCl)O2)=NN1,15/000000149,"InChI=1S/C11H12ClN3O3/c12-5-1-2-10-13-8(6-16)11(18-10)7-3-4-9(17)15-14-7/h3-4,16H,1-2,5-6H2,(H,15,17)",C11H12N3O3Cl,269.056718924,1.0886,4.49,1.85,22.7,-120.0,3.086155697485128,1,DRUGLIKE_CRAFT,HsDHODH_Druglike,5,2,92.00999999999999,5,11,3,3,0.6111111111111112,0.16666666666666666,0.16666666666666666,0.36363636363636365,0.0,18,2,0,2,2,0,2,0,0
C=CC1=COC(CO)=C1C1=NNC(=O)C(COCC)=C1,15/000000284,"InChI=1S/C14H16N2O4/c1-3-9-8-20-12(6-17)13(9)11-5-10(7-19-4-2)14(18)16-15-11/h3,5,8,17H,1,4,6-7H2,2H3,(H,16,18)",C14H16N2O4,276.111006992,1.7016999999999998,4.49,4.41,23.0,-180.0,3.292263322863965,1,DRUGLIKE_CRAFT,HsDHODH_Druglike,5,2,88.35000000000001,6,14,4,2,0.7,0.2,0.1,0.2857142857142857,0.0,20,2,0,2,2,0,2,0,0
O=C1OC=NC2=C1C(C#CCC1=C(CO)C=C(CO)N1)=CC=C2,12/000000057,"InChI=1S/C17H14N2O4/c20-8-12-7-13(9-21)19-14(12)5-1-3-11-4-2-6-15-16(11)17(22)23-10-18-15/h2,4,6-7,10,19-21H,5,8-9H2",C17H14N2O4,310.095356928,1.0948999999999998,4.49,7.0,24.8,-80.0,3.4447922205262804,1,DRUGLIKE_CRAFT,HsDHODH_Druglike,5,3,99.35,3,17,4,2,0.7391304347826086,0.17391304347826086,0.08695652173913043,0.17647058823529413,0.0,23,3,0,3,2,0,2,0,0
CC(C)=CCCC1=NC(CO)=C(C2=NNC(=O)C=C2)O1,15/000000219,"InChI=1S/C14H17N3O3/c1-9(2)4-3-5-13-15-11(8-18)14(20-13)10-6-7-12(19)17-16-10/h4,6-7,18H,3,5,8H2,1-2H3,(H,17,19)",C14H17N3O3,275.126991404,1.816,4.49,3.11,23.8,-200.0,3.1498333778090206,1,DRUGLIKE_CRAFT,HsDHODH_Druglike,5,2,92.01,5,14,3,3,0.7,0.15,0.15,0.35714285714285715,0.0,20,2,0,2,2,0,2,0,0
NCCC/C=C/C1=NC(CO)=C(C2=NNC(=O)C=C2)O1,15/000000237,"InChI=1S/C13H16N4O3/c14-7-3-1-2-4-12-15-10(8-18)13(20-12)9-5-6-11(19)17-16-9/h2,4-6,18H,1,3,7-8,14H2,(H,17,19)/p+1/b4-2+",C13H17N4O3,276.12224037199996,0.6692999999999999,4.48,4.87,24.6,-120.0,3.816340896606012,1,DRUGLIKE_CRAFT,HsDHODH_Druglike,6,3,118.02999999999999,6,13,3,4,0.65,0.15,0.2,0.3076923076923077,0.0,20,2,0,2,2,0,2,0,0
O=C1C=CC(C2=C(CO)N=C(COCCCBr)O2)=NN1,15/000000262,"InChI=1S/C12H14BrN3O4/c13-4-1-5-19-7-11-14-9(6-17)12(20-11)8-2-3-10(18)16-15-8/h2-3,17H,1,4-7H2,(H,16,18)",C12H14N3O4Br,343.016768028,1.2187999999999999,4.48,5.8,24.5,-120.0,3.157791099035162,1,DRUGLIKE_CRAFT,HsDHODH_Druglike,6,2,101.24000000000001,7,12,4,3,0.6,0.2,0.15,0.4166666666666667,0.0,20,2,0,2,2,0,2,0,0
NCCNCC[C@@H](N)C#CC1=CC(Cl)=CC=C1Cl,1/000000041,"InChI=1S/C13H17Cl2N3/c14-11-2-4-13(15)10(9-11)1-3-12(17)5-7-18-8-6-16/h2,4,9,12,18H,5-8,16-17H2/t12-/m0/s1",C13H17N3Cl2,285.07995290400004,1.6105999999999996,4.48,7.28,17.0,-150.0,3.336860343065119,1,DRUGLIKE_CRAFT,HsDHODH_Druglike,3,3,64.07,5,13,0,3,0.7222222222222222,0.0,0.16666666666666666,0.38461538461538464,0.07692307692307693,18,1,0,1,0,0,0,0,0
OC[C@@H]1CC=C(/C(=C\CC2=CC(O)=NO2)CF)O1,4/000000049,"InChI=1S/C12H14FNO4/c13-6-8(11-4-3-10(7-15)17-11)1-2-9-5-12(16)14-18-9/h1,4-5,10,15H,2-3,6-7H2,(H,14,16)/b8-1-/t10-/m0/s1",C12H14NO4F,255.090686148,1.4837,4.47,7.19,3.58,-150.0,4.587524831752903,1,DRUGLIKE_CRAFT,HsDHODH_Druglike,5,2,75.72000000000001,5,12,4,1,0.6666666666666666,0.2222222222222222,0.05555555555555555,0.4166666666666667,0.08333333333333333,18,2,1,1,2,1,1,0,0
NCOC1=CC=C(C(=O)OCC2=NC=CC(O)=C2C(=O)O)C=C1N,16/000000006,"InChI=1S/C15H15N3O6/c16-7-24-12-2-1-8(5-9(12)17)15(22)23-6-10-13(14(20)21)11(19)3-4-18-10/h1-5H,6-7,16-17H2,(H,18,19)(H,20,21)",C15H15N3O6,333.0960852,0.7196,4.46,3.86,5.21,0.0,2.661838398395613,1,DRUGLIKE_CRAFT,HsDHODH_Druglike,8,4,157.99,6,15,6,3,0.625,0.25,0.125,0.13333333333333333,0.0,24,2,0,2,1,0,1,0,0
C/C=C/CCC1=NC(CO)=C(C2=NNC(=O)C(CO)=C2)O1,15/000000216,"InChI=1S/C14H17N3O4/c1-2-3-4-5-12-15-11(8-19)13(21-12)10-6-9(7-18)14(20)17-16-10/h2-3,6,18-19H,4-5,7-8H2,1H3,(H,17,20)/b3-2+",C14H17N3O4,291.121906024,0.9181999999999999,4.46,2.06,25.0,-160.0,3.3790887312535514,1,DRUGLIKE_CRAFT,HsDHODH_Druglike,6,3,112.24000000000001,6,14,4,3,0.6666666666666666,0.19047619047619047,0.14285714285714285,0.35714285714285715,0.0,21,2,0,2,2,0,2,0,0
C[C@@H](O)C1=CC=C(/C=C/C2=CN=C(C(N)=O)N=C2)C=C1Cl,12/000000013,"InChI=1S/C15H14ClN3O2/c1-9(20)12-5-4-10(6-13(12)16)2-3-11-7-18-15(14(17)21)19-8-11/h2-9,20H,1H3,(H2,17,21)/b3-2+/t9-/m1/s1",C15H14N3O2Cl,303.077454368,2.4526000000000003,4.45,4.62,16.9,-170.0,3.0642636674788495,1,DRUGLIKE_CRAFT,HsDHODH_Druglike,4,2,89.10000000000001,4,15,2,3,0.7142857142857143,0.09523809523809523,0.14285714285714285,0.13333333333333333,0.06666666666666667,21,2,0,2,1,0,1,0,0
CC(=O)C[C@@H](/C=C/C1=CC=C(I)C=C1N)CO,13/000000021,"InChI=1S/C13H16INO2/c1-9(17)6-10(8-16)2-3-11-4-5-12(14)7-13(11)15/h2-5,7,10,16H,6,8,15H2,1H3/b3-2+/t10-/m1/s1",C13H16NO2I,345.02257675199996,2.4742,4.45,4.34,2.22,-170.0,3.507297746405401,1,DRUGLIKE_CRAFT,HsDHODH_Druglike,3,2,63.32000000000001,5,13,2,1,0.7647058823529411,0.11764705882352941,0.058823529411764705,0.3076923076923077,0.07692307692307693,17,1,0,1,0,0,0,0,0
NCC1=C(CC/C(=C/CC2=NON=C2)CO)N=CO1,28/000000001,"InChI=1S/C12H16N4O3/c13-5-12-11(14-8-18-12)4-2-9(7-17)1-3-10-6-15-19-16-10/h1,6,8,17H,2-5,7,13H2/p+1/b9-1-",C12H17N4O3,264.122240372,0.6102999999999996,4.45,1.69,3.58,-20.0,4.4510184540140285,1,DRUGLIKE_CRAFT,HsDHODH_Druglike,7,2,111.2,7,12,3,4,0.631578947368421,0.15789473684210525,0.21052631578947367,0.4166666666666667,0.0,19,2,0,2,2,0,2,0,0
O=C(O)C1=NC=C(/C=C/C2=CC=C(C(=O)O)C(Cl)=C2)C=N1,12/000000181,"InChI=1S/C14H9ClN2O4/c15-11-5-8(3-4-10(11)13(18)19)1-2-9-6-16-12(14(20)21)17-7-9/h1-7H,(H,18,19)(H,20,21)/b2-1+",C14H8N2O4Cl,304.0250844480001,2.6968000000000005,4.44,5.5,3.7,0.0,2.4527162994772613,1,DRUGLIKE_CRAFT,HsDHODH_Druglike,4,2,100.38,4,14,4,2,0.6666666666666666,0.19047619047619047,0.09523809523809523,0.0,0.0,21,2,0,2,1,0,1,0,0
CCC1=C(C/C=C(/C(=O)O)C2=CC[C@@H](CO)O2)ON=C1O,4/000000075,"InChI=1S/C14H17NO6/c1-2-9-12(21-15-13(9)17)6-4-10(14(18)19)11-5-3-8(7-16)20-11/h4-5,8,16H,2-3,6-7H2,1H3,(H,15,17)(H,18,19)/b10-4+/t8-/m0/s1",C14H16NO6,295.105587264,1.1612,4.44,7.74,5.08,-170.0,4.274582235118107,1,DRUGLIKE_CRAFT,HsDHODH_Druglike,6,3,113.02000000000001,6,14,6,1,0.6666666666666666,0.2857142857142857,0.047619047619047616,0.42857142857142855,0.07142857142857142,21,2,1,1,2,1,1,0,0
C/C=C/CCC1=NC(CO)=C(C2=NNC(=O)C=C2)O1,15/000000111,"InChI=1S/C13H15N3O3/c1-2-3-4-5-12-14-10(8-17)13(19-12)9-6-7-11(18)16-15-9/h2-3,6-7,17H,4-5,8H2,1H3,(H,16,18)/b3-2+",C13H15N3O3,261.11134134,1.4259,4.44,1.84,23.2,-140.0,3.243315610191184,1,DRUGLIKE_CRAFT,HsDHODH_Druglike,5,2,92.01,5,13,3,3,0.6842105263157895,0.15789473684210525,0.15789473684210525,0.3076923076923077,0.0,19,2,0,2,2,0,2,0,0
O=C(O)[C@@H](CNCC#CC1=CCC2=C1C=CC=C2)C1=NC=CN=C1,21/000000003,"InChI=1S/C19H17N3O2/c23-19(24)17(18-13-21-10-11-22-18)12-20-9-3-5-15-8-7-14-4-1-2-6-16(14)15/h1-2,4,6,8,10-11,13,17,20H,7,9,12H2,(H,23,24)/t17-/m0/s1",C19H16N3O2,319.13207678400005,1.8775000000000002,4.44,6.51,20.8,-190.0,3.609425105678609,1,DRUGLIKE_CRAFT,HsDHODH_Druglike,4,2,75.11,5,19,2,3,0.7916666666666666,0.08333333333333333,0.125,0.21052631578947367,0.05263157894736842,24,3,1,2,1,0,1,0,0
O=C1C=CC(C2=C(CO)N=C(CCI)O2)=NN1,15/000000185,"InChI=1S/C10H10IN3O3/c11-4-3-9-12-7(5-15)10(17-9)6-1-2-8(16)14-13-6/h1-2,15H,3-5H2,(H,14,16)",C10H10N3O3I,346.97668918,0.8947,4.43,1.82,22.1,-120.0,3.3356800433790177,1,DRUGLIKE_CRAFT,HsDHODH_Druglike,5,2,92.00999999999999,4,10,3,3,0.5882352941176471,0.17647058823529413,0.17647058823529413,0.3,0.0,17,2,0,2,2,0,2,0,0
C=CCCCOCC1=NC(CO)=C(C2=NNC(=O)C=C2)O1,15/000000221,"InChI=1S/C14H17N3O4/c1-2-3-4-7-20-9-13-15-11(8-18)14(21-13)10-5-6-12(19)17-16-10/h2,5-6,18H,1,3-4,7-9H2,(H,17,19)",C14H17N3O4,291.121906024,1.3999999999999997,4.43,6.23,25.0,-120.0,3.1262005435090927,1,DRUGLIKE_CRAFT,HsDHODH_Druglike,6,2,101.24,8,14,4,3,0.6666666666666666,0.19047619047619047,0.14285714285714285,0.35714285714285715,0.0,21,2,0,2,2,0,2,0,0
C=C(N[C@H]1C=C(CO)C=C(CN)C1)C1=C(C)N=CO1,19/000000019,"InChI=1S/C14H19N3O2/c1-9-14(19-8-16-9)10(2)17-13-4-11(6-15)3-12(5-13)7-18/h3,5,8,13,17-18H,2,4,6-7,15H2,1H3/t13-/m1/s1",C14H19N3O2,261.147726848,1.1194199999999999,4.43,6.77,3.58,-170.0,4.396270446954761,1,DRUGLIKE_CRAFT,HsDHODH_Druglike,5,3,84.31,5,14,2,3,0.7368421052631579,0.10526315789473684,0.15789473684210525,0.35714285714285715,0.07142857142857142,19,2,1,1,1,0,1,0,0
CC1=C(/C(=C\CC2=CC(O)=NO2)C(=O)O)O[C@H](CO)C1,4/000000043,"InChI=1S/C13H15NO6/c1-7-4-9(6-15)19-12(7)10(13(17)18)3-2-8-5-11(16)14-20-8/h3,5,9,15H,2,4,6H2,1H3,(H,14,16)(H,17,18)/b10-3+/t9-/m0/s1",C13H14NO6,281.08993720000007,0.9888999999999999,4.43,8.51,4.81,-170.0,4.315623062114993,1,DRUGLIKE_CRAFT,HsDHODH_Druglike,6,3,113.02000000000001,5,13,6,1,0.65,0.3,0.05,0.38461538461538464,0.07692307692307693,20,2,1,1,2,1,1,0,0
NC/C=C/C1=C([C@H](C(=O)O)C2=NN=C(CCCCl)O2)OCC1=O,1/000000030,"InChI=1S/C14H16ClN3O5/c15-5-1-4-10-17-18-13(23-10)11(14(20)21)12-8(3-2-6-16)9(19)7-22-12/h2-3,11H,1,4-7,16H2,(H,20,21)/b3-2+/t11-/m0/s1",C14H16N3O5Cl,341.07784829199994,0.7774999999999999,4.43,7.49,3.84,-150.0,4.1239870746624225,1,DRUGLIKE_CRAFT,HsDHODH_Druglike,7,2,128.54000000000002,8,14,5,3,0.6086956521739131,0.21739130434782608,0.13043478260869565,0.42857142857142855,0.07142857142857142,23,2,1,1,2,1,1,0,0
CCCCOCC1=NC(CO)=C(C2=NNC(=O)C=C2)O1,15/000000170,"InChI=1S/C13H17N3O4/c1-2-3-6-19-8-12-14-10(7-17)13(20-12)9-4-5-11(18)16-15-9/h4-5,17H,2-3,6-8H2,1H3,(H,16,18)",C13H17N3O4,279.121906024,1.2339,4.42,5.39,23.4,-140.0,2.938006483650547,1,DRUGLIKE_CRAFT,HsDHODH_Druglike,6,2,101.24,7,13,4,3,0.65,0.2,0.15,0.46153846153846156,0.0,20,2,0,2,2,0,2,0,0
C#CCCCC1=NC(CO)=C(C2=NNC(=O)C=C2)O1,15/000000133,"InChI=1S/C13H13N3O3/c1-2-3-4-5-12-14-10(8-17)13(19-12)9-6-7-11(18)16-15-9/h1,6-7,17H,3-5,8H2,(H,16,18)",C13H13N3O3,259.095691276,0.8731,4.42,3.05,25.0,-120.0,3.228077148652723,1,DRUGLIKE_CRAFT,HsDHODH_Druglike,5,2,92.01,5,13,3,3,0.6842105263157895,0.15789473684210525,0.15789473684210525,0.3076923076923077,0.0,19,2,0,2,2,0,2,0,0
COC/C=C/CCC1=NC(CO)=C(C2=NNC(=O)C=C2)O1,15/000000229,"InChI=1S/C14H17N3O4/c1-20-8-4-2-3-5-13-15-11(9-18)14(21-13)10-6-7-12(19)17-16-10/h2,4,6-7,18H,3,5,8-9H2,1H3,(H,17,19)/b4-2+",C14H17N3O4,291.121906024,1.0524,4.42,3.03,25.0,-140.0,3.2558466973552465,1,DRUGLIKE_CRAFT,HsDHODH_Druglike,6,2,101.24,7,14,4,3,0.6666666666666666,0.19047619047619047,0.14285714285714285,0.35714285714285715,0.0,21,2,0,2,2,0,2,0,0
C=CCC1=NC(CO)=C(C2=NNC(=O)C(C)=C2)O1,15/000000163,"InChI=1S/C12H13N3O3/c1-3-4-10-13-9(6-16)11(18-10)8-5-7(2)12(17)15-14-8/h3,5,16H,1,4,6H2,2H3,(H,15,17)",C12H13N3O3,247.095691276,0.95412,4.42,3.59,22.6,-140.0,3.3570203490688373,1,DRUGLIKE_CRAFT,HsDHODH_Druglike,5,2,92.01,4,12,3,3,0.6666666666666666,0.16666666666666666,0.16666666666666666,0.25,0.0,18,2,0,2,2,0,2,0,0
NCC(=O)OCCC1=CC(/C=C2\C=CC3=CC(CO)=CC=C23)=NO1,17/000000024,"InChI=1S/C18H18N2O4/c19-10-18(22)23-6-5-16-9-15(20-24-16)8-14-3-2-13-7-12(11-21)1-4-17(13)14/h1-4,7-9,21H,5-6,10-11,19H2/b14-8+",C18H18N2O4,326.126657056,1.7786999999999997,4.42,2.74,23.6,-60.0,3.1277946768997165,1,DRUGLIKE_CRAFT,HsDHODH_Druglike,6,2,98.58000000000001,6,18,4,2,0.75,0.16666666666666666,0.08333333333333333,0.2222222222222222,0.0,24,3,1,2,1,0,1,0,0
C=CC1=C(NCCN2C=NC3=C2C=NC(CNC)=N3)C=CC=C1O,13/000000019,"InChI=1S/C17H20N6O/c1-3-12-13(5-4-6-15(12)24)19-7-8-23-11-21-17-14(23)9-20-16(22-17)10-18-2/h3-6,9,11,18-19,24H,1,7-8,10H2,2H3/p+1",C17H21N6O,324.16985925999995,2.0063999999999997,4.42,2.18,19.5,-100.0,3.642777285595368,1,DRUGLIKE_CRAFT,HsDHODH_Druglike,7,3,87.89,7,17,1,6,0.7083333333333334,0.041666666666666664,0.25,0.23529411764705882,0.0,24,3,0,3,2,0,2,0,0
C/C(=C\C1=NN=C([C@@H](C(=O)O)C2=CC(=O)CO2)O1)CCCN,1/000000033,"InChI=1S/C14H17N3O5/c1-8(3-2-4-15)5-11-16-17-13(22-11)12(14(19)20)10-6-9(18)7-21-10/h5-6,12H,2-4,7,15H2,1H3,(H,19,20)/b8-5+/t12-/m0/s1",C14H17N3O5,307.11682064400003,0.8632,4.41,6.56,6.77,-170.0,4.190600703011538,1,DRUGLIKE_CRAFT,HsDHODH_Druglike,7,2,128.54000000000002,7,14,5,3,0.6363636363636364,0.22727272727272727,0.13636363636363635,0.42857142857142855,0.07142857142857142,22,2,1,1,2,1,1,0,0
COCC1=C([C@H](C(=O)O)C2=NN=C(/C=C/CCCN)O2)OCC1=O,1/000000031,"InChI=1S/C15H19N3O6/c1-22-7-9-10(19)8-23-13(9)12(15(20)21)14-18-17-11(24-14)5-3-2-4-6-16/h3,5,12H,2,4,6-8,16H2,1H3,(H,20,21)/b5-3+/t12-/m0/s1",C15H19N3O6,337.12738532799995,0.48969999999999947,4.4,8.33,5.09,-170.0,4.115709927722236,1,DRUGLIKE_CRAFT,HsDHODH_Druglike,8,2,137.77,9,15,6,3,0.625,0.25,0.125,0.4666666666666667,0.06666666666666667,24,2,1,1,2,1,1,0,0
O=C(O)/C(=C/CC1=C(C(=O)O)C(O)=NO1)C1=CC[C@@H](CO)O1,4/000000013,"InChI=1S/C13H13NO8/c15-5-6-1-3-8(21-6)7(12(17)18)2-4-9-10(13(19)20)11(16)14-22-9/h2-3,6,15H,1,4-5H2,(H,14,16)(H,17,18)(H,19,20)/b7-2+/t6-/m0/s1",C13H12NO8,311.064116376,0.297,4.4,8.03,5.35,-150.0,4.217649505029192,1,DRUGLIKE_CRAFT,HsDHODH_Druglike,7,4,150.32,6,13,8,1,0.5909090909090909,0.36363636363636365,0.045454545454545456,0.3076923076923077,0.07692307692307693,22,2,1,1,2,1,1,0,0
N[C@H](C#CC1=CC(Cl)=CC=C1Cl)C1=CC(O)=CC=C1,1/000000017,"InChI=1S/C15H11Cl2NO/c16-12-5-6-14(17)10(8-12)4-7-15(18)11-2-1-3-13(19)9-11/h1-3,5-6,8-9,15,19H,18H2/t15-/m1/s1",C15H11NOCl2,291.021769332,3.7505000000000015,4.4,7.45,15.8,-168.0,3.026269285851713,1,DRUGLIKE_CRAFT,HsDHODH_Druglike,2,2,46.25,1,15,1,1,0.7894736842105263,0.05263157894736842,0.05263157894736842,0.06666666666666667,0.06666666666666667,19,2,0,2,0,0,0,0,0
CNC/C=C/C1=NC(CO)=C(C2=NNC(=O)C=C2)O1,15/000000070,"InChI=1S/C12H14N4O3/c1-13-6-2-3-11-14-9(7-17)12(19-11)8-4-5-10(18)16-15-8/h2-5,13,17H,6-7H2,1H3,(H,16,18)/p+1/b3-2+",C12H15N4O3,262.106590308,0.14979999999999982,4.39,2.99,24.0,-140.0,4.089766892242466,1,DRUGLIKE_CRAFT,HsDHODH_Druglike,6,3,104.04,5,12,3,4,0.631578947368421,0.15789473684210525,0.21052631578947367,0.25,0.0,19,2,0,2,2,0,2,0,0
O=C(C1=NC=C(Cl)C(CO)=C1)[C@H]1C=C(CO)C=CC1,19/000000016,"InChI=1S/C14H14ClNO3/c15-12-6-16-13(5-11(12)8-18)14(19)10-3-1-2-9(4-10)7-17/h1-2,4-6,10,17-18H,3,7-8H2/t10-/m1/s1",C14H14NO3Cl,279.066220988,1.9047999999999998,4.39,6.14,2.35,-150.0,3.784082348261002,1,DRUGLIKE_CRAFT,HsDHODH_Druglike,4,2,70.42,4,14,3,1,0.7368421052631579,0.15789473684210525,0.05263157894736842,0.2857142857142857,0.07142857142857142,19,2,1,1,1,0,1,0,0
CCOCC1=C(C/C=C(/C(=O)O)C2=CC[C@@H](CO)O2)ON=C1O,4/000000073,"InChI=1S/C15H19NO7/c1-2-21-8-11-13(23-16-14(11)18)6-4-10(15(19)20)12-5-3-9(7-17)22-12/h4-5,9,17H,2-3,6-8H2,1H3,(H,16,18)(H,19,20)/b10-4+/t9-/m0/s1",C15H18NO7,325.11615194800004,1.1352999999999998,4.39,9.49,6.58,-170.0,4.243418805431654,1,DRUGLIKE_CRAFT,HsDHODH_Druglike,7,3,122.25000000000001,8,15,7,1,0.6521739130434783,0.30434782608695654,0.043478260869565216,0.4666666666666667,0.06666666666666667,23,2,1,1,2,1,1,0,0
NCC[C@@H](/C=C/C1=CC=C(I)C=C1N)C(=O)CN,13/000000034,"InChI=1S/C13H18IN3O/c14-11-4-3-9(12(17)7-11)1-2-10(5-6-15)13(18)8-16/h1-4,7,10H,5-6,8,15-17H2/p+1/b2-1+/t10-/m1/s1",C13H19N3OI,359.04946019600004,1.3794000000000006,4.39,3.75,2.22,-150.0,4.247890867397929,1,DRUGLIKE_CRAFT,HsDHODH_Druglike,4,3,95.13,6,13,1,3,0.7222222222222222,0.05555555555555555,0.16666666666666666,0.3076923076923077,0.07692307692307693,18,1,0,1,0,0,0,0,0
NCCC/C=C/C1=NN=C([C@@H](C(=O)O)C2=CC(=O)CO2)O1,1/000000021,"InChI=1S/C13H15N3O5/c14-5-3-1-2-4-10-15-16-12(21-10)11(13(18)19)9-6-8(17)7-20-9/h2,4,6,11H,1,3,5,7,14H2,(H,18,19)/b4-2+/t11-/m0/s1",C13H15N3O5,293.10117058,0.4731,4.38,5.87,5.09,-150.0,4.14738997687956,1,DRUGLIKE_CRAFT,HsDHODH_Druglike,7,2,128.54000000000002,7,13,5,3,0.6190476190476191,0.23809523809523808,0.14285714285714285,0.38461538461538464,0.07692307692307693,21,2,1,1,2,1,1,0,0
C=CCNCC1=NC(CO)=C(C2=NNC(=O)C=C2)O1,15/000000154,"InChI=1S/C12H14N4O3/c1-2-5-13-6-11-14-9(7-17)12(19-11)8-3-4-10(18)16-15-8/h2-4,13,17H,1,5-7H2,(H,16,18)/p+1",C12H15N4O3,262.106590308,0.1927999999999998,4.38,2.38,24.0,-120.0,4.136564328139902,1,DRUGLIKE_CRAFT,HsDHODH_Druglike,6,3,104.04,6,12,3,4,0.631578947368421,0.15789473684210525,0.21052631578947367,0.25,0.0,19,2,0,2,2,0,2,0,0
CCCC/C=C/C1=NC(CN)=C(C2=NNC(=O)C(C)=C2)O1,15/000000124,"InChI=1S/C15H20N4O2/c1-3-4-5-6-7-13-17-12(9-16)14(21-13)11-8-10(2)15(20)19-18-11/h6-8H,3-5,9,16H2,1-2H3,(H,19,20)/b7-6+",C15H20N4O2,288.15862588,2.3954200000000005,4.37,3.57,24.6,-200.0,3.2358936856212184,1,DRUGLIKE_CRAFT,HsDHODH_Druglike,5,2,97.8,6,15,2,4,0.7142857142857143,0.09523809523809523,0.19047619047619047,0.4,0.0,21,2,0,2,2,0,2,0,0
O=C(O)/C(=C/CC1=C(CCl)C(O)=NO1)C1=CC[C@@H](CO)O1,4/000000056,"InChI=1S/C13H14ClNO6/c14-5-9-11(21-15-12(9)17)4-2-8(13(18)19)10-3-1-7(6-16)20-10/h2-3,7,16H,1,4-6H2,(H,15,17)(H,18,19)/b8-2+/t7-/m0/s1",C13H13NO6Cl,315.050964848,1.3376,4.37,8.66,3.84,-150.0,4.381562871722881,1,DRUGLIKE_CRAFT,HsDHODH_Druglike,6,3,113.02000000000001,6,13,6,1,0.6190476190476191,0.2857142857142857,0.047619047619047616,0.38461538461538464,0.07692307692307693,21,2,1,1,2,1,1,0,0
CCCC1=C(C/C=C(/C(=O)O)C2=CC[C@@H](CO)O2)ON=C1O,4/000000082,"InChI=1S/C15H19NO6/c1-2-3-10-13(22-16-14(10)18)7-5-11(15(19)20)12-6-4-9(8-17)21-12/h5-6,9,17H,2-4,7-8H2,1H3,(H,16,18)(H,19,20)/b11-5+/t9-/m0/s1",C15H18NO6,309.121237328,1.5513,4.37,9.19,5.21,-170.0,4.220665015747983,1,DRUGLIKE_CRAFT,HsDHODH_Druglike,6,3,113.02000000000001,7,15,6,1,0.6818181818181818,0.2727272727272727,0.045454545454545456,0.4666666666666667,0.06666666666666667,22,2,1,1,2,1,1,0,0
C=CC1=COC(CO)=C1C1=NNC(=O)C=C1,15/000000280,"InChI=1S/C11H10N2O3/c1-2-7-6-16-9(5-14)11(7)8-3-4-10(15)13-12-8/h2-4,6,14H,1,5H2,(H,13,15)",C11H10N2O3,218.06914218,1.1651999999999998,4.35,4.05,20.0,-120.0,3.2751084753483326,1,DRUGLIKE_CRAFT,HsDHODH_Druglike,4,2,79.12,3,11,3,2,0.6875,0.1875,0.125,0.09090909090909091,0.0,16,2,0,2,2,0,2,0,0
CC#C[C@H](O)C1=CC=C(NC2=C(O)C=CC(CCl)=C2)C=C1,13/000000018,"InChI=1S/C17H16ClNO2/c1-2-3-16(20)13-5-7-14(8-6-13)19-15-10-12(11-18)4-9-17(15)21/h4-10,16,19-21H,11H2,1H3/t16-/m0/s1",C17H16NO2Cl,301.08695643199997,3.931300000000002,4.35,5.1,16.5,-170.0,3.02532583085609,1,DRUGLIKE_CRAFT,HsDHODH_Druglike,3,3,52.489999999999995,4,17,2,1,0.8095238095238095,0.09523809523809523,0.047619047619047616,0.17647058823529413,0.058823529411764705,21,2,0,2,0,0,0,0,0
NC/C=C/[C@@H](CCO)NCC1=CC=CC(Cl)=C1,16/000000002,"InChI=1S/C13H19ClN2O/c14-12-4-1-3-11(9-12)10-16-13(6-8-17)5-2-7-15/h1-5,9,13,16-17H,6-8,10,15H2/b5-2+/t13-/m0/s1",C13H19N2OCl,254.118590908,1.6954999999999996,4.35,4.2,2.22,-150.0,3.18056676814453,1,DRUGLIKE_CRAFT,HsDHODH_Druglike,3,3,58.28,7,13,1,2,0.7647058823529411,0.058823529411764705,0.11764705882352941,0.38461538461538464,0.07692307692307693,17,1,0,1,0,0,0,0,0
CCCCCCCC1=NC(CO)=C(C2=NNC(=O)C(CC)=C2)O1,15/000000270,"InChI=1S/C17H25N3O3/c1-3-5-6-7-8-9-15-18-14(11-21)16(23-15)13-10-12(4-2)17(22)20-19-13/h10,21H,3-9,11H2,1-2H3,(H,20,22)",C17H25N3O3,319.18959165999996,2.9925000000000006,4.34,2.28,24.6,-200.0,2.8781807197193956,1,DRUGLIKE_CRAFT,HsDHODH_Druglike,5,2,92.01,9,17,3,3,0.7391304347826086,0.13043478260869565,0.13043478260869565,0.5882352941176471,0.0,23,2,0,2,2,0,2,0,0
CC1=C(C/C=C(/C(=O)O)C2=CC[C@@H](CO)O2)ON=C1O,4/000000064,"InChI=1S/C13H15NO6/c1-7-10(20-14-12(7)16)5-3-9(13(17)18)11-4-2-8(6-15)19-11/h3-4,8,15H,2,5-6H2,1H3,(H,14,16)(H,17,18)/b9-3+/t8-/m0/s1",C13H14NO6,281.0899372,0.9072199999999999,4.34,8.12,3.72,-170.0,4.304349775401706,1,DRUGLIKE_CRAFT,HsDHODH_Druglike,6,3,113.02000000000001,5,13,6,1,0.65,0.3,0.05,0.38461538461538464,0.07692307692307693,20,2,1,1,2,1,1,0,0
CCC1=NC(CO)=C(C2=NNC(=O)C(CCF)=C2)O1,15/000000232,"InChI=1S/C12H14FN3O3/c1-2-10-14-9(6-17)11(19-10)8-5-7(3-4-13)12(18)16-15-8/h5,17H,2-4,6H2,1H3,(H,16,18)",C12H14N3O3F,267.101919528,0.9916000000000001,4.34,2.65,24.3,-180.0,3.299780728720453,1,DRUGLIKE_CRAFT,HsDHODH_Druglike,5,2,92.01,5,12,3,3,0.631578947368421,0.15789473684210525,0.15789473684210525,0.4166666666666667,0.0,19,2,0,2,2,0,2,0,0
C=CC1=NC(CO)=C(C2=NNC(=O)C(CCC)=C2)O1,15/000000151,"InChI=1S/C13H15N3O3/c1-3-5-8-6-9(15-16-13(8)18)12-10(7-17)14-11(4-2)19-12/h4,6,17H,2-3,5,7H2,1H3,(H,16,18)",C13H15N3O3,261.11134134,1.5127,4.34,2.44,23.2,-180.0,3.3703987258176964,1,DRUGLIKE_CRAFT,HsDHODH_Druglike,5,2,92.01,5,13,3,3,0.6842105263157895,0.15789473684210525,0.15789473684210525,0.3076923076923077,0.0,19,2,0,2,2,0,2,0,0
N[C@@](C#CC1=CNC=C1)(C(=O)O)C1=NN=CO1,25/000000003,"InChI=1S/C10H8N4O3/c11-10(9(15)16,8-14-13-6-17-8)3-1-7-2-4-12-5-7/h2,4-6,12H,11H2,(H,15,16)/t10-/m1/s1",C10H8N4O3,232.059640116,-0.31200000000000033,4.33,3.12,24.6,-150.0,4.439058114298376,1,DRUGLIKE_CRAFT,HsDHODH_Druglike,5,3,118.03,2,10,3,4,0.5882352941176471,0.17647058823529413,0.23529411764705882,0.1,0.1,17,2,0,2,2,0,2,0,0
O=C(O)C1=CC(F)=CC=C1C1=C(C(=O)O)NN=C1,3/000000004,"InChI=1S/C11H7FN2O4/c12-5-1-2-6(7(3-5)10(15)16)8-4-13-14-9(8)11(17)18/h1-4H,(H,13,14)(H,15,16)(H,17,18)",C11H6N2O4F,250.038984924,1.6121999999999999,4.33,5.42,2.35,-120.0,2.3624100884722914,1,DRUGLIKE_CRAFT,HsDHODH_Druglike,3,3,103.27999999999999,3,11,4,2,0.6111111111111112,0.2222222222222222,0.1111111111111111,0.0,0.0,18,2,0,2,1,0,1,0,0
O=C(C1=NC=C(Cl)C(CO)=C1)[C@H]1C=C(CO)C(CF)=CC1,19/000000036,"InChI=1S/C15H15ClFNO3/c16-13-6-18-14(4-12(13)8-20)15(21)9-1-2-10(5-17)11(3-9)7-19/h2-4,6,9,19-20H,1,5,7-8H2/t9-/m1/s1",C15H15NO3FCl,311.07244924,2.2444999999999995,4.32,6.46,3.7,-150.0,4.010118309388663,1,DRUGLIKE_CRAFT,HsDHODH_Druglike,4,2,70.42,5,15,3,1,0.7142857142857143,0.14285714285714285,0.047619047619047616,0.3333333333333333,0.06666666666666667,21,2,1,1,1,0,1,0,0
C[C@@H](O)C/C=C/C1=CC(Cl)=CC=C1O,22/000000004,"InChI=1S/C11H13ClO2/c1-8(13)3-2-4-9-7-10(12)5-6-11(9)14/h2,4-8,13-14H,3H2,1H3/b4-2+/t8-/m1/s1",C11H13O2Cl,212.060407336,2.829700000000001,4.32,5.22,3.72,-170.0,2.8546994460851796,1,DRUGLIKE_CRAFT,HsDHODH_Druglike,2,2,40.46,3,11,2,0,0.7857142857142857,0.14285714285714285,0.0,0.2727272727272727,0.09090909090909091,14,1,0,1,0,0,0,0,0
NC(=O)CC1=C(C/C=C(/CF)C2=CC[C@@H](CO)O2)ON=C1O,4/000000009,"InChI=1S/C14H17FN2O5/c15-6-8(11-4-2-9(7-18)21-11)1-3-12-10(5-13(16)19)14(20)17-22-12/h1,4,9,18H,2-3,5-7H2,(H2,16,19)(H,17,20)/b8-1-/t9-/m0/s1",C14H17N2O5F,312.112149864,0.5114999999999998,4.32,8.97,5.35,-150.0,4.498017096454161,1,DRUGLIKE_CRAFT,HsDHODH_Druglike,6,3,118.81000000000002,7,14,5,2,0.6363636363636364,0.22727272727272727,0.09090909090909091,0.42857142857142855,0.07142857142857142,22,2,1,1,2,1,1,0,0
C=CC1=NC(CO)=C(C2=NNC(=O)C(C)=C2)O1,15/000000182,"InChI=1S/C11H11N3O3/c1-3-9-12-8(5-15)10(17-9)7-4-6(2)11(16)14-13-7/h3-4,15H,1,5H2,2H3,(H,14,16)",C11H11N3O3,233.080041212,0.8686199999999998,4.31,2.4,22.0,-140.0,3.460790968092602,1,DRUGLIKE_CRAFT,HsDHODH_Druglike,5,2,92.01,3,11,3,3,0.6470588235294118,0.17647058823529413,0.17647058823529413,0.18181818181818182,0.0,17,2,0,2,2,0,2,0,0
NC/C(=C\CC1=NON=C1)CCC1=C(CN)OC=N1,28/000000006,"InChI=1S/C12H17N5O2/c13-5-9(1-3-10-7-16-19-17-10)2-4-11-12(6-14)18-8-15-11/h1,7-8H,2-6,13-14H2/p+1/b9-1-",C12H18N5O2,263.138224784,0.5766999999999997,4.31,2.01,3.58,-20.0,4.519791041426615,1,DRUGLIKE_CRAFT,HsDHODH_Druglike,7,2,116.99,7,12,2,5,0.631578947368421,0.10526315789473684,0.2631578947368421,0.4166666666666667,0.0,19,2,0,2,2,0,2,0,0
C=CC1=COC(CO)=C1C1=NNC(=O)C(CNC)=C1,15/000000286,"InChI=1S/C13H15N3O3/c1-3-8-7-19-11(6-17)12(8)10-4-9(5-14-2)13(18)16-15-10/h3-4,7,14,17H,1,5-6H2,2H3,(H,16,18)",C13H15N3O3,261.11134134,0.8845999999999998,4.31,4.0,22.6,-160.0,3.3204297853242277,1,DRUGLIKE_CRAFT,HsDHODH_Druglike,5,3,91.15,5,13,3,3,0.6842105263157895,0.15789473684210525,0.15789473684210525,0.23076923076923078,0.0,19,2,0,2,2,0,2,0,0
CCCOCC1=NC(CO)=C(C2=NNC(=O)C=C2)O1,15/000000166,"InChI=1S/C12H15N3O4/c1-2-5-18-7-11-13-9(6-16)12(19-11)8-3-4-10(17)15-14-8/h3-4,16H,2,5-7H2,1H3,(H,15,17)",C12H15N3O4,265.10625596,0.8437999999999999,4.3,4.96,22.8,-140.0,3.0065489435245176,1,DRUGLIKE_CRAFT,HsDHODH_Druglike,6,2,101.24,6,12,4,3,0.631578947368421,0.21052631578947367,0.15789473684210525,0.4166666666666667,0.0,19,2,0,2,2,0,2,0,0
N[C@@](O)(/C=C/C1=C(CO)OCC1=O)C1=CC=CC=C1,1/000000018,"InChI=1S/C14H15NO4/c15-14(18,10-4-2-1-3-5-10)7-6-11-12(17)9-19-13(11)8-16/h1-7,16,18H,8-9,15H2/b7-6+/t14-/m1/s1",C14H15NO4,261.10010796,0.19229999999999947,4.3,4.3,3.58,-150.0,3.871506441149246,1,DRUGLIKE_CRAFT,HsDHODH_Druglike,5,3,92.78,4,14,4,1,0.7368421052631579,0.21052631578947367,0.05263157894736842,0.21428571428571427,0.07142857142857142,19,2,1,1,1,1,0,0,0
C#CCC1=NC(CO)=C(C2=NNC(=O)C(C)=C2)O1,15/000000106,"InChI=1S/C12H11N3O3/c1-3-4-10-13-9(6-16)11(18-10)8-5-7(2)12(17)15-14-8/h1,5,16H,4,6H2,2H3,(H,15,17)",C12H11N3O3,245.080041212,0.40132000000000023,4.3,3.26,24.4,-140.0,3.478752964453453,1,DRUGLIKE_CRAFT,HsDHODH_Druglike,5,2,92.01,3,12,3,3,0.6666666666666666,0.16666666666666666,0.16666666666666666,0.25,0.0,18,2,0,2,2,0,2,0,0
O=C(O)C1=NN(C(=O)CC2=NN=CN2)C=N1,30/000000001,"InChI=1S/C7H6N6O3/c14-5(1-4-8-2-10-11-4)13-3-9-6(12-13)7(15)16/h2-3H,1H2,(H,15,16)(H,8,10,11)",C7H6N6O3,222.050138052,-1.0227000000000008,4.3,0.39,2.22,-60.0,3.686920783040639,1,DRUGLIKE_CRAFT,HsDHODH_Druglike,7,2,126.64999999999999,3,7,3,6,0.4375,0.1875,0.375,0.14285714285714285,0.0,16,2,0,2,2,0,2,0,0
NCC1=CC=C([C@]2(NCO)C=C(/C=C/C3=COC=C3)C2)N1,20/000000008,"InChI=1S/C16H19N3O2/c17-9-14-3-4-15(19-14)16(18-11-20)7-13(8-16)2-1-12-5-6-21-10-12/h1-7,10,18-20H,8-9,11,17H2/b2-1+/t16-/m0/s1",C16H19N3O2,285.14772684800005,1.8446000000000002,4.29,2.0,23.0,-190.0,4.361796691351528,1,DRUGLIKE_CRAFT,HsDHODH_Druglike,4,4,87.21000000000001,6,16,2,3,0.7619047619047619,0.09523809523809523,0.14285714285714285,0.25,0.0625,21,3,1,2,2,0,2,0,0
C[C@@H](O)CNCC#CC1=CC(Cl)=CC(Cl)=C1,10/000000024,"InChI=1S/C12H13Cl2NO/c1-9(16)8-15-4-2-3-10-5-11(13)7-12(14)6-10/h5-7,9,15-16H,4,8H2,1H3/t9-/m1/s1",C12H13NOCl2,257.037419396,2.3153000000000006,4.26,2.19,2.48,-170.0,3.070877070743215,1,DRUGLIKE_CRAFT,HsDHODH_Druglike,2,2,32.26,3,12,1,1,0.75,0.0625,0.0625,0.3333333333333333,0.08333333333333333,16,1,0,1,0,0,0,0,0
CCC1=NC(CO)=C(C2=NNC(=O)C(CC)=C2)O1,15/000000279,"InChI=1S/C12H15N3O3/c1-3-7-5-8(14-15-12(7)17)11-9(6-16)13-10(4-2)18-11/h5,16H,3-4,6H2,1-2H3,(H,15,17)",C12H15N3O3,249.11134134,1.0420000000000003,4.26,2.43,21.6,-200.0,3.0669074259919142,1,DRUGLIKE_CRAFT,HsDHODH_Druglike,5,2,92.01,4,12,3,3,0.6666666666666666,0.16666666666666666,0.16666666666666666,0.4166666666666667,0.0,18,2,0,2,2,0,2,0,0
NCC1=C(C2=CC=C(F)C=C2C(=O)O)C=NN1,3/000000003,"InChI=1S/C11H10FN3O2/c12-6-1-2-7(8(3-6)11(16)17)9-5-14-15-10(9)4-13/h1-3,5H,4,13H2,(H,14,15)(H,16,17)",C11H9N3O2F,235.07570478,1.3726999999999998,4.26,5.73,2.22,-120.0,2.546582457454305,1,DRUGLIKE_CRAFT,HsDHODH_Druglike,3,3,92.0,3,11,2,3,0.6470588235294118,0.11764705882352941,0.17647058823529413,0.09090909090909091,0.0,17,2,0,2,1,0,1,0,0
O=C1C=CC(C2=C(CO)N=C(CCNCCBr)O2)=NN1,15/000000193,"InChI=1S/C12H15BrN4O3/c13-4-6-14-5-3-11-15-9(7-18)12(20-11)8-1-2-10(19)17-16-8/h1-2,14,18H,3-7H2,(H,17,19)/p+1",C12H16N4O3Br,342.0327524400001,0.4441999999999998,4.25,3.05,24.7,-120.0,4.123310127375243,1,DRUGLIKE_CRAFT,HsDHODH_Druglike,6,3,104.03999999999999,7,12,3,4,0.6,0.15,0.2,0.4166666666666667,0.0,20,2,0,2,2,0,2,0,0
NCCCCCC1=CC(/C=C2\C=CC3=CC(CO)=CC=C23)=NO1,17/000000026,"InChI=1S/C19H22N2O2/c20-9-3-1-2-4-18-12-17(21-23-18)11-16-7-6-15-10-14(13-22)5-8-19(15)16/h5-8,10-12,22H,1-4,9,13,20H2/p+1/b16-11+",C19H23N2O2,310.168127944,3.405800000000003,4.25,4.49,20.8,-60.0,3.480528980780952,1,DRUGLIKE_CRAFT,HsDHODH_Druglike,4,2,72.28,7,19,2,2,0.8260869565217391,0.08695652173913043,0.08695652173913043,0.3157894736842105,0.0,23,3,1,2,1,0,1,0,0
CCCCC1=C(C/C=C(/CF)C2=CC[C@@H](C(=O)O)O2)ON=C1O,4/000000038,"InChI=1S/C16H20FNO5/c1-2-3-4-11-13(23-18-15(11)19)6-5-10(9-17)12-7-8-14(22-12)16(20)21/h5,7,14H,2-4,6,8-9H2,1H3,(H,18,19)(H,20,21)/b10-5-/t14-/m0/s1",C16H20NO5F,325.13255096,2.918600000000001,4.25,8.4,5.35,-170.0,4.2998115938931925,1,DRUGLIKE_CRAFT,HsDHODH_Druglike,5,2,92.79,8,16,5,1,0.6956521739130435,0.21739130434782608,0.043478260869565216,0.5,0.0625,23,2,1,1,2,1,1,0,0
CN(C)C/C=C/C1=NC(CO)=C(C2=NNC(=O)C=C2)O1,15/000000080,"InChI=1S/C13H16N4O3/c1-17(2)7-3-4-12-14-10(8-18)13(20-12)9-5-6-11(19)16-15-9/h3-6,18H,7-8H2,1-2H3,(H,16,19)/b4-3+",C13H16N4O3,276.12224037199996,0.4919999999999999,4.24,4.57,24.6,-200.0,3.2956655206661623,1,DRUGLIKE_CRAFT,HsDHODH_Druglike,6,2,95.24999999999999,5,13,3,4,0.65,0.15,0.2,0.3076923076923077,0.0,20,2,0,2,2,0,2,0,0
O=C1C=CC(C2=C(CO)N=C(CCCCF)O2)=NN1,15/000000259,"InChI=1S/C12H14FN3O3/c13-6-2-1-3-11-14-9(7-17)12(19-11)8-4-5-10(18)16-15-8/h4-5,17H,1-3,6-7H2,(H,16,18)",C12H14N3O3F,267.101919528,1.2094,4.24,1.84,24.3,-120.0,3.1028874050629787,1,DRUGLIKE_CRAFT,HsDHODH_Druglike,5,2,92.00999999999999,6,12,3,3,0.631578947368421,0.15789473684210525,0.15789473684210525,0.4166666666666667,0.0,19,2,0,2,2,0,2,0,0
C/C=C(\CC)CCC1=NC(CO)=C(C2=NNC(=O)C=C2)O1,15/000000266,"InChI=1S/C15H19N3O3/c1-3-10(4-2)5-8-14-16-12(9-19)15(21-14)11-6-7-13(20)18-17-11/h3,6-7,19H,4-5,8-9H2,1-2H3,(H,18,20)/b10-3+",C15H19N3O3,289.142641468,2.2061,4.24,3.73,24.4,-200.0,3.3231197612405143,1,DRUGLIKE_CRAFT,HsDHODH_Druglike,5,2,92.01,6,15,3,3,0.7142857142857143,0.14285714285714285,0.14285714285714285,0.4,0.0,21,2,0,2,2,0,2,0,0
O=C1CC(/C=C2\C=CC3=CC(CO)=CC=C23)=NN1CCCCO,17/000000011,"InChI=1S/C18H20N2O3/c21-8-2-1-7-20-18(23)11-16(19-20)10-15-5-4-14-9-13(12-22)3-6-17(14)15/h3-6,9-10,21-22H,1-2,7-8,11-12H2/b15-10+",C18H20N2O3,312.14739249999997,1.9499,4.24,5.99,21.4,-40.0,3.235012500246561,1,DRUGLIKE_CRAFT,HsDHODH_Druglike,4,2,73.13,6,18,3,2,0.782608695652174,0.13043478260869565,0.08695652173913043,0.3333333333333333,0.0,23,3,2,1,1,1,0,0,0
N[C@H](O)C1=C(F)C=CC2=C1C=CN2,21/000000004,"InChI=1S/C9H9FN2O/c10-6-1-2-7-5(3-4-12-7)8(6)9(11)13/h1-4,9,12-13H,11H2/t9-/m1/s1",C9H9N2OF,180.069891128,1.2566,4.23,6.1,12.3,-190.0,3.0784812824666457,1,DRUGLIKE_CRAFT,HsDHODH_Druglike,2,3,62.04,1,9,1,2,0.6923076923076923,0.07692307692307693,0.15384615384615385,0.1111111111111111,0.1111111111111111,13,2,0,2,1,0,1,0,0
OCCC1=NC(C2=CC=CC(I)=C2O)=NC(CO)=N1,23/000000005,"InChI=1S/C12H12IN3O3/c13-8-3-1-2-7(11(8)19)12-15-9(4-5-17)14-10(6-18)16-12/h1-3,17-19H,4-6H2",C12H12N3O3I,372.992339244,0.8758999999999999,4.23,7.28,14.1,-160.0,2.9872808738583334,1,DRUGLIKE_CRAFT,HsDHODH_Druglike,6,3,99.36000000000001,4,12,3,3,0.631578947368421,0.15789473684210525,0.15789473684210525,0.25,0.0,19,2,0,2,1,0,1,0,0
NCCNC(=O)C1=C(CCCNC2=NCCCO2)C=C(Br)O1,6/000000025,"InChI=1S/C14H21BrN4O3/c15-11-9-10(12(22-11)13(20)17-7-4-16)3-1-5-18-14-19-6-2-8-21-14/h9H,1-8,16H2,(H,17,20)(H,18,19)/p+1",C14H22N4O3Br,372.07970263199996,1.0290999999999997,4.23,4.15,5.24,-20.0,3.753536543999944,1,DRUGLIKE_CRAFT,HsDHODH_Druglike,6,3,101.88,7,14,3,4,0.6363636363636364,0.13636363636363635,0.18181818181818182,0.5714285714285714,0.0,22,2,1,1,2,1,1,0,0
CCCCC[C@@](N)(C#CC1=CC(=O)CC1)CN,27/000000001,"InChI=1S/C14H22N2O/c1-2-3-4-8-14(16,11-15)9-7-12-5-6-13(17)10-12/h10H,2-6,8,11,15-16H2,1H3/p+1/t14-/m1/s1",C14H23N2O,234.173213324,1.5156,4.23,4.73,17.2,-170.0,4.350203367980864,1,DRUGLIKE_CRAFT,HsDHODH_Druglike,3,2,69.11,5,14,1,2,0.8235294117647058,0.058823529411764705,0.11764705882352941,0.6428571428571429,0.07142857142857142,17,1,1,0,0,0,0,0,0
NCOC1=CC=C(C(=O)OCC2=NC=CC=C2C(=O)O)C=C1N,16/000000004,"InChI=1S/C15H15N3O5/c16-8-23-13-4-3-9(6-11(13)17)15(21)22-7-12-10(14(19)20)2-1-5-18-12/h1-6H,7-8,16-17H2,(H,19,20)",C15H15N3O5,317.10117058000003,1.014,4.23,4.07,3.7,0.0,2.400246503743066,1,DRUGLIKE_CRAFT,HsDHODH_Druglike,7,3,137.76,6,15,5,3,0.6521739130434783,0.21739130434782608,0.13043478260869565,0.13333333333333333,0.0,23,2,0,2,1,0,1,0,0
NC1=C(CO)C(C(=O)OCC2=NC=CC(O)=C2C(=O)O)=CC=C1,16/000000011,"InChI=1S/C15H14N2O6/c16-10-3-1-2-8(9(10)6-18)15(22)23-7-11-13(14(20)21)12(19)4-5-17-11/h1-5,18H,6-7,16H2,(H,17,19)(H,20,21)",C15H14N2O6,318.085186168,0.9169,4.23,6.51,5.49,0.0,2.6544474652815264,1,DRUGLIKE_CRAFT,HsDHODH_Druglike,7,4,142.97,5,15,6,2,0.6521739130434783,0.2608695652173913,0.08695652173913043,0.13333333333333333,0.0,23,2,0,2,1,0,1,0,0
NCC1=CC=C(/C=C/C2=CN=C(C(=O)O)N=C2)C=C1Cl,12/000000060,"InChI=1S/C14H12ClN3O2/c15-12-5-9(3-4-11(12)6-16)1-2-10-7-17-13(14(19)20)18-8-10/h1-5,7-8H,6,16H2,(H,19,20)/b2-1+",C14H12N3O2Cl,289.061804304,2.4573,4.22,5.5,3.7,0.0,2.582516894292537,1,DRUGLIKE_CRAFT,HsDHODH_Druglike,4,2,89.1,4,14,2,3,0.7,0.1,0.15,0.07142857142857142,0.0,20,2,0,2,1,0,1,0,0
CNC/C=C/C1=NC(CO)=C(C2=NNC(=O)C(C)=C2)O1,15/000000142,"InChI=1S/C13H16N4O3/c1-8-6-9(16-17-13(8)19)12-10(7-18)15-11(20-12)4-3-5-14-2/h3-4,6,14,18H,5,7H2,1-2H3,(H,17,19)/b4-3+",C13H16N4O3,276.12224037199996,0.45821999999999974,4.22,1.33,24.6,-200.0,3.458125410776053,1,DRUGLIKE_CRAFT,HsDHODH_Druglike,6,3,104.04,5,13,3,4,0.65,0.15,0.2,0.3076923076923077,0.0,20,2,0,2,2,0,2,0,0
COCCC1=C(C/C=C(/C(=O)O)C2=CC[C@@H](CO)O2)ON=C1O,4/000000101,"InChI=1S/C15H19NO7/c1-21-7-6-10-13(23-16-14(10)18)5-3-11(15(19)20)12-4-2-9(8-17)22-12/h3-4,9,17H,2,5-8H2,1H3,(H,16,18)(H,19,20)/b11-3+/t9-/m0/s1",C15H18NO7,325.11615194800004,0.7877000000000001,4.22,9.58,5.21,-170.0,4.229823613123962,1,DRUGLIKE_CRAFT,HsDHODH_Druglike,7,3,122.25000000000001,8,15,7,1,0.6521739130434783,0.30434782608695654,0.043478260869565216,0.4666666666666667,0.06666666666666667,23,2,1,1,2,1,1,0,0
COC1=CC(N)=NC=C1C#CC(=O)C1=NC=C(CO)N1,11/000000007,"InChI=1S/C13H12N4O3/c1-20-11-4-12(14)15-5-8(11)2-3-10(19)13-16-6-9(7-18)17-13/h4-6,18H,7H2,1H3,(H2,14,15)(H,16,17)",C13H12N4O3,272.090940244,0.12220000000000003,4.22,7.68,3.85,-20.0,3.2954973887980312,1,DRUGLIKE_CRAFT,HsDHODH_Druglike,6,3,114.12,3,13,3,4,0.65,0.15,0.2,0.15384615384615385,0.0,20,2,0,2,2,0,2,0,0
O=C1CC(/C=C2\C=CC3=C2C=CC=C3)=NN1CCNCCO,17/000000034,"InChI=1S/C17H19N3O2/c21-10-8-18-7-9-20-17(22)12-15(19-20)11-14-6-5-13-3-1-2-4-16(13)14/h1-6,11,18,21H,7-10,12H2/b14-11+",C17H19N3O2,297.147726848,1.267,4.21,4.14,3.72,-60.0,3.1843473956482953,1,DRUGLIKE_CRAFT,HsDHODH_Druglike,4,2,64.93,6,17,2,3,0.7727272727272727,0.09090909090909091,0.13636363636363635,0.29411764705882354,0.0,22,3,2,1,1,1,0,0,0
C=C[C@@H](CCC1=C(C(=O)NCCO)OC(Br)=C1)C1=NOC=C1,6/000000020,"InChI=1S/C15H17BrN2O4/c1-2-10(12-5-8-21-18-12)3-4-11-9-13(16)22-14(11)15(20)17-6-7-19/h2,5,8-10,19H,1,3-4,6-7H2,(H,17,20)/t10-/m0/s1",C15H17N2O4Br,368.037169124,2.654600000000001,4.21,4.11,5.24,-150.0,3.881308562101153,1,DRUGLIKE_CRAFT,HsDHODH_Druglike,5,2,88.5,8,15,4,2,0.6818181818181818,0.18181818181818182,0.09090909090909091,0.3333333333333333,0.06666666666666667,22,2,0,2,2,0,2,0,0
O[C@H](C#CC1=CC(Cl)=CC(Cl)=C1)CNCC1=NON=C1,10/000000011,"InChI=1S/C13H11Cl2N3O2/c14-10-3-9(4-11(15)5-10)1-2-13(19)8-16-6-12-7-17-20-18-12/h3-5,7,13,16,19H,6,8H2/p+1/t13-/m1/s1",C13H12N3O2Cl2,311.02283195200005,1.8785999999999996,4.21,0.18,3.58,-150.0,4.582312793436303,1,DRUGLIKE_CRAFT,HsDHODH_Druglike,5,2,71.18,4,13,2,3,0.65,0.1,0.15,0.23076923076923078,0.07692307692307693,20,2,0,2,1,0,1,0,0
COCCC1=C(C/C=C\C2=CC[C@@H](CO)O2)ON=C1O,4/000000008,"InChI=1S/C14H19NO5/c1-18-8-7-12-13(20-15-14(12)17)4-2-3-10-5-6-11(9-16)19-10/h2-3,5,11,16H,4,6-9H2,1H3,(H,15,17)/b3-2-/t11-/m0/s1",C14H19NO5,281.12632270800003,1.3329,4.2,7.3,3.72,-170.0,4.3157573278492585,1,DRUGLIKE_CRAFT,HsDHODH_Druglike,6,2,84.95,7,14,5,1,0.7,0.25,0.05,0.5,0.07142857142857142,20,2,1,1,2,1,1,0,0
CCC(=O)C#C[C@](N)(C(=O)O)C1=NN=CO1,25/000000004,"InChI=1S/C9H9N3O4/c1-2-6(13)3-4-9(10,8(14)15)7-12-11-5-16-7/h5H,2,10H2,1H3,(H,14,15)/t9-/m1/s1",C9H9N3O4,223.059305768,-0.7093,4.2,3.75,22.4,-170.0,4.518599667913486,1,DRUGLIKE_CRAFT,HsDHODH_Druglike,6,2,119.31,3,9,4,3,0.5625,0.25,0.1875,0.3333333333333333,0.1111111111111111,16,1,0,1,1,0,1,0,0
CCOC(=O)CC1=CC(C2=NNC(=O)C=C2)=C(CO)O1,15/000000083,"InChI=1S/C13H14N2O5/c1-2-19-13(18)6-8-5-9(11(7-16)20-8)10-3-4-12(17)15-14-10/h3-5,16H,2,6-7H2,1H3,(H,15,17)",C13H14N2O5,278.090271548,0.6278000000000001,4.19,3.22,23.6,-140.0,2.9037501360507783,1,DRUGLIKE_CRAFT,HsDHODH_Druglike,6,2,105.42,5,13,5,2,0.65,0.25,0.1,0.3076923076923077,0.0,20,2,0,2,2,0,2,0,0
O=C1NN=C(/C=C2\C=CC3=CC(CO)=CC=C23)[C@@H]1Br,17/000000030,"InChI=1S/C14H11BrN2O2/c15-13-12(16-17-14(13)19)6-10-3-2-9-5-8(7-18)1-4-11(9)10/h1-6,13,18H,7H2,(H,17,19)/b10-6+/t13-/m0/s1",C14H11N2O2Br,318.00038969200006,1.8383999999999998,4.19,8.29,19.5,-190.0,3.877046886238748,1,DRUGLIKE_CRAFT,HsDHODH_Druglike,3,2,61.69,2,14,2,2,0.7368421052631579,0.10526315789473684,0.10526315789473684,0.14285714285714285,0.07142857142857142,19,3,2,1,1,1,0,0,0
CC1=NN=C(/C=C/CC2=C(C(=O)O)[C@H](CO)NC(=O)N2)N1,30/000000010,"InChI=1S/C12H15N5O4/c1-6-13-9(17-16-6)4-2-3-7-10(11(19)20)8(5-18)15-12(21)14-7/h2,4,8,18H,3,5H2,1H3,(H,19,20)(H,13,16,17)(H2,14,15,21)/b4-2+/t8-/m0/s1",C12H15N5O4,293.11240396000005,-0.47117999999999965,4.19,7.83,5.09,-170.0,4.1539058425451625,1,DRUGLIKE_CRAFT,HsDHODH_Druglike,5,5,140.23,5,12,4,5,0.5714285714285714,0.19047619047619047,0.23809523809523808,0.3333333333333333,0.08333333333333333,21,2,1,1,2,1,1,0,0
O=C(O)CC#C[C@H](O)C1=CC=C(NC2=CC=CC(CCl)=C2)C=C1,13/000000012,"InChI=1S/C18H16ClNO3/c19-12-13-3-1-4-16(11-13)20-15-9-7-14(8-10-15)17(21)5-2-6-18(22)23/h1,3-4,7-11,17,20-21H,6,12H2,(H,22,23)/t17-/m0/s1",C18H15NO3Cl,329.081871052,3.680500000000002,4.18,5.48,19.3,-170.0,3.023630299514495,1,DRUGLIKE_CRAFT,HsDHODH_Druglike,3,3,69.56,5,18,3,1,0.782608695652174,0.13043478260869565,0.043478260869565216,0.16666666666666666,0.05555555555555555,23,2,0,2,0,0,0,0,0
NCC1=NN=C(/C=C\CC(=O)C2=CC=C(O)C3=C2C=CC3)N1,14/000000002,"InChI=1S/C16H16N4O2/c17-9-16-18-15(19-20-16)6-2-5-13(21)12-7-8-14(22)11-4-1-3-10(11)12/h1-3,6-8,22H,4-5,9,17H2,(H,18,19,20)/b6-2-",C16H16N4O2,296.127325752,1.8244999999999998,4.17,5.77,3.7,-40.0,3.729371708835109,1,DRUGLIKE_CRAFT,HsDHODH_Druglike,5,3,104.89000000000001,5,16,2,4,0.7272727272727273,0.09090909090909091,0.18181818181818182,0.1875,0.0,22,3,1,2,1,0,1,0,0
O=C1NN=C(C2=C(CO)N=CO2)C=C1CCBr,15/000000156,"InChI=1S/C10H10BrN3O3/c11-2-1-6-3-7(13-14-10(6)16)9-8(4-15)12-5-17-9/h3,5,15H,1-2,4H2,(H,14,16)",C10H10N3O3Br,298.99055328000003,0.8545999999999997,4.17,2.03,22.1,-140.0,3.324404081840556,1,DRUGLIKE_CRAFT,HsDHODH_Druglike,5,2,92.01,4,10,3,3,0.5882352941176471,0.17647058823529413,0.17647058823529413,0.3,0.0,17,2,0,2,2,0,2,0,0
C=C(CCCl)C1=NN=C([C@@H](C(=O)O)C2=C(C(=O)O)C(=O)CO2)O1,1/000000023,"InChI=1S/C13H11ClN2O7/c1-5(2-3-14)10-15-16-11(23-10)8(13(20)21)9-7(12(18)19)6(17)4-22-9/h8H,1-4H2,(H,18,19)(H,20,21)/t8-/m0/s1",C13H11N2O7Cl,342.02547837199995,0.8178999999999997,4.17,7.63,5.09,-150.0,4.209026466721976,1,DRUGLIKE_CRAFT,HsDHODH_Druglike,7,2,139.82000000000002,7,13,7,2,0.5652173913043478,0.30434782608695654,0.08695652173913043,0.3076923076923077,0.07692307692307693,23,2,1,1,2,1,1,0,0
CNCC1=C(C/C=C(/CO)C2=CC[C@@H](C(=O)CBr)O2)ON=C1O,4/000000106,"InChI=1S/C15H19BrN2O5/c1-17-7-10-13(23-18-15(10)21)3-2-9(8-19)12-4-5-14(22-12)11(20)6-16/h2,4,14,17,19H,3,5-8H2,1H3,(H,18,21)/p+1/b9-2-/t14-/m0/s1",C15H20N2O5Br,386.047733808,1.1975999999999998,4.16,8.14,6.45,-170.0,5.199190680431654,1,DRUGLIKE_CRAFT,HsDHODH_Druglike,7,3,104.82000000000001,8,15,5,2,0.6521739130434783,0.21739130434782608,0.08695652173913043,0.4666666666666667,0.06666666666666667,23,2,1,1,2,1,1,0,0
C/C(=C/C1=CC(Cl)=CN=C1C(=O)[C@H]1C=C(CO)C=CC1)C(=O)O,19/000000014,"InChI=1S/C17H16ClNO4/c1-10(17(22)23)5-13-7-14(18)8-19-15(13)16(21)12-4-2-3-11(6-12)9-20/h2-3,5-8,12,20H,4,9H2,1H3,(H,22,23)/b10-5-/t12-/m1/s1",C17H16NO4Cl,333.0767856719999,2.900400000000001,4.16,6.88,3.72,-170.0,3.8777043823547306,1,DRUGLIKE_CRAFT,HsDHODH_Druglike,4,2,87.49,5,17,4,1,0.7391304347826086,0.17391304347826086,0.043478260869565216,0.23529411764705882,0.058823529411764705,23,2,1,1,1,0,1,0,0
NCC[C@H](O)C1=CC(NC2=CN=C(O)C=C2)=C(O)C=C1,13/000000015,"InChI=1S/C14H17N3O3/c15-6-5-12(18)9-1-3-13(19)11(7-9)17-10-2-4-14(20)16-8-10/h1-4,7-8,12,17-19H,5-6,15H2,(H,16,20)/p+1/t12-/m0/s1",C14H18N3O3,275.126991404,1.6186,4.16,6.63,14.0,-150.0,3.633140294882226,1,DRUGLIKE_CRAFT,HsDHODH_Druglike,6,5,111.63000000000001,5,14,3,3,0.7,0.15,0.15,0.21428571428571427,0.07142857142857142,20,2,0,2,1,0,1,0,0
C/C=C\C1=C(O)C=CC=C1C(=O)[C@H]1C=C(CO)C=CC1,19/000000034,"InChI=1S/C17H18O3/c1-2-5-14-15(8-4-9-16(14)19)17(20)13-7-3-6-12(10-13)11-18/h2-6,8-10,13,18-19H,7,11H2,1H3/b5-2-/t13-/m1/s1",C17H18O3,270.12559443600003,3.102800000000002,4.16,7.12,3.58,-170.0,3.8021771080690385,1,DRUGLIKE_CRAFT,HsDHODH_Druglike,3,2,57.53,4,17,3,0,0.85,0.15,0.0,0.23529411764705882,0.058823529411764705,20,2,1,1,0,0,0,0,0
CCCC1=CNC(/C=C/C2=CC3=C(C=CC(=O)O3)C(CN)=C2)=N1,6/000000017,"InChI=1S/C18H19N3O2/c1-2-3-14-11-20-17(21-14)6-4-12-8-13(10-19)15-5-7-18(22)23-16(15)9-12/h4-9,11H,2-3,10,19H2,1H3,(H,20,21)/b6-4+",C18H19N3O2,309.14772684800005,3.0977000000000006,4.16,4.34,3.58,-100.0,3.0616712415053025,1,DRUGLIKE_CRAFT,HsDHODH_Druglike,4,2,84.91,5,18,2,3,0.782608695652174,0.08695652173913043,0.13043478260869565,0.2222222222222222,0.0,23,3,0,3,2,0,2,0,0
NC/C(=C/CC1=CC=C(CN)C=C1O)C1=CC[C@@H](CO)O1,4/000000080,"InChI=1S/C16H22N2O3/c17-8-11-1-2-12(15(20)7-11)3-4-13(9-18)16-6-5-14(10-19)21-16/h1-2,4,6-7,14,19-20H,3,5,8-10,17-18H2/p+1/b13-4-/t14-/m0/s1",C16H23N2O3,290.16304256399997,0.9436000000000002,4.15,8.97,4.94,-150.0,4.188013184180733,1,DRUGLIKE_CRAFT,HsDHODH_Druglike,5,4,101.73,6,16,3,2,0.7619047619047619,0.14285714285714285,0.09523809523809523,0.375,0.0625,21,2,1,1,1,1,0,0,0
O=C1C=CC(C2=C(CO)OC=C2COCCl)=NN1,15/000000285,"InChI=1S/C11H11ClN2O4/c12-6-17-4-7-5-18-9(3-15)11(7)8-1-2-10(16)14-13-8/h1-2,5,15H,3-4,6H2,(H,14,16)",C11H11N2O4Cl,270.04073451200003,1.2350999999999999,4.15,4.83,21.9,-120.0,3.3087176884353537,1,DRUGLIKE_CRAFT,HsDHODH_Druglike,5,2,88.35,5,11,4,2,0.6111111111111112,0.2222222222222222,0.1111111111111111,0.2727272727272727,0.0,18,2,0,2,2,0,2,0,0
CCCNC(=O)C1=NN=C(/C(=C\C2=NN=NN2CCl)CO)O1,29/000000005,"InChI=1S/C11H14ClN7O3/c1-2-3-13-9(21)11-16-15-10(22-11)7(5-20)4-8-14-17-18-19(8)6-12/h4,20H,2-3,5-6H2,1H3,(H,13,21)/b7-4-",C11H14N7O3Cl,327.08466498799993,-0.07490000000000052,4.15,3.8,3.87,-20.0,3.5367054911817943,1,DRUGLIKE_CRAFT,HsDHODH_Druglike,9,2,131.85000000000002,7,11,3,7,0.5,0.13636363636363635,0.3181818181818182,0.45454545454545453,0.0,22,2,0,2,2,0,2,0,0
COCCC#C[C@H](O)C1=CC=C(NC2=CC=CC(CCl)=C2)C=C1,13/000000013,"InChI=1S/C19H20ClNO2/c1-23-12-3-2-7-19(22)16-8-10-17(11-9-16)21-18-6-4-5-15(13-18)14-20/h4-6,8-11,13,19,21-22H,3,12,14H2,1H3/t19-/m0/s1",C19H20NO2Cl,329.11825655999996,4.242300000000003,4.15,5.01,17.7,-170.0,2.918801585151934,1,DRUGLIKE_CRAFT,HsDHODH_Druglike,3,2,41.49,6,19,2,1,0.8260869565217391,0.08695652173913043,0.043478260869565216,0.2631578947368421,0.05263157894736842,23,2,0,2,0,0,0,0,0
NC(=O)CC1=C(C/C=C(/CF)C2=CC[C@@H](C(=O)O)O2)ON=C1O,4/000000019,"InChI=1S/C14H15FN2O6/c15-6-7(9-3-4-11(22-9)14(20)21)1-2-10-8(5-12(16)18)13(19)17-23-10/h1,3,11H,2,4-6H2,(H2,16,18)(H,17,19)(H,20,21)/b7-1-/t11-/m0/s1",C14H15N2O6F,326.09141442000004,0.6037999999999997,4.15,8.92,5.35,-150.0,4.424983503233851,1,DRUGLIKE_CRAFT,HsDHODH_Druglike,6,3,135.88,7,14,6,2,0.6086956521739131,0.2608695652173913,0.08695652173913043,0.35714285714285715,0.07142857142857142,23,2,1,1,2,1,1,0,0
CCCC/C=C/C1=NN=C([C@@H](C(=O)O)C2=C(CN)C(=O)CO2)O1,1/000000038,"InChI=1S/C15H19N3O5/c1-2-3-4-5-6-11-17-18-14(23-11)12(15(20)21)13-9(7-16)10(19)8-22-13/h5-6,12H,2-4,7-8,16H2,1H3,(H,20,21)/b6-5+/t12-/m0/s1",C15H19N3O5,321.13247070799997,1.2532999999999996,4.15,7.06,5.09,-170.0,4.078374815047039,1,DRUGLIKE_CRAFT,HsDHODH_Druglike,7,2,128.54,8,15,5,3,0.6521739130434783,0.21739130434782608,0.13043478260869565,0.4666666666666667,0.06666666666666667,23,2,1,1,2,1,1,0,0
CCC/C=C/C1=NN=C([C@@H](C(=O)O)C2=C(CN)C(=O)CO2)O1,1/000000013,"InChI=1S/C14H17N3O5/c1-2-3-4-5-10-16-17-13(22-10)11(14(19)20)12-8(6-15)9(18)7-21-12/h4-5,11H,2-3,6-7,15H2,1H3,(H,19,20)/b5-4+/t11-/m0/s1",C14H17N3O5,307.116820644,0.8632,4.14,6.32,5.09,-170.0,4.163630211208259,1,DRUGLIKE_CRAFT,HsDHODH_Druglike,7,2,128.54,7,14,5,3,0.6363636363636364,0.22727272727272727,0.13636363636363635,0.42857142857142855,0.07142857142857142,22,2,1,1,2,1,1,0,0
O=C(O)C1=CCC=C(CCCOC2=CC(Cl)=CC(Cl)=C2)N1,10/000000013,"InChI=1S/C15H15Cl2NO3/c16-10-7-11(17)9-13(8-10)21-6-2-4-12-3-1-5-14(18-12)15(19)20/h3,5,7-9,18H,1-2,4,6H2,(H,19,20)",C15H15NO3Cl2,327.0428987,3.9981000000000027,4.14,2.53,2.35,-72.0,2.9707304522444247,1,DRUGLIKE_CRAFT,HsDHODH_Druglike,3,2,58.56,6,15,3,1,0.7142857142857143,0.14285714285714285,0.047619047619047616,0.26666666666666666,0.0,21,2,1,1,1,1,0,0,0
NC(=O)C1=C(CC[C@H](N)CC2=C(Cl)N=CN2)C=C(Br)O1,6/000000018,"InChI=1S/C12H14BrClN4O2/c13-9-3-6(10(20-9)12(16)19)1-2-7(15)4-8-11(14)18-5-17-8/h3,5,7H,1-2,4,15H2,(H2,16,19)(H,17,18)/p+1/t7-/m0/s1",C12H15N4O2ClBr,359.99886546799996,2.0201000000000002,4.14,7.89,3.72,-150.0,4.469229775401706,1,DRUGLIKE_CRAFT,HsDHODH_Druglike,4,3,110.92999999999999,6,12,2,4,0.6,0.1,0.2,0.3333333333333333,0.08333333333333333,20,2,0,2,2,0,2,0,0
NC(=O)N1C=NC([C@@H](O)CC#CCN2C=NC(CBr)=C2)=N1,30/000000007,"InChI=1S/C12H13BrN6O2/c13-5-9-6-18(7-15-9)4-2-1-3-10(20)11-16-8-19(17-11)12(14)21/h6-8,10,20H,3-5H2,(H2,14,21)/t10-/m0/s1",C12H13N6O2Br,352.02833575600005,0.42339999999999933,4.13,4.58,4.94,-150.0,4.3205044488482685,1,DRUGLIKE_CRAFT,HsDHODH_Druglike,7,2,111.85,4,12,2,6,0.5714285714285714,0.09523809523809523,0.2857142857142857,0.3333333333333333,0.08333333333333333,21,2,0,2,2,0,2,0,0
N[C@@H](CBr)C1=CC2=C(C=C/C2=C\C2=NN=NN2)C=C1,17/000000008,"InChI=1S/C13H12BrN5/c14-7-12(15)10-4-2-8-1-3-9(11(8)5-10)6-13-16-18-19-17-13/h1-6,12H,7,15H2,(H,16,17,18,19)/p+1/b9-6+/t12-/m0/s1",C13H13N5Br,317.02760748400004,2.1618000000000004,4.13,5.99,21.9,-190.0,4.554445441017303,1,DRUGLIKE_CRAFT,HsDHODH_Druglike,4,2,80.47999999999999,3,13,0,5,0.6842105263157895,0.0,0.2631578947368421,0.15384615384615385,0.07692307692307693,19,3,1,2,1,0,1,0,0
OC1=CC=C(Cl)C=C1C#C[C@@H]1CCON1,22/000000001,"InChI=1S/C11H10ClNO2/c12-9-2-4-11(14)8(7-9)1-3-10-5-6-15-13-10/h2,4,7,10,13-14H,5-6H2/t10-/m1/s1",C11H10NO2Cl,223.04000624,1.6905999999999999,4.13,3.51,14.1,-150.0,3.855579302424528,1,DRUGLIKE_CRAFT,HsDHODH_Druglike,3,2,41.49,0,11,2,1,0.7333333333333333,0.13333333333333333,0.06666666666666667,0.2727272727272727,0.09090909090909091,15,2,1,1,1,1,0,0,0
NCC1=C(C#CC[C@@H]2NC(=O)C3=CC(O)=CC=C32)NC=C1,3/000000006,"InChI=1S/C16H15N3O2/c17-9-10-6-7-18-14(10)2-1-3-15-12-5-4-11(20)8-13(12)16(21)19-15/h4-8,15,18,20H,3,9,17H2,(H,19,21)/t15-/m0/s1",C16H15N3O2,281.11642672,1.4053,4.13,5.36,6.45,-190.0,3.8453582298130673,1,DRUGLIKE_CRAFT,HsDHODH_Druglike,3,4,91.13999999999999,2,16,2,3,0.7619047619047619,0.09523809523809523,0.14285714285714285,0.1875,0.0625,21,3,1,2,2,1,1,0,0
O=C1C=C([C@H](C(=O)O)C2=NN=C(/C(=C\CO)CCCl)O2)OC1,1/000000022,"InChI=1S/C13H13ClN2O6/c14-3-1-7(2-4-17)11-15-16-12(22-11)10(13(19)20)9-5-8(18)6-21-9/h2,5,10,17H,1,3-4,6H2,(H,19,20)/b7-2-/t10-/m0/s1",C13H13N2O6Cl,328.046213816,0.7255999999999998,4.13,7.42,6.77,-150.0,4.382449378925788,1,DRUGLIKE_CRAFT,HsDHODH_Druglike,7,2,122.75000000000001,7,13,6,2,0.5909090909090909,0.2727272727272727,0.09090909090909091,0.38461538461538464,0.07692307692307693,22,2,1,1,2,1,1,0,0
CC1=C(/C(=C\CC2=CC(O)=NO2)CN)O[C@H](C(=O)CBr)C1,4/000000099,"InChI=1S/C14H17BrN2O4/c1-8-4-12(11(18)6-15)20-14(8)9(7-16)2-3-10-5-13(19)17-21-10/h2,5,12H,3-4,6-7,16H2,1H3,(H,17,19)/p+1/b9-2-/t12-/m0/s1",C14H18N2O4Br,356.037169124,1.8346999999999998,4.13,8.21,3.72,-170.0,5.032131571988133,1,DRUGLIKE_CRAFT,HsDHODH_Druglike,6,2,98.58000000000001,6,14,4,2,0.6666666666666666,0.19047619047619047,0.09523809523809523,0.42857142857142855,0.07142857142857142,21,2,1,1,2,1,1,0,0
N[C@@H](CCC1=CC=CC(Cl)=C1)C1=C(CO)CC1,22/000000003,"InChI=1S/C14H18ClNO/c15-12-3-1-2-10(8-12)4-7-14(16)13-6-5-11(13)9-17/h1-3,8,14,17H,4-7,9,16H2/t14-/m0/s1",C14H18NOCl,251.107691876,2.6826000000000008,4.13,5.83,2.22,-150.0,3.126027345067608,1,DRUGLIKE_CRAFT,HsDHODH_Druglike,2,2,46.25,5,14,1,1,0.8235294117647058,0.058823529411764705,0.058823529411764705,0.42857142857142855,0.07142857142857142,17,2,1,1,0,0,0,0,0
C=CCC1=CC(CO)=C[C@H](OC(=O)C2=CC=CC=C2O)C1,19/000000012,"InChI=1S/C17H18O4/c1-2-5-12-8-13(11-18)10-14(9-12)21-17(20)15-6-3-4-7-16(15)19/h2-4,6-8,10,14,18-19H,1,5,9,11H2/t14-/m1/s1",C17H18O4,286.120509056,2.7425000000000006,4.12,4.27,5.09,-150.0,3.5996877604519195,1,DRUGLIKE_CRAFT,HsDHODH_Druglike,4,2,66.76,5,17,4,0,0.8095238095238095,0.19047619047619047,0.0,0.23529411764705882,0.058823529411764705,21,2,1,1,0,0,0,0,0
NCC1=NNC(CN/C=C/C2=CC=CC3=C2C=CC=C3)=N1,10/000000023,"InChI=1S/C16H17N5/c17-10-15-19-16(21-20-15)11-18-9-8-13-6-3-5-12-4-1-2-7-14(12)13/h1-9,18H,10-11,17H2,(H,19,20,21)/p+1/b9-8+",C16H18N5,279.14839554400004,2.1770999999999994,4.12,1.29,3.58,-80.0,3.1904602457423437,1,DRUGLIKE_CRAFT,HsDHODH_Druglike,4,3,79.61999999999999,5,16,0,5,0.7619047619047619,0.0,0.23809523809523808,0.125,0.0,21,3,0,3,1,0,1,0,0
CCCCCC1=NN=C(/C(=C\C2=NN=NN2)CO)O1,29/000000015,"InChI=1S/C11H16N6O2/c1-2-3-4-5-10-14-15-11(19-10)8(7-18)6-9-12-16-17-13-9/h6,18H,2-5,7H2,1H3,(H,12,13,16,17)/b8-6-",C11H16N6O2,264.133473752,0.8482999999999998,4.12,5.32,6.77,-20.0,3.4844688036643774,1,DRUGLIKE_CRAFT,HsDHODH_Druglike,7,2,113.61000000000001,7,11,2,6,0.5789473684210527,0.10526315789473684,0.3157894736842105,0.5454545454545454,0.0,19,2,0,2,2,0,2,0,0
CCC1=CC(C2=C(CO)OC=C2)=NNC1=O,15/000000282,"InChI=1S/C11H12N2O3/c1-2-7-5-9(12-13-11(7)15)8-3-4-16-10(8)6-14/h3-5,14H,2,6H2,1H3,(H,13,15)",C11H12N2O3,220.084792244,1.0845999999999996,4.11,2.69,19.0,-140.0,2.8882992445791,1,DRUGLIKE_CRAFT,HsDHODH_Druglike,4,2,79.12,3,11,3,2,0.6875,0.1875,0.125,0.2727272727272727,0.0,16,2,0,2,2,0,2,0,0
OC/C(=C/C1=NN=NN1)C1=NN=C(CC[C@@H]2C=CCCC2)O1,29/000000010,"InChI=1S/C14H18N6O2/c21-9-11(8-12-15-19-20-16-12)14-18-17-13(22-14)7-6-10-4-2-1-3-5-10/h2,4,8,10,21H,1,3,5-7,9H2,(H,15,16,19,20)/b11-8-/t10-/m1/s1",C14H18N6O2,302.1491238159999,1.4044999999999999,4.11,5.15,5.09,-150.0,4.266661694378305,1,DRUGLIKE_CRAFT,HsDHODH_Druglike,7,2,113.61,6,14,2,6,0.6363636363636364,0.09090909090909091,0.2727272727272727,0.5,0.07142857142857142,22,3,1,2,2,0,2,0,0
O=C(NCCl)N1C=NC([C@@H](O)CC#CCN2C=CN=C2)=N1,30/000000003,"InChI=1S/C12H13ClN6O2/c13-7-15-12(21)19-9-16-11(17-19)10(20)3-1-2-5-18-6-4-14-8-18/h4,6,8-10,20H,3,5,7H2,(H,15,21)/t10-/m0/s1",C12H13N6O2Cl,308.07885133600007,0.3556999999999999,4.11,1.92,3.58,-150.0,4.21728438365922,1,DRUGLIKE_CRAFT,HsDHODH_Druglike,7,2,97.86000000000001,4,12,2,6,0.5714285714285714,0.09523809523809523,0.2857142857142857,0.3333333333333333,0.08333333333333333,21,2,0,2,2,0,2,0,0
C/C=C/C1=COC(CO)=C1C1=NNC(=O)C=C1,15/000000281,"InChI=1S/C12H12N2O3/c1-2-3-8-7-17-10(6-15)12(8)9-4-5-11(16)14-13-9/h2-5,7,15H,6H2,1H3,(H,14,16)/b3-2+",C12H12N2O3,232.084792244,1.5553,4.11,3.74,20.6,-140.0,3.2745492741482476,1,DRUGLIKE_CRAFT,HsDHODH_Druglike,4,2,79.12,3,12,3,2,0.7058823529411765,0.17647058823529413,0.11764705882352941,0.16666666666666666,0.0,17,2,0,2,2,0,2,0,0
NC[C@H](CO)CCNCC#CC1=CCC2=C1C=CC=C2,21/000000001,"InChI=1S/C17H22N2O/c18-12-14(13-20)9-11-19-10-3-5-16-8-7-15-4-1-2-6-17(15)16/h1-2,4,6,8,14,19-20H,7,9-13,18H2/t14-/m1/s1",C17H22N2O,270.173213324,1.1763999999999997,4.11,8.66,17.2,-190.0,3.626136903446074,1,DRUGLIKE_CRAFT,HsDHODH_Druglike,3,3,58.28,6,17,1,2,0.85,0.05,0.1,0.4117647058823529,0.058823529411764705,20,2,1,1,0,0,0,0,0
CN1N=C(/C=C2\C=CC3=CC(NC(N)N)=CC=C23)CC1=O,17/000000028,"InChI=1S/C15H17N5O/c1-20-14(21)8-12(19-20)7-10-3-2-9-6-11(18-15(16)17)4-5-13(9)10/h2-7,15,18H,8,16-17H2,1H3/b10-7+",C15H15N5O,283.143310164,0.9278,4.11,7.41,22.1,-60.0,3.506815980275716,1,DRUGLIKE_CRAFT,HsDHODH_Druglike,5,3,96.74000000000001,3,15,1,5,0.7142857142857143,0.047619047619047616,0.23809523809523808,0.2,0.0,21,3,2,1,1,1,0,0,0
O=C(C1=CC=C(I)C(I)=C1)C1=CN=C(C2=CCNN2)O1,10/000000051,"InChI=1S/C13H9I2N3O2/c14-8-2-1-7(5-9(8)15)12(19)11-6-16-13(20-11)10-3-4-17-18-10/h1-3,5-6,17-18H,4H2",C13H9N3O2I2,492.8784225280001,2.5635000000000012,4.11,8.41,3.58,-143.0,3.589178953286175,1,DRUGLIKE_CRAFT,HsDHODH_Druglike,5,2,67.16,3,13,2,3,0.65,0.1,0.15,0.07692307692307693,0.0,20,3,1,2,2,1,1,0,0
C=CC1=NC(CO)=C(C2=NNC(=O)C(COC)=C2)O1,15/000000186,"InChI=1S/C12H13N3O4/c1-3-10-13-9(5-16)11(19-10)8-4-7(6-18-2)12(17)15-14-8/h3-4,16H,1,5-6H2,2H3,(H,15,17)",C12H13N3O4,263.090605896,0.7065999999999999,4.11,2.65,23.8,-160.0,3.43862891449694,1,DRUGLIKE_CRAFT,HsDHODH_Druglike,6,2,101.24000000000001,5,12,4,3,0.631578947368421,0.21052631578947367,0.15789473684210525,0.25,0.0,19,2,0,2,2,0,2,0,0
CCC1=CC=C(C/C=C(/CF)C2=CC[C@@H](CO)O2)C(O)=C1,4/000000077,"InChI=1S/C17H21FO3/c1-2-12-3-4-13(16(20)9-12)5-6-14(10-18)17-8-7-15(11-19)21-17/h3-4,6,8-9,15,19-20H,2,5,7,10-11H2,1H3/b14-6-/t15-/m0/s1",C17H21O3F,292.147472752,3.0581000000000023,4.1,8.85,4.94,-170.0,3.8002974084310592,1,DRUGLIKE_CRAFT,HsDHODH_Druglike,3,2,49.69,6,17,3,0,0.8095238095238095,0.14285714285714285,0.0,0.4117647058823529,0.058823529411764705,21,2,1,1,1,1,0,0,0
OCC1=NC([C@@H](O)CC2=CC(O)=C(Br)C=C2)=NC=N1,23/000000003,"InChI=1S/C12H12BrN3O3/c13-8-2-1-7(3-9(8)18)4-10(19)12-15-6-14-11(5-17)16-12/h1-3,6,10,17-19H,4-5H2/t10-/m0/s1",C12H12N3O3Br,325.006203344,1.1080999999999994,4.1,5.7,5.21,-150.0,3.4064010710476493,1,DRUGLIKE_CRAFT,HsDHODH_Druglike,6,3,99.36000000000001,4,12,3,3,0.631578947368421,0.15789473684210525,0.15789473684210525,0.25,0.08333333333333333,19,2,0,2,1,0,1,0,0
C=C(CCN(CF)CCC)N[C@H]1C=C(CO)C=C(CN)C1,19/000000038,"InChI=1S/C16H28FN3O/c1-3-5-20(12-17)6-4-13(2)19-16-8-14(10-18)7-15(9-16)11-21/h7,9,16,19,21H,2-6,8,10-12,18H2,1H3/t16-/m1/s1",C16H28N3OF,297.221640736,1.6948999999999996,4.1,5.59,5.09,-200.0,4.45932812371227,1,DRUGLIKE_CRAFT,HsDHODH_Druglike,4,3,61.519999999999996,10,16,1,3,0.7619047619047619,0.047619047619047616,0.14285714285714285,0.625,0.0625,21,1,1,0,0,0,0,0,0
CNCC/C=C/C1=NC(CO)=C(C2=NNC(=O)C=C2)O1,15/000000146,"InChI=1S/C13H16N4O3/c1-14-7-3-2-4-12-15-10(8-18)13(20-12)9-5-6-11(19)17-16-9/h2,4-6,14,18H,3,7-8H2,1H3,(H,17,19)/b4-2+",C13H16N4O3,276.12224037199996,0.5398999999999997,4.1,4.22,24.6,-140.0,3.336717414824636,1,DRUGLIKE_CRAFT,HsDHODH_Druglike,6,3,104.04,6,13,3,4,0.65,0.15,0.2,0.3076923076923077,0.0,20,2,0,2,2,0,2,0,0
NCC/C=C(\CNCCO)CC1=CC=CC(I)=C1,10/000000017,"InChI=1S/C14H21IN2O/c15-14-5-1-3-12(10-14)9-13(4-2-6-16)11-17-7-8-18/h1,3-5,10,17-18H,2,6-9,11,16H2/b13-4-",C14H21N2OI,360.06986129200004,1.6908,4.1,4.5,3.58,0.0,2.886399136399154,1,DRUGLIKE_CRAFT,HsDHODH_Druglike,3,3,58.28,8,14,1,2,0.7777777777777778,0.05555555555555555,0.1111111111111111,0.42857142857142855,0.0,18,1,0,1,0,0,0,0,0
CCCOCC1=NC(CO)=C(C2=NNC(=O)C(CC)=C2)O1,15/000000188,"InChI=1S/C14H19N3O4/c1-3-5-20-8-12-15-11(7-18)13(21-12)10-6-9(4-2)14(19)17-16-10/h6,18H,3-5,7-8H2,1-2H3,(H,17,19)",C14H19N3O4,293.137556088,1.4062,4.1,4.42,24.0,-200.0,3.0742081575899274,1,DRUGLIKE_CRAFT,HsDHODH_Druglike,6,2,101.24,7,14,4,3,0.6666666666666666,0.19047619047619047,0.14285714285714285,0.5,0.0,21,2,0,2,2,0,2,0,0
O=C(O)[C@H](/C=C/C1=CC=C(CO)C2=C1OC=N2)C1=NON=C1,11/000000003,"InChI=1S/C14H11N3O5/c18-6-9-2-1-8(13-12(9)15-7-21-13)3-4-10(14(19)20)11-5-16-22-17-11/h1-5,7,10,18H,6H2,(H,19,20)/b4-3+/t10-/m1/s1",C14H11N3O5,301.06987045200003,1.5847,4.1,6.24,25.0,-190.0,4.181556098435786,1,DRUGLIKE_CRAFT,HsDHODH_Druglike,7,2,122.48,5,14,5,3,0.6363636363636364,0.22727272727272727,0.13636363636363635,0.14285714285714285,0.07142857142857142,22,3,0,3,2,0,2,0,0
NC1=CC(I)=CC=C1/C=C/[C@H](C(=O)O)C1=CON=C1,13/000000010,"InChI=1S/C13H11IN2O3/c14-10-3-1-8(12(15)5-10)2-4-11(13(17)18)9-6-16-19-7-9/h1-7,11H,15H2,(H,17,18)/b4-2+/t11-/m0/s1",C13H11N2O3I,369.981440212,2.7430000000000003,4.1,6.97,2.35,-150.0,3.805363625474355,1,DRUGLIKE_CRAFT,HsDHODH_Druglike,4,2,89.35000000000001,4,13,3,2,0.6842105263157895,0.15789473684210525,0.10526315789473684,0.07692307692307693,0.07692307692307693,19,2,0,2,1,0,1,0,0
C=C[C@@](F)(C1=NN=C(CN)N1)C1=CC=C2OC=NC2=C1Cl,3/000000001,"InChI=1S/C13H11ClFN5O/c1-2-13(15,12-18-9(5-16)19-20-12)7-3-4-8-11(10(7)14)17-6-21-8/h2-4,6H,1,5,16H2,(H,18,19,20)/t13-/m0/s1",C13H11N5OFCl,307.063615872,2.4571000000000005,4.09,4.31,24.0,-197.0,4.3368992337244086,1,DRUGLIKE_CRAFT,HsDHODH_Druglike,5,2,93.62,4,13,1,5,0.6190476190476191,0.047619047619047616,0.23809523809523808,0.15384615384615385,0.07692307692307693,21,3,0,3,2,0,2,0,0
CCC1=C(C/C=C(/CF)C2=CC[C@@H](CO)O2)ON=C1O,4/000000042,"InChI=1S/C14H18FNO4/c1-2-11-13(20-16-14(11)18)5-3-9(7-15)12-6-4-10(8-17)19-12/h3,6,10,17H,2,4-5,7-8H2,1H3,(H,16,18)/b9-3-/t10-/m0/s1",C14H18NO4F,283.121986276,2.046100000000001,4.09,7.58,4.94,-170.0,4.524704031145961,1,DRUGLIKE_CRAFT,HsDHODH_Druglike,5,2,75.72,6,14,4,1,0.7,0.2,0.05,0.5,0.07142857142857142,20,2,1,1,2,1,1,0,0
CNCCN1N=C(/C=C2\C=CC3=C2C=CC(CN)=C3)CC1=O,17/000000031,"InChI=1S/C17H20N4O/c1-19-6-7-21-17(22)10-15(20-21)9-14-4-3-13-8-12(11-18)2-5-16(13)14/h2-5,8-9,19H,6-7,10-11,18H2,1H3/p+1/b14-9+",C17H21N4O,296.16371125999996,1.3631999999999997,4.09,5.25,21.2,-60.0,3.8859013791647783,1,DRUGLIKE_CRAFT,HsDHODH_Druglike,4,2,70.72,5,17,1,4,0.7727272727272727,0.045454545454545456,0.18181818181818182,0.29411764705882354,0.0,22,3,2,1,1,1,0,0,0
O=C(CBr)[C@@H]1CC=C(/C(=C\CC2=CC(O)=NO2)CO)O1,4/000000047,"InChI=1S/C13H14BrNO5/c14-6-10(17)12-4-3-11(19-12)8(7-16)1-2-9-5-13(18)15-20-9/h1,3,5,12,16H,2,4,6-7H2,(H,15,18)/b8-1-/t12-/m0/s1",C13H14NO5Br,343.0055346479999,1.4781999999999997,4.09,8.39,3.58,-150.0,4.605103206970137,1,DRUGLIKE_CRAFT,HsDHODH_Druglike,6,2,92.79,6,13,5,1,0.65,0.25,0.05,0.38461538461538464,0.07692307692307693,20,2,1,1,2,1,1,0,0
C=C(CN)C1=NN=C2C=NC(CO)=CN12,29/000000001,"InChI=1S/C9H11N5O/c1-6(2-10)9-13-12-8-3-11-7(5-15)4-14(8)9/h3-4,15H,1-2,5,10H2",C9H11N5O,205.096359972,-0.4115,4.09,1.36,20.8,-40.0,3.4641408111116085,1,DRUGLIKE_CRAFT,HsDHODH_Druglike,6,2,89.33,3,9,1,5,0.6,0.06666666666666667,0.3333333333333333,0.2222222222222222,0.0,15,2,0,2,2,0,2,0,0
CCC1=NN=C(/C=C/CC2=C(C(=O)O)[C@H](CO)NC(=O)N2)N1,30/000000008,"InChI=1S/C13H17N5O4/c1-2-9-16-10(18-17-9)5-3-4-7-11(12(20)21)8(6-19)15-13(22)14-7/h3,5,8,19H,2,4,6H2,1H3,(H,20,21)(H2,14,15,22)(H,16,17,18)/b5-3+/t8-/m0/s1",C13H17N5O4,307.12805402400005,-0.21719999999999995,4.09,8.26,5.09,-170.0,4.104187083843821,1,DRUGLIKE_CRAFT,HsDHODH_Druglike,5,5,140.23,6,13,4,5,0.5909090909090909,0.18181818181818182,0.22727272727272727,0.38461538461538464,0.07692307692307693,22,2,1,1,2,1,1,0,0
O=C(NCBr)C1=NN=C2C=NC(CO)=CN12,29/000000009,"InChI=1S/C8H8BrN5O2/c9-4-11-8(16)7-13-12-6-1-10-5(3-15)2-14(6)7/h1-2,15H,3-4H2,(H,11,16)",C8H8N5O2Br,284.986136596,-0.3012000000000001,4.09,0.48,23.1,-60.0,3.4400315522714084,1,DRUGLIKE_CRAFT,HsDHODH_Druglike,6,2,92.41000000000001,3,8,2,5,0.5,0.125,0.3125,0.25,0.0,16,2,0,2,2,0,2,0,0
O=C(O)/C(=C/CC1=C(CCF)C(O)=NO1)C1=CC[C@@H](CO)O1,4/000000089,"InChI=1S/C14H16FNO6/c15-6-5-9-12(22-16-13(9)18)4-2-10(14(19)20)11-3-1-8(7-17)21-11/h2-3,8,17H,1,4-7H2,(H,16,18)(H,19,20)/b10-2+/t8-/m0/s1",C14H15NO6F,313.0961654519999,1.1108,4.09,9.22,5.21,-150.0,4.441715457109898,1,DRUGLIKE_CRAFT,HsDHODH_Druglike,6,3,113.02000000000001,7,14,6,1,0.6363636363636364,0.2727272727272727,0.045454545454545456,0.42857142857142855,0.07142857142857142,22,2,1,1,2,1,1,0,0
N[C@@H](CC1=CC=C(F)C=C1F)C1=COC(C(=O)O)=CC1,28/000000008,"InChI=1S/C14H13F2NO3/c15-10-3-1-8(11(16)6-10)5-12(17)9-2-4-13(14(18)19)20-7-9/h1,3-4,6-7,12H,2,5,17H2,(H,18,19)/t12-/m0/s1",C14H13NO3F2,281.08634971600003,2.1073000000000004,4.08,4.27,3.85,-150.0,3.590751733443663,1,DRUGLIKE_CRAFT,HsDHODH_Druglike,3,2,72.55,4,14,3,1,0.7,0.15,0.05,0.21428571428571427,0.07142857142857142,20,2,1,1,1,1,0,0,0
O=C1C=CC(C2=C(CO)N=C(CNCBr)O2)=NN1,15/000000144,"InChI=1S/C10H11BrN4O3/c11-5-12-3-9-13-7(4-16)10(18-9)6-1-2-8(17)15-14-6/h1-2,12,16H,3-5H2,(H,15,17)/p+1",C10H12N4O3Br,314.0014523120001,0.35919999999999985,4.08,1.67,23.5,-120.0,4.077002756308657,1,DRUGLIKE_CRAFT,HsDHODH_Druglike,6,3,104.03999999999999,5,10,3,4,0.5555555555555556,0.16666666666666666,0.2222222222222222,0.3,0.0,18,2,0,2,2,0,2,0,0
NC(=O)C1=C(C(=O)O)N(CC/C=C/C2CCCC2)C=N1,1/000000046,"InChI=1S/C14H19N3O3/c15-13(18)11-12(14(19)20)17(9-16-11)8-4-3-7-10-5-1-2-6-10/h3,7,9-10H,1-2,4-6,8H2,(H2,15,18)(H,19,20)/b7-3+",C14H19N3O3,277.142641468,1.8166999999999993,4.08,1.9,2.35,-150.0,2.943585026160669,1,DRUGLIKE_CRAFT,HsDHODH_Druglike,4,2,98.21,6,14,3,3,0.7,0.15,0.15,0.5,0.0,20,2,1,1,1,0,1,0,0
C/C=C(/C1=NN=CO1)[C@@H](Cl)C(=O)O,2/000000003,"InChI=1S/C7H7ClN2O3/c1-2-4(5(8)7(11)12)6-10-9-3-13-6/h2-3,5H,1H3,(H,11,12)/b4-2+/t5-/m1/s1",C7H6N2O3Cl,202.014519764,1.1649,4.08,5.83,2.22,-170.0,4.179957765983129,1,DRUGLIKE_CRAFT,HsDHODH_Druglike,4,1,76.22,3,7,3,2,0.5384615384615384,0.23076923076923078,0.15384615384615385,0.2857142857142857,0.14285714285714285,13,1,0,1,1,0,1,0,0
NCC(=O)OC1=C(C(=O)[C@H]2C=C(CO)C=CC2)C=CC=C1O,19/000000004,"InChI=1S/C16H17NO5/c17-8-14(20)22-16-12(5-2-6-13(16)19)15(21)11-4-1-3-10(7-11)9-18/h1-3,5-7,11,18-19H,4,8-9,17H2/t11-/m1/s1",C16H17NO5,303.110672644,0.9338000000000002,4.08,7.41,5.09,-150.0,3.66494622634067,1,DRUGLIKE_CRAFT,HsDHODH_Druglike,6,3,109.85000000000002,5,16,5,1,0.7272727272727273,0.22727272727272727,0.045454545454545456,0.25,0.0625,22,2,1,1,0,0,0,0,0
C=CC1=NC(CO)=C(C2=NNC(=O)C=C2)O1,15/000000079,"InChI=1S/C10H9N3O3/c1-2-9-11-7(5-14)10(16-9)6-3-4-8(15)13-12-6/h2-4,14H,1,5H2,(H,13,15)",C10H9N3O3,219.064391148,0.5601999999999999,4.08,1.82,21.4,-120.0,3.3963453984252547,1,DRUGLIKE_CRAFT,HsDHODH_Druglike,5,2,92.01,3,10,3,3,0.625,0.1875,0.1875,0.1,0.0,16,2,0,2,2,0,2,0,0
O=C1OCC=C1C1=NNN=C1/C=C\CNCO,9/000000003,"InChI=1S/C10H12N4O3/c15-6-11-4-1-2-8-9(13-14-12-8)7-3-5-17-10(7)16/h1-3,11,15H,4-6H2,(H,12,13,14)/b2-1-",C10H12N4O3,236.090940244,-0.7024999999999999,4.08,5.32,21.8,-80.0,3.909656220773052,1,DRUGLIKE_CRAFT,HsDHODH_Druglike,6,3,100.13000000000001,5,10,3,4,0.5882352941176471,0.17647058823529413,0.23529411764705882,0.3,0.0,17,2,1,1,2,1,1,0,0
NCC1=C(C#CC[C@@H]2NC(=O)C3=C2C=CC=C3Br)NC=C1,3/000000005,"InChI=1S/C16H14BrN3O/c17-12-4-1-3-11-14(20-16(21)15(11)12)6-2-5-13-10(9-18)7-8-19-13/h1,3-4,7-8,14,19H,6,9,18H2,(H,20,21)/t14-/m0/s1",C16H14N3OBr,343.032024168,2.4622,4.07,5.57,6.45,-190.0,3.906493614428451,1,DRUGLIKE_CRAFT,HsDHODH_Druglike,2,3,70.91,2,16,1,3,0.7619047619047619,0.047619047619047616,0.14285714285714285,0.1875,0.0625,21,3,1,2,2,1,1,0,0
NC1=CC=NN1CC[C@@H](N)C#CC1=CC(Cl)=CC=C1Cl,1/000000043,"InChI=1S/C14H14Cl2N4/c15-11-2-4-13(16)10(9-11)1-3-12(17)6-8-20-14(18)5-7-19-20/h2,4-5,7,9,12H,6,8,17-18H2/t12-/m0/s1",C14H14N4Cl2,308.059551808,2.541200000000001,4.07,6.45,5.08,-150.0,3.516931503673433,1,DRUGLIKE_CRAFT,HsDHODH_Druglike,4,2,69.86,3,14,0,4,0.7,0.0,0.2,0.21428571428571427,0.07142857142857142,20,2,0,2,1,0,1,0,0
OCN[C@@]1(C2=CN=CN2)C=C(/C=C/C2=CC=NO2)C1,20/000000001,"InChI=1S/C13H14N4O2/c18-9-16-13(12-7-14-8-15-12)5-10(6-13)1-2-11-3-4-17-19-11/h1-5,7-8,16,18H,6,9H2,(H,14,15)/b2-1+/t13-/m0/s1",C13H14N4O2,258.111675688,1.1758999999999997,4.07,3.43,22.9,-190.0,4.477042923534785,1,DRUGLIKE_CRAFT,HsDHODH_Druglike,5,3,86.97,5,13,2,4,0.6842105263157895,0.10526315789473684,0.21052631578947367,0.23076923076923078,0.07692307692307693,19,3,1,2,2,0,2,0,0
CCCNCCC1=NC(CO)=C(C2=NNC(=O)C=C2)O1,15/000000258,"InChI=1S/C13H18N4O3/c1-2-6-14-7-5-12-15-10(8-18)13(20-12)9-3-4-11(19)17-16-9/h3-4,14,18H,2,5-8H2,1H3,(H,17,19)/p+1",C13H19N4O3,278.13789043599996,0.45929999999999954,4.07,4.46,23.6,-140.0,4.000477738711275,1,DRUGLIKE_CRAFT,HsDHODH_Druglike,6,3,104.04,7,13,3,4,0.65,0.15,0.2,0.46153846153846156,0.0,20,2,0,2,2,0,2,0,0
O=C(CO)[C@@H]1CC=C(/C(=C\CC2=C(CCl)C(O)=NO2)CF)O1,4/000000081,"InChI=1S/C14H15ClFNO5/c15-5-9-12(22-17-14(9)20)2-1-8(6-16)11-3-4-13(21-11)10(19)7-18/h1,3,13,18H,2,4-7H2,(H,17,20)/b8-1-/t13-/m0/s1",C14H15NO5FCl,331.06227848,1.7916,4.07,8.19,3.7,-150.0,4.650964889644577,1,DRUGLIKE_CRAFT,HsDHODH_Druglike,6,2,92.79,7,14,5,1,0.6363636363636364,0.22727272727272727,0.045454545454545456,0.42857142857142855,0.07142857142857142,22,2,1,1,2,1,1,0,0
OC1=NC2=C(N1)C(OCC1=CC=CC3=C1C=CC=C3)=CC=C2,10/000000001,"InChI=1S/C18H14N2O2/c21-18-19-15-9-4-10-16(17(15)20-18)22-11-13-7-3-6-12-5-1-2-8-14(12)13/h1-10H,11H2,(H2,19,20,21)",C18H14N2O2,290.105527688,4.000700000000002,4.07,5.99,14.7,-125.0,2.2520409903228504,1,DRUGLIKE_CRAFT,HsDHODH_Druglike,3,2,58.14,3,18,2,2,0.8181818181818182,0.09090909090909091,0.09090909090909091,0.05555555555555555,0.0,22,4,0,4,1,0,1,0,0
O=C(O)C1=NN=C2C=NC([C@H](O)F)=CN12,29/000000003,"InChI=1S/C7H5FN4O3/c8-5(13)3-2-12-4(1-9-3)10-11-6(12)7(14)15/h1-2,5,13H,(H,14,15)/t5-/m0/s1",C7H4N4O3F,212.03456824,-0.2171000000000003,4.07,2.35,23.3,-190.0,3.86955889141183,1,DRUGLIKE_CRAFT,HsDHODH_Druglike,6,2,100.61,2,7,3,4,0.4666666666666667,0.2,0.26666666666666666,0.14285714285714285,0.14285714285714285,15,2,0,2,2,0,2,0,0
CNCC1=C(C/C=C\C2=CC[C@@H](C(=O)CBr)O2)ON=C1O,4/000000044,"InChI=1S/C14H17BrN2O4/c1-16-8-10-12(21-17-14(10)19)4-2-3-9-5-6-13(20-9)11(18)7-15/h2-3,5,13,16H,4,6-8H2,1H3,(H,17,19)/p+1/b3-2-/t13-/m0/s1",C14H18N2O4Br,356.037169124,1.8351000000000002,4.06,7.0,6.45,-170.0,5.222543823033405,1,DRUGLIKE_CRAFT,HsDHODH_Druglike,6,2,84.59,7,14,4,2,0.6666666666666666,0.19047619047619047,0.09523809523809523,0.42857142857142855,0.07142857142857142,21,2,1,1,2,1,1,0,0
CN(C)C(=O)C1=CNC(CCC2=CC(I)=CC(O)=N2)=C1,4/000000048,"InChI=1S/C14H16IN3O2/c1-18(2)14(20)9-5-11(16-8-9)3-4-12-6-10(15)7-13(19)17-12/h5-8,16H,3-4H2,1-2H3,(H,17,19)",C14H16N3O2I,385.028724752,2.2069,4.06,4.5,5.09,-80.0,3.1711213897970314,1,DRUGLIKE_CRAFT,HsDHODH_Druglike,3,2,69.22,4,14,2,3,0.7,0.1,0.15,0.2857142857142857,0.0,20,2,0,2,2,0,2,0,0
CCN1CC(C2=CC(Br)=CC=C2O)=C(CN)C1=O,6/000000005,"InChI=1S/C13H15BrN2O2/c1-2-16-7-11(10(6-15)13(16)18)9-5-8(14)3-4-12(9)17/h3-5,17H,2,6-7,15H2,1H3/p+1",C13H16N2O2Br,310.03168982,1.7290999999999999,4.06,6.69,2.22,-140.0,3.386417937765856,1,DRUGLIKE_CRAFT,HsDHODH_Druglike,3,2,66.56,3,13,2,2,0.7222222222222222,0.1111111111111111,0.1111111111111111,0.3076923076923077,0.0,18,2,1,1,1,1,0,0,0
CCCCC/C=C/[C@H](CO)C1=CC(F)=CC=C1O,13/000000020,"InChI=1S/C15H21FO2/c1-2-3-4-5-6-7-12(11-17)14-10-13(16)8-9-15(14)18/h6-10,12,17-18H,2-5,11H2,1H3/b7-6+/t12-/m1/s1",C15H21O2F,252.152558132,3.7437000000000036,4.06,1.92,3.72,-170.0,3.0528148046035817,1,DRUGLIKE_CRAFT,HsDHODH_Druglike,2,2,40.46,7,15,2,0,0.8333333333333334,0.1111111111111111,0.0,0.4666666666666667,0.06666666666666667,18,1,0,1,0,0,0,0,0
O=C(OCC1=NC=CC=C1C(=O)O)C1=CC(O)=CN=C1Cl,16/000000010,"InChI=1S/C13H9ClN2O5/c14-11-9(4-7(17)5-16-11)13(20)21-6-10-8(12(18)19)2-1-3-15-10/h1-5,17H,6H2,(H,18,19)",C13H9N2O5Cl,308.019999068,1.8907999999999998,4.06,6.05,2.35,0.0,2.452267493111215,1,DRUGLIKE_CRAFT,HsDHODH_Druglike,6,2,109.61,4,13,5,2,0.6190476190476191,0.23809523809523808,0.09523809523809523,0.07692307692307693,0.0,21,2,0,2,2,0,2,0,0
NCC/C=C/[C@H](C1=COC=N1)C1=CC(F)=CC=C1O,13/000000003,"InChI=1S/C14H15FN2O2/c15-10-4-5-14(18)12(7-10)11(3-1-2-6-16)13-8-19-9-17-13/h1,3-5,7-9,11,18H,2,6,16H2/p+1/b3-1+/t11-/m0/s1",C14H16N2O2F,262.11175594,2.556200000000001,4.06,4.24,19.1,-150.0,4.282000732392595,1,DRUGLIKE_CRAFT,HsDHODH_Druglike,4,2,72.28,5,14,2,2,0.7368421052631579,0.10526315789473684,0.10526315789473684,0.21428571428571427,0.07142857142857142,19,2,0,2,1,0,1,0,0
NCCCCC1=C(C(=O)[C@H]2C=C(CO)C=CC2)C=CC=C1O,19/000000005,"InChI=1S/C18H23NO3/c19-10-2-1-7-15-16(8-4-9-17(15)21)18(22)14-6-3-5-13(11-14)12-20/h3-5,8-9,11,14,20-21H,1-2,6-7,10,12,19H2/p+1/t14-/m1/s1",C18H24NO3,301.167793596,2.351100000000001,4.05,4.75,3.72,-150.0,4.133458189892716,1,DRUGLIKE_CRAFT,HsDHODH_Druglike,4,3,83.55000000000001,7,18,3,1,0.8181818181818182,0.13636363636363635,0.045454545454545456,0.3888888888888889,0.05555555555555555,22,2,1,1,0,0,0,0,0
C=CCCC(=O)C1=NC=C([C@H](Br)C2=C(C(=O)O)C=CO2)C=N1,12/000000165,"InChI=1S/C15H13BrN2O4/c1-2-3-4-11(19)14-17-7-9(8-18-14)12(16)13-10(15(20)21)5-6-22-13/h2,5-8,12H,1,3-4H2,(H,20,21)/t12-/m0/s1",C15H12N2O4Br,364.005868996,3.4010000000000016,4.05,6.51,22.1,-150.0,3.670010286870303,1,DRUGLIKE_CRAFT,HsDHODH_Druglike,5,1,93.29,7,15,4,2,0.6818181818181818,0.18181818181818182,0.09090909090909091,0.2,0.06666666666666667,22,2,0,2,2,0,2,0,0
O=C1C=CC(C2=C(CO)N=C(CCCl)O2)=NN1,15/000000127,"InChI=1S/C10H10ClN3O3/c11-4-3-9-12-7(5-15)10(17-9)6-1-2-8(16)14-13-6/h1-2,15H,3-5H2,(H,14,16)",C10H10N3O3Cl,255.04106886,0.6984999999999999,4.05,1.7,22.1,-120.0,3.132199274148249,1,DRUGLIKE_CRAFT,HsDHODH_Druglike,5,2,92.00999999999999,4,10,3,3,0.5882352941176471,0.17647058823529413,0.17647058823529413,0.3,0.0,17,2,0,2,2,0,2,0,0
C[C@@H](CCO)NC(=O)CC1=CC=C(CO)C(I)=C1,10/000000016,"InChI=1S/C13H18INO3/c1-9(4-5-16)15-13(18)7-10-2-3-11(8-17)12(14)6-10/h2-3,6,9,16-17H,4-5,7-8H2,1H3,(H,15,18)/t9-/m0/s1",C13H18NO3I,363.033141436,1.2130999999999996,4.05,8.49,3.58,-170.0,2.845733253583173,1,DRUGLIKE_CRAFT,HsDHODH_Druglike,3,3,69.56,6,13,3,1,0.7222222222222222,0.16666666666666666,0.05555555555555555,0.46153846153846156,0.07692307692307693,18,1,0,1,0,0,0,0,0
NC(=O)C1=CCC=C(CCCOC2=CC(Cl)=CC(Cl)=C2)N1,10/000000006,"InChI=1S/C15H16Cl2N2O2/c16-10-7-11(17)9-13(8-10)21-6-2-4-12-3-1-5-14(19-12)15(18)20/h3,5,7-9,19H,1-2,4,6H2,(H2,18,20)",C15H16N2O2Cl2,326.05888311200005,3.3988000000000014,4.05,2.29,2.35,-82.0,3.017802681709876,1,DRUGLIKE_CRAFT,HsDHODH_Druglike,3,2,64.35000000000001,6,15,2,2,0.7142857142857143,0.09523809523809523,0.09523809523809523,0.26666666666666666,0.0,21,2,1,1,1,1,0,0,0
CCCC1=NC(CO)=C(C2=NNC(=O)C=C2)O1,15/000000077,"InChI=1S/C11H13N3O3/c1-2-3-10-12-8(6-15)11(17-10)7-4-5-9(16)14-13-7/h4-5,15H,2-3,6H2,1H3,(H,14,16)",C11H13N3O3,235.095691276,0.8696999999999999,4.05,2.27,21.0,-140.0,2.96147619722517,1,DRUGLIKE_CRAFT,HsDHODH_Druglike,5,2,92.01,4,11,3,3,0.6470588235294118,0.17647058823529413,0.17647058823529413,0.36363636363636365,0.0,17,2,0,2,2,0,2,0,0
O=C1C=CC(C2=C(CO)N=C(COCCF)O2)=NN1,15/000000064,"InChI=1S/C11H12FN3O4/c12-3-4-18-6-10-13-8(5-16)11(19-10)7-1-2-9(17)15-14-7/h1-2,16H,3-6H2,(H,15,17)",C11H12N3O4F,269.08118408400003,0.40330000000000005,4.05,4.74,24.9,-120.0,3.2195899691655434,1,DRUGLIKE_CRAFT,HsDHODH_Druglike,6,2,101.24000000000001,6,11,4,3,0.5789473684210527,0.21052631578947367,0.15789473684210525,0.36363636363636365,0.0,19,2,0,2,2,0,2,0,0
CCC1=CC=C(C/C=C(/CN)C2=CC[C@@H](CO)O2)C(O)=C1,4/000000090,"InChI=1S/C17H23NO3/c1-2-12-3-4-13(16(20)9-12)5-6-14(10-18)17-8-7-15(11-19)21-17/h3-4,6,8-9,15,19-20H,2,5,7,10-11,18H2,1H3/p+1/b14-6-/t15-/m0/s1",C17H24NO3,289.167793596,2.047300000000001,4.05,9.38,4.94,-170.0,4.104408229813067,1,DRUGLIKE_CRAFT,HsDHODH_Druglike,4,3,75.71000000000001,6,17,3,1,0.8095238095238095,0.14285714285714285,0.047619047619047616,0.4117647058823529,0.058823529411764705,21,2,1,1,1,1,0,0,0
NC1=CC(I)=CC=C1/C=C/[C@H](CCC1=COC=N1)C(=O)O,13/000000033,"InChI=1S/C15H15IN2O3/c16-12-5-3-10(14(17)7-12)1-2-11(15(19)20)4-6-13-8-21-9-18-13/h1-3,5,7-9,11H,4,6,17H2,(H,19,20)/b2-1+/t11-/m1/s1",C15H15N2O3I,398.01274034,3.2082000000000015,4.05,3.01,3.58,-190.0,3.8042588165145017,1,DRUGLIKE_CRAFT,HsDHODH_Druglike,4,2,89.35000000000001,6,15,3,2,0.7142857142857143,0.14285714285714285,0.09523809523809523,0.2,0.06666666666666667,21,2,0,2,1,0,1,0,0
C/C=C(/CO)CC(=O)NC1=CC=CC2=C1NN(CCl)C2,12/000000019,"InChI=1S/C14H18ClN3O2/c1-2-10(8-19)6-13(20)16-12-5-3-4-11-7-18(9-15)17-14(11)12/h2-5,17,19H,6-9H2,1H3,(H,16,20)/b10-2+",C14H18N3O2Cl,295.108754496,2.2926,4.04,5.65,17.9,-60.0,3.4909976635233058,1,DRUGLIKE_CRAFT,HsDHODH_Druglike,4,3,64.6,5,14,2,3,0.7,0.1,0.15,0.35714285714285715,0.0,20,2,1,1,1,1,0,0,0
NC[C@H](N)/C=C\CC1=CC=C(I)C(I)=C1,10/000000018,"InChI=1S/C11H14I2N2/c12-10-5-4-8(6-11(10)13)2-1-3-9(15)7-14/h1,3-6,9H,2,7,14-15H2/b3-1-/t9-/m1/s1",C11H14N2I2,427.924644448,2.2805,4.04,4.59,2.22,-150.0,3.7571112366275896,1,DRUGLIKE_CRAFT,HsDHODH_Druglike,2,2,52.04,4,11,0,2,0.7333333333333333,0.0,0.13333333333333333,0.2727272727272727,0.09090909090909091,15,1,0,1,0,0,0,0,0
C=C(CO)C1=CC(O)=C2C=CC(=O)OC2=C1,6/000000003,"InChI=1S/C12H10O4/c1-7(6-13)8-4-10(14)9-2-3-12(15)16-11(9)5-8/h2-5,13-14H,1,6H2",C12H10O4,218.0579088,1.5040999999999998,4.04,1.32,3.58,-80.0,2.7846072166070748,1,DRUGLIKE_CRAFT,HsDHODH_Druglike,4,2,70.67,2,12,4,0,0.75,0.25,0.0,0.08333333333333333,0.0,16,2,0,2,1,0,1,0,0
C#CCC1=CC(C2=C(CO)N=C(CC)O2)=NNC1=O,15/000000139,"InChI=1S/C13H13N3O3/c1-3-5-8-6-9(15-16-13(8)18)12-10(7-17)14-11(4-2)19-12/h1,6,17H,4-5,7H2,2H3,(H,16,18)",C13H13N3O3,259.095691276,0.6552999999999999,4.04,2.81,25.0,-180.0,3.435582760650787,1,DRUGLIKE_CRAFT,HsDHODH_Druglike,5,2,92.00999999999999,4,13,3,3,0.6842105263157895,0.15789473684210525,0.15789473684210525,0.3076923076923077,0.0,19,2,0,2,2,0,2,0,0
O=C1NCC2=CC=C(O)C(CC3=CC(Cl)=CC(Cl)=C3)=C12,3/000000002,"InChI=1S/C15H11Cl2NO2/c16-10-3-8(4-11(17)6-10)5-12-13(19)2-1-9-7-18-15(20)14(9)12/h1-4,6,19H,5,7H2,(H,18,20)",C15H11NO2Cl2,307.01668395200005,3.5332000000000017,4.04,2.56,2.22,-80.0,2.6000199162705577,1,DRUGLIKE_CRAFT,HsDHODH_Druglike,2,2,49.33,2,15,2,1,0.75,0.1,0.05,0.13333333333333333,0.0,20,3,1,2,1,1,0,0,0
O=C1C=CC(C2=C(CO)N=C(CCNCCCl)O2)=NN1,15/000000267,"InChI=1S/C12H15ClN4O3/c13-4-6-14-5-3-11-15-9(7-18)12(20-11)8-1-2-10(19)17-16-8/h1-2,14,18H,3-7H2,(H,17,19)/p+1",C12H16N4O3Cl,298.08326802000005,0.2880999999999997,4.03,4.27,24.7,-120.0,4.092241301464312,1,DRUGLIKE_CRAFT,HsDHODH_Druglike,6,3,104.03999999999999,7,12,3,4,0.6,0.15,0.2,0.4166666666666667,0.0,20,2,0,2,2,0,2,0,0
N[C@@H](CO)NCCC#CC1=C(Br)C=NN1,11/000000006,"InChI=1S/C9H13BrN4O/c10-7-5-13-14-8(7)3-1-2-4-12-9(11)6-15/h5,9,12,15H,2,4,6,11H2,(H,13,14)/t9-/m1/s1",C9H13N4OBr,272.027273136,-0.2195000000000002,4.03,5.59,2.22,-150.0,4.192163662250748,1,DRUGLIKE_CRAFT,HsDHODH_Druglike,4,4,86.96000000000001,4,9,1,4,0.6,0.06666666666666667,0.26666666666666666,0.4444444444444444,0.1111111111111111,15,1,0,1,1,0,1,0,0
CC[C@H](O)C1=NN(C(=O)NCBr)C=N1,30/000000005,"InChI=1S/C7H11BrN4O2/c1-2-5(13)6-10-4-12(11-6)7(14)9-3-8/h4-5,13H,2-3H2,1H3,(H,9,14)/t5-/m0/s1",C7H11N4O2Br,262.006537692,0.6316,4.03,4.33,2.22,-170.0,4.190962603979918,1,DRUGLIKE_CRAFT,HsDHODH_Druglike,5,2,80.04,3,7,2,4,0.5,0.14285714285714285,0.2857142857142857,0.5714285714285714,0.14285714285714285,14,1,0,1,1,0,1,0,0
C[C@H](N)CCCC1=NN=C(/C(=C\C2=NN=NN2)CO)O1,29/000000013,"InChI=1S/C11H17N7O2/c1-7(12)3-2-4-10-15-16-11(20-10)8(6-19)5-9-13-17-18-14-9/h5,7,19H,2-4,6,12H2,1H3,(H,13,14,17,18)/b8-5-/t7-/m0/s1",C11H17N7O2,279.144372784,-0.21449999999999958,4.03,4.64,6.77,-170.0,4.092018056594197,1,DRUGLIKE_CRAFT,HsDHODH_Druglike,8,3,139.63,7,11,2,7,0.55,0.1,0.35,0.5454545454545454,0.09090909090909091,20,2,0,2,2,0,2,0,0
NC(=O)[C@@H](N)/C=C/CC1=CC=C(Cl)C(Cl)=C1,10/000000025,"InChI=1S/C11H12Cl2N2O/c12-8-5-4-7(6-9(8)13)2-1-3-10(14)11(15)16/h1,3-6,10H,2,14H2,(H2,15,16)/b3-1+/t10-/m0/s1",C11H12N2OCl2,258.032668364,1.9046999999999998,4.03,5.98,2.22,-150.0,3.119745285087012,1,DRUGLIKE_CRAFT,HsDHODH_Druglike,2,2,69.11,4,11,1,2,0.6875,0.0625,0.125,0.18181818181818182,0.09090909090909091,16,1,0,1,0,0,0,0,0
O=C1C=CC(C2=C(CO)N=C(CCF)O2)=NN1,15/000000190,"InChI=1S/C10H10FN3O3/c11-4-3-9-12-7(5-15)10(17-9)6-1-2-8(16)14-13-6/h1-2,15H,3-5H2,(H,14,16)",C10H10N3O3F,239.0706194,0.4291999999999999,4.03,2.29,23.1,-120.0,3.262301197225172,1,DRUGLIKE_CRAFT,HsDHODH_Druglike,5,2,92.00999999999999,4,10,3,3,0.5882352941176471,0.17647058823529413,0.17647058823529413,0.3,0.0,17,2,0,2,2,0,2,0,0
CCCNC(=O)N1C[C@@H](C(=O)O)C=C1CCF,2/000000001,"InChI=1S/C11H17FN2O3/c1-2-5-13-11(17)14-7-8(10(15)16)6-9(14)3-4-12/h6,8H,2-5,7H2,1H3,(H,13,17)(H,15,16)/t8-/m0/s1",C11H16N2O3F,244.122320624,1.3659,4.03,3.12,3.58,-190.0,3.735491391890349,1,DRUGLIKE_CRAFT,HsDHODH_Druglike,2,2,69.64,5,11,3,2,0.6470588235294118,0.17647058823529413,0.11764705882352941,0.6363636363636364,0.09090909090909091,17,1,1,0,1,1,0,0,0
OCN[C@@]1(C2=NNC(O)=C2)C=C(/C=C/C2=COC=C2)C1,20/000000003,"InChI=1S/C14H15N3O3/c18-9-15-14(12-5-13(19)17-16-12)6-11(7-14)2-1-10-3-4-20-8-10/h1-6,8,15,18H,7,9H2,(H2,16,17,19)/b2-1+/t14-/m0/s1",C14H15N3O3,273.11134134,1.4864999999999997,4.03,2.51,23.6,-190.0,4.540487692221726,1,DRUGLIKE_CRAFT,HsDHODH_Druglike,5,4,94.31,5,14,3,3,0.7,0.15,0.15,0.21428571428571427,0.07142857142857142,20,3,1,2,2,0,2,0,0
N[C@@H](C#CC1=CC(Cl)=CC=C1Cl)CCCC(=O)O,1/000000044,"InChI=1S/C13H13Cl2NO2/c14-10-5-7-12(15)9(8-10)4-6-11(16)2-1-3-13(17)18/h5,7-8,11H,1-3,16H2,(H,17,18)/t11-/m1/s1",C13H13NO2Cl2,285.032334016,2.927100000000001,4.02,7.56,17.6,-150.0,3.1088892975392177,1,DRUGLIKE_CRAFT,HsDHODH_Druglike,2,2,63.32000000000001,4,13,2,1,0.7222222222222222,0.1111111111111111,0.05555555555555555,0.3076923076923077,0.07692307692307693,18,1,0,1,0,0,0,0,0
C=CC1=CC(O)=NC(CCC2=CC(C(=O)N(C)CC)=CN2)=C1,4/000000108,"InChI=1S/C17H21N3O2/c1-4-12-8-15(19-16(21)9-12)7-6-14-10-13(11-18-14)17(22)20(3)5-2/h4,8-11,18H,1,5-7H2,2-3H3,(H,19,21)",C17H21N3O2,299.16337691200005,2.6354000000000006,4.02,5.36,7.99,-80.0,3.218688552647034,1,DRUGLIKE_CRAFT,HsDHODH_Druglike,3,2,69.22,6,17,2,3,0.7727272727272727,0.09090909090909091,0.13636363636363635,0.29411764705882354,0.0,22,2,0,2,2,0,2,0,0
NCCC1=CC=C(C/C=C\C2=CC[C@@H](CO)O2)C(O)=C1,4/000000102,"InChI=1S/C16H21NO3/c17-9-8-12-4-5-13(16(19)10-12)2-1-3-14-6-7-15(11-18)20-14/h1,3-6,10,15,18-19H,2,7-9,11,17H2/p+1/b3-1-/t15-/m0/s1",C16H22NO3,275.152143532,1.6571999999999998,4.02,8.18,3.58,-150.0,4.218457732707558,1,DRUGLIKE_CRAFT,HsDHODH_Druglike,4,3,75.71000000000001,6,16,3,1,0.8,0.15,0.05,0.375,0.0625,20,2,1,1,1,1,0,0,0
O=C1NN=C(C2=C(CO)N=CO2)C=C1CCl,15/000000152,"InChI=1S/C9H8ClN3O3/c10-2-5-1-6(12-13-9(5)15)8-7(3-14)11-4-16-8/h1,4,14H,2-3H2,(H,13,15)",C9H8N3O3Cl,241.025418796,0.6559999999999997,4.02,2.53,21.5,-140.0,3.3251207830406395,1,DRUGLIKE_CRAFT,HsDHODH_Druglike,5,2,92.01,3,9,3,3,0.5625,0.1875,0.1875,0.2222222222222222,0.0,16,2,0,2,2,0,2,0,0
NCC(=O)C1=NC=C(/C=C/C2=CC=C(CO)C(Cl)=C2)C=N1,12/000000148,"InChI=1S/C15H14ClN3O2/c16-13-5-10(3-4-12(13)9-20)1-2-11-7-18-15(19-8-11)14(21)6-17/h1-5,7-8,20H,6,9,17H2/b2-1+",C15H14N3O2Cl,303.077454368,1.9340999999999997,4.02,3.88,4.94,0.0,2.7298073753213483,1,DRUGLIKE_CRAFT,HsDHODH_Druglike,5,2,89.10000000000001,5,15,2,3,0.7142857142857143,0.09523809523809523,0.14285714285714285,0.13333333333333333,0.0,21,2,0,2,1,0,1,0,0
O=C(O)[C@H](/C=C/C1=CC=C(CO)C2=C1OC=N2)C1=COC=N1,11/000000005,"InChI=1S/C15H12N2O5/c18-5-10-2-1-9(14-13(10)17-8-22-14)3-4-11(15(19)20)12-6-21-7-16-12/h1-4,6-8,11,18H,5H2,(H,19,20)/b4-3+/t11-/m1/s1",C15H12N2O5,300.07462148400003,2.1897,4.02,6.04,23.6,-190.0,4.057876977556665,1,DRUGLIKE_CRAFT,HsDHODH_Druglike,6,2,109.59,5,15,5,2,0.6818181818181818,0.22727272727272727,0.09090909090909091,0.13333333333333333,0.06666666666666667,22,3,0,3,2,0,2,0,0
NC1=NC=C(CC[C@](N)(O)C2=NN=CO2)C=C1,25/000000005,"InChI=1S/C10H13N5O2/c11-8-2-1-7(5-13-8)3-4-10(12,16)9-15-14-6-17-9/h1-2,5-6,16H,3-4,12H2,(H2,11,13)/t10-/m0/s1",C10H13N5O2,235.106924656,-0.21660000000000046,4.02,2.55,2.22,-190.0,3.722084075836838,1,DRUGLIKE_CRAFT,HsDHODH_Druglike,7,3,124.08,4,10,2,5,0.5882352941176471,0.11764705882352941,0.29411764705882354,0.3,0.1,17,2,0,2,2,0,2,0,0
CCNC(=O)C1=C(C[C@H](I)CNC2=NCCCO2)C=C(Br)O1,6/000000022,"InChI=1S/C14H19BrIN3O3/c1-2-17-13(20)12-9(7-11(15)22-12)6-10(16)8-19-14-18-4-3-5-21-14/h7,10H,2-6,8H2,1H3,(H,17,20)(H,18,19)/t10-/m0/s1",C14H19N3O3BrI,482.96545156800005,2.503800000000001,4.01,5.34,5.24,-170.0,4.147286477733907,1,DRUGLIKE_CRAFT,HsDHODH_Druglike,5,2,75.86,6,14,3,3,0.6363636363636364,0.13636363636363635,0.13636363636363635,0.5714285714285714,0.07142857142857142,22,2,1,1,2,1,1,0,0
CC(=O)N[C@@H](/C=C/C1=CC=C(I)C=C1N)C1=NNN=N1,13/000000009,"InChI=1S/C12H13IN6O/c1-7(20)15-11(12-16-18-19-17-12)5-3-8-2-4-9(13)6-10(8)14/h2-6,11H,14H2,1H3,(H,15,20)(H,16,17,18,19)/b5-3+/t11-/m0/s1",C12H13N6OI,384.01955703600015,1.2771,4.01,5.15,3.58,-181.0,3.704311998178929,1,DRUGLIKE_CRAFT,HsDHODH_Druglike,5,3,109.58000000000001,4,12,1,6,0.6,0.05,0.3,0.16666666666666666,0.08333333333333333,20,2,0,2,1,0,1,0,0
C=C(C1=CCC=C([C@H](Br)NC(N)N)O1)C1=CC(=O)C1=O,14/000000001,"InChI=1S/C13H14BrN3O3/c1-6(7-5-8(18)11(7)19)9-3-2-4-10(20-9)12(14)17-13(15)16/h3-5,12-13,17H,1-2,15-16H2/t12-/m1/s1",C13H12N3O3Br,339.0218534079999,-0.0045000000000000595,4.01,7.23,24.4,-150.0,4.790790661182591,1,DRUGLIKE_CRAFT,HsDHODH_Druglike,6,3,107.44,5,13,3,3,0.65,0.15,0.15,0.23076923076923078,0.07692307692307693,20,2,1,1,1,1,0,0,0
NCCC#C[C@H](O)C1=CC=C(NC2=CC=CC(CCl)=C2)C=C1,13/000000014,"InChI=1S/C18H19ClN2O/c19-13-14-4-3-5-17(12-14)21-16-9-7-15(8-10-16)18(22)6-1-2-11-20/h3-5,7-10,12,18,21-22H,2,11,13,20H2/t18-/m0/s1",C18H19N2OCl,314.11859090800004,3.5546000000000024,4.01,4.29,17.3,-190.0,2.982986867666554,1,DRUGLIKE_CRAFT,HsDHODH_Druglike,3,3,58.28,5,18,1,2,0.8181818181818182,0.045454545454545456,0.09090909090909091,0.2222222222222222,0.05555555555555555,22,2,0,2,0,0,0,0,0
CCCOCCC1=NC(CO)=C(C2=NNC(=O)C=C2)O1,15/000000031,"InChI=1S/C13H17N3O4/c1-2-6-19-7-5-12-14-10(8-17)13(20-12)9-3-4-11(18)16-15-9/h3-4,17H,2,5-8H2,1H3,(H,16,18)",C13H17N3O4,279.121906024,0.8862999999999998,4.01,1.99,23.4,-140.0,3.0009603298043936,1,DRUGLIKE_CRAFT,HsDHODH_Druglike,6,2,101.24,7,13,4,3,0.65,0.2,0.15,0.46153846153846156,0.0,20,2,0,2,2,0,2,0,0
O=C1C=CC2=C(C=C(/C=C/C3=NC=CN3)C=C2CO)O1,6/000000001,"InChI=1S/C15H12N2O3/c18-9-11-7-10(1-3-14-16-5-6-17-14)8-13-12(11)2-4-15(19)20-13/h1-8,18H,9H2,(H,16,17)/b3-1+",C15H12N2O3,268.084792244,2.1788000000000003,4.0,3.72,3.58,-80.0,2.8038462993702176,1,DRUGLIKE_CRAFT,HsDHODH_Druglike,4,2,79.12,3,15,3,2,0.75,0.15,0.1,0.06666666666666667,0.0,20,3,0,3,2,0,2,0,0
O=C(O)CC1=CC(C2=NNC(=O)C(CBr)=C2)=C(CO)O1,15/000000085,"InChI=1S/C12H11BrN2O5/c13-4-6-1-9(14-15-12(6)19)8-2-7(3-11(17)18)20-10(8)5-16/h1-2,16H,3-5H2,(H,15,19)(H,17,18)",C12H11N2O5Br,341.985133552,1.0441999999999998,4.0,1.33,24.7,-140.0,3.2219594317550735,1,DRUGLIKE_CRAFT,HsDHODH_Druglike,5,3,116.41999999999999,5,12,5,2,0.6,0.25,0.1,0.25,0.0,20,2,0,2,2,0,2,0,0
C/C=C/CC1=C(CCO)C(C2=C(C(N)=O)OC(Br)=C2)=NN1,6/000000019,"InChI=1S/C14H16BrN3O3/c1-2-3-4-10-8(5-6-19)12(18-17-10)9-7-11(15)21-13(9)14(16)20/h2-3,7,19H,4-6H2,1H3,(H2,16,20)(H,17,18)/b3-2+",C14H16N3O3Br,353.037503472,2.1845,4.0,6.98,24.9,-100.0,3.587644946692116,1,DRUGLIKE_CRAFT,HsDHODH_Druglike,4,3,105.14000000000001,6,14,3,3,0.6666666666666666,0.14285714285714285,0.14285714285714285,0.2857142857142857,0.0,21,2,0,2,2,0,2,0,0
O=C(O)C[C@@H]1CC=C(CO)N=C1CBr,2/000000002,"InChI=1S/C9H12BrNO3/c10-4-8-6(3-9(13)14)1-2-7(5-12)11-8/h2,6,12H,1,3-5H2,(H,13,14)/t6-/m0/s1",C9H12NO3Br,261.00005534400003,1.1931,4.0,6.58,2.35,-150.0,4.2000427659232376,1,DRUGLIKE_CRAFT,HsDHODH_Druglike,3,2,69.89,4,9,3,1,0.6428571428571429,0.21428571428571427,0.07142857142857142,0.5555555555555556,0.1111111111111111,14,1,1,0,1,1,0,0,0
CCC1=CC(=O)C(C2=CC(/C=C/C(=O)O)=C(CO)O2)=CC1,8/000000001,"InChI=1S/C16H16O5/c1-2-10-3-5-12(13(18)7-10)14-8-11(4-6-16(19)20)15(9-17)21-14/h4-8,17H,2-3,9H2,1H3,(H,19,20)/b6-4+",C16H16O5,288.09977361200004,2.5623000000000005,4.0,4.19,23.0,-140.0,3.518414177461347,1,DRUGLIKE_CRAFT,HsDHODH_Druglike,4,2,87.74000000000001,5,16,5,0,0.7619047619047619,0.23809523809523808,0.0,0.25,0.0,21,2,1,1,1,0,1,0,0
O=C(O)C/C=C(\C1=NNN=C1)C1=CC=CC(Cl)=C1Cl,29/000000012,"InChI=1S/C12H9Cl2N3O2/c13-9-3-1-2-8(12(9)14)7(4-5-11(18)19)10-6-15-17-16-10/h1-4,6H,5H2,(H,18,19)(H,15,16,17)/b7-4-",C12H9N3O2Cl2,297.007181888,3.017900000000002,6.01,6.5,3.58,0.0,2.9545229638438215,1,DRUGLIKE_LANA,HsDHODH_Druglike,3,2,78.86999999999999,4,12,2,3,0.631578947368421,0.10526315789473684,0.15789473684210525,0.08333333333333333,0.0,19,2,0,2,1,0,1,0,0
CCC1=C([C@H](Cl)CN2C=CC(C(=O)O)=C2C#CCO)ON=C1O,6/000000096,"InChI=1S/C15H15ClN2O5/c1-2-9-13(23-17-14(9)20)11(16)8-18-6-5-10(15(21)22)12(18)4-3-7-19/h5-6,11,19H,2,7-8H2,1H3,(H,17,20)(H,21,22)/t11-/m1/s1",C15H15N2O5Cl,338.06694926,1.7662000000000004,5.84,8.67,5.35,-170.0,4.119363723014072,1,DRUGLIKE_LANA,HsDHODH_Druglike,6,3,108.72000000000001,5,15,5,2,0.6521739130434783,0.21739130434782608,0.08695652173913043,0.3333333333333333,0.06666666666666667,23,2,0,2,2,0,2,0,0
O=C(O)C1=C(C#CCO)N(C[C@@H](Cl)C2=C(C(=O)O)C(O)=NO2)C=C1,6/000000085,"InChI=1S/C14H11ClN2O7/c15-8(11-10(14(22)23)12(19)16-24-11)6-17-4-3-7(13(20)21)9(17)2-1-5-18/h3-4,8,18H,5-6H2,(H,16,19)(H,20,21)(H,22,23)/t8-/m1/s1",C14H11N2O7Cl,354.025478372,0.9019999999999997,5.75,9.0,6.75,-150.0,4.076161910412336,1,DRUGLIKE_LANA,HsDHODH_Druglike,7,4,146.01999999999998,5,14,7,2,0.5833333333333334,0.2916666666666667,0.08333333333333333,0.21428571428571427,0.07142857142857142,24,2,0,2,2,0,2,0,0
NCCC1=C([C@H](Cl)CN2C=CC(C(=O)O)=C2C#CCO)ON=C1O,6/000000080,"InChI=1S/C15H16ClN3O5/c16-11(13-10(3-5-17)14(21)18-24-13)8-19-6-4-9(15(22)23)12(19)2-1-7-20/h4,6,11,20H,3,5,7-8,17H2,(H,18,21)(H,22,23)/t11-/m1/s1",C15H16N3O5Cl,353.07784829199994,0.7049999999999996,5.65,8.59,6.75,-150.0,4.1733680427415445,1,DRUGLIKE_LANA,HsDHODH_Druglike,7,4,134.74,6,15,5,3,0.625,0.20833333333333334,0.125,0.3333333333333333,0.06666666666666667,24,2,0,2,2,0,2,0,0
O=C(O)CCC1=C([C@H](Cl)CN2C=CC(C(=O)O)=C2C#CCO)ON=C1O,6/000000089,"InChI=1S/C16H15ClN2O7/c17-11(14-10(3-4-13(21)22)15(23)18-26-14)8-19-6-5-9(16(24)25)12(19)2-1-7-20/h5-6,11,20H,3-4,7-8H2,(H,18,23)(H,21,22)(H,24,25)/t11-/m1/s1",C16H15N2O7Cl,382.0567785,1.2209999999999999,5.6,10.23,8.26,-150.0,4.03090005767446,1,DRUGLIKE_LANA,HsDHODH_Druglike,7,4,146.02,7,16,7,2,0.6153846153846154,0.2692307692307692,0.07692307692307693,0.3125,0.0625,26,2,0,2,2,0,2,0,0
O=C(O)C1=C(C#CCO)N(C[C@@H](Cl)C2=CC(O)=NO2)C=C1,6/000000064,"InChI=1S/C13H11ClN2O5/c14-9(11-6-12(18)15-21-11)7-16-4-3-8(13(19)20)10(16)2-1-5-17/h3-4,6,9,17H,5,7H2,(H,15,18)(H,19,20)/t9-/m1/s1",C13H11N2O5Cl,310.035649132,1.2037999999999998,5.56,9.12,3.85,-150.0,4.138727593208292,1,DRUGLIKE_LANA,HsDHODH_Druglike,6,3,108.72,4,13,5,2,0.6190476190476191,0.23809523809523808,0.09523809523809523,0.23076923076923078,0.07692307692307693,21,2,0,2,2,0,2,0,0
O=C(O)[C@@H](C#CC1=CC=CC(F)=C1O)C1=NON=C1,20/000000106,"InChI=1S/C12H7FN2O4/c13-9-3-1-2-7(11(9)16)4-5-8(12(17)18)10-6-14-19-15-10/h1-3,6,8,16H,(H,17,18)/t8-/m0/s1",C12H7N2O4F,262.03898492400003,1.1341999999999999,5.54,3.76,23.7,-150.0,3.8935270507283466,1,DRUGLIKE_LANA,HsDHODH_Druglike,5,2,96.45,2,12,4,2,0.631578947368421,0.21052631578947367,0.10526315789473684,0.08333333333333333,0.08333333333333333,19,2,0,2,1,0,1,0,0
NCC1=CC(NC(N)=O)=CC(/C=C/CCOC2=CC(N)=CC(Cl)=C2)=C1,4/000000281,"InChI=1S/C18H21ClN4O2/c19-14-8-15(21)10-17(9-14)25-4-2-1-3-12-5-13(11-20)7-16(6-12)23-18(22)24/h1,3,5-10H,2,4,11,20-21H2,(H3,22,23,24)/b3-1+",C18H21N4O2Cl,360.135303592,3.3538000000000014,5.54,5.31,8.12,0.0,2.6418035438689493,1,DRUGLIKE_LANA,HsDHODH_Druglike,4,4,116.38999999999999,7,18,2,4,0.72,0.08,0.16,0.16666666666666666,0.0,25,2,0,2,0,0,0,0,0
O=C(O)[C@@H](C#CC1=NC2=C(C=CC=C2)N1)C1=NON=C1,20/000000093,"InChI=1S/C13H8N4O3/c18-13(19)8(11-7-14-20-17-11)5-6-12-15-9-3-1-2-4-10(9)16-12/h1-4,7-8H,(H,15,16)(H,18,19)/t8-/m0/s1",C13H8N4O3,268.05964011599997,1.1658,5.49,3.59,24.3,-190.0,3.85366979469276,1,DRUGLIKE_LANA,HsDHODH_Druglike,5,2,104.89999999999999,2,13,3,4,0.65,0.15,0.2,0.07692307692307693,0.07692307692307693,20,3,0,3,2,0,2,0,0
CCCCCC1=NON=C1[C@H](Cl)CN1C=CC(C(=O)O)=C1C#CCO,6/000000092,"InChI=1S/C17H20ClN3O4/c1-2-3-4-6-14-16(20-25-19-14)13(18)11-21-9-8-12(17(23)24)15(21)7-5-10-22/h8-9,13,22H,2-4,6,10-11H2,1H3,(H,23,24)/t13-/m1/s1",C17H20N3O4Cl,365.1142337999999,2.6259,5.47,7.33,8.4,-170.0,3.9122949664366606,1,DRUGLIKE_LANA,HsDHODH_Druglike,6,2,101.38000000000001,8,17,4,3,0.68,0.16,0.12,0.47058823529411764,0.058823529411764705,25,2,0,2,2,0,2,0,0
CC[C@H](C(=O)O)C1=CC(/C=C/CCl)=CC(NC(N)=O)=C1,4/000000304,"InChI=1S/C14H17ClN2O3/c1-2-12(13(18)19)10-6-9(4-3-5-15)7-11(8-10)17-14(16)20/h3-4,6-8,12H,2,5H2,1H3,(H,18,19)(H3,16,17,20)/b4-3+/t12-/m0/s1",C14H17N2O3Cl,296.092770084,3.0074000000000005,5.47,7.93,6.2,-170.0,3.111313738105668,1,DRUGLIKE_LANA,HsDHODH_Druglike,2,3,92.41999999999999,6,14,3,2,0.7,0.15,0.1,0.2857142857142857,0.07142857142857142,20,1,0,1,0,0,0,0,0
NC(=O)NC1=CC=C(CCNCC2=C(O)NN=C2)C(CC(=O)O)=C1,4/000000257,"InChI=1S/C15H19N5O4/c16-15(24)19-12-2-1-9(10(5-12)6-13(21)22)3-4-17-7-11-8-18-20-14(11)23/h1-2,5,8,17H,3-4,6-7H2,(H,21,22)(H3,16,19,24)(H2,18,20,23)",C15H19N5O4,333.143704088,0.5652999999999994,5.44,5.18,5.09,0.0,2.720341874024461,1,DRUGLIKE_LANA,HsDHODH_Druglike,5,6,153.36,8,15,4,5,0.625,0.16666666666666666,0.20833333333333334,0.26666666666666666,0.0,24,2,0,2,1,0,1,0,0
CCCCC1=NON=C1[C@H](Cl)CN1C=CC(C(=O)O)=C1C#CCO,6/000000076,"InChI=1S/C16H18ClN3O4/c1-2-3-5-13-15(19-24-18-13)12(17)10-20-8-7-11(16(22)23)14(20)6-4-9-21/h7-8,12,21H,2-3,5,9-10H2,1H3,(H,22,23)/t12-/m1/s1",C16H18N3O4Cl,351.09858373599997,2.2358000000000007,5.39,8.67,6.72,-170.0,3.95964310797482,1,DRUGLIKE_LANA,HsDHODH_Druglike,6,2,101.38000000000001,7,16,4,3,0.6666666666666666,0.16666666666666666,0.125,0.4375,0.0625,24,2,0,2,2,0,2,0,0
CN[C@@H](F)C1=CC(CC(=O)O)=CC(NC(N)=O)=C1,4/000000145,"InChI=1S/C11H14FN3O3/c1-14-10(12)7-2-6(4-9(16)17)3-8(5-7)15-11(13)18/h2-3,5,10,14H,4H2,1H3,(H,16,17)(H3,13,15,18)/t10-/m1/s1",C11H14N3O3F,255.101919528,0.9917999999999998,5.38,5.18,5.09,-170.0,3.1415002276805035,1,DRUGLIKE_LANA,HsDHODH_Druglike,3,4,104.44999999999999,5,11,3,3,0.6111111111111112,0.16666666666666666,0.16666666666666666,0.2727272727272727,0.09090909090909091,18,1,0,1,0,0,0,0,0
CC[C@H](C(=O)O)C1=CC(NC(N)=O)=CC(CF)=C1,4/000000255,"InChI=1S/C12H15FN2O3/c1-2-10(11(16)17)8-3-7(6-13)4-9(5-8)15-12(14)18/h3-5,10H,2,6H2,1H3,(H,16,17)(H3,14,15,18)/t10-/m0/s1",C12H15N2O3F,254.10667056,2.2249,5.37,6.43,4.69,-170.0,2.930386766142042,1,DRUGLIKE_LANA,HsDHODH_Druglike,2,3,92.41999999999999,5,12,3,2,0.6666666666666666,0.16666666666666666,0.1111111111111111,0.3333333333333333,0.08333333333333333,18,1,0,1,0,0,0,0,0
NCC1=CC(NC(N)=O)=CC(/C=C/CCOC2=CC=CC(Cl)=C2F)=C1,4/000000308,"InChI=1S/C18H19ClFN3O2/c19-15-5-3-6-16(17(15)20)25-7-2-1-4-12-8-13(11-21)10-14(9-12)23-18(22)24/h1,3-6,8-10H,2,7,11,21H2,(H3,22,23,24)/b4-1+",C18H19N3O2FCl,363.114982748,3.910700000000002,5.32,4.41,8.12,0.0,2.550697829583235,1,DRUGLIKE_LANA,HsDHODH_Druglike,3,3,90.36999999999999,7,18,2,3,0.72,0.08,0.12,0.16666666666666666,0.0,25,2,0,2,0,0,0,0,0
CCC(=O)C/C=C/C1=C(CC(=O)O)C=C(NC(N)=O)C=C1,4/000000302,"InChI=1S/C15H18N2O4/c1-2-13(18)5-3-4-10-6-7-12(17-15(16)21)8-11(10)9-14(19)20/h3-4,6-8H,2,5,9H2,1H3,(H,19,20)(H3,16,17,21)/b4-3+",C15H18N2O4,290.126657056,2.1867,5.28,4.78,5.09,-50.0,2.623549693306664,1,DRUGLIKE_LANA,HsDHODH_Druglike,3,3,109.49000000000001,7,15,4,2,0.7142857142857143,0.19047619047619047,0.09523809523809523,0.26666666666666666,0.0,21,1,0,1,0,0,0,0,0
C=CC1=CC([C@H](CC)C(=O)O)=CC(NC(N)=O)=C1,4/000000240,"InChI=1S/C13H16N2O3/c1-3-8-5-9(11(4-2)12(16)17)7-10(6-8)15-13(14)18/h3,5-7,11H,1,4H2,2H3,(H,16,17)(H3,14,15,18)/t11-/m0/s1",C13H16N2O3,248.116092372,2.3983999999999996,5.2,6.99,4.69,-170.0,2.957686766142043,1,DRUGLIKE_LANA,HsDHODH_Druglike,2,3,92.41999999999999,5,13,3,2,0.7222222222222222,0.16666666666666666,0.1111111111111111,0.23076923076923078,0.07692307692307693,18,1,0,1,0,0,0,0,0
C=CCC(=O)OCC1=CC(CC(=O)O)=CC(NC(N)=O)=C1,4/000000128,"InChI=1S/C14H16N2O5/c1-2-3-13(19)21-8-10-4-9(7-12(17)18)5-11(6-10)16-14(15)20/h2,4-6H,1,3,7-8H2,(H,17,18)(H3,15,16,20)",C14H16N2O5,292.105921612,1.4236,5.16,4.68,20.0,-30.0,2.444195847152816,1,DRUGLIKE_LANA,HsDHODH_Druglike,4,3,118.72,7,14,5,2,0.6666666666666666,0.23809523809523808,0.09523809523809523,0.21428571428571427,0.0,21,1,0,1,0,0,0,0,0
NC(=O)NC1=CC(CC(=O)O)=C(/C=C/CCl)C=C1,4/000000277,"InChI=1S/C12H13ClN2O3/c13-5-1-2-8-3-4-10(15-12(14)18)6-9(8)7-11(16)17/h1-4,6H,5,7H2,(H,16,17)(H3,14,15,18)/b2-1+",C12H13N2O3Cl,268.061469956,2.0563000000000002,5.14,2.51,5.09,0.0,2.536600355348275,1,DRUGLIKE_LANA,HsDHODH_Druglike,2,3,92.42,5,12,3,2,0.6666666666666666,0.16666666666666666,0.1111111111111111,0.16666666666666666,0.0,18,1,0,1,0,0,0,0,0
NC(=O)NC1=CC(CC(=O)O)=C(/C=C/[C@H]2CC(=O)O2)C=C1,4/000000303,"InChI=1S/C14H14N2O5/c15-14(20)16-10-3-1-8(9(5-10)6-12(17)18)2-4-11-7-13(19)21-11/h1-5,11H,6-7H2,(H,17,18)(H3,15,16,20)/b4-2+/t11-/m0/s1",C14H14N2O5,290.090271548,1.133,5.12,2.56,5.09,-150.0,3.125737784468937,1,DRUGLIKE_LANA,HsDHODH_Druglike,4,3,118.72000000000001,5,14,5,2,0.6666666666666666,0.23809523809523808,0.09523809523809523,0.21428571428571427,0.07142857142857142,21,2,1,1,1,1,0,0,0
C[C@H](C(=O)O)C1=CC(NC(N)=O)=CC(CF)=C1,4/000000263,"InChI=1S/C11H13FN2O3/c1-6(10(15)16)8-2-7(5-12)3-9(4-8)14-11(13)17/h2-4,6H,5H2,1H3,(H,15,16)(H3,13,14,17)/t6-/m0/s1",C11H13N2O3F,240.091020496,1.8348,5.11,5.33,4.69,-170.0,2.893148114298377,1,DRUGLIKE_LANA,HsDHODH_Druglike,2,3,92.41999999999999,4,11,3,2,0.6470588235294118,0.17647058823529413,0.11764705882352941,0.2727272727272727,0.09090909090909091,17,1,0,1,0,0,0,0,0
C=C[C@H](C(=O)O)C1=CC(NC(N)=O)=CC=C1,4/000000100,"InChI=1S/C11H12N2O3/c1-2-9(10(14)15)7-4-3-5-8(6-7)13-11(12)16/h2-6,9H,1H2,(H,14,15)(H3,12,13,16)/t9-/m0/s1",C11H12N2O3,220.084792244,1.5313999999999999,5.06,5.76,4.81,-150.0,2.901378558790052,1,DRUGLIKE_LANA,HsDHODH_Druglike,2,3,92.41999999999999,4,11,3,2,0.6875,0.1875,0.125,0.09090909090909091,0.09090909090909091,16,1,0,1,0,0,0,0,0
NC(=O)NC1=CC(CF)=CC([C@H](Cl)C(=O)O)=C1,4/000000274,"InChI=1S/C10H10ClFN2O3/c11-8(9(15)16)6-1-5(4-12)2-7(3-6)14-10(13)17/h1-3,8H,4H2,(H,15,16)(H3,13,14,17)/t8-/m0/s1",C10H10N2O3FCl,260.03639808,2.0112,5.05,5.49,3.58,-150.0,3.1396065758368383,1,DRUGLIKE_LANA,HsDHODH_Druglike,2,3,92.42,4,10,3,2,0.5882352941176471,0.17647058823529413,0.11764705882352941,0.2,0.1,17,1,0,1,0,0,0,0,0
CCCC#CCC1=CC(CC(=O)O)=CC(NC(N)=O)=C1,4/000000272,"InChI=1S/C15H18N2O3/c1-2-3-4-5-6-11-7-12(10-14(18)19)9-13(8-11)17-15(16)20/h7-9H,2-3,6,10H2,1H3,(H,18,19)(H3,16,17,20)",C15H18N2O3,274.131742436,2.1502999999999997,5.05,4.45,3.58,-20.0,2.617161949237591,1,DRUGLIKE_LANA,HsDHODH_Druglike,2,3,92.41999999999999,5,15,3,2,0.75,0.15,0.1,0.3333333333333333,0.0,20,1,0,1,0,0,0,0,0
CC(=O)CC1=NON=C1[C@H](Cl)CN1C=CC(C(=O)O)=C1C#CCO,6/000000077,"InChI=1S/C15H14ClN3O5/c1-9(21)7-12-14(18-24-17-12)11(16)8-19-5-4-10(15(22)23)13(19)3-2-6-20/h4-5,11,20H,6-8H2,1H3,(H,22,23)/t11-/m1/s1",C15H14N3O5Cl,351.06219822799994,1.0247,5.0,9.27,6.72,-170.0,4.087830280503782,1,DRUGLIKE_LANA,HsDHODH_Druglike,7,2,118.45000000000002,6,15,5,3,0.625,0.20833333333333334,0.125,0.3333333333333333,0.06666666666666667,24,2,0,2,2,0,2,0,0
NC(=O)NC1=CC=CC([C@H](CCl)C(=O)O)=C1,4/000000319,"InChI=1S/C10H11ClN2O3/c11-5-8(9(14)15)6-2-1-3-7(4-6)13-10(12)16/h1-4,8H,5H2,(H,14,15)(H3,12,13,16)/t8-/m0/s1",C10H11N2O3Cl,242.045819892,1.5842000000000005,4.99,6.06,4.81,-150.0,2.6929842832981024,1,DRUGLIKE_LANA,HsDHODH_Druglike,2,3,92.42,4,10,3,2,0.625,0.1875,0.125,0.2,0.1,16,1,0,1,0,0,0,0,0
C[C@@H](F)C1=CC(CC(=O)O)=CC(NC(N)=O)=C1,4/000000239,"InChI=1S/C11H13FN2O3/c1-6(12)8-2-7(4-10(15)16)3-9(5-8)14-11(13)17/h2-3,5-6H,4H2,1H3,(H,15,16)(H3,13,14,17)/t6-/m1/s1",C11H13N2O3F,240.091020496,1.8347999999999998,4.98,5.11,3.58,-170.0,2.867649652759914,1,DRUGLIKE_LANA,HsDHODH_Druglike,2,3,92.41999999999999,4,11,3,2,0.6470588235294118,0.17647058823529413,0.11764705882352941,0.2727272727272727,0.09090909090909091,17,1,0,1,0,0,0,0,0
C/C=C(/C(=O)C1=CC=C(NC(N)=O)C(Cl)=C1)C1=NC=C(C2=CN=CC=C2)O1,2/000000007,"InChI=1S/C19H15ClN4O3/c1-2-13(18-23-10-16(27-18)12-4-3-7-22-9-12)17(25)11-5-6-15(14(20)8-11)24-19(21)26/h2-10H,1H3,(H3,21,24,26)/b13-2-",C19H15N4O3Cl,382.08326802000005,4.166800000000002,4.95,7.45,5.08,-140.0,2.7676917513117054,1,DRUGLIKE_LANA,HsDHODH_Druglike,5,2,111.11,5,19,3,4,0.7037037037037037,0.1111111111111111,0.14814814814814814,0.05263157894736842,0.0,27,3,0,3,2,0,2,0,0
C=C[C@H](C(=O)O)C1=C(OCN)C=CC(NC(N)=O)=C1,4/000000306,"InChI=1S/C12H15N3O4/c1-2-8(11(16)17)9-5-7(15-12(14)18)3-4-10(9)19-6-13/h2-5,8H,1,6,13H2,(H,16,17)(H3,14,15,18)/t8-/m0/s1",C12H15N3O4,265.10625596,0.8264,4.94,4.97,6.2,-150.0,3.283980068742519,1,DRUGLIKE_LANA,HsDHODH_Druglike,4,4,127.66999999999999,6,12,4,3,0.631578947368421,0.21052631578947367,0.15789473684210525,0.16666666666666666,0.08333333333333333,19,1,0,1,0,0,0,0,0
NCC#C[C@](O)(CO)C1=CC(O)=CC=C1,6/000000055,"InChI=1S/C11H13NO3/c12-6-2-5-11(15,8-13)9-3-1-4-10(14)7-9/h1,3-4,7,13-15H,6,8,12H2/t11-/m0/s1",C11H13NO3,207.089543276,-0.4658,4.94,4.54,3.58,-150.0,3.63862530792215,1,DRUGLIKE_LANA,HsDHODH_Druglike,4,4,86.71000000000001,2,11,3,1,0.7333333333333333,0.2,0.06666666666666667,0.2727272727272727,0.09090909090909091,15,1,0,1,0,0,0,0,0
CNCC1=NON=C1[C@H](Cl)CN1C=CC(C(=O)O)=C1C#CCO,6/000000119,"InChI=1S/C14H15ClN4O4/c1-16-7-11-13(18-23-17-11)10(15)8-19-5-4-9(14(21)22)12(19)3-2-6-20/h4-5,10,16,20H,6-8H2,1H3,(H,21,22)/p+1/t10-/m1/s1",C14H16N4O4Cl,338.07818263999997,0.6125999999999998,4.93,8.32,6.72,-170.0,4.7094781804316534,1,DRUGLIKE_LANA,HsDHODH_Druglike,7,3,113.41000000000001,6,14,4,4,0.6086956521739131,0.17391304347826086,0.17391304347826086,0.35714285714285715,0.07142857142857142,23,2,0,2,2,0,2,0,0
NC(=O)NC1=CC(CC(=O)O)=C(/C=C/CO)C=C1,4/000000293,"InChI=1S/C12H14N2O4/c13-12(18)14-10-4-3-8(2-1-5-15)9(6-10)7-11(16)17/h1-4,6,15H,5,7H2,(H,16,17)(H3,13,14,18)/b2-1+",C12H14N2O4,250.095356928,0.8098000000000001,4.93,2.43,5.09,0.0,2.4521077336842225,1,DRUGLIKE_LANA,HsDHODH_Druglike,3,4,112.65,5,12,4,2,0.6666666666666666,0.2222222222222222,0.1111111111111111,0.16666666666666666,0.0,18,1,0,1,0,0,0,0,0
O=C(O)C1=C(C#CCO)N(C[C@@H](Cl)C2=NON=C2CO)C=C1,6/000000110,"InChI=1S/C13H12ClN3O5/c14-9(12-10(7-19)15-22-16-12)6-17-4-3-8(13(20)21)11(17)2-1-5-18/h3-4,9,18-19H,5-7H2,(H,20,21)/t9-/m1/s1",C13H12N3O5Cl,325.04654816399994,0.3854999999999999,4.91,8.33,5.21,-150.0,4.1084952805651325,1,DRUGLIKE_LANA,HsDHODH_Druglike,7,3,121.61,5,13,5,3,0.5909090909090909,0.22727272727272727,0.13636363636363635,0.3076923076923077,0.07692307692307693,22,2,0,2,2,0,2,0,0
C=CC1=C(CC(=O)O)C=C(NC(N)=O)C=C1,4/000000151,"InChI=1S/C11H12N2O3/c1-2-7-3-4-9(13-11(12)16)5-8(7)6-10(14)15/h2-5H,1,6H2,(H,14,15)(H3,12,13,16)",C11H12N2O3,220.084792244,1.4473,4.91,2.99,3.58,0.0,2.316823251734738,1,DRUGLIKE_LANA,HsDHODH_Druglike,2,3,92.41999999999999,4,11,3,2,0.6875,0.1875,0.125,0.09090909090909091,0.0,16,1,0,1,0,0,0,0,0
CC/C=C/CC1=CC=CC=C1O[C@H](CO)C(=O)O,20/000000076,"InChI=1S/C14H18O4/c1-2-3-4-7-11-8-5-6-9-12(11)18-13(10-15)14(16)17/h3-6,8-9,13,15H,2,7,10H2,1H3,(H,16,17)/b4-3+/t13-/m1/s1",C14H18O4,250.120509056,2.0195999999999996,4.9,7.74,3.58,-170.0,2.9291271122958893,1,DRUGLIKE_LANA,HsDHODH_Druglike,3,2,66.76,7,14,4,0,0.7777777777777778,0.2222222222222222,0.0,0.35714285714285715,0.07142857142857142,18,1,0,1,0,0,0,0,0
O=C(NC1=CC=CC(Cl)=C1)C1=COCC(C2=NNN=C2)=C1,4/000000346,"InChI=1S/C14H11ClN4O2/c15-11-2-1-3-12(5-11)17-14(20)10-4-9(7-21-8-10)13-6-16-19-18-13/h1-6,8H,7H2,(H,17,20)(H,16,18,19)",C14H11N4O2Cl,302.057053272,2.3943000000000003,4.89,3.2,23.9,-120.0,3.1343142383388525,1,DRUGLIKE_LANA,HsDHODH_Druglike,4,2,79.89999999999999,3,14,2,4,0.6666666666666666,0.09523809523809523,0.19047619047619047,0.07142857142857142,0.0,21,3,1,2,2,1,1,0,0
NCC1=CC=C(C/C(=C/[C@@H]2CCC(=O)O2)C2=NC=NN2)C=C1,6/000000051,"InChI=1S/C16H18N4O2/c17-9-12-3-1-11(2-4-12)7-13(16-18-10-19-20-16)8-14-5-6-15(21)22-14/h1-4,8,10,14H,5-7,9,17H2,(H,18,19,20)/b13-8-/t14-/m0/s1",C16H18N4O2,298.142975816,1.5951,4.88,7.88,5.09,-150.0,3.5013598415676537,1,DRUGLIKE_LANA,HsDHODH_Druglike,5,2,93.89000000000001,5,16,2,4,0.7272727272727273,0.09090909090909091,0.18181818181818182,0.3125,0.0625,22,3,1,2,2,1,1,0,0
O=C(O)[C@@H](CO)OC1=CC=CC=C1C/C=C/CCl,20/000000071,"InChI=1S/C13H15ClO4/c14-8-4-3-6-10-5-1-2-7-11(10)18-12(9-15)13(16)17/h1-5,7,12,15H,6,8-9H2,(H,16,17)/b4-3+/t12-/m1/s1",C13H15O4Cl,270.06588664000003,1.8484,4.87,7.84,3.58,-150.0,3.092035419988197,1,DRUGLIKE_LANA,HsDHODH_Druglike,3,2,66.76,7,13,4,0,0.7222222222222222,0.2222222222222222,0.0,0.3076923076923077,0.07692307692307693,18,1,0,1,0,0,0,0,0
O=C(O)[C@@H](C#CC1=CC2=C(C=CC=C2)O1)C1=CNC(=O)N1,20/000000107,"InChI=1S/C15H10N2O4/c18-14(19)11(12-8-16-15(20)17-12)6-5-10-7-9-3-1-2-4-13(9)21-10/h1-4,7-8,11H,(H,18,19)(H2,16,17,20)/t11-/m0/s1",C15H10N2O4,282.0640568,1.6691,4.87,3.22,23.0,-190.0,3.647519768274605,1,DRUGLIKE_LANA,HsDHODH_Druglike,3,3,99.08999999999997,2,15,4,2,0.7142857142857143,0.19047619047619047,0.09523809523809523,0.06666666666666667,0.06666666666666667,21,3,0,3,2,0,2,0,0
O=C(O)C1=C(C#CCO)N(C[C@@H](Cl)C2=NON=C2)C=C1,6/000000069,"InChI=1S/C12H10ClN3O4/c13-9(10-6-14-20-15-10)7-16-4-3-8(12(18)19)11(16)2-1-5-17/h3-4,6,9,17H,5,7H2,(H,18,19)/t9-/m1/s1",C12H10N3O4Cl,295.03598347999997,0.8931999999999998,4.87,8.19,3.85,-150.0,4.263172437739367,1,DRUGLIKE_LANA,HsDHODH_Druglike,6,2,101.38,4,12,4,3,0.6,0.2,0.15,0.25,0.08333333333333333,20,2,0,2,2,0,2,0,0
CC(=O)CNC(=O)C1=CC(O)=CC(C#CC2=CC=CC=C2)=C1,19/000000004,"InChI=1S/C18H15NO3/c1-13(20)12-19-18(22)16-9-15(10-17(21)11-16)8-7-14-5-3-2-4-6-14/h2-6,9-11,21H,12H2,1H3,(H,19,22)",C18H15NO3,293.10519334,2.1108000000000002,4.85,1.72,3.58,-80.0,2.2719687666160375,1,DRUGLIKE_LANA,HsDHODH_Druglike,3,2,66.4,3,18,3,1,0.8181818181818182,0.13636363636363635,0.045454545454545456,0.1111111111111111,0.0,22,2,0,2,0,0,0,0,0
C#C[C@H](N)C1=CC(C(=O)O)=CC(C(=O)O)=C1,13/000000008,"InChI=1S/C11H9NO4/c1-2-9(12)6-3-7(10(13)14)5-8(4-6)11(15)16/h1,3-5,9H,12H2,(H,13,14)(H,15,16)/p+1/t9-/m0/s1",C11H10NO4,219.053157768,0.7160000000000003,4.83,4.19,2.22,-150.0,3.593670227586371,1,DRUGLIKE_LANA,HsDHODH_Druglike,3,3,100.62000000000002,3,11,4,1,0.6875,0.25,0.0625,0.09090909090909091,0.09090909090909091,16,1,0,1,0,0,0,0,0
O=C(O)C1=C(C#CCO)N(C[C@@H](Cl)CN2CCCC2)C=C1,6/000000078,"InChI=1S/C15H19ClN2O3/c16-12(10-17-6-1-2-7-17)11-18-8-5-13(15(20)21)14(18)4-3-9-19/h5,8,12,19H,1-2,6-7,9-11H2,(H,20,21)/p+1/t12-/m0/s1",C15H20N2O3Cl,310.108420148,1.2332999999999996,4.81,8.33,3.85,-150.0,4.919890368013848,1,DRUGLIKE_LANA,HsDHODH_Druglike,4,2,65.7,5,15,3,2,0.7142857142857143,0.14285714285714285,0.09523809523809523,0.5333333333333333,0.06666666666666667,21,2,1,1,2,1,1,0,0
C=CC1=CC(CC(=O)O)=CC(NC(N)=O)=C1,4/000000227,"InChI=1S/C11H12N2O3/c1-2-7-3-8(6-10(14)15)5-9(4-7)13-11(12)16/h2-5H,1,6H2,(H,14,15)(H3,12,13,16)",C11H12N2O3,220.084792244,1.4472999999999998,4.79,3.96,3.58,0.0,2.3483087615737332,1,DRUGLIKE_LANA,HsDHODH_Druglike,2,3,92.41999999999999,4,11,3,2,0.6875,0.1875,0.125,0.09090909090909091,0.0,16,1,0,1,0,0,0,0,0
NC(=O)NC1=CC(Br)=CC(CC(=O)O)=C1,4/000000156,"InChI=1S/C9H9BrN2O3/c10-6-1-5(3-8(13)14)2-7(4-6)12-9(11)15/h1-2,4H,3H2,(H,13,14)(H3,11,12,15)",C9H9N2O3Br,271.97965424800003,1.5668000000000004,4.77,3.44,3.58,0.0,2.0741288880346858,1,DRUGLIKE_LANA,HsDHODH_Druglike,2,3,92.42,3,9,3,2,0.6,0.2,0.13333333333333333,0.1111111111111111,0.0,15,1,0,1,0,0,0,0,0
NC(=O)NC1=CC=C(CCNCC2=CON=C2)C(CC(=O)O)=C1,4/000000266,"InChI=1S/C15H18N4O4/c16-15(22)19-13-2-1-11(12(5-13)6-14(20)21)3-4-17-7-10-8-18-23-9-10/h1-2,5,8-9,17H,3-4,6-7H2,(H,20,21)(H3,16,19,22)",C15H18N4O4,318.13280505599994,1.1245999999999992,4.77,4.15,5.09,0.0,2.6176472285951355,1,DRUGLIKE_LANA,HsDHODH_Druglike,5,4,130.48,8,15,4,4,0.6521739130434783,0.17391304347826086,0.17391304347826086,0.26666666666666666,0.0,23,2,0,2,1,0,1,0,0
OCCO[C@@H](/C=C/CC1=NNC=N1)C1=NC2=C(C=C(Br)C=N2)N1,14/000000004,"InChI=1S/C14H15BrN6O2/c15-9-6-10-13(16-7-9)20-14(19-10)11(23-5-4-22)2-1-3-12-17-8-18-21-12/h1-2,6-8,11,22H,3-5H2,(H,16,19,20)(H,17,18,21)/b2-1+/t11-/m0/s1",C14H15N6O2Br,378.04398582000005,1.6873999999999998,4.76,4.62,24.3,-190.0,4.297865576384582,1,DRUGLIKE_LANA,HsDHODH_Druglike,6,3,112.6,7,14,2,6,0.6086956521739131,0.08695652173913043,0.2608695652173913,0.2857142857142857,0.07142857142857142,23,3,0,3,3,0,3,0,0
O=C1CN=CN1C1=CC=C(/C=C(/CO)C2=NON=C2CO)C=C1,16/000000024,"InChI=1S/C15H14N4O4/c20-7-11(15-13(8-21)17-23-18-15)5-10-1-3-12(4-2-10)19-9-16-6-14(19)22/h1-5,9,20-21H,6-8H2/b11-5-",C15H14N4O4,314.10150492799994,0.4697,4.76,4.5,24.9,-120.0,3.437671940806002,1,DRUGLIKE_LANA,HsDHODH_Druglike,7,2,112.05000000000001,5,15,4,4,0.6521739130434783,0.17391304347826086,0.17391304347826086,0.2,0.0,23,3,1,2,2,1,1,0,0
NCC(=O)NCCC[C@H]1OC(=O)C=C1/C=C/C1=C(CO)C=CC=C1,1/000000002,"InChI=1S/C18H22N2O4/c19-11-17(22)20-9-3-6-16-14(10-18(23)24-16)8-7-13-4-1-2-5-15(13)12-21/h1-2,4-5,7-8,10,16,21H,3,6,9,11-12,19H2,(H,20,22)/b8-7+/t16-/m1/s1",C18H22N2O4,330.157957184,0.899,4.76,5.05,3.58,-190.0,3.363933612465938,1,DRUGLIKE_LANA,HsDHODH_Druglike,5,3,101.65000000000002,8,18,4,2,0.75,0.16666666666666666,0.08333333333333333,0.3333333333333333,0.05555555555555555,24,2,1,1,1,1,0,0,0
CC(=O)OCC1=CC(CC(=O)O)=CC(NC(N)=O)=C1,4/000000025,"InChI=1S/C12H14N2O5/c1-7(15)19-6-9-2-8(5-11(16)17)3-10(4-9)14-12(13)18/h2-4H,5-6H2,1H3,(H,16,17)(H3,13,14,18)",C12H14N2O5,266.09027154800003,0.8674,4.76,3.22,17.8,-20.0,2.136841703705512,1,DRUGLIKE_LANA,HsDHODH_Druglike,4,3,118.72,5,12,5,2,0.631578947368421,0.2631578947368421,0.10526315789473684,0.25,0.0,19,1,0,1,0,0,0,0,0
NC/C=C(\C1=NNN=C1)C1=CC=CC(Cl)=C1Cl,29/000000013,"InChI=1S/C11H10Cl2N4/c12-9-3-1-2-8(11(9)13)7(4-5-14)10-6-15-17-16-10/h1-4,6H,5,14H2,(H,15,16,17)/b7-4-",C11H10N4Cl2,268.02825168,2.5019,4.75,4.97,2.22,0.0,3.057903120302095,1,DRUGLIKE_LANA,HsDHODH_Druglike,3,2,67.59,3,11,0,4,0.6470588235294118,0.0,0.23529411764705882,0.09090909090909091,0.0,17,2,0,2,1,0,1,0,0
NC(=O)NC1=CC(CC(=O)O)=C(/C=C/COCCl)C=C1,4/000000046,"InChI=1S/C13H15ClN2O4/c14-8-20-5-1-2-9-3-4-11(16-13(15)19)6-10(9)7-12(17)18/h1-4,6H,5,7-8H2,(H,17,18)(H3,15,16,19)/b2-1+",C13H15N2O4Cl,298.07203464,2.0304,4.74,3.34,5.09,0.0,2.7380967744124156,1,DRUGLIKE_LANA,HsDHODH_Druglike,3,3,101.65,7,13,4,2,0.65,0.2,0.1,0.23076923076923078,0.0,20,1,0,1,0,0,0,0,0
CCOC1=C(CC(=O)O)C=C(NC(N)=O)C=C1,4/000000259,"InChI=1S/C11H14N2O4/c1-2-17-9-4-3-8(13-11(12)16)5-7(9)6-10(14)15/h3-5H,2,6H2,1H3,(H,14,15)(H3,12,13,16)",C11H14N2O4,238.095356928,1.2029999999999998,4.74,2.88,2.22,-20.0,1.900530461439219,1,DRUGLIKE_LANA,HsDHODH_Druglike,3,3,101.65,5,11,4,2,0.6470588235294118,0.23529411764705882,0.11764705882352941,0.2727272727272727,0.0,17,1,0,1,0,0,0,0,0
N[C@@H](/C=C/C1=CN=CC2=C1C=NN2)C1=CCNN1,16/000000002,"InChI=1S/C12H14N6/c13-10(11-3-4-15-17-11)2-1-8-5-14-7-12-9(8)6-16-18-12/h1-3,5-7,10,15,17H,4,13H2,(H,16,18)/b2-1+/t10-/m0/s1",C12H14N6,242.12799444799998,0.2900999999999997,4.73,3.94,3.58,-190.0,4.400227350322014,1,DRUGLIKE_LANA,HsDHODH_Druglike,5,4,91.65,3,12,0,6,0.6666666666666666,0.0,0.3333333333333333,0.16666666666666666,0.08333333333333333,18,3,1,2,3,1,2,0,0
NC[C@@]1(/C(=C/C2=CC=C(C(=O)O)C=C2)CBr)CCC(C(=O)CO)=N1,21/000000004,"InChI=1S/C17H19BrN2O4/c18-8-13(7-11-1-3-12(4-2-11)16(23)24)17(10-19)6-5-14(20-17)15(22)9-21/h1-4,7,21H,5-6,8-10,19H2,(H,23,24)/b13-7+/t17-/m1/s1",C17H19N2O4Br,394.052819188,1.6568,4.73,6.93,5.24,-150.0,3.8905351756086777,1,DRUGLIKE_LANA,HsDHODH_Druglike,5,3,112.98000000000002,7,17,4,2,0.7083333333333334,0.16666666666666666,0.08333333333333333,0.35294117647058826,0.058823529411764705,24,2,1,1,1,1,0,0,0
CC(=O)OC1=CC(OC/C=C(\CO)C2=CO[C@H](CCl)CO2)=CC=C1CO,4/000000180,"InChI=1S/C18H21ClO7/c1-12(22)26-17-6-15(3-2-13(17)8-20)23-5-4-14(9-21)18-11-24-16(7-19)10-25-18/h2-4,6,11,16,20-21H,5,7-10H2,1H3/b14-4+/t16-/m1/s1",C18H21O7Cl,384.09758069199995,1.8973,4.72,4.75,6.58,-190.0,3.787260484513684,1,DRUGLIKE_LANA,HsDHODH_Druglike,7,2,94.45000000000002,8,18,7,0,0.6923076923076923,0.2692307692307692,0.0,0.3888888888888889,0.05555555555555555,26,2,1,1,1,1,0,0,0
NC(=O)NC1=CC(CC(=O)O)=C(/C=C/CO[C@@H]2CCOC2)C=C1,4/000000048,"InChI=1S/C16H20N2O5/c17-16(21)18-13-4-3-11(12(8-13)9-15(19)20)2-1-6-23-14-5-7-22-10-14/h1-4,8,14H,5-7,9-10H2,(H,19,20)(H3,17,18,21)/b2-1+/t14-/m1/s1",C16H20N2O5,320.13722174,1.6229999999999998,4.71,4.1,5.09,-150.0,3.1355839089819506,1,DRUGLIKE_LANA,HsDHODH_Druglike,4,3,110.88000000000001,7,16,5,2,0.6956521739130435,0.21739130434782608,0.08695652173913043,0.375,0.0625,23,2,1,1,1,1,0,0,0
O=C(O)CC#CC1=CC=CC([C@H](Br)C2=NNC(=O)N2)=C1,19/000000022,"InChI=1S/C13H10BrN3O3/c14-11(12-15-13(20)17-16-12)9-5-1-3-8(7-9)4-2-6-10(18)19/h1,3,5,7,11H,6H2,(H,18,19)(H2,15,16,17,20)/t11-/m0/s1",C13H10N3O3Br,334.99055328000003,1.4084999999999999,4.7,7.66,22.0,-150.0,3.67251034982728,1,DRUGLIKE_LANA,HsDHODH_Druglike,3,3,98.83999999999997,3,13,3,3,0.65,0.15,0.15,0.15384615384615385,0.07692307692307693,20,2,0,2,1,0,1,0,0
C/C=C\[C@@H](N)CC1=CC=C(NC(N)=O)C=C1CC(=O)O,4/000000015,"InChI=1S/C14H19N3O3/c1-2-3-11(15)6-9-4-5-12(17-14(16)20)7-10(9)8-13(18)19/h2-5,7,11H,6,8,15H2,1H3,(H,18,19)(H3,16,17,20)/b3-2-/t11-/m1/s1",C14H19N3O3,277.142641468,1.2502,4.69,3.8,3.58,-170.0,3.1382573278492583,1,DRUGLIKE_LANA,HsDHODH_Druglike,3,4,118.43999999999998,6,14,3,3,0.7,0.15,0.15,0.2857142857142857,0.07142857142857142,20,1,0,1,0,0,0,0,0
CC1=CC(CC(=O)O)=CC(NC(N)=O)=C1,4/000000241,"InChI=1S/C10H12N2O3/c1-6-2-7(5-9(13)14)4-8(3-6)12-10(11)15/h2-4H,5H2,1H3,(H,13,14)(H3,11,12,15)",C10H12N2O3,208.084792244,1.1127200000000002,4.68,3.37,3.58,-20.0,1.9383535034193,1,DRUGLIKE_LANA,HsDHODH_Druglike,2,3,92.41999999999999,3,10,3,2,0.6666666666666666,0.2,0.13333333333333333,0.2,0.0,15,1,0,1,0,0,0,0,0
CC1=CC=C(NC(N)=O)C=C1CC(=O)O,4/000000027,"InChI=1S/C10H12N2O3/c1-6-2-3-8(12-10(11)15)4-7(6)5-9(13)14/h2-4H,5H2,1H3,(H,13,14)(H3,11,12,15)",C10H12N2O3,208.084792244,1.11272,4.67,3.13,2.22,-20.0,1.877250426496225,1,DRUGLIKE_LANA,HsDHODH_Druglike,2,3,92.42,3,10,3,2,0.6666666666666666,0.2,0.13333333333333333,0.2,0.0,15,1,0,1,0,0,0,0,0
OC/C=C(/C1=NNN=C1)C1=NC(N[C@H](Cl)CBr)=CN=C1,29/000000061,"InChI=1S/C11H12BrClN6O/c12-3-10(13)17-11-6-14-4-8(16-11)7(1-2-20)9-5-15-19-18-9/h1,4-6,10,20H,2-3H2,(H,16,17)(H,15,18,19)/b7-1+/t10-/m0/s1",C11H12N6OClBr,357.994448784,1.3903999999999999,4.67,4.91,22.6,-150.0,4.205631821776384,1,DRUGLIKE_LANA,HsDHODH_Druglike,6,3,99.61,6,11,1,6,0.55,0.05,0.3,0.2727272727272727,0.09090909090909091,20,2,0,2,2,0,2,0,0
CCNC(=O)C1=C[C@@H](CCCCN)C=C(CO)O1,20/000000158,"InChI=1S/C13H22N2O3/c1-2-15-13(17)12-8-10(5-3-4-6-14)7-11(9-16)18-12/h7-8,10,16H,2-6,9,14H2,1H3,(H,15,17)/t10-/m0/s1",C13H22N2O3,254.163042564,0.6580000000000001,4.66,1.2,5.24,-190.0,3.81616434306512,1,DRUGLIKE_LANA,HsDHODH_Druglike,4,3,84.58000000000001,7,13,3,2,0.7222222222222222,0.16666666666666666,0.1111111111111111,0.6153846153846154,0.07692307692307693,18,1,1,0,1,1,0,0,0
NC(=O)NC1=CC(CF)=CC(CC(=O)O)=C1,4/000000033,"InChI=1S/C10H11FN2O3/c11-5-7-1-6(4-9(14)15)2-8(3-7)13-10(12)16/h1-3H,4-5H2,(H,14,15)(H3,12,13,16)",C10H11N2O3F,226.075370432,1.2738000000000003,4.65,3.35,3.58,0.0,2.2905316596059357,1,DRUGLIKE_LANA,HsDHODH_Druglike,2,3,92.42,4,10,3,2,0.625,0.1875,0.125,0.2,0.0,16,1,0,1,0,0,0,0,0
NC/C(=C/C1=NON=C1)C1=CN=C(C2=CC(Cl)=CC=C2O)C=C1,16/000000008,"InChI=1S/C16H13ClN4O2/c17-12-2-4-16(22)14(6-12)15-3-1-10(8-19-15)11(7-18)5-13-9-20-23-21-13/h1-6,8-9,22H,7,18H2/b11-5-",C16H13N4O2Cl,328.07270333599996,2.9899000000000013,4.65,6.3,21.7,-160.0,3.202788724022784,1,DRUGLIKE_LANA,HsDHODH_Druglike,6,2,98.06,4,16,2,4,0.6956521739130435,0.08695652173913043,0.17391304347826086,0.0625,0.0,23,3,0,3,2,0,2,0,0
NC(=O)NC1=CC(CCBr)=CC([C@H](O)CO)=C1,4/000000111,"InChI=1S/C11H15BrN2O3/c12-2-1-7-3-8(10(16)6-15)5-9(4-7)14-11(13)17/h3-5,10,15-16H,1-2,6H2,(H3,13,14,17)/t10-/m1/s1",C11H15N2O3Br,302.02660444,1.1403,4.65,4.26,14.5,-150.0,3.0164967430609178,1,DRUGLIKE_LANA,HsDHODH_Druglike,3,4,95.58000000000001,5,11,3,2,0.6470588235294118,0.17647058823529413,0.11764705882352941,0.36363636363636365,0.09090909090909091,17,1,0,1,0,0,0,0,0
NC/C=C\CC1=CC=CC=C1O[C@H](CO)C(=O)O,20/000000012,"InChI=1S/C13H17NO4/c14-8-4-3-6-10-5-1-2-7-11(10)18-12(9-15)13(16)17/h1-5,7,12,15H,6,8-9,14H2,(H,16,17)/b4-3-/t12-/m1/s1",C13H17NO4,251.115758024,0.5683,4.63,8.29,3.58,-150.0,3.07690157383435,1,DRUGLIKE_LANA,HsDHODH_Druglike,4,3,92.78000000000002,7,13,4,1,0.7222222222222222,0.2222222222222222,0.05555555555555555,0.3076923076923077,0.07692307692307693,18,1,0,1,0,0,0,0,0
NC(=O)NC1=CC(COC(=O)CC2=NC=NN2)=CC([C@H](Br)C(=O)O)=C1,4/000000261,"InChI=1S/C14H14BrN5O5/c15-12(13(22)23)8-1-7(2-9(3-8)19-14(16)24)5-25-11(21)4-10-17-6-18-20-10/h1-3,6,12H,4-5H2,(H,22,23)(H3,16,19,24)(H,17,18,20)/t12-/m0/s1",C14H14N5O5Br,411.0178306479999,1.1017999999999994,4.63,8.3,5.09,-150.0,3.340837250239814,1,DRUGLIKE_LANA,HsDHODH_Druglike,6,4,160.29,7,14,5,5,0.56,0.2,0.2,0.21428571428571427,0.07142857142857142,25,2,0,2,1,0,1,0,0
C=CCC1=CC=C(NC(N)=O)C=C1CC(=O)O,4/000000147,"InChI=1S/C12H14N2O3/c1-2-3-8-4-5-10(14-12(13)17)6-9(8)7-11(15)16/h2,4-6H,1,3,7H2,(H,15,16)(H3,13,14,17)",C12H14N2O3,234.100442308,1.5328,4.62,2.77,3.58,0.0,2.293270595218484,1,DRUGLIKE_LANA,HsDHODH_Druglike,2,3,92.42,5,12,3,2,0.7058823529411765,0.17647058823529413,0.11764705882352941,0.16666666666666666,0.0,17,1,0,1,0,0,0,0,0
C=C(CC1=NNC(=O)O1)C1=CN=C([C@@H](C)C(=O)O)C=C1,14/000000003,"InChI=1S/C13H13N3O4/c1-7(5-11-15-16-13(19)20-11)9-3-4-10(14-6-9)8(2)12(17)18/h3-4,6,8H,1,5H2,2H3,(H,16,19)(H,17,18)/t8-/m1/s1",C13H13N3O4,275.09060589600006,1.2019,4.62,5.01,20.4,-170.0,3.624941663513594,1,DRUGLIKE_LANA,HsDHODH_Druglike,5,2,109.08,5,13,4,3,0.65,0.2,0.15,0.23076923076923078,0.07692307692307693,20,2,0,2,2,0,2,0,0
NC(=O)NC1=CC(F)=CC(CC(=O)O)=C1,4/000000250,"InChI=1S/C9H9FN2O3/c10-6-1-5(3-8(13)14)2-7(4-6)12-9(11)15/h1-2,4H,3H2,(H,13,14)(H3,11,12,15)",C9H9N2O3F,212.059720368,0.9434000000000002,4.61,2.83,3.58,0.0,1.98456504188084,1,DRUGLIKE_LANA,HsDHODH_Druglike,2,3,92.42,3,9,3,2,0.6,0.2,0.13333333333333333,0.1111111111111111,0.0,15,1,0,1,0,0,0,0,0
C/C=C/C1=CC(C2=CN=C(CCCCCCC)N2)=C(CN)N1,4/000000201,"InChI=1S/C18H28N4/c1-3-5-6-7-8-10-18-20-13-17(22-18)15-11-14(9-4-2)21-16(15)12-19/h4,9,11,13,21H,3,5-8,10,12,19H2,1-2H3,(H,20,22)/b9-4+",C18H28N4,300.23139689600004,4.409500000000001,4.61,3.08,21.5,-200.0,3.1479409396043394,1,DRUGLIKE_LANA,HsDHODH_Druglike,2,3,70.49000000000001,9,18,0,4,0.8181818181818182,0.0,0.18181818181818182,0.5,0.0,22,2,0,2,2,0,2,0,0
C=C[C@@H](C)NC(=O)C1=CCC=C(CO)O1,20/000000135,"InChI=1S/C11H15NO3/c1-3-8(2)12-11(14)10-6-4-5-9(7-13)15-10/h3,5-6,8,13H,1,4,7H2,2H3,(H,12,14)/t8-/m1/s1",C11H15NO3,209.10519334,0.8574999999999999,4.61,2.11,3.58,-190.0,4.316262831374307,1,DRUGLIKE_LANA,HsDHODH_Druglike,3,2,58.56,4,11,3,1,0.7333333333333333,0.2,0.06666666666666667,0.36363636363636365,0.09090909090909091,15,1,1,0,1,1,0,0,0
NCC1=CC(NC(N)=O)=CC(/C=C/CNC[C@H]2C=CCC2)=C1,4/000000313,"InChI=1S/C17H24N4O/c18-11-15-8-14(9-16(10-15)21-17(19)22)6-3-7-20-12-13-4-1-2-5-13/h1,3-4,6,8-10,13,20H,2,5,7,11-12,18H2,(H3,19,21,22)/b6-3+/t13-/m0/s1",C17H24N4O,300.195011388,2.2049000000000003,4.61,4.27,6.77,-150.0,3.412606647886335,1,DRUGLIKE_LANA,HsDHODH_Druglike,3,4,93.16999999999999,7,17,1,4,0.7727272727272727,0.045454545454545456,0.18181818181818182,0.35294117647058826,0.058823529411764705,22,2,1,1,0,0,0,0,0
NCC/C=C(\C1=NNN=C1)C1=CC=CC(Cl)=C1Cl,29/000000039,"InChI=1S/C12H12Cl2N4/c13-10-5-1-3-9(12(10)14)8(4-2-6-15)11-7-16-18-17-11/h1,3-5,7H,2,6,15H2,(H,16,17,18)/b8-4-",C12H12N4Cl2,282.043901744,2.8920000000000012,4.61,6.35,2.22,0.0,3.016096873955716,1,DRUGLIKE_LANA,HsDHODH_Druglike,3,2,67.59,4,12,0,4,0.6666666666666666,0.0,0.2222222222222222,0.16666666666666666,0.0,18,2,0,2,1,0,1,0,0
C/C=C\C(=O)C1=NC=C(C2=C(CO)NC(CNC)=C2)N1,4/000000334,"InChI=1S/C14H18N4O2/c1-3-4-13(20)14-16-7-11(18-14)10-5-9(6-15-2)17-12(10)8-19/h3-5,7,15,17,19H,6,8H2,1-2H3,(H,16,18)/p+1/b4-3-",C14H19N4O2,274.142975816,1.3753,4.59,4.5,23.4,-200.0,4.235129531655174,1,DRUGLIKE_LANA,HsDHODH_Druglike,4,4,93.79999999999998,6,14,2,4,0.7,0.1,0.2,0.2857142857142857,0.0,20,2,0,2,2,0,2,0,0
C[C@@H](NC(=O)C1=CCC=C(CO)O1)C1=NC=NN1,20/000000151,"InChI=1S/C11H14N4O3/c1-7(10-12-6-13-15-10)14-11(17)9-4-2-3-8(5-16)18-9/h3-4,6-7,16H,2,5H2,1H3,(H,14,17)(H,12,13,15)/t7-/m1/s1",C11H14N4O3,250.106590308,0.1623,4.58,1.65,3.58,-190.0,3.996530261617156,1,DRUGLIKE_LANA,HsDHODH_Druglike,5,3,100.13,4,11,3,4,0.6111111111111112,0.16666666666666666,0.2222222222222222,0.36363636363636365,0.09090909090909091,18,2,1,1,2,1,1,0,0
CCC1=CC(O)=C(C(=O)C2=C(/C=C3\N=COC3=O)C(=O)NC2=O)C=C1,23/000000079,"InChI=1S/C17H12N2O6/c1-2-8-3-4-9(12(20)5-8)14(21)13-10(15(22)19-16(13)23)6-11-17(24)25-7-18-11/h3-7,20H,2H2,1H3,(H,19,22,23)/b11-6-",C17H12N2O6,340.069536104,0.5592999999999998,4.56,5.45,4.94,-20.0,3.380785015440857,1,DRUGLIKE_LANA,HsDHODH_Druglike,7,2,122.13,4,17,6,2,0.68,0.24,0.08,0.11764705882352941,0.0,25,3,2,1,2,2,0,0,0
C=CCC1=CC=CC=C1O[C@H](CO)C(=O)O,20/000000023,"InChI=1S/C12H14O4/c1-2-5-9-6-3-4-7-10(9)16-11(8-13)12(14)15/h2-4,6-7,11,13H,1,5,8H2,(H,14,15)/t11-/m1/s1",C12H14O4,222.089208928,1.2393999999999998,4.56,8.48,2.22,-150.0,2.7594613364774823,1,DRUGLIKE_LANA,HsDHODH_Druglike,3,2,66.76,6,12,4,0,0.75,0.25,0.0,0.25,0.08333333333333333,16,1,0,1,0,0,0,0,0
O=C1CC[C@@H](/C=C(/CC2=CC=C(CO)C(F)=C2)C2=NC=NN2)O1,6/000000019,"InChI=1S/C16H16FN3O3/c17-14-6-10(1-2-11(14)8-21)5-12(16-18-9-19-20-16)7-13-3-4-15(22)23-13/h1-2,6-7,9,13,21H,3-5,8H2,(H,18,19,20)/b12-7-/t13-/m0/s1",C16H16N3O3F,317.11756959200005,1.7677999999999998,4.56,8.06,5.09,-150.0,3.648661725012074,1,DRUGLIKE_LANA,HsDHODH_Druglike,5,2,88.10000000000001,5,16,3,3,0.6956521739130435,0.13043478260869565,0.13043478260869565,0.3125,0.0625,23,3,1,2,2,1,1,0,0
C=C[C@H](CCC1=CC=CC(F)=C1O)N1C=C(CN)N=N1,23/000000015,"InChI=1S/C14H17FN4O/c1-2-12(19-9-11(8-16)17-18-19)7-6-10-4-3-5-13(15)14(10)20/h2-5,9,12,20H,1,6-8,16H2/t12-/m1/s1",C14H17N4OF,276.13863938400004,1.9413999999999998,4.56,2.05,4.94,-190.0,3.526416119058049,1,DRUGLIKE_LANA,HsDHODH_Druglike,5,2,76.96,6,14,1,4,0.7,0.05,0.2,0.2857142857142857,0.07142857142857142,20,2,0,2,1,0,1,0,0
NCC1=NNN=C1/C(=C/CO)C1=CC=CC(Cl)=C1Cl,29/000000034,"InChI=1S/C12H12Cl2N4O/c13-9-3-1-2-7(11(9)14)8(4-5-19)12-10(6-15)16-18-17-12/h1-4,19H,5-6,15H2,(H,16,17,18)/p+1/b8-4+",C12H13N4OCl2,298.038816364,1.9941999999999993,4.54,3.82,3.58,0.0,3.621596693887361,1,DRUGLIKE_LANA,HsDHODH_Druglike,4,3,87.82000000000001,4,12,1,4,0.631578947368421,0.05263157894736842,0.21052631578947367,0.16666666666666666,0.0,19,2,0,2,1,0,1,0,0
NCC1=CC(NC(N)=O)=CC(/C=C/CC2=CNC3=C2N=CNC3)=C1,4/000000152,"InChI=1S/C17H20N6O/c18-7-12-4-11(5-14(6-12)23-17(19)24)2-1-3-13-8-21-15-9-20-10-22-16(13)15/h1-2,4-6,8,10,21H,3,7,9,18H2,(H,20,22)(H3,19,23,24)/b2-1+",C17H20N6O,324.16985926,1.9828999999999997,4.54,5.02,6.58,-40.0,3.526527787267611,1,DRUGLIKE_LANA,HsDHODH_Druglike,4,5,121.31999999999998,5,17,1,6,0.7083333333333334,0.041666666666666664,0.25,0.17647058823529413,0.0,24,3,1,2,2,1,1,0,0
CCCCCC1=CC=C(/C(=C\CO)C2=NNN=C2)O1,29/000000041,"InChI=1S/C14H19N3O2/c1-2-3-4-5-11-6-7-14(19-11)12(8-9-18)13-10-15-17-16-13/h6-8,10,18H,2-5,9H2,1H3,(H,15,16,17)/b12-8-",C14H19N3O2,261.147726848,2.5544000000000002,4.52,5.54,21.6,-20.0,3.046887544923119,1,DRUGLIKE_LANA,HsDHODH_Druglike,4,2,74.94,7,14,2,3,0.7368421052631579,0.10526315789473684,0.15789473684210525,0.42857142857142855,0.0,19,2,0,2,2,0,2,0,0
C/C=C\C1=C(C2=CC(CCCNC(N)N)=CC(=O)O2)C=NO1,23/000000071,"InChI=1S/C15H20N4O3/c1-2-4-12-11(9-19-22-12)13-7-10(8-14(20)21-13)5-3-6-18-15(16)17/h2,4,7-9,15,18H,3,5-6,16-17H2,1H3/b4-2-",C15H18N4O3,304.15354049999996,1.0510999999999993,4.5,9.67,4.94,-140.0,3.4243618187252185,1,DRUGLIKE_LANA,HsDHODH_Druglike,7,3,120.30999999999999,7,15,3,4,0.6818181818181818,0.13636363636363635,0.18181818181818182,0.3333333333333333,0.0,22,2,0,2,2,0,2,0,0
NC(=O)NC1=CC=CC(CC(=O)O)=C1,4/000000016,"InChI=1S/C9H10N2O3/c10-9(14)11-7-3-1-2-6(4-7)5-8(12)13/h1-4H,5H2,(H,12,13)(H3,10,11,14)",C9H10N2O3,194.06914218,0.8043000000000005,4.5,2.74,2.22,0.0,1.7040826099836366,1,DRUGLIKE_LANA,HsDHODH_Druglike,2,3,92.42,3,9,3,2,0.6428571428571429,0.21428571428571427,0.14285714285714285,0.1111111111111111,0.0,14,1,0,1,0,0,0,0,0
C/C=C/C1=CC(C2=CN=C(CCCCCOC(C)=O)N2)=C(CN)N1,4/000000202,"InChI=1S/C18H26N4O2/c1-3-7-14-10-15(16(11-19)21-14)17-12-20-18(22-17)8-5-4-6-9-24-13(2)23/h3,7,10,12,21H,4-6,8-9,11,19H2,1-2H3,(H,20,22)/b7-3+",C18H26N4O2,330.20557607200004,3.1724999999999994,4.5,3.38,24.9,-200.0,3.211203618469657,1,DRUGLIKE_LANA,HsDHODH_Druglike,4,3,96.78999999999999,9,18,2,4,0.75,0.08333333333333333,0.16666666666666666,0.4444444444444444,0.0,24,2,0,2,2,0,2,0,0
O=C(O)[C@@H](C#CC1=NN=CN1)N1C=NN=N1,20/000000117,"InChI=1S/C7H5N7O2/c15-7(16)5(14-4-10-12-13-14)1-2-6-8-3-9-11-6/h3-5H,(H,15,16)(H,8,9,11)/t5-/m1/s1",C7H5N7O2,219.0504724,-1.5314000000000003,4.5,2.15,2.22,-150.0,4.554653218508493,1,DRUGLIKE_LANA,HsDHODH_Druglike,7,2,122.47000000000001,2,7,2,7,0.4375,0.125,0.4375,0.14285714285714285,0.14285714285714285,16,2,0,2,2,0,2,0,0
C/C=C\C(=O)C1=NC=C(C2=C(CO)NC(COC)=C2)N1,4/000000336,"InChI=1S/C14H17N3O3/c1-3-4-13(19)14-15-6-11(17-14)10-5-9(8-20-2)16-12(10)7-18/h3-6,16,18H,7-8H2,1-2H3,(H,15,17)/b4-3-",C14H17N3O3,275.126991404,1.8022999999999998,4.5,4.17,23.2,-200.0,3.4305221140727564,1,DRUGLIKE_LANA,HsDHODH_Druglike,4,3,91.0,6,14,3,3,0.7,0.15,0.15,0.2857142857142857,0.0,20,2,0,2,2,0,2,0,0
O=C(O)CC#CC1=CC=C(I)C2=C1NC=N2,12/000000036,"InChI=1S/C11H7IN2O2/c12-8-5-4-7(2-1-3-9(15)16)10-11(8)14-6-13-10/h4-6H,3H2,(H,13,14)(H,15,16)",C11H7N2O2I,325.9552254640001,1.9937,4.49,5.4,17.2,-40.0,3.3378684753483325,1,DRUGLIKE_LANA,HsDHODH_Druglike,2,2,65.97999999999999,1,11,2,2,0.6875,0.125,0.125,0.09090909090909091,0.0,16,2,0,2,1,0,1,0,0
C[C@H](Cl)CN1C=CC(C(=O)O)=C1C#CCO,6/000000046,"InChI=1S/C11H12ClNO3/c1-8(12)7-13-5-4-9(11(15)16)10(13)3-2-6-14/h4-5,8,14H,6-7H2,1H3,(H,15,16)/t8-/m0/s1",C11H12NO3Cl,241.050570924,1.1574,4.48,6.64,3.85,-170.0,3.732176769881286,1,DRUGLIKE_LANA,HsDHODH_Druglike,3,2,62.46000000000001,3,11,3,1,0.6875,0.1875,0.0625,0.36363636363636365,0.09090909090909091,16,1,0,1,1,0,1,0,0
C[C@@H](O)/C=C(/C1=NNN=C1)C1=NC(NCCl)=CN=C1,29/000000032,"InChI=1S/C11H13ClN6O/c1-7(19)2-8(10-4-15-18-17-10)9-3-13-5-11(16-9)14-6-12/h2-5,7,19H,6H2,1H3,(H,14,16)(H,15,17,18)/b8-2+/t7-/m1/s1",C11H13N6OCl,280.08393671600004,1.0153999999999999,4.47,5.73,20.9,-170.0,4.095418681110543,1,DRUGLIKE_LANA,HsDHODH_Druglike,6,3,99.61,5,11,1,6,0.5789473684210527,0.05263157894736842,0.3157894736842105,0.2727272727272727,0.09090909090909091,19,2,0,2,2,0,2,0,0
CC1=CC(O)=C(C(=O)C2=C(/C=C3\N=COC3=O)C(=O)NC2=O)C=C1,23/000000075,"InChI=1S/C16H10N2O6/c1-7-2-3-8(11(19)4-7)13(20)12-9(14(21)18-15(12)22)5-10-16(23)24-6-17-10/h2-6,19H,1H3,(H,18,21,22)/b10-5-",C16H10N2O6,326.05388604,0.3053199999999997,4.46,5.07,4.94,-20.0,3.383904831962046,1,DRUGLIKE_LANA,HsDHODH_Druglike,7,2,122.13,3,16,6,2,0.6666666666666666,0.25,0.08333333333333333,0.0625,0.0,24,3,2,1,2,2,0,0,0
NCC1=CC(NC(N)=O)=CC(/C=C/CNC[C@@H]2CCCNC2)=C1,4/000000269,"InChI=1S/C17H27N5O/c18-10-15-7-13(8-16(9-15)22-17(19)23)3-1-5-20-11-14-4-2-6-21-12-14/h1,3,7-9,14,20-21H,2,4-6,10-12,18H2,(H3,19,22,23)/b3-1+/t14-/m0/s1",C17H27N5O,317.221560484,1.2383000000000002,4.46,5.53,6.77,-150.0,3.215400885851234,1,DRUGLIKE_LANA,HsDHODH_Druglike,4,5,105.19999999999999,7,17,1,5,0.7391304347826086,0.043478260869565216,0.21739130434782608,0.47058823529411764,0.058823529411764705,23,2,1,1,1,1,0,0,0
NC(=O)NC1=CC(O)=CC=C1/C=C/CC1=NC=NN1,4/000000176,"InChI=1S/C12H13N5O2/c13-12(19)16-10-6-9(18)5-4-8(10)2-1-3-11-14-7-15-17-11/h1-2,4-7,18H,3H2,(H3,13,16,19)(H,14,15,17)/b2-1+",C12H13N5O2,259.106924656,1.2568000000000001,4.45,2.33,3.58,-60.0,2.914330994806569,1,DRUGLIKE_LANA,HsDHODH_Druglike,4,4,116.92000000000002,4,12,2,5,0.631578947368421,0.10526315789473684,0.2631578947368421,0.08333333333333333,0.0,19,2,0,2,1,0,1,0,0
COC/C=C/C1=C(CC(=O)O)C=C(NC(N)=O)C=C1,4/000000040,"InChI=1S/C13H16N2O4/c1-19-6-2-3-9-4-5-11(15-13(14)18)7-10(9)8-12(16)17/h2-5,7H,6,8H2,1H3,(H,16,17)(H3,14,15,18)/b3-2+",C13H16N2O4,264.111006992,1.4639,4.45,3.06,17.2,-20.0,2.470037700920967,1,DRUGLIKE_LANA,HsDHODH_Druglike,3,3,101.65,6,13,4,2,0.6842105263157895,0.21052631578947367,0.10526315789473684,0.23076923076923078,0.0,19,1,0,1,0,0,0,0,0
CCCCC1=NC=C(C2=C(CN)NC(CO)=C2)N1,4/000000070,"InChI=1S/C13H20N4O/c1-2-3-4-13-15-7-12(17-13)10-5-9(8-18)16-11(10)6-14/h5,7,16,18H,2-4,6,8,14H2,1H3,(H,15,17)",C13H20N4O,248.16371125999999,1.6984,4.44,2.75,18.7,-120.0,3.1150425753131827,1,DRUGLIKE_LANA,HsDHODH_Druglike,3,4,90.72,6,13,1,4,0.7222222222222222,0.05555555555555555,0.2222222222222222,0.46153846153846156,0.0,18,2,0,2,2,0,2,0,0
N[C@@H](NCCCCCl)NCCCC1=CC(=O)OC(C2=CON=C2)=C1,23/000000069,"InChI=1S/C16H23ClN4O3/c17-5-1-2-6-19-16(18)20-7-3-4-12-8-14(24-15(22)9-12)13-10-21-23-11-13/h8-11,16,19-20H,1-7,18H2",C16H21N4O3Cl,354.14586827600004,1.6678999999999984,4.44,6.6,4.94,-120.0,3.758636878253858,1,DRUGLIKE_LANA,HsDHODH_Druglike,7,3,106.32000000000001,11,16,3,4,0.6666666666666666,0.125,0.16666666666666666,0.5,0.0625,24,2,0,2,2,0,2,0,0
C/C(=C\C1=C(C2=NNN=N2)C(=O)OC1)C1=C(O)C(C)=CC=C1,5/000000005,"InChI=1S/C15H14N4O3/c1-8-4-3-5-11(13(8)20)9(2)6-10-7-22-15(21)12(10)14-16-18-19-17-14/h3-6,20H,7H2,1-2H3,(H,16,17,18,19)/b9-6+",C15H14N4O3,298.10659030799997,1.6276199999999998,4.43,5.61,24.6,-160.0,3.19750822071033,1,DRUGLIKE_LANA,HsDHODH_Druglike,6,2,100.99000000000001,3,15,3,4,0.6818181818181818,0.13636363636363635,0.18181818181818182,0.2,0.0,22,3,1,2,2,1,1,0,0
NCC1=CC(NC(N)=O)=CC(/C=C/CC2=CNCC=N2)=C1,4/000000121,"InChI=1S/C15H19N5O/c16-9-12-6-11(7-14(8-12)20-15(17)21)2-1-3-13-10-18-4-5-19-13/h1-2,5-8,10,18H,3-4,9,16H2,(H3,17,20,21)/b2-1+",C15H19N5O,285.158960228,1.5546,4.42,4.34,5.09,0.0,3.4691674665860157,1,DRUGLIKE_LANA,HsDHODH_Druglike,4,4,105.52999999999999,5,15,1,5,0.7142857142857143,0.047619047619047616,0.23809523809523808,0.2,0.0,21,2,1,1,1,1,0,0,0
O=C1CC[C@@H](/C=C(/CC2=CC=C(CO)C=C2)C2=NC=NN2)O1,6/000000009,"InChI=1S/C16H17N3O3/c20-9-12-3-1-11(2-4-12)7-13(16-17-10-18-19-16)8-14-5-6-15(21)22-14/h1-4,8,10,14,20H,5-7,9H2,(H,17,18,19)/b13-8-/t14-/m0/s1",C16H17N3O3,299.126991404,1.6286999999999998,4.42,7.85,5.09,-150.0,3.4716295531061157,1,DRUGLIKE_LANA,HsDHODH_Druglike,5,2,88.10000000000001,5,16,3,3,0.7272727272727273,0.13636363636363635,0.13636363636363635,0.3125,0.0625,22,3,1,2,2,1,1,0,0
CC(=O)OC(=O)C1=C(/C=C/C2NCNCN2)NC=C1C(=O)O,6/000000128,"InChI=1S/C13H16N4O5/c1-7(18)22-13(21)11-8(12(19)20)4-15-9(11)2-3-10-16-5-14-6-17-10/h2-4,10,14-17H,5-6H2,1H3,(H,19,20)/b3-2+",C13H16N4O5,308.1120696119999,-0.5470999999999988,4.42,4.41,5.09,-170.0,3.8994131428109697,1,DRUGLIKE_LANA,HsDHODH_Druglike,7,5,132.54999999999998,4,13,5,4,0.5909090909090909,0.22727272727272727,0.18181818181818182,0.3076923076923077,0.0,22,2,1,1,2,1,1,0,0
CCNC(=O)C1=C[C@@H](CCC(=O)O)C=C(CO)O1,20/000000145,"InChI=1S/C12H17NO5/c1-2-13-12(17)10-6-8(3-4-11(15)16)5-9(7-14)18-10/h5-6,8,14H,2-4,7H2,1H3,(H,13,17)(H,15,16)/t8-/m0/s1",C12H17NO5,255.110672644,0.3938000000000002,4.41,1.02,5.24,-190.0,3.819736707272341,1,DRUGLIKE_LANA,HsDHODH_Druglike,4,3,95.86000000000001,6,12,5,1,0.6666666666666666,0.2777777777777778,0.05555555555555555,0.5,0.08333333333333333,18,1,1,0,1,1,0,0,0
CC/C=C/CC1=CC(CO)=CC(C(=O)O)=C1,13/000000001,"InChI=1S/C13H16O3/c1-2-3-4-5-10-6-11(9-14)8-12(7-10)13(15)16/h3-4,6-8,14H,2,5,9H2,1H3,(H,15,16)/b4-3+",C13H16O3,220.109944372,2.3857999999999997,4.41,2.87,3.58,-40.0,2.399045328495186,1,DRUGLIKE_LANA,HsDHODH_Druglike,2,2,57.53,5,13,3,0,0.8125,0.1875,0.0,0.3076923076923077,0.0,16,1,0,1,0,0,0,0,0
C[C@H](C#CC1=CC=C(C(=O)O)C=C1Br)C1=CC(=O)NC1,26/000000006,"InChI=1S/C15H12BrNO3/c1-9(12-7-14(18)17-8-12)2-3-10-4-5-11(15(19)20)6-13(10)16/h4-7,9H,8H2,1H3,(H,17,18)(H,19,20)/t9-/m1/s1",C15H11NO3Br,333.000055344,2.1910999999999996,4.4,4.55,20.7,-170.0,3.749957327849259,1,DRUGLIKE_LANA,HsDHODH_Druglike,2,2,66.39999999999999,2,15,3,1,0.75,0.15,0.05,0.2,0.06666666666666667,20,2,1,1,1,1,0,0,0
NC(=O)NC1=CC(CCCC[C@H](O)C2=NN=CO2)=CC(F)=C1,4/000000011,"InChI=1S/C14H17FN4O3/c15-10-5-9(6-11(7-10)18-14(16)21)3-1-2-4-12(20)13-19-17-8-22-13/h5-8,12,20H,1-4H2,(H3,16,18,21)/t12-/m0/s1",C14H17N4O3F,308.128468624,2.1457000000000006,4.4,8.89,5.09,-150.0,3.165205584433658,1,DRUGLIKE_LANA,HsDHODH_Druglike,5,3,114.27000000000001,7,14,3,4,0.6363636363636364,0.13636363636363635,0.18181818181818182,0.35714285714285715,0.07142857142857142,22,2,0,2,1,0,1,0,0
O=C(O)CC#CC1=CC=C(NC(=O)CCl)C2=C1NC=N2,12/000000038,"InChI=1S/C13H10ClN3O3/c14-6-10(18)17-9-5-4-8(2-1-3-11(19)20)12-13(9)16-7-15-12/h4-5,7H,3,6H2,(H,15,16)(H,17,18)(H,19,20)",C13H10N3O3Cl,291.04106886,1.5664,4.39,5.39,22.0,-40.0,3.0291938173694595,1,DRUGLIKE_LANA,HsDHODH_Druglike,3,3,95.08,3,13,3,3,0.65,0.15,0.15,0.15384615384615385,0.0,20,2,0,2,1,0,1,0,0
CC(=O)NCC1=CC=C(C#CCC(=O)O)C2=C1N=CN2,12/000000045,"InChI=1S/C14H13N3O3/c1-9(18)15-7-11-6-5-10(3-2-4-12(19)20)13-14(11)17-8-16-13/h5-6,8H,4,7H2,1H3,(H,15,18)(H,16,17)(H,19,20)",C14H13N3O3,271.095691276,1.0251999999999997,4.39,4.78,20.9,-60.0,3.0054550811057235,1,DRUGLIKE_LANA,HsDHODH_Druglike,3,3,95.08000000000001,3,14,3,3,0.7,0.15,0.15,0.21428571428571427,0.0,20,2,0,2,1,0,1,0,0
C/C=C/CC(=O)C1=NC=C(C2=C(CF)NC(CO)=C2)N1,4/000000344,"InChI=1S/C14H16FN3O2/c1-2-3-4-13(20)14-16-7-12(18-14)10-5-9(8-19)17-11(10)6-15/h2-3,5,7,17,19H,4,6,8H2,1H3,(H,16,18)/b3-2+",C14H16N3O2F,277.122654972,2.5154999999999994,4.39,3.97,24.7,-120.0,3.6852146964903385,1,DRUGLIKE_LANA,HsDHODH_Druglike,3,3,81.77000000000001,6,14,2,3,0.7,0.1,0.15,0.2857142857142857,0.0,20,2,0,2,2,0,2,0,0
N[C@@H](/C=C/C1=CC=C(O)C(Cl)=C1)C1=CC(CC(=O)O)=CC1,5/000000010,"InChI=1S/C16H16ClNO3/c17-13-8-10(3-6-15(13)19)2-5-14(18)12-4-1-11(7-12)9-16(20)21/h1-3,5-8,14,19H,4,9,18H2,(H,20,21)/b5-2+/t14-/m0/s1",C16H16NO3Cl,305.081871052,3.117300000000001,4.38,1.37,4.81,-170.0,3.7070904579297776,1,DRUGLIKE_LANA,HsDHODH_Druglike,3,3,83.55,5,16,3,1,0.7619047619047619,0.14285714285714285,0.047619047619047616,0.1875,0.0625,21,2,1,1,0,0,0,0,0
NC(=O)NC1=CC(CCl)=CC(CCC/C=C/NC2=CN=CC=C2)=C1,4/000000310,"InChI=1S/C18H21ClN4O/c19-12-15-9-14(10-17(11-15)23-18(20)24)5-2-1-3-8-22-16-6-4-7-21-13-16/h3-4,6-11,13,22H,1-2,5,12H2,(H3,20,23,24)/b8-3+",C18H21N4OCl,344.14038897200004,4.259500000000004,4.37,6.0,6.58,0.0,2.6983210983043993,1,DRUGLIKE_LANA,HsDHODH_Druglike,3,3,80.04,8,18,1,4,0.75,0.041666666666666664,0.16666666666666666,0.2222222222222222,0.0,24,2,0,2,1,0,1,0,0
NC(=O)NC1=CC(CC(=O)O)=CC=C1F,4/000000244,"InChI=1S/C9H9FN2O3/c10-6-2-1-5(4-8(13)14)3-7(6)12-9(11)15/h1-3H,4H2,(H,13,14)(H3,11,12,15)",C9H9N2O3F,212.059720368,0.9434,4.36,3.71,3.58,0.0,1.911986964957764,1,DRUGLIKE_LANA,HsDHODH_Druglike,2,3,92.42,3,9,3,2,0.6,0.2,0.13333333333333333,0.1111111111111111,0.0,15,1,0,1,0,0,0,0,0
N[C@@H](/C=C/C1=NNC=C1CCO)C1=CCNN1,16/000000014,"InChI=1S/C11H17N5O/c12-9(11-3-5-13-16-11)1-2-10-8(4-6-17)7-14-15-10/h1-3,7,9,13,16-17H,4-6,12H2,(H,14,15)/b2-1+/t9-/m0/s1",C11H17N5O,235.14331016399998,-0.7232999999999996,4.36,4.54,3.58,-150.0,4.906182839573102,1,DRUGLIKE_LANA,HsDHODH_Druglike,5,5,98.99,5,11,1,5,0.6470588235294118,0.058823529411764705,0.29411764705882354,0.36363636363636365,0.09090909090909091,17,2,1,1,2,1,1,0,0
C=CC[C@H]1C=C(CO)OC(C(=O)NCCO)=C1,20/000000143,"InChI=1S/C12H17NO4/c1-2-3-9-6-10(8-15)17-11(7-9)12(16)13-4-5-14/h2,6-7,9,14-15H,1,3-5,8H2,(H,13,16)/t9-/m0/s1",C12H17NO4,239.115758024,0.07749999999999985,4.36,3.48,17.4,-150.0,4.083502876982502,1,DRUGLIKE_LANA,HsDHODH_Druglike,4,3,78.79,6,12,4,1,0.7058823529411765,0.23529411764705882,0.058823529411764705,0.4166666666666667,0.08333333333333333,17,1,1,0,1,1,0,0,0
C[C@@H](F)C1=NNN=C1/C(=C/CO)C1=NC(NCCl)=CN=C1,29/000000068,"InChI=1S/C12H14ClFN6O/c1-7(14)11-12(19-20-18-11)8(2-3-21)9-4-15-5-10(17-9)16-6-13/h2,4-5,7,21H,3,6H2,1H3,(H,16,17)(H,18,19,20)/b8-2+/t7-/m1/s1",C12H14N6OFCl,312.090164968,1.6573999999999998,4.36,4.36,24.2,-170.0,4.247837956019064,1,DRUGLIKE_LANA,HsDHODH_Druglike,6,3,99.61,6,12,1,6,0.5714285714285714,0.047619047619047616,0.2857142857142857,0.3333333333333333,0.08333333333333333,21,2,0,2,2,0,2,0,0
C=C(C(=O)O)C1=CC=C(CN[C@@H]2C=NOC2)C(Br)=C1,17/000000001,"InChI=1S/C13H13BrN2O3/c1-8(13(17)18)9-2-3-10(12(14)4-9)5-15-11-6-16-19-7-11/h2-4,6,11,15H,1,5,7H2,(H,17,18)/t11-/m1/s1",C13H13N2O3Br,324.01095437600003,2.0210999999999997,4.35,7.0,3.58,-150.0,3.792178429538215,1,DRUGLIKE_LANA,HsDHODH_Druglike,4,2,70.92,5,13,3,2,0.6842105263157895,0.15789473684210525,0.10526315789473684,0.23076923076923078,0.07692307692307693,19,2,1,1,1,1,0,0,0
CCN(CO)CC#C[C@@H](C(=O)O)C1=CC=NN1,20/000000103,"InChI=1S/C11H15N3O3/c1-2-14(8-15)7-3-4-9(11(16)17)10-5-6-12-13-10/h5-6,9,15H,2,7-8H2,1H3,(H,12,13)(H,16,17)/t9-/m1/s1",C11H15N3O3,237.11134134,-0.14700000000000019,4.35,2.11,3.58,-190.0,3.994510405624072,1,DRUGLIKE_LANA,HsDHODH_Druglike,4,3,89.44999999999999,5,11,3,3,0.6470588235294118,0.17647058823529413,0.17647058823529413,0.45454545454545453,0.09090909090909091,17,1,0,1,1,0,1,0,0
NCC1=C(C2=CN=C(CCCCC3=CC=CC=C3)N2)C=C(CO)N1,4/000000196,"InChI=1S/C19H24N4O/c20-11-17-16(10-15(13-24)22-17)18-12-21-19(23-18)9-5-4-8-14-6-2-1-3-7-14/h1-3,6-7,10,12,22,24H,4-5,8-9,11,13,20H2,(H,21,23)",C19H24N4O,324.195011388,2.921200000000001,4.35,4.1,21.5,-100.0,2.774189507286721,1,DRUGLIKE_LANA,HsDHODH_Druglike,3,4,90.72,8,19,1,4,0.7916666666666666,0.041666666666666664,0.16666666666666666,0.3157894736842105,0.0,24,3,0,3,2,0,2,0,0
O=C1CC[C@@H](/C=C(/CC2=CC=C(O)C(Cl)=C2)C2=NN=CN2)O1,6/000000054,"InChI=1S/C15H14ClN3O3/c16-12-6-9(1-3-13(12)20)5-10(15-17-8-18-19-15)7-11-2-4-14(21)22-11/h1,3,6-8,11,20H,2,4-5H2,(H,17,18,19)/b10-7-/t11-/m0/s1",C15H14N3O3Cl,319.072368988,2.4954,4.35,8.38,5.09,-150.0,3.8589934610731498,1,DRUGLIKE_LANA,HsDHODH_Druglike,5,2,88.10000000000001,4,15,3,3,0.6818181818181818,0.13636363636363635,0.13636363636363635,0.26666666666666666,0.06666666666666667,22,3,1,2,2,1,1,0,0
OC/C=C(/C1=NNN=C1)C1=CC=C(C2=CC(Cl)=CC=C2O)O1,29/000000054,"InChI=1S/C15H12ClN3O3/c16-9-1-2-13(21)11(7-9)15-4-3-14(22-15)10(5-6-20)12-8-17-19-18-12/h1-5,7-8,20-21H,6H2,(H,17,18,19)/b10-5-",C15H12N3O3Cl,317.05671892399994,2.847700000000001,4.35,4.87,24.3,-120.0,3.022433247296645,1,DRUGLIKE_LANA,HsDHODH_Druglike,5,3,95.17,4,15,3,3,0.6818181818181818,0.13636363636363635,0.13636363636363635,0.06666666666666667,0.0,22,3,0,3,2,0,2,0,0
O=C(O)C1=C(C#CCO)N(CCCl)C=C1,6/000000016,"InChI=1S/C10H10ClNO3/c11-4-6-12-5-3-8(10(14)15)9(12)2-1-7-13/h3,5,13H,4,6-7H2,(H,14,15)",C10H10NO3Cl,227.03492086,0.7688999999999999,4.34,6.38,3.85,0.0,3.182032180717613,1,DRUGLIKE_LANA,HsDHODH_Druglike,3,2,62.46,3,10,3,1,0.6666666666666666,0.2,0.06666666666666667,0.3,0.0,15,1,0,1,1,0,1,0,0
C/C=C(\C1=CC=CC(Cl)=C1Cl)C1=NNN=C1C(=O)O,29/000000060,"InChI=1S/C12H9Cl2N3O2/c1-2-6(7-4-3-5-8(13)9(7)14)10-11(12(18)19)16-17-15-10/h2-5H,1H3,(H,18,19)(H,15,16,17)/b6-2+",C12H9N3O2Cl2,297.007181888,3.261300000000001,4.34,4.03,3.58,-20.0,2.9455013103884227,1,DRUGLIKE_LANA,HsDHODH_Druglike,3,2,78.87,3,12,2,3,0.631578947368421,0.10526315789473684,0.15789473684210525,0.08333333333333333,0.0,19,2,0,2,1,0,1,0,0
C=C[C@H](CCC1=CC=C(OCNCC)C=C1)N1C=C(CN)N=N1,23/000000043,"InChI=1S/C17H25N5O/c1-3-16(22-12-15(11-18)20-21-22)8-5-14-6-9-17(10-7-14)23-13-19-4-2/h3,6-7,9-10,12,16,19H,1,4-5,8,11,13,18H2,2H3/t16-/m1/s1",C17H25N5O,315.20591042000007,2.0425,4.34,2.35,6.45,-190.0,3.425258228508577,1,DRUGLIKE_LANA,HsDHODH_Druglike,6,2,77.99,10,17,1,5,0.7391304347826086,0.043478260869565216,0.21739130434782608,0.4117647058823529,0.058823529411764705,23,2,0,2,1,0,1,0,0
NC(=O)C1=CC(CO)=CC(C#CC2=CC=CC=C2)=C1,19/000000026,"InChI=1S/C16H13NO2/c17-16(19)15-9-13(8-14(10-15)11-18)7-6-12-4-2-1-3-5-12/h1-5,8-10,18H,11H2,(H2,17,19)",C16H13NO2,251.094628656,1.6776,4.33,3.09,2.22,0.0,2.146697661473235,1,DRUGLIKE_LANA,HsDHODH_Druglike,2,2,63.32000000000001,2,16,2,1,0.8421052631578947,0.10526315789473684,0.05263157894736842,0.0625,0.0,19,2,0,2,0,0,0,0,0
O=C1CC[C@@H](/C=C(/CC2=CC=C(O)C(Cl)=C2)C2=CNC=N2)O1,6/000000001,"InChI=1S/C16H15ClN2O3/c17-13-6-10(1-3-15(13)20)5-11(14-8-18-9-19-14)7-12-2-4-16(21)22-12/h1,3,6-9,12,20H,2,4-5H2,(H,18,19)/b11-7-/t12-/m0/s1",C16H15N2O3Cl,318.07712002000005,3.1004000000000014,4.33,8.9,5.09,-150.0,3.7540286259083127,1,DRUGLIKE_LANA,HsDHODH_Druglike,4,2,75.21,4,16,3,2,0.7272727272727273,0.13636363636363635,0.09090909090909091,0.25,0.0625,22,3,1,2,2,1,1,0,0
NCC1=CC(NC(N)=O)=CC(/C=C/CNC2CC=CC2)=C1,4/000000309,"InChI=1S/C16H22N4O/c17-11-13-8-12(9-15(10-13)20-16(18)21)4-3-7-19-14-5-1-2-6-14/h1-4,8-10,14,19H,5-7,11,17H2,(H3,18,20,21)/p+1/b4-3+",C16H23N4O,286.179361324,1.9572999999999996,4.33,3.51,5.09,-150.0,3.72351208197063,1,DRUGLIKE_LANA,HsDHODH_Druglike,3,4,93.16999999999999,6,16,1,4,0.7619047619047619,0.047619047619047616,0.19047619047619047,0.3125,0.0,21,2,1,1,0,0,0,0,0
N[C@H](O)/C(=C/C1=NON=C1)C1=CC(O)=CC=C1,16/000000009,"InChI=1S/C11H11N3O3/c12-11(16)10(5-8-6-13-17-14-8)7-2-1-3-9(15)4-7/h1-6,11,15-16H,12H2/b10-5+/t11-/m1/s1",C11H11N3O3,233.080041212,0.5929000000000002,4.32,6.11,3.58,-150.0,3.858612921990684,1,DRUGLIKE_LANA,HsDHODH_Druglike,6,3,105.4,3,11,3,3,0.6470588235294118,0.17647058823529413,0.17647058823529413,0.09090909090909091,0.09090909090909091,17,2,0,2,1,0,1,0,0
NC/C=C/C(F)(F)NC(=O)C1=CCC=C(CO)O1,20/000000146,"InChI=1S/C11H14F2N2O3/c12-11(13,5-2-6-14)15-10(17)9-4-1-3-8(7-16)18-9/h2-5,16H,1,6-7,14H2,(H,15,17)/b5-2+",C11H14N2O3F2,260.097248748,0.3906999999999999,4.32,2.7,3.58,-170.0,4.219411030387519,1,DRUGLIKE_LANA,HsDHODH_Druglike,4,3,84.58,5,11,3,2,0.6111111111111112,0.16666666666666666,0.1111111111111111,0.36363636363636365,0.0,18,1,1,0,1,1,0,0,0
CCC1=CC(=O)C2=CC=C(NC3=CC=CC4=C3OC=N4)C=C2N1,25/000000005,"InChI=1S/C18H15N3O2/c1-2-11-9-17(22)13-7-6-12(8-16(13)20-11)21-15-5-3-4-14-18(15)23-10-19-14/h3-10,21H,2H2,1H3,(H,20,22)",C18H15N3O2,305.11642672000005,3.9753000000000016,4.32,6.42,19.8,-100.0,2.673139084110458,1,DRUGLIKE_LANA,HsDHODH_Druglike,4,2,70.92,3,18,2,3,0.782608695652174,0.08695652173913043,0.13043478260869565,0.1111111111111111,0.0,23,4,0,4,2,0,2,0,0
N[C@@H](/C=C/C1=CC(O)=C(F)C=C1)C1=CCNN1,16/000000003,"InChI=1S/C12H14FN3O/c13-9-3-1-8(7-12(9)17)2-4-10(14)11-5-6-15-16-11/h1-5,7,10,15-17H,6,14H2/b4-2+/t10-/m0/s1",C12H14N3OF,235.112090288,0.8635000000000002,4.32,2.42,3.58,-150.0,4.010464845067607,1,DRUGLIKE_LANA,HsDHODH_Druglike,4,4,70.31,3,12,1,3,0.7058823529411765,0.058823529411764705,0.17647058823529413,0.16666666666666666,0.08333333333333333,17,2,1,1,1,1,0,0,0
CCNC(=O)C1=CCC=C(CO)O1,20/000000030,"InChI=1S/C9H13NO3/c1-2-10-9(12)8-5-3-4-7(6-11)13-8/h4-5,11H,2-3,6H2,1H3,(H,10,12)",C9H13NO3,183.089543276,0.3029,4.31,2.04,3.58,-20.0,3.442501288470364,1,DRUGLIKE_LANA,HsDHODH_Druglike,3,2,58.56,3,9,3,1,0.6923076923076923,0.23076923076923078,0.07692307692307693,0.4444444444444444,0.0,13,1,1,0,1,1,0,0,0
CCCC[C@@H](CN)N1C=C(CN)N=N1,23/000000001,"InChI=1S/C9H19N5/c1-2-3-4-9(6-11)14-7-8(5-10)12-13-14/h7,9H,2-6,10-11H2,1H3/t9-/m0/s1",C9H19N5,197.16404560799998,0.4268,4.31,0.32,3.58,-190.0,3.3355055501026207,1,DRUGLIKE_LANA,HsDHODH_Druglike,5,2,82.75,6,9,0,5,0.6428571428571429,0.0,0.35714285714285715,0.7777777777777778,0.1111111111111111,14,1,0,1,1,0,1,0,0
O=C(O)C1=C(C#CCO)N(C[C@@H](Cl)CO)C=C1,6/000000033,"InChI=1S/C11H12ClNO4/c12-8(7-15)6-13-4-3-9(11(16)17)10(13)2-1-5-14/h3-4,8,14-15H,5-7H2,(H,16,17)/t8-/m1/s1",C11H12NO4Cl,257.04548554400003,0.12979999999999997,4.3,7.39,3.85,-150.0,3.871009117642859,1,DRUGLIKE_LANA,HsDHODH_Druglike,4,3,82.69,4,11,4,1,0.6470588235294118,0.23529411764705882,0.058823529411764705,0.36363636363636365,0.09090909090909091,17,1,0,1,1,0,1,0,0
O=C1NCC=C1C#C[C@H](C(=O)O)C1=NON=C1,20/000000112,"InChI=1S/C10H7N3O4/c14-9-6(3-4-11-9)1-2-7(10(15)16)8-5-12-17-13-8/h3,5,7H,4H2,(H,11,14)(H,15,16)/t7-/m0/s1",C10H7N3O4,233.043655704,-0.7026000000000001,4.3,3.1,3.58,-150.0,4.650734075836837,1,DRUGLIKE_LANA,HsDHODH_Druglike,5,2,105.32000000000001,2,10,4,3,0.5882352941176471,0.23529411764705882,0.17647058823529413,0.2,0.1,17,2,1,1,2,1,1,0,0
C#CCC1=CC(C2=CN=C(CCCCCBr)N2)=C(CN)N1,4/000000077,"InChI=1S/C16H21BrN4/c1-2-6-12-9-13(14(10-18)20-12)15-11-19-16(21-15)7-4-3-5-8-17/h1,9,11,20H,3-8,10,18H2,(H,19,21)",C16H21N4Br,348.0949587720001,3.1469000000000005,4.3,3.29,23.8,-120.0,3.4847859281244773,1,DRUGLIKE_LANA,HsDHODH_Druglike,2,3,70.49000000000001,8,16,0,4,0.7619047619047619,0.0,0.19047619047619047,0.4375,0.0,21,2,0,2,2,0,2,0,0
CC#CCC1=CC=CC=C1O[C@H](CO)C(=O)O,20/000000027,"InChI=1S/C13H14O4/c1-2-3-6-10-7-4-5-8-11(10)17-12(9-14)13(15)16/h4-5,7-8,12,14H,6,9H2,1H3,(H,15,16)/t12-/m1/s1",C13H14O4,234.089208928,1.0766999999999998,4.29,7.07,3.58,-170.0,3.0866740717451844,1,DRUGLIKE_LANA,HsDHODH_Druglike,3,2,66.76,5,13,4,0,0.7647058823529411,0.23529411764705882,0.0,0.3076923076923077,0.07692307692307693,17,1,0,1,0,0,0,0,0
NCC#CC(=O)C1=NNC(O)=C1CCCN,21/000000002,"InChI=1S/C10H14N4O2/c11-5-1-3-7-9(13-14-10(7)16)8(15)4-2-6-12/h1,3,5-6,11-12H2,(H2,13,14,16)",C10H14N4O2,222.111675688,-0.8486000000000002,4.29,4.74,3.72,0.0,3.6410075662574233,1,DRUGLIKE_LANA,HsDHODH_Druglike,5,4,118.02000000000001,4,10,2,4,0.625,0.125,0.25,0.4,0.0,16,1,0,1,1,0,1,0,0
NC(=O)NC1=CC(O)=CC=C1/C=C/CC1=NOCC1,4/000000161,"InChI=1S/C13H15N3O3/c14-13(18)15-12-8-11(17)5-4-9(12)2-1-3-10-6-7-19-16-10/h1-2,4-5,8,17H,3,6-7H2,(H3,14,15,18)/b2-1+",C13H15N3O3,261.11134134,2.0624000000000002,4.29,2.72,3.58,-60.0,3.269156635832209,1,DRUGLIKE_LANA,HsDHODH_Druglike,4,3,96.94000000000001,4,13,3,3,0.6842105263157895,0.15789473684210525,0.15789473684210525,0.23076923076923078,0.0,19,2,1,1,1,1,0,0,0
O=C(O)[C@@H](F)CCC/C=C/C1=NN=C(CO)O1,7/000000001,"InChI=1S/C10H13FN2O4/c11-7(10(15)16)4-2-1-3-5-8-12-13-9(6-14)17-8/h3,5,7,14H,1-2,4,6H2,(H,15,16)/b5-3+/t7-/m0/s1",C10H13N2O4F,244.085935116,1.1681,4.29,6.04,2.22,-150.0,3.620643629846658,1,DRUGLIKE_LANA,HsDHODH_Druglike,5,2,96.45,7,10,4,2,0.5882352941176471,0.23529411764705882,0.11764705882352941,0.5,0.1,17,1,0,1,1,0,1,0,0
C[C@@H](/C=C(\CC(=O)O)C1=NNN=C1)C1=NC=NN1,29/000000008,"InChI=1S/C10H12N6O2/c1-6(10-11-5-13-15-10)2-7(3-9(17)18)8-4-12-16-14-8/h2,4-6H,3H2,1H3,(H,17,18)(H,11,13,15)(H,12,14,16)/b7-2+/t6-/m0/s1",C10H12N6O2,248.102173624,0.5845999999999998,4.29,3.44,3.58,-170.0,4.0468542435176085,1,DRUGLIKE_LANA,HsDHODH_Druglike,5,3,120.44,5,10,2,6,0.5555555555555556,0.1111111111111111,0.3333333333333333,0.3,0.1,18,2,0,2,2,0,2,0,0
C[C@@H](O)CC#CC1=CC=C(NC(=O)CO)C=C1Br,17/000000003,"InChI=1S/C13H14BrNO3/c1-9(17)3-2-4-10-5-6-11(7-12(10)14)15-13(18)8-16/h5-7,9,16-17H,3,8H2,1H3,(H,15,18)/t9-/m1/s1",C13H14NO3Br,311.015705408,1.5023,4.29,8.39,17.1,-170.0,3.134363394870457,1,DRUGLIKE_LANA,HsDHODH_Druglike,3,3,69.56,3,13,3,1,0.7222222222222222,0.16666666666666666,0.05555555555555555,0.3076923076923077,0.07692307692307693,18,1,0,1,0,0,0,0,0
NC(=O)NC1=CC(Br)=CC(CCC/C=C/NC2=CN=CC=C2)=C1,4/000000299,"InChI=1S/C17H19BrN4O/c18-14-9-13(10-16(11-14)22-17(19)23)5-2-1-3-8-21-15-6-4-7-20-12-15/h3-4,6-12,21H,1-2,5H2,(H3,19,22,23)/b8-3+",C17H19N4OBr,374.0742233280001,4.283200000000003,4.28,4.12,6.45,0.0,2.615617395351455,1,DRUGLIKE_LANA,HsDHODH_Druglike,3,3,80.04,7,17,1,4,0.7391304347826086,0.043478260869565216,0.17391304347826086,0.17647058823529413,0.0,23,2,0,2,1,0,1,0,0
NC[C@H](CO)C1=CC(NC(N)=O)=CC(CCCCl)=C1,4/000000155,"InChI=1S/C13H20ClN3O2/c14-3-1-2-9-4-10(11(7-15)8-18)6-12(5-9)17-13(16)19/h4-6,11,18H,1-3,7-8,15H2,(H3,16,17,19)/t11-/m1/s1",C13H20N3O2Cl,285.12440456,1.3831999999999998,4.28,6.37,15.9,-150.0,3.1072259789409173,1,DRUGLIKE_LANA,HsDHODH_Druglike,3,4,101.37,7,13,2,3,0.6842105263157895,0.10526315789473684,0.15789473684210525,0.46153846153846156,0.07692307692307693,19,1,0,1,0,0,0,0,0
NCC1=CC=C(/C=C(\CBr)[C@]2(CN)CCC(C(=O)CO)=N2)C=C1,21/000000003,"InChI=1S/C17H22BrN3O2/c18-8-14(7-12-1-3-13(9-19)4-2-12)17(11-20)6-5-15(21-17)16(23)10-22/h1-4,7,22H,5-6,8-11,19-20H2/b14-7+/t17-/m1/s1",C17H22N3O2Br,379.08953904399993,1.4172999999999998,4.28,7.32,5.24,-150.0,4.008380343893193,1,DRUGLIKE_LANA,HsDHODH_Druglike,5,3,101.7,7,17,2,3,0.7391304347826086,0.08695652173913043,0.13043478260869565,0.4117647058823529,0.058823529411764705,23,2,1,1,1,1,0,0,0
CCNC(=O)C1=C[C@@H](/C=C2\C=CC(=O)O2)C=C(C(N)=O)O1,20/000000042,"InChI=1S/C14H14N2O5/c1-2-16-14(19)11-7-8(6-10(21-11)13(15)18)5-9-3-4-12(17)20-9/h3-8H,2H2,1H3,(H2,15,18)(H,16,19)/b9-5+/t8-/m0/s1",C14H14N2O5,290.090271548,0.018900000000000028,4.28,3.71,24.6,-170.0,4.317588866417841,1,DRUGLIKE_LANA,HsDHODH_Druglike,5,2,107.72000000000001,4,14,5,2,0.6666666666666666,0.23809523809523808,0.09523809523809523,0.21428571428571427,0.07142857142857142,21,2,2,0,2,2,0,0,0
NC(=O)NC1=CC(O)=CC=C1/C=C/CC1=CC=CC(F)=C1F,4/000000169,"InChI=1S/C16H14F2N2O2/c17-13-6-2-5-11(15(13)18)4-1-3-10-7-8-12(21)9-14(10)20-16(19)22/h1-3,5-9,21H,4H2,(H3,19,20,22)/b3-1+",C16H14N2O2F2,304.102334128,3.416900000000002,4.28,2.12,4.94,-60.0,2.524580860339342,1,DRUGLIKE_LANA,HsDHODH_Druglike,2,3,75.35000000000001,4,16,2,2,0.7272727272727273,0.09090909090909091,0.09090909090909091,0.0625,0.0,22,2,0,2,0,0,0,0,0
NCC#CC1=C(C2=CC=CO2)ON=C1C(=O)O,6/000000144,"InChI=1S/C11H8N2O4/c12-5-1-3-7-9(11(14)15)13-17-10(7)8-4-2-6-16-8/h2,4,6H,5,12H2,(H,14,15)",C11H8N2O4,232.048406736,0.9430000000000001,4.28,4.12,23.0,-80.0,2.993867543379018,1,DRUGLIKE_LANA,HsDHODH_Druglike,5,2,102.49,2,11,4,2,0.6470588235294118,0.23529411764705882,0.11764705882352941,0.09090909090909091,0.0,17,2,0,2,2,0,2,0,0
O=C(CO)CNCC1=CCC(C2=CC=CC(Cl)=C2)=CO1,7/000000002,"InChI=1S/C15H16ClNO3/c16-13-3-1-2-11(6-13)12-4-5-15(20-10-12)8-17-7-14(19)9-18/h1-3,5-6,10,17-18H,4,7-9H2/p+1",C15H17NO3Cl,293.08187105199994,2.1361,4.27,3.46,3.58,-160.0,3.9125230828408295,1,DRUGLIKE_LANA,HsDHODH_Druglike,4,2,58.56,6,15,3,1,0.75,0.15,0.05,0.26666666666666666,0.0,20,2,1,1,1,1,0,0,0
CCC(=O)OCC1=CC=CC=C1O[C@H](CO)C(=O)O,20/000000065,"InChI=1S/C13H16O6/c1-2-12(15)18-8-9-5-3-4-6-10(9)19-11(7-14)13(16)17/h3-6,11,14H,2,7-8H2,1H3,(H,16,17)/t11-/m1/s1",C13H16O6,268.094688232,0.9641,4.27,8.94,3.58,-170.0,2.684920949355119,1,DRUGLIKE_LANA,HsDHODH_Druglike,5,2,93.06000000000002,7,13,6,0,0.6842105263157895,0.3157894736842105,0.0,0.38461538461538464,0.07692307692307693,19,1,0,1,0,0,0,0,0
CCC[C@H](CCl)N1C=C(/C=C/CO)C(CO)=C1,4/000000064,"InChI=1S/C13H20ClNO2/c1-2-4-13(7-14)15-8-11(5-3-6-16)12(9-15)10-17/h3,5,8-9,13,16-17H,2,4,6-7,10H2,1H3/b5-3+/t13-/m1/s1",C13H20NO2Cl,257.11825656,2.5659,4.27,2.95,3.58,-170.0,3.9893460848384743,1,DRUGLIKE_LANA,HsDHODH_Druglike,3,2,45.39,7,13,2,1,0.7647058823529411,0.11764705882352941,0.058823529411764705,0.5384615384615384,0.07692307692307693,17,1,0,1,1,0,1,0,0
CCOC(=O)C1=C(/C=C/C(=O)CCN)NC=C1C(=O)O,6/000000136,"InChI=1S/C13H16N2O5/c1-2-20-13(19)11-9(12(17)18)7-15-10(11)4-3-8(16)5-6-14/h3-4,7,15H,2,5-6,14H2,1H3,(H,17,18)/b4-3+",C13H16N2O5,280.105921612,0.8207000000000002,4.27,3.57,5.09,-170.0,2.9328157953914378,1,DRUGLIKE_LANA,HsDHODH_Druglike,5,3,122.48,7,13,5,2,0.65,0.25,0.1,0.3076923076923077,0.0,20,1,0,1,1,0,1,0,0
NCC#CC1=C(C2=CCOC2)ON=C1C(=O)O,6/000000147,"InChI=1S/C11H10N2O4/c12-4-1-2-8-9(11(14)15)13-17-10(8)7-3-5-16-6-7/h3H,4-6,12H2,(H,14,15)/p+1",C11H11N2O4,234.0640568,0.09660000000000019,4.27,3.69,22.0,-80.0,4.209098312609786,1,DRUGLIKE_LANA,HsDHODH_Druglike,5,2,98.58,2,11,4,2,0.6470588235294118,0.23529411764705882,0.11764705882352941,0.2727272727272727,0.0,17,2,1,1,2,1,1,0,0
C/C=C/C1=CC(C2=CN=C(CCCCCCN)N2)=C(CN)N1,4/000000185,"InChI=1S/C17H27N5/c1-2-7-13-10-14(15(11-19)21-13)16-12-20-17(22-16)8-5-3-4-6-9-18/h2,7,10,12,21H,3-6,8-9,11,18-19H2,1H3,(H,20,22)/p+1/b7-2+",C17H28N5,301.22664586400003,2.9581999999999997,4.27,3.12,22.3,-140.0,3.798668412131813,1,DRUGLIKE_LANA,HsDHODH_Druglike,3,4,96.50999999999999,9,17,0,5,0.7727272727272727,0.0,0.22727272727272727,0.47058823529411764,0.0,22,2,0,2,2,0,2,0,0
CC(=O)CC1=CC=C(C#CCC(=O)O)C2=C1N=CN2,12/000000042,"InChI=1S/C14H12N2O3/c1-9(17)7-11-6-5-10(3-2-4-12(18)19)13-14(11)16-8-15-13/h5-6,8H,4,7H2,1H3,(H,15,16)(H,18,19)",C14H12N2O3,256.084792244,1.5205999999999997,4.26,6.39,19.5,-60.0,3.114589727269075,1,DRUGLIKE_LANA,HsDHODH_Druglike,3,2,83.05000000000001,3,14,3,2,0.7368421052631579,0.15789473684210525,0.10526315789473684,0.21428571428571427,0.0,19,2,0,2,1,0,1,0,0
NCCCC1=C(O)NN=C1C(=O)/C=C/C1=CNC=CC1,21/000000012,"InChI=1S/C14H18N4O2/c15-7-1-4-11-13(17-18-14(11)20)12(19)6-5-10-3-2-8-16-9-10/h2,5-6,8-9,16H,1,3-4,7,15H2,(H2,17,18,20)/b6-5+",C14H18N4O2,274.142975816,1.1364,4.26,5.11,3.72,-40.0,3.841681787294272,1,DRUGLIKE_LANA,HsDHODH_Druglike,5,4,104.03,6,14,2,4,0.7,0.1,0.2,0.2857142857142857,0.0,20,2,1,1,2,1,1,0,0
NC1=CC(F)=CC(/C=C/[C@@H](O)C2=CN=C(C(=O)O)C(CCl)=N2)=C1,27/000000001,"InChI=1S/C15H13ClFN3O3/c16-6-11-14(15(22)23)19-7-12(20-11)13(21)2-1-8-3-9(17)5-10(18)4-8/h1-5,7,13,21H,6,18H2,(H,22,23)/b2-1+/t13-/m1/s1",C15H13N3O3FCl,337.0629471760001,2.3817000000000004,4.26,5.05,20.8,-150.0,3.6516582285085777,1,DRUGLIKE_LANA,HsDHODH_Druglike,5,3,109.33000000000001,5,15,3,3,0.6521739130434783,0.13043478260869565,0.13043478260869565,0.13333333333333333,0.06666666666666667,23,2,0,2,1,0,1,0,0
NCC1=CC(NC(N)=O)=CC(/C=C/CNC[C@H]2CCOC2)=C1,4/000000287,"InChI=1S/C16H24N4O2/c17-9-14-6-12(7-15(8-14)20-16(18)21)2-1-4-19-10-13-3-5-22-11-13/h1-2,6-8,13,19H,3-5,9-11,17H2,(H3,18,20,21)/b2-1+/t13-/m1/s1",C16H24N4O2,304.189926008,1.2752,4.26,4.58,6.77,-150.0,3.192112142391829,1,DRUGLIKE_LANA,HsDHODH_Druglike,4,4,102.39999999999999,7,16,2,4,0.7272727272727273,0.09090909090909091,0.18181818181818182,0.4375,0.0625,22,2,1,1,1,1,0,0,0
O=C(O)CC#CC1=CC=CC([C@H](Br)C2=CNC(=O)N2)=C1,19/000000017,"InChI=1S/C14H11BrN2O3/c15-13(11-8-16-14(20)17-11)10-5-1-3-9(7-10)4-2-6-12(18)19/h1,3,5,7-8,13H,6H2,(H,18,19)(H2,16,17,20)/t13-/m0/s1",C14H11N2O3Br,333.99530431200003,2.0134999999999996,4.26,7.91,21.5,-150.0,3.63609991026684,1,DRUGLIKE_LANA,HsDHODH_Druglike,2,3,85.94999999999999,3,14,3,2,0.7,0.15,0.1,0.14285714285714285,0.07142857142857142,20,2,0,2,1,0,1,0,0
C=CCC1=CC(N)=NC=C1N1C=C(CN)N=N1,23/000000038,"InChI=1S/C11H14N6/c1-2-3-8-4-11(13)14-6-10(8)17-7-9(5-12)15-16-17/h2,4,6-7H,1,3,5,12H2,(H2,13,14)",C11H14N6,230.12799444799998,0.4316999999999999,4.26,3.09,18.2,-160.0,3.061511774148249,1,DRUGLIKE_LANA,HsDHODH_Druglike,6,2,95.64,4,11,0,6,0.6470588235294118,0.0,0.35294117647058826,0.18181818181818182,0.0,17,2,0,2,2,0,2,0,0
O=C(O)[C@@H](C#CC1=CNC=C1)C1=CNN=N1,20/000000113,"InChI=1S/C10H8N4O2/c15-10(16)8(9-6-12-14-13-9)2-1-7-3-4-11-5-7/h3-6,8,11H,(H,15,16)(H,12,13,14)/t8-/m0/s1",C10H8N4O2,216.064725496,0.3526999999999999,4.26,2.11,2.35,-150.0,4.431151546267691,1,DRUGLIKE_LANA,HsDHODH_Druglike,3,3,94.66,2,10,2,4,0.625,0.125,0.25,0.1,0.1,16,2,0,2,2,0,2,0,0
O=C(C1=NON=C1)[C@H](O)C1=CC=NC2=C1NC=C2,29/000000017,"InChI=1S/C11H8N4O3/c16-10(11(17)8-5-14-18-15-8)6-1-3-12-7-2-4-13-9(6)7/h1-5,10,13,16H/t10-/m1/s1",C11H8N4O3,244.059640116,0.8621999999999999,4.25,4.14,3.58,-190.0,3.915424118213048,1,DRUGLIKE_LANA,HsDHODH_Druglike,6,2,104.9,3,11,3,4,0.6111111111111112,0.16666666666666666,0.2222222222222222,0.09090909090909091,0.09090909090909091,18,3,0,3,3,0,3,0,0
C[C@H](C=C1C(=O)CCCC1=O)CCN1C=CC(CO)=C1C(=O)O,4/000000012,"InChI=1S/C17H21NO5/c1-11(9-13-14(20)3-2-4-15(13)21)5-7-18-8-6-12(10-19)16(18)17(22)23/h6,8-9,11,19H,2-5,7,10H2,1H3,(H,22,23)/t11-/m0/s1",C17H21NO5,319.141972772,1.9533,4.25,9.52,5.09,-170.0,3.6819043823547313,1,DRUGLIKE_LANA,HsDHODH_Druglike,5,2,96.60000000000001,6,17,5,1,0.7391304347826086,0.21739130434782608,0.043478260869565216,0.47058823529411764,0.058823529411764705,23,2,1,1,1,0,1,0,0
CCN[C@H](N)NCCCC1=CC(=O)OC(C2=C(CCl)ON=C2)=C1,23/000000064,"InChI=1S/C15H21ClN4O3/c1-2-18-15(17)19-5-3-4-10-6-12(22-14(21)7-10)11-9-20-23-13(11)8-16/h6-7,9,15,18-19H,2-5,8,17H2,1H3",C15H19N4O3Cl,340.13021821200005,1.4076,4.25,10.63,3.58,-140.0,3.887815624958281,1,DRUGLIKE_LANA,HsDHODH_Druglike,7,3,106.32000000000001,9,15,3,4,0.6521739130434783,0.13043478260869565,0.17391304347826086,0.4666666666666667,0.06666666666666667,23,2,0,2,2,0,2,0,0
CO[C@@H](/C=C/C1=CC=C(O)C=C1NC(N)=O)CN,4/000000164,"InChI=1S/C12H17N3O3/c1-18-10(7-13)5-3-8-2-4-9(16)6-11(8)15-12(14)17/h2-6,10,16H,7,13H2,1H3,(H3,14,15,17)/b5-3+/t10-/m0/s1",C12H17N3O3,251.126991404,0.8696999999999999,4.25,4.09,3.58,-170.0,3.3805112755611955,1,DRUGLIKE_LANA,HsDHODH_Druglike,4,4,110.60000000000001,5,12,3,3,0.6666666666666666,0.16666666666666666,0.16666666666666666,0.25,0.08333333333333333,18,1,0,1,0,0,0,0,0
C[C@@H](/C=C(\CC(=O)O)C1=NNN=C1)C1=NN=NN1,29/000000014,"InChI=1S/C9H11N7O2/c1-5(9-12-15-16-13-9)2-6(3-8(17)18)7-4-10-14-11-7/h2,4-5H,3H2,1H3,(H,17,18)(H,10,11,14)(H,12,13,15,16)/b6-2+/t5-/m0/s1",C9H11N7O2,249.097422592,-0.020400000000000307,4.25,3.49,3.58,-170.0,4.2021537910289215,1,DRUGLIKE_LANA,HsDHODH_Druglike,6,3,133.32999999999998,5,9,2,7,0.5,0.1111111111111111,0.3888888888888889,0.3333333333333333,0.1111111111111111,18,2,0,2,2,0,2,0,0
CC(=O)NCC[C@H](N)C1=CC=C(/C=C/CO)C=C1,6/000000059,"InChI=1S/C14H20N2O2/c1-11(18)16-9-8-14(15)13-6-4-12(5-7-13)3-2-10-17/h2-7,14,17H,8-10,15H2,1H3,(H,16,18)/p+1/b3-2+/t14-/m0/s1",C14H21N2O2,248.15247788,1.2180999999999995,4.25,2.03,3.58,-170.0,3.422498804603583,1,DRUGLIKE_LANA,HsDHODH_Druglike,3,3,75.35000000000001,6,14,2,2,0.7777777777777778,0.1111111111111111,0.1111111111111111,0.35714285714285715,0.07142857142857142,18,1,0,1,0,0,0,0,0
CCCCCCCC1=NC=C(C2=C(CN)NC(CO)=C2)N1,4/000000219,"InChI=1S/C16H26N4O/c1-2-3-4-5-6-7-16-18-10-15(20-16)13-8-12(11-21)19-14(13)9-17/h8,10,19,21H,2-7,9,11,17H2,1H3,(H,18,20)",C16H26N4O,290.210661452,2.8686999999999996,4.24,3.6,20.5,-120.0,2.9799505435090925,1,DRUGLIKE_LANA,HsDHODH_Druglike,3,4,90.72,9,16,1,4,0.7619047619047619,0.047619047619047616,0.19047619047619047,0.5625,0.0,21,2,0,2,2,0,2,0,0
NCC1=CC(=O)OC[C@H]1/C=C/C1=COC(CCCBr)=C1CN,12/000000009,"InChI=1S/C16H21BrN2O3/c17-5-1-2-15-14(8-19)12(10-21-15)4-3-11-9-22-16(20)6-13(11)7-18/h3-4,6,10-11H,1-2,5,7-9,18-19H2/b4-3+/t11-/m1/s1",C16H21N2O3Br,368.073554632,2.1371,4.24,9.79,5.08,-150.0,4.3401901998182755,1,DRUGLIKE_LANA,HsDHODH_Druglike,5,2,91.48,7,16,3,2,0.7272727272727273,0.13636363636363635,0.09090909090909091,0.4375,0.0625,22,2,1,1,2,1,1,0,0
C=C[C@H](CCC1=CC=C(CCO)C=C1)N1C=C(CN)N=N1,23/000000054,"InChI=1S/C16H22N4O/c1-2-16(20-12-15(11-17)18-19-20)8-7-13-3-5-14(6-4-13)9-10-21/h2-6,12,16,21H,1,7-11,17H2/t16-/m1/s1",C16H22N4O,286.179361324,1.6315,4.24,2.53,6.45,-150.0,3.246749768274605,1,DRUGLIKE_LANA,HsDHODH_Druglike,5,2,76.96,8,16,1,4,0.7619047619047619,0.047619047619047616,0.19047619047619047,0.375,0.0625,21,2,0,2,1,0,1,0,0
O=C(O)C[C@@H](C#CC1=CC=CC2=C1NC=N2)C(=O)O,12/000000040,"InChI=1S/C13H10N2O4/c16-11(17)6-9(13(18)19)5-4-8-2-1-3-10-12(8)15-7-14-10/h1-3,7,9H,6H2,(H,14,15)(H,16,17)(H,18,19)/t9-/m1/s1",C13H10N2O4,258.0640568,1.0898999999999999,4.24,4.74,20.1,-190.0,3.4685311145890143,1,DRUGLIKE_LANA,HsDHODH_Druglike,3,3,103.27999999999999,3,13,4,2,0.6842105263157895,0.21052631578947367,0.10526315789473684,0.15384615384615385,0.07692307692307693,19,2,0,2,1,0,1,0,0
O=C(O)C1=CC=C(C2=CC=C(OCCO)C(Cl)=C2)O1,20/000000069,"InChI=1S/C13H11ClO5/c14-9-7-8(1-2-11(9)18-6-5-15)10-3-4-12(19-10)13(16)17/h1-4,7,15H,5-6H2,(H,16,17)",C13H11O5Cl,282.029501132,2.6693000000000007,4.24,5.58,5.09,-120.0,2.059003370229888,1,DRUGLIKE_LANA,HsDHODH_Druglike,4,2,79.9,5,13,5,0,0.6842105263157895,0.2631578947368421,0.0,0.15384615384615385,0.0,19,2,0,2,1,0,1,0,0
N[C@@H](/C=C/C1=CC=C(O)C(Cl)=C1)C1=NN=CO1,5/000000006,"InChI=1S/C11H10ClN3O2/c12-8-5-7(2-4-10(8)16)1-3-9(13)11-15-14-6-17-11/h1-6,9,16H,13H2/b3-1+/t9-/m0/s1",C11H10N3O2Cl,251.04615424,2.1418,4.24,2.52,2.22,-150.0,3.5287052296829913,1,DRUGLIKE_LANA,HsDHODH_Druglike,5,2,85.17,3,11,2,3,0.6470588235294118,0.11764705882352941,0.17647058823529413,0.09090909090909091,0.09090909090909091,17,2,0,2,1,0,1,0,0
COCC1=CC(C2=CN=C(C(=O)CCl)N2)=C(CO)N1,4/000000330,"InChI=1S/C12H14ClN3O3/c1-19-6-7-2-8(10(5-17)15-7)9-4-14-12(16-9)11(18)3-13/h2,4,15,17H,3,5-6H2,1H3,(H,14,16)",C12H14N3O3Cl,283.072368988,1.4649999999999999,4.24,3.34,22.7,-120.0,3.350078841928001,1,DRUGLIKE_LANA,HsDHODH_Druglike,4,3,91.0,6,12,3,3,0.631578947368421,0.15789473684210525,0.15789473684210525,0.3333333333333333,0.0,19,2,0,2,2,0,2,0,0
C=C(C)CC(=O)OCC1=CC(CC(=O)O)=CC(NC(N)=O)=C1,4/000000275,"InChI=1S/C15H18N2O5/c1-9(2)3-14(20)22-8-11-4-10(7-13(18)19)5-12(6-11)17-15(16)21/h4-6H,1,3,7-8H2,2H3,(H,18,19)(H3,16,17,21)",C15H18N2O5,306.121571676,1.8136999999999999,4.23,5.08,5.09,-80.0,2.5103478682688944,1,DRUGLIKE_LANA,HsDHODH_Druglike,4,3,118.72,7,15,5,2,0.6818181818181818,0.22727272727272727,0.09090909090909091,0.26666666666666666,0.0,22,1,0,1,0,0,0,0,0
O=C(C1=CC(=O)NC=N1)C1=CC(CCC2CCCCC2)=CN1,21/000000029,"InChI=1S/C17H21N3O2/c21-16-9-15(19-11-20-16)17(22)14-8-13(10-18-14)7-6-12-4-2-1-3-5-12/h8-12,18H,1-7H2,(H,19,20,21)",C17H21N3O2,299.16337691200005,2.8419000000000008,4.23,3.57,3.58,-150.0,2.927332491802142,1,DRUGLIKE_LANA,HsDHODH_Druglike,3,2,78.61,5,17,2,3,0.7727272727272727,0.09090909090909091,0.13636363636363635,0.47058823529411764,0.0,22,3,1,2,2,0,2,0,0
CC/C=C/CC1=CC(CC(=O)O)=CC(NC(N)=O)=C1,4/000000265,"InChI=1S/C14H18N2O3/c1-2-3-4-5-10-6-11(9-13(17)18)8-12(7-10)16-14(15)19/h3-4,6-8H,2,5,9H2,1H3,(H,17,18)(H3,15,16,19)/b4-3+",C14H18N2O3,262.131742436,2.3129999999999997,4.23,3.42,3.58,-20.0,2.468716990861795,1,DRUGLIKE_LANA,HsDHODH_Druglike,2,3,92.41999999999999,6,14,3,2,0.7368421052631579,0.15789473684210525,0.10526315789473684,0.2857142857142857,0.0,19,1,0,1,0,0,0,0,0
O=C(O)C1=CC=C(/C=C/C2CCNCC2)C(Br)=C1,26/000000002,"InChI=1S/C14H16BrNO2/c15-13-9-12(14(17)18)4-3-11(13)2-1-10-5-7-16-8-6-10/h1-4,9-10,16H,5-8H2,(H,17,18)/b2-1+",C14H15NO2Br,309.036440852,3.1601000000000017,4.22,5.88,3.85,-150.0,2.534788276670648,1,DRUGLIKE_LANA,HsDHODH_Druglike,2,2,49.33,3,14,2,1,0.7777777777777778,0.1111111111111111,0.05555555555555555,0.35714285714285715,0.0,18,2,1,1,1,1,0,0,0
O=C(O)C/C(=C\CCCC1CCCC1)C1=NNN=C1,29/000000063,"InChI=1S/C14H21N3O2/c18-14(19)9-12(13-10-15-17-16-13)8-4-3-7-11-5-1-2-6-11/h8,10-11H,1-7,9H2,(H,18,19)(H,15,16,17)/b12-8+",C14H21N3O2,263.163376912,3.0233000000000008,4.22,3.74,5.09,-150.0,2.9869085239440984,1,DRUGLIKE_LANA,HsDHODH_Druglike,3,2,78.86999999999999,7,14,2,3,0.7368421052631579,0.10526315789473684,0.15789473684210525,0.6428571428571429,0.0,19,2,1,1,1,0,1,0,0
NC1=CC(C/C(=C/[C@@H]2CCC(=O)O2)C2=NC=NN2)=CC=C1CO,6/000000021,"InChI=1S/C16H18N4O3/c17-14-6-10(1-2-11(14)8-21)5-12(16-18-9-19-20-16)7-13-3-4-15(22)23-13/h1-2,6-7,9,13,21H,3-5,8,17H2,(H,18,19,20)/b12-7-/t13-/m0/s1",C16H18N4O3,314.13789043599996,1.2109,4.22,8.05,5.09,-150.0,3.742209277459626,1,DRUGLIKE_LANA,HsDHODH_Druglike,6,3,114.12000000000002,5,16,3,4,0.6956521739130435,0.13043478260869565,0.17391304347826086,0.3125,0.0625,23,3,1,2,2,1,1,0,0
NCCOC(=O)C1=C(/C=C/CF)NC=C1C(=O)O,6/000000133,"InChI=1S/C11H13FN2O4/c12-3-1-2-8-9(11(17)18-5-4-13)7(6-14-8)10(15)16/h1-2,6,14H,3-5,13H2,(H,15,16)/p+1/b2-1+",C11H14N2O4F,256.08593511600003,0.8110999999999999,4.22,1.54,5.09,-60.0,3.8848540445162474,1,DRUGLIKE_LANA,HsDHODH_Druglike,4,3,105.41000000000001,6,11,4,2,0.6111111111111112,0.2222222222222222,0.1111111111111111,0.2727272727272727,0.0,18,1,0,1,1,0,1,0,0
O=C(O)C1=CC=C(C#CCCN2C=CN=N2)C(Br)=C1,26/000000003,"InChI=1S/C13H10BrN3O2/c14-12-9-11(13(18)19)5-4-10(12)3-1-2-7-17-8-6-15-16-17/h4-6,8-9H,2,7H2,(H,18,19)",C13H9N3O2Br,318.99563866,2.1806,4.21,6.61,22.3,0.0,2.755633558909132,1,DRUGLIKE_LANA,HsDHODH_Druglike,4,1,68.00999999999999,3,13,2,3,0.6842105263157895,0.10526315789473684,0.15789473684210525,0.15384615384615385,0.0,19,2,0,2,1,0,1,0,0
CO[C@@H](/C=C/C1=CC=C(O)C=C1NC(N)=O)CO,4/000000163,"InChI=1S/C12H16N2O4/c1-18-10(7-15)5-3-8-2-4-9(16)6-11(8)14-12(13)17/h2-6,10,15-16H,7H2,1H3,(H3,13,14,17)/b5-3+/t10-/m0/s1",C12H16N2O4,252.111006992,0.9033,4.21,4.08,3.58,-170.0,3.3180199097841143,1,DRUGLIKE_LANA,HsDHODH_Druglike,4,4,104.81000000000002,5,12,4,2,0.6666666666666666,0.2222222222222222,0.1111111111111111,0.25,0.08333333333333333,18,1,0,1,0,0,0,0,0
NCCCC1=C(O)NN=C1C(=O)/C=C/C1=CNC=C1,21/000000013,"InChI=1S/C13H16N4O2/c14-6-1-2-10-12(16-17-13(10)19)11(18)4-3-9-5-7-15-8-9/h3-5,7-8,15H,1-2,6,14H2,(H2,16,17,19)/b4-3+",C13H16N4O2,260.127325752,1.2308000000000001,4.21,4.9,3.72,0.0,3.397084840960414,1,DRUGLIKE_LANA,HsDHODH_Druglike,4,4,107.78999999999999,6,13,2,4,0.6842105263157895,0.10526315789473684,0.21052631578947367,0.23076923076923078,0.0,19,2,0,2,2,0,2,0,0
C=C[C@H](CCC1=CC=CC(COCN)=C1)N1C=C(CN)N=N1,23/000000040,"InChI=1S/C16H23N5O/c1-2-16(21-10-15(9-17)19-20-21)7-6-13-4-3-5-14(8-13)11-22-12-18/h2-5,8,10,16H,1,6-7,9,11-12,17-18H2/t16-/m1/s1",C16H23N5O,301.19026035600007,1.5294999999999996,4.21,1.05,6.45,-170.0,3.5210725819522697,1,DRUGLIKE_LANA,HsDHODH_Druglike,6,2,91.98,9,16,1,5,0.7272727272727273,0.045454545454545456,0.22727272727272727,0.375,0.0625,22,2,0,2,1,0,1,0,0
C[C@@H](CCN1C=C(/C=C/CO)C(CO)=C1)OC1=CC=NN1,4/000000061,"InChI=1S/C15H21N3O3/c1-12(21-15-4-6-16-17-15)5-7-18-9-13(3-2-8-19)14(10-18)11-20/h2-4,6,9-10,12,19-20H,5,7-8,11H2,1H3,(H,16,17)/b3-2+/t12-/m0/s1",C15H21N3O3,291.158291532,1.5665999999999998,4.21,4.07,4.94,-170.0,4.0408543836592195,1,DRUGLIKE_LANA,HsDHODH_Druglike,5,3,83.30000000000001,8,15,3,3,0.7142857142857143,0.14285714285714285,0.14285714285714285,0.4,0.06666666666666667,21,2,0,2,2,0,2,0,0
CCCC1=NON=C1/C=C(/CO)C1=NNC(=O)N1,16/000000007,"InChI=1S/C10H13N5O3/c1-2-3-7-8(15-18-14-7)4-6(5-16)9-11-10(17)13-12-9/h4,16H,2-3,5H2,1H3,(H2,11,12,13,17)/b6-4-",C10H13N5O3,251.101839276,-0.03359999999999991,4.2,2.87,2.22,-40.0,3.800557507439878,1,DRUGLIKE_LANA,HsDHODH_Druglike,6,3,120.69,5,10,3,5,0.5555555555555556,0.16666666666666666,0.2777777777777778,0.4,0.0,18,2,0,2,2,0,2,0,0
CCCCCC/C=C(\CC(=O)O)C1=NNN=C1,29/000000027,"InChI=1S/C12H19N3O2/c1-2-3-4-5-6-7-10(8-12(16)17)11-9-13-15-14-11/h7,9H,2-6,8H2,1H3,(H,16,17)(H,13,14,15)/b10-7+",C12H19N3O2,237.147726848,2.6331999999999995,4.2,2.78,3.72,-20.0,2.9380127356867103,1,DRUGLIKE_LANA,HsDHODH_Druglike,3,2,78.86999999999999,8,12,2,3,0.7058823529411765,0.11764705882352941,0.17647058823529413,0.5833333333333334,0.0,17,1,0,1,1,0,1,0,0
C=CC1=CC([C@@H](N)CBr)=CC(NC(N)=O)=C1,4/000000110,"InChI=1S/C11H14BrN3O/c1-2-7-3-8(10(13)6-12)5-9(4-7)15-11(14)16/h2-5,10H,1,6,13H2,(H3,14,15,16)/t10-/m0/s1",C11H14N3OBr,283.03202416799996,2.2149,4.2,5.81,3.58,-150.0,3.3065749809725222,1,DRUGLIKE_LANA,HsDHODH_Druglike,2,3,81.13999999999999,4,11,1,3,0.6875,0.0625,0.1875,0.18181818181818182,0.09090909090909091,16,1,0,1,0,0,0,0,0
CCCNCC1=C(O)C(=O)C=C(C2=NN=NN2)O1,2/000000003,"InChI=1S/C10H13N5O3/c1-2-3-11-5-8-9(17)6(16)4-7(18-8)10-12-14-15-13-10/h4,11,17H,2-3,5H2,1H3,(H,12,13,14,15)",C10H13N5O3,251.101839276,0.025099999999999623,4.2,3.7,23.8,-140.0,3.204076059476078,1,DRUGLIKE_LANA,HsDHODH_Druglike,7,3,116.92999999999999,5,10,3,5,0.5555555555555556,0.16666666666666666,0.2777777777777778,0.4,0.0,18,2,0,2,2,0,2,0,0
CCCCCC1=C(CN)C(/C=C/[C@@H]2COC(=O)C=C2CN)=CO1,12/000000004,"InChI=1S/C18H26N2O3/c1-2-3-4-5-17-16(10-20)14(12-22-17)7-6-13-11-23-18(21)8-15(13)9-19/h6-8,12-13H,2-5,9-11,19-20H2,1H3/b7-6+/t13-/m1/s1",C18H26N2O3,318.19434269199996,2.5423,4.2,9.96,6.6,-170.0,4.071694678212719,1,DRUGLIKE_LANA,HsDHODH_Druglike,5,2,91.48,8,18,3,2,0.782608695652174,0.13043478260869565,0.08695652173913043,0.5,0.05555555555555555,23,2,1,1,2,1,1,0,0
O=C(O)C1=NOC(C2=CCOC2)=C1C#CCO,6/000000155,"InChI=1S/C11H9NO5/c13-4-1-2-8-9(11(14)15)12-17-10(8)7-3-5-16-6-7/h3,13H,4-6H2,(H,14,15)",C11H9NO5,235.048072388,0.13019999999999987,4.2,4.02,21.8,-80.0,3.552170427994403,1,DRUGLIKE_LANA,HsDHODH_Druglike,5,2,92.79,2,11,5,1,0.6470588235294118,0.29411764705882354,0.058823529411764705,0.2727272727272727,0.0,17,2,1,1,2,1,1,0,0
CCCC1=NON=C1/C=C(/CO)C1=NC=C2C=NNC2=C1,16/000000019,"InChI=1S/C14H15N5O2/c1-2-3-11-14(19-21-18-11)4-9(8-20)12-5-13-10(6-15-12)7-16-17-13/h4-7,20H,2-3,8H2,1H3,(H,16,17)/b9-4-",C14H15N5O2,285.12257472000005,1.8262999999999998,4.2,3.98,23.0,-80.0,3.5950711109744145,1,DRUGLIKE_LANA,HsDHODH_Druglike,6,2,100.72,5,14,2,5,0.6666666666666666,0.09523809523809523,0.23809523809523808,0.2857142857142857,0.0,21,3,0,3,3,0,3,0,0
C=CC1=C(C2=CC(CCCNC(N)N)=CC(=O)O2)C=NO1,23/000000060,"InChI=1S/C14H18N4O3/c1-2-11-10(8-18-21-11)12-6-9(7-13(19)20-12)4-3-5-17-14(15)16/h2,6-8,14,17H,1,3-5,15-16H2",C14H16N4O3,290.13789043599996,0.6609999999999996,4.19,8.85,3.58,-120.0,3.4301270624139164,1,DRUGLIKE_LANA,HsDHODH_Druglike,7,3,120.30999999999999,7,14,3,4,0.6666666666666666,0.14285714285714285,0.19047619047619047,0.2857142857142857,0.0,21,2,0,2,2,0,2,0,0
NC/C=C(\C1=NNN=C1)C1=CC=CC(Cl)=C1Cl,29/000000036,"InChI=1S/C11H10Cl2N4/c12-9-3-1-2-8(11(9)13)7(4-5-14)10-6-15-17-16-10/h1-4,6H,5,14H2,(H,15,16,17)/p+1/b7-4-",C11H11N4Cl2,268.02825168,2.5019,4.19,5.04,2.22,0.0,3.52698773568671,1,DRUGLIKE_LANA,HsDHODH_Druglike,3,2,67.59,3,11,0,4,0.6470588235294118,0.0,0.23529411764705882,0.09090909090909091,0.0,17,2,0,2,1,0,1,0,0
O=C(O)C1=NOC(C#C[C@H]2C=CCCC2)=C1C(=O)O,6/000000149,"InChI=1S/C13H11NO5/c15-12(16)10-9(19-14-11(10)13(17)18)7-6-8-4-2-1-3-5-8/h2,4,8H,1,3,5H2,(H,15,16)(H,17,18)/t8-/m0/s1",C13H10NO5,261.06372245200004,1.7788,4.19,4.45,24.0,-150.0,4.038585105880741,1,DRUGLIKE_LANA,HsDHODH_Druglike,4,2,100.63000000000001,2,13,5,1,0.6842105263157895,0.2631578947368421,0.05263157894736842,0.3076923076923077,0.07692307692307693,19,2,1,1,1,0,1,0,0
O=C(O)C1=CNC(CCC2=CC=CC3=C2C=NO3)=C1C(=O)O,6/000000129,"InChI=1S/C15H12N2O5/c18-14(19)10-6-16-11(13(10)15(20)21)5-4-8-2-1-3-12-9(8)7-17-22-12/h1-3,6-7,16H,4-5H2,(H,18,19)(H,20,21)",C15H12N2O5,300.074621484,2.3375,4.19,7.18,3.7,-40.0,2.9001129353505295,1,DRUGLIKE_LANA,HsDHODH_Druglike,4,3,116.42,5,15,5,2,0.6818181818181818,0.22727272727272727,0.09090909090909091,0.13333333333333333,0.0,22,3,0,3,2,0,2,0,0
O=C(O)C#CC1=CC(C2=COC(C(=O)O)=C2)=CC=C1,17/000000004,"InChI=1S/C14H8O5/c15-13(16)5-4-9-2-1-3-10(6-9)11-7-12(14(17)18)19-8-11/h1-3,6-8H,(H,15,16)(H,17,18)",C14H7O5,256.03717335600004,2.0809,4.19,2.97,3.85,-120.0,2.6723932105782175,1,DRUGLIKE_LANA,HsDHODH_Druglike,3,2,87.74,2,14,5,0,0.7368421052631579,0.2631578947368421,0.0,0.0,0.0,19,2,0,2,1,0,1,0,0
O=C(C/C=C/C1=C(C(=O)O)C(C(=O)O)=CN1)CC1=NNC(=O)O1,6/000000126,"InChI=1S/C13H11N3O7/c17-6(4-9-15-16-13(22)23-9)2-1-3-8-10(12(20)21)7(5-14-8)11(18)19/h1,3,5,14H,2,4H2,(H,16,22)(H,18,19)(H,20,21)/b3-1+",C13H11N3O7,321.059699692,0.30250000000000005,4.18,7.62,4.94,0.0,3.4311068059408667,1,DRUGLIKE_LANA,HsDHODH_Druglike,6,4,166.35000000000002,7,13,7,3,0.5652173913043478,0.30434782608695654,0.13043478260869565,0.15384615384615385,0.0,23,2,0,2,2,0,2,0,0
O=C(O)CC#CC1=CC=CC([C@H](Br)CCO)=C1,19/000000019,"InChI=1S/C13H13BrO3/c14-12(7-8-15)11-5-1-3-10(9-11)4-2-6-13(16)17/h1,3,5,9,12,15H,6-8H2,(H,16,17)/t12-/m1/s1",C13H13O3Br,296.00480637600003,2.3312,4.18,4.94,15.7,-150.0,3.2792387198630246,1,DRUGLIKE_LANA,HsDHODH_Druglike,2,2,57.53,4,13,3,0,0.7647058823529411,0.17647058823529413,0.0,0.3076923076923077,0.07692307692307693,17,1,0,1,0,0,0,0,0
CCCC1=CC=CC=C1O[C@H](CO)C(=O)O,20/000000057,"InChI=1S/C12H16O4/c1-2-5-9-6-3-4-7-10(9)16-11(8-13)12(14)15/h3-4,6-7,11,13H,2,5,8H2,1H3,(H,14,15)/t11-/m1/s1",C12H16O4,224.104858992,1.4634,4.18,9.14,2.22,-170.0,2.527116581232727,1,DRUGLIKE_LANA,HsDHODH_Druglike,3,2,66.76,6,12,4,0,0.75,0.25,0.0,0.4166666666666667,0.08333333333333333,16,1,0,1,0,0,0,0,0
OC/C=C(/C1=NNN=C1)C1=NC(C(F)F)=CN=C1,29/000000048,"InChI=1S/C10H9F2N5O/c11-10(12)9-4-13-3-7(15-9)6(1-2-18)8-5-14-17-16-8/h1,3-5,10,18H,2H2,(H,14,16,17)/b6-1+",C10H9N5OF2,253.077516348,0.9562999999999999,4.18,2.81,22.6,-150.0,3.5008072811955344,1,DRUGLIKE_LANA,HsDHODH_Druglike,5,2,87.58,4,10,1,5,0.5555555555555556,0.05555555555555555,0.2777777777777778,0.2,0.0,18,2,0,2,2,0,2,0,0
NC(=O)NC1=C(NC(=O)C2NC=CN2)C=CC(C/C=C/CCl)=C1,4/000000182,"InChI=1S/C15H18ClN5O2/c16-6-2-1-3-10-4-5-11(12(9-10)21-15(17)23)20-14(22)13-18-7-8-19-13/h1-2,4-5,7-9,13,18-19H,3,6H2,(H,20,22)(H3,17,21,23)/b2-1+",C15H18N5O2Cl,335.114902496,1.4433000000000005,4.18,4.71,6.77,-170.0,3.3721135007844856,1,DRUGLIKE_LANA,HsDHODH_Druglike,4,5,108.28,6,15,2,5,0.6521739130434783,0.08695652173913043,0.21739130434782608,0.2,0.0,23,2,1,1,1,1,0,0,0
CCCNC1=CC(C(=O)C2=NNC(O)=C2)=NC(NCC(=O)O)=N1,21/000000009,"InChI=1S/C13H16N6O4/c1-2-3-14-9-4-7(12(23)8-5-10(20)19-18-8)16-13(17-9)15-6-11(21)22/h4-5H,2-3,6H2,1H3,(H,21,22)(H2,18,19,20)(H2,14,15,16,17)",C13H16N6O4,320.123302992,0.4546999999999998,4.18,5.18,5.09,-80.0,3.139756599896911,1,DRUGLIKE_LANA,HsDHODH_Druglike,8,5,153.12,8,13,4,6,0.5652173913043478,0.17391304347826086,0.2608695652173913,0.3076923076923077,0.0,23,2,0,2,2,0,2,0,0
CCCCCCC1=NC=C(C2=C(CN)NC(CO)=C2)N1,4/000000208,"InChI=1S/C15H24N4O/c1-2-3-4-5-6-15-17-9-14(19-15)12-7-11(10-20)18-13(12)8-16/h7,9,18,20H,2-6,8,10,16H2,1H3,(H,17,19)",C15H24N4O,276.195011388,2.4785999999999992,4.18,2.48,19.9,-120.0,3.0149595200877934,1,DRUGLIKE_LANA,HsDHODH_Druglike,3,4,90.72,8,15,1,4,0.75,0.05,0.2,0.5333333333333333,0.0,20,2,0,2,2,0,2,0,0
O=C(O)[C@@H](C#CC1=CNC=C1)C1=CN=CC=C1,20/000000099,"InChI=1S/C13H10N2O2/c16-13(17)12(11-2-1-6-14-9-11)4-3-10-5-7-15-8-10/h1-2,5-9,12,15H,(H,16,17)/t12-/m0/s1",C13H10N2O2,226.07422756,1.6296,4.18,1.96,2.35,-150.0,3.5742591347065407,1,DRUGLIKE_LANA,HsDHODH_Druglike,2,2,65.97999999999999,2,13,2,2,0.7647058823529411,0.11764705882352941,0.11764705882352941,0.07692307692307693,0.07692307692307693,17,2,0,2,2,0,2,0,0
CC(=O)NCCC1=CC=C([C@H](O)C#CCN)C=C1O,6/000000056,"InChI=1S/C14H18N2O3/c1-10(17)16-8-6-11-4-5-12(9-14(11)19)13(18)3-2-7-15/h4-5,9,13,18-19H,6-8,15H2,1H3,(H,16,17)/t13-/m1/s1",C14H18N2O3,262.131742436,0.06630000000000047,4.18,2.74,3.58,-170.0,3.176986629828491,1,DRUGLIKE_LANA,HsDHODH_Druglike,4,4,95.58,4,14,3,2,0.7368421052631579,0.15789473684210525,0.10526315789473684,0.35714285714285715,0.07142857142857142,19,1,0,1,0,0,0,0,0
C=CCC(=O)C1=NC=C(C2=C(CF)NC(CO)=C2)N1,4/000000339,"InChI=1S/C13H14FN3O2/c1-2-3-12(19)13-15-6-11(17-13)9-4-8(7-18)16-10(9)5-14/h2,4,6,16,18H,1,3,5,7H2,(H,15,17)",C13H14N3O2F,263.107004908,2.1253999999999995,4.18,2.8,24.1,-100.0,3.620802499402602,1,DRUGLIKE_LANA,HsDHODH_Druglike,3,3,81.77000000000001,6,13,2,3,0.6842105263157895,0.10526315789473684,0.15789473684210525,0.23076923076923078,0.0,19,2,0,2,2,0,2,0,0
O=C1C=CNC2=CC(/C=C/C3=NC4=C(C=C3)N=CN4)=CC=C12,25/000000002,"InChI=1S/C17H12N4O/c22-16-7-8-18-15-9-11(2-5-13(15)16)1-3-12-4-6-14-17(21-12)20-10-19-14/h1-10H,(H,18,22)(H,19,20,21)/b3-1+",C17H12N4O,288.101111004,2.969800000000001,4.18,5.86,19.3,-80.0,2.8924959015654537,1,DRUGLIKE_LANA,HsDHODH_Druglike,3,2,74.43,2,17,1,4,0.7727272727272727,0.045454545454545456,0.18181818181818182,0.0,0.0,22,4,0,4,3,0,3,0,0
NCC#CC1=C(C(F)F)ON=C1C(=O)O,6/000000139,"InChI=1S/C8H6F2N2O3/c9-7(10)6-4(2-1-3-11)5(8(13)14)12-15-6/h7H,3,11H2,(H,13,14)/p+1",C8H7N2O3F2,216.034648492,0.6206,4.17,4.87,23.0,-150.0,4.104144657265455,1,DRUGLIKE_LANA,HsDHODH_Druglike,4,2,89.35000000000001,2,8,3,2,0.5333333333333333,0.2,0.13333333333333333,0.25,0.0,15,1,0,1,1,0,1,0,0
OC/C(=C/C1=NON=C1)C1=CC(O)=CN=C1,16/000000030,"InChI=1S/C10H9N3O3/c14-6-8(1-9-4-12-16-13-9)7-2-10(15)5-11-3-7/h1-5,14-15H,6H2/b8-1-",C10H9N3O3,219.064391148,0.7030999999999998,4.17,4.21,3.58,0.0,3.60752874290686,1,DRUGLIKE_LANA,HsDHODH_Druglike,6,2,92.27000000000001,3,10,3,3,0.625,0.1875,0.1875,0.1,0.0,16,2,0,2,2,0,2,0,0
NC/C=C(\C1=NNN=C1)C1=C(Cl)C(O)=CC=C1,29/000000019,"InChI=1S/C11H11ClN4O/c12-11-8(2-1-3-10(11)17)7(4-5-13)9-6-14-16-15-9/h1-4,6,17H,5,13H2,(H,14,15,16)/b7-4-",C11H11N4OCl,250.062138652,1.5540999999999996,4.17,5.14,2.22,0.0,3.2184550433790173,1,DRUGLIKE_LANA,HsDHODH_Druglike,4,3,87.82000000000001,3,11,1,4,0.6470588235294118,0.058823529411764705,0.23529411764705882,0.09090909090909091,0.0,17,2,0,2,1,0,1,0,0
NCCC1=NON=C1C(=O)[C@H](O)C1=CC2=C(C=CC=C2)N1,29/000000075,"InChI=1S/C14H14N4O3/c15-6-5-10-12(18-21-17-10)14(20)13(19)11-7-8-3-1-2-4-9(8)16-11/h1-4,7,13,16,19H,5-6,15H2/t13-/m1/s1",C14H14N4O3,286.106590308,0.9683999999999997,4.17,3.73,3.58,-190.0,3.4743228451976815,1,DRUGLIKE_LANA,HsDHODH_Druglike,6,3,118.03,5,14,3,4,0.6666666666666666,0.14285714285714285,0.19047619047619047,0.21428571428571427,0.07142857142857142,21,3,0,3,2,0,2,0,0
O=C(C1=CC(=O)NC=N1)C1=NN=C(/C=C\C2CCCCC2)N1,21/000000019,"InChI=1S/C15H17N5O2/c21-13-8-11(16-9-17-13)14(22)15-18-12(19-20-15)7-6-10-4-2-1-3-5-10/h6-10H,1-5H2,(H,16,17,21)(H,18,19,20)/b7-6-",C15H17N5O2,299.13822478400004,1.7125000000000001,4.16,2.91,3.58,-150.0,3.498854126417526,1,DRUGLIKE_LANA,HsDHODH_Druglike,5,2,104.39000000000001,4,15,2,5,0.6818181818181818,0.09090909090909091,0.22727272727272727,0.4,0.0,22,3,1,2,2,0,2,0,0
NC(=O)NC1=CC(CCCCl)=CC(CCO)=C1,4/000000097,"InChI=1S/C12H17ClN2O2/c13-4-1-2-9-6-10(3-5-16)8-11(7-9)15-12(14)17/h6-8,16H,1-5H2,(H3,14,15,17)",C12H17N2O2Cl,256.097855464,1.8834000000000002,4.16,4.83,3.58,0.0,2.2973575802038955,1,DRUGLIKE_LANA,HsDHODH_Druglike,2,3,75.35000000000001,6,12,2,2,0.7058823529411765,0.11764705882352941,0.11764705882352941,0.4166666666666667,0.0,17,1,0,1,0,0,0,0,0
NCC1=CC(=O)C2=CC=C(/C=C/C3=CNC(=O)C=C3)C=C2N1,25/000000003,"InChI=1S/C17H15N3O2/c18-9-13-8-16(21)14-5-3-11(7-15(14)20-13)1-2-12-4-6-17(22)19-10-12/h1-8,10H,9,18H2,(H,19,22)(H,20,21)/b2-1+",C17H15N3O2,293.11642672000005,1.8455,4.16,6.24,22.4,-80.0,2.759910170373571,1,DRUGLIKE_LANA,HsDHODH_Druglike,3,3,91.74000000000001,3,17,2,3,0.7727272727272727,0.09090909090909091,0.13636363636363635,0.058823529411764705,0.0,22,3,0,3,2,0,2,0,0
C[C@@H](CCN1C=C(/C=C/CN)C(CO)=C1)C1=NC=NO1,4/000000178,"InChI=1S/C14H20N4O2/c1-11(14-16-10-17-20-14)4-6-18-7-12(3-2-5-15)13(8-18)9-19/h2-3,7-8,10-11,19H,4-6,9,15H2,1H3/b3-2+/t11-/m0/s1",C14H20N4O2,276.15862588,1.5291000000000001,4.16,2.8,3.58,-170.0,4.1335516598330635,1,DRUGLIKE_LANA,HsDHODH_Druglike,6,2,90.1,7,14,2,4,0.7,0.1,0.2,0.42857142857142855,0.07142857142857142,20,2,0,2,2,0,2,0,0
C#CCC1=CC(C2=CN=C(CCCCCCl)N2)=C(CN)N1,4/000000071,"InChI=1S/C16H21ClN4/c1-2-6-12-9-13(14(10-18)20-12)15-11-19-16(21-15)7-4-3-5-8-17/h1,9,11,20H,3-8,10,18H2,(H,19,21)",C16H21N4Cl,304.14547435200006,2.9908,4.16,3.15,23.8,-120.0,3.4480243896629386,1,DRUGLIKE_LANA,HsDHODH_Druglike,2,3,70.49000000000001,8,16,0,4,0.7619047619047619,0.0,0.19047619047619047,0.4375,0.0,21,2,0,2,2,0,2,0,0
C=C[C@H](CCC1=CC(CC(=O)O)=CC=C1)N1C=C(CN)N=N1,23/000000044,"InChI=1S/C16H20N4O2/c1-2-15(20-11-14(10-17)18-19-20)7-6-12-4-3-5-13(8-12)9-16(21)22/h2-5,8,11,15H,1,6-7,9-10,17H2,(H,21,22)/t15-/m1/s1",C16H20N4O2,300.15862588000005,1.7238,4.16,1.93,4.94,-170.0,3.262631142746315,1,DRUGLIKE_LANA,HsDHODH_Druglike,5,2,94.03,8,16,2,4,0.7272727272727273,0.09090909090909091,0.18181818181818182,0.3125,0.0625,22,2,0,2,1,0,1,0,0
C[C@@H](C/C=C(\CC(=O)O)C1=NNN=C1)C1=NC=NN1,29/000000052,"InChI=1S/C11H14N6O2/c1-7(11-12-6-14-16-11)2-3-8(4-10(18)19)9-5-13-17-15-9/h3,5-7H,2,4H2,1H3,(H,18,19)(H,12,14,16)(H,13,15,17)/b8-3+/t7-/m0/s1",C11H14N6O2,262.117823688,0.9746999999999999,4.16,5.63,3.72,-170.0,4.018205860597723,1,DRUGLIKE_LANA,HsDHODH_Druglike,5,3,120.44,6,11,2,6,0.5789473684210527,0.10526315789473684,0.3157894736842105,0.36363636363636365,0.09090909090909091,19,2,0,2,2,0,2,0,0
C[C@](N)(/C=C/C1=CC=C(O)C(Cl)=C1)C1=CCNC1,5/000000014,"InChI=1S/C14H17ClN2O/c1-14(16,11-5-7-17-9-11)6-4-10-2-3-13(18)12(15)8-10/h2-6,8,17-18H,7,9,16H2,1H3/b6-4+/t14-/m0/s1",C14H17N2OCl,264.102940844,2.3058000000000005,4.16,3.87,2.22,-170.0,3.8257264969112734,1,DRUGLIKE_LANA,HsDHODH_Druglike,3,3,58.28,3,14,1,2,0.7777777777777778,0.05555555555555555,0.1111111111111111,0.2857142857142857,0.07142857142857142,18,2,1,1,1,1,0,0,0
C=C1C(=O)NC(=O)N(C[C@H](O)C2=CC=C(O)C(Cl)=C2)C1=O,5/000000012,"InChI=1S/C13H11ClN2O5/c1-6-11(19)15-13(21)16(12(6)20)5-10(18)7-2-3-9(17)8(14)4-7/h2-4,10,17-18H,1,5H2,(H,15,19,21)/t10-/m0/s1",C13H11N2O5Cl,310.035649132,0.7136,4.16,3.02,3.84,-150.0,3.1973194935493296,1,DRUGLIKE_LANA,HsDHODH_Druglike,5,3,106.94,3,13,5,2,0.6190476190476191,0.23809523809523808,0.09523809523809523,0.15384615384615385,0.07692307692307693,21,2,1,1,1,1,0,0,0
C=C(CCl)CC(=O)OCC1=CC(CC(=O)O)=CC(NC(N)=O)=C1,4/000000273,"InChI=1S/C15H17ClN2O5/c1-9(7-16)2-14(21)23-8-11-3-10(6-13(19)20)4-12(5-11)18-15(17)22/h3-5H,1-2,6-8H2,(H,19,20)(H3,17,18,22)",C15H17N2O5Cl,340.08259932400006,2.0326,4.15,5.74,5.09,-90.0,2.6929315843882264,1,DRUGLIKE_LANA,HsDHODH_Druglike,4,3,118.72,8,15,5,2,0.6521739130434783,0.21739130434782608,0.08695652173913043,0.26666666666666666,0.0,23,1,0,1,0,0,0,0,0
CCCCC#C[C@H](C(=O)O)C1=C(Br)C=NN1,20/000000097,"InChI=1S/C11H13BrN2O2/c1-2-3-4-5-6-8(11(15)16)10-9(12)7-13-14-10/h7-8H,2-4H2,1H3,(H,13,14)(H,15,16)/t8-/m0/s1",C11H13N2O2Br,284.01603975600005,2.534,4.15,4.15,2.22,-170.0,3.7822200777362234,1,DRUGLIKE_LANA,HsDHODH_Druglike,2,2,65.97999999999999,4,11,2,2,0.6875,0.125,0.125,0.45454545454545453,0.09090909090909091,16,1,0,1,1,0,1,0,0
C[C@@H](O)/C=C(/C1=NNN=C1)C1=NC(NCCCl)=CN=C1,29/000000056,"InChI=1S/C12H15ClN6O/c1-8(20)4-9(11-6-16-19-18-11)10-5-14-7-12(17-10)15-3-2-13/h4-8,20H,2-3H2,1H3,(H,15,17)(H,16,18,19)/b9-4+/t8-/m1/s1",C12H15N6OCl,294.09958678000004,1.0578999999999998,4.15,5.52,21.5,-170.0,3.8904131982946017,1,DRUGLIKE_LANA,HsDHODH_Druglike,6,3,99.61,6,12,1,6,0.6,0.05,0.3,0.3333333333333333,0.08333333333333333,20,2,0,2,2,0,2,0,0
C#CC1=C(C2=CC=CC(O)=C2I)ON=C1C(=O)O,6/000000137,"InChI=1S/C12H6INO4/c1-2-6-10(12(16)17)14-18-11(6)7-4-3-5-8(15)9(7)13/h1,3-5,15H,(H,16,17)",C12H6NO4I,354.9341556719999,2.3313,4.15,5.71,2.22,-120.0,3.1703981575460753,1,DRUGLIKE_LANA,HsDHODH_Druglike,4,2,83.56,2,12,4,1,0.6666666666666666,0.2222222222222222,0.05555555555555555,0.0,0.0,18,2,0,2,1,0,1,0,0
CC[C@H](N)CN1C=C(/C=C/CO)C(CO)=C1,4/000000059,"InChI=1S/C12H20N2O2/c1-2-12(13)8-14-6-10(4-3-5-15)11(7-14)9-16/h3-4,6-7,12,15-16H,2,5,8-9,13H2,1H3/p+1/b4-3+/t12-/m0/s1",C12H21N2O2,224.15247788,0.7231999999999998,4.15,3.41,3.58,-170.0,4.459054693120837,1,DRUGLIKE_LANA,HsDHODH_Druglike,4,3,71.41,6,12,2,2,0.75,0.125,0.125,0.5,0.08333333333333333,16,1,0,1,1,0,1,0,0
CCCCN1C=C(/C=C/[C@@H](O)CBr)C(CO)=C1,4/000000058,"InChI=1S/C13H20BrNO2/c1-2-3-6-15-8-11(12(9-15)10-16)4-5-13(17)7-14/h4-5,8-9,13,16-17H,2-3,6-7,10H2,1H3/b5-4+/t13-/m1/s1",C13H20NO2Br,301.06774098,2.549500000000001,4.15,1.75,3.58,-190.0,3.754132336884301,1,DRUGLIKE_LANA,HsDHODH_Druglike,3,2,45.39,7,13,2,1,0.7647058823529411,0.11764705882352941,0.058823529411764705,0.5384615384615384,0.07692307692307693,17,1,0,1,1,0,1,0,0
CCC1=NC=C(C2=C(CN)NC(C(C)=O)=C2)N1,4/000000209,"InChI=1S/C12H16N4O/c1-3-12-14-6-11(16-12)8-4-9(7(2)17)15-10(8)5-13/h4,6,15H,3,5,13H2,1-2H3,(H,14,16)",C12H16N4O,232.132411132,1.6285,4.14,3.19,19.1,-200.0,3.134534339614696,1,DRUGLIKE_LANA,HsDHODH_Druglike,3,3,87.56,4,12,1,4,0.7058823529411765,0.058823529411764705,0.23529411764705882,0.3333333333333333,0.0,17,2,0,2,2,0,2,0,0
CCN[C@@H](N)NCCCC1=CC(=O)OC(C2=CON=C2)=C1,23/000000062,"InChI=1S/C14H20N4O3/c1-2-16-14(15)17-5-3-4-10-6-12(21-13(19)7-10)11-8-18-20-9-11/h6-9,14,16-17H,2-5,15H2,1H3",C14H18N4O3,292.15354049999996,0.6688000000000003,4.14,8.92,3.58,-140.0,3.754873614428451,1,DRUGLIKE_LANA,HsDHODH_Druglike,7,3,106.32000000000001,8,14,3,4,0.6666666666666666,0.14285714285714285,0.19047619047619047,0.42857142857142855,0.07142857142857142,21,2,0,2,2,0,2,0,0
C=CC1=C(C(=O)NCCC(C)=O)OC(CO)=CC1,20/000000132,"InChI=1S/C13H17NO4/c1-3-10-4-5-11(8-15)18-12(10)13(17)14-7-6-9(2)16/h3,5,15H,1,4,6-8H2,2H3,(H,14,17)",C13H17NO4,251.115758024,0.8182999999999998,4.14,3.44,19.0,-80.0,3.534373981721899,1,DRUGLIKE_LANA,HsDHODH_Druglike,4,2,75.63000000000001,6,13,4,1,0.7222222222222222,0.2222222222222222,0.05555555555555555,0.38461538461538464,0.0,18,1,1,0,1,1,0,0,0
CC#C[C@H](C(=O)O)N1C=CCNC1,20/000000004,"InChI=1S/C9H12N2O2/c1-2-4-8(9(12)13)11-6-3-5-10-7-11/h3,6,8,10H,5,7H2,1H3,(H,12,13)/t8-/m1/s1",C9H12N2O2,180.089877624,-0.1607,4.14,2.17,2.22,-170.0,4.786888974774339,1,DRUGLIKE_LANA,HsDHODH_Druglike,3,2,52.57,2,9,2,2,0.6923076923076923,0.15384615384615385,0.15384615384615385,0.4444444444444444,0.1111111111111111,13,1,1,0,1,1,0,0,0
CCNC(=O)C1=CCC=C(C(=O)O)O1,20/000000120,"InChI=1S/C9H11NO4/c1-2-10-8(11)6-4-3-5-7(14-6)9(12)13/h4-5H,2-3H2,1H3,(H,10,11)(H,12,13)",C9H11NO4,197.068807832,0.3952000000000002,4.14,2.45,2.48,-20.0,3.1857668205099525,1,DRUGLIKE_LANA,HsDHODH_Druglike,3,2,75.63000000000001,3,9,4,1,0.6428571428571429,0.2857142857142857,0.07142857142857142,0.3333333333333333,0.0,14,1,1,0,1,1,0,0,0
OC/C=C(\C1=NC=C(C(F)F)N=C1)C1=NNN=C1,29/000000026,"InChI=1S/C10H9F2N5O/c11-10(12)9-4-13-7(3-14-9)6(1-2-18)8-5-15-17-16-8/h1,3-5,10,18H,2H2,(H,15,16,17)/b6-1+",C10H9N5OF2,253.077516348,0.9562999999999999,4.14,3.91,22.6,-150.0,3.4621385029149927,1,DRUGLIKE_LANA,HsDHODH_Druglike,5,2,87.58,4,10,1,5,0.5555555555555556,0.05555555555555555,0.2777777777777778,0.2,0.0,18,2,0,2,2,0,2,0,0
NC[C@@H](O)/C=C/C1=CC=C(Br)C=C1NC(N)=O,4/000000067,"InChI=1S/C11H14BrN3O2/c12-8-3-1-7(2-4-9(16)6-13)10(5-8)15-11(14)17/h1-5,9,16H,6,13H2,(H3,14,15,17)/b4-2+/t9-/m0/s1",C11H14N3O2Br,299.026938788,1.2725,4.14,2.93,3.58,-170.0,3.222575672826805,1,DRUGLIKE_LANA,HsDHODH_Druglike,3,4,101.37,4,11,2,3,0.6470588235294118,0.11764705882352941,0.17647058823529413,0.18181818181818182,0.09090909090909091,17,1,0,1,0,0,0,0,0
C=C[C@H](O)C(=O)CCCCC1=C(C)NNC1,16/000000005,"InChI=1S/C12H20N2O2/c1-3-11(15)12(16)7-5-4-6-10-8-13-14-9(10)2/h3,11,13-15H,1,4-8H2,2H3/t11-/m0/s1",C12H20N2O2,224.15247788,1.0445999999999998,4.14,5.64,2.22,-170.0,4.156736511302656,1,DRUGLIKE_LANA,HsDHODH_Druglike,4,3,61.36,7,12,2,2,0.75,0.125,0.125,0.5833333333333334,0.08333333333333333,16,1,1,0,1,1,0,0,0
CCCCCC1=NC=C(/C=C(/C(=O)O)C2=NON=C2)C=C1,16/000000025,"InChI=1S/C15H17N3O3/c1-2-3-4-5-12-7-6-11(9-16-12)8-13(15(19)20)14-10-17-21-18-14/h6-10H,2-5H2,1H3,(H,19,20)/b13-8+",C15H16N3O3,287.126991404,2.8225000000000007,4.14,3.3,5.09,-20.0,2.981510543509092,1,DRUGLIKE_LANA,HsDHODH_Druglike,5,1,89.11,7,15,3,3,0.7142857142857143,0.14285714285714285,0.14285714285714285,0.3333333333333333,0.0,21,2,0,2,2,0,2,0,0
N[C@@H](C#CC1=NC2=C(C=CN2)C=C1Cl)C(=O)O,12/000000001,"InChI=1S/C11H8ClN3O2/c12-7-5-6-3-4-14-10(6)15-9(7)2-1-8(13)11(16)17/h3-5,8H,13H2,(H,14,15)(H,16,17)/t8-/m0/s1",C11H8N3O2Cl,249.030504176,0.9797000000000002,4.14,4.95,18.7,-190.0,3.9730694890937936,1,DRUGLIKE_LANA,HsDHODH_Druglike,3,3,92.0,1,11,2,3,0.6470588235294118,0.11764705882352941,0.17647058823529413,0.09090909090909091,0.09090909090909091,17,2,0,2,2,0,2,0,0
C=C[C@H](CCC1=CC=CC(CNC)=C1)N1C=C(CN)N=N1,23/000000058,"InChI=1S/C16H23N5/c1-3-16(21-12-15(10-17)19-20-21)8-7-13-5-4-6-14(9-13)11-18-2/h3-6,9,12,16,18H,1,7-8,10-11,17H2,2H3/p+1/t16-/m1/s1",C16H24N5,285.19534573600004,1.8160999999999996,4.13,2.31,6.45,-170.0,4.105458229813065,1,DRUGLIKE_LANA,HsDHODH_Druglike,5,2,68.76,8,16,0,5,0.7619047619047619,0.0,0.23809523809523808,0.375,0.0625,21,2,0,2,1,0,1,0,0
C#C[C@H](CN)C1=CC(NC(N)=O)=CC=C1,4/000000004,"InChI=1S/C11H13N3O/c1-2-8(7-12)9-4-3-5-10(6-9)14-11(13)15/h1,3-6,8H,7,12H2,(H3,13,14,15)/t8-/m1/s1",C11H13N3O,203.105862036,0.8527000000000002,4.13,4.27,14.6,-150.0,3.095312362331155,1,DRUGLIKE_LANA,HsDHODH_Druglike,2,3,81.13999999999999,3,11,1,3,0.7333333333333333,0.06666666666666667,0.2,0.18181818181818182,0.09090909090909091,15,1,0,1,0,0,0,0,0
CCCC1=CC=C(C(=O)O)C(C[C@H](F)C#CCN)=C1,12/000000043,"InChI=1S/C15H18FNO2/c1-2-4-11-6-7-14(15(18)19)12(9-11)10-13(16)5-3-8-17/h6-7,9,13H,2,4,8,10,17H2,1H3,(H,18,19)/t13-/m1/s1",C15H17NO2F,263.132157036,2.1800000000000006,4.13,3.27,3.58,-170.0,3.3416227245030488,1,DRUGLIKE_LANA,HsDHODH_Druglike,2,2,63.31999999999999,5,15,2,1,0.7894736842105263,0.10526315789473684,0.05263157894736842,0.4,0.06666666666666667,19,1,0,1,0,0,0,0,0
N[C@@H](O)COC(=O)C1=CC(C(=O)O)=CC=C1,13/000000003,"InChI=1S/C10H11NO5/c11-8(12)5-16-10(15)7-3-1-2-6(4-7)9(13)14/h1-4,8,12H,5,11H2,(H,13,14)/t8-/m0/s1",C10H11NO5,225.063722452,-0.18130000000000068,4.13,4.31,2.22,-150.0,2.511969972027977,1,DRUGLIKE_LANA,HsDHODH_Druglike,5,3,109.85000000000001,4,10,5,1,0.625,0.3125,0.0625,0.2,0.1,16,1,0,1,0,0,0,0,0
C#CCC1=CC(C(=O)OC2CNC2)=CC(C(=O)O)=C1,13/000000005,"InChI=1S/C14H13NO4/c1-2-3-9-4-10(13(16)17)6-11(5-9)14(18)19-12-7-15-8-12/h1,4-6,12,15H,3,7-8H2,(H,16,17)",C14H13NO4,259.084457896,0.6890999999999998,4.13,3.1,3.58,-150.0,2.7034998310984815,1,DRUGLIKE_LANA,HsDHODH_Druglike,4,2,75.63,4,14,4,1,0.7368421052631579,0.21052631578947367,0.05263157894736842,0.2857142857142857,0.0,19,2,1,1,1,1,0,0,0
C/C=C/C1=CC(C2=CN=C(CCCC)N2)=C(CN)N1,4/000000074,"InChI=1S/C15H22N4/c1-3-5-7-15-17-10-14(19-15)12-8-11(6-4-2)18-13(12)9-16/h4,6,8,10,18H,3,5,7,9,16H2,1-2H3,(H,17,19)/b6-4+",C15H22N4,258.184446704,3.2391999999999994,4.13,2.65,19.7,-200.0,3.293102789678363,1,DRUGLIKE_LANA,HsDHODH_Druglike,2,3,70.49000000000001,6,15,0,4,0.7894736842105263,0.0,0.21052631578947367,0.4,0.0,19,2,0,2,2,0,2,0,0
C=CNCCCCCC1=NC=C(C2=C(CN)NC(CO)=C2)N1,4/000000214,"InChI=1S/C16H25N5O/c1-2-18-7-5-3-4-6-16-19-10-15(21-16)13-8-12(11-22)20-14(13)9-17/h2,8,10,18,20,22H,1,3-7,9,11,17H2,(H,19,21)",C16H25N5O,303.20591042000007,1.8016999999999994,4.13,3.66,22.9,-100.0,3.4073277527911525,1,DRUGLIKE_LANA,HsDHODH_Druglike,4,5,102.75,10,16,1,5,0.7272727272727273,0.045454545454545456,0.22727272727272727,0.4375,0.0,22,2,0,2,2,0,2,0,0
N[C@@H](C#CC(=O)C1=NNC(O)=C1)CBr,21/000000014,"InChI=1S/C8H8BrN3O2/c9-4-5(10)1-2-7(13)6-3-8(14)12-11-6/h3,5H,4,10H2,(H2,11,12,14)/t5-/m0/s1",C8H8N3O2Br,256.979988596,0.02360000000000001,4.13,2.47,2.22,-170.0,4.625181632319999,1,DRUGLIKE_LANA,HsDHODH_Druglike,4,3,92.00000000000001,2,8,2,3,0.5714285714285714,0.14285714285714285,0.21428571428571427,0.25,0.125,14,1,0,1,1,0,1,0,0
C/C(=C\C1=CC(C(=O)O)=C(O)C=C1)C[C@H]1C=CCCC1,13/000000007,"InChI=1S/C17H20O3/c1-12(9-13-5-3-2-4-6-13)10-14-7-8-16(18)15(11-14)17(19)20/h3,5,7-8,10-11,13,18H,2,4,6,9H2,1H3,(H,19,20)/b12-10+/t13-/m0/s1",C17H20O3,272.1412445,4.240100000000003,4.13,5.97,5.09,-170.0,3.1699172179591475,1,DRUGLIKE_LANA,HsDHODH_Druglike,2,2,57.53,4,17,3,0,0.85,0.15,0.0,0.35294117647058826,0.058823529411764705,20,2,1,1,0,0,0,0,0
O=C(NC1=C(F)C=C2C=CNC2=C1)[C@@H](CO)CBr,19/000000003,"InChI=1S/C12H12BrFN2O2/c13-5-8(6-17)12(18)16-11-4-10-7(1-2-15-10)3-9(11)14/h1-4,8,15,17H,5-6H2,(H,16,18)/t8-/m1/s1",C12H12N2O2FBr,314.006617944,2.2489,4.13,4.32,18.0,-190.0,3.128949266142042,1,DRUGLIKE_LANA,HsDHODH_Druglike,2,3,65.12,4,12,2,2,0.6666666666666666,0.1111111111111111,0.1111111111111111,0.25,0.08333333333333333,18,2,0,2,1,0,1,0,0
NC(=O)NC1=CC(O)=CC=C1/C=C/CC1=NNC(=O)O1,4/000000158,"InChI=1S/C12H12N4O4/c13-11(18)14-9-6-8(17)5-4-7(9)2-1-3-10-15-16-12(19)20-10/h1-2,4-6,17H,3H2,(H,16,19)(H3,13,14,18)/b2-1+",C12H12N4O4,276.085854864,0.8150000000000002,4.13,2.37,3.58,-60.0,3.0373679931936355,1,DRUGLIKE_LANA,HsDHODH_Druglike,5,4,134.24,4,12,4,4,0.6,0.2,0.2,0.08333333333333333,0.0,20,2,0,2,1,0,1,0,0
OC/C=C(/C1=NNN=C1)C1=CC=C(CCl)O1,29/000000072,"InChI=1S/C10H10ClN3O2/c11-5-7-1-2-10(16-7)8(3-4-15)9-6-12-14-13-9/h1-3,6,15H,4-5H2,(H,12,13,14)/b8-3-",C10H10N3O2Cl,239.04615424,1.5605,4.12,3.12,20.9,0.0,3.3989454653148865,1,DRUGLIKE_LANA,HsDHODH_Druglike,4,2,74.94,4,10,2,3,0.625,0.125,0.1875,0.2,0.0,16,2,0,2,2,0,2,0,0
OC/C=C(\C1=NC=CN=C1)C1=NNN=C1CBr,29/000000057,"InChI=1S/C10H10BrN5O/c11-5-8-10(15-16-14-8)7(1-4-17)9-6-12-2-3-13-9/h1-3,6,17H,4-5H2,(H,14,15,16)/b7-1+",C10H10N5OBr,295.00687204,0.9136,4.12,3.32,18.9,0.0,3.47612749235861,1,DRUGLIKE_LANA,HsDHODH_Druglike,5,2,87.58,4,10,1,5,0.5882352941176471,0.058823529411764705,0.29411764705882354,0.2,0.0,17,2,0,2,2,0,2,0,0
NC(=O)NC1=CC=C(CC2=NNC=C2)C(CC(=O)O)=C1,4/000000014,"InChI=1S/C13H14N4O3/c14-13(20)16-10-2-1-8(5-11-3-4-15-17-11)9(6-10)7-12(18)19/h1-4,6H,5,7H2,(H,15,17)(H,18,19)(H3,14,16,20)",C13H14N4O3,274.10659030799997,1.1181999999999999,4.12,4.14,3.58,0.0,2.807588597589241,1,DRUGLIKE_LANA,HsDHODH_Druglike,3,4,121.10000000000001,5,13,3,4,0.65,0.15,0.2,0.15384615384615385,0.0,20,2,0,2,1,0,1,0,0
C=CC1=CC([C@@H](N)CC)=CC(NC(N)=O)=C1,4/000000117,"InChI=1S/C12H17N3O/c1-3-8-5-9(11(13)4-2)7-10(6-8)15-12(14)16/h3,5-7,11H,1,4,13H2,2H3,(H3,14,15,16)/t11-/m0/s1",C12H17N3O,219.137162164,2.2300000000000004,4.12,5.35,13.4,-170.0,2.9894046768580314,1,DRUGLIKE_LANA,HsDHODH_Druglike,2,3,81.13999999999999,4,12,1,3,0.75,0.0625,0.1875,0.25,0.08333333333333333,16,1,0,1,0,0,0,0,0
NCC1=CC(CC[C@H](F)C(=O)NC(=O)N2C=NC=N2)=CC=C1,21/000000006,"InChI=1S/C14H16FN5O2/c15-12(5-4-10-2-1-3-11(6-10)7-16)13(21)19-14(22)20-9-17-8-18-20/h1-3,6,8-9,12H,4-5,7,16H2,(H,19,21,22)/p+1/t12-/m0/s1",C14H17N5O2F,305.128802972,0.7919999999999994,4.12,5.15,3.58,-150.0,3.896624194855496,1,DRUGLIKE_LANA,HsDHODH_Druglike,6,2,102.9,5,14,2,5,0.6363636363636364,0.09090909090909091,0.22727272727272727,0.2857142857142857,0.07142857142857142,22,2,0,2,1,0,1,0,0
O=C(O)CC#CC1=CC=CC([C@H](Br)C(=O)O)=C1,19/000000014,"InChI=1S/C12H9BrO4/c13-11(12(16)17)9-5-1-3-8(7-9)4-2-6-10(14)15/h1,3,5,7,11H,6H2,(H,14,15)(H,16,17)/t11-/m0/s1",C12H9O4Br,295.968420868,2.0334000000000003,4.12,5.89,4.81,-150.0,3.2338723283452,1,DRUGLIKE_LANA,HsDHODH_Druglike,2,2,74.6,3,12,4,0,0.7058823529411765,0.23529411764705882,0.0,0.16666666666666666,0.08333333333333333,17,1,0,1,0,0,0,0,0
NC1=NC(/C(=C\CO)C2=NNN=C2)=NC=C1,29/000000004,"InChI=1S/C9H10N6O/c10-8-1-3-11-9(13-8)6(2-4-16)7-5-12-15-14-7/h1-3,5,16H,4H2,(H2,10,11,13)(H,12,14,15)/b6-2-",C9H10N6O,218.09160894,-0.3991000000000007,4.11,2.98,18.0,0.0,3.4485357663182317,1,DRUGLIKE_LANA,HsDHODH_Druglike,6,3,113.6,3,9,1,6,0.5625,0.0625,0.375,0.1111111111111111,0.0,16,2,0,2,2,0,2,0,0
C#C[C@H](CO)C1=CC(NC(N)=O)=CC=C1,4/000000113,"InChI=1S/C11H12N2O2/c1-2-8(7-14)9-4-3-5-10(6-9)13-11(12)15/h1,3-6,8,14H,7H2,(H3,12,13,15)/t8-/m1/s1",C11H12N2O2,204.089877624,0.8863000000000002,4.11,4.53,3.85,-150.0,3.004515364207329,1,DRUGLIKE_LANA,HsDHODH_Druglike,2,3,75.35,3,11,2,2,0.7333333333333333,0.13333333333333333,0.13333333333333333,0.18181818181818182,0.09090909090909091,15,1,0,1,0,0,0,0,0
N[C@@H](/C=C/C1=CC=C(O)C(Cl)=C1)C1=CCOC1,5/000000004,"InChI=1S/C13H14ClNO2/c14-11-7-9(2-4-13(11)16)1-3-12(15)10-5-6-17-8-10/h1-5,7,12,16H,6,8,15H2/b3-1+/t12-/m0/s1",C13H14NO2Cl,251.071306368,2.3427,4.11,2.58,2.22,-150.0,3.7021542681445303,1,DRUGLIKE_LANA,HsDHODH_Druglike,3,2,55.480000000000004,3,13,2,1,0.7647058823529411,0.11764705882352941,0.058823529411764705,0.23076923076923078,0.07692307692307693,17,2,1,1,1,1,0,0,0
O=C(O)C1=NOC(C#C[C@H](O)C2=CC=CC=C2)=C1C(=O)O,6/000000153,"InChI=1S/C14H9NO6/c16-9(8-4-2-1-3-5-8)6-7-10-11(13(17)18)12(14(19)20)15-21-10/h1-5,9,16H,(H,17,18)(H,19,20)/t9-/m0/s1",C14H8NO6,287.042987008,1.1561,4.11,4.14,23.6,-150.0,3.2429387337918456,1,DRUGLIKE_LANA,HsDHODH_Druglike,5,3,120.86,3,14,6,1,0.6666666666666666,0.2857142857142857,0.047619047619047616,0.07142857142857142,0.07142857142857142,21,2,0,2,1,0,1,0,0
N[C@@H](/C=C/C1=NNC=C1C(=O)O)C1=CCNN1,16/000000013,"InChI=1S/C10H13N5O2/c11-7(9-3-4-12-15-9)1-2-8-6(10(16)17)5-13-14-8/h1-3,5,7,12,15H,4,11H2,(H,13,14)(H,16,17)/b2-1+/t7-/m0/s1",C10H13N5O2,235.106924656,-0.5599000000000001,4.11,2.85,3.58,-150.0,4.7953225373752995,1,DRUGLIKE_LANA,HsDHODH_Druglike,5,5,116.06,4,10,2,5,0.5882352941176471,0.11764705882352941,0.29411764705882354,0.2,0.1,17,2,1,1,2,1,1,0,0
C=C(C1=CC=CC(Cl)=C1Cl)C1=NNN=C1CN,29/000000030,"InChI=1S/C11H10Cl2N4/c1-6(11-9(5-14)15-17-16-11)7-3-2-4-8(12)10(7)13/h2-4H,1,5,14H2,(H,15,16,17)",C11H10N4Cl2,268.02825168,2.6316999999999995,4.1,1.81,2.22,0.0,3.0175667455066773,1,DRUGLIKE_LANA,HsDHODH_Druglike,3,2,67.59,3,11,0,4,0.6470588235294118,0.0,0.23529411764705882,0.09090909090909091,0.0,17,2,0,2,1,0,1,0,0
NC[C@@](N)(C#CC(=O)C1=NNC(O)=C1)CCl,21/000000018,"InChI=1S/C9H11ClN4O2/c10-4-9(12,5-11)2-1-7(15)6-3-8(16)14-13-6/h3H,4-5,11-12H2,(H2,13,14,16)/t9-/m1/s1",C9H11N4O2Cl,242.057053272,-0.8036000000000001,4.1,1.88,2.22,-150.0,4.696567825337459,1,DRUGLIKE_LANA,HsDHODH_Druglike,5,4,118.02,3,9,2,4,0.5625,0.125,0.25,0.3333333333333333,0.1111111111111111,16,1,0,1,1,0,1,0,0
CCCC1=NNN=C1/C(=C/CO)C1=NC=NN1,29/000000035,"InChI=1S/C10H14N6O/c1-2-3-8-9(14-16-13-8)7(4-5-17)10-11-6-12-15-10/h4,6,17H,2-3,5H2,1H3,(H,11,12,15)(H,13,14,16)/b7-4-",C10H14N6O,234.12290906799998,0.29930000000000007,4.1,2.25,23.4,-20.0,3.4881453887479337,1,DRUGLIKE_LANA,HsDHODH_Druglike,5,3,103.37,5,10,1,6,0.5882352941176471,0.058823529411764705,0.35294117647058826,0.4,0.0,17,2,0,2,2,0,2,0,0
CC(=O)CCNC(=O)C1=CCC=C(CO)O1,20/000000044,"InChI=1S/C11H15NO4/c1-8(14)5-6-12-11(15)10-4-2-3-9(7-13)16-10/h3-4,13H,2,5-7H2,1H3,(H,12,15)",C11H15NO4,225.10010796,0.26210000000000006,4.1,0.7,5.09,-80.0,3.29890057325043,1,DRUGLIKE_LANA,HsDHODH_Druglike,4,2,75.63000000000001,5,11,4,1,0.6875,0.25,0.0625,0.45454545454545453,0.0,16,1,1,0,1,1,0,0,0
CCOCC/C(=C\[C@@H](O)CO)C1=NON=C1,29/000000074,"InChI=1S/C10H16N2O4/c1-2-15-4-3-8(5-9(14)7-13)10-6-11-16-12-10/h5-6,9,13-14H,2-4,7H2,1H3/b8-5+/t9-/m1/s1",C10H16N2O4,228.111006992,0.2327999999999999,4.1,4.96,3.58,-170.0,4.106940777036922,1,DRUGLIKE_LANA,HsDHODH_Druglike,6,2,88.61,7,10,4,2,0.625,0.25,0.125,0.6,0.1,16,1,0,1,1,0,1,0,0
NC/C(=C/C1=NON=C1C(N)N)C1=CC=C(CF)N=C1,16/000000021,"InChI=1S/C12H15FN6O/c13-4-9-2-1-7(6-17-9)8(5-14)3-10-11(12(15)16)19-20-18-10/h1-3,6,12H,4-5,14-16H2/b8-3-",C12H15N6OF,278.12913732,0.34940000000000004,4.1,2.35,22.7,-150.0,3.789805081105724,1,DRUGLIKE_LANA,HsDHODH_Druglike,7,3,129.87,5,12,1,6,0.6,0.05,0.3,0.25,0.0,20,2,0,2,2,0,2,0,0
CNCCC1=NC=C(/C(=C\C2=NON=C2)CO)C=C1,16/000000027,"InChI=1S/C13H16N4O2/c1-14-5-4-12-3-2-10(7-15-12)11(9-18)6-13-8-16-19-17-13/h2-3,6-8,14,18H,4-5,9H2,1H3/p+1/b11-6-",C13H17N4O2,260.127325752,0.7593999999999996,4.1,4.12,19.0,-20.0,4.228301810657385,1,DRUGLIKE_LANA,HsDHODH_Druglike,6,2,84.07000000000001,6,13,2,4,0.6842105263157895,0.10526315789473684,0.21052631578947367,0.3076923076923077,0.0,19,2,0,2,2,0,2,0,0
C=CC1=CC=CC=C1O[C@H](CO)C(=O)O,20/000000054,"InChI=1S/C11H12O4/c1-2-8-5-3-4-6-9(8)15-10(7-12)11(13)14/h2-6,10,12H,1,7H2,(H,13,14)/t10-/m1/s1",C11H12O4,208.073558864,1.1538999999999997,4.1,8.29,2.22,-150.0,2.8194632066088285,1,DRUGLIKE_LANA,HsDHODH_Druglike,3,2,66.76,5,11,4,0,0.7333333333333333,0.26666666666666666,0.0,0.18181818181818182,0.09090909090909091,15,1,0,1,0,0,0,0,0
C=C(C1=CC=CC(Cl)=C1Cl)C1=NNN=C1CO,29/000000044,"InChI=1S/C11H9Cl2N3O/c1-6(11-9(5-17)14-16-15-11)7-3-2-4-8(12)10(7)13/h2-4,17H,1,5H2,(H,14,15,16)",C11H9N3OCl2,269.012267268,2.6653000000000007,4.1,2.48,2.22,0.0,2.9925759108094603,1,DRUGLIKE_LANA,HsDHODH_Druglike,3,2,61.8,3,11,1,3,0.6470588235294118,0.058823529411764705,0.17647058823529413,0.09090909090909091,0.0,17,2,0,2,1,0,1,0,0
O=C(C1=CC(=O)NC=N1)C1=NN=C(/C=C/[C@H]2CC=CCC2)N1,21/000000023,"InChI=1S/C15H15N5O2/c21-13-8-11(16-9-17-13)14(22)15-18-12(19-20-15)7-6-10-4-2-1-3-5-10/h1-2,6-10H,3-5H2,(H,16,17,21)(H,18,19,20)/b7-6+/t10-/m0/s1",C15H15N5O2,297.12257472000005,1.4885000000000002,4.1,3.28,3.58,-150.0,4.192613928106116,1,DRUGLIKE_LANA,HsDHODH_Druglike,5,2,104.39000000000001,4,15,2,5,0.6818181818181818,0.09090909090909091,0.22727272727272727,0.26666666666666666,0.06666666666666667,22,3,1,2,2,0,2,0,0
O=C1OCC([C@@H](O)/C=C/CNC2=CC=CC=C2)=C1CF,1/000000001,"InChI=1S/C15H16FNO3/c16-9-12-13(10-20-15(12)19)14(18)7-4-8-17-11-5-2-1-3-6-11/h1-7,14,17-18H,8-10H2/b7-4+/t14-/m0/s1",C15H16NO3F,277.111421592,1.8384999999999998,4.1,7.35,3.58,-150.0,3.6438180565941978,1,DRUGLIKE_LANA,HsDHODH_Druglike,4,2,58.56,6,15,3,1,0.75,0.15,0.05,0.26666666666666666,0.06666666666666667,20,2,1,1,1,1,0,0,0
O=C(O)[C@@H](CO)OC1=CC=CC=C1,20/000000006,"InChI=1S/C9H10O4/c10-6-8(9(11)12)13-7-4-2-1-3-5-7/h1-5,8,10H,6H2,(H,11,12)/t8-/m1/s1",C9H10O4,182.0579088,0.5109000000000001,4.09,7.81,2.22,-150.0,2.3158274363128015,1,DRUGLIKE_LANA,HsDHODH_Druglike,3,2,66.76,4,9,4,0,0.6923076923076923,0.3076923076923077,0.0,0.2222222222222222,0.1111111111111111,13,1,0,1,0,0,0,0,0
O=C(O)C1=NOC(C2=CN=CO2)=C1C#CCO,6/000000150,"InChI=1S/C10H6N2O5/c13-3-1-2-6-8(10(14)15)12-17-9(6)7-4-11-5-16-7/h4-5,13H,3H2,(H,14,15)",C10H6N2O5,234.027671292,0.3715999999999999,4.09,3.68,24.2,-80.0,3.323019466455941,1,DRUGLIKE_LANA,HsDHODH_Druglike,6,2,109.59,2,10,5,2,0.5882352941176471,0.29411764705882354,0.11764705882352941,0.1,0.0,17,2,0,2,2,0,2,0,0
O=C(C1=CC(=O)NC=N1)C1=NN=C(/C=C/C2CCCC2)N1,21/000000021,"InChI=1S/C14H15N5O2/c20-12-7-10(15-8-16-12)13(21)14-17-11(18-19-14)6-5-9-3-1-2-4-9/h5-9H,1-4H2,(H,15,16,20)(H,17,18,19)/b6-5+",C14H15N5O2,285.12257472000005,1.3224,4.09,2.49,3.58,-150.0,3.55993365826319,1,DRUGLIKE_LANA,HsDHODH_Druglike,5,2,104.39000000000001,4,14,2,5,0.6666666666666666,0.09523809523809523,0.23809523809523808,0.35714285714285715,0.0,21,3,1,2,2,0,2,0,0
CCCC1=CC(C2=CN=C(CN)N2)=C(CO)N1,4/000000213,"InChI=1S/C12H18N4O/c1-2-3-8-4-9(11(7-17)15-8)10-6-14-12(5-13)16-10/h4,6,15,17H,2-3,5,7,13H2,1H3,(H,14,16)",C12H18N4O,234.148061196,1.3082999999999996,4.09,4.82,18.1,-160.0,3.1731377356867103,1,DRUGLIKE_LANA,HsDHODH_Druglike,3,4,90.72,5,12,1,4,0.7058823529411765,0.058823529411764705,0.23529411764705882,0.4166666666666667,0.0,17,2,0,2,2,0,2,0,0
NCC1=CC(NC(N)=O)=CC(/C=C/CN[C@@H]2C=CC=CC2)=C1,4/000000270,"InChI=1S/C17H22N4O/c18-12-14-9-13(10-16(11-14)21-17(19)22)5-4-8-20-15-6-2-1-3-7-15/h1-6,9-11,15,20H,7-8,12,18H2,(H3,19,21,22)/p+1/b5-4+/t15-/m1/s1",C17H23N4O,298.179361324,2.1234,4.09,5.2,6.77,-150.0,4.17178247206216,1,DRUGLIKE_LANA,HsDHODH_Druglike,3,4,93.16999999999999,6,17,1,4,0.7727272727272727,0.045454545454545456,0.18181818181818182,0.23529411764705882,0.058823529411764705,22,2,1,1,0,0,0,0,0
O=C(O)[C@@H](CC#CCCCCO)C1=CC=C(O)C(Cl)=C1,5/000000015,"InChI=1S/C15H17ClO4/c16-13-10-11(7-8-14(13)18)12(15(19)20)6-4-2-1-3-5-9-17/h7-8,10,12,17-18H,1,3,5-6,9H2,(H,19,20)/t12-/m0/s1",C15H17O4Cl,296.08153670400003,2.7699000000000007,4.09,1.82,3.58,-170.0,3.1709942509261815,1,DRUGLIKE_LANA,HsDHODH_Druglike,3,3,77.76,6,15,4,0,0.75,0.2,0.0,0.4,0.06666666666666667,20,1,0,1,0,0,0,0,0
NCC1=CC(=O)C2=CC=C(OC(=O)C3=CC=CC=N3)C=C2N1,25/000000001,"InChI=1S/C16H13N3O3/c17-9-10-7-15(20)12-5-4-11(8-14(12)19-10)22-16(21)13-3-1-2-6-18-13/h1-8H,9,17H2,(H,19,20)/p+1",C16H14N3O3,295.0956912760001,1.6009999999999998,4.09,3.1,18.6,-80.0,2.8386794011428016,1,DRUGLIKE_LANA,HsDHODH_Druglike,5,2,98.07000000000002,3,16,3,3,0.7272727272727273,0.13636363636363635,0.13636363636363635,0.0625,0.0,22,3,0,3,2,0,2,0,0
NC1=CC=C(C2=CCC=C(CO)O2)C=C1CO,13/000000004,"InChI=1S/C13H15NO3/c14-12-5-4-9(6-10(12)7-15)13-3-1-2-11(8-16)17-13/h2-6,15-16H,1,7-8,14H2",C13H15NO3,233.10519334,1.3985,4.09,2.85,2.22,-160.0,3.265638697225172,1,DRUGLIKE_LANA,HsDHODH_Druglike,4,3,75.71000000000001,3,13,3,1,0.7647058823529411,0.17647058823529413,0.058823529411764705,0.23076923076923078,0.0,17,2,1,1,1,1,0,0,0
NCC1=C(C2=CN=C(CCCCCCl)N2)C=C(CO)N1,4/000000215,"InChI=1S/C14H21ClN4O/c15-5-3-1-2-4-14-17-8-13(19-14)11-6-10(9-20)18-12(11)7-16/h6,8,18,20H,1-5,7,9,16H2,(H,17,19)",C14H21N4OCl,296.14038897200004,2.3074,4.09,2.71,21.0,-100.0,3.1945465646222067,1,DRUGLIKE_LANA,HsDHODH_Druglike,3,4,90.72,8,14,1,4,0.7,0.05,0.2,0.5,0.0,20,2,0,2,2,0,2,0,0
C[C@@H](C/C=C(\CC(=O)O)C1=NNN=C1)C1=CNCN1,29/000000037,"InChI=1S/C12H17N5O2/c1-8(10-5-13-7-14-10)2-3-9(4-12(18)19)11-6-15-17-16-11/h3,5-6,8,13-14H,2,4,7H2,1H3,(H,18,19)(H,15,16,17)/b9-3+/t8-/m0/s1",C12H17N5O2,263.138224784,0.6807,4.09,5.62,3.72,-170.0,4.521375091366953,1,DRUGLIKE_LANA,HsDHODH_Druglike,5,4,102.92999999999999,6,12,2,5,0.631578947368421,0.10526315789473684,0.2631578947368421,0.4166666666666667,0.08333333333333333,19,2,1,1,2,1,1,0,0
CCC[C@@H](CCC1=C(C(=O)O)C(C(=O)O)=CN1)C1=CCCC1,6/000000050,"InChI=1S/C17H23NO4/c1-2-5-11(12-6-3-4-7-12)8-9-14-15(17(21)22)13(10-18-14)16(19)20/h6,10-11,18H,2-5,7-9H2,1H3,(H,19,20)(H,21,22)/t11-/m0/s1",C17H23NO4,305.162708216,3.870300000000002,4.09,6.96,3.58,-170.0,3.5753774999850556,1,DRUGLIKE_LANA,HsDHODH_Druglike,2,3,90.38999999999999,8,17,4,1,0.7727272727272727,0.18181818181818182,0.045454545454545456,0.5294117647058824,0.058823529411764705,22,2,1,1,1,0,1,0,0
C/C(=C\C1=CC(C(=O)O)=C(O)C=C1)C[C@H]1C=CCO1,13/000000010,"InChI=1S/C15H16O4/c1-10(8-12-3-2-6-19-12)7-11-4-5-14(16)13(9-11)15(17)18/h2-5,7,9,12,16H,6,8H2,1H3,(H,17,18)/b10-7+/t12-/m1/s1",C15H16O4,260.104858992,2.838800000000001,4.09,5.07,3.58,-170.0,3.3769401131376355,1,DRUGLIKE_LANA,HsDHODH_Druglike,3,2,66.76,4,15,4,0,0.7894736842105263,0.21052631578947367,0.0,0.26666666666666666,0.06666666666666667,19,2,1,1,1,1,0,0,0
N[C@@H](C/C=C\CCl)C1=CNC(C(=O)C2=CC(=O)NC=N2)=C1,21/000000026,"InChI=1S/C14H15ClN4O2/c15-4-2-1-3-10(16)9-5-11(17-7-9)14(21)12-6-13(20)19-8-18-12/h1-2,5-8,10,17H,3-4,16H2,(H,18,19,20)/b2-1-/t10-/m0/s1",C14H15N4O2Cl,306.0883534000001,1.5139,4.08,3.78,5.09,-150.0,4.0805599899173695,1,DRUGLIKE_LANA,HsDHODH_Druglike,4,3,104.63000000000001,6,14,2,4,0.6666666666666666,0.09523809523809523,0.19047619047619047,0.21428571428571427,0.07142857142857142,21,2,0,2,2,0,2,0,0
C=CC1=C(C2=CC(CCCN[C@@H](N)NC)=CC(=O)O2)C=NO1,23/000000065,"InChI=1S/C15H20N4O3/c1-3-12-11(9-19-22-12)13-7-10(8-14(20)21-13)5-4-6-18-15(16)17-2/h3,7-9,15,17-18H,1,4-6,16H2,2H3",C15H18N4O3,304.15354049999996,0.9216999999999991,4.08,10.39,3.58,-140.0,4.0019867258728645,1,DRUGLIKE_LANA,HsDHODH_Druglike,7,3,106.32000000000001,8,15,3,4,0.6818181818181818,0.13636363636363635,0.18181818181818182,0.3333333333333333,0.06666666666666667,22,2,0,2,2,0,2,0,0
C=C(C1=CC=CC(Cl)=C1Cl)C1=NNN=C1CN,29/000000022,"InChI=1S/C11H10Cl2N4/c1-6(11-9(5-14)15-17-16-11)7-3-2-4-8(12)10(7)13/h2-4H,1,5,14H2,(H,15,16,17)/p+1",C11H11N4Cl2,268.02825168,2.6316999999999995,4.08,2.72,2.22,0.0,3.5629844214477577,1,DRUGLIKE_LANA,HsDHODH_Druglike,3,2,67.59,3,11,0,4,0.6470588235294118,0.0,0.23529411764705882,0.09090909090909091,0.0,17,2,0,2,1,0,1,0,0
O=C1C=C(C#C[C@H](C(=O)O)C2=NON=C2)CN1,20/000000101,"InChI=1S/C10H7N3O4/c14-9-3-6(4-11-9)1-2-7(10(15)16)8-5-12-17-13-8/h3,5,7H,4H2,(H,11,14)(H,15,16)/t7-/m0/s1",C10H7N3O4,233.043655704,-0.7026000000000001,4.08,2.51,3.58,-150.0,4.676753306606069,1,DRUGLIKE_LANA,HsDHODH_Druglike,5,2,105.32000000000001,2,10,4,3,0.5882352941176471,0.23529411764705882,0.17647058823529413,0.2,0.1,17,2,1,1,2,1,1,0,0
O=C1C=C([C@H](C#CC2=NN=CN2)CCO)C1=O,3/000000001,"InChI=1S/C11H9N3O3/c15-4-3-7(8-5-9(16)11(8)17)1-2-10-12-6-13-14-10/h5-7,15H,3-4H2,(H,12,13,14)/t7-/m1/s1",C11H9N3O3,231.064391148,-1.0816,4.07,7.07,22.0,-150.0,4.517978306606068,1,DRUGLIKE_LANA,HsDHODH_Druglike,5,2,95.94,3,11,3,3,0.6470588235294118,0.17647058823529413,0.17647058823529413,0.2727272727272727,0.09090909090909091,17,2,0,2,1,0,1,0,0
O=C(O)C1=C(C#CCO)N(C2COC2)C=C1,6/000000013,"InChI=1S/C11H11NO4/c13-5-1-2-10-9(11(14)15)3-4-12(10)8-6-16-7-8/h3-4,8,13H,5-7H2,(H,14,15)",C11H11NO4,221.068807832,0.10139999999999971,4.07,5.76,3.85,-190.0,3.1905638599637163,1,DRUGLIKE_LANA,HsDHODH_Druglike,4,2,71.69,2,11,4,1,0.6875,0.25,0.0625,0.36363636363636365,0.0,16,2,1,1,2,1,1,0,0
O=C(O)C1=NOC(C#CC2CCCCC2)=C1C(=O)O,6/000000148,"InChI=1S/C13H13NO5/c15-12(16)10-9(19-14-11(10)13(17)18)7-6-8-4-2-1-3-5-8/h8H,1-5H2,(H,15,16)(H,17,18)",C13H12NO5,263.07937251600003,2.0027999999999997,4.07,4.23,23.0,-150.0,3.0481308012893944,1,DRUGLIKE_LANA,HsDHODH_Druglike,4,2,100.63000000000001,2,13,5,1,0.6842105263157895,0.2631578947368421,0.05263157894736842,0.46153846153846156,0.0,19,2,1,1,1,0,1,0,0
NC(N)C1=NNC(/C(=C\C2=NON=C2)CO)=C1,16/000000026,"InChI=1S/C9H12N6O2/c10-9(11)8-2-7(13-14-8)5(4-16)1-6-3-12-17-15-6/h1-3,9,16H,4,10-11H2,(H,13,14)/b5-1-",C9H12N6O2,236.102173624,-0.7584,4.07,4.15,23.4,-150.0,4.206057927994403,1,DRUGLIKE_LANA,HsDHODH_Druglike,7,4,139.87,4,9,2,6,0.5294117647058824,0.11764705882352941,0.35294117647058826,0.2222222222222222,0.0,17,2,0,2,2,0,2,0,0
NC1=CC2=C(N=C1C#C[C@H](NCCl)C(=O)O)NC=C2,12/000000048,"InChI=1S/C12H11ClN4O2/c13-6-16-10(12(18)19)2-1-9-8(14)5-7-3-4-15-11(7)17-9/h3-5,10,16H,6,14H2,(H,15,17)(H,18,19)/t10-/m0/s1",C12H11N4O2Cl,278.057053272,0.7356999999999996,4.07,3.97,20.7,-190.0,4.193366818507737,1,DRUGLIKE_LANA,HsDHODH_Druglike,4,4,104.03,3,12,2,4,0.631578947368421,0.10526315789473684,0.21052631578947367,0.16666666666666666,0.08333333333333333,19,2,0,2,2,0,2,0,0
CCNC1=CC(C(=O)C2=NNC(O)=C2)=NC(NCC(=O)O)=N1,21/000000016,"InChI=1S/C12H14N6O4/c1-2-13-8-3-6(11(22)7-4-9(19)18-17-7)15-12(16-8)14-5-10(20)21/h3-4H,2,5H2,1H3,(H,20,21)(H2,17,18,19)(H2,13,14,15,16)",C12H14N6O4,306.107652928,0.06459999999999932,4.07,5.84,3.58,-40.0,3.188310999053087,1,DRUGLIKE_LANA,HsDHODH_Druglike,8,5,153.12,7,12,4,6,0.5454545454545454,0.18181818181818182,0.2727272727272727,0.25,0.0,22,2,0,2,2,0,2,0,0
O=C(O)[C@@H](C#CC1=CC2=C(C=CC=C2)O1)CO,20/000000089,"InChI=1S/C13H10O4/c14-8-10(13(15)16)5-6-11-7-9-3-1-2-4-12(9)17-11/h1-4,7,10,14H,8H2,(H,15,16)/t10-/m0/s1",C13H10O4,230.0579088,1.4774,4.06,3.11,16.6,-190.0,3.327209075836838,1,DRUGLIKE_LANA,HsDHODH_Druglike,3,2,70.67,2,13,4,0,0.7647058823529411,0.23529411764705882,0.0,0.15384615384615385,0.07692307692307693,17,2,0,2,1,0,1,0,0
NCNCC1=CC=C(C(N)=O)C=C1C#CC1=CC=CC=C1,19/000000016,"InChI=1S/C17H17N3O/c18-12-20-11-16-9-8-15(17(19)21)10-14(16)7-6-13-4-2-1-3-5-13/h1-5,8-10,20H,11-12,18H2,(H2,19,21)",C17H17N3O,279.137162164,1.1910999999999996,4.06,5.46,17.4,0.0,2.432256697355246,1,DRUGLIKE_LANA,HsDHODH_Druglike,3,3,81.13999999999999,4,17,1,3,0.8095238095238095,0.047619047619047616,0.14285714285714285,0.11764705882352941,0.0,21,2,0,2,0,0,0,0,0
C[C@@H](/C=C(\CC(=O)O)C1=NNN=C1)NC(N)N,29/000000001,"InChI=1S/C9H16N6O2/c1-5(13-9(10)11)2-6(3-8(16)17)7-4-12-15-14-7/h2,4-5,9,13H,3,10-11H2,1H3,(H,16,17)(H,12,14,15)/b6-2+/t5-/m0/s1",C9H15N6O2,240.133473752,-1.1580999999999984,4.06,4.31,3.58,-170.0,4.200893733027474,1,DRUGLIKE_LANA,HsDHODH_Druglike,6,5,142.94,6,9,2,6,0.5294117647058824,0.11764705882352941,0.35294117647058826,0.4444444444444444,0.1111111111111111,17,1,0,1,1,0,1,0,0
OCCCC#CCN1C=NC=C1C1=NC(CO)=NN1,4/000000190,"InChI=1S/C12H15N5O2/c18-6-4-2-1-3-5-17-9-13-7-10(17)12-14-11(8-19)15-16-12/h7,9,18-19H,2,4-6,8H2,(H,14,15,16)",C12H15N5O2,261.12257472,-0.06360000000000021,4.06,2.33,24.7,-100.0,3.522210901566476,1,DRUGLIKE_LANA,HsDHODH_Druglike,6,3,99.85,5,12,2,5,0.631578947368421,0.10526315789473684,0.2631578947368421,0.4166666666666667,0.0,19,2,0,2,2,0,2,0,0
CCC1=NC=C(C2=C(CN)NC(C(=O)CCl)=C2)N1,4/000000211,"InChI=1S/C12H15ClN4O/c1-2-12-15-6-10(17-12)7-3-8(11(18)4-13)16-9(7)5-14/h3,6,16H,2,4-5,14H2,1H3,(H,15,17)",C12H15N4OCl,266.09343878,1.8473999999999997,4.06,4.04,20.8,-160.0,3.287739733684223,1,DRUGLIKE_LANA,HsDHODH_Druglike,3,3,87.56,5,12,1,4,0.6666666666666666,0.05555555555555555,0.2222222222222222,0.3333333333333333,0.0,18,2,0,2,2,0,2,0,0
C/C=C/CC1=CC(NC(N)=O)=C(NC(=O)C2NC=CN2)C=C1,4/000000172,"InChI=1S/C15H19N5O2/c1-2-3-4-10-5-6-11(12(9-10)20-15(16)22)19-14(21)13-17-7-8-18-13/h2-3,5-9,13,17-18H,4H2,1H3,(H,19,21)(H3,16,20,22)/b3-2+",C15H19N5O2,301.15387484800004,1.2243999999999997,4.06,3.96,6.77,-190.0,3.2634918435391143,1,DRUGLIKE_LANA,HsDHODH_Druglike,4,5,108.28,5,15,2,5,0.6818181818181818,0.09090909090909091,0.22727272727272727,0.2,0.0,22,2,1,1,1,1,0,0,0
NCC1=CC(NC(N)=O)=CC(/C=C/CNCCBr)=C1,4/000000300,"InChI=1S/C13H19BrN4O/c14-3-5-17-4-1-2-10-6-11(9-15)8-12(7-10)18-13(16)19/h1-2,6-8,17H,3-5,9,15H2,(H3,16,18,19)/b2-1+",C13H19N4OBr,326.074223328,1.6336000000000002,4.06,3.42,5.09,0.0,2.820364183002022,1,DRUGLIKE_LANA,HsDHODH_Druglike,3,4,93.16999999999999,7,13,1,4,0.6842105263157895,0.05263157894736842,0.21052631578947367,0.3076923076923077,0.0,19,1,0,1,0,0,0,0,0
O=C(O)C/C(=C\CCCC1=NC(=O)ON1)C1=NNN=C1,29/000000040,"InChI=1S/C11H13N5O4/c17-10(18)5-7(8-6-12-16-14-8)3-1-2-4-9-13-11(19)20-15-9/h3,6H,1-2,4-5H2,(H,17,18)(H,12,14,16)(H,13,15,19)/b7-3+",C11H13N5O4,279.096753896,0.36199999999999977,4.05,3.97,5.09,0.0,3.5373870504521667,1,DRUGLIKE_LANA,HsDHODH_Druglike,6,3,137.76,7,11,4,5,0.55,0.2,0.25,0.36363636363636365,0.0,20,2,0,2,2,0,2,0,0
CC[C@H](N)C1=CC(/C=C/CCO)=CC(NC(N)=O)=C1,4/000000290,"InChI=1S/C14H21N3O2/c1-2-13(15)11-7-10(5-3-4-6-18)8-12(9-11)17-14(16)19/h3,5,7-9,13,18H,2,4,6,15H2,1H3,(H3,16,17,19)/b5-3+/t13-/m0/s1",C14H21N3O2,263.163376912,1.9826000000000001,4.05,6.55,15.8,-170.0,3.0763756830829294,1,DRUGLIKE_LANA,HsDHODH_Druglike,3,4,101.37,6,14,2,3,0.7368421052631579,0.10526315789473684,0.15789473684210525,0.35714285714285715,0.07142857142857142,19,1,0,1,0,0,0,0,0
CCCCN1C=C(/C=C/C2=NC=NN2)C(CO)=C1,4/000000062,"InChI=1S/C13H18N4O/c1-2-3-6-17-7-11(12(8-17)9-18)4-5-13-14-10-15-16-13/h4-5,7-8,10,18H,2-3,6,9H2,1H3,(H,14,15,16)/b5-4+",C13H18N4O,246.148061196,2.069,4.05,3.01,3.58,-60.0,3.2902234141575946,1,DRUGLIKE_LANA,HsDHODH_Druglike,4,2,66.73,6,13,1,4,0.7222222222222222,0.05555555555555555,0.2222222222222222,0.38461538461538464,0.0,18,2,0,2,2,0,2,0,0
CCC1=NNN=C1/C(=C/CO)C1=NC=NN1,29/000000005,"InChI=1S/C9H12N6O/c1-2-7-8(13-15-12-7)6(3-4-16)9-10-5-11-14-9/h3,5,16H,2,4H2,1H3,(H,10,11,14)(H,12,13,15)/b6-3-",C9H12N6O,220.10725900399999,-0.0908000000000001,4.05,3.27,22.8,-20.0,3.551825063977094,1,DRUGLIKE_LANA,HsDHODH_Druglike,5,3,103.37,4,9,1,6,0.5625,0.0625,0.375,0.3333333333333333,0.0,16,2,0,2,2,0,2,0,0
CO[C@@H]1CON=C1/C=C/C1=CC(C(=O)CN)=CC(CO)=C1,14/000000001,"InChI=1S/C15H18N2O4/c1-20-15-9-21-17-13(15)3-2-10-4-11(8-18)6-12(5-10)14(19)7-16/h2-6,15,18H,7-9,16H2,1H3/b3-2+/t15-/m1/s1",C15H18N2O4,290.126657056,0.7346999999999999,4.05,5.92,5.09,-170.0,3.78959362746626,1,DRUGLIKE_LANA,HsDHODH_Druglike,6,2,94.14,6,15,4,2,0.7142857142857143,0.19047619047619047,0.09523809523809523,0.3333333333333333,0.06666666666666667,21,2,1,1,1,1,0,0,0
NC(=O)NC1=CC(O)=CC=C1/C=C/CC1=COC=C1,4/000000324,"InChI=1S/C14H14N2O3/c15-14(18)16-13-8-12(17)5-4-11(13)3-1-2-10-6-7-19-9-10/h1,3-9,17H,2H2,(H3,15,16,18)/b3-1+",C14H14N2O3,258.100442308,2.731700000000001,4.04,2.74,3.58,-40.0,2.772684840960416,1,DRUGLIKE_LANA,HsDHODH_Druglike,3,3,88.49000000000001,4,14,3,2,0.7368421052631579,0.15789473684210525,0.10526315789473684,0.07142857142857142,0.0,19,2,0,2,1,0,1,0,0
CC(=O)C1=CC(C2=CN=C(C(=O)COCCl)N2)=C(C)N1,4/000000341,"InChI=1S/C13H14ClN3O3/c1-7-9(3-10(16-7)8(2)18)11-4-15-13(17-11)12(19)5-20-6-14/h3-4,16H,5-6H2,1-2H3,(H,15,17)",C13H14N3O3Cl,295.072368988,2.31142,4.04,2.37,24.3,-200.0,3.367089781405423,1,DRUGLIKE_LANA,HsDHODH_Druglike,4,2,87.84,6,13,3,3,0.65,0.15,0.15,0.3076923076923077,0.0,20,2,0,2,2,0,2,0,0
OCC[C@@H](O)C1=NON=C1/C=C\C1=CC(O)=CC=C1,16/000000006,"InChI=1S/C13H14N2O4/c16-7-6-12(18)13-11(14-19-15-13)5-4-9-2-1-3-10(17)8-9/h1-5,8,12,16-18H,6-7H2/b5-4-/t12-/m1/s1",C13H14N2O4,262.095356928,1.3614,4.04,1.2,3.58,-190.0,3.4549443221361837,1,DRUGLIKE_LANA,HsDHODH_Druglike,6,3,99.61000000000001,5,13,4,2,0.6842105263157895,0.21052631578947367,0.10526315789473684,0.23076923076923078,0.07692307692307693,19,2,0,2,1,0,1,0,0
CNCCCNC(=O)C1=CCC=C(CO)O1,20/000000144,"InChI=1S/C11H18N2O3/c1-12-6-3-7-13-11(15)10-5-2-4-9(8-14)16-10/h4-5,12,14H,2-3,6-8H2,1H3,(H,13,15)/p+1",C11H19N2O3,226.131742436,-0.1075000000000001,4.04,2.38,5.09,-80.0,4.3098130907329475,1,DRUGLIKE_LANA,HsDHODH_Druglike,4,3,70.59,6,11,3,2,0.6875,0.1875,0.125,0.5454545454545454,0.0,16,1,1,0,1,1,0,0,0
CC#C[C@H](C(=O)O)C1=CNC=N1,20/000000003,"InChI=1S/C8H8N2O2/c1-2-3-6(8(11)12)7-4-9-5-10-7/h4-6H,1H3,(H,9,10)(H,11,12)/t6-/m0/s1",C8H8N2O2,164.058577496,0.6012,4.04,2.31,2.22,-170.0,4.292276800159364,1,DRUGLIKE_LANA,HsDHODH_Druglike,2,2,65.97999999999999,2,8,2,2,0.6666666666666666,0.16666666666666666,0.16666666666666666,0.25,0.125,12,1,0,1,1,0,1,0,0
CCC[C@@H](N)C#CC(=O)C1=NNC(O)=C1,21/000000015,"InChI=1S/C10H13N3O2/c1-2-3-7(11)4-5-9(14)8-6-10(15)13-12-8/h6-7H,2-3,11H2,1H3,(H2,12,13,15)/t7-/m1/s1",C10H13N3O2,207.100776656,0.4288000000000001,4.04,3.33,2.22,-190.0,4.286392287284252,1,DRUGLIKE_LANA,HsDHODH_Druglike,4,3,92.00000000000001,3,10,2,3,0.6666666666666666,0.13333333333333333,0.2,0.4,0.1,15,1,0,1,1,0,1,0,0
C=CCC(=O)C1=NC=C(C2=C(CO)NC(CC)=C2)N1,4/000000338,"InChI=1S/C14H17N3O2/c1-3-5-13(19)14-15-7-11(17-14)10-6-9(4-2)16-12(10)8-18/h3,6-7,16,18H,1,4-5,8H2,2H3,(H,15,17)",C14H17N3O2,259.132076784,2.2183,4.04,4.24,22.0,-120.0,3.4236332686333704,1,DRUGLIKE_LANA,HsDHODH_Druglike,3,3,81.76999999999998,6,14,2,3,0.7368421052631579,0.10526315789473684,0.15789473684210525,0.2857142857142857,0.0,19,2,0,2,2,0,2,0,0
CC[C@](N)(C#CC(=O)C1=NNC(O)=C1)CN,21/000000010,"InChI=1S/C10H14N4O2/c1-2-10(12,6-11)4-3-8(15)7-5-9(16)14-13-7/h5H,2,6,11-12H2,1H3,(H2,13,14,16)/t10-/m0/s1",C10H14N4O2,222.111675688,-0.6323999999999994,4.04,1.84,2.22,-170.0,4.580382494389335,1,DRUGLIKE_LANA,HsDHODH_Druglike,5,4,118.02000000000001,3,10,2,4,0.625,0.125,0.25,0.4,0.1,16,1,0,1,1,0,1,0,0
NC1=NC=C(N2C=C(CC(=O)O)N=N2)C=C1/C=C/CCCO,23/000000059,"InChI=1S/C14H17N5O3/c15-14-10(4-2-1-3-5-20)6-12(8-16-14)19-9-11(17-18-19)7-13(21)22/h2,4,6,8-9,20H,1,3,5,7H2,(H2,15,16)(H,21,22)/b4-2+",C14H17N5O3,303.133139404,0.6572999999999996,4.04,3.26,23.2,-160.0,3.0054375011073535,1,DRUGLIKE_LANA,HsDHODH_Druglike,7,3,127.15,7,14,3,5,0.6363636363636364,0.13636363636363635,0.22727272727272727,0.2857142857142857,0.0,22,2,0,2,2,0,2,0,0
CC/C=C/C1=NN=C(C2=COC=C(CCCNCN)C2)N1,11/000000007,"InChI=1S/C15H23N5O/c1-2-3-6-14-18-15(20-19-14)13-8-12(9-21-10-13)5-4-7-17-11-16/h3,6,9-10,17H,2,4-5,7-8,11,16H2,1H3,(H,18,19,20)/b6-3+",C15H23N5O,289.190260356,2.1590000000000003,4.04,2.09,3.72,-200.0,4.074427226989545,1,DRUGLIKE_LANA,HsDHODH_Druglike,5,3,88.85,8,15,1,5,0.7142857142857143,0.047619047619047616,0.23809523809523808,0.4666666666666667,0.0,21,2,1,1,2,1,1,0,0
N[C@@H](/C=C/C1=CC=C(O)C(Cl)=C1)C1=NC=NC=N1,5/000000001,"InChI=1S/C12H11ClN4O/c13-9-5-8(2-4-11(9)18)1-3-10(14)12-16-6-15-7-17-12/h1-7,10,18H,14H2/b3-1+/t10-/m0/s1",C12H11N4OCl,262.062138652,1.9437999999999995,4.04,2.43,2.22,-150.0,3.4492379539248477,1,DRUGLIKE_LANA,HsDHODH_Druglike,5,2,84.92,3,12,1,4,0.6666666666666666,0.05555555555555555,0.2222222222222222,0.08333333333333333,0.08333333333333333,18,2,0,2,1,0,1,0,0
NC(=O)NC1=CC(O)=CC=C1/C=C/CC(F)(F)CO,4/000000181,"InChI=1S/C12H14F2N2O3/c13-12(14,7-17)5-1-2-8-3-4-9(18)6-10(8)16-11(15)19/h1-4,6,17-18H,5,7H2,(H3,15,16,19)/b2-1+",C12H14N2O3F2,272.09724874799997,1.9137,4.03,2.85,3.58,-190.0,2.981953920900084,1,DRUGLIKE_LANA,HsDHODH_Druglike,3,4,95.58000000000001,5,12,3,2,0.631578947368421,0.15789473684210525,0.10526315789473684,0.25,0.0,19,1,0,1,0,0,0,0,0
O=C(O)[C@@H](O)C#CC1=C(Cl)N=CC=C1,2/000000008,"InChI=1S/C9H6ClNO3/c10-8-6(2-1-5-11-8)3-4-7(12)9(13)14/h1-2,5,7,12H,(H,13,14)/t7-/m0/s1",C9H6NO3Cl,211.00362073199997,0.5320000000000003,4.03,2.03,2.22,-170.0,3.4782646282714165,1,DRUGLIKE_LANA,HsDHODH_Druglike,3,2,70.42,1,9,3,1,0.6428571428571429,0.21428571428571427,0.07142857142857142,0.1111111111111111,0.1111111111111111,14,1,0,1,1,0,1,0,0
CCNC/C=C/C1=CC(CN)=CC(NC(N)=O)=C1,4/000000283,"InChI=1S/C13H20N4O/c1-2-16-5-3-4-10-6-11(9-14)8-12(7-10)17-13(15)18/h3-4,6-8,16H,2,5,9,14H2,1H3,(H3,15,17,18)/p+1/b4-3+",C13H21N4O,248.16371125999999,1.2585999999999997,4.03,2.26,5.09,-20.0,3.497982502914991,1,DRUGLIKE_LANA,HsDHODH_Druglike,3,4,93.16999999999999,6,13,1,4,0.7222222222222222,0.05555555555555555,0.2222222222222222,0.3076923076923077,0.0,18,1,0,1,0,0,0,0,0
NC(=O)NC1=CC(O)=CC=C1/C=C/CC1=CC(=O)OCC1,4/000000057,"InChI=1S/C15H16N2O4/c16-15(20)17-13-9-12(18)5-4-11(13)3-1-2-10-6-7-21-14(19)8-10/h1,3-5,8-9,18H,2,6-7H2,(H3,16,17,20)/b3-1+",C15H16N2O4,288.111006992,2.1594000000000007,4.03,2.24,3.58,-60.0,3.052310113261375,1,DRUGLIKE_LANA,HsDHODH_Druglike,4,3,101.65000000000002,4,15,4,2,0.7142857142857143,0.19047619047619047,0.09523809523809523,0.2,0.0,21,2,1,1,1,1,0,0,0
CCCCCCC1=NC=C(C2=C(CN)NC(CCN)=C2)N1,4/000000206,"InChI=1S/C16H27N5/c1-2-3-4-5-6-16-19-11-15(21-16)13-9-12(7-8-17)20-14(13)10-18/h9,11,20H,2-8,10,17-18H2,1H3,(H,19,21)/p+1",C16H28N5,289.22664586400003,2.4875,4.03,1.5,20.7,-120.0,3.5091436204321695,1,DRUGLIKE_LANA,HsDHODH_Druglike,3,4,96.50999999999999,9,16,0,5,0.7619047619047619,0.0,0.23809523809523808,0.5625,0.0,21,2,0,2,2,0,2,0,0
N[C@@H](/C=C/C1=CC=C(O)C(Cl)=C1)C1=CC(CBr)=CC1,5/000000013,"InChI=1S/C15H15BrClNO/c16-9-11-1-4-12(7-11)14(18)5-2-10-3-6-15(19)13(17)8-10/h1-3,5-8,14,19H,4,9,18H2/b5-2+/t14-/m0/s1",C15H15NOClBr,339.00255388,4.037500000000001,4.03,1.9,2.35,-150.0,3.8904521595817574,1,DRUGLIKE_LANA,HsDHODH_Druglike,2,2,46.25,4,15,1,1,0.7894736842105263,0.05263157894736842,0.05263157894736842,0.2,0.06666666666666667,19,2,1,1,0,0,0,0,0
C=CC1=CC([C@@H](N)CF)=CC(NC(N)=O)=C1,4/000000264,"InChI=1S/C11H14FN3O/c1-2-7-3-8(10(13)6-12)5-9(4-7)15-11(14)16/h2-5,10H,1,6,13H2,(H3,14,15,16)/t10-/m0/s1",C11H14N3OF,223.112090288,1.7895,4.03,4.78,15.5,-150.0,3.249003961294523,1,DRUGLIKE_LANA,HsDHODH_Druglike,2,3,81.13999999999999,4,11,1,3,0.6875,0.0625,0.1875,0.18181818181818182,0.09090909090909091,16,1,0,1,0,0,0,0,0
CC1=NN=C([C@@H](N)/C=C/C2=CC=C(O)C(Cl)=C2)O1,5/000000009,"InChI=1S/C12H12ClN3O2/c1-7-15-16-12(18-7)10(14)4-2-8-3-5-11(17)9(13)6-8/h2-6,10,17H,14H2,1H3/b4-2+/t10-/m0/s1",C12H12N3O2Cl,265.061804304,2.4502200000000007,4.03,1.3,2.22,-170.0,3.3353594199881957,1,DRUGLIKE_LANA,HsDHODH_Druglike,5,2,85.17,3,12,2,3,0.6666666666666666,0.1111111111111111,0.16666666666666666,0.16666666666666666,0.08333333333333333,18,2,0,2,1,0,1,0,0
CCC1=CC=CC=C1O[C@H](CO)C(=O)O,20/000000020,"InChI=1S/C11H14O4/c1-2-8-5-3-4-6-9(8)15-10(7-12)11(13)14/h3-6,10,12H,2,7H2,1H3,(H,13,14)/t10-/m1/s1",C11H14O4,210.089208928,1.0732999999999997,4.03,7.81,2.22,-170.0,2.5182418182410995,1,DRUGLIKE_LANA,HsDHODH_Druglike,3,2,66.76,5,11,4,0,0.7333333333333333,0.26666666666666666,0.0,0.36363636363636365,0.09090909090909091,15,1,0,1,0,0,0,0,0
CC/C=C\C[C@H](N)C1=CNC(C(=O)C2=CC(=O)NC=N2)=C1,21/000000030,"InChI=1S/C15H18N4O2/c1-2-3-4-5-11(16)10-6-12(17-8-10)15(21)13-7-14(20)19-9-18-13/h3-4,6-9,11,17H,2,5,16H2,1H3,(H,18,19,20)/b4-3-/t11-/m0/s1",C15H18N4O2,286.142975816,1.6851,4.03,3.84,5.09,-170.0,3.942502102042532,1,DRUGLIKE_LANA,HsDHODH_Druglike,4,3,104.63000000000001,6,15,2,4,0.7142857142857143,0.09523809523809523,0.19047619047619047,0.26666666666666666,0.06666666666666667,21,2,0,2,2,0,2,0,0
O=C(O)[C@@H](C#CCCl)C1=CCC=CN1,20/000000088,"InChI=1S/C10H10ClNO2/c11-6-3-4-8(10(13)14)9-5-1-2-7-12-9/h2,5,7-8,12H,1,6H2,(H,13,14)/t8-/m0/s1",C10H10NO2Cl,211.04000624,1.3203,4.03,2.41,2.22,-150.0,4.660632177321556,1,DRUGLIKE_LANA,HsDHODH_Druglike,2,2,49.33,2,10,2,1,0.7142857142857143,0.14285714285714285,0.07142857142857142,0.3,0.1,14,1,1,0,1,1,0,0,0
NCC1=C(C#CC2=CC(O)=CN=C2C(=O)O)NN=C1,22/000000002,"InChI=1S/C12H10N4O3/c13-4-8-5-15-16-10(8)2-1-7-3-9(17)6-14-11(7)12(18)19/h3,5-6,17H,4,13H2,(H,15,16)(H,18,19)",C12H9N4O3,258.07529018,0.06699999999999973,4.03,3.2,21.8,0.0,3.3519128041921515,1,DRUGLIKE_LANA,HsDHODH_Druglike,5,4,125.12000000000002,2,12,3,4,0.631578947368421,0.15789473684210525,0.21052631578947367,0.08333333333333333,0.0,19,2,0,2,2,0,2,0,0
CC/C=C/[C@H](N)C1=CNC(C(=O)C2=CC(=O)NC=N2)=C1,21/000000024,"InChI=1S/C14H16N4O2/c1-2-3-4-10(15)9-5-11(16-7-9)14(20)12-6-13(19)18-8-17-12/h3-8,10,16H,2,15H2,1H3,(H,17,18,19)/b4-3+/t10-/m0/s1",C14H16N4O2,272.127325752,1.295,4.03,2.68,3.58,-170.0,4.069667492684422,1,DRUGLIKE_LANA,HsDHODH_Druglike,4,3,104.63000000000001,5,14,2,4,0.7,0.1,0.2,0.21428571428571427,0.07142857142857142,20,2,0,2,2,0,2,0,0
O=C(O)C1=CC([C@H](C#CC2=CNC=C2)C(=O)O)=CC=C1,20/000000111,"InChI=1S/C15H11NO4/c17-14(18)12-3-1-2-11(8-12)13(15(19)20)5-4-10-6-7-16-9-10/h1-3,6-9,13,16H,(H,17,18)(H,19,20)/t13-/m0/s1",C15H11NO4,269.068807832,1.9327999999999999,4.03,1.43,2.35,-150.0,3.333996613563544,1,DRUGLIKE_LANA,HsDHODH_Druglike,2,3,90.39,3,15,4,1,0.75,0.2,0.05,0.06666666666666667,0.06666666666666667,20,2,0,2,1,0,1,0,0
CC[C@@H](Cl)/C=C(\CC(=O)O)C1=NNN=C1,29/000000023,"InChI=1S/C9H12ClN3O2/c1-2-7(10)3-6(4-9(14)15)8-5-11-13-12-8/h3,5,7H,2,4H2,1H3,(H,14,15)(H,11,12,13)/b6-3+/t7-/m1/s1",C9H12N3O2Cl,229.061804304,1.6801999999999997,4.02,4.3,3.58,-170.0,4.053871461768304,1,DRUGLIKE_LANA,HsDHODH_Druglike,3,2,78.86999999999999,5,9,2,3,0.6,0.13333333333333333,0.2,0.4444444444444444,0.1111111111111111,15,1,0,1,1,0,1,0,0
CC[C@H](O)/C=C/C1=C(F)C=CC=C1NC(N)=O,4/000000171,"InChI=1S/C12H15FN2O2/c1-2-8(16)6-7-9-10(13)4-3-5-11(9)15-12(14)17/h3-8,16H,2H2,1H3,(H3,14,15,17)/b7-6+/t8-/m0/s1",C12H15N2O2F,238.11175594,2.1003999999999996,4.02,3.8,3.58,-170.0,3.071685706271621,1,DRUGLIKE_LANA,HsDHODH_Druglike,2,3,75.35,4,12,2,2,0.7058823529411765,0.11764705882352941,0.11764705882352941,0.25,0.08333333333333333,17,1,0,1,0,0,0,0,0
CCCCCCCC1=NC=C(C2=NN=C(CN)N2)O1,2/000000009,"InChI=1S/C13H21N5O/c1-2-3-4-5-6-7-12-15-9-10(19-12)13-16-11(8-14)17-18-13/h9H,2-8,14H2,1H3,(H,16,17,18)/p+1",C13H22N5O,263.174610292,2.4313,4.02,-0.26,3.58,-120.0,3.4028595728951476,1,DRUGLIKE_LANA,HsDHODH_Druglike,5,2,93.61999999999999,8,13,1,5,0.6842105263157895,0.05263157894736842,0.2631578947368421,0.6153846153846154,0.0,19,2,0,2,2,0,2,0,0
CC/C=C\CCC1=C(O)C(=O)C=C(C2=NN=NN2)O1,2/000000001,"InChI=1S/C12H14N4O3/c1-2-3-4-5-6-9-11(18)8(17)7-10(19-9)12-13-15-16-14-12/h3-4,7,18H,2,5-6H2,1H3,(H,13,14,15,16)/b4-3-",C12H14N4O3,262.106590308,1.4243,4.02,2.53,24.6,-140.0,3.429279712755286,1,DRUGLIKE_LANA,HsDHODH_Druglike,6,2,104.89999999999999,5,12,3,4,0.631578947368421,0.15789473684210525,0.21052631578947367,0.3333333333333333,0.0,19,2,0,2,2,0,2,0,0
O=C(/C=C/C1=NCCCO1)C1=NNC(O)=C1CCCO,21/000000011,"InChI=1S/C13H17N3O4/c17-7-1-3-9-12(15-16-13(9)19)10(18)4-5-11-14-6-2-8-20-11/h4-5,17H,1-3,6-8H2,(H2,15,16,19)/b5-4+",C13H17N3O4,279.121906024,0.5979000000000001,4.02,4.1,3.72,-20.0,3.6271805727193738,1,DRUGLIKE_LANA,HsDHODH_Druglike,6,3,107.80000000000001,6,13,4,3,0.65,0.2,0.15,0.46153846153846156,0.0,20,2,1,1,2,1,1,0,0
C/C=C\[C@@H](N)C1=C(Cl)C(O)=CC=C1,22/000000003,"InChI=1S/C10H12ClNO/c1-2-4-8(12)7-5-3-6-9(13)10(7)11/h2-6,8,13H,12H2,1H3/b4-2-/t8-/m1/s1",C10H12NOCl,197.060741684,2.6215,4.02,5.12,2.35,-170.0,3.3662351286204917,1,DRUGLIKE_LANA,HsDHODH_Druglike,2,2,46.25,2,10,1,1,0.7692307692307693,0.07692307692307693,0.07692307692307693,0.2,0.1,13,1,0,1,0,0,0,0,0
NC/C(=C/CC1=CC(O)=CC(NC(N)=O)=C1)[C@@H]1CCCO1,4/000000184,"InChI=1S/C15H21N3O3/c16-9-11(14-2-1-5-21-14)4-3-10-6-12(18-15(17)20)8-13(19)7-10/h4,6-8,14,19H,1-3,5,9,16H2,(H3,17,18,20)/p+1/b11-4-/t14-/m0/s1",C15H22N3O3,291.158291532,1.4894,4.02,8.71,5.09,-150.0,3.83956181521072,1,DRUGLIKE_LANA,HsDHODH_Druglike,4,4,110.60000000000001,5,15,3,3,0.7142857142857143,0.14285714285714285,0.14285714285714285,0.4,0.06666666666666667,21,2,1,1,1,1,0,0,0
C=CCCCCCC1=NC=C(C2=C(CN)NC(CO)=C2)N1,4/000000217,"InChI=1S/C16H24N4O/c1-2-3-4-5-6-7-16-18-10-15(20-16)13-8-12(11-21)19-14(13)9-17/h2,8,10,19,21H,1,3-7,9,11,17H2,(H,18,20)",C16H24N4O,288.195011388,2.6446999999999994,4.02,2.76,21.5,-100.0,3.1890759281244776,1,DRUGLIKE_LANA,HsDHODH_Druglike,3,4,90.72,9,16,1,4,0.7619047619047619,0.047619047619047616,0.19047619047619047,0.4375,0.0,21,2,0,2,2,0,2,0,0
O=C(O)CC#CC1=CC=CC([C@H](Br)C2=CCNCN2)=C1,19/000000021,"InChI=1S/C15H15BrN2O2/c16-15(13-7-8-17-10-18-13)12-5-1-3-11(9-12)4-2-6-14(19)20/h1,3,5,7,9,15,17-18H,6,8,10H2,(H,19,20)/t15-/m0/s1",C15H15N2O2Br,334.03168982000005,1.9829999999999999,4.01,7.24,19.9,-150.0,3.9936860727885297,1,DRUGLIKE_LANA,HsDHODH_Druglike,3,3,61.36,3,15,2,2,0.75,0.1,0.1,0.26666666666666666,0.06666666666666667,20,2,1,1,1,1,0,0,0
NC(=O)CCC1=CN=C(C(=O)O)C(C#CC2=CC=CC=C2)=C1,22/000000001,"InChI=1S/C17H14N2O3/c18-15(20)9-7-13-10-14(16(17(21)22)19-11-13)8-6-12-4-2-1-3-5-12/h1-5,10-11H,7,9H2,(H2,18,20)(H,21,22)",C17H13N2O3,294.100442308,1.5975,4.01,1.5,19.2,-60.0,2.449391595400156,1,DRUGLIKE_LANA,HsDHODH_Druglike,3,2,93.28000000000002,4,17,3,2,0.7727272727272727,0.13636363636363635,0.09090909090909091,0.11764705882352941,0.0,22,2,0,2,1,0,1,0,0
C/C(=C\C1=CC(C(=O)O)=C(O)C=C1)CCCCl,13/000000009,"InChI=1S/C13H15ClO3/c1-9(3-2-6-14)7-10-4-5-12(15)11(8-10)13(16)17/h4-5,7-8,15H,2-3,6H2,1H3,(H,16,17)/b9-7+",C13H15O3Cl,254.07097202,3.5127000000000015,4.01,6.27,3.58,-20.0,2.360791665452597,1,DRUGLIKE_LANA,HsDHODH_Druglike,2,2,57.53,5,13,3,0,0.7647058823529411,0.17647058823529413,0.0,0.3076923076923077,0.0,17,1,0,1,0,0,0,0,0
O=C(CO)OC[C@H](O)C1=CC(O)=CC=C1,6/000000060,"InChI=1S/C10H12O5/c11-5-10(14)15-6-9(13)7-2-1-3-8(12)4-7/h1-4,9,11-13H,5-6H2/t9-/m0/s1",C10H12O5,212.068473484,-0.0389000000000001,4.01,3.88,2.22,-150.0,2.732350636252356,1,DRUGLIKE_LANA,HsDHODH_Druglike,5,3,86.99000000000001,4,10,5,0,0.6666666666666666,0.3333333333333333,0.0,0.3,0.1,15,1,0,1,0,0,0,0,0
NC1=NC(NC(F)F)=CC(C(=O)C2=NNC(O)=C2)=N1,21/000000001,"InChI=1S/C9H8F2N6O2/c10-8(11)14-5-1-3(13-9(12)15-5)7(19)4-2-6(18)17-16-4/h1-2,8H,(H2,16,17,18)(H3,12,13,14,15)",C9H8N6O2F2,270.067679936,0.35300000000000004,4.01,3.52,24.0,-170.0,3.580275570743453,1,DRUGLIKE_LANA,HsDHODH_Druglike,7,4,129.81,4,9,2,6,0.47368421052631576,0.10526315789473684,0.3157894736842105,0.1111111111111111,0.0,19,2,0,2,2,0,2,0,0
OC/C=C(\C1=C(O)NN=C1)C1=NNN=C1CF,29/000000038,"InChI=1S/C9H10FN5O2/c10-3-7-8(13-15-12-7)5(1-2-16)6-4-11-14-9(6)17/h1,4,16H,2-3H2,(H2,11,14,17)(H,12,13,15)/b5-1+",C9H10N5O2F,239.08185278,0.1268999999999999,4.01,2.95,24.7,0.0,3.861663697225172,1,DRUGLIKE_LANA,HsDHODH_Druglike,5,4,110.71,4,9,2,5,0.5294117647058824,0.11764705882352941,0.29411764705882354,0.2222222222222222,0.0,17,2,0,2,2,0,2,0,0
C=CC1=C(C2=CN=C(CF)N2)C=C(C(C)=O)N1,4/000000013,"InChI=1S/C12H12FN3O/c1-3-9-8(4-10(15-9)7(2)17)11-6-14-12(5-13)16-11/h3-4,6,15H,1,5H2,2H3,(H,14,16)",C12H12N3OF,233.096440224,2.7199,4.01,4.4,21.4,-140.0,3.535848905899476,1,DRUGLIKE_LANA,HsDHODH_Druglike,2,2,61.54,4,12,1,3,0.7058823529411765,0.058823529411764705,0.17647058823529413,0.16666666666666666,0.0,17,2,0,2,2,0,2,0,0
O=C(O)CC#CC1=CC2=C(C=CC=C2CCCO)O1,20/000000109,"InChI=1S/C15H14O4/c16-9-3-5-11-4-1-7-14-13(11)10-12(19-14)6-2-8-15(17)18/h1,4,7,10,16H,3,5,8-9H2,(H,17,18)",C15H14O4,258.089208928,2.183900000000001,4.01,3.46,17.8,-40.0,2.8297950973706723,1,DRUGLIKE_LANA,HsDHODH_Druglike,3,2,70.67,4,15,4,0,0.7894736842105263,0.21052631578947367,0.0,0.26666666666666666,0.0,19,2,0,2,1,0,1,0,0
O=C(O)[C@@H](CO)OC1=CC=C(O)C=C1,20/000000055,"InChI=1S/C9H10O5/c10-5-8(9(12)13)14-7-3-1-6(11)2-4-7/h1-4,8,10-11H,5H2,(H,12,13)/t8-/m1/s1",C9H10O5,198.05282342,0.21650000000000008,4.0,8.42,2.22,-150.0,2.5094674622795132,1,DRUGLIKE_LANA,HsDHODH_Druglike,4,3,86.99000000000001,4,9,5,0,0.6428571428571429,0.35714285714285715,0.0,0.2222222222222222,0.1111111111111111,14,1,0,1,0,0,0,0,0
C/C=C/[C@@H](CO)C1=CN=C(CC(=O)NCC2=CN=NN2)C=C1,26/000000001,"InChI=1S/C15H19N5O2/c1-2-3-12(10-21)11-4-5-13(16-7-11)6-15(22)17-8-14-9-18-20-19-14/h2-5,7,9,12,21H,6,8,10H2,1H3,(H,17,22)(H,18,19,20)/b3-2+/t12-/m0/s1",C15H19N5O2,301.15387484800004,0.7105999999999993,4.0,4.84,22.6,-170.0,3.833538516018203,1,DRUGLIKE_LANA,HsDHODH_Druglike,5,3,103.79000000000002,7,15,2,5,0.6818181818181818,0.09090909090909091,0.22727272727272727,0.3333333333333333,0.06666666666666667,22,2,0,2,2,0,2,0,0
NC(=O)NC1=CC(O)=CC=C1/C=C/[C@H](O)C1=NOCC1,4/000000332,"InChI=1S/C13H15N3O4/c14-13(19)15-11-7-9(17)3-1-8(11)2-4-12(18)10-5-6-20-16-10/h1-4,7,12,17-18H,5-6H2,(H3,14,15,19)/b4-2+/t12-/m0/s1",C13H15N3O4,277.10625596000006,1.0332000000000003,4.0,2.77,3.58,-190.0,3.778846338838269,1,DRUGLIKE_LANA,HsDHODH_Druglike,5,4,117.17000000000002,4,13,4,3,0.65,0.2,0.15,0.23076923076923078,0.07692307692307693,20,2,1,1,1,1,0,0,0
C#C[C@H](C(=O)O)C1=CN(CCO)C=C1,20/000000110,"InChI=1S/C10H11NO3/c1-2-9(10(13)14)8-3-4-11(7-8)5-6-12/h1,3-4,7,9,12H,5-6H2,(H,13,14)/t9-/m0/s1",C10H11NO3,193.073893212,0.28179999999999994,4.0,1.86,3.58,-170.0,3.851061389405018,1,DRUGLIKE_LANA,HsDHODH_Druglike,3,2,62.459999999999994,4,10,3,1,0.7142857142857143,0.21428571428571427,0.07142857142857142,0.3,0.1,14,1,0,1,1,0,1,0,0
O=C(O)C1=CC(C(=O)C/C=C/C2CCCCC2)=C(C(=O)O)N1,5/000000076,"InChI=1S/C16H19NO5/c18-13(8-4-7-10-5-2-1-3-6-10)11-9-12(15(19)20)17-14(11)16(21)22/h4,7,9-10,17H,1-3,5-6,8H2,(H,19,20)(H,21,22)/b7-4+",C16H18NO5,305.12632270800003,3.120400000000001,5.61,6.75,3.84,-150.0,3.0432123861905396,1,DRUGLIKE_MAY,HsDHODH_Druglike,3,3,107.46000000000001,6,16,5,1,0.7272727272727273,0.22727272727272727,0.045454545454545456,0.4375,0.0,22,2,1,1,1,0,1,0,0
O=C(O)C1=CC(C(=O)C/C=C/[C@@H]2C=CC=CC2)=C(C(=O)O)N1,5/000000087,"InChI=1S/C16H15NO5/c18-13(8-4-7-10-5-2-1-3-6-10)11-9-12(15(19)20)17-14(11)16(21)22/h1-5,7,9-10,17H,6,8H2,(H,19,20)(H,21,22)/b7-4+/t10-/m1/s1",C16H14NO5,301.09502258000003,2.6723999999999997,5.5,7.13,3.84,-150.0,3.9625068820783738,1,DRUGLIKE_MAY,HsDHODH_Druglike,3,3,107.46000000000001,6,16,5,1,0.7272727272727273,0.22727272727272727,0.045454545454545456,0.1875,0.0625,22,2,1,1,1,0,1,0,0
O=C(O)C1=CC(C(=O)C/C=C/[C@@H]2C=CC=CO2)=C(C(=O)O)N1,5/000000150,"InChI=1S/C15H13NO6/c17-12(6-3-5-9-4-1-2-7-22-9)10-8-11(14(18)19)16-13(10)15(20)21/h1-5,7-9,16H,6H2,(H,18,19)(H,20,21)/b5-3+/t9-/m0/s1",C15H12NO6,303.074287136,2.0088,5.37,6.91,3.84,-150.0,4.16875101827005,1,DRUGLIKE_MAY,HsDHODH_Druglike,4,3,116.69,6,15,6,1,0.6818181818181818,0.2727272727272727,0.045454545454545456,0.13333333333333333,0.06666666666666667,22,2,1,1,2,1,1,0,0
O=C1C=COC(CCC2=CC=C(C3=NNC=C3)C(I)=C2)=C1O,15/000000016,"InChI=1S/C16H13IN2O3/c17-12-9-10(1-3-11(12)13-5-7-18-19-13)2-4-15-16(21)14(20)6-8-22-15/h1,3,5-9,21H,2,4H2,(H,18,19)",C16H13N2O3I,407.997090276,3.1253000000000015,5.25,6.89,22.9,-120.0,3.235334346197746,1,DRUGLIKE_MAY,HsDHODH_Druglike,4,2,79.12,4,16,3,2,0.7272727272727273,0.13636363636363635,0.09090909090909091,0.125,0.0,22,3,0,3,2,0,2,0,0
O=C1C=C[C@@H](/C=C/CC(=O)C2=C(C(=O)O)NC(C(=O)O)=C2)O1,5/000000111,"InChI=1S/C14H11NO7/c16-10(3-1-2-7-4-5-11(17)22-7)8-6-9(13(18)19)15-12(8)14(20)21/h1-2,4-7,15H,3H2,(H,18,19)(H,20,21)/b2-1+/t7-/m1/s1",C14H10NO7,305.053551692,1.0216999999999998,5.25,5.85,3.84,-150.0,3.958257966567655,1,DRUGLIKE_MAY,HsDHODH_Druglike,5,3,133.76,6,14,7,1,0.6363636363636364,0.3181818181818182,0.045454545454545456,0.14285714285714285,0.07142857142857142,22,2,1,1,2,1,1,0,0
O=C(O)C1=CC(C(=O)C/C=C/[C@H]2CCNC2)=C(C(=O)O)N1,5/000000103,"InChI=1S/C14H16N2O5/c17-11(3-1-2-8-4-5-15-7-8)9-6-10(13(18)19)16-12(9)14(20)21/h1-2,6,8,15-16H,3-5,7H2,(H,18,19)(H,20,21)/p+1/b2-1+/t8-/m0/s1",C14H16N2O5,292.10592161200003,1.1496,5.19,7.55,3.84,-150.0,4.594712473844897,1,DRUGLIKE_MAY,HsDHODH_Druglike,4,4,119.49000000000001,6,14,5,2,0.6666666666666666,0.23809523809523808,0.09523809523809523,0.35714285714285715,0.07142857142857142,21,2,1,1,2,1,1,0,0
C=C[C@H](CC)C1=CC(C(=O)NCCC(=O)O)=CC=C1,27/000000076,"InChI=1S/C15H19NO3/c1-3-11(4-2)12-6-5-7-13(10-12)15(19)16-9-8-14(17)18/h3,5-7,10-11H,1,4,8-9H2,2H3,(H,16,19)(H,17,18)/t11-/m1/s1",C15H19NO3,261.136493468,2.5707000000000004,4.99,6.69,3.58,-170.0,2.721823612077012,1,DRUGLIKE_MAY,HsDHODH_Druglike,2,2,66.4,7,15,3,1,0.7894736842105263,0.15789473684210525,0.05263157894736842,0.3333333333333333,0.06666666666666667,19,1,0,1,0,0,0,0,0
CNC(=O)C1=CC(O)=CC(C#CC(=O)O[C@@H](CF)CN2C=CCC2)=C1,1/000000080,"InChI=1S/C18H19FN2O4/c1-20-18(24)14-8-13(9-15(22)10-14)4-5-17(23)25-16(11-19)12-21-6-2-3-7-21/h2,6,8-10,16,22H,3,7,11-12H2,1H3,(H,20,24)/t16-/m0/s1",C18H19N2O4F,346.132885308,1.204,4.98,4.35,3.58,-170.0,3.902262438964133,1,DRUGLIKE_MAY,HsDHODH_Druglike,5,2,78.87,5,18,4,2,0.72,0.16,0.08,0.3333333333333333,0.05555555555555555,25,2,1,1,1,1,0,0,0
OC/C=C/C1=C(C2=NC(CO)=CC=C2)NC=N1,13/000000013,"InChI=1S/C12H13N3O2/c16-6-2-5-10-12(14-8-13-10)11-4-1-3-9(7-17)15-11/h1-5,8,16-17H,6-7H2,(H,13,14)/b5-2+",C12H13N3O2,231.100776656,0.9694999999999998,4.97,2.36,15.5,-160.0,3.0762901297212473,1,DRUGLIKE_MAY,HsDHODH_Druglike,4,3,82.03000000000002,4,12,2,3,0.7058823529411765,0.11764705882352941,0.17647058823529413,0.16666666666666666,0.0,17,2,0,2,2,0,2,0,0
NCC1=CC(O)=CC(C#CC(=O)O[C@H]2CN=C(CO)C2)=C1,1/000000087,"InChI=1S/C15H16N2O4/c16-7-11-3-10(4-13(19)5-11)1-2-15(20)21-14-6-12(9-18)17-8-14/h3-5,14,18-19H,6-9,16H2/t14-/m1/s1",C15H16N2O4,288.111006992,-0.048800000000000565,4.97,5.06,21.2,-150.0,3.993803275445402,1,DRUGLIKE_MAY,HsDHODH_Druglike,6,3,105.14,3,15,4,2,0.7142857142857143,0.19047619047619047,0.09523809523809523,0.3333333333333333,0.06666666666666667,21,2,1,1,1,1,0,0,0
O=C(C#CC1=CC(CO)=CC(O)=C1)O[C@H]1CN=C(CO)C1,1/000000177,"InChI=1S/C15H15NO5/c17-8-11-3-10(4-13(19)5-11)1-2-15(20)21-14-6-12(9-18)16-7-14/h3-5,14,17-19H,6-9H2/t14-/m1/s1",C15H15NO5,289.09502258000003,-0.015200000000000047,4.95,5.69,21.0,-150.0,3.9615839794871217,1,DRUGLIKE_MAY,HsDHODH_Druglike,6,3,99.35000000000001,3,15,5,1,0.7142857142857143,0.23809523809523808,0.047619047619047616,0.3333333333333333,0.06666666666666667,21,2,1,1,1,1,0,0,0
O=C(C#CC1=CC(C2=NNN=C2)=CC(O)=C1)OCCBr,1/000000060,"InChI=1S/C13H10BrN3O3/c14-3-4-20-13(19)2-1-9-5-10(7-11(18)6-9)12-8-15-17-16-12/h5-8,18H,3-4H2,(H,15,16,17)",C13H10N3O3Br,334.99055328000003,1.4668999999999996,4.88,1.67,23.5,-140.0,3.237615390533138,1,DRUGLIKE_MAY,HsDHODH_Druglike,5,2,88.10000000000001,3,13,3,3,0.65,0.15,0.15,0.15384615384615385,0.0,20,2,0,2,1,0,1,0,0
C/C=C/C[C@H](N)C1=C(C(=O)O)NC(C(=O)O)=C1,5/000000027,"InChI=1S/C11H14N2O4/c1-2-3-4-7(12)6-5-8(10(14)15)13-9(6)11(16)17/h2-3,5,7,13H,4,12H2,1H3,(H,14,15)(H,16,17)/b3-2+/t7-/m0/s1",C11H13N2O4,238.095356928,1.3771000000000002,4.88,1.66,19.2,-170.0,3.636397345067607,1,DRUGLIKE_MAY,HsDHODH_Druglike,3,4,116.41000000000001,5,11,4,2,0.6470588235294118,0.23529411764705882,0.11764705882352941,0.2727272727272727,0.09090909090909091,17,1,0,1,1,0,1,0,0
NC(=O)N[C@H]1C=CN(CCOC(=O)C#CC2=CC(C(=O)O)=CC(O)=C2)C1,1/000000161,"InChI=1S/C17H17N3O6/c18-17(25)19-13-3-4-20(10-13)5-6-26-15(22)2-1-11-7-12(16(23)24)9-14(21)8-11/h3-4,7-9,13,21H,5-6,10H2,(H,23,24)(H3,18,19,25)/t13-/m0/s1",C17H17N3O6,359.11173526399995,-0.14869999999999983,4.87,2.18,4.94,-170.0,3.8428940988445577,1,DRUGLIKE_MAY,HsDHODH_Druglike,6,4,142.19,5,17,6,3,0.6538461538461539,0.23076923076923078,0.11538461538461539,0.23529411764705882,0.058823529411764705,26,2,1,1,1,1,0,0,0
NC(N)NC1=C(C#CC(=O)O[C@H]2CN=C(CO)C2)C=CC=C1O,1/000000094,"InChI=1S/C15H18N4O4/c16-15(17)19-14-9(2-1-3-12(14)21)4-5-13(22)23-11-6-10(8-20)18-7-11/h1-3,11,15,19-21H,6-8,16-17H2/t11-/m1/s1",C15H17N4O4,318.13280505599994,-0.8946000000000001,4.84,8.46,24.7,-150.0,4.255123132354731,1,DRUGLIKE_MAY,HsDHODH_Druglike,8,5,143.19,4,15,4,4,0.6521739130434783,0.17391304347826086,0.17391304347826086,0.3333333333333333,0.06666666666666667,23,2,1,1,1,1,0,0,0
O=C(OCC1=C(C2=CC=CC=C2)C(O)=NC=C1)C1=CN=C(C(=O)O)N1,5/000000007,"InChI=1S/C17H13N3O5/c21-15-13(10-4-2-1-3-5-10)11(6-7-18-15)9-25-17(24)12-8-19-14(20-12)16(22)23/h1-8H,9H2,(H,18,21)(H,19,20)(H,22,23)",C17H13N3O5,339.08552051600003,2.2324999999999995,4.84,4.16,23.2,-160.0,2.7530113661874775,1,DRUGLIKE_MAY,HsDHODH_Druglike,6,3,125.4,5,17,5,3,0.68,0.2,0.12,0.058823529411764705,0.0,25,3,0,3,2,0,2,0,0
NCC1=CC=C(C2=CC(=O)C=C(CN)N2)C=C1,15/000000182,"InChI=1S/C13H15N3O/c14-7-9-1-3-10(4-2-9)13-6-12(17)5-11(8-15)16-13/h1-6H,7-8,14-15H2,(H,16,17)",C13H15N3O,229.1215121,0.9592999999999998,4.84,4.03,2.22,-160.0,2.4602252356867105,1,DRUGLIKE_MAY,HsDHODH_Druglike,3,3,84.9,3,13,1,3,0.7647058823529411,0.058823529411764705,0.17647058823529413,0.15384615384615385,0.0,17,2,0,2,1,0,1,0,0
C=CCC1=CC(C(=O)NCCC(=O)O)=CC(I)=C1,27/000000094,"InChI=1S/C13H14INO3/c1-2-3-9-6-10(8-11(14)7-9)13(18)15-5-4-12(16)17/h2,6-8H,1,3-5H2,(H,15,18)(H,16,17)",C13H14NO3I,359.001841308,2.2241999999999997,4.83,5.73,3.58,0.0,2.326277278425195,1,DRUGLIKE_MAY,HsDHODH_Druglike,2,2,66.4,6,13,3,1,0.7222222222222222,0.16666666666666666,0.05555555555555555,0.23076923076923078,0.0,18,1,0,1,0,0,0,0,0
O=C(O)C1=CC(=O)C=C(C2=CC=C(Br)C=C2)N1,15/000000123,"InChI=1S/C12H8BrNO3/c13-8-3-1-7(2-4-8)10-5-9(15)6-11(14-10)12(16)17/h1-6H,(H,14,15)(H,16,17)",C12H7NO3Br,292.96875521600003,2.5026,4.83,2.42,2.22,-160.0,2.2639647815132236,1,DRUGLIKE_MAY,HsDHODH_Druglike,2,2,70.16,2,12,3,1,0.7058823529411765,0.17647058823529413,0.058823529411764705,0.0,0.0,17,2,0,2,1,0,1,0,0
NCC1=CC(=O)C=C(C2=NN=C(CCCO)O2)N1,15/000000287,"InChI=1S/C11H14N4O3/c12-6-7-4-8(17)5-9(13-7)11-15-14-10(18-11)2-1-3-16/h4-5,16H,1-3,6,12H2,(H,13,17)/p+1",C11H15N4O3,250.106590308,-0.19150000000000056,4.79,5.93,22.4,-120.0,3.555502303819969,1,DRUGLIKE_MAY,HsDHODH_Druglike,6,3,118.03,5,11,3,4,0.6111111111111112,0.16666666666666666,0.2222222222222222,0.36363636363636365,0.0,18,2,0,2,2,0,2,0,0
COC(=O)C1=CC(O)=CC(C#CC(=O)O[C@H]2CN=C(CO)C2)=C1,1/000000148,"InChI=1S/C16H15NO6/c1-22-16(21)11-4-10(5-13(19)6-11)2-3-15(20)23-14-7-12(9-18)17-8-14/h4-6,14,18-19H,7-9H2,1H3/t14-/m1/s1",C16H15NO6,317.0899372,0.27909999999999996,4.78,4.86,3.58,-190.0,3.805062555431654,1,DRUGLIKE_MAY,HsDHODH_Druglike,7,2,105.42,3,16,6,1,0.6956521739130435,0.2608695652173913,0.043478260869565216,0.3125,0.0625,23,2,1,1,1,1,0,0,0
CCC1=CC=C(C2=CC(=O)C=C(C(=O)O)N2)C=C1,15/000000108,"InChI=1S/C14H13NO3/c1-2-9-3-5-10(6-4-9)12-7-11(16)8-13(15-12)14(17)18/h3-8H,2H2,1H3,(H,15,16)(H,17,18)",C14H12NO3,243.089543276,2.3025,4.74,3.8,2.22,-180.0,2.193021272145762,1,DRUGLIKE_MAY,HsDHODH_Druglike,2,2,70.16,3,14,3,1,0.7777777777777778,0.16666666666666666,0.05555555555555555,0.14285714285714285,0.0,18,2,0,2,1,0,1,0,0
O=C(C#CC1=CC([C@H](O)CCl)=CC(O)=C1)OCCN1C=CCC1,1/000000091,"InChI=1S/C17H18ClNO4/c18-12-16(21)14-9-13(10-15(20)11-14)3-4-17(22)23-8-7-19-5-1-2-6-19/h1,5,9-11,16,20-21H,2,6-8,12H2/t16-/m1/s1",C17H18NO4Cl,335.092435736,1.7785,4.74,4.94,22.1,-150.0,3.869204264011536,1,DRUGLIKE_MAY,HsDHODH_Druglike,5,2,70.0,5,17,4,1,0.7391304347826086,0.17391304347826086,0.043478260869565216,0.35294117647058826,0.058823529411764705,23,2,1,1,1,1,0,0,0
CC(=O)OCC#CCC1=CC=C(C2=CC(=O)C=C(CN)N2)C=C1,15/000000191,"InChI=1S/C18H18N2O3/c1-13(21)23-9-3-2-4-14-5-7-15(8-6-14)18-11-17(22)10-16(12-19)20-18/h5-8,10-11H,4,9,12,19H2,1H3,(H,20,22)",C18H18N2O3,310.131742436,1.6096000000000001,4.74,1.65,3.58,-180.0,2.860065690133597,1,DRUGLIKE_MAY,HsDHODH_Druglike,4,2,85.18,4,18,3,2,0.782608695652174,0.13043478260869565,0.08695652173913043,0.2222222222222222,0.0,23,2,0,2,1,0,1,0,0
NC(=O)C1=CC(=O)C=C(C2=CC=C(Br)C=C2)N1,15/000000112,"InChI=1S/C12H9BrN2O2/c13-8-3-1-7(2-4-8)10-5-9(16)6-11(15-10)12(14)17/h1-6H,(H2,14,17)(H,15,16)",C12H9N2O2Br,291.98473962800006,1.9033,4.73,2.6,2.22,-160.0,2.3429939140827827,1,DRUGLIKE_MAY,HsDHODH_Druglike,2,2,75.95,2,12,2,2,0.7058823529411765,0.11764705882352941,0.11764705882352941,0.0,0.0,17,2,0,2,1,0,1,0,0
O=C(C#CC1=CC(C(=O)NCC(F)F)=CC(O)=C1)OCCN1C=CCC1,1/000000056,"InChI=1S/C18H18F2N2O4/c19-16(20)12-21-18(25)14-9-13(10-15(23)11-14)3-4-17(24)26-8-7-22-5-1-2-6-22/h1,5,9-11,16,23H,2,6-8,12H2,(H,21,25)",C18H18N2O4F2,364.123463496,1.5011999999999999,4.72,3.14,4.94,-170.0,3.2839985094847357,1,DRUGLIKE_MAY,HsDHODH_Druglike,5,2,78.87,6,18,4,2,0.6923076923076923,0.15384615384615385,0.07692307692307693,0.3333333333333333,0.0,26,2,1,1,1,1,0,0,0
CC#CCC1=CC=C(C2=CC(=O)C=C(CN)N2)C=C1,15/000000041,"InChI=1S/C16H16N2O/c1-2-3-4-12-5-7-13(8-6-12)16-10-15(19)9-14(11-17)18-16/h5-10H,4,11,17H2,1H3,(H,18,19)",C16H16N2O,252.126263132,2.0664,4.72,3.08,3.58,-180.0,2.7920438153193885,1,DRUGLIKE_MAY,HsDHODH_Druglike,2,2,58.88,3,16,1,2,0.8421052631578947,0.05263157894736842,0.10526315789473684,0.1875,0.0,19,2,0,2,1,0,1,0,0
C=CCC1=CC(C(=O)NC[C@H](F)C(=O)O)=CC=C1,27/000000097,"InChI=1S/C13H14FNO3/c1-2-4-9-5-3-6-10(7-9)12(16)15-8-11(14)13(17)18/h2-3,5-7,11H,1,4,8H2,(H,15,16)(H,17,18)/t11-/m0/s1",C13H14NO3F,251.095771528,1.5676,4.71,6.87,3.58,-150.0,2.7180632378845857,1,DRUGLIKE_MAY,HsDHODH_Druglike,2,2,66.4,6,13,3,1,0.7222222222222222,0.16666666666666666,0.05555555555555555,0.23076923076923078,0.07692307692307693,18,1,0,1,0,0,0,0,0
CCC1=C(C2=CC=CC=C2)NC(CN)=CC1=O,15/000000228,"InChI=1S/C14H16N2O/c1-2-12-13(17)8-11(9-15)16-14(12)10-6-4-3-5-7-10/h3-8H,2,9,15H2,1H3,(H,16,17)",C14H16N2O,228.126263132,2.0629999999999993,4.68,6.64,3.58,-180.0,2.4051550433790165,1,DRUGLIKE_MAY,HsDHODH_Druglike,2,2,58.88,3,14,1,2,0.8235294117647058,0.058823529411764705,0.11764705882352941,0.21428571428571427,0.0,17,2,0,2,1,0,1,0,0
O=C(CC1=CC=C(C2=NNC=C2)C(I)=C1)CC1=NC=CC=C1CO,15/000000099,"InChI=1S/C18H16IN3O2/c19-16-9-12(3-4-15(16)17-5-7-21-22-17)8-14(24)10-18-13(11-23)2-1-6-20-18/h1-7,9,23H,8,10-11H2,(H,21,22)",C18H16N3O2I,433.028724752,2.9229000000000016,4.68,8.27,20.9,-120.0,3.0864147437893497,1,DRUGLIKE_MAY,HsDHODH_Druglike,4,2,78.87,6,18,2,3,0.75,0.08333333333333333,0.125,0.16666666666666666,0.0,24,3,0,3,2,0,2,0,0
CN(C(=O)CC1=C(C(N)=O)C=CC(C(=O)O)=C1)[C@@H]1C=CCC1,5/000000047,"InChI=1S/C16H18N2O4/c1-18(12-4-2-3-5-12)14(19)9-11-8-10(16(21)22)6-7-13(11)15(17)20/h2,4,6-8,12H,3,5,9H2,1H3,(H2,17,20)(H,21,22)/t12-/m1/s1",C16H18N2O4,302.126657056,1.2031999999999992,4.68,7.13,3.58,-170.0,3.1541818127215,1,DRUGLIKE_MAY,HsDHODH_Druglike,3,2,100.7,5,16,4,2,0.7272727272727273,0.18181818181818182,0.09090909090909091,0.3125,0.0625,22,2,1,1,0,0,0,0,0
O=C(O)CC1=CC(O)=CC(C#CC(=O)O[C@H]2CN=C(CO)C2)=C1,1/000000172,"InChI=1S/C16H15NO6/c18-9-12-7-14(8-17-12)23-16(22)2-1-10-3-11(6-15(20)21)5-13(19)4-10/h3-5,14,18-19H,6-9H2,(H,20,21)/t14-/m1/s1",C16H15NO6,317.0899372,0.11959999999999998,4.67,5.3,3.87,-150.0,3.874306305431654,1,DRUGLIKE_MAY,HsDHODH_Druglike,6,3,116.42,4,16,6,1,0.6956521739130435,0.2608695652173913,0.043478260869565216,0.3125,0.0625,23,2,1,1,1,1,0,0,0
O=C1C=C(CCF)NC(C2=CC(O)=C(NC3=NCCO3)C=C2)=C1,15/000000141,"InChI=1S/C16H16FN3O3/c17-4-3-11-8-12(21)9-14(19-11)10-1-2-13(15(22)7-10)20-16-18-5-6-23-16/h1-2,7-9,22H,3-6H2,(H,18,20)(H,19,21)",C16H16N3O3F,317.117569592,2.0576,4.67,5.25,23.4,-160.0,3.2582719408060026,1,DRUGLIKE_MAY,HsDHODH_Druglike,5,3,86.71000000000001,4,16,3,3,0.6956521739130435,0.13043478260869565,0.13043478260869565,0.25,0.0,23,3,1,2,2,1,1,0,0
O=C(O)C1=C(CO)C(=O)C=C(C2=CC=C(Br)C=C2)N1,15/000000210,"InChI=1S/C13H10BrNO4/c14-8-3-1-7(2-4-8)10-5-11(17)9(6-16)12(15-10)13(18)19/h1-5,16H,6H2,(H,15,17)(H,18,19)",C13H10NO4Br,322.97931990000006,1.9948999999999997,4.67,2.79,3.85,-160.0,2.4799882926369428,1,DRUGLIKE_MAY,HsDHODH_Druglike,3,3,90.38999999999999,3,13,4,1,0.6842105263157895,0.21052631578947367,0.05263157894736842,0.07692307692307693,0.0,19,2,0,2,1,0,1,0,0
OC/C(=C\CC1=CCNC1)C1=CC=C2C(=C1)NC1=C2C=CN=C1,13/000000001,"InChI=1S/C19H19N3O/c23-12-15(2-1-13-5-7-20-10-13)14-3-4-16-17-6-8-21-11-19(17)22-18(16)9-14/h2-6,8-9,11,20,22-23H,1,7,10,12H2/b15-2+",C19H19N3O,305.152812228,3.0115000000000007,4.66,3.42,17.4,-200.0,3.285869410982883,1,DRUGLIKE_MAY,HsDHODH_Druglike,3,3,60.94,4,19,1,3,0.8260869565217391,0.043478260869565216,0.13043478260869565,0.21052631578947367,0.0,23,4,1,3,3,1,2,0,0
C=CCC1=C(CO)NC(C2=CC(CC(=O)O)=CC=C2)=CC1=O,15/000000208,"InChI=1S/C17H17NO4/c1-2-4-13-15(10-19)18-14(9-16(13)20)12-6-3-5-11(7-12)8-17(21)22/h2-3,5-7,9,19H,1,4,8,10H2,(H,18,20)(H,21,22)",C17H17NO4,299.115758024,1.8898,4.65,5.21,5.09,-160.0,2.7484958666445127,1,DRUGLIKE_MAY,HsDHODH_Druglike,3,3,90.38999999999999,6,17,4,1,0.7727272727272727,0.18181818181818182,0.045454545454545456,0.17647058823529413,0.0,22,2,0,2,1,0,1,0,0
CC(=O)NC1=CC(C#CC(=O)O[C@H]2CN=C(CO)C2)=CC(O)=C1,1/000000180,"InChI=1S/C16H16N2O5/c1-10(20)18-12-4-11(5-14(21)6-12)2-3-16(22)23-15-7-13(9-19)17-8-15/h4-6,15,19,21H,7-9H2,1H3,(H,18,20)/t15-/m1/s1",C16H16N2O5,316.105921612,0.45089999999999947,4.64,4.83,24.0,-170.0,3.818077940047039,1,DRUGLIKE_MAY,HsDHODH_Druglike,6,3,108.22000000000001,3,16,5,2,0.6956521739130435,0.21739130434782608,0.08695652173913043,0.3125,0.0625,23,2,1,1,1,1,0,0,0
O=C1C=C(CCF)NC(C2=CC=C(NC3=NCCO3)C=C2)=C1CBr,15/000000227,"InChI=1S/C17H17BrFN3O2/c18-10-14-15(23)9-13(5-6-19)21-16(14)11-1-3-12(4-2-11)22-17-20-7-8-24-17/h1-4,9H,5-8,10H2,(H,20,22)(H,21,23)",C17H17N3O2FBr,393.048817104,3.246900000000002,4.64,7.73,24.5,-160.0,3.2317291250602516,1,DRUGLIKE_MAY,HsDHODH_Druglike,4,2,66.48,5,17,2,3,0.7083333333333334,0.08333333333333333,0.125,0.29411764705882354,0.0,24,3,1,2,2,1,1,0,0
C=CC1=CNC(C2=C(C(=O)O)C=C(CCI)C=C2)=CC1=O,15/000000154,"InChI=1S/C16H14INO3/c1-2-11-9-18-14(8-15(11)19)12-4-3-10(5-6-17)7-13(12)16(20)21/h2-4,7-9H,1,5-6H2,(H,18,19)(H,20,21)",C16H14NO3I,395.00184130799994,3.3606000000000016,4.64,6.93,3.58,-160.0,2.992090835286282,1,DRUGLIKE_MAY,HsDHODH_Druglike,2,2,70.16,5,16,3,1,0.7619047619047619,0.14285714285714285,0.047619047619047616,0.125,0.0,21,2,0,2,1,0,1,0,0
O=C(C#CC1=CC=CC(O)=C1C(=O)O)OCCC1=CC=C(F)C(F)=C1,1/000000106,"InChI=1S/C18H12F2O5/c19-13-6-4-11(10-14(13)20)8-9-25-16(22)7-5-12-2-1-3-15(21)17(12)18(23)24/h1-4,6,10,21H,8-9H2,(H,23,24)",C18H12O5F2,346.06527992400004,2.506000000000001,4.63,5.95,3.58,0.0,2.6446913699559076,1,DRUGLIKE_MAY,HsDHODH_Druglike,4,2,83.83,4,18,5,0,0.72,0.2,0.0,0.1111111111111111,0.0,25,2,0,2,0,0,0,0,0
C=CC1=CC=CC(C2=CC(=O)C=C(CN)N2)=C1,15/000000234,"InChI=1S/C14H14N2O/c1-2-10-4-3-5-11(6-10)14-8-13(17)7-12(9-15)16-14/h2-8H,1,9,15H2,(H,16,17)",C14H14N2O,226.110613068,2.1436,4.63,3.64,2.22,-160.0,2.6984858126097873,1,DRUGLIKE_MAY,HsDHODH_Druglike,2,2,58.88,3,14,1,2,0.8235294117647058,0.058823529411764705,0.11764705882352941,0.07142857142857142,0.0,17,2,0,2,1,0,1,0,0
NCC1=CC(C2=CC(=O)C=C(CN)N2)=CC=C1,15/000000140,"InChI=1S/C13H15N3O/c14-7-9-2-1-3-10(4-9)13-6-12(17)5-11(8-15)16-13/h1-6H,7-8,14-15H2,(H,16,17)",C13H15N3O,229.1215121,0.9592999999999998,4.62,4.13,2.22,-160.0,2.525261774148248,1,DRUGLIKE_MAY,HsDHODH_Druglike,3,3,84.9,3,13,1,3,0.7647058823529411,0.058823529411764705,0.17647058823529413,0.15384615384615385,0.0,17,2,0,2,1,0,1,0,0
NCC1=CC(=O)C(CF)=C(C2=CC=CC=C2)N1,15/000000168,"InChI=1S/C13H13FN2O/c14-7-11-12(17)6-10(8-15)16-13(11)9-4-2-1-3-5-9/h1-6H,7-8,15H2,(H,16,17)",C13H13N2OF,232.101191256,1.9700999999999997,4.6,6.06,3.58,-160.0,2.60250023568671,1,DRUGLIKE_MAY,HsDHODH_Druglike,2,2,58.88,3,13,1,2,0.7647058823529411,0.058823529411764705,0.11764705882352941,0.15384615384615385,0.0,17,2,0,2,1,0,1,0,0
C=C[C@@H](CO)C1=CC(C(=O)NCCC(=O)O)=CC=C1,27/000000070,"InChI=1S/C14H17NO4/c1-2-10(9-16)11-4-3-5-12(8-11)14(19)15-7-6-13(17)18/h2-5,8,10,16H,1,6-7,9H2,(H,15,19)(H,17,18)/t10-/m0/s1",C14H17NO4,263.115758024,1.153,4.59,7.15,3.58,-150.0,2.7894727245030477,1,DRUGLIKE_MAY,HsDHODH_Druglike,3,3,86.63000000000001,7,14,4,1,0.7368421052631579,0.21052631578947367,0.05263157894736842,0.2857142857142857,0.07142857142857142,19,1,0,1,0,0,0,0,0
O=C(O)/C(=C/CO)C1=CC(O)=CC=C1,5/000000049,"InChI=1S/C10H10O4/c11-5-4-9(10(13)14)7-2-1-3-8(12)6-7/h1-4,6,11-12H,5H2,(H,13,14)/b9-4+",C10H10O4,194.0579088,0.8525,4.58,3.38,3.85,0.0,2.4686162132225036,1,DRUGLIKE_MAY,HsDHODH_Druglike,3,3,77.76,3,10,4,0,0.7142857142857143,0.2857142857142857,0.0,0.1,0.0,14,1,0,1,0,0,0,0,0
OCC1=CC(O)=CC(C2=COC(CNCC3=CC=CC=C3)=C2)=C1,1/000000135,"InChI=1S/C19H19NO3/c21-12-15-6-16(8-18(22)7-15)17-9-19(23-13-17)11-20-10-14-4-2-1-3-5-14/h1-9,13,20-22H,10-12H2",C19H19NO3,309.136493468,3.4343000000000012,4.58,3.28,3.58,-120.0,2.348415777566256,1,DRUGLIKE_MAY,HsDHODH_Druglike,4,3,65.63,6,19,3,1,0.8260869565217391,0.13043478260869565,0.043478260869565216,0.15789473684210525,0.0,23,3,0,3,1,0,1,0,0
C=CCC1=C(C(=O)O)C=C([C@H](C(=O)O)C2=CN=CN2)N1,19/000000002,"InChI=1S/C13H13N3O4/c1-2-3-8-7(12(17)18)4-9(16-8)11(13(19)20)10-5-14-6-15-10/h2,4-6,11,16H,1,3H2,(H,14,15)(H,17,18)(H,19,20)/t11-/m0/s1",C13H13N3O4,275.09060589600006,1.3809999999999998,4.57,5.95,3.58,-150.0,3.8743108942828233,1,DRUGLIKE_MAY,HsDHODH_Druglike,3,4,119.07,6,13,4,3,0.65,0.2,0.15,0.15384615384615385,0.07692307692307693,20,2,0,2,2,0,2,0,0
C/C=C/[C@H](O)CC1=CC(C(=O)NCCC(=O)O)=CC=C1,27/000000033,"InChI=1S/C15H19NO4/c1-2-4-13(17)10-11-5-3-6-12(9-11)15(20)16-8-7-14(18)19/h2-6,9,13,17H,7-8,10H2,1H3,(H,16,20)(H,18,19)/b4-2+/t13-/m0/s1",C15H19NO4,277.131408088,1.3706,4.57,3.55,3.58,-170.0,2.62679509008702,1,DRUGLIKE_MAY,HsDHODH_Druglike,3,3,86.63000000000001,7,15,4,1,0.75,0.2,0.05,0.3333333333333333,0.06666666666666667,20,1,0,1,0,0,0,0,0
O=C(C#CC1=CC(CO)=CC(O)=C1)OCCN1C=CCC1,1/000000009,"InChI=1S/C16H17NO4/c18-12-14-9-13(10-15(19)11-14)3-4-16(20)21-8-7-17-5-1-2-6-17/h1,5,9-11,18-19H,2,6-8,12H2",C16H17NO4,287.115758024,0.9985999999999999,4.56,4.45,19.8,0.0,3.2471674665860153,1,DRUGLIKE_MAY,HsDHODH_Druglike,5,2,70.0,4,16,4,1,0.7619047619047619,0.19047619047619047,0.047619047619047616,0.3125,0.0,21,2,1,1,1,1,0,0,0
CNC(=O)C1=CC(O)=CC(C#CC(=O)OCCN2C=CCC2)=C1,1/000000039,"InChI=1S/C17H18N2O4/c1-18-17(22)14-10-13(11-15(20)12-14)4-5-16(21)23-9-8-19-6-2-3-7-19/h2,6,10-12,20H,3,7-9H2,1H3,(H,18,22)",C17H18N2O4,314.126657056,0.8658999999999998,4.56,3.47,3.58,-40.0,3.1606422581809337,1,DRUGLIKE_MAY,HsDHODH_Druglike,5,2,78.87,4,17,4,2,0.7391304347826086,0.17391304347826086,0.08695652173913043,0.29411764705882354,0.0,23,2,1,1,1,1,0,0,0
COCC1=CC(=O)C=C(C2=CC=C(CCF)C(CO)=C2)N1,15/000000164,"InChI=1S/C16H18FNO3/c1-21-10-14-7-15(20)8-16(18-14)12-3-2-11(4-5-17)13(6-12)9-19/h2-3,6-8,19H,4-5,9-10H2,1H3,(H,18,20)",C16H18NO3F,291.127071656,2.1926,4.56,4.42,3.72,-180.0,2.8588277143043985,1,DRUGLIKE_MAY,HsDHODH_Druglike,3,2,62.32,6,16,3,1,0.7619047619047619,0.14285714285714285,0.047619047619047616,0.3125,0.0,21,2,0,2,1,0,1,0,0
CC(=O)CNC(=O)C1=CN=C(O)C(NC(=O)C2=CC=CC(Br)=C2)=C1,27/000000089,"InChI=1S/C16H14BrN3O4/c1-9(21)7-18-14(22)11-6-13(16(24)19-8-11)20-15(23)10-3-2-4-12(17)5-10/h2-6,8H,7H2,1H3,(H,18,22)(H,19,24)(H,20,23)",C16H14N3O4Br,391.01676802800006,2.1208,4.56,3.91,3.58,-20.0,2.343544692101906,1,DRUGLIKE_MAY,HsDHODH_Druglike,5,3,108.39000000000001,5,16,4,3,0.6666666666666666,0.16666666666666666,0.125,0.125,0.0,24,2,0,2,1,0,1,0,0
NC/C=C\CC(=O)CC1=CC(I)=C(C2=NNC=C2)C=C1,15/000000019,"InChI=1S/C15H16IN3O/c16-14-10-11(9-12(20)3-1-2-7-17)4-5-13(14)15-6-8-18-19-15/h1-2,4-6,8,10H,3,7,9,17H2,(H,18,19)/b2-1-",C15H16N3OI,381.03381013200004,2.6979000000000006,4.55,7.5,19.9,-120.0,3.3928939330432595,1,DRUGLIKE_MAY,HsDHODH_Druglike,3,2,71.77000000000001,6,15,1,3,0.75,0.05,0.15,0.2,0.0,20,2,0,2,1,0,1,0,0
CN(C(=O)CC1=CC(C(=O)O)=CC(CN)=C1)[C@@H]1C=CCC1,5/000000050,"InChI=1S/C16H20N2O3/c1-18(14-4-2-3-5-14)15(19)9-11-6-12(10-17)8-13(7-11)16(20)21/h2,4,6-8,14H,3,5,9-10,17H2,1H3,(H,20,21)/t14-/m1/s1",C16H20N2O3,288.1473925,1.5629999999999995,4.55,6.19,3.58,-170.0,3.2200257364443665,1,DRUGLIKE_MAY,HsDHODH_Druglike,3,2,83.63,5,16,3,2,0.7619047619047619,0.14285714285714285,0.09523809523809523,0.375,0.0625,21,2,1,1,0,0,0,0,0
C/C(=C\C1CCCC1)CC(=O)C1=C(CN)NC(C(=O)O)=C1,5/000000172,"InChI=1S/C16H22N2O3/c1-10(6-11-4-2-3-5-11)7-15(19)12-8-13(16(20)21)18-14(12)9-17/h6,8,11,18H,2-5,7,9,17H2,1H3,(H,20,21)/b10-6+",C16H22N2O3,290.163042564,2.8808999999999996,4.55,5.43,3.7,-170.0,3.2604125859494104,1,DRUGLIKE_MAY,HsDHODH_Druglike,3,3,96.18,6,16,3,2,0.7619047619047619,0.14285714285714285,0.09523809523809523,0.5,0.0,21,2,1,1,1,0,1,0,0
NCC/C=C/C1=CC(=O)C=C(C2=CC=C(Br)C=C2)N1,15/000000171,"InChI=1S/C15H15BrN2O/c16-12-6-4-11(5-7-12)15-10-14(19)9-13(18-15)3-1-2-8-17/h1,3-7,9-10H,2,8,17H2,(H,18,19)/b3-1+",C15H15N2OBr,318.0367752000001,3.166400000000001,4.54,1.6,5.09,-160.0,2.800589969165543,1,DRUGLIKE_MAY,HsDHODH_Druglike,2,2,58.88,4,15,1,2,0.7894736842105263,0.05263157894736842,0.10526315789473684,0.13333333333333333,0.0,19,2,0,2,1,0,1,0,0
NCC1=CC(=O)C=C(C2=CC(CO)=CC=C2)N1,15/000000195,"InChI=1S/C13H14N2O2/c14-7-11-5-12(17)6-13(15-11)10-3-1-2-9(4-10)8-16/h1-6,16H,7-8,14H2,(H,15,17)",C13H14N2O2,230.105527688,0.9929000000000001,4.54,5.17,2.22,-160.0,2.5019079279944023,1,DRUGLIKE_MAY,HsDHODH_Druglike,3,3,79.11000000000001,3,13,2,2,0.7647058823529411,0.11764705882352941,0.11764705882352941,0.15384615384615385,0.0,17,2,0,2,1,0,1,0,0
NCC1=C(C(=O)CCCCC2=NON=C2)C=C(C(=O)O)N1,5/000000097,"InChI=1S/C13H16N4O4/c14-6-11-9(5-10(16-11)13(19)20)12(18)4-2-1-3-8-7-15-21-17-8/h5,7,16H,1-4,6,14H2,(H,19,20)",C13H16N4O4,292.117154992,1.1502999999999999,4.53,6.12,3.7,0.0,3.371496814695533,1,DRUGLIKE_MAY,HsDHODH_Druglike,6,3,135.10000000000002,8,13,4,4,0.6190476190476191,0.19047619047619047,0.19047619047619047,0.38461538461538464,0.0,21,2,0,2,2,0,2,0,0
O=C1C=C(CCO)NC(C2=CC=C(CCC3=COC=C3)C=C2)=C1,15/000000058,"InChI=1S/C19H19NO3/c21-9-7-17-11-18(22)12-19(20-17)16-5-3-14(4-6-16)1-2-15-8-10-23-13-15/h3-6,8,10-13,21H,1-2,7,9H2,(H,20,22)",C19H19NO3,309.136493468,2.954900000000001,4.53,4.78,3.58,-160.0,2.630517729345818,1,DRUGLIKE_MAY,HsDHODH_Druglike,3,2,66.22999999999999,6,19,3,1,0.8260869565217391,0.13043478260869565,0.043478260869565216,0.21052631578947367,0.0,23,3,0,3,2,0,2,0,0
CC1=CN(CCOC(=O)C#CC2=CC(CO)=CC(O)=C2)CC1,1/000000083,"InChI=1S/C17H19NO4/c1-13-4-5-18(11-13)6-7-22-17(21)3-2-14-8-15(12-19)10-16(20)9-14/h8-11,19-20H,4-7,12H2,1H3",C17H19NO4,301.131408088,1.3887,4.53,4.54,20.4,-20.0,3.29586057803043,1,DRUGLIKE_MAY,HsDHODH_Druglike,5,2,70.0,4,17,4,1,0.7727272727272727,0.18181818181818182,0.045454545454545456,0.35294117647058826,0.0,22,2,1,1,1,1,0,0,0
OCC1=CC(O)=CC(C2=COC(CNCC3=NC=C(F)C=C3F)=C2)=C1,1/000000174,"InChI=1S/C18H16F2N2O3/c19-14-5-17(20)18(22-6-14)8-21-7-16-4-13(10-25-16)12-1-11(9-23)2-15(24)3-12/h1-6,10,21,23-24H,7-9H2",C18H16N2O3F2,346.112898812,3.107500000000001,4.53,3.66,3.58,-140.0,2.8488345514529154,1,DRUGLIKE_MAY,HsDHODH_Druglike,5,3,78.52,6,18,3,2,0.72,0.12,0.08,0.16666666666666666,0.0,25,3,0,3,2,0,2,0,0
C=C(N)CCC1=CC(=O)[C@H](CCNC(=O)C2=CC=C(CN)C=C2)O1,27/000000075,"InChI=1S/C18H23N3O3/c1-12(20)2-7-15-10-16(22)17(24-15)8-9-21-18(23)14-5-3-13(11-19)4-6-14/h3-6,10,17H,1-2,7-9,11,19-20H2,(H,21,23)/t17-/m0/s1",C18H23N3O3,329.173941596,1.3696,4.52,7.75,4.94,-150.0,3.4636387451734407,1,DRUGLIKE_MAY,HsDHODH_Druglike,5,3,107.44,8,18,3,3,0.75,0.125,0.125,0.3333333333333333,0.05555555555555555,24,2,1,1,1,1,0,0,0
O=C(C#CC1=CC(CO)=CC(O)=C1)O[C@@H]1CC=NC1,1/000000013,"InChI=1S/C14H13NO4/c16-9-11-5-10(6-12(17)7-11)1-2-14(18)19-13-3-4-15-8-13/h4-7,13,16-17H,3,8-9H2/t13-/m1/s1",C14H13NO4,259.084457896,0.6223,4.52,4.33,19.2,-150.0,3.933146886238748,1,DRUGLIKE_MAY,HsDHODH_Druglike,5,2,79.12,2,14,4,1,0.7368421052631579,0.21052631578947367,0.05263157894736842,0.2857142857142857,0.07142857142857142,19,2,1,1,1,1,0,0,0
O=C(O)COC(=O)C1=CC=C(C2=CC(=O)C=C(CCF)N2)C=C1,15/000000162,"InChI=1S/C16H14FNO5/c17-6-5-12-7-13(19)8-14(18-12)10-1-3-11(4-2-10)16(22)23-9-15(20)21/h1-4,7-8H,5-6,9H2,(H,18,19)(H,20,21)",C16H13NO5F,319.08560076800006,1.7952999999999997,4.52,6.2,3.58,-160.0,2.5494236672046036,1,DRUGLIKE_MAY,HsDHODH_Druglike,4,2,96.46000000000001,6,16,5,1,0.6956521739130435,0.21739130434782608,0.043478260869565216,0.1875,0.0,23,2,0,2,1,0,1,0,0
C=CCC1=C(C(=O)O)C=C([C@@H](C)C(=O)O)N1,19/000000004,"InChI=1S/C11H13NO4/c1-3-4-8-7(11(15)16)5-9(12-8)6(2)10(13)14/h3,5-6,12H,1,4H2,2H3,(H,13,14)(H,15,16)/t6-/m1/s1",C11H13NO4,223.084457896,1.6295,4.52,5.7,2.22,-170.0,3.561022974839119,1,DRUGLIKE_MAY,HsDHODH_Druglike,2,3,90.38999999999999,5,11,4,1,0.6875,0.25,0.0625,0.2727272727272727,0.09090909090909091,16,1,0,1,1,0,1,0,0
O=C(O)C1=CC(=O)C=C(C2=NN=C(CO)O2)N1,15/000000262,"InChI=1S/C9H7N3O5/c13-3-7-11-12-8(17-7)5-1-4(14)2-6(10-5)9(15)16/h1-2,13H,3H2,(H,10,14)(H,15,16)",C9H6N3O5,237.038570324,-0.3846,4.51,3.83,23.2,-120.0,2.974119282331555,1,DRUGLIKE_MAY,HsDHODH_Druglike,6,3,129.31,3,9,5,3,0.5294117647058824,0.29411764705882354,0.17647058823529413,0.1111111111111111,0.0,17,2,0,2,2,0,2,0,0
CC/C=C/CCC1=CNC(=O)C2=C1C=C(C(=O)CN)N2,14/000000006,"InChI=1S/C15H19N3O2/c1-2-3-4-5-6-10-9-17-15(20)14-11(10)7-12(18-14)13(19)8-16/h3-4,7,9,18H,2,5-6,8,16H2,1H3,(H,17,20)/p+1/b4-3+",C15H20N3O2,273.147726848,1.8963999999999999,4.5,3.49,22.0,-60.0,3.558235575611218,1,DRUGLIKE_MAY,HsDHODH_Druglike,3,3,91.74000000000001,6,15,2,3,0.75,0.1,0.15,0.3333333333333333,0.0,20,2,0,2,2,0,2,0,0
CCCNCCOC(=O)C#CC1=CC(CO)=CC(O)=C1,1/000000156,"InChI=1S/C15H19NO4/c1-2-5-16-6-7-20-15(19)4-3-12-8-13(11-17)10-14(18)9-12/h8-10,16-18H,2,5-7,11H2,1H3/p+1",C15H20NO4,277.131408088,0.7787999999999997,4.5,1.25,17.8,-20.0,3.827904256929899,1,DRUGLIKE_MAY,HsDHODH_Druglike,5,3,78.79,6,15,4,1,0.75,0.2,0.05,0.4,0.0,20,1,0,1,0,0,0,0,0
CCCOC(=O)C1=CC(C2=COC(CNCCO)=C2)=CC(O)=C1,1/000000175,"InChI=1S/C17H21NO5/c1-2-5-22-17(21)13-6-12(7-15(20)8-13)14-9-16(23-11-14)10-18-3-4-19/h6-9,11,18-20H,2-5,10H2,1H3",C17H21NO5,319.141972772,2.3009000000000004,4.5,3.67,3.58,-180.0,2.587138826228271,1,DRUGLIKE_MAY,HsDHODH_Druglike,6,3,91.93,8,17,5,1,0.7391304347826086,0.21739130434782608,0.043478260869565216,0.35294117647058826,0.0,23,2,0,2,1,0,1,0,0
CCC1=NN=C(C2=C(CCl)C(=O)C=C(C(=O)O)N2)O1,15/000000076,"InChI=1S/C11H10ClN3O4/c1-2-8-14-15-10(19-8)9-5(4-12)7(16)3-6(13-9)11(17)18/h3H,2,4H2,1H3,(H,13,16)(H,17,18)",C11H10N3O4Cl,283.03598347999997,1.4243,4.49,5.64,24.9,-140.0,3.001783263051145,1,DRUGLIKE_MAY,HsDHODH_Druglike,5,2,109.08,4,11,4,3,0.5789473684210527,0.21052631578947367,0.15789473684210525,0.2727272727272727,0.0,19,2,0,2,2,0,2,0,0
C[C@@H](O)CNC(=O)C1=CN=C(O)C(NC(=O)C2=CC=CC(Br)=C2)=C1,27/000000088,"InChI=1S/C16H16BrN3O4/c1-9(21)7-18-14(22)11-6-13(16(24)19-8-11)20-15(23)10-3-2-4-12(17)5-10/h2-6,8-9,21H,7H2,1H3,(H,18,22)(H,19,24)(H,20,23)/t9-/m1/s1",C16H16N3O4Br,393.03241809200006,1.9125999999999999,4.48,3.4,3.58,-170.0,2.7647673434408446,1,DRUGLIKE_MAY,HsDHODH_Druglike,5,4,111.55000000000001,5,16,4,3,0.6666666666666666,0.16666666666666666,0.125,0.1875,0.0625,24,2,0,2,1,0,1,0,0
COCC1=CC(=O)C=C(C2=CC(CO)=C(C(=O)O)C=C2)N1,15/000000155,"InChI=1S/C15H15NO5/c1-21-8-11-5-12(18)6-14(16-11)9-2-3-13(15(19)20)10(4-9)7-17/h2-6,17H,7-8H2,1H3,(H,16,18)(H,19,20)",C15H14NO5,289.0950225800001,1.3788,4.48,4.84,3.85,-180.0,2.6049308883366784,1,DRUGLIKE_MAY,HsDHODH_Druglike,4,3,99.62,5,15,5,1,0.7142857142857143,0.23809523809523808,0.047619047619047616,0.2,0.0,21,2,0,2,1,0,1,0,0
C#C[C@H](CC(=O)O)OC1=NC=C(I)C(N)=C1,10/000000012,"InChI=1S/C10H9IN2O3/c1-2-6(3-10(14)15)16-9-4-8(12)7(11)5-13-9/h1,4-6H,3H2,(H2,12,13)(H,14,15)/t6-/m1/s1",C10H9N2O3I,331.96579014800005,1.1237,4.46,7.19,3.58,-150.0,3.930450472922432,1,DRUGLIKE_MAY,HsDHODH_Druglike,4,2,85.44,4,10,3,2,0.625,0.1875,0.125,0.2,0.1,16,1,0,1,1,0,1,0,0
CCC1=CC(C(=O)O)=C(C2=CC(=O)C(/C=C/CF)=CN2)C=C1,15/000000235,"InChI=1S/C17H16FNO3/c1-2-11-5-6-13(14(8-11)17(21)22)15-9-16(20)12(10-19-15)4-3-7-18/h3-6,8-10H,2,7H2,1H3,(H,19,20)(H,21,22)/b4-3+",C17H16NO3F,301.111421592,3.2852000000000015,4.46,5.11,3.58,-200.0,2.9660007846773,1,DRUGLIKE_MAY,HsDHODH_Druglike,2,2,70.16,5,17,3,1,0.7727272727272727,0.13636363636363635,0.045454545454545456,0.17647058823529413,0.0,22,2,0,2,1,0,1,0,0
NC(=O)NC1=C(C#CC(=O)O[C@@H]2CC=NC2)C=CC=C1O,1/000000029,"InChI=1S/C14H13N3O4/c15-14(20)17-13-9(2-1-3-11(13)18)4-5-12(19)21-10-6-7-16-8-10/h1-3,7,10,18H,6,8H2,(H3,15,17,20)/t10-/m1/s1",C14H13N3O4,287.090605896,0.6205999999999998,4.46,7.72,23.0,-150.0,3.964986847805245,1,DRUGLIKE_MAY,HsDHODH_Druglike,5,3,114.01,2,14,4,3,0.6666666666666666,0.19047619047619047,0.14285714285714285,0.21428571428571427,0.07142857142857142,21,2,1,1,1,1,0,0,0
NCC1=C(C(=O)CCCCBr)C=C(C(=O)O)N1,5/000000138,"InChI=1S/C11H15BrN2O3/c12-4-2-1-3-10(15)7-5-8(11(16)17)14-9(7)6-13/h5,14H,1-4,6,13H2,(H,16,17)",C11H15N2O3Br,302.02660444,1.9195,4.46,4.44,2.35,0.0,2.9508756119408908,1,DRUGLIKE_MAY,HsDHODH_Druglike,3,3,96.18,7,11,3,2,0.6470588235294118,0.17647058823529413,0.11764705882352941,0.45454545454545453,0.0,17,1,0,1,1,0,1,0,0
C=CC1=C([C@H](N)C2=CC=CC=C2)C=C(C(=O)O)N1,5/000000029,"InChI=1S/C14H14N2O2/c1-2-11-10(8-12(16-11)14(17)18)13(15)9-6-4-3-5-7-9/h2-8,13,16H,1,15H2,(H,17,18)/p+1/t13-/m1/s1",C14H15N2O2,242.105527688,2.404,4.45,5.82,16.8,-150.0,3.7114292661420425,1,DRUGLIKE_MAY,HsDHODH_Druglike,2,3,79.11000000000001,4,14,2,2,0.7777777777777778,0.1111111111111111,0.1111111111111111,0.07142857142857142,0.07142857142857142,18,2,0,2,1,0,1,0,0
NCC1=CC=CC(CC(=O)CC2=CC=C(C3=NNC=C3)C(I)=C2)=N1,15/000000102,"InChI=1S/C18H17IN4O/c19-17-9-12(4-5-16(17)18-6-7-21-23-18)8-15(24)10-13-2-1-3-14(11-20)22-13/h1-7,9H,8,10-11,20H2,(H,21,23)/p+1",C18H18N4OI,432.04470916400004,2.8893000000000013,4.45,5.59,21.1,-120.0,3.476336482919784,1,DRUGLIKE_MAY,HsDHODH_Druglike,4,2,84.66000000000001,6,18,1,4,0.75,0.041666666666666664,0.16666666666666666,0.16666666666666666,0.0,24,3,0,3,2,0,2,0,0
NCC1=CC(=O)C=C(C2=CC=C(CC3=NCCN3)C=C2)N1,15/000000203,"InChI=1S/C16H18N4O/c17-10-13-8-14(21)9-15(20-13)12-3-1-11(2-4-12)7-16-18-5-6-19-16/h1-4,8-9H,5-7,10,17H2,(H,18,19)(H,20,21)",C16H18N4O,282.148061196,1.0447999999999995,4.45,4.02,3.58,-160.0,2.8742494211887912,1,DRUGLIKE_MAY,HsDHODH_Druglike,4,3,83.27000000000001,4,16,1,4,0.7619047619047619,0.047619047619047616,0.19047619047619047,0.25,0.0,21,3,1,2,2,1,1,0,0
C=C(CC1=C(F)C=CC(F)=C1)C1=NC(C2=C(C)NN=C2)=CN=C1O,14/000000010,"InChI=1S/C17H14F2N4O/c1-9(5-11-6-12(18)3-4-14(11)19)16-17(24)20-8-15(22-16)13-7-21-23-10(13)2/h3-4,6-8H,1,5H2,2H3,(H,20,24)(H,21,23)",C17H14N4OF2,328.113567508,3.414820000000002,4.45,4.74,24.0,-140.0,3.089585731659364,1,DRUGLIKE_MAY,HsDHODH_Druglike,4,2,74.69,4,17,1,4,0.7083333333333334,0.041666666666666664,0.16666666666666666,0.11764705882352941,0.0,24,3,0,3,2,0,2,0,0
O=C(CC1=CC=C(Cl)C(F)=C1)[C@@H](C1=NNC(O)=C1)C1=CN=NN1,25/000000001,"InChI=1S/C14H11ClFN5O2/c15-8-2-1-7(3-9(8)16)4-12(22)14(11-6-17-21-19-11)10-5-13(23)20-18-10/h1-3,5-6,14H,4H2,(H,17,19,21)(H2,18,20,23)/t14-/m0/s1",C14H11N5O2FCl,335.0585304920001,1.9695999999999991,4.44,2.94,4.94,-150.0,4.013014678212718,1,DRUGLIKE_MAY,HsDHODH_Druglike,5,3,107.55000000000001,5,14,2,5,0.6086956521739131,0.08695652173913043,0.21739130434782608,0.14285714285714285,0.07142857142857142,23,3,0,3,2,0,2,0,0
O=C(O)CC1=NC(C2=C(/C=C/CO)N=CN2)=CC=C1,13/000000024,"InChI=1S/C13H13N3O3/c17-6-2-5-10-13(15-8-14-10)11-4-1-3-9(16-11)7-12(18)19/h1-5,8,17H,6-7H2,(H,14,15)(H,18,19)/b5-2+",C13H13N3O3,259.095691276,1.1042999999999998,4.44,2.52,18.3,-180.0,2.990997661473235,1,DRUGLIKE_MAY,HsDHODH_Druglike,4,3,99.1,5,13,3,3,0.6842105263157895,0.15789473684210525,0.15789473684210525,0.15384615384615385,0.0,19,2,0,2,2,0,2,0,0
O=C(O)/C=C/C1=C(C2=NC(CO)=CC=C2)NC=N1,13/000000014,"InChI=1S/C12H11N3O3/c16-6-8-2-1-3-10(15-8)12-9(13-7-14-12)4-5-11(17)18/h1-5,7,16H,6H2,(H,13,14)(H,17,18)/b5-4+",C12H11N3O3,245.080041212,1.0617999999999999,4.44,2.95,17.7,-160.0,2.8899339780281146,1,DRUGLIKE_MAY,HsDHODH_Druglike,4,3,99.10000000000001,4,12,3,3,0.6666666666666666,0.16666666666666666,0.16666666666666666,0.08333333333333333,0.0,18,2,0,2,2,0,2,0,0
CC/C(N)=C/C1=CC(C2=CC(O)=CC(C(=O)OCC(=O)O)=C2)=CO1,1/000000098,"InChI=1S/C17H17NO6/c1-2-13(18)7-15-6-12(8-23-15)10-3-11(5-14(19)4-10)17(22)24-9-16(20)21/h3-8,19H,2,9,18H2,1H3,(H,20,21)/b13-7-",C17H17NO6,331.10558726399995,2.6032,4.44,3.15,3.58,-160.0,2.9945488879061024,1,DRUGLIKE_MAY,HsDHODH_Druglike,6,3,122.99000000000001,6,17,6,1,0.7083333333333334,0.25,0.041666666666666664,0.17647058823529413,0.0,24,2,0,2,1,0,1,0,0
C=CCC1=CC(=O)C=C(C2=NN=C(CCCCO)O2)N1,15/000000296,"InChI=1S/C14H17N3O3/c1-2-5-10-8-11(19)9-12(15-10)14-17-16-13(20-14)6-3-4-7-18/h2,8-9,18H,1,3-7H2,(H,15,19)",C14H17N3O3,275.126991404,1.4684,4.43,4.16,23.8,-120.0,3.0789579006545953,1,DRUGLIKE_MAY,HsDHODH_Druglike,5,2,92.00999999999999,7,14,3,3,0.7,0.15,0.15,0.35714285714285715,0.0,20,2,0,2,2,0,2,0,0
CCCN1CC[C@@H]1CC(=O)C1=C(CN)NC(C(=O)O)=C1,5/000000170,"InChI=1S/C14H21N3O3/c1-2-4-17-5-3-9(17)6-13(18)10-7-11(14(19)20)16-12(10)8-15/h7,9,16H,2-6,8,15H2,1H3,(H,19,20)/t9-/m1/s1",C14H21N3O3,279.158291532,1.2287000000000001,4.43,6.23,3.7,-170.0,3.479176908268838,1,DRUGLIKE_MAY,HsDHODH_Druglike,4,3,99.42,7,14,3,3,0.7,0.15,0.15,0.5714285714285714,0.07142857142857142,20,2,1,1,2,1,1,0,0
O=C(C1=CN=CN1)C1=CNC(=O)C2=C1C=CN2,10/000000002,"InChI=1S/C11H8N4O2/c16-10(8-4-12-5-15-8)7-3-14-11(17)9-6(7)1-2-13-9/h1-5,13H,(H,12,15)(H,14,17)",C11H8N4O2,228.064725496,0.8103,4.42,2.45,22.1,-40.0,2.9529237246976994,1,DRUGLIKE_MAY,HsDHODH_Druglike,3,3,94.4,2,11,2,4,0.6470588235294118,0.11764705882352941,0.23529411764705882,0.0,0.0,17,3,0,3,3,0,3,0,0
O=C1C=CNC(C2=NN=C(CCCO)O2)=C1CO,15/000000284,"InChI=1S/C11H13N3O4/c15-5-1-2-9-13-14-11(18-9)10-7(6-16)8(17)3-4-12-10/h3-4,15-16H,1-2,5-6H2,(H,12,17)",C11H13N3O4,251.090605896,-0.15790000000000004,4.42,6.5,22.2,-120.0,2.975560222372005,1,DRUGLIKE_MAY,HsDHODH_Druglike,6,3,112.24000000000001,5,11,4,3,0.6111111111111112,0.2222222222222222,0.16666666666666666,0.36363636363636365,0.0,18,2,0,2,2,0,2,0,0
O=C(CC1=CC=C(C2=NNC=C2)C(I)=C1)CC1=CC=CC(CO)=N1,15/000000097,"InChI=1S/C18H16IN3O2/c19-17-9-12(4-5-16(17)18-6-7-20-22-18)8-15(24)10-13-2-1-3-14(11-23)21-13/h1-7,9,23H,8,10-11H2,(H,20,22)",C18H16N3O2I,433.028724752,2.9229000000000016,4.42,5.98,20.9,-120.0,3.0302515330870072,1,DRUGLIKE_MAY,HsDHODH_Druglike,4,2,78.87,6,18,2,3,0.75,0.08333333333333333,0.125,0.16666666666666666,0.0,24,3,0,3,2,0,2,0,0
O=C(O)C1=CC(=O)C=C(C2=NN=C(CCCl)O2)N1,15/000000303,"InChI=1S/C10H8ClN3O4/c11-2-1-8-13-14-9(18-8)6-3-5(15)4-7(12-6)10(16)17/h3-4H,1-2H2,(H,12,15)(H,16,17)",C10H7N3O4Cl,269.020333416,0.9043999999999999,4.42,4.07,24.3,-120.0,2.9633797336842225,1,DRUGLIKE_MAY,HsDHODH_Druglike,5,2,109.07999999999998,4,10,4,3,0.5555555555555556,0.2222222222222222,0.16666666666666666,0.2,0.0,18,2,0,2,2,0,2,0,0
C=CCC1=NN=C(C2=CC(=O)C=C(C(=O)O)N2)O1,15/000000315,"InChI=1S/C11H9N3O4/c1-2-3-9-13-14-10(18-9)7-4-6(15)5-8(12-7)11(16)17/h2,4-5H,1,3H2,(H,12,15)(H,16,17)",C11H8N3O4,247.059305768,0.8515999999999999,4.42,3.89,24.2,-120.0,3.085519425991915,1,DRUGLIKE_MAY,HsDHODH_Druglike,5,2,109.08,4,11,4,3,0.6111111111111112,0.2222222222222222,0.16666666666666666,0.09090909090909091,0.0,18,2,0,2,2,0,2,0,0
NC/C=C/C1=NN=C(C2=NC(CN)=CO2)N1CCl,27/000000017,"InChI=1S/C10H13ClN6O/c11-6-17-8(2-1-3-12)15-16-9(17)10-14-7(4-13)5-18-10/h1-2,5H,3-4,6,12-13H2/p+1/b2-1+",C10H14N6OCl,268.083936716,0.5600000000000002,4.41,5.79,24.5,-80.0,4.14240818617291,1,DRUGLIKE_MAY,HsDHODH_Druglike,7,2,108.78,5,10,1,6,0.5555555555555556,0.05555555555555555,0.3333333333333333,0.3,0.0,18,2,0,2,2,0,2,0,0
CC1=CC=C(C2=CC(=O)C=C(CN)N2)C=C1,15/000000148,"InChI=1S/C13H14N2O/c1-9-2-4-10(5-3-9)13-7-12(16)6-11(8-14)15-13/h2-7H,8,14H2,1H3,(H,15,16)",C13H14N2O,214.110613068,1.8090199999999999,4.4,2.47,2.22,-180.0,2.3234807830406403,1,DRUGLIKE_MAY,HsDHODH_Druglike,2,2,58.88,2,13,1,2,0.8125,0.0625,0.125,0.15384615384615385,0.0,16,2,0,2,1,0,1,0,0
C=C[C@H](Br)C1=C(CO)NC(C(=O)O)=C1,5/000000080,"InChI=1S/C9H10BrNO3/c1-2-6(10)5-3-7(9(13)14)11-8(5)4-12/h2-3,6,11-12H,1,4H2,(H,13,14)/t6-/m0/s1",C9H10NO3Br,258.98440528000003,1.8272000000000004,4.4,6.86,16.1,-150.0,3.9938410370688775,1,DRUGLIKE_MAY,HsDHODH_Druglike,2,3,73.32,4,9,3,1,0.6428571428571429,0.21428571428571427,0.07142857142857142,0.2222222222222222,0.1111111111111111,14,1,0,1,1,0,1,0,0
NCC1=C(C(=O)CCCCC2=CCOC2)C=C(C(=O)O)N1,5/000000154,"InChI=1S/C15H20N2O4/c16-8-13-11(7-12(17-13)15(19)20)14(18)4-2-1-3-10-5-6-21-9-10/h5,7,17H,1-4,6,8-9,16H2,(H,19,20)",C15H20N2O4,292.14230712,1.8713,4.4,6.8,3.7,0.0,3.289839709089274,1,DRUGLIKE_MAY,HsDHODH_Druglike,4,3,105.41000000000003,8,15,4,2,0.7142857142857143,0.19047619047619047,0.09523809523809523,0.4666666666666667,0.0,21,2,1,1,2,1,1,0,0
C=CC1=C(CCNC(=O)C2=CC=C(CN)C=C2)NN=N1,27/000000041,"InChI=1S/C14H17N5O/c1-2-12-13(18-19-17-12)7-8-16-14(20)11-5-3-10(9-15)4-6-11/h2-6H,1,7-9,15H2,(H,16,20)(H,17,18,19)",C14H17N5O,271.143310164,0.8789,4.39,6.69,3.58,0.0,2.7695570909379956,1,DRUGLIKE_MAY,HsDHODH_Druglike,4,3,96.69,6,14,1,5,0.7,0.05,0.25,0.21428571428571427,0.0,20,2,0,2,1,0,1,0,0
O=C(C#CC1=CC=CC(O)=C1C(=O)O)OCCC1=CCCCO1,1/000000073,"InChI=1S/C17H16O6/c18-14-6-3-4-12(16(14)17(20)21)7-8-15(19)23-11-9-13-5-1-2-10-22-13/h3-6,18H,1-2,9-11H2,(H,20,21)",C17H16O6,316.094688232,2.0694999999999997,4.39,6.19,3.58,0.0,3.2458365777075606,1,DRUGLIKE_MAY,HsDHODH_Druglike,5,2,93.06,4,17,6,0,0.7391304347826086,0.2608695652173913,0.0,0.29411764705882354,0.0,23,2,1,1,1,1,0,0,0
CCCC1=CC(C(=O)N[C@H](Br)CC(=O)O)=CC=C1,27/000000008,"InChI=1S/C13H16BrNO3/c1-2-4-9-5-3-6-10(7-9)13(18)15-11(14)8-12(16)17/h3,5-7,11H,2,4,8H2,1H3,(H,15,18)(H,16,17)/t11-/m0/s1",C13H16NO3Br,313.031355472,2.5646000000000004,4.39,6.39,3.58,-170.0,2.709196047931682,1,DRUGLIKE_MAY,HsDHODH_Druglike,2,2,66.4,6,13,3,1,0.7222222222222222,0.16666666666666666,0.05555555555555555,0.38461538461538464,0.07692307692307693,18,1,0,1,0,0,0,0,0
O=C(C#CC1=CC(O)=CC=C1CO)OCCN1C=CCC1,1/000000006,"InChI=1S/C16H17NO4/c18-12-14-3-5-15(19)11-13(14)4-6-16(20)21-10-9-17-7-1-2-8-17/h1,3,5,7,11,18-19H,2,8-10,12H2",C16H17NO4,287.115758024,0.9985999999999999,4.39,5.9,19.8,0.0,3.254005158893708,1,DRUGLIKE_MAY,HsDHODH_Druglike,5,2,70.0,4,16,4,1,0.7619047619047619,0.19047619047619047,0.047619047619047616,0.3125,0.0,21,2,1,1,1,1,0,0,0
C#CCC[C@H](O)CC1=CC=CC(C(=O)NCCC(=O)O)=C1,27/000000028,"InChI=1S/C16H19NO4/c1-2-3-7-14(18)11-12-5-4-6-13(10-12)16(21)17-9-8-15(19)20/h1,4-6,10,14,18H,3,7-9,11H2,(H,17,21)(H,19,20)/t14-/m0/s1",C16H19NO4,289.131408088,1.2078999999999998,4.38,2.65,3.58,-200.0,2.6912697682746067,1,DRUGLIKE_MAY,HsDHODH_Druglike,3,3,86.63000000000001,8,16,4,1,0.7619047619047619,0.19047619047619047,0.047619047619047616,0.375,0.0625,21,1,0,1,0,0,0,0,0
CCC1=NN=C(C2=C(C)C(=O)C=C(C(=O)O)N2)O1,15/000000080,"InChI=1S/C11H11N3O4/c1-3-8-13-14-10(18-8)9-5(2)7(15)4-6(12-9)11(16)17/h4H,3H2,1-2H3,(H,12,15)(H,16,17)",C11H11N3O4,249.074955832,0.9939199999999999,4.38,4.17,23.2,-200.0,2.851707733684224,1,DRUGLIKE_MAY,HsDHODH_Druglike,5,2,109.08,3,11,4,3,0.6111111111111112,0.2222222222222222,0.16666666666666666,0.2727272727272727,0.0,18,2,0,2,2,0,2,0,0
C[C@H](O)CCC1=CC(C(=O)OC2=CC(O)=C(Cl)C=C2)=C(I)C=C1,5/000000180,"InChI=1S/C17H16ClIO4/c1-10(20)2-3-11-4-7-15(19)13(8-11)17(22)23-12-5-6-14(18)16(21)9-12/h4-10,20-21H,2-3H2,1H3/t10-/m0/s1",C17H16O4ClI,445.978184672,4.182800000000002,4.38,3.54,5.09,-197.0,2.8349461405964895,1,DRUGLIKE_MAY,HsDHODH_Druglike,4,2,66.76,5,17,4,0,0.7391304347826086,0.17391304347826086,0.0,0.23529411764705882,0.058823529411764705,23,2,0,2,0,0,0,0,0
C[C@@H](CC1=NOC=N1)OC(=O)C#CC1=CC=CC(O)=C1C(=O)O,1/000000190,"InChI=1S/C15H12N2O6/c1-9(7-12-16-8-22-17-12)23-13(19)6-5-10-3-2-4-11(18)14(10)15(20)21/h2-4,8-9,18H,7H2,1H3,(H,20,21)/t9-/m0/s1",C15H12N2O6,316.06953610399995,0.9993000000000001,4.38,7.47,3.58,-170.0,3.780574334277807,1,DRUGLIKE_MAY,HsDHODH_Druglike,7,2,122.75000000000001,4,15,6,2,0.6521739130434783,0.2608695652173913,0.08695652173913043,0.2,0.06666666666666667,23,2,0,2,1,0,1,0,0
CCOC(=O)C1=C(CO)C=C(C2=CC(=O)C=CN2)C=C1,15/000000159,"InChI=1S/C15H15NO4/c1-2-20-15(19)13-4-3-10(7-11(13)9-17)14-8-12(18)5-6-16-14/h3-8,17H,2,9H2,1H3,(H,16,18)",C15H15NO4,273.10010796,1.7108999999999999,4.37,5.79,5.39,-180.0,2.456833377809021,1,DRUGLIKE_MAY,HsDHODH_Druglike,4,2,79.39,4,15,4,1,0.75,0.2,0.05,0.2,0.0,20,2,0,2,1,0,1,0,0
C=C(C(=O)OCCCCO)C1=CNC2=C1N=CC(CN)=N2,28/000000011,"InChI=1S/C14H18N4O3/c1-9(14(20)21-5-3-2-4-19)11-8-17-13-12(11)16-7-10(6-15)18-13/h7-8,19H,1-6,15H2,(H,17,18)",C14H18N4O3,290.137890436,0.7455,4.37,2.34,19.4,-60.0,3.1199685226485965,1,DRUGLIKE_MAY,HsDHODH_Druglike,6,3,114.12,7,14,3,4,0.6666666666666666,0.14285714285714285,0.19047619047619047,0.35714285714285715,0.0,21,2,0,2,2,0,2,0,0
NCC1=C(C(=O)CCCCC2=NCON2)C=C(C(=O)O)N1,5/000000140,"InChI=1S/C13H18N4O4/c14-6-10-8(5-9(16-10)13(19)20)11(18)3-1-2-4-12-15-7-21-17-12/h5,16H,1-4,6-7,14H2,(H,15,17)(H,19,20)",C13H18N4O4,294.132805056,0.8054999999999997,4.37,6.6,3.7,0.0,3.5767859933135258,1,DRUGLIKE_MAY,HsDHODH_Druglike,6,4,129.8,8,13,4,4,0.6190476190476191,0.19047619047619047,0.19047619047619047,0.46153846153846156,0.0,21,2,1,1,2,1,1,0,0
C=CCC1=C(C(=O)O)C=C([C@@H](Br)C(=O)O)N1,19/000000006,"InChI=1S/C10H10BrNO4/c1-2-3-6-5(9(13)14)4-7(12-6)8(11)10(15)16/h2,4,8,12H,1,3H2,(H,13,14)(H,15,16)/t8-/m1/s1",C10H10NO4Br,286.9793199,1.962,4.37,5.52,2.22,-150.0,3.85897242538857,1,DRUGLIKE_MAY,HsDHODH_Druglike,2,3,90.38999999999999,5,10,4,1,0.625,0.25,0.0625,0.2,0.1,16,1,0,1,1,0,1,0,0
C/C=C\COC1=CC=C(C2=NC=NN2)C=C1CN,21/000000007,"InChI=1S/C13H16N4O/c1-2-3-6-18-12-5-4-10(7-11(12)8-14)13-15-9-16-17-13/h2-5,7,9H,6,8,14H2,1H3,(H,15,16,17)/b3-2-",C13H16N4O,244.132411132,1.8852999999999998,4.37,6.44,17.1,-140.0,2.692423710015584,1,DRUGLIKE_MAY,HsDHODH_Druglike,4,2,76.82000000000001,5,13,1,4,0.7222222222222222,0.05555555555555555,0.2222222222222222,0.23076923076923078,0.0,18,2,0,2,1,0,1,0,0
N[C@@](CO)(CC#CCC1=CNC(C(=O)O)=C1)C1=NN=CN1,5/000000077,"InChI=1S/C13H15N5O3/c14-13(7-19,12-16-8-17-18-12)4-2-1-3-9-5-10(11(20)21)15-6-9/h5-6,8,15,19H,3-4,7,14H2,(H,20,21)(H,16,17,18)/t13-/m1/s1",C13H15N5O3,289.11748934,-0.38650000000000045,4.37,4.5,7.03,-150.0,4.318044996436273,1,DRUGLIKE_MAY,HsDHODH_Druglike,5,5,140.91,5,13,3,5,0.6190476190476191,0.14285714285714285,0.23809523809523808,0.3076923076923077,0.07692307692307693,21,2,0,2,2,0,2,0,0
NCC1=C(C(=O)CCCCC2=NOC(=O)N2)C=C(C(=O)O)N1,5/000000129,"InChI=1S/C13H16N4O5/c14-6-9-7(5-8(15-9)12(19)20)10(18)3-1-2-4-11-16-13(21)22-17-11/h5,15H,1-4,6,14H2,(H,19,20)(H,16,17,21)",C13H16N4O5,308.11206961199997,0.44359999999999983,4.37,7.26,3.7,0.0,3.3966592966571234,1,DRUGLIKE_MAY,HsDHODH_Druglike,6,4,155.06999999999996,8,13,5,4,0.5909090909090909,0.22727272727272727,0.18181818181818182,0.38461538461538464,0.0,22,2,0,2,2,0,2,0,0
CCCCCC1=CNC(=O)C2=C1C=C(C(=O)CN1C=CCC1)N2,14/000000005,"InChI=1S/C18H23N3O2/c1-2-3-4-7-13-11-19-18(23)17-14(13)10-15(20-17)16(22)12-21-8-5-6-9-21/h5,8,10-11,20H,2-4,6-7,9,12H2,1H3,(H,19,23)",C18H23N3O2,313.17902697600005,2.9910000000000014,4.36,1.36,24.2,-100.0,3.1417922205262823,1,DRUGLIKE_MAY,HsDHODH_Druglike,3,2,68.96000000000001,7,18,2,3,0.782608695652174,0.08695652173913043,0.13043478260869565,0.4444444444444444,0.0,23,3,1,2,3,1,2,0,0
NC(=O)C1=CN=C(O)C(NC(=O)C2=C(Cl)C=CC(Br)=C2)=C1,27/000000099,"InChI=1S/C13H9BrClN3O3/c14-7-1-2-9(15)8(4-7)12(20)18-10-3-6(11(16)19)5-17-13(10)21/h1-5H,(H2,16,19)(H,17,21)(H,18,20)",C13H9N3O3ClBr,368.951580928,2.5543000000000005,4.36,5.92,18.8,0.0,2.3167990860192127,1,DRUGLIKE_MAY,HsDHODH_Druglike,4,3,105.31,3,13,3,3,0.6190476190476191,0.14285714285714285,0.14285714285714285,0.0,0.0,21,2,0,2,1,0,1,0,0
CC(=O)NC1=C(C#CC(=O)OCC(F)F)C=CC=C1O,1/000000004,"InChI=1S/C13H11F2NO4/c1-8(17)16-13-9(3-2-4-10(13)18)5-6-12(19)20-7-11(14)15/h2-4,11,18H,7H2,1H3,(H,16,17)",C13H11NO4F2,283.065614272,1.5103999999999997,4.36,5.94,23.0,-170.0,2.961667077442719,1,DRUGLIKE_MAY,HsDHODH_Druglike,4,2,75.63000000000001,3,13,4,1,0.65,0.2,0.05,0.23076923076923078,0.0,20,1,0,1,0,0,0,0,0
OC/C=C/C1=C(C2=NC=CC=C2)NC=N1,13/000000002,"InChI=1S/C11H11N3O/c15-7-3-5-10-11(14-8-13-10)9-4-1-2-6-12-9/h1-6,8,15H,7H2,(H,13,14)/b5-3+",C11H11N3O,201.090211972,1.4771999999999998,4.36,2.53,13.7,-120.0,2.9309128390836374,1,DRUGLIKE_MAY,HsDHODH_Druglike,3,2,61.800000000000004,3,11,1,3,0.7333333333333333,0.06666666666666667,0.2,0.09090909090909091,0.0,15,2,0,2,2,0,2,0,0
CC(=O)C1=CC(O)=CC(C#CC(=O)O[C@@H](CO)C(=O)O)=C1,1/000000151,"InChI=1S/C14H12O7/c1-8(16)10-4-9(5-11(17)6-10)2-3-13(18)21-12(7-15)14(19)20/h4-6,12,15,17H,7H2,1H3,(H,19,20)/t12-/m0/s1",C14H12O7,292.058302724,-0.06499999999999972,4.36,3.73,5.09,-200.0,3.401686251791089,1,DRUGLIKE_MAY,HsDHODH_Druglike,6,3,121.13000000000001,4,14,7,0,0.6666666666666666,0.3333333333333333,0.0,0.21428571428571427,0.07142857142857142,21,1,0,1,0,0,0,0,0
C=CCC1=C(CO)NC(C2=CC=C(CC)C=C2)=CC1=O,15/000000129,"InChI=1S/C17H19NO2/c1-3-5-14-16(11-19)18-15(10-17(14)20)13-8-6-12(4-2)7-9-13/h3,6-10,19H,1,4-5,11H2,2H3,(H,18,20)",C17H19NO2,269.141578848,2.825100000000001,4.36,3.97,5.09,-180.0,2.6554168942925376,1,DRUGLIKE_MAY,HsDHODH_Druglike,2,2,53.089999999999996,5,17,2,1,0.85,0.1,0.05,0.23529411764705882,0.0,20,2,0,2,1,0,1,0,0
C=CCC(=O)C1=C(C(=O)O)NC(C(=O)O)=C1,5/000000064,"InChI=1S/C10H9NO5/c1-2-3-7(12)5-4-6(9(13)14)11-8(5)10(15)16/h2,4,11H,1,3H2,(H,13,14)(H,15,16)",C10H8NO5,223.048072388,1.1699,4.35,3.39,2.48,0.0,2.9942682555681124,1,DRUGLIKE_MAY,HsDHODH_Druglike,3,3,107.46,5,10,5,1,0.625,0.3125,0.0625,0.1,0.0,16,1,0,1,1,0,1,0,0
O=C(O)C1=CC(CF)=C(C(=O)O)N1,5/000000066,"InChI=1S/C7H6FNO4/c8-2-3-1-4(6(10)11)9-5(3)7(12)13/h1,9H,2H2,(H,10,11)(H,12,13)",C7H6NO4F,187.028085892,0.8806,4.35,3.78,17.1,0.0,2.897501288470364,1,DRUGLIKE_MAY,HsDHODH_Druglike,2,3,90.38999999999999,3,7,4,1,0.5384615384615384,0.3076923076923077,0.07692307692307693,0.14285714285714285,0.0,13,1,0,1,1,0,1,0,0
NC1=CC=C(CCC#CC2=C(C(=O)O)C=NO2)C=C1,29/000000006,"InChI=1S/C14H12N2O3/c15-11-7-5-10(6-8-11)3-1-2-4-13-12(14(17)18)9-16-19-13/h5-9H,1,3,15H2,(H,17,18)",C14H12N2O3,256.084792244,1.9393,4.35,4.21,3.85,0.0,2.875784840960415,1,DRUGLIKE_MAY,HsDHODH_Druglike,4,2,89.35000000000001,3,14,3,2,0.7368421052631579,0.15789473684210525,0.10526315789473684,0.14285714285714285,0.0,19,2,0,2,1,0,1,0,0
N/C=C\[C@@H](C1=CC=C(Cl)C(F)=C1)C1=CON=C1O,25/000000006,"InChI=1S/C12H10ClFN2O2/c13-10-2-1-7(5-11(10)14)8(3-4-15)9-6-18-16-12(9)17/h1-6,8H,15H2,(H,16,17)/b4-3-/t8-/m0/s1",C12H10N2O2FCl,268.04148346,2.7770000000000006,4.35,5.79,19.6,-150.0,3.954936035372812,1,DRUGLIKE_MAY,HsDHODH_Druglike,4,2,72.28,3,12,2,2,0.6666666666666666,0.1111111111111111,0.1111111111111111,0.08333333333333333,0.08333333333333333,18,2,0,2,1,0,1,0,0
NCC1=CC(C2=NC=NN2)=CC=C1OC1=CC=CC=C1F,21/000000017,"InChI=1S/C15H13FN4O/c16-12-3-1-2-4-14(12)21-13-6-5-10(7-11(13)8-17)15-18-9-19-20-15/h1-7,9H,8,17H2,(H,18,19,20)",C15H13N4OF,284.10733925600005,2.8618000000000006,4.35,6.6,19.2,-120.0,2.3104907831055623,1,DRUGLIKE_MAY,HsDHODH_Druglike,4,2,76.82000000000001,4,15,1,4,0.7142857142857143,0.047619047619047616,0.19047619047619047,0.06666666666666667,0.0,21,3,0,3,1,0,1,0,0
NCC1=CC(=O)C=C(C2=CC=CC=C2)N1,15/000000008,"InChI=1S/C12H12N2O/c13-8-10-6-11(15)7-12(14-10)9-4-2-1-3-5-9/h1-7H,8,13H2,(H,14,15)",C12H12N2O,200.094963004,1.5006,4.34,3.73,2.22,-160.0,2.281288038303021,1,DRUGLIKE_MAY,HsDHODH_Druglike,2,2,58.88,2,12,1,2,0.8,0.06666666666666667,0.13333333333333333,0.08333333333333333,0.0,15,2,0,2,1,0,1,0,0
CCC1=CC(C(=O)O)=C(C2=CC(=O)C(/C=C/CN)=CN2)C=C1,15/000000149,"InChI=1S/C17H18N2O3/c1-2-11-5-6-13(14(8-11)17(21)22)15-9-16(20)12(10-19-15)4-3-7-18/h3-6,8-10H,2,7,18H2,1H3,(H,19,20)(H,21,22)/b4-3+",C17H18N2O3,298.131742436,2.2744,4.34,4.86,3.58,-200.0,2.839850973832407,1,DRUGLIKE_MAY,HsDHODH_Druglike,3,3,96.18,5,17,3,2,0.7727272727272727,0.13636363636363635,0.09090909090909091,0.17647058823529413,0.0,22,2,0,2,1,0,1,0,0
NC(=O)C1=CN=C(O)C(NC(=O)C2=CC(Cl)=CC(Br)=C2)=C1,27/000000073,"InChI=1S/C13H9BrClN3O3/c14-8-1-6(2-9(15)4-8)12(20)18-10-3-7(11(16)19)5-17-13(10)21/h1-5H,(H2,16,19)(H,17,21)(H,18,20)",C13H9N3O3ClBr,368.951580928,2.5543000000000005,4.34,4.92,18.8,0.0,2.454089774278323,1,DRUGLIKE_MAY,HsDHODH_Druglike,4,3,105.31,3,13,3,3,0.6190476190476191,0.14285714285714285,0.14285714285714285,0.0,0.0,21,2,0,2,1,0,1,0,0
C=CC1=C(C2=NN=C(CO)O2)NC(CI)=CC1=O,15/000000324,"InChI=1S/C11H10IN3O3/c1-2-7-8(17)3-6(4-12)13-10(7)11-15-14-9(5-16)18-11/h2-3,16H,1,4-5H2,(H,13,17)",C11H10N3O3I,358.97668918,1.4952,4.34,6.04,23.7,-120.0,3.639617579838069,1,DRUGLIKE_MAY,HsDHODH_Druglike,5,2,92.00999999999999,4,11,3,3,0.6111111111111112,0.16666666666666666,0.16666666666666666,0.18181818181818182,0.0,18,2,0,2,2,0,2,0,0
O=C(O)COC(=O)C#CC1=CC(C(=O)CF)=CC(O)=C1,1/000000034,"InChI=1S/C13H9FO6/c14-6-11(16)9-3-8(4-10(15)5-9)1-2-13(19)20-7-12(17)18/h3-5,15H,6-7H2,(H,17,18)",C13H9O6F,280.03831622800004,0.5237,4.33,2.88,3.58,-20.0,3.0262055389811806,1,DRUGLIKE_MAY,HsDHODH_Druglike,5,2,100.9,4,13,6,0,0.65,0.3,0.0,0.15384615384615385,0.0,20,1,0,1,0,0,0,0,0
NC(N)NCCC1=CC=C(I)C(C(=O)OC2=CC=C(Cl)C(O)=C2)=C1,5/000000181,"InChI=1S/C16H17ClIN3O3/c17-12-3-2-10(8-14(12)22)24-15(23)11-7-9(1-4-13(11)18)5-6-21-16(19)20/h1-4,7-8,16,21-22H,5-6,19-20H2",C16H15N3O3ClI,461.0003170839999,2.2024999999999997,4.33,2.39,5.09,-20.0,2.5940992375564527,1,DRUGLIKE_MAY,HsDHODH_Druglike,6,4,110.6,6,16,3,3,0.6666666666666666,0.125,0.125,0.1875,0.0,24,2,0,2,0,0,0,0,0
CC#CC1=C(COC(=O)C2=CN=C(C(=O)O)N2)C=CN=C1O,5/000000010,"InChI=1S/C14H11N3O5/c1-2-3-9-8(4-5-15-12(9)18)7-22-14(21)10-6-16-11(17-10)13(19)20/h4-6H,7H2,1H3,(H,15,18)(H,16,17)(H,19,20)",C14H11N3O5,301.06987045200003,0.9368999999999998,4.33,2.14,3.7,-20.0,3.3020946056104643,1,DRUGLIKE_MAY,HsDHODH_Druglike,6,3,125.4,4,14,5,3,0.6363636363636364,0.22727272727272727,0.13636363636363635,0.14285714285714285,0.0,22,2,0,2,2,0,2,0,0
NCC1=CC(=O)C=C(C2=CC=C(NC(N)=O)C=C2)N1,15/000000110,"InChI=1S/C13H14N4O2/c14-7-10-5-11(18)6-12(16-10)8-1-3-9(4-2-8)17-13(15)19/h1-6H,7,14H2,(H,16,18)(H3,15,17,19)",C13H14N4O2,258.111675688,0.9911999999999999,4.33,4.23,2.22,-160.0,2.422524995774154,1,DRUGLIKE_MAY,HsDHODH_Druglike,3,4,114.0,3,13,2,4,0.6842105263157895,0.10526315789473684,0.21052631578947367,0.07692307692307693,0.0,19,2,0,2,1,0,1,0,0
O=C1C=C(CCO)NC(C2=NN=C(CO)O2)=C1,15/000000070,"InChI=1S/C10H11N3O4/c14-2-1-6-3-7(16)4-8(11-6)10-13-12-9(5-15)17-10/h3-4,14-15H,1-2,5H2,(H,11,16)",C10H11N3O4,237.074955832,-0.5480000000000005,4.33,3.77,21.6,-120.0,3.1187021587636323,1,DRUGLIKE_MAY,HsDHODH_Druglike,6,3,112.24,4,10,4,3,0.5882352941176471,0.23529411764705882,0.17647058823529413,0.3,0.0,17,2,0,2,2,0,2,0,0
C=CC1=C(C2=NN=C(CO)O2)NC(CCBr)=CC1=O,15/000000277,"InChI=1S/C12H12BrN3O3/c1-2-8-9(18)5-7(3-4-13)14-11(8)12-16-15-10(6-17)19-12/h2,5,17H,1,3-4,6H2,(H,14,18)",C12H12N3O3Br,325.00620334399997,1.4976,4.33,5.98,24.3,-120.0,3.4776097562966513,1,DRUGLIKE_MAY,HsDHODH_Druglike,5,2,92.00999999999999,5,12,3,3,0.631578947368421,0.15789473684210525,0.15789473684210525,0.25,0.0,19,2,0,2,2,0,2,0,0
C=CNC1=CC=C(C(=O)NC2=CC(C(N)=O)=CN=C2O)C=C1Br,27/000000095,"InChI=1S/C15H13BrN4O3/c1-2-18-11-4-3-8(5-10(11)16)14(22)20-12-6-9(13(17)21)7-19-15(12)23/h2-7,18H,1H2,(H2,17,21)(H,19,23)(H,20,22)",C15H13N4O3Br,376.017102376,2.4562999999999997,4.33,7.04,20.7,0.0,2.707117794951854,1,DRUGLIKE_MAY,HsDHODH_Druglike,5,4,117.34,5,15,3,4,0.6521739130434783,0.13043478260869565,0.17391304347826086,0.0,0.0,23,2,0,2,1,0,1,0,0
NCC1=C(C(=O)C[C@H]2CCN2CCl)C=C(C(=O)O)N1,5/000000174,"InChI=1S/C12H16ClN3O3/c13-6-16-2-1-7(16)3-11(17)8-4-9(12(18)19)15-10(8)5-14/h4,7,15H,1-3,5-6,14H2,(H,18,19)/t7-/m1/s1",C12H16N3O3Cl,285.088019052,1.0150000000000001,4.33,5.35,2.35,-150.0,3.807708227461627,1,DRUGLIKE_MAY,HsDHODH_Druglike,4,3,99.42000000000002,6,12,3,3,0.631578947368421,0.15789473684210525,0.15789473684210525,0.5,0.08333333333333333,19,2,1,1,2,1,1,0,0
NC(=O)NC(=O)C1=CC(O)=CC(C#CC(=O)OCC(=O)O)=C1,1/000000008,"InChI=1S/C13H10N2O7/c14-13(21)15-12(20)8-3-7(4-9(16)5-8)1-2-11(19)22-6-10(17)18/h3-5,16H,6H2,(H,17,18)(H3,14,15,20,21)",C13H10N2O7,306.04880066,-0.8200000000000001,4.33,2.99,3.7,-100.0,2.7934758995596383,1,DRUGLIKE_MAY,HsDHODH_Druglike,6,4,156.02,3,13,7,2,0.5909090909090909,0.3181818181818182,0.09090909090909091,0.07692307692307693,0.0,22,1,0,1,0,0,0,0,0
N/C=C/[C@@H](C1=CC=C(Cl)C(F)=C1)C1=NNC(=O)O1,25/000000002,"InChI=1S/C11H9ClFN3O2/c12-8-2-1-6(5-9(8)13)7(3-4-14)10-15-16-11(17)18-10/h1-5,7H,14H2,(H,16,17)/b4-3+/t7-/m0/s1",C11H9N3O2FCl,269.036732428,1.7596999999999996,4.32,5.27,20.4,-150.0,3.853427112295889,1,DRUGLIKE_MAY,HsDHODH_Druglike,4,2,84.91,3,11,2,3,0.6111111111111112,0.1111111111111111,0.16666666666666666,0.09090909090909091,0.09090909090909091,18,2,0,2,1,0,1,0,0
C=CC1=CNC(C2=C(C(=O)O)C=C(CC)C=C2)=CC1=O,15/000000113,"InChI=1S/C16H15NO3/c1-3-10-5-6-12(13(7-10)16(19)20)14-8-15(18)11(4-2)9-17-14/h4-9H,2-3H2,1H3,(H,17,18)(H,19,20)",C16H15NO3,269.10519334,2.945500000000001,4.32,5.35,2.22,-180.0,2.694760830356472,1,DRUGLIKE_MAY,HsDHODH_Druglike,2,2,70.16,4,16,3,1,0.8,0.15,0.05,0.125,0.0,20,2,0,2,1,0,1,0,0
O=C(O)C1=CNC([C@H](C(=O)O)C2=NNC(=O)O2)=C1,19/000000001,"InChI=1S/C9H7N3O6/c13-7(14)3-1-4(10-2-3)5(8(15)16)6-11-12-9(17)18-6/h1-2,5,10H,(H,12,17)(H,13,14)(H,15,16)/t5-/m0/s1",C9H7N3O6,253.033484944,-0.39430000000000054,4.32,2.32,3.72,-150.0,3.805723834430898,1,DRUGLIKE_MAY,HsDHODH_Druglike,5,4,149.27999999999997,4,9,6,3,0.5,0.3333333333333333,0.16666666666666666,0.1111111111111111,0.1111111111111111,18,2,0,2,2,0,2,0,0
O=C(CO)C1=CC=C(C2=C(CO)C(=O)C=CN2)C=C1,15/000000051,"InChI=1S/C14H13NO4/c16-7-11-12(18)5-6-15-14(11)10-3-1-9(2-4-10)13(19)8-17/h1-6,16-17H,7-8H2,(H,15,18)",C14H13NO4,259.084457896,0.7091999999999999,4.32,5.5,3.58,-160.0,2.562601048023792,1,DRUGLIKE_MAY,HsDHODH_Druglike,4,3,90.38999999999999,4,14,4,1,0.7368421052631579,0.21052631578947367,0.05263157894736842,0.14285714285714285,0.0,19,2,0,2,1,0,1,0,0
O=C(C#CC1=CC(O)=CC=C1Br)O[C@H]1CN=C(CO)C1,1/000000138,"InChI=1S/C14H12BrNO4/c15-13-3-2-11(18)5-9(13)1-4-14(19)20-12-6-10(8-17)16-7-12/h2-3,5,12,17-18H,6-8H2/t12-/m1/s1",C14H12NO4Br,336.994969964,1.2549999999999997,4.32,7.68,20.9,-150.0,4.036112822354752,1,DRUGLIKE_MAY,HsDHODH_Druglike,5,2,79.12,2,14,4,1,0.7,0.2,0.05,0.2857142857142857,0.07142857142857142,20,2,1,1,1,1,0,0,0
O=C1NN=C([C@@H](/C=C/C2=CC=CC(F)=C2F)CO)N1,27/000000100,"InChI=1S/C12H11F2N3O2/c13-9-3-1-2-7(10(9)14)4-5-8(6-18)11-15-12(19)17-16-11/h1-5,8,18H,6H2,(H2,15,16,17,19)/b5-4+/t8-/m0/s1",C12H11N3O2F2,267.081933032,1.1654999999999998,4.32,2.72,3.58,-150.0,3.657413552905415,1,DRUGLIKE_MAY,HsDHODH_Druglike,3,3,81.77000000000001,4,12,2,3,0.631578947368421,0.10526315789473684,0.15789473684210525,0.16666666666666666,0.08333333333333333,19,2,0,2,1,0,1,0,0
CC1=CC=C(C(=O)NC2=CC(C(N)=O)=CN=C2O)C=C1Br,27/000000080,"InChI=1S/C14H12BrN3O3/c1-7-2-3-8(4-10(7)15)13(20)18-11-5-9(12(16)19)6-17-14(11)21/h2-6H,1H3,(H2,16,19)(H,17,21)(H,18,20)",C14H12N3O3Br,349.006203344,2.20932,4.32,5.21,17.7,-20.0,2.3268460495819667,1,DRUGLIKE_MAY,HsDHODH_Druglike,4,3,105.31,3,14,3,3,0.6666666666666666,0.14285714285714285,0.14285714285714285,0.07142857142857142,0.0,21,2,0,2,1,0,1,0,0
CCC1=NC(C2=C(/C=C/CN)N=CN2)=CC=C1,13/000000027,"InChI=1S/C13H16N4/c1-2-10-5-3-6-12(17-10)13-11(7-4-8-14)15-9-16-13/h3-7,9H,2,8,14H2,1H3,(H,15,16)/b7-4+",C13H16N4,228.13749651199998,2.0060000000000002,4.32,2.5,15.1,-180.0,3.0801585755611223,1,DRUGLIKE_MAY,HsDHODH_Druglike,3,2,67.59,4,13,0,4,0.7647058823529411,0.0,0.23529411764705882,0.23076923076923078,0.0,17,2,0,2,2,0,2,0,0
O=C1C=C(CBr)NC(C2=NN=C(CCCO)O2)=C1,15/000000084,"InChI=1S/C11H12BrN3O3/c12-6-7-4-8(17)5-9(13-7)11-15-14-10(18-11)2-1-3-16/h4-5,16H,1-3,6H2,(H,13,17)",C11H12N3O3Br,313.0062033439999,1.2447,4.31,4.56,22.7,-120.0,3.139075154498702,1,DRUGLIKE_MAY,HsDHODH_Druglike,5,2,92.01,5,11,3,3,0.6111111111111112,0.16666666666666666,0.16666666666666666,0.36363636363636365,0.0,18,2,0,2,2,0,2,0,0
NCC1=CC=CC(C2=C(/C=C/CCO)N=CN2)=N1,13/000000020,"InChI=1S/C13H16N4O/c14-8-10-4-3-6-12(17-10)13-11(15-9-16-13)5-1-2-7-18/h1,3-6,9,18H,2,7-8,14H2,(H,15,16)/b5-1+",C13H16N4O,244.132411132,1.3259999999999998,4.31,3.26,16.3,-160.0,3.0970029999564126,1,DRUGLIKE_MAY,HsDHODH_Druglike,4,3,87.82000000000001,5,13,1,4,0.7222222222222222,0.05555555555555555,0.2222222222222222,0.23076923076923078,0.0,18,2,0,2,2,0,2,0,0
NCC1=CC(=O)C=C(C2=CC(NC(N)=O)=CC=C2)N1,15/000000161,"InChI=1S/C13H14N4O2/c14-7-10-5-11(18)6-12(16-10)8-2-1-3-9(4-8)17-13(15)19/h1-6H,7,14H2,(H,16,18)(H3,15,17,19)",C13H14N4O2,258.111675688,0.9911999999999999,4.31,2.75,2.22,-160.0,2.489932252668204,1,DRUGLIKE_MAY,HsDHODH_Druglike,3,4,114.0,3,13,2,4,0.6842105263157895,0.10526315789473684,0.21052631578947367,0.07692307692307693,0.0,19,2,0,2,1,0,1,0,0
C=CC1=C(C2=NN=C(CCCO)O2)NC=CC1=O,15/000000267,"InChI=1S/C12H13N3O3/c1-2-8-9(17)5-6-13-11(8)12-15-14-10(18-12)4-3-7-16/h2,5-6,16H,1,3-4,7H2,(H,13,17)",C12H13N3O3,247.095691276,0.9927999999999999,4.3,7.39,22.6,-120.0,3.12992040336748,1,DRUGLIKE_MAY,HsDHODH_Druglike,5,2,92.00999999999999,5,12,3,3,0.6666666666666666,0.16666666666666666,0.16666666666666666,0.25,0.0,18,2,0,2,2,0,2,0,0
O=C1C=C(COC/C=C/CO)NC(C2=CC=CC(CO)=C2)=C1,15/000000196,"InChI=1S/C17H19NO4/c19-6-1-2-7-22-12-15-9-16(21)10-17(18-15)14-5-3-4-13(8-14)11-20/h1-5,8-10,19-20H,6-7,11-12H2,(H,18,21)/b2-1+",C17H19NO4,301.131408088,1.5992999999999997,4.3,4.21,3.58,-200.0,2.8615805000438996,1,DRUGLIKE_MAY,HsDHODH_Druglike,4,3,82.55,7,17,4,1,0.7727272727272727,0.18181818181818182,0.045454545454545456,0.23529411764705882,0.0,22,2,0,2,1,0,1,0,0
C=C[C@@H](O)CC1=CC(C(=O)NCCC(=O)O)=CC=C1,27/000000086,"InChI=1S/C14H17NO4/c1-2-12(16)9-10-4-3-5-11(8-10)14(19)15-7-6-13(17)18/h2-5,8,12,16H,1,6-7,9H2,(H,15,19)(H,17,18)/t12-/m1/s1",C14H17NO4,263.115758024,0.9804999999999997,4.3,6.92,3.58,-150.0,2.564818878349202,1,DRUGLIKE_MAY,HsDHODH_Druglike,3,3,86.63000000000001,7,14,4,1,0.7368421052631579,0.21052631578947367,0.05263157894736842,0.2857142857142857,0.07142857142857142,19,1,0,1,0,0,0,0,0
NCC1=C(C(=O)C[C@H]2CCCOO2)C=C(C(=O)O)N1,5/000000022,"InChI=1S/C12H16N2O5/c13-6-10-8(5-9(14-10)12(16)17)11(15)4-7-2-1-3-18-19-7/h5,7,14H,1-4,6,13H2,(H,16,17)/t7-/m1/s1",C12H16N2O5,268.10592161200003,0.855,4.3,3.92,2.35,-150.0,3.893895410670291,1,DRUGLIKE_MAY,HsDHODH_Druglike,5,3,114.64000000000001,5,12,5,2,0.631578947368421,0.2631578947368421,0.10526315789473684,0.5,0.08333333333333333,19,2,1,1,2,1,1,0,0
O=C(O)C1=CC([C@@H]2CCO2)=C(C(=O)O)N1,5/000000167,"InChI=1S/C9H9NO5/c11-8(12)5-3-4(6-1-2-15-6)7(10-5)9(13)14/h3,6,10H,1-2H2,(H,11,12)(H,13,14)/t6-/m0/s1",C9H9NO5,211.048072388,0.8725,4.3,4.54,17.2,-190.0,3.2647804204925066,1,DRUGLIKE_MAY,HsDHODH_Druglike,3,3,99.62,3,9,5,1,0.6,0.3333333333333333,0.06666666666666667,0.3333333333333333,0.1111111111111111,15,2,1,1,2,1,1,0,0
NC(N)NC(=O)C1=C(CO)C=C(C2=CC(=O)C=CN2)C=C1,15/000000167,"InChI=1S/C14H16N4O3/c15-14(16)18-13(21)11-2-1-8(5-9(11)7-19)12-6-10(20)3-4-17-12/h1-6,14,19H,7,15-16H2,(H,17,20)(H,18,21)",C14H15N4O3,288.12224037199996,-0.5349999999999997,4.29,6.03,5.39,-160.0,2.8614881827663865,1,DRUGLIKE_MAY,HsDHODH_Druglike,5,5,134.23,4,14,3,4,0.6666666666666666,0.14285714285714285,0.19047619047619047,0.14285714285714285,0.0,21,2,0,2,1,0,1,0,0
NC1=CC(OCC(=O)O)=NC=C1I,10/000000007,"InChI=1S/C7H7IN2O3/c8-4-2-10-6(1-5(4)9)13-3-7(11)12/h1-2H,3H2,(H2,9,10)(H,11,12)",C7H7N2O3I,293.950140084,0.7317999999999998,4.29,3.25,2.22,0.0,2.7650608489099255,1,DRUGLIKE_MAY,HsDHODH_Druglike,4,2,85.44,3,7,3,2,0.5384615384615384,0.23076923076923078,0.15384615384615385,0.14285714285714285,0.0,13,1,0,1,1,0,1,0,0
C=C(C(=O)O)C1=CC=C(N2C=C(Cl)C=N2)C(O)=C1,5/000000042,"InChI=1S/C12H9ClN2O3/c1-7(12(17)18)8-2-3-10(11(16)4-8)15-6-9(13)5-14-15/h2-6,16H,1H2,(H,17,18)",C12H9N2O3Cl,264.030169828,2.3291000000000004,4.29,1.91,3.58,-120.0,2.6606929770123227,1,DRUGLIKE_MAY,HsDHODH_Druglike,4,2,75.35,3,12,3,2,0.6666666666666666,0.16666666666666666,0.1111111111111111,0.0,0.0,18,2,0,2,1,0,1,0,0
NC/C=C/C1=CC(=O)C=C(C2=CN=C(CCCl)CN2)N1,15/000000032,"InChI=1S/C14H17ClN4O/c15-4-3-11-8-18-14(9-17-11)13-7-12(20)6-10(19-13)2-1-5-16/h1-2,6-7,9,18H,3-5,8,16H2,(H,19,20)/p+1/b2-1+",C14H18N4OCl,292.10908884400004,1.3183,4.29,2.63,23.9,-160.0,4.539940896606011,1,DRUGLIKE_MAY,HsDHODH_Druglike,4,3,83.27000000000001,5,14,1,4,0.7,0.05,0.2,0.2857142857142857,0.0,20,2,1,1,2,1,1,0,0
NC[C@@H]1C=CN(CCOC(=O)C#CC2=CC(CO)=CC(O)=C2)C1,1/000000078,"InChI=1S/C17H20N2O4/c18-10-14-3-4-19(11-14)5-6-23-17(22)2-1-13-7-15(12-20)9-16(21)8-13/h3-4,7-9,14,20-21H,5-6,10-12,18H2/p+1/t14-/m0/s1",C17H21N2O4,316.14230712,0.18340000000000012,4.29,3.45,21.8,-150.0,4.297265565786684,1,DRUGLIKE_MAY,HsDHODH_Druglike,6,3,96.02,5,17,4,2,0.7391304347826086,0.17391304347826086,0.08695652173913043,0.35294117647058826,0.058823529411764705,23,2,1,1,1,1,0,0,0
OCC1=CC(O)=CC(C2=COC(CNCC3=CCC=C3)=C2)=C1,1/000000119,"InChI=1S/C18H19NO3/c20-11-14-5-15(7-17(21)6-14)16-8-18(22-12-16)10-19-9-13-3-1-2-4-13/h1,3-8,12,19-21H,2,9-11H2",C18H19NO3,297.136493468,3.120400000000002,4.28,3.61,3.58,-120.0,3.117197876417526,1,DRUGLIKE_MAY,HsDHODH_Druglike,4,3,65.63,6,18,3,1,0.8181818181818182,0.13636363636363635,0.045454545454545456,0.2222222222222222,0.0,22,3,1,2,1,0,1,0,0
CNCCC#CCC1=CC=C(C2=CC(=O)C=C(CN)N2)C=C1,15/000000158,"InChI=1S/C18H21N3O/c1-20-10-4-2-3-5-14-6-8-15(9-7-14)18-12-17(22)11-16(13-19)21-18/h6-9,11-12,20H,4-5,10,13,19H2,1H3,(H,21,22)",C18H21N3O,295.168462292,1.6559999999999997,4.28,2.07,3.58,-180.0,2.9389936868570867,1,DRUGLIKE_MAY,HsDHODH_Druglike,3,3,70.91,5,18,1,3,0.8181818181818182,0.045454545454545456,0.13636363636363635,0.2777777777777778,0.0,22,2,0,2,1,0,1,0,0
CC(=O)C1=CC=C(O)C=C1C#CC(=O)OC[C@H](O)Br,1/000000130,"InChI=1S/C13H11BrO5/c1-8(15)11-4-3-10(16)6-9(11)2-5-13(18)19-7-12(14)17/h3-4,6,12,16-17H,7H2,1H3/t12-/m0/s1",C13H11O5Br,325.97898555200004,1.2027999999999999,4.27,6.22,19.1,-170.0,3.558598168290029,1,DRUGLIKE_MAY,HsDHODH_Druglike,5,2,83.83,3,13,5,0,0.6842105263157895,0.2631578947368421,0.0,0.23076923076923078,0.07692307692307693,19,1,0,1,0,0,0,0,0
CC1=CC=CC=C1C1=CC(=O)C=C(CN)N1,15/000000205,"InChI=1S/C13H14N2O/c1-9-4-2-3-5-12(9)13-7-11(16)6-10(8-14)15-13/h2-7H,8,14H2,1H3,(H,15,16)",C13H14N2O,214.110613068,1.8090199999999994,4.27,3.73,2.22,-180.0,2.4135392445791,1,DRUGLIKE_MAY,HsDHODH_Druglike,2,2,58.88,2,13,1,2,0.8125,0.0625,0.125,0.15384615384615385,0.0,16,2,0,2,1,0,1,0,0
C=C(N)C1=CC=C([C@H](N)CNCN)C=C1I,15/000000101,"InChI=1S/C11H17IN4/c1-7(14)9-3-2-8(4-10(9)12)11(15)5-16-6-13/h2-4,11,16H,1,5-6,13-15H2/p+1/t11-/m1/s1",C11H18N4I,332.049794544,0.7262000000000002,4.27,6.21,3.72,-150.0,4.409417914782895,1,DRUGLIKE_MAY,HsDHODH_Druglike,4,4,90.08999999999999,5,11,0,4,0.6875,0.0,0.25,0.2727272727272727,0.09090909090909091,16,1,0,1,0,0,0,0,0
NC/C=C/C1=CC(=O)C=C(C2=CN=C(CCCl)CN2)N1,15/000000066,"InChI=1S/C14H17ClN4O/c15-4-3-11-8-18-14(9-17-11)13-7-12(20)6-10(19-13)2-1-5-16/h1-2,6-7,9,18H,3-5,8,16H2,(H,19,20)/b2-1+",C14H17N4OCl,292.10908884400004,1.3183,4.27,3.28,23.9,-160.0,4.090310127375243,1,DRUGLIKE_MAY,HsDHODH_Druglike,4,3,83.27000000000001,5,14,1,4,0.7,0.05,0.2,0.2857142857142857,0.0,20,2,1,1,2,1,1,0,0
NC[C@@H](/C=C/CC1=CC=NC=C1Br)C1=CC(O)=NO1,9/000000004,"InChI=1S/C13H14BrN3O2/c14-11-8-16-5-4-9(11)2-1-3-10(7-15)12-6-13(18)17-19-12/h1,3-6,8,10H,2,7,15H2,(H,17,18)/b3-1+/t10-/m1/s1",C13H14N3O2Br,323.02693878799994,2.378900000000001,4.27,5.02,3.58,-150.0,4.0400468862387475,1,DRUGLIKE_MAY,HsDHODH_Druglike,5,2,85.17,5,13,2,3,0.6842105263157895,0.10526315789473684,0.15789473684210525,0.23076923076923078,0.07692307692307693,19,2,0,2,2,0,2,0,0
C=CC1=C(CN)NC(C2=CC=CC=C2)=CC1=O,15/000000211,"InChI=1S/C14H14N2O/c1-2-11-13(9-15)16-12(8-14(11)17)10-6-4-3-5-7-10/h2-8H,1,9,15H2,(H,16,17)",C14H14N2O,226.110613068,2.1436,4.27,4.58,3.58,-160.0,2.6717367741482487,1,DRUGLIKE_MAY,HsDHODH_Druglike,2,2,58.88,3,14,1,2,0.8235294117647058,0.058823529411764705,0.11764705882352941,0.07142857142857142,0.0,17,2,0,2,1,0,1,0,0
NC[C@H](OC(=O)C#CC1=CC(C(N)=O)=CC(O)=C1)C(=O)O,1/000000184,"InChI=1S/C13H12N2O6/c14-6-10(13(19)20)21-11(17)2-1-7-3-8(12(15)18)5-9(16)4-7/h3-5,10,16H,6,14H2,(H2,15,18)(H,19,20)/t10-/m0/s1",C13H12N2O6,292.06953610399995,-1.2023000000000004,4.26,4.38,3.58,-180.0,3.452373064977902,1,DRUGLIKE_MAY,HsDHODH_Druglike,6,4,152.94,4,13,6,2,0.6190476190476191,0.2857142857142857,0.09523809523809523,0.15384615384615385,0.07692307692307693,21,1,0,1,0,0,0,0,0
CCC1=CC=CC(C2=C(/C=C/CO)N=CN2)=N1,13/000000031,"InChI=1S/C13H15N3O/c1-2-10-5-3-6-12(16-10)13-11(7-4-8-17)14-9-15-13/h3-7,9,17H,2,8H2,1H3,(H,14,15)/b7-4+",C13H15N3O,229.1215121,2.0395999999999996,4.26,2.46,14.9,-180.0,3.014070035529725,1,DRUGLIKE_MAY,HsDHODH_Druglike,3,2,61.800000000000004,4,13,1,3,0.7647058823529411,0.058823529411764705,0.17647058823529413,0.23076923076923078,0.0,17,2,0,2,2,0,2,0,0
C=C(C)C1=NOC(C[C@H](O)C2=CC(=O)N=C(CO)N2)=C1,25/000000017,"InChI=1S/C13H15N3O4/c1-7(2)9-3-8(20-16-9)4-11(18)10-5-13(19)15-12(6-17)14-10/h3,5,11,17-18H,1,4,6H2,2H3,(H,14,15,19)/t11-/m0/s1",C13H15N3O4,277.10625596000006,0.5593999999999999,4.26,2.46,3.85,-170.0,3.822246838338769,1,DRUGLIKE_MAY,HsDHODH_Druglike,6,3,112.24000000000001,5,13,4,3,0.65,0.2,0.15,0.3076923076923077,0.07692307692307693,20,2,0,2,2,0,2,0,0
C[C@H](Br)C1=C(CO)NC(C(=O)O)=C1,5/000000161,"InChI=1S/C8H10BrNO3/c1-4(9)5-2-6(8(12)13)10-7(5)3-11/h2,4,10-11H,3H2,1H3,(H,12,13)/t4-/m0/s1",C8H10NO3Br,246.98440528,1.6611,4.26,5.94,14.5,-170.0,3.659944630882935,1,DRUGLIKE_MAY,HsDHODH_Druglike,2,3,73.32,3,8,3,1,0.6153846153846154,0.23076923076923078,0.07692307692307693,0.375,0.125,13,1,0,1,1,0,1,0,0
NC(=O)C1=CC=C(O)C=C1C#CC(=O)O[C@H]1CN=C(CO)C1,1/000000058,"InChI=1S/C15H14N2O5/c16-15(21)13-3-2-11(19)5-9(13)1-4-14(20)22-12-6-10(8-18)17-7-12/h2-3,5,12,18-19H,6-8H2,(H2,16,21)/t12-/m1/s1",C15H14N2O5,302.090271548,-0.4086000000000003,4.26,7.84,23.4,-150.0,3.900078887122509,1,DRUGLIKE_MAY,HsDHODH_Druglike,6,3,122.21000000000002,3,15,5,2,0.6818181818181818,0.22727272727272727,0.09090909090909091,0.26666666666666666,0.06666666666666667,22,2,1,1,1,1,0,0,0
CCOC(=O)C#CC1=CC(CN)=CC(O)=C1,1/000000032,"InChI=1S/C12H13NO3/c1-2-16-12(15)4-3-9-5-10(8-13)7-11(14)6-9/h5-7,14H,2,8,13H2,1H3",C12H13NO3,219.089543276,0.7655000000000001,4.26,2.35,14.8,-20.0,2.7086579159077733,1,DRUGLIKE_MAY,HsDHODH_Druglike,4,2,72.55,2,12,3,1,0.75,0.1875,0.0625,0.25,0.0,16,1,0,1,0,0,0,0,0
COCC1=CC(=O)C=C(C2=C(F)C(CO)=CC=C2)N1,15/000000207,"InChI=1S/C14H14FNO3/c1-19-8-10-5-11(18)6-13(16-10)12-4-2-3-9(7-17)14(12)15/h2-6,17H,7-8H2,1H3,(H,16,18)",C14H14NO3F,263.095771528,1.8196999999999999,4.26,5.28,2.22,-180.0,2.6991868245114556,1,DRUGLIKE_MAY,HsDHODH_Druglike,3,2,62.32,4,14,3,1,0.7368421052631579,0.15789473684210525,0.05263157894736842,0.21428571428571427,0.0,19,2,0,2,1,0,1,0,0
C=C[C@@H](CC)C1=NON=C1CNCC1=C(CN)OC(=O)C=C1O,2/000000005,"InChI=1S/C15H20N4O4/c1-3-9(4-2)15-11(18-23-19-15)8-17-7-10-12(20)5-14(21)22-13(10)6-16/h3,5,9,17,20H,1,4,6-8,16H2,2H3/p+1/t9-/m0/s1",C15H21N4O4,320.14845511999994,1.1564999999999999,4.26,8.13,6.58,-170.0,4.758013276585499,1,DRUGLIKE_MAY,HsDHODH_Druglike,8,3,127.41000000000001,8,15,4,4,0.6521739130434783,0.17391304347826086,0.17391304347826086,0.4,0.06666666666666667,23,2,0,2,2,0,2,0,0
CCC1=C(C#CC(=O)O[C@H]2CN=C(CO)C2)C=CC=C1O,1/000000097,"InChI=1S/C16H17NO4/c1-2-14-11(4-3-5-15(14)19)6-7-16(20)21-13-8-12(10-18)17-9-13/h3-5,13,18-19H,2,8-10H2,1H3/t13-/m1/s1",C16H17NO4,287.115758024,1.0549,4.25,7.87,3.87,-170.0,3.93650366657969,1,DRUGLIKE_MAY,HsDHODH_Druglike,5,2,79.12,3,16,4,1,0.7619047619047619,0.19047619047619047,0.047619047619047616,0.375,0.0625,21,2,1,1,1,1,0,0,0
COC1=CC(C2=CC(=O)C=C(CN)N2)=CC=C1,15/000000226,"InChI=1S/C13H14N2O2/c1-17-12-4-2-3-9(5-12)13-7-11(16)6-10(8-14)15-13/h2-7H,8,14H2,1H3,(H,15,16)",C13H14N2O2,230.105527688,1.5092,4.25,4.53,2.22,-180.0,2.3556319664559418,1,DRUGLIKE_MAY,HsDHODH_Druglike,3,2,68.11,3,13,2,2,0.7647058823529411,0.11764705882352941,0.11764705882352941,0.15384615384615385,0.0,17,2,0,2,1,0,1,0,0
O=C(O)C1=CC2=C(N1)C(=O)NC=C2CCC1=CNC=CC1,14/000000019,"InChI=1S/C15H15N3O3/c19-14-13-11(6-12(18-13)15(20)21)10(8-17-14)4-3-9-2-1-5-16-7-9/h1,5-8,16,18H,2-4H2,(H,17,19)(H,20,21)",C15H15N3O3,285.11134134,1.8779000000000001,4.25,5.8,24.6,-40.0,3.4402751588937086,1,DRUGLIKE_MAY,HsDHODH_Druglike,3,4,97.97999999999999,4,15,3,3,0.7142857142857143,0.14285714285714285,0.14285714285714285,0.2,0.0,21,3,1,2,3,1,2,0,0
NCC1=CC(C2=CC(=O)C=C(CN)N2)=CC=C1,15/000000036,"InChI=1S/C13H15N3O/c14-7-9-2-1-3-10(4-9)13-6-12(17)5-11(8-15)16-13/h1-6H,7-8,14-15H2,(H,16,17)/p+1",C13H16N3O,229.1215121,0.9592999999999998,4.25,4.11,2.22,-160.0,3.2046521587636327,1,DRUGLIKE_MAY,HsDHODH_Druglike,3,3,84.9,3,13,1,3,0.7647058823529411,0.058823529411764705,0.17647058823529413,0.15384615384615385,0.0,17,2,0,2,1,0,1,0,0
CCC1=NN=C(C2=CC(=O)C=C(C(=O)O)N2)O1,15/000000013,"InChI=1S/C10H9N3O4/c1-2-8-12-13-9(17-8)6-3-5(14)4-7(11-6)10(15)16/h3-4H,2H2,1H3,(H,11,14)(H,15,16)",C10H9N3O4,235.059305768,0.6855,4.25,3.19,22.6,-140.0,2.8375903134281177,1,DRUGLIKE_MAY,HsDHODH_Druglike,5,2,109.08,3,10,4,3,0.5882352941176471,0.23529411764705882,0.17647058823529413,0.2,0.0,17,2,0,2,2,0,2,0,0
C=CC1=C(C2=NN=C(CO)O2)NC(CCO)=CC1=O,15/000000319,"InChI=1S/C12H13N3O4/c1-2-8-9(18)5-7(3-4-16)13-11(8)12-15-14-10(6-17)19-12/h2,5,16-17H,1,3-4,6H2,(H,13,18)",C12H13N3O4,263.090605896,0.09500000000000003,4.25,8.63,23.8,-120.0,3.341559538589829,1,DRUGLIKE_MAY,HsDHODH_Druglike,6,3,112.24000000000001,5,12,4,3,0.631578947368421,0.21052631578947367,0.15789473684210525,0.25,0.0,19,2,0,2,2,0,2,0,0
CCCC(=O)COC1=CC=C(C2=NC=NN2)C=C1CN,21/000000016,"InChI=1S/C14H18N4O2/c1-2-3-12(19)8-20-13-5-4-10(6-11(13)7-15)14-16-9-17-18-14/h4-6,9H,2-3,7-8,15H2,1H3,(H,16,17,18)",C14H18N4O2,274.142975816,1.6784,4.25,7.58,18.9,-140.0,2.5427279411404253,1,DRUGLIKE_MAY,HsDHODH_Druglike,5,2,93.89,7,14,2,4,0.7,0.1,0.2,0.35714285714285715,0.0,20,2,0,2,1,0,1,0,0
CN(C(=O)CC1=C(C(=O)O)C=CC(C(=O)O)=C1)C1C=CC=C1,5/000000054,"InChI=1S/C16H15NO5/c1-17(12-4-2-3-5-12)14(18)9-11-8-10(15(19)20)6-7-13(11)16(21)22/h2-8,12H,9H2,1H3,(H,19,20)(H,21,22)",C16H14NO5,301.09502258000003,1.5784999999999998,4.25,6.57,3.58,-170.0,2.7647448956482954,1,DRUGLIKE_MAY,HsDHODH_Druglike,3,2,94.91000000000001,5,16,5,1,0.7272727272727273,0.22727272727272727,0.045454545454545456,0.1875,0.0,22,2,1,1,0,0,0,0,0
O=C1C=C(CCF)NC(C2=CC=C(NC3=NCCO3)C=C2)=C1,15/000000037,"InChI=1S/C16H16FN3O2/c17-6-5-13-9-14(21)10-15(19-13)11-1-3-12(4-2-11)20-16-18-7-8-22-16/h1-4,9-10H,5-8H2,(H,18,20)(H,19,21)",C16H16N3O2F,301.12265497199996,2.3520000000000003,4.24,4.36,22.2,-160.0,3.037911337955988,1,DRUGLIKE_MAY,HsDHODH_Druglike,4,2,66.48,4,16,2,3,0.7272727272727273,0.09090909090909091,0.13636363636363635,0.25,0.0,22,3,1,2,2,1,1,0,0
O=C1C=C(COCCF)NC(C2=CC(CO)=CC=C2)=C1,15/000000126,"InChI=1S/C15H16FNO3/c16-4-5-20-10-13-7-14(19)8-15(17-13)12-3-1-2-11(6-12)9-18/h1-3,6-8,18H,4-5,9-10H2,(H,17,19)",C15H16NO3F,277.111421592,2.0202999999999998,4.24,4.48,5.09,-160.0,2.717252637496701,1,DRUGLIKE_MAY,HsDHODH_Druglike,3,2,62.32000000000001,6,15,3,1,0.75,0.15,0.05,0.26666666666666666,0.0,20,2,0,2,1,0,1,0,0
O=C(NC[C@H](Cl)C(=O)O)C1=CC=C(O)C=C1,27/000000098,"InChI=1S/C10H10ClNO4/c11-8(10(15)16)5-12-9(14)6-1-3-7(13)4-2-6/h1-4,8,13H,5H2,(H,12,14)(H,15,16)/t8-/m0/s1",C10H10NO4Cl,243.02983548,0.8139999999999998,4.24,6.43,3.58,-150.0,2.5691867877703736,1,DRUGLIKE_MAY,HsDHODH_Druglike,3,3,86.63000000000001,4,10,4,1,0.625,0.25,0.0625,0.2,0.1,16,1,0,1,0,0,0,0,0
C/C(=C\C1=CNC(=O)C2=C1C=C(C(=O)O)N2)C1=NC=NC=C1,14/000000026,"InChI=1S/C15H12N4O3/c1-8(11-2-3-16-7-18-11)4-9-6-17-14(20)13-10(9)5-12(19-13)15(21)22/h2-7,19H,1H3,(H,17,20)(H,21,22)/b8-4+",C15H12N4O3,296.090940244,1.9049,4.24,6.24,23.4,-60.0,3.136837501107352,1,DRUGLIKE_MAY,HsDHODH_Druglike,4,3,111.72999999999999,3,15,3,4,0.6818181818181818,0.13636363636363635,0.18181818181818182,0.06666666666666667,0.0,22,3,0,3,3,0,3,0,0
O=C(C#CC1=CC(C(=O)O)=CC(O)=C1)OCCC1=NON=C1,1/000000112,"InChI=1S/C14H10N2O6/c17-12-6-9(5-10(7-12)14(19)20)1-2-13(18)21-4-3-11-8-15-22-16-11/h5-8,17H,3-4H2,(H,19,20)",C14H9N2O6,302.05388604,0.6107999999999999,4.24,4.33,3.58,0.0,3.274102017236384,1,DRUGLIKE_MAY,HsDHODH_Druglike,7,2,122.75000000000001,4,14,6,2,0.6363636363636364,0.2727272727272727,0.09090909090909091,0.14285714285714285,0.0,22,2,0,2,1,0,1,0,0
N[C@H](/C=C\CC1=C(Br)C=CC(C(=O)O)=C1)C(=O)O,7/000000003,"InChI=1S/C12H12BrNO4/c13-9-5-4-8(11(15)16)6-7(9)2-1-3-10(14)12(17)18/h1,3-6,10H,2,14H2,(H,15,16)(H,17,18)/b3-1-/t10-/m1/s1",C12H11NO4Br,312.99496996399995,1.6579000000000002,4.24,8.32,3.58,-150.0,3.150393496911274,1,DRUGLIKE_MAY,HsDHODH_Druglike,3,3,100.62000000000002,5,12,4,1,0.6666666666666666,0.2222222222222222,0.05555555555555555,0.16666666666666666,0.08333333333333333,18,1,0,1,0,0,0,0,0
O=C(OC1=CC(O)=C(Cl)C=C1)C1=C(I)C=CC(CCCO)=C1,5/000000178,"InChI=1S/C16H14ClIO4/c17-13-5-4-11(9-15(13)20)22-16(21)12-8-10(2-1-7-19)3-6-14(12)18/h3-6,8-9,19-20H,1-2,7H2",C16H14O4ClI,431.96253460799994,3.7943000000000016,4.24,3.14,5.09,0.0,2.326619447981209,1,DRUGLIKE_MAY,HsDHODH_Druglike,4,2,66.76,5,16,4,0,0.7272727272727273,0.18181818181818182,0.0,0.1875,0.0,22,2,0,2,0,0,0,0,0
OCC1=CC(O)=CC(C2=COC(CNCC3=CC=NC=C3)=C2)=C1,1/000000140,"InChI=1S/C18H18N2O3/c21-11-14-5-15(7-17(22)6-14)16-8-18(23-12-16)10-20-9-13-1-3-19-4-2-13/h1-8,12,20-22H,9-11H2",C18H18N2O3,310.131742436,2.829300000000001,4.23,3.47,3.58,-120.0,2.5564408062688972,1,DRUGLIKE_MAY,HsDHODH_Druglike,5,3,78.52,6,18,3,2,0.782608695652174,0.13043478260869565,0.08695652173913043,0.16666666666666666,0.0,23,3,0,3,2,0,2,0,0
O=C(O)CCNC(=O)C1=CC=C(O)C=C1O,27/000000082,"InChI=1S/C10H11NO5/c12-6-1-2-7(8(13)5-6)10(16)11-4-3-9(14)15/h1-2,5,12-13H,3-4H2,(H,11,16)(H,14,15)",C10H11NO5,225.063722452,0.30230000000000007,4.23,4.67,3.58,0.0,1.862930228478923,1,DRUGLIKE_MAY,HsDHODH_Druglike,4,4,106.86000000000001,4,10,5,1,0.625,0.3125,0.0625,0.2,0.0,16,1,0,1,0,0,0,0,0
C=CCC1=CC=C(C2=CC(=O)C=CN2)C=C1CO,15/000000053,"InChI=1S/C15H15NO2/c1-2-3-11-4-5-12(8-13(11)10-17)15-9-14(18)6-7-16-15/h2,4-9,17H,1,3,10H2,(H,16,18)",C15H15NO2,241.11027872,2.2627,4.23,4.48,3.58,-160.0,2.7296606748606926,1,DRUGLIKE_MAY,HsDHODH_Druglike,2,2,53.09,4,15,2,1,0.8333333333333334,0.1111111111111111,0.05555555555555555,0.13333333333333333,0.0,18,2,0,2,1,0,1,0,0
O=C(O)C1=CC=C2C(=O)NC(=O)C2=C1O,6/000000016,"InChI=1S/C9H5NO5/c11-6-4(9(14)15)2-1-3-5(6)8(13)10-7(3)12/h1-2,11H,(H,14,15)(H,10,12,13)",C9H5NO5,207.01677226,-0.02600000000000008,4.23,6.08,2.22,-40.0,2.375912734188532,1,DRUGLIKE_MAY,HsDHODH_Druglike,4,3,103.7,1,9,5,1,0.6,0.3333333333333333,0.06666666666666667,0.0,0.0,15,2,1,1,1,1,0,0,0
NC/C=C/C1=CC=C(C2=CC(C(=O)O)=CC(O)=C2)N1,1/000000101,"InChI=1S/C14H14N2O3/c15-5-1-2-11-3-4-13(16-11)9-6-10(14(18)19)8-12(17)7-9/h1-4,6-8,16-17H,5,15H2,(H,18,19)/p+1/b2-1+",C14H15N2O3,258.100442308,2.0574000000000003,4.23,2.2,2.22,-120.0,3.3708950973706715,1,DRUGLIKE_MAY,HsDHODH_Druglike,3,4,99.34,4,14,3,2,0.7368421052631579,0.15789473684210525,0.10526315789473684,0.07142857142857142,0.0,19,2,0,2,1,0,1,0,0
O=C(O)C1=CC2=C(N1)C(=O)NC=C2C#CCCI,14/000000013,"InChI=1S/C12H9IN2O3/c13-4-2-1-3-7-6-14-11(16)10-8(7)5-9(15-10)12(17)18/h5-6,15H,2,4H2,(H,14,16)(H,17,18)",C12H9N2O3I,355.965790148,1.731,4.22,5.56,23.5,-40.0,3.4650535798380693,1,DRUGLIKE_MAY,HsDHODH_Druglike,2,3,85.94999999999999,2,12,3,2,0.6666666666666666,0.16666666666666666,0.1111111111111111,0.16666666666666666,0.0,18,2,0,2,2,0,2,0,0
NC[C@@H](CNC(=O)C1=CC=C(O)C=C1)C(=O)O,27/000000074,"InChI=1S/C11H14N2O4/c12-5-8(11(16)17)6-13-10(15)7-1-3-9(14)4-2-7/h1-4,8,14H,5-6,12H2,(H,13,15)(H,16,17)/t8-/m0/s1",C11H14N2O4,238.095356928,-0.21850000000000042,4.22,7.26,3.58,-150.0,2.45356630827831,1,DRUGLIKE_MAY,HsDHODH_Druglike,4,4,112.64999999999999,5,11,4,2,0.6470588235294118,0.23529411764705882,0.11764705882352941,0.2727272727272727,0.09090909090909091,17,1,0,1,0,0,0,0,0
CCCOCC1=CC=C(C2=CC(=O)C=C(CN)N2)C=C1,15/000000130,"InChI=1S/C16H20N2O2/c1-2-7-20-11-12-3-5-13(6-4-12)16-9-15(19)8-14(10-17)18-16/h3-6,8-9H,2,7,10-11,17H2,1H3,(H,18,19)",C16H20N2O2,272.15247788,2.4272,4.22,3.63,5.09,-180.0,2.4304429208975105,1,DRUGLIKE_MAY,HsDHODH_Druglike,3,2,68.11,6,16,2,2,0.8,0.1,0.1,0.3125,0.0,20,2,0,2,1,0,1,0,0
O=C1C=C(CO)NC(C2=NN=CO2)=C1CO,15/000000299,"InChI=1S/C9H9N3O4/c13-2-5-1-7(15)6(3-14)8(11-5)9-12-10-4-16-9/h1,4,13-14H,2-3H2,(H,11,15)",C9H9N3O4,223.059305768,-0.5905000000000002,4.22,4.19,21.0,-120.0,3.356170013809871,1,DRUGLIKE_MAY,HsDHODH_Druglike,6,3,112.24,3,9,4,3,0.5625,0.25,0.1875,0.2222222222222222,0.0,16,2,0,2,2,0,2,0,0
NCC1=CC2=C(C=C1COC1=CC=C(O)C(F)=C1)C(=O)NC2=O,6/000000011,"InChI=1S/C16H13FN2O4/c17-13-5-10(1-2-14(13)20)23-7-9-4-12-11(3-8(9)6-18)15(21)19-16(12)22/h1-5,20H,6-7,18H2,(H,19,21,22)",C16H13N2O4F,316.08593511600003,1.4526,4.22,5.46,20.3,-40.0,2.5027231864353734,1,DRUGLIKE_MAY,HsDHODH_Druglike,5,3,101.65,4,16,4,2,0.6956521739130435,0.17391304347826086,0.08695652173913043,0.125,0.0,23,3,1,2,1,1,0,0,0
CN/C=C/C1=CC(C2=CC(O)=CC(C(=O)OCCF)=C2)=CO1,1/000000079,"InChI=1S/C16H16FNO4/c1-18-4-2-15-9-13(10-22-15)11-6-12(8-14(19)7-11)16(20)21-5-3-17/h2,4,6-10,18-19H,3,5H2,1H3/b4-2+",C16H16NO4F,305.106336212,2.9686000000000012,4.22,2.07,3.58,-180.0,3.19519010656641,1,DRUGLIKE_MAY,HsDHODH_Druglike,5,2,71.7,6,16,4,1,0.7272727272727273,0.18181818181818182,0.045454545454545456,0.1875,0.0,22,2,0,2,1,0,1,0,0
O=C(C#CC1=C(I)C(O)=CC=C1)O[C@H]1CN=C(CO)C1,1/000000144,"InChI=1S/C14H12INO4/c15-14-9(2-1-3-12(14)18)4-5-13(19)20-11-6-10(8-17)16-7-11/h1-3,11,17-18H,6-8H2/t11-/m1/s1",C14H12NO4I,384.98110586399997,1.0970999999999997,4.22,7.46,20.9,-150.0,4.108290844332775,1,DRUGLIKE_MAY,HsDHODH_Druglike,5,2,79.12,2,14,4,1,0.7,0.2,0.05,0.2857142857142857,0.07142857142857142,20,2,1,1,1,1,0,0,0
C=CCOC1=CC=C(C2=NC=NN2)C=C1CN,21/000000006,"InChI=1S/C12H14N4O/c1-2-5-17-11-4-3-9(6-10(11)7-13)12-14-8-15-16-12/h2-4,6,8H,1,5,7,13H2,(H,14,15,16)",C12H14N4O,230.116761068,1.4952,4.21,5.49,16.5,-120.0,2.56034852846536,1,DRUGLIKE_MAY,HsDHODH_Druglike,4,2,76.82000000000001,5,12,1,4,0.7058823529411765,0.058823529411764705,0.23529411764705882,0.16666666666666666,0.0,17,2,0,2,1,0,1,0,0
O=C(COCBr)C1=CC=C(C2=C(CO)C(=O)C=CN2)C=C1,15/000000125,"InChI=1S/C15H14BrNO4/c16-9-21-8-14(20)10-1-3-11(4-2-10)15-12(7-18)13(19)5-6-17-15/h1-6,18H,7-9H2,(H,17,19)",C15H14NO4Br,351.010620028,2.0858999999999996,4.21,6.06,3.58,-160.0,2.836016762544295,1,DRUGLIKE_MAY,HsDHODH_Druglike,4,2,79.39,6,15,4,1,0.7142857142857143,0.19047619047619047,0.047619047619047616,0.2,0.0,21,2,0,2,1,0,1,0,0
NCC1=COC(C2=NN=C(/C=C/CO)N2CCl)=N1,27/000000012,"InChI=1S/C10H12ClN5O2/c11-6-16-8(2-1-3-17)14-15-9(16)10-13-7(4-12)5-18-10/h1-2,5,17H,3-4,6,12H2/b2-1+",C10H12N5O2Cl,269.067952304,0.5935999999999999,4.21,6.24,24.3,-80.0,3.5763828468063945,1,DRUGLIKE_MAY,HsDHODH_Druglike,7,2,102.99,5,10,2,5,0.5555555555555556,0.1111111111111111,0.2777777777777778,0.3,0.0,18,2,0,2,2,0,2,0,0
O=C1CC[C@@H](/C=C/CC2=CC=C(Cl)C=C2O)CN1,14/000000012,"InChI=1S/C14H16ClNO2/c15-12-6-5-11(13(17)8-12)3-1-2-10-4-7-14(18)16-9-10/h1-2,5-6,8,10,17H,3-4,7,9H2,(H,16,18)/b2-1+/t10-/m1/s1",C14H16NO2Cl,265.086956432,2.6705000000000005,4.21,6.95,2.22,-150.0,3.2716053747393277,1,DRUGLIKE_MAY,HsDHODH_Druglike,2,2,49.33,3,14,2,1,0.7777777777777778,0.1111111111111111,0.05555555555555555,0.35714285714285715,0.07142857142857142,18,2,1,1,1,1,0,0,0
O=C(C#CC1=CC(C2=NOC(=O)N2)=CC(O)=C1)OCCF,1/000000028,"InChI=1S/C13H9FN2O5/c14-3-4-20-11(18)2-1-8-5-9(7-10(17)6-8)12-15-13(19)21-16-12/h5-7,17H,3-4H2,(H,15,16,19)",C13H9N2O5F,292.049549608,0.5996999999999999,4.21,1.27,24.0,-140.0,3.542043881188362,1,DRUGLIKE_MAY,HsDHODH_Druglike,6,2,105.42000000000002,3,13,5,2,0.6190476190476191,0.23809523809523808,0.09523809523809523,0.15384615384615385,0.0,21,2,0,2,1,0,1,0,0
C[C@@H](COC(=O)C#CC1=CC=CC(O)=C1C(=O)O)C1=COC=N1,1/000000160,"InChI=1S/C16H13NO6/c1-10(12-8-22-9-17-12)7-23-14(19)6-5-11-3-2-4-13(18)15(11)16(20)21/h2-4,8-10,18H,7H2,1H3,(H,20,21)/t10-/m0/s1",C16H13NO6,315.07428713600007,1.7768,4.2,7.35,3.58,-170.0,3.7635673631239617,1,DRUGLIKE_MAY,HsDHODH_Druglike,6,2,109.86,4,16,6,1,0.6956521739130435,0.2608695652173913,0.043478260869565216,0.1875,0.0625,23,2,0,2,1,0,1,0,0
CCCCC(=O)C1=C(CN)NC(C(=O)O)=C1,5/000000060,"InChI=1S/C11H16N2O3/c1-2-3-4-10(14)7-5-8(11(15)16)13-9(7)6-12/h5,13H,2-4,6,12H2,1H3,(H,15,16)",C11H16N2O3,224.116092372,1.5445000000000002,4.2,4.77,2.35,-20.0,2.755202142611301,1,DRUGLIKE_MAY,HsDHODH_Druglike,3,3,96.18,6,11,3,2,0.6875,0.1875,0.125,0.45454545454545453,0.0,16,1,0,1,1,0,1,0,0
O=C(OC1=CC(O)=C(Cl)C=C1)C1=C(I)C=CC(CCCCO)=C1,5/000000176,"InChI=1S/C17H16ClIO4/c18-14-6-5-12(10-16(14)21)23-17(22)13-9-11(3-1-2-8-20)4-7-15(13)19/h4-7,9-10,20-21H,1-3,8H2",C17H16O4ClI,445.97818467199994,4.184400000000003,4.2,3.63,5.09,-89.0,2.3247049172046026,1,DRUGLIKE_MAY,HsDHODH_Druglike,4,2,66.76,6,17,4,0,0.7391304347826086,0.17391304347826086,0.0,0.23529411764705882,0.0,23,2,0,2,0,0,0,0,0
C=CCCC1=NN=C(C2=CC(=O)C=C(CN)N2)O1,15/000000087,"InChI=1S/C12H14N4O2/c1-2-3-4-11-15-16-12(18-11)10-6-9(17)5-8(7-13)14-10/h2,5-6H,1,3-4,7,13H2,(H,14,17)/p+1",C12H15N4O2,246.111675688,1.0021999999999998,4.2,5.5,22.8,-120.0,3.7319375979376153,1,DRUGLIKE_MAY,HsDHODH_Druglike,5,2,97.8,5,12,2,4,0.6666666666666666,0.1111111111111111,0.2222222222222222,0.25,0.0,18,2,0,2,2,0,2,0,0
OCC1=NC2=C(N=C1)C([C@H](F)C1=CC=C3ON=CC3=C1)=CN2,28/000000001,"InChI=1S/C15H11FN4O2/c16-13(8-1-2-12-9(3-8)4-19-22-12)11-6-18-15-14(11)17-5-10(7-21)20-15/h1-6,13,21H,7H2,(H,18,20)/t13-/m1/s1",C15H11N4O2F,298.086603812,2.6502999999999997,4.2,1.29,20.7,-190.0,3.8168596011830376,1,DRUGLIKE_MAY,HsDHODH_Druglike,5,2,87.83000000000001,3,15,2,4,0.6818181818181818,0.09090909090909091,0.18181818181818182,0.13333333333333333,0.06666666666666667,22,4,0,4,3,0,3,0,0
CCC1=CC(=O)C=C(C2=NN=C(CCCO)O2)N1,15/000000305,"InChI=1S/C12H15N3O3/c1-2-8-6-9(17)7-10(13-8)12-15-14-11(18-12)4-3-5-16/h6-7,16H,2-5H2,1H3,(H,13,17)",C12H15N3O3,249.11134134,0.9121999999999999,4.19,5.8,21.6,-140.0,2.907613616037164,1,DRUGLIKE_MAY,HsDHODH_Druglike,5,2,92.00999999999999,5,12,3,3,0.6666666666666666,0.16666666666666666,0.16666666666666666,0.4166666666666667,0.0,18,2,0,2,2,0,2,0,0
NCC1=CC(=O)C=C(C2=CC=C(O)C=C2)N1,15/000000118,"InChI=1S/C12H12N2O2/c13-7-9-5-11(16)6-12(14-9)8-1-3-10(15)4-2-8/h1-6,15H,7,13H2,(H,14,16)",C12H12N2O2,216.089877624,1.2062,4.19,2.74,2.22,-160.0,2.4548561676560237,1,DRUGLIKE_MAY,HsDHODH_Druglike,3,3,79.11000000000001,2,12,2,2,0.75,0.125,0.125,0.08333333333333333,0.0,16,2,0,2,1,0,1,0,0
NC(=O)C1=NC2=C(N=C1)C([C@H](F)C1=CC=C3ON=CC3=C1)=CN2,28/000000004,"InChI=1S/C15H10FN5O2/c16-12(7-1-2-11-8(3-7)4-20-23-11)9-5-19-15-13(9)18-6-10(21-15)14(17)22/h1-6,12H,(H2,17,22)(H,19,21)/t12-/m1/s1",C15H10N5O2F,311.08185278,2.2569,4.19,0.46,23.1,-190.0,3.778066620116968,1,DRUGLIKE_MAY,HsDHODH_Druglike,5,2,110.69,3,15,2,5,0.6521739130434783,0.08695652173913043,0.21739130434782608,0.06666666666666667,0.06666666666666667,23,4,0,4,3,0,3,0,0
O=C(O)C1=CC(O)=CC(C2=COC(CC#CCF)=C2)=C1,1/000000022,"InChI=1S/C15H11FO4/c16-4-2-1-3-14-8-12(9-20-14)10-5-11(15(18)19)7-13(17)6-10/h5-9,17H,3-4H2,(H,18,19)",C15H11O4F,274.06413705200004,2.865800000000001,4.19,3.89,2.22,-120.0,3.1360712898969325,1,DRUGLIKE_MAY,HsDHODH_Druglike,3,2,70.67,3,15,4,0,0.75,0.2,0.0,0.13333333333333333,0.0,20,2,0,2,1,0,1,0,0
C=CCC1=C(CC(=O)O)OC=C1C1=CC(CO)=CC(O)=C1,1/000000055,"InChI=1S/C16H16O5/c1-2-3-13-14(9-21-15(13)7-16(19)20)11-4-10(8-17)5-12(18)6-11/h2,4-6,9,17-18H,1,3,7-8H2,(H,19,20)",C16H16O5,288.099773612,2.5000999999999998,4.19,5.56,3.85,-120.0,2.9470001191059083,1,DRUGLIKE_MAY,HsDHODH_Druglike,4,3,90.9,6,16,5,0,0.7619047619047619,0.23809523809523808,0.0,0.1875,0.0,21,2,0,2,1,0,1,0,0
C=CCC1=CC=C(C2=CC(=O)C=C(CN)N2)C=C1,15/000000230,"InChI=1S/C15H16N2O/c1-2-3-11-4-6-12(7-5-11)15-9-14(18)8-13(10-16)17-15/h2,4-9H,1,3,10,16H2,(H,17,18)",C15H16N2O,240.126263132,2.2291,4.19,4.68,2.22,-160.0,2.5943240232769824,1,DRUGLIKE_MAY,HsDHODH_Druglike,2,2,58.88,4,15,1,2,0.8333333333333334,0.05555555555555555,0.1111111111111111,0.13333333333333333,0.0,18,2,0,2,1,0,1,0,0
C#C[C@H](Br)C1=C(CO)NC(C(=O)O)=C1,5/000000166,"InChI=1S/C9H8BrNO3/c1-2-6(10)5-3-7(9(13)14)11-8(5)4-12/h1,3,6,11-12H,4H2,(H,13,14)/t6-/m0/s1",C9H8NO3Br,256.96875521600003,1.2744,4.18,5.99,17.9,-150.0,4.171034384262224,1,DRUGLIKE_MAY,HsDHODH_Druglike,2,3,73.32,3,9,3,1,0.6428571428571429,0.21428571428571427,0.07142857142857142,0.2222222222222222,0.1111111111111111,14,1,0,1,1,0,1,0,0
O=C(O)COC(=O)C#CC1=CC(C(=O)CC(=O)O)=CC(O)=C1,1/000000020,"InChI=1S/C14H10O8/c15-10-4-8(1-2-14(21)22-7-13(19)20)3-9(5-10)11(16)6-12(17)18/h3-5,15H,6-7H2,(H,17,18)(H,19,20)",C14H10O8,306.03756727999996,0.028900000000000148,4.18,2.47,3.7,-60.0,2.8541854171606804,1,DRUGLIKE_MAY,HsDHODH_Druglike,6,3,138.20000000000002,5,14,8,0,0.6363636363636364,0.36363636363636365,0.0,0.14285714285714285,0.0,22,1,0,1,0,0,0,0,0
NCC1=CN=C(C/C=C/CC2=NNN=C2)C=C1I,18/000000013,"InChI=1S/C12H14IN5/c13-12-5-10(15-7-9(12)6-14)3-1-2-4-11-8-16-18-17-11/h1-2,5,7-8H,3-4,6,14H2,(H,16,17,18)/b2-1+",C12H14N5I,355.029393448,1.6043999999999996,4.18,2.86,19.1,0.0,3.5605109881220924,1,DRUGLIKE_MAY,HsDHODH_Druglike,4,2,80.48,5,12,0,5,0.6666666666666666,0.0,0.2777777777777778,0.25,0.0,18,2,0,2,2,0,2,0,0
C=C[C@H](CNC)C1=CC(C(=O)NCCC(=O)O)=CC=C1,27/000000093,"InChI=1S/C15H20N2O3/c1-3-11(10-16-2)12-5-4-6-13(9-12)15(20)17-8-7-14(18)19/h3-6,9,11,16H,1,7-8,10H2,2H3,(H,17,20)(H,18,19)/p+1/t11-/m1/s1",C15H21N2O3,276.1473925,1.3800999999999992,4.18,6.23,3.58,-170.0,3.503991733443663,1,DRUGLIKE_MAY,HsDHODH_Druglike,3,3,78.43,8,15,3,2,0.75,0.15,0.1,0.3333333333333333,0.06666666666666667,20,1,0,1,0,0,0,0,0
CC1=NC(Cl)=CN1CCC1=CC=C([C@H](O)CO)C=C1,11/000000001,"InChI=1S/C14H17ClN2O2/c1-10-16-14(15)8-17(10)7-6-11-2-4-12(5-3-11)13(19)9-18/h2-5,8,13,18-19H,6-7,9H2,1H3/t13-/m1/s1",C14H17N2O2Cl,280.097855464,2.11332,4.18,5.97,3.72,-170.0,2.8487485311347314,1,DRUGLIKE_MAY,HsDHODH_Druglike,4,2,58.28,5,14,2,2,0.7368421052631579,0.10526315789473684,0.10526315789473684,0.35714285714285715,0.07142857142857142,19,2,0,2,1,0,1,0,0
CC(=O)CCOC(=O)C#CC1=CC(C2=NOC(=O)N2)=CC(O)=C1,1/000000036,"InChI=1S/C15H12N2O6/c1-9(18)4-5-22-13(20)3-2-10-6-11(8-12(19)7-10)14-16-15(21)23-17-14/h6-8,19H,4-5H2,1H3,(H,16,17,21)",C15H12N2O6,316.06953610399995,0.6093,4.17,3.4,24.7,-160.0,3.402504676819987,1,DRUGLIKE_MAY,HsDHODH_Druglike,7,2,122.49,4,15,6,2,0.6521739130434783,0.2608695652173913,0.08695652173913043,0.2,0.0,23,2,0,2,1,0,1,0,0
C=C(COCC(=O)O)CC1=CC=CC(C(=O)NCCC(=O)O)=C1,27/000000090,"InChI=1S/C16H19NO6/c1-11(9-23-10-15(20)21)7-12-3-2-4-13(8-12)16(22)17-6-5-14(18)19/h2-4,8H,1,5-7,9-10H2,(H,17,22)(H,18,19)(H,20,21)",C16H19NO6,321.12123732799995,1.0909999999999995,4.17,4.17,4.94,-110.0,2.3103969158309763,1,DRUGLIKE_MAY,HsDHODH_Druglike,4,3,112.92999999999999,10,16,6,1,0.6956521739130435,0.2608695652173913,0.043478260869565216,0.3125,0.0,23,1,0,1,0,0,0,0,0
CCC1=C(C/C=C/CC2=NC3=C(C=C2)OC(C(=O)O)=N3)C=CN1,2/000000015,"InChI=1S/C17H17N3O3/c1-2-13-11(9-10-18-13)5-3-4-6-12-7-8-14-15(19-12)20-16(23-14)17(21)22/h3-4,7-10,18H,2,5-6H2,1H3,(H,21,22)/b4-3+",C17H16N3O3,311.1269914040001,3.1529000000000007,4.17,1.17,23.0,-100.0,3.3810390736731346,1,DRUGLIKE_MAY,HsDHODH_Druglike,4,2,92.00999999999999,6,17,3,3,0.7391304347826086,0.13043478260869565,0.13043478260869565,0.23529411764705882,0.0,23,3,0,3,3,0,3,0,0
C=C[C@@H](CNC(=O)C1=CC=C(O)C=C1)C(=O)O,27/000000085,"InChI=1S/C12H13NO4/c1-2-8(12(16)17)7-13-11(15)9-3-5-10(14)6-4-9/h2-6,8,14H,1,7H2,(H,13,15)(H,16,17)/t8-/m0/s1",C12H13NO4,235.084457896,1.0088,4.16,6.92,3.58,-150.0,2.7542957397164365,1,DRUGLIKE_MAY,HsDHODH_Druglike,3,3,86.63000000000001,5,12,4,1,0.7058823529411765,0.23529411764705882,0.058823529411764705,0.16666666666666666,0.08333333333333333,17,1,0,1,0,0,0,0,0
C=C(C(=O)OCCCCF)C1=CNC2=C1N=CC(CN)=N2,28/000000010,"InChI=1S/C14H17FN4O2/c1-9(14(20)21-5-3-2-4-15)11-8-18-13-12(11)17-7-10(6-16)19-13/h7-8H,1-6,16H2,(H,18,19)",C14H17N4O2F,292.1335540040001,1.7227,4.16,1.57,20.9,-60.0,3.258662394878062,1,DRUGLIKE_MAY,HsDHODH_Druglike,5,2,93.89,7,14,2,4,0.6666666666666666,0.09523809523809523,0.19047619047619047,0.35714285714285715,0.0,21,2,0,2,2,0,2,0,0
N[C@@H](C/C=C(\C(=O)O)C1=NOCN1)C1=NN=C(CF)N1,27/000000055,"InChI=1S/C10H13FN6O3/c11-3-7-14-9(16-15-7)6(12)2-1-5(10(18)19)8-13-4-20-17-8/h1,6H,2-4,12H2,(H,13,17)(H,18,19)(H,14,15,16)/b5-1-/t6-/m0/s1",C10H13N6O3F,284.10331649600005,-0.43410000000000054,4.16,1.6,3.58,-150.0,4.903566943233873,1,DRUGLIKE_MAY,HsDHODH_Druglike,7,4,138.51000000000002,6,10,3,6,0.5,0.15,0.3,0.4,0.1,20,2,1,1,2,1,1,0,0
NCCC1=NN=C(C2=CC(=O)C=C(C(=O)O)N2)O1,15/000000077,"InChI=1S/C10H10N4O4/c11-2-1-8-13-14-9(18-8)6-3-5(15)4-7(12-6)10(16)17/h3-4H,1-2,11H2,(H,12,15)(H,16,17)/p+1",C10H11N4O4,250.0702048,-0.37570000000000053,4.16,3.77,24.0,-120.0,3.526912656761146,1,DRUGLIKE_MAY,HsDHODH_Druglike,6,3,135.10000000000002,4,10,4,4,0.5555555555555556,0.2222222222222222,0.2222222222222222,0.2,0.0,18,2,0,2,2,0,2,0,0
O=C(C#CC1=C(CCF)C(O)=CC=C1)O[C@H]1CN=C(CO)C1,1/000000155,"InChI=1S/C16H16FNO4/c17-7-6-14-11(2-1-3-15(14)20)4-5-16(21)22-13-8-12(10-19)18-9-13/h1-3,13,19-20H,6-10H2/t13-/m1/s1",C16H16NO4F,305.106336212,1.0045,4.16,8.52,3.87,-150.0,4.117758438031673,1,DRUGLIKE_MAY,HsDHODH_Druglike,5,2,79.12,4,16,4,1,0.7272727272727273,0.18181818181818182,0.045454545454545456,0.375,0.0625,22,2,1,1,1,1,0,0,0
C=CC1=CC(=O)C=C(C2=CC=C(CCC3=NC=CN3)C=C2)N1,15/000000063,"InChI=1S/C18H17N3O/c1-2-15-11-16(22)12-17(21-15)14-6-3-13(4-7-14)5-8-18-19-9-10-20-18/h2-4,6-7,9-12H,1,5,8H2,(H,19,20)(H,21,22)",C18H17N3O,291.137162164,3.193200000000001,4.16,5.81,3.58,-160.0,2.8499238379559877,1,DRUGLIKE_MAY,HsDHODH_Druglike,2,2,61.54,5,18,1,3,0.8181818181818182,0.045454545454545456,0.13636363636363635,0.1111111111111111,0.0,22,3,0,3,2,0,2,0,0
NCCCC1=CC(O)=CC(C#CC(=O)OCCC2=NNN=N2)=C1,1/000000033,"InChI=1S/C15H17N5O3/c16-6-1-2-11-8-12(10-13(21)9-11)3-4-15(22)23-7-5-14-17-19-20-18-14/h8-10,21H,1-2,5-7,16H2,(H,17,18,19,20)",C15H17N5O3,315.1331394040001,-0.066,4.15,2.87,3.87,0.0,3.038969842903903,1,DRUGLIKE_MAY,HsDHODH_Druglike,7,3,127.00999999999999,6,15,3,5,0.6521739130434783,0.13043478260869565,0.21739130434782608,0.3333333333333333,0.0,23,2,0,2,1,0,1,0,0
CC1=C(C2=NN=C(CCN)O2)NC(C(=O)O)=CC1=O,15/000000293,"InChI=1S/C11H12N4O4/c1-5-7(16)4-6(11(17)18)13-9(5)10-15-14-8(19-10)2-3-12/h4H,2-3,12H2,1H3,(H,13,16)(H,17,18)/p+1",C11H13N4O4,264.085854864,-0.06728,4.15,4.49,24.6,-140.0,3.5166897719268846,1,DRUGLIKE_MAY,HsDHODH_Druglike,6,3,135.1,4,11,4,4,0.5789473684210527,0.21052631578947367,0.21052631578947367,0.2727272727272727,0.0,19,2,0,2,2,0,2,0,0
OC1=C(Cl)C=NC(OC[C@H](O)C2=NC(Cl)=CN2)=C1,24/000000003,"InChI=1S/C10H9Cl2N3O3/c11-5-2-13-9(1-6(5)16)18-4-7(17)10-14-3-8(12)15-10/h1-3,7,17H,4H2,(H,13,16)(H,14,15)/t7-/m0/s1",C10H9N3O3Cl2,289.002096508,1.929499999999999,4.15,4.39,3.58,-150.0,3.9004071122958894,1,DRUGLIKE_MAY,HsDHODH_Druglike,5,3,91.26000000000002,4,10,3,3,0.5555555555555556,0.16666666666666666,0.16666666666666666,0.2,0.1,18,2,0,2,2,0,2,0,0
NC(=O)C[C@@H](C#CC1=NC=CC(I)=C1O)C(=O)O,18/000000010,"InChI=1S/C11H9IN2O4/c12-7-3-4-14-8(10(7)16)2-1-6(11(17)18)5-9(13)15/h3-4,6,16H,5H2,(H2,13,15)(H,17,18)/t6-/m1/s1",C11H9N2O4I,359.96070476799997,0.31949999999999973,4.15,4.25,19.3,-150.0,3.8342059969112743,1,DRUGLIKE_MAY,HsDHODH_Druglike,4,3,113.51,3,11,4,2,0.6111111111111112,0.2222222222222222,0.1111111111111111,0.18181818181818182,0.09090909090909091,18,1,0,1,1,0,1,0,0
O=C(O)C1=CC(CBr)=C(CO)N1,5/000000059,"InChI=1S/C7H8BrNO3/c8-2-4-1-5(7(11)12)9-6(4)3-10/h1,9-10H,2-3H2,(H,11,12)",C7H8NO3Br,232.968755216,1.1001,4.15,4.34,2.47,0.0,3.147399734484761,1,DRUGLIKE_MAY,HsDHODH_Druglike,2,3,73.32,3,7,3,1,0.5833333333333334,0.25,0.08333333333333333,0.2857142857142857,0.0,12,1,0,1,1,0,1,0,0
CCC1=C(C2=NN=C(CO)O2)NC(CNCNC)=CC1=O,15/000000266,"InChI=1S/C13H19N5O3/c1-3-9-10(20)4-8(5-15-7-14-2)16-12(9)13-18-17-11(6-19)21-13/h4,14-15,19H,3,5-7H2,1-2H3,(H,16,20)",C13H19N5O3,293.148789468,-0.25390000000000024,4.15,5.68,25.0,-200.0,3.3716493570684154,1,DRUGLIKE_MAY,HsDHODH_Druglike,7,4,116.07,7,13,3,5,0.6190476190476191,0.14285714285714285,0.23809523809523808,0.46153846153846156,0.0,21,2,0,2,2,0,2,0,0
O=C(CCl)C1=CC2=C(N1)C(=O)NC=C2CC/C=C/CCO,14/000000009,"InChI=1S/C15H17ClN2O3/c16-8-13(20)12-7-11-10(5-3-1-2-4-6-19)9-17-15(21)14(11)18-12/h1-2,7,9,18-19H,3-6,8H2,(H,17,21)/b2-1+",C15H17N2O3Cl,308.092770084,2.1489000000000007,4.15,4.09,23.5,-40.0,3.186000595660331,1,DRUGLIKE_MAY,HsDHODH_Druglike,3,3,85.95,7,15,3,2,0.7142857142857143,0.14285714285714285,0.09523809523809523,0.3333333333333333,0.0,21,2,0,2,2,0,2,0,0
O=C(O)COC(=O)C1=CC(C2=COC(CBr)=C2)=CC(O)=C1,1/000000025,"InChI=1S/C14H11BrO6/c15-5-12-4-10(6-20-12)8-1-9(3-11(16)2-8)14(19)21-7-13(17)18/h1-4,6,16H,5,7H2,(H,17,18)",C14H11O6Br,353.973900172,2.788500000000001,4.15,0.84,3.58,-140.0,2.6982921615462274,1,DRUGLIKE_MAY,HsDHODH_Druglike,5,2,96.97000000000001,5,14,6,0,0.6666666666666666,0.2857142857142857,0.0,0.14285714285714285,0.0,21,2,0,2,1,0,1,0,0
C=CCC1=CNC(C2=CC(CC(=O)O)=C(OCN)C=C2)=CC1=O,15/000000190,"InChI=1S/C17H18N2O4/c1-2-3-12-9-19-14(8-15(12)20)11-4-5-16(23-10-18)13(6-11)7-17(21)22/h2,4-6,8-9H,1,3,7,10,18H2,(H,19,20)(H,21,22)",C17H18N2O4,314.126657056,1.6925000000000001,4.14,5.39,3.58,-160.0,2.866673667204603,1,DRUGLIKE_MAY,HsDHODH_Druglike,4,3,105.41,7,17,4,2,0.7391304347826086,0.17391304347826086,0.08695652173913043,0.17647058823529413,0.0,23,2,0,2,1,0,1,0,0
C/C=C(\C1=NN=C(CNCC(=O)O)N1)[C@@H]1NC=NO1,27/000000009,"InChI=1S/C10H14N6O3/c1-2-6(10-12-5-13-19-10)9-14-7(15-16-9)3-11-4-8(17)18/h2,5,10-11H,3-4H2,1H3,(H,12,13)(H,17,18)(H,14,15,16)/b6-2+/t10-/m1/s1",C10H14N6O3,266.112738308,-0.7285999999999992,4.14,6.05,23.4,-170.0,4.694459706751568,1,DRUGLIKE_MAY,HsDHODH_Druglike,7,4,124.52000000000001,6,10,3,6,0.5263157894736842,0.15789473684210525,0.3157894736842105,0.4,0.1,19,2,1,1,2,1,1,0,0
C#CC1=C(C(=O)O)NC(C(=O)O)=C1,5/000000137,"InChI=1S/C8H5NO4/c1-2-4-3-5(7(10)11)9-6(4)8(12)13/h1,3,9H,(H,10,11)(H,12,13)",C8H4NO4,179.02185764,0.3923999999999999,4.14,3.28,17.8,0.0,3.0451135056649346,1,DRUGLIKE_MAY,HsDHODH_Druglike,2,3,90.39,2,8,4,1,0.6153846153846154,0.3076923076923077,0.07692307692307693,0.0,0.0,13,1,0,1,1,0,1,0,0
NC/C(=C/C1=NC=CC([C@@H](N)C2=CC=CCC2)=C1)C1=CNC=N1,18/000000004,"InChI=1S/C18H21N5/c19-10-15(17-11-21-12-23-17)9-16-8-14(6-7-22-16)18(20)13-4-2-1-3-5-13/h1-2,4,6-9,11-12,18H,3,5,10,19-20H2,(H,21,23)/b15-9-/t18-/m0/s1",C18H21N5,307.17969567200004,2.5802000000000005,4.14,5.86,21.9,-150.0,4.21244720669457,1,DRUGLIKE_MAY,HsDHODH_Druglike,4,3,93.61,5,18,0,5,0.782608695652174,0.0,0.21739130434782608,0.2222222222222222,0.05555555555555555,23,3,1,2,2,0,2,0,0
OC[C@@H](C1=CC=C(Cl)C(F)=C1)C1=CON=C1O,25/000000014,"InChI=1S/C11H9ClFNO3/c12-9-2-1-6(3-10(9)13)7(4-15)8-5-17-14-11(8)16/h1-3,5,7,15H,4H2,(H,14,16)/t7-/m0/s1",C11H9NO3FCl,257.02549904800003,2.2969000000000004,4.14,4.99,17.8,-150.0,3.426670798422764,1,DRUGLIKE_MAY,HsDHODH_Druglike,4,2,66.49000000000001,3,11,3,1,0.6470588235294118,0.17647058823529413,0.058823529411764705,0.18181818181818182,0.09090909090909091,17,2,0,2,1,0,1,0,0
O=C(CO)[C@@H](C1=CC=C(Cl)C(F)=C1)C1=NNC(=O)O1,25/000000011,"InChI=1S/C11H8ClFN2O4/c12-6-2-1-5(3-7(6)13)9(8(17)4-16)10-14-15-11(18)19-10/h1-3,9,16H,4H2,(H,15,18)/t9-/m1/s1",C11H8N2O4FCl,286.01566263599994,0.8486999999999996,4.14,6.35,21.4,-150.0,3.4932913635563025,1,DRUGLIKE_MAY,HsDHODH_Druglike,5,2,96.18999999999998,4,11,4,2,0.5789473684210527,0.21052631578947367,0.10526315789473684,0.18181818181818182,0.09090909090909091,19,2,0,2,1,0,1,0,0
C=CCN1CC[C@@H]1CC(=O)C1=C(CN)NC(C(=O)O)=C1,5/000000081,"InChI=1S/C14H19N3O3/c1-2-4-17-5-3-9(17)6-13(18)10-7-11(14(19)20)16-12(10)8-15/h2,7,9,16H,1,3-6,8,15H2,(H,19,20)/t9-/m1/s1",C14H19N3O3,277.142641468,1.0047000000000004,4.14,5.16,3.7,-150.0,3.644988376800306,1,DRUGLIKE_MAY,HsDHODH_Druglike,4,3,99.42,7,14,3,3,0.7,0.15,0.15,0.42857142857142855,0.07142857142857142,20,2,1,1,2,1,1,0,0
O=C(C1=NNC(O)=C1)C1=CNC(=O)C2=C1C=CN2,10/000000003,"InChI=1S/C11H8N4O3/c16-8-3-7(14-15-8)10(17)6-4-13-11(18)9-5(6)1-2-12-9/h1-4,12H,(H,13,18)(H2,14,15,16)",C11H8N4O3,244.059640116,0.5158999999999997,4.14,3.42,24.2,-40.0,3.233527643186484,1,DRUGLIKE_MAY,HsDHODH_Druglike,4,4,114.63,2,11,3,4,0.6111111111111112,0.16666666666666666,0.2222222222222222,0.0,0.0,18,3,0,3,3,0,3,0,0
O=C(O)C1=NC2=C(C=CC=C2O)N1,1/000000193,"InChI=1S/C8H6N2O3/c11-5-3-1-2-4-6(5)10-7(9-4)8(12)13/h1-3,11H,(H,9,10)(H,12,13)",C8H5N2O3,178.037842052,0.9666999999999997,4.14,3.82,13.0,-40.0,2.394224365393441,1,DRUGLIKE_MAY,HsDHODH_Druglike,3,3,86.21000000000001,1,8,3,2,0.6153846153846154,0.23076923076923078,0.15384615384615385,0.0,0.0,13,2,0,2,1,0,1,0,0
NC(=O)NC1=C(C(=O)O)C=CC(NC2=CC=NN2)=C1,9/000000002,"InChI=1S/C11H11N5O3/c12-11(19)15-8-5-6(1-2-7(8)10(17)18)14-9-3-4-13-16-9/h1-5H,(H,17,18)(H3,12,15,19)(H2,13,14,16)",C11H11N5O3,261.086189212,1.3420999999999996,4.14,5.61,21.0,0.0,2.3951749232052126,1,DRUGLIKE_MAY,HsDHODH_Druglike,4,5,133.13,4,11,3,5,0.5789473684210527,0.15789473684210525,0.2631578947368421,0.0,0.0,19,2,0,2,1,0,1,0,0
CC/C=C/C1=C(C2=CC=CC(CO)=N2)NC=N1,13/000000017,"InChI=1S/C13H15N3O/c1-2-3-6-11-13(15-9-14-11)12-7-4-5-10(8-17)16-12/h3-7,9,17H,2,8H2,1H3,(H,14,15)/b6-3+",C13H15N3O,229.1215121,2.387199999999999,4.14,2.13,14.9,-180.0,3.0154150904747787,1,DRUGLIKE_MAY,HsDHODH_Druglike,3,2,61.800000000000004,4,13,1,3,0.7647058823529411,0.058823529411764705,0.17647058823529413,0.23076923076923078,0.0,17,2,0,2,2,0,2,0,0
O=C1C=C(/C=C/CO)NC(C2=NN=CO2)=C1CO,15/000000323,"InChI=1S/C11H11N3O4/c15-3-1-2-7-4-9(17)8(5-16)10(13-7)11-14-12-6-18-11/h1-2,4,6,15-16H,3,5H2,(H,13,17)/b2-1+",C11H11N3O4,249.074955832,-0.0773000000000002,4.14,2.92,23.2,-120.0,3.5544407653584305,1,DRUGLIKE_MAY,HsDHODH_Druglike,6,3,112.24,4,11,4,3,0.6111111111111112,0.2222222222222222,0.16666666666666666,0.18181818181818182,0.0,18,2,0,2,2,0,2,0,0
O=C(CCCO)NC1=CC=C2C=CC=CC2=C1,2/000000003,"InChI=1S/C14H15NO2/c16-9-3-6-14(17)15-13-8-7-11-4-1-2-5-12(11)10-13/h1-2,4-5,7-8,10,16H,3,6,9H2,(H,15,17)",C14H15NO2,229.11027872,2.5508000000000006,4.13,3.85,2.22,-80.0,1.6032656399253271,1,DRUGLIKE_MAY,HsDHODH_Druglike,2,2,49.33,4,14,2,1,0.8235294117647058,0.11764705882352941,0.058823529411764705,0.21428571428571427,0.0,17,2,0,2,0,0,0,0,0
C=CCC1=CC(C(=O)NCCC(=O)O)=CC=C1,27/000000020,"InChI=1S/C13H15NO3/c1-2-4-10-5-3-6-11(9-10)13(17)14-8-7-12(15)16/h2-3,5-6,9H,1,4,7-8H2,(H,14,17)(H,15,16)",C13H15NO3,233.10519334,1.6196,4.13,5.79,3.58,0.0,1.883554961545956,1,DRUGLIKE_MAY,HsDHODH_Druglike,2,2,66.4,6,13,3,1,0.7647058823529411,0.17647058823529413,0.058823529411764705,0.23076923076923078,0.0,17,1,0,1,0,0,0,0,0
C=CC1=C(C2=NN=C(CO)O2)NC(CC)=CC1=O,15/000000249,"InChI=1S/C12H13N3O3/c1-3-7-5-9(17)8(4-2)11(13-7)12-15-14-10(6-16)18-12/h4-5,16H,2-3,6H2,1H3,(H,13,17)",C12H13N3O3,247.095691276,1.1226,4.13,6.55,22.6,-140.0,3.285158810607298,1,DRUGLIKE_MAY,HsDHODH_Druglike,5,2,92.00999999999999,4,12,3,3,0.6666666666666666,0.16666666666666666,0.16666666666666666,0.25,0.0,18,2,0,2,2,0,2,0,0
OCC/C=C/C1=C(C2=CC=CC(CO)=N2)NC=N1,13/000000032,"InChI=1S/C13H15N3O2/c17-7-2-1-5-11-13(15-9-14-11)12-6-3-4-10(8-18)16-12/h1,3-6,9,17-18H,2,7-8H2,(H,14,15)/b5-1+",C13H15N3O2,245.11642672,1.3595999999999995,4.13,2.73,16.1,-160.0,3.068953887530376,1,DRUGLIKE_MAY,HsDHODH_Druglike,4,3,82.03,5,13,2,3,0.7222222222222222,0.1111111111111111,0.16666666666666666,0.23076923076923078,0.0,18,2,0,2,2,0,2,0,0
O=C(O)C1=CC2=C(N1)C(=O)NC=C2C#CCCCCl,14/000000022,"InChI=1S/C13H11ClN2O3/c14-5-3-1-2-4-8-7-15-12(17)11-9(8)6-10(16-11)13(18)19/h6-7,16H,1,3,5H2,(H,15,17)(H,18,19)",C13H11N2O3Cl,278.045819892,1.9249,4.13,3.5,24.1,-40.0,3.1957673760354037,1,DRUGLIKE_MAY,HsDHODH_Druglike,2,3,85.94999999999999,3,13,3,2,0.6842105263157895,0.15789473684210525,0.10526315789473684,0.23076923076923078,0.0,19,2,0,2,2,0,2,0,0
O=C(O)/C(=C/C1=NC=NN1)C1=CC(O)=CC=C1,5/000000053,"InChI=1S/C11H9N3O3/c15-8-3-1-2-7(4-8)9(11(16)17)5-10-12-6-13-14-10/h1-6,15H,(H,16,17)(H,12,13,14)/b9-5+",C11H9N3O3,231.064391148,1.1355,4.13,5.23,3.85,0.0,2.8188290818405566,1,DRUGLIKE_MAY,HsDHODH_Druglike,4,3,99.10000000000001,3,11,3,3,0.6470588235294118,0.17647058823529413,0.17647058823529413,0.0,0.0,17,2,0,2,1,0,1,0,0
C=CC[C@@H](O)C1=NC2=C(C=CC=C2O)N1,1/000000191,"InChI=1S/C11H12N2O2/c1-2-4-9(15)11-12-7-5-3-6-8(14)10(7)13-11/h2-3,5-6,9,14-15H,1,4H2,(H,12,13)/t9-/m1/s1",C11H12N2O2,204.089877624,1.878,4.13,1.04,12.7,-190.0,3.2452944314815175,1,DRUGLIKE_MAY,HsDHODH_Druglike,3,3,69.14000000000001,3,11,2,2,0.7333333333333333,0.13333333333333333,0.13333333333333333,0.18181818181818182,0.09090909090909091,15,2,0,2,1,0,1,0,0
O=C(O)CC/C=C/C1=NC[C@H](NC(=O)C2=CC=CC(Br)=C2)C1,27/000000091,"InChI=1S/C16H17BrN2O3/c17-12-5-3-4-11(8-12)16(22)19-14-9-13(18-10-14)6-1-2-7-15(20)21/h1,3-6,8,14H,2,7,9-10H2,(H,19,22)(H,20,21)/b6-1+/t14-/m1/s1",C16H17N2O3Br,364.042254504,2.813200000000001,4.12,3.02,3.58,-150.0,3.3551569491979265,1,DRUGLIKE_MAY,HsDHODH_Druglike,3,2,78.75999999999999,6,16,3,2,0.7272727272727273,0.13636363636363635,0.09090909090909091,0.3125,0.0625,22,2,1,1,1,1,0,0,0
NCO[C@H](CC(=O)O)C1=NC=C(Br)C=C1F,21/000000001,"InChI=1S/C9H10BrFN2O3/c10-5-1-6(11)9(13-3-5)7(16-4-12)2-8(14)15/h1,3,7H,2,4,12H2,(H,14,15)/t7-/m1/s1",C9H10N2O3FBr,291.9858825,1.4318,4.12,3.74,3.72,-150.0,3.493443317287369,1,DRUGLIKE_MAY,HsDHODH_Druglike,4,2,85.44,5,9,3,2,0.5625,0.1875,0.125,0.3333333333333333,0.1111111111111111,16,1,0,1,1,0,1,0,0
OCC1=NC(C2=C(/C=C/CF)N=CN2)=CC=C1,13/000000022,"InChI=1S/C12H12FN3O/c13-6-2-5-10-12(15-8-14-10)11-4-1-3-9(7-17)16-11/h1-5,8,17H,6-7H2,(H,14,15)/b5-2+",C12H12N3OF,233.096440224,1.9466999999999999,4.12,2.29,17.0,-160.0,3.2994223118248582,1,DRUGLIKE_MAY,HsDHODH_Druglike,3,2,61.800000000000004,4,12,1,3,0.7058823529411765,0.058823529411764705,0.17647058823529413,0.16666666666666666,0.0,17,2,0,2,2,0,2,0,0
CCCC1=NC=C(C2=CC(=O)C=C(C(=O)O)N2)NC1,15/000000005,"InChI=1S/C13H15N3O3/c1-2-3-8-6-15-12(7-14-8)10-4-9(17)5-11(16-10)13(18)19/h4-5,7,15H,2-3,6H2,1H3,(H,16,17)(H,18,19)",C13H15N3O3,261.11134134,1.2157999999999998,4.12,4.38,22.6,-180.0,3.5203499594896837,1,DRUGLIKE_MAY,HsDHODH_Druglike,4,3,94.55000000000001,4,13,3,3,0.6842105263157895,0.15789473684210525,0.15789473684210525,0.3076923076923077,0.0,19,2,1,1,2,1,1,0,0
O=C(O)CC1=C(CF)C(C2=CC(CO)=CC(O)=C2)=CO1,1/000000166,"InChI=1S/C14H13FO5/c15-5-11-12(7-20-13(11)4-14(18)19)9-1-8(6-16)2-10(17)3-9/h1-3,7,16-17H,4-6H2,(H,18,19)",C14H13O5F,280.074701736,2.2411000000000003,4.12,5.88,2.35,-120.0,2.956425445741088,1,DRUGLIKE_MAY,HsDHODH_Druglike,4,3,90.9,5,14,5,0,0.7,0.25,0.0,0.21428571428571427,0.0,20,2,0,2,1,0,1,0,0
CC1=C(C#CC(=O)O[C@H]2CN=C(CO)C2)C=CC=C1O,1/000000181,"InChI=1S/C15H15NO4/c1-10-11(3-2-4-14(10)18)5-6-15(19)20-13-7-12(9-17)16-8-13/h2-4,13,17-18H,7-9H2,1H3/t13-/m1/s1",C15H15NO4,273.10010796,0.8009199999999999,4.12,6.41,19.8,-170.0,3.9312405696075,1,DRUGLIKE_MAY,HsDHODH_Druglike,5,2,79.12,2,15,4,1,0.75,0.2,0.05,0.3333333333333333,0.06666666666666667,20,2,1,1,1,1,0,0,0
CCCCCCC1=C(C(=O)O)NC(C(=O)O)=C1,5/000000168,"InChI=1S/C12H17NO4/c1-2-3-4-5-6-8-7-9(11(14)15)13-10(8)12(16)17/h7,13H,2-6H2,1H3,(H,14,15)(H,16,17)",C12H16NO4,239.115758024,2.5339,4.12,3.08,17.4,-20.0,2.428505377827179,1,DRUGLIKE_MAY,HsDHODH_Druglike,2,3,90.39,7,12,4,1,0.7058823529411765,0.23529411764705882,0.058823529411764705,0.5,0.0,17,1,0,1,1,0,1,0,0
O=C(C#CC1=CC(CCCF)=CC(O)=C1)OCCCO,1/000000152,"InChI=1S/C15H17FO4/c16-6-1-3-12-9-13(11-14(18)10-12)4-5-15(19)20-8-2-7-17/h9-11,17-18H,1-3,6-8H2",C15H17O4F,280.11108724400003,1.5713999999999997,4.11,3.09,19.1,0.0,2.882100685501328,1,DRUGLIKE_MAY,HsDHODH_Druglike,4,2,66.76,6,15,4,0,0.75,0.2,0.0,0.4,0.0,20,1,0,1,0,0,0,0,0
CN[C@H]1C=CN(CCOC(=O)C#CC2=CC(O)=CC(F)=C2)C1,1/000000170,"InChI=1S/C16H17FN2O3/c1-18-14-4-5-19(11-14)6-7-22-16(21)3-2-12-8-13(17)10-15(20)9-12/h4-5,8-10,14,18,20H,6-7,11H2,1H3/t14-/m0/s1",C16H17N2O3F,304.12232062400005,0.8433000000000002,4.11,4.1,22.7,-170.0,3.966993921902641,1,DRUGLIKE_MAY,HsDHODH_Druglike,5,2,61.8,4,16,3,2,0.7272727272727273,0.13636363636363635,0.09090909090909091,0.3125,0.0625,22,2,1,1,1,1,0,0,0
O=C(O)C1=CC2=C(N1)C(=O)NC=C2[C@H](O)CCF,14/000000030,"InChI=1S/C11H11FN2O4/c12-2-1-8(15)6-4-13-10(16)9-5(6)3-7(14-9)11(17)18/h3-4,8,14-15H,1-2H2,(H,13,16)(H,17,18)/t8-/m1/s1",C11H11N2O4F,254.070285052,0.9474,4.11,5.01,22.3,-190.0,3.5214425157495777,1,DRUGLIKE_MAY,HsDHODH_Druglike,3,4,106.17999999999999,4,11,4,2,0.6111111111111112,0.2222222222222222,0.1111111111111111,0.2727272727272727,0.09090909090909091,18,2,0,2,2,0,2,0,0
O=C(O)CCNC(=O)C1=CC=CC(C[C@H](O)CO)=C1,27/000000031,"InChI=1S/C13H17NO5/c15-8-11(16)7-9-2-1-3-10(6-9)13(19)14-5-4-12(17)18/h1-3,6,11,15-16H,4-5,7-8H2,(H,14,19)(H,17,18)/t11-/m0/s1",C13H17NO5,267.11067264400003,-0.21319999999999995,4.11,6.54,3.58,-150.0,2.3569508310119236,1,DRUGLIKE_MAY,HsDHODH_Druglike,4,4,106.86000000000001,7,13,5,1,0.6842105263157895,0.2631578947368421,0.05263157894736842,0.38461538461538464,0.07692307692307693,19,1,0,1,0,0,0,0,0
O=C1C=C(C2=CC=C(Br)C=C2O)NC=C1CO,15/000000202,"InChI=1S/C12H10BrNO3/c13-8-1-2-9(12(17)3-8)10-4-11(16)7(6-15)5-14-10/h1-5,15,17H,6H2,(H,14,16)",C12H10NO3Br,294.98440528,2.0023000000000004,4.11,3.1,2.22,-160.0,2.657054143215353,1,DRUGLIKE_MAY,HsDHODH_Druglike,3,3,73.32,2,12,3,1,0.7058823529411765,0.17647058823529413,0.058823529411764705,0.08333333333333333,0.0,17,2,0,2,1,0,1,0,0
C#CC1=CC(C2=CC=C(C(=O)CCCN)C(O)=C2)=CO1,1/000000100,"InChI=1S/C16H15NO3/c1-2-13-8-12(10-20-13)11-5-6-14(16(19)9-11)15(18)4-3-7-17/h1,5-6,8-10,19H,3-4,7,17H2/p+1",C16H16NO3,269.10519334,2.5550999999999995,4.1,1.45,5.09,-120.0,3.5185688173694594,1,DRUGLIKE_MAY,HsDHODH_Druglike,4,2,76.46000000000001,5,16,3,1,0.8,0.15,0.05,0.1875,0.0,20,2,0,2,1,0,1,0,0
CCOC(=O)C#CC1=CC(C2=NOC(=O)N2)=CC(O)=C1,1/000000001,"InChI=1S/C13H10N2O5/c1-2-19-11(17)4-3-8-5-9(7-10(16)6-8)12-14-13(18)20-15-12/h5-7,16H,2H2,1H3,(H,14,15,18)",C13H10N2O5,274.05897142,0.6500999999999999,4.1,1.19,21.3,-160.0,3.3245322789079204,1,DRUGLIKE_MAY,HsDHODH_Druglike,6,2,105.42,2,13,5,2,0.65,0.25,0.1,0.15384615384615385,0.0,20,2,0,2,1,0,1,0,0
NC/C=C/C1=C(C2=CC=CC(CO)=N2)NC=N1,13/000000016,"InChI=1S/C12H14N4O/c13-6-2-5-10-12(15-8-14-10)11-4-1-3-9(7-17)16-11/h1-5,8,17H,6-7,13H2,(H,14,15)/b5-2+",C12H14N4O,230.116761068,0.9359,4.1,2.57,15.7,-140.0,3.1423786697526435,1,DRUGLIKE_MAY,HsDHODH_Druglike,4,3,87.82000000000001,4,12,1,4,0.7058823529411765,0.058823529411764705,0.23529411764705882,0.16666666666666666,0.0,17,2,0,2,2,0,2,0,0
CCC[C@@H](/C=C/C1=NC=C(CN)C(I)=C1)CN,18/000000005,"InChI=1S/C13H20IN3/c1-2-3-10(7-15)4-5-12-6-13(14)11(8-16)9-17-12/h4-6,9-10H,2-3,7-8,15-16H2,1H3/b5-4+/t10-/m0/s1",C13H20N3I,345.07019564,2.5331,4.1,6.27,3.58,-170.0,3.802034137211634,1,DRUGLIKE_MAY,HsDHODH_Druglike,3,2,64.92999999999999,6,13,0,3,0.7647058823529411,0.0,0.17647058823529413,0.46153846153846156,0.07692307692307693,17,1,0,1,1,0,1,0,0
C[C@@H](C#CC1=NC=CC(I)=C1O)C(=O)O,18/000000006,"InChI=1S/C10H8INO3/c1-6(10(14)15)2-3-8-9(13)7(11)4-5-12-8/h4-6,13H,1H3,(H,14,15)/t6-/m0/s1",C10H8NO3I,316.95489111599994,1.4640000000000002,4.1,4.48,15.1,-170.0,3.8565650358771206,1,DRUGLIKE_MAY,HsDHODH_Druglike,3,2,70.42,1,10,3,1,0.6666666666666666,0.2,0.06666666666666667,0.2,0.1,15,1,0,1,1,0,1,0,0
NCC1=C(I)C=C(/C=C/[C@H](I)CN)N=C1,18/000000001,"InChI=1S/C10H13I2N3/c11-8(5-14)1-2-9-3-10(12)7(4-13)6-15-9/h1-3,6,8H,4-5,13-14H2/b2-1+/t8-/m0/s1",C10H13N3I2,428.91989341600004,1.9204,4.1,5.64,3.58,-150.0,4.213443319179186,1,DRUGLIKE_MAY,HsDHODH_Druglike,3,2,64.93,4,10,0,3,0.6666666666666666,0.0,0.2,0.3,0.1,15,1,0,1,1,0,1,0,0
CCC1=C(C(=O)O)NC(C(=O)O)=C1,5/000000114,"InChI=1S/C8H9NO4/c1-2-4-3-5(7(10)11)9-6(4)8(12)13/h3,9H,2H2,1H3,(H,10,11)(H,12,13)",C8H8NO4,183.053157768,0.9735,4.1,3.59,15.0,-20.0,2.62173884503145,1,DRUGLIKE_MAY,HsDHODH_Druglike,2,3,90.39,3,8,4,1,0.6153846153846154,0.3076923076923077,0.07692307692307693,0.25,0.0,13,1,0,1,1,0,1,0,0
COCC1=CC(=O)C=C(C2=CC(CO)=CC=C2)N1,15/000000050,"InChI=1S/C14H15NO3/c1-18-9-12-6-13(17)7-14(15-12)11-4-2-3-10(5-11)8-16/h2-7,16H,8-9H2,1H3,(H,15,17)",C14H15NO3,245.10519334,1.6805999999999999,4.1,5.22,2.22,-180.0,2.4409602223720057,1,DRUGLIKE_MAY,HsDHODH_Druglike,3,2,62.32,4,14,3,1,0.7777777777777778,0.16666666666666666,0.05555555555555555,0.21428571428571427,0.0,18,2,0,2,1,0,1,0,0
NCC1=CC=C2C(=O)NC(=O)C2=C1O,6/000000012,"InChI=1S/C9H8N2O3/c10-3-4-1-2-5-6(7(4)12)9(14)11-8(5)13/h1-2,12H,3,10H2,(H,11,13,14)",C9H8N2O3,192.053492116,-0.2655000000000002,4.1,5.5,2.22,-40.0,2.613570869092948,1,DRUGLIKE_MAY,HsDHODH_Druglike,4,3,92.42,1,9,3,2,0.6428571428571429,0.21428571428571427,0.14285714285714285,0.1111111111111111,0.0,14,2,1,1,1,1,0,0,0
CCC1=C(C#CCO)NC(C2=C(Cl)C(O)=CC=C2)=C1,1/000000102,"InChI=1S/C15H14ClNO2/c1-2-10-9-13(17-12(10)6-4-8-18)11-5-3-7-14(19)15(11)16/h3,5,7,9,17-19H,2,8H2,1H3",C15H14NO2Cl,275.07130636799997,2.946900000000002,4.1,5.39,3.58,-140.0,3.1126930654403377,1,DRUGLIKE_MAY,HsDHODH_Druglike,2,3,56.25,2,15,2,1,0.7894736842105263,0.10526315789473684,0.05263157894736842,0.2,0.0,19,2,0,2,1,0,1,0,0
C[C@@H](N)/C=C/C1=C(C(=O)O)NC(C(=O)O)=C1,5/000000036,"InChI=1S/C10H12N2O4/c1-5(11)2-3-6-4-7(9(13)14)12-8(6)10(15)16/h2-5,12H,11H2,1H3,(H,13,14)(H,15,16)/p+1/b3-2+/t5-/m1/s1",C10H12N2O4,224.079706864,0.7715000000000001,4.09,5.56,18.6,-170.0,4.104988908905054,1,DRUGLIKE_MAY,HsDHODH_Druglike,3,4,116.41000000000001,4,10,4,2,0.625,0.25,0.125,0.2,0.1,16,1,0,1,1,0,1,0,0
O=C(C1=CC(C2=CC(CO)=CC(O)=C2)=CO1)N1CCC1,1/000000005,"InChI=1S/C15H15NO4/c17-8-10-4-11(6-13(18)5-10)12-7-14(20-9-12)15(19)16-2-1-3-16/h4-7,9,17-18H,1-3,8H2",C15H15NO4,273.10010796,1.9903999999999995,4.09,5.4,3.58,-120.0,2.495904256929899,1,DRUGLIKE_MAY,HsDHODH_Druglike,4,2,73.91,3,15,4,1,0.75,0.2,0.05,0.26666666666666666,0.0,20,3,1,2,2,1,1,0,0
CCN[C@@H](C#CC1=NC=CC(I)=C1O)C(=O)O,18/000000003,"InChI=1S/C11H11IN2O3/c1-2-13-9(11(16)17)4-3-8-10(15)7(12)5-6-14-8/h5-6,9,13,15H,2H2,1H3,(H,16,17)/t9-/m0/s1",C11H11N2O3I,345.98144021199994,0.806,4.09,3.94,17.1,-170.0,3.964290054097708,1,DRUGLIKE_MAY,HsDHODH_Druglike,4,3,82.45,3,11,3,2,0.6470588235294118,0.17647058823529413,0.11764705882352941,0.2727272727272727,0.09090909090909091,17,1,0,1,1,0,1,0,0
O=C(O)C1=COC(C2=CC=C(CO)C(Cl)=C2)=C1,7/000000004,"InChI=1S/C12H9ClO4/c13-10-3-7(1-2-8(10)5-14)11-4-9(6-17-11)12(15)16/h1-4,6,14H,5H2,(H,15,16)",C12H8O4Cl,252.018936448,2.7905000000000006,4.09,5.41,2.22,-120.0,2.372212244688347,1,DRUGLIKE_MAY,HsDHODH_Druglike,3,2,70.67,3,12,4,0,0.7058823529411765,0.23529411764705882,0.0,0.08333333333333333,0.0,17,2,0,2,1,0,1,0,0
CCC(=O)COC1=CC=C(C2=NC=NN2)C=C1CN,21/000000012,"InChI=1S/C13H16N4O2/c1-2-11(18)7-19-12-4-3-9(5-10(12)6-14)13-15-8-16-17-13/h3-5,8H,2,6-7,14H2,1H3,(H,15,16,17)",C13H16N4O2,260.127325752,1.2882999999999998,4.09,5.11,18.3,-140.0,2.571313046088621,1,DRUGLIKE_MAY,HsDHODH_Druglike,5,2,93.89,6,13,2,4,0.6842105263157895,0.10526315789473684,0.21052631578947367,0.3076923076923077,0.0,19,2,0,2,1,0,1,0,0
CCOC1=CC=C(C(=O)CO)C=C1CN,21/000000014,"InChI=1S/C11H15NO3/c1-2-15-11-4-3-8(10(14)7-13)5-9(11)6-12/h3-5,13H,2,6-7,12H2,1H3/p+1",C11H16NO3,209.10519334,0.7190000000000001,4.09,4.71,3.58,-20.0,2.814129741693222,1,DRUGLIKE_MAY,HsDHODH_Druglike,4,2,72.55,5,11,3,1,0.7333333333333333,0.2,0.06666666666666667,0.36363636363636365,0.0,15,1,0,1,0,0,0,0,0
C=CC1=C(C2=NN=C(CO)O2)NC(CF)=CC1=O,15/000000276,"InChI=1S/C11H10FN3O3/c1-2-7-8(17)3-6(4-12)13-10(7)11-15-14-9(5-16)18-11/h2-3,16H,1,4-5H2,(H,13,17)",C11H10N3O3F,251.0706194,1.0297,4.09,6.36,24.7,-120.0,3.527314195222684,1,DRUGLIKE_MAY,HsDHODH_Druglike,5,2,92.00999999999999,4,11,3,3,0.6111111111111112,0.16666666666666666,0.16666666666666666,0.18181818181818182,0.0,18,2,0,2,2,0,2,0,0
C[C@@H](/C=C/C1=CC(I)=C(CN)C=N1)CN,18/000000011,"InChI=1S/C11H16IN3/c1-8(5-13)2-3-10-4-11(12)9(6-14)7-15-10/h2-4,7-8H,5-6,13-14H2,1H3/b3-2+/t8-/m0/s1",C11H16N3I,317.03889551200007,1.7529,4.08,4.82,3.58,-170.0,3.7901731503236498,1,DRUGLIKE_MAY,HsDHODH_Druglike,3,2,64.92999999999999,4,11,0,3,0.7333333333333333,0.0,0.2,0.36363636363636365,0.09090909090909091,15,1,0,1,1,0,1,0,0
CCC1=CC(O)=CC(C#CC(=O)O[C@H](CO)CBr)=C1,1/000000150,"InChI=1S/C14H15BrO4/c1-2-10-5-11(7-12(17)6-10)3-4-14(18)19-13(8-15)9-16/h5-7,13,16-17H,2,8-9H2,1H3/t13-/m0/s1",C14H15O4Br,326.01537106000006,1.6051,4.08,4.15,3.87,-170.0,3.5355061564557095,1,DRUGLIKE_MAY,HsDHODH_Druglike,4,2,66.76,4,14,4,0,0.7368421052631579,0.21052631578947367,0.0,0.35714285714285715,0.07142857142857142,19,1,0,1,0,0,0,0,0
CCC1=CNC(=O)C2=C1C=C(C(=O)C/C=C/CO)N2,14/000000001,"InChI=1S/C14H16N2O3/c1-2-9-8-15-14(19)13-10(9)7-11(16-13)12(18)5-3-4-6-17/h3-4,7-8,16-17H,2,5-6H2,1H3,(H,15,19)/b4-3+",C14H16N2O3,260.116092372,1.5398999999999998,4.08,1.23,21.2,-100.0,3.2191961133358387,1,DRUGLIKE_MAY,HsDHODH_Druglike,3,3,85.94999999999999,5,14,3,2,0.7368421052631579,0.15789473684210525,0.10526315789473684,0.2857142857142857,0.0,19,2,0,2,2,0,2,0,0
CC/C=C(\C)CC(=O)C1=C(CN)NC(C(=O)O)=C1,5/000000134,"InChI=1S/C13H18N2O3/c1-3-4-8(2)5-12(16)9-6-10(13(17)18)15-11(9)7-14/h4,6,15H,3,5,7,14H2,1-2H3,(H,17,18)/b8-4+",C13H18N2O3,250.131742436,2.1007,4.08,3.9,2.35,-140.0,3.2409173490688374,1,DRUGLIKE_MAY,HsDHODH_Druglike,3,3,96.18,6,13,3,2,0.7222222222222222,0.16666666666666666,0.1111111111111111,0.38461538461538464,0.0,18,1,0,1,1,0,1,0,0
NCC1=CC(=O)C=C(C2=CC(CNC(N)=O)=CC=C2)N1,15/000000030,"InChI=1S/C14H16N4O2/c15-7-11-5-12(19)6-13(18-11)10-3-1-2-9(4-10)8-17-14(16)20/h1-6H,7-8,15H2,(H,18,19)(H3,16,17,20)",C14H16N4O2,272.127325752,0.6688999999999996,4.08,4.15,3.58,-160.0,2.5166759602266016,1,DRUGLIKE_MAY,HsDHODH_Druglike,3,4,114.0,4,14,2,4,0.7,0.1,0.2,0.14285714285714285,0.0,20,2,0,2,1,0,1,0,0
OCC1=NC=C(CO)C(C2=NN=CO2)=C1,10/000000001,"InChI=1S/C9H9N3O3/c13-3-6-2-10-7(4-14)1-8(6)9-12-11-5-15-9/h1-2,5,13-14H,3-4H2",C9H9N3O3,207.064391148,0.11620000000000003,4.08,2.35,15.4,-120.0,2.994841526675115,1,DRUGLIKE_MAY,HsDHODH_Druglike,6,2,92.27000000000001,3,9,3,3,0.6,0.2,0.2,0.2222222222222222,0.0,15,2,0,2,2,0,2,0,0
C/C=C/CC1=NN=C(C2=C(CO)C(=O)C=CN2)O1,15/000000311,"InChI=1S/C12H13N3O3/c1-2-3-4-10-14-15-12(18-10)11-8(7-16)9(17)5-6-13-11/h2-3,5-6,16H,4,7H2,1H3,(H,13,17)/b3-2+",C12H13N3O3,247.095691276,1.0357999999999998,4.08,6.53,22.6,-140.0,3.2861104486163493,1,DRUGLIKE_MAY,HsDHODH_Druglike,5,2,92.01,4,12,3,3,0.6666666666666666,0.16666666666666666,0.16666666666666666,0.25,0.0,18,2,0,2,2,0,2,0,0
CNCCCC1=NN=C(C2=CC(=O)C=C(CO)N2)O1,15/000000285,"InChI=1S/C12H16N4O3/c1-13-4-2-3-11-15-16-12(19-11)10-6-9(18)5-8(7-17)14-10/h5-6,13,17H,2-4,7H2,1H3,(H,14,18)/p+1",C12H17N4O3,264.122240372,0.0691999999999996,4.08,4.77,23.0,-140.0,3.867066892242466,1,DRUGLIKE_MAY,HsDHODH_Druglike,6,3,104.04,6,12,3,4,0.631578947368421,0.15789473684210525,0.21052631578947367,0.4166666666666667,0.0,19,2,0,2,2,0,2,0,0
C=CC1=C(C2=NN=C(CO)O2)NC(C)=CC1=O,15/000000239,"InChI=1S/C11H11N3O3/c1-3-7-8(16)4-6(2)12-10(7)11-14-13-9(5-15)17-11/h3-4,15H,1,5H2,2H3,(H,12,16)",C11H11N3O3,233.080041212,0.8686200000000001,4.08,6.74,22.0,-140.0,3.265239085932209,1,DRUGLIKE_MAY,HsDHODH_Druglike,5,2,92.00999999999999,3,11,3,3,0.6470588235294118,0.17647058823529413,0.17647058823529413,0.18181818181818182,0.0,17,2,0,2,2,0,2,0,0
NCC1=C(C(=O)CCOCC2=NN=CN2)C=C(C(=O)O)N1,5/000000171,"InChI=1S/C12H15N5O4/c13-4-9-7(3-8(16-9)12(19)20)10(18)1-2-21-5-11-14-6-15-17-11/h3,6,16H,1-2,4-5,13H2,(H,19,20)(H,14,15,17)",C12H15N5O4,293.11240396000005,0.07929999999999948,4.07,5.86,3.7,0.0,3.495736710393055,1,DRUGLIKE_MAY,HsDHODH_Druglike,6,4,146.98,8,12,4,5,0.5714285714285714,0.19047619047619047,0.23809523809523808,0.3333333333333333,0.0,21,2,0,2,2,0,2,0,0
CCCCOCCC(=O)C1=C(CN)NC(C(=O)O)=C1,5/000000125,"InChI=1S/C13H20N2O4/c1-2-3-5-19-6-4-12(16)9-7-10(13(17)18)15-11(9)8-14/h7,15H,2-6,8,14H2,1H3,(H,17,18)",C13H20N2O4,268.14230712,1.5611,4.07,5.18,2.35,-110.0,2.800412257133985,1,DRUGLIKE_MAY,HsDHODH_Druglike,4,3,105.41000000000001,9,13,4,2,0.6842105263157895,0.21052631578947367,0.10526315789473684,0.5384615384615384,0.0,19,1,0,1,1,0,1,0,0
C=C(C(=O)OCCCF)C1=CNC2=C1N=CC(CN)=N2,28/000000007,"InChI=1S/C13H15FN4O2/c1-8(13(19)20-4-2-3-14)10-7-17-12-11(10)16-6-9(5-15)18-12/h6-7H,1-5,15H2,(H,17,18)",C13H15N4O2F,278.11790394,1.3326,4.07,1.55,20.3,-60.0,3.3115787074793497,1,DRUGLIKE_MAY,HsDHODH_Druglike,5,2,93.89,6,13,2,4,0.65,0.1,0.2,0.3076923076923077,0.0,20,2,0,2,2,0,2,0,0
C=CC1=C(O)N=CC=C1COC(=O)C1=CN=C(C(=O)O)N1,5/000000009,"InChI=1S/C13H11N3O5/c1-2-8-7(3-4-14-11(8)17)6-21-13(20)9-5-15-10(16-9)12(18)19/h2-5H,1,6H2,(H,14,17)(H,15,16)(H,18,19)",C13H11N3O5,289.06987045200003,1.2085,4.07,3.02,3.7,0.0,3.1857507822358837,1,DRUGLIKE_MAY,HsDHODH_Druglike,6,3,125.4,5,13,5,3,0.6190476190476191,0.23809523809523808,0.14285714285714285,0.07692307692307693,0.0,21,2,0,2,2,0,2,0,0
C=CC1=C(C2=NN=C(CO)O2)NC(CCC)=CC1=O,15/000000085,"InChI=1S/C13H15N3O3/c1-3-5-8-6-10(18)9(4-2)12(14-8)13-16-15-11(7-17)19-13/h4,6,17H,2-3,5,7H2,1H3,(H,14,18)",C13H15N3O3,261.11134134,1.5127000000000002,4.07,5.34,23.2,-140.0,3.21739350085398,1,DRUGLIKE_MAY,HsDHODH_Druglike,5,2,92.00999999999999,5,13,3,3,0.6842105263157895,0.15789473684210525,0.15789473684210525,0.3076923076923077,0.0,19,2,0,2,2,0,2,0,0
CC(=O)CCOC(=O)C#CC1=CC(CCNCN)=CC(O)=C1,1/000000084,"InChI=1S/C16H20N2O4/c1-12(19)5-7-22-16(21)3-2-13-8-14(4-6-18-11-17)10-15(20)9-13/h8-10,18,20H,4-7,11,17H2,1H3",C16H20N2O4,304.14230712,0.31430000000000047,4.06,2.82,20.8,-120.0,3.0324191957743984,1,DRUGLIKE_MAY,HsDHODH_Druglike,6,3,101.65,7,16,4,2,0.7272727272727273,0.18181818181818182,0.09090909090909091,0.375,0.0,22,1,0,1,0,0,0,0,0
CCC[C@@H](N)C1=CC=C(CC#CCO)C(O)=C1,25/000000023,"InChI=1S/C14H19NO2/c1-2-5-13(15)12-8-7-11(14(17)10-12)6-3-4-9-16/h7-8,10,13,16-17H,2,5-6,9,15H2,1H3/t13-/m1/s1",C14H19NO2,233.141578848,1.7303000000000004,4.06,-0.09,3.58,-170.0,3.2273657247730076,1,DRUGLIKE_MAY,HsDHODH_Druglike,3,3,66.48,4,14,2,1,0.8235294117647058,0.11764705882352941,0.058823529411764705,0.42857142857142855,0.07142857142857142,17,1,0,1,0,0,0,0,0
C=C(C(=O)O)C1=CC=C(C2=NNC=N2)C(O)=C1,5/000000040,"InChI=1S/C11H9N3O3/c1-6(11(16)17)7-2-3-8(9(15)4-7)10-12-5-13-14-10/h2-5,15H,1H2,(H,16,17)(H,12,13,14)",C11H9N3O3,231.064391148,1.2750999999999997,4.06,0.63,17.9,-120.0,3.262260689860196,1,DRUGLIKE_MAY,HsDHODH_Druglike,4,3,99.1,3,11,3,3,0.6470588235294118,0.17647058823529413,0.17647058823529413,0.0,0.0,17,2,0,2,1,0,1,0,0
CCC1=C(O)N=CC=C1COC(=O)C1=CN=C(C(=O)O)N1,5/000000015,"InChI=1S/C13H13N3O5/c1-2-8-7(3-4-14-11(8)17)6-21-13(20)9-5-15-10(16-9)12(18)19/h3-5H,2,6H2,1H3,(H,14,17)(H,15,16)(H,18,19)",C13H13N3O5,291.08552051600003,1.1279,4.06,3.73,3.7,-20.0,2.991329296824743,1,DRUGLIKE_MAY,HsDHODH_Druglike,6,3,125.4,5,13,5,3,0.6190476190476191,0.23809523809523808,0.14285714285714285,0.23076923076923078,0.0,21,2,0,2,2,0,2,0,0
CCCCC1=CNC(=O)C2=C1C=C(C(=O)CN1C=CCC1)N2,14/000000002,"InChI=1S/C17H21N3O2/c1-2-3-6-12-10-18-17(22)16-13(12)9-14(19-16)15(21)11-20-7-4-5-8-20/h4,7,9-10,19H,2-3,5-6,8,11H2,1H3,(H,18,22)",C17H21N3O2,299.16337691200005,2.6009,4.06,0.9,23.6,-100.0,3.180551928615328,1,DRUGLIKE_MAY,HsDHODH_Druglike,3,2,68.96000000000001,6,17,2,3,0.7727272727272727,0.09090909090909091,0.13636363636363635,0.4117647058823529,0.0,22,3,1,2,3,1,2,0,0
NCC1=CC(=O)C=C(C2=CC(N)=CC=C2)N1,15/000000169,"InChI=1S/C12H13N3O/c13-7-10-5-11(16)6-12(15-10)8-2-1-3-9(14)4-8/h1-6H,7,13-14H2,(H,15,16)",C12H13N3O,215.105862036,1.0828000000000002,4.06,2.25,2.22,-160.0,2.5602223215021773,1,DRUGLIKE_MAY,HsDHODH_Druglike,3,3,84.9,2,12,1,3,0.75,0.0625,0.1875,0.08333333333333333,0.0,16,2,0,2,1,0,1,0,0
O=C(O)C1=CC(=O)C(CO)=C(C2=NN=CO2)N1,15/000000269,"InChI=1S/C9H7N3O5/c13-2-4-6(14)1-5(9(15)16)11-7(4)8-12-10-3-17-8/h1,3,13H,2H2,(H,11,14)(H,15,16)",C9H6N3O5,237.038570324,-0.3846000000000002,4.06,4.36,23.2,-120.0,3.1681245196474297,1,DRUGLIKE_MAY,HsDHODH_Druglike,6,3,129.31,3,9,5,3,0.5294117647058824,0.29411764705882354,0.17647058823529413,0.1111111111111111,0.0,17,2,0,2,2,0,2,0,0
C/C=C/C1=NN=C(C2=CC(CO)=NC=C2CO)O1,10/000000004,"InChI=1S/C12H13N3O3/c1-2-3-11-14-15-12(18-11)10-4-9(7-17)13-5-8(10)6-16/h2-5,16-17H,6-7H2,1H3/b3-2+",C12H13N3O3,247.095691276,1.1493,4.06,1.64,18.2,-160.0,3.1099656522362595,1,DRUGLIKE_MAY,HsDHODH_Druglike,6,2,92.27000000000001,4,12,3,3,0.6666666666666666,0.16666666666666666,0.16666666666666666,0.25,0.0,18,2,0,2,2,0,2,0,0
CCOCCC1=CC(O)=CC(C#CC(=O)OCCNC)=C1,1/000000075,"InChI=1S/C16H21NO4/c1-3-20-8-6-14-10-13(11-15(18)12-14)4-5-16(19)21-9-7-17-2/h10-12,17-18H,3,6-9H2,1-2H3/p+1",C16H22NO4,291.147058152,1.0852999999999997,4.06,0.37,18.4,-130.0,3.570372173235298,1,DRUGLIKE_MAY,HsDHODH_Druglike,5,2,67.79,7,16,4,1,0.7619047619047619,0.19047619047619047,0.047619047619047616,0.4375,0.0,21,1,0,1,0,0,0,0,0
NCC1=CC(C2=NC=NN2)=CC=C1OCC(=O)O,21/000000018,"InChI=1S/C11H12N4O3/c12-4-8-3-7(11-13-6-14-15-11)1-2-9(8)18-5-10(16)17/h1-3,6H,4-5,12H2,(H,16,17)(H,13,14,15)",C11H12N4O3,248.090940244,0.3937999999999997,4.06,5.38,18.3,-120.0,2.396527643186486,1,DRUGLIKE_MAY,HsDHODH_Druglike,5,3,114.12000000000002,5,11,3,4,0.6111111111111112,0.16666666666666666,0.2222222222222222,0.18181818181818182,0.0,18,2,0,2,1,0,1,0,0
CC1=CC(O)=CC(C#CC(=O)O[C@H]2CN=C(CO)C2)=C1,1/000000163,"InChI=1S/C15H15NO4/c1-10-4-11(6-13(18)5-10)2-3-15(19)20-14-7-12(9-17)16-8-14/h4-6,14,17-18H,7-9H2,1H3/t14-/m1/s1",C15H15NO4,273.10010796,0.8009200000000001,4.06,5.22,19.8,-170.0,3.966931503673433,1,DRUGLIKE_MAY,HsDHODH_Druglike,5,2,79.12,2,15,4,1,0.75,0.2,0.05,0.3333333333333333,0.06666666666666667,20,2,1,1,1,1,0,0,0
C=C(C1=NNC(CC(=O)O)=N1)[C@H](Cl)C1=NC=C(O)C=C1Br,20/000000001,"InChI=1S/C12H10BrClN4O3/c1-5(12-16-8(17-18-12)3-9(20)21)10(14)11-7(13)2-6(19)4-15-11/h2,4,10,19H,1,3H2,(H,20,21)(H,16,17,18)/t10-/m0/s1",C12H10N4O3ClBr,371.96247995999994,2.2882,4.05,8.36,23.1,-150.0,3.960077865440596,1,DRUGLIKE_MAY,HsDHODH_Druglike,5,3,111.99000000000001,5,12,3,4,0.5714285714285714,0.14285714285714285,0.19047619047619047,0.16666666666666666,0.08333333333333333,21,2,0,2,2,0,2,0,0
O=C(O)C1=CC(CBr)=C(C(=O)O)O1,5/000000003,"InChI=1S/C7H5BrO5/c8-2-3-1-4(6(9)10)13-5(3)7(11)12/h1H,2H2,(H,9,10)(H,11,12)",C7H5O5Br,247.93203536000001,1.5709000000000002,4.05,4.86,15.9,0.0,2.762228437791631,1,DRUGLIKE_MAY,HsDHODH_Druglike,3,2,87.74,3,7,5,0,0.5384615384615384,0.38461538461538464,0.0,0.14285714285714285,0.0,13,1,0,1,1,0,1,0,0
O=C(O)C1=CC([C@H](O)Br)=C(CO)N1,5/000000163,"InChI=1S/C7H8BrNO4/c8-6(11)3-1-4(7(12)13)9-5(3)2-10/h1,6,9-11H,2H2,(H,12,13)/t6-/m0/s1",C7H8NO4Br,248.963669836,0.5910000000000001,4.05,4.73,15.1,-150.0,3.888919291516419,1,DRUGLIKE_MAY,HsDHODH_Druglike,3,4,93.55000000000001,3,7,4,1,0.5384615384615384,0.3076923076923077,0.07692307692307693,0.2857142857142857,0.14285714285714285,13,1,0,1,1,0,1,0,0
O=C1NC(=O)C2=C1C=C(C(F)F)C=C2O,6/000000014,"InChI=1S/C9H5F2NO3/c10-7(11)3-1-4-6(5(13)2-3)9(15)12-8(4)14/h1-2,7,13H,(H,12,14,15)",C9H5NO3F2,213.02374946,1.2134,4.05,3.01,2.22,-190.0,2.775903888034687,1,DRUGLIKE_MAY,HsDHODH_Druglike,3,2,66.4,1,9,3,1,0.6,0.2,0.06666666666666667,0.1111111111111111,0.0,15,2,1,1,1,1,0,0,0
C#CCOC1=CC=C(C2=NC=NN2)C=C1CN,21/000000002,"InChI=1S/C12H12N4O/c1-2-5-17-11-4-3-9(6-10(11)7-13)12-14-8-15-16-12/h1,3-4,6,8H,5,7,13H2,(H,14,15,16)",C12H12N4O,228.101111004,0.9423999999999999,4.05,4.62,18.3,-120.0,2.699474117162378,1,DRUGLIKE_MAY,HsDHODH_Druglike,4,2,76.82000000000001,4,12,1,4,0.7058823529411765,0.058823529411764705,0.23529411764705882,0.16666666666666666,0.0,17,2,0,2,1,0,1,0,0
O=C(CC1=C(C(=O)O)C=CC(C(=O)O)=C1)NCCF,5/000000058,"InChI=1S/C12H12FNO5/c13-3-4-14-10(15)6-8-5-7(11(16)17)1-2-9(8)12(18)19/h1-2,5H,3-4,6H2,(H,14,15)(H,16,17)(H,18,19)",C12H11NO5F,269.069950704,0.7112,4.05,7.52,2.22,0.0,2.1664317489543823,1,DRUGLIKE_MAY,HsDHODH_Druglike,3,3,103.7,6,12,5,1,0.631578947368421,0.2631578947368421,0.05263157894736842,0.25,0.0,19,1,0,1,0,0,0,0,0
CCC1=CC(CNCCO)=CC=N1,3/000000001,"InChI=1S/C10H16N2O/c1-2-10-7-9(3-4-12-10)8-11-5-6-13/h3-4,7,11,13H,2,5-6,8H2,1H3",C10H16N2O,180.126263132,0.7258999999999998,4.05,3.56,2.22,-20.0,2.117510020279097,1,DRUGLIKE_MAY,HsDHODH_Druglike,3,2,45.15,5,10,1,2,0.7692307692307693,0.07692307692307693,0.15384615384615385,0.5,0.0,13,1,0,1,1,0,1,0,0
NCC1=CN=C(C#C[C@H](CCl)C(=O)O)C=C1I,18/000000012,"InChI=1S/C11H10ClIN2O2/c12-4-7(11(16)17)1-2-9-3-10(13)8(5-14)6-15-9/h3,6-7H,4-5,14H2,(H,16,17)/p+1/t7-/m1/s1",C11H11N2O2ClI,363.94755324,1.4360000000000002,4.05,4.76,17.6,-150.0,4.5917044353686105,1,DRUGLIKE_MAY,HsDHODH_Druglike,3,2,76.21,3,11,2,2,0.6470588235294118,0.11764705882352941,0.11764705882352941,0.2727272727272727,0.09090909090909091,17,1,0,1,1,0,1,0,0
CCC1=NN=C(C2=CC(/C=C/CCNC)=NC=C2CO)O1,10/000000009,"InChI=1S/C15H20N4O2/c1-3-14-18-19-15(21-14)13-8-12(6-4-5-7-16-2)17-9-11(13)10-20/h4,6,8-9,16,20H,3,5,7,10H2,1-2H3/p+1/b6-4+",C15H21N4O2,288.15862588,1.8089999999999997,4.04,2.05,20.2,-200.0,3.730409774278323,1,DRUGLIKE_MAY,HsDHODH_Druglike,6,2,84.07000000000001,7,15,2,4,0.7142857142857143,0.09523809523809523,0.19047619047619047,0.4,0.0,21,2,0,2,2,0,2,0,0
COCC1=CC(O)=CC(C#CC(=O)O[C@H]2CN=C(CO)C2)=C1,1/000000127,"InChI=1S/C16H17NO5/c1-21-10-12-4-11(5-14(19)6-12)2-3-16(20)22-15-7-13(9-18)17-8-15/h4-6,15,18-19H,7-10H2,1H3/t15-/m1/s1",C16H17NO5,303.11067264400003,0.6389,4.04,4.88,21.6,-170.0,3.911627172522989,1,DRUGLIKE_MAY,HsDHODH_Druglike,6,2,88.35000000000001,4,16,5,1,0.7272727272727273,0.22727272727272727,0.045454545454545456,0.375,0.0625,22,2,1,1,1,1,0,0,0
NCC1=CC(C2=CC(=O)C=C(CCF)N2)=CC=C1,15/000000055,"InChI=1S/C14H15FN2O/c15-5-4-12-7-13(18)8-14(17-12)11-3-1-2-10(6-11)9-16/h1-3,6-8H,4-5,9,16H2,(H,17,18)",C14H15N2OF,246.11684132,2.0126,4.04,5.23,2.22,-160.0,2.677696873955716,1,DRUGLIKE_MAY,HsDHODH_Druglike,2,2,58.88,4,14,1,2,0.7777777777777778,0.05555555555555555,0.1111111111111111,0.21428571428571427,0.0,18,2,0,2,1,0,1,0,0
CCCC(=O)C1=CC(C(=O)N[C@H](/C=C/CO)CN)=CC=C1,27/000000092,"InChI=1S/C16H22N2O3/c1-2-5-15(20)12-6-3-7-13(10-12)16(21)18-14(11-17)8-4-9-19/h3-4,6-8,10,14,19H,2,5,9,11,17H2,1H3,(H,18,21)/b8-4+/t14-/m1/s1",C16H22N2O3,290.163042564,1.275,4.04,4.66,5.09,-200.0,3.020755709919168,1,DRUGLIKE_MAY,HsDHODH_Druglike,4,3,92.42,8,16,3,2,0.7619047619047619,0.14285714285714285,0.09523809523809523,0.375,0.0625,21,1,0,1,0,0,0,0,0
C/C(=C\C1=NNC=C1)CC(=O)C1=C(CN)NC(C(=O)O)=C1,5/000000092,"InChI=1S/C14H16N4O3/c1-8(4-9-2-3-16-18-9)5-13(19)10-6-11(14(20)21)17-12(10)7-15/h2-4,6,17H,5,7,15H2,1H3,(H,16,18)(H,20,21)/b8-4+",C14H16N4O3,288.12224037199996,1.5710000000000002,4.04,4.78,3.7,-20.0,3.712274654914928,1,DRUGLIKE_MAY,HsDHODH_Druglike,4,4,124.86,6,14,3,4,0.6666666666666666,0.14285714285714285,0.19047619047619047,0.21428571428571427,0.0,21,2,0,2,2,0,2,0,0
OCC1=C(OC2=CC=CC=C2)C=CC(C2=NC=NN2)=C1,21/000000010,"InChI=1S/C15H13N3O2/c19-9-12-8-11(15-16-10-17-18-15)6-7-14(12)20-13-4-2-1-3-5-13/h1-8,10,19H,9H2,(H,16,17,18)",C15H13N3O2,267.100776656,2.7563000000000004,4.04,6.48,16.3,-120.0,2.165310319511386,1,DRUGLIKE_MAY,HsDHODH_Druglike,4,2,71.03,4,15,2,3,0.75,0.1,0.15,0.06666666666666667,0.0,20,3,0,3,1,0,1,0,0
CC[C@H](Br)COC(=O)C#CC1=CC(O)=CC=C1N,1/000000143,"InChI=1S/C13H14BrNO3/c1-2-10(14)8-18-13(17)6-3-9-7-11(16)4-5-12(9)15/h4-5,7,10,16H,2,8,15H2,1H3/t10-/m0/s1",C13H14NO3Br,311.01570540800003,2.0425999999999997,4.04,6.46,17.1,-170.0,3.5650239914167683,1,DRUGLIKE_MAY,HsDHODH_Druglike,4,2,72.55,3,13,3,1,0.7222222222222222,0.16666666666666666,0.05555555555555555,0.3076923076923077,0.07692307692307693,18,1,0,1,0,0,0,0,0
O=C(O)C1=CN(CCl)C(C(=O)CO)=C1,5/000000044,"InChI=1S/C8H8ClNO4/c9-4-10-2-5(8(13)14)1-6(10)7(12)3-11/h1-2,11H,3-4H2,(H,13,14)",C8H8NO4Cl,217.014185416,0.5575999999999999,4.04,5.9,2.35,0.0,2.9928760118875637,1,DRUGLIKE_MAY,HsDHODH_Druglike,4,2,79.53,4,8,4,1,0.5714285714285714,0.2857142857142857,0.07142857142857142,0.25,0.0,14,1,0,1,1,0,1,0,0
O=C(O)C1=CC2=C(N1)C(=O)NC=C2C#CCC[C@@H]1CN1,14/000000029,"InChI=1S/C14H13N3O3/c18-13-12-10(5-11(17-12)14(19)20)8(6-16-13)3-1-2-4-9-7-15-9/h5-6,9,15,17H,2,4,7H2,(H,16,18)(H,19,20)/t9-/m1/s1",C14H13N3O3,271.095691276,0.6578999999999999,4.04,6.59,24.8,-190.0,3.800092767409698,1,DRUGLIKE_MAY,HsDHODH_Druglike,3,4,107.88999999999999,3,14,3,3,0.7,0.15,0.15,0.2857142857142857,0.07142857142857142,20,3,1,2,3,1,2,0,0
O=C(O)C1=C(C#CC[C@H](CO)C2=NON=C2)ON=C1,29/000000007,"InChI=1S/C11H9N3O5/c15-6-7(9-5-13-19-14-9)2-1-3-10-8(11(16)17)4-12-18-10/h4-5,7,15H,2,6H2,(H,16,17)/t7-/m1/s1",C11H9N3O5,263.05422038800003,0.27349999999999997,4.04,5.18,3.85,-150.0,4.452793040084902,1,DRUGLIKE_MAY,HsDHODH_Druglike,7,2,122.48,4,11,5,3,0.5789473684210527,0.2631578947368421,0.15789473684210525,0.2727272727272727,0.09090909090909091,19,2,0,2,2,0,2,0,0
C=CCC1=C(C(=O)O)C=C([C@@H](F)C(=O)O)N1,19/000000005,"InChI=1S/C10H10FNO4/c1-2-3-6-5(9(13)14)4-7(12-6)8(11)10(15)16/h2,4,8,12H,1,3H2,(H,13,14)(H,15,16)/t8-/m1/s1",C10H10NO4F,227.05938602,1.5366,4.04,5.79,2.22,-150.0,3.814463634179779,1,DRUGLIKE_MAY,HsDHODH_Druglike,2,3,90.38999999999999,5,10,4,1,0.625,0.25,0.0625,0.2,0.1,16,1,0,1,1,0,1,0,0
O=C1C=C(C2=CC=C(CCI)C=C2)NC=C1/C=C/CNCO,15/000000166,"InChI=1S/C17H19IN2O2/c18-8-7-13-3-5-14(6-4-13)16-10-17(22)15(11-20-16)2-1-9-19-12-21/h1-6,10-11,19,21H,7-9,12H2,(H,20,22)/b2-1+",C17H19N2O2I,410.049125848,2.5720000000000005,4.04,3.89,5.09,-200.0,3.1304991813625813,1,DRUGLIKE_MAY,HsDHODH_Druglike,3,3,65.12,7,17,2,2,0.7727272727272727,0.09090909090909091,0.09090909090909091,0.23529411764705882,0.0,22,2,0,2,1,0,1,0,0
C=CNCC1=C(C(=O)O)C=C(C(=O)CBr)O1,5/000000034,"InChI=1S/C10H10BrNO4/c1-2-12-5-9-6(10(14)15)3-8(16-9)7(13)4-11/h2-3,12H,1,4-5H2,(H,14,15)",C10H10NO4Br,286.97931989999995,1.7885000000000002,4.03,6.82,3.72,0.0,3.435631122933306,1,DRUGLIKE_MAY,HsDHODH_Druglike,4,2,79.54,6,10,4,1,0.625,0.25,0.0625,0.2,0.0,16,1,0,1,1,0,1,0,0
CNCC1=CC(O)=CC(C#CC(=O)O[C@H]2CN=C(CO)C2)=C1,1/000000077,"InChI=1S/C16H18N2O4/c1-17-8-12-4-11(5-14(20)6-12)2-3-16(21)22-15-7-13(10-19)18-9-15/h4-6,15,17,19-20H,7-10H2,1H3/t15-/m1/s1",C16H18N2O4,302.126657056,0.2118999999999996,4.03,3.85,21.8,-170.0,3.937899132820755,1,DRUGLIKE_MAY,HsDHODH_Druglike,6,3,91.15,4,16,4,2,0.7272727272727273,0.18181818181818182,0.09090909090909091,0.375,0.0625,22,2,1,1,1,1,0,0,0
CC(=O)COC1=CC=C(C2=NC=NN2)C=C1CN,21/000000008,"InChI=1S/C12H14N4O2/c1-8(17)6-18-11-3-2-9(4-10(11)5-13)12-14-7-15-16-12/h2-4,7H,5-6,13H2,1H3,(H,14,15,16)",C12H14N4O2,246.111675688,0.8982000000000001,4.03,5.36,17.7,-140.0,2.497067009702322,1,DRUGLIKE_MAY,HsDHODH_Druglike,5,2,93.89,5,12,2,4,0.6666666666666666,0.1111111111111111,0.2222222222222222,0.25,0.0,18,2,0,2,1,0,1,0,0
NC/C=C/C1=C(C2=CC=CC(CC(=O)O)=N2)NC=N1,13/000000019,"InChI=1S/C13H14N4O2/c14-6-2-5-10-13(16-8-15-10)11-4-1-3-9(17-11)7-12(18)19/h1-5,8H,6-7,14H2,(H,15,16)(H,18,19)/b5-2+",C13H14N4O2,258.111675688,1.0707,4.03,2.81,18.5,-180.0,3.0509668922424664,1,DRUGLIKE_MAY,HsDHODH_Druglike,4,3,104.89,5,13,2,4,0.6842105263157895,0.10526315789473684,0.21052631578947367,0.15384615384615385,0.0,19,2,0,2,2,0,2,0,0
NCC1=NC(=O)C=C(CC[C@H](CO)CC2=NON=C2)N1,25/000000016,"InChI=1S/C12H17N5O3/c13-5-11-15-9(4-12(19)16-11)2-1-8(7-18)3-10-6-14-20-17-10/h4,6,8,18H,1-3,5,7,13H2,(H,15,16,19)/t8-/m0/s1",C12H17N5O3,279.133139404,-0.6046,4.03,4.37,3.72,-150.0,3.959702267120514,1,DRUGLIKE_MAY,HsDHODH_Druglike,7,3,130.92,7,12,3,5,0.6,0.15,0.25,0.5,0.08333333333333333,20,2,0,2,2,0,2,0,0
CC1=CC(C/C=C/CC2=NC3=C(C=C2)OC(C(=O)O)=N3)=CN1,2/000000011,"InChI=1S/C16H15N3O3/c1-10-8-11(9-17-10)4-2-3-5-12-6-7-13-14(18-12)19-15(22-13)16(20)21/h2-3,6-9,17H,4-5H2,1H3,(H,20,21)/b3-2+",C16H14N3O3,297.1113413400001,2.8989200000000004,4.03,-0.08,22.4,-100.0,3.4081914890548894,1,DRUGLIKE_MAY,HsDHODH_Druglike,4,2,92.00999999999999,5,16,3,3,0.7272727272727273,0.13636363636363635,0.13636363636363635,0.1875,0.0,22,3,0,3,3,0,3,0,0
C=CC(=O)NC1=CC2=C(C(=O)NC2=O)C(O)=C1,6/000000017,"InChI=1S/C11H8N2O4/c1-2-8(15)12-5-3-6-9(7(14)4-5)11(17)13-10(6)16/h2-4,14H,1H2,(H,12,15)(H,13,16,17)",C11H8N2O4,232.048406736,0.40029999999999993,4.03,2.8,2.22,-40.0,2.6396622340144695,1,DRUGLIKE_MAY,HsDHODH_Druglike,4,3,95.50000000000001,2,11,4,2,0.6470588235294118,0.23529411764705882,0.11764705882352941,0.0,0.0,17,2,1,1,1,1,0,0,0
N[C@@H](C1=CC=CC=C1)C1=C(/C=C/C(=O)O)C(=O)C1=O,7/000000005,"InChI=1S/C14H11NO4/c15-12(8-4-2-1-3-5-8)11-9(6-7-10(16)17)13(18)14(11)19/h1-7,12H,15H2,(H,16,17)/b7-6+/t12-/m0/s1",C14H11NO4,257.068807832,0.42850000000000027,4.03,4.72,18.8,-150.0,2.938436038112515,1,DRUGLIKE_MAY,HsDHODH_Druglike,4,2,97.46000000000001,4,14,4,1,0.7368421052631579,0.21052631578947367,0.05263157894736842,0.07142857142857142,0.07142857142857142,19,2,0,2,0,0,0,0,0
CCC/C(C)=C/C1=CNC(=O)C2=C1C=C(C(=O)O)N2,14/000000021,"InChI=1S/C14H16N2O3/c1-3-4-8(2)5-9-7-15-13(17)12-10(9)6-11(16-12)14(18)19/h5-7,16H,3-4H2,1-2H3,(H,15,17)(H,18,19)/b8-5+",C14H16N2O3,260.116092372,2.7577999999999996,4.03,5.89,21.2,-120.0,2.9533882926369426,1,DRUGLIKE_MAY,HsDHODH_Druglike,2,3,85.94999999999999,4,14,3,2,0.7368421052631579,0.15789473684210525,0.10526315789473684,0.2857142857142857,0.0,19,2,0,2,2,0,2,0,0
O=C(O)C1=CC2=C(N1)C(=O)NC=C2CC[C@@H]1COC=CO1,14/000000027,"InChI=1S/C14H14N2O5/c17-13-12-10(5-11(16-12)14(18)19)8(6-15-13)1-2-9-7-20-3-4-21-9/h3-6,9,16H,1-2,7H2,(H,15,17)(H,18,19)/t9-/m1/s1",C14H14N2O5,290.090271548,1.3736,4.03,5.15,24.0,-190.0,3.873382845197682,1,DRUGLIKE_MAY,HsDHODH_Druglike,4,3,104.41,4,14,5,2,0.6666666666666666,0.23809523809523808,0.09523809523809523,0.2857142857142857,0.07142857142857142,21,3,1,2,3,1,2,0,0
NCC1=C(C(=O)CBr)C=C(C(=O)O)N1,5/000000063,"InChI=1S/C8H9BrN2O3/c9-2-7(12)4-1-5(8(13)14)11-6(4)3-10/h1,11H,2-3,10H2,(H,13,14)",C8H9N2O3Br,259.97965424800003,0.7491999999999999,4.03,3.6,2.35,0.0,3.1429421241536764,1,DRUGLIKE_MAY,HsDHODH_Druglike,3,3,96.18,4,8,3,2,0.5714285714285714,0.21428571428571427,0.14285714285714285,0.25,0.0,14,1,0,1,1,0,1,0,0
O=C(CBr)C1=CC(C(=O)O)=C(CO)O1,5/000000033,"InChI=1S/C8H7BrO5/c9-2-5(11)6-1-4(8(12)13)7(3-10)14-6/h1,10H,2-3H2,(H,12,13)",C8H7O5Br,261.94768542400004,1.0477,4.02,5.85,2.35,0.0,3.026091812303365,1,DRUGLIKE_MAY,HsDHODH_Druglike,4,2,87.74000000000001,4,8,5,0,0.5714285714285714,0.35714285714285715,0.0,0.25,0.0,14,1,0,1,1,0,1,0,0
NCC1=CC=CC(I)=C1C1=NN(C(=O)CC(=O)O)CO1,7/000000001,"InChI=1S/C12H12IN3O4/c13-8-3-1-2-7(5-14)11(8)12-15-16(6-20-12)9(17)4-10(18)19/h1-3H,4-6,14H2,(H,18,19)",C12H12N3O4I,388.9872538639999,0.7025000000000001,4.02,4.32,20.7,-160.0,3.3636433478389893,1,DRUGLIKE_MAY,HsDHODH_Druglike,5,2,105.22,4,12,4,3,0.6,0.2,0.15,0.25,0.0,20,2,1,1,1,1,0,0,0
O=C(O)[C@@H](C1=CCON1)C1=CC(O)=CC(=O)O1,2/000000006,"InChI=1S/C10H9NO6/c12-5-3-7(17-8(13)4-5)9(10(14)15)6-1-2-16-11-6/h1,3-4,9,11-12H,2H2,(H,14,15)/t9-/m0/s1",C10H8NO6,239.042987008,-0.06769999999999998,4.02,8.75,3.33,-150.0,4.177029227228,1,DRUGLIKE_MAY,HsDHODH_Druglike,6,3,109.00000000000001,3,10,6,1,0.5882352941176471,0.35294117647058826,0.058823529411764705,0.2,0.1,17,2,1,1,2,1,1,0,0
O=C1NC(=O)C2=C1C=C(I)C=C2O,6/000000009,"InChI=1S/C8H4INO3/c9-3-1-4-6(5(11)2-3)8(13)10-7(4)12/h1-2,11H,(H,10,12,13)",C8H4NO3I,288.92359098799994,0.8804000000000001,4.02,2.41,2.22,-40.0,2.799581288470364,1,DRUGLIKE_MAY,HsDHODH_Druglike,3,2,66.4,0,8,3,1,0.6153846153846154,0.23076923076923078,0.07692307692307693,0.0,0.0,13,2,1,1,1,1,0,0,0
NC(=O)NC1=C(C#CC(=O)O[C@H]2COC2=O)C=CC=C1O,1/000000002,"InChI=1S/C13H10N2O6/c14-13(19)15-11-7(2-1-3-8(11)16)4-5-10(17)21-9-6-20-12(9)18/h1-3,9,16H,6H2,(H3,14,15,19)/t9-/m0/s1",C13H10N2O6,290.05388603999995,-0.2971000000000003,4.02,7.3,22.8,-150.0,3.644279052094234,1,DRUGLIKE_MAY,HsDHODH_Druglike,6,3,127.95,2,13,6,2,0.6190476190476191,0.2857142857142857,0.09523809523809523,0.15384615384615385,0.07692307692307693,21,2,1,1,1,1,0,0,0
CCC1=CC=C(C2=C(CCO)C(=O)C=CN2)C=C1,15/000000229,"InChI=1S/C15H17NO2/c1-2-11-3-5-12(6-4-11)15-13(8-10-17)14(18)7-9-16-15/h3-7,9,17H,2,8,10H2,1H3,(H,16,18)",C15H17NO2,243.125928784,2.1391,4.02,7.33,2.22,-180.0,2.422713163548476,1,DRUGLIKE_MAY,HsDHODH_Druglike,2,2,53.089999999999996,4,15,2,1,0.8333333333333334,0.1111111111111111,0.05555555555555555,0.26666666666666666,0.0,18,2,0,2,1,0,1,0,0
O=C(O)[C@H](C#CC1=NC=CC(I)=C1O)CO,18/000000014,"InChI=1S/C10H8INO4/c11-7-3-4-12-8(9(7)14)2-1-6(5-13)10(15)16/h3-4,6,13-14H,5H2,(H,15,16)/t6-/m1/s1",C10H8NO4I,332.9498057359999,0.4364000000000002,4.01,4.52,16.3,-150.0,3.919853335176456,1,DRUGLIKE_MAY,HsDHODH_Druglike,4,3,90.65,2,10,4,1,0.625,0.25,0.0625,0.2,0.1,16,1,0,1,1,0,1,0,0
C=CC1=CC=C(O)C(C(=O)CC2=CC=C[C@@H]2CO)=C1,22/000000001,"InChI=1S/C16H16O3/c1-2-11-6-7-15(18)14(8-11)16(19)9-12-4-3-5-13(12)10-17/h2-8,13,17-18H,1,9-10H2/t13-/m1/s1",C16H16O3,256.10994437200003,2.7127000000000017,4.01,4.8,5.09,-150.0,3.607718923007011,1,DRUGLIKE_MAY,HsDHODH_Druglike,3,2,57.53,5,16,3,0,0.8421052631578947,0.15789473684210525,0.0,0.1875,0.0625,19,2,1,1,0,0,0,0,0
O=C1C=C[C@@H](COC(=O)/C=C/C2=NNC=C2Cl)N1,26/000000001,"InChI=1S/C11H10ClN3O3/c12-8-5-13-15-9(8)2-4-11(17)18-6-7-1-3-10(16)14-7/h1-5,7H,6H2,(H,13,15)(H,14,16)/b4-2+/t7-/m0/s1",C11H10N3O3Cl,267.04106886,0.6740999999999998,4.01,3.46,3.58,-150.0,4.220064198268739,1,DRUGLIKE_MAY,HsDHODH_Druglike,4,2,84.08000000000001,4,11,3,3,0.6111111111111112,0.16666666666666666,0.16666666666666666,0.18181818181818182,0.09090909090909091,18,2,1,1,2,1,1,0,0
C[C@H](CF)C1=C(C(=O)O)NC(C(=O)O)=C1,5/000000041,"InChI=1S/C9H10FNO4/c1-4(3-10)5-2-6(8(12)13)11-7(5)9(14)15/h2,4,11H,3H2,1H3,(H,12,13)(H,14,15)/t4-/m1/s1",C9H9NO4F,215.05938602,1.4841,4.01,6.13,18.3,-170.0,3.557610154220317,1,DRUGLIKE_MAY,HsDHODH_Druglike,2,3,90.39,4,9,4,1,0.6,0.26666666666666666,0.06666666666666667,0.3333333333333333,0.1111111111111111,15,1,0,1,1,0,1,0,0
CC1=CC2=C(C=C1COC1=C(O)C=C(Cl)C=N1)C(=O)NC2=O,6/000000005,"InChI=1S/C15H11ClN2O4/c1-7-2-10-11(14(21)18-13(10)20)3-8(7)6-22-15-12(19)4-9(16)5-17-15/h2-5,19H,6H2,1H3,(H,18,20,21)",C15H11N2O4Cl,318.04073451200003,2.21162,4.01,5.05,2.35,-60.0,2.710337228561285,1,DRUGLIKE_MAY,HsDHODH_Druglike,5,2,88.52000000000001,3,15,4,2,0.6818181818181818,0.18181818181818182,0.09090909090909091,0.13333333333333333,0.0,22,3,1,2,2,1,1,0,0
C=CCCC1=CC(=O)C=C(C2=NN=C(C(=O)O)O2)N1,15/000000082,"InChI=1S/C12H11N3O4/c1-2-3-4-7-5-8(16)6-9(13-7)10-14-15-11(19-10)12(17)18/h2,5-6H,1,3-4H2,(H,13,16)(H,17,18)",C12H11N3O4,261.074955832,1.2416999999999998,4.0,3.4,24.8,-120.0,3.2243113528133422,1,DRUGLIKE_MAY,HsDHODH_Druglike,5,2,109.08000000000001,5,12,4,3,0.631578947368421,0.21052631578947367,0.15789473684210525,0.16666666666666666,0.0,19,2,0,2,2,0,2,0,0
C=C(C(=O)OCCF)C1=CNC2=C1N=CC(CN)=N2,28/000000005,"InChI=1S/C12H13FN4O2/c1-7(12(18)19-3-2-13)9-6-16-11-10(9)15-5-8(4-14)17-11/h5-6H,1-4,14H2,(H,16,17)",C12H13N4O2F,264.102253876,0.9424999999999999,4.0,1.03,19.7,-60.0,3.3660123687785086,1,DRUGLIKE_MAY,HsDHODH_Druglike,5,2,93.89,5,12,2,4,0.631578947368421,0.10526315789473684,0.21052631578947367,0.25,0.0,19,2,0,2,2,0,2,0,0
N[C@@H](C(=O)O)C1=CC=CC(O)=C1,10/000000010,"InChI=1S/C8H9NO3/c9-7(8(11)12)5-2-1-3-6(10)4-5/h1-4,7,10H,9H2,(H,11,12)/t7-/m1/s1",C8H9NO3,167.058243148,0.47659999999999997,4.0,2.32,1.0,-150.0,2.4495431900195044,1,DRUGLIKE_MAY,HsDHODH_Druglike,3,3,83.55000000000001,2,8,3,1,0.6666666666666666,0.25,0.08333333333333333,0.125,0.125,12,1,0,1,0,0,0,0,0
CCCOCC(=O)C1=C(CN)NC(C(=O)O)=C1,5/000000101,"InChI=1S/C11H16N2O4/c1-2-3-17-6-10(14)7-4-8(11(15)16)13-9(7)5-12/h4,13H,2-3,5-6,12H2,1H3,(H,15,16)",C11H16N2O4,240.111006992,0.7809000000000003,4.0,4.3,2.35,-20.0,2.8614475182954067,1,DRUGLIKE_MAY,HsDHODH_Druglike,4,3,105.41000000000001,7,11,4,2,0.6470588235294118,0.23529411764705882,0.11764705882352941,0.45454545454545453,0.0,17,1,0,1,1,0,1,0,0
CCCNCCOC(=O)C#CC1=CC(O)=CC=C1[C@H](N)O,1/000000186,"InChI=1S/C15H20N2O4/c1-2-7-17-8-9-21-14(19)6-3-11-10-12(18)4-5-13(11)15(16)20/h4-5,10,15,17-18,20H,2,7-9,16H2,1H3/p+1/t15-/m1/s1",C15H21N2O4,292.14230712,0.23610000000000003,4.0,4.45,19.2,-200.0,4.513760219202987,1,DRUGLIKE_MAY,HsDHODH_Druglike,6,4,104.81,6,15,4,2,0.7142857142857143,0.19047619047619047,0.09523809523809523,0.4,0.06666666666666667,21,1,0,1,0,0,0,0,0
NCC1=C[C@H](/C=C/C2=NOC=C2C(=O)O)C1,29/000000008,"InChI=1S/C11H12N2O3/c12-5-8-3-7(4-8)1-2-10-9(11(14)15)6-16-13-10/h1-3,6-7H,4-5,12H2,(H,14,15)/b2-1+/t7-/m0/s1",C11H12N2O3,220.084792244,1.2910000000000001,4.0,5.79,2.22,-150.0,4.1882900078061525,1,DRUGLIKE_MAY,HsDHODH_Druglike,4,2,89.35000000000001,4,11,3,2,0.6875,0.1875,0.125,0.2727272727272727,0.09090909090909091,16,2,1,1,1,0,1,0,0
O=C1C=C(COCCO)NC(C2=CC(CO)=CC=C2)=C1,15/000000163,"InChI=1S/C15H17NO4/c17-4-5-20-10-13-7-14(19)8-15(16-13)12-3-1-2-11(6-12)9-18/h1-3,6-8,17-18H,4-5,9-10H2,(H,16,19)",C15H17NO4,275.115758024,1.0431000000000001,4.0,4.2,5.09,-180.0,2.5699927184683613,1,DRUGLIKE_MAY,HsDHODH_Druglike,4,3,82.55,6,15,4,1,0.75,0.2,0.05,0.26666666666666666,0.0,20,2,0,2,1,0,1,0,0
O=C(O)C1=CC(CC#CC[C@H](NCCl)C2=NN=CN2)=CN1,5/000000118,"InChI=1S/C13H14ClN5O2/c14-7-16-10(12-17-8-18-19-12)4-2-1-3-9-5-11(13(20)21)15-6-9/h5-6,8,10,15-16H,3-4,7H2,(H,20,21)(H,17,18,19)/t10-/m0/s1",C13H14N5O2Cl,307.083602368,1.2941999999999998,4.0,3.52,7.03,-150.0,4.37541438365922,1,DRUGLIKE_MAY,HsDHODH_Druglike,4,4,106.69,6,13,2,5,0.6190476190476191,0.09523809523809523,0.23809523809523808,0.3076923076923077,0.07692307692307693,21,2,0,2,2,0,2,0,0
CCOC(=O)/C=C/C1=C(C(=O)O)C(O)=NO1,7/000000002,"InChI=1S/C9H9NO6/c1-2-15-6(11)4-3-5-7(9(13)14)8(12)10-16-5/h3-4H,2H2,1H3,(H,10,12)(H,13,14)/b4-3+",C9H8NO6,227.042987008,0.6547000000000001,4.0,4.28,2.35,-20.0,2.907699817029906,1,DRUGLIKE_MAY,HsDHODH_Druglike,6,2,109.86000000000001,4,9,6,1,0.5625,0.375,0.0625,0.2222222222222222,0.0,16,1,0,1,1,0,1,0,0
C#CC1=C(O)N=CC=C1COC(=O)C1=CN=C(C(=O)O)N1,5/000000004,"InChI=1S/C13H9N3O5/c1-2-8-7(3-4-14-11(8)17)6-21-13(20)9-5-15-10(16-9)12(18)19/h1,3-5H,6H2,(H,14,17)(H,15,16)(H,18,19)",C13H9N3O5,287.05422038800003,0.5468,4.0,2.22,3.7,0.0,3.2498537000077654,1,DRUGLIKE_MAY,HsDHODH_Druglike,6,3,125.4,4,13,5,3,0.6190476190476191,0.23809523809523808,0.14285714285714285,0.07692307692307693,0.0,21,2,0,2,2,0,2,0,0
