SMILES,Name,InChI,Formula,MW,LogP,pKd,Structure,Synthesize,Chemical,SA_Score,SA_Score_Binary,Dataset,Database,HBA,HBD,TPSA,RotBonds,NumCarbons,NumOxygens,NumNitrogens,FractionCarbons,FractionOxygens,FractionNitrogens,CSP3,ChiralCarbonFraction,HeavyAtoms,NumRings,AliphaticRings,AromaticRings,Heterocycles,AliphaticHeterocycles,AromaticHeterocycles,SpiroAtoms,BridgeheadAtoms
C[C@H](CN)CC#CC1=CC(C(=O)CO)=CC(N=O)=C1Br,12/000000691,"InChI=1S/C14H15BrN2O3/c1-9(7-16)3-2-4-10-5-11(13(19)8-18)6-12(17-20)14(10)15/h5-6,9,18H,3,7-8,16H2,1H3/p+1/t9-/m0/s1",C14H16N2O3Br,338.02660444,2.3584000000000005,6.1,5.24,20.7,-170.0,4.386506045797975,1,HIGHDIVERSITY_CONCAT,HsDHODH_HighDiv,5,2,92.75,5,14,3,2,0.7,0.15,0.1,0.35714285714285715,0.07142857142857142,20,1,0,1,0,0,0,0,0
O=NC(=O)C1=CC=C(Br)C(C[C@@H](Cl)C2=NN(CS)C(=S)N2)=C1,12/000000358,"InChI=1S/C12H10BrClN4O2S2/c13-8-2-1-6(11(19)17-20)3-7(8)4-9(14)10-15-12(22)18(5-21)16-10/h1-3,9,21H,4-5H2,(H,15,16,22)/t9-/m1/s1",C12H10N4O2S2ClBr421,419.91170734000013,4.019690000000001,5.95,5.08,-179.0,,4.114283351183039,1,HIGHDIVERSITY_CONCAT,HsDHODH_HighDiv,6,2,80.10999999999999,5,12,2,4,0.5454545454545454,0.09090909090909091,0.18181818181818182,0.25,0.08333333333333333,22,2,0,2,1,0,1,0,0
O=NC1=C(Br)C(N2C=NN=C2S)=CC(C(=O)CO)=C1,12/000000088,"InChI=1S/C10H7BrN4O3S/c11-9-6(14-18)1-5(8(17)3-16)2-7(9)15-4-12-13-10(15)19/h1-2,4,16H,3H2,(H,13,19)",C10H7N4O3SBr,341.94222318399994,1.8913999999999993,5.92,5.03,22.6,-120.0,3.555365807429842,1,HIGHDIVERSITY_CONCAT,HsDHODH_HighDiv,8,2,97.44000000000001,4,10,3,4,0.5263157894736842,0.15789473684210525,0.21052631578947367,0.1,0.0,19,2,0,2,1,0,1,0,0
NOC1=CC(C(=O)O)=CC(OC/C=C/[C@@H]2NNC3=C2C=CC=C3)=C1Br,12/000001403,"InChI=1S/C17H16BrN3O4/c18-16-14(8-10(17(22)23)9-15(16)25-19)24-7-3-6-13-11-4-1-2-5-12(11)20-21-13/h1-6,8-9,13,20-21H,7,19H2,(H,22,23)/b6-3+/t13-/m0/s1",C17H16N3O4Br,405.03241809200006,3.0062000000000006,5.86,7.55,21.3,-190.0,3.7090264631090015,1,HIGHDIVERSITY_CONCAT,HsDHODH_HighDiv,6,4,105.84,6,17,4,3,0.68,0.16,0.12,0.11764705882352941,0.058823529411764705,25,3,1,2,1,1,0,0,0
NCCC(=O)C1=CC(=O)C(CCl)=C(C2=NC=CC(Br)=C2O)C1=O,10/000000184,"InChI=1S/C15H12BrClN2O4/c16-9-2-4-19-13(15(9)23)12-8(6-17)11(21)5-7(14(12)22)10(20)1-3-18/h2,4-5,23H,1,3,6,18H2",C15H12N2O4ClBr,397.9668966439999,1.5382,5.54,6.07,24.0,-160.0,3.500358879673586,1,HIGHDIVERSITY_CONCAT,HsDHODH_HighDiv,6,2,110.35000000000002,5,15,4,2,0.6521739130434783,0.17391304347826086,0.08695652173913043,0.2,0.0,23,2,1,1,1,0,1,0,0
NOC1=C(Br)C(C[C@@H](N)C2=NC=CC=C2)=CC(C(=O)O)=C1,12/000000612,"InChI=1S/C14H14BrN3O3/c15-13-8(5-9(14(19)20)7-12(13)21-17)6-10(16)11-3-1-2-4-18-11/h1-5,7,10H,6,16-17H2,(H,19,20)/t10-/m1/s1",C14H14N3O3Br,351.0218534079999,2.0373,5.51,5.51,2.64,-150.0,3.15532838896426,1,HIGHDIVERSITY_CONCAT,HsDHODH_HighDiv,5,3,111.46,5,14,3,3,0.6666666666666666,0.14285714285714285,0.14285714285714285,0.14285714285714285,0.07142857142857142,21,2,0,2,1,0,1,0,0
C[C@@](O)(C#CCCC1=CC(C(=O)N=O)=CC(O)=C1Br)CO,12/000000752,"InChI=1S/C14H14BrNO5/c1-14(20,8-17)5-3-2-4-9-6-10(13(19)16-21)7-11(18)12(9)15/h6-7,17-18,20H,2,4,8H2,1H3/t14-/m1/s1",C14H14NO5Br,355.005534648,1.7406000000000001,5.45,5.9,5.21,-200.0,3.9617755375053743,1,HIGHDIVERSITY_CONCAT,HsDHODH_HighDiv,5,3,107.19,4,14,5,1,0.6666666666666666,0.23809523809523808,0.047619047619047616,0.35714285714285715,0.07142857142857142,21,1,0,1,0,0,0,0,0
NCC1=CC([C@H](/C=C/CNN)N=O)=CC=C1I,5/000000034,"InChI=1S/C11H15IN4O/c12-10-4-3-8(6-9(10)7-13)11(16-17)2-1-5-15-14/h1-4,6,11,15H,5,7,13-14H2/b2-1+/t11-/m0/s1",C11H15N4OI,346.0290591,1.5769000000000002,5.45,2.99,16.5,-150.0,4.238040683856478,1,HIGHDIVERSITY_CONCAT,HsDHODH_HighDiv,5,3,93.5,6,11,1,4,0.6470588235294118,0.058823529411764705,0.23529411764705882,0.2727272727272727,0.09090909090909091,17,1,0,1,0,0,0,0,0
CN(CC#CCCC1=CC(C(=O)N=O)=CC(O)=C1Br)CCS,12/000000805,"InChI=1S/C15H17BrN2O3S/c1-18(7-8-22)6-4-2-3-5-11-9-12(15(20)17-21)10-13(19)14(11)16/h9-10,19,22H,3,5-8H2,1H3",C15H17N2O3SBr,384.014325504,2.8589000000000016,5.44,5.52,5.21,-80.0,3.5452225879559887,1,HIGHDIVERSITY_CONCAT,HsDHODH_HighDiv,5,2,69.97,6,15,3,2,0.6818181818181818,0.13636363636363635,0.09090909090909091,0.4,0.0,22,1,0,1,0,0,0,0,0
N[C@@]1(C#CCCC2=C(Br)C(O)=CC(C(=O)N=O)=C2)CCN=CS1,12/000000807,"InChI=1S/C15H14BrN3O3S/c16-13-10(7-11(8-12(13)20)14(21)19-22)3-1-2-4-15(17)5-6-18-9-23-15/h7-9,20H,1,3,5-6,17H2/p+1/t15-/m1/s1",C15H15N3O3SBr,394.99392440800005,2.817500000000001,5.4,7.89,7.99,-150.0,4.816426738123962,1,HIGHDIVERSITY_CONCAT,HsDHODH_HighDiv,6,2,105.11,3,15,3,3,0.6521739130434783,0.13043478260869565,0.13043478260869565,0.3333333333333333,0.06666666666666667,23,2,1,1,1,1,0,0,0
CC/C=C/[C@H](N)CC1=C(Br)C(ON)=CC(C(=O)O)=C1,12/000000631,"InChI=1S/C13H17BrN2O3/c1-2-3-4-10(15)6-8-5-9(13(17)18)7-11(19-16)12(8)14/h3-5,7,10H,2,6,15-16H2,1H3,(H,17,18)/b4-3+/t10-/m0/s1",C13H17N2O3Br,328.04225450399997,2.2358000000000002,5.37,5.24,2.48,-170.0,3.582769209014012,1,HIGHDIVERSITY_CONCAT,HsDHODH_HighDiv,4,3,98.57000000000001,6,13,3,2,0.6842105263157895,0.15789473684210525,0.10526315789473684,0.3076923076923077,0.07692307692307693,19,1,0,1,0,0,0,0,0
NN[C@@H](C#CCC[N+](=O)[O-])C1=CC(CO)=C(I)C=C1,5/000000022,"InChI=1S/C12H14IN3O3/c13-11-5-4-9(7-10(11)8-17)12(15-14)3-1-2-6-16(18)19/h4-5,7,12,15,17H,2,6,8,14H2/t12-/m0/s1",C12H14N3O3I,375.007989308,0.9581000000000004,5.37,2.19,19.7,-190.0,4.075314440479378,1,HIGHDIVERSITY_CONCAT,HsDHODH_HighDiv,5,3,101.42,5,12,3,3,0.631578947368421,0.15789473684210525,0.15789473684210525,0.3333333333333333,0.08333333333333333,19,1,0,1,0,0,0,0,0
CC(C)=CCCCCC#CC1=CC(C(=O)O)=CC(ON)=C1Br,12/000001211,"InChI=1S/C17H20BrNO3/c1-12(2)8-6-4-3-5-7-9-13-10-14(17(20)21)11-15(22-19)16(13)18/h8,10-11H,3-6,19H2,1-2H3,(H,20,21)",C17H20NO3Br,365.06265559999997,4.2779000000000025,5.37,8.15,20.5,-140.0,3.0635495110329103,1,HIGHDIVERSITY_CONCAT,HsDHODH_HighDiv,3,2,72.55,6,17,3,1,0.7727272727272727,0.13636363636363635,0.045454545454545456,0.35294117647058826,0.0,22,1,0,1,0,0,0,0,0
CCC[C@@H](CBr)COC1=C(Br)C(ON)=CC(C(=O)O)=C1,12/000001389,"InChI=1S/C13H17Br2NO4/c1-2-3-8(6-14)7-19-10-4-9(13(17)18)5-11(20-16)12(10)15/h4-5,8H,2-3,6-7,16H2,1H3,(H,17,18)/t8-/m0/s1",C13H17NO4Br2,408.95243222399995,3.589800000000001,5.36,6.84,17.2,-170.0,3.254375276567206,1,HIGHDIVERSITY_CONCAT,HsDHODH_HighDiv,4,2,81.78,8,13,4,1,0.65,0.2,0.05,0.46153846153846156,0.07692307692307693,20,1,0,1,0,0,0,0,0
O=NC1=C(Br)C(C2=CN=C(C(=O)O)C=C2)=CC(C(=O)CO)=C1,12/000000376,"InChI=1S/C14H9BrN2O5/c15-13-9(7-1-2-10(14(20)21)16-5-7)3-8(12(19)6-18)4-11(13)17-22/h1-5,18H,6H2,(H,20,21)",C14H9N2O5Br,363.969483488,2.7822000000000005,5.34,4.57,20.3,-160.0,2.877777972571373,1,HIGHDIVERSITY_CONCAT,HsDHODH_HighDiv,6,2,116.92,5,14,5,2,0.6363636363636364,0.22727272727272727,0.09090909090909091,0.07142857142857142,0.0,22,2,0,2,1,0,1,0,0
C=C[C@H](N)NCCCC1=C(Br)C(CO)=CC(C(=O)N=O)=C1,12/000000856,"InChI=1S/C14H18BrN3O3/c1-2-12(16)17-5-3-4-9-6-10(14(20)18-21)7-11(8-19)13(9)15/h2,6-7,12,17,19H,1,3-5,8,16H2/t12-/m1/s1",C14H18N3O3Br,355.05315353599997,1.841,5.33,6.36,20.3,-180.0,3.743968553699707,1,HIGHDIVERSITY_CONCAT,HsDHODH_HighDiv,5,3,104.78,8,14,3,3,0.6666666666666666,0.14285714285714285,0.14285714285714285,0.35714285714285715,0.07142857142857142,21,1,0,1,0,0,0,0,0
CC[C@H](C#CC1=CC(C(=O)O)=CC(ON)=C1Br)N=O,12/000001433,"InChI=1S/C12H11BrN2O4/c1-2-9(15-18)4-3-7-5-8(12(16)17)6-10(19-14)11(7)13/h5-6,9H,2,14H2,1H3,(H,16,17)/t9-/m1/s1",C12H11N2O4Br,325.990218932,2.2963,5.31,5.57,20.7,-170.0,4.080628032543423,1,HIGHDIVERSITY_CONCAT,HsDHODH_HighDiv,5,2,101.97999999999999,4,12,4,2,0.631578947368421,0.21052631578947367,0.10526315789473684,0.25,0.08333333333333333,19,1,0,1,0,0,0,0,0
CCCONC/C=C/[C@@H](C#CC1=CC(O)=CC=C1)CCO,23/000000182,"InChI=1S/C17H23NO3/c1-2-13-21-18-11-4-6-15(10-12-19)8-9-16-5-3-7-17(20)14-16/h3-7,14-15,18-20H,2,10-13H2,1H3/b6-4+/t15-/m0/s1",C17H23NO3,289.167793596,2.2297000000000007,5.3,2.8,17.8,-200.0,3.8673459221207582,1,HIGHDIVERSITY_CONCAT,HsDHODH_HighDiv,4,3,61.72,8,17,3,1,0.8095238095238095,0.14285714285714285,0.047619047619047616,0.4117647058823529,0.058823529411764705,21,1,0,1,0,0,0,0,0
O=C1NCCN1C1=CC(O)=C(I)C(C#CCCC2=CCCS2)=C1,28/000000522,"InChI=1S/C17H17IN2O2S/c18-16-12(4-1-2-5-14-6-3-9-23-14)10-13(11-15(16)21)20-8-7-19-17(20)22/h6,10-11,21H,2-3,5,7-9H2,(H,19,22)",C17H17N2O2SI,440.005546784,3.678900000000003,5.3,4.88,24.0,-120.0,3.623298514232575,1,HIGHDIVERSITY_CONCAT,HsDHODH_HighDiv,3,2,52.57000000000001,3,17,2,2,0.7391304347826086,0.08695652173913043,0.08695652173913043,0.35294117647058826,0.0,23,3,2,1,2,2,0,0,0
NOC1=CC(C(=O)O)=CC(C[C@@H](N)C2=NN=C(S)S2)=C1Br,12/000001299,"InChI=1S/C11H11BrN4O3S2/c12-8-4(1-5(10(17)18)3-7(8)19-14)2-6(13)9-15-16-11(20)21-9/h1,3,6H,2,13-14H2,(H,16,20)(H,17,18)/p+1/t6-/m1/s1",C11H12N4O3S2Br,389.9455943120001,1.7825000000000002,5.29,6.71,2.64,-150.0,4.368068148841407,1,HIGHDIVERSITY_CONCAT,HsDHODH_HighDiv,8,4,124.35,5,11,3,4,0.5238095238095238,0.14285714285714285,0.19047619047619047,0.18181818181818182,0.09090909090909091,21,2,0,2,1,0,1,0,0
C=C[C@H](O)C1=C(Br)C(N=O)=CC(C(=O)CCNN)=C1,12/000000923,"InChI=1S/C12H14BrN3O3/c1-2-10(17)8-5-7(11(18)3-4-15-14)6-9(16-19)12(8)13/h2,5-6,10,15,17H,1,3-4,14H2/t10-/m0/s1",C12H14N3O3Br,327.021853408,2.1025,5.29,3.34,5.24,-170.0,3.978712195439352,1,HIGHDIVERSITY_CONCAT,HsDHODH_HighDiv,6,3,104.78,7,12,3,3,0.631578947368421,0.15789473684210525,0.15789473684210525,0.25,0.08333333333333333,19,1,0,1,0,0,0,0,0
NCCCC(=O)C1=CC(=O)C(CCl)=C(C2=NC=CC(Br)=C2O)C1=O,10/000000140,"InChI=1S/C16H14BrClN2O4/c17-10-3-5-20-14(16(10)24)13-9(7-18)12(22)6-8(15(13)23)11(21)2-1-4-19/h3,5-6,24H,1-2,4,7,19H2/p+1",C16H15N2O4ClBr,411.9825467079999,1.9283000000000006,5.28,5.91,24.6,-180.0,3.9341461767710832,1,HIGHDIVERSITY_CONCAT,HsDHODH_HighDiv,6,2,110.35000000000002,6,16,4,2,0.6666666666666666,0.16666666666666666,0.08333333333333333,0.25,0.0,24,2,1,1,1,0,1,0,0
O=C(O)CC1=NNC(C2=NC(/C=C/C3=CC=CC=C3)=CC=C2I)=N1,4/000000123,"InChI=1S/C17H13IN4O2/c18-13-9-8-12(7-6-11-4-2-1-3-5-11)19-16(13)17-20-14(21-22-17)10-15(23)24/h1-9H,10H2,(H,23,24)(H,20,21,22)/b7-6+",C17H13N4O2I,432.008323656,3.2688000000000015,5.27,4.57,22.4,-160.0,2.852655546464936,1,HIGHDIVERSITY_CONCAT,HsDHODH_HighDiv,4,2,91.75999999999999,5,17,2,4,0.7083333333333334,0.08333333333333333,0.16666666666666666,0.058823529411764705,0.0,24,3,0,3,2,0,2,0,0
N[C@@H](C#CCCC1=C(Br)C(O)=CC(C(=O)N=O)=C1)C1=NN=CO1,12/000000801,"InChI=1S/C14H11BrN4O4/c15-12-8(5-9(6-11(12)20)13(21)19-22)3-1-2-4-10(16)14-18-17-7-23-14/h5-7,10,20H,1,3,16H2/p+1/t10-/m0/s1",C14H12N4O4Br,377.99636693200006,2.0803000000000003,5.24,4.34,7.99,-150.0,4.473546209277808,1,HIGHDIVERSITY_CONCAT,HsDHODH_HighDiv,7,2,131.67000000000002,4,14,4,4,0.6086956521739131,0.17391304347826086,0.17391304347826086,0.21428571428571427,0.07142857142857142,23,2,0,2,1,0,1,0,0
O=C(O)CC1=NNC(C2=NC(/C=C/C3=CN=CC=C3)=C(Cl)C=C2I)=N1,4/000000242,"InChI=1S/C16H11ClIN5O2/c17-10-6-11(18)15(16-21-13(22-23-16)7-14(24)25)20-12(10)4-3-9-2-1-5-19-8-9/h1-6,8H,7H2,(H,24,25)(H,21,22,23)/b4-3+",C16H11N5O2ClI,466.96460027200004,3.3172000000000015,5.23,5.28,24.7,-180.0,3.220888505949124,1,HIGHDIVERSITY_CONCAT,HsDHODH_HighDiv,5,2,104.64999999999999,5,16,2,5,0.64,0.08,0.2,0.0625,0.0,25,3,0,3,3,0,3,0,0
C=CC1=C(O)C=C(N2CCNC2=O)C=C1C#CCCC1=CCCS1,28/000000503,"InChI=1S/C19H20N2O2S/c1-2-17-14(6-3-4-7-16-8-5-11-24-16)12-15(13-18(17)22)21-10-9-20-19(21)23/h2,8,12-13,22H,1,4-5,7,9-11H2,(H,20,23)",C19H20N2O2S,340.12454888,3.7173000000000025,5.22,5.01,24.5,-120.0,3.6374234394415232,1,HIGHDIVERSITY_CONCAT,HsDHODH_HighDiv,3,2,52.57,4,19,2,2,0.7916666666666666,0.08333333333333333,0.08333333333333333,0.3157894736842105,0.0,24,3,2,1,2,2,0,0,0
O=NC(=O)C1=CC(O)=C(Br)C(CCC#C[C@]2(NCCO)CCN=CS2)=C1,12/000000835,"InChI=1S/C17H18BrN3O4S/c18-15-12(9-13(10-14(15)23)16(24)21-25)3-1-2-4-17(20-7-8-22)5-6-19-11-26-17/h9-11,20,22-23H,1,3,5-8H2/p+1/t17-/m1/s1",C17H19N3O4SBr,439.02013915599997,2.4407000000000005,5.22,8.21,5.65,-150.0,5.0352636457360225,1,HIGHDIVERSITY_CONCAT,HsDHODH_HighDiv,7,3,111.35000000000001,6,17,4,3,0.6538461538461539,0.15384615384615385,0.11538461538461539,0.4117647058823529,0.058823529411764705,26,2,1,1,1,1,0,0,0
NOC1=CC(C(=O)O)=CC(C[C@@H](N)C2=NNC=N2)=C1Br,12/000000725,"InChI=1S/C11H12BrN5O3/c12-9-5(2-7(13)10-15-4-16-17-10)1-6(11(18)19)3-8(9)20-14/h1,3-4,7H,2,13-14H2,(H,18,19)(H,15,16,17)/t7-/m1/s1",C11H12N5O3Br,341.01235134399997,0.7604000000000003,5.21,5.36,2.48,-150.0,3.9465903348422646,1,HIGHDIVERSITY_CONCAT,HsDHODH_HighDiv,6,4,140.14,5,11,3,5,0.55,0.15,0.25,0.18181818181818182,0.09090909090909091,20,2,0,2,1,0,1,0,0
O=NC1=CC(C(=O)[C@H]2C=CC(=O)N2)=CC(CO)=C1Br,12/000000427,"InChI=1S/C12H9BrN2O4/c13-11-7(5-16)3-6(4-9(11)15-19)12(18)8-1-2-10(17)14-8/h1-4,8,16H,5H2,(H,14,17)/t8-/m1/s1",C12H9N2O4Br,323.974568868,1.5766,5.21,3.93,2.48,-170.0,4.037280120952751,1,HIGHDIVERSITY_CONCAT,HsDHODH_HighDiv,5,2,95.83,4,12,4,2,0.631578947368421,0.21052631578947367,0.10526315789473684,0.16666666666666666,0.08333333333333333,19,2,1,1,1,1,0,0,0
NC(N)NC1=C(Br)C(N=O)=CC(C(=O)[C@H]2C=CCCC2)=C1,12/000000712,"InChI=1S/C14H17BrN4O2/c15-12-10(18-14(16)17)6-9(7-11(12)19-21)13(20)8-4-2-1-3-5-8/h2,4,6-8,14,18H,1,3,5,16-17H2/t8-/m0/s1",C14H15N4O2Br,352.053487884,2.9989000000000017,5.21,3.14,21.6,-190.0,4.05929364095365,1,HIGHDIVERSITY_CONCAT,HsDHODH_HighDiv,6,3,110.57,5,14,2,4,0.6666666666666666,0.09523809523809523,0.19047619047619047,0.35714285714285715,0.07142857142857142,21,2,1,1,0,0,0,0,0
O=C1NCCN1C1=CC(O)=CC(C#CCCC2=CC=CC=C2)=C1,28/000000082,"InChI=1S/C19H18N2O2/c22-18-13-16(9-5-4-8-15-6-2-1-3-7-15)12-17(14-18)21-11-10-20-19(21)23/h1-3,6-7,12-14,22H,4,8,10-11H2,(H,20,23)",C19H18N2O2,306.136827816,2.9061000000000012,5.2,2.73,18.8,-120.0,2.5348160071873806,1,HIGHDIVERSITY_CONCAT,HsDHODH_HighDiv,2,2,52.57000000000001,3,19,2,2,0.8260869565217391,0.08695652173913043,0.08695652173913043,0.21052631578947367,0.0,23,3,1,2,1,1,0,0,0
CC(=O)C1=CC(=O)C(CCl)=C(C2=C(O)C(Br)=C(S)C=N2)C1=O,10/000000121,"InChI=1S/C14H9BrClNO4S/c1-5(18)6-2-8(19)7(3-16)10(13(6)20)12-14(21)11(15)9(22)4-17-12/h2,4,21-22H,3H2,1H3",C14H9NO4SClBr,400.912418548,2.498000000000001,5.2,6.53,24.5,-180.0,3.751121500422831,1,HIGHDIVERSITY_CONCAT,HsDHODH_HighDiv,6,2,84.33000000000001,3,14,4,1,0.6363636363636364,0.18181818181818182,0.045454545454545456,0.14285714285714285,0.0,22,2,1,1,1,0,1,0,0
N[C@H](C#CCCC1=CC(C(=O)N=O)=CC(O)=C1Br)CO,12/000000846,"InChI=1S/C13H13BrN2O4/c14-12-8(3-1-2-4-10(15)7-17)5-9(6-11(12)18)13(19)16-20/h5-6,10,17-18H,1,3,7,15H2/p+1/t10-/m1/s1",C13H14N2O4Br,340.005868996,1.3168999999999997,5.2,4.5,3.85,-150.0,4.354954763746694,1,HIGHDIVERSITY_CONCAT,HsDHODH_HighDiv,5,3,112.98000000000002,4,13,4,2,0.65,0.2,0.1,0.3076923076923077,0.07692307692307693,20,1,0,1,0,0,0,0,0
NOC1=C(Br)C(C#CCCCCF)=CC(C(=O)O)=C1,12/000001312,"InChI=1S/C13H13BrFNO3/c14-12-9(5-3-1-2-4-6-15)7-10(13(17)18)8-11(12)19-16/h7-8H,1-2,4,6,16H2,(H,17,18)",C13H13NO3FBr,329.006283596,2.8911000000000007,5.2,5.26,19.8,0.0,3.134844801512683,1,HIGHDIVERSITY_CONCAT,HsDHODH_HighDiv,3,2,72.55,5,13,3,1,0.6842105263157895,0.15789473684210525,0.05263157894736842,0.3076923076923077,0.0,19,1,0,1,0,0,0,0,0
CN(CC#CCCC1=CC(C(=O)N=O)=CC(O)=C1Br)CCO,12/000000870,"InChI=1S/C15H17BrN2O4/c1-18(7-8-19)6-4-2-3-5-11-9-12(15(21)17-22)10-13(20)14(11)16/h9-10,19-20H,3,5-8H2,1H3",C15H17N2O4Br,368.037169124,1.9213999999999998,5.19,5.39,5.21,-80.0,3.3385041264175266,1,HIGHDIVERSITY_CONCAT,HsDHODH_HighDiv,5,2,90.2,6,15,4,2,0.6818181818181818,0.18181818181818182,0.09090909090909091,0.4,0.0,22,1,0,1,0,0,0,0,0
O=NC(=O)C1=CC(C[C@@H](Cl)C2=NNN=N2)=C(Br)C(O)=C1,12/000000266,"InChI=1S/C10H7BrClN5O3/c11-8-4(2-6(12)9-13-16-17-14-9)1-5(3-7(8)18)10(19)15-20/h1,3,6,18H,2H2,(H,13,14,16,17)/t6-/m1/s1",C10H7N5O3ClBr,358.942078864,2.0969999999999995,5.19,4.97,3.85,-150.0,3.874607957219887,1,HIGHDIVERSITY_CONCAT,HsDHODH_HighDiv,6,2,121.19000000000001,4,10,3,5,0.5,0.15,0.25,0.2,0.1,20,2,0,2,1,0,1,0,0
NOC1=C(Br)C(C[C@@H](N)C2=NC=NC=C2)=CC(C(=O)O)=C1,12/000000642,"InChI=1S/C13H13BrN4O3/c14-12-7(3-8(13(19)20)5-11(12)21-16)4-9(15)10-1-2-17-6-18-10/h1-3,5-6,9H,4,15-16H2,(H,19,20)/t9-/m1/s1",C13H13N4O3Br,352.01710237599997,1.4323000000000004,5.19,5.52,2.64,-150.0,3.3757878054098844,1,HIGHDIVERSITY_CONCAT,HsDHODH_HighDiv,6,3,124.35000000000001,5,13,3,4,0.6190476190476191,0.14285714285714285,0.19047619047619047,0.15384615384615385,0.07692307692307693,21,2,0,2,1,0,1,0,0
NC(=O)C1=CC(C2=CC(O)=C(F)C=C2N=O)=CN1,6/000000091,"InChI=1S/C11H8FN3O3/c12-7-3-8(15-18)6(2-10(7)16)5-1-9(11(13)17)14-4-5/h1-4,14,16H,(H2,13,17)",C11H8N3O3F,249.054969336,2.0231999999999997,5.18,2.88,20.9,-120.0,3.086385912648116,1,HIGHDIVERSITY_CONCAT,HsDHODH_HighDiv,4,3,108.53999999999999,3,11,3,3,0.6111111111111112,0.16666666666666666,0.16666666666666666,0.0,0.0,18,2,0,2,1,0,1,0,0
C=CC(=O)C1=CC(O)=C(Br)C(C[C@@H](Cl)N2C=NC(CC(=O)O)=N2)=C1,12/000000718,"InChI=1S/C15H13BrClN3O4/c1-2-10(21)8-3-9(15(16)11(22)4-8)5-12(17)20-7-18-13(19-20)6-14(23)24/h2-4,7,12,22H,1,5-6H2,(H,23,24)/t12-/m0/s1",C15H13N3O4ClBr,412.9777956760001,2.7221,5.18,5.99,6.31,-150.0,3.992712206270325,1,HIGHDIVERSITY_CONCAT,HsDHODH_HighDiv,6,2,105.31,7,15,4,3,0.625,0.16666666666666666,0.125,0.2,0.06666666666666667,24,2,0,2,1,0,1,0,0
NCC1=CC(C2=CC(O)=C(F)C=C2N=O)=CN1,6/000000074,"InChI=1S/C11H10FN3O2/c12-9-3-10(15-17)8(2-11(9)16)6-1-7(4-13)14-5-6/h1-3,5,14,16H,4,13H2",C11H10N3O2F,235.07570478,2.383,5.18,2.58,18.7,-140.0,3.3079706734935836,1,HIGHDIVERSITY_CONCAT,HsDHODH_HighDiv,4,3,91.47,3,11,2,3,0.6470588235294118,0.11764705882352941,0.17647058823529413,0.09090909090909091,0.0,17,2,0,2,1,0,1,0,0
C[C@@H](S)/C=C/COC1=CC(C(=O)O)=CC(ON)=C1Br,12/000001258,"InChI=1S/C12H14BrNO4S/c1-7(19)3-2-4-17-9-5-8(12(15)16)6-10(18-14)11(9)13/h2-3,5-7,19H,4,14H2,1H3,(H,15,16)/b3-2+/t7-/m1/s1",C12H14NO4SBr,346.98269102800003,2.6531000000000002,5.17,6.92,18.4,-170.0,3.6496814262085815,1,HIGHDIVERSITY_CONCAT,HsDHODH_HighDiv,5,3,81.78,6,12,4,1,0.631578947368421,0.21052631578947367,0.05263157894736842,0.25,0.08333333333333333,19,1,0,1,0,0,0,0,0
O=NC1=CC(F)=C(O)C=C1C1=CNC(C(=O)O)=C1,6/000000107,"InChI=1S/C11H7FN2O4/c12-7-3-8(14-18)6(2-10(7)15)5-1-9(11(16)17)13-4-5/h1-4,13,15H,(H,16,17)",C11H7N2O4F,250.038984924,2.6225000000000005,5.16,2.51,20.7,-120.0,3.028514641062559,1,HIGHDIVERSITY_CONCAT,HsDHODH_HighDiv,4,3,102.74999999999999,3,11,4,2,0.6111111111111112,0.2222222222222222,0.1111111111111111,0.0,0.0,18,2,0,2,1,0,1,0,0
CCC#CC1=C(S)C(O)=CC(N2CCNC2=O)=C1,28/000000365,"InChI=1S/C13H14N2O2S/c1-2-3-4-9-7-10(8-11(16)12(9)18)15-6-5-14-13(15)17/h7-8,16,18H,2,5-6H2,1H3,(H,14,17)",C13H14N2O2S,262.077598688,1.972,5.15,2.02,18.5,-140.0,3.2914283490688385,1,HIGHDIVERSITY_CONCAT,HsDHODH_HighDiv,3,3,52.57,1,13,2,2,0.7222222222222222,0.1111111111111111,0.1111111111111111,0.3076923076923077,0.0,18,2,1,1,1,1,0,0,0
NCNNCC1=CC(=O)C(CCl)=C(C2=NC=CC(Br)=C2)C1=O,10/000000020,"InChI=1S/C14H14BrClN4O2/c15-9-1-2-18-11(4-9)13-10(5-16)12(21)3-8(14(13)22)6-19-20-7-17/h1-4,19-20H,5-7,17H2",C14H14N4O2ClBr,383.99886546799996,0.9251000000000004,5.15,5.18,22.8,-200.0,3.7427473168336673,1,HIGHDIVERSITY_CONCAT,HsDHODH_HighDiv,6,3,97.11000000000001,6,14,2,4,0.6363636363636364,0.09090909090909091,0.18181818181818182,0.21428571428571427,0.0,22,2,1,1,1,0,1,0,0
CCNCC(=O)C1=CC(=O)C(CCl)=C(C2=C(O)C(Br)=CC=N2)C1=O,10/000000130,"InChI=1S/C16H14BrClN2O4/c1-2-19-7-12(22)8-5-11(21)9(6-18)13(15(8)23)14-16(24)10(17)3-4-20-14/h3-5,19,24H,2,6-7H2,1H3/p+1",C16H15N2O4ClBr,411.98254670800003,1.7988999999999997,5.15,5.76,24.6,-200.0,4.145625940084693,1,HIGHDIVERSITY_CONCAT,HsDHODH_HighDiv,6,2,96.36000000000001,6,16,4,2,0.6666666666666666,0.16666666666666666,0.08333333333333333,0.25,0.0,24,2,1,1,1,0,1,0,0
O=C(O)CC1=NNC(C2=NC(/C=C/C3=CN=CC=C3)=C(CO)C=C2I)=N1,4/000000286,"InChI=1S/C17H14IN5O3/c18-12-6-11(9-24)13(4-3-10-2-1-5-19-8-10)20-16(12)17-21-14(22-23-17)7-15(25)26/h1-6,8,24H,7,9H2,(H,25,26)(H,21,22,23)/b4-3+",C17H14N5O3I,463.014137308,2.1560999999999995,5.14,6.02,24.8,-180.0,3.3255479925821643,1,HIGHDIVERSITY_CONCAT,HsDHODH_HighDiv,6,3,124.88,6,17,3,5,0.6538461538461539,0.11538461538461539,0.19230769230769232,0.11764705882352941,0.0,26,3,0,3,3,0,3,0,0
NOCC1=C(Br)C(N=O)=CC(C(=O)CO)=C1,12/000000911,"InChI=1S/C9H9BrN2O4/c10-9-6(4-16-11)1-5(8(14)3-13)2-7(9)12-15/h1-2,13H,3-4,11H2",C9H9N2O4Br,287.974568868,1.4122999999999997,5.13,4.09,3.72,0.0,3.3534719100531625,1,HIGHDIVERSITY_CONCAT,HsDHODH_HighDiv,6,2,101.98,5,9,4,2,0.5625,0.25,0.125,0.2222222222222222,0.0,16,1,0,1,0,0,0,0,0
CCCCC1=C(NC(N)N)C(O)=CC(N2CCNC2=O)=C1,28/000000314,"InChI=1S/C14H23N5O2/c1-2-3-4-9-7-10(19-6-5-17-14(19)21)8-11(20)12(9)18-13(15)16/h7-8,13,18,20H,2-6,15-16H2,1H3,(H,17,21)",C14H22N5O2,293.185174976,0.8772999999999997,5.12,7.1,18.7,-140.0,2.98305263899981,1,HIGHDIVERSITY_CONCAT,HsDHODH_HighDiv,5,5,116.63999999999999,6,14,2,5,0.6666666666666666,0.09523809523809523,0.23809523809523808,0.5,0.0,21,2,1,1,1,1,0,0,0
NCNCCC1=CC=C(C2=CC(=O)C=C(CN)C2=O)C=C1,10/000000090,"InChI=1S/C16H19N3O2/c17-9-13-7-14(20)8-15(16(13)21)12-3-1-11(2-4-12)5-6-19-10-18/h1-4,7-8,19H,5-6,9-10,17-18H2",C16H19N3O2,285.147726848,0.15520000000000056,5.12,4.21,3.58,-160.0,2.829478561762027,1,HIGHDIVERSITY_CONCAT,HsDHODH_HighDiv,5,3,98.21000000000001,6,16,2,3,0.7619047619047619,0.09523809523809523,0.14285714285714285,0.25,0.0,21,2,1,1,0,0,0,0,0
NOC1=CC(C(=O)O)=CC(C[C@@H](N)C2=CNC(=S)S2)=C1Br,12/000001453,"InChI=1S/C12H12BrN3O3S2/c13-10-5(1-6(11(17)18)3-8(10)19-15)2-7(14)9-4-16-12(20)21-9/h1,3-4,7H,2,14-15H2,(H,16,20)(H,17,18)/p+1/t7-/m1/s1",C12H13N3O3S2Br,388.95034534399997,2.7613900000000005,5.12,7.48,2.64,-150.0,4.427140213618734,1,HIGHDIVERSITY_CONCAT,HsDHODH_HighDiv,6,4,114.35999999999999,5,12,3,3,0.5714285714285714,0.14285714285714285,0.14285714285714285,0.16666666666666666,0.08333333333333333,21,2,0,2,1,0,1,0,0
NOC1=CC(C(=O)O)=CC(OC(=O)/C=C/C[C@H]2COC=CO2)=C1Br,12/000001238,"InChI=1S/C15H14BrNO7/c16-14-11(6-9(15(19)20)7-12(14)24-17)23-13(18)3-1-2-10-8-21-4-5-22-10/h1,3-7,10H,2,8,17H2,(H,19,20)/b3-1+/t10-/m0/s1",C15H14NO7Br,398.995363888,2.1381000000000006,5.11,6.46,23.7,-150.0,3.9380617072859554,1,HIGHDIVERSITY_CONCAT,HsDHODH_HighDiv,7,2,117.31,6,15,7,1,0.625,0.2916666666666667,0.041666666666666664,0.2,0.06666666666666667,24,2,1,1,1,1,0,0,0
C=CCCCC#CC1=CC(C(=O)O)=CC(ON)=C1Br,12/000001336,"InChI=1S/C14H14BrNO3/c1-2-3-4-5-6-7-10-8-11(14(17)18)9-12(19-16)13(10)15/h2,8-9H,1,3-5,16H2,(H,17,18)",C14H14NO3Br,323.015705408,3.1076000000000006,5.11,5.19,18.7,0.0,3.1288536772523283,1,HIGHDIVERSITY_CONCAT,HsDHODH_HighDiv,3,2,72.55,5,14,3,1,0.7368421052631579,0.15789473684210525,0.05263157894736842,0.21428571428571427,0.0,19,1,0,1,0,0,0,0,0
C=CC1=C(C2=CC(O)=C(F)C=C2N=O)C=C(C(=O)OC)N1,6/000000149,"InChI=1S/C14H11FN2O4/c1-3-10-7(4-12(16-10)14(19)21-2)8-5-13(18)9(15)6-11(8)17-20/h3-6,16,18H,1H2,2H3",C14H11N2O4F,290.07028505200003,3.353900000000001,5.11,4.49,23.5,-160.0,3.3904225678005906,1,HIGHDIVERSITY_CONCAT,HsDHODH_HighDiv,5,2,91.75,4,14,4,2,0.6666666666666666,0.19047619047619047,0.09523809523809523,0.07142857142857142,0.0,21,2,0,2,1,0,1,0,0
O=NC1=CC(F)=C(O)C=C1C1=CNC(CO)=C1,6/000000064,"InChI=1S/C11H9FN2O3/c12-9-3-10(14-17)8(2-11(9)16)6-1-7(5-15)13-4-6/h1-4,13,15-16H,5H2",C11H9N2O3F,236.059720368,2.4166,5.1,2.88,18.5,-140.0,3.3000901497619965,1,HIGHDIVERSITY_CONCAT,HsDHODH_HighDiv,4,3,85.67999999999999,3,11,3,2,0.6470588235294118,0.17647058823529413,0.11764705882352941,0.09090909090909091,0.0,17,2,0,2,1,0,1,0,0
CC#CC[C@H](N)C1=C(Br)C(ON)=CC(C(=O)O)=C1,12/000001193,"InChI=1S/C12H13BrN2O3/c1-2-3-4-9(14)8-5-7(12(16)17)6-10(18-15)11(8)13/h5-6,9H,4,14-15H2,1H3,(H,16,17)/t9-/m0/s1",C12H13N2O3Br,312.010954376,1.8130000000000002,5.1,7.09,17.9,-170.0,3.7599213815266577,1,HIGHDIVERSITY_CONCAT,HsDHODH_HighDiv,4,3,98.57000000000001,4,12,3,2,0.6666666666666666,0.16666666666666666,0.1111111111111111,0.25,0.08333333333333333,18,1,0,1,0,0,0,0,0
NCC1=CC(C2=CC(O)=C(F)C=C2N=O)=CN1,6/000000065,"InChI=1S/C11H10FN3O2/c12-9-3-10(15-17)8(2-11(9)16)6-1-7(4-13)14-5-6/h1-3,5,14,16H,4,13H2/p+1",C11H11N3O2F,235.07570478,2.383,5.1,2.87,18.7,-140.0,3.8953510335590504,1,HIGHDIVERSITY_CONCAT,HsDHODH_HighDiv,4,3,91.47,3,11,2,3,0.6470588235294118,0.11764705882352941,0.17647058823529413,0.09090909090909091,0.0,17,2,0,2,1,0,1,0,0
O=C1NCCN1C1=CC(O)=C(Br)C(C#CCCCO)=C1,28/000000449,"InChI=1S/C14H15BrN2O3/c15-13-10(4-2-1-3-7-18)8-11(9-12(13)19)17-6-5-16-14(17)20/h8-9,18-19H,1,3,5-7H2,(H,16,20)",C14H15N2O3Br,338.02660444,1.8083,5.1,4.23,19.5,-120.0,3.072166344841987,1,HIGHDIVERSITY_CONCAT,HsDHODH_HighDiv,3,3,72.80000000000001,3,14,3,2,0.7,0.15,0.1,0.35714285714285715,0.0,20,2,1,1,1,1,0,0,0
CONC/C=C/[C@@H](C#CC1=CC(O)=CC=C1)CCO,23/000000053,"InChI=1S/C15H19NO3/c1-19-16-10-3-5-13(9-11-17)7-8-14-4-2-6-15(18)12-14/h2-6,12-13,16-18H,9-11H2,1H3/b5-3+/t13-/m0/s1",C15H19NO3,261.136493468,1.4495,5.09,3.53,16.6,-170.0,3.90208021957208,1,HIGHDIVERSITY_CONCAT,HsDHODH_HighDiv,4,3,61.72,6,15,3,1,0.7894736842105263,0.15789473684210525,0.05263157894736842,0.3333333333333333,0.06666666666666667,19,1,0,1,0,0,0,0,0
CC/C(N)=C/C1=CN=C(C2=C(CCl)C(=O)C=C(CN)C2=O)C=C1Br,10/000000153,"InChI=1S/C17H17BrClN3O2/c1-2-11(21)3-10-8-22-14(5-13(10)18)16-12(6-19)15(23)4-9(7-20)17(16)24/h3-5,8H,2,6-7,20-21H2,1H3/b11-3-",C17H17N3O2ClBr,409.01926656399996,2.583,5.09,8.38,24.2,-180.0,3.776515170853924,1,HIGHDIVERSITY_CONCAT,HsDHODH_HighDiv,5,2,99.07,5,17,2,3,0.7083333333333334,0.08333333333333333,0.125,0.23529411764705882,0.0,24,2,1,1,1,0,1,0,0
O=NC(=O)C1=CC(O)=C(Br)C(CC#CCNO)=C1,12/000000827,"InChI=1S/C11H9BrN2O4/c12-10-7(3-1-2-4-13-17)5-8(6-9(10)15)11(16)14-18/h5-6,13,15,17H,3-4H2",C11H9N2O4Br,311.974568868,1.586,5.09,5.92,3.85,0.0,3.659195645772135,1,HIGHDIVERSITY_CONCAT,HsDHODH_HighDiv,5,3,98.99000000000001,3,11,4,2,0.6111111111111112,0.2222222222222222,0.1111111111111111,0.18181818181818182,0.0,18,1,0,1,0,0,0,0,0
N[C@H](C#CCCC1=C(Br)C(O)=CC(C(=O)N=O)=C1)CCF,12/000000844,"InChI=1S/C14H14BrFN2O3/c15-13-9(3-1-2-4-11(17)5-6-16)7-10(8-12(13)19)14(20)18-21/h7-8,11,19H,1,3,5-6,17H2/p+1/t11-/m1/s1",C14H15N2O3FBr,356.017182628,2.6842000000000006,5.09,5.85,5.21,-180.0,4.431801752080272,1,HIGHDIVERSITY_CONCAT,HsDHODH_HighDiv,4,2,92.75,5,14,3,2,0.6666666666666666,0.14285714285714285,0.09523809523809523,0.35714285714285715,0.07142857142857142,21,1,0,1,0,0,0,0,0
NCC(=O)C1=CC(CCON)=C(Br)C(N=O)=C1,12/000000144,"InChI=1S/C10H12BrN3O3/c11-10-6(1-2-17-13)3-7(9(15)5-12)4-8(10)14-16/h3-4H,1-2,5,12-13H2/p+1",C10H13N3O3Br,301.00620334399997,1.4212,5.08,5.32,3.58,0.0,3.9187458460546023,1,HIGHDIVERSITY_CONCAT,HsDHODH_HighDiv,6,2,107.77000000000001,6,10,3,3,0.5882352941176471,0.17647058823529413,0.17647058823529413,0.3,0.0,17,1,0,1,0,0,0,0,0
O=NC(=O)C1=CC(C[C@@H](Cl)C2=CN=CCN2)=C(Br)C(CO)=C1,12/000000257,"InChI=1S/C14H13BrClN3O3/c15-13-8(5-11(16)12-6-17-1-2-18-12)3-9(14(21)19-22)4-10(13)7-20/h1,3-4,6,11,18,20H,2,5,7H2/t11-/m1/s1",C14H13N3O3ClBr,384.982881056,2.5133,5.07,6.73,24.0,-150.0,4.329064511334362,1,HIGHDIVERSITY_CONCAT,HsDHODH_HighDiv,5,2,91.12,5,14,3,3,0.6363636363636364,0.13636363636363635,0.13636363636363635,0.2857142857142857,0.07142857142857142,22,2,1,1,1,1,0,0,0
O=NC1=CC(C(=O)CS)=CC(CONCCl)=C1Br,12/000000917,"InChI=1S/C10H10BrClN2O3S/c11-10-7(3-17-13-5-12)1-6(9(15)4-18)2-8(10)14-16/h1-2,13,18H,3-5H2",C10H10N2O3SClBr,351.92840296,3.1770000000000005,5.07,5.87,3.72,0.0,3.8100593820358704,1,HIGHDIVERSITY_CONCAT,HsDHODH_HighDiv,6,2,67.76,7,10,3,2,0.5555555555555556,0.16666666666666666,0.1111111111111111,0.3,0.0,18,1,0,1,0,0,0,0,0
COC1=C(/C=C/C2=CN=CC=C2)N=C(C2=NC(CC(=O)O)=NN2)C(I)=C1,4/000000248,"InChI=1S/C17H14IN5O3/c1-26-13-7-11(18)16(17-21-14(22-23-17)8-15(24)25)20-12(13)5-4-10-3-2-6-19-9-10/h2-7,9H,8H2,1H3,(H,24,25)(H,21,22,23)/b5-4+",C17H14N5O3I,463.01413730800004,2.6723999999999997,5.07,5.86,24.8,-200.0,3.155580840815012,1,HIGHDIVERSITY_CONCAT,HsDHODH_HighDiv,6,2,113.88,6,17,3,5,0.6538461538461539,0.11538461538461539,0.19230769230769232,0.11764705882352941,0.0,26,3,0,3,3,0,3,0,0
O=NC1=CC=C(/C=C/[C@@H](CO)C2=CC(=O)NC2=O)C(O)=C1Cl,30/000000018,"InChI=1S/C14H11ClN2O5/c15-12-10(17-22)4-3-7(13(12)20)1-2-8(6-18)9-5-11(19)16-14(9)21/h1-5,8,18,20H,6H2,(H,16,19,21)/b2-1+/t8-/m0/s1",C14H11N2O5Cl,322.035649132,1.648,5.07,4.58,6.72,-150.0,4.12134258195227,1,HIGHDIVERSITY_CONCAT,HsDHODH_HighDiv,6,3,116.05999999999999,5,14,5,2,0.6363636363636364,0.22727272727272727,0.09090909090909091,0.14285714285714285,0.07142857142857142,22,2,1,1,1,1,0,0,0
CC[C@H](N)C#CCCC1=C(Br)C(O)=CC(C(=O)N=O)=C1,12/000000839,"InChI=1S/C14H15BrN2O3/c1-2-11(16)6-4-3-5-9-7-10(14(19)17-20)8-12(18)13(9)15/h7-8,11,18H,2-3,5,16H2,1H3/p+1/t11-/m0/s1",C14H16N2O3Br,338.02660444,2.7346000000000004,5.06,5.31,3.85,-170.0,4.311480404772334,1,HIGHDIVERSITY_CONCAT,HsDHODH_HighDiv,4,2,92.75,4,14,3,2,0.7,0.15,0.1,0.35714285714285715,0.07142857142857142,20,1,0,1,0,0,0,0,0
CSC/C=C/C1=C(O)C=C(I)C(C2=NC(CC(=O)O)=NN2)=N1,4/000000245,"InChI=1S/C13H13IN4O3S/c1-22-4-2-3-8-9(19)5-7(14)12(15-8)13-16-10(17-18-13)6-11(20)21/h2-3,5,19H,4,6H2,1H3,(H,20,21)(H,16,17,18)/b3-2+",C13H13N4O3SI,431.9753092760001,2.1801999999999997,5.06,4.46,24.5,-160.0,3.7071695110329106,1,HIGHDIVERSITY_CONCAT,HsDHODH_HighDiv,6,3,111.99,6,13,3,4,0.5909090909090909,0.13636363636363635,0.18181818181818182,0.23076923076923078,0.0,22,2,0,2,2,0,2,0,0
C=C[C@H](O)C1=CC(C(=O)O)=CC(ON)=C1Br,12/000000721,"InChI=1S/C10H10BrNO4/c1-2-7(13)6-3-5(10(14)15)4-8(16-12)9(6)11/h2-4,7,13H,1,12H2,(H,14,15)/t7-/m0/s1",C10H10NO4Br,286.9793199,1.6192,5.06,4.86,14.7,-150.0,3.5987900078061523,1,HIGHDIVERSITY_CONCAT,HsDHODH_HighDiv,4,3,92.78,4,10,4,1,0.625,0.25,0.0625,0.1,0.1,16,1,0,1,0,0,0,0,0
COC1=C(Br)C(O)=C(C2=C(CCl)C(=O)C=C(CN)C2=O)N=C1,10/000000157,"InChI=1S/C14H12BrClN2O4/c1-22-9-5-18-12(14(21)11(9)15)10-7(3-16)8(19)2-6(4-17)13(10)20/h2,5,21H,3-4,17H2,1H3",C14H12N2O4ClBr,385.96689664400003,1.5876,5.06,8.62,22.4,-180.0,3.4906461733536407,1,HIGHDIVERSITY_CONCAT,HsDHODH_HighDiv,6,2,102.51,4,14,4,2,0.6363636363636364,0.18181818181818182,0.09090909090909091,0.21428571428571427,0.0,22,2,1,1,1,0,1,0,0
CC/C=C(\C)CCCC(=O)OC1=C(Br)C(ON)=CC(C(=O)O)=C1,12/000001174,"InChI=1S/C16H20BrNO5/c1-3-5-10(2)6-4-7-14(19)22-12-8-11(16(20)21)9-13(23-18)15(12)17/h5,8-9H,3-4,6-7,18H2,1-2H3,(H,20,21)/b10-5+",C16H20NO5Br,385.05248484,3.831800000000001,5.06,5.26,20.5,-170.0,2.845078482651253,1,HIGHDIVERSITY_CONCAT,HsDHODH_HighDiv,5,2,98.85000000000001,8,16,5,1,0.6956521739130435,0.21739130434782608,0.043478260869565216,0.375,0.0,23,1,0,1,0,0,0,0,0
NOCC1=CC(C2=CC(O)=C(F)C=C2N=O)=CN1,6/000000131,"InChI=1S/C11H10FN3O3/c12-9-3-10(15-17)8(2-11(9)16)6-1-7(5-18-13)14-4-6/h1-4,14,16H,5,13H2",C11H10N3O3F,251.0706194,2.3145999999999995,5.05,2.8,19.9,-160.0,3.4998323490688374,1,HIGHDIVERSITY_CONCAT,HsDHODH_HighDiv,5,3,100.69999999999999,4,11,3,3,0.6111111111111112,0.16666666666666666,0.16666666666666666,0.09090909090909091,0.0,18,2,0,2,1,0,1,0,0
CCCCCCC#CC1=C(C)C(O)=CC(N2CCNC2=O)=C1,28/000000398,"InChI=1S/C18H24N2O2/c1-3-4-5-6-7-8-9-15-12-16(13-17(21)14(15)2)20-11-10-19-18(20)22/h12-13,21H,3-7,10-11H2,1-2H3,(H,19,22)",C18H24N2O2,300.183778008,3.552120000000002,5.05,1.29,19.0,-200.0,2.7937186425465583,1,HIGHDIVERSITY_CONCAT,HsDHODH_HighDiv,2,2,52.57,5,18,2,2,0.8181818181818182,0.09090909090909091,0.09090909090909091,0.5,0.0,22,2,1,1,1,1,0,0,0
C#C[C@@H](CC1=CC(C(=O)N=O)=CC(O)=C1Br)NN,12/000000744,"InChI=1S/C11H10BrN3O3/c1-2-8(14-13)4-6-3-7(11(17)15-18)5-9(16)10(6)12/h1,3,5,8,14,16H,4,13H2/t8-/m0/s1",C11H10N3O3Br,310.99055328000003,1.0689000000000002,5.04,5.34,3.85,-150.0,4.04749157383435,1,HIGHDIVERSITY_CONCAT,HsDHODH_HighDiv,5,3,104.78,4,11,3,3,0.6111111111111112,0.16666666666666666,0.16666666666666666,0.18181818181818182,0.09090909090909091,18,1,0,1,0,0,0,0,0
NOC1=CC(C(=O)O)=CC(/C=C/C2CC3=C(C=CC=C3)C2)=C1Br,12/000000208,"InChI=1S/C18H16BrNO3/c19-17-14(9-15(18(21)22)10-16(17)23-20)6-5-11-7-12-3-1-2-4-13(12)8-11/h1-6,9-11H,7-8,20H2,(H,21,22)/b6-5+",C18H16NO3Br,373.031355472,3.828000000000003,5.04,7.7,3.87,-190.0,2.923540719719396,1,HIGHDIVERSITY_CONCAT,HsDHODH_HighDiv,3,2,72.55,4,18,3,1,0.782608695652174,0.13043478260869565,0.043478260869565216,0.16666666666666666,0.0,23,3,1,2,0,0,0,0,0
COC(=O)C/C=C/[C@@H](C#CC1=CC(O)=CC=C1)CCO,23/000000049,"InChI=1S/C16H18O4/c1-20-16(19)7-3-4-13(10-11-17)8-9-14-5-2-6-15(18)12-14/h2-6,12-13,17-18H,7,10-11H2,1H3/b4-3+/t13-/m0/s1",C16H18O4,274.120509056,1.8615999999999997,5.03,2.33,18.0,-170.0,3.5411400201569503,1,HIGHDIVERSITY_CONCAT,HsDHODH_HighDiv,4,2,66.76,5,16,4,0,0.8,0.2,0.0,0.3125,0.0625,20,1,0,1,0,0,0,0,0
O=NC(=O)C1=CC([N+](=O)[O-])=C(Br)C(C[C@@H](O)C2=CNC=C2)=C1,12/000000828,"InChI=1S/C13H10BrN3O5/c14-12-8(5-11(18)7-1-2-15-6-7)3-9(13(19)16-20)4-10(12)17(21)22/h1-4,6,11,15,18H,5H2/t11-/m1/s1",C13H10N3O5Br,366.98038252,2.868100000000001,5.03,5.64,2.64,-150.0,3.657768735798424,1,HIGHDIVERSITY_CONCAT,HsDHODH_HighDiv,5,2,125.66,5,13,5,3,0.5909090909090909,0.22727272727272727,0.13636363636363635,0.15384615384615385,0.07692307692307693,22,2,0,2,1,0,1,0,0
NCC1=C(Br)C(N=O)=CC(C(=O)C2=NNN=C2)=C1,12/000000209,"InChI=1S/C10H8BrN5O2/c11-9-6(3-12)1-5(2-7(9)15-18)10(17)8-4-13-16-14-8/h1-2,4H,3,12H2,(H,13,14,16)/p+1",C10H9N5O2Br,308.98613659600005,1.6548,5.02,4.8,2.48,0.0,3.9212760413765295,1,HIGHDIVERSITY_CONCAT,HsDHODH_HighDiv,6,2,114.08999999999999,4,10,2,5,0.5555555555555556,0.1111111111111111,0.2777777777777778,0.1,0.0,18,2,0,2,1,0,1,0,0
O=NC(=O)C1=CC(C[C@@H](O)C2=CNC=C2)=C(Br)C(N=O)=C1,12/000000799,"InChI=1S/C13H10BrN3O4/c14-12-8(5-11(18)7-1-2-15-6-7)3-9(13(19)17-21)4-10(12)16-20/h1-4,6,11,15,18H,5H2/t11-/m1/s1",C13H10N3O4Br,350.9854679,3.357800000000001,5.02,6.11,23.9,-150.0,3.940813534852854,1,HIGHDIVERSITY_CONCAT,HsDHODH_HighDiv,5,2,111.95000000000002,5,13,4,3,0.6190476190476191,0.19047619047619047,0.14285714285714285,0.15384615384615385,0.07692307692307693,21,2,0,2,1,0,1,0,0
CC(=O)NCCCC#CC1=C(Br)C(ON)=CC(C(=O)O)=C1,12/000001338,"InChI=1S/C14H15BrN2O4/c1-9(18)17-6-4-2-3-5-10-7-11(14(19)20)8-12(21-16)13(10)15/h7-8H,2,4,6,16H2,1H3,(H,17,18)(H,19,20)",C14H15N2O4Br,354.02151906,1.6676,5.02,5.13,21.3,-50.0,2.9369561710394567,1,HIGHDIVERSITY_CONCAT,HsDHODH_HighDiv,4,3,101.64999999999999,5,14,4,2,0.6666666666666666,0.19047619047619047,0.09523809523809523,0.2857142857142857,0.0,21,1,0,1,0,0,0,0,0
C[C@H](O)CCCC1=CC(C(=O)CN)=CC(N=O)=C1Br,12/000000138,"InChI=1S/C13H17BrN2O3/c1-8(17)3-2-4-9-5-10(12(18)7-15)6-11(16-19)13(9)14/h5-6,8,17H,2-4,7,15H2,1H3/p+1/t8-/m0/s1",C13H18N2O3Br,328.042254504,2.6919000000000004,5.02,3.5,3.58,-170.0,4.017055181864691,1,HIGHDIVERSITY_CONCAT,HsDHODH_HighDiv,5,2,92.75,7,13,3,2,0.6842105263157895,0.15789473684210525,0.10526315789473684,0.46153846153846156,0.07692307692307693,19,1,0,1,0,0,0,0,0
C=C(C#CCCC1=CC(C(=O)N=O)=CC(O)=C1Br)C(=O)NO,12/000000341,"InChI=1S/C14H11BrN2O5/c1-8(13(19)16-21)4-2-3-5-9-6-10(14(20)17-22)7-11(18)12(9)15/h6-7,18,21H,1,3,5H2,(H,16,19)",C14H11N2O5Br,365.985133552,2.0589000000000004,5.02,4.6,6.72,-60.0,3.655445912597448,1,HIGHDIVERSITY_CONCAT,HsDHODH_HighDiv,5,3,116.06000000000002,4,14,5,2,0.6363636363636364,0.22727272727272727,0.09090909090909091,0.14285714285714285,0.0,22,1,0,1,0,0,0,0,0
CCOC/C=C\CCCC#CC1=C(Br)C(ON)=CC(C(=O)O)=C1,12/000001307,"InChI=1S/C17H20BrNO4/c1-2-22-10-8-6-4-3-5-7-9-13-11-14(17(20)21)12-15(23-19)16(13)18/h6,8,11-12H,2-5,10,19H2,1H3,(H,20,21)/b8-6-",C17H20NO4Br,381.05757021999995,3.5143000000000013,5.02,4.0,21.7,-130.0,3.1999765518199883,1,HIGHDIVERSITY_CONCAT,HsDHODH_HighDiv,4,2,81.78,8,17,4,1,0.7391304347826086,0.17391304347826086,0.043478260869565216,0.35294117647058826,0.0,23,1,0,1,0,0,0,0,0
CCC/C=C/C1=C(Cl)C=C(I)C(C2=NC(CC(=O)O)=NN2)=N1,4/000000280,"InChI=1S/C14H14ClIN4O2/c1-2-3-4-5-10-8(15)6-9(16)13(17-10)14-18-11(19-20-14)7-12(21)22/h4-6H,2-3,7H2,1H3,(H,21,22)(H,18,19,20)/b5-4+",C14H14N4O2ClI,431.98500136800004,3.565100000000001,5.01,4.06,23.1,-160.0,3.4077475690404775,1,HIGHDIVERSITY_CONCAT,HsDHODH_HighDiv,4,2,91.76,6,14,2,4,0.6363636363636364,0.09090909090909091,0.18181818181818182,0.2857142857142857,0.0,22,2,0,2,2,0,2,0,0
O=[N+]([O-])C1=C(CO)N=CN1CC#CC1=CC(O)=CC=C1,23/000000191,"InChI=1S/C13H11N3O4/c17-8-12-13(16(19)20)15(9-14-12)6-2-4-10-3-1-5-11(18)7-10/h1,3,5,7,9,17-18H,6,8H2",C13H11N3O4,273.07495583200006,1.0409,5.01,1.86,3.58,0.0,3.0526630481386903,1,HIGHDIVERSITY_CONCAT,HsDHODH_HighDiv,6,2,101.42,3,13,4,3,0.65,0.2,0.15,0.15384615384615385,0.0,20,2,0,2,1,0,1,0,0
CC/C=C/CCCC(=O)OC1=C(Br)C(ON)=CC(C(=O)O)=C1,12/000001301,"InChI=1S/C15H18BrNO5/c1-2-3-4-5-6-7-13(18)21-11-8-10(15(19)20)9-12(22-17)14(11)16/h3-4,8-9H,2,5-7,17H2,1H3,(H,19,20)/b4-3+",C15H18NO5Br,371.036834776,3.441700000000001,5.0,3.63,19.9,-80.0,2.769902587955988,1,HIGHDIVERSITY_CONCAT,HsDHODH_HighDiv,5,2,98.85000000000001,8,15,5,1,0.6818181818181818,0.22727272727272727,0.045454545454545456,0.3333333333333333,0.0,22,1,0,1,0,0,0,0,0
NCCCC1=C(Br)C(N=O)=CC(C(=O)C2=NC(S)=NN2)=C1,12/000000111,"InChI=1S/C12H12BrN5O2S/c13-9-6(2-1-3-14)4-7(5-8(9)18-20)10(19)11-15-12(21)17-16-11/h4-5H,1-3,14H2,(H2,15,16,17,21)",C12H12N5O2SBr,368.9895077240001,2.3761,5.0,6.39,3.58,-20.0,3.54513486711652,1,HIGHDIVERSITY_CONCAT,HsDHODH_HighDiv,7,3,114.09,6,12,2,5,0.5714285714285714,0.09523809523809523,0.23809523809523808,0.25,0.0,21,2,0,2,1,0,1,0,0
NOC1=CC(C(=O)O)=CC(OC/C=C/C2=NC=NC=N2)=C1Br,12/000001400,"InChI=1S/C13H11BrN4O4/c14-12-9(4-8(13(19)20)5-10(12)22-15)21-3-1-2-11-17-6-16-7-18-11/h1-2,4-7H,3,15H2,(H,19,20)/b2-1+",C13H11N4O4Br,365.99636693200006,1.6770000000000003,5.0,7.33,19.3,0.0,3.2098982951520156,1,HIGHDIVERSITY_CONCAT,HsDHODH_HighDiv,7,2,120.45,6,13,4,4,0.5909090909090909,0.18181818181818182,0.18181818181818182,0.07692307692307693,0.0,22,2,0,2,1,0,1,0,0
C=C(C)NC/C=C/C1=CC=C(I)C(C2=NC(CC(=O)O)=NN2)=N1,4/000000221,"InChI=1S/C15H16IN5O2/c1-9(2)17-7-3-4-10-5-6-11(16)14(18-10)15-19-12(20-21-15)8-13(22)23/h3-6,17H,1,7-8H2,2H3,(H,22,23)(H,19,20,21)/b4-3+",C15H16N5O2I,425.03487275200007,2.2348,4.99,4.31,24.4,-200.0,3.4901183787430643,1,HIGHDIVERSITY_CONCAT,HsDHODH_HighDiv,5,3,103.79,7,15,2,5,0.6521739130434783,0.08695652173913043,0.21739130434782608,0.2,0.0,23,2,0,2,2,0,2,0,0
O=NC(=O)C1=CC(O)=C(Br)C(CC#CCSS)=C1,12/000000842,"InChI=1S/C11H8BrNO3S2/c12-10-7(3-1-2-4-18-17)5-8(6-9(10)14)11(15)13-16/h5-6,14,17H,3-4H2",C11H8NO3S2Br,344.91289721600003,3.185200000000001,4.99,6.77,3.85,0.0,3.832885755662245,1,HIGHDIVERSITY_CONCAT,HsDHODH_HighDiv,5,2,66.73,3,11,3,1,0.6111111111111112,0.16666666666666666,0.05555555555555555,0.18181818181818182,0.0,18,1,0,1,0,0,0,0,0
NCCS(=O)(=O)CCSCC1=CC(O)=CC(N2CCNC2=O)=C1,28/000000433,"InChI=1S/C14H21N3O4S2/c15-1-5-23(20,21)6-4-22-10-11-7-12(9-13(18)8-11)17-3-2-16-14(17)19/h7-9,18H,1-6,10,15H2,(H,16,19)",C14H21N3O4S2,359.09734815200005,0.5285000000000003,4.99,4.38,23.2,-120.0,2.948865734512296,1,HIGHDIVERSITY_CONCAT,HsDHODH_HighDiv,6,3,112.72999999999999,8,14,4,3,0.6086956521739131,0.17391304347826086,0.13043478260869565,0.5,0.0,23,2,1,1,1,1,0,0,0
C=C1C(=O)NN=C1/C=C\CCC1=C(CO)N=C(C(=O)O)O1,3/000000313,"InChI=1S/C13H13N3O5/c1-7-8(15-16-11(7)18)4-2-3-5-10-9(6-17)14-12(21-10)13(19)20/h2,4,17H,1,3,5-6H2,(H,16,18)(H,19,20)/b4-2-",C13H13N3O5,291.085520516,0.3958999999999999,4.99,6.2,5.21,0.0,3.9383513127398615,1,HIGHDIVERSITY_CONCAT,HsDHODH_HighDiv,6,3,125.02000000000001,6,13,5,3,0.6190476190476191,0.23809523809523808,0.14285714285714285,0.23076923076923078,0.0,21,2,1,1,2,1,1,0,0
O=C(O)C[C@H](CCCCCO)C1=NNC(=S)O1,8/000000033,"InChI=1S/C10H16N2O4S/c13-5-3-1-2-4-7(6-8(14)15)9-11-12-10(17)16-9/h7,13H,1-6H2,(H,12,17)(H,14,15)/t7-/m0/s1",C10H16N2O4S,260.083077992,1.8431899999999999,4.99,3.55,3.58,-170.0,3.375690438357296,1,HIGHDIVERSITY_CONCAT,HsDHODH_HighDiv,5,3,99.35000000000001,8,10,4,2,0.5882352941176471,0.23529411764705882,0.11764705882352941,0.7,0.1,17,1,0,1,1,0,1,0,0
O=C(O)CC1=NNC(C2=NC(/C=C/C3=CN=CC=C3)=CC(O)=C2I)=N1,4/000000273,"InChI=1S/C16H12IN5O3/c17-14-11(23)6-10(4-3-9-2-1-5-18-8-9)19-15(14)16-20-12(21-22-16)7-13(24)25/h1-6,8H,7H2,(H,19,23)(H,24,25)(H,20,21,22)/b4-3+",C16H12N5O3I,448.998487244,2.3694,4.98,5.0,24.2,-180.0,3.246108007574259,1,HIGHDIVERSITY_CONCAT,HsDHODH_HighDiv,6,3,124.88,5,16,3,5,0.64,0.12,0.2,0.0625,0.0,25,3,0,3,3,0,3,0,0
CCC/C(C#CCC1=C(CO)N=C(C(=O)O)O1)=C/CCN,3/000000273,"InChI=1S/C15H20N2O4/c1-2-5-11(7-4-9-16)6-3-8-13-12(10-18)17-14(21-13)15(19)20/h7,18H,2,4-5,8-10,16H2,1H3,(H,19,20)/b11-7-",C15H20N2O4,292.14230712,1.4863,4.98,8.19,24.0,-200.0,3.820272267647024,1,HIGHDIVERSITY_CONCAT,HsDHODH_HighDiv,5,3,109.58,7,15,4,2,0.7142857142857143,0.19047619047619047,0.09523809523809523,0.4666666666666667,0.0,21,1,0,1,1,0,1,0,0
C=C/C(=C\C)C(=O)OC1=C(Br)C(ON)=CC(C(=O)O)=C1,12/000001354,"InChI=1S/C13H12BrNO5/c1-3-7(4-2)13(18)19-9-5-8(12(16)17)6-10(20-15)11(9)14/h3-6H,1,15H2,2H3,(H,16,17)/b7-4+",C13H12NO5Br,340.9898845839999,2.4375,4.98,6.34,19.7,-20.0,3.285573269992309,1,HIGHDIVERSITY_CONCAT,HsDHODH_HighDiv,5,2,98.85000000000001,5,13,5,1,0.65,0.25,0.05,0.07692307692307693,0.0,20,1,0,1,0,0,0,0,0
NOC1=C(Br)C(C(=O)OC2CCCC2)=CC(C(=O)O)=C1,12/000000696,"InChI=1S/C13H14BrNO5/c14-11-9(13(18)19-8-3-1-2-4-8)5-7(12(16)17)6-10(11)20-15/h5-6,8H,1-4,15H2,(H,16,17)",C13H14NO5Br,343.0055346479999,2.4992,4.98,6.12,3.58,-150.0,2.6561627883984293,1,HIGHDIVERSITY_CONCAT,HsDHODH_HighDiv,5,2,98.85000000000001,4,13,5,1,0.65,0.25,0.05,0.38461538461538464,0.0,20,2,1,1,0,0,0,0,0
CC#C[C@H](N)CC1=C(Br)C(ON)=CC(C(=O)O)=C1,12/000001188,"InChI=1S/C12H13BrN2O3/c1-2-3-9(14)5-7-4-8(12(16)17)6-10(18-15)11(7)13/h4,6,9H,5,14-15H2,1H3,(H,16,17)/p+1/t9-/m0/s1",C12H14N2O3Br,312.010954376,1.2929,4.97,4.63,2.48,-170.0,4.205998304603581,1,HIGHDIVERSITY_CONCAT,HsDHODH_HighDiv,4,3,98.57000000000001,4,12,3,2,0.6666666666666666,0.16666666666666666,0.1111111111111111,0.25,0.08333333333333333,18,1,0,1,0,0,0,0,0
O=NC1=CC(C(=O)[C@H]2CCCN2)=CC(S)=C1Br,12/000000083,"InChI=1S/C11H11BrN2O2S/c12-10-8(14-16)4-6(5-9(10)17)11(15)7-2-1-3-13-7/h4-5,7,13,17H,1-3H2/p+1/t7-/m1/s1",C11H12N2O2SBr,313.972460692,3.0704000000000016,4.97,3.52,2.35,-170.0,5.02675295881556,1,HIGHDIVERSITY_CONCAT,HsDHODH_HighDiv,5,2,58.53,3,11,2,2,0.6470588235294118,0.11764705882352941,0.11764705882352941,0.36363636363636365,0.09090909090909091,17,2,1,1,1,1,0,0,0
CC(C)=CCNC(=O)NC1=C(Br)C(ON)=CC(C(=O)O)=C1,12/000001309,"InChI=1S/C13H16BrN3O4/c1-7(2)3-4-16-13(20)17-9-5-8(12(18)19)6-10(21-15)11(9)14/h3,5-6H,4,15H2,1-2H3,(H,18,19)(H2,16,17,20)",C13H16N3O4Br,357.03241809199994,2.4875,4.97,7.19,20.3,-110.0,2.8561606533992023,1,HIGHDIVERSITY_CONCAT,HsDHODH_HighDiv,4,4,113.67999999999999,5,13,4,3,0.6190476190476191,0.19047619047619047,0.14285714285714285,0.23076923076923078,0.0,21,1,0,1,0,0,0,0,0
NOC1=CC(C(=O)O)=CC(OC/C=C/[C@H]2CN=CN2)=C1Br,12/000001452,"InChI=1S/C13H14BrN3O4/c14-12-10(4-8(13(18)19)5-11(12)21-15)20-3-1-2-9-6-16-7-17-9/h1-2,4-5,7,9H,3,6,15H2,(H,16,17)(H,18,19)/b2-1+/t9-/m0/s1",C13H14N3O4Br,355.01676802800006,1.3349,4.97,6.42,20.4,-150.0,3.932063510125974,1,HIGHDIVERSITY_CONCAT,HsDHODH_HighDiv,6,3,106.17,6,13,4,3,0.6190476190476191,0.19047619047619047,0.14285714285714285,0.23076923076923078,0.07692307692307693,21,2,1,1,1,1,0,0,0
OC/C=C\C1=CC(CCC2=C(F)C(O)=CC=C2F)=CC=C1CO,3/000000321,"InChI=1S/C18H18F2O3/c19-16-7-8-17(23)18(20)15(16)6-4-12-3-5-14(11-22)13(10-12)2-1-9-21/h1-3,5,7-8,10,21-23H,4,6,9,11H2/b2-1-",C18H18O3F2,320.122400876,2.9534000000000016,4.97,7.1,3.84,0.0,2.760198907589219,1,HIGHDIVERSITY_CONCAT,HsDHODH_HighDiv,3,3,60.69,6,18,3,0,0.782608695652174,0.13043478260869565,0.0,0.2222222222222222,0.0,23,2,0,2,0,0,0,0,0
NOC/C=C/[C@@H](/C=C/C1=C(F)C=CC(Br)=C1N)P(=O)(O)O,16/000000004,"InChI=1S/C12H15BrFN2O4P/c13-10-5-6-11(14)9(12(10)15)4-3-8(21(17,18)19)2-1-7-20-16/h1-6,8H,7,15-16H2,(H2,17,18,19)/b2-1+,4-3+/t8-/m0/s1",C12H15N2O4PFBr,379.99368391,2.1764,4.97,3.93,5.09,-200.0,4.2682799331097705,1,HIGHDIVERSITY_CONCAT,HsDHODH_HighDiv,4,4,118.80000000000001,6,12,4,2,0.5714285714285714,0.19047619047619047,0.09523809523809523,0.16666666666666666,0.08333333333333333,21,1,0,1,0,0,0,0,0
CC(=O)NC1=C(Br)C(N=O)=CC(C(=O)CO)=C1,12/000000180,"InChI=1S/C10H9BrN2O4/c1-5(15)12-7-2-6(9(16)4-14)3-8(13-17)10(7)11/h2-3,14H,4H2,1H3,(H,12,15)",C10H9N2O4Br,299.974568868,1.9803999999999997,4.96,3.98,3.58,-20.0,2.912521966455941,1,HIGHDIVERSITY_CONCAT,HsDHODH_HighDiv,5,2,95.83,4,10,4,2,0.5882352941176471,0.23529411764705882,0.11764705882352941,0.2,0.0,17,1,0,1,0,0,0,0,0
O=C(O)CC1=NNC(C2=NC(/C=C/CCCS)=CC=C2I)=N1,4/000000269,"InChI=1S/C14H15IN4O2S/c15-10-6-5-9(4-2-1-3-7-22)16-13(10)14-17-11(18-19-14)8-12(20)21/h2,4-6,22H,1,3,7-8H2,(H,20,21)(H,17,18,19)/b4-2+",C14H15N4O2SI,429.99604472000004,2.821600000000001,4.96,3.45,23.9,-140.0,3.4200561115291883,1,HIGHDIVERSITY_CONCAT,HsDHODH_HighDiv,5,3,91.75999999999999,7,14,2,4,0.6363636363636364,0.09090909090909091,0.18181818181818182,0.2857142857142857,0.0,22,2,0,2,2,0,2,0,0
CNNCC1=CC(C2=CC(O)=C(F)C=C2N=O)=CN1,6/000000096,"InChI=1S/C12H13FN4O2/c1-14-16-6-8-2-7(5-15-8)9-3-12(18)10(13)4-11(9)17-19/h2-5,14-16,18H,6H2,1H3",C12H13N4O2F,264.102253876,2.1482999999999994,4.96,3.43,20.7,-140.0,3.540277971100715,1,HIGHDIVERSITY_CONCAT,HsDHODH_HighDiv,5,4,89.50999999999999,5,12,2,4,0.631578947368421,0.10526315789473684,0.21052631578947367,0.16666666666666666,0.0,19,2,0,2,1,0,1,0,0
CCC1=C(C2=CC(CN)=CC=C2)C(=O)C(CN)=CC1=O,10/000000165,"InChI=1S/C16H18N2O2/c1-2-13-14(19)7-12(9-18)16(20)15(13)11-5-3-4-10(6-11)8-17/h3-7H,2,8-9,17-18H2,1H3",C16H18N2O2,270.136827816,1.3457999999999999,4.96,7.09,5.09,-180.0,2.85256418699983,1,HIGHDIVERSITY_CONCAT,HsDHODH_HighDiv,4,2,86.18,4,16,2,2,0.8,0.1,0.1,0.25,0.0,20,2,1,1,0,0,0,0,0
O=NC1=C(Br)C([N+](=O)[O-])=CC(C(=O)C2NC=CN2)=C1,12/000000116,"InChI=1S/C10H7BrN4O4/c11-8-6(14-17)3-5(4-7(8)15(18)19)9(16)10-12-1-2-13-10/h1-4,10,12-13H",C10H7N4O4Br,325.96506680400006,1.9280000000000004,4.96,3.46,2.48,-150.0,3.821150718672447,1,HIGHDIVERSITY_CONCAT,HsDHODH_HighDiv,7,2,113.69999999999999,4,10,4,4,0.5263157894736842,0.21052631578947367,0.21052631578947367,0.1,0.0,19,2,1,1,1,1,0,0,0
C=CC1=C(CC)C=C(I)C(C2=NC(CC(=O)O)=NN2)=N1,4/000000169,"InChI=1S/C13H13IN4O2/c1-3-7-5-8(14)12(15-9(7)4-2)13-16-10(17-18-13)6-11(19)20/h4-5H,2-3,6H2,1H3,(H,19,20)(H,16,17,18)",C13H13N4O2I,384.0083236560001,2.3037999999999994,4.95,7.18,20.8,-140.0,3.5087157953914376,1,HIGHDIVERSITY_CONCAT,HsDHODH_HighDiv,4,2,91.76,5,13,2,4,0.65,0.1,0.2,0.23076923076923078,0.0,20,2,0,2,2,0,2,0,0
CC[C@@H](N)C#CCCC1=C(Br)C(O)=CC(C(=O)N=O)=C1,12/000000881,"InChI=1S/C14H15BrN2O3/c1-2-11(16)6-4-3-5-9-7-10(14(19)17-20)8-12(18)13(9)15/h7-8,11,18H,2-3,5,16H2,1H3/p+1/t11-/m1/s1",C14H16N2O3Br,338.02660444,2.7346000000000004,4.95,5.47,3.85,-170.0,4.311480404772334,1,HIGHDIVERSITY_CONCAT,HsDHODH_HighDiv,4,2,92.75,4,14,3,2,0.7,0.15,0.1,0.35714285714285715,0.07142857142857142,20,1,0,1,0,0,0,0,0
NCC#CCC1=C(Br)C(O)=CC(C(=O)N=O)=C1,12/000000832,"InChI=1S/C11H9BrN2O3/c12-10-7(3-1-2-4-13)5-8(6-9(10)15)11(16)14-17/h5-6,15H,3-4,13H2/p+1",C11H10N2O3Br,295.97965424800003,1.5658999999999998,4.95,6.67,3.85,0.0,3.987832133680021,1,HIGHDIVERSITY_CONCAT,HsDHODH_HighDiv,4,2,92.75,2,11,3,2,0.6470588235294118,0.17647058823529413,0.11764705882352941,0.18181818181818182,0.0,17,1,0,1,0,0,0,0,0
C[C@@H](C(=O)OC1=C(Br)C(ON)=CC(C(=O)O)=C1)C1=NNC=C1,12/000001344,"InChI=1S/C13H12BrN3O5/c1-6(8-2-3-16-17-8)13(20)21-9-4-7(12(18)19)5-10(22-15)11(9)14/h2-6H,15H2,1H3,(H,16,17)(H,18,19)/t6-/m1/s1",C13H12N3O5Br,368.99603258400003,1.832,4.95,7.12,23.5,-170.0,3.7473995050291937,1,HIGHDIVERSITY_CONCAT,HsDHODH_HighDiv,6,3,127.53,5,13,5,3,0.5909090909090909,0.22727272727272727,0.13636363636363635,0.15384615384615385,0.07692307692307693,22,2,0,2,1,0,1,0,0
NC[C@H](O)C#CCCC1=CC(C(=O)N=O)=CC(O)=C1Br,12/000000283,"InChI=1S/C13H13BrN2O4/c14-12-8(3-1-2-4-10(17)7-15)5-9(6-11(12)18)13(19)16-20/h5-6,10,17-18H,1,3,7,15H2/p+1/t10-/m1/s1",C13H14N2O4Br,340.005868996,1.3169,4.94,5.23,3.85,-150.0,4.371080404772336,1,HIGHDIVERSITY_CONCAT,HsDHODH_HighDiv,5,3,112.98,4,13,4,2,0.65,0.2,0.1,0.3076923076923077,0.07692307692307693,20,1,0,1,0,0,0,0,0
NCCCCCC#CC1=C(Br)C(ON)=CC(C(=O)O)=C1,12/000001185,"InChI=1S/C14H17BrN2O3/c15-13-10(6-4-2-1-3-5-7-16)8-11(14(18)19)9-12(13)20-17/h8-9H,1-3,5,7,16-17H2,(H,18,19)",C14H17N2O3Br,340.04225450399997,2.2704000000000004,4.94,4.47,19.1,0.0,2.9496156555312965,1,HIGHDIVERSITY_CONCAT,HsDHODH_HighDiv,4,3,98.57000000000001,6,14,3,2,0.7,0.15,0.1,0.35714285714285715,0.0,20,1,0,1,0,0,0,0,0
NCNCCCC#CCC1=C(Br)C(O)=CC(C(=O)N=O)=C1,12/000000848,"InChI=1S/C14H16BrN3O3/c15-13-10(5-3-1-2-4-6-17-9-16)7-11(8-12(13)19)14(20)18-21/h7-8,17,19H,2,4-6,9,16H2",C14H16N3O3Br,353.03750347199997,1.8932,4.94,7.98,5.21,-30.0,3.4839372543844247,1,HIGHDIVERSITY_CONCAT,HsDHODH_HighDiv,5,3,104.78,6,14,3,3,0.6666666666666666,0.14285714285714285,0.14285714285714285,0.35714285714285715,0.0,21,1,0,1,0,0,0,0,0
NOCC1=C(Br)C(N=O)=CC(C(=O)[C@H]2CC(=O)N2)=C1,12/000000931,"InChI=1S/C11H10BrN3O4/c12-10-6(4-19-13)1-5(2-7(10)15-18)11(17)8-3-9(16)14-8/h1-2,8H,3-4,13H2,(H,14,16)/t8-/m1/s1",C11H10N3O4Br,326.9854679,1.3084999999999998,4.94,4.25,3.72,-170.0,3.854354729376003,1,HIGHDIVERSITY_CONCAT,HsDHODH_HighDiv,6,2,110.85,5,11,4,3,0.5789473684210527,0.21052631578947367,0.15789473684210525,0.2727272727272727,0.09090909090909091,19,2,1,1,1,1,0,0,0
C=CC1=C(C#CCCCF)C=C(N2CCNC2=O)C=C1O,28/000000523,"InChI=1S/C16H17FN2O2/c1-2-14-12(6-4-3-5-7-17)10-13(11-15(14)20)19-9-8-18-16(19)21/h2,10-11,20H,1,3,5,7-9H2,(H,18,21)",C16H17N2O2F,288.127406004,2.666000000000001,4.94,4.62,21.5,-120.0,3.3142769972248693,1,HIGHDIVERSITY_CONCAT,HsDHODH_HighDiv,2,2,52.57000000000001,4,16,2,2,0.7619047619047619,0.09523809523809523,0.09523809523809523,0.3125,0.0,21,2,1,1,1,1,0,0,0
O=NC1=C(Br)C(NC(=O)CF)=CC(C(=O)CO)=C1,12/000000607,"InChI=1S/C10H8BrFN2O4/c11-10-6(13-9(17)3-12)1-5(8(16)4-15)2-7(10)14-18/h1-2,15H,3-4H2,(H,13,17)",C10H8N2O4FBr,317.965147056,1.9299999999999995,4.94,4.76,3.72,0.0,3.1246933106073005,1,HIGHDIVERSITY_CONCAT,HsDHODH_HighDiv,5,2,95.83,5,10,4,2,0.5555555555555556,0.2222222222222222,0.1111111111111111,0.2,0.0,18,1,0,1,0,0,0,0,0
O=NC(=O)C1=CC(CCC#C[C@@H]2CN=CNC2)=C(Br)C(O)=C1,12/000000305,"InChI=1S/C15H14BrN3O3/c16-14-11(5-12(6-13(14)20)15(21)19-22)4-2-1-3-10-7-17-9-18-8-10/h5-6,9-10,20H,2,4,7-8H2,(H,17,18)",C15H14N3O3Br,363.02185340799997,2.245,4.93,5.71,4.16,-150.0,4.348285733317034,1,HIGHDIVERSITY_CONCAT,HsDHODH_HighDiv,5,2,91.12,3,15,3,3,0.6818181818181818,0.13636363636363635,0.13636363636363635,0.3333333333333333,0.06666666666666667,22,2,1,1,1,1,0,0,0
NOC1=C(Br)C(C#CCCCC=C2NCCN2)=CC(C(=O)O)=C1,12/000001290,"InChI=1S/C16H18BrN3O3/c17-15-11(9-12(16(21)22)10-13(15)23-18)5-3-1-2-4-6-14-19-7-8-20-14/h6,9-10,19-20H,1-2,4,7-8,18H2,(H,21,22)",C16H18N3O3Br,379.05315353599997,1.9558000000000002,4.93,3.92,23.1,0.0,3.716318234512296,1,HIGHDIVERSITY_CONCAT,HsDHODH_HighDiv,5,4,96.61,5,16,3,3,0.6956521739130435,0.13043478260869565,0.13043478260869565,0.3125,0.0,23,2,1,1,1,1,0,0,0
O=C(O)CC1=NNC(C2=NC(/C=C/C3=CN=CC=C3)=CC=C2I)=N1,4/000000055,"InChI=1S/C16H12IN5O2/c17-12-6-5-11(4-3-10-2-1-7-18-9-10)19-15(12)16-20-13(21-22-16)8-14(23)24/h1-7,9H,8H2,(H,23,24)(H,20,21,22)/b4-3+",C16H12N5O2I,433.003572624,2.663800000000001,4.93,4.34,23.0,-180.0,3.0507960146923585,1,HIGHDIVERSITY_CONCAT,HsDHODH_HighDiv,5,2,104.64999999999999,5,16,2,5,0.6666666666666666,0.08333333333333333,0.20833333333333334,0.0625,0.0,24,3,0,3,3,0,3,0,0
NN[C@@H](CNCCC1=NNC(N)=C1)C1=C(Br)C(N=O)=CC(C(=O)CCl)=C1,12/000000943,"InChI=1S/C15H19BrClN7O2/c16-15-10(3-8(13(25)6-17)4-11(15)24-26)12(21-19)7-20-2-1-9-5-14(18)23-22-9/h3-5,12,20-21H,1-2,6-7,19H2,(H3,18,22,23)/t12-/m0/s1",C15H19N7O2ClBr,443.04721262799995,1.9105,4.93,4.8,5.09,-150.0,4.151811406536865,1,HIGHDIVERSITY_CONCAT,HsDHODH_HighDiv,8,5,151.27999999999997,10,15,2,7,0.5769230769230769,0.07692307692307693,0.2692307692307692,0.3333333333333333,0.06666666666666667,26,2,0,2,1,0,1,0,0
C=CCCCCCOC1=C(Br)C(ON)=CC(C(=O)O)=C1,12/000001264,"InChI=1S/C14H18BrNO4/c1-2-3-4-5-6-7-19-11-8-10(14(17)18)9-12(20-16)13(11)15/h2,8-9H,1,3-7,16H2,(H,17,18)",C14H18NO4Br,343.04192015599995,3.5250000000000012,4.92,5.75,17.1,0.0,2.567469361825003,1,HIGHDIVERSITY_CONCAT,HsDHODH_HighDiv,4,2,81.78,9,14,4,1,0.7,0.2,0.05,0.35714285714285715,0.0,20,1,0,1,0,0,0,0,0
CCCC#CC1=CC(C(=O)O)=CC(ON)=C1Br,12/000001156,"InChI=1S/C12H12BrNO3/c1-2-3-4-5-8-6-9(12(15)16)7-10(17-14)11(8)13/h6-7H,2-3,14H2,1H3,(H,15,16)",C12H12NO3Br,297.000055344,2.5514,4.92,5.75,16.5,-20.0,3.031096013278683,1,HIGHDIVERSITY_CONCAT,HsDHODH_HighDiv,3,2,72.55,3,12,3,1,0.7058823529411765,0.17647058823529413,0.058823529411764705,0.25,0.0,17,1,0,1,0,0,0,0,0
C=CC(=C)C(=O)C1=CC(N=O)=C(Br)C(NC(N)N)=C1,12/000000103,"InChI=1S/C12H13BrN4O2/c1-3-6(2)11(18)7-4-8(16-12(14)15)10(13)9(5-7)17-19/h3-5,12,16H,1-2,14-15H2",C12H11N4O2Br,324.0221877560001,2.3848000000000003,4.92,3.44,21.0,-20.0,3.7918652512168247,1,HIGHDIVERSITY_CONCAT,HsDHODH_HighDiv,6,3,110.57,6,12,2,4,0.631578947368421,0.10526315789473684,0.21052631578947367,0.08333333333333333,0.0,19,1,0,1,0,0,0,0,0
C=C[C@@H](CN)ONCC1=CNC(=O)C2=C1C=C(C(=O)O)N2,3/000000031,"InChI=1S/C13H16N4O4/c1-2-8(4-14)21-16-6-7-5-15-12(18)11-9(7)3-10(17-11)13(19)20/h2-3,5,8,16-17H,1,4,6,14H2,(H,15,18)(H,19,20)/t8-/m0/s1",C13H16N4O4,292.117154992,0.0889000000000002,4.92,8.82,24.6,-190.0,3.963783826630042,1,HIGHDIVERSITY_CONCAT,HsDHODH_HighDiv,5,5,133.23000000000002,7,13,4,4,0.6190476190476191,0.19047619047619047,0.19047619047619047,0.23076923076923078,0.07692307692307693,21,2,0,2,2,0,2,0,0
CCCC[C@H](O)CC1=CC(C(=O)N=O)=CC(O)=C1Br,12/000000368,"InChI=1S/C13H16BrNO4/c1-2-3-4-10(16)6-8-5-9(13(18)15-19)7-11(17)12(8)14/h5,7,10,16-17H,2-4,6H2,1H3/t10-/m0/s1",C13H16NO4Br,329.026270092,3.1549000000000027,4.92,3.57,3.85,-170.0,3.2990832361633338,1,HIGHDIVERSITY_CONCAT,HsDHODH_HighDiv,4,2,86.96,6,13,4,1,0.6842105263157895,0.21052631578947367,0.05263157894736842,0.46153846153846156,0.07692307692307693,19,1,0,1,0,0,0,0,0
C=CCC/C=C/C(=O)OC1=C(Br)C(ON)=CC(C(=O)O)=C1,12/000001394,"InChI=1S/C14H14BrNO5/c1-2-3-4-5-6-12(17)20-10-7-9(14(18)19)8-11(21-16)13(10)15/h2,5-8H,1,3-4,16H2,(H,18,19)/b6-5+",C14H14NO5Br,355.005534648,2.8276000000000003,4.91,5.93,20.3,-30.0,2.974136737841077,1,HIGHDIVERSITY_CONCAT,HsDHODH_HighDiv,5,2,98.85000000000001,7,14,5,1,0.6666666666666666,0.23809523809523808,0.047619047619047616,0.14285714285714285,0.0,21,1,0,1,0,0,0,0,0
C=C(C(C)=O)C(=O)NOCC1=C(Br)C(CO)=CC(C(=O)N=O)=C1,12/000000350,"InChI=1S/C14H13BrN2O6/c1-7(8(2)19)13(20)17-23-6-11-4-9(14(21)16-22)3-10(5-18)12(11)15/h3-4,18H,1,5-6H2,2H3,(H,17,20)",C14H13N2O6Br,383.99569823599995,1.5409999999999997,4.91,7.49,24.5,-110.0,3.422860580035625,1,HIGHDIVERSITY_CONCAT,HsDHODH_HighDiv,6,2,122.13000000000002,7,14,6,2,0.6086956521739131,0.2608695652173913,0.08695652173913043,0.21428571428571427,0.0,23,1,0,1,0,0,0,0,0
O=C(O)CC1=NNC(C2=NC(/C=C/CS)=C(CCl)C=C2I)=N1,4/000000056,"InChI=1S/C13H12ClIN4O2S/c14-6-7-4-8(15)12(16-9(7)2-1-3-22)13-17-10(18-19-13)5-11(20)21/h1-2,4,22H,3,5-6H2,(H,20,21)(H,17,18,19)/b2-1+",C13H12N4O2SClI,449.941422304,2.7802000000000007,4.91,7.11,25.0,-120.0,3.879669889343125,1,HIGHDIVERSITY_CONCAT,HsDHODH_HighDiv,5,3,91.75999999999999,6,13,2,4,0.5909090909090909,0.09090909090909091,0.18181818181818182,0.23076923076923078,0.0,22,2,0,2,2,0,2,0,0
CCC/C=C/C1=C(F)C=C(I)C(C2=NC(CC(=O)O)=NN2)=N1,4/000000288,"InChI=1S/C14H14FIN4O2/c1-2-3-4-5-10-8(15)6-9(16)13(17-10)14-18-11(19-20-14)7-12(21)22/h4-6H,2-3,7H2,1H3,(H,21,22)(H,18,19,20)/b5-4+",C14H14N4O2FI,416.01455190800004,3.0508000000000006,4.91,3.9,24.1,-160.0,3.436842651007691,1,HIGHDIVERSITY_CONCAT,HsDHODH_HighDiv,4,2,91.76,6,14,2,4,0.6363636363636364,0.09090909090909091,0.18181818181818182,0.2857142857142857,0.0,22,2,0,2,2,0,2,0,0
C/C=C/CC/C=C/CC1=C(Br)C(ON)=CC(C(=O)O)=C1,12/000001380,"InChI=1S/C15H18BrNO3/c1-2-3-4-5-6-7-8-11-9-12(15(18)19)10-13(20-17)14(11)16/h2-3,6-7,9-10H,4-5,8,17H2,1H3,(H,18,19)/b3-2+,7-6+",C15H18NO3Br,339.047005536,3.854800000000002,4.91,6.57,2.48,-20.0,3.1629395716152136,1,HIGHDIVERSITY_CONCAT,HsDHODH_HighDiv,3,2,72.55,7,15,3,1,0.75,0.15,0.05,0.26666666666666666,0.0,20,1,0,1,0,0,0,0,0
O=NC(=O)C1=CC(CONC(=O)C2=NNC=C2Br)=C(Br)C(O)=C1,12/000000747,"InChI=1S/C12H8Br2N4O5/c13-7-3-15-16-10(7)12(21)18-23-4-6-1-5(11(20)17-22)2-8(19)9(6)14/h1-3,19H,4H2,(H,15,16)(H,18,21)",C12H8N4O5Br2,445.88614355600004,2.408499999999999,4.9,7.25,4.16,0.0,3.5818782345122955,1,HIGHDIVERSITY_CONCAT,HsDHODH_HighDiv,6,3,133.74,5,12,5,4,0.5217391304347826,0.21739130434782608,0.17391304347826086,0.08333333333333333,0.0,23,2,0,2,1,0,1,0,0
C=CC1=C(C(=O)O)C=C(I)C(C2=NC(CC(=O)O)=NN2)=N1,4/000000201,"InChI=1S/C12H9IN4O4/c1-2-7-5(12(20)21)3-6(13)10(14-7)11-15-8(16-17-11)4-9(18)19/h2-3H,1,4H2,(H,18,19)(H,20,21)(H,15,16,17)",C12H9N4O4I,399.9668527680001,1.4396000000000002,4.9,8.17,23.6,-120.0,3.384019328934193,1,HIGHDIVERSITY_CONCAT,HsDHODH_HighDiv,5,3,129.06,5,12,4,4,0.5714285714285714,0.19047619047619047,0.19047619047619047,0.08333333333333333,0.0,21,2,0,2,2,0,2,0,0
CCCOC(=O)C1=CC(ON)=C(Br)C(NC(O)=S)=C1,12/000000605,"InChI=1S/C11H13BrN2O4S/c1-2-3-17-10(15)6-4-7(14-11(16)19)9(12)8(5-6)18-13/h4-5H,2-3,13H2,1H3,(H2,14,16,19)",C11H13N2O4SBr,347.97793999600003,2.5232,4.9,3.17,19.4,-40.0,2.9889584457869613,1,HIGHDIVERSITY_CONCAT,HsDHODH_HighDiv,5,3,93.81,5,11,4,2,0.5789473684210527,0.21052631578947367,0.10526315789473684,0.2727272727272727,0.0,19,1,0,1,0,0,0,0,0
NOC1=CC(C(=O)O)=CC(C[C@H]2C=CCCO2)=C1Br,12/000000665,"InChI=1S/C13H14BrNO4/c14-12-8(6-10-3-1-2-4-18-10)5-9(13(16)17)7-11(12)19-15/h1,3,5,7,10H,2,4,6,15H2,(H,16,17)/t10-/m1/s1",C13H14NO4Br,327.010620028,2.2874000000000008,4.9,6.3,2.48,-150.0,3.794433001381466,1,HIGHDIVERSITY_CONCAT,HsDHODH_HighDiv,4,2,81.78,4,13,4,1,0.6842105263157895,0.21052631578947367,0.05263157894736842,0.3076923076923077,0.07692307692307693,19,2,1,1,1,1,0,0,0
COC/C=C\CCCCCOC1=C(Br)C(ON)=CC(C(=O)O)=C1,12/000001273,"InChI=1S/C16H22BrNO5/c1-21-8-6-4-2-3-5-7-9-22-13-10-12(16(19)20)11-14(23-18)15(13)17/h4,6,10-11H,2-3,5,7-9,18H2,1H3,(H,19,20)/b6-4-",C16H22NO5Br,387.068134904,3.5416000000000016,4.9,4.16,19.5,-110.0,2.729339292204602,1,HIGHDIVERSITY_CONCAT,HsDHODH_HighDiv,5,2,91.01,11,16,5,1,0.6956521739130435,0.21739130434782608,0.043478260869565216,0.4375,0.0,23,1,0,1,0,0,0,0,0
C[C@H](N)C#CCCC1=C(Br)C(O)=CC(C(=O)N=O)=C1,12/000000817,"InChI=1S/C13H13BrN2O3/c1-8(15)4-2-3-5-9-6-10(13(18)16-19)7-11(17)12(9)14/h6-8,17H,3,5,15H2,1H3/p+1/t8-/m0/s1",C13H14N2O3Br,324.01095437600003,2.344500000000001,4.89,4.47,3.85,-170.0,4.252526675077361,1,HIGHDIVERSITY_CONCAT,HsDHODH_HighDiv,4,2,92.75,3,13,3,2,0.6842105263157895,0.15789473684210525,0.10526315789473684,0.3076923076923077,0.07692307692307693,19,1,0,1,0,0,0,0,0
NCC#CCCC1=C(Br)C(O)=CC(C(=O)N=O)=C1,12/000000743,"InChI=1S/C12H11BrN2O3/c13-11-8(4-2-1-3-5-14)6-9(7-10(11)16)12(17)15-18/h6-7,16H,2,4-5,14H2/p+1",C12H12N2O3Br,309.99530431200003,1.9560000000000002,4.89,4.11,3.85,0.0,3.871638031957378,1,HIGHDIVERSITY_CONCAT,HsDHODH_HighDiv,4,2,92.75,3,12,3,2,0.6666666666666666,0.16666666666666666,0.1111111111111111,0.25,0.0,18,1,0,1,0,0,0,0,0
C[C@@H](Cl)/C=C\COC1=C(Br)C(ON)=CC(C(=O)O)=C1,12/000001357,"InChI=1S/C12H13BrClNO4/c1-7(14)3-2-4-18-9-5-8(12(16)17)6-10(19-15)11(9)13/h2-3,5-7H,4,15H2,1H3,(H,16,17)/b3-2-/t7-/m1/s1",C12H13NO4ClBr,348.971647676,2.9621000000000004,4.89,7.57,17.6,-170.0,3.478084141140709,1,HIGHDIVERSITY_CONCAT,HsDHODH_HighDiv,4,2,81.78,6,12,4,1,0.631578947368421,0.21052631578947367,0.05263157894736842,0.25,0.08333333333333333,19,1,0,1,0,0,0,0,0
O=C1C=C([C@@H](/C=C/C2=CC=C(CCl)C(Cl)=C2O)CO)C(=O)N1,30/000000022,"InChI=1S/C15H13Cl2NO4/c16-6-9-3-1-8(14(21)13(9)17)2-4-10(7-19)11-5-12(20)18-15(11)22/h1-5,10,19,21H,6-7H2,(H,18,20,22)/b4-2+/t10-/m0/s1",C15H13NO4Cl2,341.022163256,1.9888999999999997,4.89,4.39,5.35,-150.0,3.9323402742599622,1,HIGHDIVERSITY_CONCAT,HsDHODH_HighDiv,4,3,86.63,5,15,4,1,0.6818181818181818,0.18181818181818182,0.045454545454545456,0.2,0.06666666666666667,22,2,1,1,1,1,0,0,0
CC/C=C/C=C/C1=CC=C(I)C(C2=NC(CC(=O)O)=NN2)=N1,4/000000129,"InChI=1S/C15H15IN4O2/c1-2-3-4-5-6-10-7-8-11(16)14(17-10)15-18-12(19-20-15)9-13(21)22/h3-8H,2,9H2,1H3,(H,21,22)(H,18,19,20)/b4-3+,6-5+",C15H15N4O2I,410.0239737200001,3.0778000000000008,4.89,4.22,23.0,-180.0,3.378962066864176,1,HIGHDIVERSITY_CONCAT,HsDHODH_HighDiv,4,2,91.76,6,15,2,4,0.6818181818181818,0.09090909090909091,0.18181818181818182,0.2,0.0,22,2,0,2,2,0,2,0,0
C=CNC1=C(O)C=C(N2CCNC2=O)C=C1C#CCCCO,28/000000460,"InChI=1S/C16H19N3O3/c1-2-17-15-12(6-4-3-5-9-20)10-13(11-14(15)21)19-8-7-18-16(19)22/h2,10-11,17,20-21H,1,3,5,7-9H2,(H,18,22)",C16H19N3O3,301.14264146799997,1.6011999999999997,4.89,6.36,21.4,-120.0,3.3157499080552437,1,HIGHDIVERSITY_CONCAT,HsDHODH_HighDiv,4,4,84.83,5,16,3,3,0.7272727272727273,0.13636363636363635,0.13636363636363635,0.3125,0.0,22,2,1,1,1,1,0,0,0
O=NC1=CC(C(=O)[C@@H](Br)C(=O)O)=CC(O)=C1Br,12/000000400,"InChI=1S/C9H5Br2NO5/c10-6-4(12-17)1-3(2-5(6)13)8(14)7(11)9(15)16/h1-2,7,13H,(H,15,16)/t7-/m1/s1",C9H5NO5Br2,364.85344646,2.5834000000000006,4.88,2.75,2.35,-150.0,3.7657070653473266,1,HIGHDIVERSITY_CONCAT,HsDHODH_HighDiv,5,2,104.03,4,9,5,1,0.5294117647058824,0.29411764705882354,0.058823529411764705,0.1111111111111111,0.1111111111111111,17,1,0,1,0,0,0,0,0
O=C1NCCN1C1=CC(O)=C(S)C(CCO)=C1,28/000000297,"InChI=1S/C11H14N2O3S/c14-4-1-7-5-8(6-9(15)10(7)17)13-3-2-12-11(13)16/h5-6,14-15,17H,1-4H2,(H,12,16)",C11H14N2O3S,254.072513308,0.7452999999999999,4.88,2.89,15.7,-140.0,3.074883930449394,1,HIGHDIVERSITY_CONCAT,HsDHODH_HighDiv,4,4,72.80000000000001,3,11,3,2,0.6470588235294118,0.17647058823529413,0.11764705882352941,0.36363636363636365,0.0,17,2,1,1,1,1,0,0,0
C=CCONCC1=C(CO)NC(=O)C2=C1C=C(C(=O)O)N2,3/000000030,"InChI=1S/C13H15N3O5/c1-2-3-21-14-5-8-7-4-9(13(19)20)15-11(7)12(18)16-10(8)6-17/h2,4,14-15,17H,1,3,5-6H2,(H,16,18)(H,19,20)",C13H15N3O5,293.10117058000003,0.25389999999999985,4.88,7.13,24.4,-40.0,3.428827174808827,1,HIGHDIVERSITY_CONCAT,HsDHODH_HighDiv,5,5,127.44,7,13,5,3,0.6190476190476191,0.23809523809523808,0.14285714285714285,0.23076923076923078,0.0,21,2,0,2,2,0,2,0,0
C/C=C/C[C@H](O)CC1=CC(C(=O)N=O)=CC(O)=C1Br,12/000000273,"InChI=1S/C13H14BrNO4/c1-2-3-4-10(16)6-8-5-9(13(18)15-19)7-11(17)12(8)14/h2-3,5,7,10,16-17H,4,6H2,1H3/b3-2+/t10-/m0/s1",C13H14NO4Br,327.010620028,2.9309000000000016,4.88,4.48,3.85,-170.0,3.669150204489125,1,HIGHDIVERSITY_CONCAT,HsDHODH_HighDiv,4,2,86.96,5,13,4,1,0.6842105263157895,0.21052631578947367,0.05263157894736842,0.3076923076923077,0.07692307692307693,19,1,0,1,0,0,0,0,0
C=CC(=O)C1=CC(C[C@@H](Cl)C2=CON=C2O)=C(Br)C(O)=C1,12/000000733,"InChI=1S/C14H11BrClNO4/c1-2-11(18)7-3-8(13(15)12(19)5-7)4-10(16)9-6-21-17-14(9)20/h2-3,5-6,10,19H,1,4H2,(H,17,20)/t10-/m1/s1",C14H11NO4ClBr,370.95599761200003,3.739600000000002,4.88,5.28,3.7,-150.0,4.009753978800921,1,HIGHDIVERSITY_CONCAT,HsDHODH_HighDiv,5,2,83.56,5,14,4,1,0.6666666666666666,0.19047619047619047,0.047619047619047616,0.14285714285714285,0.07142857142857142,21,2,0,2,1,0,1,0,0
O=C(O)CC1=NNC(C2=NC(/C=C/CCCO)=CC=C2I)=N1,4/000000086,"InChI=1S/C14H15IN4O3/c15-10-6-5-9(4-2-1-3-7-20)16-13(10)14-17-11(18-19-14)8-12(21)22/h2,4-6,20H,1,3,7-8H2,(H,21,22)(H,17,18,19)/b4-2+",C14H15N4O3I,414.01888834000005,1.8840999999999999,4.88,3.95,22.6,-160.0,3.248533530884026,1,HIGHDIVERSITY_CONCAT,HsDHODH_HighDiv,5,3,111.99,7,14,3,4,0.6363636363636364,0.13636363636363635,0.18181818181818182,0.2857142857142857,0.0,22,2,0,2,2,0,2,0,0
NOC1=C(Br)C(C#CCCC[SH](=O)=O)=CC(C(=O)O)=C1,12/000001326,"InChI=1S/C12H12BrNO5S/c13-11-8(4-2-1-3-5-20(17)18)6-9(12(15)16)7-10(11)19-14/h6-7,20H,1,3,5,14H2,(H,15,16)",C12H12NO5SBr,360.96195558399995,1.1429000000000002,4.88,5.9,22.0,0.0,3.7298286159042577,1,HIGHDIVERSITY_CONCAT,HsDHODH_HighDiv,5,3,106.69000000000001,5,12,5,1,0.6,0.25,0.05,0.25,0.0,20,1,0,1,0,0,0,0,0
O=NC(=O)C1=CC(CONC(=O)C2=NC=CC=N2)=C(Br)C(CO)=C1,12/000000233,"InChI=1S/C14H11BrN4O5/c15-11-9(6-20)4-8(13(21)18-23)5-10(11)7-24-19-14(22)12-16-2-1-3-17-12/h1-5,20H,6-7H2,(H,19,22)",C14H11N4O5Br,393.99128155200003,1.4996,4.87,8.32,22.9,0.0,3.1167655250003516,1,HIGHDIVERSITY_CONCAT,HsDHODH_HighDiv,7,2,130.84,6,14,5,4,0.5833333333333334,0.20833333333333334,0.16666666666666666,0.14285714285714285,0.0,24,2,0,2,1,0,1,0,0
O=C(O)CNCC#CC1=CC(O)=CC(Cl)=C1,23/000000007,"InChI=1S/C11H10ClNO3/c12-9-4-8(5-10(14)6-9)2-1-3-13-7-11(15)16/h4-6,13-14H,3,7H2,(H,15,16)",C11H10NO3Cl,239.03492086,1.0712999999999997,4.87,3.37,3.72,0.0,2.750208964858821,1,HIGHDIVERSITY_CONCAT,HsDHODH_HighDiv,3,3,69.56,3,11,3,1,0.6875,0.1875,0.0625,0.18181818181818182,0.0,16,1,0,1,0,0,0,0,0
NC/C(=C\C[N+](=O)[O-])C(=O)C1=CC(N=O)=C(Br)C=C1O,12/000000501,"InChI=1S/C11H10BrN3O5/c12-8-4-10(16)7(3-9(8)14-18)11(17)6(5-13)1-2-15(19)20/h1,3-4,16H,2,5,13H2/b6-1+",C11H10N3O5Br,342.98038252,1.8971000000000005,4.87,4.7,3.7,-60.0,3.765520149527868,1,HIGHDIVERSITY_CONCAT,HsDHODH_HighDiv,7,2,135.89,6,11,5,3,0.55,0.25,0.15,0.18181818181818182,0.0,20,1,0,1,0,0,0,0,0
O=NC1=C(Br)C(CC(=O)O)=CC(C(=O)[C@H]2CCCN2)=C1,12/000000098,"InChI=1S/C13H13BrN2O4/c14-12-7(6-11(17)18)4-8(5-10(12)16-20)13(19)9-2-1-3-15-9/h4-5,9,15H,1-3,6H2,(H,17,18)/t9-/m1/s1",C13H13N2O4Br,340.00586899600006,2.4087999999999994,4.87,3.55,3.58,-170.0,3.498765439737369,1,HIGHDIVERSITY_CONCAT,HsDHODH_HighDiv,5,2,95.83000000000001,5,13,4,2,0.65,0.2,0.1,0.38461538461538464,0.07692307692307693,20,2,1,1,1,1,0,0,0
CC1=C(C#CCCN2C=NCNC2)C=C(N2CCNC2=O)C=C1O,28/000000471,"InChI=1S/C17H21N5O2/c1-13-14(4-2-3-6-21-11-18-10-19-12-21)8-15(9-16(13)23)22-7-5-20-17(22)24/h8-9,11,19,23H,3,5-7,10,12H2,1H3,(H,20,24)",C17H21N5O2,327.169524912,0.8203199999999993,4.86,2.6,23.7,-140.0,3.750735145127142,1,HIGHDIVERSITY_CONCAT,HsDHODH_HighDiv,5,3,80.2,3,17,2,5,0.7083333333333334,0.08333333333333333,0.20833333333333334,0.4117647058823529,0.0,24,3,2,1,2,2,0,0,0
NOC1=C(Br)C(CCC[C@@H](CO)C2=NC=NO2)=CC(C(=O)O)=C1,12/000001250,"InChI=1S/C14H16BrN3O5/c15-12-8(4-10(14(20)21)5-11(12)22-16)2-1-3-9(6-19)13-17-7-18-23-13/h4-5,7,9,19H,1-3,6,16H2,(H,20,21)/t9-/m0/s1",C14H16N3O5Br,385.027332712,1.8816000000000002,4.86,7.82,3.84,-150.0,3.770884190047039,1,HIGHDIVERSITY_CONCAT,HsDHODH_HighDiv,7,3,131.7,8,14,5,3,0.6086956521739131,0.21739130434782608,0.13043478260869565,0.35714285714285715,0.07142857142857142,23,2,0,2,1,0,1,0,0
CONC/C=C/[C@@H](C#CC1=CC=C(S)C(O)=C1)CCO,23/000000170,"InChI=1S/C15H19NO3S/c1-19-16-9-2-3-12(8-10-17)4-5-13-6-7-15(20)14(18)11-13/h2-3,6-7,11-12,16-18,20H,8-10H2,1H3/b3-2+/t12-/m0/s1",C15H19NO3S,293.108564468,1.7382,4.86,4.81,19.1,-170.0,4.2512647454316745,1,HIGHDIVERSITY_CONCAT,HsDHODH_HighDiv,5,4,61.72,6,15,3,1,0.75,0.15,0.05,0.3333333333333333,0.06666666666666667,20,1,0,1,0,0,0,0,0
C=CC/C=C/C1=CC=C(I)C(C2=NC(CC(=O)O)=NN2)=N1,4/000000285,"InChI=1S/C14H13IN4O2/c1-2-3-4-5-9-6-7-10(15)13(16-9)14-17-11(18-19-14)8-12(20)21/h2,4-7H,1,3,8H2,(H,20,21)(H,17,18,19)/b5-4+",C14H13N4O2I,396.0083236560001,2.6876999999999995,4.86,5.17,22.4,-120.0,3.442773998528649,1,HIGHDIVERSITY_CONCAT,HsDHODH_HighDiv,4,2,91.76,6,14,2,4,0.6666666666666666,0.09523809523809523,0.19047619047619047,0.14285714285714285,0.0,21,2,0,2,2,0,2,0,0
N[C@H](C#CCCC1=C(Br)C(O)=CC(C(=O)N=O)=C1)C(=O)O,12/000000867,"InChI=1S/C13H11BrN2O5/c14-11-7(3-1-2-4-9(15)13(19)20)5-8(6-10(11)17)12(18)16-21/h5-6,9,17H,1,3,15H2,(H,19,20)/p+1/t9-/m1/s1",C13H11N2O5Br,353.985133552,1.4092,4.86,5.62,3.98,-180.0,4.253662350692187,1,HIGHDIVERSITY_CONCAT,HsDHODH_HighDiv,5,3,130.04999999999998,4,13,5,2,0.6190476190476191,0.23809523809523808,0.09523809523809523,0.23076923076923078,0.07692307692307693,21,1,0,1,0,0,0,0,0
NOC1=CC(C(=O)O)=CC(OCCOC2=CC=CC=C2)=C1Br,12/000001181,"InChI=1S/C15H14BrNO5/c16-14-12(8-10(15(18)19)9-13(14)22-17)21-7-6-20-11-4-2-1-3-5-11/h1-5,8-9H,6-7,17H2,(H,18,19)",C15H14NO5Br,367.00553464800004,2.8576000000000015,4.86,8.13,17.1,0.0,2.211092587955987,1,HIGHDIVERSITY_CONCAT,HsDHODH_HighDiv,5,2,91.01,7,15,5,1,0.6818181818181818,0.22727272727272727,0.045454545454545456,0.13333333333333333,0.0,22,2,0,2,0,0,0,0,0
CC1=C(CCC#CC2=CC(N3CCNC3=O)=CC(O)=C2)SCC1,28/000000472,"InChI=1S/C18H20N2O2S/c1-13-6-9-23-17(13)5-3-2-4-14-10-15(12-16(21)11-14)20-8-7-19-18(20)22/h10-12,21H,3,5-9H2,1H3,(H,19,22)",C18H20N2O2S,328.12454888,3.464400000000002,4.86,2.66,22.9,-140.0,3.408913898847959,1,HIGHDIVERSITY_CONCAT,HsDHODH_HighDiv,3,2,52.57000000000001,3,18,2,2,0.782608695652174,0.08695652173913043,0.08695652173913043,0.3888888888888889,0.0,23,3,2,1,2,2,0,0,0
NCC1=C(Br)C(N=O)=CC(C(=O)[C@H]2CCNN2)=C1,12/000000641,"InChI=1S/C11H13BrN4O2/c12-10-7(5-13)3-6(4-9(10)16-18)11(17)8-1-2-14-15-8/h3-4,8,14-15H,1-2,5,13H2/p+1/t8-/m1/s1",C11H14N4O2Br,312.0221877560001,1.3549,4.85,3.13,2.48,-170.0,4.652316958449736,1,HIGHDIVERSITY_CONCAT,HsDHODH_HighDiv,6,3,96.58,4,11,2,4,0.6111111111111112,0.1111111111111111,0.2222222222222222,0.36363636363636365,0.09090909090909091,18,2,1,1,1,1,0,0,0
NOC1=CC(C(=O)O)=CC(OC(=O)CCN2CC=CN2)=C1Br,12/000001369,"InChI=1S/C13H14BrN3O5/c14-12-9(6-8(13(19)20)7-10(12)22-15)21-11(18)2-5-17-4-1-3-16-17/h1,3,6-7,16H,2,4-5,15H2,(H,19,20)",C13H14N3O5Br,371.011682648,1.0292000000000003,4.85,5.47,21.9,0.0,3.3724285274263535,1,HIGHDIVERSITY_CONCAT,HsDHODH_HighDiv,7,3,114.11999999999999,6,13,5,3,0.5909090909090909,0.22727272727272727,0.13636363636363635,0.23076923076923078,0.0,22,2,1,1,1,1,0,0,0
NOC1=CC(C(=O)O)=CC(OC/C=C/CF)=C1Br,12/000001270,"InChI=1S/C11H11BrFNO4/c12-10-8(17-4-2-1-3-13)5-7(11(15)16)6-9(10)18-14/h1-2,5-6H,3-4,14H2,(H,15,16)/b2-1+",C11H11NO4FBr,318.98554815200004,2.3043000000000005,4.84,5.0,18.0,0.0,3.0700559283467026,1,HIGHDIVERSITY_CONCAT,HsDHODH_HighDiv,4,2,81.78,6,11,4,1,0.6111111111111112,0.2222222222222222,0.05555555555555555,0.18181818181818182,0.0,18,1,0,1,0,0,0,0,0
O=C1NNC=C1/C=C/C1=CN=C(CO)C(C2=CNC(S)=N2)=C1,7/000000020,"InChI=1S/C14H13N5O2S/c20-7-12-10(11-6-16-14(22)18-11)3-8(4-15-12)1-2-9-5-17-19-13(9)21/h1-6,20H,7H2,(H2,16,18,22)(H2,17,19,21)/b2-1+",C14H13N5O2S,315.078995656,1.4394999999999996,4.84,2.58,24.4,-120.0,3.824257423120823,1,HIGHDIVERSITY_CONCAT,HsDHODH_HighDiv,5,5,110.45,4,14,2,5,0.6363636363636364,0.09090909090909091,0.22727272727272727,0.07142857142857142,0.0,22,3,0,3,3,0,3,0,0
NCC1=CC(C(=O)C2=NN=C(S)O2)=CC(N=O)=C1Br,12/000000202,"InChI=1S/C10H7BrN4O3S/c11-7-5(3-12)1-4(2-6(7)15-17)8(16)9-13-14-10(19)18-9/h1-2H,3,12H2,(H,14,19)/p+1",C10H8N4O3SBr,341.94222318400006,2.2084,4.84,5.01,2.48,-20.0,4.175447168376588,1,HIGHDIVERSITY_CONCAT,HsDHODH_HighDiv,8,2,111.44,4,10,3,4,0.5263157894736842,0.15789473684210525,0.21052631578947367,0.1,0.0,19,2,0,2,1,0,1,0,0
CC(=O)OCCCC#CC1=C(C)C(O)=CC(N2CCNC2=O)=C1,28/000000400,"InChI=1S/C17H20N2O4/c1-12-14(6-4-3-5-9-23-13(2)20)10-15(11-16(12)21)19-8-7-18-17(19)22/h10-11,21H,3,5,7-9H2,1-2H3,(H,18,22)",C17H20N2O4,316.14230712,1.9250199999999997,4.84,2.17,21.8,-200.0,2.9067734268199867,1,HIGHDIVERSITY_CONCAT,HsDHODH_HighDiv,4,2,78.87,4,17,4,2,0.7391304347826086,0.17391304347826086,0.08695652173913043,0.4117647058823529,0.0,23,2,1,1,1,1,0,0,0
CSC/C=C/C1=CC=C(I)C(C2=NC(CC(=O)O)=NN2)=N1,4/000000150,"InChI=1S/C13H13IN4O2S/c1-21-6-2-3-8-4-5-9(14)12(15-8)13-16-10(17-18-13)7-11(19)20/h2-5H,6-7H2,1H3,(H,19,20)(H,16,17,18)/b3-2+",C13H13N4O2SI,415.98039465600004,2.4746,4.84,4.27,23.3,-160.0,3.4793114170423394,1,HIGHDIVERSITY_CONCAT,HsDHODH_HighDiv,5,2,91.76,6,13,2,4,0.6190476190476191,0.09523809523809523,0.19047619047619047,0.23076923076923078,0.0,21,2,0,2,2,0,2,0,0
COCC1=NN(C2=CC(C(=O)O)=CC(ON)=C2Br)C=C1Cl,12/000001370,"InChI=1S/C12H11BrClN3O4/c1-20-5-8-7(14)4-17(16-8)9-2-6(12(18)19)3-10(21-15)11(9)13/h2-4H,5,15H2,1H3,(H,18,19)",C12H11N3O4ClBr,374.96214561200003,2.3853,4.84,7.27,22.4,-140.0,3.025124592092089,1,HIGHDIVERSITY_CONCAT,HsDHODH_HighDiv,6,2,99.60000000000001,5,12,4,3,0.5714285714285714,0.19047619047619047,0.14285714285714285,0.16666666666666666,0.0,21,2,0,2,1,0,1,0,0
O=C(O)CC1=NNC(C2=NC(/C=C/C3=CN=CC=C3)=CC(CO)=C2I)=N1,4/000000271,"InChI=1S/C17H14IN5O3/c18-15-11(9-24)6-12(4-3-10-2-1-5-19-8-10)20-16(15)17-21-13(22-23-17)7-14(25)26/h1-6,8,24H,7,9H2,(H,25,26)(H,21,22,23)/b4-3+",C17H14N5O3I,463.014137308,2.1561,4.84,5.65,24.8,-180.0,3.2407833356175075,1,HIGHDIVERSITY_CONCAT,HsDHODH_HighDiv,6,3,124.88,6,17,3,5,0.6538461538461539,0.11538461538461539,0.19230769230769232,0.11764705882352941,0.0,26,3,0,3,3,0,3,0,0
O=C1NCCN1C1=CC(O)=CC(C#CCCC2=CCCS2)=C1,28/000000275,"InChI=1S/C17H18N2O2S/c20-15-11-13(4-1-2-5-16-6-3-9-22-16)10-14(12-15)19-8-7-18-17(19)21/h6,10-12,20H,2-3,5,7-9H2,(H,18,21)",C17H18N2O2S,314.108898816,3.074300000000002,4.84,2.61,22.3,-120.0,3.3767678283406024,1,HIGHDIVERSITY_CONCAT,HsDHODH_HighDiv,3,2,52.57000000000001,3,17,2,2,0.7727272727272727,0.09090909090909091,0.09090909090909091,0.35294117647058826,0.0,22,3,2,1,2,2,0,0,0
O=NC(=O)C1=CC(CONC(=O)[C@H]2CSCN2)=C(Br)C(CO)=C1,12/000000067,"InChI=1S/C13H14BrN3O5S/c14-11-8(3-18)1-7(12(19)16-21)2-9(11)4-22-17-13(20)10-5-23-6-15-10/h1-2,10,15,18H,3-6H2,(H,17,20)/t10-/m1/s1",C13H14N3O5SBr,402.98375364799995,1.0583,4.84,7.51,25.0,-150.0,3.868432507354731,1,HIGHDIVERSITY_CONCAT,HsDHODH_HighDiv,7,3,117.09000000000002,6,13,5,3,0.5652173913043478,0.21739130434782608,0.13043478260869565,0.38461538461538464,0.07692307692307693,23,2,1,1,1,1,0,0,0
N[C@@H](CC1=C(Br)C(N=O)=CC(C(=O)N=O)=C1)C(=O)O,12/000000599,"InChI=1S/C10H8BrN3O5/c11-8-4(2-6(12)10(16)17)1-5(9(15)14-19)3-7(8)13-18/h1,3,6H,2,12H2,(H,16,17)/t6-/m0/s1",C10H8N3O5Br,328.9647324559999,1.708,4.84,5.02,21.9,-150.0,3.6111784759823378,1,HIGHDIVERSITY_CONCAT,HsDHODH_HighDiv,6,2,139.24999999999997,5,10,5,3,0.5263157894736842,0.2631578947368421,0.15789473684210525,0.2,0.1,19,1,0,1,0,0,0,0,0
CCC/C=C/C1=CC=C(I)C(C2=NC(CC(=O)O)=NN2)=N1,4/000000041,"InChI=1S/C14H15IN4O2/c1-2-3-4-5-9-6-7-10(15)13(16-9)14-17-11(18-19-14)8-12(20)21/h4-7H,2-3,8H2,1H3,(H,20,21)(H,17,18,19)/b5-4+",C14H15N4O2I,398.0239737200001,2.9117000000000006,4.83,4.25,21.4,-160.0,3.217339839467371,1,HIGHDIVERSITY_CONCAT,HsDHODH_HighDiv,4,2,91.76,6,14,2,4,0.6666666666666666,0.09523809523809523,0.19047619047619047,0.2857142857142857,0.0,21,2,0,2,2,0,2,0,0
O=NC(=O)C1=CC(CCC#CCNCCl)=C(Br)C(O)=C1,12/000000777,"InChI=1S/C13H12BrClN2O3/c14-12-9(4-2-1-3-5-16-8-15)6-10(7-11(12)18)13(19)17-20/h6-7,16,18H,2,4-5,8H2/p+1",C13H13N2O3ClBr,357.97198202399994,2.783200000000001,4.83,5.53,3.85,0.0,4.151411459727102,1,HIGHDIVERSITY_CONCAT,HsDHODH_HighDiv,4,2,78.76,5,13,3,2,0.65,0.15,0.1,0.3076923076923077,0.0,20,1,0,1,0,0,0,0,0
NOC1=CC(C(=O)O)=CC(CC(=O)C[C@@H]2CCOC=N2)=C1Br,12/000001435,"InChI=1S/C14H15BrN2O5/c15-13-8(3-9(14(19)20)5-12(13)22-16)4-11(18)6-10-1-2-21-7-17-10/h3,5,7,10H,1-2,4,6,16H2,(H,19,20)/t10-/m0/s1",C14H15N2O5Br,370.01643368000003,1.7187000000000001,4.83,7.49,2.64,-150.0,4.050697802633228,1,HIGHDIVERSITY_CONCAT,HsDHODH_HighDiv,6,2,111.21000000000001,6,14,5,2,0.6363636363636364,0.22727272727272727,0.09090909090909091,0.35714285714285715,0.07142857142857142,22,2,1,1,1,1,0,0,0
O=C1C=C([C@@H](/C=C/C2=CC=C(CO)C(Cl)=C2O)CO)C(=O)N1,30/000000028,"InChI=1S/C15H14ClNO5/c16-13-10(7-19)4-2-8(14(13)21)1-3-9(6-18)11-5-12(20)17-15(11)22/h1-5,9,18-19,21H,6-7H2,(H,17,20,22)/b3-1+/t9-/m0/s1",C15H14NO5Cl,323.056050228,0.7423999999999997,4.83,4.58,6.72,-150.0,3.9043202742599625,1,HIGHDIVERSITY_CONCAT,HsDHODH_HighDiv,5,4,106.86000000000001,5,15,5,1,0.6818181818181818,0.22727272727272727,0.045454545454545456,0.2,0.06666666666666667,22,2,1,1,1,1,0,0,0
O=C(O)C1=CN(CS)C(C(=O)O)=C1,3/000000150,"InChI=1S/C7H7NO4S/c9-6(10)4-1-5(7(11)12)8(2-4)3-13/h1-2,13H,3H2,(H,9,10)(H,11,12)",C7H6NO4S,201.009578704,0.7717999999999999,4.82,4.31,16.9,0.0,2.9094985735382366,1,HIGHDIVERSITY_CONCAT,HsDHODH_HighDiv,4,3,79.53,3,7,4,1,0.5384615384615384,0.3076923076923077,0.07692307692307693,0.14285714285714285,0.0,13,1,0,1,1,0,1,0,0
O=C(O)CC1=NNC(C2=NC=C([N+](=O)[O-])C=C2I)=N1,4/000000015,"InChI=1S/C9H6IN5O4/c10-5-1-4(15(18)19)3-11-8(5)9-12-6(13-14-9)2-7(16)17/h1,3H,2H2,(H,16,17)(H,12,13,14)",C9H6N5O4I,374.946451672,1.0065999999999997,4.82,7.26,22.6,-120.0,3.1094877009209663,1,HIGHDIVERSITY_CONCAT,HsDHODH_HighDiv,6,2,134.89999999999998,4,9,4,5,0.47368421052631576,0.21052631578947367,0.2631578947368421,0.1111111111111111,0.0,19,2,0,2,2,0,2,0,0
NOC1=CC(C(=O)O)=CC(OC(=O)CC[C@H](S)CO)=C1Br,12/000001414,"InChI=1S/C12H14BrNO6S/c13-11-8(19-10(16)2-1-7(21)5-15)3-6(12(17)18)4-9(11)20-14/h3-4,7,15,21H,1-2,5,14H2,(H,17,18)/t7-/m0/s1",C12H14NO6SBr,378.972520268,1.3761,4.82,6.48,20.8,-180.0,3.514970042999879,1,HIGHDIVERSITY_CONCAT,HsDHODH_HighDiv,7,4,119.08,7,12,6,1,0.5714285714285714,0.2857142857142857,0.047619047619047616,0.3333333333333333,0.08333333333333333,21,1,0,1,0,0,0,0,0
C#CCCC1=CC=C(C2=CC(=O)C=C(CN)C2=O)C=C1CN,10/000000195,"InChI=1S/C18H18N2O2/c1-2-3-4-12-5-6-13(7-14(12)10-19)17-9-16(21)8-15(11-20)18(17)22/h1,5-9H,3-4,10-11,19-20H2",C18H18N2O2,294.13682781600005,1.1314,4.82,7.82,3.58,-160.0,3.1761854000619145,1,HIGHDIVERSITY_CONCAT,HsDHODH_HighDiv,4,2,86.18,5,18,2,2,0.8181818181818182,0.09090909090909091,0.09090909090909091,0.2222222222222222,0.0,22,2,1,1,0,0,0,0,0
NOC1=C(Br)C(CCCO)=CC(C(=O)O)=C1,12/000001096,"InChI=1S/C10H12BrNO4/c11-9-6(2-1-3-13)4-7(10(14)15)5-8(9)16-12/h4-5,13H,1-3,12H2,(H,14,15)",C10H12NO4Br,288.994969964,1.3247000000000002,4.82,6.79,2.48,0.0,2.6693044681926974,1,HIGHDIVERSITY_CONCAT,HsDHODH_HighDiv,4,3,92.78000000000002,5,10,4,1,0.625,0.25,0.0625,0.3,0.0,16,1,0,1,0,0,0,0,0
O=NC(=O)C1=CC(CONC(=O)[N+](=O)[O-])=C(Br)C(CO)=C1,12/000000066,"InChI=1S/C10H8BrN3O7/c11-8-6(3-15)1-5(9(16)12-18)2-7(8)4-21-13-10(17)14(19)20/h1-2,15H,3-4H2,(H,13,17)",C10H8N3O7Br,360.954561696,1.2659,4.82,4.76,24.1,-30.0,3.4830576314211816,1,HIGHDIVERSITY_CONCAT,HsDHODH_HighDiv,7,2,148.20000000000002,5,10,7,3,0.47619047619047616,0.3333333333333333,0.14285714285714285,0.2,0.0,21,1,0,1,0,0,0,0,0
C/C=C/C[C@H](N)C1=C(Br)C(ON)=CC(C(=O)O)=C1,12/000001360,"InChI=1S/C12H15BrN2O3/c1-2-3-4-9(14)8-5-7(12(16)17)6-10(18-15)11(8)13/h2-3,5-6,9H,4,14-15H2,1H3,(H,16,17)/b3-2+/t9-/m0/s1",C12H15N2O3Br,314.02660443999997,2.3658,4.82,5.21,16.1,-170.0,3.6537761892189664,1,HIGHDIVERSITY_CONCAT,HsDHODH_HighDiv,4,3,98.57000000000001,5,12,3,2,0.6666666666666666,0.16666666666666666,0.1111111111111111,0.25,0.08333333333333333,18,1,0,1,0,0,0,0,0
O=C1NCCN1C1=CC(CCS)=C(CBr)C(O)=C1,28/000000309,"InChI=1S/C12H15BrN2O2S/c13-7-10-8(1-4-18)5-9(6-11(10)16)15-3-2-14-12(15)17/h5-6,16,18H,1-4,7H2,(H,14,17)",C12H15N2O2SBr,330.00376082,2.2890000000000006,4.82,5.13,16.8,-140.0,3.1667520413765295,1,HIGHDIVERSITY_CONCAT,HsDHODH_HighDiv,3,3,52.57000000000001,4,12,2,2,0.6666666666666666,0.1111111111111111,0.1111111111111111,0.4166666666666667,0.0,18,2,1,1,1,1,0,0,0
NCC/C(=C/CCCC1=CC(C(=O)O)=CC(O)=C1)C1=CN=C(S)N1,3/000000158,"InChI=1S/C17H21N3O3S/c18-6-5-12(15-10-19-17(24)20-15)4-2-1-3-11-7-13(16(22)23)9-14(21)8-11/h4,7-10,21H,1-3,5-6,18H2,(H,22,23)(H2,19,20,24)/p+1/b12-4-",C17H22N3O3S,347.1303625320001,2.857300000000001,4.82,3.56,6.72,0.0,3.74056368803135,1,HIGHDIVERSITY_CONCAT,HsDHODH_HighDiv,5,5,112.23000000000002,8,17,3,3,0.7083333333333334,0.125,0.125,0.29411764705882354,0.0,24,2,0,2,1,0,1,0,0
O=NC(=O)C1=CC(N=O)=C(Br)C(C[C@H](O)CO)=C1,12/000000579,"InChI=1S/C10H9BrN2O5/c11-9-5(2-7(15)4-14)1-6(10(16)13-18)3-8(9)12-17/h1,3,7,14-15H,2,4H2/t7-/m0/s1",C10H9N2O5Br,315.969483488,1.6492999999999998,4.82,5.39,19.5,-150.0,3.741096381526658,1,HIGHDIVERSITY_CONCAT,HsDHODH_HighDiv,6,2,116.39000000000001,5,10,5,2,0.5555555555555556,0.2777777777777778,0.1111111111111111,0.3,0.1,18,1,0,1,0,0,0,0,0
O=NC1=CC(C(=O)[C@@H](Cl)CO)=CC(S)=C1Br,12/000000947,"InChI=1S/C9H7BrClNO3S/c10-8-6(12-15)1-4(2-7(8)16)9(14)5(11)3-13/h1-2,5,13,16H,3H2/t5-/m0/s1",C9H7NO3SClBr,322.90185386400003,2.9181000000000004,4.81,2.93,2.35,-170.0,4.184080117696262,1,HIGHDIVERSITY_CONCAT,HsDHODH_HighDiv,5,2,66.73,4,9,3,1,0.5625,0.1875,0.0625,0.2222222222222222,0.1111111111111111,16,1,0,1,0,0,0,0,0
CCC#CC1=C(Br)C(O)=CC(N2CCNC2=O)=C1,28/000000339,"InChI=1S/C13H13BrN2O2/c1-2-3-4-9-7-10(8-11(17)12(9)14)16-6-5-15-13(16)18/h7-8,17H,2,5-6H2,1H3,(H,15,18)",C13H13N2O2Br,308.016039756,2.4458,4.81,3.32,17.7,-140.0,3.108858502914992,1,HIGHDIVERSITY_CONCAT,HsDHODH_HighDiv,2,2,52.57,1,13,2,2,0.7222222222222222,0.1111111111111111,0.1111111111111111,0.3076923076923077,0.0,18,2,1,1,1,1,0,0,0
O=NC(=O)C1=CC(CONC(=O)C2=NC=NC=C2)=C(Br)C(CO)=C1,12/000000061,"InChI=1S/C14H11BrN4O5/c15-12-9(5-20)3-8(13(21)18-23)4-10(12)6-24-19-14(22)11-1-2-16-7-17-11/h1-4,7,20H,5-6H2,(H,19,22)",C14H11N4O5Br,393.99128155200003,1.4996,4.81,7.85,22.9,0.0,3.1080465812575255,1,HIGHDIVERSITY_CONCAT,HsDHODH_HighDiv,7,2,130.84,6,14,5,4,0.5833333333333334,0.20833333333333334,0.16666666666666666,0.14285714285714285,0.0,24,2,0,2,1,0,1,0,0
C/C=C/C(=O)C1=CC(N=O)=C(Br)C([C@@H](O)C(=O)O)=C1,12/000000913,"InChI=1S/C12H10BrNO5/c1-2-3-9(15)6-4-7(11(16)12(17)18)10(13)8(5-6)14-19/h2-5,11,16H,1H3,(H,17,18)/b3-2+/t11-/m1/s1",C12H10NO5Br,326.9742345199999,2.7238000000000007,4.81,4.48,3.58,-170.0,3.6838237067515687,1,HIGHDIVERSITY_CONCAT,HsDHODH_HighDiv,5,2,104.03000000000002,5,12,5,1,0.631578947368421,0.2631578947368421,0.05263157894736842,0.16666666666666666,0.08333333333333333,19,1,0,1,0,0,0,0,0
C[C@@H](N)C#CCCC1=C(Br)C(O)=CC(C(=O)N=O)=C1,12/000000770,"InChI=1S/C13H13BrN2O3/c1-8(15)4-2-3-5-9-6-10(13(18)16-19)7-11(17)12(9)14/h6-8,17H,3,5,15H2,1H3/p+1/t8-/m1/s1",C13H14N2O3Br,324.01095437600003,2.344500000000001,4.81,3.87,3.85,-170.0,4.252526675077361,1,HIGHDIVERSITY_CONCAT,HsDHODH_HighDiv,4,2,92.75,3,13,3,2,0.6842105263157895,0.15789473684210525,0.10526315789473684,0.3076923076923077,0.07692307692307693,19,1,0,1,0,0,0,0,0
CCCCC(=O)OC1=C(Br)C(ON)=CC(C(=O)O)=C1,12/000001202,"InChI=1S/C12H14BrNO5/c1-2-3-4-10(15)18-8-5-7(12(16)17)6-9(19-14)11(8)13/h5-6H,2-4,14H2,1H3,(H,16,17)",C12H14NO5Br,331.0055346479999,2.4954,4.81,4.58,17.1,-20.0,2.512957540809584,1,HIGHDIVERSITY_CONCAT,HsDHODH_HighDiv,5,2,98.85000000000001,6,12,5,1,0.631578947368421,0.2631578947368421,0.05263157894736842,0.3333333333333333,0.0,19,1,0,1,0,0,0,0,0
NCC(=O)C1=CC(CCNCCC2=CC(=O)CCO2)=C(Br)C(N=O)=C1,12/000000624,"InChI=1S/C17H20BrN3O4/c18-17-11(7-12(16(23)10-19)8-15(17)21-24)1-4-20-5-2-14-9-13(22)3-6-25-14/h7-9,20H,1-6,10,19H2",C17H20N3O4Br,409.06371822,2.3839000000000006,4.81,4.34,4.94,0.0,3.4690934339788404,1,HIGHDIVERSITY_CONCAT,HsDHODH_HighDiv,7,2,110.85,9,17,4,3,0.68,0.16,0.12,0.4117647058823529,0.0,25,2,1,1,1,1,0,0,0
C=C(CN)C(=O)C1=CC(C[C@@H](Cl)N2C=NC=N2)=C(Br)C(O)=C1,12/000000702,"InChI=1S/C14H14BrClN4O2/c1-8(5-17)14(22)10-2-9(13(15)11(21)3-10)4-12(16)20-7-18-6-19-20/h2-3,6-7,12,21H,1,4-5,17H2/t12-/m0/s1",C14H14N4O2ClBr,383.99886546799996,2.4239000000000006,4.81,4.04,3.58,-170.0,3.9762879665676536,1,HIGHDIVERSITY_CONCAT,HsDHODH_HighDiv,6,2,94.03000000000002,6,14,2,4,0.6363636363636364,0.09090909090909091,0.18181818181818182,0.21428571428571427,0.07142857142857142,22,2,0,2,1,0,1,0,0
NC1=CC(C#C[C@@H](CCCO)C2=NON=C2)=CC(O)=C1,23/000000226,"InChI=1S/C14H15N3O3/c15-12-6-10(7-13(19)8-12)3-4-11(2-1-5-18)14-9-16-20-17-14/h6-9,11,18-19H,1-2,5,15H2/t11-/m1/s1",C14H15N3O3,273.11134134,1.2651999999999999,4.81,6.68,21.4,-150.0,4.032576761047638,1,HIGHDIVERSITY_CONCAT,HsDHODH_HighDiv,6,3,105.4,4,14,3,3,0.7,0.15,0.15,0.2857142857142857,0.07142857142857142,20,2,0,2,1,0,1,0,0
CCOCC1=C(Cl)C(O)=C(/C=C/[C@@H](CO)C2=CC(=O)NC2=O)C=C1,30/000000032,"InChI=1S/C17H18ClNO5/c1-2-24-9-12-6-4-10(16(22)15(12)18)3-5-11(8-20)13-7-14(21)19-17(13)23/h3-7,11,20,22H,2,8-9H2,1H3,(H,19,21,23)/b5-3+/t11-/m0/s1",C17H18NO5Cl,351.087350356,1.7866,4.81,3.83,8.26,-170.0,3.816802308475811,1,HIGHDIVERSITY_CONCAT,HsDHODH_HighDiv,5,3,95.85999999999999,7,17,5,1,0.7083333333333334,0.20833333333333334,0.041666666666666664,0.29411764705882354,0.058823529411764705,24,2,1,1,1,1,0,0,0
NOC1=CC(C(=O)O)=CC(OC(=O)CCN2CCCC2)=C1Br,12/000001171,"InChI=1S/C14H17BrN2O5/c15-13-10(7-9(14(19)20)8-11(13)22-16)21-12(18)3-6-17-4-1-2-5-17/h7-8H,1-6,16H2,(H,19,20)/p+1",C14H18N2O5Br,372.03208374400003,1.7911000000000001,4.8,5.89,20.1,0.0,3.982535463113617,1,HIGHDIVERSITY_CONCAT,HsDHODH_HighDiv,6,2,102.08999999999999,6,14,5,2,0.6363636363636364,0.22727272727272727,0.09090909090909091,0.42857142857142855,0.0,22,2,1,1,1,1,0,0,0
C=CC1=C2C(=O)COC2=C(OCC2=C(I)C=C(C(N)=O)C=N2)C=C1CN,4/000000303,"InChI=1S/C18H16IN3O4/c1-2-11-9(5-20)4-15(17-16(11)14(23)8-26-17)25-7-13-12(19)3-10(6-22-13)18(21)24/h2-4,6H,1,5,7-8,20H2,(H2,21,24)",C18H16N3O4I,465.0185539920001,2.0409,4.8,9.15,3.7,-40.0,3.337346797155968,1,HIGHDIVERSITY_CONCAT,HsDHODH_HighDiv,6,2,117.53,6,18,4,3,0.6923076923076923,0.15384615384615385,0.11538461538461539,0.16666666666666666,0.0,26,3,1,2,2,1,1,0,0
C=CC(=C)C(=O)C1=CC(NC(N)=O)=C(Br)C(N=O)=C1,12/000000125,"InChI=1S/C12H10BrN3O3/c1-3-6(2)11(17)7-4-8(15-12(14)18)10(13)9(5-7)16-19/h3-5H,1-2H2,(H3,14,15,18)",C12H10N3O3Br,322.99055328000003,3.262500000000001,4.8,3.62,3.72,-20.0,3.460994789678364,1,HIGHDIVERSITY_CONCAT,HsDHODH_HighDiv,4,2,101.62,5,12,3,3,0.631578947368421,0.15789473684210525,0.15789473684210525,0.0,0.0,19,1,0,1,0,0,0,0,0
NCC1=CC=C(/C=C/[C@@H](CO)C2=CC(=O)NC2=O)C(O)=C1Cl,30/000000037,"InChI=1S/C15H15ClN2O4/c16-13-9(6-17)3-1-8(14(13)21)2-4-10(7-19)11-5-12(20)18-15(11)22/h1-5,10,19,21H,6-7,17H2,(H,18,20,22)/b4-2+/t10-/m0/s1",C15H15N2O4Cl,322.07203464,0.7088000000000001,4.8,4.73,6.72,-150.0,3.893091043490731,1,HIGHDIVERSITY_CONCAT,HsDHODH_HighDiv,5,4,112.64999999999999,5,15,4,2,0.6818181818181818,0.18181818181818182,0.09090909090909091,0.2,0.06666666666666667,22,2,1,1,1,1,0,0,0
C/C=C/C[C@H](S)C1=C(Br)C(CO)=CC(C(=O)N=O)=C1,12/000000026,"InChI=1S/C13H14BrNO3S/c1-2-3-4-11(19)10-6-8(13(17)15-18)5-9(7-16)12(10)14/h2-3,5-6,11,16,19H,4,7H2,1H3/b3-2+/t11-/m0/s1",C13H14NO3SBr,342.98777640799995,3.7851000000000026,4.79,4.38,19.4,-170.0,4.009597263312655,1,HIGHDIVERSITY_CONCAT,HsDHODH_HighDiv,4,2,66.72999999999999,5,13,3,1,0.6842105263157895,0.15789473684210525,0.05263157894736842,0.3076923076923077,0.07692307692307693,19,1,0,1,0,0,0,0,0
COCC1=CC(C[C@H](N)C2=CC(O)=CC(Cl)=C2Cl)=CC(O)=C1,23/000000027,"InChI=1S/C16H17Cl2NO3/c1-22-8-10-2-9(3-11(20)4-10)5-15(19)13-6-12(21)7-14(17)16(13)18/h2-4,6-7,15,20-21H,5,8,19H2,1H3/p+1/t15-/m0/s1",C16H18NO3Cl2,341.058548764,3.7935000000000016,4.79,5.55,3.84,-170.0,3.5445833511830376,1,HIGHDIVERSITY_CONCAT,HsDHODH_HighDiv,4,3,75.71000000000001,5,16,3,1,0.7272727272727273,0.13636363636363635,0.045454545454545456,0.25,0.0625,22,2,0,2,0,0,0,0,0
NOC1=C(Br)C(C(=O)O)=CC(C(=O)O)=C1,12/000001097,"InChI=1S/C8H6BrNO5/c9-6-4(8(13)14)1-3(7(11)12)2-5(6)15-10/h1-2H,10H2,(H,11,12)(H,13,14)",C8H6NO5Br,274.942934392,1.0980000000000003,4.79,4.63,2.22,0.0,2.614641994543563,1,HIGHDIVERSITY_CONCAT,HsDHODH_HighDiv,4,3,109.85000000000001,3,8,5,1,0.5333333333333333,0.3333333333333333,0.06666666666666667,0.0,0.0,15,1,0,1,0,0,0,0,0
O=NC1=CC(C(=O)CC(=O)O)=CC(CC(=O)O)=C1Br,12/000000140,"InChI=1S/C11H8BrNO6/c12-11-6(3-9(15)16)1-5(2-7(11)13-19)8(14)4-10(17)18/h1-2H,3-4H2,(H,15,16)(H,17,18)",C11H8NO6Br,328.953499076,2.1315000000000004,4.79,2.42,3.58,-20.0,2.927768328139903,1,HIGHDIVERSITY_CONCAT,HsDHODH_HighDiv,5,2,121.10000000000001,6,11,6,1,0.5789473684210527,0.3157894736842105,0.05263157894736842,0.18181818181818182,0.0,19,1,0,1,0,0,0,0,0
C=CC1=C(CSCCS(C)(=O)=O)C=C(N2CCNC2=O)C=C1O,28/000000408,"InChI=1S/C15H20N2O4S2/c1-3-13-11(10-22-6-7-23(2,20)21)8-12(9-14(13)18)17-5-4-16-15(17)19/h3,8-9,18H,1,4-7,10H2,2H3,(H,16,19)",C15H20N2O4S2,356.08644911999994,1.8426000000000005,4.79,4.63,23.4,-140.0,3.118972740006801,1,HIGHDIVERSITY_CONCAT,HsDHODH_HighDiv,5,2,86.71000000000001,7,15,4,2,0.6521739130434783,0.17391304347826086,0.08695652173913043,0.4,0.0,23,2,1,1,1,1,0,0,0
NC(N)NCCCCCCC1=CC(O)=CC(N2CCNC2=O)=C1,28/000000410,"InChI=1S/C16H27N5O2/c17-15(18)19-6-4-2-1-3-5-12-9-13(11-14(22)10-12)21-8-7-20-16(21)23/h9-11,15,19,22H,1-8,17-18H2,(H,20,23)",C16H25N5O2,321.216475104,0.8152999999999996,4.79,3.47,19.9,-120.0,2.688867583624722,1,HIGHDIVERSITY_CONCAT,HsDHODH_HighDiv,5,5,116.63999999999999,9,16,2,5,0.6956521739130435,0.08695652173913043,0.21739130434782608,0.5625,0.0,23,2,1,1,1,1,0,0,0
O=NC(=O)C1=CC(CCC#C[C@@H]2CNC(=S)C2)=C(Br)C(O)=C1,12/000000272,"InChI=1S/C15H13BrN2O3S/c16-14-10(6-11(7-12(14)19)15(20)18-21)4-2-1-3-9-5-13(22)17-8-9/h6-7,9,19H,2,4-5,8H2,(H,17,22)/t9-/m0/s1",C15H13N2O3SBr,379.983025376,2.9342000000000015,4.79,3.85,4.16,-150.0,4.277579517639534,1,HIGHDIVERSITY_CONCAT,HsDHODH_HighDiv,4,2,78.76,3,15,3,2,0.6818181818181818,0.13636363636363635,0.09090909090909091,0.3333333333333333,0.06666666666666667,22,2,1,1,1,1,0,0,0
NCC1=CC(=O)C=C(C2=CC=C(C=S)C(CN)=C2)C1=O,10/000000138,"InChI=1S/C15H14N2O2S/c16-6-11-3-9(1-2-10(11)8-20)14-5-13(18)4-12(7-17)15(14)19/h1-5,8H,6-7,16-17H2",C15H14N2O2S,286.07759868799997,0.9134,4.79,4.79,21.1,-160.0,3.3566422289578712,1,HIGHDIVERSITY_CONCAT,HsDHODH_HighDiv,5,2,86.18,4,15,2,2,0.75,0.1,0.1,0.13333333333333333,0.0,20,2,1,1,0,0,0,0,0
O=NC(=O)C1=CC(CONC(=O)C2=NC=NC=N2)=C(Br)C(CO)=C1,12/000000031,"InChI=1S/C13H10BrN5O5/c14-10-8(3-20)1-7(12(21)18-23)2-9(10)4-24-19-13(22)11-16-5-15-6-17-11/h1-2,5-6,20H,3-4H2,(H,19,22)",C13H10N5O5Br,394.98653052,0.8945999999999998,4.79,6.58,23.5,0.0,3.309892505482556,1,HIGHDIVERSITY_CONCAT,HsDHODH_HighDiv,8,2,143.73000000000002,6,13,5,5,0.5416666666666666,0.20833333333333334,0.20833333333333334,0.15384615384615385,0.0,24,2,0,2,1,0,1,0,0
CC1=C(C#CCCCF)C=C(N2CCNC2=O)C=C1O,28/000000521,"InChI=1S/C15H17FN2O2/c1-11-12(5-3-2-4-6-16)9-13(10-14(11)19)18-8-7-17-15(18)20/h9-10,19H,2,4,6-8H2,1H3,(H,17,20)",C15H17N2O2F,276.127406004,2.33142,4.79,2.49,19.9,-140.0,3.1170179931936355,1,HIGHDIVERSITY_CONCAT,HsDHODH_HighDiv,2,2,52.57000000000001,3,15,2,2,0.75,0.1,0.1,0.4,0.0,20,2,1,1,1,1,0,0,0
CCCNCCC#CC1=C(C)C(O)=CC(N2CCNC2=O)=C1,28/000000485,"InChI=1S/C17H23N3O2/c1-3-7-18-8-5-4-6-14-11-15(12-16(21)13(14)2)20-10-9-19-17(20)22/h11-12,18,21H,3,5,7-10H2,1-2H3,(H,19,22)",C17H23N3O2,301.179026976,1.97142,4.79,1.34,19.8,-200.0,2.945626582993208,1,HIGHDIVERSITY_CONCAT,HsDHODH_HighDiv,3,3,64.6,5,17,2,3,0.7727272727272727,0.09090909090909091,0.13636363636363635,0.47058823529411764,0.0,22,2,1,1,1,1,0,0,0
CNNCC1=CN(C[C@@H](O)C2=CC=C(CN)C(I)=C2)C(=N)S1,12/000000874,"InChI=1S/C14H20IN5OS/c1-18-19-6-11-7-20(14(17)22-11)8-13(21)9-2-3-10(5-16)12(15)4-9/h2-4,7,13,17-19,21H,5-6,8,16H2,1H3/b17-14+/t13-/m1/s1",C14H20N5OSI,433.04332925999995,1.0499699999999998,4.79,4.25,4.94,-170.0,3.957885444499558,1,HIGHDIVERSITY_CONCAT,HsDHODH_HighDiv,7,5,99.09,7,14,1,5,0.6363636363636364,0.045454545454545456,0.22727272727272727,0.35714285714285715,0.07142857142857142,22,2,0,2,1,0,1,0,0
O=C(O)CC1=NNC(C2=NC(/C=C/CCF)=CC=C2I)=N1,4/000000068,"InChI=1S/C13H12FIN4O2/c14-6-2-1-3-8-4-5-9(15)12(16-8)13-17-10(18-19-13)7-11(20)21/h1,3-5H,2,6-7H2,(H,20,21)(H,17,18,19)/b3-1+",C13H12N4O2FI,401.99890184400005,2.4712000000000005,4.78,4.12,23.5,-140.0,3.4068068538089618,1,HIGHDIVERSITY_CONCAT,HsDHODH_HighDiv,4,2,91.75999999999999,6,13,2,4,0.6190476190476191,0.09523809523809523,0.19047619047619047,0.23076923076923078,0.0,21,2,0,2,2,0,2,0,0
NOC1=CC(C(=O)O)=CC(OC(=O)CCC2=CC(=O)OC2)=C1Br,12/000001348,"InChI=1S/C14H12BrNO7/c15-13-9(4-8(14(19)20)5-10(13)23-16)22-11(17)2-1-7-3-12(18)21-6-7/h3-5H,1-2,6,16H2,(H,19,20)",C14H12NO7Br,384.979713824,1.5686000000000002,4.78,5.92,23.1,0.0,3.026199113633174,1,HIGHDIVERSITY_CONCAT,HsDHODH_HighDiv,7,2,125.14999999999999,6,14,7,1,0.6086956521739131,0.30434782608695654,0.043478260869565216,0.21428571428571427,0.0,23,2,1,1,1,1,0,0,0
NOC1=C(Br)C([C@@H](S)CCCO)=CC(C(=O)O)=C1,12/000001410,"InChI=1S/C11H14BrNO4S/c12-10-7(9(18)2-1-3-14)4-6(11(15)16)5-8(10)17-13/h4-5,9,14,18H,1-3,13H2,(H,15,16)/t9-/m0/s1",C11H14NO4SBr,334.9826910279999,2.1431999999999993,4.78,6.83,16.8,-150.0,3.6269204199881977,1,HIGHDIVERSITY_CONCAT,HsDHODH_HighDiv,5,4,92.78000000000002,6,11,4,1,0.6111111111111112,0.2222222222222222,0.05555555555555555,0.36363636363636365,0.09090909090909091,18,1,0,1,0,0,0,0,0
C=C(CCS)C1=CC(C2=CC(O)=C(F)C=C2N=O)=CN1,6/000000159,"InChI=1S/C14H13FN2O2S/c1-8(2-3-20)12-4-9(7-16-12)10-5-14(18)11(15)6-13(10)17-19/h4-7,16,18,20H,1-3H2",C14H13N2O2SF,292.06817687600005,4.257400000000001,4.77,2.75,22.6,-180.0,3.5894439072795485,1,HIGHDIVERSITY_CONCAT,HsDHODH_HighDiv,4,3,65.45,5,14,2,2,0.7,0.1,0.1,0.14285714285714285,0.0,20,2,0,2,1,0,1,0,0
NC1=CC(C[C@H](C=S)NCCC2=C(Br)C(N=O)=CC(C(=O)CCl)=C2)=NN1,12/000000973,"InChI=1S/C16H17BrClN5O2S/c17-16-9(3-10(14(24)7-18)4-13(16)23-25)1-2-20-12(8-26)5-11-6-15(19)22-21-11/h3-4,6,8,12,20H,1-2,5,7H2,(H3,19,21,22)/t12-/m1/s1",C16H17N5O2SClBr,456.99748556400004,3.3169000000000013,4.77,5.93,6.45,-150.0,4.302344098844558,1,HIGHDIVERSITY_CONCAT,HsDHODH_HighDiv,7,3,113.22999999999999,10,16,2,5,0.6153846153846154,0.07692307692307693,0.19230769230769232,0.3125,0.0625,26,2,0,2,1,0,1,0,0
C=CC1=C(C2=CC(O)=C(F)C=C2N=O)C=C(CBr)N1,6/000000142,"InChI=1S/C13H10BrFN2O2/c1-2-11-8(3-7(6-14)16-11)9-4-13(18)10(15)5-12(9)17-19/h2-5,16,18H,1,6H2",C13H10N2O2FBr,323.99096788,4.462200000000002,4.77,5.76,21.2,-120.0,3.7374054524002576,1,HIGHDIVERSITY_CONCAT,HsDHODH_HighDiv,3,2,65.45,4,13,2,2,0.6842105263157895,0.10526315789473684,0.10526315789473684,0.07692307692307693,0.0,19,2,0,2,1,0,1,0,0
NOC1=CC(C(=O)O)=CC(CC2C=CC=C2)=C1Br,12/000000738,"InChI=1S/C13H12BrNO3/c14-12-9(5-8-3-1-2-4-8)6-10(13(16)17)7-11(12)18-15/h1-4,6-8H,5,15H2,(H,16,17)",C13H12NO3Br,309.000055344,2.6845000000000008,4.77,5.89,2.48,-150.0,3.2264760413765305,1,HIGHDIVERSITY_CONCAT,HsDHODH_HighDiv,3,2,72.55,4,13,3,1,0.7222222222222222,0.16666666666666666,0.05555555555555555,0.15384615384615385,0.0,18,2,1,1,0,0,0,0,0
CNOCC#CCCC1=C(Br)C(O)=CC(C(=O)N=O)=C1,12/000000236,"InChI=1S/C13H13BrN2O4/c1-15-20-6-4-2-3-5-9-7-10(13(18)16-19)8-11(17)12(9)14/h7-8,15,17H,3,5-6H2,1H3",C13H13N2O4Br,340.005868996,2.1483,4.76,3.58,3.85,-20.0,3.558607263922907,1,HIGHDIVERSITY_CONCAT,HsDHODH_HighDiv,5,2,87.98999999999998,5,13,4,2,0.65,0.2,0.1,0.3076923076923077,0.0,20,1,0,1,0,0,0,0,0
O=C(O)CC1=NNC(C2=NC(C(=O)O)=C(CCl)C=C2I)=N1,4/000000277,"InChI=1S/C11H8ClIN4O4/c12-3-4-1-5(13)9(15-8(4)11(20)21)10-14-6(16-17-10)2-7(18)19/h1H,2-3H2,(H,18,19)(H,20,21)(H,14,16,17)",C11H8N4O4ClI,421.927880416,1.5353999999999997,4.76,8.14,23.7,-120.0,3.3240387621325747,1,HIGHDIVERSITY_CONCAT,HsDHODH_HighDiv,5,3,129.06,5,11,4,4,0.5238095238095238,0.19047619047619047,0.19047619047619047,0.18181818181818182,0.0,21,2,0,2,2,0,2,0,0
CCCNC(=O)NC1=C(Br)C(ON)=CC(C(=O)O)=C1,12/000001198,"InChI=1S/C11H14BrN3O4/c1-2-3-14-11(18)15-7-4-6(10(16)17)5-8(19-13)9(7)12/h4-5H,2-3,13H2,1H3,(H,16,17)(H2,14,15,18)",C11H14N3O4Br,331.01676802799994,1.9313,4.76,5.72,18.1,-20.0,2.540299622257548,1,HIGHDIVERSITY_CONCAT,HsDHODH_HighDiv,4,4,113.67999999999999,5,11,4,3,0.5789473684210527,0.21052631578947367,0.15789473684210525,0.2727272727272727,0.0,19,1,0,1,0,0,0,0,0
CO[C@@H](CS)C(=O)C1=CC(S)=C(Br)C(N=O)=C1,12/000000374,"InChI=1S/C10H10BrNO3S2/c1-15-7(4-16)10(13)5-2-6(12-14)9(11)8(17)3-5/h2-3,7,16-17H,4H2,1H3/t7-/m0/s1",C10H10NO3S2Br,334.92854728000003,3.263200000000001,4.76,4.16,2.35,-190.0,4.1332958066060685,1,HIGHDIVERSITY_CONCAT,HsDHODH_HighDiv,6,2,55.73,5,10,3,1,0.5882352941176471,0.17647058823529413,0.058823529411764705,0.3,0.1,17,1,0,1,0,0,0,0,0
CCC(=O)C1=C(O)C(O)=CC(N2CCNC2=O)=C1,28/000000265,"InChI=1S/C12H14N2O4/c1-2-9(15)8-5-7(6-10(16)11(8)17)14-4-3-13-12(14)18/h5-6,16-17H,2-4H2,1H3,(H,13,18)",C12H14N2O4,250.095356928,1.2200999999999997,4.76,1.76,3.58,-160.0,2.5927055358820255,1,HIGHDIVERSITY_CONCAT,HsDHODH_HighDiv,4,3,89.87,3,12,4,2,0.6666666666666666,0.2222222222222222,0.1111111111111111,0.3333333333333333,0.0,18,2,1,1,1,1,0,0,0
O=C1NCCN1C1=CC(C#CCCCF)=C(CO)C(O)=C1,28/000000403,"InChI=1S/C15H17FN2O3/c16-5-3-1-2-4-11-8-12(9-14(20)13(11)10-19)18-7-6-17-15(18)21/h8-9,19-20H,1,3,5-7,10H2,(H,17,21)",C15H17N2O3F,292.122320624,1.5152999999999999,4.76,3.8,21.1,-120.0,3.180372955503877,1,HIGHDIVERSITY_CONCAT,HsDHODH_HighDiv,3,3,72.80000000000001,4,15,3,2,0.7142857142857143,0.14285714285714285,0.09523809523809523,0.4,0.0,21,2,1,1,1,1,0,0,0
O=C1C=C([C@@H](/C=C/C2=CC=C(OCCO)C(Cl)=C2O)CO)C(=O)N1,30/000000040,"InChI=1S/C16H16ClNO6/c17-14-12(24-6-5-19)4-3-9(15(14)22)1-2-10(8-20)11-7-13(21)18-16(11)23/h1-4,7,10,19-20,22H,5-6,8H2,(H,18,21,23)/b2-1+/t10-/m0/s1",C16H16NO6Cl,353.066614912,0.6211999999999999,4.76,4.32,6.58,-150.0,3.7427337770072793,1,HIGHDIVERSITY_CONCAT,HsDHODH_HighDiv,6,4,116.09,7,16,6,1,0.6666666666666666,0.25,0.041666666666666664,0.25,0.0625,24,2,1,1,1,1,0,0,0
CC/C=C/[C@@H](C#CC1=CC(O)=CC(Cl)=C1)CCO,23/000000202,"InChI=1S/C15H17ClO2/c1-2-3-4-12(7-8-17)5-6-13-9-14(16)11-15(18)10-13/h3-4,9-12,17-18H,2,7-8H2,1H3/b4-3+/t12-/m0/s1",C15H17O2Cl,264.091707464,3.3619000000000026,4.75,5.04,15.7,-170.0,3.7626046507574262,1,HIGHDIVERSITY_CONCAT,HsDHODH_HighDiv,2,2,40.46,4,15,2,0,0.8333333333333334,0.1111111111111111,0.0,0.3333333333333333,0.06666666666666667,18,1,0,1,0,0,0,0,0
C[C@H](CN)C(=O)C1=CC(N=O)=C(Br)C(NC(N)N)=C1,12/000000590,"InChI=1S/C11H16BrN5O2/c1-5(4-13)10(18)6-2-7(16-11(14)15)9(12)8(3-6)17-19/h2-3,5,11,16H,4,13-15H2,1H3/t5-/m1/s1",C11H14N5O2Br,329.04873685200005,1.2374000000000003,4.75,3.2,19.8,-170.0,3.881560629828492,1,HIGHDIVERSITY_CONCAT,HsDHODH_HighDiv,7,4,136.59,6,11,2,5,0.5789473684210527,0.10526315789473684,0.2631578947368421,0.36363636363636365,0.09090909090909091,19,1,0,1,0,0,0,0,0
O=C1NCCN1C1=CC(CSCCCl)=C(Cl)C(O)=C1,28/000000442,"InChI=1S/C12H14Cl2N2O2S/c13-1-4-19-7-8-5-9(6-10(17)11(8)14)16-3-2-15-12(16)18/h5-6,17H,1-4,7H2,(H,15,18)",C12H14N2O2SCl2,320.01530404799996,3.047200000000002,4.75,4.34,18.5,-120.0,2.993835590839465,1,HIGHDIVERSITY_CONCAT,HsDHODH_HighDiv,3,2,52.57000000000001,5,12,2,2,0.631578947368421,0.10526315789473684,0.10526315789473684,0.4166666666666667,0.0,19,2,1,1,1,1,0,0,0
C=CC1=C(O)C=C(N2CCNC2=O)C=C1CCS,28/000000333,"InChI=1S/C13H16N2O2S/c1-2-11-9(3-6-18)7-10(8-12(11)16)15-5-4-14-13(15)17/h2,7-8,16,18H,1,3-6H2,(H,14,17)",C13H16N2O2S,264.093248752,2.0371,4.75,4.66,16.7,-140.0,3.2180271182996067,1,HIGHDIVERSITY_CONCAT,HsDHODH_HighDiv,3,3,52.57,4,13,2,2,0.7222222222222222,0.1111111111111111,0.1111111111111111,0.3076923076923077,0.0,18,2,1,1,1,1,0,0,0
NCC1=CC=C(/C=C/[C@@H](CO)C2=CC(=O)NC2=O)C(O)=C1Cl,30/000000044,"InChI=1S/C15H15ClN2O4/c16-13-9(6-17)3-1-8(14(13)21)2-4-10(7-19)11-5-12(20)18-15(11)22/h1-5,10,19,21H,6-7,17H2,(H,18,20,22)/p+1/b4-2+/t10-/m0/s1",C15H16N2O4Cl,322.07203464,0.7088000000000001,4.75,4.4,6.72,-150.0,4.375516428106116,1,HIGHDIVERSITY_CONCAT,HsDHODH_HighDiv,5,4,112.64999999999999,5,15,4,2,0.6818181818181818,0.18181818181818182,0.09090909090909091,0.2,0.06666666666666667,22,2,1,1,1,1,0,0,0
NOC1=C(Br)C(CCC[C@@H](CO)C2=NC=CN=C2)=CC(C(=O)O)=C1,12/000001241,"InChI=1S/C16H18BrN3O4/c17-15-10(6-12(16(22)23)7-14(15)24-18)2-1-3-11(9-21)13-8-19-4-5-20-13/h4-8,11,21H,1-3,9,18H2,(H,22,23)/t11-/m0/s1",C16H18N3O4Br,395.048068156,2.2885999999999997,4.75,9.04,3.84,-150.0,3.4537397784685044,1,HIGHDIVERSITY_CONCAT,HsDHODH_HighDiv,6,3,118.56000000000002,8,16,4,3,0.6666666666666666,0.16666666666666666,0.125,0.3125,0.0625,24,2,0,2,1,0,1,0,0
NCCCC#CC1=CC(C(=O)O)=CC(ON)=C1Br,12/000001184,"InChI=1S/C12H13BrN2O3/c13-11-8(4-2-1-3-5-14)6-9(12(16)17)7-10(11)18-15/h6-7H,1,3,5,14-15H2,(H,16,17)/p+1",C12H14N2O3Br,312.01095437600003,1.4902000000000002,4.75,5.47,17.9,0.0,3.6981174668082417,1,HIGHDIVERSITY_CONCAT,HsDHODH_HighDiv,4,3,98.57000000000001,4,12,3,2,0.6666666666666666,0.16666666666666666,0.1111111111111111,0.25,0.0,18,1,0,1,0,0,0,0,0
NC1=C(Cl)C(O)=C(/C=C/[C@@H](CO)C2=CC(=O)NC2=O)C=C1,30/000000034,"InChI=1S/C14H13ClN2O4/c15-12-10(16)4-3-7(13(12)20)1-2-8(6-18)9-5-11(19)17-14(9)21/h1-5,8,18,20H,6,16H2,(H,17,19,21)/b2-1+/t8-/m0/s1",C14H13N2O4Cl,308.056384576,0.8323000000000002,4.75,4.01,5.21,-150.0,3.886617946412256,1,HIGHDIVERSITY_CONCAT,HsDHODH_HighDiv,5,4,112.65,4,14,4,2,0.6666666666666666,0.19047619047619047,0.09523809523809523,0.14285714285714285,0.07142857142857142,21,2,1,1,1,1,0,0,0
CCNCC#CCCC1=C(Br)C(O)=CC(C(=O)N=O)=C1,12/000000821,"InChI=1S/C14H15BrN2O3/c1-2-16-7-5-3-4-6-10-8-11(14(19)17-20)9-12(18)13(10)15/h8-9,16,18H,2,4,6-7H2,1H3/p+1",C14H16N2O3Br,338.02660444,2.6068000000000007,4.75,3.97,3.85,-20.0,4.0950928583285,1,HIGHDIVERSITY_CONCAT,HsDHODH_HighDiv,4,2,78.75999999999999,5,14,3,2,0.7,0.15,0.1,0.35714285714285715,0.0,20,1,0,1,0,0,0,0,0
NOC1=CC(C(=O)O)=CC(NC(=O)N[C@@H]2CCOC2)=C1Br,12/000001341,"InChI=1S/C12H14BrN3O5/c13-10-8(3-6(11(17)18)4-9(10)21-14)16-12(19)15-7-1-2-20-5-7/h3-4,7H,1-2,5,14H2,(H,17,18)(H2,15,16,19)/t7-/m1/s1",C12H14N3O5Br,359.011682648,1.3101999999999998,4.75,7.69,20.3,-150.0,3.2015148611128,1,HIGHDIVERSITY_CONCAT,HsDHODH_HighDiv,5,4,122.91000000000001,4,12,5,3,0.5714285714285714,0.23809523809523808,0.14285714285714285,0.3333333333333333,0.08333333333333333,21,2,1,1,1,1,0,0,0
C=CC1=C(C2=CC(O)=C(F)C=C2N=O)C=C(C(N)=S)N1,6/000000143,"InChI=1S/C13H10FN3O2S/c1-2-9-6(3-11(16-9)13(15)20)7-4-12(18)8(14)5-10(7)17-19/h2-5,16,18H,1H2,(H2,15,20)",C13H10N3O2SF,291.04777578000005,3.201500000000001,4.75,3.87,24.6,-140.0,3.676877333852977,1,HIGHDIVERSITY_CONCAT,HsDHODH_HighDiv,4,3,91.47,4,13,2,3,0.65,0.1,0.15,0.0,0.0,20,2,0,2,1,0,1,0,0
CONC/C=C/[C@@H](C#CC1=CC(CN)=CC(O)=C1)CCO,23/000000197,"InChI=1S/C16H22N2O3/c1-21-18-7-2-3-13(6-8-19)4-5-14-9-15(12-17)11-16(20)10-14/h2-3,9-11,13,18-20H,6-8,12,17H2,1H3/p+1/b3-2+/t13-/m0/s1",C16H23N2O3,290.16304256399997,0.9081999999999999,4.74,2.71,18.6,-200.0,4.594942258496248,1,HIGHDIVERSITY_CONCAT,HsDHODH_HighDiv,5,4,87.74000000000001,7,16,3,2,0.7619047619047619,0.14285714285714285,0.09523809523809523,0.375,0.0625,21,1,0,1,0,0,0,0,0
O=C1NCCN1C1=CC(CCS)=C(CCO)C(O)=C1,28/000000315,"InChI=1S/C13H18N2O3S/c16-5-1-11-9(2-6-19)7-10(8-12(11)17)15-4-3-14-13(15)18/h7-8,16-17,19H,1-6H2,(H,14,18)",C13H18N2O3S,282.103813436,0.9288999999999998,4.74,5.27,16.9,-140.0,3.022118319431629,1,HIGHDIVERSITY_CONCAT,HsDHODH_HighDiv,4,4,72.80000000000001,5,13,3,2,0.6842105263157895,0.15789473684210525,0.10526315789473684,0.46153846153846156,0.0,19,2,1,1,1,1,0,0,0
O=NC1=CC(C(=O)CS)=CC(O)=C1Br,12/000000889,"InChI=1S/C8H6BrNO3S/c9-8-5(10-13)1-4(2-6(8)11)7(12)3-14/h1-2,11,14H,3H2",C8H6NO3SBr,274.925176152,2.6651000000000002,4.74,2.6,2.35,0.0,3.34948931750087,1,HIGHDIVERSITY_CONCAT,HsDHODH_HighDiv,5,2,66.73,3,8,3,1,0.5714285714285714,0.21428571428571427,0.07142857142857142,0.125,0.0,14,1,0,1,0,0,0,0,0
O=NC(=O)C1=CC(CO)=C(Br)C(N2C=NC(S)=N2)=C1,12/000000216,"InChI=1S/C10H7BrN4O3S/c11-8-6(3-16)1-5(9(17)14-18)2-7(8)15-4-12-10(19)13-15/h1-2,4,16H,3H2,(H,13,19)",C10H7N4O3SBr,341.9422231840001,1.7173999999999996,4.74,4.37,22.6,-120.0,3.5309326713351687,1,HIGHDIVERSITY_CONCAT,HsDHODH_HighDiv,7,2,97.44,3,10,3,4,0.5263157894736842,0.15789473684210525,0.21052631578947367,0.1,0.0,19,2,0,2,1,0,1,0,0
NC/C=C/CCC1=CC(NC2=C(Br)C(S)=CC(F)=C2)=CN=C1,16/000000009,"InChI=1S/C16H17BrFN3S/c17-16-14(7-12(18)8-15(16)22)21-13-6-11(9-20-10-13)4-2-1-3-5-19/h1,3,6-10,21-22H,2,4-5,19H2/b3-1+",C16H17N3SFBr,381.03105886400004,4.463000000000003,4.73,5.26,19.5,-20.0,3.135026334854251,1,HIGHDIVERSITY_CONCAT,HsDHODH_HighDiv,4,3,50.94,6,16,0,3,0.7272727272727273,0.0,0.13636363636363635,0.1875,0.0,22,2,0,2,1,0,1,0,0
NCC1=C(Br)C(N=O)=CC(C(=O)C2=NC=NN2)=C1,12/000000573,"InChI=1S/C10H8BrN5O2/c11-8-6(3-12)1-5(2-7(8)16-18)9(17)10-13-4-14-15-10/h1-2,4H,3,12H2,(H,13,14,15)/p+1",C10H9N5O2Br,308.98613659600005,1.6548,4.73,4.71,2.48,0.0,3.83530804137653,1,HIGHDIVERSITY_CONCAT,HsDHODH_HighDiv,6,2,114.09,4,10,2,5,0.5555555555555556,0.1111111111111111,0.2777777777777778,0.1,0.0,18,2,0,2,1,0,1,0,0
NCCCC(=O)OC1=C(Br)C(ON)=CC(C(=O)O)=C1,12/000001278,"InChI=1S/C11H13BrN2O5/c12-10-7(18-9(15)2-1-3-13)4-6(11(16)17)5-8(10)19-14/h4-5H,1-3,13-14H2,(H,16,17)",C11H13N2O5Br,332.000783616,1.0441,4.73,5.09,17.9,0.0,2.640570210492843,1,HIGHDIVERSITY_CONCAT,HsDHODH_HighDiv,6,3,124.87000000000002,6,11,5,2,0.5789473684210527,0.2631578947368421,0.10526315789473684,0.2727272727272727,0.0,19,1,0,1,0,0,0,0,0
C=C(C[C@H](S)Cl)C(=O)C1=CC(N=O)=C(Br)C=C1O,12/000001057,"InChI=1S/C11H9BrClNO3S/c1-5(2-10(13)18)11(16)6-3-8(14-17)7(12)4-9(6)15/h3-4,10,15,18H,1-2H2/t10-/m0/s1",C11H9NO3SClBr,348.91750392800003,4.176300000000003,4.73,4.78,2.35,-170.0,4.150533226862175,1,HIGHDIVERSITY_CONCAT,HsDHODH_HighDiv,5,2,66.73,5,11,3,1,0.6111111111111112,0.16666666666666666,0.05555555555555555,0.18181818181818182,0.09090909090909091,18,1,0,1,0,0,0,0,0
O=NC1=CC(C#C[C@@H](CO)C2=NNC(=O)N2)=CC(O)=C1,23/000000072,"InChI=1S/C12H10N4O4/c17-6-8(11-13-12(19)15-14-11)2-1-7-3-9(16-20)5-10(18)4-7/h3-5,8,17-18H,6H2,(H2,13,14,15,19)/t8-/m0/s1",C12H10N4O4,274.0702048,0.32909999999999995,4.73,3.68,22.9,-150.0,4.203290294882224,1,HIGHDIVERSITY_CONCAT,HsDHODH_HighDiv,6,4,131.42999999999998,3,12,4,4,0.6,0.2,0.2,0.16666666666666666,0.08333333333333333,20,2,0,2,1,0,1,0,0
NC(N)NC1=C(Br)C(N=O)=CC(C(=O)CO)=C1,12/000000123,"InChI=1S/C9H11BrN4O3/c10-8-5(13-9(11)12)1-4(7(16)3-15)2-6(8)14-17/h1-2,9,13,15H,3,11-12H2",C9H10N4O3Br,302.00145231199997,0.6348999999999998,4.73,3.67,18.4,0.0,3.40151273568671,1,HIGHDIVERSITY_CONCAT,HsDHODH_HighDiv,7,4,130.79999999999998,5,9,3,4,0.5294117647058824,0.17647058823529413,0.23529411764705882,0.2222222222222222,0.0,17,1,0,1,0,0,0,0,0
C=C[C@@H](C#CC1=CC(CNOC)=C(N=O)C(O)=C1)CCO,23/000000208,"InChI=1S/C15H18N2O4/c1-3-11(6-7-18)4-5-12-8-13(10-16-21-2)15(17-20)14(19)9-12/h3,8-9,11,16,18-19H,1,6-7,10H2,2H3/t11-/m0/s1",C15H18N2O4,290.126657056,1.9772000000000003,4.73,3.07,20.8,-200.0,4.323466319998743,1,HIGHDIVERSITY_CONCAT,HsDHODH_HighDiv,6,3,91.15,7,15,4,2,0.7142857142857143,0.19047619047619047,0.09523809523809523,0.3333333333333333,0.06666666666666667,21,1,0,1,0,0,0,0,0
C=C(C)C1=C(O)C(O)=CC(N2CCNC2=O)=C1,28/000000551,"InChI=1S/C12H14N2O3/c1-7(2)9-5-8(6-10(15)11(9)16)14-4-3-13-12(14)17/h5-6,15-16H,1,3-4H2,2H3,(H,13,17)",C12H14N2O3,234.100442308,1.6604999999999999,4.73,3.02,14.8,-140.0,2.758937819298751,1,HIGHDIVERSITY_CONCAT,HsDHODH_HighDiv,3,3,72.80000000000001,2,12,3,2,0.7058823529411765,0.17647058823529413,0.11764705882352941,0.25,0.0,17,2,1,1,1,1,0,0,0
O=NC1=CC(C(=O)/C=C/CP(=O)(O)O)=CC(CCl)=C1Br,12/000000392,"InChI=1S/C11H10BrClNO5P/c12-11-8(6-13)4-7(5-9(11)14-16)10(15)2-1-3-20(17,18)19/h1-2,4-5H,3,6H2,(H2,17,18,19)/b2-1+",C11H10NO5PClBr,380.91684883,3.5024000000000015,4.73,3.7,4.16,-60.0,3.5762954760880996,1,HIGHDIVERSITY_CONCAT,HsDHODH_HighDiv,4,2,104.03,6,11,5,1,0.55,0.25,0.05,0.18181818181818182,0.0,20,1,0,1,0,0,0,0,0
C=CCC1=CC(C2=CC(O)=C(F)C=C2N=O)=CN1,6/000000125,"InChI=1S/C13H11FN2O2/c1-2-3-9-4-8(7-15-9)10-5-13(17)11(14)6-12(10)16-18/h2,4-7,15,17H,1,3H2",C13H11N2O2F,246.080455812,3.652800000000002,4.73,3.09,19.5,-160.0,3.4464443490688375,1,HIGHDIVERSITY_CONCAT,HsDHODH_HighDiv,3,2,65.45,4,13,2,2,0.7222222222222222,0.1111111111111111,0.1111111111111111,0.07692307692307693,0.0,18,2,0,2,1,0,1,0,0
NOC1=C(Br)C(N2N=CNC2=S)=CC(C(=O)O)=C1,12/000000007,"InChI=1S/C9H7BrN4O3S/c10-7-5(14-9(18)12-3-13-14)1-4(8(15)16)2-6(7)17-11/h1-3H,11H2,(H,15,16)(H,12,13,18)",C9H7N4O3SBr,329.94222318399994,1.64309,4.72,6.51,20.9,-120.0,3.464818251737597,1,HIGHDIVERSITY_CONCAT,HsDHODH_HighDiv,6,3,106.16000000000001,3,9,3,4,0.5,0.16666666666666666,0.2222222222222222,0.0,0.0,18,2,0,2,1,0,1,0,0
O=NC1=CC(C(=O)[C@H]2COC(=S)N2)=CC(O)=C1Br,12/000000449,"InChI=1S/C10H7BrN2O4S/c11-8-5(13-16)1-4(2-7(8)14)9(15)6-3-17-10(18)12-6/h1-2,6,14H,3H2,(H,12,18)/t6-/m1/s1",C10H7N2O4SBr,329.93098980400003,2.0086,4.72,3.16,2.35,-170.0,4.104845969438745,1,HIGHDIVERSITY_CONCAT,HsDHODH_HighDiv,6,2,87.99000000000001,3,10,4,2,0.5555555555555556,0.2222222222222222,0.1111111111111111,0.2,0.1,18,2,1,1,1,1,0,0,0
C[C@H](CC1=CC(C(=O)[N+](=O)[O-])=CC(CO)=C1Br)C1=CSC(CC(=O)O)=N1,12/000000611,"InChI=1S/C16H15BrN2O6S/c1-8(12-7-26-13(18-12)5-14(21)22)2-9-3-10(16(23)19(24)25)4-11(6-20)15(9)17/h3-4,7-8,20H,2,5-6H2,1H3,(H,21,22)/t8-/m1/s1",C16H15N2O6SBr,441.98341930000004,2.788100000000001,4.72,6.76,8.26,-170.0,3.720706846097305,1,HIGHDIVERSITY_CONCAT,HsDHODH_HighDiv,7,2,130.63,7,16,6,2,0.6153846153846154,0.23076923076923078,0.07692307692307693,0.3125,0.0625,26,2,0,2,1,0,1,0,0
O=C1NCCN1C1=CC(CCN2C=NC([N+](=O)[O-])=N2)=CC(O)=C1,28/000000163,"InChI=1S/C13H14N6O4/c20-11-6-9(1-3-17-8-15-12(16-17)19(22)23)5-10(7-11)18-4-2-14-13(18)21/h5-8,20H,1-4H2,(H,14,21)",C13H14N6O4,318.107652928,0.6641999999999999,4.72,3.36,24.4,-140.0,2.8883949209028277,1,HIGHDIVERSITY_CONCAT,HsDHODH_HighDiv,7,2,126.42000000000002,5,13,4,6,0.5652173913043478,0.17391304347826086,0.2608695652173913,0.3076923076923077,0.0,23,3,1,2,2,1,1,0,0
CCC(=O)C1=CC(N=O)=C(Br)C([C@@H](O)C(=O)O)=C1,12/000000919,"InChI=1S/C11H10BrNO5/c1-2-8(14)5-3-6(10(15)11(16)17)9(12)7(4-5)13-18/h3-4,10,15H,2H2,1H3,(H,16,17)/t10-/m1/s1",C11H10NO5Br,314.9742345199999,2.5577000000000005,4.72,4.35,3.58,-170.0,3.4939898553400788,1,HIGHDIVERSITY_CONCAT,HsDHODH_HighDiv,5,2,104.03000000000002,5,11,5,1,0.6111111111111112,0.2777777777777778,0.05555555555555555,0.2727272727272727,0.09090909090909091,18,1,0,1,0,0,0,0,0
C=C[C@@H](C#CC1=CC(CNOC)=CC(O)=C1)CCO,23/000000078,"InChI=1S/C15H19NO3/c1-3-12(6-7-17)4-5-13-8-14(11-16-19-2)10-15(18)9-13/h3,8-10,12,16-18H,1,6-7,11H2,2H3/t12-/m0/s1",C15H19NO3,261.136493468,1.5792999999999997,4.72,1.56,16.6,-170.0,3.884929372934441,1,HIGHDIVERSITY_CONCAT,HsDHODH_HighDiv,4,3,61.72,6,15,3,1,0.7894736842105263,0.15789473684210525,0.05263157894736842,0.3333333333333333,0.06666666666666667,19,1,0,1,0,0,0,0,0
O=NC1=CC(C(=O)CO)=CC(CCO)=C1Br,12/000000669,"InChI=1S/C10H10BrNO4/c11-10-6(1-2-13)3-7(9(15)5-14)4-8(10)12-16/h3-4,13-14H,1-2,5H2",C10H10NO4Br,286.9793199,1.5568,4.72,4.78,3.58,0.0,3.0799363107687263,1,HIGHDIVERSITY_CONCAT,HsDHODH_HighDiv,5,2,86.96000000000001,5,10,4,1,0.625,0.25,0.0625,0.3,0.0,16,1,0,1,0,0,0,0,0
NCC1=CC(=O)C=C(C2=CC=C(CON)C(Br)=C2)C1=O,10/000000146,"InChI=1S/C14H13BrN2O3/c15-13-4-8(1-2-9(13)7-20-17)12-5-11(18)3-10(6-16)14(12)19/h1-5H,6-7,16-17H2",C14H13N2O3Br,336.01095437600003,1.2597,4.72,4.88,3.58,-160.0,3.102409221964864,1,HIGHDIVERSITY_CONCAT,HsDHODH_HighDiv,5,2,95.41,4,14,3,2,0.7,0.15,0.1,0.14285714285714285,0.0,20,2,1,1,0,0,0,0,0
NOC1=CC(C(=O)O)=CC(OC(=O)CCCF)=C1Br,12/000001220,"InChI=1S/C11H11BrFNO5/c12-10-7(18-9(15)2-1-3-13)4-6(11(16)17)5-8(10)19-14/h4-5H,1-3,14H2,(H,16,17)",C11H11NO5FBr,334.98046277200007,2.0549000000000004,4.71,4.74,19.2,0.0,2.7835521109453314,1,HIGHDIVERSITY_CONCAT,HsDHODH_HighDiv,5,2,98.85,6,11,5,1,0.5789473684210527,0.2631578947368421,0.05263157894736842,0.2727272727272727,0.0,19,1,0,1,0,0,0,0,0
O=C(O)CC1=NNC(C2=NC(CCCl)=C(CO)C=C2I)=N1,4/000000293,"InChI=1S/C12H12ClIN4O3/c13-2-1-8-6(5-19)3-7(14)11(15-8)12-16-9(17-18-12)4-10(20)21/h3,19H,1-2,4-5H2,(H,20,21)(H,16,17,18)",C12H12N4O3ClI,421.964265924,1.3719999999999999,4.71,7.02,22.1,-120.0,3.460219747753124,1,HIGHDIVERSITY_CONCAT,HsDHODH_HighDiv,5,3,111.99,6,12,3,4,0.5714285714285714,0.14285714285714285,0.19047619047619047,0.3333333333333333,0.0,21,2,0,2,2,0,2,0,0
O=C1NCCN1C1=CC(O)=CC(C#CCCCO)=C1,28/000000169,"InChI=1S/C14H16N2O3/c17-7-3-1-2-4-11-8-12(10-13(18)9-11)16-6-5-15-14(16)19/h8-10,17-18H,1,3,5-7H2,(H,15,19)",C14H16N2O3,260.116092372,1.0458,4.71,2.47,17.8,-120.0,2.833118174293748,1,HIGHDIVERSITY_CONCAT,HsDHODH_HighDiv,3,3,72.80000000000001,3,14,3,2,0.7368421052631579,0.15789473684210525,0.10526315789473684,0.35714285714285715,0.0,19,2,1,1,1,1,0,0,0
O=C(O)CC1=NNC(C2=NC(/C=C/CCl)=CC=C2I)=N1,4/000000212,"InChI=1S/C12H10ClIN4O2/c13-5-1-2-7-3-4-8(14)11(15-7)12-16-9(17-18-12)6-10(19)20/h1-4H,5-6H2,(H,19,20)(H,16,17,18)/b2-1+",C12H10N4O2ClI,403.95370124,2.3504000000000005,4.71,4.78,21.9,-120.0,3.3847160701167134,1,HIGHDIVERSITY_CONCAT,HsDHODH_HighDiv,4,2,91.75999999999999,5,12,2,4,0.6,0.1,0.2,0.16666666666666666,0.0,20,2,0,2,2,0,2,0,0
C=CC1=C(C=C)N=C(C2=NC(CC(=O)O)=NN2)C(I)=C1,4/000000076,"InChI=1S/C13H11IN4O2/c1-3-7-5-8(14)12(15-9(7)4-2)13-16-10(17-18-13)6-11(19)20/h3-5H,1-2,6H2,(H,19,20)(H,16,17,18)",C13H11N4O2I,381.992673592,2.3843999999999994,4.71,6.49,21.8,-120.0,3.676030200985843,1,HIGHDIVERSITY_CONCAT,HsDHODH_HighDiv,4,2,91.75999999999999,5,13,2,4,0.65,0.1,0.2,0.07692307692307693,0.0,20,2,0,2,2,0,2,0,0
CCCC1=CC(C2=CC(O)=C(F)C=C2N=O)=C(CF)N1,6/000000151,"InChI=1S/C14H14F2N2O2/c1-2-3-8-4-9(13(7-15)17-8)10-5-14(19)11(16)6-12(10)18-20/h4-6,17,19H,2-3,7H2,1H3",C14H14N2O2F2,280.102334128,4.346300000000002,4.71,5.12,21.8,-140.0,3.4563295016851434,1,HIGHDIVERSITY_CONCAT,HsDHODH_HighDiv,3,2,65.45,5,14,2,2,0.7,0.1,0.1,0.2857142857142857,0.0,20,2,0,2,1,0,1,0,0
NCC1=C(Br)C(N=O)=CC(C(=O)C2=CNC=C2)=C1,12/000000577,"InChI=1S/C12H10BrN3O2/c13-11-9(5-14)3-8(4-10(11)16-18)12(17)7-1-2-15-6-7/h1-4,6,15H,5,14H2/p+1",C12H11N3O2Br,306.99563866,2.8648000000000007,4.71,4.43,2.48,0.0,3.790172349068838,1,HIGHDIVERSITY_CONCAT,HsDHODH_HighDiv,4,2,88.31,4,12,2,3,0.6666666666666666,0.1111111111111111,0.16666666666666666,0.08333333333333333,0.0,18,2,0,2,1,0,1,0,0
CN[C@@H](O)CCC(=O)OC1=CC(C(=O)O)=CC(ON)=C1Br,12/000001419,"InChI=1S/C12H15BrN2O6/c1-15-9(16)2-3-10(17)20-7-4-6(12(18)19)5-8(21-14)11(7)13/h4-5,9,15-16H,2-3,14H2,1H3,(H,18,19)/t9-/m0/s1",C12H15N2O6Br,362.01134830000007,0.6231999999999993,4.71,6.43,19.7,-200.0,3.4042379001427365,1,HIGHDIVERSITY_CONCAT,HsDHODH_HighDiv,7,4,131.11,7,12,6,2,0.5714285714285714,0.2857142857142857,0.09523809523809523,0.3333333333333333,0.08333333333333333,21,1,0,1,0,0,0,0,0
O=C1NCCN1C1=CC(O)=CC(C#CCCC2=CNC=NC2)=C1,28/000000106,"InChI=1S/C17H18N4O2/c22-16-8-13(3-1-2-4-14-10-18-12-19-11-14)7-15(9-16)21-6-5-20-17(21)23/h7-10,12,22H,2,4-6,11H2,(H,18,19)(H,20,23)",C17H18N4O2,310.142975816,1.5689,4.71,2.43,23.3,-120.0,3.611459864822283,1,HIGHDIVERSITY_CONCAT,HsDHODH_HighDiv,4,3,76.96000000000001,3,17,2,4,0.7391304347826086,0.08695652173913043,0.17391304347826086,0.29411764705882354,0.0,23,3,2,1,2,2,0,0,0
C=CCCSCC1=C(Cl)C(O)=CC(N2CCNC2=O)=C1,28/000000427,"InChI=1S/C14H17ClN2O2S/c1-2-3-6-20-9-10-7-11(8-12(18)13(10)15)17-5-4-16-14(17)19/h2,7-8,18H,1,3-6,9H2,(H,16,19)",C14H17N2O2SCl,312.069926464,3.3845000000000027,4.71,4.57,19.0,-120.0,3.052860850336492,1,HIGHDIVERSITY_CONCAT,HsDHODH_HighDiv,3,2,52.57,6,14,2,2,0.7,0.1,0.1,0.35714285714285715,0.0,20,2,1,1,1,1,0,0,0
CC(=O)NC[C@@H](O)COC1=C(Br)C(ON)=CC(C(=O)O)=C1,12/000001386,"InChI=1S/C12H15BrN2O6/c1-6(16)15-4-8(17)5-20-9-2-7(12(18)19)3-10(21-14)11(9)13/h2-3,8,17H,4-5,14H2,1H3,(H,15,16)(H,18,19)/t8-/m1/s1",C12H15N2O6Br,362.0113483,0.27559999999999923,4.71,6.44,19.7,-200.0,3.0558933946482316,1,HIGHDIVERSITY_CONCAT,HsDHODH_HighDiv,6,4,131.10999999999999,7,12,6,2,0.5714285714285714,0.2857142857142857,0.09523809523809523,0.3333333333333333,0.08333333333333333,21,1,0,1,0,0,0,0,0
O=C1C=C([C@@H](/C=C/C2=CC(F)=CC(Cl)=C2O)CO)C(=O)N1,30/000000038,"InChI=1S/C14H11ClFNO4/c15-11-4-9(16)3-7(13(11)20)1-2-8(6-18)10-5-12(19)17-14(10)21/h1-5,8,18,20H,6H2,(H,17,19,21)/b2-1+/t8-/m0/s1",C14H11NO4FCl,311.036063732,1.3891999999999995,4.71,3.47,5.21,-150.0,3.735221185278653,1,HIGHDIVERSITY_CONCAT,HsDHODH_HighDiv,4,3,86.63,4,14,4,1,0.6666666666666666,0.19047619047619047,0.047619047619047616,0.14285714285714285,0.07142857142857142,21,2,1,1,1,1,0,0,0
CC/C=C(\CS)C(=O)C1=CC(N=O)=C(Br)C=C1O,12/000000509,"InChI=1S/C12H12BrNO3S/c1-2-3-7(6-18)12(16)8-4-10(14-17)9(13)5-11(8)15/h3-5,15,18H,2,6H2,1H3/b7-3+",C12H12NO3SBr,328.97212634399995,4.001500000000003,4.71,3.48,2.35,-60.0,3.5783192721457615,1,HIGHDIVERSITY_CONCAT,HsDHODH_HighDiv,5,2,66.73,5,12,3,1,0.6666666666666666,0.16666666666666666,0.05555555555555555,0.25,0.0,18,1,0,1,0,0,0,0,0
O=NC(=O)C1=CC(CONC(=O)CCCl)=C(Br)C(CO)=C1,12/000000037,"InChI=1S/C12H12BrClN2O5/c13-11-8(5-17)3-7(12(19)15-20)4-9(11)6-21-16-10(18)1-2-14/h3-4,17H,1-2,5-6H2,(H,16,18)",C12H12N2O5ClBr,377.961811264,2.0247,4.7,6.43,21.8,-30.0,3.1472233775171894,1,HIGHDIVERSITY_CONCAT,HsDHODH_HighDiv,5,2,105.06000000000002,7,12,5,2,0.5714285714285714,0.23809523809523808,0.09523809523809523,0.3333333333333333,0.0,21,1,0,1,0,0,0,0,0
NNCC1=NC=C([C@H](O)C#CC2=CC(S)=C(S)C=C2Br)C=N1,29/000000048,"InChI=1S/C14H13BrN4OS2/c15-10-4-13(22)12(21)3-8(10)1-2-11(20)9-5-17-14(7-19-16)18-6-9/h3-6,11,19-22H,7,16H2/t11-/m1/s1",C14H13N4OS2Br,395.9714151360001,1.8648999999999991,4.7,3.87,3.7,-170.0,4.231814574386065,1,HIGHDIVERSITY_CONCAT,HsDHODH_HighDiv,7,5,84.06,3,14,1,4,0.6363636363636364,0.045454545454545456,0.18181818181818182,0.14285714285714285,0.07142857142857142,22,2,0,2,1,0,1,0,0
O=C(CS)[C@H](CCO)CCC1=C(Cl)C(Cl)=CC=C1O,19/000000023,"InChI=1S/C13H16Cl2O3S/c14-10-3-4-11(17)9(13(10)15)2-1-8(5-6-16)12(18)7-19/h3-4,8,16-17,19H,1-2,5-7H2/t8-/m0/s1",C13H16O3SCl2,322.01972073199994,3.1291000000000015,4.7,5.03,3.58,-150.0,3.4036244126339223,1,HIGHDIVERSITY_CONCAT,HsDHODH_HighDiv,4,3,57.53,7,13,3,0,0.6842105263157895,0.15789473684210525,0.0,0.46153846153846156,0.07692307692307693,19,1,0,1,0,0,0,0,0
CCCCCCCC1=CC(O)=CC(N2CCNC2=O)=C1,28/000000367,"InChI=1S/C16H24N2O2/c1-2-3-4-5-6-7-13-10-14(12-15(19)11-13)18-9-8-17-16(18)20/h10-12,19H,2-9H2,1H3,(H,17,20)",C16H24N2O2,276.183778008,3.434700000000002,4.7,2.2,15.0,-140.0,2.3089878601687666,1,HIGHDIVERSITY_CONCAT,HsDHODH_HighDiv,2,2,52.57,7,16,2,2,0.8,0.1,0.1,0.5625,0.0,20,2,1,1,1,1,0,0,0
CC/C=C(\CN)C(=O)C1=CC(N=O)=C(Br)C=C1O,12/000000510,"InChI=1S/C12H13BrN2O3/c1-2-3-7(6-14)12(17)8-4-10(15-18)9(13)5-11(8)16/h3-5,16H,2,6,14H2,1H3/b7-3+",C12H13N2O3Br,312.01095437600003,3.0304000000000015,4.7,3.9,2.35,-40.0,3.466785618299607,1,HIGHDIVERSITY_CONCAT,HsDHODH_HighDiv,5,2,92.75000000000001,5,12,3,2,0.6666666666666666,0.16666666666666666,0.1111111111111111,0.25,0.0,18,1,0,1,0,0,0,0,0
O=C(NC1=CC(O)=CC(OCCl)=C1)C1=CC(S)=CC(S)=C1Br,29/000000039,"InChI=1S/C14H11BrClNO3S2/c15-13-11(4-10(21)5-12(13)22)14(19)17-7-1-8(18)3-9(2-7)20-6-16/h1-5,18,21-22H,6H2,(H,17,19)",C14H11NO3S2ClBr,418.9052249920001,4.5595000000000026,4.7,3.81,4.94,-45.0,3.1170095110329106,1,HIGHDIVERSITY_CONCAT,HsDHODH_HighDiv,5,4,58.56,4,14,3,1,0.6363636363636364,0.13636363636363635,0.045454545454545456,0.07142857142857142,0.0,22,2,0,2,0,0,0,0,0
C=C(CN)C(=O)NOCC1=C(Br)C(CO)=CC(C(=O)N=O)=C1,12/000000860,"InChI=1S/C13H14BrN3O5/c1-7(4-15)12(19)17-22-6-10-3-8(13(20)16-21)2-9(5-18)11(10)14/h2-3,18H,1,4-6,15H2,(H,17,19)",C13H14N3O5Br,371.011682648,0.9106999999999998,4.7,6.63,23.1,-60.0,3.4695601238099636,1,HIGHDIVERSITY_CONCAT,HsDHODH_HighDiv,6,3,131.08,7,13,5,3,0.5909090909090909,0.22727272727272727,0.13636363636363635,0.23076923076923078,0.0,22,1,0,1,0,0,0,0,0
C=CC(C=C)NCNCC1=C(Br)C(N=O)=CC(C(N)=O)=C1,12/000000979,"InChI=1S/C14H17BrN4O2/c1-3-11(4-2)18-8-17-7-10-5-9(14(16)20)6-12(19-21)13(10)15/h3-6,11,17-18H,1-2,7-8H2,(H2,16,20)",C14H17N4O2Br,352.053487884,2.3232,4.7,6.16,3.72,-180.0,3.7299788431042344,1,HIGHDIVERSITY_CONCAT,HsDHODH_HighDiv,5,3,96.58000000000001,9,14,2,4,0.6666666666666666,0.09523809523809523,0.19047619047619047,0.21428571428571427,0.0,21,1,0,1,0,0,0,0,0
COCC(=O)C1=CC(O)=C(Br)C(N(O)C(C)=O)=C1,12/000000161,"InChI=1S/C11H12BrNO5/c1-6(14)13(17)8-3-7(10(16)5-18-2)4-9(15)11(8)12/h3-4,15,17H,5H2,1-2H3",C11H12NO5Br,316.989884584,1.7258999999999998,4.7,4.54,3.72,-80.0,2.9905522508691647,1,HIGHDIVERSITY_CONCAT,HsDHODH_HighDiv,5,2,87.07,4,11,5,1,0.6111111111111112,0.2777777777777778,0.05555555555555555,0.2727272727272727,0.0,18,1,0,1,0,0,0,0,0
O=C1C=C([C@@H](/C=C/C2=CC=CC(Cl)=C2O)CO)C(=O)N1,30/000000017,"InChI=1S/C14H12ClNO4/c15-11-3-1-2-8(13(11)19)4-5-9(7-17)10-6-12(18)16-14(10)20/h1-6,9,17,19H,7H2,(H,16,18,20)/b5-4+/t9-/m0/s1",C14H12NO4Cl,293.04548554400003,1.2500999999999998,4.69,4.02,5.09,-150.0,3.6418692159611457,1,HIGHDIVERSITY_CONCAT,HsDHODH_HighDiv,4,3,86.63,4,14,4,1,0.7,0.2,0.05,0.14285714285714285,0.07142857142857142,20,2,1,1,1,1,0,0,0
NOC1=CC(C(=O)O)=CC(CC(=O)CCBr)=C1Br,12/000001427,"InChI=1S/C11H11Br2NO4/c12-2-1-8(15)4-6-3-7(11(16)17)5-9(18-14)10(6)13/h3,5H,1-2,4,14H2,(H,16,17)",C11H11NO4Br2,378.90548203200007,2.2964,4.69,7.01,2.64,0.0,3.000227925991916,1,HIGHDIVERSITY_CONCAT,HsDHODH_HighDiv,4,2,89.62,6,11,4,1,0.6111111111111112,0.2222222222222222,0.05555555555555555,0.2727272727272727,0.0,18,1,0,1,0,0,0,0,0
CNCNCC1=C(Br)C(N=O)=CC(C(=O)[C@H]2CCON2)=C1,12/000000093,"InChI=1S/C13H17BrN4O3/c1-15-7-16-6-9-4-8(5-11(17-20)12(9)14)13(19)10-2-3-21-18-10/h4-5,10,15-16,18H,2-3,6-7H2,1H3/t10-/m1/s1",C13H17N4O3Br,356.048402504,1.5897,4.69,3.3,5.24,-190.0,4.223496886918673,1,HIGHDIVERSITY_CONCAT,HsDHODH_HighDiv,7,3,91.82000000000001,7,13,3,4,0.6190476190476191,0.14285714285714285,0.19047619047619047,0.46153846153846156,0.07692307692307693,21,2,1,1,1,1,0,0,0
O=C(O)C1=CC(C/C=C/CC2=CON=C2O)=C([N+](=O)[O-])O1,3/000000173,"InChI=1S/C12H10N2O7/c15-10-8(6-20-13-10)4-2-1-3-7-5-9(12(16)17)21-11(7)14(18)19/h1-2,5-6H,3-4H2,(H,13,15)(H,16,17)/b2-1+",C12H10N2O7,294.04880066,1.9209999999999998,4.69,5.17,4.16,0.0,3.664894548814132,1,HIGHDIVERSITY_CONCAT,HsDHODH_HighDiv,7,2,139.84000000000003,6,12,7,2,0.5714285714285714,0.3333333333333333,0.09523809523809523,0.16666666666666666,0.0,21,2,0,2,2,0,2,0,0
NOC1=CC(C(=O)O)=CC(C[C@@H](N)CBr)=C1Br,12/000001200,"InChI=1S/C10H12Br2N2O3/c11-4-7(13)2-5-1-6(10(15)16)3-8(17-14)9(5)12/h1,3,7H,2,4,13-14H2,(H,15,16)/p+1/t7-/m1/s1",C10H13N2O3Br2,365.921466444,1.6645,4.69,4.71,2.48,-150.0,4.117305037375299,1,HIGHDIVERSITY_CONCAT,HsDHODH_HighDiv,4,3,98.57,5,10,3,2,0.5882352941176471,0.17647058823529413,0.11764705882352941,0.3,0.1,17,1,0,1,0,0,0,0,0
NOC1=CC(C(=O)O)=CC(OC(=O)CC[C@@H]2COCN2)=C1Br,12/000001363,"InChI=1S/C13H15BrN2O6/c14-12-9(3-7(13(18)19)4-10(12)22-15)21-11(17)2-1-8-5-20-6-16-8/h3-4,8,16H,1-2,5-6,15H2,(H,18,19)/t8-/m1/s1",C13H15N2O6Br,374.01134830000007,1.0313,4.69,6.23,20.7,-150.0,3.647134624827427,1,HIGHDIVERSITY_CONCAT,HsDHODH_HighDiv,7,3,120.11,6,13,6,2,0.5909090909090909,0.2727272727272727,0.09090909090909091,0.38461538461538464,0.07692307692307693,22,2,1,1,1,1,0,0,0
CC1=C(C#CCCCCON)C=C(N2CCNC2=O)C=C1O,28/000000548,"InChI=1S/C16H21N3O3/c1-12-13(6-4-2-3-5-9-22-17)10-14(11-15(12)20)19-8-7-18-16(19)21/h10-11,20H,2-3,5,7-9,17H2,1H3,(H,18,21)",C16H21N3O3,303.15829153199996,1.6423199999999998,4.69,3.1,20.4,-140.0,3.099227327410082,1,HIGHDIVERSITY_CONCAT,HsDHODH_HighDiv,4,3,87.82000000000001,5,16,3,3,0.7272727272727273,0.13636363636363635,0.13636363636363635,0.4375,0.0,22,2,1,1,1,1,0,0,0
CCC#C/C=C\CCCC1=CC(C(=O)O)=CC(O)=C1C(=O)O,3/000000232,"InChI=1S/C17H18O5/c1-2-3-4-5-6-7-8-9-12-10-13(16(19)20)11-14(18)15(12)17(21)22/h5-6,10-11,18H,2,7-9H2,1H3,(H,19,20)(H,21,22)/b6-5-",C17H18O5,302.115423676,3.080900000000001,4.69,4.41,4.16,-80.0,2.9112856648790633,1,HIGHDIVERSITY_CONCAT,HsDHODH_HighDiv,3,3,94.83,6,17,5,0,0.7727272727272727,0.22727272727272727,0.0,0.29411764705882354,0.0,22,1,0,1,0,0,0,0,0
CCOCN[C@H](Cl)CC1=C(Br)C(CO)=CC(C(=O)N=O)=C1,12/000000778,"InChI=1S/C13H16BrClN2O4/c1-2-21-7-16-11(15)5-8-3-9(13(19)17-20)4-10(6-18)12(8)14/h3-4,11,16,18H,2,5-7H2,1H3/t11-/m0/s1",C13H16N2O4ClBr,377.998196772,2.5390000000000006,4.69,7.03,20.2,-200.0,3.888092440339383,1,HIGHDIVERSITY_CONCAT,HsDHODH_HighDiv,5,2,87.98999999999998,8,13,4,2,0.6190476190476191,0.19047619047619047,0.09523809523809523,0.46153846153846156,0.07692307692307693,21,1,0,1,0,0,0,0,0
CC1=C(C#CCCCN)C=C(N2CCNC2=O)C=C1O,28/000000537,"InChI=1S/C15H19N3O2/c1-11-12(5-3-2-4-6-16)9-13(10-14(11)19)18-8-7-17-15(18)20/h9-10,19H,2,4,6-8,16H2,1H3,(H,17,20)",C15H19N3O2,273.147726848,1.3206199999999997,4.69,2.35,18.6,-140.0,2.9838921690178104,1,HIGHDIVERSITY_CONCAT,HsDHODH_HighDiv,3,3,78.59,3,15,2,3,0.75,0.1,0.15,0.4,0.0,20,2,1,1,1,1,0,0,0
O=NC(=O)C1=CC=C(Br)C([C@@H](S)C/C=C/CC2=NC(Cl)=CN2)=C1,12/000000042,"InChI=1S/C15H13BrClN3O2S/c16-11-6-5-9(15(21)20-22)7-10(11)12(23)3-1-2-4-14-18-8-13(17)19-14/h1-2,5-8,12,23H,3-4H2,(H,18,19)/b2-1+/t12-/m0/s1",C15H13N3O2SClBr,412.96003743600005,4.892100000000002,4.68,4.44,5.39,-150.0,4.234726016970116,1,HIGHDIVERSITY_CONCAT,HsDHODH_HighDiv,4,2,75.18,6,15,2,3,0.6521739130434783,0.08695652173913043,0.13043478260869565,0.2,0.06666666666666667,23,2,0,2,1,0,1,0,0
O=C1NCCN1C1=CC(O)=CC(C#CCC[N+](=O)[O-])=C1,28/000000376,"InChI=1S/C13H13N3O4/c17-12-8-10(3-1-2-5-16(19)20)7-11(9-12)15-6-4-14-13(15)18/h7-9,17H,2,4-6H2,(H,14,18)",C13H13N3O4,275.09060589600006,0.9401,4.68,3.82,21.2,-120.0,3.157416619567262,1,HIGHDIVERSITY_CONCAT,HsDHODH_HighDiv,4,2,95.71000000000001,3,13,4,3,0.65,0.2,0.15,0.3076923076923077,0.0,20,2,1,1,1,1,0,0,0
NOC1=CC(C(=O)O)=CC(OC(=O)/C=C/CCC(=O)O)=C1Br,12/000001304,"InChI=1S/C13H12BrNO7/c14-12-8(5-7(13(19)20)6-9(12)22-15)21-11(18)4-2-1-3-10(16)17/h2,4-6H,1,3,15H2,(H,16,17)(H,19,20)/b4-2+",C13H12NO7Br,372.979713824,1.7262,4.68,6.84,22.1,-60.0,2.8017460429755445,1,HIGHDIVERSITY_CONCAT,HsDHODH_HighDiv,6,3,136.14999999999998,7,13,7,1,0.5909090909090909,0.3181818181818182,0.045454545454545456,0.15384615384615385,0.0,22,1,0,1,0,0,0,0,0
O=NC1=CC(F)=C(O)C=C1C1=CNC(CBr)=C1,6/000000092,"InChI=1S/C11H8BrFN2O2/c12-4-7-1-6(5-14-7)8-2-11(16)9(13)3-10(8)15-17/h1-3,5,14,16H,4H2",C11H8N2O2FBr,297.97531781600003,3.8192000000000013,4.68,2.55,19.0,-120.0,3.4692165000074953,1,HIGHDIVERSITY_CONCAT,HsDHODH_HighDiv,3,2,65.44999999999999,3,11,2,2,0.6470588235294118,0.11764705882352941,0.11764705882352941,0.09090909090909091,0.0,17,2,0,2,1,0,1,0,0
N[C@@H](C#CCCC1=C(Br)C(O)=CC(C(=O)N=O)=C1)C(=O)O,12/000000852,"InChI=1S/C13H11BrN2O5/c14-11-7(3-1-2-4-9(15)13(19)20)5-8(6-10(11)17)12(18)16-21/h5-6,9,17H,1,3,15H2,(H,19,20)/p+1/t9-/m0/s1",C13H11N2O5Br,353.985133552,1.4092,4.68,5.06,3.98,-180.0,4.253662350692187,1,HIGHDIVERSITY_CONCAT,HsDHODH_HighDiv,5,3,130.04999999999998,4,13,5,2,0.6190476190476191,0.23809523809523808,0.09523809523809523,0.23076923076923078,0.07692307692307693,21,1,0,1,0,0,0,0,0
O=NC1=C(Br)C(CC(=O)O)=CC(C(=O)[C@H]2CCNN2)=C1,12/000000080,"InChI=1S/C12H12BrN3O4/c13-11-6(5-10(17)18)3-7(4-9(11)16-20)12(19)8-1-2-14-15-8/h3-4,8,14-15H,1-2,5H2,(H,17,18)/t8-/m1/s1",C12H12N3O4Br,341.00111796400006,1.5232999999999994,4.68,3.0,3.58,-190.0,3.962266698478629,1,HIGHDIVERSITY_CONCAT,HsDHODH_HighDiv,6,3,107.86000000000001,5,12,4,3,0.6,0.2,0.15,0.3333333333333333,0.08333333333333333,20,2,1,1,1,1,0,0,0
CCCNCC#CCCC1=C(Br)C(O)=CC(C(=O)N=O)=C1,12/000000806,"InChI=1S/C15H17BrN2O3/c1-2-7-17-8-5-3-4-6-11-9-12(15(20)18-21)10-13(19)14(11)16/h9-10,17,19H,2,4,6-8H2,1H3/p+1",C15H18N2O3Br,352.042254504,2.996900000000001,4.68,3.99,5.21,-50.0,4.1311208087610805,1,HIGHDIVERSITY_CONCAT,HsDHODH_HighDiv,4,2,78.75999999999999,6,15,3,2,0.7142857142857143,0.14285714285714285,0.09523809523809523,0.4,0.0,21,1,0,1,0,0,0,0,0
NC[C@H](Cl)C(=O)C1=CC(S)=C(Br)C(N=O)=C1,12/000000963,"InChI=1S/C9H8BrClN2O2S/c10-8-6(13-15)1-4(2-7(8)16)9(14)5(11)3-12/h1-2,5,16H,3,12H2/t5-/m0/s1",C9H8N2O2SClBr,321.917838276,2.8845,4.67,3.37,2.35,-170.0,4.218263634179779,1,HIGHDIVERSITY_CONCAT,HsDHODH_HighDiv,5,2,72.52000000000001,4,9,2,2,0.5625,0.125,0.125,0.2222222222222222,0.1111111111111111,16,1,0,1,0,0,0,0,0
NCC1=C(C/C=C/[C@H](/C=C\CBr)C2=CCOC2)OC(C(=O)O)=N1,3/000000240,"InChI=1S/C16H19BrN2O4/c17-7-2-4-11(12-6-8-22-10-12)3-1-5-14-13(9-18)19-15(23-14)16(20)21/h1-4,6,11H,5,7-10,18H2,(H,20,21)/b3-1+,4-2-/t11-/m1/s1",C16H19N2O4Br,382.05281918799994,2.4541000000000004,4.67,7.64,6.72,-150.0,4.747203790638755,1,HIGHDIVERSITY_CONCAT,HsDHODH_HighDiv,5,2,98.58000000000001,8,16,4,2,0.6956521739130435,0.17391304347826086,0.08695652173913043,0.375,0.0625,23,2,1,1,2,1,1,0,0
C=CC1=C(C(C)=O)C=C(I)C(C2=NC(CC(=O)O)=NN2)=N1,4/000000216,"InChI=1S/C13H11IN4O3/c1-3-9-7(6(2)19)4-8(14)12(15-9)13-16-10(17-18-13)5-11(20)21/h3-4H,1,5H2,2H3,(H,20,21)(H,16,17,18)",C13H11N4O3I,397.98758821200005,1.9439999999999997,4.67,7.9,23.0,-140.0,3.4318201386507923,1,HIGHDIVERSITY_CONCAT,HsDHODH_HighDiv,5,2,108.83,5,13,3,4,0.6190476190476191,0.14285714285714285,0.19047619047619047,0.15384615384615385,0.0,21,2,0,2,2,0,2,0,0
NCNCC#CCC1=C(Br)C(O)=CC(C(=O)N=O)=C1,12/000000768,"InChI=1S/C12H12BrN3O3/c13-11-8(3-1-2-4-15-7-14)5-9(6-10(11)17)12(18)16-19/h5-6,15,17H,3-4,7,14H2",C12H12N3O3Br,325.00620334399997,1.1130000000000004,4.67,6.33,3.85,0.0,3.613716695003807,1,HIGHDIVERSITY_CONCAT,HsDHODH_HighDiv,5,3,104.78,4,12,3,3,0.631578947368421,0.15789473684210525,0.15789473684210525,0.25,0.0,19,1,0,1,0,0,0,0,0
O=C1NCCN1C1=CC(CCCCF)=C(I)C(O)=C1,28/000000331,"InChI=1S/C13H16FIN2O2/c14-4-2-1-3-9-7-10(8-11(18)12(9)15)17-6-5-16-13(17)19/h7-8,18H,1-6H2,(H,16,19)",C13H16N2O2FI,378.024053972,2.818600000000001,4.67,4.95,17.6,-120.0,3.0319595385898293,1,HIGHDIVERSITY_CONCAT,HsDHODH_HighDiv,2,2,52.57000000000001,5,13,2,2,0.6842105263157895,0.10526315789473684,0.10526315789473684,0.46153846153846156,0.0,19,2,1,1,1,1,0,0,0
O=NC1=CC(C(=O)CCl)=CC(CCNCC/C=C/[C@@H]2CCNC2)=C1Br,12/000000934,"InChI=1S/C18H23BrClN3O2/c19-18-14(9-15(17(24)11-20)10-16(18)23-25)5-8-21-6-2-1-3-13-4-7-22-12-13/h1,3,9-10,13,21-22H,2,4-8,11-12H2/b3-1+/t13-/m1/s1",C18H23N3O2ClBr,427.0662167560001,3.956400000000003,4.67,4.06,4.94,-150.0,3.862447698211927,1,HIGHDIVERSITY_CONCAT,HsDHODH_HighDiv,5,2,70.56,10,18,2,3,0.72,0.08,0.12,0.5,0.05555555555555555,25,2,1,1,1,1,0,0,0
C=CC1=C(S)C=C(I)C(C2=NC(CC(=O)O)=NN2)=N1,4/000000192,"InChI=1S/C11H9IN4O2S/c1-2-6-7(19)3-5(12)10(13-6)11-14-8(15-16-11)4-9(17)18/h2-3,19H,1,4H2,(H,17,18)(H,14,15,16)",C11H9N4O2SI,387.94909452800005,2.0300999999999996,4.67,6.7,22.1,-120.0,3.7378794168972984,1,HIGHDIVERSITY_CONCAT,HsDHODH_HighDiv,5,3,91.76,4,11,2,4,0.5789473684210527,0.10526315789473684,0.21052631578947367,0.09090909090909091,0.0,19,2,0,2,2,0,2,0,0
NOC1=C(Br)C(C2=CNN(CCl)C2)=CC(C(=O)O)=C1,12/000001328,"InChI=1S/C11H11BrClN3O3/c12-10-8(7-3-15-16(4-7)5-13)1-6(11(17)18)2-9(10)19-14/h1-3,15H,4-5,14H2,(H,17,18)",C11H11N3O3ClBr,346.967230992,1.7572000000000003,4.67,4.47,19.0,-120.0,3.6417631447079497,1,HIGHDIVERSITY_CONCAT,HsDHODH_HighDiv,5,3,87.82000000000001,4,11,3,3,0.5789473684210527,0.15789473684210525,0.15789473684210525,0.18181818181818182,0.0,19,2,1,1,1,1,0,0,0
CN/C=C/C(=O)C1=CC([C@@H](O)C(=O)O)=C(Br)C(N=O)=C1,12/000000897,"InChI=1S/C12H11BrN2O5/c1-14-3-2-9(16)6-4-7(11(17)12(18)19)10(13)8(5-6)15-20/h2-5,11,14,17H,1H3,(H,18,19)/b3-2+/t11-/m1/s1",C12H11N2O5Br,341.98513355200004,1.8807999999999996,4.67,3.59,3.72,-190.0,3.836605513625745,1,HIGHDIVERSITY_CONCAT,HsDHODH_HighDiv,6,3,116.06,6,12,5,2,0.6,0.25,0.1,0.16666666666666666,0.08333333333333333,20,1,0,1,0,0,0,0,0
CCCC1=CC(C2=CC(O)=C(F)C=C2N=O)=C(C=S)N1,6/000000146,"InChI=1S/C14H13FN2O2S/c1-2-3-8-4-9(13(7-20)16-8)10-5-14(18)11(15)6-12(10)17-19/h4-7,16,18H,2-3H2,1H3",C14H13N2O2SF,292.06817687600005,4.224600000000002,4.67,6.18,22.8,-180.0,3.5885451660208085,1,HIGHDIVERSITY_CONCAT,HsDHODH_HighDiv,4,2,65.45,5,14,2,2,0.7,0.1,0.1,0.21428571428571427,0.0,20,2,0,2,1,0,1,0,0
C=CC1=C(C(=C)N)C=C(I)C(C2=NC(CC(=O)O)=NN2)=N1,4/000000215,"InChI=1S/C13H12IN5O2/c1-3-9-7(6(2)15)4-8(14)12(16-9)13-17-10(18-19-13)5-11(20)21/h3-4H,1-2,5,15H2,(H,20,21)(H,17,18,19)",C13H12N5O2I,397.00357262400007,1.6708000000000003,4.66,7.53,23.2,-120.0,3.705799086019214,1,HIGHDIVERSITY_CONCAT,HsDHODH_HighDiv,5,3,117.77999999999999,5,13,2,5,0.6190476190476191,0.09523809523809523,0.23809523809523808,0.07692307692307693,0.0,21,2,0,2,2,0,2,0,0
CSCC1=C(O)C(O)=CC(N2CCNC2=O)=C1,28/000000272,"InChI=1S/C11H14N2O3S/c1-17-6-7-4-8(5-9(14)10(7)15)13-3-2-12-11(13)16/h4-5,14-15H,2-3,6H2,1H3,(H,12,16)",C11H14N2O3S,254.072513308,1.4903999999999997,4.66,2.51,15.7,-140.0,2.774328120302094,1,HIGHDIVERSITY_CONCAT,HsDHODH_HighDiv,4,3,72.80000000000001,3,11,3,2,0.6470588235294118,0.17647058823529413,0.11764705882352941,0.36363636363636365,0.0,17,2,1,1,1,1,0,0,0
NOC1=C(Br)C(C#CCCCC=S)=CC(C(=O)O)=C1,12/000001191,"InChI=1S/C13H12BrNO3S/c14-12-9(5-3-1-2-4-6-19)7-10(13(16)17)8-11(12)18-15/h6-8H,1-2,4,15H2,(H,16,17)",C13H12NO3SBr,340.97212634399995,2.9213000000000013,4.66,5.76,20.8,0.0,3.466289771926883,1,HIGHDIVERSITY_CONCAT,HsDHODH_HighDiv,4,2,72.55,5,13,3,1,0.6842105263157895,0.15789473684210525,0.05263157894736842,0.23076923076923078,0.0,19,1,0,1,0,0,0,0,0
CC/C=C/[C@@H](C#CC1=CC(O)=CC=C1)CCO,23/000000141,"InChI=1S/C15H18O2/c1-2-3-5-13(10-11-16)8-9-14-6-4-7-15(17)12-14/h3-7,12-13,16-17H,2,10-11H2,1H3/b5-3+/t13-/m0/s1",C15H18O2,230.130679816,2.7085000000000012,4.66,3.09,14.0,-170.0,3.565642729682992,1,HIGHDIVERSITY_CONCAT,HsDHODH_HighDiv,2,2,40.46,4,15,2,0,0.8823529411764706,0.11764705882352941,0.0,0.3333333333333333,0.06666666666666667,17,1,0,1,0,0,0,0,0
O=NC(=O)C1=CC(O)=C(Br)C(C[C@@H](O)/C=C/C(=O)NO)=C1,12/000000078,"InChI=1S/C12H11BrN2O6/c13-11-6(4-8(16)1-2-10(18)14-20)3-7(5-9(11)17)12(19)15-21/h1-3,5,8,16-17,20H,4H2,(H,14,18)/b2-1+/t8-/m0/s1",C12H11N2O6Br,357.980048172,1.0263,4.66,5.07,5.21,-180.0,3.733857955087792,1,HIGHDIVERSITY_CONCAT,HsDHODH_HighDiv,6,4,136.29,5,12,6,2,0.5714285714285714,0.2857142857142857,0.09523809523809523,0.16666666666666666,0.08333333333333333,21,1,0,1,0,0,0,0,0
CCCC1=CC(C2=CC(O)=C(F)C=C2N=O)=CN1,6/000000137,"InChI=1S/C13H13FN2O2/c1-2-3-9-4-8(7-15-9)10-5-13(17)11(14)6-12(10)16-18/h4-7,15,17H,2-3H2,1H3",C13H13N2O2F,248.096105876,3.876800000000002,4.66,2.94,18.5,-180.0,3.164276349068838,1,HIGHDIVERSITY_CONCAT,HsDHODH_HighDiv,3,2,65.45,4,13,2,2,0.7222222222222222,0.1111111111111111,0.1111111111111111,0.23076923076923078,0.0,18,2,0,2,1,0,1,0,0
COCC(=O)C1=CC(O)=C(Br)C(OC/C=C/CO)=C1,12/000000671,"InChI=1S/C13H15BrO5/c1-18-8-11(17)9-6-10(16)13(14)12(7-9)19-5-3-2-4-15/h2-3,6-7,15-16H,4-5,8H2,1H3/b3-2+",C13H15O5Br,330.01028568000004,1.9111,4.65,3.86,3.58,-20.0,2.801693026364754,1,HIGHDIVERSITY_CONCAT,HsDHODH_HighDiv,5,2,75.99000000000001,7,13,5,0,0.6842105263157895,0.2631578947368421,0.0,0.3076923076923077,0.0,19,1,0,1,0,0,0,0,0
CCC#C/C(=C\CCCC1=CC(C(=O)O)=CC(O)=C1)CN,3/000000190,"InChI=1S/C17H21NO3/c1-2-3-6-13(12-18)7-4-5-8-14-9-15(17(20)21)11-16(19)10-14/h7,9-11,19H,2,4-5,8,12,18H2,1H3,(H,20,21)/b13-7+",C17H21NO3,287.152143532,2.7116,4.65,2.51,5.21,-50.0,3.0988948140661217,1,HIGHDIVERSITY_CONCAT,HsDHODH_HighDiv,3,3,83.55,6,17,3,1,0.8095238095238095,0.14285714285714285,0.047619047619047616,0.35294117647058826,0.0,21,1,0,1,0,0,0,0,0
NCC/C=C(\CNN)C(=O)C1=CC(N=O)=C(Br)C=C1O,12/000000484,"InChI=1S/C12H15BrN4O3/c13-9-5-11(18)8(4-10(9)17-20)12(19)7(6-16-15)2-1-3-14/h2,4-5,16,18H,1,3,6,14-15H2/b7-2+",C12H15N4O3Br,342.03275243999997,1.4738000000000007,4.65,4.14,3.7,-40.0,3.6754286159042575,1,HIGHDIVERSITY_CONCAT,HsDHODH_HighDiv,7,4,130.79999999999998,7,12,3,4,0.6,0.15,0.2,0.25,0.0,20,1,0,1,0,0,0,0,0
C=C[C@@H](O)COC1=CC(C(=O)O)=CC(ON)=C1Br,12/000001284,"InChI=1S/C11H12BrNO5/c1-2-7(14)5-17-8-3-6(11(15)16)4-9(18-13)10(8)12/h2-4,7,14H,1,5,13H2,(H,15,16)/t7-/m1/s1",C11H12NO5Br,316.98988458400004,1.3255,4.65,4.94,16.5,-150.0,3.3299233046035814,1,HIGHDIVERSITY_CONCAT,HsDHODH_HighDiv,5,3,102.01,6,11,5,1,0.6111111111111112,0.2777777777777778,0.05555555555555555,0.18181818181818182,0.09090909090909091,18,1,0,1,0,0,0,0,0
NC/C=C/CC1=CC(C(=O)O)=CC(ON)=C1Br,12/000001113,"InChI=1S/C11H13BrN2O3/c12-10-7(3-1-2-4-13)5-8(11(15)16)6-9(10)17-14/h1-2,5-6H,3-4,13-14H2,(H,15,16)/b2-1+",C11H13N2O3Br,300.01095437600003,1.4572000000000003,4.65,6.29,2.48,0.0,3.133479290870657,1,HIGHDIVERSITY_CONCAT,HsDHODH_HighDiv,4,3,98.57000000000001,5,11,3,2,0.6470588235294118,0.17647058823529413,0.11764705882352941,0.18181818181818182,0.0,17,1,0,1,0,0,0,0,0
NCC1=C(Cl)C(C2=CC(=O)C=C(C(=O)O)C2=O)=CC=C1F,10/000000131,"InChI=1S/C14H9ClFNO4/c15-12-7(1-2-11(16)10(12)5-17)8-3-6(18)4-9(13(8)19)14(20)21/h1-4H,5,17H2,(H,20,21)",C14H9NO4FCl,309.02041366800006,1.484,4.65,5.01,2.47,-160.0,2.9584590050475548,1,HIGHDIVERSITY_CONCAT,HsDHODH_HighDiv,4,2,97.46000000000001,3,14,4,1,0.6666666666666666,0.19047619047619047,0.047619047619047616,0.07142857142857142,0.0,21,2,1,1,0,0,0,0,0
C/C=C\C1=NN=C([C@H](S)/C=C/C2=NC(CCl)=NN2C(=O)CO)N1,8/000000025,"InChI=1S/C13H15ClN6O2S/c1-2-3-9-16-13(18-17-9)8(23)4-5-11-15-10(6-14)19-20(11)12(22)7-21/h2-5,8,21,23H,6-7H2,1H3,(H,16,17,18)/b3-2-,5-4+/t8-/m1/s1",C13H15N6O2SCl,354.0665724,1.4848999999999999,4.65,3.35,6.45,-170.0,4.780327218893191,1,HIGHDIVERSITY_CONCAT,HsDHODH_HighDiv,8,3,109.58000000000001,6,13,2,6,0.5652173913043478,0.08695652173913043,0.2608695652173913,0.3076923076923077,0.07692307692307693,23,2,0,2,2,0,2,0,0
CCNCCC1=C(Br)C(ON)=CC(C(=O)O)=C1,12/000001274,"InChI=1S/C11H15BrN2O3/c1-2-14-4-3-7-5-8(11(15)16)6-9(17-13)10(7)12/h5-6,14H,2-4,13H2,1H3,(H,15,16)/p+1",C11H16N2O3Br,302.02660443999997,1.5518,4.65,6.68,2.48,-20.0,3.8196976855194857,1,HIGHDIVERSITY_CONCAT,HsDHODH_HighDiv,4,3,84.58,6,11,3,2,0.6470588235294118,0.17647058823529413,0.11764705882352941,0.36363636363636365,0.0,17,1,0,1,0,0,0,0,0
C=C(CCO)C(=O)C1=CC(CC(=O)O)=C(Br)C(N=O)=C1,12/000000091,"InChI=1S/C13H12BrNO5/c1-7(2-3-16)13(19)9-4-8(6-11(17)18)12(14)10(5-9)15-20/h4-5,16H,1-3,6H2,(H,17,18)",C13H12NO5Br,340.98988458400004,2.5954000000000006,4.65,3.36,3.58,-40.0,3.2508481611388973,1,HIGHDIVERSITY_CONCAT,HsDHODH_HighDiv,5,2,104.03,7,13,5,1,0.65,0.25,0.05,0.23076923076923078,0.0,20,1,0,1,0,0,0,0,0
NOC1=CC(C(=O)O)=CC(OC/C=C/C=S)=C1Br,12/000001405,"InChI=1S/C11H10BrNO4S/c12-10-8(16-3-1-2-4-18)5-7(11(14)15)6-9(10)17-13/h1-2,4-6H,3,13H2,(H,14,15)/b2-1+",C11H10NO4SBr,330.95139090000004,2.3345000000000002,4.65,5.98,19.0,0.0,3.2598923490688376,1,HIGHDIVERSITY_CONCAT,HsDHODH_HighDiv,5,2,81.78,6,11,4,1,0.6111111111111112,0.2222222222222222,0.05555555555555555,0.09090909090909091,0.0,18,1,0,1,0,0,0,0,0
C/C=C(\C#CCC1=C(CO)N=C(C(=O)O)O1)CCC,3/000000096,"InChI=1S/C14H17NO4/c1-3-6-10(4-2)7-5-8-12-11(9-16)15-13(19-12)14(17)18/h4,16H,3,6,8-9H2,1-2H3,(H,17,18)/b10-4-",C14H17NO4,263.115758024,2.1574,4.64,5.44,22.0,-170.0,3.7797560441162337,1,HIGHDIVERSITY_CONCAT,HsDHODH_HighDiv,4,2,83.56,5,14,4,1,0.7368421052631579,0.21052631578947367,0.05263157894736842,0.42857142857142855,0.0,19,1,0,1,1,0,1,0,0
NCC1=C(CC(=O)O)OC(C2=C(F)C=C(S)C=C2Br)=C1,20/000000021,"InChI=1S/C13H11BrFNO3S/c14-8-2-7(20)3-9(15)13(8)11-1-6(5-16)10(19-11)4-12(17)18/h1-3,20H,4-5,16H2,(H,17,18)",C13H11NO3SFBr,358.96270453200003,3.2227000000000015,4.64,5.25,2.35,-120.0,3.334000410776053,1,HIGHDIVERSITY_CONCAT,HsDHODH_HighDiv,4,3,76.46000000000001,4,13,3,1,0.65,0.15,0.05,0.15384615384615385,0.0,20,2,0,2,1,0,1,0,0
OCC1=C(/C=C/C2=CN=CC(C3=CC(CCl)=CO3)=C2)C=C(O)C(I)=C1,7/000000013,"InChI=1S/C19H15ClINO3/c20-7-13-4-19(25-11-13)15-3-12(8-22-9-15)1-2-14-6-18(24)17(21)5-16(14)10-23/h1-6,8-9,11,23-24H,7,10H2/b2-1+",C19H15NO3ClI,466.97851901999996,5.053300000000003,4.64,4.51,21.0,-140.0,3.273277671712936,1,HIGHDIVERSITY_CONCAT,HsDHODH_HighDiv,4,2,66.49000000000001,5,19,3,1,0.76,0.12,0.04,0.10526315789473684,0.0,25,3,0,3,2,0,2,0,0
NC1=CC(C#CCC[C@@H](CO)[N+](=O)[O-])=CC(O)=C1,23/000000239,"InChI=1S/C12H14N2O4/c13-10-5-9(6-12(16)7-10)3-1-2-4-11(8-15)14(17)18/h5-7,11,15-16H,2,4,8,13H2/t11-/m0/s1",C12H14N2O4,250.095356928,0.7437,4.64,4.21,17.8,-150.0,3.749502798324146,1,HIGHDIVERSITY_CONCAT,HsDHODH_HighDiv,5,3,109.62,4,12,4,2,0.6666666666666666,0.2222222222222222,0.1111111111111111,0.3333333333333333,0.08333333333333333,18,1,0,1,0,0,0,0,0
C/C=C/CC1=C(Br)C(ON)=CC(C(=O)O)=C1,12/000001117,"InChI=1S/C11H12BrNO3/c1-2-3-4-7-5-8(11(14)15)6-9(16-13)10(7)12/h2-3,5-6H,4,13H2,1H3,(H,14,15)/b3-2+",C11H12NO3Br,285.000055344,2.5183999999999997,4.64,5.97,2.48,-20.0,3.004384611305399,1,HIGHDIVERSITY_CONCAT,HsDHODH_HighDiv,3,2,72.55,4,11,3,1,0.6875,0.1875,0.0625,0.18181818181818182,0.0,16,1,0,1,0,0,0,0,0
C=C[C@@H](CCl)ONCC1=CNC(=O)C2=C1C=C(C(=O)O)N2,3/000000046,"InChI=1S/C13H14ClN3O4/c1-2-8(4-14)21-16-6-7-5-15-12(18)11-9(7)3-10(17-11)13(19)20/h2-3,5,8,16-17H,1,4,6H2,(H,15,18)(H,19,20)/t8-/m0/s1",C13H14N3O4Cl,311.06728360799997,1.3689999999999998,4.64,7.31,24.9,-190.0,3.995104781537205,1,HIGHDIVERSITY_CONCAT,HsDHODH_HighDiv,4,4,107.21000000000001,7,13,4,3,0.6190476190476191,0.19047619047619047,0.14285714285714285,0.23076923076923078,0.07692307692307693,21,2,0,2,2,0,2,0,0
O=NC1=CC(C(=O)CCl)=CC(CCNCCC=C2NCCN2)=C1Br,12/000000438,"InChI=1S/C16H20BrClN4O2/c17-16-11(8-12(14(23)10-18)9-13(16)22-24)3-5-19-4-1-2-15-20-6-7-21-15/h2,8-9,19-21H,1,3-7,10H2",C16H20N4O2ClBr,414.04581566,2.8249000000000004,4.64,6.69,4.94,0.0,3.7399821252569865,1,HIGHDIVERSITY_CONCAT,HsDHODH_HighDiv,6,3,82.59,9,16,2,4,0.6666666666666666,0.08333333333333333,0.16666666666666666,0.4375,0.0,24,2,1,1,1,1,0,0,0
C=CC1=C(O)C=C(N2CCNC2=O)C=C1C#CCCNO,28/000000461,"InChI=1S/C15H17N3O3/c1-2-13-11(5-3-4-6-17-21)9-12(10-14(13)19)18-8-7-16-15(18)20/h2,9-10,17,19,21H,1,4,6-8H2,(H,16,20)",C15H17N3O3,287.126991404,1.2851999999999997,4.64,3.22,20.8,-120.0,3.407313763848075,1,HIGHDIVERSITY_CONCAT,HsDHODH_HighDiv,4,4,84.83,4,15,3,3,0.7142857142857143,0.14285714285714285,0.14285714285714285,0.26666666666666666,0.0,21,2,1,1,1,1,0,0,0
NCNCSCC1=C(Cl)C(O)=CC(N2CCNC2=O)=C1,28/000000498,"InChI=1S/C12H17ClN4O2S/c13-11-8(5-20-7-15-6-14)3-9(4-10(11)18)17-2-1-16-12(17)19/h3-4,15,18H,1-2,5-7,14H2,(H,16,19)",C12H17N4O2SCl,316.076074464,1.2717000000000007,4.63,5.1,19.6,-120.0,3.3520984876991307,1,HIGHDIVERSITY_CONCAT,HsDHODH_HighDiv,5,4,90.62,6,12,2,4,0.6,0.1,0.2,0.4166666666666667,0.0,20,2,1,1,1,1,0,0,0
O=C1NCCN1C1=CC(CCC2=NNC3=C2C=CN=C3)=CC(O)=C1,28/000000029,"InChI=1S/C17H17N5O2/c23-13-8-11(7-12(9-13)22-6-5-19-17(22)24)1-2-15-14-3-4-18-10-16(14)21-20-15/h3-4,7-10,23H,1-2,5-6H2,(H,19,24)(H,20,21)",C17H17N5O2,323.138224784,1.9783000000000002,4.63,2.4,20.8,-140.0,2.889931485308699,1,HIGHDIVERSITY_CONCAT,HsDHODH_HighDiv,4,3,94.14,4,17,2,5,0.7083333333333334,0.08333333333333333,0.20833333333333334,0.23529411764705882,0.0,24,4,1,3,3,1,2,0,0
C=C[C@H](O)C1=C(CC(=O)/C=C\C2=NN=C(S)O2)OC(C(=O)O)=N1,3/000000079,"InChI=1S/C13H11N3O6S/c1-2-7(18)10-8(21-11(14-10)12(19)20)5-6(17)3-4-9-15-16-13(23)22-9/h2-4,7,18H,1,5H2,(H,16,23)(H,19,20)/b4-3-/t7-/m0/s1",C13H11N3O6S,337.036856072,1.0889,4.63,9.21,6.6,-150.0,4.3912230636734115,1,HIGHDIVERSITY_CONCAT,HsDHODH_HighDiv,9,3,139.55,7,13,6,3,0.5652173913043478,0.2608695652173913,0.13043478260869565,0.15384615384615385,0.07692307692307693,23,2,0,2,2,0,2,0,0
NCCC1=CC(C(=O)O)=CC(ON)=C1Br,12/000000017,"InChI=1S/C9H11BrN2O3/c10-8-5(1-2-11)3-6(9(13)14)4-7(8)15-12/h3-4H,1-2,11-12H2,(H,13,14)",C9H11N2O3Br,273.99530431200003,0.9009999999999998,4.63,5.74,2.48,0.0,2.7263623495731473,1,HIGHDIVERSITY_CONCAT,HsDHODH_HighDiv,4,3,98.57000000000001,4,9,3,2,0.6,0.2,0.13333333333333333,0.2222222222222222,0.0,15,1,0,1,0,0,0,0,0
CCC#CC1=C(CC)C(O)=CC(N2CCNC2=O)=C1,28/000000194,"InChI=1S/C15H18N2O2/c1-3-5-6-11-9-12(10-14(18)13(11)4-2)17-8-7-16-15(17)19/h9-10,18H,3-4,7-8H2,1-2H3,(H,16,19)",C15H18N2O2,258.136827816,2.2457000000000003,4.63,3.21,17.2,-200.0,2.991442557457754,1,HIGHDIVERSITY_CONCAT,HsDHODH_HighDiv,2,2,52.57,2,15,2,2,0.7894736842105263,0.10526315789473684,0.10526315789473684,0.4,0.0,19,2,1,1,1,1,0,0,0
C=CCNCNCC1=C(Br)C(N=O)=CC(C(=O)[C@H]2C=CNO2)=C1,12/000000431,"InChI=1S/C15H17BrN4O3/c1-2-4-17-9-18-8-11-6-10(7-12(20-22)14(11)16)15(21)13-3-5-19-23-13/h2-3,5-7,13,17-19H,1,4,8-9H2/t13-/m1/s1",C15H17N4O3Br,380.04840250399997,2.2695,4.63,3.89,5.09,-150.0,4.553949826141713,1,HIGHDIVERSITY_CONCAT,HsDHODH_HighDiv,7,3,91.82000000000001,9,15,3,4,0.6521739130434783,0.13043478260869565,0.17391304347826086,0.26666666666666666,0.06666666666666667,23,2,1,1,1,1,0,0,0
NCC1=CC(C(=O)O)=CC(ON)=C1Br,12/000001103,"InChI=1S/C8H9BrN2O3/c9-7-5(3-10)1-4(8(12)13)2-6(7)14-11/h1-2H,3,10-11H2,(H,12,13)",C8H9N2O3Br,259.97965424800003,0.8585,4.63,5.59,12.7,0.0,2.7401911886027417,1,HIGHDIVERSITY_CONCAT,HsDHODH_HighDiv,4,3,98.57000000000001,3,8,3,2,0.5714285714285714,0.21428571428571427,0.14285714285714285,0.125,0.0,14,1,0,1,0,0,0,0,0
C=CNC/C=C/C1=CC=C(I)C(C2=NC(CC(=O)O)=NN2)=N1,4/000000116,"InChI=1S/C14H14IN5O2/c1-2-16-7-3-4-9-5-6-10(15)13(17-9)14-18-11(19-20-14)8-12(21)22/h2-6,16H,1,7-8H2,(H,21,22)(H,18,19,20)/b4-3+",C14H14N5O2I,411.01922268800007,1.8447,4.63,5.74,23.8,-140.0,3.6410362604125623,1,HIGHDIVERSITY_CONCAT,HsDHODH_HighDiv,5,3,103.79,7,14,2,5,0.6363636363636364,0.09090909090909091,0.22727272727272727,0.14285714285714285,0.0,22,2,0,2,2,0,2,0,0
C=C(C)CCCC#CC1=CC(N2CCNC2=O)=CC(O)=C1,28/000000174,"InChI=1S/C17H20N2O2/c1-13(2)6-4-3-5-7-14-10-15(12-16(20)11-14)19-9-8-18-17(19)21/h10-12,20H,1,3-4,6,8-9H2,2H3,(H,18,21)",C17H20N2O2,284.15247788,3.019700000000001,4.63,1.76,19.4,-140.0,2.957210504395663,1,HIGHDIVERSITY_CONCAT,HsDHODH_HighDiv,2,2,52.57000000000001,4,17,2,2,0.8095238095238095,0.09523809523809523,0.09523809523809523,0.35294117647058826,0.0,21,2,1,1,1,1,0,0,0
C=CCCC(=O)CC1=C(Br)C(ON)=CC(C(=O)O)=C1,12/000001322,"InChI=1S/C13H14BrNO4/c1-2-3-4-10(16)6-8-5-9(13(17)18)7-11(19-15)12(8)14/h2,5,7H,1,3-4,6,15H2,(H,17,18)",C13H14NO4Br,327.01062002799995,2.4776,4.62,6.95,2.64,0.0,2.916534916375197,1,HIGHDIVERSITY_CONCAT,HsDHODH_HighDiv,4,2,89.62,7,13,4,1,0.6842105263157895,0.21052631578947367,0.05263157894736842,0.23076923076923078,0.0,19,1,0,1,0,0,0,0,0
C=CCNC(=O)COC1=C(Br)C(ON)=CC(C(=O)O)=C1,12/000001396,"InChI=1S/C12H13BrN2O5/c1-2-3-15-10(16)6-19-8-4-7(12(17)18)5-9(20-14)11(8)13/h2,4-5H,1,3,6,14H2,(H,15,16)(H,17,18)",C12H13N2O5Br,344.000783616,1.0807999999999998,4.62,4.51,19.5,0.0,2.6050414364170784,1,HIGHDIVERSITY_CONCAT,HsDHODH_HighDiv,5,3,110.88000000000001,7,12,5,2,0.6,0.25,0.1,0.16666666666666666,0.0,20,1,0,1,0,0,0,0,0
NCC[C@@H](C#CC1=CC(O)=CC(O)=C1)CCCO,23/000000199,"InChI=1S/C14H19NO3/c15-6-5-11(2-1-7-16)3-4-12-8-13(17)10-14(18)9-12/h8-11,16-18H,1-2,5-7,15H2/t11-/m1/s1",C14H19NO3,249.136493468,1.1868,4.62,6.11,15.0,-150.0,3.558456958449735,1,HIGHDIVERSITY_CONCAT,HsDHODH_HighDiv,4,4,86.71000000000001,5,14,3,1,0.7777777777777778,0.16666666666666666,0.05555555555555555,0.42857142857142855,0.07142857142857142,18,1,0,1,0,0,0,0,0
C=C[C@@H](C#CC1=CC(CNOC)=C(Br)C(O)=C1)CCO,23/000000174,"InChI=1S/C15H18BrNO3/c1-3-11(6-7-18)4-5-12-8-13(10-17-20-2)15(16)14(19)9-12/h3,8-9,11,17-19H,1,6-7,10H2,2H3/t11-/m0/s1",C15H18NO3Br,339.047005536,2.3418000000000005,4.62,2.37,18.3,-170.0,4.157988376800307,1,HIGHDIVERSITY_CONCAT,HsDHODH_HighDiv,4,3,61.72,6,15,3,1,0.75,0.15,0.05,0.3333333333333333,0.06666666666666667,20,1,0,1,0,0,0,0,0
C=C[C@@H](/C=C/CC1=C(CN)N=C(C(=O)O)O1)N1N=CCC1=O,3/000000131,"InChI=1S/C14H16N4O4/c1-2-9(18-12(19)6-7-16-18)4-3-5-11-10(8-15)17-13(22-11)14(20)21/h2-4,7,9H,1,5-6,8,15H2,(H,20,21)/b4-3+/t9-/m0/s1",C14H16N4O4,304.11715499199994,0.7029000000000001,4.62,6.97,6.72,-150.0,4.759768420539911,1,HIGHDIVERSITY_CONCAT,HsDHODH_HighDiv,6,2,122.01999999999998,7,14,4,4,0.6363636363636364,0.18181818181818182,0.18181818181818182,0.2857142857142857,0.07142857142857142,22,2,1,1,2,1,1,0,0
C=C(CN)C1=CC(O)=CC(N2CCNC2=O)=C1,28/000000233,"InChI=1S/C12H15N3O2/c1-8(7-13)9-4-10(6-11(16)5-9)15-3-2-14-12(15)17/h4-6,16H,1-3,7,13H2,(H,14,17)",C12H15N3O2,233.11642672,0.8937000000000002,4.61,2.62,15.0,-140.0,2.9088096260304095,1,HIGHDIVERSITY_CONCAT,HsDHODH_HighDiv,3,3,78.59,3,12,2,3,0.7058823529411765,0.11764705882352941,0.17647058823529413,0.25,0.0,17,2,1,1,1,1,0,0,0
C=C[C@@H](C#CC1=CC(O)=CC=C1)CCO,23/000000011,"InChI=1S/C13H14O2/c1-2-11(8-9-14)6-7-12-4-3-5-13(15)10-12/h2-5,10-11,14-15H,1,8-9H2/t11-/m0/s1",C13H14O2,202.099379688,1.9282999999999997,4.61,2.95,12.8,-150.0,3.5009471787342648,1,HIGHDIVERSITY_CONCAT,HsDHODH_HighDiv,2,2,40.46,3,13,2,0,0.8666666666666667,0.13333333333333333,0.0,0.23076923076923078,0.07692307692307693,15,1,0,1,0,0,0,0,0
O=NC1=C(Br)C=C(O)C(C(=O)/C(=C/C=C\[N+](=O)[O-])CO)=C1,12/000000512,"InChI=1S/C12H9BrN2O6/c13-9-5-11(17)8(4-10(9)14-19)12(18)7(6-16)2-1-3-15(20)21/h1-5,16-17H,6H2/b3-1-,7-2+",C12H9N2O6Br,355.96439810799995,2.444400000000001,4.61,3.7,3.7,-90.0,3.774454884168433,1,HIGHDIVERSITY_CONCAT,HsDHODH_HighDiv,7,2,130.1,6,12,6,2,0.5714285714285714,0.2857142857142857,0.09523809523809523,0.08333333333333333,0.0,21,1,0,1,0,0,0,0,0
O=NC1=C(Br)C(Cl)=CC(C(=O)[C@H](O)CCCO)=C1,12/000000383,"InChI=1S/C11H11BrClNO4/c12-10-7(13)4-6(5-8(10)14-18)11(17)9(16)2-1-3-15/h4-5,9,15-16H,1-3H2/t9-/m1/s1",C11H11NO4ClBr,334.955997612,2.8165000000000013,4.61,2.62,2.35,-170.0,3.524383881526658,1,HIGHDIVERSITY_CONCAT,HsDHODH_HighDiv,5,2,86.96000000000001,6,11,4,1,0.6111111111111112,0.2222222222222222,0.05555555555555555,0.36363636363636365,0.09090909090909091,18,1,0,1,0,0,0,0,0
NC1=C(Br)C([C@@H](S)C/C=C/CC2=CCCC2)=CC(C(=O)N=O)=C1,12/000000353,"InChI=1S/C17H19BrN2O2S/c18-16-13(9-12(10-14(16)19)17(21)20-22)15(23)8-4-3-7-11-5-1-2-6-11/h3-5,9-10,15,23H,1-2,6-8,19H2/b4-3+/t15-/m0/s1",C17H19N2O2SBr,394.035060948,5.355500000000003,4.61,5.82,23.4,-150.0,4.124183949662422,1,HIGHDIVERSITY_CONCAT,HsDHODH_HighDiv,4,2,72.52000000000001,6,17,2,2,0.7391304347826086,0.08695652173913043,0.08695652173913043,0.35294117647058826,0.058823529411764705,23,2,1,1,0,0,0,0,0
C/C=C\C1=C(Br)C(ON)=CC(C(=O)O)=C1,12/000001126,"InChI=1S/C10H10BrNO3/c1-2-3-6-4-7(10(13)14)5-8(15-12)9(6)11/h2-5H,12H2,1H3,(H,13,14)/b3-2-",C10H10NO3Br,270.98440528,2.4329,4.61,5.68,13.5,-20.0,2.9796327341885327,1,HIGHDIVERSITY_CONCAT,HsDHODH_HighDiv,3,2,72.55,3,10,3,1,0.6666666666666666,0.2,0.06666666666666667,0.1,0.0,15,1,0,1,0,0,0,0,0
O=NC(=O)C1=CC(C[C@@H](Cl)C2=CC=CN2)=C(Br)C(CO)=C1,12/000000790,"InChI=1S/C14H12BrClN2O3/c15-13-8(6-11(16)12-2-1-3-17-12)4-9(14(20)18-21)5-10(13)7-19/h1-5,11,17,19H,6-7H2/t11-/m1/s1",C14H12N2O3ClBr,369.97198202399994,3.6987000000000014,4.61,4.74,22.0,-150.0,3.771620696656567,1,HIGHDIVERSITY_CONCAT,HsDHODH_HighDiv,3,2,82.52,5,14,3,2,0.6666666666666666,0.14285714285714285,0.09523809523809523,0.21428571428571427,0.07142857142857142,21,2,0,2,1,0,1,0,0
NCC1=C(C#CCCC2=CCC2)C=C(N2CCNC2=O)C=C1O,28/000000468,"InChI=1S/C18H21N3O2/c19-12-16-14(7-2-1-4-13-5-3-6-13)10-15(11-17(16)22)21-9-8-20-18(21)23/h5,10-11,22H,1,3-4,6,8-9,12,19H2,(H,20,23)",C18H21N3O2,311.163376912,2.2324000000000006,4.61,4.44,21.8,-140.0,3.2305078203111126,1,HIGHDIVERSITY_CONCAT,HsDHODH_HighDiv,3,3,78.59,4,18,2,3,0.782608695652174,0.08695652173913043,0.13043478260869565,0.3888888888888889,0.0,23,3,2,1,1,1,0,0,0
O=C1NCCN1C1=CC(CCS)=C(CCl)C(O)=C1,28/000000326,"InChI=1S/C12H15ClN2O2S/c13-7-10-8(1-4-18)5-9(6-11(10)16)15-3-2-14-12(15)17/h5-6,16,18H,1-4,7H2,(H,14,17)",C12H15N2O2SCl,286.0542764,2.1329000000000002,4.61,5.32,16.8,-120.0,3.114970195222684,1,HIGHDIVERSITY_CONCAT,HsDHODH_HighDiv,3,3,52.57000000000001,4,12,2,2,0.6666666666666666,0.1111111111111111,0.1111111111111111,0.4166666666666667,0.0,18,2,1,1,1,1,0,0,0
NOC1=C(Br)C(CO)=CC(C(=O)O)=C1,12/000001101,"InChI=1S/C8H8BrNO4/c9-7-5(3-11)1-4(8(12)13)2-6(7)14-10/h1-2,11H,3,10H2,(H,12,13)",C8H8NO4Br,260.963669836,0.8921000000000001,4.61,5.75,12.5,0.0,2.6853229973345503,1,HIGHDIVERSITY_CONCAT,HsDHODH_HighDiv,4,3,92.78000000000002,3,8,4,1,0.5714285714285714,0.2857142857142857,0.07142857142857142,0.125,0.0,14,1,0,1,0,0,0,0,0
CC1=C(C=S)N=C(C2=NC(CC(=O)O)=NN2)C(I)=C1,4/000000204,"InChI=1S/C11H9IN4O2S/c1-5-2-6(12)10(13-7(5)4-19)11-14-8(15-16-11)3-9(17)18/h2,4H,3H2,1H3,(H,17,18)(H,14,15,16)",C11H9N4O2SI,387.94909452800005,1.75462,4.6,7.78,22.3,-140.0,3.6496341506251095,1,HIGHDIVERSITY_CONCAT,HsDHODH_HighDiv,5,2,91.75999999999999,4,11,2,4,0.5789473684210527,0.10526315789473684,0.21052631578947367,0.18181818181818182,0.0,19,2,0,2,2,0,2,0,0
O=C1NCCN1C1=CC(CSCCl)=C(Cl)C(O)=C1,28/000000552,"InChI=1S/C11H12Cl2N2O2S/c12-6-18-5-7-3-8(4-9(16)10(7)13)15-2-1-14-11(15)17/h3-4,16H,1-2,5-6H2,(H,14,17)",C11H12N2O2SCl2,305.99965398399996,3.0047000000000015,4.6,4.27,17.9,-120.0,3.1436455798380676,1,HIGHDIVERSITY_CONCAT,HsDHODH_HighDiv,3,2,52.57000000000001,4,11,2,2,0.6111111111111112,0.1111111111111111,0.1111111111111111,0.36363636363636365,0.0,18,2,1,1,1,1,0,0,0
COCCCC#CC1=C(C)C(O)=CC(N2CCNC2=O)=C1,28/000000458,"InChI=1S/C16H20N2O3/c1-12-13(6-4-3-5-9-21-2)10-14(11-15(12)19)18-8-7-17-16(18)20/h10-11,19H,3,5,7-9H2,1-2H3,(H,17,20)",C16H20N2O3,288.1473925,2.00832,4.6,2.71,19.0,-200.0,2.8875620037437724,1,HIGHDIVERSITY_CONCAT,HsDHODH_HighDiv,3,2,61.800000000000004,4,16,3,2,0.7619047619047619,0.14285714285714285,0.09523809523809523,0.4375,0.0,21,2,1,1,1,1,0,0,0
C/C=C/C/C=C/C[C@H](S)C1=CC(C(=O)N=O)=CC(N)=C1Br,12/000000355,"InChI=1S/C15H17BrN2O2S/c1-2-3-4-5-6-7-13(21)11-8-10(15(19)18-20)9-12(17)14(11)16/h2-3,5-6,8-9,13,21H,4,7,17H2,1H3/b3-2+,6-5+/t13-/m0/s1",C15H17N2O2SBr,368.0194108840001,4.821300000000004,4.6,4.69,21.8,-200.0,4.119719160987156,1,HIGHDIVERSITY_CONCAT,HsDHODH_HighDiv,4,2,72.52,6,15,2,2,0.7142857142857143,0.09523809523809523,0.09523809523809523,0.26666666666666666,0.06666666666666667,21,1,0,1,0,0,0,0,0
NOC1=C(Br)C(CCNCCC2=NC=CC=C2)=CC(C(=O)O)=C1,12/000001234,"InChI=1S/C16H18BrN3O3/c17-15-11(9-12(16(21)22)10-14(15)23-18)4-7-19-8-5-13-3-1-2-6-20-13/h1-3,6,9-10,19H,4-5,7-8,18H2,(H,21,22)",C16H18N3O3Br,379.0531535359999,2.1696,4.6,5.18,3.84,0.0,2.586297406109928,1,HIGHDIVERSITY_CONCAT,HsDHODH_HighDiv,5,3,97.47000000000001,8,16,3,3,0.6956521739130435,0.13043478260869565,0.13043478260869565,0.25,0.0,23,2,0,2,1,0,1,0,0
CCCCCCCCC1=CC(O)=CC(N2CCNC2=O)=C1,28/000000487,"InChI=1S/C17H26N2O2/c1-2-3-4-5-6-7-8-14-11-15(13-16(20)12-14)19-10-9-18-17(19)21/h11-13,20H,2-10H2,1H3,(H,18,21)",C17H26N2O2,290.199428072,3.8248000000000033,4.6,2.96,15.6,-140.0,2.309277466586016,1,HIGHDIVERSITY_CONCAT,HsDHODH_HighDiv,2,2,52.57,8,17,2,2,0.8095238095238095,0.09523809523809523,0.09523809523809523,0.5882352941176471,0.0,21,2,1,1,1,1,0,0,0
C=CC1=CC(C2=CC(O)=C(F)C=C2N=O)=CN1,6/000000090,"InChI=1S/C12H9FN2O2/c1-2-8-3-7(6-14-8)9-4-12(16)10(13)5-11(9)15-17/h2-6,14,16H,1H2",C12H9N2O2F,232.064805748,3.5673000000000012,4.6,2.88,18.9,-140.0,3.463837121938756,1,HIGHDIVERSITY_CONCAT,HsDHODH_HighDiv,3,2,65.45,3,12,2,2,0.7058823529411765,0.11764705882352941,0.11764705882352941,0.0,0.0,17,2,0,2,1,0,1,0,0
C=CCOC1=C(Br)C(ON)=CC(C(=O)O)=C1,12/000001158,"InChI=1S/C10H10BrNO4/c1-2-3-15-7-4-6(10(13)14)5-8(16-12)9(7)11/h2,4-5H,1,3,12H2,(H,13,14)",C10H10NO4Br,286.9793199,1.9646000000000001,4.6,4.67,14.7,0.0,2.65311734833581,1,HIGHDIVERSITY_CONCAT,HsDHODH_HighDiv,4,2,81.78,5,10,4,1,0.625,0.25,0.0625,0.1,0.0,16,1,0,1,0,0,0,0,0
CC#CCCCCCC1=CC(O)=CC(N2CCNC2=O)=C1,28/000000087,"InChI=1S/C17H22N2O2/c1-2-3-4-5-6-7-8-14-11-15(13-16(20)12-14)19-10-9-18-17(19)21/h11-13,20H,4-10H2,1H3,(H,18,21)",C17H22N2O2,286.168127944,3.048000000000001,4.59,0.36,18.4,-140.0,2.721696697355245,1,HIGHDIVERSITY_CONCAT,HsDHODH_HighDiv,2,2,52.57,6,17,2,2,0.8095238095238095,0.09523809523809523,0.09523809523809523,0.47058823529411764,0.0,21,2,1,1,1,1,0,0,0
NOC1=C(Br)C(I)=CC(C(=O)O)=C1,12/000001106,"InChI=1S/C7H5BrINO3/c8-6-4(9)1-3(7(11)12)2-5(6)13-10/h1-2H,10H2,(H,11,12)",C7H5NO3BrI,356.84975311999995,2.0044000000000004,4.59,5.02,12.4,0.0,2.8899795690133505,1,HIGHDIVERSITY_CONCAT,HsDHODH_HighDiv,3,2,72.55,2,7,3,1,0.5384615384615384,0.23076923076923078,0.07692307692307693,0.0,0.0,13,1,0,1,0,0,0,0,0
CNCC#CCCC1=C(Br)C(O)=CC(C(=O)N=O)=C1,12/000000863,"InChI=1S/C13H13BrN2O3/c1-15-6-4-2-3-5-9-7-10(13(18)16-19)8-11(17)12(9)14/h7-8,15,17H,3,5-6H2,1H3/p+1",C13H14N2O3Br,324.01095437600003,2.2167000000000003,4.59,3.39,3.85,-20.0,4.070906044116233,1,HIGHDIVERSITY_CONCAT,HsDHODH_HighDiv,4,2,78.75999999999999,4,13,3,2,0.6842105263157895,0.15789473684210525,0.10526315789473684,0.3076923076923077,0.0,19,1,0,1,0,0,0,0,0
C#CCN[C@H](Cl)CC1=CC(C(=O)N=O)=CC(CO)=C1Br,12/000000773,"InChI=1S/C13H12BrClN2O3/c1-2-3-16-11(15)6-8-4-9(13(19)17-20)5-10(7-18)12(8)14/h1,4-5,11,16,18H,3,6-7H2/t11-/m0/s1",C13H12N2O3ClBr,357.971982024,2.178200000000001,4.59,6.55,21.8,-150.0,3.9871804047723343,1,HIGHDIVERSITY_CONCAT,HsDHODH_HighDiv,4,2,78.76,6,13,3,2,0.65,0.15,0.1,0.3076923076923077,0.07692307692307693,20,1,0,1,0,0,0,0,0
O=C(O)CC1=NNC(C2=NC(CCS)=C(CCl)C=C2I)=N1,4/000000231,"InChI=1S/C12H12ClIN4O2S/c13-5-6-3-7(14)11(15-8(6)1-2-21)12-16-9(17-18-12)4-10(19)20/h3,21H,1-2,4-5H2,(H,19,20)(H,16,17,18)",C12H12N4O2SClI,437.941422304,2.3095,4.59,6.65,23.4,-120.0,3.5831330103525927,1,HIGHDIVERSITY_CONCAT,HsDHODH_HighDiv,5,3,91.75999999999999,6,12,2,4,0.5714285714285714,0.09523809523809523,0.19047619047619047,0.3333333333333333,0.0,21,2,0,2,2,0,2,0,0
CC1=C(C#CCCNC(N)=O)C=C(N2CCNC2=O)C=C1O,28/000000479,"InChI=1S/C15H18N4O3/c1-10-11(4-2-3-5-17-14(16)21)8-12(9-13(10)20)19-7-6-18-15(19)22/h8-9,20H,3,5-7H2,1H3,(H,18,22)(H3,16,17,21)",C15H18N4O3,302.13789043599996,0.6401199999999996,4.59,2.83,22.2,-140.0,2.9975223483595173,1,HIGHDIVERSITY_CONCAT,HsDHODH_HighDiv,3,4,107.69000000000001,3,15,3,4,0.6818181818181818,0.13636363636363635,0.18181818181818182,0.3333333333333333,0.0,22,2,1,1,1,1,0,0,0
NCC1=CC(=O)C(CN)=C(C2=CC(CN)=C(I)C=C2)C1=O,10/000000149,"InChI=1S/C15H16IN3O2/c16-12-2-1-8(3-9(12)5-17)14-11(7-19)13(20)4-10(6-18)15(14)21/h1-4H,5-7,17-19H2",C15H16N3O2I,397.02872475199996,0.4991,4.59,6.58,5.09,-160.0,3.3131124463431005,1,HIGHDIVERSITY_CONCAT,HsDHODH_HighDiv,5,3,112.19999999999999,4,15,2,3,0.7142857142857143,0.09523809523809523,0.14285714285714285,0.2,0.0,21,2,1,1,0,0,0,0,0
O=NC1=C(Br)C=C(N=O)C(C(=O)CNO)=C1,12/000000393,"InChI=1S/C8H6BrN3O4/c9-5-2-6(11-15)4(1-7(5)12-16)8(13)3-10-14/h1-2,10,14H,3H2",C8H6N3O4Br,286.954167772,2.4064000000000005,4.59,5.03,2.48,0.0,3.777502321502179,1,HIGHDIVERSITY_CONCAT,HsDHODH_HighDiv,7,2,108.19000000000001,5,8,4,3,0.5,0.25,0.1875,0.125,0.0,16,1,0,1,0,0,0,0,0
O=C(CCO)[C@H](CCO)CCC1=C(Cl)C(Cl)=CC=C1O,19/000000031,"InChI=1S/C14H18Cl2O4/c15-11-3-4-13(20)10(14(11)16)2-1-9(5-7-17)12(19)6-8-18/h3-4,9,17-18,20H,1-2,5-8H2/t9-/m0/s1",C14H18O4Cl2,320.05821441599994,2.581700000000001,4.59,4.73,5.09,-150.0,3.273844507336438,1,HIGHDIVERSITY_CONCAT,HsDHODH_HighDiv,4,3,77.76,8,14,4,0,0.7,0.2,0.0,0.5,0.07142857142857142,20,1,0,1,0,0,0,0,0
O=NC(=O)C1=CC(CNCCS)=C(Br)C(CO)=C1,12/000000154,"InChI=1S/C11H13BrN2O3S/c12-10-8(5-13-1-2-18)3-7(11(16)14-17)4-9(10)6-15/h3-4,13,15,18H,1-2,5-6H2",C11H13N2O3SBr,331.983025376,1.8673999999999997,4.59,7.03,18.6,0.0,3.1038914071536112,1,HIGHDIVERSITY_CONCAT,HsDHODH_HighDiv,5,3,78.76,6,11,3,2,0.6111111111111112,0.16666666666666666,0.1111111111111111,0.36363636363636365,0.0,18,1,0,1,0,0,0,0,0
C/C=C/C1=C(O)C=C(N2CCNC2=O)C=C1C#CCCNO,28/000000510,"InChI=1S/C16H19N3O3/c1-2-5-14-12(6-3-4-7-18-22)10-13(11-15(14)20)19-9-8-17-16(19)21/h2,5,10-11,18,20,22H,4,7-9H2,1H3,(H,17,21)/b5-2+",C16H19N3O3,301.142641468,1.6753,4.59,3.95,21.4,-140.0,3.430049908055242,1,HIGHDIVERSITY_CONCAT,HsDHODH_HighDiv,4,4,84.83,4,16,3,3,0.7272727272727273,0.13636363636363635,0.13636363636363635,0.3125,0.0,22,2,1,1,1,1,0,0,0
NOC1=C(Br)C(CCCCCO)=CC(C(=O)O)=C1,12/000001139,"InChI=1S/C12H16BrNO4/c13-11-8(4-2-1-3-5-15)6-9(12(16)17)7-10(11)18-14/h6-7,15H,1-5,14H2,(H,16,17)",C12H16NO4Br,317.02627009199995,2.1049,4.58,6.69,2.48,0.0,2.5889331653953693,1,HIGHDIVERSITY_CONCAT,HsDHODH_HighDiv,4,3,92.78000000000002,7,12,4,1,0.6666666666666666,0.2222222222222222,0.05555555555555555,0.4166666666666667,0.0,18,1,0,1,0,0,0,0,0
NOC1=C(Br)C(CCNCCCBr)=CC(C(=O)O)=C1,12/000001383,"InChI=1S/C12H16Br2N2O3/c13-3-1-4-16-5-2-8-6-9(12(17)18)7-10(19-15)11(8)14/h6-7,16H,1-5,15H2,(H,17,18)",C12H16N2O3Br2,393.952766572,2.3169000000000004,4.58,5.68,2.48,0.0,2.8279288251813224,1,HIGHDIVERSITY_CONCAT,HsDHODH_HighDiv,4,3,84.58,8,12,3,2,0.631578947368421,0.15789473684210525,0.10526315789473684,0.4166666666666667,0.0,19,1,0,1,0,0,0,0,0
CC/C(N)=C/C1=C(Br)C(O)=C(C2=C(CCl)C(=O)C=CC2=O)N=C1,10/000000177,"InChI=1S/C16H14BrClN2O3/c1-2-9(19)5-8-7-20-15(16(23)14(8)17)13-10(6-18)11(21)3-4-12(13)22/h3-5,7,23H,2,6,19H2,1H3/b9-5-",C16H14N2O3ClBr,395.98763208799994,2.9597000000000007,4.58,10.09,23.4,-180.0,3.67318567868103,1,HIGHDIVERSITY_CONCAT,HsDHODH_HighDiv,5,2,93.28,4,16,3,2,0.6956521739130435,0.13043478260869565,0.08695652173913043,0.1875,0.0,23,2,1,1,1,0,1,0,0
C=CC1=C(CCCCF)C=C(N2CCNC2=O)C=C1O,28/000000329,"InChI=1S/C15H19FN2O2/c1-2-13-11(5-3-4-6-16)9-12(10-14(13)19)18-8-7-17-15(18)20/h2,9-10,19H,1,3-8H2,(H,17,20)",C15H19N2O2F,278.143056068,2.8570000000000015,4.58,5.97,18.1,-120.0,3.0119281580288,1,HIGHDIVERSITY_CONCAT,HsDHODH_HighDiv,2,2,52.57000000000001,6,15,2,2,0.75,0.1,0.1,0.4,0.0,20,2,1,1,1,1,0,0,0
CC1=C(O)C=C(N2CCNC2=O)C=C1CCS,28/000000313,"InChI=1S/C12H16N2O2S/c1-8-9(2-5-17)6-10(7-11(8)15)14-4-3-13-12(14)16/h6-7,15,17H,2-5H2,1H3,(H,13,16)",C12H16N2O2S,252.093248752,1.7025199999999998,4.58,2.77,15.1,-140.0,2.9555212463250076,1,HIGHDIVERSITY_CONCAT,HsDHODH_HighDiv,3,3,52.57,3,12,2,2,0.7058823529411765,0.11764705882352941,0.11764705882352941,0.4166666666666667,0.0,17,2,1,1,1,1,0,0,0
NC(=S)C1=CC(C2=CC(O)=C(F)C=C2N=O)=C(CO)N1,6/000000153,"InChI=1S/C12H10FN3O3S/c13-7-3-8(16-19)6(2-11(7)18)5-1-9(12(14)20)15-10(5)4-17/h1-3,15,17-18H,4H2,(H2,14,20)",C12H10N3O3SF,295.0426904,2.0508,4.58,3.68,24.2,-140.0,3.5615363082119504,1,HIGHDIVERSITY_CONCAT,HsDHODH_HighDiv,5,4,111.70000000000002,4,12,3,3,0.6,0.15,0.15,0.08333333333333333,0.0,20,2,0,2,1,0,1,0,0
C=C(CN[C@@H](C)F)C(=O)C1=CC(N=O)=C(Br)C=C1O,12/000001091,"InChI=1S/C12H12BrFN2O3/c1-6(5-15-7(2)14)12(18)8-3-10(16-19)9(13)4-11(8)17/h3-4,7,15,17H,1,5H2,2H3/p+1/t7-/m0/s1",C12H13N2O3FBr,330.001532564,3.1966000000000023,4.58,3.94,2.35,-190.0,4.556676937520798,1,HIGHDIVERSITY_CONCAT,HsDHODH_HighDiv,5,2,78.76,6,12,3,2,0.631578947368421,0.15789473684210525,0.10526315789473684,0.25,0.08333333333333333,19,1,0,1,0,0,0,0,0
C#CC1=C(O)C=C(N2CCNC2=O)C=C1C#CCCNO,28/000000529,"InChI=1S/C15H15N3O3/c1-2-13-11(5-3-4-6-17-21)9-12(10-14(13)19)18-8-7-16-15(18)20/h1,9-10,17,19,21H,4,6-8H2,(H,16,20)",C15H15N3O3,285.11134134,0.6234999999999999,4.58,3.24,22.6,-120.0,3.4949974665860157,1,HIGHDIVERSITY_CONCAT,HsDHODH_HighDiv,4,4,84.83,3,15,3,3,0.7142857142857143,0.14285714285714285,0.14285714285714285,0.26666666666666666,0.0,21,2,1,1,1,1,0,0,0
NOC1=C(Br)C(OCCCCCN=O)=CC(C(=O)O)=C1,12/000001292,"InChI=1S/C12H15BrN2O5/c13-11-9(19-5-3-1-2-4-15-18)6-8(12(16)17)7-10(11)20-14/h6-7H,1-5,14H2,(H,16,17)",C12H15N2O5Br,346.01643368,2.715300000000001,4.58,5.19,19.1,0.0,2.7920061450417872,1,HIGHDIVERSITY_CONCAT,HsDHODH_HighDiv,6,2,111.21,9,12,5,2,0.6,0.25,0.1,0.4166666666666667,0.0,20,1,0,1,0,0,0,0,0
NOC1=CC(C(=O)O)=CC(C[C@@H]2CN2)=C1Br,12/000000619,"InChI=1S/C10H11BrN2O3/c11-9-5(2-7-4-13-7)1-6(10(14)15)3-8(9)16-12/h1,3,7,13H,2,4,12H2,(H,14,15)/t7-/m1/s1",C10H11N2O3Br,285.99530431200003,0.9141000000000001,4.57,5.34,2.48,-150.0,3.4297864299886216,1,HIGHDIVERSITY_CONCAT,HsDHODH_HighDiv,4,3,94.49,4,10,3,2,0.625,0.1875,0.125,0.3,0.1,16,2,1,1,1,1,0,0,0
OCC1=C(OCC2=CC=C3CNSC3=C2)C(O)=CC=C1O,4/000000308,"InChI=1S/C15H15NO4S/c17-7-11-12(18)3-4-13(19)15(11)20-8-9-1-2-10-6-16-21-14(10)5-9/h1-5,16-19H,6-8H2",C15H15NO4S,305.07217896,2.2794000000000003,4.57,7.35,2.47,-40.0,3.1338851588937073,1,HIGHDIVERSITY_CONCAT,HsDHODH_HighDiv,6,4,81.95,4,15,4,1,0.7142857142857143,0.19047619047619047,0.047619047619047616,0.2,0.0,21,3,1,2,1,1,0,0,0
NCC1=CC(C(=O)O)=CC(ON)=C1Br,12/000001104,"InChI=1S/C8H9BrN2O3/c9-7-5(3-10)1-4(8(12)13)2-6(7)14-11/h1-2H,3,10-11H2,(H,12,13)/p+1",C8H10N2O3Br,259.97965424800003,0.8585,4.57,5.79,12.7,0.0,3.5046448268563797,1,HIGHDIVERSITY_CONCAT,HsDHODH_HighDiv,4,3,98.57000000000001,3,8,3,2,0.5714285714285714,0.21428571428571427,0.14285714285714285,0.125,0.0,14,1,0,1,0,0,0,0,0
C=C[C@@H](C#CC1=CC(O)=CC(N)=C1)CCCO,23/000000234,"InChI=1S/C14H17NO2/c1-2-11(4-3-7-16)5-6-12-8-13(15)10-14(17)9-12/h2,8-11,16-17H,1,3-4,7,15H2/t11-/m1/s1",C14H17NO2,231.125928784,1.9005999999999994,4.57,5.34,14.8,-150.0,3.7965487034964127,1,HIGHDIVERSITY_CONCAT,HsDHODH_HighDiv,3,3,66.48,4,14,2,1,0.8235294117647058,0.11764705882352941,0.058823529411764705,0.2857142857142857,0.07142857142857142,17,1,0,1,0,0,0,0,0
NOC1=C(Br)C(C2=COCC2=O)=CC(C(=O)O)=C1,12/000000006,"InChI=1S/C11H8BrNO5/c12-10-6(7-3-17-4-8(7)14)1-5(11(15)16)2-9(10)18-13/h1-3H,4,13H2,(H,15,16)",C11H8NO5Br,312.9585844559999,1.34,4.57,5.6,17.9,-120.0,3.3993005123341433,1,HIGHDIVERSITY_CONCAT,HsDHODH_HighDiv,5,2,98.85000000000001,3,11,5,1,0.6111111111111112,0.2777777777777778,0.05555555555555555,0.09090909090909091,0.0,18,2,1,1,1,1,0,0,0
COC1=C(O)C=C(N2CCNC2=O)C=C1CCS,28/000000327,"InChI=1S/C12H16N2O3S/c1-17-11-8(2-5-18)6-9(7-10(11)15)14-4-3-13-12(14)16/h6-7,15,18H,2-5H2,1H3,(H,13,16)",C12H16N2O3S,268.088163372,1.4026999999999998,4.57,4.42,16.3,-160.0,2.906635425991915,1,HIGHDIVERSITY_CONCAT,HsDHODH_HighDiv,4,3,61.800000000000004,4,12,3,2,0.6666666666666666,0.16666666666666666,0.1111111111111111,0.4166666666666667,0.0,18,2,1,1,1,1,0,0,0
O=NC1=C(Br)C(CO)=CC(C(=O)O)=C1,12/000000436,"InChI=1S/C8H6BrNO4/c9-7-5(3-11)1-4(8(12)13)2-6(7)10-14/h1-2,11H,3H2,(H,12,13)",C8H6NO4Br,258.948019772,2.0374999999999996,4.57,4.98,14.1,0.0,2.8457587561703086,1,HIGHDIVERSITY_CONCAT,HsDHODH_HighDiv,4,2,86.96,3,8,4,1,0.5714285714285714,0.2857142857142857,0.07142857142857142,0.125,0.0,14,1,0,1,0,0,0,0,0
O=NC(=O)C1=CC(C[C@@H](Cl)NCO)=C(Br)C(CO)=C1,12/000000331,"InChI=1S/C11H12BrClN2O4/c12-10-6(3-9(13)14-5-17)1-7(11(18)15-19)2-8(10)4-16/h1-2,9,14,16-17H,3-5H2/t9-/m0/s1",C11H12N2O4ClBr,349.966896644,1.4948,4.56,4.65,19.0,-150.0,3.937733009918989,1,HIGHDIVERSITY_CONCAT,HsDHODH_HighDiv,5,3,98.99000000000001,6,11,4,2,0.5789473684210527,0.21052631578947367,0.10526315789473684,0.36363636363636365,0.09090909090909091,19,1,0,1,0,0,0,0,0
O=C1NNC=C1/C=C/C1=CN=C(CO)C(C2=NNC(O)=C2)=C1,7/000000026,"InChI=1S/C14H13N5O3/c20-7-12-10(11-4-13(21)18-17-11)3-8(5-15-12)1-2-9-6-16-19-14(9)22/h1-6,20H,7H2,(H2,16,19,22)(H2,17,18,21)/b2-1+",C14H13N5O3,299.101839276,0.8563999999999996,4.56,2.44,24.0,-120.0,3.6028859945493945,1,HIGHDIVERSITY_CONCAT,HsDHODH_HighDiv,5,5,130.67999999999998,4,14,3,5,0.6363636363636364,0.13636363636363635,0.22727272727272727,0.07142857142857142,0.0,22,3,0,3,3,0,3,0,0
C[C@H](O)CC1=CC(C(=O)N=O)=CC(O)=C1Br,12/000000052,"InChI=1S/C10H10BrNO4/c1-5(13)2-6-3-7(10(15)12-16)4-8(14)9(6)11/h3-5,13-14H,2H2,1H3/t5-/m0/s1",C10H10NO4Br,286.9793199,1.9846,4.56,3.65,3.85,-170.0,3.4314493484654927,1,HIGHDIVERSITY_CONCAT,HsDHODH_HighDiv,4,2,86.96,3,10,4,1,0.625,0.25,0.0625,0.3,0.1,16,1,0,1,0,0,0,0,0
NCC1=CC(=O)C=C(C2=CC=C(CN)C=C2CCl)C1=O,10/000000164,"InChI=1S/C15H15ClN2O2/c16-6-10-3-9(7-17)1-2-13(10)14-5-12(19)4-11(8-18)15(14)20/h1-5H,6-8,17-18H2/p+1",C15H16N2O2Cl,290.0822054,1.3043999999999996,4.56,5.21,2.35,-160.0,3.603748242943885,1,HIGHDIVERSITY_CONCAT,HsDHODH_HighDiv,4,2,86.18,4,15,2,2,0.75,0.1,0.1,0.2,0.0,20,2,1,1,0,0,0,0,0
C=CC1=CC=C(I)C(C2=NC(CC(=O)O)=NN2)=N1,4/000000008,"InChI=1S/C11H9IN4O2/c1-2-6-3-4-7(12)10(13-6)11-14-8(15-16-11)5-9(17)18/h2-4H,1,5H2,(H,17,18)(H,14,15,16)",C11H9N4O2I,355.9770235280001,1.7413999999999998,4.56,6.09,19.6,-120.0,3.3066674259919155,1,HIGHDIVERSITY_CONCAT,HsDHODH_HighDiv,4,2,91.76,4,11,2,4,0.6111111111111112,0.1111111111111111,0.2222222222222222,0.09090909090909091,0.0,18,2,0,2,2,0,2,0,0
CC/C=C/CSC1=CC(N2CCNC2=O)=CC(O)=C1,28/000000061,"InChI=1S/C14H18N2O2S/c1-2-3-4-7-19-13-9-11(8-12(17)10-13)16-6-5-15-14(16)18/h3-4,8-10,17H,2,5-7H2,1H3,(H,15,18)/b4-3+",C14H18N2O2S,278.108898816,2.980100000000001,4.56,3.61,17.3,-140.0,2.935600225575799,1,HIGHDIVERSITY_CONCAT,HsDHODH_HighDiv,3,2,52.57000000000001,5,14,2,2,0.7368421052631579,0.10526315789473684,0.10526315789473684,0.35714285714285715,0.0,19,2,1,1,1,1,0,0,0
C/C=C\[C@H](N)C1=C(I)C=C(O)C([N+](=O)[O-])=C1,5/000000057,"InChI=1S/C10H11IN2O3/c1-2-3-8(12)6-4-9(13(15)16)10(14)5-7(6)11/h2-5,8,14H,12H2,1H3/b3-2-/t8-/m0/s1",C10H11N2O3I,333.981440212,2.4809,4.56,6.93,2.61,-170.0,3.756744952861097,1,HIGHDIVERSITY_CONCAT,HsDHODH_HighDiv,4,2,89.39,3,10,3,2,0.625,0.1875,0.125,0.2,0.1,16,1,0,1,0,0,0,0,0
NC(=S)NC1=CC=C(CC(=O)O)C=C1,29/000000052,"InChI=1S/C9H10N2O2S/c10-9(14)11-7-3-1-6(2-4-7)5-8(12)13/h1-4H,5H2,(H,12,13)(H3,10,11,14)",C9H10N2O2S,210.04629856,0.9692000000000002,4.56,1.55,2.22,-60.0,1.8320830148419347,1,HIGHDIVERSITY_CONCAT,HsDHODH_HighDiv,2,3,75.35,3,9,2,2,0.6428571428571429,0.14285714285714285,0.14285714285714285,0.1111111111111111,0.0,14,1,0,1,0,0,0,0,0
C=CCC#CCC1=C(Br)C(ON)=CC(C(=O)O)=C1,12/000001315,"InChI=1S/C13H12BrNO3/c1-2-3-4-5-6-9-7-10(13(16)17)8-11(18-15)12(9)14/h2,7-8H,1,3,6,15H2,(H,16,17)",C13H12NO3Br,309.000055344,2.5218,4.56,7.18,2.48,0.0,3.3729419566041603,1,HIGHDIVERSITY_CONCAT,HsDHODH_HighDiv,3,2,72.55,4,13,3,1,0.7222222222222222,0.16666666666666666,0.05555555555555555,0.15384615384615385,0.0,18,1,0,1,0,0,0,0,0
C=C[C@@H](C#CC1=CC(COCCCN)=CC(O)=C1)CCO,23/000000069,"InChI=1S/C17H23NO3/c1-2-14(6-8-19)4-5-15-10-16(12-17(20)11-15)13-21-9-3-7-18/h2,10-12,14,19-20H,1,3,6-9,13,18H2/t14-/m0/s1",C17H23NO3,289.167793596,1.7936999999999999,4.56,1.53,17.8,-200.0,3.624822049891293,1,HIGHDIVERSITY_CONCAT,HsDHODH_HighDiv,4,3,75.71000000000001,8,17,3,1,0.8095238095238095,0.14285714285714285,0.047619047619047616,0.4117647058823529,0.058823529411764705,21,1,0,1,0,0,0,0,0
CNCC[C@H](O)CC1=CC(C(=O)N=O)=CC(O)=C1Br,12/000000340,"InChI=1S/C12H15BrN2O4/c1-14-3-2-9(16)5-7-4-8(12(18)15-19)6-10(17)11(7)13/h4,6,9,14,16-17H,2-3,5H2,1H3/p+1/t9-/m0/s1",C12H16N2O4Br,330.02151906,1.5741999999999998,4.56,2.89,3.85,-170.0,4.332945679602247,1,HIGHDIVERSITY_CONCAT,HsDHODH_HighDiv,5,3,98.99,6,12,4,2,0.631578947368421,0.21052631578947367,0.10526315789473684,0.4166666666666667,0.08333333333333333,19,1,0,1,0,0,0,0,0
C=CC1=C(C)C=C(I)C(C2=NC(CC(=O)O)=NN2)=N1,4/000000191,"InChI=1S/C12H11IN4O2/c1-3-8-6(2)4-7(13)11(14-8)12-15-9(16-17-12)5-10(18)19/h3-4H,1,5H2,2H3,(H,18,19)(H,15,16,17)",C12H11N4O2I,369.9926735920001,2.04982,4.56,6.15,20.2,-140.0,3.464897168376588,1,HIGHDIVERSITY_CONCAT,HsDHODH_HighDiv,4,2,91.76,4,12,2,4,0.631578947368421,0.10526315789473684,0.21052631578947367,0.16666666666666666,0.0,19,2,0,2,2,0,2,0,0
CCCCCCC1=CC(O)=CC(N2CCNC2=O)=C1,28/000000228,"InChI=1S/C15H22N2O2/c1-2-3-4-5-6-12-9-13(11-14(18)10-12)17-8-7-16-15(17)19/h9-11,18H,2-8H2,1H3,(H,16,19)",C15H22N2O2,262.168127944,3.044600000000001,4.56,1.37,14.4,-140.0,2.3121412512168256,1,HIGHDIVERSITY_CONCAT,HsDHODH_HighDiv,2,2,52.57,6,15,2,2,0.7894736842105263,0.10526315789473684,0.10526315789473684,0.5333333333333333,0.0,19,2,1,1,1,1,0,0,0
O=C(O)CC1=NNC(C2=NC(/C=C/COCCO)=CC=C2I)=N1,4/000000124,"InChI=1S/C14H15IN4O4/c15-10-4-3-9(2-1-6-23-7-5-20)16-13(10)14-17-11(18-19-14)8-12(21)22/h1-4,20H,5-8H2,(H,21,22)(H,17,18,19)/b2-1+",C14H15N4O4I,430.0138029600001,1.1204999999999996,4.56,5.78,23.8,-160.0,3.29805361912768,1,HIGHDIVERSITY_CONCAT,HsDHODH_HighDiv,6,3,121.22,8,14,4,4,0.6086956521739131,0.17391304347826086,0.17391304347826086,0.2857142857142857,0.0,23,2,0,2,2,0,2,0,0
NC(N)NC1=C(Br)C(N=O)=CC(C(=O)[C@H]2CNCCO2)=C1,12/000000670,"InChI=1S/C12H16BrN5O3/c13-10-7(17-12(14)15)3-6(4-8(10)18-20)11(19)9-5-16-1-2-21-9/h3-4,9,12,16-17H,1-2,5,14-15H2/t9-/m1/s1",C12H14N5O3Br,357.04365147199996,0.6309999999999996,4.55,3.01,22.0,-170.0,3.9328854181419786,1,HIGHDIVERSITY_CONCAT,HsDHODH_HighDiv,8,4,131.82999999999998,5,12,3,5,0.5714285714285714,0.14285714285714285,0.23809523809523808,0.4166666666666667,0.08333333333333333,21,2,1,1,1,1,0,0,0
O=C1NN=C([C@@H](C#CC2=CC(O)=C(F)C=C2)CO)N1,23/000000045,"InChI=1S/C12H10FN3O3/c13-9-4-2-7(5-10(9)18)1-3-8(6-17)11-14-12(19)16-15-11/h2,4-5,8,17-18H,6H2,(H2,14,15,16,19)/t8-/m0/s1",C12H10N3O3F,263.0706194,0.07029999999999981,4.55,4.2,21.4,-150.0,3.7910707372305232,1,HIGHDIVERSITY_CONCAT,HsDHODH_HighDiv,4,4,102.0,2,12,3,3,0.631578947368421,0.15789473684210525,0.15789473684210525,0.16666666666666666,0.08333333333333333,19,2,0,2,1,0,1,0,0
CCC/C(C#CCC1=C(CO)N=C(C(=O)O)O1)=C/CO,3/000000302,"InChI=1S/C14H17NO5/c1-2-4-10(7-8-16)5-3-6-12-11(9-17)15-13(20-12)14(18)19/h7,16-17H,2,4,6,8-9H2,1H3,(H,18,19)/b10-7-",C14H17NO5,279.11067264400003,1.1298000000000001,4.55,6.48,23.2,-170.0,3.8077146765103183,1,HIGHDIVERSITY_CONCAT,HsDHODH_HighDiv,5,3,103.79,6,14,5,1,0.7,0.25,0.05,0.42857142857142855,0.0,20,1,0,1,1,0,1,0,0
O=C(O)CC1=NC=C([C@H](O)C#CC2=CC(S)=C(S)C=C2Br)C=N1,29/000000051,"InChI=1S/C15H11BrN2O3S2/c16-10-4-13(23)12(22)3-8(10)1-2-11(19)9-6-17-14(18-7-9)5-15(20)21/h3-4,6-7,11,19,22-23H,5H2,(H,20,21)/t11-/m1/s1",C15H11N2O3S2Br,409.9394463120001,2.5287000000000006,4.55,4.38,3.7,-170.0,4.018447239497588,1,HIGHDIVERSITY_CONCAT,HsDHODH_HighDiv,6,4,83.31,3,15,3,2,0.6521739130434783,0.13043478260869565,0.08695652173913043,0.13333333333333333,0.06666666666666667,23,2,0,2,1,0,1,0,0
CCOC1=CC(NC(=O)C2=CC(S)=CC(S)=C2Br)=CC(O)=C1,29/000000029,"InChI=1S/C15H14BrNO3S2/c1-2-20-10-4-8(3-9(18)5-10)17-15(19)12-6-11(21)7-13(22)14(12)16/h3-7,18,21-22H,2H2,1H3,(H,17,19)",C15H14NO3S2Br,398.959847408,4.383100000000003,4.55,3.65,4.94,-76.0,2.8381825879559877,1,HIGHDIVERSITY_CONCAT,HsDHODH_HighDiv,5,4,58.56,4,15,3,1,0.6818181818181818,0.13636363636363635,0.045454545454545456,0.13333333333333333,0.0,22,2,0,2,0,0,0,0,0
C=CCC1=C(Br)C(ON)=CC(C(=O)O)=C1,12/000000566,"InChI=1S/C10H10BrNO3/c1-2-3-6-4-7(10(13)14)5-8(15-12)9(6)11/h2,4-5H,1,3,12H2,(H,13,14)",C10H10NO3Br,270.98440528,2.1283000000000003,4.55,5.07,2.48,0.0,2.8655611957269933,1,HIGHDIVERSITY_CONCAT,HsDHODH_HighDiv,3,2,72.55,4,10,3,1,0.6666666666666666,0.2,0.06666666666666667,0.1,0.0,15,1,0,1,0,0,0,0,0
NCC1=CC(=O)C=C(C2=CC=C(CN)C(CCl)=C2)C1=O,10/000000197,"InChI=1S/C15H15ClN2O2/c16-6-11-3-9(1-2-10(11)7-17)14-5-13(19)4-12(8-18)15(14)20/h1-5H,6-8,17-18H2/p+1",C15H16N2O2Cl,290.0822054,1.3044,4.55,4.65,2.35,-160.0,3.557831879307521,1,HIGHDIVERSITY_CONCAT,HsDHODH_HighDiv,4,2,86.18,4,15,2,2,0.75,0.1,0.1,0.2,0.0,20,2,1,1,0,0,0,0,0
CCC#CC1=C(C=S)C(O)=CC(N2CCNC2=O)=C1,28/000000383,"InChI=1S/C14H14N2O2S/c1-2-3-4-10-7-11(8-13(17)12(10)9-19)16-6-5-15-14(16)18/h7-9,17H,2,5-6H2,1H3,(H,15,18)",C14H14N2O2S,274.077598688,2.0310999999999995,4.55,5.06,20.3,-140.0,3.3807049667465776,1,HIGHDIVERSITY_CONCAT,HsDHODH_HighDiv,3,2,52.57,2,14,2,2,0.7368421052631579,0.10526315789473684,0.10526315789473684,0.2857142857142857,0.0,19,2,1,1,1,1,0,0,0
CCC#CC1=C(C)C(O)=CC(N2CCNC2=O)=C1,28/000000077,"InChI=1S/C14H16N2O2/c1-3-4-5-11-8-12(9-13(17)10(11)2)16-7-6-15-14(16)18/h8-9,17H,3,6-7H2,1-2H3,(H,15,18)",C14H16N2O2,244.121177752,1.9917199999999997,4.55,1.61,16.6,-200.0,2.9830717336842234,1,HIGHDIVERSITY_CONCAT,HsDHODH_HighDiv,2,2,52.57,1,14,2,2,0.7777777777777778,0.1111111111111111,0.1111111111111111,0.35714285714285715,0.0,18,2,1,1,1,1,0,0,0
O=NC1=CC(C(=O)CO)=CC(O)=C1Br,12/000000887,"InChI=1S/C8H6BrNO4/c9-8-5(10-14)1-4(2-6(8)12)7(13)3-11/h1-2,11-12H,3H2",C8H6NO4Br,258.948019772,1.7276000000000005,4.55,3.5,2.35,0.0,3.083867695879249,1,HIGHDIVERSITY_CONCAT,HsDHODH_HighDiv,5,2,86.96000000000001,3,8,4,1,0.5714285714285714,0.2857142857142857,0.07142857142857142,0.125,0.0,14,1,0,1,0,0,0,0,0
C=CC(=O)NOCC1=C(Br)C(CO)=CC(C(=O)N=O)=C1,12/000000049,"InChI=1S/C12H11BrN2O5/c1-2-10(17)15-20-6-9-4-7(12(18)14-19)3-8(5-16)11(9)13/h2-4,16H,1,5-6H2,(H,15,17)",C12H11N2O5Br,341.985133552,1.5817999999999999,4.55,5.52,21.1,0.0,3.263413231288874,1,HIGHDIVERSITY_CONCAT,HsDHODH_HighDiv,5,2,105.06,6,12,5,2,0.6,0.25,0.1,0.16666666666666666,0.0,20,1,0,1,0,0,0,0,0
C#CCNCC#CCCC1=CC(C(=O)N=O)=CC(O)=C1Br,12/000000769,"InChI=1S/C15H13BrN2O3/c1-2-7-17-8-5-3-4-6-11-9-12(15(20)18-21)10-13(19)14(11)16/h1,9-10,17,19H,4,6-8H2/p+1",C15H14N2O3Br,348.01095437600003,2.220100000000001,4.55,4.71,5.21,-30.0,4.293170941387077,1,HIGHDIVERSITY_CONCAT,HsDHODH_HighDiv,4,2,78.76,5,15,3,2,0.7142857142857143,0.14285714285714285,0.09523809523809523,0.26666666666666666,0.0,21,1,0,1,0,0,0,0,0
CCC/C=C(\CN)C(=O)C1=CC(N=O)=C(Br)C=C1O,12/000000499,"InChI=1S/C13H15BrN2O3/c1-2-3-4-8(7-15)13(18)9-5-11(16-19)10(14)6-12(9)17/h4-6,17H,2-3,7,15H2,1H3/b8-4+",C13H15N2O3Br,326.02660444,3.420500000000002,4.55,3.62,2.35,-40.0,3.39877473537972,1,HIGHDIVERSITY_CONCAT,HsDHODH_HighDiv,5,2,92.75000000000001,6,13,3,2,0.6842105263157895,0.15789473684210525,0.10526315789473684,0.3076923076923077,0.0,19,1,0,1,0,0,0,0,0
O=C1NN=C([C@@H](C#CC2=CC(O)=CC(O)=C2)CO)N1,23/000000092,"InChI=1S/C12H11N3O4/c16-6-8(11-13-12(19)15-14-11)2-1-7-3-9(17)5-10(18)4-7/h3-5,8,16-18H,6H2,(H2,13,14,15,19)/t8-/m0/s1",C12H11N3O4,261.074955832,-0.36320000000000036,4.55,3.65,19.9,-150.0,3.9226405485512785,1,HIGHDIVERSITY_CONCAT,HsDHODH_HighDiv,5,5,122.23000000000002,2,12,4,3,0.631578947368421,0.21052631578947367,0.15789473684210525,0.16666666666666666,0.08333333333333333,19,2,0,2,1,0,1,0,0
NOC1=CC(C(=O)O)=CC(CC(=O)CCCl)=C1Br,12/000001176,"InChI=1S/C11H11BrClNO4/c12-10-6(4-8(15)1-2-13)3-7(11(16)17)5-9(10)18-14/h3,5H,1-2,4,14H2,(H,16,17)",C11H11NO4ClBr,334.95599761200003,2.1403,4.55,5.78,2.64,0.0,2.9376288875303764,1,HIGHDIVERSITY_CONCAT,HsDHODH_HighDiv,4,2,89.62,6,11,4,1,0.6111111111111112,0.2222222222222222,0.05555555555555555,0.2727272727272727,0.0,18,1,0,1,0,0,0,0,0
NOCC1=C(Br)C(N=O)=CC(C(=O)[C@@H]2CC(=O)N2)=C1,12/000000108,"InChI=1S/C11H10BrN3O4/c12-10-6(4-19-13)1-5(2-7(10)15-18)11(17)8-3-9(16)14-8/h1-2,8H,3-4,13H2,(H,14,16)/t8-/m0/s1",C11H10N3O4Br,326.9854679,1.3084999999999998,4.55,4.15,3.72,-170.0,3.854354729376003,1,HIGHDIVERSITY_CONCAT,HsDHODH_HighDiv,6,2,110.85,5,11,4,3,0.5789473684210527,0.21052631578947367,0.15789473684210525,0.2727272727272727,0.09090909090909091,19,2,1,1,1,1,0,0,0
CC1=C(C2=CC=C(CO)C=C2)C(=O)C(CN)=CC1=O,10/000000119,"InChI=1S/C15H15NO3/c1-9-13(18)6-12(7-16)15(19)14(9)11-4-2-10(8-17)3-5-11/h2-6,17H,7-8,16H2,1H3",C15H15NO3,257.10519334,0.9893000000000001,4.55,3.16,3.58,-180.0,2.6416980559505525,1,HIGHDIVERSITY_CONCAT,HsDHODH_HighDiv,4,2,80.38999999999999,3,15,3,1,0.7894736842105263,0.15789473684210525,0.05263157894736842,0.2,0.0,19,2,1,1,0,0,0,0,0
NCCONC/C=C/[C@@H](C#CC1=CC(O)=CC=C1)CCO,23/000000200,"InChI=1S/C16H22N2O3/c17-9-12-21-18-10-2-4-14(8-11-19)6-7-15-3-1-5-16(20)13-15/h1-5,13-14,18-20H,8-12,17H2/b4-2+/t14-/m0/s1",C16H22N2O3,290.16304256399997,0.7784000000000004,4.55,3.76,18.6,-180.0,3.987576691351528,1,HIGHDIVERSITY_CONCAT,HsDHODH_HighDiv,5,4,87.74000000000001,8,16,3,2,0.7619047619047619,0.14285714285714285,0.09523809523809523,0.375,0.0625,21,1,0,1,0,0,0,0,0
CNC/C=C/CCNCCC1=C(Br)C(N=O)=CC(C(=O)CCl)=C1,12/000000954,"InChI=1S/C16H21BrClN3O2/c1-19-6-3-2-4-7-20-8-5-12-9-13(15(22)11-18)10-14(21-23)16(12)17/h2-3,9-10,19-20H,4-8,11H2,1H3/p+1/b3-2+",C16H22N3O2ClBr,401.05056669199996,3.566300000000002,4.54,3.31,4.94,-110.0,3.9378835229738343,1,HIGHDIVERSITY_CONCAT,HsDHODH_HighDiv,5,2,70.56,11,16,2,3,0.6956521739130435,0.08695652173913043,0.13043478260869565,0.4375,0.0,23,1,0,1,0,0,0,0,0
NOC1=C(Br)C(OC/C=C/CNCCS)=CC(C(=O)O)=C1,12/000001218,"InChI=1S/C13H17BrN2O4S/c14-12-10(19-5-2-1-3-16-4-6-21)7-9(13(17)18)8-11(12)20-15/h1-2,7-8,16,21H,3-6,15H2,(H,17,18)/b2-1+",C13H17N2O4SBr,376.009240124,1.8542,4.54,4.87,20.4,-30.0,3.142070941387077,1,HIGHDIVERSITY_CONCAT,HsDHODH_HighDiv,6,4,93.81000000000002,9,13,4,2,0.6190476190476191,0.19047619047619047,0.09523809523809523,0.3076923076923077,0.0,21,1,0,1,0,0,0,0,0
C=CCCCCCC1=CC(O)=CC(N2CCNC2=O)=C1,28/000000389,"InChI=1S/C16H22N2O2/c1-2-3-4-5-6-7-13-10-14(12-15(19)11-13)18-9-8-17-16(18)20/h2,10-12,19H,1,3-9H2,(H,17,20)",C16H22N2O2,274.168127944,3.210700000000001,4.54,3.19,16.0,-120.0,2.529119843974433,1,HIGHDIVERSITY_CONCAT,HsDHODH_HighDiv,2,2,52.57,7,16,2,2,0.8,0.1,0.1,0.4375,0.0,20,2,1,1,1,1,0,0,0
NC(=O)C1=NOC(C2=C(CC(=O)O)C(Br)=C(Br)C=C2)=C1,10/000000076,"InChI=1S/C12H8Br2N2O4/c13-7-2-1-5(6(11(7)14)3-10(17)18)9-4-8(12(15)19)16-20-9/h1-2,4H,3H2,(H2,15,19)(H,17,18)",C12H8N2O4Br2,401.885080936,2.5926,4.54,4.65,3.58,-160.0,2.729785026160668,1,HIGHDIVERSITY_CONCAT,HsDHODH_HighDiv,4,2,106.42,4,12,4,2,0.6,0.2,0.1,0.08333333333333333,0.0,20,2,0,2,1,0,1,0,0
C=C(C)C1=CC=C(I)C(C2=NC(CC(=O)O)=NN2)=N1,4/000000190,"InChI=1S/C12H11IN4O2/c1-6(2)8-4-3-7(13)11(14-8)12-15-9(16-17-12)5-10(18)19/h3-4H,1,5H2,2H3,(H,18,19)(H,15,16,17)",C12H11N4O2I,369.9926735920001,2.1315,4.54,6.47,20.2,-140.0,3.2264797127552862,1,HIGHDIVERSITY_CONCAT,HsDHODH_HighDiv,4,2,91.76,4,12,2,4,0.631578947368421,0.10526315789473684,0.21052631578947367,0.16666666666666666,0.0,19,2,0,2,2,0,2,0,0
NCC1=C(/C=C/CCO)N=C(C2=NC(CC(=O)O)=NN2)C(I)=C1,4/000000295,"InChI=1S/C14H16IN5O3/c15-9-5-8(7-16)10(3-1-2-4-21)17-13(9)14-18-11(19-20-14)6-12(22)23/h1,3,5,21H,2,4,6-7,16H2,(H,22,23)(H,18,19,20)/p+1/b3-1+",C14H17N5O3I,429.029787372,0.9526999999999992,4.54,6.03,24.0,-120.0,4.029166455666141,1,HIGHDIVERSITY_CONCAT,HsDHODH_HighDiv,6,4,138.01,7,14,3,5,0.6086956521739131,0.13043478260869565,0.21739130434782608,0.2857142857142857,0.0,23,2,0,2,2,0,2,0,0
NOC1=CC(C(=O)O)=CC(CCCl)=C1Br,12/000000157,"InChI=1S/C9H9BrClNO3/c10-8-5(1-2-11)3-6(9(13)14)4-7(8)15-12/h3-4H,1-2,12H2,(H,13,14)",C9H9NO3ClBr,292.94543292800006,2.1811000000000007,4.54,4.26,2.48,0.0,2.8305061957269935,1,HIGHDIVERSITY_CONCAT,HsDHODH_HighDiv,3,2,72.55,4,9,3,1,0.6,0.2,0.06666666666666667,0.2222222222222222,0.0,15,1,0,1,0,0,0,0,0
CC(=O)/C=C/C1=CC=C(I)C(C2=NC(CC(=O)O)=NN2)=N1,4/000000161,"InChI=1S/C13H11IN4O3/c1-7(19)2-3-8-4-5-9(14)12(15-8)13-16-10(17-18-13)6-11(20)21/h2-5H,6H2,1H3,(H,20,21)(H,16,17,18)/b3-2+",C13H11N4O3I,397.98758821200005,1.7006,4.54,4.41,23.0,-140.0,3.2112300925807107,1,HIGHDIVERSITY_CONCAT,HsDHODH_HighDiv,5,2,108.83,5,13,3,4,0.6190476190476191,0.14285714285714285,0.19047619047619047,0.15384615384615385,0.0,21,2,0,2,2,0,2,0,0
NCC/C=C(\CCN)C(=O)C1=C(O)C=C(Br)C(N=O)=C1,12/000001023,"InChI=1S/C13H16BrN3O3/c14-10-7-12(18)9(6-11(10)17-20)13(19)8(3-5-16)2-1-4-15/h2,6-7,18H,1,3-5,15-16H2/b8-2+",C13H16N3O3Br,341.037503472,2.3593,4.54,3.5,3.7,-40.0,3.537172205647847,1,HIGHDIVERSITY_CONCAT,HsDHODH_HighDiv,6,3,118.77000000000001,7,13,3,3,0.65,0.15,0.15,0.3076923076923077,0.0,20,1,0,1,0,0,0,0,0
NOC1=CC(C(=O)O)=CC(CC#CCCCl)=C1Br,12/000001358,"InChI=1S/C12H11BrClNO3/c13-11-8(4-2-1-3-5-14)6-9(12(16)17)7-10(11)18-15/h6-7H,3-5,15H2,(H,16,17)",C12H11NO3ClBr,330.96108299200006,2.574600000000001,4.53,7.12,2.48,0.0,3.2331297117062014,1,HIGHDIVERSITY_CONCAT,HsDHODH_HighDiv,3,2,72.55,4,12,3,1,0.6666666666666666,0.16666666666666666,0.05555555555555555,0.25,0.0,18,1,0,1,0,0,0,0,0
O=NC1=C(C2=CC(O)=NO2)C=C(O)C(F)=C1,6/000000002,"InChI=1S/C9H5FN2O4/c10-5-2-6(11-15)4(1-7(5)13)8-3-9(14)12-16-8/h1-3,13H,(H,12,14)",C9H5N2O4F,224.02333486,2.2897999999999996,4.53,3.58,19.1,-120.0,3.370831342481199,1,HIGHDIVERSITY_CONCAT,HsDHODH_HighDiv,6,2,95.92,2,9,4,2,0.5625,0.25,0.125,0.0,0.0,16,2,0,2,1,0,1,0,0
NCC1=CC(C2=CC(O)=C(F)C=C2N=O)=C(CN)N1,6/000000145,"InChI=1S/C12H13FN4O2/c13-9-3-10(17-19)8(2-12(9)18)7-1-6(4-14)16-11(7)5-15/h1-3,16,18H,4-5,14-15H2",C12H13N4O2F,264.102253876,1.8416999999999997,4.53,4.81,20.7,-140.0,3.5624619612759965,1,HIGHDIVERSITY_CONCAT,HsDHODH_HighDiv,5,4,117.49000000000001,4,12,2,4,0.631578947368421,0.10526315789473684,0.21052631578947367,0.16666666666666666,0.0,19,2,0,2,1,0,1,0,0
NCC1=CC(=O)C=C(C2=CC(CN)=CC=C2)C1=O,10/000000041,"InChI=1S/C14H14N2O2/c15-7-9-2-1-3-10(4-9)13-6-12(17)5-11(8-16)14(13)18/h1-6H,7-8,15-16H2",C14H14N2O2,242.105527688,0.5655999999999998,4.53,4.88,2.22,-160.0,2.7039332721457594,1,HIGHDIVERSITY_CONCAT,HsDHODH_HighDiv,4,2,86.18,3,14,2,2,0.7777777777777778,0.1111111111111111,0.1111111111111111,0.14285714285714285,0.0,18,2,1,1,0,0,0,0,0
C[C@H](CC#CC1=CC(C(=O)N=O)=C(O)C=C1Br)CCO,12/000000050,"InChI=1S/C14H14BrNO4/c1-9(5-6-17)3-2-4-10-7-11(14(19)16-20)13(18)8-12(10)15/h7-9,17-18H,3,5-6H2,1H3/t9-/m1/s1",C14H14NO4Br,339.01062002799995,2.821400000000002,4.53,4.91,20.5,-170.0,3.6688804047723345,1,HIGHDIVERSITY_CONCAT,HsDHODH_HighDiv,4,2,86.96000000000001,4,14,4,1,0.7,0.2,0.05,0.35714285714285715,0.07142857142857142,20,1,0,1,0,0,0,0,0
CCCC1=C(Br)C(ON)=CC(C(=O)O)=C1,12/000001147,"InChI=1S/C10H12BrNO3/c1-2-3-6-4-7(10(13)14)5-8(15-12)9(6)11/h4-5H,2-3,12H2,1H3,(H,13,14)",C10H12NO3Br,273.000055344,2.3522999999999996,4.53,4.1,2.48,-20.0,2.5929996572654552,1,HIGHDIVERSITY_CONCAT,HsDHODH_HighDiv,3,2,72.55,4,10,3,1,0.6666666666666666,0.2,0.06666666666666667,0.3,0.0,15,1,0,1,0,0,0,0,0
CCCC1=CC(C2=CC(O)=C(F)C=C2N=O)=C(CO)N1,6/000000147,"InChI=1S/C14H15FN2O3/c1-2-3-8-4-9(13(7-18)16-8)10-5-14(19)11(15)6-12(10)17-20/h4-6,16,18-19H,2-3,7H2,1H3",C14H15N2O3F,278.10667056000005,3.3691000000000026,4.53,5.08,20.3,-180.0,3.349555515671157,1,HIGHDIVERSITY_CONCAT,HsDHODH_HighDiv,4,3,85.68,5,14,3,2,0.7,0.15,0.1,0.2857142857142857,0.0,20,2,0,2,1,0,1,0,0
O=C(C#CCNC(=O)C1=CC(S)=C(I)C=C1S)C1=NN=CO1,5/000000084,"InChI=1S/C13H8IN3O3S2/c14-8-5-10(21)7(4-11(8)22)12(19)15-3-1-2-9(18)13-17-16-6-20-13/h4-6,21-22H,3H2,(H,15,19)",C13H8N3O3S2I,444.90518111600005,1.8676999999999995,4.53,3.52,5.21,-60.0,3.972970267653339,1,HIGHDIVERSITY_CONCAT,HsDHODH_HighDiv,7,3,85.09,3,13,3,3,0.5909090909090909,0.13636363636363635,0.13636363636363635,0.07692307692307693,0.0,22,2,0,2,1,0,1,0,0
N/C(=C\CS)C(=O)C1=CC(Cl)=C(Br)C(O)=C1,12/000000602,"InChI=1S/C10H9BrClNO2S/c11-9-6(12)3-5(4-8(9)14)10(15)7(13)1-2-16/h1,3-4,14,16H,2,13H2/b7-1-",C10H9NO2SClBr,320.922589308,2.7632000000000003,4.53,3.87,2.48,-20.0,3.431229794029651,1,HIGHDIVERSITY_CONCAT,HsDHODH_HighDiv,4,3,63.32000000000001,3,10,2,1,0.625,0.125,0.0625,0.1,0.0,16,1,0,1,0,0,0,0,0
CCC#C/C(=C\CCCC1=CC(C(=O)O)=CC(O)=C1)CN,3/000000205,"InChI=1S/C17H21NO3/c1-2-3-6-13(12-18)7-4-5-8-14-9-15(17(20)21)11-16(19)10-14/h7,9-11,19H,2,4-5,8,12,18H2,1H3,(H,20,21)/p+1/b13-7+",C17H22NO3,287.152143532,2.7116,4.53,2.55,5.21,-50.0,3.459083408230577,1,HIGHDIVERSITY_CONCAT,HsDHODH_HighDiv,3,3,83.55,6,17,3,1,0.8095238095238095,0.14285714285714285,0.047619047619047616,0.35294117647058826,0.0,21,1,0,1,0,0,0,0,0
C=C(CCO)C1=NOC(C2=CC(O)=C(F)C=C2O)=N1,6/000000034,"InChI=1S/C12H11FN2O4/c1-6(2-3-16)11-14-12(19-15-11)7-4-10(18)8(13)5-9(7)17/h4-5,16-18H,1-3H2",C12H11N2O4F,266.07028505200003,1.6824999999999999,4.53,2.1,20.9,-180.0,3.1873190618677114,1,HIGHDIVERSITY_CONCAT,HsDHODH_HighDiv,6,3,99.61000000000001,4,12,4,2,0.631578947368421,0.21052631578947367,0.10526315789473684,0.16666666666666666,0.0,19,2,0,2,1,0,1,0,0
NOC1=C(Br)C(CC(=O)O)=CC(C(=O)O)=C1,12/000001131,"InChI=1S/C9H8BrNO5/c10-8-4(3-7(12)13)1-5(9(14)15)2-6(8)16-11/h1-2H,3,11H2,(H,12,13)(H,14,15)",C9H8NO5Br,288.958584456,1.0269000000000001,4.53,4.69,2.48,0.0,2.6550770467769027,1,HIGHDIVERSITY_CONCAT,HsDHODH_HighDiv,4,3,109.85000000000001,4,9,5,1,0.5625,0.3125,0.0625,0.1111111111111111,0.0,16,1,0,1,0,0,0,0,0
CCC#C/C(=C\CCCC1=CC(C(=O)O)=CC(O)=C1)CBr,3/000000221,"InChI=1S/C17H19BrO3/c1-2-3-6-13(12-18)7-4-5-8-14-9-15(17(20)21)11-16(19)10-14/h7,9-11,19H,2,4-5,8,12H2,1H3,(H,20,21)/b13-7+",C17H19O3Br,350.05175656800003,4.147800000000003,4.53,2.08,5.21,-50.0,3.119993487806175,1,HIGHDIVERSITY_CONCAT,HsDHODH_HighDiv,2,2,57.53,6,17,3,0,0.8095238095238095,0.14285714285714285,0.0,0.35294117647058826,0.0,21,1,0,1,0,0,0,0,0
C=CC1=C(COC)C=C(I)C(C2=NC(CC(=O)O)=NN2)=N1,4/000000239,"InChI=1S/C13H13IN4O3/c1-3-9-7(6-21-2)4-8(14)12(15-9)13-16-10(17-18-13)5-11(19)20/h3-4H,1,5-6H2,2H3,(H,19,20)(H,16,17,18)",C13H13N4O3I,400.00323827600005,1.8878000000000001,4.53,7.88,22.0,-140.0,3.5136109944374745,1,HIGHDIVERSITY_CONCAT,HsDHODH_HighDiv,5,2,100.99,6,13,3,4,0.6190476190476191,0.14285714285714285,0.19047619047619047,0.23076923076923078,0.0,21,2,0,2,2,0,2,0,0
O=C1NCCN1C1=CC(O)=CC(C#CCCC2=CCC2)=C1,28/000000145,"InChI=1S/C17H18N2O2/c20-16-11-14(5-2-1-4-13-6-3-7-13)10-15(12-16)19-9-8-18-17(19)21/h6,10-12,20H,1,3-4,7-9H2,(H,18,21)",C17H18N2O2,282.136827816,2.7737000000000016,4.52,0.98,19.8,-120.0,3.035759774278324,1,HIGHDIVERSITY_CONCAT,HsDHODH_HighDiv,2,2,52.57000000000001,3,17,2,2,0.8095238095238095,0.09523809523809523,0.09523809523809523,0.35294117647058826,0.0,21,3,2,1,1,1,0,0,0
CC(=O)NC1=CC=C(N2CCNC2=O)C=C1O,28/000000043,"InChI=1S/C11H13N3O3/c1-7(15)13-9-3-2-8(6-10(9)16)14-5-4-12-11(14)17/h2-3,6,16H,4-5H2,1H3,(H,12,17)(H,13,15)",C11H13N3O3,235.095691276,0.8801999999999999,4.52,4.49,15.6,-140.0,2.248574928812733,1,HIGHDIVERSITY_CONCAT,HsDHODH_HighDiv,3,3,81.67,2,11,3,3,0.6470588235294118,0.17647058823529413,0.17647058823529413,0.2727272727272727,0.0,17,2,1,1,1,1,0,0,0
CCOC1=C(O)C=C(N2CCNC2=O)C=C1C#CCCCO,28/000000524,"InChI=1S/C16H20N2O4/c1-2-22-15-12(6-4-3-5-9-19)10-13(11-14(15)20)18-8-7-17-16(18)21/h10-11,19-20H,2-3,5,7-9H2,1H3,(H,17,21)",C16H20N2O4,304.14230712,1.4445,4.52,6.41,20.2,-140.0,2.9232315457723654,1,HIGHDIVERSITY_CONCAT,HsDHODH_HighDiv,4,3,82.03,5,16,4,2,0.7272727272727273,0.18181818181818182,0.09090909090909091,0.4375,0.0,22,2,1,1,1,1,0,0,0
O=C1NCCN1C1=CC(O)=CC(C#CCCCF)=C1,28/000000063,"InChI=1S/C14H15FN2O2/c15-5-3-1-2-4-11-8-12(10-13(18)9-11)17-7-6-16-14(17)19/h8-10,18H,1,3,5-7H2,(H,16,19)",C14H15N2O2F,262.11175594,2.023,4.52,1.48,19.3,-120.0,2.9961002255757982,1,HIGHDIVERSITY_CONCAT,HsDHODH_HighDiv,2,2,52.57000000000001,3,14,2,2,0.7368421052631579,0.10526315789473684,0.10526315789473684,0.35714285714285715,0.0,19,2,1,1,1,1,0,0,0
C=CC1=C(O)C=C(C2=CC(C(N)=O)=NO2)C=C1Br,10/000000007,"InChI=1S/C12H9BrN2O3/c1-2-7-8(13)3-6(4-10(7)16)11-5-9(12(14)17)15-18-11/h2-5,16H,1H2,(H2,14,17)",C12H9N2O3Br,307.97965424800003,2.5516000000000005,4.52,3.72,3.58,-180.0,2.865299570418916,1,HIGHDIVERSITY_CONCAT,HsDHODH_HighDiv,4,2,89.35000000000001,3,12,3,2,0.6666666666666666,0.16666666666666666,0.1111111111111111,0.0,0.0,18,2,0,2,1,0,1,0,0
NCC1=C(Br)C(N=O)=CC(C(=O)CO)=C1,12/000000372,"InChI=1S/C9H9BrN2O3/c10-9-6(3-11)1-5(8(14)4-13)2-7(9)12-15/h1-2,13H,3-4,11H2/p+1",C9H10N2O3Br,271.97965424800003,1.4807,4.52,3.18,2.48,0.0,3.8272458111116094,1,HIGHDIVERSITY_CONCAT,HsDHODH_HighDiv,5,2,92.75,4,9,3,2,0.6,0.2,0.13333333333333333,0.2222222222222222,0.0,15,1,0,1,0,0,0,0,0
C=CCNCNCC1=C(Br)C(N=O)=CC(C(=O)C/C=C\C)=C1,12/000000420,"InChI=1S/C16H20BrN3O2/c1-3-5-6-15(21)12-8-13(10-19-11-18-7-4-2)16(17)14(9-12)20-22/h3-5,8-9,18-19H,2,6-7,10-11H2,1H3/b5-3-",C16H20N3O2Br,365.07388897999994,3.8186000000000027,4.52,3.91,5.09,-80.0,3.610064845206934,1,HIGHDIVERSITY_CONCAT,HsDHODH_HighDiv,5,2,70.56,10,16,2,3,0.7272727272727273,0.09090909090909091,0.13636363636363635,0.3125,0.0,22,1,0,1,0,0,0,0,0
NCC1=C(Br)C(N=O)=CC(C(=O)[C@H]2CNC=N2)=C1,12/000000210,"InChI=1S/C11H11BrN4O2/c12-10-7(3-13)1-6(2-8(10)16-18)11(17)9-4-14-5-15-9/h1-2,5,9H,3-4,13H2,(H,14,15)/p+1/t9-/m1/s1",C11H12N4O2Br,310.00653769200005,1.4885,4.52,4.36,2.48,-150.0,4.879050496911273,1,HIGHDIVERSITY_CONCAT,HsDHODH_HighDiv,6,2,96.91,4,11,2,4,0.6111111111111112,0.1111111111111111,0.2222222222222222,0.2727272727272727,0.09090909090909091,18,2,1,1,1,1,0,0,0
O=NCCCC1=CC(C2=CC(O)=C(F)C=C2N=O)=CN1,6/000000157,"InChI=1S/C13H12FN3O3/c14-11-6-12(17-20)10(5-13(11)18)8-4-9(15-7-8)2-1-3-16-19/h4-7,15,18H,1-3H2",C13H12N3O3F,277.086269464,3.623300000000002,4.52,3.58,22.7,-140.0,3.503602608578251,1,HIGHDIVERSITY_CONCAT,HsDHODH_HighDiv,5,2,94.88,6,13,3,3,0.65,0.15,0.15,0.23076923076923078,0.0,20,2,0,2,1,0,1,0,0
N[C@@H](O)COCCCC1=CC(C(=O)N=O)=CC(N=O)=C1Br,12/000000024,"InChI=1S/C12H14BrN3O5/c13-11-7(2-1-3-21-6-10(14)17)4-8(12(18)16-20)5-9(11)15-19/h4-5,10,17H,1-3,6,14H2/t10-/m0/s1",C12H14N3O5Br,359.011682648,1.9798999999999998,4.51,6.14,22.1,-180.0,3.8357661245499095,1,HIGHDIVERSITY_CONCAT,HsDHODH_HighDiv,7,2,131.41000000000003,8,12,5,3,0.5714285714285714,0.23809523809523808,0.14285714285714285,0.4166666666666667,0.08333333333333333,21,1,0,1,0,0,0,0,0
NOC1=C(Br)C(Br)=CC(C(=O)O)=C1,12/000000014,"InChI=1S/C7H5Br2NO3/c8-4-1-3(7(11)12)2-5(13-10)6(4)9/h1-2H,10H2,(H,11,12)",C7H5NO3Br2,308.86361722,2.1623,4.51,4.67,12.4,0.0,2.663423912904753,1,HIGHDIVERSITY_CONCAT,HsDHODH_HighDiv,3,2,72.55,2,7,3,1,0.5384615384615384,0.23076923076923078,0.07692307692307693,0.0,0.0,13,1,0,1,0,0,0,0,0
O=NC1=CC(F)=C(O)C=C1C1=CNC(CCl)=C1,6/000000089,"InChI=1S/C11H8ClFN2O2/c12-4-7-1-6(5-14-7)8-2-11(16)9(13)3-10(8)15-17/h1-3,5,14,16H,4H2",C11H8N2O2FCl,254.025833396,3.663100000000001,4.51,3.16,19.0,-140.0,3.3469196096637965,1,HIGHDIVERSITY_CONCAT,HsDHODH_HighDiv,3,2,65.44999999999999,3,11,2,2,0.6470588235294118,0.11764705882352941,0.11764705882352941,0.09090909090909091,0.0,17,2,0,2,1,0,1,0,0
O=C(O)CC1=NNC(C2=NC=C(CCl)C=C2I)=N1,4/000000025,"InChI=1S/C10H8ClIN4O2/c11-3-5-1-6(12)9(13-4-5)10-14-7(15-16-10)2-8(17)18/h1,4H,2-3H2,(H,17,18)(H,14,15,16)",C10H8N4O2ClI,377.938051176,1.8372,4.51,6.98,19.7,-120.0,3.168707118299606,1,HIGHDIVERSITY_CONCAT,HsDHODH_HighDiv,4,2,91.75999999999999,4,10,2,4,0.5555555555555556,0.1111111111111111,0.2222222222222222,0.2,0.0,18,2,0,2,2,0,2,0,0
NCC1=C(C2=CC(O)=C(F)C=C2N=O)C=C(C(N)=S)N1,6/000000144,"InChI=1S/C12H11FN4O2S/c13-7-3-8(17-19)6(2-11(7)18)5-1-9(12(15)20)16-10(5)4-14/h1-3,16,18H,4,14H2,(H2,15,20)",C12H11N4O2SF,294.05867481200005,2.0172,4.51,3.8,24.4,-140.0,3.5987260518016946,1,HIGHDIVERSITY_CONCAT,HsDHODH_HighDiv,5,4,117.49000000000001,4,12,2,4,0.6,0.1,0.2,0.08333333333333333,0.0,20,2,0,2,1,0,1,0,0
NC/C(=C\CCl)C(=O)C1=CC(N=O)=C(Br)C=C1O,12/000001061,"InChI=1S/C11H10BrClN2O3/c12-8-4-10(16)7(3-9(8)15-18)11(17)6(5-14)1-2-13/h1,3-4,16H,2,5,14H2/b6-1+",C11H10N2O3ClBr,331.95633195999994,2.8592000000000017,4.51,4.18,2.35,-20.0,3.627461579838069,1,HIGHDIVERSITY_CONCAT,HsDHODH_HighDiv,5,2,92.75000000000001,5,11,3,2,0.6111111111111112,0.16666666666666666,0.1111111111111111,0.18181818181818182,0.0,18,1,0,1,0,0,0,0,0
CCNC(=O)C1=CC(C(=O)O)=CC(ON)=C1Br,12/000001155,"InChI=1S/C10H11BrN2O4/c1-2-13-9(14)6-3-5(10(15)16)4-7(17-12)8(6)11/h3-4H,2,12H2,1H3,(H,13,14)(H,15,16)",C10H11N2O4Br,301.990218932,1.1495000000000002,4.51,6.31,5.09,-20.0,2.568900427994402,1,HIGHDIVERSITY_CONCAT,HsDHODH_HighDiv,4,3,101.65,4,10,4,2,0.5882352941176471,0.23529411764705882,0.11764705882352941,0.2,0.0,17,1,0,1,0,0,0,0,0
NOC[C@H](N)/C=C/C1=CC=CC(CF)=C1C(N)=S,18/000000002,"InChI=1S/C12H16FN3OS/c13-6-9-3-1-2-8(11(9)12(15)18)4-5-10(14)7-17-16/h1-5,10H,6-7,14,16H2,(H2,15,18)/b5-4+/t10-/m1/s1",C12H16N3OSF,269.099811352,1.0211000000000003,4.51,6.97,18.8,-150.0,3.867370302248792,1,HIGHDIVERSITY_CONCAT,HsDHODH_HighDiv,4,3,87.28999999999999,6,12,1,3,0.6666666666666666,0.05555555555555555,0.16666666666666666,0.25,0.08333333333333333,18,1,0,1,0,0,0,0,0
O=C(O)C1=CC(C/C=C/CS)=C([N+](=O)[O-])O1,3/000000210,"InChI=1S/C9H9NO5S/c11-9(12)7-5-6(3-1-2-4-16)8(15-7)10(13)14/h1-2,5,16H,3-4H2,(H,11,12)/b2-1+",C9H9NO5S,243.020143388,1.9144999999999999,4.51,3.54,2.48,0.0,3.587578171233842,1,HIGHDIVERSITY_CONCAT,HsDHODH_HighDiv,5,2,93.58,5,9,5,1,0.5625,0.3125,0.0625,0.2222222222222222,0.0,16,1,0,1,1,0,1,0,0
NC/C(=C/C1=CN=C(S)N1)CCCC1=CC(C(=O)O)=CC(O)=C1,3/000000219,"InChI=1S/C16H19N3O3S/c17-8-11(5-13-9-18-16(23)19-13)3-1-2-10-4-12(15(21)22)7-14(20)6-10/h4-7,9,20H,1-3,8,17H2,(H,21,22)(H2,18,19,23)/b11-5+",C16H19N3O3S,333.114712468,2.4672,4.51,2.69,4.94,0.0,3.3556938595122965,1,HIGHDIVERSITY_CONCAT,HsDHODH_HighDiv,5,5,112.23,7,16,3,3,0.6956521739130435,0.13043478260869565,0.13043478260869565,0.25,0.0,23,2,0,2,1,0,1,0,0
CCCC[C@H](N)/C=C\C(=O)C1=C(Br)C=C(S)C(S)=C1,29/000000076,"InChI=1S/C14H18BrNOS2/c1-2-3-4-9(16)5-6-12(17)10-7-13(18)14(19)8-11(10)15/h5-9,18-19H,2-4,16H2,1H3/b6-5-/t9-/m0/s1",C14H18NOS2Br,359.00131829599997,4.282900000000003,4.5,3.67,3.58,-170.0,3.81722260267917,1,HIGHDIVERSITY_CONCAT,HsDHODH_HighDiv,4,3,43.09,6,14,1,1,0.7368421052631579,0.05263157894736842,0.05263157894736842,0.35714285714285715,0.07142857142857142,19,1,0,1,0,0,0,0,0
C/C=C(\C1=CC=C2C=NSC2=C1)C1=NN=C(C(=O)O)N1,8/000000036,"InChI=1S/C13H10N4O2S/c1-2-9(11-15-12(13(18)19)17-16-11)7-3-4-8-6-14-20-10(8)5-7/h2-6H,1H3,(H,18,19)(H,15,16,17)/b9-2+",C13H10N4O2S,286.05244656,2.5642000000000005,4.5,0.31,3.58,-60.0,3.58154413547241,1,HIGHDIVERSITY_CONCAT,HsDHODH_HighDiv,5,2,91.75999999999999,3,13,2,4,0.65,0.1,0.2,0.07692307692307693,0.0,20,3,0,3,2,0,2,0,0
CNC(=O)N[C@H](Cl)C(=O)C1=CC(N=O)=C(Br)C=C1N=O,12/000000940,"InChI=1S/C10H8BrClN4O4/c1-13-10(18)14-9(12)8(17)4-2-7(16-20)5(11)3-6(4)15-19/h2-3,9H,1H3,(H2,13,14,18)/t9-/m0/s1",C10H8N4O4ClBr,361.94174451599997,2.921500000000001,4.5,3.36,2.48,-190.0,4.142754425091638,1,HIGHDIVERSITY_CONCAT,HsDHODH_HighDiv,6,2,117.06,5,10,4,4,0.5,0.2,0.2,0.2,0.1,20,1,0,1,0,0,0,0,0
NCCO[C@H](Cl)CC1=C(Br)C(CO)=CC(C(=O)N=O)=C1,12/000000367,"InChI=1S/C12H14BrClN2O4/c13-11-7(5-10(14)20-2-1-15)3-8(12(18)16-19)4-9(11)6-17/h3-4,10,17H,1-2,5-6,15H2/t10-/m0/s1",C12H14N2O4ClBr,363.982546708,1.9306999999999999,4.5,5.91,19.6,-150.0,3.818262456054387,1,HIGHDIVERSITY_CONCAT,HsDHODH_HighDiv,5,2,101.98000000000002,7,12,4,2,0.6,0.2,0.1,0.4166666666666667,0.08333333333333333,20,1,0,1,0,0,0,0,0
O=C1NCCN1C1=CC(CCCCSCF)=CC(O)=C1,28/000000407,"InChI=1S/C14H19FN2O2S/c15-10-20-6-2-1-3-11-7-12(9-13(18)8-11)17-5-4-16-14(17)19/h7-9,18H,1-6,10H2,(H,16,19)",C14H19N2O2SF,298.115127068,2.904700000000002,4.5,1.93,19.0,-140.0,2.881834823731518,1,HIGHDIVERSITY_CONCAT,HsDHODH_HighDiv,3,2,52.57000000000001,7,14,2,2,0.7,0.1,0.1,0.5,0.0,20,2,1,1,1,1,0,0,0
O=C1NCCN1C1=CC(O)=CC(C#CCCCCCO)=C1,28/000000268,"InChI=1S/C16H20N2O3/c19-9-5-3-1-2-4-6-13-10-14(12-15(20)11-13)18-8-7-17-16(18)21/h10-12,19-20H,1-3,5,7-9H2,(H,17,21)",C16H20N2O3,288.1473925,1.826,4.5,1.5,19.0,-120.0,2.764079774278322,1,HIGHDIVERSITY_CONCAT,HsDHODH_HighDiv,3,3,72.80000000000001,5,16,3,2,0.7619047619047619,0.14285714285714285,0.09523809523809523,0.4375,0.0,21,2,1,1,1,1,0,0,0
CC(=O)NC1=C(Br)C(N=O)=CC(C(=O)[C@@H]2NCCO2)=C1,12/000000146,"InChI=1S/C12H12BrN3O4/c1-6(17)15-8-4-7(5-9(16-19)10(8)13)11(18)12-14-2-3-20-12/h4-5,12,14H,2-3H2,1H3,(H,15,17)/t12-/m1/s1",C12H12N3O4Br,341.001117964,1.934,4.5,3.62,3.72,-190.0,3.832800125052056,1,HIGHDIVERSITY_CONCAT,HsDHODH_HighDiv,6,2,96.86,4,12,4,3,0.6,0.2,0.15,0.3333333333333333,0.08333333333333333,20,2,1,1,1,1,0,0,0
C=C(C(=O)CC1=NNC=C1)C1=CC(N2CCNC2=O)=CC(O)=C1,28/000000501,"InChI=1S/C16H16N4O3/c1-10(15(22)8-12-2-3-18-19-12)11-6-13(9-14(21)7-11)20-5-4-17-16(20)23/h2-3,6-7,9,21H,1,4-5,8H2,(H,17,23)(H,18,19)",C16H16N4O3,312.12224037199996,1.4699,4.5,4.49,24.0,-120.0,3.442956814393953,1,HIGHDIVERSITY_CONCAT,HsDHODH_HighDiv,4,3,98.32000000000001,5,16,3,4,0.6956521739130435,0.13043478260869565,0.17391304347826086,0.1875,0.0,23,3,1,2,2,1,1,0,0
C[C@H](O)CCNCCC1=CC(C(=O)CCl)=CC(N=O)=C1Br,12/000000901,"InChI=1S/C14H18BrClN2O3/c1-9(19)2-4-17-5-3-10-6-11(13(20)8-16)7-12(18-21)14(10)15/h6-7,9,17,19H,2-5,8H2,1H3/t9-/m0/s1",C14H18N2O3ClBr,376.018932216,3.1715000000000018,4.49,5.45,3.58,-200.0,3.5093053958049696,1,HIGHDIVERSITY_CONCAT,HsDHODH_HighDiv,5,2,78.75999999999999,9,14,3,2,0.6666666666666666,0.14285714285714285,0.09523809523809523,0.5,0.07142857142857142,21,1,0,1,0,0,0,0,0
O=C1NN=C([C@@H](C#CC2=CC(O)=CC=C2)CO)N1,23/000000016,"InChI=1S/C12H11N3O3/c16-7-9(11-13-12(18)15-14-11)5-4-8-2-1-3-10(17)6-8/h1-3,6,9,16-17H,7H2,(H2,13,14,15,18)/t9-/m0/s1",C12H11N3O3,245.080041212,-0.0688000000000003,4.49,3.96,18.7,-150.0,3.6877556009836727,1,HIGHDIVERSITY_CONCAT,HsDHODH_HighDiv,4,4,102.0,2,12,3,3,0.6666666666666666,0.16666666666666666,0.16666666666666666,0.16666666666666666,0.08333333333333333,18,2,0,2,1,0,1,0,0
O=C1C=C([C@@H](/C=C/C2=CC=C([N+](=O)[O-])C(Cl)=C2O)CO)C(=O)N1,30/000000024,"InChI=1S/C14H11ClN2O6/c15-12-10(17(22)23)4-3-7(13(12)20)1-2-8(6-18)9-5-11(19)16-14(9)21/h1-5,8,18,20H,6H2,(H,16,19,21)/b2-1+/t8-/m0/s1",C14H11N2O6Cl,338.030563752,1.1582999999999999,4.49,4.85,5.35,-150.0,3.8650991714366167,1,HIGHDIVERSITY_CONCAT,HsDHODH_HighDiv,6,3,129.77,5,14,6,2,0.6086956521739131,0.2608695652173913,0.08695652173913043,0.14285714285714285,0.07142857142857142,23,2,1,1,1,1,0,0,0
O=C(O)C/C=C/C1=CC2=C(NC=C2)C(S)=C1O,20/000000048,"InChI=1S/C12H11NO3S/c14-9(15)3-1-2-8-6-7-4-5-13-10(7)12(17)11(8)16/h1-2,4-6,13,16-17H,3H2,(H,14,15)/b2-1+",C12H11NO3S,249.045964212,2.650100000000001,4.49,5.06,16.9,-40.0,3.2717703461613414,1,HIGHDIVERSITY_CONCAT,HsDHODH_HighDiv,3,4,73.32,3,12,3,1,0.7058823529411765,0.17647058823529413,0.058823529411764705,0.08333333333333333,0.0,17,2,0,2,1,0,1,0,0
NC(=O)[C@H](/C=C/C1=C(F)C=CC=C1Br)S(=O)(=O)O,20/000000007,"InChI=1S/C10H9BrFNO4S/c11-7-2-1-3-8(12)6(7)4-5-9(10(13)14)18(15,16)17/h1-5,9H,(H2,13,14)(H,15,16,17)/b5-4+/t9-/m0/s1",C10H9NO4SFBr,336.94196908799995,1.3431000000000002,4.49,6.99,2.22,-150.0,3.4578808537034176,1,HIGHDIVERSITY_CONCAT,HsDHODH_HighDiv,3,2,97.46000000000001,4,10,4,1,0.5555555555555556,0.2222222222222222,0.05555555555555555,0.1,0.1,18,1,0,1,0,0,0,0,0
CCC#C/C=C/C1=CC(N2CCNC2=O)=CC(O)=C1,28/000000178,"InChI=1S/C15H16N2O2/c1-2-3-4-5-6-12-9-13(11-14(18)10-12)17-8-7-16-15(17)19/h5-6,9-11,18H,2,7-8H2,1H3,(H,16,19)/b6-5+",C15H16N2O2,256.121177752,2.3484,4.49,0.56,18.2,-140.0,3.072538687114262,1,HIGHDIVERSITY_CONCAT,HsDHODH_HighDiv,2,2,52.57000000000001,2,15,2,2,0.7894736842105263,0.10526315789473684,0.10526315789473684,0.26666666666666666,0.0,19,2,1,1,1,1,0,0,0
C=C[C@@H](/C=C/CC1=CC=C(I)C(CN)=C1)NN,5/000000028,"InChI=1S/C13H18IN3/c1-2-12(17-16)5-3-4-10-6-7-13(14)11(8-10)9-15/h2-3,5-8,12,17H,1,4,9,15-16H2/b5-3+/t12-/m0/s1",C13H18N3I,343.05454557600007,1.8665,4.49,1.07,3.85,-190.0,3.972509750959587,1,HIGHDIVERSITY_CONCAT,HsDHODH_HighDiv,3,3,64.07,6,13,0,3,0.7647058823529411,0.0,0.17647058823529413,0.23076923076923078,0.07692307692307693,17,1,0,1,0,0,0,0,0
O=C1NCCN1C1=CC(O)=CC(C#CCCC2=NC=CNC2)=C1,28/000000208,"InChI=1S/C17H18N4O2/c22-16-10-13(3-1-2-4-14-12-18-5-6-19-14)9-15(11-16)21-8-7-20-17(21)23/h5-6,9-11,18,22H,2,4,7-8,12H2,(H,20,23)",C17H18N4O2,310.142975816,1.5689,4.49,2.68,24.2,-120.0,3.573244480206899,1,HIGHDIVERSITY_CONCAT,HsDHODH_HighDiv,4,3,76.96000000000001,3,17,2,4,0.7391304347826086,0.08695652173913043,0.17391304347826086,0.29411764705882354,0.0,23,3,2,1,2,2,0,0,0
O=C1NCCN1C1=CC(O)=CC(C#CCCNCCS)=C1,28/000000439,"InChI=1S/C15H19N3O2S/c19-14-10-12(3-1-2-4-16-6-8-21)9-13(11-14)18-7-5-17-15(18)20/h9-11,16,19,21H,2,4-8H2,(H,17,20)",C15H19N3O2S,305.119797848,1.1828,4.49,1.43,21.1,-120.0,3.0916636204321692,1,HIGHDIVERSITY_CONCAT,HsDHODH_HighDiv,4,4,64.60000000000001,5,15,2,3,0.7142857142857143,0.09523809523809523,0.14285714285714285,0.4,0.0,21,2,1,1,1,1,0,0,0
C=C[C@@H](/C=C/CC1=C(CN)N=C(C(=O)O)O1)C1=NN=CS1,3/000000105,"InChI=1S/C13H14N4O3S/c1-2-8(12-17-15-7-21-12)4-3-5-10-9(6-14)16-11(20-10)13(18)19/h2-4,7-8H,1,5-6,14H2,(H,18,19)/b4-3+/t8-/m0/s1",C13H14N4O3S,306.078661308,1.7515,4.48,6.4,5.21,-150.0,4.468353210256353,1,HIGHDIVERSITY_CONCAT,HsDHODH_HighDiv,7,2,115.13,7,13,3,4,0.6190476190476191,0.14285714285714285,0.19047619047619047,0.23076923076923078,0.07692307692307693,21,2,0,2,2,0,2,0,0
C=CC(=C)COC1=C(Br)C(ON)=CC(C(=O)O)=C1,12/000001392,"InChI=1S/C12H12BrNO4/c1-3-7(2)6-17-9-4-8(12(15)16)5-10(18-14)11(9)13/h3-5H,1-2,6,14H2,(H,15,16)",C12H12NO4Br,312.99496996399995,2.5207999999999995,4.48,3.73,16.9,0.0,3.045253887530377,1,HIGHDIVERSITY_CONCAT,HsDHODH_HighDiv,4,2,81.78,6,12,4,1,0.6666666666666666,0.2222222222222222,0.05555555555555555,0.08333333333333333,0.0,18,1,0,1,0,0,0,0,0
CC(=O)C1=NOCN1C1=CC=C(SCS(=O)(=O)O)C=C1O,14/000000003,"InChI=1S/C11H12N2O6S2/c1-7(14)11-12-19-5-13(11)9-3-2-8(4-10(9)15)20-6-21(16,17)18/h2-4,15H,5-6H2,1H3,(H,16,17,18)",C11H12N2O6S2,332.01367810399995,1.0262,4.48,7.91,24.0,-140.0,3.589974794521239,1,HIGHDIVERSITY_CONCAT,HsDHODH_HighDiv,8,2,116.5,5,11,6,2,0.5238095238095238,0.2857142857142857,0.09523809523809523,0.2727272727272727,0.0,21,2,1,1,1,1,0,0,0
CSCC1=C(Cl)C(O)=CC(N2CCNC2=O)=C1,28/000000171,"InChI=1S/C11H13ClN2O2S/c1-17-6-7-4-8(5-9(15)10(7)12)14-3-2-13-11(14)16/h4-5,15H,2-3,6H2,1H3,(H,13,16)",C11H13N2O2SCl,272.038626336,2.4382,4.48,3.28,16.2,-140.0,2.873451851889657,1,HIGHDIVERSITY_CONCAT,HsDHODH_HighDiv,3,2,52.57,3,11,2,2,0.6470588235294118,0.11764705882352941,0.11764705882352941,0.36363636363636365,0.0,17,2,1,1,1,1,0,0,0
NOC1=CC(C(=O)O)=CC(CCN[SH](=O)=O)=C1Br,12/000000697,"InChI=1S/C9H11BrN2O5S/c10-8-5(1-2-12-18(15)16)3-6(9(13)14)4-7(8)17-11/h3-4,18H,1-2,11H2,(H,13,14)(H,12,15,16)",C9H11N2O5SBr,337.95720455200006,0.058300000000000574,4.48,8.44,2.48,0.0,3.5251240798380685,1,HIGHDIVERSITY_CONCAT,HsDHODH_HighDiv,5,4,118.72,6,9,5,2,0.5,0.2777777777777778,0.1111111111111111,0.2222222222222222,0.0,18,1,0,1,0,0,0,0,0
CCCCC1=C(Br)C(ON)=CC(C(=O)O)=C1,12/000001137,"InChI=1S/C11H14BrNO3/c1-2-3-4-7-5-8(11(14)15)6-9(16-13)10(7)12/h5-6H,2-4,13H2,1H3,(H,14,15)",C11H14NO3Br,287.015705408,2.742400000000001,4.48,6.58,2.48,-20.0,2.534713412736526,1,HIGHDIVERSITY_CONCAT,HsDHODH_HighDiv,3,2,72.55,5,11,3,1,0.6875,0.1875,0.0625,0.36363636363636365,0.0,16,1,0,1,0,0,0,0,0
N=C1NC(CCC2=CC(NC3=CC(F)=CC(S)=C3Br)=CN=C2)=CS1,16/000000007,"InChI=1S/C16H14BrFN4S2/c17-15-13(4-10(18)5-14(15)23)21-12-3-9(6-20-7-12)1-2-11-8-24-16(19)22-11/h3-8,21,23H,1-2H2,(H2,19,22)",C16H14N4S2FBr,423.98272876799996,4.669770000000002,4.48,5.74,24.5,-21.0,3.5114045234470312,1,HIGHDIVERSITY_CONCAT,HsDHODH_HighDiv,5,4,64.56,5,16,0,4,0.6666666666666666,0.0,0.16666666666666666,0.125,0.0,24,3,0,3,2,0,2,0,0
NCC[C@H](O)CC1=C(Br)C(O)=CC(C(=O)N=O)=C1,12/000000369,"InChI=1S/C11H13BrN2O4/c12-10-6(4-8(15)1-2-13)3-7(5-9(10)16)11(17)14-18/h3,5,8,15-16H,1-2,4,13H2/t8-/m0/s1",C11H13N2O4Br,316.005868996,1.3135,4.48,2.65,3.85,-150.0,3.495306958449735,1,HIGHDIVERSITY_CONCAT,HsDHODH_HighDiv,5,3,112.98000000000002,5,11,4,2,0.6111111111111112,0.2222222222222222,0.1111111111111111,0.36363636363636365,0.09090909090909091,18,1,0,1,0,0,0,0,0
O=C(O)CCCC#CC1=CC(N2CCNC2=O)=CC(O)=C1,28/000000118,"InChI=1S/C15H16N2O4/c18-13-9-11(4-2-1-3-5-14(19)20)8-12(10-13)17-7-6-16-15(17)21/h8-10,18H,1,3,5-7H2,(H,16,21)(H,19,20)",C15H16N2O4,288.111006992,1.5282,4.48,0.85,20.6,-120.0,2.746256136729432,1,HIGHDIVERSITY_CONCAT,HsDHODH_HighDiv,3,3,89.87,4,15,4,2,0.7142857142857143,0.19047619047619047,0.09523809523809523,0.3333333333333333,0.0,21,2,1,1,1,1,0,0,0
CN[C@@H](N)NC1=CC(C(=O)COC)=CC(O)=C1Br,12/000000159,"InChI=1S/C11H16BrN3O3/c1-14-11(13)15-7-3-6(9(17)5-18-2)4-8(16)10(7)12/h3-4,11,14-16H,5,13H2,1-2H3",C11H14N3O3Br,317.037503472,0.8573999999999997,4.48,3.66,16.6,-80.0,3.5524511892189654,1,HIGHDIVERSITY_CONCAT,HsDHODH_HighDiv,6,4,96.61000000000001,6,11,3,3,0.6111111111111112,0.16666666666666666,0.16666666666666666,0.36363636363636365,0.09090909090909091,18,1,0,1,0,0,0,0,0
NCC1=CC(OCC2=NC=C(C(N)=O)C=C2I)=C2OCC(=O)C2=C1,4/000000300,"InChI=1S/C16H14IN3O4/c17-11-3-9(16(19)22)5-20-12(11)6-23-14-2-8(4-18)1-10-13(21)7-24-15(10)14/h1-3,5H,4,6-7,18H2,(H2,19,22)",C16H14N3O4I,439.00290392799997,1.3979000000000001,4.48,8.44,3.7,-40.0,2.9628603585250364,1,HIGHDIVERSITY_CONCAT,HsDHODH_HighDiv,6,2,117.53,5,16,4,3,0.6666666666666666,0.16666666666666666,0.125,0.1875,0.0,24,3,1,2,2,1,1,0,0
O=C1NCCN1C1=CC(O)=CC(/C=C/C2=CSN=C2)=C1,28/000000293,"InChI=1S/C14H13N3O2S/c18-13-6-10(1-2-11-8-16-20-9-11)5-12(7-13)17-4-3-15-14(17)19/h1-2,5-9,18H,3-4H2,(H,15,19)/b2-1+",C14H13N3O2S,287.072847656,2.5487,4.48,0.59,21.7,-140.0,3.1684632754975386,1,HIGHDIVERSITY_CONCAT,HsDHODH_HighDiv,4,2,65.46000000000001,3,14,2,3,0.7,0.1,0.15,0.14285714285714285,0.0,20,3,1,2,2,1,1,0,0
C#CC/C=C(\CN)C(=O)C1=CC(N=O)=C(Br)C=C1O,12/000000558,"InChI=1S/C13H11BrN2O3/c1-2-3-4-8(7-15)13(18)9-5-11(16-19)10(14)6-12(9)17/h1,4-6,17H,3,7,15H2/b8-4+",C13H11N2O3Br,321.99530431200003,2.6437000000000004,4.47,3.86,2.35,-60.0,3.815869758004157,1,HIGHDIVERSITY_CONCAT,HsDHODH_HighDiv,5,2,92.75000000000001,5,13,3,2,0.6842105263157895,0.15789473684210525,0.10526315789473684,0.15384615384615385,0.0,19,1,0,1,0,0,0,0,0
NCC(=O)NC[C@H](O)CC1=C(Br)C(O)=CC(C(=O)N=O)=C1,12/000000263,"InChI=1S/C12H14BrN3O5/c13-11-6(2-8(17)5-15-10(19)4-14)1-7(3-9(11)18)12(20)16-21/h1,3,8,17-18H,2,4-5,14H2,(H,15,19)/t8-/m1/s1",C12H14N3O5Br,359.011682648,0.039600000000000024,4.47,4.37,5.21,-180.0,3.4359455924504303,1,HIGHDIVERSITY_CONCAT,HsDHODH_HighDiv,6,4,142.08,6,12,5,3,0.5714285714285714,0.23809523809523808,0.14285714285714285,0.3333333333333333,0.08333333333333333,21,1,0,1,0,0,0,0,0
NC(=O)/C=C/[C@H](/C=C/C1=C(F)C=CC=C1Br)S(=O)(=O)O,20/000000013,"InChI=1S/C12H11BrFNO4S/c13-10-2-1-3-11(14)9(10)6-4-8(20(17,18)19)5-7-12(15)16/h1-8H,(H2,15,16)(H,17,18,19)/b6-4+,7-5+/t8-/m0/s1",C12H11NO4SFBr,362.957619152,1.8993000000000002,4.47,6.18,3.58,-150.0,3.6711962248013625,1,HIGHDIVERSITY_CONCAT,HsDHODH_HighDiv,3,2,97.46000000000001,5,12,4,1,0.6,0.2,0.05,0.08333333333333333,0.08333333333333333,20,1,0,1,0,0,0,0,0
C#CC1=CC(C(=O)O)=CC(ON)=C1Br,12/000001142,"InChI=1S/C9H6BrNO3/c1-2-5-3-6(9(12)13)4-7(14-11)8(5)10/h1,3-4H,11H2,(H,12,13)",C9H6NO3Br,254.953105152,1.3811,4.47,4.59,14.7,0.0,3.0494805856921374,1,HIGHDIVERSITY_CONCAT,HsDHODH_HighDiv,3,2,72.55,2,9,3,1,0.6428571428571429,0.21428571428571427,0.07142857142857142,0.0,0.0,14,1,0,1,0,0,0,0,0
CC(=O)CC1=CC(C2=CC(O)=C(F)C=C2N=O)=C(C=S)N1,6/000000152,"InChI=1S/C14H11FN2O3S/c1-7(18)2-8-3-9(13(6-21)16-8)10-4-14(19)11(15)5-12(10)17-20/h3-6,16,19H,2H2,1H3",C14H11N2O3SF,306.047441432,3.4036000000000017,4.47,4.65,25.0,-200.0,3.706921353225692,1,HIGHDIVERSITY_CONCAT,HsDHODH_HighDiv,5,2,82.51999999999998,5,14,3,2,0.6666666666666666,0.14285714285714285,0.09523809523809523,0.14285714285714285,0.0,21,2,0,2,1,0,1,0,0
CNCCC#CC1=CC(N2CCNC2=O)=CC(O)=C1OCN,28/000000526,"InChI=1S/C15H20N4O3/c1-17-5-3-2-4-11-8-12(19-7-6-18-15(19)21)9-13(20)14(11)22-10-16/h8-9,17,20H,3,5-7,10,16H2,1H3,(H,18,21)",C15H20N4O3,304.1535405,0.17780000000000085,4.47,4.35,21.2,-140.0,3.2758394862190148,1,HIGHDIVERSITY_CONCAT,HsDHODH_HighDiv,5,4,99.85,5,15,3,4,0.6818181818181818,0.13636363636363635,0.18181818181818182,0.4,0.0,22,2,1,1,1,1,0,0,0
O=C(O)C1=CC(CCC/C=C\C2=CN=C(S)N2)=CC(O)=C1O,3/000000225,"InChI=1S/C15H16N2O4S/c18-12-7-9(6-11(13(12)19)14(20)21)4-2-1-3-5-10-8-16-15(22)17-10/h3,5-8,18-19H,1-2,4H2,(H,20,21)(H2,16,17,22)/b5-3-",C15H16N2O4S,320.08307799199997,2.8439000000000014,4.47,2.23,4.94,0.0,3.195749334488144,1,HIGHDIVERSITY_CONCAT,HsDHODH_HighDiv,5,5,106.44,6,15,4,2,0.6818181818181818,0.18181818181818182,0.09090909090909091,0.2,0.0,22,2,0,2,1,0,1,0,0
O=NCSCC1=CC(N2CCNC2=O)=CC(O)=C1Cl,28/000000489,"InChI=1S/C11H12ClN3O3S/c12-10-7(5-19-6-14-18)3-8(4-9(10)16)15-2-1-13-11(15)17/h3-4,16H,1-2,5-6H2,(H,13,17)",C11H12N3O3SCl,301.02878992399997,2.5323000000000007,4.47,4.41,20.4,-120.0,3.3665662149323543,1,HIGHDIVERSITY_CONCAT,HsDHODH_HighDiv,5,2,82.0,5,11,3,3,0.5789473684210527,0.15789473684210525,0.15789473684210525,0.36363636363636365,0.0,19,2,1,1,1,1,0,0,0
CC1=CC(CO)=CC=C1C1=CC(=O)C=C(CN)C1=O,10/000000152,"InChI=1S/C15H15NO3/c1-9-4-10(8-17)2-3-13(9)14-6-12(18)5-11(7-16)15(14)19/h2-6,17H,7-8,16H2,1H3",C15H15NO3,257.10519334,0.9076200000000001,4.47,3.3,2.22,-180.0,2.7739261624594285,1,HIGHDIVERSITY_CONCAT,HsDHODH_HighDiv,4,2,80.38999999999999,3,15,3,1,0.7894736842105263,0.15789473684210525,0.05263157894736842,0.2,0.0,19,2,1,1,0,0,0,0,0
CSCN(C)CCC#CC1=CC(N2CCNC2=O)=CC(O)=C1,28/000000481,"InChI=1S/C16H21N3O2S/c1-18(12-22-2)7-4-3-5-13-9-14(11-15(20)10-13)19-8-6-17-16(19)21/h9-11,20H,4,6-8,12H2,1-2H3,(H,17,21)",C16H21N3O2S,319.13544791199996,1.9157,4.47,3.59,21.7,-200.0,3.275897550735144,1,HIGHDIVERSITY_CONCAT,HsDHODH_HighDiv,4,2,55.81,5,16,2,3,0.7272727272727273,0.09090909090909091,0.13636363636363635,0.4375,0.0,22,2,1,1,1,1,0,0,0
C=C/C=C(\CN)C(=O)C1=CC(N=O)=C(Br)C=C1O,12/000000999,"InChI=1S/C12H11BrN2O3/c1-2-3-7(6-14)12(17)8-4-10(15-18)9(13)5-11(8)16/h2-5,16H,1,6,14H2/b7-3+",C12H11N2O3Br,309.99530431200003,2.8064000000000013,4.46,4.12,2.35,-20.0,3.6250615798380688,1,HIGHDIVERSITY_CONCAT,HsDHODH_HighDiv,5,2,92.75000000000001,5,12,3,2,0.6666666666666666,0.16666666666666666,0.1111111111111111,0.08333333333333333,0.0,18,1,0,1,0,0,0,0,0
O=NC1=C(Br)C=CC(C(=O)[C@H](Cl)NCO)=C1,12/000000107,"InChI=1S/C9H8BrClN2O3/c10-6-2-1-5(3-7(6)13-16)8(15)9(11)12-4-14/h1-3,9,12,14H,4H2/t9-/m1/s1",C9H8N2O3ClBr,305.940681896,2.1339999999999995,4.46,3.18,3.85,-190.0,3.8114637108472977,1,HIGHDIVERSITY_CONCAT,HsDHODH_HighDiv,5,2,78.76,5,9,3,2,0.5625,0.1875,0.125,0.2222222222222222,0.1111111111111111,16,1,0,1,0,0,0,0,0
C=CCNCC(=C)C(=O)C1=CC(N=O)=C(Br)C=C1O,12/000001008,"InChI=1S/C13H13BrN2O3/c1-3-4-15-7-8(2)13(18)9-5-11(16-19)10(14)6-12(9)17/h3,5-6,15,17H,1-2,4,7H2/p+1",C13H14N2O3Br,324.01095437600003,3.067100000000002,4.46,2.31,2.35,-40.0,4.307872472936282,1,HIGHDIVERSITY_CONCAT,HsDHODH_HighDiv,5,2,78.76,7,13,3,2,0.6842105263157895,0.15789473684210525,0.10526315789473684,0.15384615384615385,0.0,19,1,0,1,0,0,0,0,0
NOCC1=CC(C(N)=O)=CC(N=O)=C1Br,12/000000962,"InChI=1S/C8H8BrN3O3/c9-7-5(3-15-11)1-4(8(10)13)2-6(7)12-14/h1-2H,3,11H2,(H2,10,13)",C8H7N3O3Br,272.97490321600003,1.3362,4.46,4.91,15.7,0.0,3.2418511957269933,1,HIGHDIVERSITY_CONCAT,HsDHODH_HighDiv,5,2,107.77000000000001,4,8,3,3,0.5333333333333333,0.2,0.2,0.125,0.0,15,1,0,1,0,0,0,0,0
CC(=O)CCCC#CCC1=CC(C(=O)O)=CC(ON)=C1Br,12/000001192,"InChI=1S/C15H16BrNO4/c1-10(18)6-4-2-3-5-7-11-8-12(15(19)20)9-13(21-17)14(11)16/h8-9H,2,4,6-7,17H2,1H3,(H,19,20)",C15H16NO4Br,353.026270092,2.705,4.46,7.67,3.84,-50.0,3.08062337751719,1,HIGHDIVERSITY_CONCAT,HsDHODH_HighDiv,4,2,89.62,6,15,4,1,0.7142857142857143,0.19047619047619047,0.047619047619047616,0.3333333333333333,0.0,21,1,0,1,0,0,0,0,0
CC(=O)OCCCCCC1=CC(O)=CC(N2CCNC2=O)=C1,28/000000404,"InChI=1S/C16H22N2O4/c1-12(19)22-8-4-2-3-5-13-9-14(11-15(20)10-13)18-7-6-17-16(18)21/h9-11,20H,2-8H2,1H3,(H,17,21)",C16H22N2O4,306.157957184,2.1977,4.46,2.61,18.4,-140.0,2.4345896102884943,1,HIGHDIVERSITY_CONCAT,HsDHODH_HighDiv,4,2,78.87,7,16,4,2,0.7272727272727273,0.18181818181818182,0.09090909090909091,0.5,0.0,22,2,1,1,1,1,0,0,0
O=C1NCCN1C1=CC(CSCBr)=C(Cl)C(O)=C1,28/000000482,"InChI=1S/C11H12BrClN2O2S/c12-6-18-5-7-3-8(4-9(16)10(7)13)15-2-1-14-11(15)17/h3-4,16H,1-2,5-6H2,(H,14,17)",C11H12N2O2SClBr,349.949138404,3.160800000000002,4.46,5.23,17.9,-120.0,3.2364341952226834,1,HIGHDIVERSITY_CONCAT,HsDHODH_HighDiv,3,2,52.57000000000001,4,11,2,2,0.6111111111111112,0.1111111111111111,0.1111111111111111,0.36363636363636365,0.0,18,2,1,1,1,1,0,0,0
O=C(O)CC1=NNC(C2=NC=C(CO)C=C2I)=N1,4/000000105,"InChI=1S/C10H9IN4O3/c11-6-1-5(4-16)3-12-9(6)10-13-7(14-15-10)2-8(17)18/h1,3,16H,2,4H2,(H,17,18)(H,13,14,15)",C10H9N4O3I,359.97193814800005,0.5906999999999998,4.46,7.3,19.2,-120.0,3.09374404137653,1,HIGHDIVERSITY_CONCAT,HsDHODH_HighDiv,5,3,111.99,4,10,3,4,0.5555555555555556,0.16666666666666666,0.2222222222222222,0.2,0.0,18,2,0,2,2,0,2,0,0
CCC1=NN=C([C@H](S)/C=C/C2=NC(CCl)=NN2C(=O)CO)N1,8/000000027,"InChI=1S/C12H15ClN6O2S/c1-2-8-15-12(17-16-8)7(22)3-4-10-14-9(5-13)18-19(10)11(21)6-20/h3-4,7,20,22H,2,5-6H2,1H3,(H,15,16,17)/b4-3+/t7-/m1/s1",C12H15N6O2SCl,342.0665724,1.0141999999999995,4.46,2.8,4.94,-170.0,4.6442188619018285,1,HIGHDIVERSITY_CONCAT,HsDHODH_HighDiv,8,3,109.58000000000001,6,12,2,6,0.5454545454545454,0.09090909090909091,0.2727272727272727,0.4166666666666667,0.08333333333333333,22,2,0,2,2,0,2,0,0
CCC#CC1=C(CO)C(O)=CC(N2CCNC2=O)=C1,28/000000447,"InChI=1S/C14H16N2O3/c1-2-3-4-10-7-11(8-13(18)12(10)9-17)16-6-5-15-14(16)19/h7-8,17-18H,2,5-6,9H2,1H3,(H,15,19)",C14H16N2O3,260.116092372,1.1756,4.46,2.21,17.8,-140.0,3.054155184453399,1,HIGHDIVERSITY_CONCAT,HsDHODH_HighDiv,3,3,72.80000000000001,2,14,3,2,0.7368421052631579,0.15789473684210525,0.10526315789473684,0.35714285714285715,0.0,19,2,1,1,1,1,0,0,0
NOC1=C(Br)C(CBr)=CC(C(=O)O)=C1,12/000001098,"InChI=1S/C8H7Br2NO3/c9-3-5-1-4(8(12)13)2-6(14-11)7(5)10/h1-2H,3,11H2,(H,12,13)",C8H7NO3Br2,322.879267284,2.2946999999999997,4.46,4.68,1.37,0.0,2.8772269474384995,1,HIGHDIVERSITY_CONCAT,HsDHODH_HighDiv,3,2,72.55,3,8,3,1,0.5714285714285714,0.21428571428571427,0.07142857142857142,0.125,0.0,14,1,0,1,0,0,0,0,0
O=C1NCCN1C1=CC(CSCCS(=O)(=O)CCCO)=CC(O)=C1,28/000000445,"InChI=1S/C15H22N2O5S2/c18-4-1-6-24(21,22)7-5-23-11-12-8-13(10-14(19)9-12)17-3-2-16-15(17)20/h8-10,18-19H,1-7,11H2,(H,16,20)",C15H22N2O5S2,374.0970138039999,0.9521999999999997,4.46,5.33,23.6,-120.0,2.896634411337894,1,HIGHDIVERSITY_CONCAT,HsDHODH_HighDiv,6,3,106.94000000000001,9,15,5,2,0.625,0.20833333333333334,0.08333333333333333,0.5333333333333333,0.0,24,2,1,1,1,1,0,0,0
CN[C@@H](F)C(=O)C1=CC(O)=C(Br)C(N=O)=C1,12/000000904,"InChI=1S/C9H8BrFN2O3/c1-12-9(11)8(15)4-2-5(13-16)7(10)6(14)3-4/h2-3,9,12,14H,1H3/t9-/m1/s1",C9H8N2O3FBr,289.970232436,2.2503,4.46,3.64,2.35,-190.0,3.983630667146812,1,HIGHDIVERSITY_CONCAT,HsDHODH_HighDiv,5,2,78.75999999999999,4,9,3,2,0.5625,0.1875,0.125,0.2222222222222222,0.1111111111111111,16,1,0,1,0,0,0,0,0
C/C=C/C=C(\CO)C(=O)C1=C(O)C=C(Br)C(N=O)=C1,12/000000514,"InChI=1S/C13H12BrNO4/c1-2-3-4-8(7-16)13(18)9-5-11(15-19)10(14)6-12(9)17/h2-6,16-17H,7H2,1H3/b3-2+,8-4+",C13H12NO4Br,324.994969964,3.230100000000002,4.46,3.32,2.35,-40.0,3.576912291940806,1,HIGHDIVERSITY_CONCAT,HsDHODH_HighDiv,5,2,86.96000000000001,5,13,4,1,0.6842105263157895,0.21052631578947367,0.05263157894736842,0.15384615384615385,0.0,19,1,0,1,0,0,0,0,0
CN[C@H](Cl)CC1=C(Br)C(CO)=CC(C(=O)N=O)=C1,12/000000359,"InChI=1S/C11H12BrClN2O3/c1-14-9(13)4-6-2-7(11(17)15-18)3-8(5-16)10(6)12/h2-3,9,14,16H,4-5H2,1H3/t9-/m0/s1",C11H12N2O3ClBr,333.97198202399994,2.1748000000000003,4.45,5.26,17.8,-170.0,3.814867535372812,1,HIGHDIVERSITY_CONCAT,HsDHODH_HighDiv,4,2,78.75999999999999,5,11,3,2,0.6111111111111112,0.16666666666666666,0.1111111111111111,0.36363636363636365,0.09090909090909091,18,1,0,1,0,0,0,0,0
COC/C=C(\CC(=O)O)C(=O)C1=CC(N=O)=C(Br)C=C1O,12/000000473,"InChI=1S/C13H12BrNO6/c1-21-3-2-7(4-12(17)18)13(19)8-5-10(15-20)9(14)6-11(8)16/h2,5-6,16H,3-4H2,1H3,(H,17,18)/b7-2+",C13H12NO6Br,356.984799204,2.7828000000000013,4.45,3.85,5.21,-70.0,3.3618889501024993,1,HIGHDIVERSITY_CONCAT,HsDHODH_HighDiv,6,2,113.26,7,13,6,1,0.6190476190476191,0.2857142857142857,0.047619047619047616,0.23076923076923078,0.0,21,1,0,1,0,0,0,0,0
N/C=C\C1=CC=C(/C(=C/CO)C2=CC(=O)C2=O)C=C1,27/000000002,"InChI=1S/C15H13NO3/c16-7-5-10-1-3-11(4-2-10)12(6-8-17)13-9-14(18)15(13)19/h1-7,9,17H,8,16H2/b7-5-,12-6-",C15H13NO3,255.089543276,0.6360000000000001,4.45,4.64,2.22,0.0,3.058209756296651,1,HIGHDIVERSITY_CONCAT,HsDHODH_HighDiv,4,2,80.39,4,15,3,1,0.7894736842105263,0.15789473684210525,0.05263157894736842,0.06666666666666667,0.0,19,2,0,2,0,0,0,0,0
NCC1=C(Br)C(N=O)=CC(C(=O)[C@H]2C=CNC=N2)=C1,12/000000639,"InChI=1S/C12H11BrN4O2/c13-11-8(5-14)3-7(4-10(11)17-19)12(18)9-1-2-15-6-16-9/h1-4,6,9H,5,14H2,(H,15,16)/p+1/t9-/m1/s1",C12H12N4O2Br,322.0065376920001,2.0022,4.45,3.11,2.48,-190.0,4.951028356969275,1,HIGHDIVERSITY_CONCAT,HsDHODH_HighDiv,6,2,96.91,4,12,2,4,0.631578947368421,0.10526315789473684,0.21052631578947367,0.16666666666666666,0.08333333333333333,19,2,1,1,1,1,0,0,0
CC1=C(C(=O)NCC#CCN)C=C(S)C(I)=C1,5/000000045,"InChI=1S/C12H13IN2OS/c1-8-6-10(13)11(17)7-9(8)12(16)15-5-3-2-4-14/h6-7,17H,4-5,14H2,1H3,(H,15,16)",C12H13N2OSI,359.979332036,1.58022,4.45,2.81,3.72,-40.0,3.1922411637803547,1,HIGHDIVERSITY_CONCAT,HsDHODH_HighDiv,3,3,55.120000000000005,2,12,1,2,0.7058823529411765,0.058823529411764705,0.11764705882352941,0.25,0.0,17,1,0,1,0,0,0,0,0
CCS(=O)(=O)CCSCC1=CC(O)=CC(N2CCNC2=O)=C1,28/000000502,"InChI=1S/C14H20N2O4S2/c1-2-22(19,20)6-5-21-10-11-7-12(9-13(17)8-11)16-4-3-15-14(16)18/h7-9,17H,2-6,10H2,1H3,(H,15,18)",C14H20N2O4S2,344.08644912,1.5897000000000003,4.45,3.05,21.8,-140.0,2.808690318094701,1,HIGHDIVERSITY_CONCAT,HsDHODH_HighDiv,5,2,86.71000000000001,7,14,4,2,0.6363636363636364,0.18181818181818182,0.09090909090909091,0.5,0.0,22,2,1,1,1,1,0,0,0
CSC[C@H](N)C#CC1=NC(I)=C([N+](=O)[O-])C=C1C(=O)O,23/000000118,"InChI=1S/C11H10IN3O4S/c1-20-5-6(13)2-3-8-7(11(16)17)4-9(15(18)19)10(12)14-8/h4,6H,5,13H2,1H3,(H,16,17)/t6-/m1/s1",C11H9N3O4SI,406.94367479999994,1.3344000000000003,4.45,5.65,23.6,-170.0,4.118453118850709,1,HIGHDIVERSITY_CONCAT,HsDHODH_HighDiv,6,2,119.35000000000001,4,11,4,3,0.55,0.2,0.15,0.2727272727272727,0.09090909090909091,20,1,0,1,1,0,1,0,0
O=C(O)CC1=NNC(C2=NC(/C=C/CCO)=CC=C2I)=N1,4/000000157,"InChI=1S/C13H13IN4O3/c14-9-5-4-8(3-1-2-6-19)15-12(9)13-16-10(17-18-13)7-11(20)21/h1,3-5,19H,2,6-7H2,(H,20,21)(H,16,17,18)/b3-1+",C13H13N4O3I,400.00323827600005,1.4939999999999998,4.45,4.74,22.0,-120.0,3.300888470497359,1,HIGHDIVERSITY_CONCAT,HsDHODH_HighDiv,5,3,111.99,6,13,3,4,0.6190476190476191,0.14285714285714285,0.19047619047619047,0.23076923076923078,0.0,21,2,0,2,2,0,2,0,0
C[C@H](O)COC(=O)C1=CC(ON)=C(Br)C(OCCO)=C1,12/000001399,"InChI=1S/C12H16BrNO6/c1-7(16)6-19-12(17)8-4-9(18-3-2-15)11(13)10(5-8)20-14/h4-5,7,15-16H,2-3,6,14H2,1H3/t7-/m0/s1",C12H16NO6Br,349.01609933199995,0.6103000000000001,4.45,3.06,17.3,-190.0,3.12206502015695,1,HIGHDIVERSITY_CONCAT,HsDHODH_HighDiv,7,3,111.24000000000001,7,12,6,1,0.6,0.3,0.05,0.4166666666666667,0.08333333333333333,20,1,0,1,0,0,0,0,0
CCC(=O)C1=CC=C(I)C(C2=NC(CC(=O)O)=NN2)=N1,4/000000059,"InChI=1S/C12H11IN4O3/c1-2-8(18)7-4-3-6(13)11(14-7)12-15-9(16-17-12)5-10(19)20/h3-4H,2,5H2,1H3,(H,19,20)(H,15,16,17)",C12H11N4O3I,385.98758821200005,1.6910999999999998,4.45,5.5,21.4,-140.0,3.0645613897970323,1,HIGHDIVERSITY_CONCAT,HsDHODH_HighDiv,5,2,108.83,5,12,3,4,0.6,0.15,0.2,0.25,0.0,20,2,0,2,2,0,2,0,0
O=NC1=CC(C(=O)[C@@H](Br)CO)=CC(O)=C1Br,12/000000387,"InChI=1S/C9H7Br2NO4/c10-5(3-13)9(15)4-1-6(12-16)8(11)7(14)2-4/h1-2,5,13-14H,3H2/t5-/m0/s1",C9H7NO4Br2,350.87418190400007,2.4911000000000008,4.44,2.1,2.35,-170.0,3.8516240737402185,1,HIGHDIVERSITY_CONCAT,HsDHODH_HighDiv,5,2,86.96000000000001,4,9,4,1,0.5625,0.25,0.0625,0.2222222222222222,0.1111111111111111,16,1,0,1,0,0,0,0,0
O=C(O)C1=CC=C(C(=O)O)S1,3/000000145,"InChI=1S/C6H4O4S/c7-5(8)3-1-2-4(11-3)6(9)10/h1-2H,(H,7,8)(H,9,10)",C6H4O4S,171.983029608,1.1445,4.44,2.86,1.11,0.0,2.0452799118940455,1,HIGHDIVERSITY_CONCAT,HsDHODH_HighDiv,3,2,74.6,2,6,4,0,0.5454545454545454,0.36363636363636365,0.0,0.0,0.0,11,1,0,1,1,0,1,0,0
C=C[C@@H](CC#CC1=CC(O)=CC(N)=C1)CCO,23/000000223,"InChI=1S/C14H17NO2/c1-2-11(6-7-16)4-3-5-12-8-13(15)10-14(17)9-12/h2,8-11,16-17H,1,4,6-7,15H2/t11-/m0/s1",C14H17NO2,231.125928784,1.9005999999999994,4.44,6.1,14.8,-150.0,3.746958850795921,1,HIGHDIVERSITY_CONCAT,HsDHODH_HighDiv,3,3,66.48,4,14,2,1,0.8235294117647058,0.11764705882352941,0.058823529411764705,0.2857142857142857,0.07142857142857142,17,1,0,1,0,0,0,0,0
CC(=O)OC1=C(Br)C(ON)=CC(C(=O)O)=C1,12/000000224,"InChI=1S/C9H8BrNO5/c1-4(12)15-6-2-5(9(13)14)3-7(16-11)8(6)10/h2-3H,11H2,1H3,(H,13,14)",C9H8NO5Br,288.958584456,1.3251000000000002,4.44,4.42,15.3,-20.0,2.5496352885351445,1,HIGHDIVERSITY_CONCAT,HsDHODH_HighDiv,5,2,98.85000000000001,3,9,5,1,0.5625,0.3125,0.0625,0.1111111111111111,0.0,16,1,0,1,0,0,0,0,0
NC/C=C(\CN)C(=O)C1=CC(N=O)=C(Br)C=C1O,12/000000549,"InChI=1S/C11H12BrN3O3/c12-8-4-10(16)7(3-9(8)15-18)11(17)6(5-14)1-2-13/h1,3-4,16H,2,5,13-14H2/p+1/b6-1+",C11H13N3O3Br,313.00620334399997,1.5790999999999997,4.44,4.11,2.35,-20.0,4.0735817721457614,1,HIGHDIVERSITY_CONCAT,HsDHODH_HighDiv,6,3,118.77,5,11,3,3,0.6111111111111112,0.16666666666666666,0.16666666666666666,0.18181818181818182,0.0,18,1,0,1,0,0,0,0,0
C=C(CN)C(=O)C1=CC(N=O)=C(Br)C=C1O,12/000000456,"InChI=1S/C10H9BrN2O3/c1-5(4-12)10(15)6-2-8(13-16)7(11)3-9(6)14/h2-3,14H,1,4,12H2/p+1",C10H10N2O3Br,283.97965424800003,2.2502,4.44,4.03,2.35,0.0,3.9371056182054742,1,HIGHDIVERSITY_CONCAT,HsDHODH_HighDiv,5,2,92.75000000000001,4,10,3,2,0.625,0.1875,0.125,0.1,0.0,16,1,0,1,0,0,0,0,0
CCC1=C(CCO)C=C(N2CCNC2=O)C=C1O,28/000000301,"InChI=1S/C13H18N2O3/c1-2-11-9(3-6-16)7-10(8-12(11)17)15-5-4-14-13(15)18/h7-8,16-17H,2-6H2,1H3,(H,14,18)",C13H18N2O3,250.131742436,1.0190000000000001,4.44,4.45,14.4,-160.0,2.7261618875303757,1,HIGHDIVERSITY_CONCAT,HsDHODH_HighDiv,3,3,72.8,4,13,3,2,0.7222222222222222,0.16666666666666666,0.1111111111111111,0.46153846153846156,0.0,18,2,1,1,1,1,0,0,0
C[C@H](N)C(=O)C1=CC(O)=C(Br)C(Cl)=C1,12/000000731,"InChI=1S/C9H9BrClNO2/c1-4(12)9(14)5-2-6(11)8(10)7(13)3-5/h2-4,13H,12H2,1H3/p+1/t4-/m0/s1",C9H10NO2ClBr,276.950518308,2.338,4.44,3.35,2.48,-170.0,3.8170067335345728,1,HIGHDIVERSITY_CONCAT,HsDHODH_HighDiv,3,2,63.32000000000001,2,9,2,1,0.6428571428571429,0.14285714285714285,0.07142857142857142,0.2222222222222222,0.1111111111111111,14,1,0,1,0,0,0,0,0
C=CC1=NOCN1C1=CC=C(SCS(=O)(=O)O)C=C1O,14/000000004,"InChI=1S/C11H12N2O5S2/c1-2-11-12-18-6-13(11)9-4-3-8(5-10(9)14)19-7-20(15,16)17/h2-5,14H,1,6-7H2,(H,15,16,17)",C11H12N2O5S2,316.018763484,1.6232,4.44,7.18,22.8,-120.0,3.7958145366501785,1,HIGHDIVERSITY_CONCAT,HsDHODH_HighDiv,7,2,99.43,5,11,5,2,0.55,0.25,0.1,0.18181818181818182,0.0,20,2,1,1,1,1,0,0,0
CCCC1=C(CO)C=C(I)C(C2=NC(CC(=O)O)=NN2)=N1,4/000000240,"InChI=1S/C13H15IN4O3/c1-2-3-9-7(6-19)4-8(14)12(15-9)13-16-10(17-18-13)5-11(20)21/h4,19H,2-3,5-6H2,1H3,(H,20,21)(H,16,17,18)",C13H15N4O3I,402.01888834000005,1.5432,4.44,7.27,21.0,-140.0,3.274602506373814,1,HIGHDIVERSITY_CONCAT,HsDHODH_HighDiv,5,3,111.99,6,13,3,4,0.6190476190476191,0.14285714285714285,0.19047619047619047,0.38461538461538464,0.0,21,2,0,2,2,0,2,0,0
C/C=C\C1=C(Cl)C(O)=C(/C=C/[C@@H]([S+]=O)C2=CC(=O)NC2=O)C=C1,30/000000046,"InChI=1S/C16H14ClNO4S/c1-2-3-9-4-5-10(15(20)14(9)17)6-7-12(23-22)11-8-13(19)18-16(11)21/h2-8,12,20,23H,1H3,(H,18,19,21)/b3-2-,7-6+/t12-/m1/s1",C16H14NO4SCl,350.02483299609,2.4714,4.44,5.03,5.21,-170.0,4.4410604263107745,1,HIGHDIVERSITY_CONCAT,HsDHODH_HighDiv,4,2,83.47,5,16,4,1,0.6956521739130435,0.17391304347826086,0.043478260869565216,0.125,0.0625,23,2,1,1,1,1,0,0,0
C=C[C@@H](/C=C/CC1=C(CN)N=C(C(=O)O)O1)C1=CSC(=O)N1,3/000000052,"InChI=1S/C14H15N3O4S/c1-2-8(10-7-22-14(20)17-10)4-3-5-11-9(6-15)16-12(21-11)13(18)19/h2-4,7-8H,1,5-6,15H2,(H,17,20)(H,18,19)/b4-3+/t8-/m0/s1",C14H15N3O4S,321.07832696,1.6498000000000002,4.44,5.61,6.72,-150.0,4.573020122935876,1,HIGHDIVERSITY_CONCAT,HsDHODH_HighDiv,6,3,122.20999999999998,7,14,4,3,0.6363636363636364,0.18181818181818182,0.13636363636363635,0.21428571428571427,0.07142857142857142,22,2,0,2,2,0,2,0,0
NCCC1=C(Br)C(ON)=CC(C(=O)O)=C1,12/000001110,"InChI=1S/C9H11BrN2O3/c10-8-5(1-2-11)3-6(9(13)14)4-7(8)15-12/h3-4H,1-2,11-12H2,(H,13,14)/p+1",C9H12N2O3Br,273.99530431200003,0.9009999999999998,4.43,5.7,2.48,0.0,3.5318000418808397,1,HIGHDIVERSITY_CONCAT,HsDHODH_HighDiv,4,3,98.57000000000001,4,9,3,2,0.6,0.2,0.13333333333333333,0.2222222222222222,0.0,15,1,0,1,0,0,0,0,0
O=NC1=C(Br)C(F)=CC(C(=O)CNCC#CCO)=C1,12/000000981,"InChI=1S/C12H10BrFN2O3/c13-12-9(14)5-8(6-10(12)16-19)11(18)7-15-3-1-2-4-17/h5-6,15,17H,3-4,7H2/p+1",C12H11N2O3FBr,327.9858825,1.7540999999999995,4.43,2.1,2.35,-40.0,4.202585629915049,1,HIGHDIVERSITY_CONCAT,HsDHODH_HighDiv,5,2,78.76,5,12,3,2,0.631578947368421,0.15789473684210525,0.10526315789473684,0.25,0.0,19,1,0,1,0,0,0,0,0
O=C(C1=CC(O)=C(Br)C(Cl)=C1)C1C=CNC=C1,12/000000206,"InChI=1S/C12H9BrClNO2/c13-11-9(14)5-8(6-10(11)16)12(17)7-1-3-15-4-2-7/h1-7,15-16H",C12H9NO2ClBr,312.9505183080001,3.2376000000000014,4.43,2.89,2.48,-190.0,3.4242047160467752,1,HIGHDIVERSITY_CONCAT,HsDHODH_HighDiv,3,2,49.33,2,12,2,1,0.7058823529411765,0.11764705882352941,0.058823529411764705,0.08333333333333333,0.0,17,2,1,1,1,1,0,0,0
C=C[C@@H](O)C(=O)C#CC1=CC(O)=CC(Br)=C1,23/000000122,"InChI=1S/C12H9BrO3/c1-2-11(15)12(16)4-3-8-5-9(13)7-10(14)6-8/h2,5-7,11,14-15H,1H2/t11-/m1/s1",C12H9O3Br,279.97350624800004,1.6221999999999999,4.43,3.26,2.35,-150.0,3.865444390632629,1,HIGHDIVERSITY_CONCAT,HsDHODH_HighDiv,3,2,57.53,2,12,3,0,0.75,0.1875,0.0,0.08333333333333333,0.08333333333333333,16,1,0,1,0,0,0,0,0
N/C(=C\C1=CN=C(C2=C(CCl)C(=O)C=CC2=O)C=C1Br)CCCO,10/000000135,"InChI=1S/C17H16BrClN2O3/c18-13-7-14(17-12(8-19)15(23)3-4-16(17)24)21-9-10(13)6-11(20)2-1-5-22/h3-4,6-7,9,22H,1-2,5,8,20H2/b11-6-",C17H16N2O3ClBr,410.00328215199994,2.6166000000000014,4.43,10.1,24.0,-160.0,3.5301244123816273,1,HIGHDIVERSITY_CONCAT,HsDHODH_HighDiv,5,2,93.28,6,17,3,2,0.7083333333333334,0.125,0.08333333333333333,0.23529411764705882,0.0,24,2,1,1,1,0,1,0,0
C=C(CO)C(=O)C1=CC(N=O)=C(Br)C=C1O,12/000000452,"InChI=1S/C10H8BrNO4/c1-5(4-13)10(15)6-2-8(12-16)7(11)3-9(6)14/h2-3,13-14H,1,4H2",C10H8NO4Br,284.96366983599995,2.2838000000000007,4.43,4.58,2.35,0.0,3.3711144094142655,1,HIGHDIVERSITY_CONCAT,HsDHODH_HighDiv,5,2,86.96,4,10,4,1,0.625,0.25,0.0625,0.1,0.0,16,1,0,1,0,0,0,0,0
C/C=C\C=C(/CO)C(=O)C1=C(O)C=C(Br)C(N=O)=C1,12/000001033,"InChI=1S/C13H12BrNO4/c1-2-3-4-8(7-16)13(18)9-5-11(15-19)10(14)6-12(9)17/h2-6,16-17H,7H2,1H3/b3-2-,8-4+",C13H12NO4Br,324.994969964,3.230100000000002,4.43,4.09,2.35,-60.0,3.576912291940806,1,HIGHDIVERSITY_CONCAT,HsDHODH_HighDiv,5,2,86.96000000000001,5,13,4,1,0.6842105263157895,0.21052631578947367,0.05263157894736842,0.15384615384615385,0.0,19,1,0,1,0,0,0,0,0
CCC1=CC(C(=O)O)=CC(ON)=C1Br,12/000001127,"InChI=1S/C9H10BrNO3/c1-2-5-3-6(9(12)13)4-7(14-11)8(5)10/h3-4H,2,11H2,1H3,(H,12,13)",C9H10NO3Br,258.98440528000003,1.9622,4.43,4.98,2.48,-20.0,2.607631105442658,1,HIGHDIVERSITY_CONCAT,HsDHODH_HighDiv,3,2,72.55,3,9,3,1,0.6428571428571429,0.21428571428571427,0.07142857142857142,0.2222222222222222,0.0,14,1,0,1,0,0,0,0,0
O=NC(=O)C1=CC(CONC(=O)C(=O)O)=C(Br)C(CO)=C1,12/000000029,"InChI=1S/C11H9BrN2O7/c12-8-6(3-15)1-5(9(16)13-20)2-7(8)4-21-14-10(17)11(18)19/h1-2,15H,3-4H2,(H,14,17)(H,18,19)",C11H8N2O7Br,359.95931272800004,0.4804000000000001,4.43,5.02,22.9,-30.0,3.139180983069533,1,HIGHDIVERSITY_CONCAT,HsDHODH_HighDiv,6,3,142.36,5,11,7,2,0.5238095238095238,0.3333333333333333,0.09523809523809523,0.18181818181818182,0.0,21,1,0,1,0,0,0,0,0
C=C(CN)C(=O)C1=CC(N=O)=C(Br)C=C1O,12/000000983,"InChI=1S/C10H9BrN2O3/c1-5(4-12)10(15)6-2-8(13-16)7(11)3-9(6)14/h2-3,14H,1,4,12H2",C10H9N2O3Br,283.97965424800003,2.2502,4.43,4.57,2.35,0.0,3.410905618205474,1,HIGHDIVERSITY_CONCAT,HsDHODH_HighDiv,5,2,92.75000000000001,4,10,3,2,0.625,0.1875,0.125,0.1,0.0,16,1,0,1,0,0,0,0,0
C=C(N[C@@H](S)CO)C(=O)C1=CC(Cl)=C(Br)C(O)=C1,12/000000600,"InChI=1S/C11H11BrClNO3S/c1-5(14-9(18)4-15)11(17)6-2-7(13)10(12)8(16)3-6/h2-3,9,14-16,18H,1,4H2/t9-/m0/s1",C11H11NO3SClBr,350.93315399200003,2.3423,4.43,4.48,2.48,-190.0,3.935231426534841,1,HIGHDIVERSITY_CONCAT,HsDHODH_HighDiv,5,4,69.56,5,11,3,1,0.6111111111111112,0.16666666666666666,0.05555555555555555,0.18181818181818182,0.09090909090909091,18,1,0,1,0,0,0,0,0
C=CC(=O)/C=C(\CO)C(=O)C1=C(O)C=C(Br)C(N=O)=C1,12/000001073,"InChI=1S/C13H10BrNO5/c1-2-8(17)3-7(6-16)13(19)9-4-11(15-20)10(14)5-12(9)18/h2-5,16,18H,1,6H2/b7-3+",C13H10NO5Br,338.97423452000004,2.4091000000000014,4.43,5.05,3.7,-40.0,3.6697465646222063,1,HIGHDIVERSITY_CONCAT,HsDHODH_HighDiv,6,2,104.03,6,13,5,1,0.65,0.25,0.05,0.07692307692307693,0.0,20,1,0,1,0,0,0,0,0
O=C1C=CC(=O)C(C2=C(O)C(Br)=C(OCCO)C=N2)=C1CCl,10/000000170,"InChI=1S/C14H11BrClNO5/c15-12-10(22-4-3-18)6-17-13(14(12)21)11-7(5-16)8(19)1-2-9(11)20/h1-2,6,18,21H,3-5H2",C14H11NO5ClBr,386.95091223200006,1.6211999999999995,4.43,10.08,22.2,-160.0,3.2641087418021417,1,HIGHDIVERSITY_CONCAT,HsDHODH_HighDiv,6,2,96.72000000000001,5,14,5,1,0.6363636363636364,0.22727272727272727,0.045454545454545456,0.21428571428571427,0.0,22,2,1,1,1,0,1,0,0
N/C=C\CS(=O)(=O)CCSCC1=CC(O)=CC(N2CCNC2=O)=C1,28/000000425,"InChI=1S/C15H21N3O4S2/c16-2-1-6-24(21,22)7-5-23-11-12-8-13(10-14(19)9-12)18-4-3-17-15(18)20/h1-2,8-10,19H,3-7,11,16H2,(H,17,20)/b2-1-",C15H21N3O4S2,371.09734815200005,1.0422000000000005,4.43,4.41,24.8,-120.0,3.296368739696105,1,HIGHDIVERSITY_CONCAT,HsDHODH_HighDiv,6,3,112.72999999999999,8,15,4,3,0.625,0.16666666666666666,0.125,0.4,0.0,24,2,1,1,1,1,0,0,0
COCC(=O)C1=CC(O)=C(Br)C(OCC2=CNC(=O)N=C2)=C1,12/000000589,"InChI=1S/C14H13BrN2O5/c1-21-7-11(19)9-2-10(18)13(15)12(3-9)22-6-8-4-16-14(20)17-5-8/h2-5,18H,6-7H2,1H3,(H,16,17,20)",C14H13N2O5Br,368.0007836160001,1.6460999999999995,4.42,4.36,3.58,-20.0,2.805185652268724,1,HIGHDIVERSITY_CONCAT,HsDHODH_HighDiv,6,2,101.51,6,14,5,2,0.6363636363636364,0.22727272727272727,0.09090909090909091,0.21428571428571427,0.0,22,2,0,2,1,0,1,0,0
C=C(N)C(=O)C1=CC(Cl)=C(Br)C(O)=C1,12/000000571,"InChI=1S/C9H7BrClNO2/c1-4(12)9(14)5-2-6(11)8(10)7(13)3-5/h2-3,13H,1,12H2",C9H7NO2ClBr,274.93486824400003,2.4631999999999996,4.42,4.14,2.48,0.0,3.063503662615215,1,HIGHDIVERSITY_CONCAT,HsDHODH_HighDiv,3,2,63.32000000000001,2,9,2,1,0.6428571428571429,0.14285714285714285,0.07142857142857142,0.0,0.0,14,1,0,1,0,0,0,0,0
NOC1=C(Br)C(C[C@H](S)CCO)=CC(C(=O)O)=C1,12/000001227,"InChI=1S/C11H14BrNO4S/c12-10-6(4-8(18)1-2-14)3-7(11(15)16)5-9(10)17-13/h3,5,8,14,18H,1-2,4,13H2,(H,15,16)/t8-/m1/s1",C11H14NO4SBr,334.9826910279999,1.6231,4.42,5.99,2.48,-150.0,3.650787727680505,1,HIGHDIVERSITY_CONCAT,HsDHODH_HighDiv,5,4,92.78000000000002,6,11,4,1,0.6111111111111112,0.2222222222222222,0.05555555555555555,0.36363636363636365,0.09090909090909091,18,1,0,1,0,0,0,0,0
CS(=O)(=O)CCSCC1=CC(O)=CC(N2CCNC2=O)=C1,28/000000142,"InChI=1S/C13H18N2O4S2/c1-21(18,19)5-4-20-9-10-6-11(8-12(16)7-10)15-3-2-14-13(15)17/h6-8,16H,2-5,9H2,1H3,(H,14,17)",C13H18N2O4S2,330.070799056,1.1996000000000002,4.42,2.54,21.2,-140.0,2.7385605965594895,1,HIGHDIVERSITY_CONCAT,HsDHODH_HighDiv,5,2,86.71000000000001,6,13,4,2,0.6190476190476191,0.19047619047619047,0.09523809523809523,0.46153846153846156,0.0,21,2,1,1,1,1,0,0,0
OCC1=NC=C(NC2=CC(F)=CC(S)=C2Br)C=C1,16/000000015,"InChI=1S/C12H10BrFN2OS/c13-12-10(3-7(14)4-11(12)18)16-8-1-2-9(6-17)15-5-8/h1-5,16-18H,6H2",C12H10N2OSFBr,327.96812426,3.5078000000000014,4.42,8.18,15.9,0.0,2.8219800413765306,1,HIGHDIVERSITY_CONCAT,HsDHODH_HighDiv,4,3,45.150000000000006,3,12,1,2,0.6666666666666666,0.05555555555555555,0.1111111111111111,0.08333333333333333,0.0,18,2,0,2,1,0,1,0,0
C/C(=C\C1=CC(N2CCNC2=O)=CC(O)=C1)C1=NCCOC1,28/000000128,"InChI=1S/C16H19N3O3/c1-11(15-10-22-5-3-17-15)6-12-7-13(9-14(20)8-12)19-4-2-18-16(19)21/h6-9,20H,2-5,10H2,1H3,(H,18,21)/b11-6+",C16H19N3O3,301.142641468,1.7962999999999998,4.42,2.07,20.6,-140.0,3.3324442363076354,1,HIGHDIVERSITY_CONCAT,HsDHODH_HighDiv,4,2,74.16000000000001,3,16,3,3,0.7272727272727273,0.13636363636363635,0.13636363636363635,0.375,0.0,22,3,2,1,2,2,0,0,0
CC1=CN=C(CCC#CC2=CC(N3CCNC3=O)=CC(O)=C2)CN1,28/000000531,"InChI=1S/C18H20N4O2/c1-13-11-21-15(12-20-13)5-3-2-4-14-8-16(10-17(23)9-14)22-7-6-19-18(22)24/h8-11,20,23H,3,5-7,12H2,1H3,(H,19,24)",C18H20N4O2,324.15862588,1.9589999999999996,4.42,3.35,24.8,-160.0,3.59567828893985,1,HIGHDIVERSITY_CONCAT,HsDHODH_HighDiv,4,3,76.96000000000001,3,18,2,4,0.75,0.08333333333333333,0.16666666666666666,0.3333333333333333,0.0,24,3,2,1,2,2,0,0,0
NC(=O)COC(=O)CCC1=C(Br)C(CO)=CC(C(=O)N=O)=C1,12/000000653,"InChI=1S/C13H13BrN2O6/c14-12-7(1-2-11(19)22-6-10(15)18)3-8(13(20)16-21)4-9(12)5-17/h3-4,17H,1-2,5-6H2,(H2,15,18)",C13H13N2O6Br,371.995698236,0.8091000000000002,4.42,5.73,22.9,-60.0,2.817833396300186,1,HIGHDIVERSITY_CONCAT,HsDHODH_HighDiv,6,2,136.12000000000003,7,13,6,2,0.5909090909090909,0.2727272727272727,0.09090909090909091,0.3076923076923077,0.0,22,1,0,1,0,0,0,0,0
CC1=CC(OCC2=C(F)C(O)=CC=C2O)=C(O)C=C1,4/000000166,"InChI=1S/C14H13FO4/c1-8-2-3-11(17)13(6-8)19-7-9-10(16)4-5-12(18)14(9)15/h2-6,16-18H,7H2,1H3",C14H13O4F,264.07978711600003,2.8299200000000013,4.42,4.74,2.35,-20.0,2.289691547074814,1,HIGHDIVERSITY_CONCAT,HsDHODH_HighDiv,4,3,69.92,3,14,4,0,0.7368421052631579,0.21052631578947367,0.0,0.14285714285714285,0.0,19,2,0,2,0,0,0,0,0
O=C1NCCN1C1=CC([N+](=O)[O-])=C(C=S)C(O)=C1,28/000000055,"InChI=1S/C10H9N3O4S/c14-9-4-6(12-2-1-11-10(12)15)3-8(13(16)17)7(9)5-18/h3-5,14H,1-2H2,(H,11,15)",C10H9N3O4S,267.03137676800003,1.1778,4.42,4.9,20.3,-140.0,3.0886888953796703,1,HIGHDIVERSITY_CONCAT,HsDHODH_HighDiv,5,2,95.71000000000001,3,10,4,3,0.5555555555555556,0.2222222222222222,0.16666666666666666,0.2,0.0,18,2,1,1,1,1,0,0,0
C=C[C@@H](/C=C/CC1=C(CN)N=C(C(=O)O)O1)C1=CCOC1,3/000000123,"InChI=1S/C15H18N2O4/c1-2-10(11-6-7-20-9-11)4-3-5-13-12(8-16)17-14(21-13)15(18)19/h2-4,6,10H,1,5,7-9,16H2,(H,18,19)/b4-3+/t10-/m0/s1",C15H18N2O4,290.126657056,1.689,4.42,6.43,5.21,-150.0,4.635774331507982,1,HIGHDIVERSITY_CONCAT,HsDHODH_HighDiv,5,2,98.58,7,15,4,2,0.7142857142857143,0.19047619047619047,0.09523809523809523,0.3333333333333333,0.06666666666666667,21,2,1,1,2,1,1,0,0
CC/C=C(\CNCCO)C(=O)C1=CC(N=O)=C(Br)C=C1O,12/000001006,"InChI=1S/C14H17BrN2O4/c1-2-3-9(8-16-4-5-18)14(20)10-6-12(17-21)11(15)7-13(10)19/h3,6-7,16,18-19H,2,4-5,8H2,1H3/b9-3+",C14H17N2O4Br,356.037169124,2.6536000000000013,4.41,2.49,3.7,-110.0,3.39314321557387,1,HIGHDIVERSITY_CONCAT,HsDHODH_HighDiv,6,3,98.99,8,14,4,2,0.6666666666666666,0.19047619047619047,0.09523809523809523,0.35714285714285715,0.0,21,1,0,1,0,0,0,0,0
CCCCCOC(=O)C1=CC(CN)=C(Br)C(ON)=C1,12/000001355,"InChI=1S/C13H19BrN2O3/c1-2-3-4-5-18-13(17)9-6-10(8-15)12(14)11(7-9)19-16/h6-7H,2-5,8,15-16H2,1H3",C13H19N2O3Br,330.057904568,2.5073,4.41,3.87,15.7,-60.0,2.5670273458913826,1,HIGHDIVERSITY_CONCAT,HsDHODH_HighDiv,5,2,87.57,7,13,3,2,0.6842105263157895,0.15789473684210525,0.10526315789473684,0.46153846153846156,0.0,19,1,0,1,0,0,0,0,0
O=NCCCCCCC1=CC(O)=CC(N2CCNC2=O)=C1,28/000000467,"InChI=1S/C15H21N3O3/c19-14-10-12(5-3-1-2-4-6-17-21)9-13(11-14)18-8-7-16-15(18)20/h9-11,19H,1-8H2,(H,16,20)",C15H21N3O3,291.158291532,2.7911,4.41,1.93,18.6,-120.0,2.724228235816785,1,HIGHDIVERSITY_CONCAT,HsDHODH_HighDiv,4,2,82.0,8,15,3,3,0.7142857142857143,0.14285714285714285,0.14285714285714285,0.5333333333333333,0.0,21,2,1,1,1,1,0,0,0
NOC1=CC(C(=O)O)=CC(/C=C/C2CC=CC2)=C1Br,12/000000171,"InChI=1S/C14H14BrNO3/c15-13-10(6-5-9-3-1-2-4-9)7-11(14(17)18)8-12(13)19-16/h1-2,5-9H,3-4,16H2,(H,17,18)/b6-5+",C14H14NO3Br,323.015705408,3.3792000000000018,4.41,4.96,17.3,-150.0,3.2817075792284367,1,HIGHDIVERSITY_CONCAT,HsDHODH_HighDiv,3,2,72.55,4,14,3,1,0.7368421052631579,0.15789473684210525,0.05263157894736842,0.21428571428571427,0.0,19,2,1,1,0,0,0,0,0
C[P@](=O)(O)OCCC#CC1=CC(N2CCNC2=O)=CC(O)=C1,28/000000262,"InChI=1S/C14H17N2O5P/c1-22(19,20)21-7-3-2-4-11-8-12(10-13(17)9-11)16-6-5-15-14(16)18/h8-10,17H,3,5-7H2,1H3,(H,15,18)(H,19,20)",C14H17N2O5P,324.08750827399996,1.4951999999999999,4.41,1.5,22.8,-140.0,3.589341686618096,1,HIGHDIVERSITY_CONCAT,HsDHODH_HighDiv,4,3,99.10000000000001,4,14,5,2,0.6363636363636364,0.22727272727272727,0.09090909090909091,0.35714285714285715,0.0,22,2,1,1,1,1,0,0,0
O=C1NCCN1C1=CC(CCS)=C(CO)C(O)=C1,28/000000303,"InChI=1S/C12H16N2O3S/c15-7-10-8(1-4-18)5-9(6-11(10)16)14-3-2-13-12(14)17/h5-6,15-16,18H,1-4,7H2,(H,13,17)",C12H16N2O3S,268.088163372,0.8863999999999999,4.41,4.32,16.3,-120.0,3.0199440413765304,1,HIGHDIVERSITY_CONCAT,HsDHODH_HighDiv,4,4,72.80000000000001,4,12,3,2,0.6666666666666666,0.16666666666666666,0.1111111111111111,0.4166666666666667,0.0,18,2,1,1,1,1,0,0,0
C=C(CO)C1=NOC(C2=CC(O)=C(F)C=C2O)=N1,6/000000026,"InChI=1S/C11H9FN2O4/c1-5(4-15)10-13-11(18-14-10)6-2-9(17)7(12)3-8(6)16/h2-3,15-17H,1,4H2",C11H9N2O4F,252.054634988,1.2923999999999998,4.41,1.79,20.3,-160.0,3.165139444830219,1,HIGHDIVERSITY_CONCAT,HsDHODH_HighDiv,6,3,99.61000000000001,3,11,4,2,0.6111111111111112,0.2222222222222222,0.1111111111111111,0.09090909090909091,0.0,18,2,0,2,1,0,1,0,0
C[C@@H](O)CCNCC1=CC(C(=O)O)=CC(ON)=C1Br,12/000001216,"InChI=1S/C12H17BrN2O4/c1-7(16)2-3-15-6-9-4-8(12(17)18)5-10(19-14)11(9)13/h4-5,7,15-16H,2-3,6,14H2,1H3,(H,17,18)/t7-/m1/s1",C12H17N2O4Br,332.037169124,1.2603,4.41,5.14,3.87,-170.0,3.1837040506429712,1,HIGHDIVERSITY_CONCAT,HsDHODH_HighDiv,5,4,104.81,7,12,4,2,0.631578947368421,0.21052631578947367,0.10526315789473684,0.4166666666666667,0.08333333333333333,19,1,0,1,0,0,0,0,0
C/C=C/C1=CC([C@H](O)CN2C=CSC2=N)=CC(I)=C1CN,12/000000775,"InChI=1S/C15H18IN3OS/c1-2-3-10-6-11(7-13(16)12(10)8-17)14(20)9-19-4-5-21-15(19)18/h2-7,14,18,20H,8-9,17H2,1H3/b3-2+,18-15+/t14-/m1/s1",C15H18N3OSI,415.021531196,2.859070000000001,4.41,3.44,20.5,-191.0,3.936206107797151,1,HIGHDIVERSITY_CONCAT,HsDHODH_HighDiv,5,3,75.03,5,15,1,3,0.7142857142857143,0.047619047619047616,0.14285714285714285,0.26666666666666666,0.06666666666666667,21,2,0,2,1,0,1,0,0
NOC1=C(Br)C(S)=CC(C(=O)O)=C1,12/000001111,"InChI=1S/C7H6BrNO3S/c8-6-4(12-9)1-3(7(10)11)2-5(6)13/h1-2,13H,9H2,(H,10,11)",C7H6NO3SBr,262.925176152,1.6885000000000001,4.41,5.07,13.2,0.0,3.1372759491038487,1,HIGHDIVERSITY_CONCAT,HsDHODH_HighDiv,4,3,72.55,2,7,3,1,0.5384615384615384,0.23076923076923078,0.07692307692307693,0.0,0.0,13,1,0,1,0,0,0,0,0
NOC1=CC(C(=O)O)=CC(CCF)=C1Br,12/000001135,"InChI=1S/C9H9BrFNO3/c10-8-5(1-2-11)3-6(9(13)14)4-7(8)15-12/h3-4H,1-2,12H2,(H,13,14)",C9H9NO3FBr,276.974983468,1.9118000000000004,4.41,4.58,2.48,0.0,2.936751195726993,1,HIGHDIVERSITY_CONCAT,HsDHODH_HighDiv,3,2,72.55,4,9,3,1,0.6,0.2,0.06666666666666667,0.2222222222222222,0.0,15,1,0,1,0,0,0,0,0
C=C[C@H](OP(=O)(O)O)C1=CC=C(S)C=C1,26/000000001,"InChI=1S/C9H11O4PS/c1-2-9(13-14(10,11)12)7-3-5-8(15)6-4-7/h2-6,9,15H,1H2,(H2,10,11,12)/t9-/m0/s1",C9H11O4PS,246.011566462,2.311700000000001,4.41,4.64,3.58,-150.0,3.6611092666463527,1,HIGHDIVERSITY_CONCAT,HsDHODH_HighDiv,3,3,66.76,4,9,4,0,0.6,0.26666666666666666,0.0,0.1111111111111111,0.1111111111111111,15,1,0,1,0,0,0,0,0
O=C1NCCN1C1=CC(CCS)=CC(O)=C1,28/000000012,"InChI=1S/C11H14N2O2S/c14-10-6-8(1-4-16)5-9(7-10)13-3-2-12-11(13)15/h5-7,14,16H,1-4H2,(H,12,15)",C11H14N2O2S,238.077598688,1.3941,4.41,2.02,14.5,-140.0,2.744545398425254,1,HIGHDIVERSITY_CONCAT,HsDHODH_HighDiv,3,3,52.57000000000001,3,11,2,2,0.6875,0.125,0.125,0.36363636363636365,0.0,16,2,1,1,1,1,0,0,0
NC1=CC(CCNCCC2=C(Br)C(N=O)=CC(C(=O)CCl)=C2)=NN1,12/000000416,"InChI=1S/C15H17BrClN5O2/c16-15-9(5-10(13(23)8-17)6-12(15)22-24)1-3-19-4-2-11-7-14(18)21-20-11/h5-7,19H,1-4,8H2,(H3,18,20,21)",C15H17N5O2ClBr,413.025414564,2.9486000000000008,4.41,4.08,4.94,0.0,3.387594227640994,1,HIGHDIVERSITY_CONCAT,HsDHODH_HighDiv,6,3,113.22999999999999,9,15,2,5,0.625,0.08333333333333333,0.20833333333333334,0.3333333333333333,0.0,24,2,0,2,1,0,1,0,0
CC[C@@H](CN)C/C=C/C1=C(Br)C(ON)=CC(C(=O)O)=C1,12/000000164,"InChI=1S/C14H19BrN2O3/c1-2-9(8-16)4-3-5-10-6-11(14(18)19)7-12(20-17)13(10)15/h3,5-7,9H,2,4,8,16-17H2,1H3,(H,18,19)/b5-3+/t9-/m1/s1",C14H19N2O3Br,342.05790456799997,2.7880000000000003,4.41,5.91,3.87,-170.0,3.6054778406697703,1,HIGHDIVERSITY_CONCAT,HsDHODH_HighDiv,4,3,98.57000000000001,7,14,3,2,0.7,0.15,0.1,0.35714285714285715,0.07142857142857142,20,1,0,1,0,0,0,0,0
NCC1=CC(=O)C=C(C2=CC=C(CN)C=C2)C1=O,10/000000055,"InChI=1S/C14H14N2O2/c15-7-9-1-3-10(4-2-9)13-6-12(17)5-11(8-16)14(13)18/h1-6H,7-8,15-16H2/p+1",C14H15N2O2,242.105527688,0.5655999999999998,4.4,3.88,2.22,-160.0,3.2836661952226844,1,HIGHDIVERSITY_CONCAT,HsDHODH_HighDiv,4,2,86.18,3,14,2,2,0.7777777777777778,0.1111111111111111,0.1111111111111111,0.14285714285714285,0.0,18,2,1,1,0,0,0,0,0
NCC1=C(C/C=C/[C@H](/C=C\CCl)C2=NN=CS2)OC(C(=O)O)=N1,3/000000289,"InChI=1S/C14H15ClN4O3S/c15-6-2-4-9(13-19-17-8-23-13)3-1-5-11-10(7-16)18-12(22-11)14(20)21/h1-4,8-9H,5-7,16H2,(H,20,21)/b3-1+,4-2-/t9-/m1/s1",C14H15N4O3SCl,354.05533901999996,2.3605,4.4,8.48,6.72,-150.0,4.572222488863606,1,HIGHDIVERSITY_CONCAT,HsDHODH_HighDiv,7,2,115.13,8,14,3,4,0.6086956521739131,0.13043478260869565,0.17391304347826086,0.2857142857142857,0.07142857142857142,23,2,0,2,2,0,2,0,0
O=NC1=CC(C(=O)CCl)=CC(CCNCCN2N=NN=C2S)=C1Br,12/000000437,"InChI=1S/C13H14BrClN6O2S/c14-12-8(5-9(11(22)7-15)6-10(12)18-23)1-2-16-3-4-21-13(24)17-19-20-21/h5-6,16H,1-4,7H2,(H,17,20,24)",C13H14N6O2SClBr,431.9770844680001,2.376000000000001,4.4,6.74,4.94,0.0,3.4409060531289395,1,HIGHDIVERSITY_CONCAT,HsDHODH_HighDiv,9,2,102.13,9,13,2,6,0.5416666666666666,0.08333333333333333,0.25,0.38461538461538464,0.0,24,2,0,2,1,0,1,0,0
O=C1NCCN1C1=CC(O)=CC(/C=C/C2=CNC=NC2)=C1,28/000000110,"InChI=1S/C15H16N4O2/c20-14-6-11(1-2-12-8-16-10-17-9-12)5-13(7-14)19-4-3-18-15(19)21/h1-2,5-8,10,20H,3-4,9H2,(H,16,17)(H,18,21)/b2-1+",C15H16N4O2,284.127325752,1.4504,4.4,0.85,20.3,-120.0,3.474797970999635,1,HIGHDIVERSITY_CONCAT,HsDHODH_HighDiv,4,3,76.96000000000001,3,15,2,4,0.7142857142857143,0.09523809523809523,0.19047619047619047,0.2,0.0,21,3,2,1,2,2,0,0,0
C#CCCCC(=O)/C=C/C1=CC(O)=CC(N2CCNC2=O)=C1,28/000000084,"InChI=1S/C17H18N2O3/c1-2-3-4-5-15(20)7-6-13-10-14(12-16(21)11-13)19-9-8-18-17(19)22/h1,6-7,10-12,21H,3-5,8-9H2,(H,18,22)/b7-6+",C17H18N2O3,298.13174243599997,2.3076,4.4,3.7,3.58,-120.0,2.936229064382788,1,HIGHDIVERSITY_CONCAT,HsDHODH_HighDiv,3,2,69.64,6,17,3,2,0.7727272727272727,0.13636363636363635,0.09090909090909091,0.29411764705882354,0.0,22,2,1,1,1,1,0,0,0
C/C=C/C/C(=C\CN)C(=O)C1=CC(N=O)=C(Br)C=C1O,12/000001037,"InChI=1S/C14H15BrN2O3/c1-2-3-4-9(5-6-16)14(19)10-7-12(17-20)11(15)8-13(10)18/h2-3,5,7-8,18H,4,6,16H2,1H3/b3-2+,9-5+",C14H15N2O3Br,338.02660444,3.586600000000003,4.4,3.81,3.7,-40.0,3.701938872314516,1,HIGHDIVERSITY_CONCAT,HsDHODH_HighDiv,5,2,92.75000000000001,6,14,3,2,0.7,0.15,0.1,0.21428571428571427,0.0,20,1,0,1,0,0,0,0,0
CCCC#CCC1=C(C(=O)O)N=C(C(=O)O)O1,3/000000026,"InChI=1S/C11H11NO5/c1-2-3-4-5-6-7-8(10(13)14)12-9(17-7)11(15)16/h2-3,6H2,1H3,(H,13,14)(H,15,16)",C11H11NO5,237.063722452,1.417,4.4,6.25,21.4,-20.0,3.328294675486041,1,HIGHDIVERSITY_CONCAT,HsDHODH_HighDiv,4,2,100.63,4,11,5,1,0.6470588235294118,0.29411764705882354,0.058823529411764705,0.36363636363636365,0.0,17,1,0,1,1,0,1,0,0
NC(=O)NCC(=O)C1=CC(CONCCl)=C(Br)C(N=O)=C1,12/000000938,"InChI=1S/C11H12BrClN4O4/c12-10-7(4-21-16-5-13)1-6(2-8(10)17-20)9(18)3-15-11(14)19/h1-2,16H,3-5H2,(H3,14,15,19)",C11H12N4O4ClBr,377.97304464399997,1.9154999999999995,4.4,5.57,3.87,-70.0,3.513012041484801,1,HIGHDIVERSITY_CONCAT,HsDHODH_HighDiv,6,3,122.88,8,11,4,4,0.5238095238095238,0.19047619047619047,0.19047619047619047,0.2727272727272727,0.0,21,1,0,1,0,0,0,0,0
CCC/C(C#CCC1=C(CO)N=C(C(=O)O)O1)=C/CCO,3/000000291,"InChI=1S/C15H19NO5/c1-2-5-11(7-4-9-17)6-3-8-13-12(10-18)16-14(21-13)15(19)20/h7,17-18H,2,4-5,8-10H2,1H3,(H,19,20)/b11-7-",C15H19NO5,293.126322708,1.5199,4.4,6.34,23.8,-200.0,3.781916034225274,1,HIGHDIVERSITY_CONCAT,HsDHODH_HighDiv,5,3,103.79,7,15,5,1,0.7142857142857143,0.23809523809523808,0.047619047619047616,0.4666666666666667,0.0,21,1,0,1,1,0,1,0,0
O=C(O)C1=CC=C(N2CCNC2=O)C=C1O,28/000000035,"InChI=1S/C10H10N2O4/c13-8-5-6(1-2-7(8)9(14)15)12-4-3-11-10(12)16/h1-2,5,13H,3-4H2,(H,11,16)(H,14,15)",C10H10N2O4,222.0640568,0.6199999999999999,4.4,3.76,14.8,-120.0,2.211499174649031,1,HIGHDIVERSITY_CONCAT,HsDHODH_HighDiv,3,3,89.87,2,10,4,2,0.625,0.25,0.125,0.2,0.0,16,2,1,1,1,1,0,0,0
CCOC/C=C/C=C/C1=CC(N2CCNC2=O)=CC(O)=C1,28/000000239,"InChI=1S/C16H20N2O3/c1-2-21-9-5-3-4-6-13-10-14(12-15(19)11-13)18-8-7-17-16(18)20/h3-6,10-12,19H,2,7-9H2,1H3,(H,17,20)/b5-3+,6-4+",C16H20N2O3,288.1473925,2.5277000000000003,4.4,1.2,18.2,-160.0,2.9311636204321694,1,HIGHDIVERSITY_CONCAT,HsDHODH_HighDiv,3,2,61.8,6,16,3,2,0.7619047619047619,0.14285714285714285,0.09523809523809523,0.3125,0.0,21,2,1,1,1,1,0,0,0
NN[C@H](C#CC1=CC(CCS)=CC(O)=C1)CCO,23/000000215,"InChI=1S/C13H18N2O2S/c14-15-12(3-5-16)2-1-10-7-11(4-6-18)9-13(17)8-10/h7-9,12,15-18H,3-6,14H2/t12-/m1/s1",C13H18N2O2S,266.108898816,0.43029999999999996,4.4,0.04,17.1,-150.0,3.876901881526657,1,HIGHDIVERSITY_CONCAT,HsDHODH_HighDiv,5,5,78.51,5,13,2,2,0.7222222222222222,0.1111111111111111,0.1111111111111111,0.38461538461538464,0.07692307692307693,18,1,0,1,0,0,0,0,0
O=C(/C=C\C1=NN=C(S)O1)CC1=C(CO)N=C(C(=O)O)O1,3/000000023,"InChI=1S/C11H9N3O6S/c15-4-6-7(19-9(12-6)10(17)18)3-5(16)1-2-8-13-14-11(21)20-8/h1-2,15H,3-4H2,(H,14,21)(H,17,18)/b2-1-",C11H9N3O6S,311.021206008,0.3618,4.4,5.68,5.21,0.0,3.7335261138008704,1,HIGHDIVERSITY_CONCAT,HsDHODH_HighDiv,9,3,139.55,6,11,6,3,0.5238095238095238,0.2857142857142857,0.14285714285714285,0.18181818181818182,0.0,21,2,0,2,2,0,2,0,0
NC(=O)C1=CC(N=O)=C(Br)C(NC(N)N)=C1,12/000000081,"InChI=1S/C8H10BrN5O2/c9-6-4(13-8(11)12)1-3(7(10)15)2-5(6)14-16/h1-2,8,13H,11-12H2,(H2,10,15)",C8H9N5O2Br,287.00178666,0.5588,4.4,4.65,18.0,0.0,3.295056167656025,1,HIGHDIVERSITY_CONCAT,HsDHODH_HighDiv,6,4,136.59,4,8,2,5,0.5,0.125,0.3125,0.125,0.0,16,1,0,1,0,0,0,0,0
CCNCCC1=C(Br)C(ON)=CC(C(=O)OCF)=C1,12/000001382,"InChI=1S/C12H16BrFN2O3/c1-2-16-4-3-8-5-9(12(17)18-7-14)6-10(19-15)11(8)13/h5-6,16H,2-4,7,15H2,1H3",C12H16N2O3FBr,334.03283269199994,1.9374,4.4,3.76,3.87,-20.0,2.9673649198558785,1,HIGHDIVERSITY_CONCAT,HsDHODH_HighDiv,5,2,73.58,7,12,3,2,0.631578947368421,0.15789473684210525,0.10526315789473684,0.4166666666666667,0.0,19,1,0,1,0,0,0,0,0
NOC1=C(Br)C(CS)=CC(C(=O)O)=C1,12/000001114,"InChI=1S/C8H8BrNO3S/c9-7-5(3-14)1-4(8(11)12)2-6(7)13-10/h1-2,14H,3,10H2,(H,11,12)",C8H8NO3SBr,276.940826216,1.8296,4.4,5.6,13.8,0.0,3.007713849725402,1,HIGHDIVERSITY_CONCAT,HsDHODH_HighDiv,4,3,72.55,3,8,3,1,0.5714285714285714,0.21428571428571427,0.07142857142857142,0.125,0.0,14,1,0,1,0,0,0,0,0
CNC/C=C(\CN)C(=O)C1=CC(N=O)=C(Br)C=C1O,12/000000474,"InChI=1S/C12H14BrN3O3/c1-15-3-2-7(6-14)12(18)8-4-10(16-19)9(13)5-11(8)17/h2,4-5,15,17H,3,6,14H2,1H3/b7-2+",C12H14N3O3Br,327.02185340799997,1.8397999999999999,4.39,3.74,2.35,-60.0,3.613124056646689,1,HIGHDIVERSITY_CONCAT,HsDHODH_HighDiv,6,3,104.77999999999999,6,12,3,3,0.631578947368421,0.15789473684210525,0.15789473684210525,0.25,0.0,19,1,0,1,0,0,0,0,0
CC[C@@H](CNC(=O)C1=CC(N=O)=C(I)C=C1)NN,5/000000054,"InChI=1S/C11H15IN4O2/c1-2-8(15-13)6-14-11(17)7-3-4-9(12)10(5-7)16-18/h3-5,8,15H,2,6,13H2,1H3,(H,14,17)/t8-/m0/s1",C11H15N4O2I,362.0239737200001,1.6607999999999998,4.39,1.6,3.85,-190.0,3.350377523598872,1,HIGHDIVERSITY_CONCAT,HsDHODH_HighDiv,5,3,96.58,6,11,2,4,0.6111111111111112,0.1111111111111111,0.2222222222222222,0.36363636363636365,0.09090909090909091,18,1,0,1,0,0,0,0,0
O=C1NCCN1C1=CC(CSCO)=CC(O)=C1,28/000000096,"InChI=1S/C11H14N2O3S/c14-7-17-6-8-3-9(5-10(15)4-8)13-2-1-12-11(13)16/h3-5,14-15H,1-2,6-7H2,(H,12,16)",C11H14N2O3S,254.072513308,1.1047999999999998,4.39,3.25,15.7,-120.0,2.8123098510713262,1,HIGHDIVERSITY_CONCAT,HsDHODH_HighDiv,4,3,72.80000000000001,4,11,3,2,0.6470588235294118,0.17647058823529413,0.11764705882352941,0.36363636363636365,0.0,17,2,1,1,1,1,0,0,0
CCCCC1=C(CC)C(O)=CC(N2CCNC2=O)=C1,28/000000304,"InChI=1S/C15H22N2O2/c1-3-5-6-11-9-12(10-14(18)13(11)4-2)17-8-7-16-15(17)19/h9-10,18H,3-8H2,1-2H3,(H,16,19)",C15H22N2O2,262.168127944,2.8268000000000004,4.39,5.93,14.4,-200.0,2.585321802740772,1,HIGHDIVERSITY_CONCAT,HsDHODH_HighDiv,2,2,52.57,5,15,2,2,0.7894736842105263,0.10526315789473684,0.10526315789473684,0.5333333333333333,0.0,19,2,1,1,1,1,0,0,0
C=CCCCCC1=CC(O)=CC(N2CCNC2=O)=C1,28/000000414,"InChI=1S/C15H20N2O2/c1-2-3-4-5-6-12-9-13(11-14(18)10-12)17-8-7-16-15(17)19/h2,9-11,18H,1,3-8H2,(H,16,19)",C15H20N2O2,260.15247788,2.8206000000000007,4.39,2.53,15.4,-120.0,2.544502789678365,1,HIGHDIVERSITY_CONCAT,HsDHODH_HighDiv,2,2,52.57,6,15,2,2,0.7894736842105263,0.10526315789473684,0.10526315789473684,0.4,0.0,19,2,1,1,1,1,0,0,0
C=C[C@@H](S)CC(=O)C1=CC(CNC)=C(Br)C(N=O)=C1,12/000000381,"InChI=1S/C13H15BrN2O2S/c1-3-10(19)6-12(17)8-4-9(7-15-2)13(14)11(5-8)16-18/h3-5,10,15,19H,1,6-7H2,2H3/p+1/t10-/m1/s1",C13H16N2O2SBr,342.00376082,3.6236000000000024,4.39,3.36,3.85,-190.0,4.816179163765142,1,HIGHDIVERSITY_CONCAT,HsDHODH_HighDiv,5,2,58.53,7,13,2,2,0.6842105263157895,0.10526315789473684,0.10526315789473684,0.3076923076923077,0.07692307692307693,19,1,0,1,0,0,0,0,0
NC/C(=C\C(N)=O)C(=O)C1=CC(N=O)=C(Br)C=C1O,12/000000555,"InChI=1S/C11H10BrN3O4/c12-7-3-9(16)6(2-8(7)15-19)11(18)5(4-13)1-10(14)17/h1-3,16H,4,13H2,(H2,14,17)/b5-1+",C11H10N3O4Br,326.9854679,1.1056999999999997,4.39,4.61,2.35,-20.0,3.4779784819860566,1,HIGHDIVERSITY_CONCAT,HsDHODH_HighDiv,6,3,135.84,5,11,4,3,0.5789473684210527,0.21052631578947367,0.15789473684210525,0.09090909090909091,0.0,19,1,0,1,0,0,0,0,0
CN[C@@H](N)C(=O)C1=CC(N=O)=C(Br)C=C1N=O,12/000000117,"InChI=1S/C9H9BrN4O3/c1-12-9(11)8(15)4-2-7(14-17)5(10)3-6(4)13-16/h2-3,9,12H,11H2,1H3/t9-/m1/s1",C9H9N4O3Br,299.985802248,1.9318000000000002,4.39,4.8,2.48,-170.0,4.238341960452223,1,HIGHDIVERSITY_CONCAT,HsDHODH_HighDiv,7,2,113.97999999999999,5,9,3,4,0.5294117647058824,0.17647058823529413,0.23529411764705882,0.2222222222222222,0.1111111111111111,17,1,0,1,0,0,0,0,0
NC(N)NC1=C(Br)C(N=O)=CC(C(=O)CCl)=C1,12/000000935,"InChI=1S/C9H10BrClN4O2/c10-8-5(14-9(12)13)1-4(7(16)3-11)2-6(8)15-17/h1-2,9,14H,3,12-13H2",C9H9N4O2ClBr,319.96756533999996,1.8813999999999995,4.39,3.83,18.9,0.0,3.43551273568671,1,HIGHDIVERSITY_CONCAT,HsDHODH_HighDiv,6,3,110.57,5,9,2,4,0.5294117647058824,0.11764705882352941,0.23529411764705882,0.2222222222222222,0.0,17,1,0,1,0,0,0,0,0
O=C(O)C1=NN=C([C@H](S)/C=C/C2=NC(CCl)=NN2C(=O)CO)N1,8/000000024,"InChI=1S/C11H11ClN6O4S/c12-3-6-13-7(18(17-6)8(20)4-19)2-1-5(23)9-14-10(11(21)22)16-15-9/h1-2,5,19,23H,3-4H2,(H,21,22)(H,14,15,16)/b2-1+/t5-/m1/s1",C11H10N6O4SCl,358.02510151200005,0.1499999999999998,4.39,2.68,5.21,-150.0,4.648447239497588,1,HIGHDIVERSITY_CONCAT,HsDHODH_HighDiv,9,4,146.87999999999997,6,11,4,6,0.4782608695652174,0.17391304347826086,0.2608695652173913,0.2727272727272727,0.09090909090909091,23,2,0,2,2,0,2,0,0
NNCC(=O)C1=CC(=O)C=C([C@H](Br)CCC#CC2=CC=CN2)C1=O,10/000000175,"InChI=1S/C17H16BrN3O3/c18-15(6-2-1-4-11-5-3-7-20-11)13-8-12(22)9-14(17(13)24)16(23)10-21-19/h3,5,7-9,15,20-21H,2,6,10,19H2/t15-/m1/s1",C17H16N3O3Br,389.037503472,0.9468999999999999,4.39,3.9,5.08,-150.0,4.454599709582167,1,HIGHDIVERSITY_CONCAT,HsDHODH_HighDiv,5,3,105.04999999999998,6,17,3,3,0.7083333333333334,0.125,0.125,0.23529411764705882,0.058823529411764705,24,2,1,1,1,0,1,0,0
C=CCONCC1=CNC(=O)C2=C1C=C(C(=O)O)N2CC,3/000000047,"InChI=1S/C14H17N3O4/c1-3-5-21-16-8-9-7-15-13(18)12-10(9)6-11(14(19)20)17(12)4-2/h3,6-7,16H,1,4-5,8H2,2H3,(H,15,18)(H,19,20)",C14H17N3O4,291.12190602400005,1.2548999999999997,4.39,5.31,23.8,-60.0,3.1217194825011347,1,HIGHDIVERSITY_CONCAT,HsDHODH_HighDiv,5,3,96.35,7,14,4,3,0.6666666666666666,0.19047619047619047,0.14285714285714285,0.2857142857142857,0.0,21,2,0,2,2,0,2,0,0
NCC1=CC(C2=CC(O)=C(F)C=C2N=O)=C(C=S)N1,6/000000148,"InChI=1S/C12H10FN3O2S/c13-9-3-10(16-18)8(2-12(9)17)7-1-6(4-14)15-11(7)5-19/h1-3,5,15,17H,4,14H2/p+1",C12H11N3O2SF,279.04777578,2.7308000000000003,4.39,5.29,23.0,-120.0,4.307520837015641,1,HIGHDIVERSITY_CONCAT,HsDHODH_HighDiv,5,3,91.47,4,12,2,3,0.631578947368421,0.10526315789473684,0.15789473684210525,0.08333333333333333,0.0,19,2,0,2,1,0,1,0,0
O=NC1=C(I)C(C2=NC(CC(=O)O)=NN2)=NC=C1,4/000000210,"InChI=1S/C9H6IN5O3/c10-7-4(15-18)1-2-11-8(7)9-12-5(13-14-9)3-6(16)17/h1-2H,3H2,(H,16,17)(H,12,13,14)",C9H6N5O3I,358.95153705200005,1.4963,4.38,5.62,21.6,-120.0,3.3906969644534524,1,HIGHDIVERSITY_CONCAT,HsDHODH_HighDiv,6,2,121.19000000000001,4,9,3,5,0.5,0.16666666666666666,0.2777777777777778,0.1111111111111111,0.0,18,2,0,2,2,0,2,0,0
CCNC[C@H](F)C1=C(Br)C(ON)=CC(C(=O)O)=C1,12/000001190,"InChI=1S/C11H14BrFN2O3/c1-2-15-5-8(13)7-3-6(11(16)17)4-9(18-14)10(7)12/h3-4,8,15H,2,5,14H2,1H3,(H,16,17)/t8-/m0/s1",C11H14N2O3FBr,320.01718262799994,2.0199,4.38,4.73,17.2,-170.0,3.560196381526658,1,HIGHDIVERSITY_CONCAT,HsDHODH_HighDiv,4,3,84.58,6,11,3,2,0.6111111111111112,0.16666666666666666,0.1111111111111111,0.36363636363636365,0.09090909090909091,18,1,0,1,0,0,0,0,0
C#CCCC1=CC(C(=O)[C@H]2CCNC2=N)=CC(N=O)=C1Br,12/000000082,"InChI=1S/C15H14BrN3O2/c1-2-3-4-9-7-10(8-12(19-21)13(9)16)14(20)11-5-6-18-15(11)17/h1,7-8,11H,3-6H2,(H2,17,18)/t11-/m1/s1",C15H14N3O2Br,347.026938788,3.182270000000001,4.38,5.99,3.58,-170.0,4.301582235118106,1,HIGHDIVERSITY_CONCAT,HsDHODH_HighDiv,4,2,82.38,5,15,2,3,0.7142857142857143,0.09523809523809523,0.14285714285714285,0.3333333333333333,0.06666666666666667,21,2,1,1,1,1,0,0,0
C=CC(=O)C1=CC(N=O)=C(Br)C(CCC(=O)NO)=C1,12/000000699,"InChI=1S/C12H11BrN2O4/c1-2-10(16)8-5-7(3-4-11(17)15-19)12(13)9(6-8)14-18/h2,5-6,19H,1,3-4H2,(H,15,17)",C12H11N2O4Br,325.990218932,2.6536999999999997,4.38,3.72,3.58,0.0,3.1350679480494037,1,HIGHDIVERSITY_CONCAT,HsDHODH_HighDiv,5,2,95.83,6,12,4,2,0.631578947368421,0.21052631578947367,0.10526315789473684,0.16666666666666666,0.0,19,1,0,1,0,0,0,0,0
FC1=CC(S)=C(Br)C(NC2=CN=CC(O[C@@H]3CCOC3)=C2)=C1,16/000000001,"InChI=1S/C15H14BrFN2O2S/c16-15-13(3-9(17)4-14(15)22)19-10-5-12(7-18-6-10)21-11-1-2-20-8-11/h3-7,11,19,22H,1-2,8H2/t11-/m1/s1",C15H14N2O2SFBr,383.99433900799994,4.183200000000002,4.38,7.06,19.3,-150.0,3.4212549995346873,1,HIGHDIVERSITY_CONCAT,HsDHODH_HighDiv,5,2,43.38000000000001,4,15,2,2,0.6818181818181818,0.09090909090909091,0.09090909090909091,0.26666666666666666,0.06666666666666667,22,3,1,2,2,1,1,0,0
O=C(/C=C/C1=NN=C([C@H](S)/C=C/C2=NC(CCl)=NN2)N1)NO,8/000000020,"InChI=1S/C11H12ClN7O2S/c12-5-9-13-7(15-17-9)2-1-6(22)11-14-8(16-18-11)3-4-10(20)19-21/h1-4,6,21-22H,5H2,(H,19,20)(H,13,15,17)(H,14,16,18)/b2-1+,4-3+/t6-/m1/s1",C11H12N7O2SCl,341.0461713040001,0.8644999999999998,4.38,-0.14,5.09,-190.0,4.617865882200409,1,HIGHDIVERSITY_CONCAT,HsDHODH_HighDiv,7,5,132.46999999999997,6,11,2,7,0.5,0.09090909090909091,0.3181818181818182,0.18181818181818182,0.09090909090909091,22,2,0,2,2,0,2,0,0
NCC1=CC(=O)C=C(C2=CC=C(I)C(CN)=C2)C1=O,10/000000044,"InChI=1S/C14H13IN2O2/c15-13-2-1-8(3-9(13)6-16)12-5-11(18)4-10(7-17)14(12)19/h1-5H,6-7,16-17H2",C14H13N2O2I,368.002175656,1.1702000000000001,4.38,4.05,2.22,-160.0,3.1028841506251084,1,HIGHDIVERSITY_CONCAT,HsDHODH_HighDiv,4,2,86.18,3,14,2,2,0.7368421052631579,0.10526315789473684,0.10526315789473684,0.14285714285714285,0.0,19,2,1,1,0,0,0,0,0
C/C=C(\C)CONCC1=CNC(=O)C2=C1C=C(C(=O)O)N2,3/000000017,"InChI=1S/C14H17N3O4/c1-3-8(2)7-21-16-6-9-5-15-13(18)12-10(9)4-11(17-12)14(19)20/h3-5,16-17H,6-7H2,1-2H3,(H,15,18)(H,19,20)/b8-3+",C14H17N3O4,291.12190602400005,1.5417999999999998,4.38,6.6,23.8,-120.0,3.3545783684427786,1,HIGHDIVERSITY_CONCAT,HsDHODH_HighDiv,4,4,107.21000000000001,6,14,4,3,0.6666666666666666,0.19047619047619047,0.14285714285714285,0.2857142857142857,0.0,21,2,0,2,2,0,2,0,0
O=NC1=C(Br)C=C(O)C(C(=O)/C(=C/CF)CO)=C1,12/000001082,"InChI=1S/C11H9BrFNO4/c12-8-4-10(16)7(3-9(8)14-18)11(17)6(5-15)1-2-13/h1,3-4,15-16H,2,5H2/b6-1+",C11H9NO4FBr,316.969898088,2.623500000000001,4.38,4.02,2.35,-40.0,3.681706772145761,1,HIGHDIVERSITY_CONCAT,HsDHODH_HighDiv,5,2,86.96,5,11,4,1,0.6111111111111112,0.2222222222222222,0.05555555555555555,0.18181818181818182,0.0,18,1,0,1,0,0,0,0,0
CC#CCCC#CCC1=C(Br)C(ON)=CC(C(=O)O)=C1,12/000001439,"InChI=1S/C15H14BrNO3/c1-2-3-4-5-6-7-8-11-9-12(15(18)19)10-13(20-17)14(11)16/h9-10H,4-5,8,17H2,1H3,(H,18,19)",C15H14NO3Br,335.015705408,2.7492,4.38,8.32,2.48,-20.0,3.407366984202626,1,HIGHDIVERSITY_CONCAT,HsDHODH_HighDiv,3,2,72.55,4,15,3,1,0.75,0.15,0.05,0.26666666666666666,0.0,20,1,0,1,0,0,0,0,0
NOC1=C(Br)C(CCO)=CC(C(=O)O)=C1,12/000001115,"InChI=1S/C9H10BrNO4/c10-8-5(1-2-12)3-6(9(13)14)4-7(8)15-11/h3-4,12H,1-2,11H2,(H,13,14)",C9H10NO4Br,274.9793199,0.9346000000000003,4.38,5.69,2.48,0.0,2.721128503419303,1,HIGHDIVERSITY_CONCAT,HsDHODH_HighDiv,4,3,92.78000000000002,4,9,4,1,0.6,0.26666666666666666,0.06666666666666667,0.2222222222222222,0.0,15,1,0,1,0,0,0,0,0
C=C[C@H](N)C1=C(I)C=C(O)C([N+](=O)[O-])=C1,5/000000060,"InChI=1S/C9H9IN2O3/c1-2-7(11)5-3-8(12(14)15)9(13)4-6(5)10/h2-4,7,13H,1,11H2/t7-/m0/s1",C9H9N2O3I,319.965790148,2.0907999999999998,4.37,5.63,2.74,-150.0,3.6051628169422103,1,HIGHDIVERSITY_CONCAT,HsDHODH_HighDiv,4,2,89.39,3,9,3,2,0.6,0.2,0.13333333333333333,0.1111111111111111,0.1111111111111111,15,1,0,1,0,0,0,0,0
C=C[C@@H](C#CC1=CC(CO)=CC(O)=C1)CCO,23/000000146,"InChI=1S/C14H16O3/c1-2-11(5-6-15)3-4-12-7-13(10-16)9-14(17)8-12/h2,7-9,11,15-17H,1,5-6,10H2/t11-/m0/s1",C14H16O3,232.109944372,1.4206,4.37,2.16,14.6,-150.0,3.679754922809016,1,HIGHDIVERSITY_CONCAT,HsDHODH_HighDiv,3,3,60.69,4,14,3,0,0.8235294117647058,0.17647058823529413,0.0,0.2857142857142857,0.07142857142857142,17,1,0,1,0,0,0,0,0
C/C(=C\CO)C1=C([N+](=O)[O-])OC(C(=O)O)=C1,3/000000160,"InChI=1S/C9H9NO6/c1-5(2-3-11)6-4-7(9(12)13)16-8(6)10(14)15/h2,4,11H,3H2,1H3,(H,12,13)/b5-2+",C9H9NO6,227.042987008,1.2816,4.37,7.71,19.4,-20.0,3.2410462775461344,1,HIGHDIVERSITY_CONCAT,HsDHODH_HighDiv,5,2,113.81000000000002,4,9,6,1,0.5625,0.375,0.0625,0.2222222222222222,0.0,16,1,0,1,1,0,1,0,0
O=C(O)CC1=NNC(C2=NC(C=S)=CC=C2I)=N1,4/000000205,"InChI=1S/C10H7IN4O2S/c11-6-2-1-5(4-18)12-9(6)10-13-7(14-15-10)3-8(16)17/h1-2,4H,3H2,(H,16,17)(H,13,14,15)",C10H7N4O2SI,373.93344446400005,1.4461999999999997,4.37,6.38,21.7,-120.0,3.543971118299607,1,HIGHDIVERSITY_CONCAT,HsDHODH_HighDiv,5,2,91.75999999999999,4,10,2,4,0.5555555555555556,0.1111111111111111,0.2222222222222222,0.1,0.0,18,2,0,2,2,0,2,0,0
C=CNC1=CC=C(S)C2=C1C=C(CO)O2,10/000000210,"InChI=1S/C11H11NO2S/c1-2-12-9-3-4-10(15)11-8(9)5-7(6-13)14-11/h2-5,12-13,15H,1,6H2",C11H11NO2S,221.051049592,2.769200000000002,4.37,5.42,14.1,-40.0,3.4278968550676536,1,HIGHDIVERSITY_CONCAT,HsDHODH_HighDiv,4,3,45.4,3,11,2,1,0.7333333333333333,0.13333333333333333,0.06666666666666667,0.09090909090909091,0.0,15,2,0,2,1,0,1,0,0
O=C1NCCN1C1=CC(CCCCS)=CC(O)=C1,28/000000249,"InChI=1S/C13H18N2O2S/c16-12-8-10(3-1-2-6-18)7-11(9-12)15-5-4-14-13(15)17/h7-9,16,18H,1-6H2,(H,14,17)",C13H18N2O2S,266.108898816,2.1742999999999997,4.37,0.52,15.7,-140.0,2.653734883005489,1,HIGHDIVERSITY_CONCAT,HsDHODH_HighDiv,3,3,52.57000000000001,5,13,2,2,0.7222222222222222,0.1111111111111111,0.1111111111111111,0.46153846153846156,0.0,18,2,1,1,1,1,0,0,0
OC1=C(Br)C(NC2=CC=C3N=C[C@H](S)C3=C2)=CC(F)=C1,16/000000029,"InChI=1S/C14H10BrFN2OS/c15-14-11(3-7(16)4-12(14)19)18-8-1-2-10-9(5-8)13(20)6-17-10/h1-6,13,18-20H/t13-/m0/s1",C14H10N2OSFBr,351.96812426,4.724200000000003,4.37,7.45,19.3,-190.0,3.6966842509261815,1,HIGHDIVERSITY_CONCAT,HsDHODH_HighDiv,4,3,44.62,2,14,1,2,0.7,0.05,0.1,0.07142857142857142,0.07142857142857142,20,3,1,2,1,1,0,0,0
NCNNC[C@@H](Cl)/C=C/C1=CN=C(CO)C=C1,7/000000010,"InChI=1S/C11H17ClN4O/c12-10(6-15-16-8-13)3-1-9-2-4-11(7-17)14-5-9/h1-5,10,15-17H,6-8,13H2/b3-1+/t10-/m0/s1",C11H17N4OCl,256.109088844,0.20489999999999925,4.37,4.52,3.58,-150.0,3.9656840758368377,1,HIGHDIVERSITY_CONCAT,HsDHODH_HighDiv,5,4,83.2,7,11,1,4,0.6470588235294118,0.058823529411764705,0.23529411764705882,0.36363636363636365,0.09090909090909091,17,1,0,1,1,0,1,0,0
CSCC1=C(Br)C(ON)=CC(C(=O)O)=C1,12/000001165,"InChI=1S/C9H10BrNO3S/c1-15-4-6-2-5(9(12)13)3-7(14-11)8(6)10/h2-3H,4,11H2,1H3,(H,12,13)",C9H10NO3SBr,290.95647628,2.2628000000000004,4.37,5.72,14.4,-20.0,2.856176964957763,1,HIGHDIVERSITY_CONCAT,HsDHODH_HighDiv,4,2,72.55,4,9,3,1,0.6,0.2,0.06666666666666667,0.2222222222222222,0.0,15,1,0,1,0,0,0,0,0
NCC1=CC(OCC2=NC=C(C(N)=O)C=C2I)=C2OCC(=O)C2=C1,4/000000304,"InChI=1S/C16H14IN3O4/c17-11-3-9(16(19)22)5-20-12(11)6-23-14-2-8(4-18)1-10-13(21)7-24-15(10)14/h1-3,5H,4,6-7,18H2,(H2,19,22)/p+1",C16H15N3O4I,439.00290392799997,1.3979000000000001,4.37,8.42,3.7,-40.0,3.4289218969865747,1,HIGHDIVERSITY_CONCAT,HsDHODH_HighDiv,6,2,117.53,5,16,4,3,0.6666666666666666,0.16666666666666666,0.125,0.1875,0.0,24,3,1,2,2,1,1,0,0
NOC1=C(Br)C([N+](=O)[O-])=CC(C(=O)O)=C1,12/000001105,"InChI=1S/C7H5BrN2O5/c8-6-4(10(13)14)1-3(7(11)12)2-5(6)15-9/h1-2H,9H2,(H,11,12)",C7H5N2O5Br,275.93818336000004,1.308,4.37,5.11,1.37,0.0,2.68136980519445,1,HIGHDIVERSITY_CONCAT,HsDHODH_HighDiv,5,2,115.69000000000001,3,7,5,2,0.4666666666666667,0.3333333333333333,0.13333333333333333,0.0,0.0,15,1,0,1,0,0,0,0,0
O=NC(=O)C1=CC(O)=C(Br)C(C[C@@H](O)CF)=C1,12/000000275,"InChI=1S/C10H9BrFNO4/c11-9-5(2-7(14)4-12)1-6(3-8(9)15)10(16)13-17/h1,3,7,14-15H,2,4H2/t7-/m1/s1",C10H9NO4FBr,304.96989808800004,1.9341999999999997,4.37,3.5,3.85,-150.0,3.6764865758368384,1,HIGHDIVERSITY_CONCAT,HsDHODH_HighDiv,4,2,86.96000000000001,4,10,4,1,0.5882352941176471,0.23529411764705882,0.058823529411764705,0.3,0.1,17,1,0,1,0,0,0,0,0
C=C/C=C\C(=O)C1=CC(N=O)=C(Br)C(NC(N)N)=C1,12/000000741,"InChI=1S/C12H13BrN4O2/c1-2-3-4-10(18)7-5-8(16-12(14)15)11(13)9(6-7)17-19/h2-6,12,16H,1,14-15H2/b4-3-",C12H11N4O2Br,324.0221877560001,2.3848000000000003,4.37,4.95,21.0,0.0,3.5889014322123005,1,HIGHDIVERSITY_CONCAT,HsDHODH_HighDiv,6,3,110.57,6,12,2,4,0.631578947368421,0.10526315789473684,0.21052631578947367,0.08333333333333333,0.0,19,1,0,1,0,0,0,0,0
O=S(=O)(O)C/C=C/C1=C(Br)C=CC(O[PH](O)(O)O)=C1F,20/000000025,"InChI=1S/C9H11BrFO7PS/c10-7-3-4-8(18-19(12,13)14)9(11)6(7)2-1-5-20(15,16)17/h1-4,12-14,19H,5H2,(H,15,16,17)/b2-1+",C9H8O7PSFBr,391.913050642,1.2548000000000004,4.37,8.25,23.7,0.0,4.179407511367769,1,HIGHDIVERSITY_CONCAT,HsDHODH_HighDiv,6,4,124.29000000000002,5,9,7,0,0.45,0.35,0.0,0.1111111111111111,0.0,20,1,0,1,0,0,0,0,0
C/C=C(C)/C=C/CC1=C(CO)N=C(C(=O)O)O1,3/000000257,"InChI=1S/C12H15NO4/c1-3-8(2)5-4-6-10-9(7-14)13-11(17-10)12(15)16/h3-5,14H,6-7H2,1-2H3,(H,15,16)/b5-4+,8-3+",C12H15NO4,237.10010796,1.93,4.36,3.59,3.85,-80.0,3.5871515316733324,1,HIGHDIVERSITY_CONCAT,HsDHODH_HighDiv,4,2,83.56,5,12,4,1,0.7058823529411765,0.23529411764705882,0.058823529411764705,0.3333333333333333,0.0,17,1,0,1,1,0,1,0,0
NC(=S)NC/C=C/CC1=C([N+](=O)[O-])OC(C(=O)O)=C1,3/000000218,"InChI=1S/C10H11N3O5S/c11-10(19)12-4-2-1-3-6-5-7(9(14)15)18-8(6)13(16)17/h1-2,5H,3-4H2,(H,14,15)(H3,11,12,19)/b2-1+",C10H11N3O5S,285.041941452,0.8179000000000005,4.36,3.99,4.16,-90.0,3.427957540809585,1,HIGHDIVERSITY_CONCAT,HsDHODH_HighDiv,5,3,131.63,6,10,5,3,0.5263157894736842,0.2631578947368421,0.15789473684210525,0.2,0.0,19,1,0,1,1,0,1,0,0
C=CC1=C(O)C=C(N2CCNC2=O)C=C1S,28/000000130,"InChI=1S/C11H12N2O2S/c1-2-8-9(14)5-7(6-10(8)16)13-4-3-12-11(13)15/h2,5-6,14,16H,1,3-4H2,(H,12,15)",C11H12N2O2S,236.061948624,1.8535,4.36,4.18,15.5,-120.0,3.20266036346022,1,HIGHDIVERSITY_CONCAT,HsDHODH_HighDiv,3,3,52.57,2,11,2,2,0.6875,0.125,0.125,0.18181818181818182,0.0,16,2,1,1,1,1,0,0,0
NC/C=C(\CCCl)C(=O)C1=C(O)C=C(Br)C(N=O)=C1,12/000000537,"InChI=1S/C12H12BrClN2O3/c13-9-6-11(17)8(5-10(9)16-19)12(18)7(1-3-14)2-4-15/h2,5-6,17H,1,3-4,15H2/p+1/b7-2+",C12H13N2O3ClBr,345.971982024,3.2493000000000016,4.36,4.34,2.35,-40.0,4.058772020447593,1,HIGHDIVERSITY_CONCAT,HsDHODH_HighDiv,5,2,92.75,6,12,3,2,0.631578947368421,0.15789473684210525,0.10526315789473684,0.25,0.0,19,1,0,1,0,0,0,0,0
CNC(=O)NCCC#CC1=CC(N2CCNC2=O)=CC(O)=C1,28/000000059,"InChI=1S/C15H18N4O3/c1-16-14(21)17-5-3-2-4-11-8-12(10-13(20)9-11)19-7-6-18-15(19)22/h8-10,20H,3,5-7H2,1H3,(H,18,22)(H2,16,17,21)",C15H18N4O3,302.13789043599996,0.5923999999999998,4.36,3.51,22.2,-140.0,2.875491347261198,1,HIGHDIVERSITY_CONCAT,HsDHODH_HighDiv,3,4,93.7,3,15,3,4,0.6818181818181818,0.13636363636363635,0.18181818181818182,0.3333333333333333,0.0,22,2,1,1,1,1,0,0,0
NC/C=C/C1=NN=C(NC2=CC=C(C3=CNN=C3)C=C2)S1,27/000000001,"InChI=1S/C14H14N6S/c15-7-1-2-13-19-20-14(21-13)18-12-5-3-10(4-6-12)11-8-16-17-9-11/h1-6,8-9H,7,15H2,(H,16,17)(H,18,20)/b2-1+",C14H14N6S,298.10006544799995,2.6437,4.36,-0.77,24.8,-160.0,2.8594657047994154,1,HIGHDIVERSITY_CONCAT,HsDHODH_HighDiv,6,3,92.51,5,14,0,6,0.6666666666666666,0.0,0.2857142857142857,0.07142857142857142,0.0,21,3,0,3,2,0,2,0,0
C=C(/C=C(\CN)C(=O)C1=CC(N=O)=C(Br)C=C1O)C(=O)O,12/000000468,"InChI=1S/C13H11BrN2O5/c1-6(13(19)20)2-7(5-15)12(18)8-3-10(16-21)9(14)4-11(8)17/h2-4,17H,1,5,15H2,(H,19,20)/b7-2+",C13H11N2O5Br,353.985133552,2.2612,4.36,4.69,3.7,-90.0,3.706765578474127,1,HIGHDIVERSITY_CONCAT,HsDHODH_HighDiv,6,3,130.05,6,13,5,2,0.6190476190476191,0.23809523809523808,0.09523809523809523,0.07692307692307693,0.0,21,1,0,1,0,0,0,0,0
O=NC1=CC(C(=O)CO)=CC(CCNCCO)=C1Br,12/000000652,"InChI=1S/C12H15BrN2O4/c13-12-8(1-2-14-3-4-16)5-9(11(18)7-17)6-10(12)15-19/h5-6,14,16-17H,1-4,7H2",C12H15N2O4Br,330.02151906,1.1463999999999999,4.36,5.58,3.58,0.0,3.0204169908617953,1,HIGHDIVERSITY_CONCAT,HsDHODH_HighDiv,6,3,98.99000000000001,8,12,4,2,0.631578947368421,0.21052631578947367,0.10526315789473684,0.4166666666666667,0.0,19,1,0,1,0,0,0,0,0
N/C=C\[C@@H](C/C=C/CC1=C(CN)N=C(C(=O)O)O1)C1=CN=NS1,3/000000135,"InChI=1S/C14H17N5O3S/c15-6-5-9(12-8-17-19-23-12)3-1-2-4-11-10(7-16)18-13(22-11)14(20)21/h1-2,5-6,8-9H,3-4,7,15-16H2,(H,20,21)/b2-1+,6-5-/t9-/m1/s1",C14H17N5O3S,335.1052104040001,1.428,4.36,6.59,5.39,-150.0,4.657216571703843,1,HIGHDIVERSITY_CONCAT,HsDHODH_HighDiv,8,3,141.14999999999998,8,14,3,5,0.6086956521739131,0.13043478260869565,0.21739130434782608,0.2857142857142857,0.07142857142857142,23,2,0,2,2,0,2,0,0
O=NC(=O)C1=CC(CO)=C(Br)C(CCC(=O)O)=C1,12/000000175,"InChI=1S/C11H10BrNO5/c12-10-6(1-2-9(15)16)3-7(11(17)13-18)4-8(10)5-14/h3-4,14H,1-2,5H2,(H,15,16)",C11H10NO5Br,314.9742345199999,1.8651999999999997,4.36,4.82,18.1,0.0,2.7639981182996074,1,HIGHDIVERSITY_CONCAT,HsDHODH_HighDiv,4,2,104.03000000000002,5,11,5,1,0.6111111111111112,0.2777777777777778,0.05555555555555555,0.2727272727272727,0.0,18,1,0,1,0,0,0,0,0
CC#CC/C(=C\CN)C(=O)C1=CC(N=O)=C(Br)C=C1O,12/000000502,"InChI=1S/C14H13BrN2O3/c1-2-3-4-9(5-6-16)14(19)10-7-12(17-20)11(15)8-13(10)18/h5,7-8,18H,4,6,16H2,1H3/p+1/b9-5+",C14H14N2O3Br,336.01095437600003,3.0338000000000016,4.36,3.24,3.7,-60.0,4.216413231288874,1,HIGHDIVERSITY_CONCAT,HsDHODH_HighDiv,5,2,92.75000000000001,5,14,3,2,0.7,0.15,0.1,0.21428571428571427,0.0,20,1,0,1,0,0,0,0,0
NCC1=C(C/C=C/[C@H](/C=C\CF)C2=CCOC2)OC(C(=O)O)=N1,3/000000261,"InChI=1S/C16H19FN2O4/c17-7-2-4-11(12-6-8-22-10-12)3-1-5-14-13(9-18)19-15(23-14)16(20)21/h1-4,6,11H,5,7-10,18H2,(H,20,21)/b3-1+,4-2-/t11-/m1/s1",C16H19N2O4F,322.132885308,2.0286999999999997,4.36,8.06,6.72,-150.0,4.813814441526328,1,HIGHDIVERSITY_CONCAT,HsDHODH_HighDiv,5,2,98.58000000000001,8,16,4,2,0.6956521739130435,0.17391304347826086,0.08695652173913043,0.375,0.0625,23,2,1,1,2,1,1,0,0
CC#C/C=C/CCOCC1=C(S)C(O)=CC(NC(N)=S)=C1,29/000000059,"InChI=1S/C15H18N2O2S2/c1-2-3-4-5-6-7-19-10-11-8-12(17-15(16)21)9-13(18)14(11)20/h4-5,8-9,18,20H,6-7,10H2,1H3,(H3,16,17,21)/b5-4+",C15H18N2O2S2,322.08096981600005,2.8226000000000004,4.36,3.61,23.0,-90.0,3.556729827328722,1,HIGHDIVERSITY_CONCAT,HsDHODH_HighDiv,4,4,67.51,6,15,2,2,0.7142857142857143,0.09523809523809523,0.09523809523809523,0.26666666666666666,0.0,21,1,0,1,0,0,0,0,0
NC/C(=C\CC(=O)O)C(=O)C1=CC(N=O)=C(Br)C=C1O,12/000000522,"InChI=1S/C12H11BrN2O5/c13-8-4-10(16)7(3-9(8)15-20)12(19)6(5-14)1-2-11(17)18/h1,3-4,16H,2,5,14H2,(H,17,18)/b6-1+",C12H11N2O5Br,341.985133552,2.0951,4.36,4.26,3.7,-40.0,3.465325084215822,1,HIGHDIVERSITY_CONCAT,HsDHODH_HighDiv,6,3,130.05,6,12,5,2,0.6,0.25,0.1,0.16666666666666666,0.0,20,1,0,1,0,0,0,0,0
C=CC[C@H](N)C1=C(I)C=CC(C/C=C/CNNCCl)=C1,5/000000061,"InChI=1S/C15H21ClIN3/c1-2-5-15(18)13-10-12(7-8-14(13)17)6-3-4-9-19-20-11-16/h2-4,7-8,10,15,19-20H,1,5-6,9,11,18H2/b4-3+/t15-/m0/s1",C15H21N3ClI,405.0468733520001,3.2563000000000013,4.36,3.7,5.39,-190.0,4.098707327849257,1,HIGHDIVERSITY_CONCAT,HsDHODH_HighDiv,3,3,50.08,9,15,0,3,0.75,0.0,0.15,0.3333333333333333,0.06666666666666667,20,1,0,1,0,0,0,0,0
COCC(=O)C1=CC(OCC2=CN=CNC2)=C(Br)C(O)=C1,12/000000706,"InChI=1S/C14H15BrN2O4/c1-20-7-12(19)10-2-11(18)14(15)13(3-10)21-6-9-4-16-8-17-5-9/h2-4,8,18H,5-7H2,1H3,(H,16,17)",C14H15N2O4Br,354.02151906,1.878,4.36,3.98,3.58,-20.0,3.380905158893708,1,HIGHDIVERSITY_CONCAT,HsDHODH_HighDiv,6,2,80.15,6,14,4,2,0.6666666666666666,0.19047619047619047,0.09523809523809523,0.2857142857142857,0.0,21,2,1,1,1,1,0,0,0
C=C(C(C)=O)C1=CC(N2CCNC2=O)=CC(O)=C1,28/000000253,"InChI=1S/C13H14N2O3/c1-8(9(2)16)10-5-11(7-12(17)6-10)15-4-3-14-13(15)18/h5-7,17H,1,3-4H2,2H3,(H,14,18)",C13H14N2O3,246.100442308,1.524,4.36,3.22,16.4,-160.0,2.8619256300735465,1,HIGHDIVERSITY_CONCAT,HsDHODH_HighDiv,3,2,69.64,3,13,3,2,0.7222222222222222,0.16666666666666666,0.1111111111111111,0.23076923076923078,0.0,18,2,1,1,1,1,0,0,0
OCCC[C@H](C#CC1=CC(O)=CC(O)=C1)C1=NN=CO1,23/000000159,"InChI=1S/C14H14N2O4/c17-5-1-2-11(14-16-15-9-20-14)4-3-10-6-12(18)8-13(19)7-10/h6-9,11,17-19H,1-2,5H2/t11-/m1/s1",C14H14N2O4,274.095356928,1.3885999999999998,4.36,6.95,21.2,-150.0,3.8145897165132263,1,HIGHDIVERSITY_CONCAT,HsDHODH_HighDiv,6,3,99.61,4,14,4,2,0.7,0.2,0.1,0.2857142857142857,0.07142857142857142,20,2,0,2,1,0,1,0,0
O=C(O)C1=CC(C/C=C/C[C@H]2CCNC2)=C([N+](=O)[O-])O1,3/000000230,"InChI=1S/C13H16N2O5/c16-13(17)11-7-10(12(20-11)15(18)19)4-2-1-3-9-5-6-14-8-9/h1-2,7,9,14H,3-6,8H2,(H,16,17)/b2-1+/t9-/m0/s1",C13H16N2O5,280.105921612,1.9842999999999997,4.36,5.39,4.16,-150.0,3.7389150201569503,1,HIGHDIVERSITY_CONCAT,HsDHODH_HighDiv,5,2,105.61,6,13,5,2,0.65,0.25,0.1,0.46153846153846156,0.07692307692307693,20,2,1,1,2,1,1,0,0
NOC1=CC(C(=O)O)=CC(NC(O)=S)=C1Br,12/000000204,"InChI=1S/C8H7BrN2O4S/c9-6-4(11-8(14)16)1-3(7(12)13)2-5(6)15-10/h1-2H,10H2,(H,12,13)(H2,11,14,16)",C8H7N2O4SBr,305.93098980400003,1.6546000000000003,4.35,4.61,17.6,0.0,3.110899024798882,1,HIGHDIVERSITY_CONCAT,HsDHODH_HighDiv,4,4,104.81,3,8,4,2,0.5,0.25,0.125,0.0,0.0,16,1,0,1,0,0,0,0,0
NOC1=C(Br)C(N=O)=CC(C(=O)O)=C1,12/000000011,"InChI=1S/C7H5BrN2O4/c8-6-4(10-13)1-3(7(11)12)2-5(6)14-9/h1-2H,9H2,(H,11,12)",C7H5N2O4Br,259.94326874,1.7977,4.35,4.81,14.9,0.0,3.1240739328854863,1,HIGHDIVERSITY_CONCAT,HsDHODH_HighDiv,5,2,101.98,3,7,4,2,0.5,0.2857142857142857,0.14285714285714285,0.0,0.0,14,1,0,1,0,0,0,0,0
NCC1=CC(=O)C=C(C2=CC=C(CNCF)C=C2)C1=O,10/000000163,"InChI=1S/C15H15FN2O2/c16-9-18-8-10-1-3-11(4-2-10)14-6-13(19)5-12(7-17)15(14)20/h1-6,18H,7-9,17H2/p+1",C15H16N2O2F,274.11175594,1.1235000000000002,4.35,4.86,3.58,-160.0,3.639050136050778,1,HIGHDIVERSITY_CONCAT,HsDHODH_HighDiv,4,2,72.19,5,15,2,2,0.75,0.1,0.1,0.2,0.0,20,2,1,1,0,0,0,0,0
NOC1=C(Br)C(CCl)=CC(C(=O)O)=C1,12/000001100,"InChI=1S/C8H7BrClNO3/c9-7-5(3-10)1-4(8(12)13)2-6(7)14-11/h1-2H,3,11H2,(H,12,13)",C8H7NO3ClBr,278.929782864,2.1386000000000003,4.35,4.88,1.37,0.0,2.818668943280496,1,HIGHDIVERSITY_CONCAT,HsDHODH_HighDiv,3,2,72.55,3,8,3,1,0.5714285714285714,0.21428571428571427,0.07142857142857142,0.125,0.0,14,1,0,1,0,0,0,0,0
NC(N)NCC1=CC(C(=O)CCl)=CC(N=O)=C1Br,12/000000430,"InChI=1S/C10H12BrClN4O2/c11-9-6(4-15-10(13)14)1-5(8(17)3-12)2-7(9)16-18/h1-2,10,15H,3-4,13-14H2",C10H10N4O2ClBr,333.983215404,1.5590999999999997,4.35,4.55,5.09,0.0,3.3666865798380687,1,HIGHDIVERSITY_CONCAT,HsDHODH_HighDiv,6,3,110.57,6,10,2,4,0.5555555555555556,0.1111111111111111,0.2222222222222222,0.3,0.0,18,1,0,1,0,0,0,0,0
NCCC/C(N)=C/C1=CN=C(C2=C(CCl)C(=O)C=CC2=O)C=C1Br,10/000000183,"InChI=1S/C17H17BrClN3O2/c18-13-7-14(17-12(8-19)15(23)3-4-16(17)24)22-9-10(13)6-11(21)2-1-5-20/h3-4,6-7,9H,1-2,5,8,20-21H2/p+1/b11-6-",C17H18N3O2ClBr,409.01926656399996,2.583000000000001,4.35,8.97,24.2,-160.0,4.028619517276731,1,HIGHDIVERSITY_CONCAT,HsDHODH_HighDiv,5,2,99.07,6,17,2,3,0.7083333333333334,0.08333333333333333,0.125,0.23529411764705882,0.0,24,2,1,1,1,0,1,0,0
C#CCCC1=CC(O)=CC(C#C[C@@H](CCO)CNN)=C1,23/000000211,"InChI=1S/C16H20N2O2/c1-2-3-4-14-9-15(11-16(20)10-14)6-5-13(7-8-19)12-18-17/h1,9-11,13,18-20H,3-4,7-8,12,17H2/t13-/m0/s1",C16H20N2O2,272.15247788,0.7714000000000001,4.35,1.99,19.2,-170.0,3.938447987189917,1,HIGHDIVERSITY_CONCAT,HsDHODH_HighDiv,4,4,78.51,6,16,2,2,0.8,0.1,0.1,0.375,0.0625,20,1,0,1,0,0,0,0,0
O=C1NCCN1[C@H](CO)CCCOC1=NC(Br)=CC=C1,28/000000005,"InChI=1S/C13H18BrN3O3/c14-11-4-1-5-12(16-11)20-8-2-3-10(9-18)17-7-6-15-13(17)19/h1,4-5,10,18H,2-3,6-9H2,(H,15,19)/t10-/m0/s1",C13H18N3O3Br,343.053153536,1.3891999999999998,4.35,2.7,5.09,-150.0,3.307497408820918,1,HIGHDIVERSITY_CONCAT,HsDHODH_HighDiv,4,2,74.69000000000001,7,13,3,3,0.65,0.15,0.15,0.5384615384615384,0.07692307692307693,20,2,1,1,2,1,1,0,0
NOC1=C(Br)C(CF)=CC(C(=O)O)=C1,12/000000700,"InChI=1S/C8H7BrFNO3/c9-7-5(3-10)1-4(8(12)13)2-6(7)14-11/h1-2H,3,11H2,(H,12,13)",C8H7NO3FBr,262.959333404,1.8693000000000002,4.35,5.18,14.0,0.0,2.9049903570019087,1,HIGHDIVERSITY_CONCAT,HsDHODH_HighDiv,3,2,72.55,3,8,3,1,0.5714285714285714,0.21428571428571427,0.07142857142857142,0.125,0.0,14,1,0,1,0,0,0,0,0
O=C(O)C1=NC([C@H](O)C2=NN=CN2)=CO1,3/000000288,"InChI=1S/C7H6N4O4/c12-4(5-8-2-9-11-5)3-1-15-6(10-3)7(13)14/h1-2,4,12H,(H,13,14)(H,8,9,11)/t4-/m0/s1",C7H6N4O4,210.038904672,-0.42740000000000045,4.35,6.5,2.22,-150.0,4.301670255657342,1,HIGHDIVERSITY_CONCAT,HsDHODH_HighDiv,6,3,125.13000000000001,3,7,4,4,0.4666666666666667,0.26666666666666666,0.26666666666666666,0.14285714285714285,0.14285714285714285,15,2,0,2,2,0,2,0,0
CC(=O)C1=NC=C([C@H](O)C#CC2=CC(S)=C(S)C=C2Br)C=N1,29/000000027,"InChI=1S/C15H11BrN2O2S2/c1-8(19)15-17-6-10(7-18-15)12(20)3-2-9-4-13(21)14(22)5-11(9)16/h4-7,12,20-22H,1H3/t12-/m1/s1",C15H11N2O2S2Br,393.94453169200006,3.1042000000000014,4.34,4.56,3.7,-190.0,4.137039505029193,1,HIGHDIVERSITY_CONCAT,HsDHODH_HighDiv,6,3,63.08,2,15,2,2,0.6818181818181818,0.09090909090909091,0.09090909090909091,0.13333333333333333,0.06666666666666667,22,2,0,2,1,0,1,0,0
NCC1=CC(C/C=C/CNN)=CC=C1I,5/000000005,"InChI=1S/C11H16IN3/c12-11-5-4-9(7-10(11)8-13)3-1-2-6-15-14/h1-2,4-5,7,15H,3,6,8,13-14H2/b2-1+",C11H16N3I,317.03889551199995,1.3118999999999998,4.34,1.21,3.85,0.0,3.1923309210017186,1,HIGHDIVERSITY_CONCAT,HsDHODH_HighDiv,3,3,64.07,5,11,0,3,0.7333333333333333,0.0,0.2,0.2727272727272727,0.0,15,1,0,1,0,0,0,0,0
CC#CCCSCC1=CC(O)=CC(N2CCNC2=O)=C1,28/000000058,"InChI=1S/C15H18N2O2S/c1-2-3-4-7-20-11-12-8-13(10-14(18)9-12)17-6-5-16-15(17)19/h8-10,18H,4-7,11H2,1H3,(H,16,19)",C15H18N2O2S,290.10889881599996,2.5684000000000005,4.34,2.52,19.7,-140.0,3.009221868265932,1,HIGHDIVERSITY_CONCAT,HsDHODH_HighDiv,3,2,52.57,5,15,2,2,0.75,0.1,0.1,0.4,0.0,20,2,1,1,1,1,0,0,0
SC1=CC=C(C2=CN=CC=C2)C=C1CCC1=NCON1,3/000000319,"InChI=1S/C15H15N3OS/c20-14-5-3-11(13-2-1-7-16-9-13)8-12(14)4-6-15-17-10-19-18-15/h1-3,5,7-9,20H,4,6,10H2,(H,17,18)",C15H15N3OS,285.09358310000005,2.8607000000000005,4.34,6.49,15.8,-160.0,3.195060515078529,1,HIGHDIVERSITY_CONCAT,HsDHODH_HighDiv,5,2,46.510000000000005,4,15,1,3,0.75,0.05,0.15,0.2,0.0,20,3,1,2,2,1,1,0,0
O=C1NCCN1C1=CC(CSCC2=NON=C2)=CC(O)=C1,28/000000113,"InChI=1S/C13H14N4O3S/c18-12-4-9(7-21-8-10-6-15-20-16-10)3-11(5-12)17-2-1-14-13(17)19/h3-6,18H,1-2,7-8H2,(H,14,19)",C13H14N4O3S,306.07866130799994,1.7382,4.34,2.24,23.3,-120.0,3.231039837330025,1,HIGHDIVERSITY_CONCAT,HsDHODH_HighDiv,6,2,91.49000000000001,5,13,3,4,0.6190476190476191,0.14285714285714285,0.19047619047619047,0.3076923076923077,0.0,21,3,1,2,2,1,1,0,0
O=C(O)C1=COC=C1/C=C/C1=C(Br)C=C(S)C(S)=C1,29/000000004,"InChI=1S/C13H9BrO3S2/c14-10-4-12(19)11(18)3-7(10)1-2-8-5-17-6-9(8)13(15)16/h1-6,18-19H,(H,15,16)/b2-1+",C13H9O3S2Br,355.9176482480001,4.488100000000002,4.34,6.47,2.22,0.0,3.559775274885464,1,HIGHDIVERSITY_CONCAT,HsDHODH_HighDiv,4,3,50.44,3,13,3,0,0.6842105263157895,0.15789473684210525,0.0,0.0,0.0,19,2,0,2,1,0,1,0,0
N[C@@H](COC(=O)C1=CC(N=O)=C(Br)C(S)=C1)C(=O)O,12/000000433,"InChI=1S/C10H9BrN2O5S/c11-8-6(13-17)1-4(2-7(8)19)10(16)18-3-5(12)9(14)15/h1-2,5,19H,3,12H2,(H,14,15)/t5-/m0/s1",C10H9N2O5SBr,347.94155448799995,1.7044,4.34,3.99,21.4,-190.0,3.594884322136184,1,HIGHDIVERSITY_CONCAT,HsDHODH_HighDiv,7,3,119.05,5,10,5,2,0.5263157894736842,0.2631578947368421,0.10526315789473684,0.2,0.1,19,1,0,1,0,0,0,0,0
O=[S+][C@H](/C=C/C1=C(O)C(Cl)=CC=C1)C1=CC(=O)NC1=O,30/000000009,"InChI=1S/C13H10ClNO4S/c14-9-3-1-2-7(12(9)17)4-5-10(20-19)8-6-11(16)15-13(8)18/h1-6,10,17,20H,(H,15,16,18)/b5-4+/t10-/m1/s1",C13H10NO4SCl,309.99353286809,1.4382999999999992,4.34,4.48,3.72,-150.0,4.192946139038069,1,HIGHDIVERSITY_CONCAT,HsDHODH_HighDiv,4,2,83.47,4,13,4,1,0.65,0.2,0.05,0.07692307692307693,0.07692307692307693,20,2,1,1,1,1,0,0,0
CC1=CC(C(=O)O)=CC(ON)=C1Br,12/000000184,"InChI=1S/C8H8BrNO3/c1-4-2-5(8(11)12)3-6(13-10)7(4)9/h2-3H,10H2,1H3,(H,11,12)",C8H8NO3Br,244.968755216,1.70822,4.34,5.19,11.3,-20.0,2.5714121481988705,1,HIGHDIVERSITY_CONCAT,HsDHODH_HighDiv,3,2,72.55,2,8,3,1,0.6153846153846154,0.23076923076923078,0.07692307692307693,0.125,0.0,13,1,0,1,0,0,0,0,0
O=NC1=C(Br)C(CCCNCCO)=CC(C(=O)C2=NN=CO2)=C1,12/000000928,"InChI=1S/C14H15BrN4O4/c15-12-9(2-1-3-16-4-5-20)6-10(7-11(12)19-22)13(21)14-18-17-8-23-14/h6-8,16,20H,1-5H2",C14H15N4O4Br,382.02766706000006,1.9754999999999998,4.34,5.39,5.39,0.0,3.365269240429454,1,HIGHDIVERSITY_CONCAT,HsDHODH_HighDiv,8,2,117.67999999999999,9,14,4,4,0.6086956521739131,0.17391304347826086,0.17391304347826086,0.35714285714285715,0.0,23,2,0,2,1,0,1,0,0
C=C(CO)C(=O)CCCC1=CN=CC(C2=NN=CNC2)=C1,7/000000001,"InChI=1S/C15H18N4O2/c1-11(9-20)15(21)4-2-3-12-5-13(7-16-6-12)14-8-17-10-18-19-14/h5-7,10,20H,1-4,8-9H2,(H,17,18)",C15H18N4O2,286.142975816,0.8574999999999999,4.34,5.73,20.3,-160.0,3.6277590050475537,1,HIGHDIVERSITY_CONCAT,HsDHODH_HighDiv,6,2,86.94,7,15,2,4,0.7142857142857143,0.09523809523809523,0.19047619047619047,0.3333333333333333,0.0,21,2,1,1,2,1,1,0,0
O=C(CC=S)[C@H](CCO)CCC1=C(Cl)C(Cl)=CC=C1O,19/000000007,"InChI=1S/C14H16Cl2O3S/c15-11-3-4-13(19)10(14(11)16)2-1-9(5-7-17)12(18)6-8-20/h3-4,8-9,17,19H,1-2,5-7H2/t9-/m0/s1",C14H16O3SCl2,334.01972073199994,3.5891000000000024,4.34,4.32,5.09,-170.0,3.641893225285155,1,HIGHDIVERSITY_CONCAT,HsDHODH_HighDiv,4,2,57.53,8,14,3,0,0.7,0.15,0.0,0.42857142857142855,0.07142857142857142,20,1,0,1,0,0,0,0,0
C=C(CN)C1=NOC(C2=CC(O)=C(F)C=C2O)=N1,6/000000060,"InChI=1S/C11H10FN3O3/c1-5(4-13)10-14-11(18-15-10)6-2-9(17)7(12)3-8(6)16/h2-3,16-17H,1,4,13H2",C11H10N3O3F,251.0706194,1.2588,4.34,1.76,20.5,-160.0,3.196508047655964,1,HIGHDIVERSITY_CONCAT,HsDHODH_HighDiv,6,3,105.4,3,11,3,3,0.6111111111111112,0.16666666666666666,0.16666666666666666,0.09090909090909091,0.0,18,2,0,2,1,0,1,0,0
NC/C(=C\C=S)C(=O)C1=CC(N=O)=C(Br)C=C1O,12/000000541,"InChI=1S/C11H9BrN2O3S/c12-8-4-10(15)7(3-9(8)14-17)11(16)6(5-13)1-2-18/h1-4,15H,5,13H2/b6-1+",C11H9N2O3SBr,327.951725248,2.620100000000001,4.34,4.15,2.35,-20.0,3.841676002914992,1,HIGHDIVERSITY_CONCAT,HsDHODH_HighDiv,6,2,92.75000000000001,5,11,3,2,0.6111111111111112,0.16666666666666666,0.1111111111111111,0.09090909090909091,0.0,18,1,0,1,0,0,0,0,0
C=CC1=C(F)C=C(I)C(C2=NC(CC(=O)O)=NN2)=N1,4/000000256,"InChI=1S/C11H8FIN4O2/c1-2-7-5(12)3-6(13)10(14-7)11-15-8(16-17-11)4-9(18)19/h2-3H,1,4H2,(H,18,19)(H,15,16,17)",C11H8N4O2FI,373.96760171600005,1.8804999999999996,4.33,5.67,22.3,-120.0,3.473276754175404,1,HIGHDIVERSITY_CONCAT,HsDHODH_HighDiv,4,2,91.76,4,11,2,4,0.5789473684210527,0.10526315789473684,0.21052631578947367,0.09090909090909091,0.0,19,2,0,2,2,0,2,0,0
CCC/C=C(\C=C/C(=O)NO)C(=O)C1=C(O)C=C(Br)C(N=O)=C1,12/000000477,"InChI=1S/C15H15BrN2O5/c1-2-3-4-9(5-6-14(20)18-23)15(21)10-7-12(17-22)11(16)8-13(10)19/h4-8,19,23H,2-3H2,1H3,(H,18,20)/b6-5-,9-4+",C15H15N2O5Br,382.01643368000003,3.5234000000000014,4.33,2.96,5.21,-170.0,3.526856398284007,1,HIGHDIVERSITY_CONCAT,HsDHODH_HighDiv,6,3,116.06,7,15,5,2,0.6521739130434783,0.21739130434782608,0.08695652173913043,0.2,0.0,23,1,0,1,0,0,0,0,0
O=NC1=CC(C(=O)CO)=CC(CCNCO)=C1Br,12/000000608,"InChI=1S/C11H13BrN2O4/c12-11-7(1-2-13-6-16)3-8(10(17)5-15)4-9(11)14-18/h3-4,13,15-16H,1-2,5-6H2",C11H13N2O4Br,316.005868996,1.1039,4.33,2.52,3.58,0.0,3.2403890523655416,1,HIGHDIVERSITY_CONCAT,HsDHODH_HighDiv,6,3,98.99000000000001,7,11,4,2,0.6111111111111112,0.2222222222222222,0.1111111111111111,0.36363636363636365,0.0,18,1,0,1,0,0,0,0,0
O=C(C#CCNC(=O)C1=C(S)C=C(I)C(S)=C1)C1=NC=CO1,5/000000072,"InChI=1S/C14H9IN2O3S2/c15-9-7-11(21)8(6-12(9)22)13(19)16-3-1-2-10(18)14-17-4-5-20-14/h4-7,21-22H,3H2,(H,16,19)",C14H9N2O3S2I,443.90993214800005,2.4727000000000006,4.33,2.92,5.21,-60.0,3.858991453025345,1,HIGHDIVERSITY_CONCAT,HsDHODH_HighDiv,6,3,72.2,3,14,3,2,0.6363636363636364,0.13636363636363635,0.09090909090909091,0.07142857142857142,0.0,22,2,0,2,1,0,1,0,0
NCC1=CC(C/C=C/[C@H](CN)NN)=CC=C1I,5/000000029,"InChI=1S/C12H19IN4/c13-12-5-4-9(6-10(12)7-14)2-1-3-11(8-15)17-16/h1,3-6,11,17H,2,7-8,14-16H2/p+1/b3-1+/t11-/m1/s1",C12H20N4I,346.065444608,0.6392,4.33,2.96,3.85,-150.0,4.295988310697721,1,HIGHDIVERSITY_CONCAT,HsDHODH_HighDiv,4,4,90.08999999999999,6,12,0,4,0.7058823529411765,0.0,0.23529411764705882,0.3333333333333333,0.08333333333333333,17,1,0,1,0,0,0,0,0
NCC1=CC(=O)C=C(C2=CC=C(CO)C=C2)C1=O,10/000000097,"InChI=1S/C14H13NO3/c15-7-11-5-12(17)6-13(14(11)18)10-3-1-9(8-16)2-4-10/h1-6,16H,7-8,15H2",C14H13NO3,243.089543276,0.5992,4.32,3.26,2.22,-160.0,2.597154502914993,1,HIGHDIVERSITY_CONCAT,HsDHODH_HighDiv,4,2,80.39000000000001,3,14,3,1,0.7777777777777778,0.16666666666666666,0.05555555555555555,0.14285714285714285,0.0,18,2,1,1,0,0,0,0,0
O=NC1=CC(C(=O)CO)=CC(NC=S)=C1Br,12/000000716,"InChI=1S/C9H7BrN2O3S/c10-9-6(11-4-16)1-5(8(14)3-13)2-7(9)12-15/h1-2,4,13H,3H2,(H,11,16)",C9H7N2O3SBr,301.936075184,2.3911,4.32,4.84,18.6,0.0,3.531652589838493,1,HIGHDIVERSITY_CONCAT,HsDHODH_HighDiv,5,2,78.76,5,9,3,2,0.5625,0.1875,0.125,0.1111111111111111,0.0,16,1,0,1,0,0,0,0,0
CC(=O)C1=CC(C(=O)O)=CC(ON)=C1Br,12/000001164,"InChI=1S/C9H8BrNO4/c1-4(12)6-2-5(9(13)14)3-7(15-11)8(6)10/h2-3H,11H2,1H3,(H,13,14)",C9H8NO4Br,272.963669836,1.6024,4.32,5.08,2.48,-20.0,2.6951946572654553,1,HIGHDIVERSITY_CONCAT,HsDHODH_HighDiv,4,2,89.62,3,9,4,1,0.6,0.26666666666666666,0.06666666666666667,0.1111111111111111,0.0,15,1,0,1,0,0,0,0,0
O=C1C=C(C2=CC(/C=C/C3=CNC=N3)=CN=C2CO)CO1,7/000000006,"InChI=1S/C15H13N3O3/c19-7-14-13(11-4-15(20)21-8-11)3-10(5-17-14)1-2-12-6-16-9-18-12/h1-6,9,19H,7-8H2,(H,16,18)/b2-1+",C15H13N3O3,283.095691276,1.4075999999999997,4.32,2.84,20.9,-120.0,3.5928216784397353,1,HIGHDIVERSITY_CONCAT,HsDHODH_HighDiv,5,2,88.10000000000001,4,15,3,3,0.7142857142857143,0.14285714285714285,0.14285714285714285,0.13333333333333333,0.0,21,3,1,2,3,1,2,0,0
N=C1CCC[C@H]1/C=C/CCC1=C(CO)N=C(C(=O)O)O1,3/000000264,"InChI=1S/C14H18N2O4/c15-10-6-3-5-9(10)4-1-2-7-12-11(8-17)16-13(20-12)14(18)19/h1,4,9,15,17H,2-3,5-8H2,(H,18,19)/b4-1+,15-10+/t9-/m1/s1",C14H18N2O4,278.126657056,2.1737699999999998,4.32,4.89,3.85,-150.0,4.172331778398708,1,HIGHDIVERSITY_CONCAT,HsDHODH_HighDiv,5,3,107.41,6,14,4,2,0.7,0.2,0.1,0.5,0.07142857142857142,20,2,1,1,1,0,1,0,0
CNC/C=C(\N)C(=O)C1=CC(Cl)=C(Br)C(O)=C1,12/000000660,"InChI=1S/C11H12BrClN2O2/c1-15-3-2-8(14)11(17)6-4-7(13)10(12)9(16)5-6/h2,4-5,15-16H,3,14H2,1H3/b8-2-",C11H12N2O2ClBr,317.97706740399997,2.0527999999999995,4.32,3.49,2.48,-60.0,3.277337351071326,1,HIGHDIVERSITY_CONCAT,HsDHODH_HighDiv,4,3,75.35,4,11,2,2,0.6470588235294118,0.11764705882352941,0.11764705882352941,0.18181818181818182,0.0,17,1,0,1,0,0,0,0,0
CCCC/C(=C\CCN)C(=O)C1=C(O)C=C(Br)C(N=O)=C1,12/000001026,"InChI=1S/C15H19BrN2O3/c1-2-3-5-10(6-4-7-17)15(20)11-8-13(18-21)12(16)9-14(11)19/h6,8-9,19H,2-5,7,17H2,1H3/b10-6+",C15H19N2O3Br,354.057904568,4.200700000000003,4.32,3.52,3.7,-90.0,3.3179027297439108,1,HIGHDIVERSITY_CONCAT,HsDHODH_HighDiv,5,2,92.75,8,15,3,2,0.7142857142857143,0.14285714285714285,0.09523809523809523,0.4,0.0,21,1,0,1,0,0,0,0,0
N=C1SC=CN1C[C@@H](O)C1=CC=C(CN)C(I)=C1,12/000000299,"InChI=1S/C12H14IN3OS/c13-10-5-8(1-2-9(10)6-14)11(17)7-16-3-4-18-12(16)15/h1-5,11,15,17H,6-7,14H2/b15-12+/t11-/m1/s1",C12H14N3OSI,374.990231068,1.8259699999999999,4.32,4.48,3.58,-150.0,3.5282944969112737,1,HIGHDIVERSITY_CONCAT,HsDHODH_HighDiv,5,3,75.03,4,12,1,3,0.6666666666666666,0.05555555555555555,0.16666666666666666,0.25,0.08333333333333333,18,2,0,2,1,0,1,0,0
NCC1=C(I)C=CC(C/C=C/CNNCF)=C1,5/000000040,"InChI=1S/C12H17FIN3/c13-9-17-16-6-2-1-3-10-4-5-12(14)11(7-10)8-15/h1-2,4-5,7,16-17H,3,6,8-9,15H2/b2-1+",C12H17N3FI,349.0451237640001,1.8698,4.32,1.0,3.85,-40.0,3.560786774148248,1,HIGHDIVERSITY_CONCAT,HsDHODH_HighDiv,3,3,50.08,7,12,0,3,0.7058823529411765,0.0,0.17647058823529413,0.3333333333333333,0.0,17,1,0,1,0,0,0,0,0
C=C/C=C(\C(=O)O)C1=CC=C(C2=CN=CO2)C=C1,27/000000003,"InChI=1S/C14H11NO3/c1-2-3-12(14(16)17)10-4-6-11(7-5-10)13-8-15-9-18-13/h2-9H,1H2,(H,16,17)/b12-3-",C14H10NO3,241.073893212,2.9956000000000005,4.32,2.54,3.58,-120.0,2.7025493626434987,1,HIGHDIVERSITY_CONCAT,HsDHODH_HighDiv,3,1,63.33,4,14,3,1,0.7777777777777778,0.16666666666666666,0.05555555555555555,0.0,0.0,18,2,0,2,1,0,1,0,0
C=CCC1=C(C=S)C(O)=CC(N2CCNC2=O)=C1,28/000000234,"InChI=1S/C13H14N2O2S/c1-2-3-9-6-10(7-12(16)11(9)8-18)15-5-4-14-13(15)17/h2,6-8,16H,1,3-5H2,(H,14,17)",C13H14N2O2S,262.077598688,1.9980999999999998,4.31,5.85,17.9,-140.0,3.2569985029149917,1,HIGHDIVERSITY_CONCAT,HsDHODH_HighDiv,3,2,52.57,4,13,2,2,0.7222222222222222,0.1111111111111111,0.1111111111111111,0.23076923076923078,0.0,18,2,1,1,1,1,0,0,0
C=CCC(=O)[C@H](CCO)CCC1=C(Cl)C(Cl)=CC=C1O,19/000000025,"InChI=1S/C15H18Cl2O3/c1-2-3-13(19)10(8-9-18)4-5-11-14(20)7-6-12(16)15(11)17/h2,6-7,10,18,20H,1,3-5,8-9H2/t10-/m0/s1",C15H18O3Cl2,316.06329979599997,3.7754000000000025,4.31,3.05,5.09,-170.0,3.397447071439002,1,HIGHDIVERSITY_CONCAT,HsDHODH_HighDiv,3,2,57.53,8,15,3,0,0.75,0.15,0.0,0.4,0.06666666666666667,20,1,0,1,0,0,0,0,0
NOC1=CC(C(=O)O)=CC(/C=C/[C@H](CCO)C(N)=O)=C1Br,12/000000735,"InChI=1S/C13H15BrN2O5/c14-11-8(2-1-7(3-4-17)12(15)18)5-9(13(19)20)6-10(11)21-16/h1-2,5-7,17H,3-4,16H2,(H2,15,18)(H,19,20)/b2-1+/t7-/m1/s1",C13H15N2O5Br,358.01643368000003,0.8969000000000005,4.31,6.68,3.87,-180.0,3.754229108933947,1,HIGHDIVERSITY_CONCAT,HsDHODH_HighDiv,5,4,135.87,7,13,5,2,0.6190476190476191,0.23809523809523808,0.09523809523809523,0.23076923076923078,0.07692307692307693,21,1,0,1,0,0,0,0,0
CC(=O)[C@H](CCO)CCC1=C(Cl)C(Cl)=CC=C1O,19/000000005,"InChI=1S/C13H16Cl2O3/c1-8(17)9(6-7-16)2-3-10-12(18)5-4-11(14)13(10)15/h4-5,9,16,18H,2-3,6-7H2,1H3/t9-/m0/s1",C13H16O3Cl2,290.04764973199997,3.219200000000002,4.31,5.22,3.58,-170.0,3.079100227680504,1,HIGHDIVERSITY_CONCAT,HsDHODH_HighDiv,3,2,57.53,6,13,3,0,0.7222222222222222,0.16666666666666666,0.0,0.46153846153846156,0.07692307692307693,18,1,0,1,0,0,0,0,0
NOC1=C(Br)C(CC#CCCNC(N)=O)=CC(C(=O)O)=C1,12/000001239,"InChI=1S/C13H14BrN3O4/c14-11-8(4-2-1-3-5-17-13(15)20)6-9(12(18)19)7-10(11)21-16/h6-7H,3-5,16H2,(H,18,19)(H3,15,17,20)",C13H14N3O4Br,355.01676802799994,1.0041000000000002,4.31,7.03,3.84,-30.0,3.136717304642696,1,HIGHDIVERSITY_CONCAT,HsDHODH_HighDiv,4,4,127.67,5,13,4,3,0.6190476190476191,0.19047619047619047,0.14285714285714285,0.23076923076923078,0.0,21,1,0,1,0,0,0,0,0
CNCCC#CC1=C(F)C(O)=CC(N2CCNC2=O)=C1,28/000000530,"InChI=1S/C14H16FN3O2/c1-16-5-3-2-4-10-8-11(9-12(19)13(10)15)18-7-6-17-14(18)20/h8-9,16,19H,3,5-7H2,1H3,(H,17,20)",C14H16N3O2F,277.12265497199996,1.0219,4.31,1.24,20.7,-140.0,3.096382278907922,1,HIGHDIVERSITY_CONCAT,HsDHODH_HighDiv,3,3,64.6,3,14,2,3,0.7,0.1,0.15,0.35714285714285715,0.0,20,2,1,1,1,1,0,0,0
O=NC(=O)C1=CC(CCC#CCNCC(=O)O)=C(Br)C(O)=C1,12/000000774,"InChI=1S/C14H13BrN2O5/c15-13-9(4-2-1-3-5-16-8-12(19)20)6-10(7-11(13)18)14(21)17-22/h6-7,16,18H,2,4-5,8H2,(H,19,20)/p+1",C14H14N2O5Br,368.000783616,1.6714999999999998,4.31,5.5,5.21,-60.0,4.081140280263679,1,HIGHDIVERSITY_CONCAT,HsDHODH_HighDiv,5,3,116.06,6,14,5,2,0.6363636363636364,0.22727272727272727,0.09090909090909091,0.2857142857142857,0.0,22,1,0,1,0,0,0,0,0
NC(=S)NC1=CC(N2C=NN=C2)=C(S)C(O)=C1,29/000000010,"InChI=1S/C9H9N5OS2/c10-9(17)13-5-1-6(8(16)7(15)2-5)14-3-11-12-4-14/h1-4,15-16H,(H3,10,13,17)",C9H9N5OS2,267.024851908,0.9170999999999998,4.31,1.38,20.4,-160.0,3.287027629303731,1,HIGHDIVERSITY_CONCAT,HsDHODH_HighDiv,6,4,88.99,2,9,1,5,0.5294117647058824,0.058823529411764705,0.29411764705882354,0.0,0.0,17,2,0,2,1,0,1,0,0
CCOC1=C(N=O)C(O)=CC(N2CCNC2=O)=C1,28/000000007,"InChI=1S/C11H13N3O4/c1-2-18-9-6-7(5-8(15)10(9)13-17)14-4-3-12-11(14)16/h5-6,15H,2-4H2,1H3,(H,12,16)",C11H13N3O4,251.090605896,1.7183999999999997,4.3,3.2,17.4,-160.0,2.8630255798380677,1,HIGHDIVERSITY_CONCAT,HsDHODH_HighDiv,5,2,91.22999999999999,4,11,4,3,0.6111111111111112,0.2222222222222222,0.16666666666666666,0.36363636363636365,0.0,18,2,1,1,1,1,0,0,0
CCOCC1=C(Br)C(ON)=CC(C(=O)O)=C1,12/000000222,"InChI=1S/C10H12BrNO4/c1-2-15-5-7-3-6(10(13)14)4-8(16-12)9(7)11/h3-4H,2,5,12H2,1H3,(H,13,14)",C10H12NO4Br,288.994969964,1.9363,4.3,3.38,13.7,-20.0,2.677950264257099,1,HIGHDIVERSITY_CONCAT,HsDHODH_HighDiv,4,2,81.78,5,10,4,1,0.625,0.25,0.0625,0.3,0.0,16,1,0,1,0,0,0,0,0
NC1=C(O)C(COC2=CC(F)=CC=C2O)=CC(O)=C1,4/000000315,"InChI=1S/C13H12FNO4/c14-8-1-2-11(17)12(4-8)19-6-7-3-9(16)5-10(15)13(7)18/h1-5,16-18H,6,15H2",C13H12NO4F,265.07503608400003,2.1037,4.3,4.3,2.35,0.0,2.3850649198558784,1,HIGHDIVERSITY_CONCAT,HsDHODH_HighDiv,5,4,95.94000000000001,3,13,4,1,0.6842105263157895,0.21052631578947367,0.05263157894736842,0.07692307692307693,0.0,19,2,0,2,0,0,0,0,0
C/C=C/CCCC1=CC(O)=CC(N2CCNC2=O)=C1,28/000000030,"InChI=1S/C15H20N2O2/c1-2-3-4-5-6-12-9-13(11-14(18)10-12)17-8-7-16-15(17)19/h2-3,9-11,18H,4-8H2,1H3,(H,16,19)/b3-2+",C15H20N2O2,260.15247788,2.8206000000000007,4.3,1.39,15.4,-160.0,2.6774643281399015,1,HIGHDIVERSITY_CONCAT,HsDHODH_HighDiv,2,2,52.57,5,15,2,2,0.7894736842105263,0.10526315789473684,0.10526315789473684,0.4,0.0,19,2,1,1,1,1,0,0,0
C=C[C@@H](/C=C/CC1=C(CN)N=C(C(=O)O)O1)C1=CCC1,3/000000059,"InChI=1S/C15H18N2O3/c1-2-10(11-6-3-7-11)5-4-8-13-12(9-16)17-14(20-13)15(18)19/h2,4-6,10H,1,3,7-9,16H2,(H,18,19)/b5-4+/t10-/m0/s1",C15H18N2O3,274.131742436,2.4526000000000003,4.3,6.31,3.85,-150.0,4.4172613837933135,1,HIGHDIVERSITY_CONCAT,HsDHODH_HighDiv,4,2,89.35,7,15,3,2,0.75,0.15,0.1,0.3333333333333333,0.06666666666666667,20,2,1,1,1,0,1,0,0
N[C@H](C(=O)O)C(=O)C1=CC(CC(=O)O)=C(Br)C(N=O)=C1,12/000000423,"InChI=1S/C11H9BrN2O6/c12-8-4(3-7(15)16)1-5(2-6(8)14-20)10(17)9(13)11(18)19/h1-2,9H,3,13H2,(H,15,16)(H,18,19)/t9-/m0/s1",C11H9N2O6Br,343.96439810800007,1.0687,4.3,3.42,3.58,-170.0,3.560760286429139,1,HIGHDIVERSITY_CONCAT,HsDHODH_HighDiv,6,3,147.12,6,11,6,2,0.55,0.3,0.1,0.18181818181818182,0.09090909090909091,20,1,0,1,0,0,0,0,0
COC(=O)CCCCCC1=CC(O)=CC(N2CCNC2=O)=C1,28/000000126,"InChI=1S/C16H22N2O4/c1-22-15(20)6-4-2-3-5-12-9-13(11-14(19)10-12)18-8-7-17-16(18)21/h9-11,19H,2-8H2,1H3,(H,17,21)",C16H22N2O4,306.157957184,2.1977,4.3,3.01,18.4,-140.0,2.3867667815043756,1,HIGHDIVERSITY_CONCAT,HsDHODH_HighDiv,4,2,78.87,7,16,4,2,0.7272727272727273,0.18181818181818182,0.09090909090909091,0.5,0.0,22,2,1,1,1,1,0,0,0
CCC(=O)NOC1=C(Br)C(N=O)=CC(C(=O)CC(=O)NC)=C1,12/000000688,"InChI=1S/C13H14BrN3O5/c1-3-11(19)17-22-10-5-7(4-8(16-21)13(10)14)9(18)6-12(20)15-2/h4-5H,3,6H2,1-2H3,(H,15,20)(H,17,19)",C13H14N3O5Br,371.011682648,1.9857999999999996,4.3,5.15,3.87,-140.0,3.2684412189859744,1,HIGHDIVERSITY_CONCAT,HsDHODH_HighDiv,6,2,113.92999999999998,7,13,5,3,0.5909090909090909,0.22727272727272727,0.13636363636363635,0.3076923076923077,0.0,22,1,0,1,0,0,0,0,0
CNCCC#CC1=C(CO)C(O)=CC(N2CCNC2=O)=C1,28/000000508,"InChI=1S/C15H19N3O3/c1-16-5-3-2-4-11-8-12(9-14(20)13(11)10-19)18-7-6-17-15(18)21/h8-9,16,19-20H,3,5-7,10H2,1H3,(H,17,21)",C15H19N3O3,289.142641468,0.37510000000000016,4.3,3.22,19.8,-140.0,3.1175536595455986,1,HIGHDIVERSITY_CONCAT,HsDHODH_HighDiv,4,4,84.82999999999998,4,15,3,3,0.7142857142857143,0.14285714285714285,0.14285714285714285,0.4,0.0,21,2,1,1,1,1,0,0,0
O=C1NCCN1C1=CC(CCCCCCO)=CC(O)=C1,28/000000492,"InChI=1S/C15H22N2O3/c18-8-4-2-1-3-5-12-9-13(11-14(19)10-12)17-7-6-16-15(17)20/h9-11,18-19H,1-8H2,(H,16,20)",C15H22N2O3,278.163042564,2.0169999999999995,4.3,0.75,15.6,-140.0,2.409316605108037,1,HIGHDIVERSITY_CONCAT,HsDHODH_HighDiv,3,3,72.80000000000001,7,15,3,2,0.75,0.15,0.1,0.5333333333333333,0.0,20,2,1,1,1,1,0,0,0
O=NC1=CC(F)=C(O)C=C1C1=CNC(CCCSS)=C1,6/000000158,"InChI=1S/C13H13FN2O2S2/c14-11-6-12(16-18)10(5-13(11)17)8-4-9(15-7-8)2-1-3-20-19/h4-7,15,17,19H,1-3H2",C13H13N2O2S2F,312.040247876,4.4349000000000025,4.3,2.37,23.5,-160.0,3.643755355830998,1,HIGHDIVERSITY_CONCAT,HsDHODH_HighDiv,5,3,65.44999999999999,6,13,2,2,0.65,0.1,0.1,0.23076923076923078,0.0,20,2,0,2,1,0,1,0,0
OCC1=NC=C(/C=C/C2=NC=CC3=C2CNC3)C=C1C=S,7/000000009,"InChI=1S/C16H15N3OS/c20-9-16-13(10-21)5-11(6-19-16)1-2-15-14-8-17-7-12(14)3-4-18-15/h1-6,10,17,20H,7-9H2/b2-1+",C16H15N3OS,297.0935831,2.0903,4.3,6.32,17.7,-40.0,3.5525702282505804,1,HIGHDIVERSITY_CONCAT,HsDHODH_HighDiv,5,2,58.040000000000006,4,16,1,3,0.7619047619047619,0.047619047619047616,0.14285714285714285,0.1875,0.0,21,3,1,2,3,1,2,0,0
C=CCCSCC1=CC(O)=CC(N2CCNC2=O)=C1,28/000000202,"InChI=1S/C14H18N2O2S/c1-2-3-6-19-10-11-7-12(9-13(17)8-11)16-5-4-15-14(16)18/h2,7-9,17H,1,3-6,10H2,(H,15,18)",C14H18N2O2S,278.108898816,2.7311000000000005,4.3,1.54,17.3,-120.0,2.8457207383963112,1,HIGHDIVERSITY_CONCAT,HsDHODH_HighDiv,3,2,52.57,6,14,2,2,0.7368421052631579,0.10526315789473684,0.10526315789473684,0.35714285714285715,0.0,19,2,1,1,1,1,0,0,0
O=C(O)CC1=CC(O)=CC(N2CCNC2=O)=C1,28/000000048,"InChI=1S/C11H12N2O4/c14-9-4-7(5-10(15)16)3-8(6-9)13-2-1-12-11(13)17/h3-4,6,14H,1-2,5H2,(H,12,17)(H,15,16)",C11H12N2O4,236.079706864,0.5489,4.29,2.47,15.4,-120.0,2.418258071202258,1,HIGHDIVERSITY_CONCAT,HsDHODH_HighDiv,3,3,89.87,3,11,4,2,0.6470588235294118,0.23529411764705882,0.11764705882352941,0.2727272727272727,0.0,17,2,1,1,1,1,0,0,0
OC1=C(Br)C(NC2=CC=C3N=C[C@H](C=S)C3=C2)=CC(F)=C1,16/000000042,"InChI=1S/C15H10BrFN2OS/c16-15-13(3-9(17)4-14(15)20)19-10-1-2-12-11(5-10)8(7-21)6-18-12/h1-8,19-20H/t8-/m1/s1",C15H10N2OSFBr,363.96812426,4.8366000000000025,4.29,8.07,21.1,-190.0,3.8139698986527018,1,HIGHDIVERSITY_CONCAT,HsDHODH_HighDiv,4,2,44.62,3,15,1,2,0.7142857142857143,0.047619047619047616,0.09523809523809523,0.06666666666666667,0.06666666666666667,21,3,1,2,1,1,0,0,0
C=CCNCNCC1=C(Br)C(N=O)=CC(C(=O)[C@@H]2CNCO2)=C1,12/000000384,"InChI=1S/C15H19BrN4O3/c1-2-3-17-8-18-6-11-4-10(5-12(20-22)14(11)16)15(21)13-7-19-9-23-13/h2,4-5,13,17-19H,1,3,6-9H2/t13-/m0/s1",C15H19N4O3Br,382.06405256799997,1.7982999999999998,4.29,4.85,5.09,-150.0,4.245080477029287,1,HIGHDIVERSITY_CONCAT,HsDHODH_HighDiv,7,3,91.82000000000001,9,15,3,4,0.6521739130434783,0.13043478260869565,0.17391304347826086,0.4,0.06666666666666667,23,2,1,1,1,1,0,0,0
NOC1=C(Br)C(C(N)=O)=CC(C(=O)O)=C1,12/000001125,"InChI=1S/C8H7BrN2O4/c9-6-4(7(10)12)1-3(8(13)14)2-5(6)15-11/h1-2H,11H2,(H2,10,12)(H,13,14)",C8H7N2O4Br,273.958918804,0.4987000000000005,4.29,4.97,2.22,0.0,2.7095272016441534,1,HIGHDIVERSITY_CONCAT,HsDHODH_HighDiv,4,3,115.64,3,8,4,2,0.5333333333333333,0.26666666666666666,0.13333333333333333,0.0,0.0,15,1,0,1,0,0,0,0,0
C=CC1=C(CC)C=C(N2CCNC2=O)C=C1O,28/000000023,"InChI=1S/C13H16N2O2/c1-3-9-7-10(8-12(16)11(9)4-2)15-6-5-14-13(15)17/h4,7-8,16H,2-3,5-6H2,1H3,(H,14,17)",C13H16N2O2,232.121177752,2.1271999999999998,4.29,4.13,14.2,-140.0,2.861729756963305,1,HIGHDIVERSITY_CONCAT,HsDHODH_HighDiv,2,2,52.57000000000001,3,13,2,2,0.7647058823529411,0.11764705882352941,0.11764705882352941,0.3076923076923077,0.0,17,2,1,1,1,1,0,0,0
O=C1NCCN1C1=CC(O)=CC(C#CCCNO)=C1,28/000000192,"InChI=1S/C13H15N3O3/c17-12-8-10(3-1-2-4-15-19)7-11(9-12)16-6-5-14-13(16)18/h7-9,15,17,19H,2,4-6H2,(H,14,18)",C13H15N3O3,261.11134134,0.6422,4.29,-0.32,18.6,-120.0,3.0977515076270805,1,HIGHDIVERSITY_CONCAT,HsDHODH_HighDiv,4,4,84.83000000000001,3,13,3,3,0.6842105263157895,0.15789473684210525,0.15789473684210525,0.3076923076923077,0.0,19,2,1,1,1,1,0,0,0
O=C(C#CCNC(=O)C1=C(S)C=C(I)C(S)=C1)C1=COC=C1,5/000000079,"InChI=1S/C15H10INO3S2/c16-11-7-13(21)10(6-14(11)22)15(19)17-4-1-2-12(18)9-3-5-20-8-9/h3,5-8,21-22H,4H2,(H,17,19)",C15H10NO3S2I,442.91468318,3.077700000000001,4.29,2.82,5.21,-60.0,3.691525627048044,1,HIGHDIVERSITY_CONCAT,HsDHODH_HighDiv,5,3,59.31,3,15,3,1,0.6818181818181818,0.13636363636363635,0.045454545454545456,0.06666666666666667,0.0,22,2,0,2,1,0,1,0,0
CCC#C/C(C=S)=C\CCCC1=CC(C(=O)O)=CC(O)=C1,3/000000188,"InChI=1S/C17H18O3S/c1-2-3-6-13(12-21)7-4-5-8-14-9-15(17(19)20)11-16(18)10-14/h7,9-12,18H,2,4-5,8H2,1H3,(H,19,20)/b13-7+",C17H18O3S,302.097665436,3.752600000000003,4.29,2.17,5.21,-50.0,3.333145477196095,1,HIGHDIVERSITY_CONCAT,HsDHODH_HighDiv,3,2,57.53,6,17,3,0,0.8095238095238095,0.14285714285714285,0.0,0.29411764705882354,0.0,21,1,0,1,0,0,0,0,0
O=C(O)CCC1=CC(O)=CC(N2CCNC2=O)=C1,28/000000251,"InChI=1S/C12H14N2O4/c15-10-6-8(1-2-11(16)17)5-9(7-10)14-4-3-13-12(14)18/h5-7,15H,1-4H2,(H,13,18)(H,16,17)",C12H14N2O4,250.095356928,0.9390000000000003,4.29,2.55,16.0,-140.0,2.384092656761146,1,HIGHDIVERSITY_CONCAT,HsDHODH_HighDiv,3,3,89.87,4,12,4,2,0.6666666666666666,0.2222222222222222,0.1111111111111111,0.3333333333333333,0.0,18,2,1,1,1,1,0,0,0
C=CC(=O)C1=CC(N=O)=C(Br)C(CC[C@@H](N)CO)=C1,12/000000946,"InChI=1S/C13H15BrN2O3/c1-2-12(18)9-5-8(3-4-10(15)7-17)13(14)11(6-9)16-19/h2,5-6,10,17H,1,3-4,7,15H2/t10-/m1/s1",C13H15N2O3Br,326.02660444,2.4679,4.29,4.5,3.58,-150.0,3.736268756525323,1,HIGHDIVERSITY_CONCAT,HsDHODH_HighDiv,5,2,92.75,7,13,3,2,0.6842105263157895,0.15789473684210525,0.10526315789473684,0.3076923076923077,0.07692307692307693,19,1,0,1,0,0,0,0,0
CNNC/C=C/[C@@H](C#CC1=CC(O)=CC=C1)[SH](=O)=O,23/000000093,"InChI=1S/C13H16N2O3S/c1-14-15-9-3-6-13(19(17)18)8-7-11-4-2-5-12(16)10-11/h2-6,10,13-16,19H,9H2,1H3/b6-3+/t13-/m0/s1",C13H16N2O3S,280.088163372,0.0038999999999999035,4.29,1.14,19.9,-170.0,4.399792072499029,1,HIGHDIVERSITY_CONCAT,HsDHODH_HighDiv,5,4,78.43,5,13,3,2,0.6842105263157895,0.15789473684210525,0.10526315789473684,0.23076923076923078,0.07692307692307693,19,1,0,1,0,0,0,0,0
N=C1SC(CN)=CN1C[C@@H](O)C1=CC=C(CN)C(I)=C1,12/000000851,"InChI=1S/C13H17IN4OS/c14-11-3-8(1-2-9(11)4-15)12(19)7-18-6-10(5-16)20-13(18)17/h1-3,6,12,17,19H,4-5,7,15-16H2/b17-13+/t12-/m1/s1",C13H17N4OSI,404.016780164,1.2846700000000002,4.29,4.78,4.94,-150.0,3.7225369082688378,1,HIGHDIVERSITY_CONCAT,HsDHODH_HighDiv,6,4,101.05,5,13,1,4,0.65,0.05,0.2,0.3076923076923077,0.07692307692307693,20,2,0,2,1,0,1,0,0
C=CCNCNCC1=C(Br)C(N=O)=CC(C(=O)OCNCC)=C1,12/000000375,"InChI=1S/C15H21BrN4O3/c1-3-5-18-9-19-8-12-6-11(7-13(20-22)14(12)16)15(21)23-10-17-4-2/h3,6-7,17-19H,1,4-5,8-10H2,2H3",C15H21N4O3Br,384.07970263199996,2.3935000000000004,4.29,3.35,22.3,-150.0,3.4926236672046027,1,HIGHDIVERSITY_CONCAT,HsDHODH_HighDiv,7,3,91.82000000000001,11,15,3,4,0.6521739130434783,0.13043478260869565,0.17391304347826086,0.4,0.0,23,1,0,1,0,0,0,0,0
OCC1=NC=C([C@H](O)C#CC2=CC(S)=C(S)C=C2Br)C=N1,29/000000037,"InChI=1S/C14H11BrN2O2S2/c15-10-4-13(21)12(20)3-8(10)1-2-11(19)9-5-16-14(7-18)17-6-9/h3-6,11,18-21H,7H2/t11-/m1/s1",C14H11N2O2S2Br,381.94453169200006,2.3939000000000004,4.29,4.38,2.35,-150.0,4.134607168805109,1,HIGHDIVERSITY_CONCAT,HsDHODH_HighDiv,6,4,66.24000000000001,2,14,2,2,0.6666666666666666,0.09523809523809523,0.09523809523809523,0.14285714285714285,0.07142857142857142,21,2,0,2,1,0,1,0,0
O=C(NC1=CC(O)=CC(O)=C1)C1=CC(S)=CC(S)=C1Br,29/000000003,"InChI=1S/C13H10BrNO3S2/c14-12-10(4-9(19)5-11(12)20)13(18)15-6-1-7(16)3-8(17)2-6/h1-5,16-17,19-20H,(H,15,18)",C13H10NO3S2Br,370.92854728000003,3.690000000000001,4.28,4.28,3.58,0.0,2.9713081030837447,1,HIGHDIVERSITY_CONCAT,HsDHODH_HighDiv,5,5,69.56,2,13,3,1,0.65,0.15,0.05,0.0,0.0,20,2,0,2,0,0,0,0,0
C=C(C(=O)CN)C1=CC(O)=CC(N2CCNC2=O)=C1,28/000000464,"InChI=1S/C13H15N3O3/c1-8(12(18)7-14)9-4-10(6-11(17)5-9)16-3-2-15-13(16)19/h4-6,17H,1-3,7,14H2,(H,15,19)/p+1",C13H16N3O3,261.11134134,0.4627999999999998,4.28,3.33,17.8,-140.0,3.445009298554103,1,HIGHDIVERSITY_CONCAT,HsDHODH_HighDiv,4,3,95.66,4,13,3,3,0.6842105263157895,0.15789473684210525,0.15789473684210525,0.23076923076923078,0.0,19,2,1,1,1,1,0,0,0
C=CC[C@H](N)C1=CC(C/C=C/CNN)=CC=C1I,5/000000037,"InChI=1S/C14H20IN3/c1-2-5-14(16)12-10-11(7-8-13(12)15)6-3-4-9-18-17/h2-4,7-8,10,14,18H,1,5-6,9,16-17H2/b4-3+/t14-/m0/s1",C14H20N3I,357.07019563999995,2.4291,4.28,3.44,3.85,-150.0,3.821004958449735,1,HIGHDIVERSITY_CONCAT,HsDHODH_HighDiv,3,3,64.07,7,14,0,3,0.7777777777777778,0.0,0.16666666666666666,0.2857142857142857,0.07142857142857142,18,1,0,1,0,0,0,0,0
O=C(O)C1=CC(C(=O)O)=C([N+](=O)[O-])O1,3/000000146,"InChI=1S/C6H3NO7/c8-5(9)2-1-3(6(10)11)14-4(2)7(12)13/h1H,(H,8,9)(H,10,11)",C6H3NO7,200.99095143600002,0.5841999999999999,4.28,4.95,2.74,0.0,2.785292124153676,1,HIGHDIVERSITY_CONCAT,HsDHODH_HighDiv,5,2,130.88,3,6,7,1,0.42857142857142855,0.5,0.07142857142857142,0.0,0.0,14,1,0,1,1,0,1,0,0
C=CCN(N)C/C=C/CC1=CC=C(I)C(CN)=C1,5/000000026,"InChI=1S/C14H20IN3/c1-2-8-18(17)9-4-3-5-12-6-7-14(15)13(10-12)11-16/h2-4,6-7,10H,1,5,8-9,11,16-17H2/b4-3+",C14H20N3I,357.07019564,2.2103,4.28,0.82,3.85,0.0,3.3960609644534534,1,HIGHDIVERSITY_CONCAT,HsDHODH_HighDiv,3,2,55.28,7,14,0,3,0.7777777777777778,0.0,0.16666666666666666,0.2857142857142857,0.0,18,1,0,1,0,0,0,0,0
CC/C=C(\CNCCS)C(=O)C1=CC(N=O)=C(Br)C=C1O,12/000001032,"InChI=1S/C14H17BrN2O3S/c1-2-3-9(8-16-4-5-21)14(19)10-6-12(17-20)11(15)7-13(10)18/h3,6-7,16,18,21H,2,4-5,8H2,1H3/b9-3+",C14H17N2O3SBr,372.014325504,3.591100000000002,4.28,2.06,3.7,-110.0,3.586061434197351,1,HIGHDIVERSITY_CONCAT,HsDHODH_HighDiv,6,3,78.76,8,14,3,2,0.6666666666666666,0.14285714285714285,0.09523809523809523,0.35714285714285715,0.0,21,1,0,1,0,0,0,0,0
C/C=C/C/C=C/CCC1=C(CO)N=C(C(=O)O)O1,3/000000311,"InChI=1S/C13H17NO4/c1-2-3-4-5-6-7-8-11-10(9-15)14-12(18-11)13(16)17/h2-3,5-6,15H,4,7-9H2,1H3,(H,16,17)/b3-2+,6-5+",C13H17NO4,251.115758024,2.3201000000000005,4.28,3.81,3.85,-80.0,3.424711425991914,1,HIGHDIVERSITY_CONCAT,HsDHODH_HighDiv,4,2,83.56,7,13,4,1,0.7222222222222222,0.2222222222222222,0.05555555555555555,0.38461538461538464,0.0,18,1,0,1,1,0,1,0,0
COCC1=C(CCl)C=C(I)C(C2=NC(CC(=O)O)=NN2)=N1,4/000000121,"InChI=1S/C12H12ClIN4O3/c1-21-5-8-6(4-13)2-7(14)11(15-8)12-16-9(17-18-12)3-10(19)20/h2H,3-5H2,1H3,(H,19,20)(H,16,17,18)",C12H12N4O3ClI,421.9642659240001,1.9835999999999996,4.28,6.83,22.1,-140.0,3.3679709413870755,1,HIGHDIVERSITY_CONCAT,HsDHODH_HighDiv,5,2,100.99,6,12,3,4,0.5714285714285714,0.14285714285714285,0.19047619047619047,0.3333333333333333,0.0,21,2,0,2,2,0,2,0,0
O=NC1=CC(F)=C(O)C=C1C1=CNC=C1,6/000000015,"InChI=1S/C10H7FN2O2/c11-8-4-9(13-15)7(3-10(8)14)6-1-2-12-5-6/h1-5,12,14H",C10H7N2O2F,206.049155684,2.9243000000000006,4.28,3.25,16.7,-120.0,3.216805646276443,1,HIGHDIVERSITY_CONCAT,HsDHODH_HighDiv,3,2,65.44999999999999,2,10,2,2,0.6666666666666666,0.13333333333333333,0.13333333333333333,0.0,0.0,15,2,0,2,1,0,1,0,0
OCCC[C@H](C#CC1=CC(O)=CC(O)=C1)C1=CN=NN1,23/000000207,"InChI=1S/C14H15N3O3/c18-5-1-2-11(14-9-15-17-16-14)4-3-10-6-12(19)8-13(20)7-10/h6-9,11,18-20H,1-2,5H2,(H,15,16,17)/t11-/m1/s1",C14H15N3O3,273.11134134,1.1236999999999997,4.28,6.86,21.4,-150.0,4.061677975622538,1,HIGHDIVERSITY_CONCAT,HsDHODH_HighDiv,5,4,102.25999999999999,4,14,3,3,0.7,0.15,0.15,0.2857142857142857,0.07142857142857142,20,2,0,2,1,0,1,0,0
O=NC1=CC(C(=O)/C(=C/CC(=O)O)CO)=C(O)C=C1Br,12/000000482,"InChI=1S/C12H10BrNO6/c13-8-4-10(16)7(3-9(8)14-20)12(19)6(5-15)1-2-11(17)18/h1,3-4,15-16H,2,5H2,(H,17,18)/b6-1+",C12H10NO6Br,342.96914914,2.1287000000000003,4.28,4.13,3.7,-60.0,3.436326535594631,1,HIGHDIVERSITY_CONCAT,HsDHODH_HighDiv,6,3,124.26,6,12,6,1,0.6,0.3,0.05,0.16666666666666666,0.0,20,1,0,1,0,0,0,0,0
NCC/C=C(\CN)C(=O)C1=CC(N=O)=C(Br)C=C1O,12/000000470,"InChI=1S/C12H14BrN3O3/c13-9-5-11(17)8(4-10(9)16-19)12(18)7(6-15)2-1-3-14/h2,4-5,17H,1,3,6,14-15H2/p+1/b7-2+",C12H15N3O3Br,327.02185340799997,1.9692000000000003,4.28,3.84,2.35,-40.0,3.985650753479269,1,HIGHDIVERSITY_CONCAT,HsDHODH_HighDiv,6,3,118.77,6,12,3,3,0.631578947368421,0.15789473684210525,0.15789473684210525,0.25,0.0,19,1,0,1,0,0,0,0,0
CCC/C(C#CCC1=C(CO)N=C(C(=O)O)O1)=C/CNN,3/000000253,"InChI=1S/C14H19N3O4/c1-2-4-10(7-8-16-15)5-3-6-12-11(9-18)17-13(21-12)14(19)20/h7,16,18H,2,4,6,8-9,15H2,1H3,(H,19,20)/b10-7-",C14H19N3O4,293.13755608800005,0.6008000000000001,4.28,8.03,24.8,-200.0,4.00140860716957,1,HIGHDIVERSITY_CONCAT,HsDHODH_HighDiv,6,4,121.61,7,14,4,3,0.6666666666666666,0.19047619047619047,0.14285714285714285,0.42857142857142855,0.0,21,1,0,1,1,0,1,0,0
CCC/C=C(\CCO)C(=O)C1=C(O)C=C(Br)C(N=O)=C1,12/000000496,"InChI=1S/C14H16BrNO4/c1-2-3-4-9(5-6-17)14(19)10-7-12(16-20)11(15)8-13(10)18/h4,7-8,17-18H,2-3,5-6H2,1H3/b9-4+",C14H16NO4Br,341.026270092,3.8442000000000034,4.28,4.33,3.7,-60.0,3.366918359494001,1,HIGHDIVERSITY_CONCAT,HsDHODH_HighDiv,5,2,86.96000000000001,7,14,4,1,0.7,0.2,0.05,0.35714285714285715,0.0,20,1,0,1,0,0,0,0,0
CCCCNCC1=C(Br)C(CO)=CC(C(=O)[C@@H]2CCCO2)=C1,12/000000008,"InChI=1S/C17H24BrNO3/c1-2-3-6-19-10-13-8-12(9-14(11-20)16(13)18)17(21)15-5-4-7-22-15/h8-9,15,19-20H,2-7,10-11H2,1H3/t15-/m0/s1",C17H24NO3Br,369.09395572799997,3.192800000000002,4.28,2.68,5.09,-190.0,3.105776552175594,1,HIGHDIVERSITY_CONCAT,HsDHODH_HighDiv,4,2,58.56,8,17,3,1,0.7727272727272727,0.13636363636363635,0.045454545454545456,0.5882352941176471,0.058823529411764705,22,2,1,1,1,1,0,0,0
O=C1NCCN1C1=CC(O)=CC(/C=C/C2=NSN=C2)=C1,28/000000217,"InChI=1S/C13H12N4O2S/c18-12-6-9(1-2-10-8-15-20-16-10)5-11(7-12)17-4-3-14-13(17)19/h1-2,5-8,18H,3-4H2,(H,14,19)/b2-1+",C13H12N4O2S,288.06809662399996,1.9437,4.28,0.53,23.1,-140.0,3.150914469131491,1,HIGHDIVERSITY_CONCAT,HsDHODH_HighDiv,5,2,78.35000000000001,3,13,2,4,0.65,0.1,0.2,0.15384615384615385,0.0,20,3,1,2,2,1,1,0,0
O=C1NC[C@@H](CCC2=CC=C(CO)C(/C=C\CO)=C2)N1,3/000000330,"InChI=1S/C15H20N2O3/c18-7-1-2-12-8-11(3-5-13(12)10-19)4-6-14-9-16-15(20)17-14/h1-3,5,8,14,18-19H,4,6-7,9-10H2,(H2,16,17,20)/b2-1-/t14-/m1/s1",C15H20N2O3,276.1473925,0.7984,4.28,7.58,5.09,-150.0,3.486166234731849,1,HIGHDIVERSITY_CONCAT,HsDHODH_HighDiv,3,4,81.59,6,15,3,2,0.75,0.15,0.1,0.4,0.06666666666666667,20,2,1,1,1,1,0,0,0
O=C(O)[C@@H](CCO)C1=NNC(=S)O1,8/000000031,"InChI=1S/C6H8N2O4S/c9-2-1-3(5(10)11)4-7-8-6(13)12-4/h3,9H,1-2H2,(H,8,13)(H,10,11)/t3-/m0/s1",C6H8N2O4S,204.020477736,0.28279000000000004,4.28,1.49,2.35,-170.0,3.774593809939173,1,HIGHDIVERSITY_CONCAT,HsDHODH_HighDiv,5,3,99.35000000000001,4,6,4,2,0.46153846153846156,0.3076923076923077,0.15384615384615385,0.5,0.16666666666666666,13,1,0,1,1,0,1,0,0
C=C(CC1=C(Br)C(O)=CC(C(=O)N=O)=C1)C(=O)O,12/000000268,"InChI=1S/C11H8BrNO5/c1-5(11(16)17)2-6-3-7(10(15)13-18)4-8(14)9(6)12/h3-4,14H,1-2H2,(H,16,17)",C11H8NO5Br,312.9585844559999,2.2446,4.28,4.33,3.85,0.0,3.1671378482505075,1,HIGHDIVERSITY_CONCAT,HsDHODH_HighDiv,4,2,104.02999999999999,4,11,5,1,0.6111111111111112,0.2777777777777778,0.05555555555555555,0.09090909090909091,0.0,18,1,0,1,0,0,0,0,0
O=NC1=C(N2C=NC(S)=N2)C=C(O)C(F)=C1,6/000000012,"InChI=1S/C8H5FN4O2S/c9-4-1-5(12-15)6(2-7(4)14)13-3-10-8(16)11-13/h1-3,14H,(H,11,16)",C8H5N4O2SF,240.01172462,1.7985999999999995,4.27,3.09,20.2,-120.0,3.659652671152528,1,HIGHDIVERSITY_CONCAT,HsDHODH_HighDiv,7,2,80.37,2,8,2,4,0.5,0.125,0.25,0.0,0.0,16,2,0,2,1,0,1,0,0
CSCNC(=O)C1=NOC(C2=CC(O)=C(F)C=C2O)=N1,6/000000036,"InChI=1S/C11H10FN3O4S/c1-20-4-13-10(18)9-14-11(19-15-9)5-2-8(17)6(12)3-7(5)16/h2-3,16-17H,4H2,1H3,(H,13,18)",C11H10N3O4SF,299.03760502,1.3371999999999995,4.27,2.12,24.2,-180.0,3.0618450261606673,1,HIGHDIVERSITY_CONCAT,HsDHODH_HighDiv,7,3,108.48,4,11,4,3,0.55,0.2,0.15,0.18181818181818182,0.0,20,2,0,2,1,0,1,0,0
NC(=O)C1=NOC(C2=C(CCO)C(Br)=C(F)C=C2)=C1,10/000000011,"InChI=1S/C12H10BrFN2O3/c13-11-7(3-4-17)6(1-2-8(11)14)10-5-9(12(15)18)16-19-10/h1-2,5,17H,3-4H2,(H2,15,18)",C12H10N2O3FBr,327.9858825,1.8769,4.27,3.31,3.58,-160.0,2.791076754175405,1,HIGHDIVERSITY_CONCAT,HsDHODH_HighDiv,4,2,89.35000000000001,4,12,3,2,0.631578947368421,0.15789473684210525,0.10526315789473684,0.16666666666666666,0.0,19,2,0,2,1,0,1,0,0
CC(=O)CC(=O)C1=CC(CC[C@H](N)CN)=C(Br)C(N=O)=C1,12/000000893,"InChI=1S/C14H18BrN3O3/c1-8(19)4-13(20)10-5-9(2-3-11(17)7-16)14(15)12(6-10)18-21/h5-6,11H,2-4,7,16-17H2,1H3/p+1/t11-/m0/s1",C14H19N3O3Br,355.053153536,2.2274000000000003,4.27,3.35,5.39,-200.0,4.107019218824055,1,HIGHDIVERSITY_CONCAT,HsDHODH_HighDiv,6,2,115.60999999999999,8,14,3,3,0.6666666666666666,0.14285714285714285,0.14285714285714285,0.42857142857142855,0.07142857142857142,21,1,0,1,0,0,0,0,0
NCC(=O)O[C@@H](C#CC1=CC(O)=CC(N)=C1)CO,23/000000220,"InChI=1S/C12H14N2O4/c13-6-12(17)18-11(7-15)2-1-8-3-9(14)5-10(16)4-8/h3-5,11,15-16H,6-7,13-14H2/p+1/t11-/m0/s1",C12H15N2O4,250.095356928,-0.8113000000000006,4.27,3.9,3.58,-150.0,4.262791024383802,1,HIGHDIVERSITY_CONCAT,HsDHODH_HighDiv,6,4,118.80000000000001,3,12,4,2,0.6666666666666666,0.2222222222222222,0.1111111111111111,0.25,0.08333333333333333,18,1,0,1,0,0,0,0,0
O=NCCC#CC1=CC(N2CCNC2=O)=CC(O)=C1,28/000000196,"InChI=1S/C13H13N3O3/c17-12-8-10(3-1-2-4-15-19)7-11(9-12)16-6-5-14-13(16)18/h7-9,17H,2,4-6H2,(H,14,18)",C13H13N3O3,259.095691276,1.4298,4.27,1.76,20.2,-120.0,3.1832771486527216,1,HIGHDIVERSITY_CONCAT,HsDHODH_HighDiv,4,2,82.0,3,13,3,3,0.6842105263157895,0.15789473684210525,0.15789473684210525,0.3076923076923077,0.0,19,2,1,1,1,1,0,0,0
N[C@@H]1NC[C@H](C(=O)C2=CC(O)=C(Br)C(Cl)=C2)N1,12/000000177,"InChI=1S/C10H11BrClN3O2/c11-8-5(12)1-4(2-7(8)16)9(17)6-3-14-10(13)15-6/h1-2,6,10,14-16H,3,13H2/t6-,10?/m1/s1",C10H9N3O2ClBr,318.972316372,0.7945000000000002,4.27,2.89,2.48,-190.0,4.056737148576142,1,HIGHDIVERSITY_CONCAT,HsDHODH_HighDiv,5,4,87.38,2,10,2,3,0.5882352941176471,0.11764705882352941,0.17647058823529413,0.3,0.2,17,2,1,1,1,1,0,0,0
NC(=S)NC1=CC(C(=O)[N+](=O)[O-])=C(S)C(O)=C1,29/000000056,"InChI=1S/C8H7N3O4S2/c9-8(17)10-3-1-4(7(13)11(14)15)6(16)5(12)2-3/h1-2,12,16H,(H3,9,10,17)",C8H7N3O4S2,272.987797704,0.7532999999999999,4.27,1.7,3.58,-40.0,3.350819029393004,1,HIGHDIVERSITY_CONCAT,HsDHODH_HighDiv,6,4,118.49,2,8,4,3,0.47058823529411764,0.23529411764705882,0.17647058823529413,0.0,0.0,17,1,0,1,0,0,0,0,0
CCCCC1=C(C=S)C(O)=CC(N2CCNC2=O)=C1,28/000000328,"InChI=1S/C14H18N2O2S/c1-2-3-4-10-7-11(8-13(17)12(10)9-19)16-6-5-15-14(16)18/h7-9,17H,2-6H2,1H3,(H,15,18)",C14H18N2O2S,278.108898816,2.6122000000000005,4.27,6.56,17.5,-140.0,2.977105257022341,1,HIGHDIVERSITY_CONCAT,HsDHODH_HighDiv,3,2,52.57,5,14,2,2,0.7368421052631579,0.10526315789473684,0.10526315789473684,0.42857142857142855,0.0,19,2,1,1,1,1,0,0,0
CC(=O)CC1=C(F)C(C2=C(O)N(C(=O)O)N=C2)=C(Br)C=C1,20/000000005,"InChI=1S/C13H10BrFN2O4/c1-6(18)4-7-2-3-9(14)10(11(7)15)8-5-16-17(12(8)19)13(20)21/h2-3,5,19H,4H2,1H3,(H,20,21)",C13H10N2O4FBr,355.98079712,2.8149000000000006,4.27,7.22,3.58,-140.0,3.0689488402123883,1,HIGHDIVERSITY_CONCAT,HsDHODH_HighDiv,5,2,92.42,3,13,4,2,0.6190476190476191,0.19047619047619047,0.09523809523809523,0.15384615384615385,0.0,21,2,0,2,1,0,1,0,0
O=NC1=C(Br)C(O)=CC(C(=O)/C=C/CS)=C1,12/000000377,"InChI=1S/C10H8BrNO3S/c11-10-7(12-15)4-6(5-9(10)14)8(13)2-1-3-16/h1-2,4-5,14,16H,3H2/b2-1+",C10H8NO3SBr,300.940826216,3.221300000000001,4.27,3.75,2.35,-20.0,3.534241498604147,1,HIGHDIVERSITY_CONCAT,HsDHODH_HighDiv,5,2,66.72999999999999,4,10,3,1,0.625,0.1875,0.0625,0.1,0.0,16,1,0,1,0,0,0,0,0
C#CC/C=C(\CNCC)C(=O)C1=CC(N=O)=C(Br)C=C1O,12/000001053,"InChI=1S/C15H15BrN2O3/c1-3-5-6-10(9-17-4-2)15(20)11-7-13(18-21)12(16)8-14(11)19/h1,6-8,17,19H,4-5,9H2,2H3/b10-6+",C15H15N2O3Br,350.02660444,3.2945000000000024,4.27,4.41,3.7,-110.0,3.7124015151690113,1,HIGHDIVERSITY_CONCAT,HsDHODH_HighDiv,5,2,78.76,7,15,3,2,0.7142857142857143,0.14285714285714285,0.09523809523809523,0.26666666666666666,0.0,21,1,0,1,0,0,0,0,0
CC1=CC=C(Cl)C(O)=C1/C=C/[C@@H]([S+]=O)C1=CC(=O)NC1=O,30/000000042,"InChI=1S/C14H12ClNO4S/c1-7-2-4-10(15)13(18)8(7)3-5-11(21-20)9-6-12(17)16-14(9)19/h2-6,11,18,21H,1H3,(H,16,17,19)/b5-3+/t11-/m1/s1",C14H12NO4SCl,324.00918293209,1.74672,4.27,5.06,5.08,-170.0,4.328268958558006,1,HIGHDIVERSITY_CONCAT,HsDHODH_HighDiv,4,2,83.47,4,14,4,1,0.6666666666666666,0.19047619047619047,0.047619047619047616,0.14285714285714285,0.07142857142857142,21,2,1,1,1,1,0,0,0
O=NC1=C(Br)C=C(O)C(C(=O)/C(=C/C(=O)O)CCCl)=C1,12/000001044,"InChI=1S/C12H9BrClNO5/c13-8-5-10(16)7(4-9(8)15-20)12(19)6(1-2-14)3-11(17)18/h3-5,16H,1-2H2,(H,17,18)/b6-3+",C12H9NO5ClBr,360.935262168,3.3752000000000013,4.27,4.81,3.7,-40.0,3.4040545472056607,1,HIGHDIVERSITY_CONCAT,HsDHODH_HighDiv,5,2,104.02999999999999,6,12,5,1,0.6,0.25,0.05,0.16666666666666666,0.0,20,1,0,1,0,0,0,0,0
O=C(O)[C@H]1C=NC2=C1C=C(NC1=CC(F)=CC(O)=C1Br)C=C2,16/000000035,"InChI=1S/C15H10BrFN2O3/c16-14-12(3-7(17)4-13(14)20)19-8-1-2-11-9(5-8)10(6-18-11)15(21)22/h1-6,10,19-20H,(H,21,22)/t10-/m0/s1",C15H10N2O3FBr,363.9858825,3.921500000000001,4.27,6.36,20.8,-190.0,3.4852004508047294,1,HIGHDIVERSITY_CONCAT,HsDHODH_HighDiv,4,3,81.92,3,15,3,2,0.6818181818181818,0.13636363636363635,0.09090909090909091,0.06666666666666667,0.06666666666666667,22,3,1,2,1,1,0,0,0
CNC/C=C(\CCCl)C(=O)C1=C(O)C=C(Br)C(N=O)=C1,12/000000494,"InChI=1S/C13H14BrClN2O3/c1-16-5-3-8(2-4-15)13(19)9-6-11(17-20)10(14)7-12(9)18/h3,6-7,16,18H,2,4-5H2,1H3/b8-3+",C13H14N2O3ClBr,359.987632088,3.5100000000000016,4.27,4.2,3.7,-80.0,3.6281311800068217,1,HIGHDIVERSITY_CONCAT,HsDHODH_HighDiv,5,2,78.75999999999999,7,13,3,2,0.65,0.15,0.1,0.3076923076923077,0.0,20,1,0,1,0,0,0,0,0
N/C=C\[C@@H](C/C=C/CC1=C(CN)N=C(C(=O)O)O1)C1=NNN=N1,3/000000048,"InChI=1S/C13H17N7O3/c14-6-5-8(11-17-19-20-18-11)3-1-2-4-10-9(7-15)16-12(23-10)13(21)22/h1-2,5-6,8H,3-4,7,14-15H2,(H,21,22)(H,17,18,19,20)/b2-1+,6-5-/t8-/m1/s1",C13H17N7O3,319.13928740400013,0.08959999999999951,4.27,6.65,5.39,-150.0,4.517864619041121,1,HIGHDIVERSITY_CONCAT,HsDHODH_HighDiv,8,4,169.82999999999998,8,13,3,7,0.5652173913043478,0.13043478260869565,0.30434782608695654,0.3076923076923077,0.07692307692307693,23,2,0,2,2,0,2,0,0
C[C@@](O)(/C=C/C(=O)NO)CCOC(=O)C1=NC=CC=C1,5/000000013,"InChI=1S/C13H16N2O5/c1-13(18,6-5-11(16)15-19)7-9-20-12(17)10-4-2-3-8-14-10/h2-6,8,18-19H,7,9H2,1H3,(H,15,16)/b6-5+/t13-/m1/s1",C13H16N2O5,280.105921612,0.4410999999999994,4.26,4.19,5.09,-170.0,3.174196488688418,1,HIGHDIVERSITY_CONCAT,HsDHODH_HighDiv,6,3,108.75000000000001,6,13,5,2,0.65,0.25,0.1,0.3076923076923077,0.07692307692307693,20,1,0,1,1,0,1,0,0
CC#CC/C(=C\CCN)C(=O)C1=CC(N=O)=C(Br)C=C1O,12/000000533,"InChI=1S/C15H15BrN2O3/c1-2-3-5-10(6-4-7-17)15(20)11-8-13(18-21)12(16)9-14(11)19/h6,8-9,19H,4-5,7,17H2,1H3/b10-6+",C15H15N2O3Br,350.02660444,3.423900000000002,4.26,2.87,3.7,-110.0,3.7416873451285255,1,HIGHDIVERSITY_CONCAT,HsDHODH_HighDiv,5,2,92.75000000000001,6,15,3,2,0.7142857142857143,0.14285714285714285,0.09523809523809523,0.26666666666666666,0.0,21,1,0,1,0,0,0,0,0
O=NC(=O)C1=C(O)C=C(Br)C(C2=CC=C(CCl)C(O)=C2)=C1,12/000000070,"InChI=1S/C14H9BrClNO4/c15-11-5-13(19)10(14(20)17-21)4-9(11)7-1-2-8(6-16)12(18)3-7/h1-5,18-19H,6H2",C14H9NO4ClBr,368.940347548,4.172700000000002,4.26,4.1,18.6,-188.0,2.84559341800302,1,HIGHDIVERSITY_CONCAT,HsDHODH_HighDiv,4,2,86.96000000000001,3,14,4,1,0.6666666666666666,0.19047619047619047,0.047619047619047616,0.07142857142857142,0.0,21,2,0,2,0,0,0,0,0
O=C(O)C1=NC([C@H](O)CS)=CO1,3/000000001,"InChI=1S/C6H7NO4S/c8-4(2-12)3-1-11-5(7-3)6(9)10/h1,4,8,12H,2H2,(H,9,10)/t4-/m1/s1",C6H7NO4S,189.009578704,0.33599999999999985,4.26,5.17,2.47,-150.0,3.966207613096427,1,HIGHDIVERSITY_CONCAT,HsDHODH_HighDiv,5,3,83.56,3,6,4,1,0.5,0.3333333333333333,0.08333333333333333,0.3333333333333333,0.16666666666666666,12,1,0,1,1,0,1,0,0
NC(=O)C1=CC=C(I)C(C2=NC(CC(=O)O)=NN2)=N1,4/000000211,"InChI=1S/C10H8IN5O3/c11-4-1-2-5(9(12)19)13-8(4)10-14-6(15-16-10)3-7(17)18/h1-2H,3H2,(H2,12,19)(H,17,18)(H,14,15,16)",C10H8N5O3I,372.96718711600005,0.1972999999999998,4.26,6.87,21.6,-120.0,3.0246187660097252,1,HIGHDIVERSITY_CONCAT,HsDHODH_HighDiv,5,3,134.85000000000002,4,10,3,5,0.5263157894736842,0.15789473684210525,0.2631578947368421,0.1,0.0,19,2,0,2,2,0,2,0,0
NOC1=C(Br)C(CCNCCC#CCO)=CC(C(=O)O)=C1,12/000001253,"InChI=1S/C14H17BrN2O4/c15-13-10(4-6-17-5-2-1-3-7-18)8-11(14(19)20)9-12(13)21-16/h8-9,17-18H,2,4-7,16H2,(H,19,20)",C14H17N2O4Br,356.03716912399994,0.9176999999999997,4.26,2.99,3.84,-30.0,3.0484208087610822,1,HIGHDIVERSITY_CONCAT,HsDHODH_HighDiv,5,4,104.81000000000002,7,14,4,2,0.6666666666666666,0.19047619047619047,0.09523809523809523,0.35714285714285715,0.0,21,1,0,1,0,0,0,0,0
O=NC1=CC(C(=O)[C@H]2CCCCN2)=CC(O)=C1Br,12/000000399,"InChI=1S/C12H13BrN2O3/c13-11-9(15-18)5-7(6-10(11)16)12(17)8-3-1-2-4-14-8/h5-6,8,14,16H,1-4H2/p+1/t8-/m1/s1",C12H14N2O3Br,312.01095437600003,2.877400000000001,4.26,3.05,2.35,-170.0,4.595196035372812,1,HIGHDIVERSITY_CONCAT,HsDHODH_HighDiv,5,2,78.76,3,12,3,2,0.6666666666666666,0.16666666666666666,0.1111111111111111,0.4166666666666667,0.08333333333333333,18,2,1,1,1,1,0,0,0
O=C1NCCN1C1=CC(CCO)=C(CF)C(O)=C1,28/000000308,"InChI=1S/C12H15FN2O3/c13-7-10-8(1-4-16)5-9(6-11(10)17)15-3-2-14-12(15)18/h5-6,16-17H,1-4,7H2,(H,14,18)",C12H15N2O3F,254.10667056,0.9260999999999999,4.26,3.52,16.5,-140.0,2.9156132721457606,1,HIGHDIVERSITY_CONCAT,HsDHODH_HighDiv,3,3,72.80000000000001,4,12,3,2,0.6666666666666666,0.16666666666666666,0.1111111111111111,0.4166666666666667,0.0,18,2,1,1,1,1,0,0,0
O=C1C=C([C@@H](/C=C/C2=C(F)C=CC(Cl)=C2O)CO)C(=O)N1,30/000000043,"InChI=1S/C14H11ClFNO4/c15-10-3-4-11(16)8(13(10)20)2-1-7(6-18)9-5-12(19)17-14(9)21/h1-5,7,18,20H,6H2,(H,17,19,21)/b2-1+/t7-/m0/s1",C14H11NO4FCl,311.036063732,1.3891999999999995,4.26,3.93,5.21,-150.0,3.80876612454991,1,HIGHDIVERSITY_CONCAT,HsDHODH_HighDiv,4,3,86.63,4,14,4,1,0.6666666666666666,0.19047619047619047,0.047619047619047616,0.14285714285714285,0.07142857142857142,21,2,1,1,1,1,0,0,0
O=C(CO)N1N=C(CCl)N=C1/C=C/[C@@H](S)C1=NN=CN1,8/000000007,"InChI=1S/C10H11ClN6O2S/c11-3-7-14-8(17(16-7)9(19)4-18)2-1-6(20)10-12-5-13-15-10/h1-2,5-6,18,20H,3-4H2,(H,12,13,15)/b2-1+/t6-/m1/s1",C10H11N6O2SCl,314.0352722720001,0.4518,4.26,4.31,3.58,-150.0,4.765592492684421,1,HIGHDIVERSITY_CONCAT,HsDHODH_HighDiv,8,3,109.57999999999998,5,10,2,6,0.5,0.1,0.3,0.3,0.1,20,2,0,2,2,0,2,0,0
C=C(CCSCC1=CC(O)=CC(N2CCNC2=O)=C1)C(=O)O,28/000000140,"InChI=1S/C15H18N2O4S/c1-10(14(19)20)2-5-22-9-11-6-12(8-13(18)7-11)17-4-3-16-15(17)21/h6-8,18H,1-5,9H2,(H,16,21)(H,19,20)",C15H18N2O4S,322.09872805599997,2.1859,4.26,3.22,21.3,-120.0,2.900324618220804,1,HIGHDIVERSITY_CONCAT,HsDHODH_HighDiv,4,3,89.87,7,15,4,2,0.6818181818181818,0.18181818181818182,0.09090909090909091,0.3333333333333333,0.0,22,2,1,1,1,1,0,0,0
COC/C=C/COC1=C(S)C(O)=CC(NC(N)=S)=C1,29/000000067,"InChI=1S/C12H16N2O3S2/c1-16-4-2-3-5-17-10-7-8(14-12(13)19)6-9(15)11(10)18/h2-3,6-7,15,18H,4-5H2,1H3,(H3,13,14,19)/b3-2+",C12H16N2O3S2,300.06023437199997,1.9177999999999997,4.26,1.46,19.6,-60.0,3.1937016062464103,1,HIGHDIVERSITY_CONCAT,HsDHODH_HighDiv,5,4,76.74,6,12,3,2,0.631578947368421,0.15789473684210525,0.10526315789473684,0.25,0.0,19,1,0,1,0,0,0,0,0
CC/C=C(\CON)C(=O)C1=CC(N=O)=C(Br)C=C1O,12/000000521,"InChI=1S/C12H13BrN2O4/c1-2-3-7(6-19-14)12(17)8-4-10(15-18)9(13)5-11(8)16/h3-5,16H,2,6,14H2,1H3/b7-3+",C12H13N2O4Br,328.005868996,2.962000000000001,4.26,4.69,2.35,-40.0,3.616072472936281,1,HIGHDIVERSITY_CONCAT,HsDHODH_HighDiv,6,2,101.98,6,12,4,2,0.631578947368421,0.21052631578947367,0.10526315789473684,0.25,0.0,19,1,0,1,0,0,0,0,0
N/C=C\[C@H](N)C1=CC(C/C=C/CNN)=CC=C1I,5/000000035,"InChI=1S/C13H19IN4/c14-12-5-4-10(3-1-2-8-18-17)9-11(12)13(16)6-7-15/h1-2,4-7,9,13,18H,3,8,15-17H2/b2-1+,7-6-/t13-/m0/s1",C13H19N4I,358.065444608,1.3254000000000004,4.25,3.6,3.72,-150.0,4.185405266142043,1,HIGHDIVERSITY_CONCAT,HsDHODH_HighDiv,4,4,90.08999999999999,6,13,0,4,0.7222222222222222,0.0,0.2222222222222222,0.23076923076923078,0.07692307692307693,18,1,0,1,0,0,0,0,0
O=C(O)C1=NC(CO)=C(CC/C=C/[C@H]2C=CC2)O1,3/000000248,"InChI=1S/C13H15NO4/c15-8-10-11(18-12(14-10)13(16)17)7-2-1-4-9-5-3-6-9/h1,3-5,9,15H,2,6-8H2,(H,16,17)/b4-1+/t9-/m0/s1",C13H15NO4,249.10010796,1.93,4.25,2.91,3.85,-150.0,4.008382189218965,1,HIGHDIVERSITY_CONCAT,HsDHODH_HighDiv,4,2,83.56,6,13,4,1,0.7222222222222222,0.2222222222222222,0.05555555555555555,0.38461538461538464,0.07692307692307693,18,2,1,1,1,0,1,0,0
O=C1C=C([C@H](S)CC/C=C\CC2=C(F)N=CC=C2Br)C(=O)N1,30/000000026,"InChI=1S/C15H14BrFN2O2S/c16-11-6-7-18-14(17)9(11)4-2-1-3-5-12(22)10-8-13(20)19-15(10)21/h1-2,6-8,12,22H,3-5H2,(H,19,20,21)/b2-1-/t12-/m1/s1",C15H14N2O2SFBr,383.994339008,2.7433000000000005,4.25,5.43,3.58,-150.0,4.075929580691236,1,HIGHDIVERSITY_CONCAT,HsDHODH_HighDiv,4,2,59.06,6,15,2,2,0.6818181818181818,0.09090909090909091,0.09090909090909091,0.26666666666666666,0.06666666666666667,22,2,1,1,2,1,1,0,0
NC(=S)NC1=CC(O)=C(S)C(OCC2=CCC=C2)=C1,29/000000070,"InChI=1S/C13H14N2O2S2/c14-13(19)15-9-5-10(16)12(18)11(6-9)17-7-8-3-1-2-4-8/h1,3-6,16,18H,2,7H2,(H3,14,15,19)",C13H14N2O2S2,294.049669688,2.6015000000000006,4.25,2.73,20.4,-40.0,3.390527898531774,1,HIGHDIVERSITY_CONCAT,HsDHODH_HighDiv,4,4,67.51,4,13,2,2,0.6842105263157895,0.10526315789473684,0.10526315789473684,0.15384615384615385,0.0,19,2,1,1,0,0,0,0,0
O=C(O)C1=COC(C(=S)COC[C@@H](S)C2=CNC(CO)=C2)=C1,3/000000177,"InChI=1S/C14H15NO5S2/c16-4-10-1-8(3-15-10)12(21)6-19-7-13(22)11-2-9(5-20-11)14(17)18/h1-3,5,12,15-16,21H,4,6-7H2,(H,17,18)/t12-/m1/s1",C14H15NO5S2,341.03916458000003,2.2039,4.25,8.35,5.39,-150.0,4.248591119152774,1,HIGHDIVERSITY_CONCAT,HsDHODH_HighDiv,6,4,95.69000000000001,8,14,5,1,0.6363636363636364,0.22727272727272727,0.045454545454545456,0.2857142857142857,0.07142857142857142,22,2,0,2,2,0,2,0,0
NCC/C=C(\CCCF)C(=O)C1=C(O)C=C(Br)C(N=O)=C1,12/000001038,"InChI=1S/C14H16BrFN2O3/c15-11-8-13(19)10(7-12(11)18-21)14(20)9(3-1-5-16)4-2-6-17/h4,7-8,19H,1-3,5-6,17H2/b9-4+",C14H16N2O3FBr,358.032832692,3.760200000000002,4.25,4.75,3.7,-70.0,3.560013660918,1,HIGHDIVERSITY_CONCAT,HsDHODH_HighDiv,5,2,92.75,8,14,3,2,0.6666666666666666,0.14285714285714285,0.09523809523809523,0.35714285714285715,0.0,21,1,0,1,0,0,0,0,0
O=NC1=C(Br)C(CCCCO)=CC(C(=O)[C@@H](Cl)C(=O)O)=C1,12/000000912,"InChI=1S/C13H13BrClNO5/c14-10-7(3-1-2-4-17)5-8(6-9(10)16-21)12(18)11(15)13(19)20/h5-6,11,17H,1-4H2,(H,19,20)/t11-/m1/s1",C13H12NO5ClBr,376.96656229599995,3.0367000000000006,4.25,3.0,3.58,-180.0,3.5531409221207593,1,HIGHDIVERSITY_CONCAT,HsDHODH_HighDiv,5,2,104.02999999999999,8,13,5,1,0.6190476190476191,0.23809523809523808,0.047619047619047616,0.38461538461538464,0.07692307692307693,21,1,0,1,0,0,0,0,0
NCO[C@H](C#CC1=CC(CC(=O)O)=CC(O)=C1)CCCl,23/000000163,"InChI=1S/C14H16ClNO4/c15-4-3-13(20-9-16)2-1-10-5-11(8-14(18)19)7-12(17)6-10/h5-7,13,17H,3-4,8-9,16H2,(H,18,19)/t13-/m1/s1",C14H16NO4Cl,297.076785672,1.3010999999999997,4.25,4.03,18.9,-150.0,3.681768796380726,1,HIGHDIVERSITY_CONCAT,HsDHODH_HighDiv,4,3,92.78,6,14,4,1,0.7,0.2,0.05,0.35714285714285715,0.07142857142857142,20,1,0,1,0,0,0,0,0
CC/C(=C\CCCN)C(=O)C1=CC(N=O)=C(Br)C=C1O,12/000001020,"InChI=1S/C14H17BrN2O3/c1-2-9(5-3-4-6-16)14(19)10-7-12(17-20)11(15)8-13(10)18/h5,7-8,18H,2-4,6,16H2,1H3/b9-5+",C14H17N2O3Br,340.042254504,3.810600000000003,4.25,4.74,3.7,-80.0,3.3387055389811806,1,HIGHDIVERSITY_CONCAT,HsDHODH_HighDiv,5,2,92.75000000000001,7,14,3,2,0.7,0.15,0.1,0.35714285714285715,0.0,20,1,0,1,0,0,0,0,0
C=CC1=CC(O)=C(I)C(C2=NC(CC(=O)O)=NN2)=N1,4/000000290,"InChI=1S/C11H9IN4O3/c1-2-5-3-6(17)9(12)10(13-5)11-14-7(15-16-11)4-8(18)19/h2-3H,1,4H2,(H,13,17)(H,18,19)(H,14,15,16)",C11H9N4O3I,371.97193814800005,1.4469999999999996,4.25,6.28,20.8,-120.0,3.578014919855878,1,HIGHDIVERSITY_CONCAT,HsDHODH_HighDiv,5,3,111.99,4,11,3,4,0.5789473684210527,0.15789473684210525,0.21052631578947367,0.09090909090909091,0.0,19,2,0,2,2,0,2,0,0
OC1=C(F)C=C(O)C(C2=NC(CS)=NO2)=C1,6/000000046,"InChI=1S/C9H7FN2O3S/c10-5-2-6(13)4(1-7(5)14)9-11-8(3-16)12-15-9/h1-2,13-14,16H,3H2",C9H7N2O3SF,242.016141304,1.7167,4.25,3.11,19.4,-140.0,3.028094978844835,1,HIGHDIVERSITY_CONCAT,HsDHODH_HighDiv,6,3,79.38000000000001,2,9,3,2,0.5625,0.1875,0.125,0.1111111111111111,0.0,16,2,0,2,1,0,1,0,0
NC[C@H](O)CC1=CC=C(C#CCO)C(Cl)=C1Cl,19/000000010,"InChI=1S/C12H13Cl2NO2/c13-11-8(2-1-5-16)3-4-9(12(11)14)6-10(17)7-15/h3-4,10,16-17H,5-7,15H2/p+1/t10-/m1/s1",C12H14NO2Cl2,273.03233401600005,1.1993000000000003,4.25,5.19,2.35,-150.0,3.975839552425467,1,HIGHDIVERSITY_CONCAT,HsDHODH_HighDiv,3,3,66.48,3,12,2,1,0.7058823529411765,0.11764705882352941,0.058823529411764705,0.3333333333333333,0.08333333333333333,17,1,0,1,0,0,0,0,0
N[C@](C#CC1=CC=CC2=C1NNC2=O)(CO)CCl,3/000000316,"InChI=1S/C12H12ClN3O2/c13-6-12(14,7-17)5-4-8-2-1-3-9-10(8)15-16-11(9)18/h1-3,17H,6-7,14H2,(H2,15,16,18)/t12-/m0/s1",C12H12N3O2Cl,265.061804304,0.13630000000000003,4.25,2.81,18.5,-190.0,4.071174496911273,1,HIGHDIVERSITY_CONCAT,HsDHODH_HighDiv,3,4,94.9,2,12,2,3,0.6666666666666666,0.1111111111111111,0.16666666666666666,0.25,0.08333333333333333,18,2,0,2,1,0,1,0,0
NCC1=C(Br)C(I)=CC=C1C1=CC(C(N)=O)=NO1,10/000000204,"InChI=1S/C11H9BrIN3O2/c12-10-6(4-14)5(1-2-7(10)13)9-3-8(11(15)17)16-18-9/h1-3H,4,14H2,(H2,15,17)",C11H9N3O2BrI,420.892286628,2.2663,4.25,3.97,2.22,-180.0,2.972802239178728,1,HIGHDIVERSITY_CONCAT,HsDHODH_HighDiv,4,2,95.14,3,11,2,3,0.6111111111111112,0.1111111111111111,0.16666666666666666,0.09090909090909091,0.0,18,2,0,2,1,0,1,0,0
O=NC1=C(Br)C(CC(=O)O)=CC(C(=O)CCO)=C1,12/000000136,"InChI=1S/C11H10BrNO5/c12-11-7(5-10(16)17)3-6(4-8(11)13-18)9(15)1-2-14/h3-4,14H,1-2,5H2,(H,16,17)",C11H10NO5Br,314.97423452,2.0391999999999992,4.25,2.68,3.58,-20.0,2.964695233684223,1,HIGHDIVERSITY_CONCAT,HsDHODH_HighDiv,5,2,104.03000000000002,6,11,5,1,0.6111111111111112,0.2777777777777778,0.05555555555555555,0.2727272727272727,0.0,18,1,0,1,0,0,0,0,0
C[C@H](N)/C=C(\CON)C(=O)C1=CC(N=O)=C(Br)C=C1O,12/000001048,"InChI=1S/C12H14BrN3O4/c1-6(14)2-7(5-20-15)12(18)8-3-10(16-19)9(13)4-11(8)17/h2-4,6,17H,5,14-15H2,1H3/p+1/b7-2+/t6-/m0/s1",C12H15N3O4Br,343.016768028,1.8992,4.24,4.97,3.7,-190.0,4.543075470084381,1,HIGHDIVERSITY_CONCAT,HsDHODH_HighDiv,7,3,128.0,6,12,4,3,0.6,0.2,0.15,0.25,0.08333333333333333,20,1,0,1,0,0,0,0,0
O=C(O)C1=NC(CO)=C(C/C=C/CBr)O1,3/000000298,"InChI=1S/C9H10BrNO4/c10-4-2-1-3-7-6(5-12)11-8(15-7)9(13)14/h1-2,12H,3-5H2,(H,13,14)/b2-1+",C9H10NO4Br,274.9793199,1.3587,4.24,2.3,3.85,0.0,3.623896721055324,1,HIGHDIVERSITY_CONCAT,HsDHODH_HighDiv,4,2,83.56,5,9,4,1,0.6,0.26666666666666666,0.06666666666666667,0.3333333333333333,0.0,15,1,0,1,1,0,1,0,0
O=C(O)C1=NC(CO)=C(C/C=C/C2=NN=CN2)O1,3/000000300,"InChI=1S/C10H10N4O4/c15-4-6-7(18-9(13-6)10(16)17)2-1-3-8-11-5-12-14-8/h1,3,5,15H,2,4H2,(H,16,17)(H,11,12,14)/b3-1+",C10H10N4O4,250.0702048,0.23909999999999992,4.24,3.14,3.85,0.0,3.939347552688748,1,HIGHDIVERSITY_CONCAT,HsDHODH_HighDiv,6,3,125.13000000000001,5,10,4,4,0.5555555555555556,0.2222222222222222,0.2222222222222222,0.2,0.0,18,2,0,2,2,0,2,0,0
CNCC(=O)[C@H](CCO)CCC1=C(Cl)C(Cl)=CC=C1O,19/000000027,"InChI=1S/C14H19Cl2NO3/c1-17-8-13(20)9(6-7-18)2-3-10-12(19)5-4-11(15)14(10)16/h4-5,9,17-19H,2-3,6-8H2,1H3/t9-/m0/s1",C14H19NO3Cl2,319.074198828,2.4187000000000007,4.24,5.57,5.09,-170.0,3.2682752765672074,1,HIGHDIVERSITY_CONCAT,HsDHODH_HighDiv,4,3,69.56,8,14,3,1,0.7,0.15,0.05,0.5,0.07142857142857142,20,1,0,1,0,0,0,0,0
OCC1=NC=C(/C=C/C2=NC=NN2)C=C1C1=CNC=C1,7/000000019,"InChI=1S/C14H13N5O/c20-8-13-12(11-3-4-15-7-11)5-10(6-16-13)1-2-14-17-9-18-19-14/h1-7,9,15,20H,8H2,(H,17,18,19)/b2-1+",C14H13N5O,267.112010036,1.8575,4.24,3.02,22.2,-120.0,3.3840159257695337,1,HIGHDIVERSITY_CONCAT,HsDHODH_HighDiv,4,3,90.47999999999999,4,14,1,5,0.7,0.05,0.25,0.07142857142857142,0.0,20,3,0,3,3,0,3,0,0
NNC(=O)[C@H]1C=NC2=CC=C(NC3=CC(F)=CC(O)=C3Br)C=C21,16/000000024,"InChI=1S/C15H12BrFN4O2/c16-14-12(3-7(17)4-13(14)22)20-8-1-2-11-9(5-8)10(6-19-11)15(23)21-18/h1-6,10,20,22H,18H2,(H,21,23)/t10-/m0/s1",C15H12N4O2FBr,378.01276594399997,2.8268000000000004,4.24,6.45,22.4,-190.0,3.626051257354732,1,HIGHDIVERSITY_CONCAT,HsDHODH_HighDiv,5,4,99.74,3,15,2,4,0.6521739130434783,0.08695652173913043,0.17391304347826086,0.06666666666666667,0.06666666666666667,23,3,1,2,1,1,0,0,0
NC[C@H](O)C#CC1=CC(S)=C(S)C=C1Br,29/000000017,"InChI=1S/C10H10BrNOS2/c11-8-4-10(15)9(14)3-6(8)1-2-7(13)5-12/h3-4,7,13-15H,5,12H2/t7-/m1/s1",C10H10NOS2Br,302.93871803999997,1.6976000000000002,4.24,4.41,2.35,-150.0,4.3903827281848145,1,HIGHDIVERSITY_CONCAT,HsDHODH_HighDiv,4,4,46.25,1,10,1,1,0.6666666666666666,0.06666666666666667,0.06666666666666667,0.2,0.1,15,1,0,1,0,0,0,0,0
C=CCONCC1=CNC(=O)C2=C1C=C(C(=O)O)N2,3/000000010,"InChI=1S/C12H13N3O4/c1-2-3-19-14-6-7-5-13-11(16)10-8(7)4-9(15-10)12(17)18/h2,4-5,14-15H,1,3,6H2,(H,13,16)(H,17,18)",C12H13N3O4,263.090605896,0.7615999999999998,4.24,6.36,22.6,-40.0,3.2099557650049233,1,HIGHDIVERSITY_CONCAT,HsDHODH_HighDiv,4,4,107.21000000000001,6,12,4,3,0.631578947368421,0.21052631578947367,0.15789473684210525,0.16666666666666666,0.0,19,2,0,2,2,0,2,0,0
CC1=CC([C@H](O)CN2C=CSC2=N)=CC(I)=C1CN,12/000000836,"InChI=1S/C13H16IN3OS/c1-8-4-9(5-11(14)10(8)6-15)12(18)7-17-2-3-19-13(17)16/h2-5,12,16,18H,6-7,15H2,1H3/b16-13+/t12-/m1/s1",C13H16N3OSI,389.005881132,2.1343900000000002,4.24,4.97,18.3,-170.0,3.677786038112515,1,HIGHDIVERSITY_CONCAT,HsDHODH_HighDiv,5,3,75.03,4,13,1,3,0.6842105263157895,0.05263157894736842,0.15789473684210525,0.3076923076923077,0.07692307692307693,19,2,0,2,1,0,1,0,0
C=CC[C@@H](C#CC1=CC(O)=CC(OCCO)=C1)CN,23/000000177,"InChI=1S/C15H19NO3/c1-2-3-12(11-16)4-5-13-8-14(18)10-15(9-13)19-7-6-17/h2,8-10,12,17-18H,1,3,6-7,11,16H2/t12-/m0/s1",C15H19NO3,261.136493468,1.2657999999999996,4.24,2.67,16.6,-150.0,3.6001871378110755,1,HIGHDIVERSITY_CONCAT,HsDHODH_HighDiv,4,3,75.71,6,15,3,1,0.7894736842105263,0.15789473684210525,0.05263157894736842,0.3333333333333333,0.06666666666666667,19,1,0,1,0,0,0,0,0
O=C(NCC#CC(=O)C1=C(O)NN=C1)C1=CC(S)=C(I)C=C1S,5/000000087,"InChI=1S/C14H10IN3O3S2/c15-9-5-11(22)7(4-12(9)23)13(20)16-3-1-2-10(19)8-6-17-18-14(8)21/h4-6,22-23H,3H2,(H,16,20)(H2,17,18,21)",C14H10N3O3S2I,458.92083118,1.9133999999999998,4.24,2.43,5.21,-60.0,3.868326586160647,1,HIGHDIVERSITY_CONCAT,HsDHODH_HighDiv,6,5,95.08,3,14,3,3,0.6086956521739131,0.13043478260869565,0.13043478260869565,0.07142857142857142,0.0,23,2,0,2,1,0,1,0,0
CCC/C(C#CCC1=C(CO)N=C(C(=O)O)O1)=C/CN,3/000000241,"InChI=1S/C14H18N2O4/c1-2-4-10(7-8-15)5-3-6-12-11(9-17)16-13(20-12)14(18)19/h7,17H,2,4,6,8-9,15H2,1H3,(H,18,19)/p+1/b10-7-",C14H19N2O4,278.126657056,1.0962,4.24,6.92,23.4,-170.0,4.261289501685145,1,HIGHDIVERSITY_CONCAT,HsDHODH_HighDiv,5,3,109.58,6,14,4,2,0.7,0.2,0.1,0.42857142857142855,0.0,20,1,0,1,1,0,1,0,0
CC/C(=C\C(=O)NO)C(=O)C1=CC(N=O)=C(Br)C=C1O,12/000001077,"InChI=1S/C12H11BrN2O5/c1-2-6(3-11(17)15-20)12(18)7-4-9(14-19)8(13)5-10(7)16/h3-5,16,20H,2H2,1H3,(H,15,17)/b6-3+",C12H11N2O5Br,341.985133552,2.5771,4.24,4.74,3.7,-60.0,3.409167174201306,1,HIGHDIVERSITY_CONCAT,HsDHODH_HighDiv,6,3,116.06000000000002,5,12,5,2,0.6,0.25,0.1,0.16666666666666666,0.0,20,1,0,1,0,0,0,0,0
C#C[C@H](N)C(=O)C1=CC(O)=C(Br)C(Cl)=C1,12/000000186,"InChI=1S/C10H7BrClNO2/c1-2-7(13)10(15)5-3-6(12)9(11)8(14)4-5/h1,3-4,7,14H,13H2/t7-/m0/s1",C10H7NO2ClBr,286.93486824400003,1.9513,4.24,3.03,2.48,-150.0,3.774909562504341,1,HIGHDIVERSITY_CONCAT,HsDHODH_HighDiv,3,2,63.32000000000001,2,10,2,1,0.6666666666666666,0.13333333333333333,0.06666666666666667,0.1,0.1,15,1,0,1,0,0,0,0,0
NOC1=CC(C(=O)O)=C(N=O)C=C1Br,12/000001150,"InChI=1S/C7H5BrN2O4/c8-4-2-5(10-13)3(7(11)12)1-6(4)14-9/h1-2H,9H2,(H,11,12)",C7H5N2O4Br,259.94326874,1.7977,4.24,5.65,14.9,0.0,3.049540460952013,1,HIGHDIVERSITY_CONCAT,HsDHODH_HighDiv,5,2,101.97999999999999,3,7,4,2,0.5,0.2857142857142857,0.14285714285714285,0.0,0.0,14,1,0,1,0,0,0,0,0
OCC1=NC=C(/C=C/C2C=CNC=C2)C=C1C=S,7/000000021,"InChI=1S/C14H14N2OS/c17-9-14-13(10-18)7-12(8-16-14)2-1-11-3-5-15-6-4-11/h1-8,10-11,15,17H,9H2/b2-1+",C14H14N2OS,258.082684068,2.1817,4.24,5.09,3.58,-150.0,4.068390573920909,1,HIGHDIVERSITY_CONCAT,HsDHODH_HighDiv,4,2,45.150000000000006,4,14,1,2,0.7777777777777778,0.05555555555555555,0.1111111111111111,0.14285714285714285,0.0,18,2,1,1,2,1,1,0,0
O=C1NCCN1C1=CC(CS)=CC(O)=C1,28/000000352,"InChI=1S/C10H12N2O2S/c13-9-4-7(6-15)3-8(5-9)12-2-1-11-10(12)14/h3-5,13,15H,1-2,6H2,(H,11,14)",C10H12N2O2S,224.061948624,1.3516,4.23,2.5,13.9,-120.0,2.7823298221006194,1,HIGHDIVERSITY_CONCAT,HsDHODH_HighDiv,3,3,52.57000000000001,2,10,2,2,0.6666666666666666,0.13333333333333333,0.13333333333333333,0.3,0.0,15,2,1,1,1,1,0,0,0
O=C(O)C1=CC=C(C#C[C@@H](O)CO)C(Cl)=C1Cl,19/000000016,"InChI=1S/C11H8Cl2O4/c12-9-6(1-3-7(15)5-14)2-4-8(10(9)13)11(16)17/h2,4,7,14-15H,5H2,(H,16,17)/t7-/m1/s1",C11H8O4Cl2,273.979964096,1.3962999999999999,4.23,4.22,17.4,-150.0,3.362751191221453,1,HIGHDIVERSITY_CONCAT,HsDHODH_HighDiv,3,3,77.76,2,11,4,0,0.6470588235294118,0.23529411764705882,0.0,0.18181818181818182,0.09090909090909091,17,1,0,1,0,0,0,0,0
C=CC[C@@H](C#CC1=CC(COCC)=CC(O)=C1)CN,23/000000204,"InChI=1S/C16H21NO2/c1-3-5-13(11-17)6-7-14-8-15(12-19-4-2)10-16(18)9-14/h3,8-10,13,18H,1,4-5,11-12,17H2,2H3/t13-/m0/s1",C16H21NO2,259.157228912,2.4311999999999996,4.23,3.88,16.0,-170.0,3.594996136359696,1,HIGHDIVERSITY_CONCAT,HsDHODH_HighDiv,3,2,55.480000000000004,6,16,2,1,0.8421052631578947,0.10526315789473684,0.05263157894736842,0.375,0.0625,19,1,0,1,0,0,0,0,0
CNCCC#CC1=C(CN)C(O)=CC(N2CCNC2=O)=C1,28/000000509,"InChI=1S/C15H20N4O2/c1-17-5-3-2-4-11-8-12(9-14(20)13(11)10-16)19-7-6-18-15(19)21/h8-9,17,20H,3,5-7,10,16H2,1H3,(H,18,21)",C15H20N4O2,288.15862588,0.34149999999999986,4.23,4.05,20.0,-140.0,3.1392991615012695,1,HIGHDIVERSITY_CONCAT,HsDHODH_HighDiv,4,4,90.62,4,15,2,4,0.7142857142857143,0.09523809523809523,0.19047619047619047,0.4,0.0,21,2,1,1,1,1,0,0,0
C=CNCCC1=C(C=S)C(O)=CC(N2CCNC2=O)=C1,28/000000311,"InChI=1S/C14H17N3O2S/c1-2-15-4-3-10-7-11(8-13(18)12(10)9-20)17-6-5-16-14(17)19/h2,7-9,15,18H,1,3-6H2,(H,16,19)",C14H17N3O2S,291.104147784,1.5452,4.23,6.57,19.9,-120.0,3.4264226635233053,1,HIGHDIVERSITY_CONCAT,HsDHODH_HighDiv,4,3,64.6,6,14,2,3,0.7,0.1,0.15,0.2857142857142857,0.0,20,2,1,1,1,1,0,0,0
NC(=O)CCNCC(=O)C1=CC(N=O)=C(Br)C(F)=C1,12/000000976,"InChI=1S/C11H11BrFN3O3/c12-11-7(13)3-6(4-8(11)16-19)9(17)5-15-2-1-10(14)18/h3-4,15H,1-2,5H2,(H2,14,18)/p+1",C11H12N3O3FBr,330.99678153200006,1.6337999999999997,4.23,2.06,2.35,-40.0,3.962359350764336,1,HIGHDIVERSITY_CONCAT,HsDHODH_HighDiv,5,2,101.62,7,11,3,3,0.5789473684210527,0.15789473684210525,0.15789473684210525,0.2727272727272727,0.0,19,1,0,1,0,0,0,0,0
NC(=S)NC1=CC2=C(C=C1)C(=O)C(O)=C(C(=O)O)C2=O,29/000000007,"InChI=1S/C12H8N2O5S/c13-12(20)14-4-1-2-5-6(3-4)8(15)7(11(18)19)10(17)9(5)16/h1-3,17H,(H,18,19)(H3,13,14,20)",C12H7N2O5S,292.01539235599995,0.6177999999999999,4.23,1.7,3.72,-140.0,2.6419073773943396,1,HIGHDIVERSITY_CONCAT,HsDHODH_HighDiv,5,4,129.72,2,12,5,2,0.6,0.25,0.1,0.0,0.0,20,2,1,1,0,0,0,0,0
O=C(O)CC1=NNC(C2=NC=CC=C2I)=N1,4/000000175,"InChI=1S/C9H7IN4O2/c10-5-2-1-3-11-8(5)9-12-6(13-14-9)4-7(15)16/h1-3H,4H2,(H,15,16)(H,12,13,14)",C9H7N4O2I,329.9613734640001,1.0983999999999998,4.23,4.89,17.4,-120.0,2.9056161676560244,1,HIGHDIVERSITY_CONCAT,HsDHODH_HighDiv,4,2,91.75999999999999,3,9,2,4,0.5625,0.125,0.25,0.1111111111111111,0.0,16,2,0,2,2,0,2,0,0
CNC[C@H](O)C#CC1=CC(S)=C(S)C=C1Br,29/000000030,"InChI=1S/C11H12BrNOS2/c1-13-6-8(14)3-2-7-4-10(15)11(16)5-9(7)12/h4-5,8,13-16H,6H2,1H3/t8-/m1/s1",C11H12NOS2Br,316.95436810399997,1.9583000000000002,4.23,5.73,2.35,-170.0,4.312346716214024,1,HIGHDIVERSITY_CONCAT,HsDHODH_HighDiv,4,4,32.26,2,11,1,1,0.6875,0.0625,0.0625,0.2727272727272727,0.09090909090909091,16,1,0,1,0,0,0,0,0
O=C1NCCN1C1=CC=C(O)C(O)=C1,28/000000039,"InChI=1S/C9H10N2O3/c12-7-2-1-6(5-8(7)13)11-4-3-10-9(11)14/h1-2,5,12-13H,3-4H2,(H,10,14)",C9H10N2O3,194.06914218,0.6274,4.23,0.93,12.0,-120.0,2.2728462661655104,1,HIGHDIVERSITY_CONCAT,HsDHODH_HighDiv,3,3,72.80000000000001,1,9,3,2,0.6428571428571429,0.21428571428571427,0.14285714285714285,0.2222222222222222,0.0,14,2,1,1,1,1,0,0,0
O=NC1=CC(C(=O)CCl)=CC(CCNCCCO)=C1Br,12/000000408,"InChI=1S/C13H16BrClN2O3/c14-13-9(2-4-16-3-1-5-18)6-10(12(19)8-15)7-11(13)17-20/h6-7,16,18H,1-5,8H2",C13H16N2O3ClBr,362.003282152,2.783000000000001,4.23,4.28,3.58,0.0,3.010654536650179,1,HIGHDIVERSITY_CONCAT,HsDHODH_HighDiv,5,2,78.76,9,13,3,2,0.65,0.15,0.1,0.46153846153846156,0.0,20,1,0,1,0,0,0,0,0
O=NC1=CC(C(=O)/C(=C/CCO)CO)=C(O)C=C1Br,12/000001024,"InChI=1S/C12H12BrNO5/c13-9-5-11(17)8(4-10(9)14-19)12(18)7(6-16)2-1-3-15/h2,4-5,15-17H,1,3,6H2/b7-2+",C12H12NO5Br,328.98988458400004,2.0364000000000004,4.23,4.02,2.35,-40.0,3.470378355289223,1,HIGHDIVERSITY_CONCAT,HsDHODH_HighDiv,6,3,107.19000000000001,6,12,5,1,0.631578947368421,0.2631578947368421,0.05263157894736842,0.25,0.0,19,1,0,1,0,0,0,0,0
O=C1NCCN1C1=CC(CCCCF)=CC(O)=C1,28/000000025,"InChI=1S/C13H17FN2O2/c14-4-2-1-3-10-7-11(9-12(17)8-10)16-6-5-15-13(16)18/h7-9,17H,1-6H2,(H,15,18)",C13H17N2O2F,252.127406004,2.2140000000000004,4.23,3.32,15.9,-120.0,2.591883299295082,1,HIGHDIVERSITY_CONCAT,HsDHODH_HighDiv,2,2,52.57000000000001,5,13,2,2,0.7222222222222222,0.1111111111111111,0.1111111111111111,0.46153846153846156,0.0,18,2,1,1,1,1,0,0,0
N=C1NN=C(C2=C(F)C=C(C(=O)O)C(O)=C2)S1,11/000000002,"InChI=1S/C9H6FN3O3S/c10-5-1-4(8(15)16)6(14)2-3(5)7-12-13-9(11)17-7/h1-2,14H,(H2,11,13)(H,15,16)",C9H6N3O3SF,255.011390272,1.16057,4.23,2.76,20.9,-160.0,3.078293337693399,1,HIGHDIVERSITY_CONCAT,HsDHODH_HighDiv,5,4,110.06,2,9,3,3,0.5294117647058824,0.17647058823529413,0.17647058823529413,0.0,0.0,17,2,0,2,1,0,1,0,0
NC(N)NCCC(=O)C1=C(N=O)C=C(Br)C(N=O)=C1,12/000000441,"InChI=1S/C10H12BrN5O3/c11-6-4-7(15-18)5(3-8(6)16-19)9(17)1-2-14-10(12)13/h3-4,10,14H,1-2,12-13H2",C10H10N5O3Br,329.01235134399997,1.6083000000000003,4.23,5.27,2.48,-40.0,3.5518507534792674,1,HIGHDIVERSITY_CONCAT,HsDHODH_HighDiv,8,3,140.0,7,10,3,5,0.5263157894736842,0.15789473684210525,0.2631578947368421,0.3,0.0,19,1,0,1,0,0,0,0,0
C=CCC1=C(CN)C(O)=CC(N2CCNC2=O)=C1,28/000000399,"InChI=1S/C13H17N3O2/c1-2-3-9-6-10(7-12(17)11(9)8-14)16-5-4-15-13(16)18/h2,6-7,17H,1,3-5,8,14H2,(H,15,18)/p+1",C13H18N3O2,247.132076784,1.109,4.23,5.13,15.6,-120.0,3.4525643490688376,1,HIGHDIVERSITY_CONCAT,HsDHODH_HighDiv,3,3,78.59,4,13,2,3,0.7222222222222222,0.1111111111111111,0.16666666666666666,0.3076923076923077,0.0,18,2,1,1,1,1,0,0,0
N[C@@H](CO)CCC1=C(Br)C(N=O)=CC(C(=O)CCl)=C1,12/000000932,"InChI=1S/C12H14BrClN2O3/c13-12-7(1-2-9(15)6-17)3-8(11(18)5-14)4-10(12)16-19/h3-4,9,17H,1-2,5-6,15H2/p+1/t9-/m1/s1",C12H15N2O3ClBr,347.987632088,2.5207000000000006,4.22,3.21,3.58,-150.0,4.269655181864691,1,HIGHDIVERSITY_CONCAT,HsDHODH_HighDiv,5,2,92.75,7,12,3,2,0.631578947368421,0.15789473684210525,0.10526315789473684,0.4166666666666667,0.08333333333333333,19,1,0,1,0,0,0,0,0
CC1=CC(I)=C(S)C=C1C(=O)NCC#CCO,5/000000051,"InChI=1S/C12H12INO2S/c1-8-6-10(13)11(17)7-9(8)12(16)14-4-2-3-5-15/h6-7,15,17H,4-5H2,1H3,(H,14,16)",C12H12NO2SI,360.963347624,1.6138200000000003,4.22,3.21,3.72,-40.0,3.1551846420412257,1,HIGHDIVERSITY_CONCAT,HsDHODH_HighDiv,3,3,49.33,2,12,2,1,0.7058823529411765,0.11764705882352941,0.058823529411764705,0.25,0.0,17,1,0,1,0,0,0,0,0
CNCS(=O)(=O)CCSCC1=CC(O)=CC(N2CCNC2=O)=C1,28/000000505,"InChI=1S/C14H21N3O4S2/c1-15-10-23(20,21)5-4-22-9-11-6-12(8-13(18)7-11)17-3-2-16-14(17)19/h6-8,15,18H,2-5,9-10H2,1H3,(H,16,19)/p+1",C14H22N3O4S2,359.09734815200005,0.7466999999999998,4.22,4.21,23.2,-140.0,3.5479693402815258,1,HIGHDIVERSITY_CONCAT,HsDHODH_HighDiv,6,3,98.74000000000001,8,14,4,3,0.6086956521739131,0.17391304347826086,0.13043478260869565,0.5,0.0,23,2,1,1,1,1,0,0,0
NC[C@@H](CO)CCC1=C(Br)C(N=O)=CC(C(=O)CCl)=C1,12/000000978,"InChI=1S/C13H16BrClN2O3/c14-13-9(2-1-8(6-16)7-18)3-10(12(19)5-15)4-11(13)17-20/h3-4,8,18H,1-2,5-7,16H2/t8-/m0/s1",C13H16N2O3ClBr,362.003282152,2.768300000000001,4.22,3.96,3.58,-150.0,3.7011650201569495,1,HIGHDIVERSITY_CONCAT,HsDHODH_HighDiv,5,2,92.75,8,13,3,2,0.65,0.15,0.1,0.46153846153846156,0.07692307692307693,20,1,0,1,0,0,0,0,0
C/C(=C\CN)C(=O)C1=CC(N=O)=C(Br)C=C1O,12/000000488,"InChI=1S/C11H11BrN2O3/c1-6(2-3-13)11(16)7-4-9(14-17)8(12)5-10(7)15/h2,4-5,15H,3,13H2,1H3/b6-2+",C11H11N2O3Br,297.99530431200003,2.6403000000000003,4.22,4.49,2.35,-40.0,3.4429373510713255,1,HIGHDIVERSITY_CONCAT,HsDHODH_HighDiv,5,2,92.75000000000001,4,11,3,2,0.6470588235294118,0.17647058823529413,0.11764705882352941,0.18181818181818182,0.0,17,1,0,1,0,0,0,0,0
CCCCC1=CC(N2CCNC2=O)=CC(O)=C1,28/000000050,"InChI=1S/C13H18N2O2/c1-2-3-4-10-7-11(9-12(16)8-10)15-6-5-14-13(15)17/h7-9,16H,2-6H2,1H3,(H,14,17)",C13H18N2O2,234.136827816,2.2643999999999993,4.22,1.94,13.2,-140.0,2.3383040818405565,1,HIGHDIVERSITY_CONCAT,HsDHODH_HighDiv,2,2,52.57000000000001,4,13,2,2,0.7647058823529411,0.11764705882352941,0.11764705882352941,0.46153846153846156,0.0,17,2,1,1,1,1,0,0,0
O=NC(=O)C1=CC(CC#CCCOC(=O)CO)=C(Br)C(O)=C1,12/000000055,"InChI=1S/C14H12BrNO6/c15-13-9(4-2-1-3-5-22-12(19)8-17)6-10(7-11(13)18)14(20)16-21/h6-7,17-18H,3-5,8H2",C14H12NO6Br,368.984799204,1.5328,4.22,7.21,5.21,-60.0,3.3571964341098344,1,HIGHDIVERSITY_CONCAT,HsDHODH_HighDiv,6,2,113.26000000000002,5,14,6,1,0.6363636363636364,0.2727272727272727,0.045454545454545456,0.2857142857142857,0.0,22,1,0,1,0,0,0,0,0
COCC/C=C/C1=CC=C(I)C(C2=NC(CC(=O)O)=NN2)=N1,4/000000077,"InChI=1S/C14H15IN4O3/c1-22-7-3-2-4-9-5-6-10(15)13(16-9)14-17-11(18-19-14)8-12(20)21/h2,4-6H,3,7-8H2,1H3,(H,20,21)(H,17,18,19)/b4-2+",C14H15N4O3I,414.01888834000005,2.1481,4.22,5.41,22.6,-160.0,3.258806483737625,1,HIGHDIVERSITY_CONCAT,HsDHODH_HighDiv,5,2,100.99,7,14,3,4,0.6363636363636364,0.13636363636363635,0.18181818181818182,0.2857142857142857,0.0,22,2,0,2,2,0,2,0,0
OCC/C=C/C1=CC2=C(NC=C2)C(S)=C1O,20/000000054,"InChI=1S/C12H13NO2S/c14-6-2-1-3-9-7-8-4-5-13-10(8)12(16)11(9)15/h1,3-5,7,13-16H,2,6H2/b3-1+",C12H13NO2S,235.066699656,2.557800000000001,4.22,3.93,14.7,-40.0,3.3078684753483323,1,HIGHDIVERSITY_CONCAT,HsDHODH_HighDiv,3,4,56.25,3,12,2,1,0.75,0.125,0.0625,0.16666666666666666,0.0,16,2,0,2,1,0,1,0,0
NC(=O)C1=NOC(C2=C(S)C(Br)=C(I)C=C2)=C1,10/000000206,"InChI=1S/C10H6BrIN2O2S/c11-8-5(12)2-1-4(9(8)17)7-3-6(10(13)15)14-16-7/h1-3,17H,(H2,13,15)",C10H6N2O2SBrI,423.837808532,3.0963000000000003,4.22,3.2,2.22,-180.0,3.1324528694659746,1,HIGHDIVERSITY_CONCAT,HsDHODH_HighDiv,4,2,69.12,2,10,2,2,0.5882352941176471,0.11764705882352941,0.11764705882352941,0.0,0.0,17,2,0,2,1,0,1,0,0
OC1=CC(C#CC2=CN=NS2)=CC(N[C@@H]2C=CCCC2)=C1,23/000000229,"InChI=1S/C16H15N3OS/c20-15-9-12(6-7-16-11-17-19-21-16)8-14(10-15)18-13-4-2-1-3-5-13/h2,4,8-11,13,18,20H,1,3,5H2/t13-/m1/s1",C16H15N3OS,297.0935831,3.1641000000000012,4.22,0.28,24.1,-168.0,3.9407310585971858,1,HIGHDIVERSITY_CONCAT,HsDHODH_HighDiv,5,2,58.040000000000006,2,16,1,3,0.7619047619047619,0.047619047619047616,0.14285714285714285,0.25,0.0625,21,3,1,2,1,0,1,0,0
OCCC[C@H](C#CC1=CC(O)=CC(O)=C1)C1=NON=C1,23/000000167,"InChI=1S/C14H14N2O4/c17-5-1-2-11(14-9-15-20-16-14)4-3-10-6-12(18)8-13(19)7-10/h6-9,11,17-19H,1-2,5H2/t11-/m1/s1",C14H14N2O4,274.095356928,1.3885999999999998,4.22,6.3,21.2,-150.0,3.993632631492982,1,HIGHDIVERSITY_CONCAT,HsDHODH_HighDiv,6,3,99.61,4,14,4,2,0.7,0.2,0.1,0.2857142857142857,0.07142857142857142,20,2,0,2,1,0,1,0,0
CC(=O)NC[C@@H](C#CC1=CC(Br)=C(O)C(Br)=C1)NN,30/000000002,"InChI=1S/C12H13Br2N3O2/c1-7(18)16-6-9(17-15)3-2-8-4-10(13)12(19)11(14)5-8/h4-5,9,17,19H,6,15H2,1H3,(H,16,18)/t9-/m1/s1",C12H13N3O2Br2,388.93745085600005,1.2366999999999995,4.22,1.77,19.8,-170.0,3.67103708231718,1,HIGHDIVERSITY_CONCAT,HsDHODH_HighDiv,4,4,87.38,3,12,2,3,0.631578947368421,0.10526315789473684,0.15789473684210525,0.25,0.08333333333333333,19,1,0,1,0,0,0,0,0
CC1=CSC(C2=CC(S(N)(=O)=O)=CC(O)=C2O)=C1,28/000000296,"InChI=1S/C11H11NO4S2/c1-6-2-10(17-5-6)8-3-7(18(12,15)16)4-9(13)11(8)14/h2-5,13-14H,1H3,(H2,12,15,16)",C11H11NO4S2,285.012949832,1.7821200000000006,4.22,2.41,19.6,-140.0,2.6681163875303753,1,HIGHDIVERSITY_CONCAT,HsDHODH_HighDiv,5,3,100.62,2,11,4,1,0.6111111111111112,0.2222222222222222,0.05555555555555555,0.09090909090909091,0.0,18,2,0,2,1,0,1,0,0
C/C=C/C1=CC(N2CCNC2=O)=CC(O)=C1,28/000000220,"InChI=1S/C12H14N2O2/c1-2-3-9-6-10(8-11(15)7-9)14-5-4-13-12(14)16/h2-3,6-8,15H,4-5H2,1H3,(H,13,16)/b3-2+",C12H14N2O2,218.105527688,1.9548999999999996,4.22,0.6,13.6,-160.0,2.6714007830406405,1,HIGHDIVERSITY_CONCAT,HsDHODH_HighDiv,2,2,52.57000000000001,2,12,2,2,0.75,0.125,0.125,0.25,0.0,16,2,1,1,1,1,0,0,0
OCC1=NC=C(/C=C/C2=CC=CC=C2)C=C1COCCS,7/000000032,"InChI=1S/C17H19NO2S/c19-12-17-16(13-20-8-9-21)10-15(11-18-17)7-6-14-4-2-1-3-5-14/h1-7,10-11,19,21H,8-9,12-13H2/b7-6+",C17H19NO2S,301.113649848,3.190700000000002,4.22,2.49,5.09,0.0,2.659504654480088,1,HIGHDIVERSITY_CONCAT,HsDHODH_HighDiv,4,2,42.35000000000001,7,17,2,1,0.8095238095238095,0.09523809523809523,0.047619047619047616,0.23529411764705882,0.0,21,2,0,2,1,0,1,0,0
CC[C@@H](/C=C/CC1=CC=C(I)C(CN)=C1)NN,5/000000021,"InChI=1S/C13H20IN3/c1-2-12(17-16)5-3-4-10-6-7-13(14)11(8-10)9-15/h3,5-8,12,17H,2,4,9,15-16H2,1H3/b5-3+/t12-/m0/s1",C13H20N3I,345.07019564000007,2.0905000000000005,4.22,2.32,3.85,-170.0,3.692301894985775,1,HIGHDIVERSITY_CONCAT,HsDHODH_HighDiv,3,3,64.07,6,13,0,3,0.7647058823529411,0.0,0.17647058823529413,0.38461538461538464,0.07692307692307693,17,1,0,1,0,0,0,0,0
O=NC(=O)C1=CC(C2=CC=CC(O)=C2C=S)=C(Br)C=C1O,12/000000056,"InChI=1S/C14H8BrNO4S/c15-11-5-13(18)9(14(19)16-20)4-8(11)7-2-1-3-12(17)10(7)6-21/h1-6,17-18H",C14H8NO4SBr,364.935740836,3.7817000000000003,4.22,6.17,20.6,-162.0,3.143147264156865,1,HIGHDIVERSITY_CONCAT,HsDHODH_HighDiv,5,2,86.96000000000001,3,14,4,1,0.6666666666666666,0.19047619047619047,0.047619047619047616,0.0,0.0,21,2,0,2,0,0,0,0,0
CCCSCC1=CC(O)=CC(C#CC[C@@H](O)CO)=C1,23/000000187,"InChI=1S/C15H20O3S/c1-2-6-19-11-13-7-12(8-15(18)9-13)4-3-5-14(17)10-16/h7-9,14,16-18H,2,5-6,10-11H2,1H3/t14-/m1/s1",C15H20O3S,280.1133155,2.1301999999999994,4.21,2.69,16.7,-190.0,3.3273839447776936,1,HIGHDIVERSITY_CONCAT,HsDHODH_HighDiv,4,3,60.69,6,15,3,0,0.7894736842105263,0.15789473684210525,0.0,0.4666666666666667,0.06666666666666667,19,1,0,1,0,0,0,0,0
O=C1NCCN1C1=CC(CCCCCCNCO)=CC(O)=C1,28/000000437,"InChI=1S/C16H25N3O3/c20-12-17-6-4-2-1-3-5-13-9-14(11-15(21)10-13)19-8-7-18-16(19)22/h9-11,17,20-21H,1-8,12H2,(H,18,22)",C16H25N3O3,307.18959166,1.5640999999999998,4.21,2.19,17.6,-120.0,2.647464016527417,1,HIGHDIVERSITY_CONCAT,HsDHODH_HighDiv,4,4,84.83000000000001,9,16,3,3,0.7272727272727273,0.13636363636363635,0.13636363636363635,0.5625,0.0,22,2,1,1,1,1,0,0,0
O=NC1=C(Br)C(OC[C@@H](O)CO)=CC(C(=O)CCl)=C1,12/000000960,"InChI=1S/C11H11BrClNO5/c12-11-8(14-18)1-6(9(17)3-13)2-10(11)19-5-7(16)4-15/h1-2,7,15-16H,3-5H2/t7-/m0/s1",C11H11NO5ClBr,350.950912232,2.0004999999999997,4.21,3.61,3.72,-150.0,3.4367791637651433,1,HIGHDIVERSITY_CONCAT,HsDHODH_HighDiv,6,2,96.19,7,11,5,1,0.5789473684210527,0.2631578947368421,0.05263157894736842,0.36363636363636365,0.09090909090909091,19,1,0,1,0,0,0,0,0
C/C=C/CCNCC1=CC(C/C=C/CNN)=CC=C1I,5/000000019,"InChI=1S/C16H24IN3/c1-2-3-5-10-19-13-15-12-14(8-9-16(15)17)7-4-6-11-20-18/h2-4,6,8-9,12,19-20H,5,7,10-11,13,18H2,1H3/b3-2+,6-4+",C16H24N3I,385.10149576799995,2.909,4.21,5.15,5.09,-31.0,3.265225107132329,1,HIGHDIVERSITY_CONCAT,HsDHODH_HighDiv,3,3,50.08,9,16,0,3,0.8,0.0,0.15,0.375,0.0,20,1,0,1,0,0,0,0,0
C[C@H](N)OCC#CC1=CC(CC(=O)O)=CC(O)=C1,23/000000155,"InChI=1S/C13H15NO4/c1-9(14)18-4-2-3-10-5-11(8-13(16)17)7-12(15)6-10/h5-7,9,15H,4,8,14H2,1H3,(H,16,17)/t9-/m1/s1",C13H15NO4,249.10010796,0.6920999999999997,4.21,3.55,5.09,-170.0,3.3348924372566424,1,HIGHDIVERSITY_CONCAT,HsDHODH_HighDiv,4,3,92.78,4,13,4,1,0.7222222222222222,0.2222222222222222,0.05555555555555555,0.3076923076923077,0.07692307692307693,18,1,0,1,0,0,0,0,0
O=C(O)C1=NN=C(C2=NON=C2C(=O)O)N1,8/000000002,"InChI=1S/C6H3N5O5/c12-5(13)2-1(10-16-11-2)3-7-4(6(14)15)9-8-3/h(H,12,13)(H,14,15)(H,7,8,9)",C6H2N5O5,225.013418196,-0.7489000000000003,4.21,1.03,2.35,-100.0,3.39003973408959,1,HIGHDIVERSITY_CONCAT,HsDHODH_HighDiv,7,3,155.08999999999997,3,6,5,5,0.375,0.3125,0.3125,0.0,0.0,16,2,0,2,2,0,2,0,0
NOC1=C(Br)C(F)=CC(C(=O)O)=C1,12/000001157,"InChI=1S/C7H5BrFNO3/c8-6-4(9)1-3(7(11)12)2-5(6)13-10/h1-2H,10H2,(H,11,12)",C7H5NO3FBr,248.94368334,1.5389000000000002,4.21,4.69,13.4,0.0,2.6330071708233067,1,HIGHDIVERSITY_CONCAT,HsDHODH_HighDiv,3,2,72.55,2,7,3,1,0.5384615384615384,0.23076923076923078,0.07692307692307693,0.0,0.0,13,1,0,1,0,0,0,0,0
COC1=C(O)C(CC2=NN=C(C3=CCC=CN3)N2)=CC=C1O,8/000000003,"InChI=1S/C15H16N4O3/c1-22-14-11(20)6-5-9(13(14)21)8-12-17-15(19-18-12)10-4-2-3-7-16-10/h3-7,16,20-21H,2,8H2,1H3,(H,17,18,19)",C15H16N4O3,300.12224037199996,1.6631999999999998,4.21,0.36,22.1,-200.0,3.5715233571867575,1,HIGHDIVERSITY_CONCAT,HsDHODH_HighDiv,6,4,103.29,4,15,3,4,0.6818181818181818,0.13636363636363635,0.18181818181818182,0.2,0.0,22,3,1,2,2,1,1,0,0
O=NC1=CC(C(=O)[C@@]2(F)CCNC2)=CC(O)=C1Br,12/000000942,"InChI=1S/C11H10BrFN2O3/c12-9-7(15-18)3-6(4-8(9)16)10(17)11(13)1-2-14-5-11/h3-4,14,16H,1-2,5H2/t11-/m1/s1",C11H10N2O3FBr,315.9858825,2.436900000000001,4.21,3.47,2.35,-190.0,4.124993536157741,1,HIGHDIVERSITY_CONCAT,HsDHODH_HighDiv,5,2,78.76,3,11,3,2,0.6111111111111112,0.16666666666666666,0.1111111111111111,0.36363636363636365,0.09090909090909091,18,2,1,1,1,1,0,0,0
NCC1=C(I)C=C(N=O)C(C/C=C/CNN)=C1,5/000000020,"InChI=1S/C11H15IN4O/c12-10-6-11(16-17)8(5-9(10)7-13)3-1-2-4-15-14/h1-2,5-6,15H,3-4,7,13-14H2/b2-1+",C11H15N4OI,346.0290591000001,1.7098,4.21,4.34,2.35,0.0,3.8308102806948927,1,HIGHDIVERSITY_CONCAT,HsDHODH_HighDiv,5,3,93.49999999999999,6,11,1,4,0.6470588235294118,0.058823529411764705,0.23529411764705882,0.2727272727272727,0.0,17,1,0,1,0,0,0,0,0
CN(N)C/C=C/CC1=CC=C(I)C(CN)=C1,5/000000032,"InChI=1S/C12H18IN3/c1-16(15)7-3-2-4-10-5-6-12(13)11(8-10)9-14/h2-3,5-6,8H,4,7,9,14-15H2,1H3/b3-2+",C12H18N3I,331.054545576,1.6541,4.21,1.78,3.85,-20.0,3.220323650173506,1,HIGHDIVERSITY_CONCAT,HsDHODH_HighDiv,3,2,55.28,5,12,0,3,0.75,0.0,0.1875,0.3333333333333333,0.0,16,1,0,1,0,0,0,0,0
CC(=O)OC/C(=C\CCN)C(=O)C1=CC(N=O)=C(Br)C=C1O,12/000001089,"InChI=1S/C14H15BrN2O5/c1-8(18)22-7-9(3-2-4-16)14(20)10-5-12(17-21)11(15)6-13(10)19/h3,5-6,19H,2,4,7,16H2,1H3/b9-3+",C14H15N2O5Br,370.01643368,2.5736000000000003,4.21,4.09,3.7,-120.0,3.3818576466261314,1,HIGHDIVERSITY_CONCAT,HsDHODH_HighDiv,7,2,119.05,7,14,5,2,0.6363636363636364,0.22727272727272727,0.09090909090909091,0.2857142857142857,0.0,22,1,0,1,0,0,0,0,0
NC[C@H](Cl)C(=O)C1=CC(S)=C(Br)C(N=O)=C1,12/000000925,"InChI=1S/C9H8BrClN2O2S/c10-8-6(13-15)1-4(2-7(8)16)9(14)5(11)3-12/h1-2,5,16H,3,12H2/p+1/t5-/m0/s1",C9H9N2O2SClBr,321.917838276,2.8845,4.21,3.65,2.35,-150.0,4.732783414399559,1,HIGHDIVERSITY_CONCAT,HsDHODH_HighDiv,5,2,72.52000000000001,4,9,2,2,0.5625,0.125,0.125,0.2222222222222222,0.1111111111111111,16,1,0,1,0,0,0,0,0
NNC/C=C/C(=O)C1=CC(N=O)=C(Br)C=C1,12/000000131,"InChI=1S/C10H10BrN3O2/c11-8-4-3-7(6-9(8)14-16)10(15)2-1-5-13-12/h1-4,6,13H,5,12H2/b2-1+",C10H10N3O2Br,282.99563866,2.0492,4.21,4.02,3.85,-40.0,3.233921202621059,1,HIGHDIVERSITY_CONCAT,HsDHODH_HighDiv,5,2,84.54999999999998,5,10,2,3,0.625,0.125,0.1875,0.1,0.0,16,1,0,1,0,0,0,0,0
CNC/C(=C\CCN)C(=O)C1=CC(N=O)=C(Br)C=C1O,12/000000500,"InChI=1S/C13H16BrN3O3/c1-16-7-8(3-2-4-15)13(19)9-5-11(17-20)10(14)6-12(9)18/h3,5-6,16,18H,2,4,7,15H2,1H3/b8-3+",C13H16N3O3Br,341.03750347199997,2.2299,4.21,4.05,3.7,-40.0,3.5449183594940017,1,HIGHDIVERSITY_CONCAT,HsDHODH_HighDiv,6,3,104.77999999999999,7,13,3,3,0.65,0.15,0.15,0.3076923076923077,0.0,20,1,0,1,0,0,0,0,0
O=C(CO)C1=CC(O)=C(Br)C(Cl)=C1,12/000000211,"InChI=1S/C8H6BrClO3/c9-8-5(10)1-4(2-6(8)12)7(13)3-11/h1-2,11-12H,3H2",C8H6O3ClBr,263.918883832,1.9830999999999996,4.21,2.88,2.22,0.0,2.608527985302942,1,HIGHDIVERSITY_CONCAT,HsDHODH_HighDiv,3,2,57.53,2,8,3,0,0.6153846153846154,0.23076923076923078,0.0,0.125,0.0,13,1,0,1,0,0,0,0,0
O=NC1=CC(C(=O)[C@H](O)CCP(=O)(O)O)=CC(O)=C1Br,12/000000924,"InChI=1S/C10H11BrNO7P/c11-9-6(12-16)3-5(4-8(9)14)10(15)7(13)1-2-20(17,18)19/h3-4,7,13-14H,1-2H2,(H2,17,18,19)/t7-/m1/s1",C10H11NO7PBr,366.945650422,1.664,4.21,3.78,3.7,-190.0,3.885266203588904,1,HIGHDIVERSITY_CONCAT,HsDHODH_HighDiv,6,4,144.49,6,10,7,1,0.5,0.35,0.05,0.3,0.1,20,1,0,1,0,0,0,0,0
CC1=C(SCS(=O)(=O)O)C=CC(N2C=NOC2)=C1O,14/000000001,"InChI=1S/C10H12N2O5S2/c1-7-9(18-6-19(14,15)16)3-2-8(10(7)13)12-4-11-17-5-12/h2-4,13H,5-6H2,1H3,(H,14,15,16)",C10H12N2O5S2,304.018763484,1.3754199999999999,4.21,7.69,20.3,-140.0,3.94980012695647,1,HIGHDIVERSITY_CONCAT,HsDHODH_HighDiv,7,2,99.43,4,10,5,2,0.5263157894736842,0.2631578947368421,0.10526315789473684,0.3,0.0,19,2,1,1,1,1,0,0,0
O=NC1=C(Br)C(C2=CC(=O)NC2)=CC(C(=O)CO)=C1,12/000000610,"InChI=1S/C12H9BrN2O4/c13-12-8(7-3-11(18)14-4-7)1-6(10(17)5-16)2-9(12)15-19/h1-3,16H,4-5H2,(H,14,18)",C12H9N2O4Br,323.974568868,1.5352000000000001,4.2,3.82,3.72,-120.0,3.5932803044712625,1,HIGHDIVERSITY_CONCAT,HsDHODH_HighDiv,5,2,95.83,4,12,4,2,0.631578947368421,0.21052631578947367,0.10526315789473684,0.16666666666666666,0.0,19,2,1,1,1,1,0,0,0
C=C[C@@H](C#CC1=CC(O)=CC=C1)C(=O)NO,23/000000044,"InChI=1S/C12H11NO3/c1-2-10(12(15)13-16)7-6-9-4-3-5-11(14)8-9/h2-5,8,10,14,16H,1H2,(H,13,15)/t10-/m0/s1",C12H11NO3,217.073893212,1.0512999999999995,4.2,3.77,15.8,-150.0,3.5492742735404184,1,HIGHDIVERSITY_CONCAT,HsDHODH_HighDiv,3,3,69.56,2,12,3,1,0.75,0.1875,0.0625,0.08333333333333333,0.08333333333333333,16,1,0,1,0,0,0,0,0
O=NC1=C(Br)C=C(O)C(C(=O)/C(=C/C=S)CO)=C1,12/000000504,"InChI=1S/C11H8BrNO4S/c12-8-4-10(15)7(3-9(8)13-17)11(16)6(5-14)1-2-18/h1-4,14-15H,5H2/b6-1+",C11H8NO4SBr,328.935740836,2.6537000000000006,4.2,3.87,2.35,-20.0,3.809656772145761,1,HIGHDIVERSITY_CONCAT,HsDHODH_HighDiv,6,2,86.96,5,11,4,1,0.6111111111111112,0.2222222222222222,0.05555555555555555,0.09090909090909091,0.0,18,1,0,1,0,0,0,0,0
NC/C=C(\CCl)C(=O)C1=CC(N=O)=C(Br)C=C1O,12/000000531,"InChI=1S/C11H10BrClN2O3/c12-8-4-10(16)7(3-9(8)15-18)11(17)6(5-13)1-2-14/h1,3-4,16H,2,5,14H2/p+1/b6-1+",C11H11N2O3ClBr,331.95633195999994,2.8592000000000017,4.2,4.31,2.35,-20.0,4.078805810607299,1,HIGHDIVERSITY_CONCAT,HsDHODH_HighDiv,5,2,92.75000000000001,5,11,3,2,0.6111111111111112,0.16666666666666666,0.1111111111111111,0.18181818181818182,0.0,18,1,0,1,0,0,0,0,0
C=CCSCCOCC1=CC(O)=CC(N2CCNC2=O)=C1,28/000000554,"InChI=1S/C15H20N2O3S/c1-2-6-21-7-5-20-11-12-8-13(10-14(18)9-12)17-4-3-16-15(17)19/h2,8-10,18H,1,3-7,11H2,(H,16,19)",C15H20N2O3S,308.1194635,2.3575999999999997,4.2,3.22,19.1,-120.0,2.886149774278323,1,HIGHDIVERSITY_CONCAT,HsDHODH_HighDiv,4,2,61.800000000000004,8,15,3,2,0.7142857142857143,0.14285714285714285,0.09523809523809523,0.4,0.0,21,2,1,1,1,1,0,0,0
C[C@@H](O)C1=C(CC(=O)/C=C\C2=CCC2)OC(C(=O)O)=N1,3/000000100,"InChI=1S/C14H15NO5/c1-8(16)12-11(20-13(15-12)14(18)19)7-10(17)6-5-9-3-2-4-9/h3,5-6,8,16H,2,4,7H2,1H3,(H,18,19)/b6-5-/t8-/m1/s1",C14H15NO5,277.09502258000003,1.8141,4.2,6.96,3.72,-170.0,3.9411445073364377,1,HIGHDIVERSITY_CONCAT,HsDHODH_HighDiv,5,2,100.63,6,14,5,1,0.7,0.25,0.05,0.35714285714285715,0.07142857142857142,20,2,1,1,1,0,1,0,0
NCCOC1=CC(NC2=CC(F)=CC(S)=C2Br)=CN=C1CO,16/000000021,"InChI=1S/C14H15BrFN3O2S/c15-14-10(3-8(16)4-13(14)22)19-9-5-12(21-2-1-17)11(7-20)18-6-9/h3-6,19-20,22H,1-2,7,17H2",C14H15N3O2SFBr,387.00523804000005,2.8453000000000013,4.2,8.21,19.7,0.0,3.068371528687387,1,HIGHDIVERSITY_CONCAT,HsDHODH_HighDiv,6,4,80.4,6,14,2,3,0.6363636363636364,0.09090909090909091,0.13636363636363635,0.21428571428571427,0.0,22,2,0,2,1,0,1,0,0
NCC(=O)C1=CC(N=O)=C(Br)C(CC(=O)O)=C1,12/000000105,"InChI=1S/C10H9BrN2O4/c11-10-6(3-9(15)16)1-5(8(14)4-12)2-7(10)13-17/h1-2H,3-4,12H2,(H,15,16)",C10H9N2O4Br,299.974568868,1.6155,4.2,3.95,3.58,0.0,3.0341158126097865,1,HIGHDIVERSITY_CONCAT,HsDHODH_HighDiv,5,2,109.82000000000001,5,10,4,2,0.5882352941176471,0.23529411764705882,0.11764705882352941,0.2,0.0,17,1,0,1,0,0,0,0,0
C=CC1=CN=C(C[C@H](N)CCC2=C(C)C=CC=C2O)C(I)=C1,4/000000235,"InChI=1S/C18H21IN2O/c1-3-13-9-16(19)17(21-11-13)10-14(20)7-8-15-12(2)5-4-6-18(15)22/h3-6,9,11,14,22H,1,7-8,10,20H2,2H3/t14-/m1/s1",C18H21N2OI,408.06986129200004,3.8458200000000025,4.2,7.93,5.08,-170.0,3.401374473503342,1,HIGHDIVERSITY_CONCAT,HsDHODH_HighDiv,3,2,59.14,6,18,1,2,0.8181818181818182,0.045454545454545456,0.09090909090909091,0.2777777777777778,0.05555555555555555,22,2,0,2,1,0,1,0,0
OCC1=NC=C(Cl)C=C1C#C[C@@H](O)CBr,7/000000027,"InChI=1S/C10H9BrClNO2/c11-4-9(15)2-1-7-3-8(12)5-13-10(7)6-14/h3,5,9,14-15H,4,6H2/t9-/m1/s1",C10H9NO2ClBr,288.950518308,1.3346,4.2,1.74,3.58,-150.0,3.82708497021108,1,HIGHDIVERSITY_CONCAT,HsDHODH_HighDiv,3,2,53.35000000000001,2,10,2,1,0.6666666666666666,0.13333333333333333,0.06666666666666667,0.3,0.1,15,1,0,1,1,0,1,0,0
C=CC1=CC([C@H](O)CC2=CC(C(=O)N=O)=CC=C2Br)=CN1,12/000000792,"InChI=1S/C15H13BrN2O3/c1-2-12-6-11(8-17-12)14(19)7-10-5-9(15(20)18-21)3-4-13(10)16/h2-6,8,14,17,19H,1,7H2/t14-/m1/s1",C15H13N2O3Br,348.01095437600003,3.6029000000000018,4.2,5.22,3.7,-150.0,3.6636851528899896,1,HIGHDIVERSITY_CONCAT,HsDHODH_HighDiv,3,2,82.51999999999998,5,15,3,2,0.7142857142857143,0.14285714285714285,0.09523809523809523,0.13333333333333333,0.06666666666666667,21,2,0,2,1,0,1,0,0
CC/C=C(\CC(=O)O)C(=O)C1=CC(N=O)=C(Br)C=C1O,12/000000472,"InChI=1S/C13H12BrNO5/c1-2-3-7(4-12(17)18)13(19)8-5-10(15-20)9(14)6-11(8)16/h3,5-6,16H,2,4H2,1H3,(H,17,18)/b7-3+",C13H12NO5Br,340.989884584,3.5464000000000024,4.2,4.46,3.7,-40.0,3.331349177104064,1,HIGHDIVERSITY_CONCAT,HsDHODH_HighDiv,5,2,104.02999999999999,6,13,5,1,0.65,0.25,0.05,0.23076923076923078,0.0,20,1,0,1,0,0,0,0,0
NCCC1=C(Br)C=CC=C1C1=CC(C(N)=O)=NO1,10/000000024,"InChI=1S/C12H12BrN3O2/c13-9-3-1-2-8(7(9)4-5-14)11-6-10(12(15)17)16-18-11/h1-3,6H,4-5,14H2,(H2,15,17)",C12H12N3O2Br,309.011288724,1.7042,4.2,2.63,3.58,-160.0,2.5846098875303767,1,HIGHDIVERSITY_CONCAT,HsDHODH_HighDiv,4,2,95.14,4,12,2,3,0.6666666666666666,0.1111111111111111,0.16666666666666666,0.16666666666666666,0.0,18,2,0,2,1,0,1,0,0
CNC(=O)C/C(=C\CCl)C(=O)C1=CC(N=O)=C(Br)C=C1O,12/000001027,"InChI=1S/C13H12BrClN2O4/c1-16-12(19)4-7(2-3-15)13(20)8-5-10(17-21)9(14)6-11(8)18/h2,5-6,18H,3-4H2,1H3,(H,16,19)/b7-2+",C13H12N2O4ClBr,373.966896644,3.0366000000000013,4.2,3.55,3.7,-90.0,3.5306809830695327,1,HIGHDIVERSITY_CONCAT,HsDHODH_HighDiv,5,2,95.83,6,13,4,2,0.6190476190476191,0.19047619047619047,0.09523809523809523,0.23076923076923078,0.0,21,1,0,1,0,0,0,0,0
C=CC[C@@H](C#CC1=CC(CC(C)=O)=CC(O)=C1)CN,23/000000201,"InChI=1S/C16H19NO2/c1-3-4-13(11-17)5-6-14-8-15(7-12(2)18)10-16(19)9-14/h3,8-10,13,19H,1,4,7,11,17H2,2H3/t13-/m0/s1",C16H19NO2,257.141578848,2.0262,4.2,3.08,17.0,-170.0,3.660252014443876,1,HIGHDIVERSITY_CONCAT,HsDHODH_HighDiv,3,2,63.31999999999999,5,16,2,1,0.8421052631578947,0.10526315789473684,0.05263157894736842,0.3125,0.0625,19,1,0,1,0,0,0,0,0
NCC1=CC([C@@H](Br)/C=C/CNN)=CC=C1I,5/000000033,"InChI=1S/C11H15BrIN3/c12-10(2-1-5-16-15)8-3-4-11(13)9(6-8)7-14/h1-4,6,10,16H,5,7,14-15H2/b2-1+/t10-/m0/s1",C11H15N3BrI,394.94940758,2.2054,4.19,2.5,14.0,-150.0,4.083899448365592,1,HIGHDIVERSITY_CONCAT,HsDHODH_HighDiv,3,3,64.07,5,11,0,3,0.6875,0.0,0.1875,0.2727272727272727,0.09090909090909091,16,1,0,1,0,0,0,0,0
C[C@H](NN)C(=O)C1=CC(N=O)=C(Br)C(N=O)=C1,12/000000092,"InChI=1S/C9H9BrN4O3/c1-4(12-11)9(15)5-2-6(13-16)8(10)7(3-5)14-17/h2-4,12H,11H2,1H3/t4-/m0/s1",C9H9N4O3Br,299.985802248,2.2794,4.19,4.22,2.48,-190.0,4.081523498913761,1,HIGHDIVERSITY_CONCAT,HsDHODH_HighDiv,7,2,113.97999999999999,5,9,3,4,0.5294117647058824,0.17647058823529413,0.23529411764705882,0.2222222222222222,0.1111111111111111,17,1,0,1,0,0,0,0,0
CCC#C/C=C(/CO)CCCC1=CC(C(=O)O)=CC(O)=C1,3/000000171,"InChI=1S/C17H20O4/c1-2-3-4-6-13(12-18)7-5-8-14-9-15(17(20)21)11-16(19)10-14/h6,9-11,18-19H,2,5,7-8,12H2,1H3,(H,20,21)/b13-6+",C17H20O4,288.13615912,2.7452000000000005,4.19,2.41,3.58,-50.0,3.0425051588937073,1,HIGHDIVERSITY_CONCAT,HsDHODH_HighDiv,3,3,77.76,6,17,4,0,0.8095238095238095,0.19047619047619047,0.0,0.35294117647058826,0.0,21,1,0,1,0,0,0,0,0
CCCC(=O)OC1=CC(C#CC/C=C/CN)=CC(O)=C1,23/000000096,"InChI=1S/C16H19NO3/c1-2-7-16(19)20-15-11-13(10-14(18)12-15)8-5-3-4-6-9-17/h4,6,10-12,18H,2-3,7,9,17H2,1H3/b6-4+",C16H19NO3,273.136493468,2.3541999999999996,4.19,1.12,18.2,-40.0,3.0648773338529756,1,HIGHDIVERSITY_CONCAT,HsDHODH_HighDiv,4,2,72.55,5,16,3,1,0.8,0.15,0.05,0.3125,0.0,20,1,0,1,0,0,0,0,0
O=NC1=C(Br)C=C(O)C(C(=O)/C(=C/CC(=O)O)CCl)=C1,12/000000505,"InChI=1S/C12H9BrClNO5/c13-8-4-10(16)7(3-9(8)15-20)12(19)6(5-14)1-2-11(17)18/h1,3-4,16H,2,5H2,(H,17,18)/b6-1+",C12H9NO5ClBr,360.93526216799995,3.3752000000000013,4.19,4.24,3.7,-40.0,3.470056288860233,1,HIGHDIVERSITY_CONCAT,HsDHODH_HighDiv,5,2,104.02999999999999,6,12,5,1,0.6,0.25,0.05,0.16666666666666666,0.0,20,1,0,1,0,0,0,0,0
NCC1=CC(C2=CC(O)=C(F)C=C2N=O)=C(CO)N1,6/000000150,"InChI=1S/C12H12FN3O3/c13-9-3-10(16-19)8(2-12(9)18)7-1-6(4-14)15-11(7)5-17/h1-3,15,17-18H,4-5,14H2/p+1",C12H13N3O3F,265.086269464,1.8752999999999995,4.19,5.27,20.5,-120.0,4.054743322222743,1,HIGHDIVERSITY_CONCAT,HsDHODH_HighDiv,5,4,111.70000000000002,4,12,3,3,0.631578947368421,0.15789473684210525,0.15789473684210525,0.16666666666666666,0.0,19,2,0,2,1,0,1,0,0
O=C1NNC2=C1C=C(CO)C(O)=C2,3/000000142,"InChI=1S/C8H8N2O3/c11-3-4-1-5-6(2-7(4)12)9-10-8(5)13/h1-2,11-12H,3H2,(H2,9,10,13)",C8H8N2O3,180.053492116,0.054099999999999926,4.19,2.98,11.4,-40.0,2.814170519239596,1,HIGHDIVERSITY_CONCAT,HsDHODH_HighDiv,3,4,89.11,1,8,3,2,0.6153846153846154,0.23076923076923078,0.15384615384615385,0.125,0.0,13,2,0,2,1,0,1,0,0
NC(N)N[C@H](/C=C/C1=C(O)C(Cl)=CC=C1)C1=CC(=O)NC1=O,30/000000012,"InChI=1S/C14H15ClN4O3/c15-9-3-1-2-7(12(9)21)4-5-10(18-14(16)17)8-6-11(20)19-13(8)22/h1-6,10,14,18,21H,16-17H2,(H,19,20,22)/b5-4+/t10-/m1/s1",C14H14N4O3Cl,322.08326802,-0.1992000000000002,4.19,5.86,5.09,-150.0,3.8902133511830383,1,HIGHDIVERSITY_CONCAT,HsDHODH_HighDiv,6,5,130.47,5,14,3,4,0.6363636363636364,0.13636363636363635,0.18181818181818182,0.14285714285714285,0.07142857142857142,22,2,1,1,1,1,0,0,0
CSCC1=C(C=S)C(O)=CC(N2CCNC2=O)=C1,28/000000252,"InChI=1S/C12H14N2O2S2/c1-18-7-8-4-9(5-11(15)10(8)6-17)14-3-2-13-12(14)16/h4-6,15H,2-3,7H2,1H3,(H,13,16)",C12H14N2O2S2,282.049669688,2.1326,4.19,4.68,18.8,-140.0,3.2736803490688375,1,HIGHDIVERSITY_CONCAT,HsDHODH_HighDiv,4,2,52.57,4,12,2,2,0.6666666666666666,0.1111111111111111,0.1111111111111111,0.3333333333333333,0.0,18,2,1,1,1,1,0,0,0
NCOC1=C(F)C(/C=C/CS(=O)(=O)O)=C(Br)C=C1,20/000000020,"InChI=1S/C10H11BrFNO4S/c11-8-3-4-9(17-6-13)10(12)7(8)2-1-5-18(14,15)16/h1-4H,5-6,13H2,(H,14,15,16)/b2-1+",C10H11NO4SFBr,338.95761915200006,1.7842,4.19,8.0,3.58,0.0,3.210089464453453,1,HIGHDIVERSITY_CONCAT,HsDHODH_HighDiv,4,2,89.62,5,10,4,1,0.5555555555555556,0.2222222222222222,0.05555555555555555,0.2,0.0,18,1,0,1,0,0,0,0,0
NCCCC1=C(Br)C(N=O)=CC(C(=O)CC(=O)CS)=C1,12/000000970,"InChI=1S/C13H15BrN2O3S/c14-13-8(2-1-3-15)4-9(5-11(13)16-19)12(18)6-10(17)7-20/h4-5,20H,1-3,6-7,15H2",C13H15N2O3SBr,357.99867544,2.8100000000000014,4.19,4.56,3.58,0.0,3.252408103083745,1,HIGHDIVERSITY_CONCAT,HsDHODH_HighDiv,6,2,89.59,8,13,3,2,0.65,0.15,0.1,0.38461538461538464,0.0,20,1,0,1,0,0,0,0,0
NOC1=C(Br)C([SH](=O)=O)=CC(C(=O)O)=C1,12/000000203,"InChI=1S/C7H6BrNO5S/c8-6-4(14-9)1-3(7(10)11)2-5(6)15(12)13/h1-2,15H,9H2,(H,10,11)",C7H6NO5SBr,294.91500539199996,0.3701000000000002,4.19,5.05,16.2,0.0,3.6309638880346857,1,HIGHDIVERSITY_CONCAT,HsDHODH_HighDiv,5,3,106.69000000000001,3,7,5,1,0.4666666666666667,0.3333333333333333,0.06666666666666667,0.0,0.0,15,1,0,1,0,0,0,0,0
CCC#C/C(=C\CCCC1=CC(C(=O)O)=CC(O)=C1)CCC,3/000000152,"InChI=1S/C19H24O3/c1-3-5-9-15(8-4-2)10-6-7-11-16-12-17(19(21)22)14-18(20)13-16/h10,12-14,20H,3-4,6-8,11H2,1-2H3,(H,21,22)/b15-10-",C19H24O3,300.17254462799997,4.5530000000000035,4.19,3.09,6.72,-140.0,2.9879685022056712,1,HIGHDIVERSITY_CONCAT,HsDHODH_HighDiv,2,2,57.53,7,19,3,0,0.8636363636363636,0.13636363636363635,0.0,0.42105263157894735,0.0,22,1,0,1,0,0,0,0,0
NC(=O)C1=CC(I)=C(C#CC2=CSN=N2)N=C1CO,4/000000301,"InChI=1S/C11H7IN4O2S/c12-8-3-7(11(13)18)10(4-17)14-9(8)2-1-6-5-19-16-15-6/h3,5,17H,4H2,(H2,13,18)",C11H7N4O2SI,385.93344446400005,0.5287,4.19,6.57,24.8,0.0,3.755577825962834,1,HIGHDIVERSITY_CONCAT,HsDHODH_HighDiv,6,2,101.99000000000001,2,11,2,4,0.5789473684210527,0.10526315789473684,0.21052631578947367,0.09090909090909091,0.0,19,2,0,2,2,0,2,0,0
N[C@@H]1NCCN1CC(=O)C1=CC(N=O)=C(Br)C=C1N=O,12/000000444,"InChI=1S/C11H12BrN5O3/c12-7-4-8(15-19)6(3-9(7)16-20)10(18)5-17-2-1-14-11(17)13/h3-4,11,14H,1-2,5,13H2",C11H10N5O3Br,341.01235134399997,1.5751000000000008,4.19,5.0,2.48,-40.0,4.1790118733038035,1,HIGHDIVERSITY_CONCAT,HsDHODH_HighDiv,8,2,117.22,5,11,3,5,0.55,0.15,0.25,0.36363636363636365,0.09090909090909091,20,2,1,1,1,1,0,0,0
O=NC1=CC(C(=O)O)=CC(S)=C1Br,12/000000084,"InChI=1S/C7H4BrNO3S/c8-6-4(9-12)1-3(7(10)11)2-5(6)13/h1-2,13H,(H,10,11)",C7H4NO3SBr,260.909526088,2.8339000000000003,4.19,4.87,14.8,0.0,3.2478293427690073,1,HIGHDIVERSITY_CONCAT,HsDHODH_HighDiv,4,2,66.73,2,7,3,1,0.5384615384615384,0.23076923076923078,0.07692307692307693,0.0,0.0,13,1,0,1,0,0,0,0,0
CCNC/C(=C\CNC)C(=O)C1=C(O)C=C(Br)C(N=O)=C1,12/000001030,"InChI=1S/C14H18BrN3O3/c1-3-17-8-9(4-5-16-2)14(20)10-6-12(18-21)11(15)7-13(10)19/h4,6-7,16-17,19H,3,5,8H2,1-2H3/b9-4+",C14H18N3O3Br,355.053153536,2.4906000000000006,4.19,4.32,3.7,-170.0,3.5309974665860153,1,HIGHDIVERSITY_CONCAT,HsDHODH_HighDiv,6,3,90.78999999999999,8,14,3,3,0.6666666666666666,0.14285714285714285,0.14285714285714285,0.35714285714285715,0.0,21,1,0,1,0,0,0,0,0
CC1=CC=C(CCC2=C(CF)C(O)=CC=C2O)C(Br)=C1,4/000000314,"InChI=1S/C16H16BrFO2/c1-10-2-3-11(14(17)8-10)4-5-12-13(9-18)16(20)7-6-15(12)19/h2-3,6-8,19-20H,4-5,9H2,1H3",C16H16O2FBr,338.031770072,4.423420000000004,4.18,6.16,2.48,-20.0,2.518529501685144,1,HIGHDIVERSITY_CONCAT,HsDHODH_HighDiv,2,2,40.46,4,16,2,0,0.8,0.1,0.0,0.25,0.0,20,2,0,2,0,0,0,0,0
NOCC(=O)C1=CC(COCCS)=C(Br)C=C1,12/000000005,"InChI=1S/C11H14BrNO3S/c12-10-2-1-8(11(14)7-16-13)5-9(10)6-15-3-4-17/h1-2,5,17H,3-4,6-7,13H2",C11H14NO3SBr,318.987776408,1.9684999999999997,4.18,4.36,3.58,0.0,2.803228283968215,1,HIGHDIVERSITY_CONCAT,HsDHODH_HighDiv,5,2,61.55,7,11,3,1,0.6470588235294118,0.17647058823529413,0.058823529411764705,0.36363636363636365,0.0,17,1,0,1,0,0,0,0,0
NCC1=C(N2C=NC(CBr)=CC2)C=C(S)C(O)=C1,14/000000006,"InChI=1S/C12H14BrN3OS/c13-5-9-1-2-16(7-15-9)10-4-12(18)11(17)3-8(10)6-14/h1,3-4,7,17-18H,2,5-6,14H2",C12H14N3OSBr,327.00409516799994,2.266700000000001,4.18,2.68,17.7,-160.0,4.021610810607299,1,HIGHDIVERSITY_CONCAT,HsDHODH_HighDiv,5,3,61.849999999999994,3,12,1,3,0.6666666666666666,0.05555555555555555,0.16666666666666666,0.25,0.0,18,2,1,1,1,1,0,0,0
CCNC(=O)C#CC1=CC=C(C(=O)NC(=O)CN)C(Cl)=C1Cl,19/000000017,"InChI=1S/C14H13Cl2N3O3/c1-2-18-10(20)6-4-8-3-5-9(13(16)12(8)15)14(22)19-11(21)7-17/h3,5H,2,7,17H2,1H3,(H,18,20)(H,19,21,22)",C14H13N3O3Cl2,341.033396636,0.6961000000000006,4.18,6.7,24.2,-80.0,2.892325703992494,1,HIGHDIVERSITY_CONCAT,HsDHODH_HighDiv,4,3,101.29,3,14,3,3,0.6363636363636364,0.13636363636363635,0.13636363636363635,0.21428571428571427,0.0,22,1,0,1,0,0,0,0,0
C=C(C(=O)CNCOC)C1=CC(N2CCNC2=O)=CC(O)=C1,28/000000511,"InChI=1S/C15H19N3O4/c1-10(14(20)8-16-9-22-2)11-5-12(7-13(19)6-11)18-4-3-17-15(18)21/h5-7,16,19H,1,3-4,8-9H2,2H3,(H,17,21)",C15H19N3O4,305.137556088,0.6975999999999993,4.18,3.99,20.2,-140.0,3.2015783382712453,1,HIGHDIVERSITY_CONCAT,HsDHODH_HighDiv,5,3,90.9,7,15,4,3,0.6818181818181818,0.18181818181818182,0.13636363636363635,0.3333333333333333,0.0,22,2,1,1,1,1,0,0,0
O=S(=O)(O)C/C=C/C1=C(F)C=C([C@H](O)CO)C=C1Br,20/000000027,"InChI=1S/C11H12BrFO5S/c12-9-4-7(11(15)6-14)5-10(13)8(9)2-1-3-19(16,17)18/h1-2,4-5,11,14-15H,3,6H2,(H,16,17,18)/b2-1+/t11-/m1/s1",C11H12O5SFBr,353.957284804,1.5149000000000001,4.18,7.33,3.85,-150.0,3.551415706751569,1,HIGHDIVERSITY_CONCAT,HsDHODH_HighDiv,4,3,94.83000000000001,5,11,5,0,0.5789473684210527,0.2631578947368421,0.0,0.2727272727272727,0.09090909090909091,19,1,0,1,0,0,0,0,0
CCCC(=O)OC1=CC(C#CC/C=C/CO)=CC(O)=C1,23/000000112,"InChI=1S/C16H18O4/c1-2-7-16(19)20-15-11-13(10-14(18)12-15)8-5-3-4-6-9-17/h4,6,10-12,17-18H,2-3,7,9H2,1H3/b6-4+",C16H18O4,274.120509056,2.3878000000000004,4.18,0.83,18.0,-20.0,3.0119034327540746,1,HIGHDIVERSITY_CONCAT,HsDHODH_HighDiv,4,2,66.76,5,16,4,0,0.8,0.2,0.0,0.3125,0.0,20,1,0,1,0,0,0,0,0
N=C1C[C@H](C(=O)C2=CC(OCCO)=C(Br)C(N=O)=C2)CN1,12/000000113,"InChI=1S/C13H14BrN3O4/c14-12-9(17-20)3-7(4-10(12)21-2-1-18)13(19)8-5-11(15)16-6-8/h3-4,8,18H,1-2,5-6H2,(H2,15,16)/t8-/m0/s1",C13H14N3O4Br,355.016768028,1.9875699999999998,4.18,3.39,3.72,-190.0,3.95139390620564,1,HIGHDIVERSITY_CONCAT,HsDHODH_HighDiv,6,3,111.84,6,13,4,3,0.6190476190476191,0.19047619047619047,0.14285714285714285,0.38461538461538464,0.07692307692307693,21,2,1,1,1,1,0,0,0
CC/C=C/C(=O)C#CCNC(=O)C1=CC(S)=C(I)C=C1S,5/000000082,"InChI=1S/C15H14INO2S2/c1-2-3-5-10(18)6-4-7-17-15(19)11-8-14(21)12(16)9-13(11)20/h3,5,8-9,20-21H,2,7H2,1H3,(H,17,19)/b5-3+",C15H14NO2S2I,430.951068688,3.1371000000000016,4.18,0.5,3.85,-118.0,3.839458195330955,1,HIGHDIVERSITY_CONCAT,HsDHODH_HighDiv,4,3,46.17,4,15,2,1,0.7142857142857143,0.09523809523809523,0.047619047619047616,0.2,0.0,21,1,0,1,0,0,0,0,0
C=CNC/C=C(/C)CCCC1=C(CO)N=C(C(=O)O)O1,3/000000235,"InChI=1S/C14H20N2O4/c1-3-15-8-7-10(2)5-4-6-12-11(9-17)16-13(20-12)14(18)19/h3,7,15,17H,1,4-6,8-9H2,2H3,(H,18,19)/b10-7-",C14H20N2O4,280.14230712,1.8672,4.18,3.74,3.85,-170.0,3.5649362149718566,1,HIGHDIVERSITY_CONCAT,HsDHODH_HighDiv,5,3,95.59,9,14,4,2,0.7,0.2,0.1,0.42857142857142855,0.0,20,1,0,1,1,0,1,0,0
CONC/C=C/CC1=C([N+](=O)[O-])OC(C(=O)O)=C1,3/000000156,"InChI=1S/C10H12N2O6/c1-17-11-5-3-2-4-7-6-8(10(13)14)18-9(7)12(15)16/h2-3,6,11H,4-5H2,1H3,(H,13,14)/b3-2+",C10H12N2O6,256.069536104,1.1357,4.18,3.75,4.16,-80.0,3.54156550448485,1,HIGHDIVERSITY_CONCAT,HsDHODH_HighDiv,6,2,114.83999999999999,7,10,6,2,0.5555555555555556,0.3333333333333333,0.1111111111111111,0.3,0.0,18,1,0,1,1,0,1,0,0
NNCC1=CC(F)=C(/C=C/[C@H](N)C2=CNC(=S)S2)C(Br)=C1,20/000000028,"InChI=1S/C13H14BrFN4S2/c14-9-3-7(5-19-17)4-10(15)8(9)1-2-11(16)12-6-18-13(20)21-12/h1-4,6,11,19H,5,16-17H2,(H,18,20)/p+1/b2-1+/t11-/m0/s1",C13H15N4S2FBr,387.98272876799996,3.383790000000001,4.17,4.71,3.72,-150.0,4.5403639327308385,1,HIGHDIVERSITY_CONCAT,HsDHODH_HighDiv,5,4,79.85999999999999,5,13,0,4,0.6190476190476191,0.0,0.19047619047619047,0.15384615384615385,0.07692307692307693,21,2,0,2,1,0,1,0,0
CNCC1=C(F)C(/C=C/CS(=O)(=O)O)=C(Br)C=C1,20/000000014,"InChI=1S/C11H13BrFNO3S/c1-14-7-8-4-5-10(12)9(11(8)13)3-2-6-18(15,16)17/h2-5,14H,6-7H2,1H3,(H,15,16,17)/b3-2+",C11H13NO3SFBr,336.97835459600003,2.2085999999999997,4.17,6.39,5.09,-20.0,3.0989452336842227,1,HIGHDIVERSITY_CONCAT,HsDHODH_HighDiv,3,2,66.4,5,11,3,1,0.6111111111111112,0.16666666666666666,0.05555555555555555,0.2727272727272727,0.0,18,1,0,1,0,0,0,0,0
C=C/C(=C\CS)C1=NOC(C2=C(O)C=C(F)C(O)=C2)=N1,6/000000010,"InChI=1S/C13H11FN2O3S/c1-2-7(3-4-20)12-15-13(19-16-12)8-5-11(18)9(14)6-10(8)17/h2-3,5-6,17-18,20H,1,4H2/b7-3+",C13H11N2O3SF,294.047441432,2.786100000000001,4.17,1.31,23.8,-180.0,3.5662805506361916,1,HIGHDIVERSITY_CONCAT,HsDHODH_HighDiv,6,3,79.38000000000001,4,13,3,2,0.65,0.15,0.1,0.07692307692307693,0.0,20,2,0,2,1,0,1,0,0
NCC/C=C(\CC1=COC=C1)C(=O)C1=C(O)C=C(Br)C(N=O)=C1,12/000001087,"InChI=1S/C16H15BrN2O4/c17-13-8-15(20)12(7-14(13)19-22)16(21)11(2-1-4-18)6-10-3-5-23-9-10/h2-3,5,7-9,20H,1,4,6,18H2/b11-2+",C16H15N2O4Br,378.02151906,3.8462000000000023,4.17,3.47,5.21,-60.0,3.511740013358449,1,HIGHDIVERSITY_CONCAT,HsDHODH_HighDiv,6,2,105.88999999999999,7,16,4,2,0.6956521739130435,0.17391304347826086,0.08695652173913043,0.1875,0.0,23,2,0,2,1,0,1,0,0
NC(=S)NC1=CC(O)=C(S)C(COCC[N+](=O)[O-])=C1,29/000000057,"InChI=1S/C10H13N3O4S2/c11-10(19)12-7-3-6(9(18)8(14)4-7)5-17-2-1-13(15)16/h3-4,14,18H,1-2,5H2,(H3,11,12,19)",C10H13N3O4S2,303.034747896,1.1297,4.17,2.53,21.4,-40.0,3.3522136494068704,1,HIGHDIVERSITY_CONCAT,HsDHODH_HighDiv,6,4,110.65,6,10,4,3,0.5263157894736842,0.21052631578947367,0.15789473684210525,0.3,0.0,19,1,0,1,0,0,0,0,0
N[C@H](C#CC1=CC(CO)=CC(O)=C1)CC#CCCBr,23/000000064,"InChI=1S/C15H16BrNO2/c16-7-3-1-2-4-14(17)6-5-12-8-13(11-18)10-15(19)9-12/h8-10,14,18-19H,3-4,7,11,17H2/t14-/m0/s1",C15H16NO2Br,321.036440852,1.7418,4.17,-2.09,18.9,-170.0,3.9621621740955457,1,HIGHDIVERSITY_CONCAT,HsDHODH_HighDiv,3,3,66.48,3,15,2,1,0.7894736842105263,0.10526315789473684,0.05263157894736842,0.3333333333333333,0.06666666666666667,19,1,0,1,0,0,0,0,0
C=CC[C@H](NCCO)C1=C(I)C=CC(C/C=C/CNN)=C1,5/000000065,"InChI=1S/C16H24IN3O/c1-2-5-16(19-10-11-21)14-12-13(7-8-15(14)17)6-3-4-9-20-18/h2-4,7-8,12,16,19-21H,1,5-6,9-11,18H2/b4-3+/t16-/m0/s1",C16H24N3OI,401.09641038800004,2.0523,4.17,5.68,3.72,-180.0,3.807025700477994,1,HIGHDIVERSITY_CONCAT,HsDHODH_HighDiv,4,4,70.31,10,16,1,3,0.7619047619047619,0.047619047619047616,0.14285714285714285,0.375,0.0625,21,1,0,1,0,0,0,0,0
C=CCC/C(=C/C)CCCC1=C(CO)N=C(C(=O)O)O1,3/000000266,"InChI=1S/C15H21NO4/c1-3-5-7-11(4-2)8-6-9-13-12(10-17)16-14(20-13)15(18)19/h3-4,17H,1,5-10H2,2H3,(H,18,19)/b11-4-",C15H21NO4,279.147058152,3.100300000000002,4.17,4.69,3.85,-170.0,3.396262368818011,1,HIGHDIVERSITY_CONCAT,HsDHODH_HighDiv,4,2,83.56,9,15,4,1,0.75,0.2,0.05,0.4666666666666667,0.0,20,1,0,1,1,0,1,0,0
O=C(O)C1=CC(=O)[C@@H](CSCC2=NN=C(S)O2)O1,3/000000022,"InChI=1S/C9H8N2O5S2/c12-4-1-5(8(13)14)15-6(4)2-18-3-7-10-11-9(17)16-7/h1,6H,2-3H2,(H,11,17)(H,13,14)/t6-/m1/s1",C9H8N2O5S2,287.987463356,0.5278999999999998,4.17,2.36,2.22,-150.0,4.185513266142042,1,HIGHDIVERSITY_CONCAT,HsDHODH_HighDiv,8,2,102.52,5,9,5,2,0.5,0.2777777777777778,0.1111111111111111,0.3333333333333333,0.1111111111111111,18,2,1,1,2,1,1,0,0
C/C=C/C1=CC(C#CC[C@@H](O)CO)=CC(O)=C1,23/000000180,"InChI=1S/C14H16O3/c1-2-4-11-7-12(9-14(17)8-11)5-3-6-13(16)10-15/h2,4,7-9,13,15-17H,6,10H2,1H3/b4-2+/t13-/m1/s1",C14H16O3,232.109944372,1.5200999999999998,4.17,2.2,14.6,-170.0,3.41374379351278,1,HIGHDIVERSITY_CONCAT,HsDHODH_HighDiv,3,3,60.69,3,14,3,0,0.8235294117647058,0.17647058823529413,0.0,0.2857142857142857,0.07142857142857142,17,1,0,1,0,0,0,0,0
O=NCCCNC(=O)C1=CC=C(I)C(CS)=C1,5/000000089,"InChI=1S/C11H13IN2O2S/c12-10-3-2-8(6-9(10)7-17)11(15)13-4-1-5-14-16/h2-3,6,17H,1,4-5,7H2,(H,13,15)",C11H13N2O2SI,363.974246656,2.6073000000000004,4.17,2.94,3.85,0.0,2.8094295932971853,1,HIGHDIVERSITY_CONCAT,HsDHODH_HighDiv,4,2,58.53,6,11,2,2,0.6470588235294118,0.11764705882352941,0.11764705882352941,0.36363636363636365,0.0,17,1,0,1,0,0,0,0,0
O=C(/C=C/[C@@H](O)CCC1=CC(O)=CC=C1O)NO,5/000000018,"InChI=1S/C12H15NO5/c14-9(4-6-12(17)13-18)2-1-8-7-10(15)3-5-11(8)16/h3-7,9,14-16,18H,1-2H2,(H,13,17)/b6-4+/t9-/m0/s1",C12H15NO5,253.09502258,0.4528999999999999,4.17,1.81,3.58,-150.0,3.118824619360254,1,HIGHDIVERSITY_CONCAT,HsDHODH_HighDiv,5,5,110.02000000000001,5,12,5,1,0.6666666666666666,0.2777777777777778,0.05555555555555555,0.25,0.08333333333333333,18,1,0,1,0,0,0,0,0
CC#CCNCC[C@H]1CC(/C=C/CO)=CC(=O)N1,11/000000001,"InChI=1S/C14H20N2O2/c1-2-3-7-15-8-6-13-10-12(5-4-9-17)11-14(18)16-13/h4-5,11,13,15,17H,6-10H2,1H3,(H,16,18)/b5-4+/t13-/m0/s1",C14H20N2O2,248.15247788,0.3527999999999999,4.17,2.32,5.09,-170.0,4.238199944875074,1,HIGHDIVERSITY_CONCAT,HsDHODH_HighDiv,3,3,61.36,6,14,2,2,0.7777777777777778,0.1111111111111111,0.1111111111111111,0.5,0.07142857142857142,18,1,1,0,1,1,0,0,0
CC1=C(C2=CC(CN)=CC=C2)C(=O)C(CN)=CC1=O,10/000000045,"InChI=1S/C15H16N2O2/c1-9-13(18)6-12(8-17)15(19)14(9)11-4-2-3-10(5-11)7-16/h2-6H,7-8,16-17H2,1H3",C15H16N2O2,256.121177752,0.9557000000000002,4.17,5.51,3.58,-180.0,2.741089476068895,1,HIGHDIVERSITY_CONCAT,HsDHODH_HighDiv,4,2,86.18,3,15,2,2,0.7894736842105263,0.10526315789473684,0.10526315789473684,0.2,0.0,19,2,1,1,0,0,0,0,0
NN[C@@H](N)C(=O)C1=CC=C(Br)C([N+](=O)[O-])=C1,12/000000187,"InChI=1S/C8H9BrN4O3/c9-5-2-1-4(3-6(5)13(15)16)7(14)8(10)12-11/h1-3,8,12H,10-11H2/t8-/m1/s1",C8H9N4O3Br,287.985802248,0.28810000000000036,4.17,3.88,2.22,-150.0,3.201280117696262,1,HIGHDIVERSITY_CONCAT,HsDHODH_HighDiv,6,3,124.28,4,8,3,4,0.5,0.1875,0.25,0.125,0.125,16,1,0,1,0,0,0,0,0
NCC1=CC(C(=O)N=O)=CC(COCCC(N)=O)=C1Br,12/000000829,"InChI=1S/C12H14BrN3O4/c13-11-8(5-14)3-7(12(18)16-19)4-9(11)6-20-2-1-10(15)17/h3-4H,1-2,5-6,14H2,(H2,15,17)",C12H14N3O4Br,343.016768028,1.2064,4.17,5.26,20.3,0.0,2.9494337441093865,1,HIGHDIVERSITY_CONCAT,HsDHODH_HighDiv,5,2,124.84,7,12,4,3,0.6,0.2,0.15,0.3333333333333333,0.0,20,1,0,1,0,0,0,0,0
CNCCC#CC1=CC(N2CCNC2=O)=CC(O)=C1,28/000000071,"InChI=1S/C14H17N3O2/c1-15-5-3-2-4-11-8-12(10-13(18)9-11)17-7-6-16-14(17)19/h8-10,15,18H,3,5-7H2,1H3,(H,16,19)",C14H17N3O2,259.132076784,0.8828,4.16,0.86,18.0,-140.0,2.9274643281399015,1,HIGHDIVERSITY_CONCAT,HsDHODH_HighDiv,3,3,64.6,3,14,2,3,0.7368421052631579,0.10526315789473684,0.15789473684210525,0.35714285714285715,0.0,19,2,1,1,1,1,0,0,0
OCCNNCC1=CC([C@H](O)CO)=CC(O)=C1,8/000000010,"InChI=1S/C11H18N2O4/c14-2-1-12-13-6-8-3-9(11(17)7-15)5-10(16)4-8/h3-5,11-17H,1-2,6-7H2/t11-/m1/s1",C11H18N2O4,242.126657056,-0.9956,4.16,3.76,13.0,-190.0,3.265551649486593,1,HIGHDIVERSITY_CONCAT,HsDHODH_HighDiv,6,6,104.98,7,11,4,2,0.6470588235294118,0.23529411764705882,0.11764705882352941,0.45454545454545453,0.09090909090909091,17,1,0,1,0,0,0,0,0
O=[S+][C@H](/C=C/C1=C(O)C(Cl)=CC=C1S)C1=CC(=O)NC1=O,30/000000031,"InChI=1S/C13H10ClNO4S2/c14-8-2-3-9(20)6(12(8)17)1-4-10(21-19)7-5-11(16)15-13(7)18/h1-5,10,17,20-21H,(H,15,16,18)/b4-1+/t10-/m1/s1",C13H10NO4S2Cl,341.96560386809,1.7269999999999996,4.16,5.64,3.84,-150.0,4.633870577991205,1,HIGHDIVERSITY_CONCAT,HsDHODH_HighDiv,5,3,83.47,4,13,4,1,0.6190476190476191,0.19047619047619047,0.047619047619047616,0.07692307692307693,0.07692307692307693,21,2,1,1,1,1,0,0,0
C=CC1=C(C(=O)O)NC(C(=O)O)=N1,3/000000035,"InChI=1S/C7H6N2O4/c1-2-3-4(6(10)11)9-5(8-3)7(12)13/h2H,1H2,(H,8,9)(H,10,11)(H,12,13)",C7H6N2O4,182.032756672,0.4491,4.16,3.8,17.4,0.0,3.244697668560862,1,HIGHDIVERSITY_CONCAT,HsDHODH_HighDiv,3,3,103.28,3,7,4,2,0.5384615384615384,0.3076923076923077,0.15384615384615385,0.0,0.0,13,1,0,1,1,0,1,0,0
O=C(O)C/C=C/C1=NOC(C2=CC(O)=C(F)C=C2O)=N1,6/000000043,"InChI=1S/C12H9FN2O5/c13-7-5-8(16)6(4-9(7)17)12-14-10(15-20-12)2-1-3-11(18)19/h1-2,4-5,16-17H,3H2,(H,18,19)/b2-1+",C12H9N2O5F,280.04954960800006,1.7747999999999995,4.16,0.42,23.1,-160.0,3.09909369748934,1,HIGHDIVERSITY_CONCAT,HsDHODH_HighDiv,6,3,116.68,4,12,5,2,0.6,0.25,0.1,0.08333333333333333,0.0,20,2,0,2,1,0,1,0,0
C=CC[C@@H](C#CC1=CC(O)=CC=C1)CN,23/000000126,"InChI=1S/C13H15NO/c1-2-4-12(10-14)8-7-11-5-3-6-13(15)9-11/h2-3,5-6,9,12,15H,1,4,10,14H2/t12-/m0/s1",C13H15NO,201.1153641,1.8946999999999994,4.16,3.61,13.0,-150.0,3.5017977281848136,1,HIGHDIVERSITY_CONCAT,HsDHODH_HighDiv,2,2,46.25,3,13,1,1,0.8666666666666667,0.06666666666666667,0.06666666666666667,0.23076923076923078,0.07692307692307693,15,1,0,1,0,0,0,0,0
NOC1=C(Br)C(CC(=O)CCO)=CC(C(=O)O)=C1,12/000001391,"InChI=1S/C11H12BrNO5/c12-10-6(4-8(15)1-2-14)3-7(11(16)17)5-9(10)18-13/h3,5,14H,1-2,4,13H2,(H,16,17)",C11H12NO5Br,316.9898845839999,0.8938000000000003,4.16,4.02,2.64,0.0,2.870656772145761,1,HIGHDIVERSITY_CONCAT,HsDHODH_HighDiv,5,3,109.85000000000001,6,11,5,1,0.6111111111111112,0.2777777777777778,0.05555555555555555,0.2727272727272727,0.0,18,1,0,1,0,0,0,0,0
CCCC#C[C@H](S)C1=C(CN)N=C(C(=O)O)O1,3/000000109,"InChI=1S/C11H14N2O3S/c1-2-3-4-5-8(17)9-7(6-12)13-10(16-9)11(14)15/h8,17H,2-3,6,12H2,1H3,(H,14,15)/t8-/m0/s1",C11H14N2O3S,254.072513308,1.6058999999999999,4.16,7.61,21.9,-170.0,4.275963967141186,1,HIGHDIVERSITY_CONCAT,HsDHODH_HighDiv,5,3,89.35,4,11,3,2,0.6470588235294118,0.17647058823529413,0.11764705882352941,0.45454545454545453,0.09090909090909091,17,1,0,1,1,0,1,0,0
C=C[C@@H](/C=C/CC1=C(CN)N=C(C(=O)O)O1)C1=CN=NN1,3/000000088,"InChI=1S/C13H15N5O3/c1-2-8(10-7-15-18-17-10)4-3-5-11-9(6-14)16-12(21-11)13(19)20/h2-4,7-8H,1,5-6,14H2,(H,19,20)(H,15,17,18)/b4-3+/t8-/m0/s1",C13H15N5O3,289.1174893400001,1.0181,4.16,4.75,5.21,-150.0,4.7333756352889464,1,HIGHDIVERSITY_CONCAT,HsDHODH_HighDiv,6,3,130.92,7,13,3,5,0.6190476190476191,0.14285714285714285,0.23809523809523808,0.23076923076923078,0.07692307692307693,21,2,0,2,2,0,2,0,0
NCC[C@H](F)C#CC1=CC(O)=CC(C#CCC[SH](=O)=O)=C1,23/000000214,"InChI=1S/C15H16FNO3S/c16-14(6-7-17)5-4-13-9-12(10-15(18)11-13)3-1-2-8-21(19)20/h9-11,14,18,21H,2,6-8,17H2/t14-/m1/s1",C15H16NO3SF,309.08349259199997,0.7836000000000003,4.16,0.75,24.2,-200.0,4.4974504048793795,1,HIGHDIVERSITY_CONCAT,HsDHODH_HighDiv,4,3,80.39,4,15,3,1,0.7142857142857143,0.14285714285714285,0.047619047619047616,0.3333333333333333,0.06666666666666667,21,1,0,1,0,0,0,0,0
C[C@H](/C=C\CC1=C(Br)C=C(S)C(S)=C1)NCN,29/000000040,"InChI=1S/C12H17BrN2S2/c1-8(15-7-14)3-2-4-9-5-11(16)12(17)6-10(9)13/h2-3,5-6,8,15-17H,4,7,14H2,1H3/b3-2-/t8-/m1/s1",C12H17N2S2Br,332.00165264400005,3.0195000000000016,4.16,4.59,2.22,-197.0,4.315705438713093,1,HIGHDIVERSITY_CONCAT,HsDHODH_HighDiv,4,4,38.05,5,12,0,2,0.7058823529411765,0.0,0.11764705882352941,0.3333333333333333,0.08333333333333333,17,1,0,1,0,0,0,0,0
C=CC[C@@H](C#CC1=CC(CCCCC)=CC(O)=C1)CN,23/000000115,"InChI=1S/C18H25NO/c1-3-5-6-8-16-11-17(13-18(20)12-16)10-9-15(14-19)7-4-2/h4,11-13,15,20H,2-3,5-8,14,19H2,1H3/t15-/m0/s1",C18H25NO,271.19361442,3.6274000000000015,4.16,1.79,16.0,-190.0,3.437682053123983,1,HIGHDIVERSITY_CONCAT,HsDHODH_HighDiv,2,2,46.25,7,18,1,1,0.9,0.05,0.05,0.4444444444444444,0.05555555555555555,20,1,0,1,0,0,0,0,0
CCNC/C(=C\C(N)=O)C(=O)C1=CC(N=O)=C(Br)C=C1O,12/000001041,"InChI=1S/C13H14BrN3O4/c1-2-16-6-7(3-12(15)19)13(20)8-4-10(17-21)9(14)5-11(8)18/h3-5,16,18H,2,6H2,1H3,(H2,15,19)/b7-3+",C13H14N3O4Br,355.016768028,1.7564999999999995,4.16,4.11,3.7,-110.0,3.4078680709816194,1,HIGHDIVERSITY_CONCAT,HsDHODH_HighDiv,6,3,121.85000000000001,7,13,4,3,0.6190476190476191,0.19047619047619047,0.14285714285714285,0.23076923076923078,0.0,21,1,0,1,0,0,0,0,0
O=C1NCCN1C1=CC(O)=C(CCl)C(CO)=C1,28/000000358,"InChI=1S/C11H13ClN2O3/c12-5-9-7(6-15)3-8(4-10(9)16)14-2-1-13-11(14)17/h3-4,15-16H,1-2,5-6H2,(H,13,17)",C11H13N2O3Cl,256.061469956,1.1529,4.15,3.95,14.9,-120.0,2.8246397405966945,1,HIGHDIVERSITY_CONCAT,HsDHODH_HighDiv,3,3,72.80000000000001,3,11,3,2,0.6470588235294118,0.17647058823529413,0.11764705882352941,0.36363636363636365,0.0,17,2,1,1,1,1,0,0,0
COC1=CC([C@@H](N)/C=C\CC(=O)NO)=CC=C1I,5/000000030,"InChI=1S/C12H15IN2O3/c1-18-11-7-8(5-6-9(11)13)10(14)3-2-4-12(16)15-17/h2-3,5-7,10,17H,4,14H2,1H3,(H,15,16)/b3-2-/t10-/m0/s1",C12H15N2O3I,362.01274034,1.7512999999999996,4.15,2.42,5.39,-170.0,3.4936654356867836,1,HIGHDIVERSITY_CONCAT,HsDHODH_HighDiv,4,3,84.58,5,12,3,2,0.6666666666666666,0.16666666666666666,0.1111111111111111,0.25,0.08333333333333333,18,1,0,1,0,0,0,0,0
C=C(C[C@@H](C#CC1=CC(Br)=C(O)C(Br)=C1)NN)C(=O)O,30/000000004,"InChI=1S/C13H12Br2N2O3/c1-7(13(19)20)4-9(17-16)3-2-8-5-10(14)12(18)11(15)6-8/h5-6,9,17-18H,1,4,16H2,(H,19,20)/t9-/m1/s1",C13H12N2O3Br2,401.921466444,2.1315,4.15,2.32,21.2,-150.0,3.8476615368478058,1,HIGHDIVERSITY_CONCAT,HsDHODH_HighDiv,4,4,95.58,4,13,3,2,0.65,0.15,0.1,0.15384615384615385,0.07692307692307693,20,1,0,1,0,0,0,0,0
C=C[C@@H](/C=C/CC1=C(CN)N=C(C(=O)O)O1)C1=NC=CS1,3/000000139,"InChI=1S/C14H15N3O3S/c1-2-9(13-16-6-7-21-13)4-3-5-11-10(8-15)17-12(20-11)14(18)19/h2-4,6-7,9H,1,5,8,15H2,(H,18,19)/b4-3+/t9-/m0/s1",C14H15N3O3S,305.08341234000005,2.3565000000000005,4.15,5.87,5.21,-150.0,4.270205361494943,1,HIGHDIVERSITY_CONCAT,HsDHODH_HighDiv,6,2,102.24,7,14,3,3,0.6666666666666666,0.14285714285714285,0.14285714285714285,0.21428571428571427,0.07142857142857142,21,2,0,2,2,0,2,0,0
CC1=CC(O)=C(C2=CC(C(N)=O)=NO2)C=C1Br,10/000000035,"InChI=1S/C11H9BrN2O3/c1-5-2-9(15)6(3-7(5)12)10-4-8(11(13)16)14-17-10/h2-4,15H,1H3,(H2,13,16)",C11H9N2O3Br,295.97965424800003,2.2170199999999998,4.15,2.03,2.22,-180.0,2.551013739031191,1,HIGHDIVERSITY_CONCAT,HsDHODH_HighDiv,4,2,89.35000000000001,2,11,3,2,0.6470588235294118,0.17647058823529413,0.11764705882352941,0.09090909090909091,0.0,17,2,0,2,1,0,1,0,0
O=NC1=CC(F)=C(O)C=C1C1=CC(=O)NC1,6/000000011,"InChI=1S/C10H7FN2O3/c11-7-3-8(13-16)6(2-9(7)14)5-1-10(15)12-4-5/h1-3,14H,4H2,(H,12,15)",C10H7N2O3F,222.044070304,1.4423999999999997,4.15,3.42,17.9,-120.0,3.582598824998681,1,HIGHDIVERSITY_CONCAT,HsDHODH_HighDiv,4,2,78.75999999999999,2,10,3,2,0.625,0.1875,0.125,0.1,0.0,16,2,1,1,1,1,0,0,0
CCOCCCNC(=O)C1=CC(CS)=C(I)C=C1,5/000000046,"InChI=1S/C13H18INO2S/c1-2-17-7-3-6-15-13(16)10-4-5-12(14)11(8-10)9-18/h4-5,8,18H,2-3,6-7,9H2,1H3,(H,15,16)",C13H18NO2SI,379.010297816,2.8774000000000015,4.15,2.26,3.85,-60.0,2.3996058875303774,1,HIGHDIVERSITY_CONCAT,HsDHODH_HighDiv,3,2,38.33,7,13,2,1,0.7222222222222222,0.1111111111111111,0.05555555555555555,0.46153846153846156,0.0,18,1,0,1,0,0,0,0,0
NCC1=CC(C/C=C/C[C@@]2(O)CCNC2)=CC=C1I,5/000000011,"InChI=1S/C15H21IN2O/c16-14-5-4-12(9-13(14)10-17)3-1-2-6-15(19)7-8-18-11-15/h1-2,4-5,9,18-19H,3,6-8,10-11,17H2/b2-1+/t15-/m1/s1",C15H21N2OI,372.06986129200004,1.9630999999999998,4.15,1.5,3.85,-170.0,3.702277655469518,1,HIGHDIVERSITY_CONCAT,HsDHODH_HighDiv,3,3,58.28,5,15,1,2,0.7894736842105263,0.05263157894736842,0.10526315789473684,0.4666666666666667,0.06666666666666667,19,2,1,1,1,1,0,0,0
O=C(O)CCC1=CC(O)=CC(C#CCN2C=NC=C2[N+](=O)[O-])=C1,23/000000181,"InChI=1S/C15H13N3O5/c19-13-7-11(6-12(8-13)3-4-15(20)21)2-1-5-17-10-16-9-14(17)18(22)23/h6-10,19H,3-5H2,(H,20,21)",C15H13N3O5,315.085520516,1.5657999999999999,4.15,1.58,5.39,0.0,2.9897443402815256,1,HIGHDIVERSITY_CONCAT,HsDHODH_HighDiv,6,2,118.49000000000001,5,15,5,3,0.6521739130434783,0.21739130434782608,0.13043478260869565,0.2,0.0,23,2,0,2,1,0,1,0,0
NCC1=CC=CC=C1CC[C@H](O)/C=C/C(=O)NO,5/000000016,"InChI=1S/C13H18N2O3/c14-9-11-4-2-1-3-10(11)5-6-12(16)7-8-13(17)15-18/h1-4,7-8,12,16,18H,5-6,9,14H2,(H,15,17)/b8-7+/t12-/m0/s1",C13H18N2O3,250.131742436,0.5004,4.15,3.52,3.58,-150.0,2.961211419988196,1,HIGHDIVERSITY_CONCAT,HsDHODH_HighDiv,4,4,95.58,6,13,3,2,0.7222222222222222,0.16666666666666666,0.1111111111111111,0.3076923076923077,0.07692307692307693,18,1,0,1,0,0,0,0,0
CC(C)=CCSCCOCC1=CC(O)=CC(N2CCNC2=O)=C1,28/000000462,"InChI=1S/C17H24N2O3S/c1-13(2)3-7-23-8-6-22-12-14-9-15(11-16(20)10-14)19-5-4-18-17(19)21/h3,9-11,20H,4-8,12H2,1-2H3,(H,18,21)",C17H24N2O3S,336.150763628,3.1378000000000013,4.15,4.97,20.3,-200.0,2.922709950488626,1,HIGHDIVERSITY_CONCAT,HsDHODH_HighDiv,4,2,61.800000000000004,8,17,3,2,0.7391304347826086,0.13043478260869565,0.08695652173913043,0.47058823529411764,0.0,23,2,1,1,1,1,0,0,0
C=CCC1=CC(O)=CC(N2CCNC2=O)=C1,28/000000042,"InChI=1S/C12H14N2O2/c1-2-3-9-6-10(8-11(15)7-9)14-5-4-13-12(14)16/h2,6-8,15H,1,3-5H2,(H,13,16)",C12H14N2O2,218.105527688,1.6502999999999999,4.15,2.36,13.6,-120.0,2.645077706117563,1,HIGHDIVERSITY_CONCAT,HsDHODH_HighDiv,2,2,52.57,3,12,2,2,0.75,0.125,0.125,0.25,0.0,16,2,1,1,1,1,0,0,0
O=NC1=C(Br)C=C(O)C(C(=O)/C=C/[C@@H](O)Cl)=C1,12/000001015,"InChI=1S/C10H7BrClNO4/c11-6-4-9(15)5(3-7(6)13-17)8(14)1-2-10(12)16/h1-4,10,15-16H/b2-1+/t10-/m1/s1",C10H7NO4ClBr,318.92469748400003,2.848700000000001,4.15,4.76,2.35,-170.0,3.912892729682992,1,HIGHDIVERSITY_CONCAT,HsDHODH_HighDiv,5,2,86.96,4,10,4,1,0.5882352941176471,0.23529411764705882,0.058823529411764705,0.1,0.1,17,1,0,1,0,0,0,0,0
NOC1=CC(C(=O)O)=CC(/C=C/[C@@H]2CNC(=O)N2)=C1Br,12/000000205,"InChI=1S/C12H12BrN3O4/c13-10-6(1-2-8-5-15-12(19)16-8)3-7(11(17)18)4-9(10)20-14/h1-4,8H,5,14H2,(H,17,18)(H2,15,16,19)/b2-1+/t8-/m1/s1",C12H12N3O4Br,341.001117964,1.0944,4.15,5.45,3.87,-150.0,3.971188656520587,1,HIGHDIVERSITY_CONCAT,HsDHODH_HighDiv,4,4,113.68,4,12,4,3,0.6,0.2,0.15,0.16666666666666666,0.08333333333333333,20,2,1,1,1,1,0,0,0
NCC1=C(Br)C(CCO)=CC(C(=O)N=O)=C1,12/000000344,"InChI=1S/C10H11BrN2O3/c11-9-6(1-2-14)3-7(10(15)13-16)4-8(9)5-12/h3-4,14H,1-2,5,12H2",C10H11N2O3Br,285.99530431200003,1.3492000000000002,4.15,5.19,15.5,0.0,2.965093734740103,1,HIGHDIVERSITY_CONCAT,HsDHODH_HighDiv,4,2,92.75,4,10,3,2,0.625,0.1875,0.125,0.3,0.0,16,1,0,1,0,0,0,0,0
O=[N+]([O-])C1=CC=C(C#C[C@@H](O)CO)C(Cl)=C1Cl,19/000000032,"InChI=1S/C10H7Cl2NO4/c11-9-6(1-3-7(15)5-14)2-4-8(10(9)12)13(16)17/h2,4,7,14-15H,5H2/t7-/m1/s1",C10H7NO4Cl2,274.975213064,1.6062999999999998,4.15,4.21,2.48,-150.0,3.5148619604522224,1,HIGHDIVERSITY_CONCAT,HsDHODH_HighDiv,4,2,83.60000000000001,2,10,4,1,0.5882352941176471,0.23529411764705882,0.058823529411764705,0.2,0.1,17,1,0,1,0,0,0,0,0
COCC(=O)C1=CC(O)=C(Br)C(OCCS(N)(=O)=O)=C1,12/000000606,"InChI=1S/C11H14BrNO6S/c1-18-6-9(15)7-4-8(14)11(12)10(5-7)19-2-3-20(13,16)17/h4-5,14H,2-3,6H2,1H3,(H2,13,16,17)",C11H14NO6SBr,366.97252026800004,0.6511000000000002,4.15,5.73,3.58,-20.0,2.6667860421258354,1,HIGHDIVERSITY_CONCAT,HsDHODH_HighDiv,6,2,115.91999999999999,7,11,6,1,0.55,0.3,0.05,0.36363636363636365,0.0,20,1,0,1,0,0,0,0,0
C=C[C@H](C#CCSC1=CC(S)=CC(O)=C1)N=O,14/000000010,"InChI=1S/C12H11NO2S2/c1-2-9(13-15)4-3-5-17-12-7-10(14)6-11(16)8-12/h2,6-9,14,16H,1,5H2/t9-/m1/s1",C12H11NO2S2,265.023120592,3.0974000000000013,4.15,3.99,2.22,-150.0,4.582323826246004,1,HIGHDIVERSITY_CONCAT,HsDHODH_HighDiv,5,2,49.660000000000004,4,12,2,1,0.7058823529411765,0.11764705882352941,0.058823529411764705,0.16666666666666666,0.08333333333333333,17,1,0,1,0,0,0,0,0
NO[C@H](C(=O)C1=CC=C(Br)C(N=O)=C1)C1=NN=C(S)O1,12/000000226,"InChI=1S/C10H7BrN4O4S/c11-5-2-1-4(3-6(5)15-17)7(16)8(19-12)9-13-14-10(20)18-9/h1-3,8H,12H2,(H,14,20)/t8-/m1/s1",C10H7N4O4SBr,357.93713780400003,2.3330000000000006,4.15,2.76,3.85,-190.0,4.063298306870236,1,HIGHDIVERSITY_CONCAT,HsDHODH_HighDiv,9,2,120.67,5,10,4,4,0.5,0.2,0.2,0.1,0.1,20,2,0,2,1,0,1,0,0
CC/C(=C\CON)C(=O)C1=CC(N=O)=C(Br)C=C1O,12/000001067,"InChI=1S/C12H13BrN2O4/c1-2-7(3-4-19-14)12(17)8-5-10(15-18)9(13)6-11(8)16/h3,5-6,16H,2,4,14H2,1H3/b7-3+",C12H13N2O4Br,328.005868996,2.962000000000001,4.15,4.38,2.35,-80.0,3.577941251216826,1,HIGHDIVERSITY_CONCAT,HsDHODH_HighDiv,6,2,101.98,6,12,4,2,0.631578947368421,0.21052631578947367,0.10526315789473684,0.25,0.0,19,1,0,1,0,0,0,0,0
CCC#CC1=C(CN)C(O)=CC(N2CCNC2=O)=C1,28/000000424,"InChI=1S/C14H17N3O2/c1-2-3-4-10-7-11(8-13(18)12(10)9-15)17-6-5-16-14(17)19/h7-8,18H,2,5-6,9,15H2,1H3,(H,16,19)/p+1",C14H18N3O2,259.132076784,1.1420000000000001,4.15,2.67,18.0,-140.0,3.5730672308975215,1,HIGHDIVERSITY_CONCAT,HsDHODH_HighDiv,3,3,78.59,2,14,2,3,0.7368421052631579,0.10526315789473684,0.15789473684210525,0.35714285714285715,0.0,19,2,1,1,1,1,0,0,0
NOC1=C(Br)C(CN=O)=CC(C(=O)O)=C1,12/000001450,"InChI=1S/C8H7BrN2O4/c9-7-5(3-11-14)1-4(8(12)13)2-6(7)15-10/h1-2H,3,10H2,(H,12,13)",C8H7N2O4Br,273.958918804,1.6662000000000001,4.15,3.86,15.5,0.0,3.10913581111161,1,HIGHDIVERSITY_CONCAT,HsDHODH_HighDiv,5,2,101.98,4,8,4,2,0.5333333333333333,0.26666666666666666,0.13333333333333333,0.125,0.0,15,1,0,1,0,0,0,0,0
C/C=C/C(=O)CNCCCC1=CC(C(=O)O)=CC(ON)=C1Br,12/000001408,"InChI=1S/C15H19BrN2O4/c1-2-4-12(19)9-18-6-3-5-10-7-11(15(20)21)8-13(22-17)14(10)16/h2,4,7-8,18H,3,5-6,9,17H2,1H3,(H,20,21)/b4-2+",C15H19N2O4Br,370.052819188,2.0672,4.15,4.18,3.84,-80.0,3.0620818187252183,1,HIGHDIVERSITY_CONCAT,HsDHODH_HighDiv,5,3,101.65,9,15,4,2,0.6818181818181818,0.18181818181818182,0.09090909090909091,0.3333333333333333,0.0,22,1,0,1,0,0,0,0,0
O=NC1=C(Br)C([N+](=O)[O-])=CC(C(=O)[C@@H]2CNCCN2)=C1,12/000000134,"InChI=1S/C11H11BrN4O4/c12-10-7(15-18)3-6(4-9(10)16(19)20)11(17)8-5-13-1-2-14-8/h3-4,8,13-14H,1-2,5H2/t8-/m0/s1",C11H11N4O4Br,341.99636693200006,1.4993000000000003,4.15,3.37,4.16,-170.0,3.6852026425345734,1,HIGHDIVERSITY_CONCAT,HsDHODH_HighDiv,7,2,113.69999999999999,4,11,4,4,0.55,0.2,0.2,0.36363636363636365,0.09090909090909091,20,2,1,1,1,1,0,0,0
NC[C@H](F)/C=C/C(=O)C1=CC(N=O)=C(Br)C=C1O,12/000000480,"InChI=1S/C11H10BrFN2O3/c12-8-4-11(17)7(3-9(8)15-18)10(16)2-1-6(13)5-14/h1-4,6,17H,5,14H2/b2-1+/t6-/m1/s1",C11H10N2O3FBr,315.9858825,2.5883000000000016,4.14,5.46,2.35,-190.0,3.9786790738343503,1,HIGHDIVERSITY_CONCAT,HsDHODH_HighDiv,5,2,92.75000000000001,5,11,3,2,0.6111111111111112,0.16666666666666666,0.1111111111111111,0.18181818181818182,0.09090909090909091,18,1,0,1,0,0,0,0,0
O=NC(=O)C1=CC(C[C@@H](O)C2=CN(CC(=O)O)C=C2)=C(Br)C=C1,12/000000820,"InChI=1S/C15H13BrN2O5/c16-12-2-1-9(15(22)17-23)5-11(12)6-13(19)10-3-4-18(7-10)8-14(20)21/h1-5,7,13,19H,6,8H2,(H,20,21)/t13-/m1/s1",C15H13N2O5Br,380.00078361600004,2.517900000000001,4.14,3.63,3.7,-150.0,3.3815549318052804,1,HIGHDIVERSITY_CONCAT,HsDHODH_HighDiv,5,2,108.96,6,15,5,2,0.6521739130434783,0.21739130434782608,0.08695652173913043,0.2,0.06666666666666667,23,2,0,2,1,0,1,0,0
CCCCCC1=CC([SH](=O)=O)=CC2=C1NNC2=O,3/000000326,"InChI=1S/C12H16N2O3S/c1-2-3-4-5-8-6-9(18(16)17)7-10-11(8)13-14-12(10)15/h6-7,18H,2-5H2,1H3,(H2,13,14,15)",C12H16N2O3S,268.088163372,1.5591999999999997,4.14,4.15,5.09,-60.0,3.5671218875303756,1,HIGHDIVERSITY_CONCAT,HsDHODH_HighDiv,3,3,82.78999999999999,5,12,3,2,0.6666666666666666,0.16666666666666666,0.1111111111111111,0.4166666666666667,0.0,18,2,0,2,1,0,1,0,0
C=C(CCCCC)C1=NOC(C2=CC(O)=C(F)C=C2O)=N1,6/000000061,"InChI=1S/C15H17FN2O3/c1-3-4-5-6-9(2)14-17-15(21-18-14)10-7-13(20)11(16)8-12(10)19/h7-8,19-20H,2-6H2,1H3",C15H17N2O3F,292.12232062400005,3.880400000000004,4.14,0.82,21.5,-200.0,2.946575185418906,1,HIGHDIVERSITY_CONCAT,HsDHODH_HighDiv,5,2,79.38000000000001,6,15,3,2,0.7142857142857143,0.14285714285714285,0.09523809523809523,0.3333333333333333,0.0,21,2,0,2,1,0,1,0,0
OCC1=NN=C(C2=CC(S)=C(S)C=C2Br)O1,29/000000022,"InChI=1S/C9H7BrN2O2S2/c10-5-2-7(16)6(15)1-4(5)9-12-11-8(3-13)14-9/h1-2,13,15-16H,3H2",C9H7N2O2S2Br,317.913231564,2.5688000000000004,4.14,5.27,19.7,-120.0,3.3055498739497304,1,HIGHDIVERSITY_CONCAT,HsDHODH_HighDiv,6,3,59.150000000000006,2,9,2,2,0.5625,0.125,0.125,0.1111111111111111,0.0,16,2,0,2,1,0,1,0,0
CCC(=O)C1=CC(O)=CC(N2CCNC2=O)=C1,28/000000054,"InChI=1S/C12H14N2O3/c1-2-11(16)8-5-9(7-10(15)6-8)14-4-3-13-12(14)17/h5-7,15H,2-4H2,1H3,(H,13,17)",C12H14N2O3,234.100442308,1.5145,4.14,1.68,2.22,-160.0,2.453000133395385,1,HIGHDIVERSITY_CONCAT,HsDHODH_HighDiv,3,2,69.64,3,12,3,2,0.7058823529411765,0.17647058823529413,0.11764705882352941,0.3333333333333333,0.0,17,2,1,1,1,1,0,0,0
O=[N+]([O-])CC1=CC=C(C#C[C@@H](O)CO)C(Cl)=C1Cl,19/000000019,"InChI=1S/C11H9Cl2NO4/c12-10-7(3-4-9(16)6-15)1-2-8(11(10)13)5-14(17)18/h1-2,9,15-16H,5-6H2/t9-/m1/s1",C11H9NO4Cl2,288.990863128,1.4747999999999999,4.14,4.04,2.48,-151.0,3.829506958449736,1,HIGHDIVERSITY_CONCAT,HsDHODH_HighDiv,4,2,83.60000000000001,3,11,4,1,0.6111111111111112,0.2222222222222222,0.05555555555555555,0.2727272727272727,0.09090909090909091,18,1,0,1,0,0,0,0,0
COC1=CC=C(C2=C(CF)C(O)=CC=C2O)C=C1Br,4/000000305,"InChI=1S/C14H12BrFO3/c1-19-13-5-2-8(6-10(13)15)14-9(7-16)11(17)3-4-12(14)18/h2-6,17-18H,7H2,1H3",C14H12O3FBr,325.995384564,4.005400000000001,4.14,6.72,14.4,-180.0,2.372571428731618,1,HIGHDIVERSITY_CONCAT,HsDHODH_HighDiv,3,2,49.69,3,14,3,0,0.7368421052631579,0.15789473684210525,0.0,0.14285714285714285,0.0,19,2,0,2,0,0,0,0,0
NO[C@@H](CO)CC(=O)C1=CC(S)=C(S)C=C1Br,29/000000075,"InChI=1S/C10H12BrNO3S2/c11-7-3-10(17)9(16)2-6(7)8(14)1-5(4-13)15-12/h2-3,5,13,16-17H,1,4,12H2/t5-/m1/s1",C10H12NO3S2Br,336.94419734400003,1.8505,4.14,5.52,2.22,-150.0,4.080206575836838,1,HIGHDIVERSITY_CONCAT,HsDHODH_HighDiv,6,4,72.55000000000001,5,10,3,1,0.5882352941176471,0.17647058823529413,0.058823529411764705,0.3,0.1,17,1,0,1,0,0,0,0,0
NC/C=C/C[C@@H](Cl)/C=C/C1=CN=C(CO)C(O)=C1,7/000000035,"InChI=1S/C13H17ClN2O2/c14-11(3-1-2-6-15)5-4-10-7-13(18)12(9-17)16-8-10/h1-2,4-5,7-8,11,17-18H,3,6,9,15H2/b2-1+,5-4+/t11-/m1/s1",C13H17N2O2Cl,268.097855464,1.8051000000000001,4.14,5.27,5.09,-150.0,4.011386804603581,1,HIGHDIVERSITY_CONCAT,HsDHODH_HighDiv,4,3,79.37,6,13,2,2,0.7222222222222222,0.1111111111111111,0.1111111111111111,0.3076923076923077,0.07692307692307693,18,1,0,1,1,0,1,0,0
C=C/C=C(\CC(=O)NN)C(=O)C1=CC(N=O)=C(Br)C=C1O,12/000000503,"InChI=1S/C13H12BrN3O4/c1-2-3-7(4-12(19)16-15)13(20)8-5-10(17-21)9(14)6-11(8)18/h2-3,5-6,18H,1,4,15H2,(H,16,19)/b7-3+",C13H12N3O4Br,353.001117964,2.2277,4.14,2.71,3.7,-90.0,3.6172046094431582,1,HIGHDIVERSITY_CONCAT,HsDHODH_HighDiv,6,3,121.85000000000001,6,13,4,3,0.6190476190476191,0.19047619047619047,0.14285714285714285,0.07692307692307693,0.0,21,1,0,1,0,0,0,0,0
CCCC#C[C@H](F)C1=C(CN)N=C(C(=O)O)O1,3/000000134,"InChI=1S/C11H13FN2O3/c1-2-3-4-5-7(12)9-8(6-13)14-10(17-9)11(15)16/h7H,2-3,6,13H2,1H3,(H,15,16)/t7-/m0/s1",C11H13N2O3F,240.091020496,1.6455999999999997,4.14,6.19,22.1,-170.0,4.1450937330274735,1,HIGHDIVERSITY_CONCAT,HsDHODH_HighDiv,4,2,89.35,4,11,3,2,0.6470588235294118,0.17647058823529413,0.11764705882352941,0.45454545454545453,0.09090909090909091,17,1,0,1,1,0,1,0,0
C=C(N)C1=CC=C(/C=C(\C)[C@H](CN)N=O)C(Cl)=C1Cl,19/000000004,"InChI=1S/C13H15Cl2N3O/c1-7(11(6-16)18-19)5-9-3-4-10(8(2)17)13(15)12(9)14/h3-5,11H,2,6,16-17H2,1H3/b7-5+/t11-/m0/s1",C13H15N3OCl2,299.05921746,3.419800000000002,4.13,7.44,3.72,-170.0,4.011947091366952,1,HIGHDIVERSITY_CONCAT,HsDHODH_HighDiv,4,2,81.47,5,13,1,3,0.6842105263157895,0.05263157894736842,0.15789473684210525,0.23076923076923078,0.07692307692307693,19,1,0,1,0,0,0,0,0
FC(F)(S)C1=CC=C(CCC2=NCON2)C(S)=C1,3/000000329,"InChI=1S/C11H12F2N2OS2/c12-11(13,18)8-3-1-7(9(17)5-8)2-4-10-14-6-16-15-10/h1,3,5,17-18H,2,4,6H2,(H,14,15)",C11H12N2OS2F2,290.035911444,2.7778,4.13,7.3,20.9,-150.0,3.994342195222684,1,HIGHDIVERSITY_CONCAT,HsDHODH_HighDiv,5,3,33.62,4,11,1,2,0.6111111111111112,0.05555555555555555,0.1111111111111111,0.36363636363636365,0.0,18,2,1,1,1,1,0,0,0
CSC/C(=C\CN)C(=O)C1=CC(N=O)=C(Br)C=C1O,12/000000498,"InChI=1S/C12H13BrN2O3S/c1-19-6-7(2-3-14)12(17)8-4-10(15-18)9(13)5-11(8)16/h2,4-5,16H,3,6,14H2,1H3/b7-2+",C12H13N2O3SBr,343.983025376,2.983400000000001,4.13,4.09,2.35,-60.0,3.627426319090128,1,HIGHDIVERSITY_CONCAT,HsDHODH_HighDiv,6,2,92.75000000000001,6,12,3,2,0.631578947368421,0.15789473684210525,0.10526315789473684,0.25,0.0,19,1,0,1,0,0,0,0,0
C=C(C(=O)NO)C(=O)C1=CC(O)=C(Br)C(N=O)=C1,12/000000425,"InChI=1S/C10H7BrN2O5/c1-4(10(16)13-18)9(15)5-2-6(12-17)8(11)7(14)3-5/h2-3,14,18H,1H2,(H,13,16)",C10H7N2O5Br,313.95383342400004,1.7968999999999997,4.13,4.06,2.35,-40.0,3.523879583111391,1,HIGHDIVERSITY_CONCAT,HsDHODH_HighDiv,6,3,116.06,4,10,5,2,0.5555555555555556,0.2777777777777778,0.1111111111111111,0.0,0.0,18,1,0,1,0,0,0,0,0
O[C@@H](C#CC1=CC(S)=C(S)C=C1Br)C1=NOCN1,29/000000028,"InChI=1S/C11H9BrN2O2S2/c12-7-4-10(18)9(17)3-6(7)1-2-8(15)11-13-5-16-14-11/h3-4,8,15,17-18H,5H2,(H,13,14)/t8-/m0/s1",C11H9N2O2S2Br,343.92888162800006,1.6296999999999995,4.13,4.04,2.35,-150.0,4.927750189218966,1,HIGHDIVERSITY_CONCAT,HsDHODH_HighDiv,6,4,53.85000000000001,1,11,2,2,0.6111111111111112,0.1111111111111111,0.1111111111111111,0.18181818181818182,0.09090909090909091,18,2,1,1,1,1,0,0,0
C=C(CCC1=NNC=C1)C(=O)C1=CC(N=O)=C(Br)C=C1O,12/000001063,"InChI=1S/C14H12BrN3O3/c1-8(2-3-9-4-5-16-17-9)14(20)10-6-12(18-21)11(15)7-13(10)19/h4-7,19H,1-3H2,(H,16,17)",C14H12N3O3Br,349.00620334399997,3.6474000000000015,4.13,4.16,3.7,-60.0,3.6794855302464935,1,HIGHDIVERSITY_CONCAT,HsDHODH_HighDiv,5,2,95.41000000000001,6,14,3,3,0.6666666666666666,0.14285714285714285,0.14285714285714285,0.14285714285714285,0.0,21,2,0,2,1,0,1,0,0
NCOCCNCC(=O)C1=CC(N=O)=C(Br)C=C1,12/000000110,"InChI=1S/C11H14BrN3O3/c12-9-2-1-8(5-10(9)15-17)11(16)6-14-3-4-18-7-13/h1-2,5,14H,3-4,6-7,13H2/p+1",C11H15N3O3Br,315.021853408,1.5521000000000005,4.13,3.39,3.85,-60.0,4.115119425991914,1,HIGHDIVERSITY_CONCAT,HsDHODH_HighDiv,6,2,93.78,8,11,3,3,0.6111111111111112,0.16666666666666666,0.16666666666666666,0.36363636363636365,0.0,18,1,0,1,0,0,0,0,0
O=C1NC(=O)C(CCF)=C1C/C=C/C1=C(O)C(Cl)=CC=C1,30/000000013,"InChI=1S/C15H13ClFNO3/c16-12-6-2-4-9(13(12)19)3-1-5-10-11(7-8-17)15(21)18-14(10)20/h1-4,6,19H,5,7-8H2,(H,18,20,21)/b3-1+",C15H13NO3FCl,309.056799176,2.7615000000000007,4.13,3.41,5.08,0.0,3.20179083528628,1,HIGHDIVERSITY_CONCAT,HsDHODH_HighDiv,3,2,66.4,5,15,3,1,0.7142857142857143,0.14285714285714285,0.047619047619047616,0.2,0.0,21,2,1,1,1,1,0,0,0
O=C(O)CC1=C(C(=O)O)N(CCl)C(C(=O)O)=C1,3/000000161,"InChI=1S/C9H8ClNO6/c10-3-11-5(8(14)15)1-4(2-6(12)13)7(11)9(16)17/h1H,2-3H2,(H,12,13)(H,14,15)(H,16,17)",C9H8NO6Cl,261.00401465600004,0.7078999999999999,4.13,4.36,20.7,0.0,2.8857613370853112,1,HIGHDIVERSITY_CONCAT,HsDHODH_HighDiv,4,3,116.83,5,9,6,1,0.5294117647058824,0.35294117647058826,0.058823529411764705,0.2222222222222222,0.0,17,1,0,1,1,0,1,0,0
C/C=C/C(=C\C1=CC(=O)NC(S)=N1)[N+](=O)[O-],22/000000001,"InChI=1S/C9H9N3O3S/c1-2-3-7(12(14)15)4-6-5-8(13)11-9(16)10-6/h2-5H,1H3,(H2,10,11,13,16)/b3-2+,7-4+",C9H9N3O3S,239.036462148,1.2522999999999995,4.13,3.65,2.22,-20.0,4.015073341180174,1,HIGHDIVERSITY_CONCAT,HsDHODH_HighDiv,5,2,88.89,3,9,3,3,0.5625,0.1875,0.1875,0.1111111111111111,0.0,16,1,0,1,1,0,1,0,0
C=C1NCCN1C1=CC=C(O)C=C1C#CC1=CN=CC=C1,15/000000004,"InChI=1S/C17H15N3O/c1-13-19-9-10-20(13)17-7-6-16(21)11-15(17)5-4-14-3-2-8-18-12-14/h2-3,6-8,11-12,19,21H,1,9-10H2",C17H15N3O,277.1215121,2.0678,4.13,3.02,17.6,-140.0,2.983350303912625,1,HIGHDIVERSITY_CONCAT,HsDHODH_HighDiv,4,2,48.39,1,17,1,3,0.8095238095238095,0.047619047619047616,0.14285714285714285,0.11764705882352941,0.0,21,3,1,2,2,1,1,0,0
C/C(=C\C1=C(O)C(N)=CC(O)=C1)C1=CC=C2C=CN=CC2=C1,4/000000318,"InChI=1S/C18H16N2O2/c1-11(6-14-8-16(21)9-17(19)18(14)22)13-3-2-12-4-5-20-10-15(12)7-13/h2-10,21-22H,19H2,1H3/b11-6+",C18H16N2O2,292.121177752,3.7887000000000013,4.13,5.76,3.7,-100.0,2.70791492046219,1,HIGHDIVERSITY_CONCAT,HsDHODH_HighDiv,4,3,79.37,2,18,2,2,0.8181818181818182,0.09090909090909091,0.09090909090909091,0.05555555555555555,0.0,22,3,0,3,1,0,1,0,0
NCCC1=C(F)C(/C=C/CS(=O)(=O)O)=C(Br)C=C1,20/000000009,"InChI=1S/C11H13BrFNO3S/c12-10-4-3-8(5-6-14)11(13)9(10)2-1-7-18(15,16)17/h1-4H,5-7,14H2,(H,15,16,17)/b2-1+",C11H13NO3SFBr,336.97835459600003,1.9904,4.13,7.01,3.58,0.0,3.105216387530376,1,HIGHDIVERSITY_CONCAT,HsDHODH_HighDiv,3,2,80.39,5,11,3,1,0.6111111111111112,0.16666666666666666,0.05555555555555555,0.2727272727272727,0.0,18,1,0,1,0,0,0,0,0
C=CCCC(=O)C1=CC(CNNCNC)=C(Br)C(N=O)=C1,12/000000086,"InChI=1S/C14H19BrN4O2/c1-3-4-5-13(20)10-6-11(8-17-18-9-16-2)14(15)12(7-10)19-21/h3,6-7,16-18H,1,4-5,8-9H2,2H3",C14H19N4O2Br,354.069137948,2.7670000000000003,4.13,4.58,20.5,-70.0,3.552501975869836,1,HIGHDIVERSITY_CONCAT,HsDHODH_HighDiv,6,3,82.59,10,14,2,4,0.6666666666666666,0.09523809523809523,0.19047619047619047,0.35714285714285715,0.0,21,1,0,1,0,0,0,0,0
C/C=C/CC1=CC(C2=CC(O)=C(F)C=C2CO)=CO1,6/000000003,"InChI=1S/C15H15FO3/c1-2-3-4-12-5-11(9-19-12)13-7-15(18)14(16)6-10(13)8-17/h2-3,5-7,9,17-18H,4,8H2,1H3/b3-2+",C15H15O3F,262.10052256,3.4022000000000023,4.13,2.94,17.5,-200.0,3.1043096111587705,1,HIGHDIVERSITY_CONCAT,HsDHODH_HighDiv,3,2,53.6,4,15,3,0,0.7894736842105263,0.15789473684210525,0.0,0.2,0.0,19,2,0,2,1,0,1,0,0
NC/C=C/C[C@@H](Cl)/C=C/C1=CN=C(CO)C=C1,7/000000017,"InChI=1S/C13H17ClN2O/c14-12(3-1-2-8-15)6-4-11-5-7-13(10-17)16-9-11/h1-2,4-7,9,12,17H,3,8,10,15H2/b2-1+,6-4+/t12-/m1/s1",C13H17N2OCl,252.102940844,2.0995,4.13,5.24,3.58,-150.0,3.746309075836838,1,HIGHDIVERSITY_CONCAT,HsDHODH_HighDiv,3,2,59.14,6,13,1,2,0.7647058823529411,0.058823529411764705,0.11764705882352941,0.3076923076923077,0.07692307692307693,17,1,0,1,1,0,1,0,0
OCC1=NC=C(C2=NNN=C2)C(Cl)=C1I,7/000000002,"InChI=1S/C8H6ClIN4O/c9-7-4(5-2-12-14-13-5)1-11-6(3-15)8(7)10/h1-2,15H,3H2,(H,12,13,14)",C8H6N4OClI,335.927486492,1.617,4.13,4.52,17.2,-120.0,3.398961690232488,1,HIGHDIVERSITY_CONCAT,HsDHODH_HighDiv,4,2,74.69,2,8,1,4,0.5333333333333333,0.06666666666666667,0.26666666666666666,0.125,0.0,15,2,0,2,2,0,2,0,0
O=NC1=CC(C(=O)[C@@H]2N=CNO2)=CC(O)=C1Br,12/000000434,"InChI=1S/C9H6BrN3O4/c10-7-5(13-16)1-4(2-6(7)14)8(15)9-11-3-12-17-9/h1-3,9,14H,(H,11,12)/t9-/m1/s1",C9H6N3O4Br,298.954167772,1.6244999999999998,4.13,3.01,2.35,-150.0,4.455472435083973,1,HIGHDIVERSITY_CONCAT,HsDHODH_HighDiv,7,2,100.35000000000001,3,9,4,3,0.5294117647058824,0.23529411764705882,0.17647058823529413,0.1111111111111111,0.1111111111111111,17,2,1,1,1,1,0,0,0
COC[C@H](/C=C/C1=C(O)C(Cl)=CC=C1)C1=CC(=O)NC1=O,30/000000029,"InChI=1S/C15H14ClNO4/c1-21-8-10(11-7-13(18)17-15(11)20)6-5-9-3-2-4-12(16)14(9)19/h2-7,10,19H,8H2,1H3,(H,17,18,20)/b6-5+/t10-/m0/s1",C15H14NO4Cl,307.061135608,1.9041999999999994,4.13,4.26,5.09,-170.0,3.5999665852507325,1,HIGHDIVERSITY_CONCAT,HsDHODH_HighDiv,4,2,75.63,5,15,4,1,0.7142857142857143,0.19047619047619047,0.047619047619047616,0.2,0.06666666666666667,21,2,1,1,1,1,0,0,0
CNC(=O)C1=NOC(C2=CC(O)=C(F)C=C2O)=N1,6/000000038,"InChI=1S/C10H8FN3O4/c1-12-9(17)8-13-10(18-14-8)4-2-7(16)5(11)3-6(4)15/h2-3,15-16H,1H3,(H,12,17)",C10H8N3O4F,253.049883956,0.6464999999999999,4.13,1.94,21.1,-160.0,2.7538775923969396,1,HIGHDIVERSITY_CONCAT,HsDHODH_HighDiv,6,3,108.48,2,10,4,3,0.5555555555555556,0.2222222222222222,0.16666666666666666,0.1,0.0,18,2,0,2,1,0,1,0,0
N/C(=C\CC(=O)O)C1=C2NC=CC2=CC(C(F)F)=C1,13/000000003,"InChI=1S/C13H12F2N2O2/c14-13(15)8-5-7-3-4-17-12(7)9(6-8)10(16)1-2-11(18)19/h1,3-6,13,17H,2,16H2,(H,18,19)/b10-1-",C13H12N2O2F2,266.086684064,2.8798000000000012,4.12,5.05,20.6,-190.0,3.2040223163055828,1,HIGHDIVERSITY_CONCAT,HsDHODH_HighDiv,2,3,79.11000000000001,4,13,2,2,0.6842105263157895,0.10526315789473684,0.10526315789473684,0.15384615384615385,0.0,19,2,0,2,1,0,1,0,0
NC1=CC(F)=C(/C=C/CS(=O)(=O)O)C(Br)=C1,20/000000031,"InChI=1S/C9H9BrFNO3S/c10-8-4-6(12)5-9(11)7(8)2-1-3-16(13,14)15/h1-2,4-5H,3,12H2,(H,13,14,15)/b2-1+",C9H9NO3SFBr,308.94705446800003,2.0714,4.12,6.8,2.22,0.0,3.061844079743937,1,HIGHDIVERSITY_CONCAT,HsDHODH_HighDiv,3,2,80.39,3,9,3,1,0.5625,0.1875,0.0625,0.1111111111111111,0.0,16,1,0,1,0,0,0,0,0
NCCC/C=C/C1=CC(N2CCNC2=O)=CC(O)=C1,28/000000138,"InChI=1S/C14H19N3O2/c15-5-3-1-2-4-11-8-12(10-13(18)9-11)17-7-6-16-14(17)19/h2,4,8-10,18H,1,3,5-7,15H2,(H,16,19)/b4-2+",C14H19N3O2,261.147726848,1.6739000000000004,4.12,0.35,16.2,-140.0,2.7312668922424663,1,HIGHDIVERSITY_CONCAT,HsDHODH_HighDiv,3,3,78.59,5,14,2,3,0.7368421052631579,0.10526315789473684,0.15789473684210525,0.35714285714285715,0.0,19,2,1,1,1,1,0,0,0
NNC(=O)C1=C[C@@H](C(=O)C2=CC(N=O)=C(Br)C(Cl)=C2)ON1,12/000000898,"InChI=1S/C11H8BrClN4O4/c12-9-5(13)1-4(2-6(9)16-20)10(18)8-3-7(17-21-8)11(19)15-14/h1-3,8,17H,14H2,(H,15,19)/t8-/m0/s1",C11H8N4O4ClBr,373.941744516,1.4602999999999997,4.12,2.18,3.84,-190.0,4.255102966655172,1,HIGHDIVERSITY_CONCAT,HsDHODH_HighDiv,7,3,122.88000000000001,4,11,4,4,0.5238095238095238,0.19047619047619047,0.19047619047619047,0.09090909090909091,0.09090909090909091,21,2,1,1,1,1,0,0,0
O=NC1=CC(C(=O)C2=CN=NN2)=CC(O)=C1Br,12/000000424,"InChI=1S/C9H5BrN4O3/c10-8-5(13-17)1-4(2-7(8)15)9(16)6-3-11-14-12-6/h1-3,15H,(H,11,12,14)",C9H5N4O3Br,295.95450212000003,1.9016999999999995,4.12,3.76,2.35,0.0,3.6789179730025854,1,HIGHDIVERSITY_CONCAT,HsDHODH_HighDiv,6,2,108.3,3,9,3,4,0.5294117647058824,0.17647058823529413,0.23529411764705882,0.0,0.0,17,2,0,2,1,0,1,0,0
O=NC(=O)C1=CC(CONC(=O)C[SH](=O)=O)=C(Br)C(CO)=C1,12/000000071,"InChI=1S/C11H11BrN2O7S/c12-10-7(3-15)1-6(11(17)13-18)2-8(10)4-21-14-9(16)5-22(19)20/h1-2,15,22H,3-5H2,(H,14,16)",C11H11N2O7SBr,393.947033792,0.007200000000000373,4.12,6.06,25.0,-60.0,3.76353509121544,1,HIGHDIVERSITY_CONCAT,HsDHODH_HighDiv,7,3,139.2,7,11,7,2,0.5,0.3181818181818182,0.09090909090909091,0.2727272727272727,0.0,22,1,0,1,0,0,0,0,0
CC[C@H](O)CC#CC1=CC(O)=CC(O)=C1,23/000000218,"InChI=1S/C12H14O3/c1-2-10(13)5-3-4-9-6-11(14)8-12(15)7-9/h6-8,10,13-15H,2,5H2,1H3/t10-/m0/s1",C12H14O3,206.094294308,1.6102999999999996,4.12,3.06,12.4,-170.0,3.323017427997197,1,HIGHDIVERSITY_CONCAT,HsDHODH_HighDiv,3,3,60.69,2,12,3,0,0.8,0.2,0.0,0.3333333333333333,0.08333333333333333,15,1,0,1,0,0,0,0,0
NCOCCCCC1=CC(O)=CC(N2CCNC2=O)=C1,28/000000518,"InChI=1S/C14H21N3O3/c15-10-20-6-2-1-3-11-7-12(9-13(18)8-11)17-5-4-16-14(17)19/h7-9,18H,1-6,10,15H2,(H,16,19)",C14H21N3O3,279.158291532,1.1772999999999998,4.12,3.2,16.4,-120.0,2.729019439116134,1,HIGHDIVERSITY_CONCAT,HsDHODH_HighDiv,4,3,87.82,7,14,3,3,0.7,0.15,0.15,0.5,0.0,20,2,1,1,1,1,0,0,0
NC/C=C(\C=C/CO)C(=O)C1=C(O)C=C(Br)C(N=O)=C1,12/000001069,"InChI=1S/C13H13BrN2O4/c14-10-7-12(18)9(6-11(10)16-20)13(19)8(3-4-15)2-1-5-17/h1-3,6-7,17-18H,4-5,15H2/b2-1-,8-3+",C13H13N2O4Br,340.005868996,2.1689000000000007,4.12,4.09,3.7,-40.0,3.750210667186309,1,HIGHDIVERSITY_CONCAT,HsDHODH_HighDiv,6,3,112.97999999999999,6,13,4,2,0.65,0.2,0.1,0.15384615384615385,0.0,20,1,0,1,0,0,0,0,0
NC/C=C/C(=O)C1=CC(N=O)=C(Br)C=C1O,12/000000463,"InChI=1S/C10H9BrN2O3/c11-7-5-10(15)6(4-8(7)13-16)9(14)2-1-3-12/h1-2,4-5,15H,3,12H2/b2-1+",C10H9N2O3Br,283.97965424800003,2.250200000000001,4.12,5.45,2.35,0.0,3.297407867119351,1,HIGHDIVERSITY_CONCAT,HsDHODH_HighDiv,5,2,92.75000000000001,4,10,3,2,0.625,0.1875,0.125,0.1,0.0,16,1,0,1,0,0,0,0,0
N[C@@H](O)COCCCC1=C(Br)C(CO)=CC(C(=O)N=O)=C1,12/000000040,"InChI=1S/C13H17BrN2O5/c14-12-8(2-1-3-21-7-11(15)18)4-9(13(19)16-20)5-10(12)6-17/h4-5,11,17-18H,1-3,6-7,15H2/t11-/m0/s1",C13H17N2O5Br,360.032083744,1.0743,4.12,4.93,19.7,-180.0,3.5606284727280464,1,HIGHDIVERSITY_CONCAT,HsDHODH_HighDiv,6,3,122.21000000000001,8,13,5,2,0.6190476190476191,0.23809523809523808,0.09523809523809523,0.46153846153846156,0.07692307692307693,21,1,0,1,0,0,0,0,0
C=CCNCC(=C)C(=O)C1=CC(N=O)=C(Br)C=C1O,12/000000493,"InChI=1S/C13H13BrN2O3/c1-3-4-15-7-8(2)13(18)9-5-11(16-19)10(14)6-12(9)17/h3,5-6,15,17H,1-2,4,7H2",C13H13N2O3Br,324.01095437600003,3.067100000000002,4.12,3.15,2.35,-20.0,3.482286047596916,1,HIGHDIVERSITY_CONCAT,HsDHODH_HighDiv,5,2,78.76,7,13,3,2,0.6842105263157895,0.15789473684210525,0.10526315789473684,0.15384615384615385,0.0,19,1,0,1,0,0,0,0,0
NC/C(=C\C1=CSC(N)=N1)C(=O)C1=C(O)C=C(Br)C(N=O)=C1,12/000000478,"InChI=1S/C13H11BrN4O3S/c14-9-3-11(19)8(2-10(9)18-21)12(20)6(4-15)1-7-5-22-13(16)17-7/h1-3,5,19H,4,15H2,(H2,16,17)/b6-1+",C13H11N4O3SBr,381.97352331200005,2.816300000000001,4.12,4.11,3.7,-40.0,3.540279511032911,1,HIGHDIVERSITY_CONCAT,HsDHODH_HighDiv,8,3,131.66,5,13,3,4,0.5909090909090909,0.13636363636363635,0.18181818181818182,0.07692307692307693,0.0,22,2,0,2,1,0,1,0,0
COCC(=O)C1=CC(OCC(N)=S)=C(Br)C(O)=C1,12/000000714,"InChI=1S/C11H12BrNO4S/c1-16-4-8(15)6-2-7(14)11(12)9(3-6)17-5-10(13)18/h2-3,14H,4-5H2,1H3,(H2,13,18)",C11H12NO4SBr,332.967040964,1.6486999999999998,4.12,3.94,3.58,-20.0,2.674479849068838,1,HIGHDIVERSITY_CONCAT,HsDHODH_HighDiv,5,2,81.78,6,11,4,1,0.6111111111111112,0.2222222222222222,0.05555555555555555,0.2727272727272727,0.0,18,1,0,1,0,0,0,0,0
O=C(O)[C@H](O)/C=C/C1=C(F)C=CC=C1Br,20/000000030,"InChI=1S/C10H8BrFO3/c11-7-2-1-3-8(12)6(7)4-5-9(13)10(14)15/h1-5,9,13H,(H,14,15)/b5-4+/t9-/m1/s1",C10H8O3FBr,273.964084436,2.0469,4.12,5.5,2.22,-150.0,3.1427369589540444,1,HIGHDIVERSITY_CONCAT,HsDHODH_HighDiv,2,2,57.53,3,10,3,0,0.6666666666666666,0.2,0.0,0.1,0.1,15,1,0,1,0,0,0,0,0
NCC1=C(Br)C(N=O)=CC(C(=O)[C@@H]2COC(N)=N2)=C1,12/000000730,"InChI=1S/C11H11BrN4O3/c12-9-6(3-13)1-5(2-7(9)16-18)10(17)8-4-19-11(14)15-8/h1-2,8H,3-4,13H2,(H2,14,15)/p+1/t8-/m0/s1",C11H12N4O3Br,326.0014523120001,1.2019,4.12,3.69,2.48,-190.0,4.575812961189438,1,HIGHDIVERSITY_CONCAT,HsDHODH_HighDiv,7,2,120.13,4,11,3,4,0.5789473684210527,0.15789473684210525,0.21052631578947367,0.2727272727272727,0.09090909090909091,19,2,1,1,1,1,0,0,0
N[C@H]1C=NC2=CC=C(NC3=CC(F)=CC(O)=C3Br)C=C21,16/000000038,"InChI=1S/C14H11BrFN3O/c15-14-12(3-7(16)4-13(14)20)19-8-1-2-11-9(5-8)10(17)6-18-11/h1-6,10,19-20H,17H2/p+1/t10-/m0/s1",C14H12N3OFBr,335.006952292,3.7531000000000008,4.12,6.88,18.2,-190.0,3.878617767409697,1,HIGHDIVERSITY_CONCAT,HsDHODH_HighDiv,4,3,70.64,2,14,1,3,0.7,0.05,0.15,0.07142857142857142,0.07142857142857142,20,3,1,2,1,1,0,0,0
C=C1NCCN1C1=CC=C(O)C(C)=C1C#CC1=CN=CC=C1,15/000000006,"InChI=1S/C18H17N3O/c1-13-16(6-5-15-4-3-9-19-12-15)17(7-8-18(13)22)21-11-10-20-14(21)2/h3-4,7-9,12,20,22H,2,10-11H2,1H3",C18H17N3O,291.137162164,2.376220000000001,4.11,3.77,18.2,-140.0,3.1089299505933496,1,HIGHDIVERSITY_CONCAT,HsDHODH_HighDiv,4,2,48.39,1,18,1,3,0.8181818181818182,0.045454545454545456,0.13636363636363635,0.16666666666666666,0.0,22,3,1,2,2,1,1,0,0
C/C(=C\CCN)C(=O)C1=CC(N=O)=C(Br)C=C1O,12/000000507,"InChI=1S/C12H13BrN2O3/c1-7(3-2-4-14)12(17)8-5-10(15-18)9(13)6-11(8)16/h3,5-6,16H,2,4,14H2,1H3/b7-3+",C12H13N2O3Br,312.01095437600003,3.0304000000000015,4.11,4.55,2.35,-60.0,3.3727673490688375,1,HIGHDIVERSITY_CONCAT,HsDHODH_HighDiv,5,2,92.75000000000001,5,12,3,2,0.6666666666666666,0.16666666666666666,0.1111111111111111,0.25,0.0,18,1,0,1,0,0,0,0,0
CC#CCC(=O)C1=CC(CNCNC)=C(Br)C(N=O)=C1,12/000000101,"InChI=1S/C14H16BrN3O2/c1-3-4-5-13(19)10-6-11(8-17-9-16-2)14(15)12(7-10)18-20/h6-7,16-17H,5,8-9H2,1-2H3",C14H16N3O2Br,337.042588852,2.709600000000001,4.11,2.61,5.24,-100.0,3.5910525786082204,1,HIGHDIVERSITY_CONCAT,HsDHODH_HighDiv,5,2,70.56,7,14,2,3,0.7,0.1,0.15,0.35714285714285715,0.0,20,1,0,1,0,0,0,0,0
NOC1=C(Br)C=CC(C(=O)O)=C1,12/000000002,"InChI=1S/C7H6BrNO3/c8-5-2-1-4(7(10)11)3-6(5)12-9/h1-3H,9H2,(H,10,11)",C7H6NO3Br,230.953105152,1.3998000000000002,4.11,4.65,1.23,0.0,2.2641535806386077,1,HIGHDIVERSITY_CONCAT,HsDHODH_HighDiv,3,2,72.55,2,7,3,1,0.5833333333333334,0.25,0.08333333333333333,0.0,0.0,12,1,0,1,0,0,0,0,0
O=C1NCCN1C1=CC(CCI)=CC(O)=C1,28/000000250,"InChI=1S/C11H13IN2O2/c12-2-1-8-5-9(7-10(15)6-8)14-4-3-13-11(14)16/h5-7,15H,1-4H2,(H,13,16)",C11H13N2O2I,332.002175656,1.8993,4.11,1.61,13.7,-140.0,2.7711792445791,1,HIGHDIVERSITY_CONCAT,HsDHODH_HighDiv,2,2,52.57000000000001,3,11,2,2,0.6875,0.125,0.125,0.36363636363636365,0.0,16,2,1,1,1,1,0,0,0
O=C(O)C1=NC(CO)=C(CCNCC2=C(Cl)C=NN2)O1,3/000000286,"InChI=1S/C11H13ClN4O4/c12-6-3-14-16-7(6)4-13-2-1-9-8(5-17)15-10(20-9)11(18)19/h3,13,17H,1-2,4-5H2,(H,14,16)(H,18,19)/p+1",C11H14N4O4Cl,300.062532576,0.5739,4.11,5.23,3.85,0.0,4.27052870747935,1,HIGHDIVERSITY_CONCAT,HsDHODH_HighDiv,6,4,124.27,7,11,4,4,0.55,0.2,0.2,0.36363636363636365,0.0,20,2,0,2,2,0,2,0,0
NC(=O)/C=C(\CNCCF)C(=O)C1=CC(N=O)=C(Br)C=C1O,12/000001072,"InChI=1S/C13H13BrFN3O4/c14-9-5-11(19)8(4-10(9)18-22)13(21)7(3-12(16)20)6-17-2-1-15/h3-5,17,19H,1-2,6H2,(H2,16,20)/b7-3+",C13H13N3O4FBr,373.00734621600003,1.7060999999999997,4.11,4.95,3.7,-120.0,3.5720263558829757,1,HIGHDIVERSITY_CONCAT,HsDHODH_HighDiv,6,3,121.85000000000001,8,13,4,3,0.5909090909090909,0.18181818181818182,0.13636363636363635,0.23076923076923078,0.0,22,1,0,1,0,0,0,0,0
C/C=C\COCC1=CC(NC(N)=S)=CC(O)=C1S,29/000000062,"InChI=1S/C12H16N2O2S2/c1-2-3-4-16-7-8-5-9(14-12(13)18)6-10(15)11(8)17/h2-3,5-6,15,17H,4,7H2,1H3,(H3,13,14,18)/b3-2-",C12H16N2O2S2,284.065319752,2.4291,4.11,0.66,18.4,-60.0,3.268378063354552,1,HIGHDIVERSITY_CONCAT,HsDHODH_HighDiv,4,4,67.51,5,12,2,2,0.6666666666666666,0.1111111111111111,0.1111111111111111,0.25,0.0,18,1,0,1,0,0,0,0,0
NNC/C=C/C1=CC(N2CCNC2=O)=CC(O)=C1,28/000000091,"InChI=1S/C12H16N4O2/c13-15-3-1-2-9-6-10(8-11(17)7-9)16-5-4-14-12(16)18/h1-2,6-8,15,17H,3-5,13H2,(H,14,18)/b2-1+",C12H16N4O2,248.127325752,0.39829999999999993,4.11,0.77,16.4,-120.0,3.003532168073362,1,HIGHDIVERSITY_CONCAT,HsDHODH_HighDiv,4,4,90.62,4,12,2,4,0.6666666666666666,0.1111111111111111,0.2222222222222222,0.25,0.0,18,2,1,1,1,1,0,0,0
OCC1=CC2=C(O1)C(S)=CC=C2,10/000000209,"InChI=1S/C9H8O2S/c10-5-7-4-6-2-1-3-8(12)9(6)11-7/h1-4,10,12H,5H2",C9H8O2S,180.024500496,2.2138,4.11,4.59,10.5,-40.0,2.7940415614078375,1,HIGHDIVERSITY_CONCAT,HsDHODH_HighDiv,3,2,33.370000000000005,1,9,2,0,0.75,0.16666666666666666,0.0,0.1111111111111111,0.0,12,2,0,2,1,0,1,0,0
NCOCCSCCC1=CC(O)=CC(N2CCNC2=O)=C1,28/000000310,"InChI=1S/C14H21N3O3S/c15-10-20-4-6-21-5-1-11-7-12(9-13(18)8-11)17-3-2-16-14(17)19/h7-9,18H,1-6,10,15H2,(H,16,19)",C14H21N3O3S,311.130362532,1.1302999999999996,4.11,2.94,18.9,-120.0,3.0015805435090925,1,HIGHDIVERSITY_CONCAT,HsDHODH_HighDiv,5,3,87.82,8,14,3,3,0.6666666666666666,0.14285714285714285,0.14285714285714285,0.5,0.0,21,2,1,1,1,1,0,0,0
C=CC/C=C(\CCO)NCC1=CC2=C(C=C1O)NC=C2,20/000000046,"InChI=1S/C16H20N2O2/c1-2-3-4-14(6-8-19)18-11-13-9-12-5-7-17-15(12)10-16(13)20/h2,4-5,7,9-10,17-20H,1,3,6,8,11H2/b14-4+",C16H20N2O2,272.15247788,2.8055000000000003,4.11,4.36,3.72,-40.0,3.2178202488327328,1,HIGHDIVERSITY_CONCAT,HsDHODH_HighDiv,3,4,68.28,7,16,2,2,0.8,0.1,0.1,0.25,0.0,20,2,0,2,1,0,1,0,0
CC(=O)[C@@H](C#CC1=CC=C(CN)C(O)=C1)CN,23/000000046,"InChI=1S/C13H16N2O2/c1-9(16)11(7-14)4-2-10-3-5-12(8-15)13(17)6-10/h3,5-6,11,17H,7-8,14-15H2,1H3/t11-/m0/s1",C13H16N2O2,232.121177752,0.3663000000000001,4.11,2.9,15.6,-170.0,3.552053933696371,1,HIGHDIVERSITY_CONCAT,HsDHODH_HighDiv,4,3,89.34,3,13,2,2,0.7647058823529411,0.11764705882352941,0.11764705882352941,0.3076923076923077,0.07692307692307693,17,1,0,1,0,0,0,0,0
OCC1=NC=C(Cl)C=C1C#C[C@@H](O)C1=CSC=N1,7/000000031,"InChI=1S/C12H9ClN2O2S/c13-9-3-8(10(5-16)14-4-9)1-2-12(17)11-6-18-7-15-11/h3-4,6-7,12,16-17H,5H2/t12-/m1/s1",C12H9N2O2SCl,280.00732620800005,1.7689,4.11,1.24,5.09,-190.0,3.822112162069644,1,HIGHDIVERSITY_CONCAT,HsDHODH_HighDiv,5,2,66.24000000000001,2,12,2,2,0.6666666666666666,0.1111111111111111,0.1111111111111111,0.16666666666666666,0.08333333333333333,18,2,0,2,2,0,2,0,0
CC1=C(C2=CC(C(N)=O)=NO2)C(O)=CC=C1Br,10/000000008,"InChI=1S/C11H9BrN2O3/c1-5-6(12)2-3-8(15)10(5)9-4-7(11(13)16)14-17-9/h2-4,15H,1H3,(H2,13,16)",C11H9N2O3Br,295.97965424800003,2.2170200000000007,4.11,0.97,2.22,-200.0,2.6080568828439006,1,HIGHDIVERSITY_CONCAT,HsDHODH_HighDiv,4,2,89.35000000000001,2,11,3,2,0.6470588235294118,0.17647058823529413,0.11764705882352941,0.09090909090909091,0.0,17,2,0,2,1,0,1,0,0
O=C(C1=CC(O)=C(Br)C(Cl)=C1)[C@@H]1CCON1,12/000000200,"InChI=1S/C10H9BrClNO3/c11-9-6(12)3-5(4-8(9)14)10(15)7-1-2-16-13-7/h3-4,7,13-14H,1-2H2/t7-/m0/s1",C10H9NO3ClBr,304.94543292800006,2.2843,4.11,2.86,2.48,-150.0,3.753955042771187,1,HIGHDIVERSITY_CONCAT,HsDHODH_HighDiv,4,2,58.56,2,10,3,1,0.625,0.1875,0.0625,0.3,0.1,16,2,1,1,1,1,0,0,0
NC(=O)C1=NOC(C2=CC=CC(Br)=C2CC(=O)O)=C1,10/000000004,"InChI=1S/C12H9BrN2O4/c13-8-3-1-2-6(7(8)4-11(16)17)10-5-9(12(14)18)15-19-10/h1-3,5H,4H2,(H2,14,18)(H,16,17)",C12H9N2O4Br,323.974568868,1.8300999999999998,4.11,2.6,3.58,-160.0,2.467473499737535,1,HIGHDIVERSITY_CONCAT,HsDHODH_HighDiv,4,2,106.42,4,12,4,2,0.631578947368421,0.21052631578947367,0.10526315789473684,0.08333333333333333,0.0,19,2,0,2,1,0,1,0,0
O=C1NCC[C@@H]1C(=O)C1=CC(O)=C(Br)C(Cl)=C1,12/000000219,"InChI=1S/C11H9BrClNO3/c12-9-7(13)3-5(4-8(9)15)10(16)6-1-2-14-11(6)17/h3-4,6,15H,1-2H2,(H,14,17)/t6-/m1/s1",C11H9NO3ClBr,316.945432928,2.1269,4.11,3.17,2.48,-190.0,3.384097077509079,1,HIGHDIVERSITY_CONCAT,HsDHODH_HighDiv,3,2,66.4,2,11,3,1,0.6470588235294118,0.17647058823529413,0.058823529411764705,0.2727272727272727,0.09090909090909091,17,2,1,1,1,1,0,0,0
OC[C@@H](O)C1=CC(O)=CC(CNNCCCl)=C1,8/000000015,"InChI=1S/C11H17ClN2O3/c12-1-2-13-14-6-8-3-9(11(17)7-15)5-10(16)4-8/h3-5,11,13-17H,1-2,6-7H2/t11-/m1/s1",C11H17N2O3Cl,260.092770084,0.25089999999999973,4.1,4.28,13.5,-190.0,3.404923498913761,1,HIGHDIVERSITY_CONCAT,HsDHODH_HighDiv,5,5,84.75,7,11,3,2,0.6470588235294118,0.17647058823529413,0.11764705882352941,0.45454545454545453,0.09090909090909091,17,1,0,1,0,0,0,0,0
C=CC1=C(I)C(CO)=NC=C1C1=NNN=C1,7/000000003,"InChI=1S/C10H9IN4O/c1-2-6-7(8-4-13-15-14-8)3-12-9(5-16)10(6)11/h2-4,16H,1,5H2,(H,13,14,15)",C10H9N4OI,327.9821089080001,1.6065999999999996,4.1,5.07,17.7,-120.0,3.5548930907329472,1,HIGHDIVERSITY_CONCAT,HsDHODH_HighDiv,4,2,74.69,3,10,1,4,0.625,0.0625,0.25,0.1,0.0,16,2,0,2,2,0,2,0,0
CNC/C=C(\CNCF)C(=O)C1=CC(N=O)=C(Br)C=C1O,12/000001054,"InChI=1S/C13H15BrFN3O3/c1-16-3-2-8(6-17-7-15)13(20)9-4-11(18-21)10(14)5-12(9)19/h2,4-5,16-17,19H,3,6-7H2,1H3/b8-2+",C13H15N3O3FBr,359.02808166,2.3977,4.1,4.87,3.7,-110.0,3.846303539460509,1,HIGHDIVERSITY_CONCAT,HsDHODH_HighDiv,6,3,90.79,8,13,3,3,0.6190476190476191,0.14285714285714285,0.14285714285714285,0.3076923076923077,0.0,21,1,0,1,0,0,0,0,0
C/C=C/CCC1=C2NNC(=O)C2=CC(N=O)=C1,3/000000144,"InChI=1S/C12H13N3O2/c1-2-3-4-5-8-6-9(15-17)7-10-11(8)13-14-12(10)16/h2-3,6-7H,4-5H2,1H3,(H2,13,14,16)/b3-2+",C12H13N3O2,231.100776656,2.7628000000000004,4.1,2.23,3.58,-60.0,3.5249425433790176,1,HIGHDIVERSITY_CONCAT,HsDHODH_HighDiv,3,2,78.08,4,12,2,3,0.7058823529411765,0.11764705882352941,0.17647058823529413,0.25,0.0,17,2,0,2,1,0,1,0,0
C=C[C@@H](C#CC1=CC(O)=CC(O)=C1)S(=O)(=O)O,23/000000094,"InChI=1S/C11H10O5S/c1-2-11(17(14,15)16)4-3-8-5-9(12)7-10(13)6-8/h2,5-7,11-13H,1H2,(H,14,15,16)/t11-/m0/s1",C11H10O5S,254.02489442,0.8917000000000002,4.1,4.26,18.3,-150.0,3.8615419604522216,1,HIGHDIVERSITY_CONCAT,HsDHODH_HighDiv,4,3,94.83,2,11,5,0,0.6470588235294118,0.29411764705882354,0.0,0.09090909090909091,0.09090909090909091,17,1,0,1,0,0,0,0,0
CNCC1=NOC(C2=CC(O)=C(F)C=C2O)=N1,6/000000048,"InChI=1S/C10H10FN3O3/c1-12-4-9-13-10(17-14-9)5-2-8(16)6(11)3-7(5)15/h2-3,12,15-16H,4H2,1H3",C10H10N3O3F,239.0706194,1.0062999999999998,4.1,2.72,18.9,-160.0,2.717700297061505,1,HIGHDIVERSITY_CONCAT,HsDHODH_HighDiv,6,3,91.41000000000001,3,10,3,3,0.5882352941176471,0.17647058823529413,0.17647058823529413,0.2,0.0,17,2,0,2,1,0,1,0,0
O=C1NCCN1C1=CC(CCO)=CC(O)=C1,28/000000002,"InChI=1S/C11H14N2O3/c14-4-1-8-5-9(7-10(15)6-8)13-3-2-12-11(13)16/h5-7,14-15H,1-4H2,(H,12,16)",C11H14N2O3,222.100442308,0.45659999999999995,4.1,2.09,13.2,-120.0,2.4924869368867935,1,HIGHDIVERSITY_CONCAT,HsDHODH_HighDiv,3,3,72.80000000000001,3,11,3,2,0.6875,0.1875,0.125,0.36363636363636365,0.0,16,2,1,1,1,1,0,0,0
C/C=C/C[C@H](S)C1=CC(C(=O)N=O)=CC(N)=C1Br,12/000000033,"InChI=1S/C12H13BrN2O2S/c1-2-3-4-10(18)8-5-7(12(16)15-17)6-9(14)11(8)13/h2-3,5-6,10,18H,4,14H2,1H3/b3-2+/t10-/m0/s1",C12H13N2O2SBr,327.988110756,3.875000000000001,4.1,3.8,19.0,-170.0,4.039244458449735,1,HIGHDIVERSITY_CONCAT,HsDHODH_HighDiv,4,2,72.52,4,12,2,2,0.6666666666666666,0.1111111111111111,0.1111111111111111,0.25,0.08333333333333333,18,1,0,1,0,0,0,0,0
CC(=O)OC/C=C/CC1=C(CO)N=C(C(=O)O)O1,3/000000259,"InChI=1S/C11H13NO6/c1-7(14)17-5-3-2-4-9-8(6-13)12-10(18-9)11(15)16/h2-3,13H,4-6H2,1H3,(H,15,16)/b3-2+",C11H13NO6,255.074287136,0.5268999999999999,4.1,2.35,5.39,-80.0,3.303239287844348,1,HIGHDIVERSITY_CONCAT,HsDHODH_HighDiv,6,2,109.86000000000001,6,11,6,1,0.6111111111111112,0.3333333333333333,0.05555555555555555,0.36363636363636365,0.0,18,1,0,1,1,0,1,0,0
C#CC(=O)OCC1=CC=C(C#C[C@@H](O)CO)C(Cl)=C1Cl,19/000000021,"InChI=1S/C14H10Cl2O4/c1-2-12(19)20-8-10-4-3-9(13(15)14(10)16)5-6-11(18)7-17/h1,3-4,11,17-18H,7-8H2/t11-/m1/s1",C14H10O4Cl2,311.99561416,1.3745,4.1,3.04,22.0,-150.0,3.8580496355415654,1,HIGHDIVERSITY_CONCAT,HsDHODH_HighDiv,4,2,66.76,3,14,4,0,0.7,0.2,0.0,0.21428571428571427,0.07142857142857142,20,1,0,1,0,0,0,0,0
OCC1=NC=C(/C=C/CCl)C=C1C1=CNC=C1,7/000000005,"InChI=1S/C13H13ClN2O/c14-4-1-2-10-6-12(11-3-5-15-8-11)13(9-17)16-7-10/h1-3,5-8,15,17H,4,9H2/b2-1+",C13H13N2OCl,248.071640716,2.8210000000000006,4.1,0.9,15.5,-120.0,3.221214148559552,1,HIGHDIVERSITY_CONCAT,HsDHODH_HighDiv,2,2,48.910000000000004,4,13,1,2,0.7647058823529411,0.058823529411764705,0.11764705882352941,0.15384615384615385,0.0,17,2,0,2,2,0,2,0,0
CONCCCCC1=CC(O)=CC(N2CCNC2=O)=C1,28/000000307,"InChI=1S/C14H21N3O3/c1-20-16-5-3-2-4-11-8-12(10-13(18)9-11)17-7-6-15-14(17)19/h8-10,16,18H,2-7H2,1H3,(H,15,19)",C14H21N3O3,279.158291532,1.3954999999999997,4.1,3.71,16.4,-140.0,2.7204591152294935,1,HIGHDIVERSITY_CONCAT,HsDHODH_HighDiv,4,3,73.83,7,14,3,3,0.7,0.15,0.15,0.5,0.0,20,2,1,1,1,1,0,0,0
CC(=O)CC(=O)C1=CC(CCCNCCN)=C(Br)C(N=O)=C1,12/000000895,"InChI=1S/C15H20BrN3O3/c1-10(20)7-14(21)12-8-11(3-2-5-18-6-4-17)15(16)13(9-12)19-22/h8-9,18H,2-7,17H2,1H3",C15H20N3O3Br,369.0688036,2.4897,4.1,5.92,5.39,-80.0,3.0032725879559887,1,HIGHDIVERSITY_CONCAT,HsDHODH_HighDiv,6,2,101.62,10,15,3,3,0.6818181818181818,0.13636363636363635,0.13636363636363635,0.4666666666666667,0.0,22,1,0,1,0,0,0,0,0
NOC1=CC(C(=O)O)=CC(/C=C/CCO)=C1Br,12/000000158,"InChI=1S/C11H12BrNO4/c12-10-7(3-1-2-4-14)5-8(11(15)16)6-9(10)17-13/h1,3,5-6,14H,2,4,13H2,(H,15,16)/b3-1+",C11H12NO4Br,300.994969964,1.7954000000000003,4.1,4.38,15.3,0.0,3.025726113613132,1,HIGHDIVERSITY_CONCAT,HsDHODH_HighDiv,4,3,92.78,5,11,4,1,0.6470588235294118,0.23529411764705882,0.058823529411764705,0.18181818181818182,0.0,17,1,0,1,0,0,0,0,0
NC(=O)[C@@H](O)C(=O)C1=CC(N=O)=C(Br)C=C1,12/000000717,"InChI=1S/C9H7BrN2O4/c10-5-2-1-4(3-6(5)12-16)7(13)8(14)9(11)15/h1-3,8,14H,(H2,11,15)/t8-/m0/s1",C9H7N2O4Br,285.958918804,0.8758999999999999,4.1,2.81,3.85,-150.0,3.444319678135823,1,HIGHDIVERSITY_CONCAT,HsDHODH_HighDiv,5,2,109.82000000000002,4,9,4,2,0.5625,0.25,0.125,0.1111111111111111,0.1111111111111111,16,1,0,1,0,0,0,0,0
NNC/C=C/CC1=CC=C(I)C([C@@H](N)C=S)=C1,5/000000025,"InChI=1S/C12H16IN3S/c13-11-5-4-9(3-1-2-6-16-15)7-10(11)12(14)8-17/h1-2,4-5,7-8,12,16H,3,6,14-15H2/b2-1+/t12-/m0/s1",C12H16N3SI,361.010966512,1.8526999999999998,4.09,3.27,2.35,-150.0,4.127215479273826,1,HIGHDIVERSITY_CONCAT,HsDHODH_HighDiv,4,3,64.07,6,12,0,3,0.7058823529411765,0.0,0.17647058823529413,0.25,0.08333333333333333,17,1,0,1,0,0,0,0,0
O=NC1=CC(C(=O)[C@H]2CCNC2)=CC(O)=C1Br,12/000000413,"InChI=1S/C11H11BrN2O3/c12-10-8(14-17)3-7(4-9(10)15)11(16)6-1-2-13-5-6/h3-4,6,13,15H,1-2,5H2/t6-/m0/s1",C11H11N2O3Br,297.99530431200003,2.3448000000000007,4.09,3.19,2.35,-190.0,3.515898948995593,1,HIGHDIVERSITY_CONCAT,HsDHODH_HighDiv,5,2,78.76,3,11,3,2,0.6470588235294118,0.17647058823529413,0.11764705882352941,0.36363636363636365,0.09090909090909091,17,2,1,1,1,1,0,0,0
NC(=O)C1=NOC(C2=CC(Br)=CC=C2O)=C1,10/000000002,"InChI=1S/C10H7BrN2O3/c11-5-1-2-8(14)6(3-5)9-4-7(10(12)15)13-16-9/h1-4,14H,(H2,12,15)",C10H7N2O3Br,281.96400418400003,1.9085999999999996,4.09,1.0,2.22,-160.0,2.3595680557679124,1,HIGHDIVERSITY_CONCAT,HsDHODH_HighDiv,4,2,89.35000000000001,2,10,3,2,0.625,0.1875,0.125,0.0,0.0,16,2,0,2,1,0,1,0,0
NC(=O)C1=NOC(C2=CC=C(S)C(Br)=C2)=C1,10/000000003,"InChI=1S/C10H7BrN2O2S/c11-6-3-5(1-2-9(6)16)8-4-7(10(12)14)13-15-8/h1-4,16H,(H2,12,14)",C10H7N2O2SBr,297.94116056400003,2.4917,4.09,1.75,2.22,-180.0,2.7637121117119676,1,HIGHDIVERSITY_CONCAT,HsDHODH_HighDiv,4,2,69.12,2,10,2,2,0.625,0.125,0.125,0.0,0.0,16,2,0,2,1,0,1,0,0
O=C1NCCN1C1=CC(O)=CC(CBr)=C1,28/000000037,"InChI=1S/C10H11BrN2O2/c11-6-7-3-8(5-9(14)4-7)13-2-1-12-10(13)15/h3-5,14H,1-2,6H2,(H,12,15)",C10H11N2O2Br,270.00038969200006,1.8167,4.09,2.04,13.1,-120.0,2.6205737781445766,1,HIGHDIVERSITY_CONCAT,HsDHODH_HighDiv,2,2,52.57000000000001,2,10,2,2,0.6666666666666666,0.13333333333333333,0.13333333333333333,0.3,0.0,15,2,1,1,1,1,0,0,0
O=[S+][C@H]1C=NC2=C1C=C(NC1=C(Br)C(O)=CC(F)=C1)C=C2,16/000000045,"InChI=1S/C14H10BrFN2O2S/c15-14-11(3-7(16)4-12(14)19)18-8-1-2-10-9(5-8)13(21-20)6-17-10/h1-6,13,18-19,21H/t13-/m0/s1",C14H10N2O2SFBr,366.95466526808997,4.222500000000001,4.09,7.48,20.8,-190.0,4.081930524467565,1,HIGHDIVERSITY_CONCAT,HsDHODH_HighDiv,4,2,61.69,3,14,2,2,0.6666666666666666,0.09523809523809523,0.09523809523809523,0.07142857142857142,0.07142857142857142,21,3,1,2,1,1,0,0,0
C=CCC1=C([C@H](C)O)N=C(C(=O)O)O1,3/000000245,"InChI=1S/C9H11NO4/c1-3-4-6-7(5(2)11)10-8(14-6)9(12)13/h3,5,11H,1,4H2,2H3,(H,12,13)/t5-/m0/s1",C9H11NO4,197.068807832,1.1545999999999998,4.09,3.91,3.85,-170.0,3.8141404133682535,1,HIGHDIVERSITY_CONCAT,HsDHODH_HighDiv,4,2,83.56,4,9,4,1,0.6428571428571429,0.2857142857142857,0.07142857142857142,0.3333333333333333,0.1111111111111111,14,1,0,1,1,0,1,0,0
NOC/C=C/[C@@H](/C=C/C1=C(F)C=CC(Br)=C1N)C1=NN=CO1,16/000000003,"InChI=1S/C14H14BrFN4O2/c15-11-5-6-12(16)10(13(11)17)4-3-9(2-1-7-22-18)14-20-19-8-21-14/h1-6,8-9H,7,17-18H2/b2-1+,4-3+/t9-/m0/s1",C14H14N4O2FBr,368.0284160080001,2.7969,4.09,3.72,5.09,-170.0,4.283740323887753,1,HIGHDIVERSITY_CONCAT,HsDHODH_HighDiv,6,2,100.19,6,14,2,4,0.6363636363636364,0.09090909090909091,0.18181818181818182,0.14285714285714285,0.07142857142857142,22,2,0,2,1,0,1,0,0
NOC1=C(Br)C(N)=CC(C(=O)O)=C1,12/000000167,"InChI=1S/C7H7BrN2O3/c8-6-4(9)1-3(7(11)12)2-5(6)13-10/h1-2H,9-10H2,(H,11,12)",C7H7N2O3Br,245.964004184,0.9820000000000002,4.09,4.64,12.1,0.0,2.7363483472938945,1,HIGHDIVERSITY_CONCAT,HsDHODH_HighDiv,4,3,98.57000000000001,2,7,3,2,0.5384615384615384,0.23076923076923078,0.15384615384615385,0.0,0.0,13,1,0,1,0,0,0,0,0
O=NC1=CC(C(=O)C2=NN=NN2)=CC(CO)=C1Br,12/000000389,"InChI=1S/C9H6BrN5O3/c10-7-5(3-16)1-4(2-6(7)13-18)8(17)9-11-14-15-12-9/h1-2,16H,3H2,(H,11,12,14,15)",C9H6N5O3Br,310.96540115199997,1.0834,4.09,3.61,2.48,0.0,3.486376656761146,1,HIGHDIVERSITY_CONCAT,HsDHODH_HighDiv,7,2,121.19000000000001,4,9,3,5,0.5,0.16666666666666666,0.2777777777777778,0.1111111111111111,0.0,18,2,0,2,1,0,1,0,0
CNOCC/C=C/CC1=C([N+](=O)[O-])OC(C(=O)O)=C1,3/000000220,"InChI=1S/C11H14N2O6/c1-12-18-6-4-2-3-5-8-7-9(11(14)15)19-10(8)13(16)17/h2-3,7,12H,4-6H2,1H3,(H,14,15)/b3-2+",C11H14N2O6,270.085186168,1.5257999999999998,4.09,5.71,4.16,-110.0,3.4538468725186,1,HIGHDIVERSITY_CONCAT,HsDHODH_HighDiv,6,2,114.83999999999999,8,11,6,2,0.5789473684210527,0.3157894736842105,0.10526315789473684,0.36363636363636365,0.0,19,1,0,1,1,0,1,0,0
CSCC1=CC(O)=CC(N2CCNC2=O)=C1,28/000000052,"InChI=1S/C11H14N2O2S/c1-16-7-8-4-9(6-10(14)5-8)13-3-2-12-11(13)15/h4-6,14H,2-3,7H2,1H3,(H,12,15)",C11H14N2O2S,238.077598688,1.7848,4.08,2.42,14.5,-140.0,2.61765001380987,1,HIGHDIVERSITY_CONCAT,HsDHODH_HighDiv,3,2,52.57,3,11,2,2,0.6875,0.125,0.125,0.36363636363636365,0.0,16,2,1,1,1,1,0,0,0
C#C[C@H](O)/C=C/NC1=C(Br)C=CC(C(=O)N=O)=C1Cl,12/000000798,"InChI=1S/C12H8BrClN2O3/c1-2-7(17)5-6-15-11-9(13)4-3-8(10(11)14)12(18)16-19/h1,3-7,15,17H/b6-5+/t7-/m0/s1",C12H8N2O3ClBr,341.940681896,2.9288000000000007,4.08,5.78,22.2,-150.0,4.130799978244781,1,HIGHDIVERSITY_CONCAT,HsDHODH_HighDiv,4,2,78.75999999999999,4,12,3,2,0.631578947368421,0.15789473684210525,0.10526315789473684,0.08333333333333333,0.08333333333333333,19,1,0,1,0,0,0,0,0
NC/C=C(\CON)C(=O)C1=C(O)C=C(Br)C(N=O)=C1,12/000000547,"InChI=1S/C11H12BrN3O4/c12-8-4-10(16)7(3-9(8)15-18)11(17)6(1-2-13)5-19-14/h1,3-4,16H,2,5,13-14H2/b6-1+",C11H12N3O4Br,329.001117964,1.5107,4.08,4.61,2.35,-40.0,3.7456833326647887,1,HIGHDIVERSITY_CONCAT,HsDHODH_HighDiv,7,3,128.0,6,11,4,3,0.5789473684210527,0.21052631578947367,0.15789473684210525,0.18181818181818182,0.0,19,1,0,1,0,0,0,0,0
O=NC1=C(Br)C(S)=CC(C(=O)OCCO)=C1,12/000000428,"InChI=1S/C9H8BrNO4S/c10-8-6(11-14)3-5(4-7(8)16)9(13)15-2-1-12/h3-4,12,16H,1-2H2",C9H8NO4SBr,304.935740836,2.2847999999999997,4.08,3.73,17.2,-20.0,3.1461466864395664,1,HIGHDIVERSITY_CONCAT,HsDHODH_HighDiv,6,2,75.96000000000001,4,9,4,1,0.5625,0.25,0.0625,0.2222222222222222,0.0,16,1,0,1,0,0,0,0,0
C=C(CCCCF)C1=NOC(C2=CC(O)=C(F)C=C2O)=N1,6/000000062,"InChI=1S/C14H14F2N2O3/c1-8(4-2-3-5-15)13-17-14(21-18-13)9-6-12(20)10(16)7-11(9)19/h6-7,19-20H,1-5H2",C14H14N2O3F2,296.097248748,3.439900000000002,4.08,1.58,23.6,-180.0,3.1862592702995434,1,HIGHDIVERSITY_CONCAT,HsDHODH_HighDiv,5,2,79.38000000000001,6,14,3,2,0.6666666666666666,0.14285714285714285,0.09523809523809523,0.2857142857142857,0.0,21,2,0,2,1,0,1,0,0
OCC1=NOC(C2=CC(O)=C(F)C=C2O)=N1,6/000000045,"InChI=1S/C9H7FN2O4/c10-5-2-6(14)4(1-7(5)15)9-11-8(3-13)12-16-9/h1-2,13-15H,3H2",C9H7N2O4F,226.038984924,0.7791999999999999,4.08,2.96,18.1,-120.0,2.750039034788891,1,HIGHDIVERSITY_CONCAT,HsDHODH_HighDiv,6,3,99.61000000000001,2,9,4,2,0.5625,0.25,0.125,0.1111111111111111,0.0,16,2,0,2,1,0,1,0,0
OCC1=CC(F)=C(O)C=C1C1=NON=C1,6/000000004,"InChI=1S/C9H7FN2O3/c10-7-1-5(4-13)6(2-9(7)14)8-3-11-15-12-8/h1-3,13-14H,4H2",C9H7N2O3F,210.044070304,1.0735999999999999,4.08,3.55,16.9,-120.0,3.2358869649577633,1,HIGHDIVERSITY_CONCAT,HsDHODH_HighDiv,5,2,79.38000000000001,2,9,3,2,0.6,0.2,0.13333333333333333,0.1111111111111111,0.0,15,2,0,2,1,0,1,0,0
OC[C@H](O)C#CC1=CC=C(CCCS)C(Cl)=C1Cl,19/000000014,"InChI=1S/C13H14Cl2O2S/c14-12-9(2-1-7-18)3-4-10(13(12)15)5-6-11(17)8-16/h3-4,11,16-18H,1-2,7-8H2/t11-/m1/s1",C13H14O2SCl2,304.00915604799997,2.5605000000000016,4.08,4.34,3.58,-150.0,3.6836572724214776,1,HIGHDIVERSITY_CONCAT,HsDHODH_HighDiv,3,3,40.46,4,13,2,0,0.7222222222222222,0.1111111111111111,0.0,0.38461538461538464,0.07692307692307693,18,1,0,1,0,0,0,0,0
OCC/C(=C\[C@@H]1CCCO1)NCC1=CC2=C(C=C1O)NC=C2,20/000000055,"InChI=1S/C17H22N2O3/c20-6-4-14(9-15-2-1-7-22-15)19-11-13-8-12-3-5-18-16(12)10-17(13)21/h3,5,8-10,15,18-21H,1-2,4,6-7,11H2/b14-9+/t15-/m0/s1",C17H22N2O3,302.163042564,2.4083999999999994,4.08,3.12,5.08,-190.0,3.710495178106115,1,HIGHDIVERSITY_CONCAT,HsDHODH_HighDiv,4,4,77.50999999999999,6,17,3,2,0.7727272727272727,0.13636363636363635,0.09090909090909091,0.4117647058823529,0.058823529411764705,22,3,1,2,2,1,1,0,0
O=NC(=O)C1=CC(C2=CC=C(CCO)C(O)=C2)=C(Br)C=C1O,12/000000058,"InChI=1S/C15H12BrNO5/c16-12-7-14(20)11(15(21)17-22)6-10(12)9-2-1-8(3-4-18)13(19)5-9/h1-2,5-7,18-20H,3-4H2",C15H12NO5Br,364.989884584,2.9687000000000014,4.08,4.44,18.7,-177.0,2.7665841264175253,1,HIGHDIVERSITY_CONCAT,HsDHODH_HighDiv,5,3,107.19000000000001,4,15,5,1,0.6818181818181818,0.22727272727272727,0.045454545454545456,0.13333333333333333,0.0,22,2,0,2,0,0,0,0,0
NC1=NC[C@H](C/C=C/CC2=C([N+](=O)[O-])OC(C(=O)O)=C2)O1,3/000000216,"InChI=1S/C12H13N3O6/c13-12-14-6-8(20-12)4-2-1-3-7-5-9(11(16)17)21-10(7)15(18)19/h1-2,5,8H,3-4,6H2,(H2,13,14)(H,16,17)/b2-1+/t8-/m0/s1",C12H13N3O6,295.080435136,1.0882999999999998,4.08,5.24,4.16,-150.0,4.057691784189724,1,HIGHDIVERSITY_CONCAT,HsDHODH_HighDiv,7,2,141.18999999999997,6,12,6,3,0.5714285714285714,0.2857142857142857,0.14285714285714285,0.3333333333333333,0.08333333333333333,21,2,1,1,2,1,1,0,0
C=C/C=C/C1=CC(N2CCNC2=O)=CC(O)=C1,28/000000288,"InChI=1S/C13H14N2O2/c1-2-3-4-10-7-11(9-12(16)8-10)15-6-5-14-13(15)17/h2-4,7-9,16H,1,5-6H2,(H,14,17)/b4-3+",C13H14N2O2,230.105527688,2.1209999999999996,4.08,0.86,15.2,-120.0,2.858913697225171,1,HIGHDIVERSITY_CONCAT,HsDHODH_HighDiv,2,2,52.57000000000001,3,13,2,2,0.7647058823529411,0.11764705882352941,0.11764705882352941,0.15384615384615385,0.0,17,2,1,1,1,1,0,0,0
O=C1NCCN1C1=CC(CCC2=NOCN2)=CC(O)=C1,28/000000006,"InChI=1S/C13H16N4O3/c18-11-6-9(1-2-12-15-8-20-16-12)5-10(7-11)17-4-3-14-13(17)19/h5-7,18H,1-4,8H2,(H,14,19)(H,15,16)",C13H16N4O3,276.12224037199996,0.7451999999999996,4.08,2.41,18.3,-140.0,3.385303593799926,1,HIGHDIVERSITY_CONCAT,HsDHODH_HighDiv,5,3,86.19000000000001,4,13,3,4,0.65,0.15,0.2,0.38461538461538464,0.0,20,3,2,1,2,2,0,0,0
O[C@@H](C#CC1=CC(S)=C(S)C=C1Br)C1=NN=NN1,29/000000044,"InChI=1S/C10H7BrN4OS2/c11-6-4-9(18)8(17)3-5(6)1-2-7(16)10-12-14-15-13-10/h3-4,7,16-18H,(H,12,13,14,15)/t7-/m0/s1",C10H7N4OS2Br,341.92446494400014,1.6247,4.07,4.66,2.35,-150.0,4.47967757383435,1,HIGHDIVERSITY_CONCAT,HsDHODH_HighDiv,6,4,74.69,1,10,1,4,0.5555555555555556,0.05555555555555555,0.2222222222222222,0.1,0.1,18,2,0,2,1,0,1,0,0
NCC1=CC(C2=NC(CS)=NO2)=CN=C1CO,7/000000029,"InChI=1S/C10H12N4O2S/c11-2-6-1-7(3-12-8(6)4-15)10-13-9(5-17)14-16-10/h1,3,15,17H,2,4-5,11H2/p+1",C10H13N4O2S,252.068096624,0.5123999999999997,4.07,4.43,18.7,-140.0,3.7457108126097873,1,HIGHDIVERSITY_CONCAT,HsDHODH_HighDiv,7,3,98.06,4,10,2,4,0.5882352941176471,0.11764705882352941,0.23529411764705882,0.3,0.0,17,2,0,2,2,0,2,0,0
C#CC1=NC2=C(CN(CCO)C2)N1CC(=C)CS,2/000000005,"InChI=1S/C13H17N3OS/c1-3-13-14-11-7-15(4-5-17)8-12(11)16(13)6-10(2)9-18/h1,17-18H,2,4-9H2",C13H17N3OS,263.109233164,0.6582999999999999,4.07,5.1,3.58,0.0,3.9918471182996074,1,HIGHDIVERSITY_CONCAT,HsDHODH_HighDiv,5,2,41.29,5,13,1,3,0.7222222222222222,0.05555555555555555,0.16666666666666666,0.46153846153846156,0.0,18,2,1,1,2,1,1,0,0
C=C(C(C)=O)C1=CC=C(C#C[C@@H](O)CO)C(Cl)=C1Cl,19/000000012,"InChI=1S/C14H12Cl2O3/c1-8(9(2)18)12-6-4-10(13(15)14(12)16)3-5-11(19)7-17/h4,6,11,17,19H,1,7H2,2H3/t11-/m1/s1",C14H12O3Cl2,298.01634960399997,2.3003000000000005,4.07,5.26,19.0,-170.0,3.7729347836746454,1,HIGHDIVERSITY_CONCAT,HsDHODH_HighDiv,3,2,57.53,3,14,3,0,0.7368421052631579,0.15789473684210525,0.0,0.21428571428571427,0.07142857142857142,19,1,0,1,0,0,0,0,0
O=C(O)C[C@@H](C#CC1=CC=CC(Cl)=C1Cl)CO,19/000000001,"InChI=1S/C12H10Cl2O3/c13-10-3-1-2-9(12(10)14)5-4-8(7-15)6-11(16)17/h1-3,8,15H,6-7H2,(H,16,17)/t8-/m1/s1",C12H10O3Cl2,272.00069953999997,2.428100000000001,4.07,5.03,16.8,-150.0,3.313358281522457,1,HIGHDIVERSITY_CONCAT,HsDHODH_HighDiv,2,2,57.53,3,12,3,0,0.7058823529411765,0.17647058823529413,0.0,0.25,0.08333333333333333,17,1,0,1,0,0,0,0,0
O=C(O)[C@@H](O)C#CC1=CC(S)=C(S)C=C1Br,29/000000042,"InChI=1S/C10H7BrO3S2/c11-6-4-9(16)8(15)3-5(6)1-2-7(12)10(13)14/h3-4,7,12,15-16H,(H,13,14)/t7-/m0/s1",C10H6O3S2Br,317.901998184,1.8235,4.07,4.02,2.35,-150.0,4.274775722091865,1,HIGHDIVERSITY_CONCAT,HsDHODH_HighDiv,4,4,57.53,1,10,3,0,0.625,0.1875,0.0,0.1,0.1,16,1,0,1,0,0,0,0,0
NN[C@H]1C=NC2=CC=C(NC3=CC(F)=CC(O)=C3Br)C=C21,16/000000039,"InChI=1S/C14H12BrFN4O/c15-14-11(3-7(16)4-13(14)21)19-8-1-2-10-9(5-8)12(20-17)6-18-10/h1-6,12,19-21H,17H2/t12-/m0/s1",C14H12N4OFBr,350.017851324,3.2577000000000007,4.07,6.0,19.6,-190.0,3.66673365354188,1,HIGHDIVERSITY_CONCAT,HsDHODH_HighDiv,5,4,82.67,3,14,1,4,0.6666666666666666,0.047619047619047616,0.19047619047619047,0.07142857142857142,0.07142857142857142,21,3,1,2,1,1,0,0,0
O=C(O)C1=CC(O)=CC(CCC/C=C\C2=CN=C(S)N2)=C1,3/000000029,"InChI=1S/C15H16N2O3S/c18-13-7-10(6-11(8-13)14(19)20)4-2-1-3-5-12-9-16-15(21)17-12/h3,5-9,18H,1-2,4H2,(H,19,20)(H2,16,17,21)/b5-3-",C15H16N2O3S,304.088163372,3.138300000000001,4.07,1.62,3.58,0.0,3.1041369711492486,1,HIGHDIVERSITY_CONCAT,HsDHODH_HighDiv,4,4,86.21000000000001,6,15,3,2,0.7142857142857143,0.14285714285714285,0.09523809523809523,0.2,0.0,21,2,0,2,1,0,1,0,0
O=C(CO)C1=CNC=C1CCNC1=CC(F)=CC(S)=C1Br,16/000000022,"InChI=1S/C14H14BrFN2O2S/c15-14-11(3-9(16)4-13(14)21)18-2-1-8-5-17-6-10(8)12(20)7-19/h3-6,17-19,21H,1-2,7H2",C14H14N2O2SFBr,371.99433900800005,3.0346000000000015,4.07,5.63,3.58,0.0,3.358101975869835,1,HIGHDIVERSITY_CONCAT,HsDHODH_HighDiv,4,4,65.11999999999999,6,14,2,2,0.6666666666666666,0.09523809523809523,0.09523809523809523,0.21428571428571427,0.0,21,2,0,2,1,0,1,0,0
NC(=O)/C=C/[C@@H](O)C/C=C\CC1=NC=C(C(N)=O)C=C1I,4/000000297,"InChI=1S/C14H16IN3O3/c15-11-7-9(14(17)21)8-18-12(11)4-2-1-3-10(19)5-6-13(16)20/h1-2,5-8,10,19H,3-4H2,(H2,16,20)(H2,17,21)/b2-1-,6-5+/t10-/m0/s1",C14H16N3O3I,401.023639372,0.6762999999999993,4.07,5.91,3.72,-180.0,3.720386367464888,1,HIGHDIVERSITY_CONCAT,HsDHODH_HighDiv,4,3,119.30000000000001,7,14,3,3,0.6666666666666666,0.14285714285714285,0.14285714285714285,0.21428571428571427,0.07142857142857142,21,1,0,1,1,0,1,0,0
NNCC1=NNC(C(=O)C2=CC(O)=C(Br)C(N=O)=C2)=N1,12/000000412,"InChI=1S/C10H9BrN6O3/c11-8-5(17-20)1-4(2-6(8)18)9(19)10-14-7(3-13-12)15-16-10/h1-2,13,18H,3,12H2,(H,14,15,16)",C10H9N6O3Br,339.991950248,0.8649999999999995,4.07,4.32,24.7,-40.0,3.60619271846836,1,HIGHDIVERSITY_CONCAT,HsDHODH_HighDiv,8,4,146.34999999999997,5,10,3,6,0.5,0.15,0.3,0.1,0.0,20,2,0,2,1,0,1,0,0
CNCCCCCC1=CC(O)=CC(N2CCNC2=O)=C1,28/000000558,"InChI=1S/C15H23N3O2/c1-16-6-4-2-3-5-12-9-13(11-14(19)10-12)18-8-7-17-15(18)20/h9-11,16,19H,2-8H2,1H3,(H,17,20)",C15H23N3O2,277.179026976,1.854,4.07,2.36,15.8,-140.0,2.466557090937997,1,HIGHDIVERSITY_CONCAT,HsDHODH_HighDiv,3,3,64.6,7,15,2,3,0.75,0.1,0.15,0.5333333333333333,0.0,20,2,1,1,1,1,0,0,0
NCC1=CC=C(NC(N)=S)C=C1C(=O)O,29/000000060,"InChI=1S/C9H11N3O2S/c10-4-5-1-2-6(12-9(11)15)3-7(5)8(13)14/h1-3H,4,10H2,(H,13,14)(H3,11,12,15)",C9H11N3O2S,225.057197592,0.499,4.07,-0.23,3.58,-40.0,2.250618888034685,1,HIGHDIVERSITY_CONCAT,HsDHODH_HighDiv,3,4,101.36999999999999,3,9,2,3,0.6,0.13333333333333333,0.2,0.1111111111111111,0.0,15,1,0,1,0,0,0,0,0
CN(C)CCSCC1=CC(O)=CC(N2CCNC2=O)=C1,28/000000231,"InChI=1S/C14H21N3O2S/c1-16(2)5-6-20-10-11-7-12(9-13(18)8-11)17-4-3-15-14(17)19/h7-9,18H,3-6,10H2,1-2H3,(H,15,19)/p+1",C14H22N3O2S,295.135447912,1.7166000000000001,4.07,2.43,17.7,-200.0,3.615956729457371,1,HIGHDIVERSITY_CONCAT,HsDHODH_HighDiv,4,2,55.81,6,14,2,3,0.7,0.1,0.15,0.5,0.0,20,2,1,1,1,1,0,0,0
CNCCNC[C@@H](O)C#CC1=CC(S)=C(S)C=C1Br,29/000000041,"InChI=1S/C13H17BrN2OS2/c1-15-4-5-16-8-10(17)3-2-9-6-12(18)13(19)7-11(9)14/h6-7,10,15-19H,4-5,8H2,1H3/t10-/m0/s1",C13H17N2OS2Br,359.9965672640001,1.5479000000000003,4.07,4.63,2.35,-170.0,4.169311186041509,1,HIGHDIVERSITY_CONCAT,HsDHODH_HighDiv,5,5,44.29,5,13,1,2,0.6842105263157895,0.05263157894736842,0.10526315789473684,0.38461538461538464,0.07692307692307693,19,1,0,1,0,0,0,0,0
C/C=C/NC1=C(Br)C(ON)=CC(C(=O)O)=C1,12/000000004,"InChI=1S/C10H11BrN2O3/c1-2-3-13-7-4-6(10(14)15)5-8(16-12)9(7)11/h2-5,13H,12H2,1H3,(H,14,15)/b3-2+",C10H11N2O3Br,285.99530431200003,2.3453,4.07,3.98,14.9,-20.0,3.1258636810728415,1,HIGHDIVERSITY_CONCAT,HsDHODH_HighDiv,4,3,84.58,4,10,3,2,0.625,0.1875,0.125,0.1,0.0,16,1,0,1,0,0,0,0,0
O=C(O)C1=NC(CO)=C(CC/C=C\CF)O1,3/000000238,"InChI=1S/C10H12FNO4/c11-5-3-1-2-4-8-7(6-13)12-9(16-8)10(14)15/h1,3,13H,2,4-6H2,(H,14,15)/b3-1-",C10H12NO4F,229.075036084,1.3234,4.07,2.67,3.85,0.0,3.5669212026210593,1,HIGHDIVERSITY_CONCAT,HsDHODH_HighDiv,4,2,83.56,6,10,4,1,0.625,0.25,0.0625,0.4,0.0,16,1,0,1,1,0,1,0,0
NC(N)NC1=CN=C(C2=C(CCl)C(=O)C=CC2=O)C=C1Br,10/000000022,"InChI=1S/C13H12BrClN4O2/c14-7-3-8(18-5-9(7)19-13(16)17)12-6(4-15)10(20)1-2-11(12)21/h1-3,5,13,19H,4,16-17H2",C13H11N4O2ClBr,369.983215404,1.1573999999999995,4.07,8.64,22.9,-160.0,3.4818387621325737,1,HIGHDIVERSITY_CONCAT,HsDHODH_HighDiv,6,3,111.1,4,13,2,4,0.6190476190476191,0.09523809523809523,0.19047619047619047,0.15384615384615385,0.0,21,2,1,1,1,0,1,0,0
N[C@H](C#CC1=CC(CO)=CC(O)=C1)CC#CCCCl,23/000000084,"InChI=1S/C15H16ClNO2/c16-7-3-1-2-4-14(17)6-5-12-8-13(11-18)10-15(19)9-12/h8-10,14,18-19H,3-4,7,11,17H2/t14-/m0/s1",C15H16NO2Cl,277.08695643199997,1.5857,4.07,-0.87,18.9,-150.0,3.8607665282319754,1,HIGHDIVERSITY_CONCAT,HsDHODH_HighDiv,3,3,66.48,3,15,2,1,0.7894736842105263,0.10526315789473684,0.05263157894736842,0.3333333333333333,0.06666666666666667,19,1,0,1,0,0,0,0,0
SC1=CC(C2=CC=CO2)=CC=C1CCC1=NCON1,3/000000318,"InChI=1S/C14H14N2O2S/c19-13-8-11(12-2-1-7-17-12)4-3-10(13)5-6-14-15-9-18-16-14/h1-4,7-8,19H,5-6,9H2,(H,15,16)",C14H14N2O2S,274.077598688,3.058700000000001,4.06,8.08,3.58,-120.0,3.3641673501179232,1,HIGHDIVERSITY_CONCAT,HsDHODH_HighDiv,5,2,46.760000000000005,4,14,2,2,0.7368421052631579,0.10526315789473684,0.10526315789473684,0.21428571428571427,0.0,19,3,1,2,2,1,1,0,0
C=C(CC)C1=NOC(C2=CC(O)=C(F)C=C2O)=N1,6/000000058,"InChI=1S/C12H11FN2O3/c1-3-6(2)11-14-12(18-15-11)7-4-10(17)8(13)5-9(7)16/h4-5,16-17H,2-3H2,1H3",C12H11N2O3F,250.075370432,2.710100000000001,4.06,1.57,19.7,-160.0,3.1028713129620877,1,HIGHDIVERSITY_CONCAT,HsDHODH_HighDiv,5,2,79.38000000000001,3,12,3,2,0.6666666666666666,0.16666666666666666,0.1111111111111111,0.16666666666666666,0.0,18,2,0,2,1,0,1,0,0
NC(=O)C1=NOC(C2=CC(Br)=C(O)C=C2O)=C1,10/000000077,"InChI=1S/C10H7BrN2O4/c11-5-1-4(7(14)3-8(5)15)9-2-6(10(12)16)13-17-9/h1-3,14-15H,(H2,12,16)",C10H7N2O4Br,297.958918804,1.6141999999999999,4.06,1.96,2.22,-160.0,2.6718003611047703,1,HIGHDIVERSITY_CONCAT,HsDHODH_HighDiv,5,3,109.58000000000001,2,10,4,2,0.5882352941176471,0.23529411764705882,0.11764705882352941,0.0,0.0,17,2,0,2,1,0,1,0,0
NCC1=C(Br)C(/C=C/C(=O)NO)=CC(C(=O)N=O)=C1,12/000000291,"InChI=1S/C11H10BrN3O4/c12-10-6(1-2-9(16)14-18)3-7(11(17)15-19)4-8(10)5-13/h1-4,18H,5,13H2,(H,14,16)/b2-1+",C11H10N3O4Br,326.9854679,1.3330000000000002,4.06,4.18,20.7,0.0,3.121088762529043,1,HIGHDIVERSITY_CONCAT,HsDHODH_HighDiv,5,3,121.85000000000002,4,11,4,3,0.5789473684210527,0.21052631578947367,0.15789473684210525,0.09090909090909091,0.0,19,1,0,1,0,0,0,0,0
NOC1=C(Br)C(O)=CC(C(=O)O)=C1,12/000001162,"InChI=1S/C7H6BrNO4/c8-6-4(10)1-3(7(11)12)2-5(6)13-9/h1-2,10H,9H2,(H,11,12)",C7H6NO4Br,246.948019772,1.1054000000000002,4.06,4.82,11.9,0.0,2.7007067183346187,1,HIGHDIVERSITY_CONCAT,HsDHODH_HighDiv,4,3,92.78000000000002,2,7,4,1,0.5384615384615384,0.3076923076923077,0.07692307692307693,0.0,0.0,13,1,0,1,0,0,0,0,0
CC[C@H](O)C1=CC(C(=O)O)=CC=C1I,5/000000001,"InChI=1S/C10H11IO3/c1-2-9(12)7-5-6(10(13)14)3-4-8(7)11/h3-5,9,12H,2H2,1H3,(H,13,14)/t9-/m0/s1",C10H11O3I,305.97529221200006,2.4328000000000003,4.06,5.77,11.1,-170.0,2.806275132702974,1,HIGHDIVERSITY_CONCAT,HsDHODH_HighDiv,2,2,57.53,3,10,3,0,0.7142857142857143,0.21428571428571427,0.0,0.3,0.1,14,1,0,1,0,0,0,0,0
C=C(CN)[C@H]1OC(CCC2=CC(O)=CC(CCCl)=C2)=CC1=O,23/000000183,"InChI=1S/C17H20ClNO3/c1-11(10-19)17-16(21)9-15(22-17)3-2-12-6-13(4-5-18)8-14(20)7-12/h6-9,17,20H,1-5,10,19H2/t17-/m1/s1",C17H20NO3Cl,321.11317117999994,2.4728000000000003,4.06,2.8,19.1,-150.0,3.908976743364627,1,HIGHDIVERSITY_CONCAT,HsDHODH_HighDiv,4,2,72.55000000000001,7,17,3,1,0.7727272727272727,0.13636363636363635,0.045454545454545456,0.35294117647058826,0.058823529411764705,22,2,1,1,1,1,0,0,0
COCCCOC1=CC(NC2=C(Br)C(S)=CC(F)=C2)=CN=C1,16/000000006,"InChI=1S/C15H16BrFN2O2S/c1-20-3-2-4-21-12-7-11(8-18-9-12)19-13-5-10(17)6-14(22)15(13)16/h5-9,19,22H,2-4H2,1H3",C15H16N2O2SFBr,386.009989072,4.430800000000002,4.06,4.97,18.9,-20.0,2.7591255904373764,1,HIGHDIVERSITY_CONCAT,HsDHODH_HighDiv,5,2,43.38,7,15,2,2,0.6818181818181818,0.09090909090909091,0.09090909090909091,0.26666666666666666,0.0,22,2,0,2,1,0,1,0,0
O=C(CNCCO)C1=CC(S)=C(I)C=C1,5/000000066,"InChI=1S/C10H12INO2S/c11-8-2-1-7(5-10(8)15)9(14)6-12-3-4-13/h1-2,5,12-13,15H,3-4,6H2/p+1",C10H13NO2SI,336.963347624,1.3445,4.06,2.43,3.85,0.0,4.186286964957762,1,HIGHDIVERSITY_CONCAT,HsDHODH_HighDiv,4,3,49.33,5,10,2,1,0.6666666666666666,0.13333333333333333,0.06666666666666667,0.3,0.0,15,1,0,1,0,0,0,0,0
NC1=C(F)C(/C=C/CS(=O)(=O)O)=C(Br)C=C1,20/000000035,"InChI=1S/C9H9BrFNO3S/c10-7-3-4-8(12)9(11)6(7)2-1-5-16(13,14)15/h1-4H,5,12H2,(H,13,14,15)/b2-1+",C9H9NO3SFBr,308.94705446800003,2.0714000000000006,4.06,6.52,2.22,0.0,3.1654957280955855,1,HIGHDIVERSITY_CONCAT,HsDHODH_HighDiv,3,2,80.39,3,9,3,1,0.5625,0.1875,0.0625,0.1111111111111111,0.0,16,1,0,1,0,0,0,0,0
CCC#C/C=C\CCCC1=CC(C(=O)O)=CC(O)=C1,3/000000045,"InChI=1S/C16H18O3/c1-2-3-4-5-6-7-8-9-13-10-14(16(18)19)12-15(17)11-13/h5-6,10-12,17H,2,7-9H2,1H3,(H,18,19)/b6-5-",C16H18O3,258.12559443600003,3.3827000000000016,4.06,1.02,3.85,-20.0,2.783089291855431,1,HIGHDIVERSITY_CONCAT,HsDHODH_HighDiv,2,2,57.53,5,16,3,0,0.8421052631578947,0.15789473684210525,0.0,0.3125,0.0,19,1,0,1,0,0,0,0,0
NN[C@H](N)C(=O)CNC(=O)C1=CC(S)=C(I)C=C1O,5/000000043,"InChI=1S/C10H13IN4O3S/c11-5-2-6(16)4(1-8(5)19)10(18)14-3-7(17)9(12)15-13/h1-2,9,15-16,19H,3,12-13H2,(H,14,18)/t9-/m0/s1",C10H13N4O3SI,395.975309276,-0.6674999999999995,4.06,3.82,3.85,-170.0,3.854131399059261,1,HIGHDIVERSITY_CONCAT,HsDHODH_HighDiv,7,6,130.46999999999997,5,10,3,4,0.5263157894736842,0.15789473684210525,0.21052631578947367,0.2,0.1,19,1,0,1,0,0,0,0,0
CSC/C=C/CCC1=C(CO)N=C(C(=O)O)O1,3/000000247,"InChI=1S/C11H15NO4S/c1-17-6-4-2-3-5-9-8(7-13)12-10(16-9)11(14)15/h2,4,13H,3,5-7H2,1H3,(H,14,15)/b4-2+",C11H15NO4S,257.07217896000003,1.7169,4.05,3.0,3.85,-20.0,3.55141551801077,1,HIGHDIVERSITY_CONCAT,HsDHODH_HighDiv,5,2,83.56,7,11,4,1,0.6470588235294118,0.23529411764705882,0.058823529411764705,0.45454545454545453,0.0,17,1,0,1,1,0,1,0,0
NC(=O)C1=NOC(C2=CC=C(S)C(Br)=C2C=S)=C1,10/000000201,"InChI=1S/C11H7BrN2O2S2/c12-10-6(4-17)5(1-2-9(10)18)8-3-7(11(13)15)14-16-8/h1-4,18H,(H2,13,15)",C11H7N2O2S2Br,341.913231564,2.8395,4.05,4.53,2.35,-180.0,3.3760813600578494,1,HIGHDIVERSITY_CONCAT,HsDHODH_HighDiv,5,2,69.12,3,11,2,2,0.6111111111111112,0.1111111111111111,0.1111111111111111,0.0,0.0,18,2,0,2,1,0,1,0,0
NC(N)NCCCCC1=CC(O)=CC(N2CCNC2=O)=C1,28/000000488,"InChI=1S/C14H23N5O2/c15-13(16)17-4-2-1-3-10-7-11(9-12(20)8-10)19-6-5-18-14(19)21/h7-9,13,17,20H,1-6,15-16H2,(H,18,21)",C14H21N5O2,293.185174976,0.03509999999999974,4.05,3.17,18.7,-120.0,2.7181953805364714,1,HIGHDIVERSITY_CONCAT,HsDHODH_HighDiv,5,5,116.63999999999999,7,14,2,5,0.6666666666666666,0.09523809523809523,0.23809523809523808,0.5,0.0,21,2,1,1,1,1,0,0,0
CO[C@@H](CCN)C(=O)C1=CC(O)=C(Br)C=C1,12/000000156,"InChI=1S/C11H14BrNO3/c1-16-10(4-5-13)11(15)7-2-3-8(12)9(14)6-7/h2-3,6,10,14H,4-5,13H2,1H3/t10-/m0/s1",C11H14NO3Br,287.015705408,1.7011999999999996,4.05,3.11,2.22,-170.0,3.026502709058388,1,HIGHDIVERSITY_CONCAT,HsDHODH_HighDiv,4,2,72.55,5,11,3,1,0.6875,0.1875,0.0625,0.36363636363636365,0.09090909090909091,16,1,0,1,0,0,0,0,0
C=C(CCC(=O)O)C(=O)C1=CC(N=O)=C(Br)C=C1O,12/000001060,"InChI=1S/C12H10BrNO5/c1-6(2-3-11(16)17)12(18)7-4-9(14-19)8(13)5-10(7)15/h4-5,15H,1-3H2,(H,16,17)",C12H10NO5Br,326.97423452,3.156300000000001,4.05,4.4,2.35,-20.0,3.115527712755286,1,HIGHDIVERSITY_CONCAT,HsDHODH_HighDiv,5,2,104.02999999999999,6,12,5,1,0.631578947368421,0.2631578947368421,0.05263157894736842,0.16666666666666666,0.0,19,1,0,1,0,0,0,0,0
C=CC(=O)C1=CC(N2C=NN=C2S)=C(Br)C=C1O,12/000000173,"InChI=1S/C11H8BrN3O2S/c1-2-9(16)6-3-8(7(12)4-10(6)17)15-5-13-14-11(15)18/h2-5,17H,1H2,(H,14,18)",C11H8N3O2SBr,324.95205959599997,2.3928000000000007,4.05,5.49,20.0,-120.0,3.2736028671222126,1,HIGHDIVERSITY_CONCAT,HsDHODH_HighDiv,6,2,68.01,3,11,2,3,0.6111111111111112,0.1111111111111111,0.16666666666666666,0.0,0.0,18,2,0,2,1,0,1,0,0
NOCC1=CC=C(C2=CC(=O)C=C(CNCCCl)C2=O)C=C1,10/000000176,"InChI=1S/C16H17ClN2O3/c17-5-6-19-9-13-7-14(20)8-15(16(13)21)12-3-1-11(2-4-12)10-22-18/h1-4,7-8,19H,5-6,9-10,18H2",C16H17N2O3Cl,320.092770084,1.3668999999999998,4.05,2.89,3.58,-200.0,2.9023662852264582,1,HIGHDIVERSITY_CONCAT,HsDHODH_HighDiv,5,2,81.41999999999999,7,16,3,2,0.7272727272727273,0.13636363636363635,0.09090909090909091,0.25,0.0,22,2,1,1,0,0,0,0,0
O=C1NCCN1C1=CC(O)=CC(I)=C1,28/000000001,"InChI=1S/C9H9IN2O2/c10-6-3-7(5-8(13)4-6)12-2-1-11-9(12)14/h3-5,13H,1-2H2,(H,11,14)",C9H9N2O2I,303.970875528,1.5264,4.05,1.09,12.5,-120.0,2.7319918282956888,1,HIGHDIVERSITY_CONCAT,HsDHODH_HighDiv,2,2,52.57000000000001,1,9,2,2,0.6428571428571429,0.14285714285714285,0.14285714285714285,0.2222222222222222,0.0,14,2,1,1,1,1,0,0,0
C=C(C/C=C/CCC1=C(CO)N=C(C(=O)O)O1)NC,3/000000285,"InChI=1S/C13H18N2O4/c1-9(14-2)6-4-3-5-7-11-10(8-16)15-12(19-11)13(17)18/h3-4,14,16H,1,5-8H2,2H3,(H,17,18)/b4-3+",C13H18N2O4,266.126657056,1.4770999999999999,4.05,2.54,3.85,-110.0,3.677073499737535,1,HIGHDIVERSITY_CONCAT,HsDHODH_HighDiv,5,3,95.59,8,13,4,2,0.6842105263157895,0.21052631578947367,0.10526315789473684,0.38461538461538464,0.0,19,1,0,1,1,0,1,0,0
COC(=O)C#CCNC(=O)C1=CC(S)=C(I)C=C1,5/000000015,"InChI=1S/C12H10INO3S/c1-17-11(15)3-2-6-14-12(16)8-4-5-9(13)10(18)7-8/h4-5,7,18H,6H2,1H3,(H,14,16)",C12H10NO3SI,374.94261218,1.4860999999999998,4.05,0.1,2.35,-60.0,3.095657184233673,1,HIGHDIVERSITY_CONCAT,HsDHODH_HighDiv,4,2,55.4,2,12,3,1,0.6666666666666666,0.16666666666666666,0.05555555555555555,0.16666666666666666,0.0,18,1,0,1,0,0,0,0,0
CCOC(=O)C/C=C/CCC1=C(CO)N=C(C(=O)O)O1,3/000000260,"InChI=1S/C13H17NO6/c1-2-19-11(16)7-5-3-4-6-10-9(8-15)14-12(20-10)13(17)18/h3,5,15H,2,4,6-8H2,1H3,(H,17,18)/b5-3+",C13H17NO6,283.105587264,1.3071000000000002,4.05,1.94,3.85,-170.0,3.1717784527340953,1,HIGHDIVERSITY_CONCAT,HsDHODH_HighDiv,6,2,109.86000000000001,8,13,6,1,0.65,0.3,0.05,0.46153846153846156,0.0,20,1,0,1,1,0,1,0,0
C#CC1=CC=C(SCC(=O)C2=NN=C(CCC(=O)O)N2)C=C1,14/000000009,"InChI=1S/C15H13N3O3S/c1-2-10-3-5-11(6-4-10)22-9-12(19)15-16-13(17-18-15)7-8-14(20)21/h1,3-6H,7-9H2,(H,20,21)(H,16,17,18)",C15H13N3O3S,315.06776227600005,1.7782,4.05,3.0,3.72,0.0,2.9955799328691395,1,HIGHDIVERSITY_CONCAT,HsDHODH_HighDiv,5,2,95.94,7,15,3,3,0.6818181818181818,0.13636363636363635,0.13636363636363635,0.2,0.0,22,2,0,2,1,0,1,0,0
O=C1NCCN1C1=CC(CCN2N=CNC2=O)=CC(O)=C1,28/000000022,"InChI=1S/C13H15N5O3/c19-11-6-9(1-3-18-13(21)15-8-16-18)5-10(7-11)17-4-2-14-12(17)20/h5-8,19H,1-4H2,(H,14,20)(H,15,16,21)",C13H15N5O3,289.11748934,0.049299999999999566,4.05,1.96,20.7,-120.0,3.0853728512014005,1,HIGHDIVERSITY_CONCAT,HsDHODH_HighDiv,5,3,103.25000000000001,4,13,3,5,0.6190476190476191,0.14285714285714285,0.23809523809523808,0.3076923076923077,0.0,21,3,1,2,2,1,1,0,0
CNCC1=NN=C(C2=NON=C2C(=O)O)N1,8/000000005,"InChI=1S/C7H8N6O3/c1-8-2-3-9-6(11-10-3)4-5(7(14)15)13-16-12-4/h8H,2H2,1H3,(H,14,15)(H,9,10,11)",C7H8N6O3,224.065788116,-0.7277000000000002,4.05,1.31,23.1,-140.0,3.404991552271409,1,HIGHDIVERSITY_CONCAT,HsDHODH_HighDiv,7,3,129.82000000000002,4,7,3,6,0.4375,0.1875,0.375,0.2857142857142857,0.0,16,2,0,2,2,0,2,0,0
O=C(O)C1=NC(C(=O)O)=C(CBr)O1,3/000000002,"InChI=1S/C6H4BrNO5/c7-1-2-3(5(9)10)8-4(13-2)6(11)12/h1H2,(H,9,10)(H,11,12)",C6H4NO5Br,248.927284328,0.9659,4.05,2.89,17.3,0.0,3.1657827364341653,1,HIGHDIVERSITY_CONCAT,HsDHODH_HighDiv,4,2,100.63,3,6,5,1,0.46153846153846156,0.38461538461538464,0.07692307692307693,0.16666666666666666,0.0,13,1,0,1,1,0,1,0,0
CC#CCCCCOCC1=C(S)C(O)=CC(NC(N)=S)=C1,29/000000055,"InChI=1S/C15H20N2O2S2/c1-2-3-4-5-6-7-19-10-11-8-12(17-15(16)21)9-13(18)14(11)20/h8-9,18,20H,4-7,10H2,1H3,(H3,16,17,21)",C15H20N2O2S2,324.09661988000005,3.0466000000000006,4.04,1.25,22.0,-90.0,3.209146007700074,1,HIGHDIVERSITY_CONCAT,HsDHODH_HighDiv,4,4,67.51,7,15,2,2,0.7142857142857143,0.09523809523809523,0.09523809523809523,0.4,0.0,21,1,0,1,0,0,0,0,0
CC/C=C/CC1=NOC(C2=CC(O)=C(F)C=C2O)=N1,6/000000031,"InChI=1S/C13H13FN2O3/c1-2-3-4-5-12-15-13(19-16-12)8-6-11(18)9(14)7-10(8)17/h3-4,6-7,17-18H,2,5H2,1H3/b4-3+",C13H13N2O3F,264.091020496,2.7956000000000016,4.04,2.97,20.3,-160.0,2.995220206224081,1,HIGHDIVERSITY_CONCAT,HsDHODH_HighDiv,5,2,79.38000000000001,4,13,3,2,0.6842105263157895,0.15789473684210525,0.10526315789473684,0.23076923076923078,0.0,19,2,0,2,1,0,1,0,0
O=C1C=C(CS)C(=O)C(C2=CC(C(=O)OCF)=CN2)=C1,10/000000127,"InChI=1S/C13H10FNO4S/c14-6-19-13(18)7-2-11(15-4-7)10-3-9(16)1-8(5-20)12(10)17/h1-4,15,20H,5-6H2",C13H10NO4SF,295.03145702000006,1.4898999999999998,4.04,3.37,5.09,-120.0,3.6697943967900386,1,HIGHDIVERSITY_CONCAT,HsDHODH_HighDiv,5,2,76.22999999999999,4,13,4,1,0.65,0.2,0.05,0.15384615384615385,0.0,20,2,1,1,1,0,1,0,0
C=CC1=NN=C([C@H](S)/C=C/C2=NC(CCl)=NN2CC)N1,8/000000021,"InChI=1S/C12H15ClN6S/c1-3-9-15-12(17-16-9)8(20)5-6-11-14-10(7-13)18-19(11)4-2/h3,5-6,8,20H,1,4,7H2,2H3,(H,15,16,17)/b6-5+/t8-/m1/s1",C12H15N6SCl,310.07674316000004,2.4821999999999997,4.04,2.18,4.94,-170.0,4.710010075102005,1,HIGHDIVERSITY_CONCAT,HsDHODH_HighDiv,6,2,72.28,6,12,0,6,0.6,0.0,0.3,0.3333333333333333,0.08333333333333333,20,2,0,2,2,0,2,0,0
C=CC#C[C@@H](NO)C1=NC=C(C(=O)O)N1,3/000000331,"InChI=1S/C9H9N3O3/c1-2-3-4-6(12-15)8-10-5-7(11-8)9(13)14/h2,5-6,12,15H,1H2,(H,10,11)(H,13,14)/t6-/m1/s1",C9H9N3O3,207.064391148,0.3172,4.04,1.66,19.7,-150.0,4.339186658766428,1,HIGHDIVERSITY_CONCAT,HsDHODH_HighDiv,4,4,98.24000000000001,3,9,3,3,0.6,0.2,0.2,0.1111111111111111,0.1111111111111111,15,1,0,1,1,0,1,0,0
NC(=O)C1=NOC(C2=CC(O)=CC(Br)=C2)=C1,10/000000006,"InChI=1S/C10H7BrN2O3/c11-6-1-5(2-7(14)3-6)9-4-8(10(12)15)13-16-9/h1-4,14H,(H2,12,15)",C10H7N2O3Br,281.96400418400003,1.9085999999999996,4.04,0.93,2.22,-180.0,2.475998475348332,1,HIGHDIVERSITY_CONCAT,HsDHODH_HighDiv,4,2,89.35000000000001,2,10,3,2,0.625,0.1875,0.125,0.0,0.0,16,2,0,2,1,0,1,0,0
OC[C@@H](O)C1=CC(O)=CC(CNNCCl)=C1,8/000000011,"InChI=1S/C10H15ClN2O3/c11-6-13-12-4-7-1-8(10(16)5-14)3-9(15)2-7/h1-3,10,12-16H,4-6H2/t10-/m1/s1",C10H15N2O3Cl,246.07712002,0.2083999999999998,4.04,4.79,12.9,-150.0,3.525509238575383,1,HIGHDIVERSITY_CONCAT,HsDHODH_HighDiv,5,5,84.75,6,10,3,2,0.625,0.1875,0.125,0.4,0.1,16,1,0,1,0,0,0,0,0
O=C(O)CSCCC1=CC(O)=CC(N2CCNC2=O)=C1,28/000000302,"InChI=1S/C13H16N2O4S/c16-11-6-9(1-4-20-8-12(17)18)5-10(7-11)15-3-2-14-13(15)19/h5-7,16H,1-4,8H2,(H,14,19)(H,17,18)",C13H16N2O4S,296.08307799199997,1.2821,4.04,2.27,19.1,-140.0,2.651992443743086,1,HIGHDIVERSITY_CONCAT,HsDHODH_HighDiv,4,3,89.87,6,13,4,2,0.65,0.2,0.1,0.38461538461538464,0.0,20,2,1,1,1,1,0,0,0
O=C(O)CC1=NNC(C2=NC=C(C(=O)CO)C=C2I)=N1,4/000000011,"InChI=1S/C11H9IN4O4/c12-6-1-5(7(18)4-17)3-13-10(6)11-14-8(15-16-11)2-9(19)20/h1,3,17H,2,4H2,(H,19,20)(H,14,15,16)",C11H9N4O4I,387.966852768,0.2733999999999997,4.04,7.93,22.0,-120.0,3.1697997114753527,1,HIGHDIVERSITY_CONCAT,HsDHODH_HighDiv,6,3,129.06,5,11,4,4,0.55,0.2,0.2,0.18181818181818182,0.0,20,2,0,2,2,0,2,0,0
COCCOC(=O)/C=C/C1=C(Br)C(ON)=CC(C(=O)O)=C1,12/000000221,"InChI=1S/C13H14BrNO6/c1-19-4-5-20-11(16)3-2-8-6-9(13(17)18)7-10(21-15)12(8)14/h2-3,6-7H,4-5,15H2,1H3,(H,17,18)/b3-2+",C13H14NO6Br,359.00044926799995,1.6026000000000002,4.04,4.87,3.87,-50.0,2.7744290455333847,1,HIGHDIVERSITY_CONCAT,HsDHODH_HighDiv,6,2,108.08,7,13,6,1,0.6190476190476191,0.2857142857142857,0.047619047619047616,0.23076923076923078,0.0,21,1,0,1,0,0,0,0,0
O=C(NCC1=NN=CNC1)C1=CC=C(I)C(Br)=C1,5/000000074,"InChI=1S/C11H10BrIN4O/c12-9-3-7(1-2-10(9)13)11(18)15-5-8-4-14-6-16-17-8/h1-3,6H,4-5H2,(H,14,16)(H,15,18)",C11H10N4OBrI,419.90827104,1.771,4.04,1.76,2.22,-20.0,3.40226338979282,1,HIGHDIVERSITY_CONCAT,HsDHODH_HighDiv,4,2,65.85,3,11,1,4,0.6111111111111112,0.05555555555555555,0.2222222222222222,0.18181818181818182,0.0,18,2,1,1,1,1,0,0,0
CC1=C(C(=O)NCC#CC(=O)O)C=C(S)C(I)=C1,5/000000042,"InChI=1S/C12H10INO3S/c1-7-5-9(13)10(18)6-8(7)12(17)14-4-2-3-11(15)16/h5-6,18H,4H2,1H3,(H,14,17)(H,15,16)",C12H9NO3SI,374.94261218,1.70612,4.04,2.56,3.72,-40.0,3.204513502914992,1,HIGHDIVERSITY_CONCAT,HsDHODH_HighDiv,3,3,66.4,2,12,3,1,0.6666666666666666,0.16666666666666666,0.05555555555555555,0.16666666666666666,0.0,18,1,0,1,0,0,0,0,0
C/C=C/C#CCNC(=O)C1=CC(S)=C(I)C=C1C(=O)O,5/000000090,"InChI=1S/C14H12INO3S/c1-2-3-4-5-6-16-13(17)9-8-12(20)11(15)7-10(9)14(18)19/h2-3,7-8,20H,6H2,1H3,(H,16,17)(H,18,19)/b3-2+",C14H12NO3SI,400.9582622439999,2.5873999999999997,4.04,3.81,2.22,-80.0,3.401577333852976,1,HIGHDIVERSITY_CONCAT,HsDHODH_HighDiv,3,3,66.4,3,14,3,1,0.7,0.15,0.05,0.14285714285714285,0.0,20,1,0,1,0,0,0,0,0
C=CCC(=C)C1=CC(O)=C(SC[C@H](O)CO)C=C1,14/000000008,"InChI=1S/C14H18O3S/c1-3-4-10(2)11-5-6-14(13(17)7-11)18-9-12(16)8-15/h3,5-7,12,15-17H,1-2,4,8-9H2/t12-/m1/s1",C14H18O3S,266.097665436,2.4268,4.04,6.53,3.58,-150.0,3.5099078218720265,1,HIGHDIVERSITY_CONCAT,HsDHODH_HighDiv,4,3,60.69,7,14,3,0,0.7777777777777778,0.16666666666666666,0.0,0.2857142857142857,0.07142857142857142,18,1,0,1,0,0,0,0,0
O=C(O)[C@@H](O)CCSC1=CC=C(CO)C(O)=C1,14/000000011,"InChI=1S/C11H14O5S/c12-6-7-1-2-8(5-10(7)14)17-4-3-9(13)11(15)16/h1-2,5,9,12-14H,3-4,6H2,(H,15,16)/t9-/m0/s1",C11H14O5S,258.056194548,0.8121999999999998,4.04,4.58,3.58,-150.0,3.0276037664722892,1,HIGHDIVERSITY_CONCAT,HsDHODH_HighDiv,5,4,97.99000000000001,6,11,5,0,0.6470588235294118,0.29411764705882354,0.0,0.36363636363636365,0.09090909090909091,17,1,0,1,0,0,0,0,0
CC/C(=C\CC(=O)O)C(=O)C1=CC(N=O)=C(Br)C=C1O,12/000001022,"InChI=1S/C13H12BrNO5/c1-2-7(3-4-12(17)18)13(19)8-5-10(15-20)9(14)6-11(8)16/h3,5-6,16H,2,4H2,1H3,(H,17,18)/b7-3+",C13H12NO5Br,340.989884584,3.5464000000000024,4.04,4.21,3.7,-60.0,3.353116375942962,1,HIGHDIVERSITY_CONCAT,HsDHODH_HighDiv,5,2,104.02999999999999,6,13,5,1,0.65,0.25,0.05,0.23076923076923078,0.0,20,1,0,1,0,0,0,0,0
NC[C@H](O)CC(=O)C1=CC(S)=C(Br)C(N=O)=C1,12/000000099,"InChI=1S/C10H11BrN2O3S/c11-10-7(13-16)1-5(2-9(10)17)8(15)3-6(14)4-12/h1-2,6,14,17H,3-4,12H2/t6-/m1/s1",C10H11N2O3SBr,317.967375312,2.0280999999999993,4.04,3.68,2.35,-170.0,3.896098883529146,1,HIGHDIVERSITY_CONCAT,HsDHODH_HighDiv,6,3,92.75,5,10,3,2,0.5882352941176471,0.17647058823529413,0.11764705882352941,0.3,0.1,17,1,0,1,0,0,0,0,0
CSC1=CC(C#CCC(=O)OCCCCO)=CC(O)=C1,23/000000005,"InChI=1S/C15H18O4S/c1-20-14-10-12(9-13(17)11-14)5-4-6-15(18)19-8-3-2-7-16/h9-11,16-17H,2-3,6-8H2,1H3",C15H18O4S,294.092580056,2.1714,4.04,-1.86,18.9,-40.0,2.904929531655174,1,HIGHDIVERSITY_CONCAT,HsDHODH_HighDiv,5,2,66.76,6,15,4,0,0.75,0.2,0.0,0.4,0.0,20,1,0,1,0,0,0,0,0
CC(=O)C#CCNC(=O)C1=CC(S)=C(I)C=C1S,5/000000078,"InChI=1S/C12H10INO2S2/c1-7(15)3-2-4-14-12(16)8-5-11(18)9(13)6-10(8)17/h5-6,17-18H,4H2,1H3,(H,14,16)",C12H10NO2S2I,390.91976856,2.1908000000000007,4.04,2.77,3.85,-40.0,3.715947156761146,1,HIGHDIVERSITY_CONCAT,HsDHODH_HighDiv,4,3,46.17,2,12,2,1,0.6666666666666666,0.1111111111111111,0.05555555555555555,0.16666666666666666,0.0,18,1,0,1,0,0,0,0,0
C=C(CNCS(N)(=O)=O)C(=O)C1=CC(N=O)=C(Br)C=C1O,12/000001021,"InChI=1S/C11H12BrN3O5S/c1-6(4-14-5-21(13,19)20)11(17)7-2-9(15-18)8(12)3-10(7)16/h2-3,14,16H,1,4-5H2,(H2,13,19,20)/p+1",C11H13N3O5SBr,376.96810358399995,1.1271000000000004,4.04,1.32,3.7,-70.0,4.177894809243359,1,HIGHDIVERSITY_CONCAT,HsDHODH_HighDiv,7,3,138.92,7,11,5,3,0.5238095238095238,0.23809523809523808,0.14285714285714285,0.18181818181818182,0.0,21,1,0,1,0,0,0,0,0
C=C(CCC)C1=NOC(C2=CC(O)=C(F)C=C2O)=N1,6/000000044,"InChI=1S/C13H13FN2O3/c1-3-4-7(2)12-15-13(19-16-12)8-5-11(18)9(14)6-10(8)17/h5-6,17-18H,2-4H2,1H3",C13H13N2O3F,264.091020496,3.1002000000000014,4.04,2.38,20.3,-180.0,3.052505452400257,1,HIGHDIVERSITY_CONCAT,HsDHODH_HighDiv,5,2,79.38000000000001,4,13,3,2,0.6842105263157895,0.15789473684210525,0.10526315789473684,0.23076923076923078,0.0,19,2,0,2,1,0,1,0,0
O=S(=O)(O)C/C=C/C1=C(F)C(CNCO)=CC=C1Br,20/000000006,"InChI=1S/C11H13BrFNO4S/c12-10-4-3-8(6-14-7-15)11(13)9(10)2-1-5-19(16,17)18/h1-4,14-15H,5-7H2,(H,16,17,18)/b2-1+",C11H13NO4SFBr,352.97326921600006,1.5286,4.04,7.65,5.09,0.0,3.2910055046104905,1,HIGHDIVERSITY_CONCAT,HsDHODH_HighDiv,4,3,86.63000000000001,6,11,4,1,0.5789473684210527,0.21052631578947367,0.05263157894736842,0.2727272727272727,0.0,19,1,0,1,0,0,0,0,0
CC(=O)[C@H](C#CC1=CC(CCN)=CC(O)=C1)/C=C/CON,23/000000213,"InChI=1S/C16H20N2O3/c1-12(19)15(3-2-8-21-18)5-4-13-9-14(6-7-17)11-16(20)10-13/h2-3,9-11,15,20H,6-8,17-18H2,1H3/b3-2+/t15-/m0/s1",C16H20N2O3,288.1473925,0.8966000000000001,4.04,3.96,19.6,-200.0,3.9484432430756655,1,HIGHDIVERSITY_CONCAT,HsDHODH_HighDiv,5,3,98.57000000000001,6,16,3,2,0.7619047619047619,0.14285714285714285,0.09523809523809523,0.3125,0.0625,21,1,0,1,0,0,0,0,0
NCC1=NN=C(C2=C(Br)C=C(S)C(S)=C2)O1,29/000000005,"InChI=1S/C9H8BrN3OS2/c10-5-2-7(16)6(15)1-4(5)9-13-12-8(3-11)14-9/h1-2,15-16H,3,11H2",C9H8N3OS2Br,316.92921597599997,2.5352000000000006,4.03,5.47,19.9,-121.0,3.3103110627609205,1,HIGHDIVERSITY_CONCAT,HsDHODH_HighDiv,6,3,64.94,2,9,1,3,0.5625,0.0625,0.1875,0.1111111111111111,0.0,16,2,0,2,1,0,1,0,0
O=C(O)CCCCNC(=O)C1=CC=C(I)C(CS)=C1,5/000000086,"InChI=1S/C13H16INO3S/c14-11-5-4-9(7-10(11)8-19)13(18)15-6-2-1-3-12(16)17/h4-5,7,19H,1-3,6,8H2,(H,15,18)(H,16,17)",C13H16NO3SI,392.989562372,2.705700000000001,4.03,1.31,3.85,-20.0,2.3306282334653456,1,HIGHDIVERSITY_CONCAT,HsDHODH_HighDiv,3,3,66.4,7,13,3,1,0.6842105263157895,0.15789473684210525,0.05263157894736842,0.38461538461538464,0.0,19,1,0,1,0,0,0,0,0
CSCCOCC1=CC(O)=CC(N2CCNC2=O)=C1,28/000000235,"InChI=1S/C13H18N2O3S/c1-19-5-4-18-9-10-6-11(8-12(16)7-10)15-3-2-14-13(15)17/h6-8,16H,2-5,9H2,1H3,(H,14,17)",C13H18N2O3S,282.103813436,1.8013999999999997,4.03,0.87,16.9,-140.0,2.659605353780927,1,HIGHDIVERSITY_CONCAT,HsDHODH_HighDiv,4,2,61.800000000000004,6,13,3,2,0.6842105263157895,0.15789473684210525,0.10526315789473684,0.46153846153846156,0.0,19,2,1,1,1,1,0,0,0
C=CC1=C(O)C=C(N2CCNC2=O)C=C1,28/000000344,"InChI=1S/C11H12N2O2/c1-2-8-3-4-9(7-10(8)14)13-6-5-12-11(13)15/h2-4,7,14H,1,5-6H2,(H,12,15)",C11H12N2O2,204.089877624,1.5648,4.03,3.77,13.0,-120.0,2.6020990528698515,1,HIGHDIVERSITY_CONCAT,HsDHODH_HighDiv,2,2,52.57,2,11,2,2,0.7333333333333333,0.13333333333333333,0.13333333333333333,0.18181818181818182,0.0,15,2,1,1,1,1,0,0,0
O=C(O)C1=NC(CO)=C(CC/C=C/C2=CNCS2)O1,3/000000283,"InChI=1S/C12H14N2O4S/c15-6-9-10(18-11(14-9)12(16)17)4-2-1-3-8-5-13-7-19-8/h1,3,5,13,15H,2,4,6-7H2,(H,16,17)/b3-1+",C12H14N2O4S,282.067427928,1.4891999999999999,4.03,3.19,3.85,0.0,4.135636123011697,1,HIGHDIVERSITY_CONCAT,HsDHODH_HighDiv,6,3,95.59,6,12,4,2,0.631578947368421,0.21052631578947367,0.10526315789473684,0.3333333333333333,0.0,19,2,1,1,2,1,1,0,0
NC(=S)NC1=CC(O)=C(S)C(CC(=O)O)=C1,29/000000009,"InChI=1S/C9H10N2O3S2/c10-9(16)11-5-1-4(2-7(13)14)8(15)6(12)3-5/h1,3,12,15H,2H2,(H,13,14)(H3,10,11,16)",C9H10N2O3S2,258.01328418,0.9635,4.03,2.29,17.8,-40.0,2.9625671566670135,1,HIGHDIVERSITY_CONCAT,HsDHODH_HighDiv,4,5,95.58,3,9,3,2,0.5625,0.1875,0.125,0.1111111111111111,0.0,16,1,0,1,0,0,0,0,0
CC(=C\N)/C=C(\CON)C(=O)C1=CC(N=O)=C(Br)C=C1O,12/000000491,"InChI=1S/C13H14BrN3O4/c1-7(5-15)2-8(6-21-16)13(19)9-3-11(17-20)10(14)4-12(9)18/h2-5,18H,6,15-16H2,1H3/b7-5+,8-2+",C13H14N3O4Br,355.016768028,2.4145,4.03,4.49,5.21,-90.0,3.926008455597004,1,HIGHDIVERSITY_CONCAT,HsDHODH_HighDiv,7,3,128.0,6,13,4,3,0.6190476190476191,0.19047619047619047,0.14285714285714285,0.15384615384615385,0.0,21,1,0,1,0,0,0,0,0
NNCC1=CC(F)=C(/C=C/[C@H]2COC2=O)C(Br)=C1,20/000000026,"InChI=1S/C12H12BrFN2O2/c13-10-3-7(5-16-15)4-11(14)9(10)2-1-8-6-18-12(8)17/h1-4,8,16H,5-6,15H2/b2-1+/t8-/m0/s1",C12H12N2O2FBr,314.006617944,1.7377,4.03,6.25,3.72,-150.0,3.766575727680504,1,HIGHDIVERSITY_CONCAT,HsDHODH_HighDiv,4,2,64.35,4,12,2,2,0.6666666666666666,0.1111111111111111,0.1111111111111111,0.25,0.08333333333333333,18,2,1,1,1,1,0,0,0
C#C[C@H](/C=C/C(N)=O)C1=CC2=C(C=C(O)C(SS)=C2)N1,20/000000052,"InChI=1S/C14H12N2O2S2/c1-2-8(3-4-14(15)18)10-5-9-6-13(20-19)12(17)7-11(9)16-10/h1,3-8,16-17,19H,(H2,15,18)/b4-3+/t8-/m1/s1",C14H12N2O2S2,304.034019624,2.5687000000000006,4.03,1.23,23.6,-190.0,4.366418306870237,1,HIGHDIVERSITY_CONCAT,HsDHODH_HighDiv,4,4,79.11000000000001,4,14,2,2,0.7,0.1,0.1,0.07142857142857142,0.07142857142857142,20,2,0,2,1,0,1,0,0
C=C(CNCCNN)C(=O)C1=CC(N=O)=C(Br)C=C1O,12/000000560,"InChI=1S/C12H15BrN4O3/c1-7(6-15-2-3-16-14)12(19)8-4-10(17-20)9(13)5-11(8)18/h4-5,15-16,18H,1-3,6,14H2",C12H15N4O3Br,342.03275243999997,1.3443999999999998,4.03,3.31,3.7,-40.0,3.5655491287247703,1,HIGHDIVERSITY_CONCAT,HsDHODH_HighDiv,7,4,116.81000000000002,8,12,3,4,0.6,0.15,0.2,0.25,0.0,20,1,0,1,0,0,0,0,0
O=NC1=CC(C(=O)[C@@H](F)CCO)=CC(O)=C1Br,12/000000950,"InChI=1S/C10H9BrFNO4/c11-9-7(13-17)3-5(4-8(9)15)10(16)6(12)1-2-14/h3-4,6,14-15H,1-2H2/t6-/m0/s1",C10H9NO4FBr,304.96989808800004,2.4558000000000013,4.03,3.97,2.35,-190.0,3.7776588835291465,1,HIGHDIVERSITY_CONCAT,HsDHODH_HighDiv,5,2,86.96000000000001,5,10,4,1,0.5882352941176471,0.23529411764705882,0.058823529411764705,0.3,0.1,17,1,0,1,0,0,0,0,0
O=NC(=O)C1=CC(CO)=C(Br)C(C[C@@H](Cl)CC(=O)O)=C1,12/000000845,"InChI=1S/C12H11BrClNO5/c13-11-6(3-9(14)4-10(17)18)1-7(12(19)15-20)2-8(11)5-16/h1-2,9,16H,3-5H2,(H,17,18)/t9-/m1/s1",C12H11NO5ClBr,362.950912232,2.4726,4.03,5.97,20.4,-150.0,3.5296258329290833,1,HIGHDIVERSITY_CONCAT,HsDHODH_HighDiv,4,2,104.03000000000002,6,12,5,1,0.6,0.25,0.05,0.3333333333333333,0.08333333333333333,20,1,0,1,0,0,0,0,0
CC[C@@H](/C=C/C1=CN=C(CO)C(C=S)=C1)CON,7/000000025,"InChI=1S/C13H18N2O2S/c1-2-10(8-17-14)3-4-11-5-12(9-18)13(7-16)15-6-11/h3-6,9-10,16H,2,7-8,14H2,1H3/b4-3+/t10-/m0/s1",C13H18N2O2S,266.108898816,1.8514,4.03,5.12,3.58,-170.0,4.179894496911274,1,HIGHDIVERSITY_CONCAT,HsDHODH_HighDiv,5,2,68.37,7,13,2,2,0.7222222222222222,0.1111111111111111,0.1111111111111111,0.38461538461538464,0.07692307692307693,18,1,0,1,1,0,1,0,0
NCC1=CC(C(=O)N=O)=CC(COCC[C@H](N)CO)=C1Br,12/000000847,"InChI=1S/C13H18BrN3O4/c14-12-9(5-15)3-8(13(19)17-20)4-10(12)7-21-2-1-11(16)6-18/h3-4,11,18H,1-2,5-7,15-16H2/t11-/m0/s1",C13H18N3O4Br,359.04806815600006,1.0407,4.03,6.65,19.9,-180.0,3.557511873537764,1,HIGHDIVERSITY_CONCAT,HsDHODH_HighDiv,6,3,128.0,8,13,4,3,0.6190476190476191,0.19047619047619047,0.14285714285714285,0.46153846153846156,0.07692307692307693,21,1,0,1,0,0,0,0,0
NC(=S)C/C=C/C[C@H](S)C1=CC(C(=O)N=O)=CC=C1Br,12/000000059,"InChI=1S/C13H13BrN2O2S2/c14-10-6-5-8(13(17)16-18)7-9(10)11(19)3-1-2-4-12(15)20/h1-2,5-7,11,19H,3-4H2,(H2,15,20)/b2-1+/t11-/m0/s1",C13H13N2O2S2Br,371.960181756,3.9491000000000014,4.03,4.64,5.39,-150.0,3.972054763746693,1,HIGHDIVERSITY_CONCAT,HsDHODH_HighDiv,4,2,72.52000000000001,6,13,2,2,0.65,0.1,0.1,0.23076923076923078,0.07692307692307693,20,1,0,1,0,0,0,0,0
NCOC/C=C(\N)C(=O)C1=CC(Cl)=C(Br)C(O)=C1,12/000000594,"InChI=1S/C11H12BrClN2O3/c12-10-7(13)3-6(4-9(10)16)11(17)8(15)1-2-18-5-14/h1,3-4,16H,2,5,14-15H2/b8-1-",C11H12N2O3ClBr,333.97198202399994,1.7662000000000002,4.03,3.53,2.48,-40.0,3.446278887530376,1,HIGHDIVERSITY_CONCAT,HsDHODH_HighDiv,5,3,98.57000000000001,5,11,3,2,0.6111111111111112,0.16666666666666666,0.1111111111111111,0.18181818181818182,0.0,18,1,0,1,0,0,0,0,0
O=C(O)C1=C(Cl)N=C(C2=COCCC2)N1,2/000000001,"InChI=1S/C9H9ClN2O3/c10-7-6(9(13)14)11-8(12-7)5-2-1-3-15-4-5/h4H,1-3H2,(H,11,12)(H,13,14)",C9H9N2O3Cl,228.030169828,1.9125999999999999,4.02,0.98,18.5,-160.0,3.4159825693533667,1,HIGHDIVERSITY_CONCAT,HsDHODH_HighDiv,3,2,75.21000000000001,2,9,3,2,0.6,0.2,0.13333333333333333,0.3333333333333333,0.0,15,2,1,1,2,1,1,0,0
NCC1=C(C/C=C/CCSCBr)OC(C(=O)O)=N1,3/000000078,"InChI=1S/C11H15BrN2O3S/c12-7-18-5-3-1-2-4-9-8(6-13)14-10(17-9)11(15)16/h1-2H,3-7,13H2,(H,15,16)/b2-1+",C11H15N2O3SBr,333.99867544,2.4059,4.02,3.7,3.85,-60.0,3.9023068106073,1,HIGHDIVERSITY_CONCAT,HsDHODH_HighDiv,5,2,89.35,8,11,3,2,0.6111111111111112,0.16666666666666666,0.1111111111111111,0.45454545454545453,0.0,18,1,0,1,1,0,1,0,0
CC[C@@H](S)C#CCC1=C(CN)N=C(C(=O)O)O1,3/000000050,"InChI=1S/C11H14N2O3S/c1-2-7(17)4-3-5-9-8(6-12)13-10(16-9)11(14)15/h7,17H,2,5-6,12H2,1H3,(H,14,15)/t7-/m1/s1",C11H14N2O3S,254.072513308,1.0858000000000003,4.02,6.41,21.9,-170.0,4.454738883529146,1,HIGHDIVERSITY_CONCAT,HsDHODH_HighDiv,5,3,89.35,4,11,3,2,0.6470588235294118,0.17647058823529413,0.11764705882352941,0.45454545454545453,0.09090909090909091,17,1,0,1,1,0,1,0,0
NCCC1=C(CCl)C=C(I)C(C2=NC(CC(=O)O)=NN2)=N1,4/000000294,"InChI=1S/C12H13ClIN5O2/c13-5-6-3-7(14)11(16-8(6)1-2-15)12-17-9(18-19-12)4-10(20)21/h3H,1-2,4-5,15H2,(H,20,21)(H,17,18,19)/p+1",C12H14N5O2ClI,420.98025033600004,1.3383999999999998,4.02,6.67,22.3,-120.0,3.9462627185754062,1,HIGHDIVERSITY_CONCAT,HsDHODH_HighDiv,5,3,117.77999999999999,6,12,2,5,0.5714285714285714,0.09523809523809523,0.23809523809523808,0.3333333333333333,0.0,21,2,0,2,2,0,2,0,0
NC(=O)C1=CN=C(C/C=C\[C@@H](Br)CO)C(I)=C1,4/000000296,"InChI=1S/C11H12BrIN2O2/c12-8(6-16)2-1-3-10-9(13)4-7(5-15-10)11(14)17/h1-2,4-5,8,16H,3,6H2,(H2,14,17)/b2-1-/t8-/m1/s1",C11H12N2O2BrI,409.912687724,1.6396,4.02,7.23,3.85,-150.0,3.865524836706403,1,HIGHDIVERSITY_CONCAT,HsDHODH_HighDiv,3,2,76.21000000000001,5,11,2,2,0.6470588235294118,0.11764705882352941,0.11764705882352941,0.2727272727272727,0.09090909090909091,17,1,0,1,1,0,1,0,0
CCCCOCC1=CC(O)=CC(N2CCNC2=O)=C1,28/000000112,"InChI=1S/C14H20N2O3/c1-2-3-6-19-10-11-7-12(9-13(17)8-11)16-5-4-15-14(16)18/h7-9,17H,2-6,10H2,1H3,(H,15,18)",C14H20N2O3,264.1473925,2.2385,4.02,2.56,15.0,-140.0,2.4218848409604163,1,HIGHDIVERSITY_CONCAT,HsDHODH_HighDiv,3,2,61.800000000000004,6,14,3,2,0.7368421052631579,0.15789473684210525,0.10526315789473684,0.5,0.0,19,2,1,1,1,1,0,0,0
C[C@H](Cl)/C=C/C1=C(/C=C/C2=NN=C(S)N2)C(=O)C1=O,1/000000001,"InChI=1S/C12H10ClN3O2S/c1-6(13)2-3-7-8(11(18)10(7)17)4-5-9-14-12(19)16-15-9/h2-6H,1H3,(H2,14,15,16,19)/b3-2+,5-4+/t6-/m0/s1",C12H10N3O2SCl,295.01822523999994,1.5003000000000002,4.02,3.36,3.58,-190.0,4.449807635745651,1,HIGHDIVERSITY_CONCAT,HsDHODH_HighDiv,5,2,75.71000000000001,4,12,2,3,0.631578947368421,0.10526315789473684,0.15789473684210525,0.16666666666666666,0.08333333333333333,19,2,0,2,1,0,1,0,0
O=C1NCCN1C1=CC(CO)=CC(O)=C1,28/000000040,"InChI=1S/C10H12N2O3/c13-6-7-3-8(5-9(14)4-7)12-2-1-11-10(12)15/h3-5,13-14H,1-2,6H2,(H,11,15)",C10H12N2O3,208.084792244,0.41409999999999997,4.02,1.59,12.6,-120.0,2.4647188330896306,1,HIGHDIVERSITY_CONCAT,HsDHODH_HighDiv,3,3,72.80000000000001,2,10,3,2,0.6666666666666666,0.2,0.13333333333333333,0.3,0.0,15,2,1,1,1,1,0,0,0
CNC/C(=C\CN)C(=O)C1=CC(N=O)=C(Br)C=C1O,12/000000479,"InChI=1S/C12H14BrN3O3/c1-15-6-7(2-3-14)12(18)8-4-10(16-19)9(13)5-11(8)17/h2,4-5,15,17H,3,6,14H2,1H3/p+2/b7-2+",C12H16N3O3Br,327.02185340799997,1.8397999999999999,4.02,4.03,2.35,-40.0,4.705857088320898,1,HIGHDIVERSITY_CONCAT,HsDHODH_HighDiv,6,3,104.77999999999999,6,12,3,3,0.631578947368421,0.15789473684210525,0.15789473684210525,0.25,0.0,19,1,0,1,0,0,0,0,0
C/C=C\CC[C@H](N)C#CC1=CC(O)=CC(O)=C1,23/000000162,"InChI=1S/C14H17NO2/c1-2-3-4-5-12(15)7-6-11-8-13(16)10-14(17)9-11/h2-3,8-10,12,16-17H,4-5,15H2,1H3/p+1/b3-2-/t12-/m0/s1",C14H18NO2,231.125928784,2.1328999999999994,4.02,0.29,14.8,-170.0,4.154032827882665,1,HIGHDIVERSITY_CONCAT,HsDHODH_HighDiv,3,3,66.48,3,14,2,1,0.8235294117647058,0.11764705882352941,0.058823529411764705,0.2857142857142857,0.07142857142857142,17,1,0,1,0,0,0,0,0
NCC1=CC=C([C@H](O)CS)C=C1I,12/000000293,"InChI=1S/C9H12INOS/c10-8-3-6(9(12)5-13)1-2-7(8)4-11/h1-3,9,12-13H,4-5,11H2/t9-/m1/s1",C9H12NOSI,308.96843300399996,1.7131,4.02,3.28,11.0,-150.0,3.313243919829283,1,HIGHDIVERSITY_CONCAT,HsDHODH_HighDiv,3,3,46.25,3,9,1,1,0.6923076923076923,0.07692307692307693,0.07692307692307693,0.3333333333333333,0.1111111111111111,13,1,0,1,0,0,0,0,0
CNCCNCCCC1=C(Br)C(N=O)=CC(C(=O)CO)=C1,12/000000446,"InChI=1S/C14H20BrN3O3/c1-16-5-6-17-4-2-3-10-7-11(13(20)9-19)8-12(18-21)14(10)15/h7-8,16-17,19H,2-6,9H2,1H3",C14H20N3O3Br,357.0688035999999,1.7635999999999996,4.02,4.13,3.58,-50.0,3.029465901599278,1,HIGHDIVERSITY_CONCAT,HsDHODH_HighDiv,6,3,90.79,10,14,3,3,0.6666666666666666,0.14285714285714285,0.14285714285714285,0.5,0.0,21,1,0,1,0,0,0,0,0
NC(=O)C1=CC=C(C#CCO)C(Cl)=C1Cl,19/000000002,"InChI=1S/C10H7Cl2NO2/c11-8-6(2-1-5-14)3-4-7(9(8)12)10(13)15/h3-4,14H,5H2,(H2,13,15)",C10H7NO2Cl2,242.985383824,1.4361,4.02,3.44,15.8,0.0,2.6570935034193006,1,HIGHDIVERSITY_CONCAT,HsDHODH_HighDiv,2,2,63.32000000000001,1,10,2,1,0.6666666666666666,0.13333333333333333,0.06666666666666667,0.1,0.0,15,1,0,1,0,0,0,0,0
NOC1=CC(C(=O)O)=CC(/C=C/CC(N)=O)=C1Br,12/000000181,"InChI=1S/C11H11BrN2O4/c12-10-6(2-1-3-9(13)15)4-7(11(16)17)5-8(10)18-14/h1-2,4-5H,3,14H2,(H2,13,15)(H,16,17)/b2-1+",C11H11N2O4Br,313.990218932,1.2884000000000002,4.02,5.35,17.7,0.0,3.1057904259919145,1,HIGHDIVERSITY_CONCAT,HsDHODH_HighDiv,4,3,115.63999999999999,5,11,4,2,0.6111111111111112,0.2222222222222222,0.1111111111111111,0.09090909090909091,0.0,18,1,0,1,0,0,0,0,0
O=NC1=C(Br)C=CC(C(=O)C2NCCCN2)=C1,12/000000013,"InChI=1S/C11H12BrN3O2/c12-8-3-2-7(6-9(8)15-17)10(16)11-13-4-1-5-14-11/h2-3,6,11,13-14H,1,4-5H2",C11H12N3O2Br,297.01128872400005,1.9386999999999999,4.02,3.6,3.85,-170.0,3.2916810049174803,1,HIGHDIVERSITY_CONCAT,HsDHODH_HighDiv,5,2,70.56,3,11,2,3,0.6470588235294118,0.11764705882352941,0.17647058823529413,0.36363636363636365,0.0,17,2,1,1,1,1,0,0,0
C=C(CNCC)C(=O)C1=CC(N=O)=C(Br)C(O)=C1,12/000000432,"InChI=1S/C12H13BrN2O3/c1-3-14-6-7(2)12(17)8-4-9(15-18)11(13)10(16)5-8/h4-5,14,16H,2-3,6H2,1H3",C12H13N2O3Br,312.01095437600003,2.9010000000000007,4.02,4.05,2.35,-60.0,3.3573952336842225,1,HIGHDIVERSITY_CONCAT,HsDHODH_HighDiv,5,2,78.76,6,12,3,2,0.6666666666666666,0.16666666666666666,0.1111111111111111,0.25,0.0,18,1,0,1,0,0,0,0,0
C[C@H](O)CCC1=C(Br)C(CN)=CC(C(=O)N=O)=C1,12/000000345,"InChI=1S/C12H15BrN2O3/c1-7(16)2-3-8-4-9(12(17)15-18)5-10(6-14)11(8)13/h4-5,7,16H,2-3,6,14H2,1H3/t7-/m0/s1",C12H15N2O3Br,314.02660444,2.1277999999999997,4.02,4.93,16.7,-170.0,3.409720419988198,1,HIGHDIVERSITY_CONCAT,HsDHODH_HighDiv,4,2,92.75,5,12,3,2,0.6666666666666666,0.16666666666666666,0.1111111111111111,0.4166666666666667,0.08333333333333333,18,1,0,1,0,0,0,0,0
O=C(O)/C(=C/[C@H]1CCNC1)CC1=NC=C(C(=O)[N+](=O)[O-])C=C1,7/000000037,"InChI=1S/C14H15N3O5/c18-13(17(21)22)10-1-2-12(16-8-10)6-11(14(19)20)5-9-3-4-15-7-9/h1-2,5,8-9,15H,3-4,6-7H2,(H,19,20)/b11-5+/t9-/m1/s1",C14H15N3O5,305.10117058000003,0.6615,4.02,6.68,22.0,-150.0,3.750746982961097,1,HIGHDIVERSITY_CONCAT,HsDHODH_HighDiv,6,2,122.43,5,14,5,3,0.6363636363636364,0.22727272727272727,0.13636363636363635,0.35714285714285715,0.07142857142857142,22,2,1,1,2,1,1,0,0
C/C=C/CC[C@@H](O)C1=CC=C(CCCN)C=C1,27/000000005,"InChI=1S/C15H23NO/c1-2-3-4-7-15(17)14-10-8-13(9-11-14)6-5-12-16/h2-3,8-11,15,17H,4-7,12,16H2,1H3/b3-2+/t15-/m1/s1",C15H23NO,233.177964356,2.9676,4.02,0.98,3.72,-190.0,2.725426383529145,1,HIGHDIVERSITY_CONCAT,HsDHODH_HighDiv,2,2,46.25,7,15,1,1,0.8823529411764706,0.058823529411764705,0.058823529411764705,0.4666666666666667,0.06666666666666667,17,1,0,1,0,0,0,0,0
NC(N)NCC#CC1=CC(O)=CC(C#CCC[SH](=O)=O)=C1,23/000000073,"InChI=1S/C14H17N3O3S/c15-14(16)17-6-3-5-12-8-11(9-13(18)10-12)4-1-2-7-21(19)20/h8-10,14,17-18,21H,2,6-7,15-16H2",C14H16N3O3S,307.099062404,-1.1126999999999996,4.02,1.63,24.4,-90.0,3.950466697355246,1,HIGHDIVERSITY_CONCAT,HsDHODH_HighDiv,6,5,118.44,4,14,3,3,0.6666666666666666,0.14285714285714285,0.14285714285714285,0.2857142857142857,0.0,21,1,0,1,0,0,0,0,0
CC(=O)CCOC1=C(S)C(O)=CC(NC(N)=S)=C1,29/000000061,"InChI=1S/C11H14N2O3S2/c1-6(14)2-3-16-9-5-7(13-11(12)18)4-8(15)10(9)17/h4-5,15,17H,2-3H2,1H3,(H3,12,13,18)",C11H14N2O3S2,286.04458430799997,1.6942999999999997,4.01,1.68,19.0,-60.0,2.916510618299606,1,HIGHDIVERSITY_CONCAT,HsDHODH_HighDiv,5,4,84.58,5,11,3,2,0.6111111111111112,0.16666666666666666,0.1111111111111111,0.2727272727272727,0.0,18,1,0,1,0,0,0,0,0
O=C1C=C([C@H](S)CC/C=C\CC2=CC=CC=C2)C(=O)N1,30/000000023,"InChI=1S/C16H17NO2S/c18-15-11-13(16(19)17-15)14(20)10-6-2-5-9-12-7-3-1-4-8-12/h1-5,7-8,11,14,20H,6,9-10H2,(H,17,18,19)/b5-2-/t14-/m1/s1",C16H17NO2S,287.097999784,2.446699999999999,4.01,4.59,5.09,-150.0,3.470872307606344,1,HIGHDIVERSITY_CONCAT,HsDHODH_HighDiv,3,2,46.17,6,16,2,1,0.8,0.1,0.05,0.25,0.0625,20,2,1,1,1,1,0,0,0
CCC1=CC(N2CCNC2=O)=CC(O)=C1,28/000000044,"InChI=1S/C11H14N2O2/c1-2-8-5-9(7-10(14)6-8)13-4-3-12-11(13)15/h5-7,14H,2-4H2,1H3,(H,12,15)",C11H14N2O2,206.105527688,1.4842,4.01,1.56,12.0,-140.0,2.3961111407819384,1,HIGHDIVERSITY_CONCAT,HsDHODH_HighDiv,2,2,52.57000000000001,2,11,2,2,0.7333333333333333,0.13333333333333333,0.13333333333333333,0.36363636363636365,0.0,15,2,1,1,1,1,0,0,0
COC[C@@H](C#CC1=CC(CC(=O)O)=CC(O)=C1)OCN,23/000000006,"InChI=1S/C14H17NO5/c1-19-8-13(20-9-15)3-2-10-4-11(7-14(17)18)6-12(16)5-10/h4-6,13,16H,7-9,15H2,1H3,(H,17,18)/t13-/m1/s1",C14H17NO5,279.11067264400003,0.3186000000000003,4.01,4.22,18.4,-170.0,3.60529522994716,1,HIGHDIVERSITY_CONCAT,HsDHODH_HighDiv,5,3,102.01,6,14,5,1,0.7,0.25,0.05,0.35714285714285715,0.07142857142857142,20,1,0,1,0,0,0,0,0
OC1=C(/C=C/C2=CC=C(F)C(F)=C2)C=CC=C1C1=NNC=C1,24/000000001,"InChI=1S/C17H12F2N2O/c18-14-7-5-11(10-15(14)19)4-6-12-2-1-3-13(17(12)22)16-8-9-20-21-16/h1-10,22H,(H,20,21)/b6-4+",C17H12N2OF2,298.091769444,4.230900000000003,4.01,2.39,21.6,-120.0,2.813969511032912,1,HIGHDIVERSITY_CONCAT,HsDHODH_HighDiv,2,2,48.910000000000004,3,17,1,2,0.7727272727272727,0.045454545454545456,0.09090909090909091,0.0,0.0,22,3,0,3,1,0,1,0,0
C=CCCC1=C([C@@H](C)O)N=C(C(=O)O)O1,3/000000239,"InChI=1S/C10H13NO4/c1-3-4-5-7-8(6(2)12)11-9(15-7)10(13)14/h3,6,12H,1,4-5H2,2H3,(H,13,14)/t6-/m1/s1",C10H13NO4,211.084457896,1.5447,4.01,2.83,16.8,-170.0,3.7774723435694297,1,HIGHDIVERSITY_CONCAT,HsDHODH_HighDiv,4,2,83.56,5,10,4,1,0.6666666666666666,0.26666666666666666,0.06666666666666667,0.4,0.1,15,1,0,1,1,0,1,0,0
NCC[C@@H](O)C#CC1=CC(CC(=O)O)=CC(O)=C1,23/000000010,"InChI=1S/C13H15NO4/c14-4-3-11(15)2-1-9-5-10(8-13(17)18)7-12(16)6-9/h5-7,11,15-16H,3-4,8,14H2,(H,17,18)/t11-/m0/s1",C13H15NO4,249.10010796,0.08049999999999957,4.01,1.5,3.58,-150.0,3.2908814482456528,1,HIGHDIVERSITY_CONCAT,HsDHODH_HighDiv,4,4,103.78,4,13,4,1,0.7222222222222222,0.2222222222222222,0.05555555555555555,0.3076923076923077,0.07692307692307693,18,1,0,1,0,0,0,0,0
NC/C=C(\CC1=C(Cl)C(Cl)=CC(O)=C1)[C@H]1C=C(C(=O)CN)C1,19/000000026,"InChI=1S/C16H18Cl2N2O2/c17-14-7-13(21)6-12(16(14)18)3-9(1-2-19)10-4-11(5-10)15(22)8-20/h1,4,6-7,10,21H,2-3,5,8,19-20H2/b9-1+/t10-/m0/s1",C16H18N2O2Cl2,340.074533176,2.6007000000000007,4.01,0.61,5.09,-190.0,4.007482490687602,1,HIGHDIVERSITY_CONCAT,HsDHODH_HighDiv,4,3,89.34,6,16,2,2,0.7272727272727273,0.09090909090909091,0.09090909090909091,0.3125,0.0625,22,2,1,1,0,0,0,0,0
O=[S+][C@H](/C=C/C1=C(O)C(Cl)=C(C=S)C=C1)C1=CC(=O)NC1=O,30/000000039,"InChI=1S/C14H10ClNO4S2/c15-12-8(6-21)2-1-7(13(12)18)3-4-10(22-20)9-5-11(17)16-14(9)19/h1-6,10,18,22H,(H,16,17,19)/b4-3+/t10-/m1/s1",C14H10NO4S2Cl,353.96560386809,1.7860999999999998,4.01,5.32,5.35,-150.0,4.684823351183038,1,HIGHDIVERSITY_CONCAT,HsDHODH_HighDiv,5,2,83.47,5,14,4,1,0.6363636363636364,0.18181818181818182,0.045454545454545456,0.07142857142857142,0.07142857142857142,22,2,1,1,1,1,0,0,0
NN[C@H](/C=C/CC/C=C/C1=NN=C(S)O1)C1=CNN=C1,30/000000003,"InChI=1S/C12H16N6OS/c13-16-10(9-7-14-15-8-9)5-3-1-2-4-6-11-17-18-12(20)19-11/h3-8,10,16H,1-2,13H2,(H,14,15)(H,18,20)/b5-3+,6-4+/t10-/m1/s1",C12H16N6OS,292.110630132,1.6356,4.01,4.11,3.58,-150.0,4.500559715117163,1,HIGHDIVERSITY_CONCAT,HsDHODH_HighDiv,7,4,105.64999999999999,7,12,1,6,0.6,0.05,0.3,0.25,0.08333333333333333,20,2,0,2,2,0,2,0,0
NC1=CC(C#C[C@H](F)C2=NOC(=O)N2)=CC(O)=C1,23/000000238,"InChI=1S/C11H8FN3O3/c12-9(10-14-11(17)18-15-10)2-1-6-3-7(13)5-8(16)4-6/h3-5,9,16H,13H2,(H,14,15,17)/t9-/m0/s1",C11H8N3O3F,249.054969336,0.7130000000000001,4.01,4.3,20.8,-150.0,4.18012157383435,1,HIGHDIVERSITY_CONCAT,HsDHODH_HighDiv,5,3,105.14,1,11,3,3,0.6111111111111112,0.16666666666666666,0.16666666666666666,0.09090909090909091,0.09090909090909091,18,2,0,2,1,0,1,0,0
CC/C=C\COC1=C(O)C(CC2=NN=C(CCl)N2)=CC=C1O,8/000000018,"InChI=1S/C15H18ClN3O3/c1-2-3-4-7-22-15-11(20)6-5-10(14(15)21)8-12-17-13(9-16)19-18-12/h3-6,20-21H,2,7-9H2,1H3,(H,17,18,19)/b4-3-",C15H18N3O3Cl,323.103669116,2.8905000000000007,4.01,3.68,5.09,-20.0,3.3393843993703793,1,HIGHDIVERSITY_CONCAT,HsDHODH_HighDiv,5,3,91.26,7,15,3,3,0.6818181818181818,0.13636363636363635,0.13636363636363635,0.3333333333333333,0.0,22,2,0,2,1,0,1,0,0
O=NCCC(=O)C1=CC(O)=CC(N2CCNC2=O)=C1,28/000000289,"InChI=1S/C12H13N3O4/c16-10-6-8(11(17)1-2-14-19)5-9(7-10)15-4-3-13-12(15)18/h5-7,16H,1-4H2,(H,13,18)",C12H13N3O4,263.090605896,1.261,4.01,1.64,3.58,-120.0,2.885652717109423,1,HIGHDIVERSITY_CONCAT,HsDHODH_HighDiv,5,2,99.07,5,12,4,3,0.631578947368421,0.21052631578947367,0.15789473684210525,0.3333333333333333,0.0,19,2,1,1,1,1,0,0,0
O=NC1=C(Br)C(O)=CC(C(=O)C2=CNN=C2)=C1,12/000000450,"InChI=1S/C10H6BrN3O3/c11-9-7(14-17)1-5(2-8(9)15)10(16)6-3-12-13-4-6/h1-4,15H,(H,12,13)",C10H6N3O3Br,294.95925315200003,2.5067000000000004,4.01,3.23,2.35,0.0,3.2095421955885115,1,HIGHDIVERSITY_CONCAT,HsDHODH_HighDiv,5,2,95.40999999999998,3,10,3,3,0.5882352941176471,0.17647058823529413,0.17647058823529413,0.0,0.0,17,2,0,2,1,0,1,0,0
C/C(=C\C1=C(O)C(N)=CC(O)=C1)[C@H]1CCCCS1,4/000000317,"InChI=1S/C14H19NO2S/c1-9(13-4-2-3-5-18-13)6-10-7-11(16)8-12(15)14(10)17/h6-8,13,16-17H,2-5,15H2,1H3/b9-6+/t13-/m1/s1",C14H19NO2S,265.113649848,3.3690000000000015,4.01,4.5,2.35,-170.0,3.702171727680504,1,HIGHDIVERSITY_CONCAT,HsDHODH_HighDiv,4,3,66.48,2,14,2,1,0.7777777777777778,0.1111111111111111,0.05555555555555555,0.42857142857142855,0.07142857142857142,18,2,1,1,1,1,0,0,0
CC1=C(C(=O)NCC#CC2=NOC(=O)N2)C=C(S)C(I)=C1,5/000000053,"InChI=1S/C13H10IN3O3S/c1-7-5-9(14)10(21)6-8(7)12(18)15-4-2-3-11-16-13(19)20-17-11/h5-6,21H,4H2,1H3,(H,15,18)(H,16,17,19)",C13H10N3O3SI,414.94876018,1.34612,4.01,2.1,3.72,-80.0,3.700481551466652,1,HIGHDIVERSITY_CONCAT,HsDHODH_HighDiv,5,3,87.99000000000001,2,13,3,3,0.6190476190476191,0.14285714285714285,0.14285714285714285,0.15384615384615385,0.0,21,2,0,2,1,0,1,0,0
CN(N)CCCCC1=CC(O)=CC(N2CCNC2=O)=C1,28/000000312,"InChI=1S/C14H22N4O2/c1-17(15)6-3-2-4-11-8-12(10-13(19)9-11)18-7-5-16-14(18)20/h8-10,19H,2-7,15H2,1H3,(H,16,20)",C14H22N4O2,278.174275944,1.0499999999999998,4.01,3.29,16.6,-140.0,2.739581729457372,1,HIGHDIVERSITY_CONCAT,HsDHODH_HighDiv,4,3,81.82999999999998,6,14,2,4,0.7,0.1,0.2,0.5,0.0,20,2,1,1,1,1,0,0,0
C[C@H](CN)C(=O)C1=CC(O)=C(Br)C(Cl)=C1,12/000000201,"InChI=1S/C10H11BrClNO2/c1-5(4-13)10(15)6-2-7(12)9(11)8(14)3-6/h2-3,5,14H,4,13H2,1H3/t5-/m1/s1",C10H11NO2ClBr,290.966168372,2.5856000000000003,4.01,3.44,2.48,-170.0,3.175928497415584,1,HIGHDIVERSITY_CONCAT,HsDHODH_HighDiv,3,2,63.32000000000001,3,10,2,1,0.6666666666666666,0.13333333333333333,0.06666666666666667,0.3,0.1,15,1,0,1,0,0,0,0,0
CCOCCOC1=C(S)C(O)=CC(NC(N)=S)=C1,29/000000073,"InChI=1S/C11H16N2O3S2/c1-2-15-3-4-16-9-6-7(13-11(12)18)5-8(14)10(9)17/h5-6,14,17H,2-4H2,1H3,(H3,12,13,18)",C11H16N2O3S2,288.06023437199997,1.7516999999999998,4.01,1.1,18.0,-60.0,2.83211966461044,1,HIGHDIVERSITY_CONCAT,HsDHODH_HighDiv,5,4,76.74,6,11,3,2,0.6111111111111112,0.16666666666666666,0.1111111111111111,0.36363636363636365,0.0,18,1,0,1,0,0,0,0,0
O=C(NCC1=CC(O)=CN=C1)C1=CC=C(I)C(Br)=C1,5/000000083,"InChI=1S/C13H10BrIN2O2/c14-11-4-9(1-2-12(11)15)13(19)17-6-8-3-10(18)7-16-5-8/h1-5,7,18H,6H2,(H,17,19)",C13H10N2O2BrI,431.89703765999997,3.0843000000000007,4.0,1.91,2.22,-40.0,2.3194051118844605,1,HIGHDIVERSITY_CONCAT,HsDHODH_HighDiv,3,2,62.22,3,13,2,2,0.6842105263157895,0.10526315789473684,0.10526315789473684,0.07692307692307693,0.0,19,2,0,2,1,0,1,0,0
NC/C(=C\CS)C1=NOC(C2=CC(O)=C(F)C=C2O)=N1,6/000000009,"InChI=1S/C12H12FN3O3S/c13-8-4-9(17)7(3-10(8)18)12-15-11(16-19-12)6(5-14)1-2-20/h1,3-4,17-18,20H,2,5,14H2/p+1/b6-1+",C12H13N3O3SF,297.058340464,1.5587999999999997,4.0,1.43,23.6,-180.0,3.928996914272557,1,HIGHDIVERSITY_CONCAT,HsDHODH_HighDiv,7,4,105.4,4,12,3,3,0.6,0.15,0.15,0.16666666666666666,0.0,20,2,0,2,1,0,1,0,0
C/C=C\C1=CC(N2CCNC2=O)=CC(O)=C1,28/000000053,"InChI=1S/C12H14N2O2/c1-2-3-9-6-10(8-11(15)7-9)14-5-4-13-12(14)16/h2-3,6-8,15H,4-5H2,1H3,(H,13,16)/b3-2-",C12H14N2O2,218.105527688,1.9548999999999996,4.0,2.57,13.6,-140.0,2.6714007830406405,1,HIGHDIVERSITY_CONCAT,HsDHODH_HighDiv,2,2,52.57000000000001,2,12,2,2,0.75,0.125,0.125,0.25,0.0,16,2,1,1,1,1,0,0,0
NCCCC#CC1=CC(C#CCC[SH](=O)=O)=CC(O)=C1,23/000000103,"InChI=1S/C15H17NO3S/c16-8-4-1-2-6-13-10-14(12-15(17)11-13)7-3-5-9-20(18)19/h10-12,17,20H,1,4-5,8-9,16H2",C15H17NO3S,291.092914404,0.8356000000000001,4.0,1.36,21.5,-20.0,3.687558652534295,1,HIGHDIVERSITY_CONCAT,HsDHODH_HighDiv,4,3,80.39,4,15,3,1,0.75,0.15,0.05,0.3333333333333333,0.0,20,1,0,1,0,0,0,0,0
CC(=O)/C=C\C1=CC(O)=CC(C#C[C@@H](N)CO)=C1,23/000000026,"InChI=1S/C14H15NO3/c1-10(17)2-3-11-6-12(8-14(18)7-11)4-5-13(15)9-16/h2-3,6-8,13,16,18H,9,15H2,1H3/p+1/b3-2-/t13-/m1/s1",C14H16NO3,245.10519334,0.6655000000000002,4.0,2.12,17.0,-170.0,3.980702484352405,1,HIGHDIVERSITY_CONCAT,HsDHODH_HighDiv,4,3,83.55,3,14,3,1,0.7777777777777778,0.16666666666666666,0.05555555555555555,0.21428571428571427,0.07142857142857142,18,1,0,1,0,0,0,0,0
NC(=O)C1=CC=C(Br)C(C[C@@H](CO)C2=CSC=N2)=C1,12/000000165,"InChI=1S/C13H13BrN2O2S/c14-11-2-1-8(13(15)18)3-9(11)4-10(5-17)12-6-19-7-16-12/h1-3,6-7,10,17H,4-5H2,(H2,15,18)/t10-/m0/s1",C13H12N2O2SBr,339.988110756,2.3231,4.0,4.82,3.58,-150.0,3.2588820579852396,1,HIGHDIVERSITY_CONCAT,HsDHODH_HighDiv,4,2,76.21000000000001,5,13,2,2,0.6842105263157895,0.10526315789473684,0.10526315789473684,0.23076923076923078,0.07692307692307693,19,2,0,2,1,0,1,0,0
O=C(CO)OC1=CC(C(=O)CCl)=CC(CO)=C1Br,12/000000218,"InChI=1S/C11H10BrClO5/c12-11-7(4-14)1-6(8(16)3-13)2-9(11)18-10(17)5-15/h1-2,14-15H,3-5H2",C11H10O5ClBr,335.9400132,1.2606,4.0,4.21,3.58,0.0,2.7953538875303767,1,HIGHDIVERSITY_CONCAT,HsDHODH_HighDiv,5,2,83.83,5,11,5,0,0.6111111111111112,0.2777777777777778,0.0,0.2727272727272727,0.0,18,1,0,1,0,0,0,0,0
O=NC1=C(Br)C=C(O)C(C(=O)/C(=C/[C@@H]2CN2)CCCl)=C1,12/000001085,"InChI=1S/C13H12BrClN2O3/c14-10-5-12(18)9(4-11(10)17-20)13(19)7(1-2-15)3-8-6-16-8/h3-5,8,16,18H,1-2,6H2/b7-3+/t8-/m1/s1",C13H12N2O3ClBr,357.971982024,3.2624000000000013,4.0,4.64,3.7,-190.0,4.1862034816954115,1,HIGHDIVERSITY_CONCAT,HsDHODH_HighDiv,5,2,88.66999999999999,6,13,3,2,0.65,0.15,0.1,0.3076923076923077,0.07692307692307693,20,2,1,1,1,1,0,0,0
NC(=S)C(=O)C1=CC(N=O)=C(Br)C(O)=C1,12/000000442,"InChI=1S/C8H5BrN2O3S/c9-6-4(11-14)1-3(2-5(6)12)7(13)8(10)15/h1-2,12H,(H2,10,15)",C8H5N2O3SBr,287.92042512,2.0214,4.0,3.61,2.35,0.0,3.38061477560865,1,HIGHDIVERSITY_CONCAT,HsDHODH_HighDiv,5,2,92.75000000000001,3,8,3,2,0.5333333333333333,0.2,0.13333333333333333,0.0,0.0,15,1,0,1,0,0,0,0,0
O=NC(=O)C1=CC=C(Br)C(C[C@@H](O)C2=CNC=C2C=S)=C1,12/000000838,"InChI=1S/C14H11BrN2O3S/c15-12-2-1-8(14(19)17-20)3-9(12)4-13(18)11-6-16-5-10(11)7-21/h1-3,5-7,13,16,18H,4H2/t13-/m1/s1",C14H11N2O3SBr,365.967375312,3.3077000000000014,4.0,4.18,3.7,-150.0,3.814390988433757,1,HIGHDIVERSITY_CONCAT,HsDHODH_HighDiv,4,2,82.52000000000001,5,14,3,2,0.6666666666666666,0.14285714285714285,0.09523809523809523,0.14285714285714285,0.07142857142857142,21,2,0,2,1,0,1,0,0
NNCCC(=O)C1=CC(O)=C(O)C(C2=CC(S)=NC=C2)=C1,3/000000175,"InChI=1S/C14H15N3O3S/c15-17-4-2-11(18)9-5-10(14(20)12(19)6-9)8-1-3-16-13(21)7-8/h1,3,5-7,17,19-20H,2,4,15H2,(H,16,21)",C14H15N3O3S,305.08341234000005,1.4845999999999997,5.89,3.19,17.5,-180.0,3.10918632600246,1,HIGHDIVERSITY_CRAFT,HsDHODH_HighDiv,7,5,108.47,5,14,3,3,0.6666666666666666,0.14285714285714285,0.14285714285714285,0.14285714285714285,0.0,21,2,0,2,1,0,1,0,0
O=[N+]([O-])C/C=C/NC1=C(O)C=C(Br)C(C2=NC=C(I)C=C2)=C1,28/000000013,"InChI=1S/C14H11BrIN3O3/c15-11-7-14(20)13(17-4-1-5-19(21)22)6-10(11)12-3-2-9(16)8-18-12/h1-4,6-8,17,20H,5H2/b4-1+",C14H11N3O3BrI,474.90285131200005,4.023600000000002,5.87,5.41,19.8,-160.0,3.320473672445269,1,HIGHDIVERSITY_CRAFT,HsDHODH_HighDiv,5,2,88.29,5,14,3,3,0.6363636363636364,0.13636363636363635,0.13636363636363635,0.07142857142857142,0.0,22,2,0,2,1,0,1,0,0
O=C(CO)C1=CC(O)=C(O)C(C2=CC=C(O)C(S)=C2)=C1,3/000000164,"InChI=1S/C14H12O5S/c15-6-12(18)8-3-9(14(19)11(17)4-8)7-1-2-10(16)13(20)5-7/h1-5,15-17,19-20H,6H2",C14H12O5S,292.040544484,1.9341000000000004,5.75,3.62,15.9,-160.0,2.741938872314515,1,HIGHDIVERSITY_CRAFT,HsDHODH_HighDiv,6,5,97.99000000000001,3,14,5,0,0.7,0.25,0.0,0.07142857142857142,0.0,20,2,0,2,0,0,0,0,0
C#CCC1=C(/C=C\C)C=CC(C2=CN=CC(O)=C2C(=O)O)=C1N,1/000000285,"InChI=1S/C18H16N2O3/c1-3-5-11-7-8-13(17(19)12(11)6-4-2)14-9-20-10-15(21)16(14)18(22)23/h2-3,5,7-10,21H,6,19H2,1H3,(H,22,23)/b5-3-",C18H16N2O3,308.116092372,2.9434,5.59,8.39,19.8,-180.0,3.2663793334133953,1,HIGHDIVERSITY_CRAFT,HsDHODH_HighDiv,4,3,96.44,4,18,3,2,0.782608695652174,0.13043478260869565,0.08695652173913043,0.1111111111111111,0.0,23,2,0,2,1,0,1,0,0
ONC/C=C/NC1=C(O)C=C(Br)C(C2=NC=C(I)C=C2)=C1,28/000000010,"InChI=1S/C14H13BrIN3O2/c15-11-7-14(20)13(17-4-1-5-19-21)6-10(11)12-3-2-9(16)8-18-12/h1-4,6-8,17,19-21H,5H2/b4-1+",C14H13N3O2BrI,460.923586756,3.7257000000000007,5.34,4.59,17.2,-160.0,3.302277779493447,1,HIGHDIVERSITY_CRAFT,HsDHODH_HighDiv,5,4,77.41,5,14,2,3,0.6666666666666666,0.09523809523809523,0.14285714285714285,0.07142857142857142,0.0,21,2,0,2,1,0,1,0,0
C/C=C\C1=NC=C(O)C(O)=C1C#CC(=O)NC1=CC=CC=C1F,1/000000516,"InChI=1S/C17H13FN2O3/c1-2-5-13-11(17(23)15(21)10-19-13)8-9-16(22)20-14-7-4-3-6-12(14)18/h2-7,10,21H,1H3,(H,19,23)(H,20,22)/b5-2-",C17H13N2O3F,312.09102049600006,2.6552000000000007,5.29,8.38,21.9,-20.0,3.1020215037430656,1,HIGHDIVERSITY_CRAFT,HsDHODH_HighDiv,4,3,82.45000000000002,2,17,3,2,0.7391304347826086,0.13043478260869565,0.08695652173913043,0.058823529411764705,0.0,23,2,0,2,1,0,1,0,0
C=C(C1=CC=C(C2=C(O)C(O)=CN=C2)C=C1)C1=NC=C(F)C=C1,1/000000284,"InChI=1S/C18H13FN2O2/c1-11(16-7-6-14(19)8-21-16)12-2-4-13(5-3-12)15-9-20-10-17(22)18(15)23/h2-10,22H,1H2,(H,20,23)",C18H13N2O2F,308.096105876,3.7554000000000025,5.28,3.61,16.5,-160.0,2.6482387078850778,1,HIGHDIVERSITY_CRAFT,HsDHODH_HighDiv,4,2,66.24000000000001,3,18,2,2,0.782608695652174,0.08695652173913043,0.08695652173913043,0.0,0.0,23,3,0,3,2,0,2,0,0
C#CCC1=C(/C=C\CC2=NON=C2)C=CC(C2=CN=CC(O)=C2)=C1N,1/000000289,"InChI=1S/C19H16N4O2/c1-2-4-17-13(5-3-6-15-11-22-25-23-15)7-8-18(19(17)20)14-9-16(24)12-21-10-14/h1,3,5,7-12,24H,4,6,20H2/b5-3-",C19H16N4O2,332.127325752,2.851,5.24,5.14,24.6,-160.0,3.61368777463818,1,HIGHDIVERSITY_CRAFT,HsDHODH_HighDiv,6,2,98.06,5,19,2,4,0.76,0.08,0.16,0.10526315789473684,0.0,25,3,0,3,2,0,2,0,0
O=C(C#CC1=C(O)C(O)=CN=C1CO)NC1SCCCS1,1/000000210,"InChI=1S/C13H14N2O4S2/c16-7-9-8(12(19)10(17)6-14-9)2-3-11(18)15-13-20-4-1-5-21-13/h6,13,16-17H,1,4-5,7H2,(H,14,19)(H,15,18)",C13H14N2O4S2,326.039498928,0.6064999999999999,5.23,6.74,23.2,-150.0,3.9341481836655454,1,HIGHDIVERSITY_CRAFT,HsDHODH_HighDiv,7,4,102.68,2,13,4,2,0.6190476190476191,0.19047619047619047,0.09523809523809523,0.38461538461538464,0.0,21,2,1,1,2,1,1,0,0
C=C(C1=CC=C(C2=C(O)C(O)=CN=C2)C=C1)C1=CNC(=S)S1,1/000000076,"InChI=1S/C16H12N2O2S2/c1-9(14-8-18-16(21)22-14)10-2-4-11(5-3-10)12-6-17-7-13(19)15(12)20/h2-8,19H,1H2,(H,17,20)(H,18,21)",C16H12N2O2S2,328.03401962400005,4.340390000000002,5.13,3.5,21.2,-160.0,3.259297798874102,1,HIGHDIVERSITY_CRAFT,HsDHODH_HighDiv,5,3,69.14,3,16,2,2,0.7272727272727273,0.09090909090909091,0.09090909090909091,0.0,0.0,22,3,0,3,2,0,2,0,0
O=C(C#CC1=C(O)C(O)=CN=C1C(=O)O)NC1=CN=CC(Cl)=C1,1/000000113,"InChI=1S/C14H8ClN3O5/c15-7-3-8(5-16-4-7)18-11(20)2-1-9-12(14(22)23)17-6-10(19)13(9)21/h3-6,19H,(H,17,21)(H,18,20)(H,22,23)",C14H8N3O5Cl,333.015248036,1.2295999999999998,5.09,7.49,22.7,0.0,3.1405265861606466,1,HIGHDIVERSITY_CRAFT,HsDHODH_HighDiv,6,4,132.64000000000001,2,14,5,3,0.6086956521739131,0.21739130434782608,0.13043478260869565,0.0,0.0,23,2,0,2,2,0,2,0,0
CCC1=NC=C(O)C(O)=C1C#CC(=O)NC1=CC=CC=C1F,1/000000547,"InChI=1S/C16H13FN2O3/c1-2-12-10(16(22)14(20)9-18-12)7-8-15(21)19-13-6-4-3-5-11(13)17/h3-6,9,20H,2H2,1H3,(H,18,22)(H,19,21)",C16H13N2O3F,300.09102049600006,2.1845,5.07,7.76,20.3,-20.0,2.8184234832901627,1,HIGHDIVERSITY_CRAFT,HsDHODH_HighDiv,4,3,82.45000000000002,2,16,3,2,0.7272727272727273,0.13636363636363635,0.09090909090909091,0.125,0.0,22,2,0,2,1,0,1,0,0
O=C(CO)C1=CC(O)=C(O)C(N2C=NN=C2S)=C1,3/000000108,"InChI=1S/C10H9N3O4S/c14-3-8(16)5-1-6(9(17)7(15)2-5)13-4-11-12-10(13)18/h1-2,4,14-15,17H,3H2,(H,12,18)",C10H9N3O4S,267.03137676800003,0.14219999999999983,5.06,3.68,19.1,-120.0,3.1772986285036895,1,HIGHDIVERSITY_CRAFT,HsDHODH_HighDiv,8,4,108.47,3,10,4,3,0.5555555555555556,0.2222222222222222,0.16666666666666666,0.1,0.0,18,2,0,2,1,0,1,0,0
C=C(CC(N)=O)C1=CC=C(C2=C(CBr)N=CC(O)=C2O)C=C1,1/000000276,"InChI=1S/C16H15BrN2O3/c1-9(6-14(18)21)10-2-4-11(5-3-10)15-12(7-17)19-8-13(20)16(15)22/h2-5,8,20H,1,6-7H2,(H2,18,21)(H,19,22)",C16H15N2O3Br,362.02660443999997,2.9433000000000016,5.04,8.61,17.5,-160.0,3.028809511032911,1,HIGHDIVERSITY_CRAFT,HsDHODH_HighDiv,4,3,96.44000000000001,5,16,3,2,0.7272727272727273,0.13636363636363635,0.09090909090909091,0.125,0.0,22,2,0,2,1,0,1,0,0
C=CC1=CC=C(C2=C(O)C(O)=CN=C2C(=O)O)C=C1,1/000000273,"InChI=1S/C14H11NO4/c1-2-8-3-5-9(6-4-8)11-12(14(18)19)15-7-10(16)13(11)17/h2-7,16H,1H2,(H,15,17)(H,18,19)",C14H10NO4,257.068807832,2.5010000000000003,4.97,5.56,14.4,-160.0,2.605066990861795,1,HIGHDIVERSITY_CRAFT,HsDHODH_HighDiv,4,3,90.65,3,14,4,1,0.7368421052631579,0.21052631578947367,0.05263157894736842,0.0,0.0,19,2,0,2,1,0,1,0,0
C#CCC1=C(/C=C\CC2=NC=NC=N2)C=CC(C2=CN=CC(O)=C2)=C1N,1/000000280,"InChI=1S/C20H17N5O/c1-2-4-17-14(5-3-6-19-24-12-23-13-25-19)7-8-18(20(17)21)15-9-16(26)11-22-10-15/h1,3,5,7-13,26H,4,6,21H2/b5-3-",C20H17N5O,343.143310164,2.6529999999999996,4.97,5.03,20.4,-160.0,3.374906412540583,1,HIGHDIVERSITY_CRAFT,HsDHODH_HighDiv,6,2,97.81,5,20,1,5,0.7692307692307693,0.038461538461538464,0.19230769230769232,0.1,0.0,26,3,0,3,2,0,2,0,0
C#CCC1=C(/C=C\CN2C=NCC2=O)C=CC(C2=CN=CC(O)=C2)=C1N,1/000000246,"InChI=1S/C20H18N4O2/c1-2-4-17-14(5-3-8-24-13-23-12-19(24)26)6-7-18(20(17)21)15-9-16(25)11-22-10-15/h1,3,5-7,9-11,13,25H,4,8,12,21H2/b5-3-",C20H18N4O2,346.142975816,2.0958,4.96,6.03,23.7,-160.0,3.637054645388817,1,HIGHDIVERSITY_CRAFT,HsDHODH_HighDiv,5,2,91.81,5,20,2,4,0.7692307692307693,0.07692307692307693,0.15384615384615385,0.15,0.0,26,3,1,2,2,1,1,0,0
NC/C=C/C1=CC=C(C2=C(O)C(O)=CN=C2)C=C1,1/000000320,"InChI=1S/C14H14N2O2/c15-7-1-2-10-3-5-11(6-4-10)12-8-16-9-13(17)14(12)18/h1-6,8-9,17H,7,15H2,(H,16,18)/b2-1+",C14H14N2O2,242.105527688,2.1316999999999995,4.96,5.12,12.4,-160.0,2.626558412417255,1,HIGHDIVERSITY_CRAFT,HsDHODH_HighDiv,4,3,79.37,3,14,2,2,0.7777777777777778,0.1111111111111111,0.1111111111111111,0.07142857142857142,0.0,18,2,0,2,1,0,1,0,0
CC1=NC=CC=C1NC(=O)C#CC1=C(O)C(O)=CN=C1CN,1/000000479,"InChI=1S/C15H14N4O3/c1-9-11(3-2-6-17-9)19-14(21)5-4-10-12(7-16)18-8-13(20)15(10)22/h2-3,6,8,20H,7,16H2,1H3,(H,18,22)(H,19,21)",C15H14N4O3,298.106590308,0.6451199999999999,4.94,7.83,19.6,-20.0,3.1977672411716256,1,HIGHDIVERSITY_CRAFT,HsDHODH_HighDiv,6,4,121.36,2,15,3,4,0.6818181818181818,0.13636363636363635,0.18181818181818182,0.13333333333333333,0.0,22,2,0,2,2,0,2,0,0
O=C(C[C@H](CCl)[N+](=O)[O-])C1=CC(O)=C(S)C(Br)=C1,3/000000049,"InChI=1S/C10H9BrClNO4S/c11-7-1-5(2-9(15)10(7)18)8(14)3-6(4-12)13(16)17/h1-2,6,15,18H,3-4H2/t6-/m1/s1",C10H9NO4SClBr,352.912418548,2.9003000000000014,4.94,2.28,2.22,-170.0,3.923674307058574,1,HIGHDIVERSITY_CRAFT,HsDHODH_HighDiv,5,2,80.44,5,10,4,1,0.5555555555555556,0.2222222222222222,0.05555555555555555,0.3,0.1,18,1,0,1,0,0,0,0,0
C=CC1=NC=C(O)C=C1C1=CC=C(/C=C/CC(N)=O)C=C1,1/000000239,"InChI=1S/C17H16N2O2/c1-2-16-15(10-14(20)11-19-16)13-8-6-12(7-9-13)4-3-5-17(18)21/h2-4,6-11,20H,1,5H2,(H2,18,21)/b4-3+",C17H15N2O2,280.121177752,2.9858000000000002,4.94,8.13,16.2,-160.0,2.854005028515612,1,HIGHDIVERSITY_CRAFT,HsDHODH_HighDiv,3,2,76.21000000000001,5,17,2,2,0.8095238095238095,0.09523809523809523,0.09523809523809523,0.058823529411764705,0.0,21,2,0,2,1,0,1,0,0
C=C(C1=CC=C(C2=C(O)C(O)=CN=C2)C=C1)C1=CSC(=O)N1,1/000000077,"InChI=1S/C16H12N2O3S/c1-9(13-8-22-16(21)18-13)10-2-4-11(5-3-10)12-6-17-7-14(19)15(12)20/h2-8,19H,1H2,(H,17,20)(H,18,21)",C16H12N2O3S,312.056863244,2.9711000000000016,4.93,4.51,19.7,-160.0,3.127225590437378,1,HIGHDIVERSITY_CRAFT,HsDHODH_HighDiv,5,3,86.21000000000001,3,16,3,2,0.7272727272727273,0.13636363636363635,0.09090909090909091,0.0,0.0,22,3,0,3,2,0,2,0,0
C#CCC1=CC(C2=CN=CC(O)=C2CNN)=CC=C1/C=C\C[N+](=O)[O-],1/000000269,"InChI=1S/C18H18N4O3/c1-2-4-14-9-15(7-6-13(14)5-3-8-22(24)25)16-10-20-12-18(23)17(16)11-21-19/h1,3,5-7,9-10,12,21,23H,4,8,11,19H2/b5-3-",C18H18N4O3,338.13789043599996,1.8831,4.93,8.24,23.0,-160.0,3.591109697715104,1,HIGHDIVERSITY_CRAFT,HsDHODH_HighDiv,6,3,114.31,7,18,3,4,0.72,0.12,0.16,0.16666666666666666,0.0,25,2,0,2,1,0,1,0,0
O=C(O)C[C@H](NCC1=CC(F)=CC([N+](=O)[O-])=C1F)C1=CN=C(O)N=C1,25/000000012,"InChI=1S/C14H12F2N4O5/c15-9-1-7(13(16)11(2-9)20(24)25)4-17-10(3-12(21)22)8-5-18-14(23)19-6-8/h1-2,5-6,10,17H,3-4H2,(H,21,22)(H,18,19,23)/p+1/t10-/m0/s1",C14H13N4O5F2,354.07757592400003,1.6742,4.91,6.42,3.7,-150.0,4.2901608681819745,1,HIGHDIVERSITY_CRAFT,HsDHODH_HighDiv,7,3,138.48000000000002,7,14,5,4,0.56,0.2,0.16,0.21428571428571427,0.07142857142857142,25,2,0,2,1,0,1,0,0
C[C@@H](CCN)NC(=O)C#CC1=C(O)C(O)=CN=C1CS,1/000000217,"InChI=1S/C13H17N3O3S/c1-8(4-5-14)16-12(18)3-2-9-10(7-20)15-6-11(17)13(9)19/h6,8,17,20H,4-5,7,14H2,1H3,(H,15,19)(H,16,18)/p+1/t8-/m0/s1",C13H18N3O3S,295.09906240400005,0.12759999999999988,4.9,9.14,20.5,-170.0,4.616503481695412,1,HIGHDIVERSITY_CRAFT,HsDHODH_HighDiv,6,5,108.47,4,13,3,3,0.65,0.15,0.15,0.38461538461538464,0.07692307692307693,20,1,0,1,1,0,1,0,0
C=C(C1=CC=C(C2=C(O)C(O)=CN=C2)C=C1)C1=NC=CN=C1,1/000000243,"InChI=1S/C17H13N3O2/c1-11(15-9-18-6-7-20-15)12-2-4-13(5-3-12)14-8-19-10-16(21)17(14)22/h2-10,21H,1H2,(H,19,22)",C17H13N3O2,291.10077665600005,3.011300000000002,4.9,4.79,14.4,-160.0,2.713938741802142,1,HIGHDIVERSITY_CRAFT,HsDHODH_HighDiv,5,2,79.13000000000001,3,17,2,3,0.7727272727272727,0.09090909090909091,0.13636363636363635,0.0,0.0,22,3,0,3,2,0,2,0,0
C=C(CN)[C@@H](CBr)NC(=O)C#CC1=C(O)C(O)=CN=C1,1/000000490,"InChI=1S/C13H14BrN3O3/c1-8(5-15)10(4-14)17-12(19)3-2-9-6-16-7-11(18)13(9)20/h6-7,10,18H,1,4-5,15H2,(H,16,20)(H,17,19)/t10-/m1/s1",C13H14N3O3Br,339.02185340799997,0.2389,4.88,6.37,20.7,-150.0,4.250998353490283,1,HIGHDIVERSITY_CRAFT,HsDHODH_HighDiv,5,4,108.47,4,13,3,3,0.65,0.15,0.15,0.23076923076923078,0.07692307692307693,20,1,0,1,1,0,1,0,0
NNCCC(=O)C1=CC(O)=C(O)C(C2=NN=CS2)=C1,3/000000106,"InChI=1S/C11H12N4O3S/c12-13-2-1-8(16)6-3-7(10(18)9(17)4-6)11-15-14-5-19-11/h3-5,13,17-18H,1-2,12H2",C11H12N4O3S,280.063011244,0.6523999999999996,4.87,1.33,21.7,-120.0,3.134951410868494,1,HIGHDIVERSITY_CRAFT,HsDHODH_HighDiv,8,4,121.36,5,11,3,4,0.5789473684210527,0.15789473684210525,0.21052631578947367,0.18181818181818182,0.0,19,2,0,2,1,0,1,0,0
CCSCC1=CC(C(=O)CCNN)=CC(O)=C1O,3/000000159,"InChI=1S/C12H18N2O3S/c1-2-18-7-9-5-8(6-11(16)12(9)17)10(15)3-4-14-13/h5-6,14,16-17H,2-4,7,13H2,1H3",C12H18N2O3S,270.103813436,1.3869999999999998,4.87,1.8,15.9,-40.0,2.8770688011881465,1,HIGHDIVERSITY_CRAFT,HsDHODH_HighDiv,6,4,95.58000000000001,7,12,3,2,0.6666666666666666,0.16666666666666666,0.1111111111111111,0.4166666666666667,0.0,18,1,0,1,0,0,0,0,0
C[C@@H](NC(=O)C#CC1=C(O)C(O)=CN=C1CBr)C1=CNC=C1,1/000000407,"InChI=1S/C15H14BrN3O3/c1-9(10-4-5-17-7-10)19-14(21)3-2-11-12(6-16)18-8-13(20)15(11)22/h4-5,7-9,17,20H,6H2,1H3,(H,18,22)(H,19,21)/t9-/m1/s1",C15H14N3O3Br,363.021853408,1.9446999999999999,4.83,7.06,23.3,-170.0,4.067183805155295,1,HIGHDIVERSITY_CRAFT,HsDHODH_HighDiv,4,4,98.24000000000001,3,15,3,3,0.6818181818181818,0.13636363636363635,0.13636363636363635,0.2,0.06666666666666667,22,2,0,2,2,0,2,0,0
C[C@@H](NC(=O)C#CC1=C(O)C(O)=CN=C1)C1=NN=C(S)N1,1/000000225,"InChI=1S/C12H11N5O3S/c1-6(11-15-12(21)17-16-11)14-9(19)3-2-7-4-13-5-8(18)10(7)20/h4-6,18H,1H3,(H,13,20)(H,14,19)(H2,15,16,17,21)/t6-/m1/s1",C12H11N5O3S,305.05826021200005,0.12849999999999984,4.83,3.44,24.5,-170.0,4.295812208592907,1,HIGHDIVERSITY_CRAFT,HsDHODH_HighDiv,7,5,124.02000000000001,2,12,3,5,0.5714285714285714,0.14285714285714285,0.23809523809523808,0.16666666666666666,0.08333333333333333,21,2,0,2,2,0,2,0,0
O=C(C#CC1=C(O)C(O)=CN=C1C(=O)O)N[C@H]1CCNCS1,1/000000126,"InChI=1S/C13H13N3O5S/c17-8-5-15-11(13(20)21)7(12(8)19)1-2-9(18)16-10-3-4-14-6-22-10/h5,10,14,17H,3-4,6H2,(H,15,19)(H,16,18)(H,20,21)/t10-/m1/s1",C13H13N3O5S,323.057591516,-0.3312000000000004,4.82,7.29,24.3,-150.0,4.302970185987578,1,HIGHDIVERSITY_CRAFT,HsDHODH_HighDiv,7,5,131.78,2,13,5,3,0.5909090909090909,0.22727272727272727,0.13636363636363635,0.3076923076923077,0.07692307692307693,22,2,1,1,2,1,1,0,0
C#CCC1=C(/C=C\C)C=CC(C2=CN=CC(O)=C2)=C1N,1/000000066,"InChI=1S/C17H16N2O/c1-3-5-12-7-8-16(17(18)15(12)6-4-2)13-9-14(20)11-19-10-13/h2-3,5,7-11,20H,6,18H2,1H3/b5-3-",C17H16N2O,264.126263132,3.2452000000000005,4.82,5.66,15.8,-180.0,3.0940432679189103,1,HIGHDIVERSITY_CRAFT,HsDHODH_HighDiv,3,2,59.14,3,17,1,2,0.85,0.05,0.1,0.11764705882352941,0.0,20,2,0,2,1,0,1,0,0
C#C[C@H](NC(=O)C#CC1=CN=CC(O)=C1O)C1=CCC=CO1,1/000000134,"InChI=1S/C16H12N2O4/c1-2-12(14-5-3-4-8-22-14)18-15(20)7-6-11-9-17-10-13(19)16(11)21/h1,4-5,8-10,12,19H,3H2,(H,17,21)(H,18,20)/t12-/m0/s1",C16H12N2O4,296.079706864,0.7801999999999998,4.81,4.14,24.8,-150.0,4.561409306518026,1,HIGHDIVERSITY_CRAFT,HsDHODH_HighDiv,5,3,91.68,2,16,4,2,0.7272727272727273,0.18181818181818182,0.09090909090909091,0.125,0.0625,22,2,1,1,2,1,1,0,0
NC1=CC=C(O)C=C1[C@H](Cl)C/C=C/C1=CC(O)=CC=C1,9/000000004,"InChI=1S/C16H16ClNO2/c17-15(14-10-13(20)7-8-16(14)18)6-2-4-11-3-1-5-12(19)9-11/h1-5,7-10,15,19-20H,6,18H2/b4-2+/t15-/m1/s1",C16H16NO2Cl,289.08695643199997,4.0634000000000015,4.81,5.6,4.94,-150.0,3.137888097080028,1,HIGHDIVERSITY_CRAFT,HsDHODH_HighDiv,3,3,66.48,4,16,2,1,0.8,0.1,0.05,0.125,0.0625,20,2,0,2,0,0,0,0,0
C#CCC1=C(/C=C\C)C=CC(C2=CC(O)=CN=C2CO)=C1N,1/000000272,"InChI=1S/C18H18N2O2/c1-3-5-12-7-8-15(18(19)14(12)6-4-2)16-9-13(22)10-20-17(16)11-21/h2-3,5,7-10,21-22H,6,11,19H2,1H3/b5-3-",C18H18N2O2,294.13682781600005,2.737500000000001,4.81,7.18,17.6,-180.0,3.3497094858122303,1,HIGHDIVERSITY_CRAFT,HsDHODH_HighDiv,4,3,79.37,4,18,2,2,0.8181818181818182,0.09090909090909091,0.09090909090909091,0.16666666666666666,0.0,22,2,0,2,1,0,1,0,0
O=C(O)C1=CC(C#CC2=CN=CC(O)=C2)=C(F)C=C1Br,1/000000006,"InChI=1S/C14H7BrFNO3/c15-12-5-13(16)9(4-11(12)14(19)20)2-1-8-3-10(18)7-17-6-8/h3-7,18H,(H,19,20)",C14H7NO3FBr,334.959333404,2.7868000000000004,4.8,4.69,19.4,0.0,2.711738732454375,1,HIGHDIVERSITY_CRAFT,HsDHODH_HighDiv,3,2,70.42,1,14,3,1,0.7,0.15,0.05,0.0,0.0,20,2,0,2,1,0,1,0,0
CC1=NC=C(O)C(O)=C1C#CC(=O)NC1=CN=CC2=C1C=CO2,1/000000142,"InChI=1S/C16H11N3O4/c1-9-10(16(22)13(20)7-18-9)2-3-15(21)19-12-6-17-8-14-11(12)4-5-23-14/h4-8,20H,1H3,(H,18,22)(H,19,21)",C16H11N3O4,309.074955832,1.9326199999999996,4.79,7.41,21.4,-60.0,3.3388827315537153,1,HIGHDIVERSITY_CRAFT,HsDHODH_HighDiv,6,3,108.48000000000002,1,16,4,3,0.6956521739130435,0.17391304347826086,0.13043478260869565,0.0625,0.0,23,3,0,3,3,0,3,0,0
O=C(O)N1C=C([N+](=O)[O-])C(CCC2=CC3=C(C=CC=C3)N2)=N1,25/000000043,"InChI=1S/C14H12N4O4/c19-14(20)17-8-13(18(21)22)12(16-17)6-5-10-7-9-3-1-2-4-11(9)15-10/h1-4,7-8,15H,5-6H2,(H,19,20)",C14H12N4O4,300.08585486400005,2.5839,4.79,4.76,3.98,-40.0,2.8755851437872533,1,HIGHDIVERSITY_CRAFT,HsDHODH_HighDiv,5,2,114.05,4,14,4,4,0.6363636363636364,0.18181818181818182,0.18181818181818182,0.14285714285714285,0.0,22,3,0,3,2,0,2,0,0
CCCC1=NC=C(O)C(O)=C1C#CC(=O)NC1CCCC1,1/000000374,"InChI=1S/C16H20N2O3/c1-2-5-13-12(16(21)14(19)10-17-13)8-9-15(20)18-11-6-3-4-7-11/h10-11,19H,2-7H2,1H3,(H,17,21)(H,18,20)",C16H20N2O3,288.1473925,1.8555999999999997,4.78,7.41,18.8,-170.0,3.053169044160983,1,HIGHDIVERSITY_CRAFT,HsDHODH_HighDiv,4,3,82.45000000000002,3,16,3,2,0.7619047619047619,0.14285714285714285,0.09523809523809523,0.5,0.0,21,2,1,1,1,0,1,0,0
O=C(CO)C1=CC(O)=C(O)C(C2=CSN=N2)=C1,3/000000097,"InChI=1S/C10H8N2O4S/c13-3-9(15)5-1-6(7-4-17-12-11-7)10(16)8(14)2-5/h1-2,4,13-14,16H,3H2",C10H8N2O4S,252.020477736,0.7912999999999997,4.78,1.93,3.58,-120.0,2.9426767291400644,1,HIGHDIVERSITY_CRAFT,HsDHODH_HighDiv,7,3,103.54,3,10,4,2,0.5882352941176471,0.23529411764705882,0.11764705882352941,0.1,0.0,17,2,0,2,1,0,1,0,0
C/C=C/C(=O)C1=CC(C2=NC=NC=N2)=C(O)C(O)=C1,3/000000178,"InChI=1S/C13H11N3O3/c1-2-3-10(17)8-4-9(12(19)11(18)5-8)13-15-6-14-7-16-13/h2-7,18-19H,1H3/b3-2+",C13H11N3O3,257.080041212,1.7085999999999995,4.76,1.55,15.0,-200.0,2.9115920494751713,1,HIGHDIVERSITY_CRAFT,HsDHODH_HighDiv,6,2,96.2,3,13,3,3,0.6842105263157895,0.15789473684210525,0.15789473684210525,0.07692307692307693,0.0,19,2,0,2,1,0,1,0,0
O=C(C#CC1=C(O)C(O)=CN=C1CS)NC1CCCC1,1/000000178,"InChI=1S/C14H16N2O3S/c17-12-7-15-11(8-20)10(14(12)19)5-6-13(18)16-9-3-1-2-4-9/h7,9,17,20H,1-4,8H2,(H,15,19)(H,16,18)",C14H16N2O3S,292.088163372,1.3329,4.75,7.91,20.1,-150.0,3.3449850261606677,1,HIGHDIVERSITY_CRAFT,HsDHODH_HighDiv,5,4,82.45,2,14,3,2,0.7,0.15,0.1,0.42857142857142855,0.0,20,2,1,1,1,0,1,0,0
OC1=CN=CC(C2=NN=C(CCC3=CC=C4CCCC4=C3)S2)=C1CS,1/000000241,"InChI=1S/C19H19N3OS2/c23-17-10-20-9-15(16(17)11-24)19-22-21-18(25-19)7-5-12-4-6-13-2-1-3-14(13)8-12/h4,6,8-10,23-24H,1-3,5,7,11H2",C19H19N3OS2,369.096954228,4.009400000000004,4.75,7.98,23.6,-120.0,2.9404284753758,1,HIGHDIVERSITY_CRAFT,HsDHODH_HighDiv,6,2,58.900000000000006,5,19,1,3,0.76,0.04,0.12,0.3157894736842105,0.0,25,4,1,3,2,0,2,0,0
O=C(C#CC1=C(O)C(O)=CN=C1CO)NCCCF,1/000000518,"InChI=1S/C12H13FN2O4/c13-4-1-5-14-11(18)3-2-8-9(7-16)15-6-10(17)12(8)19/h6,16-17H,1,4-5,7H2,(H,14,18)(H,15,19)",C12H13N2O4F,268.08593511600003,-0.1876,4.75,4.99,19.9,0.0,3.4521480559505537,1,HIGHDIVERSITY_CRAFT,HsDHODH_HighDiv,5,4,102.68,4,12,4,2,0.631578947368421,0.21052631578947367,0.10526315789473684,0.3333333333333333,0.0,19,1,0,1,1,0,1,0,0
O=C(C#CC1=C(O)C(O)=CN=C1)NC1=CC=CC=C1F,1/000000364,"InChI=1S/C14H9FN2O3/c15-10-3-1-2-4-11(10)17-13(19)6-5-9-7-16-8-12(18)14(9)20/h1-4,7-8,18H,(H,16,20)(H,17,19)",C14H9N2O3F,272.05972036800006,1.6220999999999997,4.74,4.09,19.1,0.0,2.7780171690178115,1,HIGHDIVERSITY_CRAFT,HsDHODH_HighDiv,4,3,82.45,1,14,3,2,0.7,0.15,0.1,0.0,0.0,20,2,0,2,1,0,1,0,0
O=C(C#CC1=C(O)C(O)=CN=C1CS)NC1CCCCCC1,1/000000410,"InChI=1S/C16H20N2O3S/c19-14-9-17-13(10-22)12(16(14)21)7-8-15(20)18-11-5-3-1-2-4-6-11/h9,11,19,22H,1-6,10H2,(H,17,21)(H,18,20)",C16H20N2O3S,320.1194635,2.1131,4.74,7.44,21.3,-150.0,3.234796806318271,1,HIGHDIVERSITY_CRAFT,HsDHODH_HighDiv,5,4,82.45,2,16,3,2,0.7272727272727273,0.13636363636363635,0.09090909090909091,0.5,0.0,22,2,1,1,1,0,1,0,0
C=C/C=C(/CC(N)=O)C1=CC=C(C2=C(O)C(O)=CN=C2)C=C1,1/000000257,"InChI=1S/C17H16N2O3/c1-2-3-13(8-16(18)21)11-4-6-12(7-5-11)14-9-19-10-15(20)17(14)22/h2-7,9-10,20H,1,8H2,(H2,18,21)(H,19,22)/b13-3-",C17H16N2O3,296.116092372,2.6046000000000005,4.74,6.68,17.4,-160.0,3.0332272663923057,1,HIGHDIVERSITY_CRAFT,HsDHODH_HighDiv,4,3,96.44000000000001,5,17,3,2,0.7727272727272727,0.13636363636363635,0.09090909090909091,0.058823529411764705,0.0,22,2,0,2,1,0,1,0,0
O=C(C#CC1=C(O)C(O)=CN=C1C(=O)O)N[C@@H]1C=CCS1,1/000000200,"InChI=1S/C13H10N2O5S/c16-8-6-14-11(13(19)20)7(12(8)18)3-4-9(17)15-10-2-1-5-21-10/h1-2,6,10,16H,5H2,(H,14,18)(H,15,17)(H,19,20)/t10-/m0/s1",C13H9N2O5S,306.03104242,0.2877999999999999,4.74,5.86,23.9,-150.0,4.375518309388662,1,HIGHDIVERSITY_CRAFT,HsDHODH_HighDiv,6,4,119.75000000000001,2,13,5,2,0.6190476190476191,0.23809523809523808,0.09523809523809523,0.15384615384615385,0.07692307692307693,21,2,1,1,2,1,1,0,0
CC1=NC=CC=C1NC(=O)C#CC1=C(O)C(O)=CN=C1CF,1/000000434,"InChI=1S/C15H12FN3O3/c1-9-11(3-2-6-17-9)19-14(21)5-4-10-12(7-16)18-8-13(20)15(10)22/h2-3,6,8,20H,7H2,1H3,(H,18,22)(H,19,21)",C15H12N3O3F,301.086269464,1.6559199999999996,4.72,7.39,20.9,-20.0,3.2809780860644366,1,HIGHDIVERSITY_CRAFT,HsDHODH_HighDiv,5,3,95.34,2,15,3,3,0.6818181818181818,0.13636363636363635,0.13636363636363635,0.13333333333333333,0.0,22,2,0,2,2,0,2,0,0
O=C1CNC2=C(C=CC([N+](=O)[O-])=C2C(=O)NC2=C(Cl)C=C(Cl)C=N2)N1,18/000000023,"InChI=1S/C14H9Cl2N5O4/c15-6-3-7(16)13(18-4-6)20-14(23)11-9(21(24)25)2-1-8-12(11)17-5-10(22)19-8/h1-4,17H,5H2,(H,19,22)(H,18,20,23)",C14H9N5O4Cl2,381.00315912800005,2.9129000000000005,4.72,9.25,3.58,-97.0,2.8335107679492193,1,HIGHDIVERSITY_CRAFT,HsDHODH_HighDiv,6,3,126.26,3,14,4,5,0.56,0.16,0.2,0.07142857142857142,0.0,25,3,1,2,2,1,1,0,0
C=C[C@H](NC(=O)C#CC1=C(O)C(O)=CN=C1)C1=CC(CC)=NO1,1/000000442,"InChI=1S/C16H15N3O4/c1-3-11-7-14(23-19-11)12(4-2)18-15(21)6-5-10-8-17-9-13(20)16(10)22/h4,7-9,12,20H,2-3H2,1H3,(H,17,22)(H,18,21)/t12-/m0/s1",C16H15N3O4,313.10625596000006,1.4381999999999997,4.71,2.95,25.0,-190.0,4.1093231323547315,1,HIGHDIVERSITY_CRAFT,HsDHODH_HighDiv,6,3,108.48,4,16,4,3,0.6956521739130435,0.17391304347826086,0.13043478260869565,0.1875,0.0625,23,2,0,2,2,0,2,0,0
C=C[C@@H](CBr)NC(=O)C#CC1=C(O)C(O)=CN=C1CNC,1/000000493,"InChI=1S/C14H16BrN3O3/c1-3-9(6-15)18-13(20)5-4-10-11(7-16-2)17-8-12(19)14(10)21/h3,8-9,16,19H,1,6-7H2,2H3,(H,17,21)(H,18,20)/t9-/m0/s1",C14H16N3O3Br,353.037503472,0.6293999999999997,4.71,8.51,21.3,-200.0,4.246362885683512,1,HIGHDIVERSITY_CRAFT,HsDHODH_HighDiv,5,4,94.48,5,14,3,3,0.6666666666666666,0.14285714285714285,0.14285714285714285,0.2857142857142857,0.07142857142857142,21,1,0,1,1,0,1,0,0
NNCCC(=O)C1=CC(O)=C(O)C(C2=NCON2)=C1,3/000000098,"InChI=1S/C11H14N4O4/c12-14-2-1-8(16)6-3-7(10(18)9(17)4-6)11-13-5-19-15-11/h3-4,14,17-18H,1-2,5,12H2,(H,13,15)",C11H14N4O4,266.101504928,-0.6272000000000004,4.7,0.86,17.9,-140.0,3.582017593742224,1,HIGHDIVERSITY_CRAFT,HsDHODH_HighDiv,8,5,129.2,5,11,4,4,0.5789473684210527,0.21052631578947367,0.21052631578947367,0.2727272727272727,0.0,19,2,1,1,1,1,0,0,0
C=CC1=CC(C2=C(O)C(O)=CN=C2)=CC=C1C(=C)CC(N)=O,1/000000263,"InChI=1S/C17H16N2O3/c1-3-11-7-12(14-8-19-9-15(20)17(14)22)4-5-13(11)10(2)6-16(18)21/h3-5,7-9,20H,1-2,6H2,(H2,18,21)(H,19,22)",C17H16N2O3,296.11609237199997,2.6914,4.7,7.45,17.4,-160.0,3.219595664879064,1,HIGHDIVERSITY_CRAFT,HsDHODH_HighDiv,4,3,96.44,5,17,3,2,0.7727272727272727,0.13636363636363635,0.09090909090909091,0.058823529411764705,0.0,22,2,0,2,1,0,1,0,0
O=C(CO)C1=CC(O)=C(O)C(C2=CCC=CO2)=C1,3/000000107,"InChI=1S/C13H12O5/c14-7-11(16)8-5-9(13(17)10(15)6-8)12-3-1-2-4-18-12/h2-6,14-15,17H,1,7H2",C13H12O5,248.068473484,1.5476999999999996,4.69,2.13,3.58,-160.0,3.321374810607299,1,HIGHDIVERSITY_CRAFT,HsDHODH_HighDiv,5,3,86.99000000000001,3,13,5,0,0.7222222222222222,0.2777777777777778,0.0,0.15384615384615385,0.0,18,2,1,1,1,1,0,0,0
CC#CCC1=CC(C#C[C@@H](C(=O)O)N2C=C([N+](=O)[O-])C=N2)=CC=C1O,27/000000016,"InChI=1S/C17H13N3O5/c1-2-3-4-13-9-12(6-8-16(13)21)5-7-15(17(22)23)19-11-14(10-18-19)20(24)25/h6,8-11,15,21H,4H2,1H3,(H,22,23)/t15-/m0/s1",C17H13N3O5,339.08552051600003,1.7400999999999995,4.69,2.54,3.84,-170.0,3.832468019470583,1,HIGHDIVERSITY_CRAFT,HsDHODH_HighDiv,6,2,118.49,4,17,5,3,0.68,0.2,0.12,0.17647058823529413,0.058823529411764705,25,2,0,2,1,0,1,0,0
C=C(CCl)[C@@H](CBr)NC(=O)C#CC1=C(O)C(O)=CN=C1,1/000000460,"InChI=1S/C13H12BrClN2O3/c1-8(5-15)10(4-14)17-12(19)3-2-9-6-16-7-11(18)13(9)20/h6-7,10,18H,1,4-5H2,(H,16,20)(H,17,19)/t10-/m1/s1",C13H12N2O3ClBr,357.97198202399994,1.5189999999999997,4.68,5.51,21.0,-150.0,4.223039379131309,1,HIGHDIVERSITY_CRAFT,HsDHODH_HighDiv,4,3,82.45,4,13,3,2,0.65,0.15,0.1,0.23076923076923078,0.07692307692307693,20,1,0,1,1,0,1,0,0
C#CCC1=C(/C=C\CCO)C=CC(C2=CN=CC(O)=C2)=C1N,1/000000323,"InChI=1S/C18H18N2O2/c1-2-5-16-13(6-3-4-9-21)7-8-17(18(16)19)14-10-15(22)12-20-11-14/h1,3,6-8,10-12,21-22H,4-5,9,19H2/b6-3-",C18H18N2O2,294.13682781600005,2.6076999999999995,4.67,5.99,17.6,-160.0,3.1476531338616933,1,HIGHDIVERSITY_CRAFT,HsDHODH_HighDiv,4,3,79.37,5,18,2,2,0.8181818181818182,0.09090909090909091,0.09090909090909091,0.16666666666666666,0.0,22,2,0,2,1,0,1,0,0
C=C(CC(N)=O)C1=CC=C(C2=C(O)C(O)=CN=C2)C=C1,1/000000061,"InChI=1S/C15H14N2O3/c1-9(6-14(16)19)10-2-4-11(5-3-10)12-7-17-8-13(18)15(12)20/h2-5,7-8,18H,1,6H2,(H2,16,19)(H,17,20)",C15H14N2O3,270.100442308,2.0484,4.66,5.79,15.2,-160.0,2.75526348769913,1,HIGHDIVERSITY_CRAFT,HsDHODH_HighDiv,4,3,96.44000000000001,4,15,3,2,0.75,0.15,0.1,0.06666666666666667,0.0,20,2,0,2,1,0,1,0,0
C/C=C/C1=CC=C(C2=C(O)C(O)=CN=C2)C=C1,1/000000055,"InChI=1S/C14H13NO2/c1-2-3-10-4-6-11(7-5-10)12-8-15-9-13(16)14(12)17/h2-9,16H,1H3,(H,15,17)/b3-2+",C14H13NO2,227.094628656,3.1929000000000025,4.66,3.84,11.0,-180.0,2.4893194664559406,1,HIGHDIVERSITY_CRAFT,HsDHODH_HighDiv,3,2,53.35,2,14,2,1,0.8235294117647058,0.11764705882352941,0.058823529411764705,0.07142857142857142,0.0,17,2,0,2,1,0,1,0,0
O=C(C#C[C@@H](O)C1=C(N[SH](=O)=O)C=CC=C1O)C1=CC=CO1,30/000000017,"InChI=1S/C14H11NO6S/c16-10(13-5-2-8-21-13)6-7-12(18)14-9(15-22(19)20)3-1-4-11(14)17/h1-5,8,12,17-18,22H,(H,15,19,20)/t12-/m1/s1",C14H11NO6S,321.03070807200004,0.8432,4.65,6.96,3.58,-150.0,4.130674095193127,1,HIGHDIVERSITY_CRAFT,HsDHODH_HighDiv,6,4,116.84,4,14,6,1,0.6363636363636364,0.2727272727272727,0.045454545454545456,0.07142857142857142,0.07142857142857142,22,2,0,2,1,0,1,0,0
O=C(C[C@H](CCl)[N+](=O)[O-])C1=CC(Br)=C(O)C(CO)=C1,3/000000055,"InChI=1S/C11H11BrClNO5/c12-9-2-6(1-7(5-15)11(9)17)10(16)3-8(4-13)14(18)19/h1-2,8,15,17H,3-5H2/t8-/m1/s1",C11H11NO5ClBr,350.950912232,2.1039000000000003,4.65,2.63,2.48,-150.0,3.5482255529054143,1,HIGHDIVERSITY_CRAFT,HsDHODH_HighDiv,5,2,100.67,6,11,5,1,0.5789473684210527,0.2631578947368421,0.05263157894736842,0.36363636363636365,0.09090909090909091,19,1,0,1,0,0,0,0,0
O=C(O)[C@H](C#CC1=CC(CCSS)=CC=C1)N1C=C([N+](=O)[O-])C=N1,27/000000018,"InChI=1S/C15H13N3O4S2/c19-15(20)14(17-10-13(9-16-17)18(21)22)5-4-11-2-1-3-12(8-11)6-7-24-23/h1-3,8-10,14,23H,6-7H2,(H,19,20)/t14-/m0/s1",C15H13N3O4S2,363.034747896,2.5892,4.65,1.86,3.98,-153.0,3.768365725655646,1,HIGHDIVERSITY_CRAFT,HsDHODH_HighDiv,7,2,98.25999999999999,6,15,4,3,0.625,0.16666666666666666,0.125,0.2,0.06666666666666667,24,2,0,2,1,0,1,0,0
O=C(C#CC1=C(O)C(O)=CN=C1CBr)N[C@H](C=S)CCl,1/000000539,"InChI=1S/C12H10BrClN2O3S/c13-3-9-8(12(19)10(17)5-15-9)1-2-11(18)16-7(4-14)6-20/h5-7,17H,3-4H2,(H,15,19)(H,16,18)/t7-/m0/s1",C12H10N2O3SClBr,375.92840295999997,1.4625,4.65,7.83,23.1,-150.0,4.527836815028745,1,HIGHDIVERSITY_CRAFT,HsDHODH_HighDiv,5,3,82.45,4,12,3,2,0.6,0.15,0.1,0.25,0.08333333333333333,20,1,0,1,1,0,1,0,0
O=C(O)N1C=C([N+](=O)[O-])C(CCC2=CC3=C(C=C2)N=C(O)N3)=N1,25/000000013,"InChI=1S/C13H11N5O5/c19-12-14-8-3-1-7(5-10(8)15-12)2-4-9-11(18(22)23)6-17(16-9)13(20)21/h1,3,5-6H,2,4H2,(H,20,21)(H2,14,15,19)",C13H10N5O5,317.0760184520001,1.6844999999999994,4.65,4.66,3.98,-40.0,3.1543534748969098,1,HIGHDIVERSITY_CRAFT,HsDHODH_HighDiv,7,3,147.17000000000002,4,13,5,5,0.5652173913043478,0.21739130434782608,0.21739130434782608,0.15384615384615385,0.0,23,3,0,3,2,0,2,0,0
CCC[C@H](C=S)NC(=O)C#CC1=C(O)C(O)=CN=C1,1/000000505,"InChI=1S/C13H14N2O3S/c1-2-3-10(8-19)15-12(17)5-4-9-6-14-7-11(16)13(9)18/h6-8,10,16H,2-3H2,1H3,(H,14,18)(H,15,17)/t10-/m1/s1",C13H14N2O3S,278.072513308,1.1288999999999996,4.65,6.2,20.3,-170.0,4.134882191958669,1,HIGHDIVERSITY_CRAFT,HsDHODH_HighDiv,5,3,82.45,4,13,3,2,0.6842105263157895,0.15789473684210525,0.10526315789473684,0.3076923076923077,0.07692307692307693,19,1,0,1,1,0,1,0,0
C#CC1=NC=C(O)C(O)=C1C#CC(=O)NC1=CN=CC=C1,1/000000236,"InChI=1S/C15H9N3O3/c1-2-12-11(15(21)13(19)9-17-12)5-6-14(20)18-10-4-3-7-16-8-10/h1,3-4,7-9,19H,(H,17,21)(H,18,20)",C15H9N3O3,279.064391148,0.8592999999999997,4.64,6.34,21.0,0.0,3.281001638685103,1,HIGHDIVERSITY_CRAFT,HsDHODH_HighDiv,5,3,95.34000000000002,1,15,3,3,0.7142857142857143,0.14285714285714285,0.14285714285714285,0.0,0.0,21,2,0,2,2,0,2,0,0
O=C(O)[C@H](C#CC1=CC=C(O)C(Cl)=C1)N1C=C([N+](=O)[O-])C=N1,27/000000015,"InChI=1S/C13H8ClN3O5/c14-10-5-8(2-4-12(10)18)1-3-11(13(19)20)16-7-9(6-15-16)17(21)22/h2,4-7,11,18H,(H,19,20)/t11-/m0/s1",C13H8N3O5Cl,321.015248036,1.8276999999999999,4.64,3.01,2.61,-150.0,3.5005802742599617,1,HIGHDIVERSITY_CRAFT,HsDHODH_HighDiv,6,2,118.49,3,13,5,3,0.5909090909090909,0.22727272727272727,0.13636363636363635,0.07692307692307693,0.07692307692307693,22,2,0,2,1,0,1,0,0
CCCCNC(=O)C#CC1=C(O)C(O)=CN=C1C(=O)O,1/000000420,"InChI=1S/C13H14N2O5/c1-2-3-6-14-10(17)5-4-8-11(13(19)20)15-7-9(16)12(8)18/h7,16H,2-3,6H2,1H3,(H,14,17)(H,15,18)(H,19,20)",C13H13N2O5,278.090271548,0.45879999999999993,4.64,5.69,20.0,-20.0,3.0673440005196424,1,HIGHDIVERSITY_CRAFT,HsDHODH_HighDiv,5,4,119.75000000000001,4,13,5,2,0.65,0.25,0.1,0.3076923076923077,0.0,20,1,0,1,1,0,1,0,0
O=C(C#CC1=C(O)C(O)=CN=C1)NC1CCCCC1,1/000000106,"InChI=1S/C14H16N2O3/c17-12-9-15-8-10(14(12)19)6-7-13(18)16-11-4-2-1-3-5-11/h8-9,11,17H,1-5H2,(H,15,19)(H,16,18)",C14H16N2O3,260.116092372,1.2932,4.61,4.91,17.6,-150.0,2.9507668922424664,1,HIGHDIVERSITY_CRAFT,HsDHODH_HighDiv,4,3,82.45,1,14,3,2,0.7368421052631579,0.15789473684210525,0.10526315789473684,0.42857142857142855,0.0,19,2,1,1,1,0,1,0,0
C=C(CC(=O)O)C1=CC=C(C2=C(O)C(O)=CN=C2)C=C1,1/000000314,"InChI=1S/C15H13NO4/c1-9(6-14(18)19)10-2-4-11(5-3-10)12-7-16-8-13(17)15(12)20/h2-5,7-8,17H,1,6H2,(H,16,20)(H,18,19)",C15H13NO4,271.084457896,2.6477000000000013,4.61,5.43,15.0,-160.0,2.697484746440388,1,HIGHDIVERSITY_CRAFT,HsDHODH_HighDiv,4,3,90.65,4,15,4,1,0.75,0.2,0.05,0.06666666666666667,0.0,20,2,0,2,1,0,1,0,0
NNCCNC1=CC=C(O)C(C2=NN(CS)C(/C=C/CO)=C2)=C1,3/000000016,"InChI=1S/C15H21N5O2S/c16-18-6-5-17-11-3-4-15(22)13(8-11)14-9-12(2-1-7-21)20(10-23)19-14/h1-4,8-9,17-18,21-23H,5-7,10,16H2/b2-1+",C15H21N5O2S,335.141595912,1.0237000000000003,4.61,2.72,23.7,-140.0,3.3690588262282724,1,HIGHDIVERSITY_CRAFT,HsDHODH_HighDiv,8,6,108.36,8,15,2,5,0.6521739130434783,0.08695652173913043,0.21739130434782608,0.26666666666666666,0.0,23,2,0,2,1,0,1,0,0
O=C(C#CC1=CN=CC(O)=C1O)NC1=CC=CC=C1O,1/000000090,"InChI=1S/C14H10N2O4/c17-11-4-2-1-3-10(11)16-13(19)6-5-9-7-15-8-12(18)14(9)20/h1-4,7-8,17-18H,(H,15,20)(H,16,19)",C14H10N2O4,270.0640568,1.1885999999999997,4.61,4.28,17.6,0.0,2.871092993193635,1,HIGHDIVERSITY_CRAFT,HsDHODH_HighDiv,5,4,102.68,1,14,4,2,0.7,0.2,0.1,0.0,0.0,20,2,0,2,1,0,1,0,0
C=CC(=O)C1=CC(O)=C(O)C(C2=CCC=C2)=C1,3/000000110,"InChI=1S/C14H12O3/c1-2-12(15)10-7-11(9-5-3-4-6-9)14(17)13(16)8-10/h2-3,5-8,16-17H,1,4H2",C14H12O3,228.078644244,2.809800000000002,4.61,1.33,3.58,-140.0,3.1483628175197698,1,HIGHDIVERSITY_CRAFT,HsDHODH_HighDiv,3,2,57.53,3,14,3,0,0.8235294117647058,0.17647058823529413,0.0,0.07142857142857142,0.0,17,2,1,1,0,0,0,0,0
C=C[C@@H](CBr)NC(=O)C#CC1=C(O)C(O)=CN=C1,1/000000163,"InChI=1S/C12H11BrN2O3/c1-2-9(5-13)15-11(17)4-3-8-6-14-7-10(16)12(8)18/h2,6-7,9,16H,1,5H2,(H,14,18)(H,15,17)/t9-/m0/s1",C12H11N2O3Br,309.99530431200003,0.9099999999999997,4.6,4.76,18.7,-150.0,4.204382861118495,1,HIGHDIVERSITY_CRAFT,HsDHODH_HighDiv,4,3,82.45,3,12,3,2,0.6666666666666666,0.16666666666666666,0.1111111111111111,0.16666666666666666,0.08333333333333333,18,1,0,1,1,0,1,0,0
CC1=NC=CC=C1NC(=O)C#CC1=C(O)C(O)=CN=C1C,1/000000513,"InChI=1S/C15H13N3O3/c1-9-11(15(21)13(19)8-17-9)5-6-14(20)18-12-4-3-7-16-10(12)2/h3-4,7-8,19H,1-2H3,(H,17,21)(H,18,20)",C15H13N3O3,283.095691276,1.4948399999999995,4.6,7.15,18.2,-80.0,3.0427080766655905,1,HIGHDIVERSITY_CRAFT,HsDHODH_HighDiv,5,3,95.34,1,15,3,3,0.7142857142857143,0.14285714285714285,0.14285714285714285,0.13333333333333333,0.0,21,2,0,2,2,0,2,0,0
NCC#CC1=CC(=O)N(C/C=C/[C@@H](O)C2=NC=C(Cl)C=C2)N1,5/000000006,"InChI=1S/C15H15ClN4O2/c16-11-5-6-13(18-10-11)14(21)4-2-8-20-15(22)9-12(19-20)3-1-7-17/h2,4-6,9-10,14,19,21H,7-8,17H2/b4-2+/t14-/m1/s1",C15H15N4O2Cl,318.0883534000001,0.8247999999999995,4.6,4.91,23.5,-150.0,4.160509554656984,1,HIGHDIVERSITY_CRAFT,HsDHODH_HighDiv,5,3,96.93,4,15,2,4,0.6818181818181818,0.09090909090909091,0.18181818181818182,0.2,0.06666666666666667,22,2,0,2,2,0,2,0,0
CC1=NC=C(O)C(O)=C1C#CC(=O)NC1=CC=CN=C1O,1/000000357,"InChI=1S/C14H11N3O4/c1-8-9(13(20)11(18)7-16-8)4-5-12(19)17-10-3-2-6-15-14(10)21/h2-3,6-7,18H,1H3,(H,15,21)(H,16,20)(H,17,19)",C14H11N3O4,285.074955832,0.8920199999999998,4.59,5.78,18.8,-20.0,3.2734709413870764,1,HIGHDIVERSITY_CRAFT,HsDHODH_HighDiv,6,4,115.57000000000002,1,14,4,3,0.6666666666666666,0.19047619047619047,0.14285714285714285,0.07142857142857142,0.0,21,2,0,2,2,0,2,0,0
C=CCC(=O)C1=CC=C(O)C(C2=CC(Cl)=C(CC=C)C(N)=C2)=C1,3/000000077,"InChI=1S/C19H18ClNO2/c1-3-5-14-16(20)10-13(11-17(14)21)15-9-12(7-8-19(15)23)18(22)6-4-2/h3-4,7-11,23H,1-2,5-6,21H2",C19H18NO2Cl,327.102606496,4.782100000000003,4.59,3.93,17.9,-160.0,2.8041947180287785,1,HIGHDIVERSITY_CRAFT,HsDHODH_HighDiv,3,2,63.31999999999999,6,19,2,1,0.8260869565217391,0.08695652173913043,0.043478260869565216,0.10526315789473684,0.0,23,2,0,2,0,0,0,0,0
CC(=O)C/C=C/C1=CC=C(C2=C(O)C(O)=CN=C2)C=C1,1/000000254,"InChI=1S/C16H15NO3/c1-11(18)3-2-4-12-5-7-13(8-6-12)14-9-17-10-15(19)16(14)20/h2,4-10,19H,3H2,1H3,(H,17,20)/b4-2+",C16H15NO3,269.10519334,3.1521000000000017,4.59,5.85,14.4,-180.0,2.6517773338529764,1,HIGHDIVERSITY_CRAFT,HsDHODH_HighDiv,4,2,70.42,4,16,3,1,0.8,0.15,0.05,0.125,0.0,20,2,0,2,1,0,1,0,0
O=C1CNC2=C(C=CC=C2C(=O)NC2=C(O)C=C(CBr)C(CCl)=C2)N1,18/000000019,"InChI=1S/C17H15BrClN3O3/c18-6-9-5-14(23)13(4-10(9)7-19)22-17(25)11-2-1-3-12-16(11)20-8-15(24)21-12/h1-5,20,23H,6-8H2,(H,21,24)(H,22,25)",C17H15N3O3ClBr,422.99853112000005,3.6422000000000008,4.59,7.42,3.7,-80.0,2.928369477934885,1,HIGHDIVERSITY_CRAFT,HsDHODH_HighDiv,4,4,90.46000000000001,4,17,3,3,0.68,0.12,0.12,0.17647058823529413,0.0,25,3,1,2,1,1,0,0,0
O=C(O)C1=C(O)C=C(C2=NN=C(S)O2)C=C1Br,3/000000047,"InChI=1S/C9H5BrN2O4S/c10-4-1-3(7-11-12-9(17)16-7)2-5(13)6(4)8(14)15/h1-2,13H,(H,12,17)(H,14,15)",C9H5N2O4SBr,315.91533974000004,2.1915999999999993,4.58,2.59,20.6,-160.0,2.946261230669988,1,HIGHDIVERSITY_CRAFT,HsDHODH_HighDiv,6,3,96.45,2,9,4,2,0.5294117647058824,0.23529411764705882,0.11764705882352941,0.0,0.0,17,2,0,2,1,0,1,0,0
O=C(C#CC1=C(O)C(O)=CN=C1)NC1=CC=CC=C1,1/000000086,"InChI=1S/C14H10N2O3/c17-12-9-15-8-10(14(12)19)6-7-13(18)16-11-4-2-1-3-5-11/h1-5,8-9,17H,(H,15,19)(H,16,18)",C14H10N2O3,254.06914218,1.4829999999999999,4.58,3.92,16.4,0.0,2.6836002255757982,1,HIGHDIVERSITY_CRAFT,HsDHODH_HighDiv,4,3,82.45,1,14,3,2,0.7368421052631579,0.15789473684210525,0.10526315789473684,0.0,0.0,19,2,0,2,1,0,1,0,0
C[C@H](CCN)NC(=O)C#CC1=C(O)C(O)=CN=C1CS,1/000000421,"InChI=1S/C13H17N3O3S/c1-8(4-5-14)16-12(18)3-2-9-10(7-20)15-6-11(17)13(9)19/h6,8,17,20H,4-5,7,14H2,1H3,(H,15,19)(H,16,18)/t8-/m1/s1",C13H17N3O3S,295.09906240400005,0.12759999999999988,4.58,8.41,20.5,-170.0,4.066252199644129,1,HIGHDIVERSITY_CRAFT,HsDHODH_HighDiv,6,5,108.47,4,13,3,3,0.65,0.15,0.15,0.38461538461538464,0.07692307692307693,20,1,0,1,1,0,1,0,0
COC/C=C/C1=CC=C(C2=C(O)C(O)=CN=C2)C=C1,1/000000049,"InChI=1S/C15H15NO3/c1-19-8-2-3-11-4-6-12(7-5-11)13-9-16-10-14(17)15(13)18/h2-7,9-10,17H,8H2,1H3,(H,16,18)/b3-2+",C15H15NO3,257.10519334,2.8194000000000017,4.57,5.22,12.8,-180.0,2.575177148652722,1,HIGHDIVERSITY_CRAFT,HsDHODH_HighDiv,4,2,62.58,4,15,3,1,0.7894736842105263,0.15789473684210525,0.05263157894736842,0.13333333333333333,0.0,19,2,0,2,1,0,1,0,0
NNCCC(=O)C1=CC(O)=C(O)C=C1CBr,3/000000122,"InChI=1S/C10H13BrN2O3/c11-5-6-3-9(15)10(16)4-7(6)8(14)1-2-13-12/h3-4,13,15-16H,1-2,5,12H2",C10H13N2O3Br,288.01095437600003,1.0288,4.57,3.17,2.35,0.0,2.927796060321498,1,HIGHDIVERSITY_CRAFT,HsDHODH_HighDiv,5,4,95.58,5,10,3,2,0.625,0.1875,0.125,0.3,0.0,16,1,0,1,0,0,0,0,0
C/C=C\C1=C(O)C(O)=C(C#CC(=O)NC2=CC(O)=CC=C2F)C=N1,1/000000162,"InChI=1S/C17H13FN2O4/c1-2-3-13-17(24)16(23)10(9-19-13)4-7-15(22)20-14-8-11(21)5-6-12(14)18/h2-3,5-6,8-9,21,24H,1H3,(H,19,23)(H,20,22)/b3-2-",C17H13N2O4F,328.08593511600003,2.360800000000001,4.57,5.89,23.1,-20.0,3.2564635732207883,1,HIGHDIVERSITY_CRAFT,HsDHODH_HighDiv,5,4,102.68,2,17,4,2,0.7083333333333334,0.16666666666666666,0.08333333333333333,0.058823529411764705,0.0,24,2,0,2,1,0,1,0,0
O=[N+]([O-])C1=CC=C(C2=CC(O)=CN=C2)C=C1O,1/000000003,"InChI=1S/C11H8N2O4/c14-9-3-8(5-12-6-9)7-1-2-10(13(16)17)11(15)4-7/h1-6,14-15H",C11H8N2O4,232.048406736,2.068,4.57,3.09,13.4,-160.0,2.289474110482127,1,HIGHDIVERSITY_CRAFT,HsDHODH_HighDiv,5,2,96.49000000000001,2,11,4,2,0.6470588235294118,0.23529411764705882,0.11764705882352941,0.0,0.0,17,2,0,2,1,0,1,0,0
O=C(C[C@H](CCl)[N+](=O)[O-])C1=C(S)C(Br)=CC(O)=C1,3/000000043,"InChI=1S/C10H9BrClNO4S/c11-8-3-6(14)2-7(10(8)18)9(15)1-5(4-12)13(16)17/h2-3,5,14,18H,1,4H2/t5-/m1/s1",C10H9NO4SClBr,352.912418548,2.9003000000000005,4.56,2.19,5.09,-170.0,3.972951884799981,1,HIGHDIVERSITY_CRAFT,HsDHODH_HighDiv,5,2,80.44,5,10,4,1,0.5555555555555556,0.2222222222222222,0.05555555555555555,0.3,0.1,18,1,0,1,0,0,0,0,0
C=CC1=CC=C(C2=C(O)C(O)=CN=C2)C=C1,1/000000036,"InChI=1S/C13H11NO2/c1-2-9-3-5-10(6-4-9)11-7-14-8-12(15)13(11)16/h2-8,15H,1H2,(H,14,16)",C13H11NO2,213.078978592,2.8028000000000013,4.56,3.5,10.4,-160.0,2.4787853984252557,1,HIGHDIVERSITY_CRAFT,HsDHODH_HighDiv,3,2,53.35,2,13,2,1,0.8125,0.125,0.0625,0.0,0.0,16,2,0,2,1,0,1,0,0
O=C1C=C(/C=C/COC2=CC(O)=C([N+](=O)[O-])C=C2F)C(=O)C(CO)=C1,23/000000003,"InChI=1S/C16H12FNO7/c17-12-6-13(18(23)24)14(21)7-15(12)25-3-1-2-9-4-11(20)5-10(8-19)16(9)22/h1-2,4-7,19,21H,3,8H2/b2-1+",C16H12NO7F,349.05977994399996,1.3713999999999997,4.56,6.49,6.58,0.0,3.206230195452661,1,HIGHDIVERSITY_CRAFT,HsDHODH_HighDiv,7,2,126.97000000000001,6,16,7,1,0.64,0.28,0.04,0.125,0.0,25,2,1,1,0,0,0,0,0
C=CCNC(=O)C#CC1=C(O)C(O)=CN=C1CO,1/000000473,"InChI=1S/C12H12N2O4/c1-2-5-13-11(17)4-3-8-9(7-15)14-6-10(16)12(8)18/h2,6,15-16H,1,5,7H2,(H,13,17)(H,14,18)",C12H12N2O4,248.079706864,-0.3612000000000001,4.56,5.68,18.2,0.0,3.4696389738726054,1,HIGHDIVERSITY_CRAFT,HsDHODH_HighDiv,5,4,102.68,3,12,4,2,0.6666666666666666,0.2222222222222222,0.1111111111111111,0.16666666666666666,0.0,18,1,0,1,1,0,1,0,0
CCC1=C[C@@H](NC(=O)C#CC2=C(O)C(O)=CN=C2C=S)C=C1,1/000000468,"InChI=1S/C16H14N2O3S/c1-2-10-3-4-11(7-10)18-15(20)6-5-12-13(9-22)17-8-14(19)16(12)21/h3-4,7-9,11,19H,2H2,1H3,(H,17,21)(H,18,20)/t11-/m0/s1",C16H14N2O3S,314.072513308,1.5830999999999997,4.55,8.74,24.5,-170.0,4.592761106542433,1,HIGHDIVERSITY_CRAFT,HsDHODH_HighDiv,5,3,82.45,3,16,3,2,0.7272727272727273,0.13636363636363635,0.09090909090909091,0.1875,0.0625,22,2,1,1,1,0,1,0,0
NC/C=C/[C@H](/C=C/C1=NCON1)[N+](=O)[O-],10/000000003,"InChI=1S/C8H12N4O3/c9-5-1-2-7(12(13)14)3-4-8-10-6-15-11-8/h1-4,7H,5-6,9H2,(H,10,11)/b2-1+,4-3+/t7-/m1/s1",C8H12N4O3,212.090940244,-0.4063999999999998,4.55,2.34,2.22,-150.0,5.199715310602397,1,HIGHDIVERSITY_CRAFT,HsDHODH_HighDiv,6,2,102.78,5,8,3,4,0.5333333333333333,0.2,0.26666666666666666,0.375,0.125,15,1,1,0,1,1,0,0,0
O=C(C#CC1=C(O)C(O)=CN=C1CO)NCCS,1/000000545,"InChI=1S/C11H12N2O4S/c14-6-8-7(11(17)9(15)5-13-8)1-2-10(16)12-3-4-18/h5,14-15,18H,3-4,6H2,(H,12,16)(H,13,17)",C11H12N2O4S,268.05177786400003,-0.6174000000000002,4.55,5.24,19.1,0.0,3.57505059082708,1,HIGHDIVERSITY_CRAFT,HsDHODH_HighDiv,6,5,102.68,3,11,4,2,0.6111111111111112,0.2222222222222222,0.1111111111111111,0.2727272727272727,0.0,18,1,0,1,1,0,1,0,0
NC1=C(C#C[C@@H](O)C2=CC=CC=C2O)C(CBr)=NN1,30/000000028,"InChI=1S/C13H12BrN3O2/c14-7-10-8(13(15)17-16-10)5-6-12(19)9-3-1-2-4-11(9)18/h1-4,12,18-19H,7H2,(H3,15,16,17)/t12-/m1/s1",C13H12N3O2Br,321.01128872400005,1.6774999999999995,4.54,5.52,2.22,-150.0,3.662345918652875,1,HIGHDIVERSITY_CRAFT,HsDHODH_HighDiv,4,4,95.16,2,13,2,3,0.6842105263157895,0.10526315789473684,0.15789473684210525,0.15384615384615385,0.07692307692307693,19,2,0,2,1,0,1,0,0
O=C(C#CC1=C(O)C(O)=CN=C1)NC1=CC=CC(O)=C1,1/000000092,"InChI=1S/C14H10N2O4/c17-11-3-1-2-10(6-11)16-13(19)5-4-9-7-15-8-12(18)14(9)20/h1-3,6-8,17-18H,(H,15,20)(H,16,19)",C14H10N2O4,270.0640568,1.1885999999999997,4.54,4.33,17.6,0.0,2.879924861325504,1,HIGHDIVERSITY_CRAFT,HsDHODH_HighDiv,5,4,102.68,1,14,4,2,0.7,0.2,0.1,0.0,0.0,20,2,0,2,1,0,1,0,0
C=CC1=CC=C(C2=C(O)C(O)=CN=C2)C=C1CO,1/000000248,"InChI=1S/C14H13NO3/c1-2-9-3-4-10(5-11(9)8-16)12-6-15-7-13(17)14(12)18/h2-7,16-17H,1,8H2,(H,15,18)",C14H13NO3,243.089543276,2.295100000000001,4.54,4.45,12.2,-160.0,2.8242065029149916,1,HIGHDIVERSITY_CRAFT,HsDHODH_HighDiv,4,3,73.58,3,14,3,1,0.7777777777777778,0.16666666666666666,0.05555555555555555,0.07142857142857142,0.0,18,2,0,2,1,0,1,0,0
O=N[C@H](C#CCN1CCCC1)C1=C(OP(=O)(O)O)C=CC=C1O,30/000000012,"InChI=1S/C14H17N2O6P/c17-12-6-3-7-13(22-23(19,20)21)14(12)11(15-18)5-4-10-16-8-1-2-9-16/h3,6-7,11,17H,1-2,8-10H2,(H2,19,20,21)/t11-/m1/s1",C14H17N2O6P,340.082422894,1.7704,4.53,6.6,24.6,-150.0,3.727638757354731,1,HIGHDIVERSITY_CRAFT,HsDHODH_HighDiv,6,3,119.66000000000001,5,14,6,2,0.6086956521739131,0.2608695652173913,0.08695652173913043,0.42857142857142855,0.07142857142857142,23,2,1,1,1,1,0,0,0
CCOCCCNC(=O)C#CC1=C(O)C(O)=CN=C1C(=O)O,1/000000536,"InChI=1S/C14H16N2O6/c1-2-22-7-3-6-15-11(18)5-4-9-12(14(20)21)16-8-10(17)13(9)19/h8,17H,2-3,6-7H2,1H3,(H,15,18)(H,16,19)(H,20,21)",C14H15N2O6,308.10083623199995,0.08529999999999982,4.53,4.87,21.8,-80.0,3.091308741802141,1,HIGHDIVERSITY_CRAFT,HsDHODH_HighDiv,6,4,128.98,6,14,6,2,0.6363636363636364,0.2727272727272727,0.09090909090909091,0.35714285714285715,0.0,22,1,0,1,1,0,1,0,0
CC(=O)C1=CC(O)=C(O)C(C2=NON=C2)=C1,3/000000085,"InChI=1S/C10H8N2O4/c1-5(13)6-2-7(8-4-11-16-12-8)10(15)9(14)3-6/h2-4,14-15H,1H3",C10H8N2O4,220.048406736,1.3503999999999996,4.53,1.12,17.0,-140.0,3.106848125697981,1,HIGHDIVERSITY_CRAFT,HsDHODH_HighDiv,6,2,96.45,2,10,4,2,0.625,0.25,0.125,0.1,0.0,16,2,0,2,1,0,1,0,0
CC1=C(O)C(O)=C(C#CC(=O)NC2=CC=CC=C2F)C=N1,1/000000544,"InChI=1S/C15H11FN2O3/c1-9-14(20)15(21)10(8-17-9)6-7-13(19)18-12-5-3-2-4-11(12)16/h2-5,8,20H,1H3,(H,17,21)(H,18,19)",C15H11N2O3F,286.07537043200006,1.9305199999999993,4.52,5.02,19.7,-20.0,2.7472478644640006,1,HIGHDIVERSITY_CRAFT,HsDHODH_HighDiv,4,3,82.45,1,15,3,2,0.7142857142857143,0.14285714285714285,0.09523809523809523,0.06666666666666667,0.0,21,2,0,2,1,0,1,0,0
O=C(C#CC1=C(O)C(O)=CN=C1)NC1=CC=CN=C1[C@@H]1CN1,1/000000128,"InChI=1S/C15H12N4O3/c20-12-8-16-6-9(15(12)22)3-4-13(21)19-10-2-1-5-17-14(10)11-7-18-11/h1-2,5-6,8,11,18,20H,7H2,(H,16,22)(H,19,21)/t11-/m0/s1",C15H12N4O3,296.090940244,0.5222999999999999,4.52,6.92,20.0,-190.0,3.7497991328207543,1,HIGHDIVERSITY_CRAFT,HsDHODH_HighDiv,6,4,117.28,2,15,3,4,0.6818181818181818,0.13636363636363635,0.18181818181818182,0.13333333333333333,0.06666666666666667,22,3,1,2,3,1,2,0,0
NC/C=C/C1=C(S)C=C(C2=CC=CC(C(=O)C(=O)O)=C2)C=C1,3/000000061,"InChI=1S/C17H15NO3S/c18-8-2-5-11-6-7-13(10-15(11)22)12-3-1-4-14(9-12)16(19)17(20)21/h1-7,9-10,22H,8,18H2,(H,20,21)/b5-2+",C17H14NO3S,313.07726434,2.881500000000001,4.52,2.21,5.09,-180.0,2.6886804820291275,1,HIGHDIVERSITY_CRAFT,HsDHODH_HighDiv,4,3,80.39,5,17,3,1,0.7727272727272727,0.13636363636363635,0.045454545454545456,0.058823529411764705,0.0,22,2,0,2,0,0,0,0,0
C=CC(=O)C1=CC(C2=CC=NO2)=C(O)C(O)=C1,3/000000091,"InChI=1S/C12H9NO4/c1-2-9(14)7-5-8(11-3-4-13-17-11)12(16)10(15)6-7/h2-6,15-16H,1H2",C12H9NO4,231.053157768,2.121500000000001,4.5,1.05,3.58,-140.0,2.9526724738209165,1,HIGHDIVERSITY_CRAFT,HsDHODH_HighDiv,5,2,83.56,3,12,4,1,0.7058823529411765,0.23529411764705882,0.058823529411764705,0.0,0.0,17,2,0,2,1,0,1,0,0
O=C(CO)C1=NC=C(O)C=C1C1=CC=C(CCF)C=C1,1/000000057,"InChI=1S/C15H14FNO3/c16-6-5-10-1-3-11(4-2-10)13-7-12(19)8-17-15(13)14(20)9-18/h1-4,7-8,18-19H,5-6,9H2",C15H14NO3F,275.095771528,2.1411999999999995,4.5,4.06,15.5,-160.0,2.5938089272595697,1,HIGHDIVERSITY_CRAFT,HsDHODH_HighDiv,4,2,70.42,5,15,3,1,0.75,0.15,0.05,0.2,0.0,20,2,0,2,1,0,1,0,0
O=C(C#CC1=C(O)C(O)=CN=C1C(=O)O)NCCCl,1/000000456,"InChI=1S/C11H9ClN2O5/c12-3-4-13-8(16)2-1-6-9(11(18)19)14-5-7(15)10(6)17/h5,15H,3-4H2,(H,13,16)(H,14,17)(H,18,19)",C11H8N2O5Cl,284.01999906800006,-0.10250000000000026,4.5,4.37,20.5,0.0,3.326147586058453,1,HIGHDIVERSITY_CRAFT,HsDHODH_HighDiv,5,4,119.75000000000001,3,11,5,2,0.5789473684210527,0.2631578947368421,0.10526315789473684,0.18181818181818182,0.0,19,1,0,1,1,0,1,0,0
NNCC1=C(O)C(O)=CC(C(=O)OC(F)F)=C1,3/000000096,"InChI=1S/C9H10F2N2O4/c10-9(11)17-8(16)4-1-5(3-13-12)7(15)6(14)2-4/h1-2,9,13-15H,3,12H2",C9H10N2O4F2,248.06086324,0.4404999999999998,4.5,0.98,18.2,-170.0,2.9017435049174782,1,HIGHDIVERSITY_CRAFT,HsDHODH_HighDiv,6,4,104.81000000000002,4,9,4,2,0.5294117647058824,0.23529411764705882,0.11764705882352941,0.2222222222222222,0.0,17,1,0,1,0,0,0,0,0
C=CCC1=CC(O)=C(O)C=C1C(=O)CCNN,3/000000082,"InChI=1S/C12H16N2O3/c1-2-3-8-6-11(16)12(17)7-9(8)10(15)4-5-14-13/h2,6-7,14,16-17H,1,3-5,13H2",C12H16N2O3,236.116092372,0.8623999999999998,4.48,3.02,3.58,0.0,2.9129281203020945,1,HIGHDIVERSITY_CRAFT,HsDHODH_HighDiv,5,4,95.58,6,12,3,2,0.7058823529411765,0.17647058823529413,0.11764705882352941,0.25,0.0,17,1,0,1,0,0,0,0,0
CC(=O)OC1=CC(C(=O)CCNN)=CC(O)=C1O,3/000000109,"InChI=1S/C11H14N2O5/c1-6(14)18-10-5-7(4-9(16)11(10)17)8(15)2-3-13-12/h4-5,13,16-17H,2-3,12H2,1H3",C11H14N2O5,254.090271548,0.05920000000000025,4.48,1.17,3.58,-20.0,2.649196195222684,1,HIGHDIVERSITY_CRAFT,HsDHODH_HighDiv,7,4,121.88000000000001,5,11,5,2,0.6111111111111112,0.2777777777777778,0.1111111111111111,0.2727272727272727,0.0,18,1,0,1,0,0,0,0,0
C=CC1=CC=C(C2=C(O)C(O)=CN=C2)C(F)=C1,1/000000247,"InChI=1S/C13H10FNO2/c1-2-8-3-4-9(11(14)5-8)10-6-15-7-12(16)13(10)17/h2-7,16H,1H2,(H,15,17)",C13H10NO2F,231.06955678,2.9419000000000013,4.48,3.5,13.1,-160.0,2.6898960417423563,1,HIGHDIVERSITY_CRAFT,HsDHODH_HighDiv,3,2,53.35,2,13,2,1,0.7647058823529411,0.11764705882352941,0.058823529411764705,0.0,0.0,17,2,0,2,1,0,1,0,0
C=CC1=CC(NC(=O)C#CC2=C(O)C(O)=CN=C2)=CN=C1,1/000000214,"InChI=1S/C15H11N3O3/c1-2-10-5-12(8-16-6-10)18-14(20)4-3-11-7-17-9-13(19)15(11)21/h2,5-9,19H,1H2,(H,17,21)(H,18,20)",C15H11N3O3,281.080041212,1.521,4.48,6.13,19.2,0.0,3.2719007260384263,1,HIGHDIVERSITY_CRAFT,HsDHODH_HighDiv,5,3,95.34,2,15,3,3,0.7142857142857143,0.14285714285714285,0.14285714285714285,0.0,0.0,21,2,0,2,2,0,2,0,0
COCC1=C(O)C=NC=C1C#CC1=C(Cl)C=C(Cl)C(O)=C1,1/000000027,"InChI=1S/C15H11Cl2NO3/c1-21-8-11-10(6-18-7-15(11)20)3-2-9-4-14(19)13(17)5-12(9)16/h4-7,19-20H,8H2,1H3",C15H11NO3Cl2,323.011598572,3.3458000000000006,4.48,6.96,18.0,-20.0,3.0033348671165196,1,HIGHDIVERSITY_CRAFT,HsDHODH_HighDiv,4,2,62.58,2,15,3,1,0.7142857142857143,0.14285714285714285,0.047619047619047616,0.13333333333333333,0.0,21,2,0,2,1,0,1,0,0
O=C(C#CC1=C(O)C(O)=CN=C1)NC1CCCC1,1/000000096,"InChI=1S/C13H14N2O3/c16-11-8-14-7-9(13(11)18)5-6-12(17)15-10-3-1-2-4-10/h7-8,10,16H,1-4H2,(H,14,18)(H,15,17)",C13H14N2O3,246.100442308,0.9031,4.48,4.46,17.0,-150.0,3.0031765119647655,1,HIGHDIVERSITY_CRAFT,HsDHODH_HighDiv,4,3,82.45,1,13,3,2,0.7222222222222222,0.16666666666666666,0.1111111111111111,0.38461538461538464,0.0,18,2,1,1,1,0,1,0,0
CN(CN)CC(=O)C1=CC(O)=C(O)C(C2=CCC=C2)=C1,3/000000152,"InChI=1S/C15H18N2O3/c1-17(9-16)8-14(19)11-6-12(10-4-2-3-5-10)15(20)13(18)7-11/h2,4-7,18,20H,3,8-9,16H2,1H3",C15H18N2O3,274.131742436,1.4718000000000002,4.48,0.95,3.58,-180.0,3.2563910401466813,1,HIGHDIVERSITY_CRAFT,HsDHODH_HighDiv,5,3,86.79,5,15,3,2,0.75,0.15,0.1,0.26666666666666666,0.0,20,2,1,1,0,0,0,0,0
O=C(CO)C1=CC(O)=C(O)C(C2=NN=CS2)=C1,3/000000123,"InChI=1S/C10H8N2O4S/c13-3-8(15)5-1-6(9(16)7(14)2-5)10-12-11-4-17-10/h1-2,4,13-14,16H,3H2",C10H8N2O4S,252.020477736,0.7912999999999997,4.47,2.34,19.5,-120.0,2.9701097896965294,1,HIGHDIVERSITY_CRAFT,HsDHODH_HighDiv,7,3,103.54,3,10,4,2,0.5882352941176471,0.23529411764705882,0.11764705882352941,0.1,0.0,17,2,0,2,1,0,1,0,0
C=C[C@H](NC(=O)C#CC1=C(O)C(O)=CN=C1)C1=CC=NO1,1/000000193,"InChI=1S/C14H11N3O4/c1-2-10(12-5-6-16-21-12)17-13(19)4-3-9-7-15-8-11(18)14(9)20/h2,5-8,10,18H,1H2,(H,15,20)(H,17,19)/t10-/m0/s1",C14H11N3O4,285.074955832,0.8757999999999997,4.47,3.59,23.8,-150.0,4.243456469708764,1,HIGHDIVERSITY_CRAFT,HsDHODH_HighDiv,6,3,108.48,3,14,4,3,0.6666666666666666,0.19047619047619047,0.14285714285714285,0.07142857142857142,0.07142857142857142,21,2,0,2,2,0,2,0,0
O=C(C1=CC(O)=C(O)C(S)=C1)[C@@H]1C=CCS1,3/000000118,"InChI=1S/C11H10O3S2/c12-7-4-6(5-8(15)11(7)14)10(13)9-2-1-3-16-9/h1-2,4-5,9,12,14-15H,3H2/t9-/m0/s1",C11H10O3S2,254.00713618,2.2408,4.47,0.56,2.22,-190.0,4.193353294519438,1,HIGHDIVERSITY_CRAFT,HsDHODH_HighDiv,5,3,57.53,2,11,3,0,0.6875,0.1875,0.0,0.18181818181818182,0.09090909090909091,16,2,1,1,1,1,0,0,0
NC(=O)CC(=O)C1=CC(O)=CC(C2=CC(N)=CC(Cl)=C2)=C1,3/000000062,"InChI=1S/C15H13ClN2O3/c16-11-2-9(3-12(17)6-11)8-1-10(5-13(19)4-8)14(20)7-15(18)21/h1-6,19H,7,17H2,(H2,18,21)",C15H13N2O3Cl,304.061469956,2.3529,4.46,3.71,4.94,-180.0,2.4870436204321695,1,HIGHDIVERSITY_CRAFT,HsDHODH_HighDiv,4,3,106.41,4,15,3,2,0.7142857142857143,0.14285714285714285,0.09523809523809523,0.06666666666666667,0.0,21,2,0,2,0,0,0,0,0
O=C(C#CC1=C(O)C(O)=CN=C1CBr)NCCCl,1/000000341,"InChI=1S/C11H10BrClN2O3/c12-5-8-7(11(18)9(16)6-15-8)1-2-10(17)14-4-3-13/h6,16H,3-5H2,(H,14,17)(H,15,18)",C11H10N2O3ClBr,331.95633196,1.0942,4.46,6.84,18.8,0.0,3.5647733537784134,1,HIGHDIVERSITY_CRAFT,HsDHODH_HighDiv,4,3,82.45,3,11,3,2,0.6111111111111112,0.16666666666666666,0.1111111111111111,0.2727272727272727,0.0,18,1,0,1,1,0,1,0,0
OC1=C(S)C(C2=NN=C(S)N2)=C(CCF)N=C1,1/000000266,"InChI=1S/C9H9FN4OS2/c10-2-1-4-6(7(16)5(15)3-11-4)8-12-9(17)14-13-8/h3,15H,1-2H2,(H,11,16)(H2,12,13,14,17)",C9H9N4OS2F,272.020181128,1.6616999999999993,4.46,7.85,20.3,-120.0,4.133631557290638,1,HIGHDIVERSITY_CRAFT,HsDHODH_HighDiv,6,4,74.69,3,9,1,4,0.5294117647058824,0.058823529411764705,0.23529411764705882,0.2222222222222222,0.0,17,2,0,2,2,0,2,0,0
CC[C@@H](C=S)NC(=O)C#CC1=C(O)C(O)=CN=C1,1/000000546,"InChI=1S/C12H12N2O3S/c1-2-9(7-18)14-11(16)4-3-8-5-13-6-10(15)12(8)17/h5-7,9,15H,2H2,1H3,(H,13,17)(H,14,16)/t9-/m0/s1",C12H12N2O3S,264.056863244,0.7387999999999999,4.46,3.71,19.7,-170.0,4.2010880416522465,1,HIGHDIVERSITY_CRAFT,HsDHODH_HighDiv,5,3,82.45,3,12,3,2,0.6666666666666666,0.16666666666666666,0.1111111111111111,0.25,0.08333333333333333,18,1,0,1,1,0,1,0,0
C=CCC(=O)C1=CC(C2=CC(S)=C(/C=C/CN)C=C2)=CC=C1,3/000000068,"InChI=1S/C19H19NOS/c1-2-5-18(21)17-7-3-6-15(12-17)16-10-9-14(8-4-11-20)19(22)13-16/h2-4,6-10,12-13,22H,1,5,11,20H2/b8-4+",C19H19NOS,309.11873522800005,4.373000000000003,4.45,2.68,5.09,-160.0,2.817268270338122,1,HIGHDIVERSITY_CRAFT,HsDHODH_HighDiv,3,2,43.09,6,19,1,1,0.8636363636363636,0.045454545454545456,0.045454545454545456,0.10526315789473684,0.0,22,2,0,2,0,0,0,0,0
CCC1=NC=CC=C1NC(=O)C#CC1=C(O)C(O)=CN=C1,1/000000351,"InChI=1S/C15H13N3O3/c1-2-11-12(4-3-7-17-11)18-14(20)6-5-10-8-16-9-13(19)15(10)21/h3-4,7-9,19H,2H2,1H3,(H,16,21)(H,18,20)",C15H13N3O3,283.095691276,1.4403999999999997,4.45,7.1,18.2,-20.0,3.118846749506485,1,HIGHDIVERSITY_CRAFT,HsDHODH_HighDiv,5,3,95.34,2,15,3,3,0.7142857142857143,0.14285714285714285,0.14285714285714285,0.13333333333333333,0.0,21,2,0,2,2,0,2,0,0
CCC#C[C@]1(NC(=O)C#CC2=C(O)C(O)=CN=C2)CNC1=O,1/000000231,"InChI=1S/C15H13N3O4/c1-2-3-6-15(9-17-14(15)22)18-12(20)5-4-10-7-16-8-11(19)13(10)21/h7-8,19H,2,9H2,1H3,(H,16,21)(H,17,22)(H,18,20)/t15-/m0/s1",C15H13N3O4,299.090605896,-0.7575000000000003,4.44,3.33,24.6,-170.0,4.472095280565132,1,HIGHDIVERSITY_CRAFT,HsDHODH_HighDiv,5,4,111.55000000000001,1,15,4,3,0.6818181818181818,0.18181818181818182,0.13636363636363635,0.26666666666666666,0.06666666666666667,22,2,1,1,2,1,1,0,0
CC(=O)CC(=O)C1=CC(O)=C(O)C(C2=CCC=C2)=C1,3/000000146,"InChI=1S/C15H14O4/c1-9(16)6-13(17)11-7-12(10-4-2-3-5-10)15(19)14(18)8-11/h2,4-5,7-8,18-19H,3,6H2,1H3",C15H14O4,258.089208928,2.602900000000001,4.44,1.41,3.58,-160.0,2.9768788251813216,1,HIGHDIVERSITY_CRAFT,HsDHODH_HighDiv,4,2,74.60000000000001,4,15,4,0,0.7894736842105263,0.21052631578947367,0.0,0.2,0.0,19,2,1,1,0,0,0,0,0
NCC1=CC(O)=C(NC(=O)C2=C(S)C=CC3=C2NCC(=O)N3)C=C1,18/000000013,"InChI=1S/C16H16N4O3S/c17-6-8-1-2-9(11(21)5-8)20-16(23)14-12(24)4-3-10-15(14)18-7-13(22)19-10/h1-5,18,21,24H,6-7,17H2,(H,19,22)(H,20,23)",C16H16N4O3S,344.094311372,1.7558999999999998,4.44,9.0,3.58,-80.0,2.9270463516364025,1,HIGHDIVERSITY_CRAFT,HsDHODH_HighDiv,6,6,116.47999999999999,3,16,3,4,0.6666666666666666,0.125,0.16666666666666666,0.125,0.0,24,3,1,2,1,1,0,0,0
NCC1=CC(Br)=C(CN)C(O)=C1,3/000000037,"InChI=1S/C8H11BrN2O/c9-7-1-5(3-10)2-8(12)6(7)4-11/h1-2,12H,3-4,10-11H2",C8H11N2OBr,230.005475072,1.0721,4.44,3.38,9.3,0.0,2.621180984484761,1,HIGHDIVERSITY_CRAFT,HsDHODH_HighDiv,3,3,72.27,2,8,1,2,0.6666666666666666,0.08333333333333333,0.16666666666666666,0.25,0.0,12,1,0,1,0,0,0,0,0
C=CCC1=C(N)C=C(C2=CC(C(=O)NC(C)=O)=CC=C2O)C=C1Cl,3/000000072,"InChI=1S/C18H17ClN2O3/c1-3-4-13-15(19)8-12(9-16(13)20)14-7-11(5-6-17(14)23)18(24)21-10(2)22/h3,5-9,23H,1,4,20H2,2H3,(H,21,22,24)",C18H17N2O3Cl,344.092770084,3.2996000000000008,4.44,4.1,19.9,-200.0,2.596430910498894,1,HIGHDIVERSITY_CRAFT,HsDHODH_HighDiv,4,3,92.42,4,18,3,2,0.75,0.125,0.08333333333333333,0.1111111111111111,0.0,24,2,0,2,0,0,0,0,0
C=CC1=NC=C(O)C=C1C#C[C@@H](CN)N1CNC2=CC=CN=C21,1/000000271,"InChI=1S/C17H17N5O/c1-2-15-12(8-14(23)10-20-15)5-6-13(9-18)22-11-21-16-4-3-7-19-17(16)22/h2-4,7-8,10,13,21,23H,1,9,11,18H2/t13-/m0/s1",C17H17N5O,307.14331016400007,1.3935999999999997,4.44,8.1,20.2,-190.0,4.236617669068018,1,HIGHDIVERSITY_CRAFT,HsDHODH_HighDiv,6,3,87.3,3,17,1,5,0.7391304347826086,0.043478260869565216,0.21739130434782608,0.17647058823529413,0.058823529411764705,23,3,1,2,3,1,2,0,0
CCC1=C(Cl)C=C(Cl)C(NC(=O)C2=C3NCC(=O)NC3=CC=C2)=N1,18/000000030,"InChI=1S/C16H14Cl2N4O2/c1-2-11-9(17)6-10(18)15(21-11)22-16(24)8-4-3-5-12-14(8)19-7-13(23)20-12/h3-6,19H,2,7H2,1H3,(H,20,23)(H,21,22,24)",C16H14N4O2Cl2,364.049381048,3.567100000000001,4.43,7.58,3.7,-101.0,2.79306724715879,1,HIGHDIVERSITY_CRAFT,HsDHODH_HighDiv,4,3,83.12,3,16,2,4,0.6666666666666666,0.08333333333333333,0.16666666666666666,0.1875,0.0,24,3,1,2,2,1,1,0,0
CC(=O)NC1=CC(C#C[C@@H](C(=O)O)N2C=C([N+](=O)[O-])C=N2)=CC=C1,27/000000013,"InChI=1S/C15H12N4O5/c1-10(20)17-12-4-2-3-11(7-12)5-6-14(15(21)22)18-9-13(8-16-18)19(23)24/h2-4,7-9,14H,1H3,(H,17,20)(H,21,22)/t14-/m0/s1",C15H12N4O5,328.08076948400003,1.4271,4.43,2.47,3.84,-170.0,3.296994616168119,1,HIGHDIVERSITY_CRAFT,HsDHODH_HighDiv,6,2,127.36000000000003,4,15,5,4,0.625,0.20833333333333334,0.16666666666666666,0.13333333333333333,0.06666666666666667,24,2,0,2,1,0,1,0,0
CC[C@H](C=S)NC(=O)C#CC1=C(O)C(O)=CN=C1,1/000000501,"InChI=1S/C12H12N2O3S/c1-2-9(7-18)14-11(16)4-3-8-5-13-6-10(15)12(8)17/h5-7,9,15H,2H2,1H3,(H,13,17)(H,14,16)/t9-/m1/s1",C12H12N2O3S,264.056863244,0.7387999999999999,4.43,5.55,19.7,-170.0,4.2010880416522465,1,HIGHDIVERSITY_CRAFT,HsDHODH_HighDiv,5,3,82.45,3,12,3,2,0.6666666666666666,0.16666666666666666,0.1111111111111111,0.25,0.08333333333333333,18,1,0,1,1,0,1,0,0
O=C(C#CC1=C(O)C(O)=CN=C1CBr)NCCCF,1/000000429,"InChI=1S/C12H12BrFN2O3/c13-6-9-8(12(19)10(17)7-16-9)2-3-11(18)15-5-1-4-14/h7,17H,1,4-6H2,(H,15,18)(H,16,19)",C12H12N2O3FBr,330.001532564,1.215,4.43,6.76,20.4,0.0,3.552886813347002,1,HIGHDIVERSITY_CRAFT,HsDHODH_HighDiv,4,3,82.45,4,12,3,2,0.631578947368421,0.15789473684210525,0.10526315789473684,0.3333333333333333,0.0,19,1,0,1,1,0,1,0,0
O=C1CNC2=C(C(=O)NC3=C(O)C=CC(CCl)=C3)C(S)=CC=C2N1,18/000000016,"InChI=1S/C16H14ClN3O3S/c17-6-8-1-3-11(21)10(5-8)20-16(23)14-12(24)4-2-9-15(14)18-7-13(22)19-9/h1-5,18,21,24H,6-7H2,(H,19,22)(H,20,23)",C16H14N3O3SCl,363.044439988,3.0360000000000005,4.42,8.45,3.58,-80.0,2.9733710359073555,1,HIGHDIVERSITY_CRAFT,HsDHODH_HighDiv,5,5,90.46000000000001,3,16,3,3,0.6666666666666666,0.125,0.125,0.125,0.0,24,3,1,2,1,1,0,0,0
CC1=NC=CC=C1NC(=O)C#CC1=C(O)C(O)=CN=C1,1/000000158,"InChI=1S/C14H11N3O3/c1-9-11(3-2-6-16-9)17-13(19)5-4-10-7-15-8-12(18)14(10)20/h2-3,6-8,18H,1H3,(H,15,20)(H,17,19)",C14H11N3O3,269.080041212,1.1864199999999996,4.42,5.54,17.6,-20.0,3.042753158028801,1,HIGHDIVERSITY_CRAFT,HsDHODH_HighDiv,5,3,95.34,1,14,3,3,0.7,0.15,0.15,0.07142857142857142,0.0,20,2,0,2,2,0,2,0,0
C=C[C@@H](COC(C)=O)NC(=O)C#CC1=C(O)C(O)=CN=C1,1/000000484,"InChI=1S/C14H14N2O5/c1-3-11(8-21-9(2)17)16-13(19)5-4-10-6-15-7-12(18)14(10)20/h3,6-7,11,18H,1,8H2,2H3,(H,15,20)(H,16,19)/t11-/m0/s1",C14H14N2O5,290.09027154800003,0.0782000000000001,4.42,3.04,21.6,-200.0,3.9710964889223774,1,HIGHDIVERSITY_CRAFT,HsDHODH_HighDiv,6,3,108.75,4,14,5,2,0.6666666666666666,0.23809523809523808,0.09523809523809523,0.21428571428571427,0.07142857142857142,21,1,0,1,1,0,1,0,0
N/C=C\C1=CC=C(C#C[C@@H](C(=O)O)N2C=C([N+](=O)[O-])C=N2)C=C1,27/000000004,"InChI=1S/C15H12N4O4/c16-8-7-12-3-1-11(2-4-12)5-6-14(15(20)21)18-10-13(9-17-18)19(22)23/h1-4,7-10,14H,16H2,(H,20,21)/b8-7-/t14-/m0/s1",C15H12N4O4,312.08585486400005,1.3981000000000001,4.42,2.73,3.84,-150.0,3.6622654400470385,1,HIGHDIVERSITY_CRAFT,HsDHODH_HighDiv,6,2,124.28000000000002,4,15,4,4,0.6521739130434783,0.17391304347826086,0.17391304347826086,0.06666666666666667,0.06666666666666667,23,2,0,2,1,0,1,0,0
C[C@@H](CBr)NC(=O)C#CC1=C(O)C(O)=CN=C1CC(=O)O,1/000000538,"InChI=1S/C13H13BrN2O5/c1-7(5-14)16-11(18)3-2-8-9(4-12(19)20)15-6-10(17)13(8)21/h6-7,17H,4-5H2,1H3,(H,15,21)(H,16,18)(H,19,20)/t7-/m0/s1",C13H13N2O5Br,356.000783616,0.3710000000000001,4.42,7.9,21.7,-200.0,3.980571691351528,1,HIGHDIVERSITY_CRAFT,HsDHODH_HighDiv,5,4,119.75000000000001,4,13,5,2,0.6190476190476191,0.23809523809523808,0.09523809523809523,0.3076923076923077,0.07692307692307693,21,1,0,1,1,0,1,0,0
O=C(NO)[C@@H](S)C1=CNC(CCC[N+](=O)[O-])=C1,10/000000010,"InChI=1S/C9H13N3O4S/c13-9(11-14)8(17)6-4-7(10-5-6)2-1-3-12(15)16/h4-5,8,10,14,17H,1-3H2,(H,11,13)/t8-/m0/s1",C9H13N3O4S,259.062676896,0.7002999999999999,4.42,5.85,21.3,-150.0,4.122069987208076,1,HIGHDIVERSITY_CRAFT,HsDHODH_HighDiv,5,4,108.26000000000002,6,9,4,3,0.5294117647058824,0.23529411764705882,0.17647058823529413,0.4444444444444444,0.1111111111111111,17,1,0,1,1,0,1,0,0
C=CC1=NC=C(O)C=C1C#C[C@@H](CN)C1=CSN=C1,1/000000080,"InChI=1S/C14H13N3OS/c1-2-14-10(5-13(18)8-16-14)3-4-11(6-15)12-7-17-19-9-12/h2,5,7-9,11,18H,1,6,15H2/t11-/m0/s1",C14H13N3OS,271.077933036,1.9807,4.42,7.55,21.7,-150.0,4.421541758033619,1,HIGHDIVERSITY_CRAFT,HsDHODH_HighDiv,5,2,72.03,3,14,1,3,0.7368421052631579,0.05263157894736842,0.15789473684210525,0.14285714285714285,0.07142857142857142,19,2,0,2,2,0,2,0,0
CCNC(=O)C#CC1=C(O)C(O)=CN=C1C(=O)O,1/000000154,"InChI=1S/C11H10N2O5/c1-2-12-8(15)4-3-6-9(11(17)18)13-5-7(14)10(6)16/h5,14H,2H2,1H3,(H,12,15)(H,13,16)(H,17,18)",C11H9N2O5,250.05897142,-0.32139999999999974,4.4,4.15,18.8,-20.0,3.2230154259919157,1,HIGHDIVERSITY_CRAFT,HsDHODH_HighDiv,5,4,119.75000000000001,2,11,5,2,0.6111111111111112,0.2777777777777778,0.1111111111111111,0.18181818181818182,0.0,18,1,0,1,1,0,1,0,0
O=[N+]([O-])C1=CC(F)=C(OC/C=C/C2=CC=CC3=C2NN=N3)C=C1O,23/000000002,"InChI=1S/C15H11FN4O4/c16-10-7-12(20(22)23)13(21)8-14(10)24-6-2-4-9-3-1-5-11-15(9)18-19-17-11/h1-5,7-8,21H,6H2,(H,17,18,19)/b4-2+",C15H11N4O4F,330.076433052,2.8030000000000004,4.4,7.14,3.7,-40.0,2.9935624419990674,1,HIGHDIVERSITY_CRAFT,HsDHODH_HighDiv,6,2,114.17,5,15,4,4,0.625,0.16666666666666666,0.16666666666666666,0.06666666666666667,0.0,24,3,0,3,1,0,1,0,0
C=CC1=NC=C(O)C=C1C#C[C@@H](CN)C(=O)N1C=CC=N1,1/000000268,"InChI=1S/C15H14N4O2/c1-2-14-11(8-13(20)10-17-14)4-5-12(9-16)15(21)19-7-3-6-18-19/h2-3,6-8,10,12,20H,1,9,16H2/t12-/m0/s1",C15H14N4O2,282.111675688,0.8935000000000002,4.4,7.43,23.4,-150.0,4.186783457974736,1,HIGHDIVERSITY_CRAFT,HsDHODH_HighDiv,6,2,94.03000000000002,3,15,2,4,0.7142857142857143,0.09523809523809523,0.19047619047619047,0.13333333333333333,0.06666666666666667,21,2,0,2,2,0,2,0,0
C#CCC1=C(/C=C\CC(=O)NN)C=CC(C2=CN=CC(O)=C2)=C1,1/000000042,"InChI=1S/C18H17N3O2/c1-2-4-14-9-15(16-10-17(22)12-20-11-16)8-7-13(14)5-3-6-18(23)21-19/h1,3,5,7-12,22H,4,6,19H2,(H,21,23)/b5-3-",C18H17N3O2,307.132076784,2.0230999999999995,4.4,4.13,20.0,-160.0,3.0660666368791585,1,HIGHDIVERSITY_CRAFT,HsDHODH_HighDiv,4,3,88.24000000000001,5,18,2,3,0.782608695652174,0.08695652173913043,0.13043478260869565,0.1111111111111111,0.0,23,2,0,2,1,0,1,0,0
C#CCC1=NNC(N)=C1C#C[C@@H](O)C1=CC=CC=C1O,30/000000019,"InChI=1S/C15H13N3O2/c1-2-5-12-10(15(16)18-17-12)8-9-14(20)11-6-3-4-7-13(11)19/h1,3-4,6-7,14,19-20H,5H2,(H3,16,17,18)/t14-/m1/s1",C15H13N3O2,267.100776656,0.9583000000000002,4.39,6.14,23.0,-150.0,3.8258391959811258,1,HIGHDIVERSITY_CRAFT,HsDHODH_HighDiv,4,4,95.16000000000001,2,15,2,3,0.75,0.1,0.15,0.13333333333333333,0.06666666666666667,20,2,0,2,1,0,1,0,0
C[C@@H](CO)NC(=O)C#CC1=C(O)C(O)=CN=C1CBr,1/000000549,"InChI=1S/C12H13BrN2O4/c1-7(6-16)15-11(18)3-2-8-9(4-13)14-5-10(17)12(8)19/h5,7,16-17H,4,6H2,1H3,(H,14,19)(H,15,18)/t7-/m0/s1",C12H13N2O4Br,328.005868996,0.23620000000000008,4.39,7.41,18.9,-170.0,3.945769209014012,1,HIGHDIVERSITY_CRAFT,HsDHODH_HighDiv,5,4,102.68,3,12,4,2,0.631578947368421,0.21052631578947367,0.10526315789473684,0.3333333333333333,0.08333333333333333,19,1,0,1,1,0,1,0,0
O=C1CCC=C(C/C=C/[C@H](CS)N2C=NC3=C2C=CC=N3)N1,29/000000014,"InChI=1S/C16H18N4OS/c21-15-8-2-5-12(19-15)4-1-6-13(10-22)20-11-18-16-14(20)7-3-9-17-16/h1,3,5-7,9,11,13,22H,2,4,8,10H2,(H,19,21)/b6-1+/t13-/m1/s1",C16H18N4OS,314.12013219600004,2.6423999999999994,4.39,3.5,3.72,-190.0,4.1248218607984235,1,HIGHDIVERSITY_CRAFT,HsDHODH_HighDiv,5,2,59.81,5,16,1,4,0.7272727272727273,0.045454545454545456,0.18181818181818182,0.3125,0.0625,22,3,1,2,3,1,2,0,0
C=CC[C@H](C=S)NC(=O)C#CC1=C(O)C(O)=CN=C1,1/000000459,"InChI=1S/C13H12N2O3S/c1-2-3-10(8-19)15-12(17)5-4-9-6-14-7-11(16)13(9)18/h2,6-8,10,16H,1,3H2,(H,14,18)(H,15,17)/t10-/m1/s1",C13H12N2O3S,276.056863244,0.9048999999999998,4.39,5.61,21.3,-150.0,4.352895209710149,1,HIGHDIVERSITY_CRAFT,HsDHODH_HighDiv,5,3,82.45,4,13,3,2,0.6842105263157895,0.15789473684210525,0.10526315789473684,0.15384615384615385,0.07692307692307693,19,1,0,1,1,0,1,0,0
C=CC1=NC=C(O)C=C1C#CC[C@H](N)CS,1/000000305,"InChI=1S/C12H14N2OS/c1-2-12-9(6-11(15)7-14-12)4-3-5-10(13)8-16/h2,6-7,10,15-16H,1,5,8,13H2/t10-/m0/s1",C12H14N2OS,234.082684068,1.4289,4.39,6.97,16.1,-150.0,4.12200154626769,1,HIGHDIVERSITY_CRAFT,HsDHODH_HighDiv,4,3,59.14,3,12,1,2,0.75,0.0625,0.125,0.25,0.08333333333333333,16,1,0,1,1,0,1,0,0
C=CC1=CC=C(C2=C(O)C(O)=CN=C2)C=C1C=C,1/000000065,"InChI=1S/C15H13NO2/c1-3-10-5-6-12(7-11(10)4-2)13-8-16-9-14(17)15(13)18/h3-9,17H,1-2H2,(H,16,18)",C15H13NO2,239.094628656,3.445800000000002,4.38,5.0,12.6,-160.0,2.964155118299608,1,HIGHDIVERSITY_CRAFT,HsDHODH_HighDiv,3,2,53.35,3,15,2,1,0.8333333333333334,0.1111111111111111,0.05555555555555555,0.0,0.0,18,2,0,2,1,0,1,0,0
C=C(C1=CC=CC(NC2=CC=CC3=C2NCC(=O)N3)=C1O)[N+](=O)[O-],18/000000004,"InChI=1S/C16H14N4O4/c1-9(20(23)24)10-4-2-7-13(16(10)22)18-11-5-3-6-12-15(11)17-8-14(21)19-12/h2-7,17-18,22H,1,8H2,(H,19,21)",C16H14N4O4,326.10150492799994,2.7472,4.38,6.81,21.8,-80.0,3.047247499742028,1,HIGHDIVERSITY_CRAFT,HsDHODH_HighDiv,6,4,116.53,4,16,4,4,0.6666666666666666,0.16666666666666666,0.16666666666666666,0.0625,0.0,24,3,1,2,1,1,0,0,0
C=CCCNC(=O)C#CC1=C(O)C(O)=CN=C1CBr,1/000000393,"InChI=1S/C13H13BrN2O3/c1-2-3-6-15-12(18)5-4-9-10(7-14)16-8-11(17)13(9)19/h2,8,17H,1,3,6-7H2,(H,15,18)(H,16,19)",C13H13N2O3Br,324.01095437600003,1.4314999999999998,4.38,7.2,19.3,0.0,3.5758341506251083,1,HIGHDIVERSITY_CRAFT,HsDHODH_HighDiv,4,3,82.45,4,13,3,2,0.6842105263157895,0.15789473684210525,0.10526315789473684,0.23076923076923078,0.0,19,1,0,1,1,0,1,0,0
C#CCNC(=O)C#CC1=C(O)C(O)=CN=C1C(F)F,1/000000216,"InChI=1S/C12H8F2N2O3/c1-2-5-15-9(18)4-3-7-10(12(13)14)16-6-8(17)11(7)19/h1,6,12,17H,5H2,(H,15,18)(H,16,19)",C12H8N2O3F2,266.05029855600003,0.5312999999999999,4.37,5.12,24.2,-150.0,3.6852896675064177,1,HIGHDIVERSITY_CRAFT,HsDHODH_HighDiv,4,3,82.45,2,12,3,2,0.631578947368421,0.15789473684210525,0.10526315789473684,0.16666666666666666,0.0,19,1,0,1,1,0,1,0,0
C[C@@H](S)CNC1=CC=C(O)C(C#CC2=CSC(CN)=C2)=C1,3/000000026,"InChI=1S/C16H18N2OS2/c1-11(20)9-18-14-4-5-16(19)13(7-14)3-2-12-6-15(8-17)21-10-12/h4-7,10-11,18-20H,8-9,17H2,1H3/t11-/m1/s1",C16H18N2OS2,318.086055196,3.0424000000000007,4.37,1.95,22.6,-190.0,3.531684370621411,1,HIGHDIVERSITY_CRAFT,HsDHODH_HighDiv,5,4,58.28,4,16,1,2,0.7619047619047619,0.047619047619047616,0.09523809523809523,0.25,0.0625,21,2,0,2,1,0,1,0,0
O=C(C[C@H](CCl)[N+](=O)[O-])C1=CC(Br)=C(CO)C(O)=C1,3/000000039,"InChI=1S/C11H11BrClNO5/c12-9-1-6(2-11(17)8(9)5-15)10(16)3-7(4-13)14(18)19/h1-2,7,15,17H,3-5H2/t7-/m1/s1",C11H11NO5ClBr,350.950912232,2.103900000000001,4.37,3.6,3.85,-150.0,3.657823399059261,1,HIGHDIVERSITY_CRAFT,HsDHODH_HighDiv,5,2,100.67,6,11,5,1,0.5789473684210527,0.2631578947368421,0.05263157894736842,0.36363636363636365,0.09090909090909091,19,1,0,1,0,0,0,0,0
O=C(C#CC1=C(O)C(O)=CN=C1C=S)NC1C=CC=C1,1/000000125,"InChI=1S/C14H10N2O3S/c17-12-7-15-11(8-20)10(14(12)19)5-6-13(18)16-9-3-1-2-4-9/h1-4,7-9,17H,(H,15,19)(H,16,18)",C14H10N2O3S,286.04121318,0.8028999999999998,4.37,6.21,23.3,-150.0,4.182294092094734,1,HIGHDIVERSITY_CRAFT,HsDHODH_HighDiv,5,3,82.45,2,14,3,2,0.7,0.15,0.1,0.07142857142857142,0.0,20,2,1,1,1,0,1,0,0
NCC1=C(C(=O)C[C@H](CCl)[N+](=O)[O-])C=C(O)C=C1Br,3/000000046,"InChI=1S/C11H12BrClN2O4/c12-10-3-7(16)2-8(9(10)5-14)11(17)1-6(4-13)15(18)19/h2-3,6,16H,1,4-5,14H2/t6-/m1/s1",C11H12N2O4ClBr,349.96689664400003,2.0702999999999996,4.37,2.91,5.09,-170.0,3.79116739905926,1,HIGHDIVERSITY_CRAFT,HsDHODH_HighDiv,5,2,106.46000000000001,6,11,4,2,0.5789473684210527,0.21052631578947367,0.10526315789473684,0.36363636363636365,0.09090909090909091,19,1,0,1,0,0,0,0,0
NCCCCC/C=C/[C@@H](CO)N1CCNC1=S,29/000000010,"InChI=1S/C12H23N3OS/c13-7-5-3-1-2-4-6-11(10-16)15-9-8-14-12(15)17/h4,6,11,16H,1-3,5,7-10,13H2,(H,14,17)/b6-4+/t11-/m0/s1",C12H23N3OS,257.156183356,0.6127000000000001,4.37,2.73,3.58,-150.0,3.7859061912214536,1,HIGHDIVERSITY_CRAFT,HsDHODH_HighDiv,3,3,61.52,8,12,1,3,0.7058823529411765,0.058823529411764705,0.17647058823529413,0.75,0.08333333333333333,17,1,1,0,1,1,0,0,0
O=C(O)CC/C=C/NC1=C(O)C=C(Br)C(C2=NC=C(I)C=C2)=C1,28/000000005,"InChI=1S/C16H14BrIN2O3/c17-12-8-15(21)14(19-6-2-1-3-16(22)23)7-11(12)13-5-4-10(18)9-20-13/h2,4-9,19,21H,1,3H2,(H,22,23)/b6-2+",C16H14N2O3BrI,487.923252408,4.611700000000003,4.36,4.29,19.2,-160.0,2.9846169364353727,1,HIGHDIVERSITY_CRAFT,HsDHODH_HighDiv,4,3,82.45,6,16,3,2,0.6956521739130435,0.13043478260869565,0.08695652173913043,0.125,0.0,23,2,0,2,1,0,1,0,0
O=C(O)C1=CC=CC2=C1SC(S)=N2,12/000000007,"InChI=1S/C8H5NO2S2/c10-7(11)4-2-1-3-5-6(4)13-8(12)9-5/h1-3H,(H,9,12)(H,10,11)",C8H5NO2S2,210.9761704,2.2832000000000003,4.36,1.0,2.22,-60.0,2.7088051346242104,1,HIGHDIVERSITY_CRAFT,HsDHODH_HighDiv,4,2,50.19,1,8,2,1,0.6153846153846154,0.15384615384615385,0.07692307692307693,0.0,0.0,13,2,0,2,1,0,1,0,0
CC/C=C/C1=C(O)C(O)=C(C#CC(=O)N[C@H]2C=CCC2)C=N1,1/000000520,"InChI=1S/C17H18N2O3/c1-2-3-8-14-17(22)16(21)12(11-18-14)9-10-15(20)19-13-6-4-5-7-13/h3-4,6,8,11,13,22H,2,5,7H2,1H3,(H,18,21)(H,19,20)/b8-3+/t13-/m0/s1",C17H18N2O3,298.131742436,2.1023,4.36,2.6,21.4,-190.0,4.1792398276098375,1,HIGHDIVERSITY_CRAFT,HsDHODH_HighDiv,4,3,82.45,3,17,3,2,0.7727272727272727,0.13636363636363635,0.09090909090909091,0.29411764705882354,0.058823529411764705,22,2,1,1,1,0,1,0,0
CNCC1=NC=CC=C1NC(=O)C#CC1=C(O)C(O)=CN=C1,1/000000532,"InChI=1S/C15H14N4O3/c1-16-8-12-11(3-2-6-18-12)19-14(21)5-4-10-7-17-9-13(20)15(10)22/h2-3,6-7,9,16,20H,8H2,1H3,(H,17,22)(H,19,21)/p+1",C15H15N4O3,298.106590308,0.5973999999999999,4.36,5.78,19.6,-20.0,3.830436012273606,1,HIGHDIVERSITY_CRAFT,HsDHODH_HighDiv,6,4,107.37,3,15,3,4,0.6818181818181818,0.13636363636363635,0.18181818181818182,0.13333333333333333,0.0,22,2,0,2,2,0,2,0,0
O=C(C#CC1=CN=CC(O)=C1O)NCCCOC(=O)CS,1/000000114,"InChI=1S/C13H14N2O5S/c16-10-7-14-6-9(13(10)19)2-3-11(17)15-4-1-5-20-12(18)8-21/h6-7,16,21H,1,4-5,8H2,(H,14,19)(H,15,17)",C13H14N2O5S,310.062342548,-0.17640000000000028,4.36,5.98,22.5,-30.0,3.246246538204053,1,HIGHDIVERSITY_CRAFT,HsDHODH_HighDiv,7,4,108.75,5,13,5,2,0.6190476190476191,0.23809523809523808,0.09523809523809523,0.3076923076923077,0.0,21,1,0,1,1,0,1,0,0
CN1C(=O)CNC2=C(C(=O)NC3=NC=C(Cl)C=C3Cl)C(S)=CC=C21,18/000000034,"InChI=1S/C15H12Cl2N4O2S/c1-21-9-2-3-10(24)12(13(9)18-6-11(21)22)15(23)20-14-8(17)4-7(16)5-19-14/h2-5,18,24H,6H2,1H3,(H,19,20,23)",C15H12N4O2SCl2,382.00580198399996,3.3177000000000003,4.36,9.26,3.58,-100.0,2.978330006787221,1,HIGHDIVERSITY_CRAFT,HsDHODH_HighDiv,5,3,74.33000000000001,2,15,2,4,0.625,0.08333333333333333,0.16666666666666666,0.13333333333333333,0.0,24,3,1,2,2,1,1,0,0
O=C(CF)C1=CC(C2=CC=NO2)=C(O)C(O)=C1,3/000000136,"InChI=1S/C11H8FNO4/c12-5-9(15)6-3-7(10-1-2-13-17-10)11(16)8(14)4-6/h1-4,14,16H,5H2",C11H8NO4F,237.043735956,1.905,4.36,1.51,3.58,-120.0,2.986215518010768,1,HIGHDIVERSITY_CRAFT,HsDHODH_HighDiv,5,2,83.56,3,11,4,1,0.6470588235294118,0.23529411764705882,0.058823529411764705,0.09090909090909091,0.0,17,2,0,2,1,0,1,0,0
CC(F)(F)C1=CC(C(=O)CO)=CC(O)=C1O,3/000000162,"InChI=1S/C10H10F2O4/c1-10(11,12)6-2-5(8(15)4-13)3-7(14)9(6)16/h2-3,13-14,16H,4H2,1H3",C10H10O4F2,232.05471524,1.3844999999999998,4.36,2.36,16.0,-170.0,2.7444070119336974,1,HIGHDIVERSITY_CRAFT,HsDHODH_HighDiv,4,3,77.76,3,10,4,0,0.625,0.25,0.0,0.3,0.0,16,1,0,1,0,0,0,0,0
C[C@@H](CCl)NC(=O)C#CC1=C(O)C(O)=CN=C1CC(=O)O,1/000000512,"InChI=1S/C13H13ClN2O5/c1-7(5-14)16-11(18)3-2-8-9(4-12(19)20)15-6-10(17)13(8)21/h6-7,17H,4-5H2,1H3,(H,15,21)(H,16,18)(H,19,20)/t7-/m0/s1",C13H13N2O5Cl,312.05129919599995,0.21489999999999987,4.35,7.79,21.7,-200.0,3.891832680362517,1,HIGHDIVERSITY_CRAFT,HsDHODH_HighDiv,5,4,119.75000000000001,4,13,5,2,0.6190476190476191,0.23809523809523808,0.09523809523809523,0.3076923076923077,0.07692307692307693,21,1,0,1,1,0,1,0,0
N=C1NCC[C@H]1CCC1=NN(C(=O)O)C=C1[N+](=O)[O-],25/000000038,"InChI=1S/C10H13N5O4/c11-9-6(3-4-12-9)1-2-7-8(15(18)19)5-14(13-7)10(16)17/h5-6H,1-4H2,(H2,11,12)(H,16,17)/t6-/m1/s1",C10H12N5O4,267.096753896,0.83677,4.35,3.96,5.53,-150.0,4.195224795508965,1,HIGHDIVERSITY_CRAFT,HsDHODH_HighDiv,6,3,134.14000000000001,4,10,4,5,0.5263157894736842,0.21052631578947367,0.2631578947368421,0.5,0.1,19,2,1,1,2,1,1,0,0
O=[N+]([O-])C1=C(O)C=C(C2=NN=NN2)C=C1Br,3/000000005,"InChI=1S/C7H4BrN5O3/c8-4-1-3(7-9-11-12-10-7)2-5(14)6(4)13(15)16/h1-2,14H,(H,9,10,11,12)",C7H4N5O3Br,284.94975108799997,1.2429999999999997,4.35,4.13,20.0,-120.0,3.1290177061175637,1,HIGHDIVERSITY_CRAFT,HsDHODH_HighDiv,6,2,117.83000000000001,2,7,3,5,0.4375,0.1875,0.3125,0.0,0.0,16,2,0,2,1,0,1,0,0
C/C=C\C1=CC(C(N)=O)=CC(O)=C1O,3/000000139,"InChI=1S/C10H11NO3/c1-2-3-6-4-7(10(11)14)5-8(12)9(6)13/h2-5,12-13H,1H3,(H2,11,14)/b3-2-",C10H11NO3,193.073893212,1.2298,4.34,2.6,11.8,-20.0,2.5959180077295603,1,HIGHDIVERSITY_CRAFT,HsDHODH_HighDiv,3,3,83.55000000000001,2,10,3,1,0.7142857142857143,0.21428571428571427,0.07142857142857142,0.1,0.0,14,1,0,1,0,0,0,0,0
C#CC1=C(C#CC(=O)NCCS)C(O)=C(O)C=N1,1/000000411,"InChI=1S/C12H10N2O3S/c1-2-9-8(12(17)10(15)7-14-9)3-4-11(16)13-5-6-18/h1,7,15,18H,5-6H2,(H,13,16)(H,14,17)",C12H10N2O3S,262.04121318,-0.12840000000000035,4.34,6.28,21.3,0.0,3.808081360057848,1,HIGHDIVERSITY_CRAFT,HsDHODH_HighDiv,5,4,82.45,2,12,3,2,0.6666666666666666,0.16666666666666666,0.1111111111111111,0.16666666666666666,0.0,18,1,0,1,1,0,1,0,0
OC1=CC=C(/C=C/C2=C[C@](S)(C3=NN=NN3)C2)C=C1,8/000000004,"InChI=1S/C13H12N4OS/c18-11-5-3-9(4-6-11)1-2-10-7-13(19,8-10)12-14-16-17-15-12/h1-7,18-19H,8H2,(H,14,15,16,17)/b2-1+/t13-/m1/s1",C13H12N4OS,272.073182004,2.0738999999999996,4.34,3.23,21.6,-190.0,3.919516117007978,1,HIGHDIVERSITY_CRAFT,HsDHODH_HighDiv,5,3,74.69,3,13,1,4,0.6842105263157895,0.05263157894736842,0.21052631578947367,0.15384615384615385,0.07692307692307693,19,3,1,2,1,0,1,0,0
C=CC1=NC=C(O)C=C1C#C[C@@H](CN)C1=CC=CC1,1/000000338,"InChI=1S/C16H16N2O/c1-2-16-13(9-15(19)11-18-16)7-8-14(10-17)12-5-3-4-6-12/h2-5,9,11,14,19H,1,6,10,17H2/t14-/m0/s1",C16H16N2O,252.126263132,2.2428999999999997,4.34,7.2,18.4,-150.0,4.363482783674645,1,HIGHDIVERSITY_CRAFT,HsDHODH_HighDiv,3,2,59.14,3,16,1,2,0.8421052631578947,0.05263157894736842,0.10526315789473684,0.1875,0.0625,19,2,1,1,1,0,1,0,0
NNCCC(=O)C1=CC(O)=C(O)C=C1CS,3/000000135,"InChI=1S/C10H14N2O3S/c11-12-2-1-8(13)7-4-10(15)9(14)3-6(7)5-16/h3-4,12,14-16H,1-2,5,11H2",C10H14N2O3S,242.072513308,0.5636999999999999,4.34,3.17,2.35,-20.0,3.077898028121141,1,HIGHDIVERSITY_CRAFT,HsDHODH_HighDiv,6,5,95.58,5,10,3,2,0.625,0.1875,0.125,0.3,0.0,16,1,0,1,0,0,0,0,0
CC1=CC(O)=C(NC(=O)C2=CC=CC3=C2NCC(=O)N3)C=C1CCl,18/000000022,"InChI=1S/C17H16ClN3O3/c1-9-5-14(22)13(6-10(9)7-18)21-17(24)11-3-2-4-12-16(11)19-8-15(23)20-12/h2-6,19,22H,7-8H2,1H3,(H,20,23)(H,21,24)",C17H16N3O3Cl,345.088019052,3.055720000000001,4.33,6.89,4.94,-100.0,2.728744629477964,1,HIGHDIVERSITY_CRAFT,HsDHODH_HighDiv,4,4,90.46000000000001,3,17,3,3,0.7083333333333334,0.125,0.125,0.17647058823529413,0.0,24,3,1,2,1,1,0,0,0
NCCC(=O)OC(=O)C1=CC(C2=NN=CN2)=C(O)C(O)=C1,3/000000090,"InChI=1S/C12H12N4O5/c13-2-1-9(18)21-12(20)6-3-7(10(19)8(17)4-6)11-14-5-15-16-11/h3-5,17,19H,1-2,13H2,(H,14,15,16)",C12H12N4O5,292.080769484,-0.08490000000000048,4.33,1.72,21.4,-180.0,3.256051047487873,1,HIGHDIVERSITY_CRAFT,HsDHODH_HighDiv,8,4,151.42,4,12,5,4,0.5714285714285714,0.23809523809523808,0.19047619047619047,0.16666666666666666,0.0,21,2,0,2,1,0,1,0,0
O=C1NC(COCC2=CC=C(C3=CNC(S)=N3)C(CS)=C2)=NO1,27/000000001,"InChI=1S/C14H14N4O3S2/c19-14-17-12(18-21-14)6-20-5-8-1-2-10(9(3-8)7-22)11-4-15-13(23)16-11/h1-4,22H,5-7H2,(H2,15,16,23)(H,17,18,19)",C14H14N4O3S2,350.050732308,2.1883,4.33,2.96,3.72,-160.0,3.797088724022784,1,HIGHDIVERSITY_CRAFT,HsDHODH_HighDiv,7,4,96.80000000000001,6,14,3,4,0.6086956521739131,0.13043478260869565,0.17391304347826086,0.21428571428571427,0.0,23,3,0,3,2,0,2,0,0
OC/C=C/NC1=C(O)C=C(Br)C(C2=NC=C(I)C=C2)=C1,28/000000019,"InChI=1S/C14H12BrIN2O2/c15-11-7-14(20)13(17-4-1-5-19)6-10(11)12-3-2-9(16)8-18-12/h1-4,6-8,17,19-20H,5H2/b4-1+",C14H12N2O2BrI,445.912687724,3.739200000000001,4.33,4.25,15.8,-160.0,3.1003828283584713,1,HIGHDIVERSITY_CRAFT,HsDHODH_HighDiv,4,3,65.38,4,14,2,2,0.7,0.1,0.1,0.07142857142857142,0.0,20,2,0,2,1,0,1,0,0
OC[C@H](/C=C/C1=NC(Cl)=CN1)N1CCNC1=S,29/000000001,"InChI=1S/C10H13ClN4OS/c11-8-5-13-9(14-8)2-1-7(6-16)15-4-3-12-10(15)17/h1-2,5,7,16H,3-4,6H2,(H,12,17)(H,13,14)/b2-1+/t7-/m0/s1",C10H13N4OSCl,272.049859716,0.6273000000000001,4.33,1.88,3.85,-150.0,4.634949460452223,1,HIGHDIVERSITY_CRAFT,HsDHODH_HighDiv,3,3,64.18,4,10,1,4,0.5882352941176471,0.058823529411764705,0.23529411764705882,0.4,0.1,17,2,1,1,2,1,1,0,0
C/C=C\CC(=O)C1=CC(O)=C(O)C(S)=C1,3/000000141,"InChI=1S/C11H12O3S/c1-2-3-4-8(12)7-5-9(13)11(14)10(15)6-7/h2-3,5-6,13-15H,4H2,1H3/b3-2-",C11H12O3S,224.050715244,2.535400000000001,4.32,0.57,2.22,-60.0,3.2091085034193014,1,HIGHDIVERSITY_CRAFT,HsDHODH_HighDiv,4,3,57.53,3,11,3,0,0.7333333333333333,0.2,0.0,0.18181818181818182,0.0,15,1,0,1,0,0,0,0,0
CCNC(=O)C#CC1=C(O)C(O)=CN=C1CBr,1/000000181,"InChI=1S/C11H11BrN2O3/c1-2-13-10(16)4-3-7-8(5-12)14-6-9(15)11(7)17/h6,15H,2,5H2,1H3,(H,13,16)(H,14,17)",C11H11N2O3Br,297.99530431200003,0.8753000000000002,4.32,5.88,17.1,-20.0,3.476087317626509,1,HIGHDIVERSITY_CRAFT,HsDHODH_HighDiv,4,3,82.45,2,11,3,2,0.6470588235294118,0.17647058823529413,0.11764705882352941,0.2727272727272727,0.0,17,1,0,1,1,0,1,0,0
C#CCC1=CC=CC(C2=CC(O)=CN=C2CO)=C1,1/000000251,"InChI=1S/C15H13NO2/c1-2-4-11-5-3-6-12(7-11)14-8-13(18)9-16-15(14)10-17/h1,3,5-9,17-18H,4,10H2",C15H13NO2,239.094628656,2.1221999999999994,4.32,6.52,13.4,-160.0,2.713392801557525,1,HIGHDIVERSITY_CRAFT,HsDHODH_HighDiv,3,2,53.35000000000001,3,15,2,1,0.8333333333333334,0.1111111111111111,0.05555555555555555,0.13333333333333333,0.0,18,2,0,2,1,0,1,0,0
NOCC/C=C/NC1=C(O)C=C(Br)C(C2=NC=C(I)C=C2)=C1,28/000000023,"InChI=1S/C15H15BrIN3O2/c16-12-8-15(21)14(19-5-1-2-6-22-18)7-11(12)13-4-3-10(17)9-20-13/h1,3-5,7-9,19,21H,2,6,18H2/b5-1+",C15H15N3O2BrI,474.9392368200001,4.027300000000001,4.32,5.95,17.8,-160.0,3.240511694655739,1,HIGHDIVERSITY_CRAFT,HsDHODH_HighDiv,5,3,80.4,6,15,2,3,0.6818181818181818,0.09090909090909091,0.13636363636363635,0.13333333333333333,0.0,22,2,0,2,1,0,1,0,0
NC1=C(C#C[C@@H](O)C2=CC=CC=C2O)C(C(=O)O)=NN1,30/000000015,"InChI=1S/C13H11N3O4/c14-12-8(11(13(19)20)15-16-12)5-6-10(18)7-3-1-2-4-9(7)17/h1-4,10,17-18H,(H,19,20)(H3,14,15,16)/t10-/m1/s1",C13H10N3O4,273.07495583200006,0.4808,4.32,5.65,2.35,-150.0,3.4443072579191885,1,HIGHDIVERSITY_CRAFT,HsDHODH_HighDiv,5,5,132.46,2,13,4,3,0.65,0.2,0.15,0.07692307692307693,0.07692307692307693,20,2,0,2,1,0,1,0,0
C=C[C@@H](CCC(C)=O)NC(=O)C#CC1=C(O)C(O)=CN=C1,1/000000527,"InChI=1S/C15H16N2O4/c1-3-12(6-4-10(2)18)17-14(20)7-5-11-8-16-9-13(19)15(11)21/h3,8-9,12,19H,1,4,6H2,2H3,(H,16,21)(H,17,20)/t12-/m0/s1",C15H16N2O4,288.111006992,0.8842999999999999,4.32,6.14,21.0,-200.0,3.92931511240416,1,HIGHDIVERSITY_CRAFT,HsDHODH_HighDiv,5,3,99.52000000000001,5,15,4,2,0.7142857142857143,0.19047619047619047,0.09523809523809523,0.26666666666666666,0.06666666666666667,21,1,0,1,1,0,1,0,0
C#CCC1=CC(C2=CN=CC(O)=C2)=CC=C1/C=C\CO,1/000000071,"InChI=1S/C17H15NO2/c1-2-4-14-9-15(7-6-13(14)5-3-8-19)16-10-17(20)12-18-11-16/h1,3,5-7,9-12,19-20H,4,8H2/b5-3-",C17H15NO2,265.11027872,2.635400000000001,4.32,5.04,15.6,-160.0,2.914970856120183,1,HIGHDIVERSITY_CRAFT,HsDHODH_HighDiv,3,2,53.35000000000001,4,17,2,1,0.85,0.1,0.05,0.11764705882352941,0.0,20,2,0,2,1,0,1,0,0
CNCCC1=CC(C#C[C@@H](C(=O)O)N2C=C([N+](=O)[O-])C=N2)=CC=C1,27/000000021,"InChI=1S/C16H16N4O4/c1-17-8-7-13-4-2-3-12(9-13)5-6-15(16(21)22)19-11-14(10-18-19)20(23)24/h2-4,9-11,15,17H,7-8H2,1H3,(H,21,22)/p+1/t15-/m0/s1",C16H17N4O4,328.11715499200005,1.2305999999999995,4.32,2.16,3.98,-170.0,4.107887884094222,1,HIGHDIVERSITY_CRAFT,HsDHODH_HighDiv,6,2,110.29,6,16,4,4,0.6666666666666666,0.16666666666666666,0.16666666666666666,0.25,0.0625,24,2,0,2,1,0,1,0,0
O=C(O)N1N=CC2=CC(C/C=C/C3C=CNC=C3)=CC(F)=C21,22/000000010,"InChI=1S/C16H14FN3O2/c17-14-9-12(3-1-2-11-4-6-18-7-5-11)8-13-10-19-20(15(13)14)16(21)22/h1-2,4-11,18H,3H2,(H,21,22)/b2-1+",C16H13N3O2F,299.10700490799996,3.0470000000000015,4.31,2.97,4.94,-190.0,3.7494596209230218,1,HIGHDIVERSITY_CRAFT,HsDHODH_HighDiv,4,2,67.14999999999999,3,16,2,3,0.7272727272727273,0.09090909090909091,0.13636363636363635,0.125,0.0,22,3,1,2,2,1,1,0,0
NC[C@@H](C[N+](=O)[O-])NC(=S)C1=NON=C1,24/000000001,"InChI=1S/C6H9N5O3S/c7-1-4(3-11(12)13)9-6(15)5-2-8-14-10-5/h2,4H,1,3,7H2,(H,9,15)/t4-/m0/s1",C6H9N5O3S,231.042610148,-1.0612999999999997,4.31,6.97,3.85,-150.0,4.426346508672619,1,HIGHDIVERSITY_CRAFT,HsDHODH_HighDiv,7,2,120.11,5,6,3,5,0.4,0.2,0.3333333333333333,0.5,0.16666666666666666,15,1,0,1,1,0,1,0,0
O=C(NC1=NCCO1)C1=CC(S)=C(O)C(O)=C1,3/000000149,"InChI=1S/C10H10N2O4S/c13-6-3-5(4-7(17)8(6)14)9(15)12-10-11-1-2-16-10/h3-4,13-14,17H,1-2H2,(H,11,12,15)",C10H10N2O4S,254.0361278,0.5024999999999997,4.31,0.18,2.22,-60.0,3.227677711136791,1,HIGHDIVERSITY_CRAFT,HsDHODH_HighDiv,6,4,91.15,1,10,4,2,0.5882352941176471,0.23529411764705882,0.11764705882352941,0.2,0.0,17,2,1,1,1,1,0,0,0
CSCC(=O)C1=CC(O)=C(O)C(C2=CCC=C2)=C1,3/000000103,"InChI=1S/C14H14O3S/c1-18-8-13(16)10-6-11(9-4-2-3-5-9)14(17)12(15)7-10/h2,4-7,15,17H,3,8H2,1H3",C14H14O3S,262.066365308,2.9868000000000023,4.31,1.61,3.58,-160.0,3.040533272145762,1,HIGHDIVERSITY_CRAFT,HsDHODH_HighDiv,4,2,57.53,4,14,3,0,0.7777777777777778,0.16666666666666666,0.0,0.21428571428571427,0.0,18,2,1,1,0,0,0,0,0
O=C(O)C1=C(CS)OC(=O)C=C1C1=NC=NN1,12/000000003,"InChI=1S/C9H7N3O4S/c13-6-1-4(8-10-3-11-12-8)7(9(14)15)5(2-17)16-6/h1,3,17H,2H2,(H,14,15)(H,10,11,12)",C9H6N3O4S,253.015726704,0.5529,4.3,5.77,24.5,-120.0,3.3318361399420287,1,HIGHDIVERSITY_CRAFT,HsDHODH_HighDiv,6,3,109.07999999999998,3,9,4,3,0.5294117647058824,0.23529411764705882,0.17647058823529413,0.1111111111111111,0.0,17,2,0,2,2,0,2,0,0
C=CC1=NC=C(O)C=C1C#C[C@@H](CN)C1=CNC=NC1,1/000000047,"InChI=1S/C15H16N4O/c1-2-15-11(5-14(20)9-19-15)3-4-12(6-16)13-7-17-10-18-8-13/h2,5,7,9-10,12,20H,1,6,8,16H2,(H,17,18)/t12-/m0/s1",C15H16N4O,268.132411132,0.8720000000000001,4.3,7.65,20.3,-150.0,4.687273927039541,1,HIGHDIVERSITY_CRAFT,HsDHODH_HighDiv,5,3,83.53,3,15,1,4,0.75,0.05,0.2,0.2,0.06666666666666667,20,2,1,1,2,1,1,0,0
CNCC(=O)C1=CC(O)=C(O)C(C2=CCC=C2)=C1,3/000000117,"InChI=1S/C14H15NO3/c1-15-8-13(17)10-6-11(9-4-2-3-5-9)14(18)12(16)7-10/h2,4-7,15-16,18H,3,8H2,1H3/p+1",C14H16NO3,245.10519334,1.8431999999999997,4.3,1.08,3.58,-140.0,3.847866502914992,1,HIGHDIVERSITY_CRAFT,HsDHODH_HighDiv,4,3,69.56,4,14,3,1,0.7777777777777778,0.16666666666666666,0.05555555555555555,0.21428571428571427,0.0,18,2,1,1,0,0,0,0,0
O=C(O)[C@H](C#CC1=CC=C(O)C=C1)N1C=C([N+](=O)[O-])C=N1,27/000000008,"InChI=1S/C13H9N3O5/c17-11-4-1-9(2-5-11)3-6-12(13(18)19)15-8-10(7-14-15)16(20)21/h1-2,4-5,7-8,12,17H,(H,18,19)/t12-/m0/s1",C13H9N3O5,287.05422038800003,1.1743,4.29,1.98,2.48,-150.0,3.3873588929430403,1,HIGHDIVERSITY_CRAFT,HsDHODH_HighDiv,6,2,118.49,3,13,5,3,0.6190476190476191,0.23809523809523808,0.14285714285714285,0.07692307692307693,0.07692307692307693,21,2,0,2,1,0,1,0,0
C=C(CNC(=O)C#CC1=C(O)C(O)=CN=C1)[C@H]1CC=CS1,1/000000235,"InChI=1S/C15H14N2O3S/c1-10(13-3-2-6-21-13)7-17-14(19)5-4-11-8-16-9-12(18)15(11)20/h2,6,8-9,13,18H,1,3,7H2,(H,16,20)(H,17,19)/t13-/m1/s1",C15H14N2O3S,302.072513308,1.5358999999999998,4.29,3.43,22.7,-150.0,4.419783718730928,1,HIGHDIVERSITY_CRAFT,HsDHODH_HighDiv,5,3,82.45,3,15,3,2,0.7142857142857143,0.14285714285714285,0.09523809523809523,0.2,0.06666666666666667,21,2,1,1,2,1,1,0,0
CC(=O)CC[C@H](CCl)NC(=O)C#CC1=C(O)C(O)=CN=C1,1/000000466,"InChI=1S/C14H15ClN2O4/c1-9(18)2-4-11(6-15)17-13(20)5-3-10-7-16-8-12(19)14(10)21/h7-8,11,19H,2,4,6H2,1H3,(H,16,21)(H,17,20)/t11-/m1/s1",C14H15N2O4Cl,310.07203464,0.9370999999999996,4.28,6.93,21.1,-200.0,3.8258260435782496,1,HIGHDIVERSITY_CRAFT,HsDHODH_HighDiv,5,3,99.52000000000001,5,14,4,2,0.6666666666666666,0.19047619047619047,0.09523809523809523,0.35714285714285715,0.07142857142857142,21,1,0,1,1,0,1,0,0
CC1=C(C(=O)C2=NN=C(S)N2)C=C(O)C(O)=C1,3/000000145,"InChI=1S/C10H9N3O3S/c1-4-2-6(14)7(15)3-5(4)8(16)9-11-10(17)13-12-9/h2-3,14-15H,1H3,(H2,11,12,13,17)",C10H9N3O3S,251.036462148,1.0440199999999997,4.28,1.49,2.22,-60.0,3.2847575517402214,1,HIGHDIVERSITY_CRAFT,HsDHODH_HighDiv,6,4,99.10000000000001,2,10,3,3,0.5882352941176471,0.17647058823529413,0.17647058823529413,0.1,0.0,17,2,0,2,1,0,1,0,0
O=C(C#CC1=CN=CC(O)=C1O)NC1=CC(C(=O)O)=CN=C1,1/000000136,"InChI=1S/C14H9N3O5/c18-11-7-16-4-8(13(11)20)1-2-12(19)17-10-3-9(14(21)22)5-15-6-10/h3-7,18H,(H,16,20)(H,17,19)(H,21,22)",C14H9N3O5,299.05422038800003,0.5761999999999998,4.27,6.14,21.0,0.0,3.0109803559257227,1,HIGHDIVERSITY_CRAFT,HsDHODH_HighDiv,6,4,132.64000000000001,2,14,5,3,0.6363636363636364,0.22727272727272727,0.13636363636363635,0.0,0.0,22,2,0,2,2,0,2,0,0
CC/C=C/CC1=CC(C2=CC(NCCNN)=CC=C2O)=NN1,3/000000006,"InChI=1S/C16H23N5O/c1-2-3-4-5-13-11-15(21-20-13)14-10-12(6-7-16(14)22)18-8-9-19-17/h3-4,6-7,10-11,18-19,22H,2,5,8-9,17H2,1H3,(H,20,21)/b4-3+",C16H23N5O,301.19026035600007,2.1661999999999995,4.26,0.63,20.6,-160.0,3.0659387418021407,1,HIGHDIVERSITY_CRAFT,HsDHODH_HighDiv,5,5,98.99000000000001,8,16,1,5,0.7272727272727273,0.045454545454545456,0.22727272727272727,0.3125,0.0,22,2,0,2,1,0,1,0,0
NC1=C(C#C[C@@H](O)C2=CC=CC=C2O)C(C=S)=NN1,30/000000031,"InChI=1S/C13H11N3O2S/c14-13-8(10(7-19)15-16-13)5-6-12(18)9-3-1-2-4-11(9)17/h1-4,7,12,17-18H,(H3,14,15,16)/t12-/m1/s1",C13H11N3O2S,273.057197592,1.1303999999999998,4.26,5.71,2.22,-150.0,3.8841900405686953,1,HIGHDIVERSITY_CRAFT,HsDHODH_HighDiv,5,4,95.16,2,13,2,3,0.6842105263157895,0.10526315789473684,0.15789473684210525,0.07692307692307693,0.07692307692307693,19,2,0,2,1,0,1,0,0
C#CCC1=CC(C2=CN=CC(O)=C2)=CC=C1C(=O)CO,1/000000026,"InChI=1S/C16H13NO3/c1-2-3-12-6-11(4-5-15(12)16(20)10-18)13-7-14(19)9-17-8-13/h1,4-9,18-19H,3,10H2",C16H13NO3,267.08954327600003,1.8048999999999995,4.25,5.66,16.2,-160.0,2.762341344841987,1,HIGHDIVERSITY_CRAFT,HsDHODH_HighDiv,4,2,70.42,4,16,3,1,0.8,0.15,0.05,0.125,0.0,20,2,0,2,1,0,1,0,0
NC[C@H](C#CC1=CC(O)=CN=C1)C1=NN=CS1,1/000000029,"InChI=1S/C11H10N4OS/c12-4-9(11-15-14-7-17-11)2-1-8-3-10(16)6-13-5-8/h3,5-7,9,16H,4,12H2/t9-/m0/s1",C11H10N4OS,246.05753194,0.7327000000000001,4.25,4.89,20.9,-150.0,3.959032447108424,1,HIGHDIVERSITY_CRAFT,HsDHODH_HighDiv,6,2,84.92,2,11,1,4,0.6470588235294118,0.058823529411764705,0.23529411764705882,0.18181818181818182,0.09090909090909091,17,2,0,2,2,0,2,0,0
O=C(CO)C1=CC(O)=C(O)C(C2=CN=CO2)=C1,3/000000173,"InChI=1S/C11H9NO5/c13-4-9(15)6-1-7(10-3-12-5-17-10)11(16)8(14)2-6/h1-3,5,13-14,16H,4H2",C11H9NO5,235.048072388,0.9277999999999997,4.25,1.49,3.58,-120.0,2.802273783149884,1,HIGHDIVERSITY_CRAFT,HsDHODH_HighDiv,6,3,103.79,3,11,5,1,0.6470588235294118,0.29411764705882354,0.058823529411764705,0.09090909090909091,0.0,17,2,0,2,1,0,1,0,0
C=C(C)CNC(=O)C#CC1=C(O)C(O)=CN=C1CS,1/000000438,"InChI=1S/C13H14N2O3S/c1-8(2)5-15-12(17)4-3-9-10(7-19)14-6-11(16)13(9)18/h6,16,19H,1,5,7H2,2H3,(H,14,18)(H,15,17)",C13H14N2O3S,278.072513308,0.9663999999999997,4.25,6.53,20.1,-20.0,3.714032653931757,1,HIGHDIVERSITY_CRAFT,HsDHODH_HighDiv,5,4,82.45,3,13,3,2,0.6842105263157895,0.15789473684210525,0.10526315789473684,0.23076923076923078,0.0,19,1,0,1,1,0,1,0,0
O=C1C=CNC(C2=C(CO)C=C(CO)C=C2)=N1,27/000000012,"InChI=1S/C12H12N2O3/c15-6-8-1-2-10(9(5-8)7-16)12-13-4-3-11(17)14-12/h1-5,15-16H,6-7H2,(H,13,14,17)",C12H12N2O3,232.084792244,0.4215,4.25,4.74,15.5,-160.0,2.6867079279944015,1,HIGHDIVERSITY_CRAFT,HsDHODH_HighDiv,4,3,86.21000000000001,3,12,3,2,0.7058823529411765,0.17647058823529413,0.11764705882352941,0.16666666666666666,0.0,17,2,0,2,1,0,1,0,0
C=C(CC(N)=O)C1=CC=C(C2=C(O)C(O)=C(C=S)N=C2)C=C1,1/000000255,"InChI=1S/C16H14N2O3S/c1-9(6-14(17)19)10-2-4-11(5-3-10)12-7-18-13(8-22)16(21)15(12)20/h2-5,7-8,21H,1,6H2,(H2,17,19)(H,18,20)",C16H14N2O3S,314.072513308,2.396200000000001,4.25,5.18,19.5,-160.0,3.1935672033406037,1,HIGHDIVERSITY_CRAFT,HsDHODH_HighDiv,5,3,96.44000000000001,5,16,3,2,0.7272727272727273,0.13636363636363635,0.09090909090909091,0.0625,0.0,22,2,0,2,1,0,1,0,0
OCC1=CC=C2C=NN(C(F)(F)S)C2=C1,22/000000015,"InChI=1S/C9H8F2N2OS/c10-9(11,15)13-8-3-6(5-14)1-2-7(8)4-12-13/h1-4,14-15H,5H2",C9H8N2OSF2,230.032540316,1.9651999999999996,4.24,2.11,18.1,-190.0,2.998401786721365,1,HIGHDIVERSITY_CRAFT,HsDHODH_HighDiv,4,2,38.050000000000004,2,9,1,2,0.6,0.06666666666666667,0.13333333333333333,0.2222222222222222,0.0,15,2,0,2,1,0,1,0,0
O=C(C#CC1=C(O)C(O)=CN=C1)NC1=CN=CC=C1,1/000000103,"InChI=1S/C13H9N3O3/c17-11-8-15-6-9(13(11)19)3-4-12(18)16-10-2-1-5-14-7-10/h1-2,5-8,17H,(H,15,19)(H,16,18)",C13H9N3O3,255.064391148,0.8779999999999999,4.24,4.04,17.0,0.0,2.943666892242465,1,HIGHDIVERSITY_CRAFT,HsDHODH_HighDiv,5,3,95.34,1,13,3,3,0.6842105263157895,0.15789473684210525,0.15789473684210525,0.0,0.0,19,2,0,2,2,0,2,0,0
CNCC(=O)C1=CC(C2=NN=CN2)=C(O)C(O)=C1,3/000000154,"InChI=1S/C11H12N4O3/c1-12-4-9(17)6-2-7(10(18)8(16)3-6)11-13-5-14-15-11/h2-3,5,12,16,18H,4H2,1H3,(H,13,14,15)",C11H12N4O3,248.090940244,0.28500000000000003,4.24,0.76,17.4,-140.0,3.2440911182996066,1,HIGHDIVERSITY_CRAFT,HsDHODH_HighDiv,6,4,111.13000000000001,4,11,3,4,0.6111111111111112,0.16666666666666666,0.2222222222222222,0.18181818181818182,0.0,18,2,0,2,1,0,1,0,0
O=[N+]([O-])/C=C/C1=NC=C(C2=C(SS)C(O)=CN=C2)C=C1,1/000000024,"InChI=1S/C12H9N3O3S2/c16-11-7-13-6-10(12(11)20-19)8-1-2-9(14-5-8)3-4-15(17)18/h1-7,16,19H/b4-3+",C12H9N3O3S2,307.008533148,3.033500000000002,4.24,6.23,20.0,-160.0,3.479403982204624,1,HIGHDIVERSITY_CRAFT,HsDHODH_HighDiv,7,2,89.15,4,12,3,3,0.6,0.15,0.15,0.0,0.0,20,2,0,2,2,0,2,0,0
O=C(C1=CC(O)=C(O)C(S)=C1)[C@@H](O)CS,3/000000104,"InChI=1S/C9H10O4S2/c10-5-1-4(2-7(15)9(5)13)8(12)6(11)3-14/h1-2,6,10-11,13-15H,3H2/t6-/m0/s1",C9H10O4S2,246.0020508,0.8598999999999999,4.24,0.89,2.22,-190.0,3.7967119293682448,1,HIGHDIVERSITY_CRAFT,HsDHODH_HighDiv,6,5,77.76,3,9,4,0,0.6,0.26666666666666666,0.0,0.2222222222222222,0.1111111111111111,15,1,0,1,0,0,0,0,0
C#C[C@H](CS)NC(=O)C#CC1=CN=CC(O)=C1O,1/000000108,"InChI=1S/C12H10N2O3S/c1-2-9(7-18)14-11(16)4-3-8-5-13-6-10(15)12(8)17/h1,5-6,9,15,18H,7H2,(H,13,17)(H,14,16)/t9-/m1/s1",C12H10N2O3S,262.04121318,-0.1079,4.24,5.09,21.3,-150.0,4.3088195958123725,1,HIGHDIVERSITY_CRAFT,HsDHODH_HighDiv,5,4,82.45,2,12,3,2,0.6666666666666666,0.16666666666666666,0.1111111111111111,0.16666666666666666,0.08333333333333333,18,1,0,1,1,0,1,0,0
NCCCC#CC1=C(CN)N=C(CC[N+](=O)[O-])C(O)=C1,1/000000303,"InChI=1S/C13H18N4O3/c14-6-3-1-2-4-10-8-13(18)11(5-7-17(19)20)16-12(10)9-15/h8,18H,1,3,5-7,9,14-15H2/p+2",C13H20N4O3,278.13789043599996,0.1555000000000008,4.24,2.45,19.8,0.0,4.548768382804025,1,HIGHDIVERSITY_CRAFT,HsDHODH_HighDiv,6,3,128.3,6,13,3,4,0.65,0.15,0.2,0.46153846153846156,0.0,20,1,0,1,1,0,1,0,0
O=C(C#CC1=C(O)C(O)=CN=C1CS)N[C@@H](S)C(=O)O,1/000000464,"InChI=1S/C11H10N2O5S2/c14-7-3-12-6(4-19)5(9(7)16)1-2-8(15)13-10(20)11(17)18/h3,10,14,19-20H,4H2,(H,12,16)(H,13,15)(H,17,18)/t10-/m0/s1",C11H10N2O5S2,314.0031134199999,-0.2692000000000003,4.24,7.11,23.8,-150.0,4.394083017254192,1,HIGHDIVERSITY_CRAFT,HsDHODH_HighDiv,7,6,119.75000000000001,3,11,5,2,0.55,0.25,0.1,0.18181818181818182,0.09090909090909091,20,1,0,1,1,0,1,0,0
NC(=O)NC1=C(CC/C=C/N[C@@H]2C=CC2)C=NC=C1O,1/000000311,"InChI=1S/C14H18N4O2/c15-14(20)18-13-10(8-16-9-12(13)19)4-1-2-7-17-11-5-3-6-11/h2-3,5,7-9,11,17,19H,1,4,6H2,(H3,15,16,18,20)/b7-2+/t11-/m1/s1",C14H18N4O2,274.142975816,1.6421999999999999,4.24,8.37,3.58,-150.0,3.95463067949761,1,HIGHDIVERSITY_CRAFT,HsDHODH_HighDiv,4,4,100.27000000000001,6,14,2,4,0.7,0.1,0.2,0.2857142857142857,0.07142857142857142,20,2,1,1,1,0,1,0,0
CCC1=NN=C(C2=C(CS)C(O)=CN=C2CO)S1,1/000000264,"InChI=1S/C11H13N3O2S2/c1-2-9-13-14-11(18-9)10-6(5-17)8(16)3-12-7(10)4-15/h3,15-17H,2,4-5H2,1H3",C11H13N3O2S2,283.04491865600005,1.7901999999999991,4.24,8.81,20.4,-140.0,3.3251465029149916,1,HIGHDIVERSITY_CRAFT,HsDHODH_HighDiv,7,3,79.13000000000001,4,11,2,3,0.6111111111111112,0.1111111111111111,0.16666666666666666,0.36363636363636365,0.0,18,2,0,2,2,0,2,0,0
CCC1=CC(NC(N)N)=C(O)C=C1C(=O)CC(C)=O,3/000000075,"InChI=1S/C13H19N3O3/c1-3-8-5-10(16-13(14)15)12(19)6-9(8)11(18)4-7(2)17/h5-6,13,16,19H,3-4,14-15H2,1-2H3",C13H17N3O3,265.142641468,0.7292999999999998,4.23,6.16,17.1,-100.0,2.909001251216825,1,HIGHDIVERSITY_CRAFT,HsDHODH_HighDiv,6,4,118.44,6,13,3,3,0.6842105263157895,0.15789473684210525,0.15789473684210525,0.38461538461538464,0.0,19,1,0,1,0,0,0,0,0
NCC1=CSC=C1C#CC1=CC(NCC(=O)NO)=CC=C1O,3/000000023,"InChI=1S/C15H15N3O3S/c16-6-12-9-22-8-11(12)2-1-10-5-13(3-4-14(10)19)17-7-15(20)18-21/h3-5,8-9,17,19,21H,6-7,16H2,(H,18,20)",C15H15N3O3S,317.08341234,1.2294999999999998,4.23,3.02,24.3,-40.0,3.093266781504375,1,HIGHDIVERSITY_CRAFT,HsDHODH_HighDiv,6,5,107.61,4,15,3,3,0.6818181818181818,0.13636363636363635,0.13636363636363635,0.13333333333333333,0.0,22,2,0,2,1,0,1,0,0
O=C(CO)C1=CC(O)=C(O)C(I)=C1,3/000000166,"InChI=1S/C8H7IO4/c9-5-1-4(7(12)3-10)2-6(11)8(5)13/h1-2,10-11,13H,3H2",C8H7O4I,293.93890670400003,0.8773999999999997,4.23,1.01,2.22,0.0,2.6446827364341647,1,HIGHDIVERSITY_CRAFT,HsDHODH_HighDiv,4,3,77.76,2,8,4,0,0.6153846153846154,0.3076923076923077,0.0,0.125,0.0,13,1,0,1,0,0,0,0,0
O=C(C#CC1=C(O)C(O)=CN=C1)N[C@@H](C=S)CCO,1/000000462,"InChI=1S/C12H12N2O4S/c15-4-3-9(7-19)14-11(17)2-1-8-5-13-6-10(16)12(8)18/h5-7,9,15-16H,3-4H2,(H,13,18)(H,14,17)/t9-/m1/s1",C12H12N2O4S,280.051777864,-0.2888000000000001,4.23,6.16,20.9,-150.0,4.259667990775236,1,HIGHDIVERSITY_CRAFT,HsDHODH_HighDiv,6,4,102.68,4,12,4,2,0.631578947368421,0.21052631578947367,0.10526315789473684,0.25,0.08333333333333333,19,1,0,1,1,0,1,0,0
CC(=O)C1=CC(C(F)F)=C(O)C(O)=C1,3/000000179,"InChI=1S/C9H8F2O3/c1-4(12)5-2-6(9(10)11)8(14)7(13)3-5/h2-3,9,13-14H,1H3",C9H8O3F2,202.044150556,2.2380000000000013,4.23,1.15,14.2,-170.0,2.611961354922908,1,HIGHDIVERSITY_CRAFT,HsDHODH_HighDiv,3,2,57.53,2,9,3,0,0.6428571428571429,0.21428571428571427,0.0,0.2222222222222222,0.0,14,1,0,1,0,0,0,0,0
OCCN1N=CC(C2=C(CO)C(O)=CN=C2CS)=C1O,1/000000258,"InChI=1S/C12H15N3O4S/c16-2-1-15-12(19)7(3-14-15)11-8(5-17)10(18)4-13-9(11)6-20/h3-4,16-20H,1-2,5-6H2",C12H15N3O4S,297.07832696,0.27069999999999955,4.23,10.14,20.3,-120.0,3.563747963223605,1,HIGHDIVERSITY_CRAFT,HsDHODH_HighDiv,8,5,111.63000000000001,5,12,4,3,0.6,0.2,0.15,0.3333333333333333,0.0,20,2,0,2,2,0,2,0,0
C=C(CNC(=O)C#CC1=C(O)C(O)=CN=C1)[C@H]1CCNO1,1/000000186,"InChI=1S/C14H15N3O4/c1-9(12-4-5-17-21-12)6-16-13(19)3-2-10-7-15-8-11(18)14(10)20/h7-8,12,17-18H,1,4-6H2,(H,15,20)(H,16,19)/t12-/m1/s1",C14H15N3O4,289.10625596,-0.18980000000000014,4.23,2.82,21.2,-150.0,4.501748255888686,1,HIGHDIVERSITY_CRAFT,HsDHODH_HighDiv,6,4,103.71000000000001,3,14,4,3,0.6666666666666666,0.19047619047619047,0.14285714285714285,0.2857142857142857,0.07142857142857142,21,2,1,1,2,1,1,0,0
O=C(C#CC1=C(O)C(O)=C(CO)N=C1)NC1=CC=CC=C1F,1/000000491,"InChI=1S/C15H11FN2O4/c16-10-3-1-2-4-11(10)18-13(20)6-5-9-7-17-12(8-19)15(22)14(9)21/h1-4,7,19,22H,8H2,(H,17,21)(H,18,20)",C15H11N2O4F,302.07028505200003,1.1143999999999998,4.23,4.03,20.9,0.0,2.9116512260392167,1,HIGHDIVERSITY_CRAFT,HsDHODH_HighDiv,5,4,102.68,2,15,4,2,0.6818181818181818,0.18181818181818182,0.09090909090909091,0.06666666666666667,0.0,22,2,0,2,1,0,1,0,0
C=C(C)CC(=O)C1=CC(CCCCCN)=C(O)C(O)=C1,3/000000086,"InChI=1S/C16H23NO3/c1-11(2)8-14(18)13-9-12(6-4-3-5-7-17)16(20)15(19)10-13/h9-10,19-20H,1,3-8,17H2,2H3",C16H23NO3,277.167793596,2.9182000000000015,4.23,1.0,3.58,-20.0,2.6519978466734884,1,HIGHDIVERSITY_CRAFT,HsDHODH_HighDiv,4,3,83.55000000000001,8,16,3,1,0.8,0.15,0.05,0.4375,0.0,20,1,0,1,0,0,0,0,0
O=C(CO)C1=CC(O)=C(O)C(C2=NC=CS2)=C1,3/000000116,"InChI=1S/C11H9NO4S/c13-5-9(15)6-3-7(10(16)8(14)4-6)11-12-1-2-17-11/h1-4,13-14,16H,5H2",C11H9NO4S,251.025228768,1.3962999999999997,4.23,2.4,18.1,-120.0,2.7169431775852377,1,HIGHDIVERSITY_CRAFT,HsDHODH_HighDiv,6,3,90.65,3,11,4,1,0.6470588235294118,0.23529411764705882,0.058823529411764705,0.09090909090909091,0.0,17,2,0,2,1,0,1,0,0
C#CCC1=C(F)C=CC(C2=CN=CC(O)=C2CN)=C1,1/000000069,"InChI=1S/C15H13FN2O/c1-2-3-11-6-10(4-5-14(11)16)13-8-18-9-15(19)12(13)7-17/h1,4-6,8-9,19H,3,7,17H2",C15H13N2OF,256.101191256,2.2276999999999996,4.23,6.82,16.3,-160.0,2.9339914689236473,1,HIGHDIVERSITY_CRAFT,HsDHODH_HighDiv,3,2,59.14,3,15,1,2,0.7894736842105263,0.05263157894736842,0.10526315789473684,0.13333333333333333,0.0,19,2,0,2,1,0,1,0,0
C=CC(=O)C1=CC(S)=C(O)C(O)=C1,3/000000102,"InChI=1S/C9H8O3S/c1-2-6(10)5-3-7(11)9(12)8(13)4-5/h2-4,11-13H,1H2",C9H8O3S,196.019415116,1.7552000000000005,4.23,0.27,2.22,-20.0,3.1124954061174233,1,HIGHDIVERSITY_CRAFT,HsDHODH_HighDiv,4,3,57.53,2,9,3,0,0.6923076923076923,0.23076923076923078,0.0,0.0,0.0,13,1,0,1,0,0,0,0,0
C/C=C/C1=C(O)C(O)=CC(C(=O)CO)=C1,3/000000121,"InChI=1S/C11H12O4/c1-2-3-7-4-8(10(14)6-12)5-9(13)11(7)15/h2-5,12-13,15H,6H2,1H3/b3-2+",C11H12O4,208.073558864,1.3058999999999998,4.23,1.55,3.58,-20.0,2.7600015803423776,1,HIGHDIVERSITY_CRAFT,HsDHODH_HighDiv,4,3,77.76,3,11,4,0,0.7333333333333333,0.26666666666666666,0.0,0.18181818181818182,0.0,15,1,0,1,0,0,0,0,0
CCCN(CCN)CCNC(=O)C#CC1=C(O)C(O)=CN=C1,1/000000531,"InChI=1S/C15H22N4O3/c1-2-7-19(8-5-16)9-6-18-14(21)4-3-12-10-17-11-13(20)15(12)22/h10-11,20H,2,5-9,16H2,1H3,(H,17,22)(H,18,21)/p+1",C15H23N4O3,306.169190564,-0.36879999999999935,4.22,1.88,20.6,-80.0,4.829498559253656,1,HIGHDIVERSITY_CRAFT,HsDHODH_HighDiv,6,4,111.71000000000001,7,15,3,4,0.6818181818181818,0.13636363636363635,0.18181818181818182,0.4666666666666667,0.0,22,1,0,1,1,0,1,0,0
OC1=CN=CC(C2=CC=C(I)C=C2)=C1CS,1/000000035,"InChI=1S/C12H10INOS/c13-9-3-1-8(2-4-9)10-5-14-6-12(15)11(10)7-16/h1-6,15-16H,7H2",C12H10NOSI,342.95278293999996,3.488600000000002,4.22,5.04,11.8,-160.0,2.7275792445791005,1,HIGHDIVERSITY_CRAFT,HsDHODH_HighDiv,3,2,33.120000000000005,2,12,1,1,0.75,0.0625,0.0625,0.08333333333333333,0.0,16,2,0,2,1,0,1,0,0
C=C[C@H](NC(=O)C#CC1=C(O)C(O)=C(CC)N=C1)C1=CC=NO1,1/000000498,"InChI=1S/C16H15N3O4/c1-3-11(13-7-8-18-23-13)19-14(20)6-5-10-9-17-12(4-2)16(22)15(10)21/h3,7-9,11,22H,1,4H2,2H3,(H,17,21)(H,19,20)/t11-/m0/s1",C16H15N3O4,313.10625596000006,1.4381999999999997,4.22,2.54,25.0,-170.0,4.230345007354731,1,HIGHDIVERSITY_CRAFT,HsDHODH_HighDiv,6,3,108.48,4,16,4,3,0.6956521739130435,0.17391304347826086,0.13043478260869565,0.1875,0.0625,23,2,0,2,2,0,2,0,0
NNCC/C=C/NC1=C(O)C=C(Br)C(C2=NC=C(I)C=C2)=C1,28/000000004,"InChI=1S/C15H16BrIN4O/c16-12-8-15(22)14(19-5-1-2-6-21-18)7-11(12)13-4-3-10(17)9-20-13/h1,3-5,7-9,19,21-22H,2,6,18H2/b5-1+",C15H16N4OBrI,473.955221232,3.6003000000000016,4.22,2.13,18.0,-198.0,3.2736241016036303,1,HIGHDIVERSITY_CRAFT,HsDHODH_HighDiv,5,4,83.2,6,15,1,4,0.6818181818181818,0.045454545454545456,0.18181818181818182,0.13333333333333333,0.0,22,2,0,2,1,0,1,0,0
O=NC1=C(O)C=NC(CO)=C1C1=CON=C1O,1/000000034,"InChI=1S/C9H7N3O5/c13-2-5-7(4-3-17-12-9(4)15)8(11-16)6(14)1-10-5/h1,3,13-14H,2H2,(H,12,15)",C9H7N3O5,237.038570324,1.0379999999999998,4.22,5.62,18.8,-120.0,3.804758889532865,1,HIGHDIVERSITY_CRAFT,HsDHODH_HighDiv,8,3,129.04,3,9,5,3,0.5294117647058824,0.29411764705882354,0.17647058823529413,0.1111111111111111,0.0,17,2,0,2,2,0,2,0,0
CCCCC1=C(O)C(O)=CC(C(C)=O)=C1,3/000000150,"InChI=1S/C12H16O3/c1-3-4-5-9-6-10(8(2)13)7-11(14)12(9)15/h6-7,14-15H,3-5H2,1-2H3",C12H16O3,208.109944372,2.6430000000000016,4.21,2.1,2.22,-80.0,2.14049004188084,1,HIGHDIVERSITY_CRAFT,HsDHODH_HighDiv,3,2,57.53,4,12,3,0,0.8,0.2,0.0,0.4166666666666667,0.0,15,1,0,1,0,0,0,0,0
COCC(=O)C1=CC=C(O)C(C2=CC(N)=C(C(N)=S)C(Cl)=C2)=C1,3/000000074,"InChI=1S/C16H15ClN2O3S/c1-22-7-14(21)8-2-3-13(20)10(4-8)9-5-11(17)15(16(19)23)12(18)6-9/h2-6,20H,7,18H2,1H3,(H2,19,23)",C16H15N2O3SCl,350.04919102,2.7581000000000007,4.21,3.3,20.4,-180.0,2.578609251882023,1,HIGHDIVERSITY_CRAFT,HsDHODH_HighDiv,5,3,98.57,5,16,3,2,0.6956521739130435,0.13043478260869565,0.08695652173913043,0.125,0.0,23,2,0,2,0,0,0,0,0
C[C@@H](CF)NC(=O)C#CC1=C(O)C(O)=CN=C1,1/000000123,"InChI=1S/C11H11FN2O3/c1-7(4-12)14-10(16)3-2-8-5-13-6-9(15)11(8)17/h5-7,15H,4H2,1H3,(H,13,17)(H,14,16)/t7-/m0/s1",C11H11N2O3F,238.075370432,0.3185000000000001,4.21,4.23,18.1,-170.0,3.977157947074295,1,HIGHDIVERSITY_CRAFT,HsDHODH_HighDiv,4,3,82.45,2,11,3,2,0.6470588235294118,0.17647058823529413,0.11764705882352941,0.2727272727272727,0.09090909090909091,17,1,0,1,1,0,1,0,0
NOCC1=C(O)C(O)=C(C#CC(=O)NC2=CC=CC=C2F)C=N1,1/000000400,"InChI=1S/C15H12FN3O4/c16-10-3-1-2-4-11(10)19-13(20)6-5-9-7-18-12(8-23-17)15(22)14(9)21/h1-4,7,22H,8,17H2,(H,18,21)(H,19,20)",C15H12N3O4F,317.08118408400003,1.0123999999999995,4.21,4.11,22.3,0.0,3.1007299172046032,1,HIGHDIVERSITY_CRAFT,HsDHODH_HighDiv,6,4,117.7,3,15,4,3,0.6521739130434783,0.17391304347826086,0.13043478260869565,0.06666666666666667,0.0,23,2,0,2,1,0,1,0,0
NC[C@H](C#CC1=CC(O)=CN=C1)C1=NN=CCN1,1/000000011,"InChI=1S/C12H13N5O/c13-6-10(12-15-3-4-16-17-12)2-1-9-5-11(18)8-14-7-9/h4-5,7-8,10,18H,3,6,13H2,(H,15,17)/t10-/m0/s1",C12H13N5O,243.112010036,-0.2989000000000001,4.21,5.37,19.5,-150.0,4.470681514662753,1,HIGHDIVERSITY_CRAFT,HsDHODH_HighDiv,6,3,95.89,2,12,1,5,0.6666666666666666,0.05555555555555555,0.2777777777777778,0.25,0.08333333333333333,18,2,1,1,2,1,1,0,0
O=C(OCC1=CSC=C1CO)[C@@H](Br)C1=CC=CC2=C1NC=C2,5/000000007,"InChI=1S/C16H14BrNO3S/c17-14(13-3-1-2-10-4-5-18-15(10)13)16(20)21-7-12-9-22-8-11(12)6-19/h1-5,8-9,14,18-19H,6-7H2/t14-/m0/s1",C16H14NO3SBr,378.98777640800006,3.9011000000000022,4.21,7.13,3.58,-190.0,3.570180274259961,1,HIGHDIVERSITY_CRAFT,HsDHODH_HighDiv,4,2,62.32,5,16,3,1,0.7272727272727273,0.13636363636363635,0.045454545454545456,0.1875,0.0625,22,3,0,3,2,0,2,0,0
O=C(O)N1C=C([N+](=O)[O-])C(C#CCCS)=N1,25/000000026,"InChI=1S/C8H7N3O4S/c12-8(13)10-5-7(11(14)15)6(9-10)3-1-2-4-16/h5,16H,2,4H2,(H,12,13)",C8H7N3O4S,241.015726704,0.9887999999999999,4.21,2.55,3.85,0.0,3.7052608188188154,1,HIGHDIVERSITY_CRAFT,HsDHODH_HighDiv,6,2,98.25999999999999,2,8,4,3,0.5,0.25,0.1875,0.25,0.0,16,1,0,1,1,0,1,0,0
O=[N+]([O-])C1=CC(NCCCS)=CC(O)=C1O,3/000000080,"InChI=1S/C9H12N2O4S/c12-8-5-6(10-2-1-3-16)4-7(9(8)13)11(14)15/h4-5,10,12-13,16H,1-3H2",C9H12N2O4S,244.051777864,1.7378,4.2,1.05,2.35,-40.0,2.6516071515558455,1,HIGHDIVERSITY_CRAFT,HsDHODH_HighDiv,6,4,95.63000000000001,5,9,4,2,0.5625,0.25,0.125,0.3333333333333333,0.0,16,1,0,1,0,0,0,0,0
COCC(=O)C1=CC(C2=CC(S)=C(/C=C/CN)C=C2)=CC=C1,3/000000066,"InChI=1S/C18H19NO2S/c1-21-12-17(20)16-5-2-4-14(10-16)15-8-7-13(6-3-9-19)18(22)11-15/h2-8,10-11,22H,9,12,19H2,1H3/b6-3+",C18H19NO2S,313.113649848,3.4433000000000016,4.2,3.09,5.09,-200.0,2.6292375011073528,1,HIGHDIVERSITY_CRAFT,HsDHODH_HighDiv,4,2,52.32,6,18,2,1,0.8181818181818182,0.09090909090909091,0.045454545454545456,0.16666666666666666,0.0,22,2,0,2,0,0,0,0,0
O=NC(=O)C1=CC(O)=C(O)C(S)=C1,3/000000125,"InChI=1S/C7H5NO4S/c9-4-1-3(7(11)8-12)2-5(13)6(4)10/h1-2,9-10,13H",C7H5NO4S,198.99392864,1.2930999999999997,4.2,0.54,14.3,-20.0,3.20402662783688,1,HIGHDIVERSITY_CRAFT,HsDHODH_HighDiv,5,3,86.96000000000001,1,7,4,1,0.5384615384615384,0.3076923076923077,0.07692307692307693,0.0,0.0,13,1,0,1,0,0,0,0,0
NC(N)NC(=O)C1=CC(C2=C(O)C(O)=C(Br)C=C2)=CC=C1,3/000000076,"InChI=1S/C14H14BrN3O3/c15-10-5-4-9(11(19)12(10)20)7-2-1-3-8(6-7)13(21)18-14(16)17/h1-6,14,19-20H,16-17H2,(H,18,21)",C14H13N3O3Br,351.021853408,1.4581,4.2,1.49,2.35,-180.0,2.485476818812735,1,HIGHDIVERSITY_CRAFT,HsDHODH_HighDiv,5,5,121.6,3,14,3,3,0.6666666666666666,0.14285714285714285,0.14285714285714285,0.07142857142857142,0.0,21,2,0,2,0,0,0,0,0
C[P@](=O)(O)OC1=C(CC(=O)[N+](=O)[O-])C(O)=CC=C1,30/000000004,"InChI=1S/C9H10NO7P/c1-18(15,16)17-8-4-2-3-7(11)6(8)5-9(12)10(13)14/h2-4,11H,5H2,1H3,(H,15,16)",C9H10NO7P,275.01948828999997,0.9319999999999997,4.19,6.58,4.81,-20.0,3.649968251412093,1,HIGHDIVERSITY_CRAFT,HsDHODH_HighDiv,6,2,126.97000000000001,4,9,7,1,0.5,0.3888888888888889,0.05555555555555555,0.2222222222222222,0.0,18,1,0,1,0,0,0,0,0
CCC1=CC(C2=CC=C(CO)C=C2CO)=NC=N1,27/000000024,"InChI=1S/C14H16N2O2/c1-2-12-6-14(16-9-15-12)13-4-3-10(7-17)5-11(13)8-18/h3-6,9,17-18H,2,7-8H2,1H3",C14H16N2O2,244.121177752,1.6905999999999994,4.19,4.67,11.2,-180.0,2.418678774408205,1,HIGHDIVERSITY_CRAFT,HsDHODH_HighDiv,4,2,66.24000000000001,4,14,2,2,0.7777777777777778,0.1111111111111111,0.1111111111111111,0.2857142857142857,0.0,18,2,0,2,1,0,1,0,0
CN1C(=O)CNC2=C1C=CC=C2C(=O)NC1=C(Cl)C=C(Cl)C=N1,18/000000024,"InChI=1S/C15H12Cl2N4O2/c1-21-11-4-2-3-9(13(11)18-7-12(21)22)15(23)20-14-10(17)5-8(16)6-19-14/h2-6,18H,7H2,1H3,(H,19,20,23)",C15H12N4O2Cl2,350.03373098400004,3.029000000000001,4.19,6.76,3.58,-100.0,2.5821416960507566,1,HIGHDIVERSITY_CRAFT,HsDHODH_HighDiv,4,2,74.33000000000001,2,15,2,4,0.6521739130434783,0.08695652173913043,0.17391304347826086,0.13333333333333333,0.0,23,3,1,2,2,1,1,0,0
OCC#CCC1=CC=C(C2=CC(O)=CN=C2)C(F)=C1F,1/000000552,"InChI=1S/C15H11F2NO2/c16-14-10(3-1-2-6-19)4-5-13(15(14)17)11-7-12(20)9-18-8-11/h4-5,7-9,19-20H,3,6H2",C15H11NO2F2,275.07578503200006,2.2706,4.18,2.23,2.22,-160.0,2.8504671690178114,1,HIGHDIVERSITY_CRAFT,HsDHODH_HighDiv,3,2,53.35,2,15,2,1,0.75,0.1,0.05,0.13333333333333333,0.0,20,2,0,2,1,0,1,0,0
OC1=CC(C2=NN=NN2)=CC(Br)=C1I,3/000000014,"InChI=1S/C7H4BrIN4O/c8-4-1-3(2-5(14)6(4)9)7-10-12-13-11-7/h1-2,14H,(H,10,11,12,13)",C7H4N4OBrI,365.861320848,1.9394,4.18,3.52,16.5,-120.0,3.285301887467286,1,HIGHDIVERSITY_CRAFT,HsDHODH_HighDiv,4,2,74.69,1,7,1,4,0.5,0.07142857142857142,0.2857142857142857,0.0,0.0,14,2,0,2,1,0,1,0,0
O=C(O)N1C=C([N+](=O)[O-])C(CCC2=CC3=C(NN=C3)S2)=N1,25/000000053,"InChI=1S/C11H9N5O4S/c17-11(18)15-5-9(16(19)20)8(14-15)2-1-7-3-6-4-12-13-10(6)21-7/h3-5H,1-2H2,(H,12,13)(H,17,18)",C11H9N5O4S,307.0375247680001,2.0404,4.18,5.51,3.85,0.0,3.50270437662513,1,HIGHDIVERSITY_CRAFT,HsDHODH_HighDiv,7,2,126.94,4,11,4,5,0.5238095238095238,0.19047619047619047,0.23809523809523808,0.18181818181818182,0.0,21,3,0,3,3,0,3,0,0
C[C@@H](CC1=NN(C(=O)O)C=C1[N+](=O)[O-])C1=CC(O)=NO1,25/000000004,"InChI=1S/C10H10N4O6/c1-5(8-3-9(15)12-20-8)2-6-7(14(18)19)4-13(11-6)10(16)17/h3-5H,2H2,1H3,(H,12,15)(H,16,17)/t5-/m0/s1",C10H10N4O6,282.06003404,1.3572,4.18,3.56,3.85,-170.0,4.057011174003104,1,HIGHDIVERSITY_CRAFT,HsDHODH_HighDiv,8,2,144.51999999999998,4,10,6,4,0.5,0.3,0.2,0.3,0.1,20,2,0,2,2,0,2,0,0
C#C[C@H](N)CC(=O)C1=CC=C(O)C(O)=C1,3/000000119,"InChI=1S/C11H11NO3/c1-2-8(12)6-10(14)7-3-4-9(13)11(15)5-7/h1,3-5,8,13,15H,6,12H2/t8-/m0/s1",C11H11NO3,205.073893212,0.6311,4.17,-0.08,2.22,-190.0,3.180446958954045,1,HIGHDIVERSITY_CRAFT,HsDHODH_HighDiv,4,3,83.55000000000001,3,11,3,1,0.7333333333333333,0.2,0.06666666666666667,0.18181818181818182,0.09090909090909091,15,1,0,1,0,0,0,0,0
CCC1=C(O)C(O)=CC(C(=O)C2=NC=CO2)=C1,3/000000171,"InChI=1S/C12H11NO4/c1-2-7-5-8(6-9(14)10(7)15)11(16)12-13-3-4-17-12/h3-6,14-15H,2H2,1H3",C12H11NO4,233.068807832,1.8792,4.17,1.14,3.58,-80.0,2.7820878584363005,1,HIGHDIVERSITY_CRAFT,HsDHODH_HighDiv,5,2,83.56,3,12,4,1,0.7058823529411765,0.23529411764705882,0.058823529411764705,0.16666666666666666,0.0,17,2,0,2,1,0,1,0,0
NCC1=CC(O)=C(NC(=O)C2=CC=CC3=C2NCC(=O)N3)C=C1,18/000000008,"InChI=1S/C16H16N4O3/c17-7-9-4-5-11(13(21)6-9)20-16(23)10-2-1-3-12-15(10)18-8-14(22)19-12/h1-6,18,21H,7-8,17H2,(H,19,22)(H,20,23)",C16H16N4O3,312.122240372,1.4671999999999998,4.17,7.02,3.58,-80.0,2.5357419031513473,1,HIGHDIVERSITY_CRAFT,HsDHODH_HighDiv,5,5,116.47999999999999,3,16,3,4,0.6956521739130435,0.13043478260869565,0.17391304347826086,0.125,0.0,23,3,1,2,1,1,0,0,0
NC1=C(O)C=C(C(=O)C[C@H](CCl)[N+](=O)[O-])C=C1Br,3/000000041,"InChI=1S/C10H10BrClN2O4/c11-7-1-5(2-9(16)10(7)13)8(15)3-6(4-12)14(17)18/h1-2,6,16H,3-4,13H2/t6-/m1/s1",C10H10N2O4ClBr,335.95124658000003,2.1938000000000004,4.17,1.46,2.22,-170.0,3.684236009186233,1,HIGHDIVERSITY_CRAFT,HsDHODH_HighDiv,5,2,106.46000000000001,5,10,4,2,0.5555555555555556,0.2222222222222222,0.1111111111111111,0.3,0.1,18,1,0,1,0,0,0,0,0
C[C@@H](N)CC#CC1=NN(C(=O)O)C=C1[N+](=O)[O-],25/000000019,"InChI=1S/C9H10N4O4/c1-6(10)3-2-4-7-8(13(16)17)5-12(11-7)9(14)15/h5-6H,3,10H2,1H3,(H,14,15)/p+1/t6-/m1/s1",C9H11N4O4,238.0702048,0.40619999999999995,4.17,2.17,23.6,-170.0,4.517600421990684,1,HIGHDIVERSITY_CRAFT,HsDHODH_HighDiv,6,2,124.28,2,9,4,4,0.5294117647058824,0.23529411764705882,0.23529411764705882,0.3333333333333333,0.1111111111111111,17,1,0,1,1,0,1,0,0
CC[C@H](CCO)NC(=O)C#CC1=CC(O)=CN=C1,1/000000030,"InChI=1S/C13H16N2O3/c1-2-11(5-6-16)15-13(18)4-3-10-7-12(17)9-14-8-10/h7-9,11,16-17H,2,5-6H2,1H3,(H,15,18)/t11-/m1/s1",C13H16N2O3,248.116092372,0.4159000000000002,4.17,4.51,3.85,-170.0,3.4016714199881957,1,HIGHDIVERSITY_CRAFT,HsDHODH_HighDiv,4,3,82.45,4,13,3,2,0.7222222222222222,0.16666666666666666,0.1111111111111111,0.38461538461538464,0.07692307692307693,18,1,0,1,1,0,1,0,0
NCC1=CC=C(CC(=O)OCC2=CN=NS2)C2=C1C=CN2,5/000000001,"InChI=1S/C14H14N4O2S/c15-6-10-2-1-9(14-12(10)3-4-16-14)5-13(19)20-8-11-7-17-18-21-11/h1-4,7,16H,5-6,8,15H2/p+1",C14H15N4O2S,302.083746688,1.7639999999999998,4.16,3.86,23.7,-40.0,3.548305158893708,1,HIGHDIVERSITY_CRAFT,HsDHODH_HighDiv,6,2,93.89000000000001,5,14,2,4,0.6666666666666666,0.09523809523809523,0.19047619047619047,0.21428571428571427,0.0,21,3,0,3,2,0,2,0,0
C=C(C1=C(N)C(SS)=CC(O)=C1)[N+](=O)[O-],9/000000001,"InChI=1S/C8H8N2O3S2/c1-4(10(12)13)6-2-5(11)3-7(15-14)8(6)9/h2-3,11,14H,1,9H2",C8H8N2O3S2,243.997634116,2.1586999999999996,4.16,1.71,17.4,-40.0,3.7814857815258094,1,HIGHDIVERSITY_CRAFT,HsDHODH_HighDiv,6,3,89.39,3,8,3,2,0.5333333333333333,0.2,0.13333333333333333,0.0,0.0,15,1,0,1,0,0,0,0,0
C=C[C@@H](CBr)NC(=O)C#CC1=C(O)C(O)=C(CO)N=C1,1/000000481,"InChI=1S/C13H13BrN2O4/c1-2-9(5-14)16-11(18)4-3-8-6-15-10(7-17)13(20)12(8)19/h2,6,9,17,20H,1,5,7H2,(H,15,19)(H,16,18)/t9-/m0/s1",C13H13N2O4Br,340.005868996,0.4022999999999997,4.16,3.11,20.5,-150.0,4.2480163022082325,1,HIGHDIVERSITY_CRAFT,HsDHODH_HighDiv,5,4,102.68,4,13,4,2,0.65,0.2,0.1,0.23076923076923078,0.07692307692307693,20,1,0,1,1,0,1,0,0
NC[C@@H](CNCC1=CC=CCN1)C1=CC=C(Br)C=C1O,28/000000026,"InChI=1S/C15H20BrN3O/c16-12-4-5-14(15(20)7-12)11(8-17)9-18-10-13-3-1-2-6-19-13/h1-5,7,11,18-20H,6,8-10,17H2/t11-/m0/s1",C15H20N3OBr,337.07897435999996,1.8298999999999999,4.16,2.75,3.72,-150.0,3.739912793436302,1,HIGHDIVERSITY_CRAFT,HsDHODH_HighDiv,4,4,70.31,6,15,1,3,0.75,0.05,0.15,0.3333333333333333,0.06666666666666667,20,2,1,1,1,1,0,0,0
C#C[C@@H](CCO)NC(=O)C#CC1=CN=CC(O)=C1O,1/000000140,"InChI=1S/C13H12N2O4/c1-2-10(5-6-16)15-12(18)4-3-9-7-14-8-11(17)13(9)19/h1,7-8,10,16-17H,5-6H2,(H,14,19)(H,15,18)/t10-/m0/s1",C13H12N2O4,260.079706864,-0.6553000000000002,4.16,4.46,20.6,-150.0,4.151476274798904,1,HIGHDIVERSITY_CRAFT,HsDHODH_HighDiv,5,4,102.68,3,13,4,2,0.6842105263157895,0.21052631578947367,0.10526315789473684,0.23076923076923078,0.07692307692307693,19,1,0,1,1,0,1,0,0
CCCC(=O)NCC1=CC=C(C2=C(CS)C(O)=CN=C2)C=C1,1/000000064,"InChI=1S/C17H20N2O2S/c1-2-3-17(21)19-8-12-4-6-13(7-5-12)14-9-18-10-16(20)15(14)11-22/h4-7,9-10,20,22H,2-3,8,11H2,1H3,(H,19,21)",C17H20N2O2S,316.12454888,3.300300000000002,4.16,4.78,16.7,-180.0,2.456149411777327,1,HIGHDIVERSITY_CRAFT,HsDHODH_HighDiv,4,3,62.22,6,17,2,2,0.7727272727272727,0.09090909090909091,0.09090909090909091,0.29411764705882354,0.0,22,2,0,2,1,0,1,0,0
O=C(CO)C1=CC(O)=C(O)C(C(F)F)=C1,3/000000127,"InChI=1S/C9H8F2O4/c10-9(11)5-1-4(7(14)3-12)2-6(13)8(5)15/h1-2,9,12-13,15H,3H2",C9H8O4F2,218.039065176,1.2104,4.16,1.94,15.4,-150.0,2.801266846614567,1,HIGHDIVERSITY_CRAFT,HsDHODH_HighDiv,4,3,77.76,3,9,4,0,0.6,0.26666666666666666,0.0,0.2222222222222222,0.0,15,1,0,1,0,0,0,0,0
CNNCC1=CC2=C(O1)C(Cl)=CC=C2C(=O)/C=C/CC(=O)O,23/000000005,"InChI=1S/C15H15ClN2O4/c1-17-18-8-9-7-11-10(5-6-12(16)15(11)22-9)13(19)3-2-4-14(20)21/h2-3,5-7,17-18H,4,8H2,1H3,(H,20,21)/b3-2+",C15H15N2O4Cl,322.07203463999997,2.5237999999999996,4.16,3.34,21.5,-100.0,3.0920121339837303,1,HIGHDIVERSITY_CRAFT,HsDHODH_HighDiv,5,3,91.57000000000001,7,15,4,2,0.6818181818181818,0.18181818181818182,0.09090909090909091,0.2,0.0,22,2,0,2,1,0,1,0,0
CCCC1=CC(O)=C(O)C=C1C(=O)CO,3/000000120,"InChI=1S/C11H14O4/c1-2-3-7-4-9(13)10(14)5-8(7)11(15)6-12/h4-5,12-14H,2-3,6H2,1H3",C11H14O4,210.089208928,1.2252999999999994,4.15,3.8,3.58,-20.0,2.4310273495731476,1,HIGHDIVERSITY_CRAFT,HsDHODH_HighDiv,4,3,77.76,4,11,4,0,0.7333333333333333,0.26666666666666666,0.0,0.36363636363636365,0.0,15,1,0,1,0,0,0,0,0
CC1=NC=C(O)C=C1C#C[C@@H](CN)CO,1/000000062,"InChI=1S/C11H14N2O2/c1-8-10(4-11(15)6-13-8)3-2-9(5-12)7-14/h4,6,9,14-15H,5,7,12H2,1H3/t9-/m0/s1",C11H14N2O2,206.105527688,0.014320000000000055,4.15,4.99,13.2,-170.0,3.858188159704513,1,HIGHDIVERSITY_CRAFT,HsDHODH_HighDiv,4,3,79.37,2,11,2,2,0.7333333333333333,0.13333333333333333,0.13333333333333333,0.36363636363636365,0.09090909090909091,15,1,0,1,1,0,1,0,0
C/C=C\C1=NC=C(O)C(O)=C1C#CC(N)=O,1/000000346,"InChI=1S/C11H10N2O3/c1-2-3-8-7(4-5-10(12)15)11(16)9(14)6-13-8/h2-3,6,14H,1H3,(H2,12,15)(H,13,16)/b3-2-",C11H10N2O3,218.06914218,0.3627000000000001,4.14,5.3,16.4,-20.0,3.663651516493233,1,HIGHDIVERSITY_CRAFT,HsDHODH_HighDiv,4,3,96.44,1,11,3,2,0.6875,0.1875,0.125,0.09090909090909091,0.0,16,1,0,1,1,0,1,0,0
CCCC(=O)NC(=O)C#CC1=C(O)C(O)=CN=C1,1/000000183,"InChI=1S/C12H12N2O4/c1-2-3-10(16)14-11(17)5-4-8-6-13-7-9(15)12(8)18/h6-7,15H,2-3H2,1H3,(H,13,18)(H,14,16,17)",C12H12N2O4,248.079706864,0.2872,4.14,1.25,18.2,-20.0,3.1831987854895596,1,HIGHDIVERSITY_CRAFT,HsDHODH_HighDiv,5,3,99.52000000000001,2,12,4,2,0.6666666666666666,0.2222222222222222,0.1111111111111111,0.25,0.0,18,1,0,1,1,0,1,0,0
C[C@H](CO)NC1=CC(O)=C(O)C([N+](=O)[O-])=C1,3/000000028,"InChI=1S/C9H12N2O5/c1-5(4-12)10-6-2-7(11(15)16)9(14)8(13)3-6/h2-3,5,10,12-14H,4H2,1H3/t5-/m1/s1",C9H12N2O5,228.074621484,0.7986999999999995,4.14,1.42,2.35,-190.0,2.9235493484654924,1,HIGHDIVERSITY_CRAFT,HsDHODH_HighDiv,6,4,115.86000000000001,4,9,5,2,0.5625,0.3125,0.125,0.3333333333333333,0.1111111111111111,16,1,0,1,0,0,0,0,0
CC1=C(C(=O)NC(=S)NN)C=C(O)C(O)=C1,3/000000114,"InChI=1S/C9H11N3O3S/c1-4-2-6(13)7(14)3-5(4)8(15)11-9(16)12-10/h2-3,13-14H,10H2,1H3,(H2,11,12,15,16)",C9H11N3O3S,241.052112212,-0.1157800000000001,4.14,0.83,2.22,-80.0,2.531315508315366,1,HIGHDIVERSITY_CRAFT,HsDHODH_HighDiv,5,5,107.61000000000001,1,9,3,3,0.5625,0.1875,0.1875,0.1111111111111111,0.0,16,1,0,1,0,0,0,0,0
NNCCC(=O)C1=CC(OC2=CC=NN2)=C(O)C(O)=C1,3/000000138,"InChI=1S/C12H14N4O4/c13-14-3-1-8(17)7-5-9(18)12(19)10(6-7)20-11-2-4-15-16-11/h2,4-6,14,18-19H,1,3,13H2,(H,15,16)",C12H14N4O4,278.101504928,0.6492999999999995,4.14,2.72,20.4,-40.0,3.144848762424405,1,HIGHDIVERSITY_CRAFT,HsDHODH_HighDiv,7,5,133.49,6,12,4,4,0.6,0.2,0.2,0.16666666666666666,0.0,20,2,0,2,1,0,1,0,0
O=C1NS(=O)(=O)C2=CC=C([C@H](S)C3=CC(=O)OC=C3)C=C12,12/000000001,"InChI=1S/C13H9NO5S2/c15-11-6-8(3-4-19-11)12(20)7-1-2-10-9(5-7)13(16)14-21(10,17)18/h1-6,12,20H,(H,14,16)/t12-/m0/s1",C13H9NO5S2,322.99221438800004,1.0910999999999997,4.14,5.95,3.58,-190.0,3.822808495065056,1,HIGHDIVERSITY_CRAFT,HsDHODH_HighDiv,6,2,93.45,2,13,5,1,0.6190476190476191,0.23809523809523808,0.047619047619047616,0.07692307692307693,0.07692307692307693,21,3,1,2,2,1,1,0,0
C=CNCC1=CC=C(C2=CC(O)=CN=C2)C(F)=C1F,1/000000554,"InChI=1S/C14H12F2N2O/c1-2-17-6-9-3-4-12(14(16)13(9)15)10-5-11(19)8-18-7-10/h2-5,7-8,17,19H,1,6H2",C14H12N2OF2,262.091769444,2.9655000000000014,4.13,3.19,16.6,-160.0,2.8213673760354023,1,HIGHDIVERSITY_CRAFT,HsDHODH_HighDiv,3,2,45.15,4,14,1,2,0.7368421052631579,0.05263157894736842,0.10526315789473684,0.07142857142857142,0.0,19,2,0,2,1,0,1,0,0
O=C(C1=CC(O)=C(O)C(S)=C1)[C@@H](O)CF,3/000000153,"InChI=1S/C9H9FO4S/c10-3-6(12)8(13)4-1-5(11)9(14)7(15)2-4/h1-2,6,11-12,14-15H,3H2/t6-/m0/s1",C9H9O4SF,232.020557988,0.8995999999999997,4.13,1.01,2.22,-170.0,3.774472876113808,1,HIGHDIVERSITY_CRAFT,HsDHODH_HighDiv,5,4,77.76,3,9,4,0,0.6,0.26666666666666666,0.0,0.2222222222222222,0.1111111111111111,15,1,0,1,0,0,0,0,0
O=C(O)CC1=CC(OCC[C@@H]2C=COC2)=C(O)C=C1Br,28/000000012,"InChI=1S/C14H15BrO5/c15-11-7-12(16)13(5-10(11)6-14(17)18)20-4-2-9-1-3-19-8-9/h1,3,5,7,9,16H,2,4,6,8H2,(H,17,18)/t9-/m0/s1",C14H15O5Br,342.01028568000004,2.7108000000000008,4.13,4.4,5.09,-150.0,3.4727523827943116,1,HIGHDIVERSITY_CRAFT,HsDHODH_HighDiv,4,2,75.99000000000001,6,14,5,0,0.7,0.25,0.0,0.35714285714285715,0.07142857142857142,20,2,1,1,1,1,0,0,0
C=CC1=CC(=O)OC(C=S)=C1C(=O)O,12/000000006,"InChI=1S/C9H6O4S/c1-2-5-3-7(10)13-6(4-14)8(5)9(11)12/h2-4H,1H2,(H,11,12)",C9H5O4S,209.998679672,1.3288000000000002,4.13,3.54,18.9,0.0,3.4784344318459848,1,HIGHDIVERSITY_CRAFT,HsDHODH_HighDiv,4,1,67.51,3,9,4,0,0.6428571428571429,0.2857142857142857,0.0,0.0,0.0,14,1,0,1,1,0,1,0,0
C=C(CCCl)CNC(=O)C#CC1=C(O)C(O)=CN=C1,1/000000463,"InChI=1S/C13H13ClN2O3/c1-9(4-5-14)6-16-12(18)3-2-10-7-15-8-11(17)13(10)19/h7-8,17H,1,4-6H2,(H,15,19)(H,16,18)",C13H13N2O3Cl,280.061469956,1.1455999999999997,4.13,6.11,19.3,0.0,3.6840977600925657,1,HIGHDIVERSITY_CRAFT,HsDHODH_HighDiv,4,3,82.45,4,13,3,2,0.6842105263157895,0.15789473684210525,0.10526315789473684,0.23076923076923078,0.0,19,1,0,1,1,0,1,0,0
NCNNCCSC[C@H](O)C1=CC=C(S)C=C1,27/000000022,"InChI=1S/C11H19N3OS2/c12-8-14-13-5-6-17-7-11(15)9-1-3-10(16)4-2-9/h1-4,11,13-16H,5-8,12H2/t11-/m0/s1",C11H19N3OS2,273.096954228,0.7523,4.12,-0.06,2.22,-170.0,3.693875421990685,1,HIGHDIVERSITY_CRAFT,HsDHODH_HighDiv,6,5,70.31,8,11,1,3,0.6470588235294118,0.058823529411764705,0.17647058823529413,0.45454545454545453,0.09090909090909091,17,1,0,1,0,0,0,0,0
O=C(O)N1N=CC2=C1C(F)=CC(C/C=C/C1CCCC1)=C2,22/000000018,"InChI=1S/C16H17FN2O2/c17-14-9-12(7-3-6-11-4-1-2-5-11)8-13-10-18-19(15(13)14)16(20)21/h3,6,8-11H,1-2,4-5,7H2,(H,20,21)/b6-3+",C16H16N2O2F,288.127406004,3.990400000000003,4.12,2.5,3.58,-190.0,3.0483482358167837,1,HIGHDIVERSITY_CRAFT,HsDHODH_HighDiv,3,1,55.12,3,16,2,2,0.7619047619047619,0.09523809523809523,0.09523809523809523,0.375,0.0,21,3,1,2,1,0,1,0,0
NC(=O)C#CC1=C(O)C(O)=C(/C=C\C2CCCC2)N=C1,1/000000115,"InChI=1S/C15H16N2O3/c16-13(18)8-6-11-9-17-12(15(20)14(11)19)7-5-10-3-1-2-4-10/h5,7,9-10,20H,1-4H2,(H2,16,18)(H,17,19)/b7-5-",C15H16N2O3,272.116092372,1.5330000000000004,4.12,0.84,19.2,-150.0,3.4744440920947355,1,HIGHDIVERSITY_CRAFT,HsDHODH_HighDiv,4,3,96.44000000000001,2,15,3,2,0.75,0.15,0.1,0.3333333333333333,0.0,20,2,1,1,1,0,1,0,0
O=C(O)C1=CC(C2=CN=CC(O)=C2)=C(F)C=C1Br,1/000000005,"InChI=1S/C12H7BrFNO3/c13-10-3-11(14)8(2-9(10)12(17)18)6-1-7(16)5-15-4-6/h1-5,16H,(H,17,18)",C12H7NO3FBr,310.959333404,3.0540000000000003,4.12,3.83,15.4,-160.0,2.365244311392228,1,HIGHDIVERSITY_CRAFT,HsDHODH_HighDiv,3,2,70.42,2,12,3,1,0.6666666666666666,0.16666666666666666,0.05555555555555555,0.0,0.0,18,2,0,2,1,0,1,0,0
CCCN(CCO)CCNC(=O)C#CC1=C(O)C(O)=CN=C1,1/000000492,"InChI=1S/C15H21N3O4/c1-2-6-18(8-9-19)7-5-17-14(21)4-3-12-10-16-11-13(20)15(12)22/h10-11,19-20H,2,5-9H2,1H3,(H,16,22)(H,17,21)/p+1",C15H22N3O4,307.15320615200005,-0.33519999999999994,4.12,2.02,20.4,-80.0,4.81230209014899,1,HIGHDIVERSITY_CRAFT,HsDHODH_HighDiv,6,4,105.92,7,15,4,3,0.6818181818181818,0.18181818181818182,0.13636363636363635,0.4666666666666667,0.0,22,1,0,1,1,0,1,0,0
CCC1=NC=C(O)C(O)=C1C#CC(=O)NCCCC(C)=O,1/000000496,"InChI=1S/C15H18N2O4/c1-3-12-11(15(21)13(19)9-17-12)6-7-14(20)16-8-4-5-10(2)18/h9,19H,3-5,8H2,1-2H3,(H,16,20)(H,17,21)",C15H18N2O4,290.126657056,0.8921000000000001,4.12,6.83,20.0,-110.0,3.1089156852094977,1,HIGHDIVERSITY_CRAFT,HsDHODH_HighDiv,5,3,99.52000000000001,5,15,4,2,0.7142857142857143,0.19047619047619047,0.09523809523809523,0.4,0.0,21,1,0,1,1,0,1,0,0
NNCCNC1=CC=C(O)C(C2=NNC=C2CO)=C1,3/000000010,"InChI=1S/C12H17N5O2/c13-15-4-3-14-9-1-2-11(19)10(5-9)12-8(7-18)6-16-17-12/h1-2,5-6,14-15,18-19H,3-4,7,13H2,(H,16,17)",C12H17N5O2,263.138224784,0.14979999999999993,4.11,2.01,18.4,-140.0,3.1479899691655433,1,HIGHDIVERSITY_CRAFT,HsDHODH_HighDiv,6,6,119.22000000000001,6,12,2,5,0.631578947368421,0.10526315789473684,0.2631578947368421,0.25,0.0,19,2,0,2,1,0,1,0,0
O=[N+]([O-])C1=CC(NC[C@@H](S)Cl)=CC(O)=C1O,3/000000032,"InChI=1S/C8H9ClN2O4S/c9-7(16)3-10-4-1-5(11(14)15)8(13)6(12)2-4/h1-2,7,10,12-13,16H,3H2/t7-/m1/s1",C8H9N2O4SCl,263.997155448,1.9126000000000003,4.11,1.14,2.35,-190.0,3.4183647330808764,1,HIGHDIVERSITY_CRAFT,HsDHODH_HighDiv,6,4,95.63000000000001,4,8,4,2,0.5,0.25,0.125,0.25,0.125,16,1,0,1,0,0,0,0,0
O=C(C#C[C@@H](O)C1=CC(O[SH](=O)=O)=CC=C1O)C1=CC=CO1,30/000000011,"InChI=1S/C14H10O7S/c15-11-4-3-9(21-22(18)19)8-10(11)12(16)5-6-13(17)14-2-1-7-20-14/h1-4,7-8,12,15-16,22H/t12-/m1/s1",C14H10O7S,322.01472365999996,0.8101,4.11,2.78,3.58,-150.0,4.0782425693419295,1,HIGHDIVERSITY_CRAFT,HsDHODH_HighDiv,7,3,114.04,4,14,7,0,0.6363636363636364,0.3181818181818182,0.0,0.07142857142857142,0.07142857142857142,22,2,0,2,1,0,1,0,0
NCC1=CC(N)=C([N+](=O)[O-])C=C1O,9/000000006,"InChI=1S/C7H9N3O3/c8-3-4-1-5(9)6(10(12)13)2-7(4)11/h1-2,11H,3,8-9H2",C7H9N3O3,183.064391148,0.3413000000000002,4.11,1.93,1.23,0.0,2.5835030984251155,1,HIGHDIVERSITY_CRAFT,HsDHODH_HighDiv,5,3,115.41000000000001,2,7,3,3,0.5384615384615384,0.23076923076923078,0.23076923076923078,0.14285714285714285,0.0,13,1,0,1,0,0,0,0,0
C=CC1=C([C@H](O)F)C=C2NN=CC2=C1,22/000000003,"InChI=1S/C10H9FN2O/c1-2-6-3-7-5-12-13-9(7)4-8(6)10(11)14/h2-5,10,14H,1H2,(H,12,13)/t10-/m0/s1",C10H9N2OF,192.069891128,2.1662999999999997,4.11,4.63,14.5,-190.0,3.6635173844221463,1,HIGHDIVERSITY_CRAFT,HsDHODH_HighDiv,2,2,48.91,2,10,1,2,0.7142857142857143,0.07142857142857142,0.14285714285714285,0.1,0.1,14,2,0,2,1,0,1,0,0
CCCCCN(C)CCNC(=O)C#CC1=C(O)C(O)=CN=C1,1/000000540,"InChI=1S/C16H23N3O3/c1-3-4-5-9-19(2)10-8-18-15(21)7-6-13-11-17-12-14(20)16(13)22/h11-12,20H,3-5,8-10H2,1-2H3,(H,17,22)(H,18,21)/p+1",C16H24N3O3,305.173941596,1.0824999999999998,4.1,2.66,19.8,-160.0,4.526665015747981,1,HIGHDIVERSITY_CRAFT,HsDHODH_HighDiv,5,3,85.69000000000001,7,16,3,3,0.7272727272727273,0.13636363636363635,0.13636363636363635,0.5,0.0,22,1,0,1,1,0,1,0,0
CC/C=C/CNC(=O)C#CC1=C(O)C(O)=CN=C1,1/000000369,"InChI=1S/C13H14N2O3/c1-2-3-4-7-15-12(17)6-5-10-8-14-9-11(16)13(10)18/h3-4,8-9,16H,2,7H2,1H3,(H,14,18)(H,15,17)/b4-3+",C13H14N2O3,246.100442308,0.9266999999999999,4.1,5.03,17.6,-20.0,3.4289151182996065,1,HIGHDIVERSITY_CRAFT,HsDHODH_HighDiv,4,3,82.45,3,13,3,2,0.7222222222222222,0.16666666666666666,0.1111111111111111,0.23076923076923078,0.0,18,1,0,1,1,0,1,0,0
OCC#CCC1=NC=C(C2=CC=CC(F)=C2F)C=C1O,1/000000556,"InChI=1S/C15H11F2NO2/c16-12-5-3-4-11(15(12)17)10-8-14(20)13(18-9-10)6-1-2-7-19/h3-5,8-9,19-20H,6-7H2",C15H11NO2F2,275.075785032,2.2706000000000004,4.1,2.61,18.8,-200.0,2.781421839347482,1,HIGHDIVERSITY_CRAFT,HsDHODH_HighDiv,3,2,53.35000000000001,2,15,2,1,0.75,0.1,0.05,0.13333333333333333,0.0,20,2,0,2,1,0,1,0,0
C=C(CCO)[C@@H](CBr)NC(=O)C#CC1=C(O)C(O)=CN=C1,1/000000389,"InChI=1S/C14H15BrN2O4/c1-9(4-5-18)11(6-15)17-13(20)3-2-10-7-16-8-12(19)14(10)21/h7-8,11,18-19H,1,4-6H2,(H,16,21)(H,17,20)/t11-/m1/s1",C14H15N2O4Br,354.02151906,0.6625999999999999,4.1,6.14,21.1,-180.0,4.172643047626831,1,HIGHDIVERSITY_CRAFT,HsDHODH_HighDiv,5,4,102.68,5,14,4,2,0.6666666666666666,0.19047619047619047,0.09523809523809523,0.2857142857142857,0.07142857142857142,21,1,0,1,1,0,1,0,0
C[C@@H](F)C1=NC=C(O)C(O)=C1C#CC(N)=O,1/000000107,"InChI=1S/C10H9FN2O3/c1-5(11)9-6(2-3-8(12)15)10(16)7(14)4-13-9/h4-5,14H,1H3,(H2,12,15)(H,13,16)/t5-/m1/s1",C10H9N2O3F,224.059720368,0.36010000000000014,4.1,4.99,17.5,-170.0,4.026959238575383,1,HIGHDIVERSITY_CRAFT,HsDHODH_HighDiv,4,3,96.44,1,10,3,2,0.625,0.1875,0.125,0.2,0.1,16,1,0,1,1,0,1,0,0
C=CCC1=CC(C2=CC(NCCNN)=CC=C2O)=NN1,3/000000002,"InChI=1S/C14H19N5O/c1-2-3-11-9-13(19-18-11)12-8-10(4-5-14(12)20)16-6-7-17-15/h2,4-5,8-9,16-17,20H,1,3,6-7,15H2,(H,18,19)",C14H19N5O,273.158960228,1.3859999999999995,4.1,0.14,19.4,-140.0,3.0007101273752443,1,HIGHDIVERSITY_CRAFT,HsDHODH_HighDiv,5,5,98.99000000000001,7,14,1,5,0.7,0.05,0.25,0.21428571428571427,0.0,20,2,0,2,1,0,1,0,0
O=C(O)N1C=C([N+](=O)[O-])C(CCC2=NC3=C(C=NN3)CN2)=N1,25/000000036,"InChI=1S/C11H11N7O4/c19-11(20)17-5-8(18(21)22)7(16-17)1-2-9-12-3-6-4-13-15-10(6)14-9/h4-5H,1-3H2,(H,19,20)(H2,12,13,14,15)",C11H10N7O4,305.08725183200005,0.8064999999999998,4.1,3.86,5.08,-40.0,3.89507521822894,1,HIGHDIVERSITY_CRAFT,HsDHODH_HighDiv,8,3,151.32999999999998,4,11,4,7,0.5,0.18181818181818182,0.3181818181818182,0.2727272727272727,0.0,22,3,1,2,3,1,2,0,0
CSCNC(=O)C#CC1=C(O)C(O)=CN=C1CC(=O)O,1/000000219,"InChI=1S/C12H12N2O5S/c1-20-6-14-10(16)3-2-7-8(4-11(17)18)13-5-9(15)12(7)19/h5,15H,4,6H2,1H3,(H,13,19)(H,14,16)(H,17,18)",C12H12N2O5S,296.04669248399995,-0.09190000000000015,4.1,7.72,21.9,-20.0,3.5553670774427193,1,HIGHDIVERSITY_CRAFT,HsDHODH_HighDiv,6,4,119.75000000000001,4,12,5,2,0.6,0.25,0.1,0.25,0.0,20,1,0,1,1,0,1,0,0
O=[N+]([O-])C1=C(S)C2=C(C=NN2)C=C1CS,22/000000005,"InChI=1S/C8H7N3O2S2/c12-11(13)7-5(3-14)1-4-2-9-10-6(4)8(7)15/h1-2,14-15H,3H2,(H,9,10)",C8H7N3O2S2,240.997968464,2.1896,4.09,5.6,18.6,-40.0,3.492645313925868,1,HIGHDIVERSITY_CRAFT,HsDHODH_HighDiv,5,3,71.82,2,8,2,3,0.5333333333333333,0.13333333333333333,0.2,0.125,0.0,15,2,0,2,1,0,1,0,0
CC[C@H](O)C1=CC=C(CO)C=C1CO,27/000000014,"InChI=1S/C11H16O3/c1-2-11(14)10-4-3-8(6-12)5-9(10)7-13/h3-5,11-14H,2,6-7H2,1H3/t11-/m0/s1",C11H16O3,196.109944372,1.1146,4.09,3.29,9.0,-170.0,2.7626188792835613,1,HIGHDIVERSITY_CRAFT,HsDHODH_HighDiv,3,3,60.69,4,11,3,0,0.7857142857142857,0.21428571428571427,0.0,0.45454545454545453,0.09090909090909091,14,1,0,1,0,0,0,0,0
CCCC1=CC(C(=O)CO)=CC(O)=C1O,3/000000169,"InChI=1S/C11H14O4/c1-2-3-7-4-8(10(14)6-12)5-9(13)11(7)15/h4-5,12-13,15H,2-3,6H2,1H3",C11H14O4,210.089208928,1.2252999999999998,4.09,3.16,3.58,-20.0,2.394137734188531,1,HIGHDIVERSITY_CRAFT,HsDHODH_HighDiv,4,3,77.76,4,11,4,0,0.7333333333333333,0.26666666666666666,0.0,0.36363636363636365,0.0,15,1,0,1,0,0,0,0,0
C=C(CC#CC1=CC(NCCN)=CC=C1O)[C@H]1C=COCC1,3/000000071,"InChI=1S/C18H22N2O2/c1-14(15-7-11-22-12-8-15)3-2-4-16-13-17(20-10-9-19)5-6-18(16)21/h5-7,11,13,15,20-21H,1,3,8-10,12,19H2/p+1/t15-/m0/s1",C18H23N2O2,298.168127944,2.6108000000000002,4.09,4.1,20.0,-150.0,4.536015439095126,1,HIGHDIVERSITY_CRAFT,HsDHODH_HighDiv,4,3,67.51,5,18,2,2,0.8181818181818182,0.09090909090909091,0.09090909090909091,0.3333333333333333,0.05555555555555555,22,2,1,1,1,1,0,0,0
O=C1NN=C(/C=C/[C@@H](CO)N2CCNC2=S)C(=O)N1,29/000000015,"InChI=1S/C10H13N5O3S/c16-5-6(15-4-3-11-10(15)19)1-2-7-8(17)12-9(18)14-13-7/h1-2,6,16H,3-5H2,(H,11,19)(H2,12,14,17,18)/b2-1+/t6-/m0/s1",C10H13N5O3S,283.07391027600005,-1.977599999999999,4.09,3.89,5.09,-150.0,4.2425807517443115,1,HIGHDIVERSITY_CRAFT,HsDHODH_HighDiv,5,4,114.10999999999999,4,10,3,5,0.5263157894736842,0.15789473684210525,0.2631578947368421,0.4,0.1,19,2,1,1,2,1,1,0,0
NC1=C([C@H](Cl)C/C=C/C2=NN=C(S)O2)C=C(O)C=C1,9/000000009,"InChI=1S/C12H12ClN3O2S/c13-9(8-6-7(17)4-5-10(8)14)2-1-3-11-15-16-12(19)18-11/h1,3-6,9,17H,2,14H2,(H,16,19)/b3-1+/t9-/m1/s1",C12H12N3O2SCl,297.033875304,3.0294999999999996,4.09,4.57,4.94,-150.0,3.973612682078128,1,HIGHDIVERSITY_CRAFT,HsDHODH_HighDiv,6,3,85.17,4,12,2,3,0.631578947368421,0.10526315789473684,0.15789473684210525,0.16666666666666666,0.08333333333333333,19,2,0,2,1,0,1,0,0
C=C[C@H](C#CCC1=C(NC(C)=O)C=CC=C1O)N1C=CSC1,30/000000009,"InChI=1S/C17H18N2O2S/c1-3-14(19-10-11-22-12-19)6-4-7-15-16(18-13(2)20)8-5-9-17(15)21/h3,5,8-11,14,21H,1,7,12H2,2H3,(H,18,20)/t14-/m1/s1",C17H18N2O2S,314.108898816,2.928600000000001,4.09,8.52,3.58,-170.0,4.190086725872864,1,HIGHDIVERSITY_CRAFT,HsDHODH_HighDiv,4,2,52.57,4,17,2,2,0.7727272727272727,0.09090909090909091,0.09090909090909091,0.23529411764705882,0.058823529411764705,22,2,1,1,1,1,0,0,0
NNC[C@H](CN[C@@H](N)NC1=CC=C(F)C(F)=C1)[N+](=O)[O-],9/000000011,"InChI=1S/C10H16F2N6O2/c11-8-2-1-6(3-9(8)12)17-10(13)15-4-7(5-16-14)18(19)20/h1-3,7,10,15-17H,4-5,13-14H2/t7-,10?/m0/s1",C10H14N6O2F2,290.13028019199993,-0.6827999999999985,4.09,3.41,23.1,-150.0,3.9956298403878936,1,HIGHDIVERSITY_CRAFT,HsDHODH_HighDiv,7,5,131.27,8,10,2,6,0.5,0.1,0.3,0.4,0.2,20,1,0,1,0,0,0,0,0
NC1=C(C#C[C@@H](O)C2=CC=CC=C2O)C=NN1,30/000000002,"InChI=1S/C12H11N3O2/c13-12-8(7-14-15-12)5-6-11(17)9-3-1-2-4-10(9)16/h1-4,7,11,16-17H,(H3,13,14,15)/t11-/m1/s1",C12H11N3O2,229.085126592,0.7826,4.09,4.02,2.22,-150.0,3.4682869604522235,1,HIGHDIVERSITY_CRAFT,HsDHODH_HighDiv,4,4,95.16,1,12,2,3,0.7058823529411765,0.11764705882352941,0.17647058823529413,0.08333333333333333,0.08333333333333333,17,2,0,2,1,0,1,0,0
O=C(O)N1C=C([N+](=O)[O-])C(CCC2=NNC(=O)O2)=N1,25/000000025,"InChI=1S/C8H7N5O6/c14-7-10-9-6(19-7)2-1-4-5(13(17)18)3-12(11-4)8(15)16/h3H,1-2H2,(H,10,14)(H,15,16)",C8H6N5O6,269.03963294400006,-0.22110000000000002,4.09,1.93,3.85,0.0,3.4111101861280666,1,HIGHDIVERSITY_CRAFT,HsDHODH_HighDiv,8,2,157.14999999999998,4,8,6,5,0.42105263157894735,0.3157894736842105,0.2631578947368421,0.25,0.0,19,2,0,2,2,0,2,0,0
C=CC1=NC=C(O)C=C1C#C[C@H](C=S)CN,1/000000300,"InChI=1S/C12H12N2OS/c1-2-12-10(5-11(15)7-14-12)4-3-9(6-13)8-16/h2,5,7-9,15H,1,6,13H2/t9-/m0/s1",C12H12N2OS,232.067034004,1.3563,4.08,5.33,17.3,-150.0,4.543613784029929,1,HIGHDIVERSITY_CRAFT,HsDHODH_HighDiv,4,2,59.14,3,12,1,2,0.75,0.0625,0.125,0.16666666666666666,0.08333333333333333,16,1,0,1,1,0,1,0,0
C=C[C@H](N)C(=O)C1=CC(O)=C(O)C(S)=C1,3/000000124,"InChI=1S/C10H11NO3S/c1-2-6(11)9(13)5-3-7(12)10(14)8(15)4-5/h2-4,6,12,14-15H,1,11H2/t6-/m0/s1",C10H11NO3S,225.045964212,1.0824999999999998,4.08,1.41,2.22,-170.0,3.9165805684215,1,HIGHDIVERSITY_CRAFT,HsDHODH_HighDiv,5,4,83.55000000000001,3,10,3,1,0.6666666666666666,0.2,0.06666666666666667,0.1,0.1,15,1,0,1,0,0,0,0,0
OC1=CN=C(CCF)C(C2=NC=CS2)=C1S,1/000000298,"InChI=1S/C10H9FN2OS2/c11-2-1-6-8(10-12-3-4-16-10)9(15)7(14)5-13-6/h3-5,14H,1-2H2,(H,13,15)",C10H9N2OS2F,256.014033128,2.7114000000000016,4.08,6.82,19.3,-120.0,3.4725577061175628,1,HIGHDIVERSITY_CRAFT,HsDHODH_HighDiv,5,2,46.010000000000005,3,10,1,2,0.625,0.0625,0.125,0.2,0.0,16,2,0,2,2,0,2,0,0
CNOC/C=C/[C@@H](CO)N1CCNC1=S,29/000000013,"InChI=1S/C9H17N3O2S/c1-10-14-6-2-3-8(7-13)12-5-4-11-9(12)15/h2-3,8,10,13H,4-7H2,1H3,(H,11,15)/b3-2+/t8-/m0/s1",C9H17N3O2S,231.104147784,-0.7553999999999992,4.08,3.92,2.22,-170.0,4.491972453459539,1,HIGHDIVERSITY_CRAFT,HsDHODH_HighDiv,4,3,56.76,6,9,2,3,0.6,0.13333333333333333,0.2,0.6666666666666666,0.1111111111111111,15,1,1,0,1,1,0,0,0
O=C(NC1=CC(CCO)=C(Br)C=C1CO)C1=NN=CS1,6/000000002,"InChI=1S/C12H12BrN3O3S/c13-9-3-8(5-18)10(4-7(9)1-2-17)15-11(19)12-16-14-6-20-12/h3-4,6,17-18H,1-2,5H2,(H,15,19)",C12H12N3O3SBr,356.97827434400006,1.5799999999999998,4.07,8.14,3.58,0.0,2.915474861325503,1,HIGHDIVERSITY_CRAFT,HsDHODH_HighDiv,6,3,95.34,5,12,3,3,0.6,0.15,0.15,0.25,0.0,20,2,0,2,1,0,1,0,0
OCC1=NC=C(C2=CC(O)=CN=C2)C=C1S,1/000000015,"InChI=1S/C11H10N2O2S/c14-6-10-11(16)2-8(4-13-10)7-1-9(15)5-12-3-7/h1-5,14-16H,6H2",C11H10N2O2S,234.04629856,1.6301999999999999,4.07,4.36,11.9,-160.0,2.8825146291944854,1,HIGHDIVERSITY_CRAFT,HsDHODH_HighDiv,5,3,66.24000000000001,2,11,2,2,0.6875,0.125,0.125,0.09090909090909091,0.0,16,2,0,2,2,0,2,0,0
NNCC1=CC(O)=C(N=O)C(Br)=C1,3/000000018,"InChI=1S/C7H8BrN3O2/c8-5-1-4(3-10-9)2-6(12)7(5)11-13/h1-2,10,12H,3,9H2",C7H8N3O2Br,244.979988596,1.5158999999999996,4.07,2.32,12.9,0.0,3.142127222536298,1,HIGHDIVERSITY_CRAFT,HsDHODH_HighDiv,5,3,87.71000000000001,3,7,2,3,0.5384615384615384,0.15384615384615385,0.23076923076923078,0.14285714285714285,0.0,13,1,0,1,0,0,0,0,0
O=C(O)N1C=C([N+](=O)[O-])C(CCC2=NN=CO2)=N1,25/000000014,"InChI=1S/C8H7N5O5/c14-8(15)12-3-6(13(16)17)5(11-12)1-2-7-10-9-4-18-7/h3-4H,1-2H2,(H,14,15)",C8H6N5O5,253.044718324,0.4856,4.07,1.53,3.85,0.0,3.439476964453453,1,HIGHDIVERSITY_CRAFT,HsDHODH_HighDiv,8,1,137.18,4,8,5,5,0.4444444444444444,0.2777777777777778,0.2777777777777778,0.25,0.0,18,2,0,2,2,0,2,0,0
C#C[C@@H](O)C1=CC2=C(C=C1CO)NN=C2,22/000000014,"InChI=1S/C11H10N2O2/c1-2-11(15)9-3-7-5-12-13-10(7)4-8(9)6-14/h1,3-5,11,14-15H,6H2,(H,12,13)/t11-/m1/s1",C11H10N2O2,202.07422756,0.7217999999999999,4.07,3.63,15.4,-190.0,3.621698827085913,1,HIGHDIVERSITY_CRAFT,HsDHODH_HighDiv,3,3,69.14,2,11,2,2,0.7333333333333333,0.13333333333333333,0.13333333333333333,0.18181818181818182,0.09090909090909091,15,2,0,2,1,0,1,0,0
CCC1=CC=C2NC(=O)CNC2=C1C#CC/C=C/CNO,18/000000033,"InChI=1S/C16H19N3O2/c1-2-12-8-9-14-16(17-11-15(20)19-14)13(12)7-5-3-4-6-10-18-21/h4,6,8-9,17-18,21H,2-3,10-11H2,1H3,(H,19,20)/b6-4+",C16H19N3O2,285.147726848,1.8895999999999997,4.07,6.99,20.2,-100.0,3.6525597742783225,1,HIGHDIVERSITY_CRAFT,HsDHODH_HighDiv,4,4,73.39,4,16,2,3,0.7619047619047619,0.09523809523809523,0.14285714285714285,0.3125,0.0,21,2,1,1,1,1,0,0,0
CCC(=O)NC(=O)C#CC1=C(O)C(O)=CN=C1CS,1/000000523,"InChI=1S/C12H12N2O4S/c1-2-10(16)14-11(17)4-3-7-8(6-19)13-5-9(15)12(7)18/h5,15,19H,2,6H2,1H3,(H,13,18)(H,14,16,17)",C12H12N2O4S,280.051777864,0.3268999999999999,4.07,5.17,20.7,-20.0,3.6152715679589065,1,HIGHDIVERSITY_CRAFT,HsDHODH_HighDiv,6,4,99.52000000000001,2,12,4,2,0.631578947368421,0.21052631578947367,0.10526315789473684,0.25,0.0,19,1,0,1,1,0,1,0,0
NNC/C=C/CC#CC1=C(N)C=CC2=C1NCC(=O)N2,18/000000031,"InChI=1S/C14H17N5O/c15-11-6-7-12-14(17-9-13(20)19-12)10(11)5-3-1-2-4-8-18-16/h2,4,6-7,17-18H,1,8-9,15-16H2,(H,19,20)/b4-2+",C14H17N5O,271.143310164,0.39390000000000003,4.07,4.76,20.6,-80.0,3.768960329804392,1,HIGHDIVERSITY_CRAFT,HsDHODH_HighDiv,5,5,105.19999999999999,3,14,1,5,0.7,0.05,0.25,0.21428571428571427,0.0,20,2,1,1,1,1,0,0,0
O=C(O)N1C=C([N+](=O)[O-])C(CCC2=CSC(=O)N2)=N1,25/000000055,"InChI=1S/C9H8N4O5S/c14-8-10-5(4-19-8)1-2-6-7(13(17)18)3-12(11-6)9(15)16/h3-4H,1-2H2,(H,10,14)(H,15,16)",C9H7N4O5S,284.02154035600006,0.8523999999999998,4.06,2.22,3.85,0.0,3.5373711328736297,1,HIGHDIVERSITY_CRAFT,HsDHODH_HighDiv,7,2,131.12,4,9,5,4,0.47368421052631576,0.2631578947368421,0.21052631578947367,0.2222222222222222,0.0,19,2,0,2,2,0,2,0,0
C=C[C@@H](/C=C/CN)C1=CC=C(Br)C=C1O,28/000000028,"InChI=1S/C12H14BrNO/c1-2-9(4-3-7-14)11-6-5-10(13)8-12(11)15/h2-6,8-9,15H,1,7,14H2/b4-3+/t9-/m0/s1",C12H14NOBr,267.025876168,2.939200000000001,4.06,2.84,3.85,-150.0,3.7360819683349087,1,HIGHDIVERSITY_CRAFT,HsDHODH_HighDiv,2,2,46.25,4,12,1,1,0.8,0.06666666666666667,0.06666666666666667,0.16666666666666666,0.08333333333333333,15,1,0,1,0,0,0,0,0
NCC1=NC=C(O)C(CS)=C1C1=CNC(CO)=C1,1/000000259,"InChI=1S/C12H15N3O2S/c13-2-10-12(7-1-8(5-16)14-3-7)9(6-18)11(17)4-15-10/h1,3-4,14,16-18H,2,5-6,13H2",C12H15N3O2S,265.08849772,1.1630999999999998,4.06,7.97,17.3,-120.0,3.5774123490688368,1,HIGHDIVERSITY_CRAFT,HsDHODH_HighDiv,5,5,95.16000000000001,4,12,2,3,0.6666666666666666,0.1111111111111111,0.16666666666666666,0.25,0.0,18,2,0,2,2,0,2,0,0
O=C1CNC2=C(C=CC=C2C(=O)NC2=C(Cl)C=C(Cl)C=N2)N1,18/000000002,"InChI=1S/C14H10Cl2N4O2/c15-7-4-9(16)13(18-5-7)20-14(22)8-2-1-3-10-12(8)17-6-11(21)19-10/h1-5,17H,6H2,(H,19,21)(H,18,20,22)",C14H10N4O2Cl2,336.01808092000005,3.0047000000000006,4.06,6.46,3.58,-80.0,2.582919883241349,1,HIGHDIVERSITY_CRAFT,HsDHODH_HighDiv,4,3,83.12,2,14,2,4,0.6363636363636364,0.09090909090909091,0.18181818181818182,0.07142857142857142,0.0,22,3,1,2,2,1,1,0,0
NC1=CC(Cl)=CC(C2=CC(C(=O)O)=CC=C2S)=C1,3/000000067,"InChI=1S/C13H10ClNO2S/c14-9-3-8(4-10(15)6-9)11-5-7(13(16)17)1-2-12(11)18/h1-6,18H,15H2,(H,16,17)",C13H10NO2SCl,279.01207724,3.5761000000000003,4.06,3.81,14.8,-160.0,2.3929818310154634,1,HIGHDIVERSITY_CRAFT,HsDHODH_HighDiv,3,3,63.32000000000001,2,13,2,1,0.7222222222222222,0.1111111111111111,0.05555555555555555,0.0,0.0,18,2,0,2,0,0,0,0,0
O=C(O)C/C=C/CC#CC1=C2NCC(=O)NC2=CC=C1CBr,18/000000026,"InChI=1S/C16H15BrN2O3/c17-9-11-7-8-13-16(18-10-14(20)19-13)12(11)5-3-1-2-4-6-15(21)22/h2,4,7-8,18H,1,6,9-10H2,(H,19,20)(H,21,22)/b4-2+",C16H15N2O3Br,362.0266044400001,2.718000000000001,4.06,7.92,22.7,-80.0,3.582873481256235,1,HIGHDIVERSITY_CRAFT,HsDHODH_HighDiv,3,3,78.43,4,16,3,2,0.7272727272727273,0.13636363636363635,0.09090909090909091,0.25,0.0,22,2,1,1,1,1,0,0,0
CC/C(=C\COC1=CC(F)=CC=C1F)[C@@H](N)O,25/000000011,"InChI=1S/C12H15F2NO2/c1-2-8(12(15)16)5-6-17-11-7-9(13)3-4-10(11)14/h3-5,7,12,16H,2,6,15H2,1H3/b8-5+/t12-/m0/s1",C12H15NO2F2,243.10708516,1.9570999999999996,4.06,5.79,2.22,-170.0,3.2034288500843298,1,HIGHDIVERSITY_CRAFT,HsDHODH_HighDiv,3,2,55.480000000000004,5,12,2,1,0.7058823529411765,0.11764705882352941,0.058823529411764705,0.3333333333333333,0.08333333333333333,17,1,0,1,0,0,0,0,0
NC(=S)OC(=O)C1=CC=C(O)C(C2=CC(N)=CC(Cl)=C2)=C1,3/000000073,"InChI=1S/C14H11ClN2O3S/c15-9-3-8(4-10(16)6-9)11-5-7(1-2-12(11)18)13(19)20-14(17)21/h1-6,18H,16H2,(H2,17,21)",C14H11N2O3SCl,322.017890892,2.6952000000000007,4.06,2.72,19.2,-180.0,2.611151312739862,1,HIGHDIVERSITY_CRAFT,HsDHODH_HighDiv,5,3,98.57,2,14,3,2,0.6666666666666666,0.14285714285714285,0.09523809523809523,0.0,0.0,21,2,0,2,0,0,0,0,0
O=C1NCC=C(/C=C/C/C=C\C2=CC=C(O)C(Cl)=C2)N1,7/000000002,"InChI=1S/C15H15ClN2O2/c16-13-10-11(6-7-14(13)19)4-2-1-3-5-12-8-9-17-15(20)18-12/h2-8,10,19H,1,9H2,(H2,17,18,20)/b4-2-,5-3+",C15H15N2O2Cl,290.0822054,3.2018000000000013,4.06,5.99,3.58,0.0,3.3288323945817204,1,HIGHDIVERSITY_CRAFT,HsDHODH_HighDiv,2,3,61.36,4,15,2,2,0.75,0.1,0.1,0.13333333333333333,0.0,20,2,1,1,1,1,0,0,0
NC1=C2N=CNC2=NC(N[C@H](/C=C/[N+](=O)[O-])CO)=N1,6/000000003,"InChI=1S/C9H11N7O3/c10-7-6-8(12-4-11-6)15-9(14-7)13-5(3-17)1-2-16(18)19/h1-2,4-5,17H,3H2,(H4,10,11,12,13,14,15)/b2-1+/t5-/m1/s1",C9H11N7O3,265.092337212,-0.5017,4.06,2.49,20.7,-190.0,4.0369314048647755,1,HIGHDIVERSITY_CRAFT,HsDHODH_HighDiv,8,4,155.88,5,9,3,7,0.47368421052631576,0.15789473684210525,0.3684210526315789,0.2222222222222222,0.1111111111111111,19,2,0,2,2,0,2,0,0
CCNC(=O)N1N=CC2=CC=C(CO)C=C21,22/000000001,"InChI=1S/C11H13N3O2/c1-2-12-11(16)14-10-5-8(7-15)3-4-9(10)6-13-14/h3-6,15H,2,7H2,1H3,(H,12,16)",C11H13N3O2,219.100776656,1.1061999999999999,4.05,1.73,15.0,-80.0,2.476819244579102,1,HIGHDIVERSITY_CRAFT,HsDHODH_HighDiv,4,2,67.15,2,11,2,3,0.6875,0.125,0.1875,0.2727272727272727,0.0,16,2,0,2,1,0,1,0,0
OCC1=CC=C(COCC2=NNC(=S)N2)C(S)=C1,27/000000017,"InChI=1S/C11H13N3O2S2/c15-4-7-1-2-8(9(17)3-7)5-16-6-10-12-11(18)14-13-10/h1-3,15,17H,4-6H2,(H2,12,13,14,18)",C11H13N3O2S2,283.04491865600005,1.9650899999999998,4.05,4.25,2.35,0.0,3.3378516250869374,1,HIGHDIVERSITY_CRAFT,HsDHODH_HighDiv,5,4,73.93,5,11,2,3,0.6111111111111112,0.1111111111111111,0.16666666666666666,0.2727272727272727,0.0,18,2,0,2,1,0,1,0,0
C/C=C/C(=C\COC1=CC(F)=CC([N+](=O)[O-])=C1F)[C@@H](N)O,25/000000010,"InChI=1S/C13H14F2N2O4/c1-2-3-8(13(16)18)4-5-21-11-7-9(14)6-10(12(11)15)17(19)20/h2-4,6-7,13,18H,5,16H2,1H3/b3-2+,8-4+/t13-/m0/s1",C13H14N2O4F2,300.092163368,2.0314,4.05,7.11,2.22,-200.0,3.790891746296583,1,HIGHDIVERSITY_CRAFT,HsDHODH_HighDiv,5,2,98.62,6,13,4,2,0.6190476190476191,0.19047619047619047,0.09523809523809523,0.23076923076923078,0.07692307692307693,21,1,0,1,0,0,0,0,0
NC(=O)C1=NOC(CCC2=NN(C(=O)O)C=C2[N+](=O)[O-])=C1,25/000000033,"InChI=1S/C10H9N5O6/c11-9(16)7-3-5(21-13-7)1-2-6-8(15(19)20)4-14(12-6)10(17)18/h3-4H,1-2H2,(H2,11,16)(H,17,18)",C10H9N5O6,295.055283008,0.1894999999999995,4.05,3.51,3.85,0.0,3.175909207476705,1,HIGHDIVERSITY_CRAFT,HsDHODH_HighDiv,8,2,167.38,5,10,6,5,0.47619047619047616,0.2857142857142857,0.23809523809523808,0.2,0.0,21,2,0,2,2,0,2,0,0
OC1=C(S)C(Br)=CC(C[C@H]2NC=NO2)=C1,3/000000019,"InChI=1S/C9H9BrN2O2S/c10-6-1-5(2-7(13)9(6)15)3-8-11-4-12-14-8/h1-2,4,8,13,15H,3H2,(H,11,12)/t8-/m0/s1",C9H9N2O2SBr,287.956810628,1.8751,4.05,0.4,2.22,-170.0,4.53139113477822,1,HIGHDIVERSITY_CRAFT,HsDHODH_HighDiv,5,3,53.849999999999994,2,9,2,2,0.6,0.13333333333333333,0.13333333333333333,0.2222222222222222,0.1111111111111111,15,2,1,1,1,1,0,0,0
C#CCC1=CC(O[P@H](=O)O)=CC(C2=CN=CC(O)=C2)=C1,1/000000253,"InChI=1S/C14H12NO4P/c1-2-3-10-4-11(7-14(5-10)19-20(17)18)12-6-13(16)9-15-8-12/h1,4-9,16,20H,3H2,(H,17,18)",C14H12NO4P,289.050394494,2.3907000000000007,4.05,5.99,17.8,-160.0,3.8630161190580488,1,HIGHDIVERSITY_CRAFT,HsDHODH_HighDiv,4,2,79.65,4,14,4,1,0.7,0.2,0.05,0.07142857142857142,0.0,20,2,0,2,1,0,1,0,0
C=CC1=C(O)C(O)=CC(C(=O)CO)=C1,3/000000140,"InChI=1S/C10H10O4/c1-2-6-3-7(9(13)5-11)4-8(12)10(6)14/h2-4,11-12,14H,1,5H2",C10H10O4,194.0579088,0.9157999999999995,4.05,1.62,3.58,0.0,2.7727820409935937,1,HIGHDIVERSITY_CRAFT,HsDHODH_HighDiv,4,3,77.76,3,10,4,0,0.7142857142857143,0.2857142857142857,0.0,0.1,0.0,14,1,0,1,0,0,0,0,0
NC1=CC=C(O)C(C#CC2=CC(F)=CC(F)=C2O)=C1,3/000000060,"InChI=1S/C14H9F2NO2/c15-10-5-9(14(19)12(16)7-10)2-1-8-6-11(17)3-4-13(8)18/h3-7,18-19H,17H2",C14H9NO2F2,261.060134968,2.3579999999999997,4.04,2.99,18.4,0.0,2.666514623997891,1,HIGHDIVERSITY_CRAFT,HsDHODH_HighDiv,3,3,66.48,0,14,2,1,0.7368421052631579,0.10526315789473684,0.05263157894736842,0.0,0.0,19,2,0,2,0,0,0,0,0
OC1=CN=CC(C2=NN=C(CCI)S2)=C1CS,1/000000322,"InChI=1S/C10H10IN3OS2/c11-2-1-9-13-14-10(17-9)6-3-12-4-8(15)7(6)5-16/h3-4,15-16H,1-2,5H2",C10H10N3OS2I,378.93100194000004,2.7130000000000014,4.04,6.87,20.3,-120.0,3.4760310049174796,1,HIGHDIVERSITY_CRAFT,HsDHODH_HighDiv,6,2,58.900000000000006,4,10,1,3,0.5882352941176471,0.058823529411764705,0.17647058823529413,0.3,0.0,17,2,0,2,2,0,2,0,0
C=CC1=NC=C(O)C(N=O)=C1C#CCCN,1/000000056,"InChI=1S/C11H11N3O2/c1-2-9-8(5-3-4-6-12)11(14-16)10(15)7-13-9/h2,7,15H,1,4,6,12H2",C11H11N3O2,217.085126592,1.5283999999999998,4.04,7.47,17.2,0.0,3.859993929893787,1,HIGHDIVERSITY_CRAFT,HsDHODH_HighDiv,5,2,88.57000000000001,3,11,2,3,0.6875,0.125,0.1875,0.18181818181818182,0.0,16,1,0,1,1,0,1,0,0
O=C(C#CC1=C(CS)N=CC(O)=C1O)NCS,1/000000395,"InChI=1S/C10H10N2O3S2/c13-8-3-11-7(4-16)6(10(8)15)1-2-9(14)12-5-17/h3,13,16-17H,4-5H2,(H,11,15)(H,12,14)",C10H10N2O3S2,270.01328417999997,0.2775999999999999,4.04,5.99,19.8,0.0,4.007773605251928,1,HIGHDIVERSITY_CRAFT,HsDHODH_HighDiv,6,5,82.45,2,10,3,2,0.5882352941176471,0.17647058823529413,0.11764705882352941,0.2,0.0,17,1,0,1,1,0,1,0,0
NNCC1=CC(C(=O)O)=CC(O)=C1O,3/000000134,"InChI=1S/C8H10N2O4/c9-10-3-5-1-4(8(13)14)2-6(11)7(5)12/h1-2,10-12H,3,9H2,(H,13,14)",C8H10N2O4,198.0640568,-0.24070000000000025,4.04,1.21,12.2,0.0,2.51318536739692,1,HIGHDIVERSITY_CRAFT,HsDHODH_HighDiv,5,5,115.81,3,8,4,2,0.5714285714285714,0.2857142857142857,0.14285714285714285,0.125,0.0,14,1,0,1,0,0,0,0,0
C/C=C/NC1=C(O)C=C(Br)C(C2=NC=C(I)C=C2)=C1,28/000000001,"InChI=1S/C14H12BrIN2O/c1-2-5-17-13-6-10(11(15)7-14(13)19)12-4-3-9(16)8-18-12/h2-8,17,19H,1H3/b5-2+",C14H12N2OBrI,429.917773104,4.766800000000003,4.04,2.16,14.6,-198.0,3.0092466213184217,1,HIGHDIVERSITY_CRAFT,HsDHODH_HighDiv,3,2,45.15,3,14,1,2,0.7368421052631579,0.05263157894736842,0.10526315789473684,0.07142857142857142,0.0,19,2,0,2,1,0,1,0,0
C=CC1=NC=C(O)C(O)=C1C#CC(=O)NCC(C)=O,1/000000203,"InChI=1S/C13H12N2O4/c1-3-10-9(13(19)11(17)7-14-10)4-5-12(18)15-6-8(2)16/h3,7,17H,1,6H2,2H3,(H,14,19)(H,15,18)",C13H12N2O4,260.079706864,0.19249999999999984,4.04,6.12,19.8,-20.0,3.552817269316372,1,HIGHDIVERSITY_CRAFT,HsDHODH_HighDiv,5,3,99.52000000000001,3,13,4,2,0.6842105263157895,0.21052631578947367,0.10526315789473684,0.15384615384615385,0.0,19,1,0,1,1,0,1,0,0
CCCNC(=O)C#CC1=C(O)C(O)=CN=C1CBr,1/000000533,"InChI=1S/C12H13BrN2O3/c1-2-5-14-11(17)4-3-8-9(6-13)15-7-10(16)12(8)18/h7,16H,2,5-6H2,1H3,(H,14,17)(H,15,18)",C12H13N2O3Br,312.01095437600003,1.2653999999999996,4.04,6.52,17.7,-20.0,3.3589658184565936,1,HIGHDIVERSITY_CRAFT,HsDHODH_HighDiv,4,3,82.45,3,12,3,2,0.6666666666666666,0.16666666666666666,0.1111111111111111,0.3333333333333333,0.0,18,1,0,1,1,0,1,0,0
N=C1CCC2=CC=C([C@H](S)C3=CC(=O)OC=C3)C=C12,12/000000004,"InChI=1S/C15H13NO2S/c16-13-4-3-9-1-2-10(7-12(9)13)15(19)11-5-6-18-14(17)8-11/h1-2,5-8,15-16,19H,3-4H2/b16-13-/t15-/m0/s1",C15H13NO2S,271.066699656,2.9730700000000008,4.04,5.19,19.5,-190.0,3.7963904759823377,1,HIGHDIVERSITY_CRAFT,HsDHODH_HighDiv,4,2,54.06,2,15,2,1,0.7894736842105263,0.10526315789473684,0.05263157894736842,0.2,0.06666666666666667,19,3,1,2,1,0,1,0,0
C=CC1=CC(C2=C(C)C(NCCNN)=CC=C2O)=NN1,3/000000020,"InChI=1S/C14H19N5O/c1-3-10-8-12(19-18-10)14-9(2)11(4-5-13(14)20)16-6-7-17-15/h3-5,8,16-17,20H,1,6-7,15H2,2H3,(H,18,19)",C14H19N5O,273.158960228,1.6089199999999995,4.04,0.23,19.4,-160.0,3.278478982204624,1,HIGHDIVERSITY_CRAFT,HsDHODH_HighDiv,5,5,98.99000000000001,6,14,1,5,0.7,0.05,0.25,0.21428571428571427,0.0,20,2,0,2,1,0,1,0,0
N[C@@H](O)/C=C/COC1=CC(F)=CC=C1F,25/000000002,"InChI=1S/C10H11F2NO2/c11-7-3-4-8(12)9(6-7)15-5-1-2-10(13)14/h1-4,6,10,14H,5,13H2/b2-1+/t10-/m0/s1",C10H11NO2F2,215.075785032,1.1769000000000003,4.04,4.66,2.22,-150.0,3.099756640004701,1,HIGHDIVERSITY_CRAFT,HsDHODH_HighDiv,3,2,55.480000000000004,4,10,2,1,0.6666666666666666,0.13333333333333333,0.06666666666666667,0.2,0.1,15,1,0,1,0,0,0,0,0
CC(=O)NCC1=CC=C(C2=C(CS)C(O)=CN=C2)C=C1,1/000000017,"InChI=1S/C15H16N2O2S/c1-10(18)17-6-11-2-4-12(5-3-11)13-7-16-8-15(19)14(13)9-20/h2-5,7-8,19-20H,6,9H2,1H3,(H,17,18)",C15H16N2O2S,288.093248752,2.520100000000001,4.04,6.14,15.5,-180.0,2.484651784402427,1,HIGHDIVERSITY_CRAFT,HsDHODH_HighDiv,4,3,62.22,4,15,2,2,0.75,0.1,0.1,0.2,0.0,20,2,0,2,1,0,1,0,0
CN[C@H](O)C1=CC(Br)=C(CN)C(O)=C1,3/000000059,"InChI=1S/C9H13BrN2O2/c1-12-9(14)5-2-7(10)6(4-11)8(13)3-5/h2-3,9,12-14H,4,11H2,1H3/t9-/m1/s1",C9H13N2O2Br,260.016039756,0.8237000000000001,4.04,2.49,11.1,-190.0,3.5668555900834296,1,HIGHDIVERSITY_CRAFT,HsDHODH_HighDiv,4,4,78.51,3,9,2,2,0.6428571428571429,0.14285714285714285,0.14285714285714285,0.3333333333333333,0.1111111111111111,14,1,0,1,0,0,0,0,0
CC(=O)CCCNC(=O)C#CC1=C(O)C(O)=CN=C1CCl,1/000000503,"InChI=1S/C14H15ClN2O4/c1-9(18)3-2-6-16-13(20)5-4-10-11(7-15)17-8-12(19)14(10)21/h8,19H,2-3,6-7H2,1H3,(H,16,20)(H,17,21)",C14H15N2O4Cl,310.07203464,1.0685,4.04,6.64,21.1,-50.0,3.2794832965455303,1,HIGHDIVERSITY_CRAFT,HsDHODH_HighDiv,5,3,99.52000000000001,5,14,4,2,0.6666666666666666,0.19047619047619047,0.09523809523809523,0.35714285714285715,0.0,21,1,0,1,1,0,1,0,0
NCC1=CC(N)=C(C2=CC=CC=C2)C=C1O,9/000000007,"InChI=1S/C13H14N2O/c14-8-10-6-12(15)11(7-13(10)16)9-4-2-1-3-5-9/h1-7,16H,8,14-15H2",C13H14N2O,214.110613068,2.1001,4.04,1.11,9.8,-200.0,2.074619244579102,1,HIGHDIVERSITY_CRAFT,HsDHODH_HighDiv,3,3,72.27,2,13,1,2,0.8125,0.0625,0.125,0.07692307692307693,0.0,16,2,0,2,0,0,0,0,0
NNCC1=CC(O)=C(Br)C(Br)=C1,3/000000015,"InChI=1S/C7H8Br2N2O/c8-5-1-4(3-11-10)2-6(12)7(5)9/h1-2,11-12H,3,10H2",C7H8N2OBr2,293.900337076,1.8804999999999994,4.03,1.84,1.23,0.0,2.8718872344847615,1,HIGHDIVERSITY_CRAFT,HsDHODH_HighDiv,3,3,58.28,2,7,1,2,0.5833333333333334,0.08333333333333333,0.16666666666666666,0.14285714285714285,0.0,12,1,0,1,0,0,0,0,0
C=CC1=CC(O)=C(O)C=C1C(=O)CO,3/000000084,"InChI=1S/C10H10O4/c1-2-6-3-8(12)9(13)4-7(6)10(14)5-11/h2-4,11-13H,1,5H2",C10H10O4,194.0579088,0.9157999999999997,4.03,2.71,3.58,0.0,2.8457175919291444,1,HIGHDIVERSITY_CRAFT,HsDHODH_HighDiv,4,3,77.76,3,10,4,0,0.7142857142857143,0.2857142857142857,0.0,0.1,0.0,14,1,0,1,0,0,0,0,0
NC(=O)C#CC1=C(O)C(O)=CN=C1CCCl,1/000000345,"InChI=1S/C10H9ClN2O3/c11-4-3-7-6(1-2-9(12)15)10(16)8(14)5-13-7/h5,14H,3-4H2,(H2,12,15)(H,13,16)",C10H9N2O3Cl,240.030169828,0.11090000000000022,4.03,5.4,16.5,0.0,3.5652794234699776,1,HIGHDIVERSITY_CRAFT,HsDHODH_HighDiv,4,3,96.44000000000001,2,10,3,2,0.625,0.1875,0.125,0.2,0.0,16,1,0,1,1,0,1,0,0
O=NC(=O)/C(=C/NC1CCCC1)C1=NN=NN1,8/000000001,"InChI=1S/C9H12N6O2/c16-9(13-17)7(8-11-14-15-12-8)5-10-6-3-1-2-4-6/h5-6,10H,1-4H2,(H,11,12,14,15)/b7-5+",C9H12N6O2,236.102173624,0.36579999999999974,4.03,4.18,3.58,-150.0,3.635050255309944,1,HIGHDIVERSITY_CRAFT,HsDHODH_HighDiv,6,2,112.99000000000001,4,9,2,6,0.5294117647058824,0.11764705882352941,0.35294117647058826,0.5555555555555556,0.0,17,2,1,1,1,0,1,0,0
O=C(C=S)C1=CC(S)=C(O)C(O)=C1,3/000000115,"InChI=1S/C8H6O3S2/c9-5-1-4(6(10)3-12)2-7(13)8(5)11/h1-3,9,11,13H",C8H6O3S2,213.975836052,1.5689000000000004,4.03,0.61,2.22,-20.0,3.494197216072174,1,HIGHDIVERSITY_CRAFT,HsDHODH_HighDiv,5,3,57.53,2,8,3,0,0.6153846153846154,0.23076923076923078,0.0,0.0,0.0,13,1,0,1,0,0,0,0,0
OCC1=CC=C2C=NNC2=C1CO,22/000000017,"InChI=1S/C9H10N2O2/c12-4-7-2-1-6-3-10-11-9(6)8(7)5-13/h1-3,12-13H,4-5H2,(H,10,11)",C9H10N2O2,178.07422756,0.5474999999999999,4.03,5.3,11.4,-40.0,2.709582785351861,1,HIGHDIVERSITY_CRAFT,HsDHODH_HighDiv,3,3,69.14,2,9,2,2,0.6923076923076923,0.15384615384615385,0.15384615384615385,0.2222222222222222,0.0,13,2,0,2,1,0,1,0,0
CCCCNC(=O)C#CC1=C(O)C(O)=CN=C1,1/000000363,"InChI=1S/C12H14N2O3/c1-2-3-6-14-11(16)5-4-9-7-13-8-10(15)12(9)17/h7-8,15H,2-3,6H2,1H3,(H,13,17)(H,14,16)",C12H14N2O3,234.100442308,0.7605999999999999,4.02,4.78,16.0,-20.0,3.038704225048411,1,HIGHDIVERSITY_CRAFT,HsDHODH_HighDiv,4,3,82.45,3,12,3,2,0.7058823529411765,0.17647058823529413,0.11764705882352941,0.3333333333333333,0.0,17,1,0,1,1,0,1,0,0
CC#CC[C@@H](Cl)CC1=C(CO)C(C(=O)O)=CC(=O)O1,12/000000005,"InChI=1S/C13H13ClO5/c1-2-3-4-8(14)5-11-10(7-15)9(13(17)18)6-12(16)19-11/h6,8,15H,4-5,7H2,1H3,(H,17,18)/t8-/m1/s1",C13H13O5Cl,284.045151196,1.3936000000000002,4.02,3.71,22.3,-170.0,3.857729390009487,1,HIGHDIVERSITY_CRAFT,HsDHODH_HighDiv,4,2,87.74,5,13,5,0,0.6842105263157895,0.2631578947368421,0.0,0.38461538461538464,0.07692307692307693,19,1,0,1,1,0,1,0,0
O=C(C#CC1=C(O)C(O)=CN=C1)NCBr,1/000000372,"InChI=1S/C9H7BrN2O3/c10-5-12-8(14)2-1-6-3-11-4-7(13)9(6)15/h3-4,13H,5H2,(H,11,15)(H,12,14)",C9H7N2O3Br,269.96400418400003,0.3128999999999999,4.02,2.52,15.9,0.0,3.6886832126125473,1,HIGHDIVERSITY_CRAFT,HsDHODH_HighDiv,4,3,82.45,1,9,3,2,0.6,0.2,0.13333333333333333,0.1111111111111111,0.0,15,1,0,1,1,0,1,0,0
C=CC1=CC(C(=O)C[C@@H](C)N)=CC(O)=C1O,3/000000177,"InChI=1S/C12H15NO3/c1-3-8-5-9(6-11(15)12(8)16)10(14)4-7(2)13/h3,5-7,15-16H,1,4,13H2,2H3/t7-/m1/s1",C12H15NO3,221.10519334,1.6608,4.02,0.78,3.58,-190.0,3.259750447366592,1,HIGHDIVERSITY_CRAFT,HsDHODH_HighDiv,4,3,83.55000000000001,4,12,3,1,0.75,0.1875,0.0625,0.25,0.08333333333333333,16,1,0,1,0,0,0,0,0
CC(=O)N(O)CCC1=NN=C(C2=C(CS)C(O)=CN=C2)S1,1/000000302,"InChI=1S/C12H14N4O3S2/c1-7(17)16(19)3-2-11-14-15-12(21-11)8-4-13-5-10(18)9(8)6-20/h4-5,18-20H,2-3,6H2,1H3",C12H14N4O3S2,326.050732308,1.5156999999999998,4.02,8.0,24.6,-140.0,3.3808741244109495,1,HIGHDIVERSITY_CRAFT,HsDHODH_HighDiv,8,3,99.44000000000001,5,12,3,4,0.5714285714285714,0.14285714285714285,0.19047619047619047,0.3333333333333333,0.0,21,2,0,2,2,0,2,0,0
O=C1C=C(C2=C(S)C(O)=CN=C2CCF)C=CN1,1/000000301,"InChI=1S/C12H11FN2O2S/c13-3-1-8-11(12(18)9(16)6-15-8)7-2-4-14-10(17)5-7/h2,4-6,16H,1,3H2,(H,14,17)(H,15,18)",C12H11N2O2SF,266.052526812,1.9431999999999992,4.02,7.75,19.6,-160.0,3.420023118299608,1,HIGHDIVERSITY_CRAFT,HsDHODH_HighDiv,4,3,65.97999999999999,3,12,2,2,0.6666666666666666,0.1111111111111111,0.1111111111111111,0.16666666666666666,0.0,18,2,0,2,2,0,2,0,0
CNCC1(NC(=O)C#CC2=C(O)C(O)=CN=C2)CCCCC1,1/000000180,"InChI=1S/C16H21N3O3/c1-17-11-16(7-3-2-4-8-16)19-14(21)6-5-12-9-18-10-13(20)15(12)22/h9-10,17,20H,2-4,7-8,11H2,1H3,(H,18,22)(H,19,21)",C16H21N3O3,303.158291532,0.8827999999999996,4.02,7.12,20.2,-170.0,3.4332657889485434,1,HIGHDIVERSITY_CRAFT,HsDHODH_HighDiv,5,4,94.48,3,16,3,3,0.7272727272727273,0.13636363636363635,0.13636363636363635,0.5,0.0,22,2,1,1,1,0,1,0,0
C#CC1=NC=C(O)C(O)=C1C#CC(=O)NCCC(=O)O,1/000000517,"InChI=1S/C13H10N2O5/c1-2-9-8(13(20)10(16)7-15-9)3-4-11(17)14-6-5-12(18)19/h1,7,16H,5-6H2,(H,14,17)(H,15,20)(H,18,19)",C13H10N2O5,274.05897142,-0.5835000000000004,4.01,5.84,22.8,0.0,3.414169641545283,1,HIGHDIVERSITY_CRAFT,HsDHODH_HighDiv,5,4,119.75000000000001,3,13,5,2,0.65,0.25,0.1,0.15384615384615385,0.0,20,1,0,1,1,0,1,0,0
O=C(O)N1N=CC2=C1C(F)=CC(C/C=C/[C@@H]1CCCN1)=C2,22/000000008,"InChI=1S/C15H16FN3O2/c16-13-8-10(3-1-4-12-5-2-6-17-12)7-11-9-18-19(14(11)13)15(20)21/h1,4,7-9,12,17H,2-3,5-6H2,(H,20,21)/b4-1+/t12-/m1/s1",C15H15N3O2F,289.122654972,2.5522,4.01,1.98,3.58,-190.0,3.738728999043836,1,HIGHDIVERSITY_CRAFT,HsDHODH_HighDiv,4,2,67.14999999999999,3,15,2,3,0.7142857142857143,0.09523809523809523,0.14285714285714285,0.3333333333333333,0.06666666666666667,21,3,1,2,2,1,1,0,0
C/C=C/CC1=C(O)C(O)=C(C#CC(=O)N[C@H]2CCNC2)C=N1,1/000000165,"InChI=1S/C16H19N3O3/c1-2-3-4-13-16(22)15(21)11(9-18-13)5-6-14(20)19-12-7-8-17-10-12/h2-3,9,12,17,22H,4,7-8,10H2,1H3,(H,18,21)(H,19,20)/b3-2+/t12-/m0/s1",C16H19N3O3,301.1426414680001,0.4409999999999999,4.01,2.6,21.2,-170.0,3.970488959123484,1,HIGHDIVERSITY_CRAFT,HsDHODH_HighDiv,5,4,94.48,3,16,3,3,0.7272727272727273,0.13636363636363635,0.13636363636363635,0.375,0.0625,22,2,1,1,2,1,1,0,0
C=CC1=C(C(=O)C#C[C@@H](O)C2=CC=CC=C2O)OC=C1,30/000000006,"InChI=1S/C16H12O4/c1-2-11-9-10-20-16(11)15(19)8-7-14(18)12-5-3-4-6-13(12)17/h2-6,9-10,14,17-18H,1H2/t14-/m1/s1",C16H12O4,268.073558864,2.547900000000001,4.01,3.82,3.58,-150.0,3.685229031145961,1,HIGHDIVERSITY_CRAFT,HsDHODH_HighDiv,4,2,70.67,3,16,4,0,0.8,0.2,0.0,0.0625,0.0625,20,2,0,2,1,0,1,0,0
O=C(O)N1N=CC2=C1C(F)=CC(C/C=C/[C@@H]1CC=NO1)=C2,22/000000007,"InChI=1S/C14H12FN3O3/c15-12-7-9(2-1-3-11-4-5-17-21-11)6-10-8-16-18(13(10)12)14(19)20/h1,3,5-8,11H,2,4H2,(H,19,20)/b3-1+/t11-/m1/s1",C14H11N3O3F,289.086269464,2.5749000000000013,4.01,2.94,3.58,-190.0,4.149242075966913,1,HIGHDIVERSITY_CRAFT,HsDHODH_HighDiv,5,1,76.71,3,14,3,3,0.6666666666666666,0.14285714285714285,0.14285714285714285,0.21428571428571427,0.07142857142857142,21,3,1,2,2,1,1,0,0
O=[N+]([O-])C1=CN=C(CONC[C@H](Cl)CC2=CSN=N2)N1,13/000000001,"InChI=1S/C9H11ClN6O3S/c10-6(1-7-5-20-15-14-7)2-12-19-4-8-11-3-9(13-8)16(17)18/h3,5-6,12H,1-2,4H2,(H,11,13)/t6-/m1/s1",C9H11N6O3SCl,318.0301868920001,1.0406999999999997,4.01,-0.91,3.58,-190.0,4.310243157808772,1,HIGHDIVERSITY_CRAFT,HsDHODH_HighDiv,8,2,118.86000000000001,8,9,3,6,0.45,0.15,0.3,0.4444444444444444,0.1111111111111111,20,2,0,2,2,0,2,0,0
CCNC(=O)C#CC1=C(O)C(O)=CN=C1CC(=O)O,1/000000191,"InChI=1S/C12H12N2O5/c1-2-13-10(16)4-3-7-8(5-11(17)18)14-6-9(15)12(7)19/h6,15H,2,5H2,1H3,(H,13,16)(H,14,19)(H,17,18)",C12H12N2O5,264.07462148400003,-0.3925000000000001,4.01,6.68,19.4,-20.0,3.247183785153476,1,HIGHDIVERSITY_CRAFT,HsDHODH_HighDiv,5,4,119.75000000000001,3,12,5,2,0.631578947368421,0.2631578947368421,0.10526315789473684,0.25,0.0,19,1,0,1,1,0,1,0,0
O=C(O)CC1=C(Br)C=C(O)C(OCCCO)=C1,28/000000011,"InChI=1S/C11H13BrO5/c12-8-6-9(14)10(17-3-1-2-13)4-7(8)5-11(15)16/h4,6,13-14H,1-3,5H2,(H,15,16)",C11H13O5Br,303.99463561600004,1.5429999999999997,4.01,5.13,5.09,0.0,2.270322100235205,1,HIGHDIVERSITY_CRAFT,HsDHODH_HighDiv,4,3,86.99000000000001,6,11,5,0,0.6470588235294118,0.29411764705882354,0.0,0.36363636363636365,0.0,17,1,0,1,0,0,0,0,0
CCC1=NC=C(O)C(O)=C1C#CC(=O)NC,1/000000371,"InChI=1S/C11H12N2O3/c1-3-8-7(4-5-10(15)12-2)11(16)9(14)6-13-8/h6,14H,3H2,1-2H3,(H,12,15)(H,13,16)",C11H12N2O3,220.084792244,0.1527,4.0,4.54,15.4,-80.0,3.341779960142608,1,HIGHDIVERSITY_CRAFT,HsDHODH_HighDiv,4,3,82.45000000000002,1,11,3,2,0.6875,0.1875,0.125,0.2727272727272727,0.0,16,1,0,1,1,0,1,0,0
CCC1=C(C(=O)C#C[C@@H](O)C2=CC=CC=C2O)OC=C1,30/000000026,"InChI=1S/C16H14O4/c1-2-11-9-10-20-16(11)15(19)8-7-14(18)12-5-3-4-6-13(12)17/h3-6,9-10,14,17-18H,2H2,1H3/t14-/m1/s1",C16H14O4,270.089208928,2.4673000000000007,4.0,3.05,3.58,-170.0,3.479534525651455,1,HIGHDIVERSITY_CRAFT,HsDHODH_HighDiv,4,2,70.67,3,16,4,0,0.8,0.2,0.0,0.1875,0.0625,20,2,0,2,1,0,1,0,0
C=CC1=C(C(=O)O)C(C2=CNNC2)=CC(=O)O1,12/000000002,"InChI=1S/C11H10N2O4/c1-2-8-10(11(15)16)7(3-9(14)17-8)6-4-12-13-5-6/h2-4,12-13H,1,5H2,(H,15,16)",C11H9N2O4,234.0640568,0.42970000000000025,4.0,5.9,20.6,-120.0,3.837147105572143,1,HIGHDIVERSITY_CRAFT,HsDHODH_HighDiv,5,3,91.57000000000001,3,11,4,2,0.6470588235294118,0.23529411764705882,0.11764705882352941,0.09090909090909091,0.0,17,2,1,1,2,1,1,0,0
O=C(N[SH](=O)=O)C1=CC(O)=C(O)C(S)=C1,3/000000088,"InChI=1S/C7H7NO5S2/c9-4-1-3(2-5(14)6(4)10)7(11)8-15(12)13/h1-2,9-10,14-15H,(H,8,11,12,13)",C7H7NO5S2,248.976564324,-0.3572999999999999,4.0,0.24,3.85,-40.0,3.801491698685574,1,HIGHDIVERSITY_CRAFT,HsDHODH_HighDiv,6,5,103.7,2,7,5,1,0.4666666666666667,0.3333333333333333,0.06666666666666667,0.0,0.0,15,1,0,1,0,0,0,0,0
C[C@H](F)NC(=O)C#CC1=C(O)C(O)=CN=C1C[SH](=O)=O,1/000000528,"InChI=1S/C11H11FN2O5S/c1-6(12)14-10(16)3-2-7-8(5-20(18)19)13-4-9(15)11(7)17/h4,6,15,20H,5H2,1H3,(H,13,17)(H,14,16)/t6-/m1/s1",C11H11N2O5SF,302.037270672,-0.6126000000000003,4.0,5.97,23.6,-170.0,4.6958351217534675,1,HIGHDIVERSITY_CRAFT,HsDHODH_HighDiv,6,4,116.59,3,11,5,2,0.55,0.25,0.1,0.2727272727272727,0.09090909090909091,20,1,0,1,1,0,1,0,0
CCCNC(=O)C#CC1=C(O)C(O)=CN=C1,1/000000381,"InChI=1S/C11H12N2O3/c1-2-5-13-10(15)4-3-8-6-12-7-9(14)11(8)16/h6-7,14H,2,5H2,1H3,(H,12,16)(H,13,15)",C11H12N2O3,220.084792244,0.37049999999999994,4.0,3.31,15.4,-20.0,3.1187243494742063,1,HIGHDIVERSITY_CRAFT,HsDHODH_HighDiv,4,3,82.45,2,11,3,2,0.6875,0.1875,0.125,0.2727272727272727,0.0,16,1,0,1,1,0,1,0,0
COCC(=O)C1=CC(O)=C(O)C(S)=C1,3/000000081,"InChI=1S/C9H10O4S/c1-13-4-7(11)5-2-6(10)9(12)8(14)3-5/h2-3,10,12,14H,4H2,1H3",C9H10O4S,214.0299798,1.2155999999999998,4.0,0.33,2.22,-20.0,2.788177467189019,1,HIGHDIVERSITY_CRAFT,HsDHODH_HighDiv,5,3,66.76,3,9,4,0,0.6428571428571429,0.2857142857142857,0.0,0.2222222222222222,0.0,14,1,0,1,0,0,0,0,0
NCC1=C(C(N)=O)SC2=CC=C([S@+]([O-])C3=CC(O)=C(I)C=C3O)C=C12,12/000000275,"InChI=1S/C16H13IN2O4S2/c17-10-4-12(21)14(5-11(10)20)25(23)7-1-2-13-8(3-7)9(6-18)15(24-13)16(19)22/h1-5,20-21H,6,18H2,(H2,19,22)/t25-/m0/s1",C16H13N2O4S2I,487.93614689599997,2.641400000000001,5.68,6.63,24.6,-40.0,3.7832063432950953,1,HIGHDIVERSITY_LANAPDB,HsDHODH_HighDiv,6,4,132.63,4,16,4,2,0.64,0.16,0.08,0.0625,0.0,25,3,0,3,1,0,1,0,0
C=CC1=C(C(N)=O)SC2=CC=C([S@+]([O-])C3=CC(O)=C(I)C=C3O)C=C12,12/000000150,"InChI=1S/C17H12INO4S2/c1-2-9-10-5-8(3-4-14(10)24-16(9)17(19)22)25(23)15-7-12(20)11(18)6-13(15)21/h2-7,20-21H,1H2,(H2,19,22)/t25-/m0/s1",C17H12NO4S2I,484.92524786399997,3.825700000000001,5.68,6.18,24.8,-40.0,3.8807178817566346,1,HIGHDIVERSITY_LANAPDB,HsDHODH_HighDiv,5,3,106.61000000000001,4,17,4,1,0.68,0.16,0.04,0.0,0.0,25,3,0,3,1,0,1,0,0
NC(=O)C1=C(CO)C2=CC([S@+]([O-])C3=CC(O)=C(I)C=C3O)=CC=C2S1,12/000000297,"InChI=1S/C16H12INO5S2/c17-10-4-12(21)14(5-11(10)20)25(23)7-1-2-13-8(3-7)9(6-19)15(24-13)16(18)22/h1-5,19-21H,6H2,(H2,18,22)/t25-/m0/s1",C16H12NO5S2I,488.920162484,2.675,5.5,6.07,24.4,-40.0,3.7643389224806167,1,HIGHDIVERSITY_LANAPDB,HsDHODH_HighDiv,6,4,126.84000000000002,4,16,5,1,0.64,0.2,0.04,0.0625,0.0,25,3,0,3,1,0,1,0,0
COC1=C(I)C=C(O)C([S@@+]([O-])C2=CC=C3SC(C(N)=O)=CC3=C2)=C1,12/000000213,"InChI=1S/C16H12INO4S2/c1-22-12-7-15(11(19)6-10(12)17)24(21)9-2-3-13-8(4-9)5-14(23-13)16(18)20/h2-7,19H,1H3,(H2,18,20)/t24-/m0/s1",C16H12NO4S2I,472.92524786399997,3.4857000000000014,5.48,7.39,23.2,-60.0,3.4831897210632228,1,HIGHDIVERSITY_LANAPDB,HsDHODH_HighDiv,5,2,95.60999999999999,4,16,4,1,0.6666666666666666,0.16666666666666666,0.041666666666666664,0.0625,0.0,24,3,0,3,1,0,1,0,0
NCC1=C(C(N)=O)SC2=CC=C([S@+]([O-])C3=CC(O)=C(I)C=C3O)C=C12,12/000000208,"InChI=1S/C16H13IN2O4S2/c17-10-4-12(21)14(5-11(10)20)25(23)7-1-2-13-8(3-7)9(6-18)15(24-13)16(19)22/h1-5,20-21H,6,18H2,(H2,19,22)/p+1/t25-/m0/s1",C16H14N2O4S2I,487.93614689599997,2.641400000000001,5.46,6.53,24.6,-40.0,4.16878507632677,1,HIGHDIVERSITY_LANAPDB,HsDHODH_HighDiv,6,4,132.63,4,16,4,2,0.64,0.16,0.08,0.0625,0.0,25,3,0,3,1,0,1,0,0
N/C=C/CC1=CC2=CC([S@+]([O-])C3=CC(O)=C(I)C=C3O)=CC=C2OC1=O,12/000000100,"InChI=1S/C18H14INO5S/c19-13-8-15(22)17(9-14(13)21)26(24)12-3-4-16-11(7-12)6-10(2-1-5-20)18(23)25-16/h1,3-9,21-22H,2,20H2/b5-1+/t26-/m0/s1",C18H14NO5SI,482.9637415479999,2.990400000000001,5.4,4.0,24.1,-80.0,3.9389114065368656,1,HIGHDIVERSITY_LANAPDB,HsDHODH_HighDiv,6,3,119.75,4,18,5,1,0.6923076923076923,0.19230769230769232,0.038461538461538464,0.05555555555555555,0.0,26,3,0,3,1,0,1,0,0
CC1=C(C(N)=O)SC2=CC=C([S@+]([O-])C3=CC(O)=C(I)C=C3O)C=C12,12/000000072,"InChI=1S/C16H12INO4S2/c1-7-9-4-8(2-3-13(9)23-15(7)16(18)21)24(22)14-6-11(19)10(17)5-12(14)20/h2-6,19-20H,1H3,(H2,18,21)/t24-/m0/s1",C16H12NO4S2I,472.92524786399997,3.4911200000000004,5.4,5.52,23.2,-60.0,3.579204277276241,1,HIGHDIVERSITY_LANAPDB,HsDHODH_HighDiv,5,3,106.61000000000001,3,16,4,1,0.6666666666666666,0.16666666666666666,0.041666666666666664,0.0625,0.0,24,3,0,3,1,0,1,0,0
CCC1=CC2=CC([S@+]([O-])C3=CC(O)=C(I)C=C3O)=CC=C2OC1=O,12/000000253,"InChI=1S/C17H13IO5S/c1-2-9-5-10-6-11(3-4-15(10)23-17(9)21)24(22)16-8-13(19)12(18)7-14(16)20/h3-8,19-20H,2H2,1H3/t24-/m0/s1",C17H13O5SI,455.952842516,3.5379000000000014,5.38,4.4,21.1,-100.0,3.581247763021265,1,HIGHDIVERSITY_LANAPDB,HsDHODH_HighDiv,5,2,93.72999999999999,3,17,5,0,0.7083333333333334,0.20833333333333334,0.0,0.11764705882352941,0.0,24,3,0,3,1,0,1,0,0
C=CC1=CC2=CC([S@+]([O-])C3=CC(O)=C(I)C=C3O)=CC=C2OC1=O,12/000000186,"InChI=1S/C17H11IO5S/c1-2-9-5-10-6-11(3-4-15(10)23-17(9)21)24(22)16-8-13(19)12(18)7-14(16)20/h2-8,19-20H,1H2/t24-/m0/s1",C17H11O5SI,453.937192452,3.618500000000001,5.34,4.03,22.1,-80.0,3.744023986797489,1,HIGHDIVERSITY_LANAPDB,HsDHODH_HighDiv,5,2,93.72999999999999,3,17,5,0,0.7083333333333334,0.20833333333333334,0.0,0.0,0.0,24,3,0,3,1,0,1,0,0
CCC1=C(C(N)=O)SC2=CC=C([S@+]([O-])C3=CC(O)=C(I)C=C3O)C=C12,12/000000068,"InChI=1S/C17H14INO4S2/c1-2-9-10-5-8(3-4-14(10)24-16(9)17(19)22)25(23)15-7-12(20)11(18)6-13(15)21/h3-7,20-21H,2H2,1H3,(H2,19,22)/t25-/m0/s1",C17H14NO4S2I,486.94089792799997,3.7451000000000016,5.29,6.94,23.8,-60.0,3.697673764109576,1,HIGHDIVERSITY_LANAPDB,HsDHODH_HighDiv,5,3,106.61000000000001,4,17,4,1,0.68,0.16,0.04,0.11764705882352941,0.0,25,3,0,3,1,0,1,0,0
CC(=O)CC1=CC2=CC([S@+]([O-])C3=CC(O)=C(I)C=C3O)=CC=C2OC1=O,12/000000124,"InChI=1S/C18H13IO6S/c1-9(20)4-11-5-10-6-12(2-3-16(10)25-18(11)23)26(24)17-8-14(21)13(19)7-15(17)22/h2-3,5-8,21-22H,4H2,1H3/t26-/m0/s1",C18H13O6SI,483.94775713599995,3.107000000000002,5.29,6.65,23.9,-100.0,3.623975247273594,1,HIGHDIVERSITY_LANAPDB,HsDHODH_HighDiv,6,2,110.80000000000001,4,18,6,0,0.6923076923076923,0.23076923076923078,0.0,0.1111111111111111,0.0,26,3,0,3,1,0,1,0,0
C=CCC1=CC=C(C2=C(S)C(CO)=CC=C2C(=O)O)C=C1,10/000000017,"InChI=1S/C17H16O3S/c1-2-3-11-4-6-12(7-5-11)15-14(17(19)20)9-8-13(10-18)16(15)21/h2,4-9,18,21H,1,3,10H2,(H,19,20)",C17H16O3S,300.082015372,3.561300000000003,5.22,5.14,16.3,-160.0,2.5607688193711606,1,HIGHDIVERSITY_LANAPDB,HsDHODH_HighDiv,3,3,57.53,5,17,3,0,0.8095238095238095,0.14285714285714285,0.0,0.11764705882352941,0.0,21,2,0,2,0,0,0,0,0
NCCCOC1=C(Cl)C(CCC2=CC(F)=C(O)C([N+](=O)[O-])=C2)=CC(N=O)=C1,11/000000048,"InChI=1S/C17H17ClFN3O5/c18-16-11(8-12(21-24)9-15(16)27-5-1-4-20)3-2-10-6-13(19)17(23)14(7-10)22(25)26/h6-9,23H,1-5,20H2",C17H17N3O5FCl,397.08407654399997,4.003600000000002,5.21,4.6,6.45,-40.0,3.02285278096484,1,HIGHDIVERSITY_LANAPDB,HsDHODH_HighDiv,7,2,128.05,9,17,5,3,0.6296296296296297,0.18518518518518517,0.1111111111111111,0.29411764705882354,0.0,27,2,0,2,0,0,0,0,0
CC1=CC2=CC([S@+]([O-])C3=CC(O)=C(I)C=C3O)=CC=C2OC1=O,12/000000231,"InChI=1S/C16H11IO5S/c1-8-4-9-5-10(2-3-14(9)22-16(8)20)23(21)15-7-12(18)11(17)6-13(15)19/h2-7,18-19H,1H3/t23-/m0/s1",C16H11O5SI,441.937192452,3.283920000000001,5.2,4.3,20.5,-100.0,3.5717175691679177,1,HIGHDIVERSITY_LANAPDB,HsDHODH_HighDiv,5,2,93.72999999999999,2,16,5,0,0.6956521739130435,0.21739130434782608,0.0,0.0625,0.0,23,3,0,3,1,0,1,0,0
O=C1OC2=CC=C([S@+]([O-])C3=CC(O)=C(I)C=C3O)C=C2C=C1CF,12/000000218,"InChI=1S/C16H10FIO5S/c17-7-9-3-8-4-10(1-2-14(8)23-16(9)21)24(22)15-6-12(19)11(18)5-13(15)20/h1-6,19-20H,7H2/t24-/m0/s1",C16H10O5SFI,459.92777063999995,3.445000000000001,5.19,4.32,23.2,-80.0,3.723307203580704,1,HIGHDIVERSITY_LANAPDB,HsDHODH_HighDiv,5,2,93.73,3,16,5,0,0.6666666666666666,0.20833333333333334,0.0,0.0625,0.0,24,3,0,3,1,0,1,0,0
O=C(O)C1=CC=CC(C2=C(S)C=CC([N+](=O)[O-])=C2)=C1,10/000000041,"InChI=1S/C13H9NO4S/c15-13(16)9-3-1-2-8(6-9)11-7-10(14(17)18)4-5-12(11)19/h1-7,19H,(H,15,16)",C13H9NO4S,275.02522876800003,3.2487000000000013,5.19,6.85,3.72,-160.0,2.1793190618677123,1,HIGHDIVERSITY_LANAPDB,HsDHODH_HighDiv,4,2,80.44,3,13,4,1,0.6842105263157895,0.21052631578947367,0.05263157894736842,0.0,0.0,19,2,0,2,0,0,0,0,0
NC1=NC2=CC=C([S@+]([O-])C3=CC(O)=C(I)C=C3O)C=C2C=C1,12/000000065,"InChI=1S/C15H11IN2O3S/c16-10-6-13(20)14(7-12(10)19)22(21)9-2-3-11-8(5-9)1-4-15(17)18-11/h1-7,19-20H,(H2,17,18)/t22-/m0/s1",C15H11N2O3SI,425.95351121199997,2.9995000000000003,5.15,3.81,17.3,-80.0,3.48092630200271,1,HIGHDIVERSITY_LANAPDB,HsDHODH_HighDiv,5,3,102.43,2,15,3,2,0.6818181818181818,0.13636363636363635,0.09090909090909091,0.0,0.0,22,3,0,3,1,0,1,0,0
C/C(=C\CC1=CNC=C1C(=O)C1=NN(C(=O)O)C=C1Br)CO,3/000000044,"InChI=1S/C14H14BrN3O4/c1-8(7-19)2-3-9-4-16-5-10(9)13(20)12-11(15)6-18(17-12)14(21)22/h2,4-6,16,19H,3,7H2,1H3,(H,21,22)/b8-2+",C14H13N3O4Br,367.016768028,2.2119000000000004,5.13,9.34,5.09,-20.0,3.59952951103291,1,HIGHDIVERSITY_LANAPDB,HsDHODH_HighDiv,5,3,108.21000000000001,5,14,4,3,0.6363636363636364,0.18181818181818182,0.13636363636363635,0.21428571428571427,0.0,22,2,0,2,2,0,2,0,0
CCCC1=CC2=CC([S@+]([O-])C3=CC(O)=C(I)C=C3O)=CC=C2OC1=O,12/000000078,"InChI=1S/C18H15IO5S/c1-2-3-10-6-11-7-12(4-5-16(11)24-18(10)22)25(23)17-9-14(20)13(19)8-15(17)21/h4-9,20-21H,2-3H2,1H3/t25-/m0/s1",C18H15O5SI,469.96849258,3.9280000000000017,5.12,6.02,21.7,-100.0,3.5549529693033595,1,HIGHDIVERSITY_LANAPDB,HsDHODH_HighDiv,5,2,93.72999999999999,4,18,5,0,0.72,0.2,0.0,0.16666666666666666,0.0,25,3,0,3,1,0,1,0,0
O=C1OC2=CC=C([S@+]([O-])C3=CC(O)=C(I)C=C3O)C=C2C=C1CO,12/000000176,"InChI=1S/C16H11IO6S/c17-11-5-13(20)15(6-12(11)19)24(22)10-1-2-14-8(4-10)3-9(7-18)16(21)23-14/h1-6,18-20H,7H2/t24-/m0/s1",C16H11O6SI,457.93210707199995,2.467800000000001,5.11,4.36,21.7,-80.0,3.631116993790495,1,HIGHDIVERSITY_LANAPDB,HsDHODH_HighDiv,6,3,113.96000000000001,3,16,6,0,0.6666666666666666,0.25,0.0,0.0625,0.0,24,3,0,3,1,0,1,0,0
C=CC1=C([N+](=O)[O-])OC=C1C1=C(O)C(O)=CC(F)=C1,12/000000032,"InChI=1S/C12H8FNO5/c1-2-7-9(5-19-12(7)14(17)18)8-3-6(13)4-10(15)11(8)16/h2-5,15-16H,1H2",C12H8NO5F,265.038650576,3.0481000000000007,5.11,4.84,2.22,-120.0,3.254842608682888,1,HIGHDIVERSITY_LANAPDB,HsDHODH_HighDiv,5,2,96.74000000000001,3,12,5,1,0.631578947368421,0.2631578947368421,0.05263157894736842,0.0,0.0,19,2,0,2,1,0,1,0,0
N=C1SC(C2=C(C(N)=O)C(CO)=CC=C2S)=CN1CCl,10/000000082,"InChI=1S/C12H12ClN3O2S2/c13-5-16-3-8(20-12(16)15)10-7(19)2-1-6(4-17)9(10)11(14)18/h1-3,15,17,19H,4-5H2,(H2,14,18)/b15-12+",C12H12N3O2S2Cl,329.005946304,1.77227,5.11,9.81,3.58,-120.0,3.6663952825709254,1,HIGHDIVERSITY_LANAPDB,HsDHODH_HighDiv,6,4,92.1,4,12,2,3,0.6,0.1,0.15,0.16666666666666666,0.0,20,2,0,2,1,0,1,0,0
C=C1CC2=CC([S@+]([O-])C3=CC(O)=C(I)C=C3O)=CC=C2N1,12/000000055,"InChI=1S/C15H12INO3S/c1-8-4-9-5-10(2-3-12(9)17-8)21(20)15-7-13(18)11(16)6-14(15)19/h2-3,5-7,17-19H,1,4H2/t21-/m0/s1",C15H12NO3SI,412.958262244,3.3508000000000013,5.1,3.88,17.9,-40.0,3.9332411210597504,1,HIGHDIVERSITY_LANAPDB,HsDHODH_HighDiv,4,3,75.55,2,15,3,1,0.7142857142857143,0.14285714285714285,0.047619047619047616,0.06666666666666667,0.0,21,3,1,2,1,1,0,0,0
O=C1C=CC2=CC([S@+]([O-])C3=CC(O)=C(I)C=C3O)=CC(O)=C2O1,12/000000222,"InChI=1S/C15H9IO6S/c16-9-5-11(18)13(6-10(9)17)23(21)8-3-7-1-2-14(20)22-15(7)12(19)4-8/h1-6,17-19H/t23-/m0/s1",C15H9O6SI,443.91645700799995,2.6811000000000003,5.1,4.8,21.1,-80.0,3.715262624112972,1,HIGHDIVERSITY_LANAPDB,HsDHODH_HighDiv,6,3,113.96000000000001,2,15,6,0,0.6521739130434783,0.2608695652173913,0.0,0.0,0.0,23,3,0,3,1,0,1,0,0
O=C(O)C1=CC=C(CO)C(S)=C1C1=CC=C(CC2=NC=CN=C2)C=C1,10/000000014,"InChI=1S/C19H16N2O3S/c22-11-14-5-6-16(19(23)24)17(18(14)25)13-3-1-12(2-4-13)9-15-10-20-7-8-21-15/h1-8,10,22,25H,9,11H2,(H,23,24)",C19H16N2O3S,352.08816337200005,3.2136000000000013,5.09,7.03,18.1,-160.0,2.597727725884118,1,HIGHDIVERSITY_LANAPDB,HsDHODH_HighDiv,5,3,83.31,5,19,3,2,0.76,0.12,0.08,0.10526315789473684,0.0,25,3,0,3,1,0,1,0,0
[O-][S@@+](C1=CC=C(O)C(C2=NC=CC=C2)=C1)C1=CC(O)=C(I)C=C1O,12/000000144,"InChI=1S/C17H12INO4S/c18-12-8-16(22)17(9-15(12)21)24(23)10-4-5-14(20)11(7-10)13-3-1-2-6-19-13/h1-9,20-22H/t24-/m0/s1",C17H12NO4SI,452.95317686399994,3.6367000000000007,5.07,5.03,17.9,-160.0,3.419120260672867,1,HIGHDIVERSITY_LANAPDB,HsDHODH_HighDiv,5,3,96.64,3,17,4,1,0.7083333333333334,0.16666666666666666,0.041666666666666664,0.0,0.0,24,3,0,3,1,0,1,0,0
C=C(C)CC1=CC2=CC([S@+]([O-])C3=CC(O)=C(I)C=C3O)=CC=C2OC1=O,12/000000191,"InChI=1S/C19H15IO5S/c1-10(2)5-12-6-11-7-13(3-4-17(11)25-19(12)23)26(24)18-9-15(21)14(20)8-16(18)22/h3-4,6-9,21-22H,1,5H2,2H3/t26-/m0/s1",C19H15O5SI,481.96849258,4.094100000000002,5.07,6.94,23.3,-100.0,3.720202116179336,1,HIGHDIVERSITY_LANAPDB,HsDHODH_HighDiv,5,2,93.72999999999999,4,19,5,0,0.7307692307692307,0.19230769230769232,0.0,0.10526315789473684,0.0,26,3,0,3,1,0,1,0,0
O=C(CCC1=CN=CC=C1)NCC1=CC(C2=CC=C(O)C([N+](=O)[O-])=C2)=CN1,25/000000022,"InChI=1S/C19H18N4O4/c24-18-5-4-14(9-17(18)23(26)27)15-8-16(21-11-15)12-22-19(25)6-3-13-2-1-7-20-10-13/h1-2,4-5,7-11,21,24H,3,6,12H2,(H,22,25)",C19H18N4O4,366.132805056,2.9395000000000007,5.07,3.1,4.94,-160.0,2.54197751028957,1,HIGHDIVERSITY_LANAPDB,HsDHODH_HighDiv,5,3,121.15,7,19,4,4,0.7037037037037037,0.14814814814814814,0.14814814814814814,0.15789473684210525,0.0,27,3,0,3,2,0,2,0,0
C=CC[C@H]1NCC2=CC=C([S@+]([O-])C3=CC(O)=C(I)C=C3O)C=C21,12/000000316,"InChI=1S/C17H16INO3S/c1-2-3-14-12-6-11(5-4-10(12)9-19-14)23(22)17-8-15(20)13(18)7-16(17)21/h2,4-8,14,19-21H,1,3,9H2/t14-,23+/m1/s1",C17H16NO3SI,440.98956237199997,3.589500000000002,5.07,3.91,19.1,-190.0,4.231163673739519,1,HIGHDIVERSITY_LANAPDB,HsDHODH_HighDiv,4,3,75.55,4,17,3,1,0.7391304347826086,0.13043478260869565,0.043478260869565216,0.17647058823529413,0.058823529411764705,23,3,1,2,1,1,0,0,0
O=C(O)C1=CC(C2=CC([N+](=O)[O-])=CC=C2S)=CC=C1[N+](=O)[O-],10/000000091,"InChI=1S/C13H8N2O6S/c16-13(17)10-5-7(1-3-11(10)15(20)21)9-6-8(14(18)19)2-4-12(9)22/h1-6,22H,(H,16,17)",C13H8N2O6S,320.010306976,3.156900000000001,5.06,7.89,3.72,-186.0,2.4351374380211777,1,HIGHDIVERSITY_LANAPDB,HsDHODH_HighDiv,6,2,123.58000000000001,4,13,6,2,0.5909090909090909,0.2727272727272727,0.09090909090909091,0.0,0.0,22,2,0,2,0,0,0,0,0
O=C1OCC2=CC([S@+]([O-])C3=CC(O)=C(I)C=C3O)=CC=C12,12/000000058,"InChI=1S/C14H9IO5S/c15-10-4-12(17)13(5-11(10)16)21(19)8-1-2-9-7(3-8)6-20-14(9)18/h1-5,16-17H,6H2/t21-/m0/s1",C14H9O5SI,415.921542388,2.5395000000000003,5.0,3.88,18.3,-40.0,3.6317100865769927,1,HIGHDIVERSITY_LANAPDB,HsDHODH_HighDiv,5,2,89.82000000000001,2,14,5,0,0.6666666666666666,0.23809523809523808,0.0,0.07142857142857142,0.0,21,3,1,2,1,1,0,0,0
O=C1OC2=CC=C([S@+]([O-])C3=CC(O)=C(I)C=C3O)C=C2C=C1CCl,12/000000335,"InChI=1S/C16H10ClIO5S/c17-7-9-3-8-4-10(1-2-14(8)23-16(9)21)24(22)15-6-12(19)11(18)5-13(15)20/h1-6,19-20H,7H2/t24-/m0/s1",C16H10O5SClI,475.89822009999995,3.7143000000000015,5.0,5.02,22.2,-80.0,3.6749148958883975,1,HIGHDIVERSITY_LANAPDB,HsDHODH_HighDiv,5,2,93.73,3,16,5,0,0.6666666666666666,0.20833333333333334,0.0,0.0625,0.0,24,3,0,3,1,0,1,0,0
O=C(O)C1=CC=CC(C2=C(S)C=CC([N+](=O)[O-])=C2)=C1F,10/000000077,"InChI=1S/C13H8FNO4S/c14-12-8(2-1-3-9(12)13(16)17)10-6-7(15(18)19)4-5-11(10)20/h1-6,20H,(H,16,17)",C13H8NO4SF,293.015806956,3.3878000000000004,4.99,7.34,3.72,-160.0,2.4273850261606675,1,HIGHDIVERSITY_LANAPDB,HsDHODH_HighDiv,4,2,80.44,3,13,4,1,0.65,0.2,0.05,0.0,0.0,20,2,0,2,0,0,0,0,0
NC(=O)C1=CC2=C(O)C([S@+]([O-])C3=CC(O)=C(I)C=C3O)=CC=C2S1,12/000000201,"InChI=1S/C15H10INO5S2/c16-7-4-9(19)13(5-8(7)18)24(22)12-2-1-10-6(14(12)20)3-11(23-10)15(17)21/h1-5,18-20H,(H2,17,21)/t24-/m0/s1",C15H10NO5S2I,474.90451242,2.888299999999999,4.99,5.42,23.8,-40.0,3.790264395619437,1,HIGHDIVERSITY_LANAPDB,HsDHODH_HighDiv,6,4,126.84000000000002,3,15,5,1,0.625,0.20833333333333334,0.041666666666666664,0.0,0.0,24,3,0,3,1,0,1,0,0
O=NC1=CC(OCCS)=C(Cl)C(CCC2=CC(F)=C(O)C([N+](=O)[O-])=C2)=C1,11/000000038,"InChI=1S/C16H14ClFN2O5S/c17-15-10(7-11(19-22)8-14(15)25-3-4-26)2-1-9-5-12(18)16(21)13(6-9)20(23)24/h5-8,21,26H,1-4H2",C16H14N2O5SFCl,400.02959844799994,4.584600000000004,4.99,4.35,5.09,-20.0,3.194580085346651,1,HIGHDIVERSITY_LANAPDB,HsDHODH_HighDiv,7,2,102.03,8,16,5,2,0.6153846153846154,0.19230769230769232,0.07692307692307693,0.25,0.0,26,2,0,2,0,0,0,0,0
O=C(O)C1=CC=C(CO)C(S)=C1C1=CC=C(CC2=NC=CN=C2)C=C1F,10/000000036,"InChI=1S/C19H15FN2O3S/c20-16-8-11(7-13-9-21-5-6-22-13)1-3-14(16)17-15(19(24)25)4-2-12(10-23)18(17)26/h1-6,8-9,23,26H,7,10H2,(H,24,25)",C19H15N2O3SF,370.0787415600001,3.3527000000000013,4.97,5.49,20.8,-160.0,2.749815790833523,1,HIGHDIVERSITY_LANAPDB,HsDHODH_HighDiv,5,3,83.31,5,19,3,2,0.7307692307692307,0.11538461538461539,0.07692307692307693,0.10526315789473684,0.0,26,3,0,3,1,0,1,0,0
[O-][S@@+](C1=CC=CC(C2=NN=CO2)=C1)C1=CC(O)=C(I)C=C1O,12/000000195,"InChI=1S/C14H9IN2O4S/c15-10-5-12(19)13(6-11(10)18)22(20)9-3-1-2-8(4-9)14-17-16-7-21-14/h1-7,18-19H/t22-/m0/s1",C14H9N2O4SI,427.932775768,2.9191000000000007,4.96,3.93,22.1,-120.0,3.6210142692971816,1,HIGHDIVERSITY_LANAPDB,HsDHODH_HighDiv,6,2,102.44000000000001,3,14,4,2,0.6363636363636364,0.18181818181818182,0.09090909090909091,0.0,0.0,22,3,0,3,1,0,1,0,0
NC(=O)C1=CC2=CC([S@+]([O-])C3=CC(O)=C(I)C=C3O)=CC=C2OC1=O,12/000000151,"InChI=1S/C16H10INO6S/c17-10-5-12(20)14(6-11(10)19)25(23)8-1-2-13-7(3-8)4-9(15(18)21)16(22)24-13/h1-6,19-20H,(H2,18,21)/t25-/m0/s1",C16H10NO6SI,470.92735603999995,2.0744,4.95,4.21,24.1,-80.0,3.5193047595846885,1,HIGHDIVERSITY_LANAPDB,HsDHODH_HighDiv,6,3,136.82000000000002,3,16,6,1,0.64,0.24,0.04,0.0,0.0,25,3,0,3,1,0,1,0,0
O=C1CSC2=CC([S@+]([O-])C3=CC(O)=C(I)C=C3O)=CC(O)=C2N1,12/000000187,"InChI=1S/C14H10INO5S2/c15-7-3-9(18)12(4-8(7)17)23(21)6-1-10(19)14-11(2-6)22-5-13(20)16-14/h1-4,17-19H,5H2,(H,16,20)/t23-/m0/s1",C14H10NO5S2I,462.90451241999995,2.6189000000000004,4.93,5.1,22.2,-80.0,4.0442472394975875,1,HIGHDIVERSITY_LANAPDB,HsDHODH_HighDiv,6,4,112.85000000000001,2,14,5,1,0.6086956521739131,0.21739130434782608,0.043478260869565216,0.07142857142857142,0.0,23,3,1,2,1,1,0,0,0
O=[N+]([O-])C1=C(CNO)N(C[C@H](O)C2=CC=C3SN=CC3=C2)C=N1,7/000000004,"InChI=1S/C13H13N5O4S/c19-11(8-1-2-12-9(3-8)4-16-23-12)6-17-7-14-13(18(21)22)10(17)5-15-20/h1-4,7,11,15,19-20H,5-6H2/t11-/m0/s1",C13H13N5O4S,335.0688248960001,1.6134,4.92,8.27,5.08,-190.0,3.8321178734789902,1,HIGHDIVERSITY_LANAPDB,HsDHODH_HighDiv,9,3,126.34000000000002,6,13,4,5,0.5652173913043478,0.17391304347826086,0.21739130434782608,0.23076923076923078,0.07692307692307693,23,3,0,3,2,0,2,0,0
C=C[C@@H](OC(=O)/C=C\C1=NC2=C(C=CC=C2)N1)C(=O)O,5/000000002,"InChI=1S/C14H12N2O4/c1-2-11(14(18)19)20-13(17)8-7-12-15-9-5-3-4-6-10(9)16-12/h2-8,11H,1H2,(H,15,16)(H,18,19)/b8-7-/t11-/m1/s1",C14H12N2O4,272.079706864,1.7585,4.9,6.6,5.09,-190.0,3.273422163014093,1,HIGHDIVERSITY_LANAPDB,HsDHODH_HighDiv,4,2,92.28,5,14,4,2,0.7,0.2,0.1,0.07142857142857142,0.07142857142857142,20,2,0,2,1,0,1,0,0
O=C(O)C1=CC=CC(C2=C(S)C=CC([N+](=O)[O-])=C2CCl)=C1,10/000000084,"InChI=1S/C14H10ClNO4S/c15-7-10-11(16(19)20)4-5-12(21)13(10)8-2-1-3-9(6-8)14(17)18/h1-6,21H,7H2,(H,17,18)",C14H10NO4SCl,323.00190648,3.9875000000000016,4.9,8.51,3.58,-171.0,2.5719642682054484,1,HIGHDIVERSITY_LANAPDB,HsDHODH_HighDiv,4,2,80.44,4,14,4,1,0.6666666666666666,0.19047619047619047,0.047619047619047616,0.07142857142857142,0.0,21,2,0,2,0,0,0,0,0
NCCOC1=C(Cl)C(C[C@@H](S)C2=CC(F)=C(O)C([N+](=O)[O-])=C2)=CC=C1,11/000000058,"InChI=1S/C16H16ClFN2O4S/c17-15-9(2-1-3-13(15)24-5-4-19)8-14(25)10-6-11(18)16(21)12(7-10)20(22)23/h1-3,6-7,14,21,25H,4-5,8,19H2/t14-/m1/s1",C16H16N2O4SFCl,386.05033389199997,3.644000000000002,4.89,4.15,4.94,-170.0,3.409895709810934,1,HIGHDIVERSITY_LANAPDB,HsDHODH_HighDiv,6,3,98.62,7,16,4,2,0.64,0.16,0.08,0.25,0.0625,25,2,0,2,0,0,0,0,0
COC1=CC=C(S)C(C[C@@H](S)C2=CC(F)=C(O)C([N+](=O)[O-])=C2)=C1Cl,11/000000049,"InChI=1S/C15H13ClFNO4S2/c1-22-11-2-3-12(23)8(14(11)16)6-13(24)7-4-9(17)15(19)10(5-7)18(20)21/h2-5,13,19,23-24H,6H2,1H3/t13-/m1/s1",C15H13NO4S2FCl,388.995855796,4.603800000000004,4.89,5.27,4.94,-170.0,3.647199576832453,1,HIGHDIVERSITY_LANAPDB,HsDHODH_HighDiv,6,3,72.6,5,15,4,1,0.625,0.16666666666666666,0.041666666666666664,0.2,0.06666666666666667,24,2,0,2,0,0,0,0,0
[O-][S@@+](C1=CC=C2C(=C1)CCN2CCl)C1=CC(O)=C(I)C=C1O,12/000000301,"InChI=1S/C15H13ClINO3S/c16-8-18-4-3-9-5-10(1-2-12(9)18)22(21)15-7-13(19)11(17)6-14(15)20/h1-2,5-7,19-20H,3-4,8H2/t22-/m0/s1",C15H13NO3SClI,448.934939956,3.4279000000000015,4.88,4.45,18.6,-40.0,3.756342191031715,1,HIGHDIVERSITY_LANAPDB,HsDHODH_HighDiv,4,2,66.76,3,15,3,1,0.6818181818181818,0.13636363636363635,0.045454545454545456,0.2,0.0,22,3,1,2,1,1,0,0,0
O=NC1=CC=C(S)C(C(=O)NC2=CC=C(Br)C=C2)=C1,10/000000094,"InChI=1S/C13H9BrN2O2S/c14-8-1-3-9(4-2-8)15-13(17)11-7-10(16-18)5-6-12(11)19/h1-7,19H,(H,15,17)",C13H9N2O2SBr,335.956810628,4.388000000000001,4.88,6.25,3.58,0.0,2.4442895821311943,1,HIGHDIVERSITY_LANAPDB,HsDHODH_HighDiv,4,2,58.53,3,13,2,2,0.6842105263157895,0.10526315789473684,0.10526315789473684,0.0,0.0,19,2,0,2,0,0,0,0,0
CC(=O)C1=CCC=C(C[C@H](O)C#CC2=C(N)C=C(CO)C(O)=C2)O1,8/000000043,"InChI=1S/C18H19NO5/c1-11(21)18-4-2-3-15(24-18)9-14(22)6-5-12-8-17(23)13(10-20)7-16(12)19/h3-4,7-8,14,20,22-23H,2,9-10,19H2,1H3/t14-/m1/s1",C18H19NO5,329.126322708,1.3462999999999998,4.88,3.7,3.7,-170.0,4.1901009098744115,1,HIGHDIVERSITY_LANAPDB,HsDHODH_HighDiv,6,4,113.01,4,18,5,1,0.75,0.20833333333333334,0.041666666666666664,0.2777777777777778,0.05555555555555555,24,2,1,1,1,1,0,0,0
NCC1=CC=C(N=O)C(Cl)=C1CCC1=CC(F)=C(O)C([N+](=O)[O-])=C1,11/000000028,"InChI=1S/C15H13ClFN3O4/c16-14-10(9(7-18)2-4-12(14)19-22)3-1-8-5-11(17)15(21)13(6-8)20(23)24/h2,4-6,21H,1,3,7,18H2",C15H13N3O4FCl,353.057861796,3.734700000000002,4.87,5.17,3.7,0.0,3.0715116205580646,1,HIGHDIVERSITY_LANAPDB,HsDHODH_HighDiv,6,2,118.82,6,15,4,3,0.625,0.16666666666666666,0.125,0.2,0.0,24,2,0,2,0,0,0,0,0
O=C(OP(=O)(O)O)C1=NC=C(C2=CC=CC=C2)C=C1,23/000000002,"InChI=1S/C12H10NO5P/c14-12(18-19(15,16)17)11-7-6-10(8-13-11)9-4-2-1-3-5-9/h1-8H,(H2,15,16,17)",C12H10NO5P,279.02965905,1.9980999999999995,4.87,6.51,16.0,-160.0,2.244317158328581,1,HIGHDIVERSITY_LANAPDB,HsDHODH_HighDiv,4,2,96.72000000000001,3,12,5,1,0.631578947368421,0.2631578947368421,0.05263157894736842,0.0,0.0,19,2,0,2,1,0,1,0,0
O=[N+]([O-])C1=CC(CCC2=C(Cl)C(OCCO)=CC=C2O)=CC(F)=C1O,11/000000041,"InChI=1S/C16H15ClFNO6/c17-15-10(13(21)3-4-14(15)25-6-5-20)2-1-9-7-11(18)16(22)12(8-9)19(23)24/h3-4,7-8,20-22H,1-2,5-6H2",C16H15NO6FCl,371.0571931,2.954800000000001,4.85,2.51,6.45,0.0,2.677413000882524,1,HIGHDIVERSITY_LANAPDB,HsDHODH_HighDiv,6,3,113.06000000000002,7,16,6,1,0.64,0.24,0.04,0.25,0.0,25,2,0,2,0,0,0,0,0
C/C(=C\C(C(=O)O)=C(/CO)C1=CC=C(C(=O)O)C=C1)[N+](=O)[O-],16/000000032,"InChI=1S/C14H13NO7/c1-8(15(21)22)6-11(14(19)20)12(7-16)9-2-4-10(5-3-9)13(17)18/h2-6,16H,7H2,1H3,(H,17,18)(H,19,20)/b8-6+,12-11-",C14H13NO7,307.069201756,1.3958000000000002,4.85,7.45,4.94,-80.0,2.954893648963946,1,HIGHDIVERSITY_LANAPDB,HsDHODH_HighDiv,5,3,137.97,6,14,7,1,0.6363636363636364,0.3181818181818182,0.045454545454545456,0.14285714285714285,0.0,22,1,0,1,0,0,0,0,0
CCCCCCCC1=CNC=C1C(=O)C1=NN(C(=O)O)C=C1Br,3/000000025,"InChI=1S/C16H20BrN3O3/c1-2-3-4-5-6-7-11-8-18-9-12(11)15(21)14-13(17)10-20(19-14)16(22)23/h8-10,18H,2-7H2,1H3,(H,22,23)",C16H19N3O3Br,381.0688036,4.243700000000002,4.84,5.27,5.09,-40.0,3.134575109512296,1,HIGHDIVERSITY_LANAPDB,HsDHODH_HighDiv,4,2,87.98,8,16,3,3,0.6956521739130435,0.13043478260869565,0.13043478260869565,0.4375,0.0,23,2,0,2,2,0,2,0,0
COCC1=CC2=CC([S@+]([O-])C3=CC(O)=C(I)C=C3O)=CC=C2OC1=O,12/000000238,"InChI=1S/C17H13IO6S/c1-23-8-10-4-9-5-11(2-3-15(9)24-17(10)21)25(22)16-7-13(19)12(18)6-14(16)20/h2-7,19-20H,8H2,1H3/t25-/m0/s1",C17H13O6SI,471.94775713599995,3.121900000000002,4.84,6.1,22.3,-100.0,3.611041932514061,1,HIGHDIVERSITY_LANAPDB,HsDHODH_HighDiv,6,2,102.96000000000001,4,17,6,0,0.68,0.24,0.0,0.11764705882352941,0.0,25,3,0,3,1,0,1,0,0
C=C/C(C)=C/CC1=CC=C([S@+]([O-])C2=CC(O)=C(I)C=C2O)C=C1,12/000000289,"InChI=1S/C18H17IO3S/c1-3-12(2)4-5-13-6-8-14(9-7-13)23(22)18-11-16(20)15(19)10-17(18)21/h3-4,6-11,20-21H,1,5H2,2H3/b12-4+/t23-/m0/s1",C18H17O3SI,439.994313404,4.543900000000004,4.84,6.6,18.9,-20.0,3.7280186680690175,1,HIGHDIVERSITY_LANAPDB,HsDHODH_HighDiv,3,2,63.519999999999996,5,18,3,0,0.782608695652174,0.13043478260869565,0.0,0.1111111111111111,0.0,23,2,0,2,0,0,0,0,0
[O-][S@@+](C1=CC=C(Cl)C(O)=C1)C1=CC(O)=C(I)C=C1O,12/000000046,"InChI=1S/C12H8ClIO4S/c13-7-2-1-6(3-9(7)15)19(18)12-5-10(16)8(14)4-11(12)17/h1-5,15-17H/t19-/m0/s1",C12H8O4SClI,409.887655416,3.2281,4.83,4.52,16.2,0.0,3.5676850461180836,1,HIGHDIVERSITY_LANAPDB,HsDHODH_HighDiv,4,3,83.75,2,12,4,0,0.631578947368421,0.21052631578947367,0.0,0.0,0.0,19,2,0,2,0,0,0,0,0
CNCCC1=CC=C(C2=C(S)C(CO)=CC=C2C(=O)O)C=C1,10/000000012,"InChI=1S/C17H19NO3S/c1-18-9-8-11-2-4-12(5-3-11)15-14(17(20)21)7-6-13(10-19)16(15)22/h2-7,18-19,22H,8-10H2,1H3,(H,20,21)",C17H19NO3S,317.108564468,2.5947000000000005,4.8,5.66,16.7,-180.0,2.45136421468991,1,HIGHDIVERSITY_LANAPDB,HsDHODH_HighDiv,4,4,69.56,6,17,3,1,0.7727272727272727,0.13636363636363635,0.045454545454545456,0.23529411764705882,0.0,22,2,0,2,0,0,0,0,0
OC1=CC(I)=CC(/C=C/[C@H](O)C2=NN=C(S)O2)=C1,12/000000031,"InChI=1S/C11H9IN2O3S/c12-7-3-6(4-8(15)5-7)1-2-9(16)10-13-14-11(18)17-10/h1-5,9,15-16H,(H,14,18)/b2-1+/t9-/m0/s1",C11H9N2O3SI,375.9378611480001,2.4153000000000002,4.78,4.44,2.22,-150.0,4.00166957383435,1,HIGHDIVERSITY_LANAPDB,HsDHODH_HighDiv,6,3,79.38000000000001,3,11,3,2,0.6111111111111112,0.16666666666666666,0.1111111111111111,0.09090909090909091,0.09090909090909091,18,2,0,2,1,0,1,0,0
COC1=CC=C(O)C(C[C@@H](S)C2=CC(F)=C(O)C([N+](=O)[O-])=C2)=C1Cl,11/000000051,"InChI=1S/C15H13ClFNO5S/c1-23-12-3-2-11(19)8(14(12)16)6-13(24)7-4-9(17)15(20)10(5-7)18(21)22/h2-5,13,19-20,24H,6H2,1H3/t13-/m1/s1",C15H13NO5SFCl,373.018699416,4.020700000000002,4.77,4.61,4.94,-170.0,3.4414889999093763,1,HIGHDIVERSITY_LANAPDB,HsDHODH_HighDiv,6,3,92.83,5,15,5,1,0.625,0.20833333333333334,0.041666666666666664,0.2,0.06666666666666667,24,2,0,2,0,0,0,0,0
C#CCC[C@H]1CC2=C(C=CC([S@+]([O-])C3=C(O)C=C(I)C(O)=C3)=C2)N1,12/000000314,"InChI=1S/C18H16INO3S/c1-2-3-4-12-7-11-8-13(5-6-15(11)20-12)24(23)18-10-16(21)14(19)9-17(18)22/h1,5-6,8-10,12,20-22H,3-4,7H2/t12-,24-/m0/s1",C18H16NO3SI,452.989562372,3.6191000000000013,4.77,5.38,21.5,-190.0,4.262458789284981,1,HIGHDIVERSITY_LANAPDB,HsDHODH_HighDiv,4,3,75.55,4,18,3,1,0.75,0.125,0.041666666666666664,0.2222222222222222,0.05555555555555555,24,3,1,2,1,1,0,0,0
[O-][S@@+](C1=CC=C(O)C(N2C=NN=N2)=C1)C1=C(O)C=C(I)C(O)=C1,12/000000315,"InChI=1S/C13H9IN4O4S/c14-8-4-12(21)13(5-11(8)20)23(22)7-1-2-10(19)9(3-7)18-6-15-16-17-18/h1-6,19-21H/t23-/m0/s1",C13H9N4O4SI,443.938923768,1.5503999999999996,4.75,3.83,24.0,-120.0,3.749697411200884,1,HIGHDIVERSITY_LANAPDB,HsDHODH_HighDiv,8,3,127.35000000000001,3,13,4,4,0.5652173913043478,0.17391304347826086,0.17391304347826086,0.0,0.0,23,3,0,3,1,0,1,0,0
O=C(O)CNCCC1=CC=C(C2=C(S)C(CO)=CC=C2C(=O)O)C=C1,10/000000029,"InChI=1S/C18H19NO5S/c20-10-13-5-6-14(18(23)24)16(17(13)25)12-3-1-11(2-4-12)7-8-19-9-15(21)22/h1-6,19-20,25H,7-10H2,(H,21,22)(H,23,24)",C18H18NO5S,361.09839370799995,2.0494999999999997,4.75,5.69,20.7,-160.0,2.506739530491025,1,HIGHDIVERSITY_LANAPDB,HsDHODH_HighDiv,5,5,106.86,8,18,5,1,0.72,0.2,0.04,0.2222222222222222,0.0,25,2,0,2,0,0,0,0,0
[O-][S@@+](C1=CC(O)=C2NCCCNC2=C1)C1=CC(O)=C(I)C=C1O,12/000000184,"InChI=1S/C15H15IN2O4S/c16-9-6-12(20)14(7-11(9)19)23(22)8-4-10-15(13(21)5-8)18-3-1-2-17-10/h4-7,17-21H,1-3H2/t23-/m0/s1",C15H15N2O4SI,445.97972596,2.8022000000000005,4.74,4.9,19.5,-120.0,4.057069045816269,1,HIGHDIVERSITY_LANAPDB,HsDHODH_HighDiv,6,5,107.81,2,15,4,2,0.6521739130434783,0.17391304347826086,0.08695652173913043,0.2,0.0,23,3,1,2,1,1,0,0,0
NCC1=CC=C(Cl)C=C1OCC#C[C@@H](NO)C1=CCCCC1,8/000000053,"InChI=1S/C17H21ClN2O2/c18-15-9-8-14(12-19)17(11-15)22-10-4-7-16(20-21)13-5-2-1-3-6-13/h5,8-9,11,16,20-21H,1-3,6,10,12,19H2/t16-/m1/s1",C17H21N2O2Cl,320.129155592,3.0287000000000015,4.72,4.26,20.1,-150.0,3.634476977556666,1,HIGHDIVERSITY_LANAPDB,HsDHODH_HighDiv,4,3,67.51,5,17,2,2,0.7727272727272727,0.09090909090909091,0.09090909090909091,0.4117647058823529,0.058823529411764705,22,2,1,1,0,0,0,0,0
CCC(=O)OCCC1=CC=C(C2=C(S)C(CO)=CC=C2C(=O)O)C=C1,10/000000034,"InChI=1S/C19H20O5S/c1-2-16(21)24-10-9-12-3-5-13(6-4-12)17-15(19(22)23)8-7-14(11-20)18(17)25/h3-8,20,25H,2,9-11H2,1H3,(H,22,23)",C19H20O5S,360.10314473999995,3.328500000000002,4.72,6.2,19.9,-180.0,2.5118846809926954,1,HIGHDIVERSITY_LANAPDB,HsDHODH_HighDiv,5,3,83.83,7,19,5,0,0.76,0.2,0.0,0.2631578947368421,0.0,25,2,0,2,0,0,0,0,0
CN1C(=O)CSC2=CC([S@+]([O-])C3=CC(O)=C(I)C=C3O)=CC=C21,12/000000146,"InChI=1S/C15H12INO4S2/c1-17-10-3-2-8(4-13(10)22-7-15(17)20)23(21)14-6-11(18)9(16)5-12(14)19/h2-6,18-19H,7H2,1H3/t23-/m0/s1",C15H12NO4S2I,460.92524786399997,2.9376000000000007,4.71,5.14,21.6,-100.0,3.7530362504865984,1,HIGHDIVERSITY_LANAPDB,HsDHODH_HighDiv,5,2,83.83000000000001,2,15,4,1,0.6521739130434783,0.17391304347826086,0.043478260869565216,0.13333333333333333,0.0,23,3,1,2,1,1,0,0,0
CC1=CC(NC(=O)CF)=C(Cl)C=C1C/C=C\C[C@@H](N)O,11/000000023,"InChI=1S/C14H18ClFN2O2/c1-9-6-12(18-14(20)8-16)11(15)7-10(9)4-2-3-5-13(17)19/h2-3,6-7,13,19H,4-5,8,17H2,1H3,(H,18,20)/b3-2-/t13-/m0/s1",C14H18N2O2FCl,300.104083716,2.32232,4.7,6.3,3.58,-170.0,3.457688097080027,1,HIGHDIVERSITY_LANAPDB,HsDHODH_HighDiv,3,3,75.35000000000001,6,14,2,2,0.7,0.1,0.1,0.35714285714285715,0.07142857142857142,20,1,0,1,0,0,0,0,0
[O-][S@@+](C1=CC=C(O)C(C2=NSN=C2)=C1)C1=C(O)C=C(I)C(O)=C1,12/000000166,"InChI=1S/C14H9IN2O4S2/c15-9-4-13(20)14(5-12(9)19)23(21)7-1-2-11(18)8(3-7)10-6-16-22-17-10/h1-6,18-20H/t23-/m0/s1",C14H9N2O4S2I,459.90484676799997,3.0931999999999995,4.7,4.54,24.6,-120.0,4.052456545816269,1,HIGHDIVERSITY_LANAPDB,HsDHODH_HighDiv,7,3,109.53,3,14,4,2,0.6086956521739131,0.17391304347826086,0.08695652173913043,0.0,0.0,23,3,0,3,1,0,1,0,0
N=C1NC=C(C2=C(C(N)=O)C(CO)=CC=C2S)S1,10/000000069,"InChI=1S/C11H11N3O2S2/c12-10(16)8-5(4-15)1-2-6(17)9(8)7-3-14-11(13)18-7/h1-3,15,17H,4H2,(H2,12,16)(H2,13,14)",C11H11N3O2S2,281.02926859200005,1.1025699999999998,4.7,8.39,3.58,-120.0,3.6777805751284927,1,HIGHDIVERSITY_LANAPDB,HsDHODH_HighDiv,5,5,102.96,3,11,2,3,0.6111111111111112,0.1111111111111111,0.16666666666666666,0.09090909090909091,0.0,18,2,0,2,1,0,1,0,0
O=[N+]([O-])C1=CC(/C=C/C2=NC=CC3=C2N=CN3)=C(S)C=C1,10/000000076,"InChI=1S/C14H10N4O2S/c19-18(20)10-2-4-13(21)9(7-10)1-3-11-14-12(5-6-15-11)16-8-17-14/h1-8,21H,(H,16,17)/b3-1+",C14H10N4O2S,298.05244655999996,3.3252000000000015,4.7,6.67,20.2,-40.0,3.1169236204321695,1,HIGHDIVERSITY_LANAPDB,HsDHODH_HighDiv,5,2,84.71000000000001,3,14,2,4,0.6666666666666666,0.09523809523809523,0.19047619047619047,0.0,0.0,21,3,0,3,2,0,2,0,0
[O-][S@@+](C1=CC=C2C(CCl)=NCCC2=C1)C1=CC(O)=C(I)C=C1O,12/000000120,"InChI=1S/C16H13ClINO3S/c17-8-13-11-2-1-10(5-9(11)3-4-19-13)23(22)16-7-14(20)12(18)6-15(16)21/h1-2,5-7,20-21H,3-4,8H2/t23-/m0/s1",C16H13NO3SClI,460.934939956,3.4531000000000014,4.69,4.23,20.8,-80.0,3.919449093893192,1,HIGHDIVERSITY_LANAPDB,HsDHODH_HighDiv,4,2,75.88000000000001,3,16,3,1,0.6956521739130435,0.13043478260869565,0.043478260869565216,0.1875,0.0,23,3,1,2,1,1,0,0,0
C/C=C/C1=CC([S@+]([O-])C2=CC(O)=C(I)C=C2O)=CC=C1,12/000000049,"InChI=1S/C15H13IO3S/c1-2-4-10-5-3-6-11(7-10)20(19)15-9-13(17)12(16)8-14(15)18/h2-9,17-18H,1H3/b4-2+/t20-/m0/s1",C15H13O3SI,399.963013276,3.9022000000000014,4.69,4.29,16.1,-20.0,3.6027676774996076,1,HIGHDIVERSITY_LANAPDB,HsDHODH_HighDiv,3,2,63.519999999999996,3,15,3,0,0.75,0.15,0.0,0.06666666666666667,0.0,20,2,0,2,0,0,0,0,0
O=C(O)/C=C/C1=CC=C2C=CC(S)=CC2=C1,19/000000007,"InChI=1S/C13H10O2S/c14-13(15)6-2-9-1-3-10-4-5-12(16)8-11(10)7-9/h1-8,16H,(H,14,15)/b6-2+",C13H10O2S,230.04015056,3.226300000000001,4.68,3.91,3.58,-80.0,2.3370807830406406,1,HIGHDIVERSITY_LANAPDB,HsDHODH_HighDiv,2,2,37.3,2,13,2,0,0.8125,0.125,0.0,0.0,0.0,16,2,0,2,0,0,0,0,0
[O-][S@@+](C1=CC=C2CNCC2=C1)C1=C(O)C=C(I)C(O)=C1,12/000000067,"InChI=1S/C14H12INO3S/c15-11-4-13(18)14(5-12(11)17)20(19)10-2-1-8-6-16-7-9(8)3-10/h1-5,16-18H,6-7H2/t20-/m0/s1",C14H12NO3SI,400.95826224399997,2.4722999999999997,4.68,2.88,16.3,-40.0,3.728335075102004,1,HIGHDIVERSITY_LANAPDB,HsDHODH_HighDiv,4,3,75.55,2,14,3,1,0.7,0.15,0.05,0.14285714285714285,0.0,20,3,1,2,1,1,0,0,0
OC1=CC(C2=NN=CO2)=CC(CCCCC2=NC=NC3=C2C=NN3)=C1,27/000000013,"InChI=1S/C17H16N6O2/c24-13-6-11(5-12(7-13)17-23-21-10-25-17)3-1-2-4-15-14-8-20-22-16(14)19-9-18-15/h5-10,24H,1-4H2,(H,18,19,20,22)",C17H16N6O2,336.13347375200004,2.6738999999999997,4.68,3.57,24.2,-140.0,2.9599088245342315,1,HIGHDIVERSITY_LANAPDB,HsDHODH_HighDiv,7,2,113.61000000000001,6,17,2,6,0.68,0.08,0.24,0.23529411764705882,0.0,25,4,0,4,3,0,3,0,0
COC1=C(I)C=C(O)C([S@@+]([O-])C2=CC=C3CNCC3=C2)=C1,12/000000148,"InChI=1S/C15H14INO3S/c1-20-14-6-15(13(18)5-12(14)16)21(19)11-3-2-9-7-17-8-10(9)4-11/h2-6,17-18H,7-8H2,1H3/t21-/m0/s1",C15H14NO3SI,414.973912308,2.7753000000000005,4.67,4.72,16.9,-60.0,3.568357903867825,1,HIGHDIVERSITY_LANAPDB,HsDHODH_HighDiv,4,2,64.55,3,15,3,1,0.7142857142857143,0.14285714285714285,0.047619047619047616,0.2,0.0,21,3,1,2,1,1,0,0,0
[O-][S@@+](C1=CC=C2NC[C@H](/C=C\CO)C2=C1)C1=CC(O)=C(I)C=C1O,12/000000252,"InChI=1S/C17H16INO4S/c18-13-7-16(22)17(8-15(13)21)24(23)11-3-4-14-12(6-11)10(9-19-14)2-1-5-20/h1-4,6-8,10,19-22H,5,9H2/b2-1-/t10-,24-/m0/s1",C17H16NO4SI,456.98447699199994,2.9267000000000016,4.67,4.06,20.3,-190.0,4.434264759434235,1,HIGHDIVERSITY_LANAPDB,HsDHODH_HighDiv,5,4,95.78,4,17,4,1,0.7083333333333334,0.16666666666666666,0.041666666666666664,0.17647058823529413,0.058823529411764705,24,3,1,2,1,1,0,0,0
C=C[C@H]1CNC2=CC=C([S@+]([O-])C3=CC(O)=C(I)C=C3O)C=C21,12/000000326,"InChI=1S/C16H14INO3S/c1-2-9-8-18-13-4-3-10(5-11(9)13)22(21)16-7-14(19)12(17)6-15(16)20/h2-7,9,18-20H,1,8H2/t9-,22-/m0/s1",C16H14NO3SI,426.97391230799997,3.5642000000000014,4.67,3.41,18.5,-190.0,4.370895031439202,1,HIGHDIVERSITY_LANAPDB,HsDHODH_HighDiv,4,3,75.55,3,16,3,1,0.7272727272727273,0.13636363636363635,0.045454545454545456,0.125,0.0625,22,3,1,2,1,1,0,0,0
O=NC1=C2C(=O)/C(=C\C3NCCN3)OC2=CC=C1CO,1/000000012,"InChI=1S/C13H13N3O4/c17-6-7-1-2-8-11(12(7)16-19)13(18)9(20-8)5-10-14-3-4-15-10/h1-2,5,10,14-15,17H,3-4,6H2/b9-5+",C13H13N3O4,275.090605896,0.5547000000000002,4.67,4.82,3.58,-190.0,3.7772194391161342,1,HIGHDIVERSITY_LANAPDB,HsDHODH_HighDiv,7,3,100.02000000000001,3,13,4,3,0.65,0.2,0.15,0.3076923076923077,0.0,20,3,2,1,2,2,0,0,0
C=C[C@H]1NCC2=CC=C([S@+]([O-])C3=CC(O)=C(I)C=C3O)C=C21,12/000000205,"InChI=1S/C16H14INO3S/c1-2-13-11-5-10(4-3-9(11)8-18-13)22(21)16-7-14(19)12(17)6-15(16)20/h2-7,13,18-20H,1,8H2/t13-,22+/m1/s1",C16H14NO3SI,426.97391230799997,3.1994000000000016,4.66,3.29,18.5,-190.0,4.42451369474311,1,HIGHDIVERSITY_LANAPDB,HsDHODH_HighDiv,4,3,75.55,3,16,3,1,0.7272727272727273,0.13636363636363635,0.045454545454545456,0.125,0.0625,22,3,1,2,1,1,0,0,0
NC(=O)NC1=C(Cl)C(C[C@@H](O)C2=CC(F)=C(O)C([N+](=O)[O-])=C2)=CC=C1,11/000000014,"InChI=1S/C15H13ClFN3O5/c16-13-7(2-1-3-10(13)19-15(18)23)6-12(21)8-4-9(17)14(22)11(5-8)20(24)25/h1-5,12,21-22H,6H2,(H3,18,19,23)/t12-/m1/s1",C15H13N3O5FCl,369.052776416,2.8596000000000004,4.64,3.63,4.94,-170.0,3.099932263467987,1,HIGHDIVERSITY_LANAPDB,HsDHODH_HighDiv,5,4,138.72000000000003,5,15,5,3,0.6,0.2,0.12,0.13333333333333333,0.06666666666666667,25,2,0,2,0,0,0,0,0
O=C(O)C(/C=C/[N+](=O)[O-])=C(/CO)C1=CC=C(C(=O)O)C=C1,16/000000011,"InChI=1S/C13H11NO7/c15-7-11(10(13(18)19)5-6-14(20)21)8-1-3-9(4-2-8)12(16)17/h1-6,15H,7H2,(H,16,17)(H,18,19)/b6-5+,11-10-",C13H11NO7,293.05355169200004,1.0057,4.64,6.93,3.58,-30.0,2.923104334717884,1,HIGHDIVERSITY_LANAPDB,HsDHODH_HighDiv,5,3,137.97,6,13,7,1,0.6190476190476191,0.3333333333333333,0.047619047619047616,0.07692307692307693,0.0,21,1,0,1,0,0,0,0,0
O=C(NC1=CC(O)=CC=C1)C1=C(O)C(O)=CC([SH](=O)=O)=C1,21/000000005,"InChI=1S/C13H11NO6S/c15-8-3-1-2-7(4-8)14-13(18)10-5-9(21(19)20)6-11(16)12(10)17/h1-6,15-17,21H,(H,14,18)",C13H11NO6S,309.030708072,1.0259999999999996,4.64,3.31,3.58,0.0,2.8878484787317635,1,HIGHDIVERSITY_LANAPDB,HsDHODH_HighDiv,6,5,123.93,3,13,6,1,0.6190476190476191,0.2857142857142857,0.047619047619047616,0.0,0.0,21,2,0,2,0,0,0,0,0
C=CNCC1=C(S)C=C(S)C(C(=O)O)=C1,10/000000070,"InChI=1S/C10H11NO2S2/c1-2-11-5-6-3-7(10(12)13)9(15)4-8(6)14/h2-4,11,14-15H,1,5H2,(H,12,13)",C10H11NO2S2,241.023120592,2.1952999999999996,4.63,6.43,15.6,0.0,3.5802823495731477,1,HIGHDIVERSITY_LANAPDB,HsDHODH_HighDiv,4,4,49.33,4,10,2,1,0.6666666666666666,0.13333333333333333,0.06666666666666667,0.1,0.0,15,1,0,1,0,0,0,0,0
[O-][S@@+](C1=CC=C(O)C(C2=NNC=N2)=C1)C1=C(O)C=C(I)C(O)=C1,12/000000196,"InChI=1S/C14H10IN3O4S/c15-9-4-12(21)13(5-11(9)20)23(22)7-1-2-10(19)8(3-7)14-16-6-17-18-14/h1-6,19-21H,(H,16,17,18)/t23-/m0/s1",C14H10N3O4SI,442.9436748,2.3598,4.63,4.04,22.6,-120.0,4.139382266970115,1,HIGHDIVERSITY_LANAPDB,HsDHODH_HighDiv,6,4,125.32000000000001,3,14,4,3,0.6086956521739131,0.17391304347826086,0.13043478260869565,0.0,0.0,23,3,0,3,1,0,1,0,0
C#C[C@H](/C=C/CCO)C1=CC=C(NC(=O)CO)C(Cl)=C1,11/000000062,"InChI=1S/C15H16ClNO3/c1-2-11(5-3-4-8-18)12-6-7-14(13(16)9-12)17-15(20)10-19/h1,3,5-7,9,11,18-19H,4,8,10H2,(H,17,20)/b5-3+/t11-/m1/s1",C15H16NO3Cl,293.081871052,1.9262,4.61,7.34,19.3,-150.0,3.4314378872898175,1,HIGHDIVERSITY_LANAPDB,HsDHODH_HighDiv,3,3,69.56,6,15,3,1,0.75,0.15,0.05,0.26666666666666666,0.06666666666666667,20,1,0,1,0,0,0,0,0
O=[N+]([O-])C1=CC(C2=CC(F)=CC(O)=C2O)=CO1,12/000000018,"InChI=1S/C10H6FNO5/c11-6-2-7(10(14)8(13)3-6)5-1-9(12(15)16)17-4-5/h1-4,13-14H",C10H6NO5F,239.023000512,2.405100000000001,4.6,3.26,2.22,-120.0,2.9897983544158073,1,HIGHDIVERSITY_LANAPDB,HsDHODH_HighDiv,5,2,96.74000000000001,2,10,5,1,0.5882352941176471,0.29411764705882354,0.058823529411764705,0.0,0.0,17,2,0,2,1,0,1,0,0
N/C=C/C1=C(Cl)C(CCC2=CC(F)=C(O)C([N+](=O)[O-])=C2)=CC(O)=C1,11/000000020,"InChI=1S/C16H14ClFN2O4/c17-15-10(7-12(21)8-11(15)3-4-19)2-1-9-5-13(18)16(22)14(6-9)20(23)24/h3-8,21-22H,1-2,19H2/b4-3+",C16H14N2O4FCl,352.06261282799994,3.5131000000000014,4.6,3.59,5.09,0.0,3.1197196678953434,1,HIGHDIVERSITY_LANAPDB,HsDHODH_HighDiv,5,3,109.62,5,16,4,2,0.6666666666666666,0.16666666666666666,0.08333333333333333,0.125,0.0,24,2,0,2,0,0,0,0,0
[O-][S@@+](C1=CC=C2N[C@H](CF)CC2=C1)C1=CC(O)=C(I)C=C1O,12/000000245,"InChI=1S/C15H13FINO3S/c16-7-9-3-8-4-10(1-2-12(8)18-9)22(21)15-6-13(19)11(17)5-14(15)20/h1-2,4-6,9,18-20H,3,7H2/t9-,22-/m0/s1",C15H13NO3SFI,432.964490496,3.1752000000000016,4.6,4.08,19.6,-190.0,4.174937906596832,1,HIGHDIVERSITY_LANAPDB,HsDHODH_HighDiv,4,3,75.55,3,15,3,1,0.6818181818181818,0.13636363636363635,0.045454545454545456,0.2,0.06666666666666667,22,3,1,2,1,1,0,0,0
CC(=O)OC1=CC(/C=C(/C=C(\CN)[N+](=O)[O-])C(=O)O)=CC=C1C(=O)O,16/000000034,"InChI=1S/C15H14N2O8/c1-8(18)25-13-5-9(2-3-12(13)15(21)22)4-10(14(19)20)6-11(7-16)17(23)24/h2-6H,7,16H2,1H3,(H,19,20)(H,21,22)/b10-4-,11-6+",C15H14N2O8,350.07501540799996,0.8973999999999998,4.6,7.57,6.45,-200.0,3.155213473938881,1,HIGHDIVERSITY_LANAPDB,HsDHODH_HighDiv,7,3,170.05999999999997,7,15,8,2,0.6,0.32,0.08,0.13333333333333333,0.0,25,1,0,1,0,0,0,0,0
C=CC1=CC(=O)OC2=CC=C([S@+]([O-])C3=CC(O)=C(I)C=C3O)C=C12,12/000000083,"InChI=1S/C17H11IO5S/c1-2-9-5-17(21)23-15-4-3-10(6-11(9)15)24(22)16-8-13(19)12(18)7-14(16)20/h2-8,19-20H,1H2/t24-/m0/s1",C17H11O5SI,453.937192452,3.618500000000001,4.6,5.08,22.1,-80.0,3.7925946161681177,1,HIGHDIVERSITY_LANAPDB,HsDHODH_HighDiv,5,2,93.73,3,17,5,0,0.7083333333333334,0.20833333333333334,0.0,0.0,0.0,24,3,0,3,1,0,1,0,0
NC(N)C1=CC=C(N=O)C(Cl)=C1CCC1=CC(F)=C(O)C([N+](=O)[O-])=C1,11/000000006,"InChI=1S/C15H14ClFN4O4/c16-13-8(9(15(18)19)3-4-11(13)20-23)2-1-7-5-10(17)14(22)12(6-7)21(24)25/h3-6,15,22H,1-2,18-19H2",C15H14N4O4FCl,368.06876082799994,3.192000000000001,4.59,7.45,24.8,-150.0,3.2328262074740017,1,HIGHDIVERSITY_LANAPDB,HsDHODH_HighDiv,7,3,144.84,6,15,4,4,0.6,0.16,0.16,0.2,0.0,25,2,0,2,0,0,0,0,0
NCC1=CC=C([S@+]([O-])C2=CC(O)=C(I)C=C2O)C=C1,12/000000137,"InChI=1S/C13H12INO3S/c14-10-5-12(17)13(6-11(10)16)19(18)9-3-1-8(7-15)2-4-9/h1-6,16-17H,7,15H2/t19-/m0/s1",C13H12NO3SI,388.95826224399997,2.3278000000000008,4.57,3.23,15.3,0.0,3.3689901801243503,1,HIGHDIVERSITY_LANAPDB,HsDHODH_HighDiv,4,3,89.54,3,13,3,1,0.6842105263157895,0.15789473684210525,0.05263157894736842,0.07692307692307693,0.0,19,2,0,2,0,0,0,0,0
O=P(O)(O)C1=CC=C(SS)C(O)=C1I,24/000000005,"InChI=1S/C6H6IO4PS2/c7-5-3(12(9,10)11)1-2-4(14-13)6(5)8/h1-2,8,13H,(H2,9,10,11)",C6H6O4PS2I,363.848985302,1.7367,4.56,4.1,3.46,0.0,3.9073190472306,1,HIGHDIVERSITY_LANAPDB,HsDHODH_HighDiv,4,4,77.76,2,6,4,0,0.42857142857142855,0.2857142857142857,0.0,0.0,0.0,14,1,0,1,0,0,0,0,0
CN1C(=O)C(=O)NC2=CC([S@+]([O-])C3=CC(O)=C(I)C=C3O)=CC=C21,12/000000085,"InChI=1S/C15H11IN2O5S/c1-18-10-3-2-7(4-9(10)17-14(21)15(18)22)24(23)13-6-11(19)8(16)5-12(13)20/h2-6,19-20H,1H3,(H,17,21)/t24-/m0/s1",C15H11N2O5SI,457.94334045200003,1.4092999999999998,4.56,4.97,22.7,-100.0,3.6443195435484306,1,HIGHDIVERSITY_LANAPDB,HsDHODH_HighDiv,6,3,118.38000000000001,2,15,5,2,0.625,0.20833333333333334,0.08333333333333333,0.06666666666666667,0.0,24,3,0,3,1,0,1,0,0
[O-][S@@+](C1=CC=C(Br)C=C1)C1=CC(O)=C(I)C=C1O,12/000000257,"InChI=1S/C12H8BrIO3S/c13-7-1-3-8(4-2-7)18(17)12-6-10(15)9(14)5-11(12)16/h1-6,15-16H/t18-/m0/s1",C12H8O3SBrI,437.842225216,3.6316,4.55,4.47,15.0,0.0,3.3629549176334077,1,HIGHDIVERSITY_LANAPDB,HsDHODH_HighDiv,3,2,63.519999999999996,2,12,3,0,0.6666666666666666,0.16666666666666666,0.0,0.0,0.0,18,2,0,2,0,0,0,0,0
O=C(O)C1=CC(CO)=CC(CCC2=CC(O)=C(O)C(F)=C2)=C1Cl,11/000000013,"InChI=1S/C16H14ClFO5/c17-14-10(3-9(7-19)4-11(14)16(22)23)2-1-8-5-12(18)15(21)13(20)6-8/h3-6,19-21H,1-2,7H2,(H,22,23)",C16H14O5FCl,340.05137944800003,2.8660000000000014,4.53,5.24,3.7,0.0,2.6339157034949263,1,HIGHDIVERSITY_LANAPDB,HsDHODH_HighDiv,4,4,97.99000000000001,5,16,5,0,0.6956521739130435,0.21739130434782608,0.0,0.1875,0.0,23,2,0,2,0,0,0,0,0
OC/C=C\CC1=CC=C(SS)C(O)=C1I,24/000000087,"InChI=1S/C10H11IO2S2/c11-9-7(3-1-2-6-12)4-5-8(15-14)10(9)13/h1-2,4-5,12-14H,3,6H2/b2-1-",C10H11O2S2I,353.924519592,3.024700000000001,4.53,4.33,2.22,0.0,3.740116608484968,1,HIGHDIVERSITY_LANAPDB,HsDHODH_HighDiv,4,3,40.46,4,10,2,0,0.6666666666666666,0.13333333333333333,0.0,0.2,0.0,15,1,0,1,0,0,0,0,0
CC1=CC=C(C2=C(S)C(CO)=CC=C2C(=O)O)C=C1,10/000000006,"InChI=1S/C15H14O3S/c1-9-2-4-10(5-3-9)13-12(15(17)18)7-6-11(8-16)14(13)19/h2-7,16,19H,8H2,1H3,(H,17,18)",C15H14O3S,274.066365308,3.1412200000000015,4.53,5.26,14.1,-180.0,2.3034072275481865,1,HIGHDIVERSITY_LANAPDB,HsDHODH_HighDiv,3,3,57.53,3,15,3,0,0.7894736842105263,0.15789473684210525,0.0,0.13333333333333333,0.0,19,2,0,2,0,0,0,0,0
COC(=O)/C=C/C1=C(CO)C(N2C=C(Br)C(CN)=N2)=CC(O)=C1,12/000000027,"InChI=1S/C15H16BrN3O4/c1-23-15(22)3-2-9-4-10(21)5-14(11(9)8-20)19-7-12(16)13(6-17)18-19/h2-5,7,20-21H,6,8,17H2,1H3/b3-2+",C15H16N3O4Br,381.032418092,1.4775999999999998,4.52,3.13,23.5,-200.0,3.1389046081386685,1,HIGHDIVERSITY_LANAPDB,HsDHODH_HighDiv,7,3,110.60000000000001,5,15,4,3,0.6521739130434783,0.17391304347826086,0.13043478260869565,0.2,0.0,23,2,0,2,1,0,1,0,0
OCC1=NC(CO)=C(C2=CC(F)=C(CCl)C(O)=C2)N1,10/000000028,"InChI=1S/C12H12ClFN2O3/c13-3-7-8(14)1-6(2-10(7)19)12-9(4-17)15-11(5-18)16-12/h1-2,17-19H,3-5H2,(H,15,16)",C12H12N2O3FCl,286.052048144,1.6447999999999998,4.52,6.73,2.35,-120.0,3.1632027896783637,1,HIGHDIVERSITY_LANAPDB,HsDHODH_HighDiv,4,4,89.37,4,12,3,2,0.631578947368421,0.15789473684210525,0.10526315789473684,0.25,0.0,19,2,0,2,1,0,1,0,0
N=C1CCCN1CCCCC1=CC(O)=CC(C2=NN=CO2)=C1,27/000000012,"InChI=1S/C16H20N4O2/c17-15-5-3-7-20(15)6-2-1-4-12-8-13(10-14(21)9-12)16-19-18-11-22-16/h8-11,17,21H,1-7H2/b17-15-",C16H20N4O2,300.15862588,2.837970000000001,4.52,2.68,21.1,-120.0,2.8783192706482943,1,HIGHDIVERSITY_LANAPDB,HsDHODH_HighDiv,5,2,86.24000000000001,6,16,2,4,0.7272727272727273,0.09090909090909091,0.18181818181818182,0.4375,0.0,22,3,1,2,2,1,1,0,0
OC1=C(I)C=C(O)C([C@@H](O)C2=CCON2)=C1,12/000000045,"InChI=1S/C10H10INO4/c11-6-4-8(13)5(3-9(6)14)10(15)7-1-2-16-12-7/h1,3-4,10,12-15H,2H2/t10-/m1/s1",C10H10NO4I,334.96545580000003,1.1544999999999999,4.52,2.04,2.22,-150.0,4.267301196617341,1,HIGHDIVERSITY_LANAPDB,HsDHODH_HighDiv,5,4,81.95,2,10,4,1,0.625,0.25,0.0625,0.2,0.1,16,2,1,1,1,1,0,0,0
NOC1=C(O)C2=C(C=C1)O/C(=C/[C@@H](S)CO)C2=O,1/000000002,"InChI=1S/C11H11NO5S/c12-17-7-2-1-6-9(10(7)14)11(15)8(16-6)3-5(18)4-13/h1-3,5,13-14,18H,4,12H2/b8-3+/t5-/m1/s1",C11H11NO5S,269.035793452,0.3943999999999999,4.51,4.22,3.58,-190.0,4.048576895655387,1,HIGHDIVERSITY_LANAPDB,HsDHODH_HighDiv,7,4,102.01000000000002,3,11,5,1,0.6111111111111112,0.2777777777777778,0.05555555555555555,0.18181818181818182,0.09090909090909091,18,2,1,1,1,1,0,0,0
[O-][S@@+](C1=CC=CC(O)=C1)C1=C(O)C=C(I)C(O)=C1,12/000000050,"InChI=1S/C12H9IO4S/c13-9-5-11(16)12(6-10(9)15)18(17)8-3-1-2-7(14)4-8/h1-6,14-16H/t18-/m0/s1",C12H9O4SI,375.926627768,2.5747,4.51,2.79,14.5,0.0,3.5147568014638626,1,HIGHDIVERSITY_LANAPDB,HsDHODH_HighDiv,4,3,83.75,2,12,4,0,0.6666666666666666,0.2222222222222222,0.0,0.0,0.0,18,2,0,2,0,0,0,0,0
C/C(=C\C(=C\C1=CC=C(C(=O)O)C=C1)C(=O)O)[N+](=O)[O-],16/000000007,"InChI=1S/C13H11NO6/c1-8(14(19)20)6-11(13(17)18)7-9-2-4-10(5-3-9)12(15)16/h2-7H,1H3,(H,15,16)(H,17,18)/b8-6+,11-7-",C13H11NO6,277.058637072,2.0332999999999997,4.51,6.5,3.58,-20.0,2.817022036320319,1,HIGHDIVERSITY_LANAPDB,HsDHODH_HighDiv,4,2,117.74000000000001,5,13,6,1,0.65,0.3,0.05,0.07692307692307693,0.0,20,1,0,1,0,0,0,0,0
COC1=C2NC(=O)CSC2=CC([S@+]([O-])C2=C(O)C=C(I)C(O)=C2)=C1,12/000000242,"InChI=1S/C15H12INO5S2/c1-22-11-2-7(3-12-15(11)17-14(20)6-23-12)24(21)13-5-9(18)8(16)4-10(13)19/h2-5,18-19H,6H2,1H3,(H,17,20)/t24-/m0/s1",C15H12NO5S2I,476.92016248399995,2.9219,4.51,5.82,22.8,-100.0,3.952368742042243,1,HIGHDIVERSITY_LANAPDB,HsDHODH_HighDiv,6,3,101.85000000000001,3,15,5,1,0.625,0.20833333333333334,0.041666666666666664,0.13333333333333333,0.0,24,3,1,2,1,1,0,0,0
CC(=O)OCC1=CC([S@+]([O-])C2=CC(O)=C(I)C=C2O)=CC=C1,12/000000164,"InChI=1S/C15H13IO5S/c1-9(17)21-8-10-3-2-4-11(5-10)22(20)15-7-13(18)12(16)6-14(15)19/h2-7,18-19H,8H2,1H3/t22-/m0/s1",C15H13O5SI,431.952842516,2.932200000000001,4.5,3.72,18.5,-20.0,3.3429002742599616,1,HIGHDIVERSITY_LANAPDB,HsDHODH_HighDiv,5,2,89.82000000000001,4,15,5,0,0.6818181818181818,0.22727272727272727,0.0,0.13333333333333333,0.0,22,2,0,2,0,0,0,0,0
[O-][S@@+](C1=CC=CC=C1)C1=CC(O)=C(I)C=C1O,12/000000047,"InChI=1S/C12H9IO3S/c13-9-6-11(15)12(7-10(9)14)17(16)8-4-2-1-3-5-8/h1-7,14-15H/t17-/m0/s1",C12H9O3SI,359.93171314800003,2.869100000000001,4.5,3.11,13.3,0.0,3.2599513221543504,1,HIGHDIVERSITY_LANAPDB,HsDHODH_HighDiv,3,2,63.519999999999996,2,12,3,0,0.7058823529411765,0.17647058823529413,0.0,0.0,0.0,17,2,0,2,0,0,0,0,0
O=C1NN=C([C@@H](O)/C=C/C2=CC(I)=CC(O)=C2)O1,12/000000029,"InChI=1S/C11H9IN2O4/c12-7-3-6(4-8(15)5-7)1-2-9(16)10-13-14-11(17)18-10/h1-5,9,15-16H,(H,14,17)/b2-1+/t9-/m0/s1",C11H9N2O4I,359.96070476799997,1.4198999999999997,4.5,3.56,2.22,-150.0,3.88722557383435,1,HIGHDIVERSITY_LANAPDB,HsDHODH_HighDiv,5,3,99.35000000000001,3,11,4,2,0.6111111111111112,0.2222222222222222,0.1111111111111111,0.09090909090909091,0.09090909090909091,18,2,0,2,1,0,1,0,0
C=C(C1=CC=C(SS)C(O)=C1I)[N+](=O)[O-],24/000000008,"InChI=1S/C8H6INO3S2/c1-4(10(12)13)5-2-3-6(15-14)8(11)7(5)9/h2-3,11,14H,1H2",C8H6NO3S2I,354.883383052,3.1811000000000007,4.49,4.02,2.35,0.0,3.888260929454805,1,HIGHDIVERSITY_LANAPDB,HsDHODH_HighDiv,5,2,63.370000000000005,3,8,3,1,0.5333333333333333,0.2,0.06666666666666667,0.0,0.0,15,1,0,1,0,0,0,0,0
O=C(C1=CNC=C1)C1=CSC(C(=O)O)=N1,3/000000012,"InChI=1S/C9H6N2O3S/c12-7(5-1-2-10-3-5)6-4-15-8(11-6)9(13)14/h1-4,10H,(H,13,14)",C9H6N2O3S,222.009913052,1.4004000000000003,4.49,5.58,2.22,0.0,2.894605646276444,1,HIGHDIVERSITY_LANAPDB,HsDHODH_HighDiv,4,2,83.05,3,9,3,2,0.6,0.2,0.13333333333333333,0.0,0.0,15,2,0,2,2,0,2,0,0
NC/C(=C\C(=C\C1=CC=C(C(=O)O)C(F)=C1)C(=O)O)[N+](=O)[O-],16/000000030,"InChI=1S/C13H11FN2O6/c14-11-4-7(1-2-10(11)13(19)20)3-8(12(17)18)5-9(6-15)16(21)22/h1-5H,6,15H2,(H,17,18)(H,19,20)/p+1/b8-3-,9-5+",C13H12N2O6F,310.060114292,1.1112000000000002,4.48,5.93,4.94,-60.0,3.5461363545342373,1,HIGHDIVERSITY_LANAPDB,HsDHODH_HighDiv,5,3,143.76000000000002,6,13,6,2,0.5909090909090909,0.2727272727272727,0.09090909090909091,0.07692307692307693,0.0,22,1,0,1,0,0,0,0,0
C=CCC1=CC=C([S@+]([O-])C2=CC(O)=C(I)C=C2O)C=C1,12/000000306,"InChI=1S/C15H13IO3S/c1-2-3-10-4-6-11(7-5-10)20(19)15-9-13(17)12(16)8-14(15)18/h2,4-9,17-18H,1,3H2/t20-/m0/s1",C15H13O3SI,399.963013276,3.5976000000000017,4.48,4.2,16.1,0.0,3.4721934117653426,1,HIGHDIVERSITY_LANAPDB,HsDHODH_HighDiv,3,2,63.519999999999996,4,15,3,0,0.75,0.15,0.0,0.06666666666666667,0.0,20,2,0,2,0,0,0,0,0
O=C(CCC1=CN=CC=C1)NCC1=CC(C2=CC=C(O)C=C2)=CN1,25/000000014,"InChI=1S/C19H19N3O2/c23-18-6-4-15(5-7-18)16-10-17(21-12-16)13-22-19(24)8-3-14-2-1-9-20-11-14/h1-2,4-7,9-12,21,23H,3,8,13H2,(H,22,24)",C19H19N3O2,321.14772684800005,3.0313000000000008,4.48,4.1,4.94,-160.0,2.3164950017922177,1,HIGHDIVERSITY_LANAPDB,HsDHODH_HighDiv,3,3,78.00999999999999,6,19,2,3,0.7916666666666666,0.08333333333333333,0.125,0.15789473684210525,0.0,24,3,0,3,2,0,2,0,0
[O-][S@@+](C1=CC=C2NC[C@H](CO)C2=C1)C1=CC(O)=C(I)C=C1O,12/000000248,"InChI=1S/C15H14INO4S/c16-11-4-14(20)15(5-13(11)19)22(21)9-1-2-12-10(3-9)8(7-18)6-17-12/h1-5,8,17-20H,6-7H2/t8-,22+/m1/s1",C15H14NO4SI,430.968826928,2.3705000000000003,4.48,3.1,18.1,-190.0,4.152286960821296,1,HIGHDIVERSITY_LANAPDB,HsDHODH_HighDiv,5,4,95.78,3,15,4,1,0.6818181818181818,0.18181818181818182,0.045454545454545456,0.2,0.06666666666666667,22,3,1,2,1,1,0,0,0
[O-][S@@+](C1=CC=C2NC[C@@H](F)C2=C1)C1=C(O)C=C(I)C(O)=C1,12/000000128,"InChI=1S/C14H11FINO3S/c15-9-6-17-11-2-1-7(3-8(9)11)21(20)14-5-12(18)10(16)4-13(14)19/h1-5,9,17-19H,6H2/t9-,21+/m1/s1",C14H11NO3SFI,418.948840432,3.305200000000001,4.48,3.41,19.0,-190.0,4.269045994341091,1,HIGHDIVERSITY_LANAPDB,HsDHODH_HighDiv,4,3,75.55,2,14,3,1,0.6666666666666666,0.14285714285714285,0.047619047619047616,0.14285714285714285,0.07142857142857142,21,3,1,2,1,1,0,0,0
NC(=O)NC1=CC=C([C@@H](CC2=CC=NN3C=NN=C23)N=O)C=C1Cl,11/000000069,"InChI=1S/C14H12ClN7O2/c15-10-5-8(1-2-11(10)19-14(16)23)12(21-24)6-9-3-4-18-22-7-17-20-13(9)22/h1-5,7,12H,6H2,(H3,16,19,23)/t12-/m1/s1",C14H11N7O2Cl,345.07410030399996,2.3185000000000002,4.48,5.01,4.94,-190.0,3.5766044269455772,1,HIGHDIVERSITY_LANAPDB,HsDHODH_HighDiv,7,2,127.63,5,14,2,7,0.5833333333333334,0.08333333333333333,0.2916666666666667,0.14285714285714285,0.07142857142857142,24,3,0,3,2,0,2,0,0
C#CCOC1=CC(C[C@@H](N)C(=O)/C=C/C2=CCON2)=NC=C1,18/000000025,"InChI=1S/C16H17N3O3/c1-2-8-21-14-5-7-18-13(10-14)11-15(17)16(20)4-3-12-6-9-22-19-12/h1,3-7,10,15,19H,8-9,11,17H2/p+1/b4-3+/t15-/m1/s1",C16H18N3O3,299.126991404,0.5073999999999999,4.47,4.17,5.08,-150.0,4.509283570963258,1,HIGHDIVERSITY_LANAPDB,HsDHODH_HighDiv,6,2,86.47,7,16,3,3,0.7272727272727273,0.13636363636363635,0.13636363636363635,0.25,0.0625,22,2,1,1,2,1,1,0,0
[O-][S@@+](C1=CC=C(O)C(Cl)=C1)C1=C(O)C=C(I)C(O)=C1,12/000000062,"InChI=1S/C12H8ClIO4S/c13-7-3-6(1-2-9(7)15)19(18)12-5-10(16)8(14)4-11(12)17/h1-5,15-17H/t19-/m0/s1",C12H8O4SClI,409.887655416,3.2280999999999995,4.47,3.0,16.2,0.0,3.5207764488330167,1,HIGHDIVERSITY_LANAPDB,HsDHODH_HighDiv,4,3,83.75,2,12,4,0,0.631578947368421,0.21052631578947367,0.0,0.0,0.0,19,2,0,2,0,0,0,0,0
CCCC1=CCC=C(C[C@H](O)C#CC2=C(N)C=C(CO)C(O)=C2)O1,8/000000034,"InChI=1S/C19H23NO4/c1-2-4-16-5-3-6-17(24-16)11-15(22)8-7-13-10-19(23)14(12-21)9-18(13)20/h5-6,9-10,15,21-23H,2-4,11-12,20H2,1H3/t15-/m1/s1",C19H23NO4,329.162708216,2.5574000000000003,4.47,3.1,5.21,-170.0,4.262913142417988,1,HIGHDIVERSITY_LANAPDB,HsDHODH_HighDiv,5,4,95.94000000000001,5,19,4,1,0.7916666666666666,0.16666666666666666,0.041666666666666664,0.3684210526315789,0.05263157894736842,24,2,1,1,1,1,0,0,0
[O-][S@+](C1=CC(O)=C(I)C=C1O)C1=CC=C2C=NCCC2=C1O,12/000000074,"InChI=1S/C15H12INO4S/c16-10-5-12(19)14(6-11(10)18)22(21)13-2-1-8-7-17-4-3-9(8)15(13)20/h1-2,5-7,18-20H,3-4H2/t22-/m0/s1",C15H12NO4SI,428.953176864,2.549700000000001,4.46,3.95,19.7,-80.0,4.1903487484087645,1,HIGHDIVERSITY_LANAPDB,HsDHODH_HighDiv,5,3,96.11,2,15,4,1,0.6818181818181818,0.18181818181818182,0.045454545454545456,0.13333333333333333,0.0,22,3,1,2,1,1,0,0,0
[O-][S@@+](C1=CC=C2N[C@H](CO)CC2=C1)C1=CC(O)=C(I)C=C1O,12/000000215,"InChI=1S/C15H14INO4S/c16-11-5-14(20)15(6-13(11)19)22(21)10-1-2-12-8(4-10)3-9(7-18)17-12/h1-2,4-6,9,17-20H,3,7H2/t9-,22-/m0/s1",C15H14NO4SI,430.968826928,2.198000000000001,4.46,4.12,18.1,-190.0,4.071398184024322,1,HIGHDIVERSITY_LANAPDB,HsDHODH_HighDiv,5,4,95.78,3,15,4,1,0.6818181818181818,0.18181818181818182,0.045454545454545456,0.2,0.06666666666666667,22,3,1,2,1,1,0,0,0
[O-][S@@+](C1=CC=CC(C2=NOCN2)=C1)C1=CC(O)=C(I)C=C1O,12/000000307,"InChI=1S/C14H11IN2O4S/c15-10-5-12(19)13(6-11(10)18)22(20)9-3-1-2-8(4-9)14-16-7-21-17-14/h1-6,18-19H,7H2,(H,16,17)/t22-/m0/s1",C14H11N2O4SI,429.948425832,2.108,4.46,4.01,19.6,-120.0,4.16350434373887,1,HIGHDIVERSITY_LANAPDB,HsDHODH_HighDiv,6,3,97.14000000000001,3,14,4,2,0.6363636363636364,0.18181818181818182,0.09090909090909091,0.07142857142857142,0.0,22,3,1,2,1,1,0,0,0
C/C=C/C1=CC([N+](=O)[O-])=CC(CO)=C1S,10/000000090,"InChI=1S/C10H11NO3S/c1-2-3-7-4-9(11(13)14)5-8(6-12)10(7)15/h2-5,12,15H,6H2,1H3/b3-2+",C10H11NO3S,225.045964212,2.408900000000001,4.46,4.0,2.47,-20.0,3.0553642726500705,1,HIGHDIVERSITY_LANAPDB,HsDHODH_HighDiv,4,2,63.370000000000005,3,10,3,1,0.6666666666666666,0.2,0.06666666666666667,0.2,0.0,15,1,0,1,0,0,0,0,0
C#CC1=CNC=C1C(=O)C1=NN(C(=O)O)C=C1Br,3/000000042,"InChI=1S/C11H6BrN3O3/c1-2-6-3-13-4-7(6)10(16)9-8(12)5-15(14-9)11(17)18/h1,3-5,13H,(H,17,18)",C11H5N3O3Br,306.95925315200003,1.7121,4.45,7.02,2.22,0.0,3.639319350638696,1,HIGHDIVERSITY_LANAPDB,HsDHODH_HighDiv,4,2,87.98,2,11,3,3,0.6111111111111112,0.16666666666666666,0.16666666666666666,0.0,0.0,18,2,0,2,2,0,2,0,0
C/C=C/CC#CCC1=CC(CO)=C(C2=CCON2)C=C1O,12/000000022,"InChI=1S/C17H19NO3/c1-2-3-4-5-6-7-13-10-14(12-19)15(11-17(13)20)16-8-9-21-18-16/h2-3,8,10-11,18-20H,4,7,9,12H2,1H3/b3-2+",C17H19NO3,285.136493468,2.2723,4.45,3.47,3.58,-160.0,3.9530813127398616,1,HIGHDIVERSITY_LANAPDB,HsDHODH_HighDiv,4,3,61.72,4,17,3,1,0.8095238095238095,0.14285714285714285,0.047619047619047616,0.29411764705882354,0.0,21,2,1,1,1,1,0,0,0
NC[C@@H]1NCC2=CC=C([S@+]([O-])C3=CC(O)=C(I)C=C3O)C=C21,12/000000094,"InChI=1S/C15H15IN2O3S/c16-11-4-14(20)15(5-13(11)19)22(21)9-2-1-8-7-18-12(6-17)10(8)3-9/h1-5,12,18-20H,6-7,17H2/p+1/t12-,22-/m0/s1",C15H16N2O3SI,429.98481133999996,1.9720999999999995,4.45,5.07,18.3,-190.0,4.568665775449289,1,HIGHDIVERSITY_LANAPDB,HsDHODH_HighDiv,5,4,101.57000000000001,3,15,3,2,0.6818181818181818,0.13636363636363635,0.09090909090909091,0.2,0.06666666666666667,22,3,1,2,1,1,0,0,0
CNC/C=C/C1=C(S)C(C2=CNC(=N)S2)=CC(CO)=C1,10/000000048,"InChI=1S/C14H17N3OS2/c1-16-4-2-3-10-5-9(8-18)6-11(13(10)19)12-7-17-14(15)20-12/h2-3,5-7,16,18-19H,4,8H2,1H3,(H2,15,17)/b3-2+",C14H17N3OS2,307.08130416399996,2.23627,4.44,3.02,20.7,-160.0,3.9030493118749545,1,HIGHDIVERSITY_LANAPDB,HsDHODH_HighDiv,5,5,71.9,5,14,1,3,0.7,0.05,0.15,0.21428571428571427,0.0,20,2,0,2,1,0,1,0,0
NC(=O)NC1=CC=C([C@@H](CC2=NC=NC3=C2NN=C3)N=O)C=C1Cl,11/000000068,"InChI=1S/C14H12ClN7O2/c15-8-3-7(1-2-9(8)20-14(16)23)10(22-24)4-11-13-12(5-19-21-13)18-6-17-11/h1-3,5-6,10H,4H2,(H,19,21)(H3,16,20,23)/t10-/m1/s1",C14H11N7O2Cl,345.07410030399996,2.5471000000000004,4.44,5.36,4.94,-190.0,3.577264155452363,1,HIGHDIVERSITY_LANAPDB,HsDHODH_HighDiv,6,3,139.01,5,14,2,7,0.5833333333333334,0.08333333333333333,0.2916666666666667,0.14285714285714285,0.07142857142857142,24,3,0,3,2,0,2,0,0
[O-][S@@+](C1=CC=C(O)C(S)=C1)C1=CC(O)=C(I)C=C1O,12/000000064,"InChI=1S/C12H9IO4S2/c13-7-4-10(16)12(5-9(7)15)19(17)6-1-2-8(14)11(18)3-6/h1-5,14-16,18H/t19-/m0/s1",C12H9O4S2I,407.898698768,2.8634,4.43,3.02,17.0,0.0,3.870291380959712,1,HIGHDIVERSITY_LANAPDB,HsDHODH_HighDiv,5,4,83.75,2,12,4,0,0.631578947368421,0.21052631578947367,0.0,0.0,0.0,19,2,0,2,0,0,0,0,0
COC1=CC(/C=C(/C=C/[N+](=O)[O-])C(=O)O)=CC=C1C(=O)O,16/000000025,"InChI=1S/C13H11NO7/c1-21-11-7-8(2-3-10(11)13(17)18)6-9(12(15)16)4-5-14(19)20/h2-7H,1H3,(H,15,16)(H,17,18)/b5-4+,9-6-",C13H11NO7,293.053551692,1.6518,4.43,6.56,2.22,-50.0,2.851655708344257,1,HIGHDIVERSITY_LANAPDB,HsDHODH_HighDiv,5,2,126.97000000000001,6,13,7,1,0.6190476190476191,0.3333333333333333,0.047619047619047616,0.07692307692307693,0.0,21,1,0,1,0,0,0,0,0
[O-][S@@+](C1=CC=C2NC[C@H](CCl)C2=C1)C1=CC(O)=C(I)C=C1O,12/000000243,"InChI=1S/C15H13ClINO3S/c16-6-8-7-18-12-2-1-9(3-10(8)12)22(21)15-5-13(19)11(17)4-14(15)20/h1-5,8,18-20H,6-7H2/t8-,22-/m0/s1",C15H13NO3SClI,448.934939956,3.6170000000000013,4.43,3.66,18.6,-190.0,4.207194905335797,1,HIGHDIVERSITY_LANAPDB,HsDHODH_HighDiv,4,3,75.55,3,15,3,1,0.6818181818181818,0.13636363636363635,0.045454545454545456,0.2,0.06666666666666667,22,3,1,2,1,1,0,0,0
C=C1CC2=C(C=C(CC(=O)OCC/C=C/CC(=O)CO)C=C2O)N1,12/000000009,"InChI=1S/C18H21NO5/c1-12-7-15-16(19-12)8-13(9-17(15)22)10-18(23)24-6-4-2-3-5-14(21)11-20/h2-3,8-9,19-20,22H,1,4-7,10-11H2/b3-2+",C18H21NO5,331.14197277200003,1.8573999999999995,4.43,8.23,21.4,-40.0,3.3845522069750933,1,HIGHDIVERSITY_LANAPDB,HsDHODH_HighDiv,6,3,95.86000000000001,8,18,5,1,0.75,0.20833333333333334,0.041666666666666664,0.3333333333333333,0.0,24,2,1,1,1,1,0,0,0
NNCN[C@@H](CC1=CC2=C(C=CC=C2CBr)N1)C(=O)CO,19/000000001,"InChI=1S/C14H19BrN4O2/c15-6-9-2-1-3-12-11(9)4-10(19-12)5-13(14(21)7-20)17-8-18-16/h1-4,13,17-20H,5-8,16H2/t13-/m0/s1",C14H19N4O2Br,354.069137948,0.5456999999999994,4.43,6.61,2.48,-190.0,3.595921137244618,1,HIGHDIVERSITY_LANAPDB,HsDHODH_HighDiv,5,5,103.17,8,14,2,4,0.6666666666666666,0.09523809523809523,0.19047619047619047,0.35714285714285715,0.07142857142857142,21,2,0,2,1,0,1,0,0
O=C(O)C1=C(CO)C=CC(Cl)=C1CCC1=CC(O)=C(O)C(F)=C1,11/000000017,"InChI=1S/C16H14ClFO5/c17-11-4-2-9(7-19)14(16(22)23)10(11)3-1-8-5-12(18)15(21)13(20)6-8/h2,4-6,19-21H,1,3,7H2,(H,22,23)",C16H13O5FCl,340.051379448,2.8660000000000014,4.43,7.67,3.7,0.0,2.620614462800136,1,HIGHDIVERSITY_LANAPDB,HsDHODH_HighDiv,4,4,97.99000000000001,5,16,5,0,0.6956521739130435,0.21739130434782608,0.0,0.1875,0.0,23,2,0,2,0,0,0,0,0
[O-][S@@+](C1=CC(O)=C2C=NCCC2=C1)C1=CC(O)=C(I)C=C1O,12/000000320,"InChI=1S/C15H12INO4S/c16-11-5-14(20)15(6-13(11)19)22(21)9-3-8-1-2-17-7-10(8)12(18)4-9/h3-7,18-20H,1-2H2/t22-/m0/s1",C15H12NO4SI,428.953176864,2.549700000000001,4.43,4.63,19.7,-80.0,4.188085696706368,1,HIGHDIVERSITY_LANAPDB,HsDHODH_HighDiv,5,3,96.11,2,15,4,1,0.6818181818181818,0.18181818181818182,0.045454545454545456,0.13333333333333333,0.0,22,3,1,2,1,1,0,0,0
CCN1NCC2=CC=C([S@+]([O-])C3=CC(O)=C(I)C=C3O)C=C21,12/000000272,"InChI=1S/C15H15IN2O3S/c1-2-18-12-5-10(4-3-9(12)8-17-18)22(21)15-7-13(19)11(16)6-14(15)20/h3-7,17,19-20H,2,8H2,1H3/t22-/m0/s1",C15H15N2O3SI,429.98481133999996,2.7136000000000013,4.42,4.61,18.3,-60.0,4.026333111586569,1,HIGHDIVERSITY_LANAPDB,HsDHODH_HighDiv,5,3,78.79,3,15,3,2,0.6818181818181818,0.13636363636363635,0.09090909090909091,0.2,0.0,22,3,1,2,1,1,0,0,0
O=NC1=CC(/C=C(/C=C/[N+](=O)[O-])C(=O)O)=CC=C1C(=O)O,16/000000028,"InChI=1S/C12H8N2O7/c15-11(16)8(3-4-14(20)21)5-7-1-2-9(12(17)18)10(6-7)13-19/h1-6H,(H,15,16)(H,17,18)/b4-3+,8-5-",C12H8N2O7,292.033150596,2.0410999999999997,4.41,6.29,3.85,-30.0,3.3626900490035982,1,HIGHDIVERSITY_LANAPDB,HsDHODH_HighDiv,6,2,147.17,6,12,7,2,0.5714285714285714,0.3333333333333333,0.09523809523809523,0.0,0.0,21,1,0,1,0,0,0,0,0
O=C1C=C(C=S)C2=CC([S@+]([O-])C3=CC(O)=C(I)C=C3O)=CC=C2O1,12/000000287,"InChI=1S/C16H9IO5S2/c17-11-5-13(19)15(6-12(11)18)24(21)9-1-2-14-10(4-9)8(7-23)3-16(20)22-14/h1-7,18-19H/t24-/m0/s1",C16H9O5S2I,471.89361338799995,3.3233000000000015,4.41,4.79,24.2,-80.0,3.940375035748537,1,HIGHDIVERSITY_LANAPDB,HsDHODH_HighDiv,6,2,93.73,3,16,5,0,0.6666666666666666,0.20833333333333334,0.0,0.0,0.0,24,3,0,3,1,0,1,0,0
C=CC1=CCC=C(C[C@H](O)C#CC2=C(N)C=C(CO)C(O)=C2)O1,8/000000047,"InChI=1S/C18H19NO4/c1-2-15-4-3-5-16(23-15)10-14(21)7-6-12-9-18(22)13(11-20)8-17(12)19/h2,4-5,8-9,14,20-22H,1,3,10-11,19H2/t14-/m1/s1",C18H19NO4,313.131408088,1.9433000000000005,4.4,3.74,3.7,-150.0,4.368382507354731,1,HIGHDIVERSITY_LANAPDB,HsDHODH_HighDiv,5,4,95.94000000000001,4,18,4,1,0.782608695652174,0.17391304347826086,0.043478260869565216,0.2222222222222222,0.05555555555555555,23,2,1,1,1,1,0,0,0
C#CCCC1=CC([S@+]([O-])C2=CC(O)=C(I)C=C2O)=CC=C1O,12/000000126,"InChI=1S/C16H13IO4S/c1-2-3-4-10-7-11(5-6-13(10)18)22(21)16-9-14(19)12(17)8-15(16)20/h1,5-9,18-20H,3-4H2/t22-/m0/s1",C16H13O4SI,427.957927896,3.1405000000000016,4.4,3.46,19.7,0.0,3.7990433511830375,1,HIGHDIVERSITY_LANAPDB,HsDHODH_HighDiv,4,3,83.75,4,16,4,0,0.7272727272727273,0.18181818181818182,0.0,0.125,0.0,22,2,0,2,0,0,0,0,0
N[C@H](CC1=NC=C(CCl)C(O)=C1)C(=O)/C=C/C1=CCON1,18/000000018,"InChI=1S/C14H16ClN3O3/c15-7-9-8-17-11(6-14(9)20)5-12(16)13(19)2-1-10-3-4-21-18-10/h1-3,6,8,12,18H,4-5,7,16H2,(H,17,20)/p+1/b2-1+/t12-/m1/s1",C14H17N3O3Cl,309.088019052,0.9397999999999997,4.39,4.83,6.17,-150.0,4.729942258496248,1,HIGHDIVERSITY_LANAPDB,HsDHODH_HighDiv,6,3,97.47000000000001,6,14,3,3,0.6666666666666666,0.14285714285714285,0.14285714285714285,0.2857142857142857,0.07142857142857142,21,2,1,1,2,1,1,0,0
C#CCNCCC[C@@H](C#CC1=CC(S)=CC=C1I)NO,8/000000050,"InChI=1S/C15H17IN2OS/c1-2-9-17-10-3-4-13(18-19)6-5-12-11-14(20)7-8-15(12)16/h1,7-8,11,13,17-20H,3-4,9-10H2/p+1/t13-/m0/s1",C15H18N2OSI,400.010632164,2.2818,4.39,2.7,21.6,-189.0,5.178519415761345,1,HIGHDIVERSITY_LANAPDB,HsDHODH_HighDiv,4,4,44.29,6,15,1,2,0.75,0.05,0.1,0.3333333333333333,0.06666666666666667,20,1,0,1,0,0,0,0,0
C=C/C=C/C1=C(S)C(C2=CC(O)=C(CS)C(O)=C2)=C(C(=O)O)C=C1,10/000000073,"InChI=1S/C18H16O4S2/c1-2-3-4-10-5-6-12(18(21)22)16(17(10)24)11-7-14(19)13(9-23)15(20)8-11/h2-8,19-20,23-24H,1,9H2,(H,21,22)/b4-3+",C18H15O4S2,360.04900099199995,4.380700000000004,4.39,6.09,21.6,-180.0,3.3609281886054037,1,HIGHDIVERSITY_LANAPDB,HsDHODH_HighDiv,5,5,77.76,5,18,4,0,0.75,0.16666666666666666,0.0,0.05555555555555555,0.0,24,2,0,2,0,0,0,0,0
NCNCCC1=CC(O)=C2CCCC2=C1C(=O)O,12/000000026,"InChI=1S/C13H18N2O3/c14-7-15-5-4-8-6-11(16)9-2-1-3-10(9)12(8)13(17)18/h6,15-16H,1-5,7,14H2,(H,17,18)",C13H18N2O3,250.131742436,0.6274000000000004,4.39,3.57,14.4,-80.0,2.8194877336842232,1,HIGHDIVERSITY_LANAPDB,HsDHODH_HighDiv,4,4,95.58,5,13,3,2,0.7222222222222222,0.16666666666666666,0.1111111111111111,0.46153846153846156,0.0,18,2,1,1,0,0,0,0,0
O=C(O)C(/C=C/[N+](=O)[O-])=C(/CO)C1=CC=C(C(=O)O)C=C1O,16/000000036,"InChI=1S/C13H11NO8/c15-6-10(9(13(19)20)3-4-14(21)22)8-2-1-7(12(17)18)5-11(8)16/h1-5,15-16H,6H2,(H,17,18)(H,19,20)/b4-3+,10-9-",C13H11NO8,309.048466312,0.7113,4.39,7.42,3.58,-60.0,3.1613779990965707,1,HIGHDIVERSITY_LANAPDB,HsDHODH_HighDiv,6,4,158.2,6,13,8,1,0.5909090909090909,0.36363636363636365,0.045454545454545456,0.07692307692307693,0.0,22,1,0,1,0,0,0,0,0
CCN(C)CC1=CNC=C1C(=O)C1=NN(C(=O)O)C=C1Br,3/000000024,"InChI=1S/C13H15BrN4O3/c1-3-17(2)6-8-4-15-5-9(8)12(19)11-10(14)7-18(16-11)13(20)21/h4-5,7,15H,3,6H2,1-2H3,(H,20,21)/p+1",C13H15N4O3Br,354.03275244,2.1825,4.39,8.44,5.09,-80.0,4.713308634671367,1,HIGHDIVERSITY_LANAPDB,HsDHODH_HighDiv,5,2,91.22000000000001,5,13,3,4,0.6190476190476191,0.14285714285714285,0.19047619047619047,0.3076923076923077,0.0,21,2,0,2,2,0,2,0,0
N/C=C\C1=C(S)C([N+](=O)[O-])=CC([N+](=O)[O-])=C1,10/000000080,"InChI=1S/C8H7N3O4S/c9-2-1-5-3-6(10(12)13)4-7(8(5)16)11(14)15/h1-4,16H,9H2/b2-1-",C8H7N3O4S,241.015726704,1.7210999999999999,4.38,4.93,2.61,0.0,3.295929794029651,1,HIGHDIVERSITY_LANAPDB,HsDHODH_HighDiv,6,2,112.30000000000001,3,8,4,3,0.5,0.25,0.1875,0.0,0.0,16,1,0,1,0,0,0,0,0
O=C(C1=CNC=C1CO)C1=NN(C(=O)O)C=C1Br,3/000000030,"InChI=1S/C10H8BrN3O4/c11-7-3-14(10(17)18)13-8(7)9(16)6-2-12-1-5(6)4-15/h1-3,12,15H,4H2,(H,17,18)",C10H7N3O4Br,312.969817836,1.2231,4.38,7.66,2.22,0.0,3.445340386745447,1,HIGHDIVERSITY_LANAPDB,HsDHODH_HighDiv,5,3,108.21,3,10,4,3,0.5555555555555556,0.2222222222222222,0.16666666666666666,0.1,0.0,18,2,0,2,2,0,2,0,0
C=C[C@H](N)C1=CC=C(SS)C(O)=C1I,24/000000013,"InChI=1S/C9H10INOS2/c1-2-6(11)5-3-4-7(14-13)9(12)8(5)10/h2-4,6,12-13H,1,11H2/t6-/m0/s1",C9H10NOS2I,338.92485394,3.1195000000000013,4.38,4.48,14.5,-150.0,4.302202367630208,1,HIGHDIVERSITY_LANAPDB,HsDHODH_HighDiv,4,3,46.25,3,9,1,1,0.6428571428571429,0.07142857142857142,0.07142857142857142,0.1111111111111111,0.1111111111111111,14,1,0,1,0,0,0,0,0
C=C(C)CC1=CN=C(CO)C(C#CC2=CC=CC=C2)=C1O,20/000000010,"InChI=1S/C18H17NO2/c1-13(2)10-15-11-19-17(12-20)16(18(15)21)9-8-14-6-4-3-5-7-14/h3-7,11,20H,1,10,12H2,2H3,(H,19,21)",C18H17NO2,279.125928784,2.7979000000000016,4.37,2.31,16.2,-80.0,2.9006571797542033,1,HIGHDIVERSITY_LANAPDB,HsDHODH_HighDiv,3,2,53.35000000000001,3,18,2,1,0.8571428571428571,0.09523809523809523,0.047619047619047616,0.16666666666666666,0.0,21,2,0,2,1,0,1,0,0
C=CCC(=O)C1=CNC=C1C(=O)C1=NC=C([N+](=O)[O-])N1,3/000000020,"InChI=1S/C12H10N4O4/c1-2-3-9(17)7-4-13-5-8(7)11(18)12-14-6-10(15-12)16(19)20/h2,4-6,13H,1,3H2,(H,14,15)",C12H10N4O4,274.0702048,1.6357999999999997,4.37,7.32,3.58,0.0,3.6398111800068222,1,HIGHDIVERSITY_LANAPDB,HsDHODH_HighDiv,5,2,121.75,6,12,4,4,0.6,0.2,0.2,0.08333333333333333,0.0,20,2,0,2,2,0,2,0,0
O=C(O)C(=C\C1=CC=C(C(=O)O)C(F)=C1)/C=C/[N+](=O)[O-],16/000000008,"InChI=1S/C12H8FNO6/c13-10-6-7(1-2-9(10)12(17)18)5-8(11(15)16)3-4-14(19)20/h1-6H,(H,15,16)(H,17,18)/b4-3+,8-5-",C12H8NO6F,281.033565196,1.7823,4.37,5.26,3.58,0.0,2.9832072322564596,1,HIGHDIVERSITY_LANAPDB,HsDHODH_HighDiv,4,2,117.74000000000001,5,12,6,1,0.6,0.3,0.05,0.0,0.0,20,1,0,1,0,0,0,0,0
CC(=O)/C=C/C1=CC=C(C[C@@H](N)C(=O)/C=C/C2=CCON2)N1,18/000000031,"InChI=1S/C16H19N3O3/c1-11(20)2-3-12-4-5-14(18-12)10-15(17)16(21)7-6-13-8-9-22-19-13/h2-8,15,18-19H,9-10,17H2,1H3/p+1/b3-2+,7-6+/t15-/m1/s1",C16H20N3O3,301.1426414680001,1.0307,4.36,3.53,5.08,-170.0,4.804516502547803,1,HIGHDIVERSITY_LANAPDB,HsDHODH_HighDiv,5,3,97.21000000000001,7,16,3,3,0.7272727272727273,0.13636363636363635,0.13636363636363635,0.25,0.0625,22,2,1,1,2,1,1,0,0
O=C(OC1=CC=CC=C1)C1=CC(O)=C(S)C(O)=C1,29/000000033,"InChI=1S/C13H10O4S/c14-10-6-8(7-11(15)12(10)18)13(16)17-9-4-2-1-3-5-9/h1-7,14-15,18H",C13H10O4S,262.02997980000004,2.6057000000000006,4.36,1.35,14.1,-40.0,2.329494502914992,1,HIGHDIVERSITY_LANAPDB,HsDHODH_HighDiv,5,3,66.76,2,13,4,0,0.7222222222222222,0.2222222222222222,0.0,0.0,0.0,18,2,0,2,0,0,0,0,0
O=[N+]([O-])C1=CC=C(S)C(/C=C/[C@H]2C=NN=CN2)=C1,10/000000079,"InChI=1S/C11H10N4O2S/c16-15(17)10-3-4-11(18)8(5-10)1-2-9-6-13-14-7-12-9/h1-7,9,18H,(H,12,14)/b2-1+/t9-/m0/s1",C11H10N4O2S,262.05244656,1.8825999999999998,4.36,6.05,2.35,-150.0,4.373995419988197,1,HIGHDIVERSITY_LANAPDB,HsDHODH_HighDiv,6,2,79.89,3,11,2,4,0.6111111111111112,0.1111111111111111,0.2222222222222222,0.09090909090909091,0.09090909090909091,18,2,1,1,1,1,0,0,0
C=C(C1=CC(C2=C(Br)C=NN2)=CC=C1)C1=NC(C(N)=S)=NO1,27/000000041,"InChI=1S/C14H10BrN5OS/c1-7(14-18-13(12(16)22)20-21-14)8-3-2-4-9(5-8)11-10(15)6-17-19-11/h2-6H,1H2,(H2,16,22)(H,17,19)",C14H10N5OSBr,374.97894304000005,2.9179000000000004,4.36,3.06,3.58,-129.0,3.304023109047799,1,HIGHDIVERSITY_LANAPDB,HsDHODH_HighDiv,5,2,93.62,4,14,1,5,0.6363636363636364,0.045454545454545456,0.22727272727272727,0.0,0.0,22,3,0,3,2,0,2,0,0
NCC1=CC(C[C@@H](Cl)C(=O)/C=C/C2=CCON2)=NO1,18/000000035,"InChI=1S/C12H14ClN3O3/c13-11(6-9-5-10(7-14)19-16-9)12(17)2-1-8-3-4-18-15-8/h1-3,5,11,15H,4,6-7,14H2/p+1/b2-1+/t11-/m1/s1",C12H15N3O3Cl,283.072368988,0.8271999999999997,4.36,4.84,3.72,-150.0,4.95385457854644,1,HIGHDIVERSITY_LANAPDB,HsDHODH_HighDiv,6,2,90.38000000000001,6,12,3,3,0.631578947368421,0.15789473684210525,0.15789473684210525,0.3333333333333333,0.08333333333333333,19,2,1,1,2,1,1,0,0
C/C(=C(\C=C\[N+](=O)[O-])C(=O)O)C1=CC=C(C(=O)O)C=C1,16/000000010,"InChI=1S/C13H11NO6/c1-8(11(13(17)18)6-7-14(19)20)9-2-4-10(5-3-9)12(15)16/h2-7H,1H3,(H,15,16)(H,17,18)/b7-6+,11-8-",C13H11NO6,277.05863707200007,2.0333,4.36,6.44,3.58,-20.0,2.795239162590276,1,HIGHDIVERSITY_LANAPDB,HsDHODH_HighDiv,4,2,117.74,5,13,6,1,0.65,0.3,0.05,0.07692307692307693,0.0,20,1,0,1,0,0,0,0,0
CS(=O)(=O)C[C@@H](O)/C=C/C1=CC(I)=CC(O)=C1,12/000000028,"InChI=1S/C11H13IO4S/c1-17(15,16)7-10(13)3-2-8-4-9(12)6-11(14)5-8/h2-6,10,13-14H,7H2,1H3/b3-2+/t10-/m0/s1",C11H13O4SI,367.957927896,1.4154999999999998,4.35,2.85,2.22,-170.0,3.494969652759914,1,HIGHDIVERSITY_LANAPDB,HsDHODH_HighDiv,4,2,74.60000000000001,4,11,4,0,0.6470588235294118,0.23529411764705882,0.0,0.2727272727272727,0.09090909090909091,17,1,0,1,0,0,0,0,0
C/C=C/C[C@@](O)(CO)C(=O)C1=CC=C(SS)C(O)=C1I,24/000000027,"InChI=1S/C13H15IO4S2/c1-2-3-6-13(18,7-15)12(17)8-4-5-9(20-19)11(16)10(8)14/h2-5,15-16,18-19H,6-7H2,1H3/b3-2+/t13-/m1/s1",C13H15O4S2I,425.94564896,2.806000000000001,4.35,4.49,3.7,-170.0,4.3482574729871395,1,HIGHDIVERSITY_LANAPDB,HsDHODH_HighDiv,6,4,77.76,6,13,4,0,0.65,0.2,0.0,0.3076923076923077,0.07692307692307693,20,1,0,1,0,0,0,0,0
NCCC[C@@H](C#CC1=CC(S)=CC=C1I)S(=O)(=O)O,8/000000052,"InChI=1S/C12H14INO3S2/c13-12-6-4-10(18)8-9(12)3-5-11(2-1-7-14)19(15,16)17/h4,6,8,11,18H,1-2,7,14H2,(H,15,16,17)/p+1/t11-/m0/s1",C12H15NO3S2I,410.9459833079999,1.9267000000000005,4.34,4.75,21.1,-161.0,4.7295646841271335,1,HIGHDIVERSITY_LANAPDB,HsDHODH_HighDiv,4,3,80.39,4,12,3,1,0.631578947368421,0.15789473684210525,0.05263157894736842,0.3333333333333333,0.08333333333333333,19,1,0,1,0,0,0,0,0
O=C(/C=C\C#CC1=C2OC=CC(=O)C2=CC=C1O)CO,12/000000002,"InChI=1S/C15H10O5/c16-9-10(17)3-1-2-4-11-13(18)6-5-12-14(19)7-8-20-15(11)12/h1,3,5-8,16,18H,9H2/b3-1-",C15H10O5,270.05282342,0.9676999999999998,4.34,7.44,21.0,-80.0,3.379553432754075,1,HIGHDIVERSITY_LANAPDB,HsDHODH_HighDiv,5,2,87.74000000000001,2,15,5,0,0.75,0.25,0.0,0.06666666666666667,0.0,20,2,0,2,1,0,1,0,0
[O-][S@@+](C1=CC(O)=CC(Cl)=C1)C1=C(O)C=C(I)C(O)=C1,12/000000063,"InChI=1S/C12H8ClIO4S/c13-6-1-7(15)3-8(2-6)19(18)12-5-10(16)9(14)4-11(12)17/h1-5,15-17H/t19-/m0/s1",C12H8O4SClI,409.887655416,3.2280999999999995,4.34,3.54,16.2,0.0,3.693256086842065,1,HIGHDIVERSITY_LANAPDB,HsDHODH_HighDiv,4,3,83.75,2,12,4,0,0.631578947368421,0.21052631578947367,0.0,0.0,0.0,19,2,0,2,0,0,0,0,0
[O-][S@@+](C1=CC(O)=CC(Br)=C1)C1=C(O)C=C(I)C(O)=C1,12/000000057,"InChI=1S/C12H8BrIO4S/c13-6-1-7(15)3-8(2-6)19(18)12-5-10(16)9(14)4-11(12)17/h1-5,15-17H/t19-/m0/s1",C12H8O4SBrI,453.837139836,3.3371999999999993,4.33,3.87,16.2,0.0,3.7493384397832425,1,HIGHDIVERSITY_LANAPDB,HsDHODH_HighDiv,4,3,83.75,2,12,4,0,0.631578947368421,0.21052631578947367,0.0,0.0,0.0,19,2,0,2,0,0,0,0,0
[O-][S@@+](C1=CC=CC=C1O)C1=C(O)C=C(I)C(O)=C1,12/000000054,"InChI=1S/C12H9IO4S/c13-7-5-10(16)12(6-9(7)15)18(17)11-4-2-1-3-8(11)14/h1-6,14-16H/t18-/m0/s1",C12H9O4SI,375.926627768,2.574700000000001,4.33,3.36,14.5,0.0,3.4522032692817595,1,HIGHDIVERSITY_LANAPDB,HsDHODH_HighDiv,4,3,83.75,2,12,4,0,0.6666666666666666,0.2222222222222222,0.0,0.0,0.0,18,2,0,2,0,0,0,0,0
O=C(CO)NC1=CC=C(C[C@@H](S)/C=C/CO)C=C1Cl,11/000000072,"InChI=1S/C13H16ClNO3S/c14-11-7-9(6-10(19)2-1-5-16)3-4-12(11)15-13(18)8-17/h1-4,7,10,16-17,19H,5-6,8H2,(H,15,18)/b2-1+/t10-/m0/s1",C13H16NO3SCl,301.053942052,1.6602,4.33,7.32,3.58,-150.0,3.3063629611894374,1,HIGHDIVERSITY_LANAPDB,HsDHODH_HighDiv,4,4,69.56,6,13,3,1,0.6842105263157895,0.15789473684210525,0.05263157894736842,0.3076923076923077,0.07692307692307693,19,1,0,1,0,0,0,0,0
O=P(O)(O)C1=CC(O)=C(/C=C/CC2=CC=C3NN=CC3=C2)C(Cl)=C1,8/000000032,"InChI=1S/C16H14ClN2O4P/c17-14-7-12(24(21,22)23)8-16(20)13(14)3-1-2-10-4-5-15-11(6-10)9-18-19-15/h1,3-9,20H,2H2,(H,18,19)(H2,21,22,23)/b3-1+",C16H14N2O4PCl,364.03797123799995,2.9808000000000003,4.33,3.27,6.17,-100.0,3.194407316045128,1,HIGHDIVERSITY_LANAPDB,HsDHODH_HighDiv,3,4,106.44000000000001,4,16,4,2,0.6666666666666666,0.16666666666666666,0.08333333333333333,0.0625,0.0,24,3,0,3,1,0,1,0,0
C=CC1=C(C2=CNC(CNC(=O)CCC3=CC=CN=C3)=C2)N=CN1,25/000000021,"InChI=1S/C18H19N5O/c1-2-16-18(23-12-22-16)14-8-15(20-10-14)11-21-17(24)6-5-13-4-3-7-19-9-13/h2-4,7-10,12,20H,1,5-6,11H2,(H,21,24)(H,22,23)",C18H19N5O,321.15896022800007,2.6917999999999997,4.32,3.27,24.1,-120.0,3.0186967600339747,1,HIGHDIVERSITY_LANAPDB,HsDHODH_HighDiv,3,3,86.46000000000001,7,18,1,5,0.75,0.041666666666666664,0.20833333333333334,0.16666666666666666,0.0,24,3,0,3,3,0,3,0,0
C=CCOC1=CN=C(C(=O)O)C(OCC)=C1O,20/000000001,"InChI=1S/C11H13NO5/c1-3-5-17-7-6-12-8(11(14)15)10(9(7)13)16-4-2/h3,6H,1,4-5H2,2H3,(H,12,13)(H,14,15)",C11H13NO5,239.079372516,1.4488999999999999,4.32,1.19,14.6,-60.0,2.715566247392397,1,HIGHDIVERSITY_LANAPDB,HsDHODH_HighDiv,5,2,88.88000000000001,6,11,5,1,0.6470588235294118,0.29411764705882354,0.058823529411764705,0.2727272727272727,0.0,17,1,0,1,1,0,1,0,0
O=C(O)C(=C\C1=CC=C(C(=O)O)C(O)=C1)/C=C/[N+](=O)[O-],16/000000013,"InChI=1S/C12H9NO7/c14-10-6-7(1-2-9(10)12(17)18)5-8(11(15)16)3-4-13(19)20/h1-6,14H,(H,15,16)(H,17,18)/b4-3+,8-5-",C12H9NO7,279.03790162800004,1.3488,4.32,5.5,3.58,0.0,2.990386332401597,1,HIGHDIVERSITY_LANAPDB,HsDHODH_HighDiv,5,3,137.97,5,12,7,1,0.6,0.35,0.05,0.0,0.0,20,1,0,1,0,0,0,0,0
NC(=O)NC1=CC=C(CCCCC[N+](=O)[O-])C=C1Cl,11/000000064,"InChI=1S/C12H16ClN3O3/c13-10-8-9(4-2-1-3-7-16(18)19)5-6-11(10)15-12(14)17/h5-6,8H,1-4,7H2,(H3,14,15,17)",C12H15N3O3Cl,285.088019052,2.820100000000001,4.32,5.81,2.22,0.0,2.3138797127552877,1,HIGHDIVERSITY_LANAPDB,HsDHODH_HighDiv,3,2,98.26,7,12,3,3,0.631578947368421,0.15789473684210525,0.15789473684210525,0.4166666666666667,0.0,19,1,0,1,0,0,0,0,0
[O-][S@@+](C1=CC=C(O)C(CF)=C1)C1=C(O)C=C(I)C(O)=C1,12/000000197,"InChI=1S/C13H10FIO4S/c14-6-7-3-8(1-2-10(7)16)20(19)13-5-11(17)9(15)4-12(13)18/h1-5,16-18H,6H2/t20-/m0/s1",C13H10O4SFI,407.93285602,3.0442,4.32,2.76,17.8,0.0,3.7544778406697703,1,HIGHDIVERSITY_LANAPDB,HsDHODH_HighDiv,4,3,83.75,3,13,4,0,0.65,0.2,0.0,0.07692307692307693,0.0,20,2,0,2,0,0,0,0,0
OC1=C(I)C(/C=C\C/C=C/C2=NNC=C2)=CC=C1SS,24/000000062,"InChI=1S/C14H13IN2OS2/c15-13-10(6-7-12(20-19)14(13)18)4-2-1-3-5-11-8-9-16-17-11/h2-9,18-19H,1H2,(H,16,17)/b4-2-,5-3+",C14H13N2OS2I,415.9514030360001,4.773500000000002,4.31,0.35,5.39,-60.0,4.101010532233543,1,HIGHDIVERSITY_LANAPDB,HsDHODH_HighDiv,4,3,48.910000000000004,5,14,1,2,0.7,0.05,0.1,0.07142857142857142,0.0,20,2,0,2,1,0,1,0,0
C=C(C1=CC=C(SS)C(O)=C1I)[C@@H](N)CCl,24/000000078,"InChI=1S/C10H11ClINOS2/c1-5(7(13)4-11)6-2-3-8(16-15)10(14)9(6)12/h2-3,7,14-15H,1,4,13H2/t7-/m0/s1",C10H11NOS2ClI,386.9015316520001,3.5130000000000017,4.31,5.48,2.35,-150.0,4.384694403410548,1,HIGHDIVERSITY_LANAPDB,HsDHODH_HighDiv,4,3,46.25,4,10,1,1,0.625,0.0625,0.0625,0.2,0.1,16,1,0,1,0,0,0,0,0
[O-][S@@+](C1=CN=CC=C1O)C1=C(O)C=C(I)C(O)=C1,12/000000056,"InChI=1S/C11H8INO4S/c12-6-3-9(16)10(4-8(6)15)18(17)11-5-13-2-1-7(11)14/h1-5,15-16H,(H,13,14)/t18-/m1/s1",C11H8NO4SI,376.921876736,1.9697000000000007,4.31,3.38,15.1,0.0,3.804740474933251,1,HIGHDIVERSITY_LANAPDB,HsDHODH_HighDiv,5,3,96.64000000000001,2,11,4,1,0.6111111111111112,0.2222222222222222,0.05555555555555555,0.0,0.0,18,2,0,2,1,0,1,0,0
[O-][S@@+](C1=CC=CC(C2=NNC=N2)=C1)C1=CC(O)=C(I)C=C1O,12/000000103,"InChI=1S/C14H10IN3O3S/c15-10-5-12(20)13(6-11(10)19)22(21)9-3-1-2-8(4-9)14-16-7-17-18-14/h1-7,19-20H,(H,16,17,18)/t22-/m0/s1",C14H10N3O3SI,426.94876017999997,2.654200000000001,4.31,4.27,21.4,-120.0,3.975571837535396,1,HIGHDIVERSITY_LANAPDB,HsDHODH_HighDiv,5,3,105.09,3,14,3,3,0.6363636363636364,0.13636363636363635,0.13636363636363635,0.0,0.0,22,3,0,3,1,0,1,0,0
OC1=C(I)C(/C=C\C/C=C/C2=CNN=C2)=CC=C1SS,24/000000070,"InChI=1S/C14H13IN2OS2/c15-13-11(6-7-12(20-19)14(13)18)5-3-1-2-4-10-8-16-17-9-10/h2-9,18-19H,1H2,(H,16,17)/b4-2+,5-3-",C14H13N2OS2I,415.9514030360001,4.773500000000003,4.3,0.57,3.85,-60.0,3.8730081030837464,1,HIGHDIVERSITY_LANAPDB,HsDHODH_HighDiv,4,3,48.91,5,14,1,2,0.7,0.05,0.1,0.07142857142857142,0.0,20,2,0,2,1,0,1,0,0
NOC1=CC(C2=C(S)C(CO)=CC=C2C(=O)O)=CC=C1CS,10/000000032,"InChI=1S/C15H15NO4S2/c16-20-12-5-8(1-2-10(12)7-21)13-11(15(18)19)4-3-9(6-17)14(13)22/h1-5,17,21-22H,6-7,16H2,(H,18,19)",C15H15NO4S2,337.04424996000006,2.515100000000001,4.3,6.62,19.2,-160.0,3.1072572033406027,1,HIGHDIVERSITY_LANAPDB,HsDHODH_HighDiv,6,5,92.78000000000002,5,15,4,1,0.6818181818181818,0.18181818181818182,0.045454545454545456,0.13333333333333333,0.0,22,2,0,2,0,0,0,0,0
NC/C=C1\CC2=CC=C(/C=C/[C@H](Cl)[SH](=O)=O)C(F)=C2N1,12/000000010,"InChI=1S/C13H14ClFN2O2S/c14-11(20(18)19)4-3-8-1-2-9-7-10(5-6-16)17-13(9)12(8)15/h1-5,11,17,20H,6-7,16H2/b4-3+,10-5+/t11-/m1/s1",C13H14N2O2SFCl,316.044854588,1.8258,4.3,5.66,21.7,-190.0,4.813266418758348,1,HIGHDIVERSITY_LANAPDB,HsDHODH_HighDiv,4,3,72.19,4,13,2,2,0.65,0.1,0.1,0.23076923076923078,0.07692307692307693,20,2,1,1,1,1,0,0,0
CCSCC1=C(Cl)C(O)=CC(N2CCNC2=O)=C1,16/000000039,"InChI=1S/C12H15ClN2O2S/c1-2-18-7-8-5-9(6-10(16)11(8)13)15-4-3-14-12(15)17/h5-6,16H,2-4,7H2,1H3,(H,14,17)",C12H15N2O2SCl,286.0542764,2.8283000000000005,4.3,3.76,16.8,-140.0,2.877281579838069,1,HIGHDIVERSITY_LANAPDB,HsDHODH_HighDiv,3,2,52.57,4,12,2,2,0.6666666666666666,0.1111111111111111,0.1111111111111111,0.4166666666666667,0.0,18,2,1,1,1,1,0,0,0
NC(=O)NC1=CC(C[C@@H](Cl)C(=O)/C=C/C2=CCON2)=CC=C1O,18/000000023,"InChI=1S/C15H16ClN3O4/c16-11(13(20)4-2-10-5-6-23-19-10)7-9-1-3-14(21)12(8-9)18-15(17)22/h1-5,8,11,19,21H,6-7H2,(H3,17,18,22)/b4-2+/t11-/m1/s1",C15H16N3O4Cl,337.08293367199997,1.5767000000000002,4.3,4.45,7.68,-150.0,3.935685872739347,1,HIGHDIVERSITY_LANAPDB,HsDHODH_HighDiv,5,4,113.68,6,15,4,3,0.6521739130434783,0.17391304347826086,0.13043478260869565,0.2,0.06666666666666667,23,2,1,1,1,1,0,0,0
O=C(C1=CNC=C1C=S)C1=NN(C(=O)O)C=C1Br,3/000000045,"InChI=1S/C10H6BrN3O3S/c11-7-3-14(10(16)17)13-8(7)9(15)6-2-12-1-5(6)4-18/h1-4,12H,(H,16,17)",C10H5N3O3SBr,326.931324152,2.0786,4.3,7.61,2.22,0.0,3.7859416426324177,1,HIGHDIVERSITY_LANAPDB,HsDHODH_HighDiv,5,2,87.98,3,10,3,3,0.5555555555555556,0.16666666666666666,0.16666666666666666,0.0,0.0,18,2,0,2,2,0,2,0,0
O=C([C@H](O)/C=C/C1=CC=C(O)C(S)=C1)N1COC=N1,1/000000004,"InChI=1S/C12H12N2O4S/c15-9-3-1-8(5-11(9)19)2-4-10(16)12(17)14-7-18-6-13-14/h1-6,10,15-16,19H,7H2/b4-2+/t10-/m1/s1",C12H12N2O4S,280.05177786400003,0.8145999999999998,4.3,4.76,3.58,-150.0,4.364999039117316,1,HIGHDIVERSITY_LANAPDB,HsDHODH_HighDiv,6,3,82.36,3,12,4,2,0.631578947368421,0.21052631578947367,0.10526315789473684,0.16666666666666666,0.08333333333333333,19,2,1,1,1,1,0,0,0
OC1=CC(/C=C/C[C@@H](O)C2=CC=NC=C2F)=CC(I)=C1,12/000000034,"InChI=1S/C15H13FINO2/c16-14-9-18-5-4-13(14)15(20)3-1-2-10-6-11(17)8-12(19)7-10/h1-2,4-9,15,19-20H,3H2/b2-1+/t15-/m1/s1",C15H13NO2FI,384.997504876,3.6678000000000015,4.3,3.56,5.09,-150.0,3.3331979871899167,1,HIGHDIVERSITY_LANAPDB,HsDHODH_HighDiv,3,2,53.35,4,15,2,1,0.75,0.1,0.05,0.13333333333333333,0.06666666666666667,20,2,0,2,1,0,1,0,0
N/C=C\C1=C(S)C=C(CO)C([N+](=O)[O-])=C1,10/000000092,"InChI=1S/C9H10N2O3S/c10-2-1-6-3-8(11(13)14)7(5-12)4-9(6)15/h1-4,12,15H,5,10H2/b2-1-",C9H10N2O3S,226.04121318,1.3052,4.3,5.84,2.47,0.0,3.402785041880839,1,HIGHDIVERSITY_LANAPDB,HsDHODH_HighDiv,5,3,89.39,3,9,3,2,0.6,0.2,0.13333333333333333,0.1111111111111111,0.0,15,1,0,1,0,0,0,0,0
N[C@H](CC1=CNNC1)C(=O)/C=C/C1=CCON1,18/000000010,"InChI=1S/C11H16N4O2/c12-10(5-8-6-13-14-7-8)11(16)2-1-9-3-4-17-15-9/h1-3,6,10,13-15H,4-5,7,12H2/p+1/b2-1+/t10-/m1/s1",C11H17N4O2,236.127325752,-0.7604999999999993,4.29,3.04,3.58,-150.0,5.558489275993823,1,HIGHDIVERSITY_LANAPDB,HsDHODH_HighDiv,6,4,88.41000000000001,5,11,2,4,0.6470588235294118,0.11764705882352941,0.23529411764705882,0.36363636363636365,0.09090909090909091,17,2,2,0,2,2,0,0,0
CC[C@H](O)C1=CC=C(SS)C(O)=C1I,24/000000031,"InChI=1S/C9H11IO2S2/c1-2-6(11)5-3-4-7(14-13)9(12)8(5)10/h3-4,6,11-13H,2H2,1H3/t6-/m0/s1",C9H11O2S2I,341.924519592,3.3771000000000013,4.29,3.71,13.3,-170.0,3.964300080727921,1,HIGHDIVERSITY_LANAPDB,HsDHODH_HighDiv,4,3,40.46,3,9,2,0,0.6428571428571429,0.14285714285714285,0.0,0.3333333333333333,0.1111111111111111,14,1,0,1,0,0,0,0,0
CN(C[C@@H]1C=CCO1)C(=O)CC1=CC=C(SS)C(O)=C1I,24/000000034,"InChI=1S/C14H16INO3S2/c1-16(8-10-3-2-6-19-10)12(17)7-9-4-5-11(21-20)14(18)13(9)15/h2-5,10,18,20H,6-8H2,1H3/t10-/m0/s1",C14H16NO3S2I,436.96163337199994,2.8896000000000015,4.28,3.14,3.58,-190.0,4.1933817046141275,1,HIGHDIVERSITY_LANAPDB,HsDHODH_HighDiv,5,2,49.769999999999996,5,14,3,1,0.6666666666666666,0.14285714285714285,0.047619047619047616,0.35714285714285715,0.07142857142857142,21,2,1,1,1,1,0,0,0
C=CCC[C@@](O)(CO)C(=O)C1=CC=C(SS)C(O)=C1I,24/000000020,"InChI=1S/C13H15IO4S2/c1-2-3-6-13(18,7-15)12(17)8-4-5-9(20-19)11(16)10(8)14/h2,4-5,15-16,18-19H,1,3,6-7H2/t13-/m1/s1",C13H15O4S2I,425.94564896,2.806000000000001,4.28,4.57,3.7,-150.0,4.283781420737501,1,HIGHDIVERSITY_LANAPDB,HsDHODH_HighDiv,6,4,77.76,7,13,4,0,0.65,0.2,0.0,0.3076923076923077,0.07692307692307693,20,1,0,1,0,0,0,0,0
C=CC(=C)C1=CNC=C1C(=O)C1=CSC(C(=O)O)=N1,3/000000027,"InChI=1S/C13H10N2O3S/c1-3-7(2)8-4-14-5-9(8)11(16)10-6-19-12(15-10)13(17)18/h3-6,14H,1-2H2,(H,17,18)",C13H10N2O3S,274.04121318,2.5996000000000006,4.28,6.84,2.35,0.0,3.4155329671931565,1,HIGHDIVERSITY_LANAPDB,HsDHODH_HighDiv,4,2,83.05,5,13,3,2,0.6842105263157895,0.15789473684210525,0.10526315789473684,0.0,0.0,19,2,0,2,2,0,2,0,0
OC/C=C/C1=C(I)C(I)=CC(O)=C1,12/000000021,"InChI=1S/C9H8I2O2/c10-8-5-7(13)4-6(9(8)11)2-1-3-12/h1-2,4-5,12-13H,3H2/b2-1+",C9H8O2I2,401.861375496,2.6069000000000004,4.28,3.51,3.58,0.0,3.342037991767068,1,HIGHDIVERSITY_LANAPDB,HsDHODH_HighDiv,2,2,40.46,2,9,2,0,0.6923076923076923,0.15384615384615385,0.0,0.1111111111111111,0.0,13,1,0,1,0,0,0,0,0
O=C(/C=C\C#CC1=C(C2=CC=C(O)C(O)=C2Br)ON=C1)CO,12/000000020,"InChI=1S/C15H10BrNO5/c16-13-11(5-6-12(20)14(13)21)15-9(7-17-22-15)3-1-2-4-10(19)8-18/h2,4-7,18,20-21H,8H2/b4-2-",C15H10NO5Br,362.97423452,1.9844000000000013,4.27,7.27,3.58,-120.0,3.654447442937072,1,HIGHDIVERSITY_LANAPDB,HsDHODH_HighDiv,6,3,103.79,3,15,5,1,0.6818181818181818,0.22727272727272727,0.045454545454545456,0.06666666666666667,0.0,22,2,0,2,1,0,1,0,0
NC(=O)NC1=CC=C(CC[C@@H]2CC(=O)O2)C=C1Cl,11/000000059,"InChI=1S/C12H13ClN2O3/c13-9-5-7(1-3-8-6-11(16)18-8)2-4-10(9)15-12(14)17/h2,4-5,8H,1,3,6H2,(H3,14,15,17)/t8-/m1/s1",C12H12N2O3Cl,268.061469956,2.0787000000000004,4.26,5.31,2.22,-150.0,2.696217398010175,1,HIGHDIVERSITY_LANAPDB,HsDHODH_HighDiv,3,2,81.42,4,12,3,2,0.6666666666666666,0.16666666666666666,0.1111111111111111,0.3333333333333333,0.08333333333333333,18,2,1,1,1,1,0,0,0
O=[N+]([O-])C1=CC=C(S)C=C1S,10/000000063,"InChI=1S/C6H5NO2S2/c8-7(9)5-2-1-4(10)3-6(5)11/h1-3,10-11H",C6H5NO2S2,186.9761704,2.1721999999999997,4.26,6.68,1.11,0.0,3.1065971532733574,1,HIGHDIVERSITY_LANAPDB,HsDHODH_HighDiv,4,2,43.14,1,6,2,1,0.5454545454545454,0.18181818181818182,0.09090909090909091,0.0,0.0,11,1,0,1,0,0,0,0,0
O=C(CCC1=CC=CN=C1)NCC1=CC(C2=CSC=C2)=CN1,25/000000003,"InChI=1S/C17H17N3OS/c21-17(4-3-13-2-1-6-18-9-13)20-11-16-8-15(10-19-16)14-5-7-22-12-14/h1-2,5-10,12,19H,3-4,11H2,(H,20,21)",C17H17N3OS,311.10923316400005,3.387200000000001,4.26,2.33,22.5,-120.0,2.5174611086660477,1,HIGHDIVERSITY_LANAPDB,HsDHODH_HighDiv,3,2,57.78,6,17,1,3,0.7727272727272727,0.045454545454545456,0.13636363636363635,0.17647058823529413,0.0,22,3,0,3,3,0,3,0,0
NC1=C(C#C[C@@H](O)CCCO)C=C(O)C(CO)=C1,8/000000007,"InChI=1S/C13H17NO4/c14-12-6-10(8-16)13(18)7-9(12)3-4-11(17)2-1-5-15/h6-7,11,15-18H,1-2,5,8,14H2/t11-/m0/s1",C13H17NO4,251.115758024,-0.04839999999999994,4.26,4.4,2.35,-150.0,3.517068261432468,1,HIGHDIVERSITY_LANAPDB,HsDHODH_HighDiv,5,5,106.94000000000001,4,13,4,1,0.7222222222222222,0.2222222222222222,0.05555555555555555,0.38461538461538464,0.07692307692307693,18,1,0,1,0,0,0,0,0
O=C(O)C1=C(O)C=C([N+](=O)[O-])C=C1O,29/000000035,"InChI=1S/C7H5NO6/c9-4-1-3(8(13)14)2-5(10)6(4)7(11)12/h1-2,9-10H,(H,11,12)",C7H4NO6,199.01168688,0.7041999999999997,4.25,4.9,1.23,0.0,2.3304652010767537,1,HIGHDIVERSITY_LANAPDB,HsDHODH_HighDiv,5,3,120.9,2,7,6,1,0.5,0.42857142857142855,0.07142857142857142,0.0,0.0,14,1,0,1,0,0,0,0,0
O=C(O)C1=CC=C(S)C=C1O,10/000000050,"InChI=1S/C7H6O3S/c8-6-3-4(11)1-2-5(6)7(9)10/h1-3,8,11H,(H,9,10)",C7H6O3S,170.003765052,1.3791,4.24,6.16,1.11,0.0,2.33151333364471,1,HIGHDIVERSITY_LANAPDB,HsDHODH_HighDiv,3,3,57.53,1,7,3,0,0.6363636363636364,0.2727272727272727,0.0,0.0,0.0,11,1,0,1,0,0,0,0,0
O=C(CC1=CC=C(SS)C(O)=C1I)OCC1=NN=CO1,24/000000055,"InChI=1S/C11H9IN2O4S2/c12-10-6(1-2-7(20-19)11(10)16)3-9(15)17-4-8-14-13-5-18-8/h1-2,5,16,19H,3-4H2",C11H9N2O4S2I,423.904846768,2.6026000000000016,4.24,2.53,3.58,-20.0,3.506582004182647,1,HIGHDIVERSITY_LANAPDB,HsDHODH_HighDiv,8,2,85.45,5,11,4,2,0.55,0.2,0.1,0.18181818181818182,0.0,20,2,0,2,1,0,1,0,0
S[C@H](/C=C/NC/C=C\CC1=CSN=N1)C1=NC=NC=C1,29/000000155,"InChI=1S/C13H15N5S2/c19-13(12-4-7-15-10-16-12)5-8-14-6-2-1-3-11-9-20-18-17-11/h1-2,4-5,7-10,13-14,19H,3,6H2/b2-1-,8-5+/t13-/m1/s1",C13H15N5S2,305.07688748000004,2.2012,4.23,1.49,3.58,-190.0,4.5096957893877185,1,HIGHDIVERSITY_LANAPDB,HsDHODH_HighDiv,7,2,63.59,7,13,0,5,0.65,0.0,0.25,0.23076923076923078,0.07692307692307693,20,2,0,2,2,0,2,0,0
NC/C=C/C1=CC(O)=C(I)C(O)=C1,29/000000038,"InChI=1S/C9H10INO2/c10-9-7(12)4-6(2-1-3-11)5-8(9)13/h1-2,4-5,12-13H,3,11H2/b2-1+",C9H10NO2I,290.97562655999997,1.6743,4.23,2.64,3.58,-20.0,3.1123302994593764,1,HIGHDIVERSITY_LANAPDB,HsDHODH_HighDiv,3,3,66.48,2,9,2,1,0.6923076923076923,0.15384615384615385,0.07692307692307693,0.1111111111111111,0.0,13,1,0,1,0,0,0,0,0
C=C[C@H](CC)NCC#CC1=C(S)C(S)=CC=C1CN,10/000000078,"InChI=1S/C15H20N2S2/c1-3-12(4-2)17-9-5-6-13-11(10-16)7-8-14(18)15(13)19/h3,7-8,12,17-19H,1,4,9-10,16H2,2H3/t12-/m1/s1",C15H20N2S2,292.10679064000004,2.6284,4.23,5.75,19.4,-170.0,4.268367103201273,1,HIGHDIVERSITY_LANAPDB,HsDHODH_HighDiv,4,4,38.05,5,15,0,2,0.7894736842105263,0.0,0.10526315789473684,0.3333333333333333,0.06666666666666667,19,1,0,1,0,0,0,0,0
CCO[P@](=O)(O)C1=CC=C(SS)C(O)=C1I,24/000000018,"InChI=1S/C8H10IO4PS2/c1-2-13-14(11,12)5-3-4-6(16-15)8(10)7(5)9/h3-4,10,15H,2H2,1H3,(H,11,12)",C8H10O4PS2I,391.88028543,2.780900000000001,4.22,5.8,3.46,-20.0,4.287425172641317,1,HIGHDIVERSITY_LANAPDB,HsDHODH_HighDiv,5,3,66.76,4,8,4,0,0.5,0.25,0.0,0.25,0.0,16,1,0,1,0,0,0,0,0
COCC1=CC=C([S@+]([O-])C2=CC(O)=C(I)C=C2O)C=C1,12/000000092,"InChI=1S/C14H13IO4S/c1-19-8-9-2-4-10(5-3-9)20(18)14-7-12(16)11(15)6-13(14)17/h2-7,16-17H,8H2,1H3/t20-/m0/s1",C14H13O4SI,403.957927896,3.015500000000001,4.22,4.56,15.7,-20.0,3.283417467709397,1,HIGHDIVERSITY_LANAPDB,HsDHODH_HighDiv,4,2,72.75,4,14,4,0,0.7,0.2,0.0,0.14285714285714285,0.0,20,2,0,2,0,0,0,0,0
O=C(O)C(=C\C1=CC=C(C(=O)O)C(F)=C1F)/C=C/[N+](=O)[O-],16/000000041,"InChI=1S/C12H7F2NO6/c13-9-6(1-2-8(10(9)14)12(18)19)5-7(11(16)17)3-4-15(20)21/h1-5H,(H,16,17)(H,18,19)/b4-3+,7-5-",C12H7NO6F2,299.024143384,1.9214,4.22,5.37,2.22,-30.0,3.1872729910615396,1,HIGHDIVERSITY_LANAPDB,HsDHODH_HighDiv,4,2,117.74000000000001,5,12,6,1,0.5714285714285714,0.2857142857142857,0.047619047619047616,0.0,0.0,21,1,0,1,0,0,0,0,0
O=C(O)C1=C(OCCO)C(O)=C(C2=NN=CS2)C=N1,20/000000015,"InChI=1S/C10H9N3O5S/c14-1-2-18-8-6(10(16)17)11-3-5(7(8)15)9-13-12-4-19-9/h3-4,14H,1-2H2,(H,11,15)(H,16,17)",C10H9N3O5S,283.02629138800006,0.3749999999999999,4.21,1.87,21.9,-160.0,3.067779277341643,1,HIGHDIVERSITY_LANAPDB,HsDHODH_HighDiv,8,3,125.66000000000001,5,10,5,3,0.5263157894736842,0.2631578947368421,0.15789473684210525,0.2,0.0,19,2,0,2,2,0,2,0,0
N[C@H](CC1=NC=CC(OCC(=O)O)=C1)C(=O)/C=C/C1=CCON1,18/000000026,"InChI=1S/C15H17N3O5/c16-13(14(19)2-1-10-4-6-23-18-10)8-11-7-12(3-5-17-11)22-9-15(20)21/h1-5,7,13,18H,6,8-9,16H2,(H,20,21)/p+1/b2-1+/t13-/m1/s1",C15H18N3O5,319.11682064400003,-0.041200000000000736,4.21,4.28,5.08,-150.0,4.239678346851772,1,HIGHDIVERSITY_LANAPDB,HsDHODH_HighDiv,7,3,123.77000000000002,8,15,5,3,0.6521739130434783,0.21739130434782608,0.13043478260869565,0.26666666666666666,0.06666666666666667,23,2,1,1,2,1,1,0,0
CS[C@@H](CCC1=CC=C(NC(N)=O)C(Cl)=C1)C(=O)O,11/000000066,"InChI=1S/C12H15ClN2O3S/c1-19-10(11(16)17)5-3-7-2-4-9(8(13)6-7)15-12(14)18/h2,4,6,10H,3,5H2,1H3,(H,16,17)(H3,14,15,18)/t10-/m0/s1",C12H14N2O3SCl,302.04919101999997,2.5793999999999997,4.21,6.34,2.22,-170.0,2.861015362860167,1,HIGHDIVERSITY_LANAPDB,HsDHODH_HighDiv,3,3,92.42,6,12,3,2,0.631578947368421,0.15789473684210525,0.10526315789473684,0.3333333333333333,0.08333333333333333,19,1,0,1,0,0,0,0,0
NCC1=NN(C2=CC(O)=CC=C2CO)C=C1Br,12/000000005,"InChI=1S/C11H12BrN3O2/c12-9-5-15(14-10(9)4-13)11-3-8(17)2-1-7(11)6-16/h1-3,5,16-17H,4,6,13H2",C11H12N3O2Br,297.011288724,1.2913999999999997,4.21,5.1,16.7,-120.0,2.8287876947701793,1,HIGHDIVERSITY_LANAPDB,HsDHODH_HighDiv,5,3,84.3,3,11,2,3,0.6470588235294118,0.11764705882352941,0.17647058823529413,0.18181818181818182,0.0,17,2,0,2,1,0,1,0,0
NOC1=CC=C(N[C@@H](S)CC[N+](=O)[O-])C=C1,6/000000002,"InChI=1S/C9H13N3O3S/c10-15-8-3-1-7(2-4-8)11-9(16)5-6-12(13)14/h1-4,9,11,16H,5-6,10H2/t9-/m0/s1",C9H13N3O3S,243.067762276,1.2736999999999998,4.21,3.4,15.9,-150.0,3.651197700113844,1,HIGHDIVERSITY_LANAPDB,HsDHODH_HighDiv,6,3,90.42,6,9,3,3,0.5625,0.1875,0.1875,0.3333333333333333,0.1111111111111111,16,1,0,1,0,0,0,0,0
NC1=CC=C(F)C=C1[C@@H](O)C#C/C=C\C(=O)CO,12/000000023,"InChI=1S/C13H12FNO3/c14-9-5-6-12(15)11(7-9)13(18)4-2-1-3-10(17)8-16/h1,3,5-7,13,16,18H,8,15H2/b3-1-/t13-/m0/s1",C13H12NO3F,249.080121464,0.5623,4.2,6.04,3.58,-150.0,3.6886475392974583,1,HIGHDIVERSITY_LANAPDB,HsDHODH_HighDiv,4,3,83.55,3,13,3,1,0.7222222222222222,0.16666666666666666,0.05555555555555555,0.15384615384615385,0.07692307692307693,18,1,0,1,0,0,0,0,0
CCCOC[C@@H](O)/C=C/C1=CC(I)=CC(O)=C1,12/000000025,"InChI=1S/C13H17IO3/c1-2-5-17-9-12(15)4-3-10-6-11(14)8-13(16)7-10/h3-4,6-8,12,15-16H,2,5,9H2,1H3/b4-3+/t12-/m0/s1",C13H17O3I,348.022242404,2.797500000000001,4.2,4.03,2.22,-170.0,3.2973536134800465,1,HIGHDIVERSITY_LANAPDB,HsDHODH_HighDiv,3,2,49.69,6,13,3,0,0.7647058823529411,0.17647058823529413,0.0,0.38461538461538464,0.07692307692307693,17,1,0,1,0,0,0,0,0
OCCN/C=C/C1=CC=C(O)C=C1O,16/000000005,"InChI=1S/C10H13NO3/c12-6-5-11-4-3-8-1-2-9(13)7-10(8)14/h1-4,7,11-14H,5-6H2/b4-3+",C10H13NO3,195.089543276,0.6504000000000001,4.2,2.17,2.22,-40.0,2.786907804627049,1,HIGHDIVERSITY_LANAPDB,HsDHODH_HighDiv,4,4,72.72,4,10,3,1,0.7142857142857143,0.21428571428571427,0.07142857142857142,0.2,0.0,14,1,0,1,0,0,0,0,0
N/C=C\CC[C@@](O)(CO)C(=O)C1=CC=C(SS)C(O)=C1I,24/000000075,"InChI=1S/C13H16INO4S2/c14-10-8(3-4-9(21-20)11(10)17)12(18)13(19,7-16)5-1-2-6-15/h2-4,6,16-17,19-20H,1,5,7,15H2/b6-2-/t13-/m1/s1",C13H16NO4S2I,440.95654799199997,2.0924000000000005,4.19,4.18,3.7,-180.0,4.533045592450429,1,HIGHDIVERSITY_LANAPDB,HsDHODH_HighDiv,7,5,103.78000000000002,7,13,4,1,0.6190476190476191,0.19047619047619047,0.047619047619047616,0.3076923076923077,0.07692307692307693,21,1,0,1,0,0,0,0,0
C#CCC(=C)[C@H](N)C1=CC=C(SS)C(O)=C1I,24/000000058,"InChI=1S/C12H12INOS2/c1-3-4-7(2)11(14)8-5-6-9(17-16)12(15)10(8)13/h1,5-6,11,15-16H,2,4,14H2/t11-/m0/s1",C12H12NOS2I,376.940504004,3.5130000000000017,4.19,6.69,19.1,-150.0,4.6037111912214534,1,HIGHDIVERSITY_LANAPDB,HsDHODH_HighDiv,4,3,46.25,4,12,1,1,0.7058823529411765,0.058823529411764705,0.058823529411764705,0.16666666666666666,0.08333333333333333,17,1,0,1,0,0,0,0,0
C=CC[C@@](O)(CO)C(=O)C1=CC=C(SS)C(O)=C1I,24/000000084,"InChI=1S/C12H13IO4S2/c1-2-5-12(17,6-14)11(16)7-3-4-8(19-18)10(15)9(7)13/h2-4,14-15,17-18H,1,5-6H2/t12-/m1/s1",C12H13O4S2I,411.92999889600003,2.4159000000000006,4.19,4.68,2.35,-150.0,4.330344937520799,1,HIGHDIVERSITY_LANAPDB,HsDHODH_HighDiv,6,4,77.76,6,12,4,0,0.631578947368421,0.21052631578947367,0.0,0.25,0.08333333333333333,19,1,0,1,0,0,0,0,0
CC1=CC=C(C2=C(S)C(CO)=CC=C2C(=O)O)C=C1ON,10/000000009,"InChI=1S/C15H15NO4S/c1-8-2-3-9(6-12(8)20-16)13-11(15(18)19)5-4-10(7-17)14(13)21/h2-6,17,21H,7,16H2,1H3,(H,18,19)",C15H15NO4S,305.07217896000003,2.39372,4.19,5.7,16.7,-180.0,2.7843035394605096,1,HIGHDIVERSITY_LANAPDB,HsDHODH_HighDiv,5,4,92.78,4,15,4,1,0.7142857142857143,0.19047619047619047,0.047619047619047616,0.13333333333333333,0.0,21,2,0,2,0,0,0,0,0
CC1=C(CCCCS(=O)(=O)O)C=C(C2=NN=CO2)C=C1O,27/000000003,"InChI=1S/C13H16N2O5S/c1-9-10(4-2-3-5-21(17,18)19)6-11(7-12(9)16)13-15-14-8-20-13/h6-8,16H,2-5H2,1H3,(H,17,18,19)",C13H16N2O5S,312.07799261199995,1.9611199999999998,4.19,2.05,22.1,-140.0,2.7784757159228857,1,HIGHDIVERSITY_LANAPDB,HsDHODH_HighDiv,6,2,113.52000000000001,6,13,5,2,0.6190476190476191,0.23809523809523808,0.09523809523809523,0.38461538461538464,0.0,21,2,0,2,1,0,1,0,0
NC(=O)CC1=CC2=C(CC[C@H]2CCS)C(O)=C1,12/000000030,"InChI=1S/C13H17NO2S/c14-13(16)7-8-5-11-9(3-4-17)1-2-10(11)12(15)6-8/h5-6,9,15,17H,1-4,7H2,(H2,14,16)/t9-/m0/s1",C13H17NO2S,251.097999784,1.7697,4.19,3.41,3.72,-190.0,3.370331682219817,1,HIGHDIVERSITY_LANAPDB,HsDHODH_HighDiv,3,3,63.32000000000001,4,13,2,1,0.7647058823529411,0.11764705882352941,0.058823529411764705,0.46153846153846156,0.07692307692307693,17,2,1,1,0,0,0,0,0
O=[N+]([O-])C1=C(CNO)N(C[C@H](O)C2=NN=C(S)O2)C=N1,7/000000002,"InChI=1S/C8H10N6O5S/c15-5(7-11-12-8(20)19-7)2-13-3-9-6(14(17)18)4(13)1-10-16/h3,5,10,15-16H,1-2H2,(H,12,20)/t5-/m0/s1",C8H10N6O5S,302.04333842,-0.3246000000000002,4.18,6.51,2.35,-150.0,4.265321243933174,1,HIGHDIVERSITY_LANAPDB,HsDHODH_HighDiv,11,4,152.37,6,8,5,6,0.4,0.25,0.3,0.375,0.125,20,2,0,2,2,0,2,0,0
[O-][S@@+](C1=CC=C(C2=NOC=N2)C=C1)C1=CC(O)=C(I)C=C1O,12/000000156,"InChI=1S/C14H9IN2O4S/c15-10-5-12(19)13(6-11(10)18)22(20)9-3-1-8(2-4-9)14-16-7-21-17-14/h1-7,18-19H/t22-/m0/s1",C14H9N2O4SI,427.932775768,2.9191000000000007,4.18,5.01,22.1,-120.0,3.651821961604875,1,HIGHDIVERSITY_LANAPDB,HsDHODH_HighDiv,6,2,102.44000000000001,3,14,4,2,0.6363636363636364,0.18181818181818182,0.09090909090909091,0.0,0.0,22,3,0,3,1,0,1,0,0
COC1=C(Cl)C(C[C@@H](S)C2=CC(F)=C(O)C([N+](=O)[O-])=C2)=CC=C1,11/000000007,"InChI=1S/C15H13ClFNO4S/c1-22-12-4-2-3-8(14(12)16)7-13(23)9-5-10(17)15(19)11(6-9)18(20)21/h2-6,13,19,23H,7H2,1H3/t13-/m1/s1",C15H13NO4SFCl,357.023784796,4.315100000000002,4.18,4.41,4.94,-193.0,3.2882483029502634,1,HIGHDIVERSITY_LANAPDB,HsDHODH_HighDiv,5,2,72.6,5,15,4,1,0.6521739130434783,0.17391304347826086,0.043478260869565216,0.2,0.06666666666666667,23,2,0,2,0,0,0,0,0
NC/C=C1\CC2=CC=C(/C=C/[C@H](Cl)[SH](=O)=O)C=C2N1,12/000000001,"InChI=1S/C13H15ClN2O2S/c14-13(19(17)18)4-2-9-1-3-10-8-11(5-6-15)16-12(10)7-9/h1-5,7,13,16,19H,6,8,15H2/b4-2+,11-5+/t13-/m1/s1",C13H15N2O2SCl,298.05427640000005,1.6867,4.18,5.48,19.0,-190.0,4.5108016515991745,1,HIGHDIVERSITY_LANAPDB,HsDHODH_HighDiv,4,3,72.19,4,13,2,2,0.6842105263157895,0.10526315789473684,0.10526315789473684,0.23076923076923078,0.07692307692307693,19,2,1,1,1,1,0,0,0
O=C(CO)C1=NC=C(C2=NN=CN2)C(O)=C1,20/000000016,"InChI=1S/C9H8N4O3/c14-3-8(16)6-1-7(15)5(2-10-6)9-11-4-12-13-9/h1-2,4,14H,3H2,(H,10,15)(H,11,12,13)",C9H8N4O3,220.059640116,-0.25270000000000004,4.17,0.57,16.0,-180.0,3.422742321502179,1,HIGHDIVERSITY_LANAPDB,HsDHODH_HighDiv,6,3,111.99,3,9,3,4,0.5625,0.1875,0.25,0.1111111111111111,0.0,16,2,0,2,2,0,2,0,0
C=C[C@@H](C)OC(=O)C1=CC(O)=C(S)C(O)=C1,29/000000046,"InChI=1S/C11H12O4S/c1-3-6(2)15-11(14)7-4-8(12)10(16)9(13)5-7/h3-6,12-13,16H,1H2,2H3/t6-/m1/s1",C11H12O4S,240.045629864,2.117800000000001,4.17,2.05,3.85,-190.0,3.603257040773185,1,HIGHDIVERSITY_LANAPDB,HsDHODH_HighDiv,5,3,66.76,3,11,4,0,0.6875,0.25,0.0,0.18181818181818182,0.09090909090909091,16,1,0,1,0,0,0,0,0
N/C=C\C1=C(S)C([C@@H](N)O)=CC([N+](=O)[O-])=C1,10/000000087,"InChI=1S/C9H11N3O3S/c10-2-1-5-3-6(12(14)15)4-7(8(5)16)9(11)13/h1-4,9,13,16H,10-11H2/b2-1-/t9-/m0/s1",C9H11N3O3S,241.052112212,0.7625000000000002,4.17,5.44,16.9,-150.0,4.0458526451687895,1,HIGHDIVERSITY_LANAPDB,HsDHODH_HighDiv,6,4,115.41,3,9,3,3,0.5625,0.1875,0.1875,0.1111111111111111,0.1111111111111111,16,1,0,1,0,0,0,0,0
CCNCOCC1=C(Br)C(C(=O)C2=CNC=C2)=NN1C(=O)O,3/000000041,"InChI=1S/C13H15BrN4O4/c1-2-15-7-22-6-9-10(14)11(17-18(9)13(20)21)12(19)8-3-4-16-5-8/h3-5,15-16H,2,6-7H2,1H3,(H,20,21)",C13H14N4O4Br,370.02766706000006,1.8144,4.17,4.38,5.09,-40.0,3.552124366013995,1,HIGHDIVERSITY_LANAPDB,HsDHODH_HighDiv,6,3,109.24,7,13,4,4,0.5909090909090909,0.18181818181818182,0.18181818181818182,0.3076923076923077,0.0,22,2,0,2,2,0,2,0,0
OCCC1=C(C2=CC(F)=C(CCl)C(O)=C2)NC(CO)=N1,10/000000060,"InChI=1S/C13H14ClFN2O3/c14-5-8-9(15)3-7(4-11(8)20)13-10(1-2-18)16-12(6-19)17-13/h3-4,18-20H,1-2,5-6H2,(H,16,17)",C13H14N2O3FCl,300.067698208,1.6872999999999996,4.16,7.29,2.35,-120.0,3.1737899212655627,1,HIGHDIVERSITY_LANAPDB,HsDHODH_HighDiv,4,4,89.37,5,13,3,2,0.65,0.15,0.1,0.3076923076923077,0.0,20,2,0,2,1,0,1,0,0
[O-][S@@+](C1=CC=C(O)C=C1)C1=C(O)C=C(I)C(O)=C1,12/000000061,"InChI=1S/C12H9IO4S/c13-9-5-11(16)12(6-10(9)15)18(17)8-3-1-7(14)2-4-8/h1-6,14-16H/t18-/m0/s1",C12H9O4SI,375.926627768,2.5747,4.16,3.37,14.5,0.0,3.387875168810802,1,HIGHDIVERSITY_LANAPDB,HsDHODH_HighDiv,4,3,83.75,2,12,4,0,0.6666666666666666,0.2222222222222222,0.0,0.0,0.0,18,2,0,2,0,0,0,0,0
C=C[C@H](CC(=O)OCC1=CC(CCO)=CC=C1)ON,6/000000001,"InChI=1S/C14H19NO4/c1-2-13(19-15)9-14(17)18-10-12-5-3-4-11(8-12)6-7-16/h2-5,8,13,16H,1,6-7,9-10,15H2/t13-/m1/s1",C14H19NO4,265.131408088,1.0996,4.16,8.73,3.58,-150.0,3.0842637706122353,1,HIGHDIVERSITY_LANAPDB,HsDHODH_HighDiv,5,2,81.78,8,14,4,1,0.7368421052631579,0.21052631578947367,0.05263157894736842,0.35714285714285715,0.07142857142857142,19,1,0,1,0,0,0,0,0
O=C(C1=NN=C(CS)O1)C1=CNC2=C1C(O)=CC=C2CCO,27/000000004,"InChI=1S/C14H13N3O4S/c18-4-3-7-1-2-9(19)11-8(5-15-12(7)11)13(20)14-17-16-10(6-22)21-14/h1-2,5,15,18-19,22H,3-4,6H2",C14H13N3O4S,319.062676896,1.4520999999999997,4.16,2.53,24.7,-80.0,3.3074042504870045,1,HIGHDIVERSITY_LANAPDB,HsDHODH_HighDiv,7,4,112.24000000000001,5,14,4,3,0.6363636363636364,0.18181818181818182,0.13636363636363635,0.21428571428571427,0.0,22,3,0,3,2,0,2,0,0
O=NC1=CC=C(S)C(C2=CCC=C2)=C1S,10/000000081,"InChI=1S/C11H9NOS2/c13-12-8-5-6-9(14)10(11(8)15)7-3-1-2-4-7/h1,3-6,14-15H,2H2",C11H9NOS2,235.012555908,4.005200000000001,4.16,6.85,17.0,-120.0,3.90702982210062,1,HIGHDIVERSITY_LANAPDB,HsDHODH_HighDiv,4,2,29.43,2,11,1,1,0.7333333333333333,0.06666666666666667,0.06666666666666667,0.09090909090909091,0.0,15,2,1,1,0,0,0,0,0
NCC/C=C/[C@H](S)CC1=CC=C(NC(=O)CO)C(Cl)=C1,11/000000065,"InChI=1S/C14H19ClN2O2S/c15-12-8-10(7-11(20)3-1-2-6-16)4-5-13(12)17-14(19)9-18/h1,3-5,8,11,18,20H,2,6-7,9,16H2,(H,17,19)/b3-1+/t11-/m0/s1",C14H19N2O2SCl,314.085576528,2.0167,4.16,7.48,3.58,-150.0,3.3528521530240827,1,HIGHDIVERSITY_LANAPDB,HsDHODH_HighDiv,4,4,75.35,7,14,2,2,0.7,0.1,0.1,0.35714285714285715,0.07142857142857142,20,1,0,1,0,0,0,0,0
O=C(C1=C(O)C=C(I)C(O)=C1)N1C=C([N+](=O)[O-])C=N1,12/000000041,"InChI=1S/C10H6IN3O5/c11-7-2-8(15)6(1-9(7)16)10(17)13-4-5(3-12-13)14(18)19/h1-4,15-16H",C10H6N3O5I,374.93521829200006,1.4955999999999998,4.16,3.74,3.85,0.0,3.0022344638865084,1,HIGHDIVERSITY_LANAPDB,HsDHODH_HighDiv,7,2,118.49,2,10,5,3,0.5263157894736842,0.2631578947368421,0.15789473684210525,0.0,0.0,19,2,0,2,1,0,1,0,0
N[C@H](CC1=NNN=C1)C(=O)/C=C/C1=CCON1,18/000000003,"InChI=1S/C10H13N5O2/c11-9(5-8-6-12-15-13-8)10(16)2-1-7-3-4-17-14-7/h1-3,6,9,14H,4-5,11H2,(H,12,13,15)/p+1/b2-1+/t9-/m1/s1",C10H14N5O2,235.106924656,-0.7815000000000001,4.16,2.67,3.58,-150.0,5.006830249306226,1,HIGHDIVERSITY_LANAPDB,HsDHODH_HighDiv,6,3,105.92,5,10,2,5,0.5882352941176471,0.11764705882352941,0.29411764705882354,0.3,0.1,17,2,1,1,2,1,1,0,0
C#CCNCCC[C@@H](C#CC1=CC(S)=CC=C1I)ON,8/000000051,"InChI=1S/C15H17IN2OS/c1-2-9-18-10-3-4-13(19-17)6-5-12-11-14(20)7-8-15(12)16/h1,7-8,11,13,18,20H,3-4,9-10,17H2/p+1/t13-/m0/s1",C15H18N2OSI,400.010632164,2.1933000000000002,4.15,2.08,21.6,-159.0,5.2284817783987085,1,HIGHDIVERSITY_LANAPDB,HsDHODH_HighDiv,4,3,47.28,6,15,1,2,0.75,0.05,0.1,0.3333333333333333,0.06666666666666667,20,1,0,1,0,0,0,0,0
CC(=O)C1=CNC=C1C(=O)C1=NC=C([N+](=O)[O-])N1,3/000000002,"InChI=1S/C10H8N4O4/c1-5(15)6-2-11-3-7(6)9(16)10-12-4-8(13-10)14(17)18/h2-4,11H,1H3,(H,12,13)",C10H8N4O4,248.054554736,1.0796,4.15,6.05,3.58,-20.0,3.4235199785821813,1,HIGHDIVERSITY_LANAPDB,HsDHODH_HighDiv,5,2,121.75,4,10,4,4,0.5555555555555556,0.2222222222222222,0.2222222222222222,0.1,0.0,18,2,0,2,2,0,2,0,0
O=C(C1=CNC=C1CCO)C1=NN(C(=O)O)C=C1Br,3/000000028,"InChI=1S/C11H10BrN3O4/c12-8-5-15(11(18)19)14-9(8)10(17)7-4-13-3-6(7)1-2-16/h3-5,13,16H,1-2H2,(H,18,19)",C11H9N3O4Br,326.9854679,1.2656000000000003,4.15,6.75,3.58,0.0,3.4394255707434525,1,HIGHDIVERSITY_LANAPDB,HsDHODH_HighDiv,5,3,108.21,4,11,4,3,0.5789473684210527,0.21052631578947367,0.15789473684210525,0.18181818181818182,0.0,19,2,0,2,2,0,2,0,0
C#CC1=C(O)C=C([C@@H](N)CNCCO)C=C1O,29/000000069,"InChI=1S/C12H16N2O3/c1-2-9-11(16)5-8(6-12(9)17)10(13)7-14-3-4-15/h1,5-6,10,14-17H,3-4,7,13H2/t10-/m0/s1",C12H16N2O3,236.116092372,-0.3392000000000002,4.15,2.75,15.2,-190.0,3.558958950418777,1,HIGHDIVERSITY_LANAPDB,HsDHODH_HighDiv,5,5,98.74000000000001,5,12,3,2,0.7058823529411765,0.17647058823529413,0.11764705882352941,0.3333333333333333,0.08333333333333333,17,1,0,1,0,0,0,0,0
NC/C=C1\CC2=C(N1)C(O)=C(/C=C/[C@H](Cl)[SH](=O)=O)C=C2,12/000000014,"InChI=1S/C13H15ClN2O3S/c14-11(20(18)19)4-3-8-1-2-9-7-10(5-6-15)16-12(9)13(8)17/h1-5,11,16-17,20H,6-7,15H2/b4-3+,10-5+/t11-/m1/s1",C13H15N2O3SCl,314.04919101999997,1.3922999999999999,4.15,6.02,20.2,-190.0,4.8283008243527545,1,HIGHDIVERSITY_LANAPDB,HsDHODH_HighDiv,5,4,92.41999999999999,4,13,3,2,0.65,0.15,0.1,0.23076923076923078,0.07692307692307693,20,2,1,1,1,1,0,0,0
OCC1=CC=CC(C2=CC=C(CC3=NON=C3)C=C2)=C1S,10/000000004,"InChI=1S/C16H14N2O2S/c19-10-13-2-1-3-15(16(13)21)12-6-4-11(5-7-12)8-14-9-17-20-18-14/h1-7,9,19,21H,8,10H2",C16H14N2O2S,298.077598688,3.108400000000002,4.15,3.63,18.9,-188.0,2.9073871261068227,1,HIGHDIVERSITY_LANAPDB,HsDHODH_HighDiv,5,2,59.150000000000006,4,16,2,2,0.7619047619047619,0.09523809523809523,0.09523809523809523,0.125,0.0,21,3,0,3,1,0,1,0,0
C=C[C@H](COC1=CC=C(CC)C(O)=C1)OC(=O)CS,23/000000003,"InChI=1S/C14H18O4S/c1-3-10-5-6-12(7-13(10)15)17-8-11(4-2)18-14(16)9-19/h4-7,11,15,19H,2-3,8-9H2,1H3/t11-/m1/s1",C14H18O4S,282.09258005600003,2.361000000000001,4.15,2.81,3.58,-170.0,3.301777754088846,1,HIGHDIVERSITY_LANAPDB,HsDHODH_HighDiv,5,2,55.76,7,14,4,0,0.7368421052631579,0.21052631578947367,0.0,0.35714285714285715,0.07142857142857142,19,1,0,1,0,0,0,0,0
NC/C=C/C1=CC([N+](=O)[O-])=CC=C1S,10/000000086,"InChI=1S/C9H10N2O2S/c10-5-1-2-7-6-8(11(12)13)3-4-9(7)14/h1-4,6,14H,5,10H2/b2-1+",C9H10N2O2S,210.04629856,1.8554,4.15,5.88,2.35,0.0,2.932108925773109,1,HIGHDIVERSITY_LANAPDB,HsDHODH_HighDiv,4,2,69.16,3,9,2,2,0.6428571428571429,0.14285714285714285,0.14285714285714285,0.1111111111111111,0.0,14,1,0,1,0,0,0,0,0
C/C=C/[C@H](C(=O)O)C1=CCN=C1,8/000000022,"InChI=1S/C9H11NO2/c1-2-3-8(9(11)12)7-4-5-10-6-7/h2-4,6,8H,5H2,1H3,(H,11,12)/b3-2+/t8-/m0/s1",C9H10NO2,165.078978592,1.2741,4.15,1.68,3.58,-170.0,4.499343933026497,1,HIGHDIVERSITY_LANAPDB,HsDHODH_HighDiv,2,1,49.66,3,9,2,1,0.75,0.16666666666666666,0.08333333333333333,0.3333333333333333,0.1111111111111111,12,1,1,0,1,1,0,0,0
NC1=NC2=CC=C([C@H](N)C(=O)C3=C(Br)C(O)=C(F)C=C3)C=C2O1,24/000000003,"InChI=1S/C15H11BrFN3O3/c16-11-7(2-3-8(17)14(11)22)13(21)12(18)6-1-4-9-10(5-6)23-15(19)20-9/h1-5,12,22H,18H2,(H2,19,20)/t12-/m0/s1",C15H11N3O3FBr,378.99678153199994,2.8999000000000006,4.15,5.95,21.3,-190.0,3.3711329537833015,1,HIGHDIVERSITY_LANAPDB,HsDHODH_HighDiv,6,3,115.37,3,15,3,3,0.6521739130434783,0.13043478260869565,0.13043478260869565,0.06666666666666667,0.06666666666666667,23,3,0,3,1,0,1,0,0
NNCC/C=C/C1=CC(O)=C(I)C(O)=C1,29/000000044,"InChI=1S/C10H13IN2O2/c11-10-8(14)5-7(6-9(10)15)3-1-2-4-13-12/h1,3,5-6,13-15H,2,4,12H2/b3-1+",C10H13N2O2I,320.002175656,1.5689999999999997,4.15,2.49,3.58,-60.0,3.271643812987782,1,HIGHDIVERSITY_LANAPDB,HsDHODH_HighDiv,4,4,78.51,4,10,2,2,0.6666666666666666,0.13333333333333333,0.13333333333333333,0.2,0.0,15,1,0,1,0,0,0,0,0
OC1=CC(C2=NN=CO2)=CC(CCCCC2=NNC=C2)=C1,27/000000031,"InChI=1S/C15H16N4O2/c20-14-8-11(3-1-2-4-13-5-6-16-18-13)7-12(9-14)15-19-17-10-21-15/h5-10,20H,1-4H2,(H,16,18)",C15H16N4O2,284.127325752,2.7307000000000006,4.14,1.11,22.4,-120.0,3.0528719082733593,1,HIGHDIVERSITY_LANAPDB,HsDHODH_HighDiv,5,2,87.83000000000001,6,15,2,4,0.7142857142857143,0.09523809523809523,0.19047619047619047,0.26666666666666666,0.0,21,3,0,3,2,0,2,0,0
NCC1=CC=C([C@H](CO)C2=CC3=C(C=CC=C3CBr)N2)O1,19/000000004,"InChI=1S/C16H17BrN2O2/c17-7-10-2-1-3-14-12(10)6-15(19-14)13(9-20)16-5-4-11(8-18)21-16/h1-6,13,19-20H,7-9,18H2/p+1/t13-/m1/s1",C16H18N2O2Br,348.04733988400005,3.2387000000000015,4.14,4.94,19.1,-190.0,3.861156691351528,1,HIGHDIVERSITY_LANAPDB,HsDHODH_HighDiv,3,3,75.18,5,16,2,2,0.7619047619047619,0.09523809523809523,0.09523809523809523,0.25,0.0625,21,3,0,3,2,0,2,0,0
O=C(O)C1=CC=CC(CCC2=CC(F)=C(O)C([N+](=O)[O-])=C2)=C1Cl,11/000000001,"InChI=1S/C15H11ClFNO5/c16-13-9(2-1-3-10(13)15(20)21)5-4-8-6-11(17)14(19)12(7-8)18(22)23/h1-3,6-7,19H,4-5H2,(H,20,21)",C15H11NO5FCl,339.03097835200003,3.5763000000000016,4.14,3.79,3.58,-7.0,2.4303459764477804,1,HIGHDIVERSITY_LANAPDB,HsDHODH_HighDiv,4,2,100.67,5,15,5,1,0.6521739130434783,0.21739130434782608,0.043478260869565216,0.13333333333333333,0.0,23,2,0,2,0,0,0,0,0
CCC1=CC(/C=C/[C@@H](O)C(=O)N2COC=N2)=CC=C1O,1/000000008,"InChI=1S/C14H16N2O4/c1-2-11-7-10(3-5-12(11)17)4-6-13(18)14(19)16-9-20-8-15-16/h3-8,13,17-18H,2,9H2,1H3/b6-4+/t13-/m1/s1",C14H16N2O4,276.111006992,1.0882999999999998,4.14,5.52,4.94,-170.0,3.944747987189917,1,HIGHDIVERSITY_LANAPDB,HsDHODH_HighDiv,5,2,82.36,4,14,4,2,0.7,0.2,0.1,0.2857142857142857,0.07142857142857142,20,2,1,1,1,1,0,0,0
NNC/C=C/C/C=C/C1=C(N)C=C(P(=O)(O)O)C=C1F,8/000000020,"InChI=1S/C12H17FN3O3P/c13-11-7-9(20(17,18)19)8-12(14)10(11)5-3-1-2-4-6-16-15/h2-5,7-8,16H,1,6,14-15H2,(H2,17,18,19)/b4-2+,5-3+",C12H17N3O3PF,301.09915625400004,0.6337000000000004,4.13,2.3,4.81,0.0,3.743382462058104,1,HIGHDIVERSITY_LANAPDB,HsDHODH_HighDiv,4,5,121.6,6,12,3,3,0.6,0.15,0.15,0.16666666666666666,0.0,20,1,0,1,0,0,0,0,0
C=C[C@](O)(CN)C1=CC(O)=C(C=S)C(O)=C1,29/000000003,"InChI=1S/C11H13NO3S/c1-2-11(15,6-12)7-3-9(13)8(5-16)10(14)4-7/h2-5,13-15H,1,6,12H2/t11-/m0/s1",C11H13NO3S,239.061614276,0.7779,4.13,4.04,15.1,-170.0,4.296725172641317,1,HIGHDIVERSITY_LANAPDB,HsDHODH_HighDiv,5,4,86.71000000000001,4,11,3,1,0.6875,0.1875,0.0625,0.18181818181818182,0.09090909090909091,16,1,0,1,0,0,0,0,0
N=C1NC=C(/C(N)=C/C2=C(S)C=CC([N+](=O)[O-])=C2)S1,10/000000074,"InChI=1S/C11H10N4O2S2/c12-8(10-5-14-11(13)19-10)4-6-3-7(15(16)17)1-2-9(6)18/h1-5,18H,12H2,(H2,13,14)/b8-4-",C11H10N4O2S2,294.02451756,2.20937,4.13,3.05,2.35,-60.0,3.7675101861280664,1,HIGHDIVERSITY_LANAPDB,HsDHODH_HighDiv,6,4,108.80000000000001,3,11,2,4,0.5789473684210527,0.10526315789473684,0.21052631578947367,0.0,0.0,19,2,0,2,1,0,1,0,0
O=C(/C=C/C1=CCON1)CCC1=CC=C(Br)C=C1O,18/000000012,"InChI=1S/C14H14BrNO3/c15-11-3-1-10(14(18)9-11)2-5-13(17)6-4-12-7-8-19-16-12/h1,3-4,6-7,9,16,18H,2,5,8H2/b6-4+",C14H14NO3Br,323.015705408,2.6313000000000017,4.13,4.01,3.58,0.0,3.320095097370671,1,HIGHDIVERSITY_LANAPDB,HsDHODH_HighDiv,4,2,58.56,5,14,3,1,0.7368421052631579,0.15789473684210525,0.05263157894736842,0.21428571428571427,0.0,19,2,1,1,1,1,0,0,0
C[C@H](S)CCCOC1=C(C(=O)O)N=CC=C1O,20/000000003,"InChI=1S/C11H15NO4S/c1-7(17)3-2-6-16-10-8(13)4-5-12-9(10)11(14)15/h4-5,7,17H,2-3,6H2,1H3,(H,12,13)(H,14,15)/t7-/m0/s1",C11H15NO4S,257.07217896000003,1.9626999999999994,4.13,3.53,3.72,-170.0,3.296613465468944,1,HIGHDIVERSITY_LANAPDB,HsDHODH_HighDiv,5,3,79.65,6,11,4,1,0.6470588235294118,0.23529411764705882,0.058823529411764705,0.45454545454545453,0.09090909090909091,17,1,0,1,1,0,1,0,0
C=CC1=C(O)C(S)=CN=C1CN,20/000000008,"InChI=1S/C8H10N2OS/c1-2-5-6(3-9)10-4-7(12)8(5)11/h2,4,12H,1,3,9H2,(H,10,11)",C8H10N2OS,182.05138394,1.1775999999999998,4.13,0.71,10.9,0.0,3.638760792177069,1,HIGHDIVERSITY_LANAPDB,HsDHODH_HighDiv,4,3,59.14,2,8,1,2,0.6666666666666666,0.08333333333333333,0.16666666666666666,0.125,0.0,12,1,0,1,1,0,1,0,0
N[C@H](CCl)C1=CNC=C1C(=O)C1=NN=C(C(=O)O)NC1,3/000000008,"InChI=1S/C11H12ClN5O3/c12-1-7(13)5-2-14-3-6(5)9(18)8-4-15-10(11(19)20)17-16-8/h2-3,7,14H,1,4,13H2,(H,15,17)(H,19,20)/t7-/m1/s1",C11H12N5O3Cl,297.062866924,-0.12170000000000031,4.12,5.57,3.72,-150.0,4.533282083094013,1,HIGHDIVERSITY_LANAPDB,HsDHODH_HighDiv,6,4,132.93,5,11,3,5,0.55,0.15,0.25,0.2727272727272727,0.09090909090909091,20,2,1,1,2,1,1,0,0
NCCC1=CC=C([C@H](O)C2=CC=CC=C2Cl)C=C1,19/000000002,"InChI=1S/C15H16ClNO/c16-14-4-2-1-3-13(14)15(18)12-7-5-11(6-8-12)9-10-17/h1-8,15,18H,9-10,17H2/t15-/m0/s1",C15H16NOCl,261.092041812,2.922900000000001,4.12,6.56,11.3,-150.0,2.277299492386387,1,HIGHDIVERSITY_LANAPDB,HsDHODH_HighDiv,2,2,46.25,4,15,1,1,0.8333333333333334,0.05555555555555555,0.05555555555555555,0.2,0.06666666666666667,18,2,0,2,0,0,0,0,0
C/C=C(\C)C1=C(O)C(O)=CC(F)=C1,12/000000008,"InChI=1S/C10H11FO2/c1-3-6(2)8-4-7(11)5-9(12)10(8)13/h3-5,12-13H,1-2H3/b6-3+",C10H11O2F,182.074307812,2.6601000000000017,4.12,2.7,2.22,-80.0,2.7116696142622203,1,HIGHDIVERSITY_LANAPDB,HsDHODH_HighDiv,2,2,40.46,1,10,2,0,0.7692307692307693,0.15384615384615385,0.0,0.2,0.0,13,1,0,1,0,0,0,0,0
C/C=C\C1=CC=CC2=CC(C(=O)NN)=CC=C12,19/000000005,"InChI=1S/C14H14N2O/c1-2-4-10-5-3-6-11-9-12(14(17)16-15)7-8-13(10)11/h2-9H,15H2,1H3,(H,16,17)/b4-2-",C14H14N2O,226.110613068,2.4764,4.12,4.16,12.8,-100.0,2.1432810049174797,1,HIGHDIVERSITY_LANAPDB,HsDHODH_HighDiv,2,2,55.120000000000005,2,14,1,2,0.8235294117647058,0.058823529411764705,0.11764705882352941,0.07142857142857142,0.0,17,2,0,2,0,0,0,0,0
O=C(O)C1=CC(O)=C(CO)C(O)=C1,29/000000034,"InChI=1S/C8H8O5/c9-3-5-6(10)1-4(8(12)13)2-7(5)11/h1-2,9-11H,3H2,(H,12,13)",C8H8O5,184.037173356,0.2882999999999999,4.12,2.73,1.11,0.0,2.338772329194347,1,HIGHDIVERSITY_LANAPDB,HsDHODH_HighDiv,4,4,97.99000000000001,2,8,5,0,0.6153846153846154,0.38461538461538464,0.0,0.125,0.0,13,1,0,1,0,0,0,0,0
CNCC1=C(Br)C(C(=O)C2=CNC=C2)=NN1C(=O)O,3/000000051,"InChI=1S/C11H11BrN4O3/c1-13-5-7-8(12)9(15-16(7)11(18)19)10(17)6-2-3-14-4-6/h2-4,13-14H,5H2,1H3,(H,18,19)/p+1",C11H11N4O3Br,326.001452312,1.4502,4.12,5.97,3.58,-20.0,4.136342434648778,1,HIGHDIVERSITY_LANAPDB,HsDHODH_HighDiv,5,3,100.01,4,11,3,4,0.5789473684210527,0.15789473684210525,0.21052631578947367,0.18181818181818182,0.0,19,2,0,2,2,0,2,0,0
C=C(CN)[C@@H](/C=C/CC1=CC=C(C(C)=O)C(O)=C1)NO,17/000000003,"InChI=1S/C15H20N2O3/c1-10(9-16)14(17-20)5-3-4-12-6-7-13(11(2)18)15(19)8-12/h3,5-8,14,17,19-20H,1,4,9,16H2,2H3/b5-3+/t14-/m1/s1",C15H20N2O3,276.1473925,1.5557999999999998,4.12,1.92,5.09,-190.0,3.739693225285155,1,HIGHDIVERSITY_LANAPDB,HsDHODH_HighDiv,5,4,95.58000000000001,7,15,3,2,0.75,0.15,0.1,0.26666666666666666,0.06666666666666667,20,1,0,1,0,0,0,0,0
O=P(O)(O)C1=CC(O)=C(/C=C/CNCCS)C(Cl)=C1,8/000000028,"InChI=1S/C11H15ClNO4PS/c12-10-6-8(18(15,16)17)7-11(14)9(10)2-1-3-13-4-5-19/h1-2,6-7,13-14,19H,3-5H2,(H2,15,16,17)/b2-1+",C11H15NO4PSCl,323.01479327000004,1.3811999999999995,4.12,3.7,4.81,0.0,3.553115911850309,1,HIGHDIVERSITY_LANAPDB,HsDHODH_HighDiv,4,5,89.79,6,11,4,1,0.5789473684210527,0.21052631578947367,0.05263157894736842,0.2727272727272727,0.0,19,1,0,1,0,0,0,0,0
CCOC(=O)C1=CC=C(SS)C(O)=C1I,24/000000077,"InChI=1S/C9H9IO3S2/c1-2-13-9(12)5-3-4-6(15-14)8(11)7(5)10/h3-4,11,14H,2H2,1H3",C9H9O3S2I,355.903784148,3.110400000000001,4.12,3.99,15.5,-20.0,3.060802349573148,1,HIGHDIVERSITY_LANAPDB,HsDHODH_HighDiv,5,2,46.53,3,9,3,0,0.6,0.2,0.0,0.2222222222222222,0.0,15,1,0,1,0,0,0,0,0
NCCN1C=NN=C(C(=O)C2=CNC=C2[C@H](N)CCl)C1,3/000000009,"InChI=1S/C12H17ClN6O/c13-3-10(15)8-4-16-5-9(8)12(20)11-6-19(2-1-14)7-17-18-11/h4-5,7,10,16H,1-3,6,14-15H2/p+1/t10-/m1/s1",C12H18N6OCl,296.11523684400004,0.09459999999999985,4.11,3.99,3.72,-150.0,5.1379749102668395,1,HIGHDIVERSITY_LANAPDB,HsDHODH_HighDiv,6,3,112.86,6,12,1,6,0.6,0.05,0.3,0.4166666666666667,0.08333333333333333,20,2,1,1,2,1,1,0,0
NC1=C(C#C[C@@H](O)CC2=CCC=CO2)C=C(O)C(CO)=C1,8/000000002,"InChI=1S/C16H17NO4/c17-15-7-12(10-18)16(20)8-11(15)4-5-13(19)9-14-3-1-2-6-21-14/h2-3,6-8,13,18-20H,1,9-10,17H2/t13-/m1/s1",C16H17NO4,287.115758024,1.3870999999999998,4.11,4.18,2.35,-150.0,4.250520354976038,1,HIGHDIVERSITY_LANAPDB,HsDHODH_HighDiv,5,4,95.94000000000001,3,16,4,1,0.7619047619047619,0.19047619047619047,0.047619047619047616,0.25,0.0625,21,2,1,1,1,1,0,0,0
O=[N+]([O-])C1=CC(O)=C(I)C(O)=C1,29/000000031,"InChI=1S/C6H4INO4/c7-6-4(9)1-3(8(11)12)2-5(6)10/h1-2,9-10H",C6H4NO4I,280.918505608,1.6105999999999996,4.11,3.3,1.23,0.0,2.809480022946298,1,HIGHDIVERSITY_LANAPDB,HsDHODH_HighDiv,4,2,83.60000000000001,1,6,4,1,0.5,0.3333333333333333,0.08333333333333333,0.0,0.0,12,1,0,1,0,0,0,0,0
O=NC1=C(O)C=C([C@@H](S)C[N+](=O)[O-])C=C1O,29/000000063,"InChI=1S/C8H8N2O5S/c11-5-1-4(7(16)3-10(14)15)2-6(12)8(5)9-13/h1-2,7,11-12,16H,3H2/t7-/m0/s1",C8H8N2O5S,244.015392356,1.7433,4.11,4.25,17.9,-150.0,4.11418341439956,1,HIGHDIVERSITY_LANAPDB,HsDHODH_HighDiv,7,3,113.03,4,8,5,2,0.5,0.3125,0.125,0.25,0.125,16,1,0,1,0,0,0,0,0
O=C1C=C(C(=O)C2=CC=C(SS)C(O)=C2I)CO1,24/000000025,"InChI=1S/C11H7IO4S2/c12-9-6(1-2-7(18-17)11(9)15)10(14)5-3-8(13)16-4-5/h1-3,15,17H,4H2",C11H7O4S2I,393.883048704,2.5996000000000006,4.11,3.58,2.35,0.0,3.6574012972635,1,HIGHDIVERSITY_LANAPDB,HsDHODH_HighDiv,6,2,63.60000000000001,3,11,4,0,0.6111111111111112,0.2222222222222222,0.0,0.09090909090909091,0.0,18,2,1,1,1,1,0,0,0
O=C(O)C1=NC(C(=O)C2=CNC=C2C[N+](=O)[O-])=CS1,3/000000048,"InChI=1S/C10H7N3O5S/c14-8(7-4-19-9(12-7)10(15)16)6-2-11-1-5(6)3-13(17)18/h1-2,4,11H,3H2,(H,15,16)",C10H7N3O5S,281.010641324,1.1771,4.1,5.58,2.35,0.0,3.323384150625108,1,HIGHDIVERSITY_LANAPDB,HsDHODH_HighDiv,6,2,126.19,5,10,5,3,0.5263157894736842,0.2631578947368421,0.15789473684210525,0.1,0.0,19,2,0,2,2,0,2,0,0
NOC(=O)N1C(C2=CN=CN2)=CN=C1CC1=CC=CC=C1,1/000000013,"InChI=1S/C14H13N5O2/c15-21-14(20)19-12(11-7-16-9-18-11)8-17-13(19)6-10-4-2-1-3-5-10/h1-5,7-9H,6,15H2,(H,16,18)",C14H13N5O2,283.10692465600005,1.7224000000000004,4.1,1.58,21.8,-140.0,2.9478996103438977,1,HIGHDIVERSITY_LANAPDB,HsDHODH_HighDiv,6,2,98.82000000000001,3,14,2,5,0.6666666666666666,0.09523809523809523,0.23809523809523808,0.07142857142857142,0.0,21,3,0,3,2,0,2,0,0
N[C@@H](CCF)OC1=CC=C(SS)C(O)=C1I,24/000000033,"InChI=1S/C9H11FINO2S2/c10-4-3-7(12)14-5-1-2-6(16-15)9(13)8(5)11/h1-2,7,13,15H,3-4,12H2/t7-/m1/s1",C9H11NO2S2FI,374.92599681200005,2.956900000000001,4.1,4.65,2.35,-150.0,4.28865369295821,1,HIGHDIVERSITY_LANAPDB,HsDHODH_HighDiv,5,3,55.480000000000004,5,9,2,1,0.5625,0.125,0.0625,0.3333333333333333,0.1111111111111111,16,1,0,1,0,0,0,0,0
O=C(O)C1=CC=CC2=C1C=CN2CCCCCO,3/000000010,"InChI=1S/C14H17NO3/c16-10-3-1-2-8-15-9-7-11-12(14(17)18)5-4-6-13(11)15/h4-7,9,16H,1-3,8,10H2,(H,17,18)",C14H17NO3,247.120843404,2.502100000000001,4.1,3.02,3.58,-40.0,2.0249864667158963,1,HIGHDIVERSITY_LANAPDB,HsDHODH_HighDiv,3,2,62.459999999999994,6,14,3,1,0.7777777777777778,0.16666666666666666,0.05555555555555555,0.35714285714285715,0.0,18,2,0,2,1,0,1,0,0
N/C=C/COC(=O)C1=CC=C(SS)C(O)=C1I,24/000000021,"InChI=1S/C10H10INO3S2/c11-8-6(10(14)15-5-1-4-12)2-3-7(17-16)9(8)13/h1-4,13,16H,5,12H2/b4-1+",C10H10NO3S2I,382.91468318,2.562900000000001,4.1,4.67,18.5,0.0,3.615963571807111,1,HIGHDIVERSITY_LANAPDB,HsDHODH_HighDiv,6,3,72.55,4,10,3,1,0.5882352941176471,0.17647058823529413,0.058823529411764705,0.1,0.0,17,1,0,1,0,0,0,0,0
O=C(CCC1=CC=CN=C1)NCC1=CC(C2=CC=CS2)=CN1,25/000000013,"InChI=1S/C17H17N3OS/c21-17(6-5-13-3-1-7-18-10-13)20-12-15-9-14(11-19-15)16-4-2-8-22-16/h1-4,7-11,19H,5-6,12H2,(H,20,21)",C17H17N3OS,311.10923316400005,3.387200000000001,4.09,2.76,22.5,-100.0,2.478736611624628,1,HIGHDIVERSITY_LANAPDB,HsDHODH_HighDiv,3,2,57.78,6,17,1,3,0.7727272727272727,0.045454545454545456,0.13636363636363635,0.17647058823529413,0.0,22,3,0,3,3,0,3,0,0
O=C(O)C(=C\C1=CC=C(C(=O)O)C=C1O)/C=C/[N+](=O)[O-],16/000000027,"InChI=1S/C12H9NO7/c14-10-6-8(11(15)16)2-1-7(10)5-9(12(17)18)3-4-13(19)20/h1-6,14H,(H,15,16)(H,17,18)/b4-3+,9-5-",C12H9NO7,279.03790162800004,1.3488,4.09,6.05,3.58,0.0,3.035827841835559,1,HIGHDIVERSITY_LANAPDB,HsDHODH_HighDiv,5,3,137.97,5,12,7,1,0.6,0.35,0.05,0.0,0.0,20,1,0,1,0,0,0,0,0
C#C[C@@H](C1=CC=C(NC(=O)CO)C(Cl)=C1)C1=CC=NN1,11/000000021,"InChI=1S/C14H12ClN3O2/c1-2-10(12-5-6-16-18-12)9-3-4-13(11(15)7-9)17-14(20)8-19/h1,3-7,10,19H,8H2,(H,16,18)(H,17,20)/t10-/m0/s1",C14H12N3O2Cl,289.061804304,1.7589999999999997,4.08,6.17,22.3,-150.0,3.373895789387719,1,HIGHDIVERSITY_LANAPDB,HsDHODH_HighDiv,3,3,78.00999999999999,4,14,2,3,0.7,0.1,0.15,0.14285714285714285,0.07142857142857142,20,2,0,2,1,0,1,0,0
C[C@@H](OC(=O)C1=CC(O)=C(S)C(O)=C1)C1=CN=CO1,29/000000032,"InChI=1S/C12H11NO5S/c1-6(10-4-13-5-17-10)18-12(16)7-2-8(14)11(19)9(15)3-7/h2-6,14-15,19H,1H3/t6-/m1/s1",C12H11NO5S,281.035793452,2.2925000000000004,4.08,2.62,3.85,-190.0,3.664837221544467,1,HIGHDIVERSITY_LANAPDB,HsDHODH_HighDiv,7,3,92.79,3,12,5,1,0.631578947368421,0.2631578947368421,0.05263157894736842,0.16666666666666666,0.08333333333333333,19,2,0,2,1,0,1,0,0
NC1=C(O)C=C([C@@H](S)CCS)C=C1O,29/000000036,"InChI=1S/C9H13NO2S2/c10-9-6(11)3-5(4-7(9)12)8(14)1-2-13/h3-4,8,11-14H,1-2,10H2/t8-/m0/s1",C9H13NO2S2,231.038770656,1.9708,4.08,2.42,13.0,-170.0,3.963952055779897,1,HIGHDIVERSITY_LANAPDB,HsDHODH_HighDiv,5,5,66.48,3,9,2,1,0.6428571428571429,0.14285714285714285,0.07142857142857142,0.3333333333333333,0.1111111111111111,14,1,0,1,0,0,0,0,0
C=CC[C@@H]1C=C(C(=S)C2=CC(O)=CC(O)=C2)C=N1,8/000000057,"InChI=1S/C14H13NO2S/c1-2-3-11-4-10(8-15-11)14(18)9-5-12(16)7-13(17)6-9/h2,4-8,11,16-17H,1,3H2/t11-/m1/s1",C14H13NO2S,259.066699656,2.771300000000002,4.08,2.12,18.7,-190.0,4.166100958449736,1,HIGHDIVERSITY_LANAPDB,HsDHODH_HighDiv,4,2,52.82,4,14,2,1,0.7777777777777778,0.1111111111111111,0.05555555555555555,0.14285714285714285,0.07142857142857142,18,2,1,1,1,1,0,0,0
C=C[C@@]1(/C(=C/C2=CCC(CO)=C2)C(=O)O)C=CSS1,24/000000001,"InChI=1S/C14H14O3S2/c1-2-14(5-6-18-19-14)12(13(16)17)8-10-3-4-11(7-10)9-15/h2-3,5-8,15H,1,4,9H2,(H,16,17)/b12-8+/t14-/m0/s1",C14H14O3S2,294.03843630800003,3.0797000000000008,4.07,6.36,3.58,-150.0,5.094048676272612,1,HIGHDIVERSITY_LANAPDB,HsDHODH_HighDiv,4,2,57.53,5,14,3,0,0.7368421052631579,0.15789473684210525,0.0,0.21428571428571427,0.07142857142857142,19,2,2,0,1,1,0,0,0
O=C(O)C1=CC(O)=C(S(=O)(=O)O)C2=C1SC=N2,12/000000017,"InChI=1S/C8H5NO6S2/c10-4-1-3(8(11)12)6-5(9-2-16-6)7(4)17(13,14)15/h1-2,10H,(H,11,12)(H,13,14,15)",C8H5NO6S2,274.95582888000007,0.9468000000000001,4.07,4.95,2.47,-40.0,2.989254274148248,1,HIGHDIVERSITY_LANAPDB,HsDHODH_HighDiv,6,3,124.78999999999999,2,8,6,1,0.47058823529411764,0.35294117647058826,0.058823529411764705,0.0,0.0,17,2,0,2,1,0,1,0,0
N=C1NC=C(C2=CC(CO)=CC=C2S)S1,10/000000023,"InChI=1S/C10H10N2OS2/c11-10-12-4-9(15-10)7-3-6(5-13)1-2-8(7)14/h1-4,13-14H,5H2,(H2,11,12)",C10H10N2OS2,238.02345494,2.00367,4.07,5.68,2.22,-120.0,3.554338613309411,1,HIGHDIVERSITY_LANAPDB,HsDHODH_HighDiv,4,4,59.870000000000005,2,10,1,2,0.6666666666666666,0.06666666666666667,0.13333333333333333,0.1,0.0,15,2,0,2,1,0,1,0,0
[O-][S@+](C1=CC(O)=C(I)C=C1O)C1=CC=CC=C1F,12/000000102,"InChI=1S/C12H8FIO3S/c13-7-3-1-2-4-11(7)18(17)12-6-9(15)8(14)5-10(12)16/h1-6,15-16H/t18-/m0/s1",C12H8O3SFI,377.922291336,3.0082000000000004,4.07,3.64,16.0,0.0,3.4135922802707706,1,HIGHDIVERSITY_LANAPDB,HsDHODH_HighDiv,3,2,63.519999999999996,2,12,3,0,0.6666666666666666,0.16666666666666666,0.0,0.0,0.0,18,2,0,2,0,0,0,0,0
C[C@@H](OC(=O)CS)C(=O)C1=CC(O)=C(C=S)C(O)=C1,29/000000102,"InChI=1S/C12H12O5S2/c1-6(17-11(15)5-19)12(16)7-2-9(13)8(4-18)10(14)3-7/h2-4,6,13-14,19H,5H2,1H3/t6-/m1/s1",C12H12O5S2,300.012615484,1.4897999999999998,4.07,3.01,2.35,-190.0,3.603003706751569,1,HIGHDIVERSITY_LANAPDB,HsDHODH_HighDiv,7,3,83.83000000000001,5,12,5,0,0.631578947368421,0.2631578947368421,0.0,0.25,0.08333333333333333,19,1,0,1,0,0,0,0,0
O=[N+]([O-])C/C=C/[C@H](O)C1=NNN=N1,7/000000007,"InChI=1S/C5H7N5O3/c11-4(2-1-3-10(12)13)5-6-8-9-7-5/h1-2,4,11H,3H2,(H,6,7,8,9)/b2-1+/t4-/m0/s1",C5H7N5O3,185.054889084,-0.9340000000000004,4.07,1.76,2.22,-150.0,4.3110274363128,1,HIGHDIVERSITY_LANAPDB,HsDHODH_HighDiv,6,2,117.83000000000001,4,5,3,5,0.38461538461538464,0.23076923076923078,0.38461538461538464,0.4,0.2,13,1,0,1,1,0,1,0,0
O=NC1=CC(O)=C(CO)C(O)=C1,29/000000055,"InChI=1S/C7H7NO4/c9-3-5-6(10)1-4(8-12)2-7(5)11/h1-2,9-11H,3H2",C7H7NO4,169.037507704,0.9879999999999998,4.07,4.87,1.11,0.0,3.1375256960232223,1,HIGHDIVERSITY_LANAPDB,HsDHODH_HighDiv,5,3,90.12,2,7,4,1,0.5833333333333334,0.3333333333333333,0.08333333333333333,0.14285714285714285,0.0,12,1,0,1,0,0,0,0,0
NC[C@H](CCNN)SCC1=C(F)C=C2C=CNC2=C1,25/000000020,"InChI=1S/C13H19FN4S/c14-12-5-9-1-3-17-13(9)6-10(12)8-19-11(7-15)2-4-18-16/h1,3,5-6,11,17-18H,2,4,7-8,15-16H2/p+1/t11-/m0/s1",C13H20N4SF,282.13144582800004,1.7208999999999992,4.07,5.82,18.8,-190.0,4.156444322136183,1,HIGHDIVERSITY_LANAPDB,HsDHODH_HighDiv,4,4,79.85999999999999,7,13,0,4,0.6842105263157895,0.0,0.21052631578947367,0.38461538461538464,0.07692307692307693,19,2,0,2,1,0,1,0,0
NNCC1=CC=C([C@H](O)C2=CC=CC=C2Cl)C=C1,19/000000003,"InChI=1S/C14H15ClN2O/c15-13-4-2-1-3-12(13)14(18)11-7-5-10(6-8-11)9-17-16/h1-8,14,17-18H,9,16H2/t14-/m0/s1",C14H15N2OCl,262.08729078,2.3850000000000007,4.07,7.15,12.1,-150.0,2.4694189493999605,1,HIGHDIVERSITY_LANAPDB,HsDHODH_HighDiv,3,3,58.28,4,14,1,2,0.7777777777777778,0.05555555555555555,0.1111111111111111,0.14285714285714285,0.07142857142857142,18,2,0,2,0,0,0,0,0
C/C=C\CC#CC1=CC(NC(=O)NN=O)=CC(Cl)=C1,19/000000009,"InChI=1S/C13H12ClN3O2/c1-2-3-4-5-6-10-7-11(14)9-12(8-10)15-13(18)16-17-19/h2-3,7-9H,4H2,1H3,(H2,15,16,18,19)/b3-2-",C13H12N3O2Cl,277.061804304,3.4606000000000012,4.07,1.06,21.3,-80.0,3.130029495048465,1,HIGHDIVERSITY_LANAPDB,HsDHODH_HighDiv,3,2,70.56,3,13,2,3,0.6842105263157895,0.10526315789473684,0.15789473684210525,0.15384615384615385,0.0,19,1,0,1,0,0,0,0,0
COC1=C(I)C=C(O)C(CN)=C1,12/000000040,"InChI=1S/C8H10INO2/c1-12-8-2-5(4-10)7(11)3-6(8)9/h2-3,11H,4,10H2,1H3",C8H10NO2I,278.97562656,1.4641000000000002,4.06,2.65,2.35,-20.0,2.5021127152539915,1,HIGHDIVERSITY_LANAPDB,HsDHODH_HighDiv,3,2,55.480000000000004,2,8,2,1,0.6666666666666666,0.16666666666666666,0.08333333333333333,0.25,0.0,12,1,0,1,0,0,0,0,0
C=C(C(N)=O)C1=CC=C(SS)C(O)=C1I,24/000000014,"InChI=1S/C9H8INO2S2/c1-4(9(11)13)5-2-3-6(15-14)8(12)7(5)10/h2-3,12,14H,1H2,(H2,11,13)",C9H8NO2S2I,352.904118496,2.432200000000001,4.06,3.63,2.35,0.0,3.697478680934095,1,HIGHDIVERSITY_LANAPDB,HsDHODH_HighDiv,4,3,63.32000000000001,3,9,2,1,0.6,0.13333333333333333,0.06666666666666667,0.0,0.0,15,1,0,1,0,0,0,0,0
OCCCC1=CC(F)=C(O)C(C2=CN=C(F)C=C2)=C1,11/000000075,"InChI=1S/C14H13F2NO2/c15-12-7-9(2-1-5-18)6-11(14(12)19)10-3-4-13(16)17-8-10/h3-4,6-8,18-19H,1-2,5H2",C14H13NO2F2,265.091435096,2.6573,4.06,2.08,15.4,-160.0,2.431987405062978,1,HIGHDIVERSITY_LANAPDB,HsDHODH_HighDiv,3,2,53.35,4,14,2,1,0.7368421052631579,0.10526315789473684,0.05263157894736842,0.21428571428571427,0.0,19,2,0,2,1,0,1,0,0
N[C@H](CC1=NC=CC(O)=C1)C(=O)/C=C/C1=CCON1,18/000000006,"InChI=1S/C13H15N3O3/c14-12(8-10-7-11(17)3-5-15-10)13(18)2-1-9-4-6-19-16-9/h1-5,7,12,16H,6,8,14H2,(H,15,17)/p+1/b2-1+/t12-/m1/s1",C13H16N3O3,261.11134134,0.20099999999999946,4.06,3.21,3.72,-150.0,4.655705860597721,1,HIGHDIVERSITY_LANAPDB,HsDHODH_HighDiv,6,3,97.47000000000001,5,13,3,3,0.6842105263157895,0.15789473684210525,0.15789473684210525,0.23076923076923078,0.07692307692307693,19,2,1,1,2,1,1,0,0
O=C(O)[C@H](Br)C1=CC=C(SS)C(O)=C1I,24/000000071,"InChI=1S/C8H6BrIO3S2/c9-5(8(12)13)3-1-2-4(15-14)7(11)6(3)10/h1-2,5,11,14H,(H,12,13)/t5-/m1/s1",C8H6O3S2BrI,419.798646152,3.454300000000001,4.06,4.87,2.35,-150.0,4.160063408658187,1,HIGHDIVERSITY_LANAPDB,HsDHODH_HighDiv,4,3,57.53,3,8,3,0,0.5333333333333333,0.2,0.0,0.125,0.125,15,1,0,1,0,0,0,0,0
C[C@H](/C=C\CS)C1=NN(C(=O)O)CS1,15/000000001,"InChI=1S/C8H12N2O2S2/c1-6(3-2-4-13)7-9-10(5-14-7)8(11)12/h2-3,6,13H,4-5H2,1H3,(H,11,12)/b3-2-/t6-/m1/s1",C8H12N2O2S2,232.034019624,2.1063,4.06,5.55,3.58,-170.0,4.809885680902994,1,HIGHDIVERSITY_LANAPDB,HsDHODH_HighDiv,4,2,52.900000000000006,3,8,2,2,0.5714285714285714,0.14285714285714285,0.14285714285714285,0.5,0.125,14,1,1,0,1,1,0,0,0
O=C(CC1=CC=C(SS)C(O)=C1I)OCC1=CN=CO1,24/000000042,"InChI=1S/C12H10INO4S2/c13-11-7(1-2-9(20-19)12(11)16)3-10(15)17-5-8-4-14-6-18-8/h1-2,4,6,16,19H,3,5H2",C12H10NO4S2I,422.9095978,3.207600000000002,4.06,2.49,3.58,-20.0,3.44568859758924,1,HIGHDIVERSITY_LANAPDB,HsDHODH_HighDiv,7,2,72.56,5,12,4,1,0.6,0.2,0.05,0.16666666666666666,0.0,20,2,0,2,1,0,1,0,0
NCC1=C(CCC#CC2=CC(O)=CC=C2N)NC(C(N)=O)=C1,8/000000012,"InChI=1S/C16H18N4O2/c17-9-11-8-15(16(19)22)20-14(11)4-2-1-3-10-7-12(21)5-6-13(10)18/h5-8,20-21H,2,4,9,17-18H2,(H2,19,22)",C16H18N4O2,298.142975816,0.8444,4.05,3.39,22.6,0.0,3.2248943534036547,1,HIGHDIVERSITY_LANAPDB,HsDHODH_HighDiv,4,5,131.15,4,16,2,4,0.7272727272727273,0.09090909090909091,0.18181818181818182,0.1875,0.0,22,2,0,2,1,0,1,0,0
C/C=C/CO[S@](=O)C1=CC(O)=C(I)C=C1O,12/000000167,"InChI=1S/C10H11IO4S/c1-2-3-4-15-16(14)10-6-8(12)7(11)5-9(10)13/h2-3,5-6,12-13H,4H2,1H3/b3-2+/t16-/m0/s1",C10H11O4SI,353.942277832,2.3177000000000008,4.05,2.42,2.48,-20.0,4.15704117059685,1,HIGHDIVERSITY_LANAPDB,HsDHODH_HighDiv,4,2,66.76,4,10,4,0,0.625,0.25,0.0,0.2,0.0,16,1,0,1,0,0,0,0,0
O=C(C1=CNC=C1)C1=NN(C(=O)O)C=C1Br,3/000000005,"InChI=1S/C9H6BrN3O3/c10-6-4-13(9(15)16)12-7(6)8(14)5-1-2-11-3-5/h1-4,11H,(H,15,16)",C9H5N3O3Br,282.95925315200003,1.7308,4.05,6.97,2.22,0.0,3.290734489334346,1,HIGHDIVERSITY_LANAPDB,HsDHODH_HighDiv,4,2,87.98,2,9,3,3,0.5625,0.1875,0.1875,0.0,0.0,16,2,0,2,2,0,2,0,0
OCCN/C=C/C1=C(O)C=C(Br)C=C1,16/000000003,"InChI=1S/C10H12BrNO2/c11-9-2-1-8(10(14)7-9)3-4-12-5-6-13/h1-4,7,12-14H,5-6H2/b4-3+",C10H12NO2Br,257.005140724,1.7073,4.05,3.24,2.22,-40.0,2.802248633029418,1,HIGHDIVERSITY_LANAPDB,HsDHODH_HighDiv,3,3,52.489999999999995,4,10,2,1,0.7142857142857143,0.14285714285714285,0.07142857142857142,0.2,0.0,14,1,0,1,0,0,0,0,0
O=P(O)(O)CCOC/C=C/C1=C(Br)C=C(F)C=C1O,24/000000002,"InChI=1S/C11H13BrFO5P/c12-10-6-8(13)7-11(14)9(10)2-1-3-18-4-5-19(15,16)17/h1-2,6-7,14H,3-5H2,(H2,15,16,17)/b2-1+",C11H13O5PFBr,353.96680046600005,2.501300000000001,4.05,6.66,5.09,0.0,3.1899855951082277,1,HIGHDIVERSITY_LANAPDB,HsDHODH_HighDiv,3,3,86.99000000000001,6,11,5,0,0.5789473684210527,0.2631578947368421,0.0,0.2727272727272727,0.0,19,1,0,1,0,0,0,0,0
NCC1=CC=C(C2=NN=CO2)C=C1ON,10/000000100,"InChI=1S/C9H10N4O2/c10-4-7-2-1-6(3-8(7)15-11)9-13-12-5-14-9/h1-3,5H,4,10-11H2",C9H10N4O2,206.08037556,0.4478000000000001,4.05,4.55,15.8,-120.0,2.8175978773012336,1,HIGHDIVERSITY_LANAPDB,HsDHODH_HighDiv,6,2,100.19,3,9,2,4,0.6,0.13333333333333333,0.26666666666666666,0.1111111111111111,0.0,15,2,0,2,1,0,1,0,0
C=CC1=C(O)C=C(O)C=C1C(=O)CNN,29/000000002,"InChI=1S/C10H12N2O3/c1-2-7-8(10(15)5-12-11)3-6(13)4-9(7)14/h2-4,12-14H,1,5,11H2",C10H12N2O3,208.084792244,0.38679999999999987,4.05,1.36,3.58,-20.0,3.143609272650071,1,HIGHDIVERSITY_LANAPDB,HsDHODH_HighDiv,5,4,95.58,4,10,3,2,0.6666666666666666,0.2,0.13333333333333333,0.1,0.0,15,1,0,1,0,0,0,0,0
O=C(O)C1=NC=C(NS(=O)(=O)O)C=C1CCCC(F)F,20/000000013,"InChI=1S/C10H12F2N2O5S/c11-8(12)3-1-2-6-4-7(14-20(17,18)19)5-13-9(6)10(15)16/h4-5,8,14H,1-3H2,(H,15,16)(H,17,18,19)",C10H12N2O5SF2,310.043498924,1.5822999999999996,4.05,-0.02,22.9,-190.0,2.8062246488021785,1,HIGHDIVERSITY_LANAPDB,HsDHODH_HighDiv,4,3,116.58999999999999,7,10,5,2,0.5,0.25,0.1,0.4,0.0,20,1,0,1,1,0,1,0,0
CCCN1C=C(C[C@@H](N)C(=O)/C=C/C2=CCON2)CN1,18/000000033,"InChI=1S/C14H22N4O2/c1-2-6-18-10-11(9-16-18)8-13(15)14(19)4-3-12-5-7-20-17-12/h3-5,10,13,16-17H,2,6-9,15H2,1H3/p+1/b4-3+/t13-/m1/s1",C14H23N4O2,278.174275944,0.3619000000000011,4.05,3.02,5.24,-170.0,5.2299241294686905,1,HIGHDIVERSITY_LANAPDB,HsDHODH_HighDiv,6,3,79.62,7,14,2,4,0.7,0.1,0.2,0.5,0.07142857142857142,20,2,2,0,2,2,0,0,0
O=C(/C=C/C1=CCON1)[C@H](Cl)CC1=NC([N+](=O)[O-])=NN1,18/000000015,"InChI=1S/C10H10ClN5O4/c11-7(5-9-12-10(14-13-9)16(18)19)8(17)2-1-6-3-4-20-15-6/h1-3,7,15H,4-5H2,(H,12,13,14)/b2-1+/t7-/m1/s1",C10H10N5O4Cl,299.04213148,0.4067999999999997,4.04,2.71,6.46,-150.0,4.673844415761345,1,HIGHDIVERSITY_LANAPDB,HsDHODH_HighDiv,7,2,123.03999999999999,6,10,4,5,0.5,0.2,0.25,0.3,0.1,20,2,1,1,2,1,1,0,0
C=CNCC1=CC([S@+]([O-])C2=CC(O)=C(I)C=C2O)=CC=C1,12/000000304,"InChI=1S/C15H14INO3S/c1-2-17-9-10-4-3-5-11(6-10)21(20)15-8-13(18)12(16)7-14(15)19/h2-8,17-19H,1,9H2/t21-/m0/s1",C15H14NO3SI,414.97391230799997,3.1022000000000007,4.04,3.41,17.5,0.0,3.7427586276910496,1,HIGHDIVERSITY_LANAPDB,HsDHODH_HighDiv,4,3,75.55,5,15,3,1,0.7142857142857143,0.14285714285714285,0.047619047619047616,0.06666666666666667,0.0,21,2,0,2,0,0,0,0,0
C=CCCN1C=C(C[C@@H](N)C(=O)/C=C/C2=CCON2)CN1,18/000000021,"InChI=1S/C15H22N4O2/c1-2-3-7-19-11-12(10-17-19)9-14(16)15(20)5-4-13-6-8-21-18-13/h2,4-6,11,14,17-18H,1,3,7-10,16H2/p+1/b5-4+/t14-/m1/s1",C15H23N4O2,290.174275944,0.528000000000001,4.04,3.76,5.08,-150.0,5.302100537505375,1,HIGHDIVERSITY_LANAPDB,HsDHODH_HighDiv,6,3,79.62,8,15,2,4,0.7142857142857143,0.09523809523809523,0.19047619047619047,0.4,0.06666666666666667,21,2,2,0,2,2,0,0,0
O=C(O)CCOCC1=CC([C@@H](O)CSS)=CC=C1,17/000000002,"InChI=1S/C12H16O4S2/c13-11(8-18-17)10-3-1-2-9(6-10)7-16-5-4-12(14)15/h1-3,6,11,13,17H,4-5,7-8H2,(H,14,15)/t11-/m0/s1",C12H16O4S2,288.049000992,2.2893,4.04,6.88,3.72,-150.0,3.075276035372811,1,HIGHDIVERSITY_LANAPDB,HsDHODH_HighDiv,5,3,66.76,8,12,4,0,0.6666666666666666,0.2222222222222222,0.0,0.4166666666666667,0.08333333333333333,18,1,0,1,0,0,0,0,0
O=C(O)C1=C(OCCO)C(O)=CC(C2=NOC=C2)=N1,20/000000011,"InChI=1S/C11H10N2O6/c14-2-4-18-10-8(15)5-7(6-1-3-19-13-6)12-9(10)11(16)17/h1,3,5,14H,2,4H2,(H,12,15)(H,16,17)",C11H10N2O6,266.05388604,0.5114999999999998,4.04,4.34,19.2,-140.0,2.948420206224082,1,HIGHDIVERSITY_LANAPDB,HsDHODH_HighDiv,7,3,125.91000000000001,5,11,6,2,0.5789473684210527,0.3157894736842105,0.10526315789473684,0.18181818181818182,0.0,19,2,0,2,2,0,2,0,0
C/C=C(/CC#CCC1=CC(CO)=CC=C1O)C1=NC=CC=C1,12/000000019,"InChI=1S/C19H19NO2/c1-2-16(18-9-5-6-12-20-18)7-3-4-8-17-13-15(14-21)10-11-19(17)22/h2,5-6,9-13,21-22H,7-8,14H2,1H3/b16-2-",C19H19NO2,293.14157884800005,3.3190000000000017,4.04,7.82,16.8,-20.0,2.972050829714229,1,HIGHDIVERSITY_LANAPDB,HsDHODH_HighDiv,3,2,53.35,4,19,2,1,0.8636363636363636,0.09090909090909091,0.045454545454545456,0.21052631578947367,0.0,22,2,0,2,1,0,1,0,0
OC[C@H](SC1=NC2=C(C=CC=C2)N1)C1=CSN=N1,21/000000003,"InChI=1S/C11H10N4OS2/c16-5-10(9-6-17-15-14-9)18-11-12-7-3-1-2-4-8(7)13-11/h1-4,6,10,16H,5H2,(H,12,13)/t10-/m0/s1",C11H10N4OS2,278.02960294,2.2401,4.04,1.98,21.9,-190.0,3.4077899047487197,1,HIGHDIVERSITY_LANAPDB,HsDHODH_HighDiv,6,2,74.69,4,11,1,4,0.6111111111111112,0.05555555555555555,0.2222222222222222,0.18181818181818182,0.09090909090909091,18,3,0,3,2,0,2,0,0
O=C(CC1=NN=CN1)C1=CC(O)=C(S)C(O)=C1,29/000000030,"InChI=1S/C10H9N3O3S/c14-6(3-9-11-4-12-13-9)5-1-7(15)10(17)8(16)2-5/h1-2,4,15-17H,3H2,(H,11,12,13)",C10H9N3O3S,251.036462148,0.9299999999999997,4.04,2.03,2.22,-60.0,3.543652833886382,1,HIGHDIVERSITY_LANAPDB,HsDHODH_HighDiv,6,4,99.10000000000001,3,10,3,3,0.5882352941176471,0.17647058823529413,0.17647058823529413,0.1,0.0,17,2,0,2,1,0,1,0,0
C/C=C/[C@@H](/C=C/C1=C(N)C=C(P(=O)(O)O)C=C1F)NN,8/000000014,"InChI=1S/C12H17FN3O3P/c1-2-3-8(16-15)4-5-10-11(13)6-9(7-12(10)14)20(17,18)19/h2-8,16H,14-15H2,1H3,(H2,17,18,19)/b3-2+,5-4+/t8-/m0/s1",C12H17N3O3PF,301.09915625400004,0.6321000000000003,4.04,4.99,4.81,-170.0,4.375192160940694,1,HIGHDIVERSITY_LANAPDB,HsDHODH_HighDiv,4,5,121.60000000000001,5,12,3,3,0.6,0.15,0.15,0.16666666666666666,0.08333333333333333,20,1,0,1,0,0,0,0,0
[O-][S@@+](C1=CN=CC=C1)C1=CC(O)=C(I)C=C1O,12/000000059,"InChI=1S/C11H8INO3S/c12-8-4-10(15)11(5-9(8)14)17(16)7-2-1-3-13-6-7/h1-6,14-15H/t17-/m0/s1",C11H8NO3SI,360.92696211599997,2.2641000000000004,4.04,2.9,13.9,0.0,3.567933973545512,1,HIGHDIVERSITY_LANAPDB,HsDHODH_HighDiv,4,2,76.41000000000001,2,11,3,1,0.6470588235294118,0.17647058823529413,0.058823529411764705,0.0,0.0,17,2,0,2,1,0,1,0,0
NCC1=CC=C(SS)C(O)=C1I,24/000000015,"InChI=1S/C7H8INOS2/c8-6-4(3-9)1-2-5(12-11)7(6)10/h1-2,10-11H,3,9H2",C7H8NOS2I,312.909203876,2.3924000000000003,4.04,3.31,12.3,0.0,3.616485792177068,1,HIGHDIVERSITY_LANAPDB,HsDHODH_HighDiv,4,3,46.25,2,7,1,1,0.5833333333333334,0.08333333333333333,0.08333333333333333,0.14285714285714285,0.0,12,1,0,1,0,0,0,0,0
O=[N+]([O-])C1=CC(CO)=C(S)C=C1,10/000000038,"InChI=1S/C7H7NO3S/c9-4-5-3-6(8(10)11)1-2-7(5)12/h1-3,9,12H,4H2",C7H7NO3S,185.014664084,1.3757999999999997,4.03,5.77,1.11,0.0,2.532093965253992,1,HIGHDIVERSITY_LANAPDB,HsDHODH_HighDiv,4,2,63.370000000000005,2,7,3,1,0.5833333333333334,0.25,0.08333333333333333,0.14285714285714285,0.0,12,1,0,1,0,0,0,0,0
NC1=C(C#C[C@@H](O)CN2C=NN=C2)C=C(O)C(CO)=C1,8/000000011,"InChI=1S/C13H14N4O3/c14-12-3-10(6-18)13(20)4-9(12)1-2-11(19)5-17-7-15-16-8-17/h3-4,7-8,11,18-20H,5-6,14H2/t11-/m1/s1",C13H14N4O3,274.10659030799997,-0.5292000000000008,4.03,3.31,2.35,-150.0,3.899404305871237,1,HIGHDIVERSITY_LANAPDB,HsDHODH_HighDiv,7,4,117.42,3,13,3,4,0.65,0.15,0.2,0.23076923076923078,0.07692307692307693,20,2,0,2,1,0,1,0,0
NC1=C(/C=C/[C@@H](N)C2=CSN=N2)C(F)=CC(P(=O)(O)O)=C1,8/000000016,"InChI=1S/C11H12FN4O3PS/c12-8-3-6(20(17,18)19)4-10(14)7(8)1-2-9(13)11-5-21-16-15-11/h1-5,9H,13-14H2,(H2,17,18,19)/b2-1+/t9-/m1/s1",C11H12N4O3PSF,330.0351760939999,0.7756000000000001,4.03,4.7,4.81,-150.0,4.315907015238167,1,HIGHDIVERSITY_LANAPDB,HsDHODH_HighDiv,6,4,135.35000000000002,4,11,3,4,0.5238095238095238,0.14285714285714285,0.19047619047619047,0.09090909090909091,0.09090909090909091,21,2,0,2,1,0,1,0,0
CCCC1=CC([S@+]([O-])C2=CC(O)=C(I)C=C2O)=CC=C1,12/000000158,"InChI=1S/C15H15IO3S/c1-2-4-10-5-3-6-11(7-10)20(19)15-9-13(17)12(16)8-14(15)18/h3,5-9,17-18H,2,4H2,1H3/t20-/m0/s1",C15H15O3SI,401.97866334,3.821600000000002,4.03,2.97,15.1,-29.0,3.329263341835272,1,HIGHDIVERSITY_LANAPDB,HsDHODH_HighDiv,3,2,63.519999999999996,4,15,3,0,0.75,0.15,0.0,0.2,0.0,20,2,0,2,0,0,0,0,0
CC[C@H](S)C1=CC=C(P(=O)(O)O)C=C1O,8/000000017,"InChI=1S/C9H13O4PS/c1-2-9(15)7-4-3-6(5-8(7)10)14(11,12)13/h3-5,9-10,15H,2H2,1H3,(H2,11,12,13)/t9-/m0/s1",C9H13O4PS,248.027216526,1.5760999999999996,4.03,3.56,4.83,-170.0,3.760694177888956,1,HIGHDIVERSITY_LANAPDB,HsDHODH_HighDiv,3,4,77.76,3,9,4,0,0.6,0.26666666666666666,0.0,0.3333333333333333,0.1111111111111111,15,1,0,1,0,0,0,0,0
O=C(CC1=CC=C(SS)C(O)=C1I)OCCCCCCO,24/000000024,"InChI=1S/C14H19IO4S2/c15-13-10(5-6-11(21-20)14(13)18)9-12(17)19-8-4-2-1-3-7-16/h5-6,16,18,20H,1-4,7-9H2",C14H19O4S2I,441.97694908799997,3.572100000000003,4.03,1.83,3.58,-100.0,3.023674389662939,1,HIGHDIVERSITY_LANAPDB,HsDHODH_HighDiv,6,3,66.76,9,14,4,0,0.6666666666666666,0.19047619047619047,0.0,0.5,0.0,21,1,0,1,0,0,0,0,0
O=C(O)C(=C\C1=CC=C(C(=O)O)C=C1)/C=C/[N+](=O)[O-],16/000000002,"InChI=1S/C12H9NO6/c14-11(15)9-3-1-8(2-4-9)7-10(12(16)17)5-6-13(18)19/h1-7H,(H,14,15)(H,16,17)/b6-5+,10-7-",C12H9NO6,263.042987008,1.6432,4.03,5.57,2.22,0.0,2.782403694655738,1,HIGHDIVERSITY_LANAPDB,HsDHODH_HighDiv,4,2,117.74000000000001,5,12,6,1,0.631578947368421,0.3157894736842105,0.05263157894736842,0.0,0.0,19,1,0,1,0,0,0,0,0
C#C[C@@H](C)C(=O)OC1=CC=C(SS)C(O)=C1I,24/000000072,"InChI=1S/C11H9IO3S2/c1-3-6(2)11(14)15-7-4-5-8(17-16)10(13)9(7)12/h1,4-6,13,16H,2H3/t6-/m1/s1",C11H9O3S2I,379.903784148,3.1084000000000014,4.03,5.44,3.46,-170.0,4.257218883529146,1,HIGHDIVERSITY_LANAPDB,HsDHODH_HighDiv,5,2,46.53,3,11,3,0,0.6470588235294118,0.17647058823529413,0.0,0.18181818181818182,0.09090909090909091,17,1,0,1,0,0,0,0,0
N[C@@H](C(=O)O)C1=CC=C(SS)C(O)=C1I,24/000000017,"InChI=1S/C8H8INO3S2/c9-5-3(6(10)8(12)13)1-2-4(15-14)7(5)11/h1-2,6,11,14H,10H2,(H,12,13)/t6-/m1/s1",C8H8NO3S2I,356.899033116,2.0181000000000004,4.03,4.49,2.35,-150.0,3.929659858362328,1,HIGHDIVERSITY_LANAPDB,HsDHODH_HighDiv,5,4,83.55000000000001,3,8,3,1,0.5333333333333333,0.2,0.06666666666666667,0.125,0.125,15,1,0,1,0,0,0,0,0
O=C(O)/C=C/CC1=CC(F)=C(O)C(C2=NNC=C2Br)=C1,11/000000076,"InChI=1S/C13H10BrFN2O3/c14-9-6-16-17-12(9)8-4-7(2-1-3-11(18)19)5-10(15)13(8)20/h1,3-6,20H,2H2,(H,16,17)(H,18,19)/b3-1+",C13H10N2O3FBr,339.9858825,2.8672000000000004,4.03,5.46,22.4,-120.0,3.2952156555312984,1,HIGHDIVERSITY_LANAPDB,HsDHODH_HighDiv,3,3,86.21000000000001,4,13,3,2,0.65,0.15,0.1,0.07692307692307693,0.0,20,2,0,2,1,0,1,0,0
C[C@H](CCl)OC(=O)C1=CC(O)=C(S)C(O)=C1,29/000000041,"InChI=1S/C10H11ClO4S/c1-5(4-11)15-10(14)6-2-7(12)9(16)8(13)3-6/h2-3,5,12-13,16H,4H2,1H3/t5-/m1/s1",C10H11O4SCl,262.006657512,2.1706000000000003,4.03,2.24,3.85,-190.0,3.5326053924215373,1,HIGHDIVERSITY_LANAPDB,HsDHODH_HighDiv,5,3,66.76,3,10,4,0,0.625,0.25,0.0,0.3,0.1,16,1,0,1,0,0,0,0,0
OC1=CC(C2=NN=CO2)=CC(CCCCS)=C1,27/000000038,"InChI=1S/C12H14N2O2S/c15-11-6-9(3-1-2-4-17)5-10(7-11)12-14-13-8-16-12/h5-8,15,17H,1-4H2",C12H14N2O2S,250.077598688,2.694700000000001,4.03,-0.02,17.3,-140.0,2.730071291416694,1,HIGHDIVERSITY_LANAPDB,HsDHODH_HighDiv,5,2,59.150000000000006,5,12,2,2,0.7058823529411765,0.11764705882352941,0.11764705882352941,0.3333333333333333,0.0,17,2,0,2,1,0,1,0,0
O=C(O)CC[C@@](O)(CO)C(=O)C1=CC=C(SS)C(O)=C1I,24/000000079,"InChI=1S/C12H13IO6S2/c13-9-6(1-2-7(21-20)10(9)17)11(18)12(19,5-14)4-3-8(15)16/h1-2,14,17,19-20H,3-5H2,(H,15,16)/t12-/m1/s1",C12H13O6S2I,443.919828136,1.7046000000000001,4.03,4.47,3.7,-180.0,4.050911726316563,1,HIGHDIVERSITY_LANAPDB,HsDHODH_HighDiv,7,5,115.06000000000002,7,12,6,0,0.5714285714285714,0.2857142857142857,0.0,0.3333333333333333,0.08333333333333333,21,1,0,1,0,0,0,0,0
CC(=O)C1=C(F)C=C(O)C(O)=C1,12/000000003,"InChI=1S/C8H7FO3/c1-4(10)5-2-7(11)8(12)3-6(5)9/h2-3,11-12H,1H3",C8H7O3F,170.037922304,1.4394999999999998,4.02,3.38,2.22,-20.0,2.2012274174872424,1,HIGHDIVERSITY_LANAPDB,HsDHODH_HighDiv,3,2,57.53,1,8,3,0,0.6666666666666666,0.25,0.0,0.125,0.0,12,1,0,1,0,0,0,0,0
O=C(CC1=CC=C(SS)C(O)=C1I)OC[C@@H]1NC=NO1,24/000000046,"InChI=1S/C11H11IN2O4S2/c12-10-6(1-2-7(20-19)11(10)16)3-9(15)17-4-8-13-5-14-18-8/h1-2,5,8,16,19H,3-4H2,(H,13,14)/t8-/m1/s1",C11H11N2O4S2I,425.920496832,1.9085999999999999,4.02,2.61,3.58,-150.0,4.556045789387719,1,HIGHDIVERSITY_LANAPDB,HsDHODH_HighDiv,8,3,80.15,5,11,4,2,0.55,0.2,0.1,0.2727272727272727,0.09090909090909091,20,2,1,1,1,1,0,0,0
NC(=S)C1=N/C(=C\C2=CC=C3NC(=O)CSC3=C2)C(=O)N1,27/000000039,"InChI=1S/C13H10N4O2S2/c14-11(20)12-16-8(13(19)17-12)3-6-1-2-7-9(4-6)21-5-10(18)15-7/h1-4H,5H2,(H2,14,20)(H,15,18)(H,16,17,19)/b8-3-",C13H10N4O2S2,318.02451756,0.8861000000000001,4.02,2.2,3.58,-80.0,3.36738286423921,1,HIGHDIVERSITY_LANAPDB,HsDHODH_HighDiv,5,3,96.57999999999998,2,13,2,4,0.6190476190476191,0.09523809523809523,0.19047619047619047,0.07692307692307693,0.0,21,3,2,1,2,2,0,0,0
OCC1=CC=C(SS)C(O)=C1I,24/000000004,"InChI=1S/C7H7IO2S2/c8-6-4(3-9)1-2-5(12-11)7(6)10/h1-2,9-11H,3H2",C7H7O2S2I,313.893219464,2.426,4.02,3.37,12.1,0.0,3.541301176792454,1,HIGHDIVERSITY_LANAPDB,HsDHODH_HighDiv,4,3,40.46,2,7,2,0,0.5833333333333334,0.16666666666666666,0.0,0.14285714285714285,0.0,12,1,0,1,0,0,0,0,0
NC(=O)C/C(N)=C/C1=CC([N+](=O)[O-])=CC=C1S,10/000000083,"InChI=1S/C10H11N3O3S/c11-7(5-10(12)14)3-6-4-8(13(15)16)1-2-9(6)17/h1-4,17H,5,11H2,(H2,12,14)/b7-3-",C10H11N3O3S,253.052112212,1.0584999999999998,4.02,3.11,2.35,-60.0,3.143598889532864,1,HIGHDIVERSITY_LANAPDB,HsDHODH_HighDiv,5,3,112.25,4,10,3,3,0.5882352941176471,0.17647058823529413,0.17647058823529413,0.1,0.0,17,1,0,1,0,0,0,0,0
O=C(C1=CC=C(SS)C(O)=C1I)C1NCNCN1,24/000000076,"InChI=1S/C10H12IN3O2S2/c11-7-5(1-2-6(18-17)9(7)16)8(15)10-13-3-12-4-14-10/h1-2,10,12-14,16-17H,3-4H2",C10H12N3O2S2I,396.9415666240001,1.1399,4.01,5.57,2.35,-150.0,4.2620520413765295,1,HIGHDIVERSITY_LANAPDB,HsDHODH_HighDiv,7,5,73.39,3,10,2,3,0.5555555555555556,0.1111111111111111,0.16666666666666666,0.3,0.0,18,2,1,1,1,1,0,0,0
CC1=C(C[C@H](O)C#CC2=C(N)C=C(CO)C(O)=C2)CC=CO1,8/000000030,"InChI=1S/C17H19NO4/c1-11-12(3-2-6-22-11)7-15(20)5-4-13-9-17(21)14(10-19)8-16(13)18/h2,6,8-9,15,19-21H,3,7,10,18H2,1H3/t15-/m1/s1",C17H19NO4,301.131408088,1.7772,4.01,5.79,2.35,-170.0,4.197349000615573,1,HIGHDIVERSITY_LANAPDB,HsDHODH_HighDiv,5,4,95.94000000000001,3,17,4,1,0.7727272727272727,0.18181818181818182,0.045454545454545456,0.29411764705882354,0.058823529411764705,22,2,1,1,1,1,0,0,0
O=C(C1=CC=C(SS)C(O)=C1I)[C@@H]1CCNC1,24/000000080,"InChI=1S/C11H12INO2S2/c12-9-7(1-2-8(17-16)11(9)15)10(14)6-3-4-13-5-6/h1-2,6,13,15-16H,3-5H2/t6-/m1/s1",C11H12NO2S2I,380.935418624,2.7259,4.01,5.43,2.35,-150.0,3.850130372890847,1,HIGHDIVERSITY_LANAPDB,HsDHODH_HighDiv,5,3,49.33,3,11,2,1,0.6470588235294118,0.11764705882352941,0.058823529411764705,0.36363636363636365,0.09090909090909091,17,2,1,1,1,1,0,0,0
C[C@@H](/C=C/CCO)/C=C/C1=C(N)C=C(P(=O)(O)O)C=C1F,8/000000045,"InChI=1S/C14H19FNO4P/c1-10(4-2-3-7-17)5-6-12-13(15)8-11(9-14(12)16)21(18,19)20/h2,4-6,8-10,17H,3,7,16H2,1H3,(H2,18,19,20)/b4-2+,6-5+/t10-/m0/s1",C14H19NO4PF,315.103572938,1.7987999999999997,4.01,5.34,4.81,-200.0,4.083584603439441,1,HIGHDIVERSITY_LANAPDB,HsDHODH_HighDiv,3,4,103.78,6,14,4,1,0.6666666666666666,0.19047619047619047,0.047619047619047616,0.2857142857142857,0.07142857142857142,21,1,0,1,0,0,0,0,0
O=C(/C=C/C1=CCON1)[C@H](Cl)C/C=C/C1=CCN=CN1,18/000000019,"InChI=1S/C14H16ClN3O2/c15-13(3-1-2-11-6-8-16-10-17-11)14(19)5-4-12-7-9-20-18-12/h1-2,4-7,10,13,18H,3,8-9H2,(H,16,17)/b2-1+,5-4+/t13-/m1/s1",C14H16N3O2Cl,293.093104432,1.5994999999999997,4.01,3.73,3.58,-150.0,5.197737433950055,1,HIGHDIVERSITY_LANAPDB,HsDHODH_HighDiv,5,2,62.72,6,14,2,3,0.7,0.1,0.15,0.2857142857142857,0.07142857142857142,20,2,2,0,2,2,0,0,0
O=[N+]([O-])C1=C(CNO)N(C[C@H](O)C2=CC=NC(Cl)=C2)C=N1,7/000000009,"InChI=1S/C11H12ClN5O4/c12-10-3-7(1-2-13-10)9(18)5-16-6-14-11(17(20)21)8(16)4-15-19/h1-3,6,9,15,18-19H,4-5H2/t9-/m0/s1",C11H12N5O4Cl,313.057781544,1.0520999999999998,4.01,5.66,3.7,-150.0,3.636052526895295,1,HIGHDIVERSITY_LANAPDB,HsDHODH_HighDiv,8,3,126.34000000000002,6,11,4,5,0.5238095238095238,0.19047619047619047,0.23809523809523808,0.2727272727272727,0.09090909090909091,21,2,0,2,2,0,2,0,0
C=CC1=CC=C(C(=O)O)C(S)=C1C1=CC=C(F)C=C1F,10/000000099,"InChI=1S/C15H10F2O2S/c1-2-8-3-5-11(15(18)19)14(20)13(8)10-6-4-9(16)7-12(10)17/h2-7,20H,1H2,(H,18,19)",C15H10O2SF2,292.036957,4.261700000000001,4.01,6.27,19.3,-174.0,2.652433744109386,1,HIGHDIVERSITY_LANAPDB,HsDHODH_HighDiv,2,2,37.3,3,15,2,0,0.75,0.1,0.0,0.0,0.0,20,2,0,2,0,0,0,0,0
CCC#C[C@H](O)C/C=C/C1=CC(I)=CC(O)=C1,12/000000039,"InChI=1S/C14H15IO2/c1-2-3-6-13(16)7-4-5-11-8-12(15)10-14(17)9-11/h4-5,8-10,13,16-17H,2,7H2,1H3/b5-4+/t13-/m0/s1",C14H15O2I,342.01167771999997,3.174400000000002,4.01,3.23,2.22,-170.0,3.771546084838475,1,HIGHDIVERSITY_LANAPDB,HsDHODH_HighDiv,2,2,40.46,3,14,2,0,0.8235294117647058,0.11764705882352941,0.0,0.2857142857142857,0.07142857142857142,17,1,0,1,0,0,0,0,0
CSC[C@@H](C(=O)O)C1=CNC=C1C(=O)C1=CSN=N1,3/000000049,"InChI=1S/C11H11N3O3S2/c1-18-4-8(11(16)17)6-2-12-3-7(6)10(15)9-5-19-14-13-9/h2-3,5,8,12H,4H2,1H3,(H,16,17)/t8-/m1/s1",C11H11N3O3S2,297.0241832120001,1.6283999999999998,4.01,3.29,3.72,-170.0,3.937842580481612,1,HIGHDIVERSITY_LANAPDB,HsDHODH_HighDiv,6,2,95.94,6,11,3,3,0.5789473684210527,0.15789473684210525,0.15789473684210525,0.2727272727272727,0.09090909090909091,19,2,0,2,2,0,2,0,0
CC#C[C@@H](CCC1=CC=C(NC(N)=O)C(Cl)=C1)CC(=O)O,11/000000070,"InChI=1S/C15H17ClN2O3/c1-2-3-10(9-14(19)20)4-5-11-6-7-13(12(16)8-11)18-15(17)21/h6-8,10H,4-5,9H2,1H3,(H,19,20)(H3,17,18,21)/t10-/m0/s1",C15H16N2O3Cl,308.092770084,2.8774000000000006,4.01,5.78,3.58,-200.0,3.179672197424403,1,HIGHDIVERSITY_LANAPDB,HsDHODH_HighDiv,2,3,92.42,6,15,3,2,0.7142857142857143,0.14285714285714285,0.09523809523809523,0.3333333333333333,0.06666666666666667,21,1,0,1,0,0,0,0,0
CSCC1=CNC=C1C(=O)C1=CSC(C(=O)O)=N1,3/000000022,"InChI=1S/C11H10N2O3S2/c1-17-4-6-2-12-3-7(6)9(14)8-5-18-10(13-8)11(15)16/h2-3,5,12H,4H2,1H3,(H,15,16)",C11H10N2O3S2,282.01328418,2.2634000000000003,4.01,5.7,2.35,-20.0,3.190085579838068,1,HIGHDIVERSITY_LANAPDB,HsDHODH_HighDiv,5,2,83.05,5,11,3,2,0.6111111111111112,0.16666666666666666,0.1111111111111111,0.18181818181818182,0.0,18,2,0,2,2,0,2,0,0
CCCCC1=CC(CO)=C(C(=O)C2=NN=C(CS)O2)C=C1,27/000000015,"InChI=1S/C15H18N2O3S/c1-2-3-4-10-5-6-12(11(7-10)8-18)14(19)15-17-16-13(9-21)20-15/h5-7,18,21H,2-4,8-9H2,1H3",C15H18N2O3S,306.103813436,2.5653000000000006,4.01,3.65,5.09,-40.0,2.827826410523434,1,HIGHDIVERSITY_LANAPDB,HsDHODH_HighDiv,6,2,76.22,7,15,3,2,0.7142857142857143,0.14285714285714285,0.09523809523809523,0.4,0.0,21,2,0,2,1,0,1,0,0
O=P(O)(O)C1=CC(O)=C(/C=C/CNCCCO)C(Cl)=C1,8/000000021,"InChI=1S/C12H17ClNO5P/c13-11-7-9(20(17,18)19)8-12(16)10(11)3-1-4-14-5-2-6-15/h1,3,7-8,14-16H,2,4-6H2,(H2,17,18,19)/b3-1+",C12H17NO5PCl,321.05328695400004,0.8337999999999999,4.0,3.27,4.81,0.0,3.2810952825709254,1,HIGHDIVERSITY_LANAPDB,HsDHODH_HighDiv,4,5,110.02000000000001,7,12,5,1,0.6,0.25,0.05,0.3333333333333333,0.0,20,1,0,1,0,0,0,0,0
O=C(C1=NN=C(CS)O1)C1=CNC2=C1C(Br)=CC=C2CCO,27/000000034,"InChI=1S/C14H12BrN3O3S/c15-9-2-1-7(3-4-19)12-11(9)8(5-16-12)13(20)14-18-17-10(6-22)21-14/h1-2,5,16,19,22H,3-4,6H2",C14H12N3O3SBr,380.978274344,2.509000000000001,4.0,3.42,3.72,-60.0,3.3017027616532575,1,HIGHDIVERSITY_LANAPDB,HsDHODH_HighDiv,6,3,92.01,5,14,3,3,0.6363636363636364,0.13636363636363635,0.13636363636363635,0.21428571428571427,0.0,22,3,0,3,2,0,2,0,0
C=C(C1=CC(F)=C(Cl)C(C(N)=O)=C1)C1=NC(C(N)=S)=NO1,27/000000042,"InChI=1S/C12H8ClFN4O2S/c1-4(12-17-11(10(16)21)18-20-12)5-2-6(9(15)19)8(13)7(14)3-5/h2-3H,1H2,(H2,15,19)(H2,16,21)",C12H8N4O2SFCl,326.004052396,1.6567,4.0,3.35,3.58,0.0,3.322348290761841,1,HIGHDIVERSITY_LANAPDB,HsDHODH_HighDiv,5,2,108.03,4,12,2,4,0.5714285714285714,0.09523809523809523,0.19047619047619047,0.0,0.0,21,2,0,2,1,0,1,0,0
C#C[C@H](C)C1=CN=C(C(=O)O)C(OCCO)=C1O,20/000000012,"InChI=1S/C12H13NO5/c1-3-7(2)8-6-13-9(12(16)17)11(10(8)15)18-5-4-14/h1,6-7,14H,4-5H2,2H3,(H,13,15)(H,16,17)/t7-/m0/s1",C12H13NO5,251.079372516,0.5932,4.0,2.0,17.0,-190.0,3.664630996911274,1,HIGHDIVERSITY_LANAPDB,HsDHODH_HighDiv,5,3,99.88000000000001,5,12,5,1,0.6666666666666666,0.2777777777777778,0.05555555555555555,0.3333333333333333,0.08333333333333333,18,1,0,1,1,0,1,0,0
N[C@H](CC1=NC=CC(O)=C1)C(=O)/C=C/C1=C(CF)CON1,18/000000014,"InChI=1S/C14H16FN3O3/c15-7-9-8-21-18-13(9)1-2-14(20)12(16)6-10-5-11(19)3-4-17-10/h1-5,12,18H,6-8,16H2,(H,17,19)/p+1/b2-1+/t12-/m1/s1",C14H17N3O3F,293.117569592,0.5406999999999993,4.0,3.23,3.72,-150.0,4.798673158105114,1,HIGHDIVERSITY_LANAPDB,HsDHODH_HighDiv,6,3,97.47000000000001,6,14,3,3,0.6666666666666666,0.14285714285714285,0.14285714285714285,0.2857142857142857,0.07142857142857142,21,2,1,1,2,1,1,0,0
CNC(=O)C1=NC(C2=C(ON)C(F)=CC(CCN3N=CC=C3O)=C2)=CN1,27/000000362,"InChI=1S/C16H17FN6O3/c1-19-16(25)15-20-8-12(22-15)10-6-9(7-11(17)14(10)26-18)3-5-23-13(24)2-4-21-23/h2,4,6-8,24H,3,5,18H2,1H3,(H,19,25)(H,20,22)",C16H17N6O3F,360.13461662400005,0.9726999999999995,6.11,4.01,3.58,-160.0,3.5544044104331025,1,HIGHDIVERSITY_MAYBRIDGE,HsDHODH_HighDiv,7,4,131.07999999999998,6,16,3,6,0.6153846153846154,0.11538461538461539,0.23076923076923078,0.1875,0.0,26,3,0,3,2,0,2,0,0
CNC(=O)C1=NC(C2=C(ON)C(F)=CC(CCS(=O)(=O)CS)=C2)=CN1,27/000000520,"InChI=1S/C14H17FN4O4S2/c1-17-14(20)13-18-6-11(19-13)9-4-8(2-3-25(21,22)7-24)5-10(15)12(9)23-16/h4-6,24H,2-3,7,16H2,1H3,(H,17,20)(H,18,19)",C14H17N4O4S2F,388.067525244,0.6725000000000001,5.87,3.83,3.58,-160.0,3.693339923959447,1,HIGHDIVERSITY_MAYBRIDGE,HsDHODH_HighDiv,7,4,127.16999999999999,7,14,4,4,0.56,0.16,0.16,0.2857142857142857,0.0,25,2,0,2,1,0,1,0,0
C/C=C\CCC1=CC(F)=C(ON)C(C2=CNC(C(=O)NC)=N2)=C1,27/000000289,"InChI=1S/C16H19FN4O2/c1-3-4-5-6-10-7-11(14(23-18)12(17)8-10)13-9-20-15(21-13)16(22)19-2/h3-4,7-9H,5-6,18H2,1-2H3,(H,19,22)(H,20,21)/b4-3-",C16H19N4O2F,318.1492040680001,2.3366000000000007,5.78,3.66,3.58,-200.0,3.457393859512295,1,HIGHDIVERSITY_MAYBRIDGE,HsDHODH_HighDiv,4,3,93.03,6,16,2,4,0.6956521739130435,0.08695652173913043,0.17391304347826086,0.25,0.0,23,2,0,2,1,0,1,0,0
CNC(=O)C1=NC(C2=CC(CCC3=CC=CN3)=CC(F)=C2ON)=CN1,27/000000324,"InChI=1S/C17H18FN5O2/c1-20-17(24)16-22-9-14(23-16)12-7-10(8-13(18)15(12)25-19)4-5-11-3-2-6-21-11/h2-3,6-9,21H,4-5,19H2,1H3,(H,20,24)(H,22,23)",C17H18N5O2F,343.144453036,1.9411999999999998,5.77,3.82,3.58,-140.0,3.4354356348765336,1,HIGHDIVERSITY_MAYBRIDGE,HsDHODH_HighDiv,4,4,108.82,6,17,2,5,0.68,0.08,0.2,0.17647058823529413,0.0,25,3,0,3,2,0,2,0,0
CCCCCC1=CC(F)=C(ON)C(C2=CNC(C(=O)NC)=N2)=C1,27/000000433,"InChI=1S/C16H21FN4O2/c1-3-4-5-6-10-7-11(14(23-18)12(17)8-10)13-9-20-15(21-13)16(22)19-2/h7-9H,3-6,18H2,1-2H3,(H,19,22)(H,20,21)",C16H21N4O2F,320.1648541320001,2.560600000000001,5.76,3.42,3.58,-200.0,3.141805397973833,1,HIGHDIVERSITY_MAYBRIDGE,HsDHODH_HighDiv,4,3,93.03,7,16,2,4,0.6956521739130435,0.08695652173913043,0.17391304347826086,0.375,0.0,23,2,0,2,1,0,1,0,0
NOC1=C(F)C=C(CCS(=O)(=O)CS)C=C1C1=CNC(C(=O)NC(N)N)=N1,27/000000462,"InChI=1S/C14H19FN6O4S2/c15-9-4-7(1-2-27(23,24)6-26)3-8(11(9)25-18)10-5-19-12(20-10)13(22)21-14(16)17/h3-5,14,26H,1-2,6,16-18H2,(H,19,20)(H,21,22)",C14H17N6O4S2F,418.08932330800013,-0.7562999999999989,5.7,4.36,4.94,-180.0,3.866337763734755,1,HIGHDIVERSITY_MAYBRIDGE,HsDHODH_HighDiv,9,6,179.21000000000004,8,14,4,6,0.5185185185185185,0.14814814814814814,0.2222222222222222,0.2857142857142857,0.0,27,2,0,2,1,0,1,0,0
CNC(=O)C1=NC(C2=CC(CCC3=CC=CO3)=CC(F)=C2ON)=CN1,27/000000383,"InChI=1S/C17H17FN4O3/c1-20-17(23)16-21-9-14(22-16)12-7-10(8-13(18)15(12)25-19)4-5-11-3-2-6-24-11/h2-3,6-9H,4-5,19H2,1H3,(H,20,23)(H,21,22)",C17H17N4O3F,344.12846862400005,2.2061,5.7,3.27,3.58,-140.0,3.237326425775775,1,HIGHDIVERSITY_MAYBRIDGE,HsDHODH_HighDiv,5,3,106.16999999999999,6,17,3,4,0.68,0.12,0.16,0.17647058823529413,0.0,25,3,0,3,2,0,2,0,0
CNC(=O)C1=NC(C2=CC(CCC3=NCCC3)=CC(F)=C2ON)=CN1,27/000000296,"InChI=1S/C17H20FN5O2/c1-20-17(24)16-22-9-14(23-16)12-7-10(8-13(18)15(12)25-19)4-5-11-3-2-6-21-11/h7-9H,2-6,19H2,1H3,(H,20,24)(H,22,23)",C17H20N5O2F,345.1601031,1.9952999999999999,5.65,4.57,3.58,-140.0,3.605173879730272,1,HIGHDIVERSITY_MAYBRIDGE,HsDHODH_HighDiv,5,3,105.38999999999999,6,17,2,5,0.68,0.08,0.2,0.35294117647058826,0.0,25,3,1,2,2,1,1,0,0
NC[C@H](Cl)C1=NN=C(/C=C/C2=C(S)C(O)=CN=C2I)N1,30/000000201,"InChI=1S/C11H11ClIN5OS/c12-6(3-14)11-16-8(17-18-11)2-1-5-9(20)7(19)4-15-10(5)13/h1-2,4,6,19H,3,14H2,(H,15,20)(H,16,17,18)/p+1/b2-1+/t6-/m0/s1",C11H12N5OSClI,422.94175665200004,2.2076000000000002,5.64,8.37,23.0,-150.0,5.048572992184922,1,HIGHDIVERSITY_MAYBRIDGE,HsDHODH_HighDiv,6,4,100.71000000000001,4,11,1,5,0.55,0.05,0.25,0.18181818181818182,0.09090909090909091,20,2,0,2,2,0,2,0,0
CNC(=O)C1=NC(C2=CC(CCC3=CON=C3)=CC(F)=C2ON)=CN1,27/000000274,"InChI=1S/C16H16FN5O3/c1-19-16(23)15-20-7-13(22-15)11-4-9(5-12(17)14(11)25-18)2-3-10-6-21-24-8-10/h4-8H,2-3,18H2,1H3,(H,19,23)(H,20,22)",C16H16N5O3F,345.123717592,1.6011,5.61,3.62,3.58,-160.0,3.5301823304344975,1,HIGHDIVERSITY_MAYBRIDGE,HsDHODH_HighDiv,6,3,119.06,6,16,3,5,0.64,0.12,0.2,0.1875,0.0,25,3,0,3,2,0,2,0,0
C=CCCC1=CC(F)=C(ON)C(C2=CNC(C(=O)NC)=N2)=C1,27/000000491,"InChI=1S/C15H17FN4O2/c1-3-4-5-9-6-10(13(22-17)11(16)7-9)12-8-19-14(20-12)15(21)18-2/h3,6-8H,1,4-5,17H2,2H3,(H,18,21)(H,19,20)",C15H17N4O2F,304.133554004,1.9465,5.6,1.43,3.58,-140.0,3.4040658540341724,1,HIGHDIVERSITY_MAYBRIDGE,HsDHODH_HighDiv,4,3,93.03,6,15,2,4,0.6818181818181818,0.09090909090909091,0.18181818181818182,0.2,0.0,22,2,0,2,1,0,1,0,0
NOC1=C(C2=CNC(CC(=O)O)=N2)C=C(CCS(=O)(=O)CI)C=C1F,27/000000443,"InChI=1S/C14H15FIN3O5S/c15-10-4-8(1-2-25(22,23)7-16)3-9(14(10)24-17)11-6-18-12(19-11)5-13(20)21/h3-4,6H,1-2,5,7,17H2,(H,18,19)(H,20,21)",C14H15N3O5SFI,482.9761178,1.4451999999999996,5.56,4.98,3.58,-180.0,3.6216921864028864,1,HIGHDIVERSITY_MAYBRIDGE,HsDHODH_HighDiv,6,3,135.37,8,14,5,3,0.56,0.2,0.12,0.2857142857142857,0.0,25,2,0,2,1,0,1,0,0
COCC1=NC(C2=C(ON)C(F)=CC(CCS(=O)(=O)CS)=C2)=CN1,27/000000345,"InChI=1S/C14H18FN3O4S2/c1-21-7-13-17-6-12(18-13)10-4-9(2-3-24(19,20)8-23)5-11(15)14(10)22-16/h4-6,23H,2-3,7-8,16H2,1H3,(H,17,18)",C14H18N3O4S2F,375.072276276,1.4593000000000003,5.55,3.49,3.58,-160.0,3.670157279514493,1,HIGHDIVERSITY_MAYBRIDGE,HsDHODH_HighDiv,7,3,107.29999999999998,8,14,4,3,0.5833333333333334,0.16666666666666666,0.125,0.35714285714285715,0.0,24,2,0,2,1,0,1,0,0
CCCCNCC1=CC(F)=C(ON)C(C2=CNC(C(=O)NC)=N2)=C1,27/000000175,"InChI=1S/C16H22FN5O2/c1-3-4-5-20-8-10-6-11(14(24-18)12(17)7-10)13-9-21-15(22-13)16(23)19-2/h6-7,9,20H,3-5,8,18H2,1-2H3,(H,19,23)(H,21,22)",C16H22N5O2F,335.175753164,1.7175999999999998,5.5,3.61,5.09,-200.0,3.173427293083016,1,HIGHDIVERSITY_MAYBRIDGE,HsDHODH_HighDiv,5,4,105.06,8,16,2,5,0.6666666666666666,0.08333333333333333,0.20833333333333334,0.375,0.0,24,2,0,2,1,0,1,0,0
CSCC1=NN=C(/C(=C/C2=C(I)N=CC(O)=C2S)CO)N1,30/000000158,"InChI=1S/C12H13IN4O2S2/c1-21-5-9-15-12(17-16-9)6(4-18)2-7-10(20)8(19)3-14-11(7)13/h2-3,18-19H,4-5H2,1H3,(H,14,20)(H,15,16,17)/b6-2+",C12H13N4O2S2I,435.9524656560001,2.194500000000001,5.48,9.31,24.2,-20.0,4.248514707965326,1,HIGHDIVERSITY_MAYBRIDGE,HsDHODH_HighDiv,7,4,94.92000000000002,5,12,2,4,0.5714285714285714,0.09523809523809523,0.19047619047619047,0.25,0.0,21,2,0,2,2,0,2,0,0
C=CCNCC1=NC(C2=C(ON)C(F)=CC(CC(=O)C=C)=C2)=CN1,27/000000407,"InChI=1S/C17H19FN4O2/c1-3-5-20-10-16-21-9-15(22-16)13-7-11(6-12(23)4-2)8-14(18)17(13)24-19/h3-4,7-9,20H,1-2,5-6,10,19H2,(H,21,22)",C17H19N4O2F,330.149204068,2.0415,5.48,0.95,3.58,-180.0,3.580002034759249,1,HIGHDIVERSITY_MAYBRIDGE,HsDHODH_HighDiv,5,3,93.03,9,17,2,4,0.7083333333333334,0.08333333333333333,0.16666666666666666,0.17647058823529413,0.0,24,2,0,2,1,0,1,0,0
CCC1=CC(F)=C(ON)C(C2=CNC(C(=O)NC)=N2)=C1,27/000000150,"InChI=1S/C13H15FN4O2/c1-3-7-4-8(11(20-15)9(14)5-7)10-6-17-12(18-10)13(19)16-2/h4-6H,3,15H2,1-2H3,(H,16,19)(H,17,18)",C13H15N4O2F,278.11790394,1.3902999999999999,5.41,1.84,3.58,-200.0,3.2876279632236045,1,HIGHDIVERSITY_MAYBRIDGE,HsDHODH_HighDiv,4,3,93.03,4,13,2,4,0.65,0.1,0.2,0.23076923076923078,0.0,20,2,0,2,1,0,1,0,0
CNC(=O)C1=NC(C2=C(ON)C(F)=CC(CCCC(=O)O)=C2)=CN1,27/000000298,"InChI=1S/C15H17FN4O4/c1-18-15(23)14-19-7-11(20-14)9-5-8(3-2-4-12(21)22)6-10(16)13(9)24-17/h5-7H,2-4,17H2,1H3,(H,18,23)(H,19,20)(H,21,22)",C15H17N4O4F,336.123383244,1.2351999999999994,5.4,3.11,3.58,-140.0,3.179502034759248,1,HIGHDIVERSITY_MAYBRIDGE,HsDHODH_HighDiv,5,4,130.33,7,15,4,4,0.625,0.16666666666666666,0.16666666666666666,0.26666666666666666,0.0,24,2,0,2,1,0,1,0,0
NCC(=O)C1=NC(C2=C(ON)C(F)=CC(CCS(=O)(=O)CS)=C2)=CN1,27/000000455,"InChI=1S/C14H17FN4O4S2/c15-10-4-8(1-2-25(21,22)7-24)3-9(13(10)23-17)11-6-18-14(19-11)12(20)5-16/h3-4,6,24H,1-2,5,7,16-17H2,(H,18,19)",C14H17N4O4S2F,388.067525244,0.45429999999999937,5.39,3.89,3.58,-120.0,3.7847245393440634,1,HIGHDIVERSITY_MAYBRIDGE,HsDHODH_HighDiv,8,4,141.16,8,14,4,4,0.56,0.16,0.16,0.2857142857142857,0.0,25,2,0,2,1,0,1,0,0
C=C/C=C\C1=CC(F)=C(ON)C(C2=CNC(C(=O)O)=N2)=C1,27/000000528,"InChI=1S/C14H12FN3O3/c1-2-3-4-8-5-9(12(21-16)10(15)6-8)11-7-17-13(18-11)14(19)20/h2-7H,1,16H2,(H,17,18)(H,19,20)/b4-3-",C14H11N3O3F,289.086269464,2.3656999999999995,5.35,4.32,23.7,-120.0,3.561640437408297,1,HIGHDIVERSITY_MAYBRIDGE,HsDHODH_HighDiv,4,3,101.23,5,14,3,3,0.6666666666666666,0.14285714285714285,0.14285714285714285,0.0,0.0,21,2,0,2,1,0,1,0,0
CC[C@H](Cl)C1=NN=C(/C=C/C2=C(S)C([N+](=O)[O-])=CN=C2I)N1,30/000000163,"InChI=1S/C12H11ClIN5O2S/c1-2-7(13)12-16-9(17-18-12)4-3-6-10(22)8(19(20)21)5-15-11(6)14/h3-5,7H,2H2,1H3,(H,15,22)(H,16,17,18)/b4-3+/t7-/m0/s1",C12H11N5O2SClI,450.93667127200007,3.8615000000000013,5.34,10.02,3.84,-170.0,4.425099505029193,1,HIGHDIVERSITY_MAYBRIDGE,HsDHODH_HighDiv,6,2,97.6,5,12,2,5,0.5454545454545454,0.09090909090909091,0.22727272727272727,0.25,0.08333333333333333,22,2,0,2,2,0,2,0,0
CNC(=O)C1=NC(C2=CC(CCCO)=CC(F)=C2ON)=CN1,27/000000457,"InChI=1S/C14H17FN4O3/c1-17-14(21)13-18-7-11(19-13)9-5-8(3-2-4-20)6-10(15)12(9)22-16/h5-7,20H,2-4,16H2,1H3,(H,17,21)(H,18,19)",C14H17N4O3F,308.12846862400005,0.7528000000000001,5.32,3.53,3.58,-140.0,3.2776550091413608,1,HIGHDIVERSITY_MAYBRIDGE,HsDHODH_HighDiv,5,4,113.25999999999999,6,14,3,4,0.6363636363636364,0.13636363636363635,0.18181818181818182,0.2857142857142857,0.0,22,2,0,2,1,0,1,0,0
NOC1=C(C2=CNC(CC(=O)O)=N2)C=C(CCS(=O)(=O)CF)C=C1F,27/000000465,"InChI=1S/C14H15F2N3O5S/c15-7-25(22,23)2-1-8-3-9(14(24-17)10(16)4-8)11-6-18-12(19-11)5-13(20)21/h3-4,6H,1-2,5,7,17H2,(H,18,19)(H,20,21)",C14H15N3O5SF2,375.07004802,0.9796999999999996,5.29,3.63,3.58,-180.0,3.550478159253565,1,HIGHDIVERSITY_MAYBRIDGE,HsDHODH_HighDiv,6,3,135.37,8,14,5,3,0.56,0.2,0.12,0.2857142857142857,0.0,25,2,0,2,1,0,1,0,0
CS(=O)(=O)CCC1=CC(C2=CNC(CC(=O)O)=N2)=C(ON)C(F)=C1,27/000000129,"InChI=1S/C14H16FN3O5S/c1-24(21,22)3-2-8-4-9(14(23-16)10(15)5-8)11-7-17-12(18-11)6-13(19)20/h4-5,7H,2-3,6,16H2,1H3,(H,17,18)(H,19,20)",C14H16N3O5SF,357.079469832,0.6824999999999996,5.24,3.16,3.58,-180.0,3.296496709315462,1,HIGHDIVERSITY_MAYBRIDGE,HsDHODH_HighDiv,6,3,135.37,7,14,5,3,0.5833333333333334,0.20833333333333334,0.125,0.2857142857142857,0.0,24,2,0,2,1,0,1,0,0
C=CNCCC1=CC(F)=C(ON)C(C2=CNC(C(=O)NC)=N2)=C1,27/000000429,"InChI=1S/C15H18FN5O2/c1-3-19-5-4-9-6-10(13(23-17)11(16)7-9)12-8-20-14(21-12)15(22)18-2/h3,6-8,19H,1,4-5,17H2,2H3,(H,18,22)(H,20,21)",C15H18N5O2F,319.144453036,1.1034999999999997,5.2,2.36,3.58,-160.0,3.5736799172046023,1,HIGHDIVERSITY_MAYBRIDGE,HsDHODH_HighDiv,5,4,105.06,7,15,2,5,0.6521739130434783,0.08695652173913043,0.21739130434782608,0.2,0.0,23,2,0,2,1,0,1,0,0
O=[N+]([O-])C1=CN=C(I)C(/C=C/C2=NN=C(COCC3=NON=C3)N2)=C1S,30/000000123,"InChI=1S/C13H10IN7O4S/c14-13-8(12(26)9(4-15-13)21(22)23)1-2-10-17-11(19-18-10)6-24-5-7-3-16-25-20-7/h1-4H,5-6H2,(H,15,26)(H,17,18,19)/b2-1+",C13H10N7O4SI,486.9559708000001,2.2714000000000003,5.19,6.36,3.84,0.0,4.174487493621665,1,HIGHDIVERSITY_MAYBRIDGE,HsDHODH_HighDiv,10,2,145.75,7,13,4,7,0.5,0.15384615384615385,0.2692307692307692,0.15384615384615385,0.0,26,3,0,3,3,0,3,0,0
NOC1=C(F)C=C(CCS(=O)(=O)CS)C=C1C1=CNC=N1,27/000000231,"InChI=1S/C12H14FN3O3S2/c13-10-4-8(1-2-21(17,18)7-20)3-9(12(10)19-14)11-5-15-6-16-11/h3-6,20H,1-2,7,14H2,(H,15,16)",C12H14N3O3S2F,331.04606152800005,1.3129,5.18,4.89,3.58,-120.0,3.654209137673549,1,HIGHDIVERSITY_MAYBRIDGE,HsDHODH_HighDiv,6,3,98.07000000000001,6,12,3,3,0.5714285714285714,0.14285714285714285,0.14285714285714285,0.25,0.0,21,2,0,2,1,0,1,0,0
O=C(C[N+](=O)[O-])O[C@@H](C(=O)O)C1=CC=C(I)C(O)=C1,22/000000027,"InChI=1S/C10H8INO7/c11-6-2-1-5(3-7(6)13)9(10(15)16)19-8(14)4-12(17)18/h1-3,9,13H,4H2,(H,15,16)/t9-/m1/s1",C10H8NO7I,380.93454959599995,0.9423999999999997,5.17,2.45,3.58,-150.0,3.410016014443876,1,HIGHDIVERSITY_MAYBRIDGE,HsDHODH_HighDiv,6,2,126.97,5,10,7,1,0.5263157894736842,0.3684210526315789,0.05263157894736842,0.2,0.1,19,1,0,1,0,0,0,0,0
NOC1=C(F)C=CC=C1C1=CNC(C(N)=O)=N1,27/000000023,"InChI=1S/C10H9FN4O2/c11-6-3-1-2-5(8(6)17-13)7-4-14-10(15-7)9(12)16/h1-4H,13H2,(H2,12,16)(H,14,15)",C10H9N4O2F,236.070953748,0.5671999999999999,5.15,2.7,2.22,-120.0,3.1952865491073323,1,HIGHDIVERSITY_MAYBRIDGE,HsDHODH_HighDiv,4,3,107.02,3,10,2,4,0.5882352941176471,0.11764705882352941,0.23529411764705882,0.0,0.0,17,2,0,2,1,0,1,0,0
O=C(/C=C/[C@@H](/C=C/C1=CC(F)=CC(F)=C1O)CO)NO,1/000000058,"InChI=1S/C13H13F2NO4/c14-10-5-9(13(19)11(15)6-10)3-1-8(7-17)2-4-12(18)16-20/h1-6,8,17,19-20H,7H2,(H,16,18)/b3-1+,4-2+/t8-/m1/s1",C13H13NO4F2,285.081264336,1.3536999999999997,5.15,2.35,3.58,-150.0,3.765603481695411,1,HIGHDIVERSITY_MAYBRIDGE,HsDHODH_HighDiv,4,4,89.79,5,13,4,1,0.65,0.2,0.05,0.15384615384615385,0.07692307692307693,20,1,0,1,0,0,0,0,0
NOC1=C(F)C=C(CCS(=O)(=O)CCBr)C=C1C1=CNC=N1,27/000000099,"InChI=1S/C13H15BrFN3O3S/c14-2-4-22(19,20)3-1-9-5-10(12-7-17-8-18-12)13(21-16)11(15)6-9/h5-8H,1-4,16H2,(H,17,18)",C13H15N3O3SFBr,391.0001526600001,1.8205,5.13,5.67,3.58,-120.0,3.528694857817273,1,HIGHDIVERSITY_MAYBRIDGE,HsDHODH_HighDiv,5,2,98.07000000000001,7,13,3,3,0.5909090909090909,0.13636363636363635,0.13636363636363635,0.3076923076923077,0.0,22,2,0,2,1,0,1,0,0
NOC1=C(C2=CNC(C(=O)O)=N2)C=C(Cl)C=C1F,27/000000432,"InChI=1S/C10H7ClFN3O3/c11-4-1-5(8(18-13)6(12)2-4)7-3-14-9(15-7)10(16)17/h1-3H,13H2,(H,14,15)(H,16,17)",C10H6N3O3FCl,271.015996984,1.8198999999999999,5.11,1.82,2.35,-120.0,3.2682537305445045,1,HIGHDIVERSITY_MAYBRIDGE,HsDHODH_HighDiv,4,3,101.23,3,10,3,3,0.5555555555555556,0.16666666666666666,0.16666666666666666,0.0,0.0,18,2,0,2,1,0,1,0,0
C#CCC1=CC(C2=CNC(C(=O)NC)=N2)=C(ON)C(F)=C1,27/000000123,"InChI=1S/C14H13FN4O2/c1-3-4-8-5-9(12(21-16)10(15)6-8)11-7-18-13(19-11)14(20)17-2/h1,5-7H,4,16H2,2H3,(H,17,20)(H,18,19)",C14H13N4O2F,288.102253876,1.0035999999999998,5.11,2.87,3.58,-160.0,3.617020278257103,1,HIGHDIVERSITY_MAYBRIDGE,HsDHODH_HighDiv,4,3,93.03,4,14,2,4,0.6666666666666666,0.09523809523809523,0.19047619047619047,0.14285714285714285,0.0,21,2,0,2,1,0,1,0,0
NOC1=C(C2=CNC(C(=O)O)=N2)C=C(N=O)C=C1F,27/000000466,"InChI=1S/C10H7FN4O4/c11-6-2-4(15-18)1-5(8(6)19-12)7-3-13-9(14-7)10(16)17/h1-3H,12H2,(H,13,14)(H,16,17)",C10H6N4O4F,266.04513292400003,1.5643999999999998,5.02,1.69,23.5,-120.0,3.6940776417493697,1,HIGHDIVERSITY_MAYBRIDGE,HsDHODH_HighDiv,6,3,130.66,4,10,4,4,0.5263157894736842,0.21052631578947367,0.21052631578947367,0.0,0.0,19,2,0,2,1,0,1,0,0
NOC1=C(C2=CNC(CC(=O)O)=N2)C=C(CCS(=O)(=O)C[N+](=O)[O-])C=C1F,27/000000472,"InChI=1S/C14H15FN4O7S/c15-10-4-8(1-2-27(24,25)7-19(22)23)3-9(14(10)26-16)11-6-17-12(18-11)5-13(20)21/h3-4,6H,1-2,5,7,16H2,(H,17,18)(H,20,21)",C14H15N4O7SF,402.06454804,0.28689999999999993,5.02,4.85,3.7,-180.0,3.6340884486662617,1,HIGHDIVERSITY_MAYBRIDGE,HsDHODH_HighDiv,8,3,178.51,9,14,7,4,0.5185185185185185,0.25925925925925924,0.14814814814814814,0.2857142857142857,0.0,27,2,0,2,1,0,1,0,0
NOC1=C(F)C=CC=C1C1=CNC(C(=O)NCCS)=N1,27/000000254,"InChI=1S/C12H13FN4O2S/c13-8-3-1-2-7(10(8)19-14)9-6-16-11(17-9)12(18)15-4-5-20/h1-3,6,20H,4-5,14H2,(H,15,18)(H,16,17)",C12H13N4O2SF,296.07432487600005,1.1279,4.99,3.68,3.58,-140.0,3.2746020591277016,1,HIGHDIVERSITY_MAYBRIDGE,HsDHODH_HighDiv,5,4,93.03,5,12,2,4,0.6,0.1,0.2,0.16666666666666666,0.0,20,2,0,2,1,0,1,0,0
N=C1NC=C([C@H](O)CC#CC2=NC=C(I)C(I)=C2)S1,27/000000558,"InChI=1S/C12H9I2N3OS/c13-8-4-7(16-5-9(8)14)2-1-3-10(18)11-6-17-12(15)19-11/h4-6,10,18H,3H2,(H2,15,17)/t10-/m1/s1",C12H9N3OSI2,496.855578908,2.6350700000000007,4.99,4.94,2.35,-150.0,4.57724229020585,1,HIGHDIVERSITY_MAYBRIDGE,HsDHODH_HighDiv,4,3,72.76,2,12,1,3,0.631578947368421,0.05263157894736842,0.15789473684210525,0.16666666666666666,0.08333333333333333,19,2,0,2,2,0,2,0,0
NOC1=C(F)C=CC=C1C1=CNC(CO)=N1,27/000000048,"InChI=1S/C10H10FN3O2/c11-7-3-1-2-6(10(7)16-12)8-4-13-9(5-15)14-8/h1-4,15H,5,12H2,(H,13,14)",C10H10N3O2F,223.07570478,0.9605999999999999,4.98,2.54,2.22,-120.0,3.240136167656024,1,HIGHDIVERSITY_MAYBRIDGE,HsDHODH_HighDiv,4,3,84.16,3,10,2,3,0.625,0.125,0.1875,0.1,0.0,16,2,0,2,1,0,1,0,0
C=C(/C=C/CC)C1=NC(C2=C(ON)C(F)=CC=C2)=CN1,27/000000439,"InChI=1S/C15H16FN3O/c1-3-4-6-10(2)15-18-9-13(19-15)11-7-5-8-12(16)14(11)20-17/h4-9H,2-3,17H2,1H3,(H,18,19)/b6-4+",C15H16N3OF,273.127740352,3.447700000000001,4.98,0.9,3.58,-160.0,3.5745320041826467,1,HIGHDIVERSITY_MAYBRIDGE,HsDHODH_HighDiv,3,2,63.93,5,15,1,3,0.75,0.05,0.15,0.13333333333333333,0.0,20,2,0,2,1,0,1,0,0
NC(=O)/C=C/[C@@H](/C=C/C1=C(O)C(F)=CC(F)=C1)CO,1/000000066,"InChI=1S/C13H13F2NO3/c14-10-5-9(13(19)11(15)6-10)3-1-8(7-17)2-4-12(16)18/h1-6,8,17,19H,7H2,(H2,16,18)/b3-1+,4-2+/t8-/m1/s1",C13H13NO3F2,269.08634971600003,1.3336,4.96,2.85,2.22,-150.0,3.774177353810392,1,HIGHDIVERSITY_MAYBRIDGE,HsDHODH_HighDiv,3,3,83.55000000000001,5,13,3,1,0.6842105263157895,0.15789473684210525,0.05263157894736842,0.15384615384615385,0.07692307692307693,19,1,0,1,0,0,0,0,0
CNC(=O)C1=NC(C2=C(ON)C(F)=CC=C2)=CN1,27/000000012,"InChI=1S/C11H11FN4O2/c1-14-11(17)10-15-5-8(16-10)6-3-2-4-7(12)9(6)18-13/h2-5H,13H2,1H3,(H,14,17)(H,15,16)",C11H11N4O2F,250.086603812,0.8279000000000001,4.95,2.41,2.22,-140.0,3.1934889644534534,1,HIGHDIVERSITY_MAYBRIDGE,HsDHODH_HighDiv,4,3,93.03,3,11,2,4,0.6111111111111112,0.1111111111111111,0.2222222222222222,0.09090909090909091,0.0,18,2,0,2,1,0,1,0,0
CC/C=C(/C)C1=CC(C2=CNC=N2)=C(ON)C(F)=C1,27/000000033,"InChI=1S/C14H16FN3O/c1-3-4-9(2)10-5-11(13-7-17-8-18-13)14(19-16)12(15)6-10/h4-8H,3,16H2,1-2H3,(H,17,18)/b9-4-",C14H16N3OF,261.127740352,3.2816,4.94,5.19,18.4,-200.0,3.440293065440338,1,HIGHDIVERSITY_MAYBRIDGE,HsDHODH_HighDiv,3,2,63.92999999999999,4,14,1,3,0.7368421052631579,0.05263157894736842,0.15789473684210525,0.21428571428571427,0.0,19,2,0,2,1,0,1,0,0
C=CCOC1=CC(F)=C(ON)C(C2=CNC(CC#CC)=N2)=C1,27/000000277,"InChI=1S/C16H16FN3O2/c1-3-5-6-15-19-10-14(20-15)12-8-11(21-7-4-2)9-13(17)16(12)22-18/h4,8-10H,2,6-7,18H2,1H3,(H,19,20)",C16H16N3O2F,301.122654972,2.5989000000000004,4.92,1.6,23.6,-140.0,3.625635764134648,1,HIGHDIVERSITY_MAYBRIDGE,HsDHODH_HighDiv,4,2,73.16,6,16,2,3,0.7272727272727273,0.09090909090909091,0.13636363636363635,0.1875,0.0,22,2,0,2,1,0,1,0,0
NOC1=C(C2=CNC(CO)=N2)C=C(NC2=NC=NC=C2)C=C1F,27/000000142,"InChI=1S/C14H13FN6O2/c15-10-4-8(20-12-1-2-17-7-19-12)3-9(14(10)23-16)11-5-18-13(6-22)21-11/h1-5,7,22H,6,16H2,(H,18,21)(H,17,19,20)",C14H13N6O2F,316.108401876,1.4942,4.91,4.92,21.6,-120.0,3.314856556190617,1,HIGHDIVERSITY_MAYBRIDGE,HsDHODH_HighDiv,7,4,121.97,5,14,2,6,0.6086956521739131,0.08695652173913043,0.2608695652173913,0.07142857142857142,0.0,23,3,0,3,2,0,2,0,0
NOC1=C(F)C=C(CC(=O)/C=C/CCF)C=C1C1=CNC=N1,27/000000452,"InChI=1S/C15H15F2N3O2/c16-4-2-1-3-11(21)5-10-6-12(14-8-19-9-20-14)15(22-18)13(17)7-10/h1,3,6-9H,2,4-5,18H2,(H,19,20)/b3-1+",C15H15N3O2F2,307.11323316000005,2.4957000000000003,4.91,4.16,3.58,-120.0,3.5566640519758392,1,HIGHDIVERSITY_MAYBRIDGE,HsDHODH_HighDiv,4,2,81.0,7,15,2,3,0.6818181818181818,0.09090909090909091,0.13636363636363635,0.2,0.0,22,2,0,2,1,0,1,0,0
C/C=C\C=C/C(=O)CC1=CC(F)=C(ON)C(C2=CNC=N2)=C1,27/000000450,"InChI=1S/C16H16FN3O2/c1-2-3-4-5-12(21)6-11-7-13(15-9-19-10-20-15)16(22-18)14(17)8-11/h2-5,7-10H,6,18H2,1H3,(H,19,20)/b3-2-,5-4-",C16H16N3O2F,301.122654972,2.7122,4.9,4.89,3.58,-140.0,3.5326499080552427,1,HIGHDIVERSITY_MAYBRIDGE,HsDHODH_HighDiv,4,2,81.0,6,16,2,3,0.7272727272727273,0.09090909090909091,0.13636363636363635,0.125,0.0,22,2,0,2,1,0,1,0,0
CCS(=O)(=O)CCC1=CC(F)=C(ON)C(C2=CNC=N2)=C1,27/000000262,"InChI=1S/C13H16FN3O3S/c1-2-21(18,19)4-3-9-5-10(12-7-16-8-17-12)13(20-15)11(14)6-9/h5-8H,2-4,15H2,1H3,(H,16,17)",C13H16N3O3SF,313.089640592,1.4455000000000002,4.89,4.63,3.58,-140.0,3.290442028920234,1,HIGHDIVERSITY_MAYBRIDGE,HsDHODH_HighDiv,5,2,98.07000000000001,6,13,3,3,0.6190476190476191,0.14285714285714285,0.14285714285714285,0.3076923076923077,0.0,21,2,0,2,1,0,1,0,0
C#CC1=CC=C([C@@H](N)/C=C/C2=CSC(Cl)=C2)C2=C1N=CN2,22/000000058,"InChI=1S/C16H12ClN3S/c1-2-11-4-5-12(16-15(11)19-9-20-16)13(18)6-3-10-7-14(17)21-8-10/h1,3-9,13H,18H2,(H,19,20)/b6-3+/t13-/m0/s1",C16H12N3SCl,313.04404606400004,3.9723000000000015,4.88,2.91,24.1,-190.0,4.112595922120759,1,HIGHDIVERSITY_MAYBRIDGE,HsDHODH_HighDiv,3,2,54.699999999999996,3,16,0,3,0.7619047619047619,0.0,0.14285714285714285,0.0625,0.0625,21,3,0,3,2,0,2,0,0
NOC1=C(F)C=C(NC2=NC=CC=N2)C=C1C1=CNC=N1,27/000000398,"InChI=1S/C13H11FN6O/c14-10-5-8(20-13-17-2-1-3-18-13)4-9(12(10)21-15)11-6-16-7-19-11/h1-7H,15H2,(H,16,19)(H,17,18,20)",C13H11N6OF,286.09783719200004,2.0019,4.88,5.47,19.8,-120.0,3.101117517027377,1,HIGHDIVERSITY_MAYBRIDGE,HsDHODH_HighDiv,6,3,101.74,4,13,1,6,0.6190476190476191,0.047619047619047616,0.2857142857142857,0.0,0.0,21,3,0,3,2,0,2,0,0
CC(=O)CC(=O)O[C@@H](C(=O)O)C1=CC=C(I)C(O)=C1,22/000000019,"InChI=1S/C12H11IO6/c1-6(14)4-10(16)19-11(12(17)18)7-2-3-8(13)9(15)5-7/h2-3,5,11,15H,4H2,1H3,(H,17,18)/t11-/m1/s1",C12H11O6I,377.960036072,1.6448,4.87,2.3,4.69,-170.0,3.112190783674645,1,HIGHDIVERSITY_MAYBRIDGE,HsDHODH_HighDiv,5,2,100.9,5,12,6,0,0.631578947368421,0.3157894736842105,0.0,0.25,0.08333333333333333,19,1,0,1,0,0,0,0,0
OCC1=NN=C([C@@H](/C=C/C2=CC(F)=CC(F)=C2O)NO)N1,1/000000135,"InChI=1S/C12H12F2N4O3/c13-7-3-6(11(20)8(14)4-7)1-2-9(18-21)12-15-10(5-19)16-17-12/h1-4,9,18-21H,5H2,(H,15,16,17)/b2-1+/t9-/m1/s1",C12H12N4O3F2,298.087746684,1.0141,4.87,1.66,23.4,-150.0,4.116685948645959,1,HIGHDIVERSITY_MAYBRIDGE,HsDHODH_HighDiv,6,5,114.29000000000002,5,12,3,4,0.5714285714285714,0.14285714285714285,0.19047619047619047,0.16666666666666666,0.08333333333333333,21,2,0,2,1,0,1,0,0
OC1=CN=C(I)C(/C=C/[C@@H](Cl)C2=NN=CO2)=C1S,30/000000165,"InChI=1S/C10H7ClIN3O2S/c11-6(10-15-14-4-17-10)2-1-5-8(18)7(16)3-13-9(5)12/h1-4,6,16H,(H,13,18)/b2-1+/t6-/m1/s1",C10H7N3O2SClI,394.899223144,3.0568000000000004,4.83,7.17,3.58,-150.0,4.62778711229589,1,HIGHDIVERSITY_MAYBRIDGE,HsDHODH_HighDiv,6,2,72.04,3,10,2,3,0.5555555555555556,0.1111111111111111,0.16666666666666666,0.1,0.1,18,2,0,2,2,0,2,0,0
NCCN[C@@H](/C=C/C1=C(O)C(F)=CC(F)=C1)CO,1/000000102,"InChI=1S/C12H16F2N2O2/c13-9-5-8(12(18)11(14)6-9)1-2-10(7-17)16-4-3-15/h1-2,5-6,10,16-18H,3-4,7,15H2/p+1/b2-1+/t10-/m0/s1",C12H17N2O2F2,258.117984192,0.5927999999999998,4.83,2.75,2.22,-150.0,4.423290553426187,1,HIGHDIVERSITY_MAYBRIDGE,HsDHODH_HighDiv,4,4,78.51,6,12,2,2,0.6666666666666666,0.1111111111111111,0.1111111111111111,0.3333333333333333,0.08333333333333333,18,1,0,1,0,0,0,0,0
OC[C@H](/C=C/C1=C(O)C(F)=CC(F)=C1)NCCS,1/000000148,"InChI=1S/C12H15F2NO2S/c13-9-5-8(12(17)11(14)6-9)1-2-10(7-16)15-3-4-18/h1-2,5-6,10,15-18H,3-4,7H2/p+1/b2-1+/t10-/m0/s1",C12H16NO2SF2,275.07915616,1.5638999999999998,4.82,2.65,2.22,-150.0,4.53904157383435,1,HIGHDIVERSITY_MAYBRIDGE,HsDHODH_HighDiv,4,4,52.49,6,12,2,1,0.6666666666666666,0.1111111111111111,0.05555555555555555,0.3333333333333333,0.08333333333333333,18,1,0,1,0,0,0,0,0
CC#CCC1=NC(C2=CC(OCS)=CC(F)=C2ON)=CN1,27/000000458,"InChI=1S/C14H14FN3O2S/c1-2-3-4-13-17-7-12(18-13)10-5-9(19-8-21)6-11(15)14(10)20-16/h5-7,21H,4,8,16H2,1H3,(H,17,18)",C14H14N3O2SF,307.07907590800005,2.3001999999999994,4.82,0.92,23.9,-140.0,3.931479865542991,1,HIGHDIVERSITY_MAYBRIDGE,HsDHODH_HighDiv,5,3,73.16,5,14,2,3,0.6666666666666666,0.09523809523809523,0.14285714285714285,0.21428571428571427,0.0,21,2,0,2,1,0,1,0,0
NOC1=C(C2=CNC(C(=O)O)=N2)C=CC=C1F,27/000000136,"InChI=1S/C10H8FN3O3/c11-6-3-1-2-5(8(6)17-12)7-4-13-9(14-7)10(15)16/h1-4H,12H2,(H,13,14)(H,15,16)",C10H7N3O3F,237.054969336,1.1664999999999999,4.8,2.41,2.22,-120.0,3.144948414901113,1,HIGHDIVERSITY_MAYBRIDGE,HsDHODH_HighDiv,4,3,101.23,3,10,3,3,0.5882352941176471,0.17647058823529413,0.17647058823529413,0.0,0.0,17,2,0,2,1,0,1,0,0
C=C(/C=C/C1=NOC=C1)C1=NC(C2=CC=CC(F)=C2ON)=CN1,27/000000468,"InChI=1S/C16H13FN4O2/c1-10(5-6-11-7-8-22-21-11)16-19-9-14(20-16)12-3-2-4-13(17)15(12)23-18/h2-9H,1,18H2,(H,19,20)/b6-5+",C16H13N4O2F,312.1022538760001,3.1829,4.8,1.62,3.58,-180.0,3.731864947799009,1,HIGHDIVERSITY_MAYBRIDGE,HsDHODH_HighDiv,5,2,89.96000000000001,5,16,2,4,0.6956521739130435,0.08695652173913043,0.17391304347826086,0.0,0.0,23,3,0,3,2,0,2,0,0
COCC1=NC(C2=C(ON)C(F)=CC=C2)=CN1,27/000000087,"InChI=1S/C11H12FN3O2/c1-16-6-10-14-5-9(15-10)7-3-2-4-8(12)11(7)17-13/h2-5H,6,13H2,1H3,(H,14,15)",C11H12N3O2F,237.091354844,1.6147,4.79,2.16,2.22,-160.0,3.1624560049174786,1,HIGHDIVERSITY_MAYBRIDGE,HsDHODH_HighDiv,4,2,73.16,4,11,2,3,0.6470588235294118,0.11764705882352941,0.17647058823529413,0.18181818181818182,0.0,17,2,0,2,1,0,1,0,0
NOC1=CN=C(I)C(/C=C/C2=NN=CN2)=C1S,30/000000022,"InChI=1S/C9H8IN5OS/c10-9-5(1-2-7-13-4-14-15-7)8(17)6(16-11)3-12-9/h1-4H,11H2,(H,12,17)(H,13,14,15)/b2-1+",C9H8N5OSI,360.94942887600007,1.5158999999999998,4.78,6.58,20.1,0.0,4.2431079279944015,1,HIGHDIVERSITY_MAYBRIDGE,HsDHODH_HighDiv,6,3,89.71000000000001,3,9,1,5,0.5294117647058824,0.058823529411764705,0.29411764705882354,0.0,0.0,17,2,0,2,2,0,2,0,0
CCCCCCC1=C([N+](=O)[O-])N=C(C(=O)NN)N1,21/000000005,"InChI=1S/C10H17N5O3/c1-2-3-4-5-6-7-9(15(17)18)13-8(12-7)10(16)14-11/h2-6,11H2,1H3,(H,12,13)(H,14,16)",C10H17N5O3,255.133139404,1.0442,4.77,1.09,21.6,-80.0,2.900898314531947,1,HIGHDIVERSITY_MAYBRIDGE,HsDHODH_HighDiv,5,3,126.94,7,10,3,5,0.5555555555555556,0.16666666666666666,0.2777777777777778,0.6,0.0,18,1,0,1,1,0,1,0,0
NOC[C@@H](/C=C/C1=C(O)C(F)=CC(F)=C1)CO,1/000000018,"InChI=1S/C11H13F2NO3/c12-9-3-8(11(16)10(13)4-9)2-1-7(5-15)6-17-14/h1-4,7,15-16H,5-6,14H2/b2-1+/t7-/m0/s1",C11H13NO3F2,245.086349716,1.1824000000000001,4.76,3.85,2.22,-150.0,3.693974000586002,1,HIGHDIVERSITY_MAYBRIDGE,HsDHODH_HighDiv,4,3,75.71000000000001,5,11,3,1,0.6470588235294118,0.17647058823529413,0.058823529411764705,0.2727272727272727,0.09090909090909091,17,1,0,1,0,0,0,0,0
NC(=O)CC(=O)O[C@@H](C(=O)O)C1=CC=C(I)C(O)=C1,22/000000042,"InChI=1S/C11H10INO6/c12-6-2-1-5(3-7(6)14)10(11(17)18)19-9(16)4-8(13)15/h1-3,10,14H,4H2,(H2,13,15)(H,17,18)/t10-/m1/s1",C11H10NO6I,378.95528504,0.5411000000000001,4.76,1.96,4.69,-170.0,3.219936014443876,1,HIGHDIVERSITY_MAYBRIDGE,HsDHODH_HighDiv,5,3,126.92000000000002,5,11,6,1,0.5789473684210527,0.3157894736842105,0.05263157894736842,0.18181818181818182,0.09090909090909091,19,1,0,1,0,0,0,0,0
CN1C=C([C@H](O)CC#CC2=NC=CC(I)=C2)SC1=N,27/000000547,"InChI=1S/C13H12IN3OS/c1-17-8-12(19-13(17)15)11(18)4-2-3-10-7-9(14)5-6-16-10/h5-8,11,15,18H,4H2,1H3/b15-13+/t11-/m1/s1",C13H12N3OSI,384.9745810040001,2.04087,4.75,4.85,3.58,-170.0,4.158066963645618,1,HIGHDIVERSITY_MAYBRIDGE,HsDHODH_HighDiv,5,2,61.9,2,13,1,3,0.6842105263157895,0.05263157894736842,0.15789473684210525,0.23076923076923078,0.07692307692307693,19,2,0,2,2,0,2,0,0
C=CCC1=CNC(/C=C/C2=C(S)C(N=O)=CN=C2I)=N1,30/000000028,"InChI=1S/C13H11IN4OS/c1-2-3-8-6-15-11(17-8)5-4-9-12(20)10(18-19)7-16-13(9)14/h2,4-7H,1,3H2,(H,15,17)(H,16,20)/b5-4+",C13H11N4OSI,397.96982997200007,3.9948000000000015,4.75,8.21,24.0,0.0,4.263217443743086,1,HIGHDIVERSITY_MAYBRIDGE,HsDHODH_HighDiv,5,2,71.0,5,13,1,4,0.65,0.05,0.2,0.07692307692307693,0.0,20,2,0,2,2,0,2,0,0
CS(=O)(=O)CCC1=CC(C2=CNC=N2)=C(ON)C(F)=C1,27/000000030,"InChI=1S/C12H14FN3O3S/c1-20(17,18)3-2-8-4-9(11-6-15-7-16-11)12(19-14)10(13)5-8/h4-7H,2-3,14H2,1H3,(H,15,16)",C12H14N3O3SF,299.073990528,1.0554,4.74,3.75,3.58,-140.0,3.259991040146682,1,HIGHDIVERSITY_MAYBRIDGE,HsDHODH_HighDiv,5,2,98.07,5,12,3,3,0.6,0.15,0.15,0.25,0.0,20,2,0,2,1,0,1,0,0
O=C1CCC=C1[C@H](Cl)/C=C/C1=C(S)C(O)=CN=C1I,30/000000109,"InChI=1S/C13H11ClINO2S/c14-9(7-2-1-3-10(7)17)5-4-8-12(19)11(18)6-16-13(8)15/h2,4-6,9,18H,1,3H2,(H,16,19)/b5-4+/t9-/m1/s1",C13H11NO2SClI,406.924375272,3.5904000000000016,4.74,8.49,3.58,-150.0,4.532354677165769,1,HIGHDIVERSITY_MAYBRIDGE,HsDHODH_HighDiv,4,2,50.19,3,13,2,1,0.6842105263157895,0.10526315789473684,0.05263157894736842,0.23076923076923078,0.07692307692307693,19,2,1,1,1,0,1,0,0
CC#CC(=O)O[C@@H](C(=O)O)C1=CC=C(I)C(O)=C1,22/000000035,"InChI=1S/C12H9IO5/c1-2-3-10(15)18-11(12(16)17)7-4-5-8(13)9(14)6-7/h4-6,11,14H,1H3,(H,16,17)/t11-/m1/s1",C12H9O5I,359.949471388,1.689,4.73,1.43,3.58,-170.0,3.5539915738343506,1,HIGHDIVERSITY_MAYBRIDGE,HsDHODH_HighDiv,4,2,83.83000000000001,3,12,5,0,0.6666666666666666,0.2777777777777778,0.0,0.16666666666666666,0.08333333333333333,18,1,0,1,0,0,0,0,0
O=C1C=C(C#CC2=CC=C(NCCS)C=C2)[C@H](C(=O)O)CO1,11/000000004,"InChI=1S/C16H15NO4S/c18-15-9-12(14(10-21-15)16(19)20)4-1-11-2-5-13(6-3-11)17-7-8-22/h2-3,5-6,9,14,17,22H,7-8,10H2,(H,19,20)/t14-/m1/s1",C16H14NO4S,317.07217896,1.5637999999999999,4.73,2.1,23.3,-150.0,3.602886974011823,1,HIGHDIVERSITY_MAYBRIDGE,HsDHODH_HighDiv,5,3,75.63000000000001,4,16,4,1,0.7272727272727273,0.18181818181818182,0.045454545454545456,0.25,0.0625,22,2,1,1,1,1,0,0,0
C#CC(=O)OC[C@H](Cl)/C=C/C1=C(I)N=CC(O)=C1S,30/000000148,"InChI=1S/C12H9ClINO3S/c1-2-10(17)18-6-7(13)3-4-8-11(19)9(16)5-15-12(8)14/h1,3-5,7,16H,6H2,(H,15,19)/b4-3+/t7-/m1/s1",C12H9NO3SClI,408.903639828,2.477500000000001,4.73,6.92,5.09,-150.0,4.628085951095459,1,HIGHDIVERSITY_MAYBRIDGE,HsDHODH_HighDiv,5,2,59.42,4,12,3,1,0.631578947368421,0.15789473684210525,0.05263157894736842,0.16666666666666666,0.08333333333333333,19,1,0,1,1,0,1,0,0
NOC1=C(F)C=C(CC(=O)/C=C/CC(=O)O)C=C1C1=CNC=N1,27/000000396,"InChI=1S/C15H14FN3O4/c16-12-6-9(4-10(20)2-1-3-14(21)22)5-11(15(12)23-17)13-7-18-8-19-13/h1-2,5-8H,3-4,17H2,(H,18,19)(H,21,22)/b2-1+",C15H14N3O4F,319.096834148,1.6108,4.73,4.74,4.94,-120.0,3.448354917204602,1,HIGHDIVERSITY_MAYBRIDGE,HsDHODH_HighDiv,5,3,118.3,7,15,4,3,0.6521739130434783,0.17391304347826086,0.13043478260869565,0.13333333333333333,0.0,23,2,0,2,1,0,1,0,0
NOC1=C(F)C=C(C[N+](=O)[O-])C=C1C1=CNC=N1,27/000000442,"InChI=1S/C10H9FN4O3/c11-8-2-6(4-15(16)17)1-7(10(8)18-12)9-3-13-5-14-9/h1-3,5H,4,12H2,(H,13,14)",C10H9N4O3F,252.065868368,1.245,4.71,3.22,2.48,-120.0,3.566332656761146,1,HIGHDIVERSITY_MAYBRIDGE,HsDHODH_HighDiv,5,2,107.07000000000001,4,10,3,4,0.5555555555555556,0.16666666666666666,0.2222222222222222,0.1,0.0,18,2,0,2,1,0,1,0,0
C=CC(=C)C1=CC(C2=CNC=N2)=C(ON)C(F)=C1,27/000000431,"InChI=1S/C13H12FN3O/c1-3-8(2)9-4-10(12-6-16-7-17-12)13(18-15)11(14)5-9/h3-7H,1-2,15H2,(H,16,17)",C13H12N3OF,245.096440224,2.6674999999999995,4.71,4.22,18.8,-120.0,3.708108964453453,1,HIGHDIVERSITY_MAYBRIDGE,HsDHODH_HighDiv,3,2,63.92999999999999,4,13,1,3,0.7222222222222222,0.05555555555555555,0.16666666666666666,0.0,0.0,18,2,0,2,1,0,1,0,0
O=C(NC[C@H](S)C1=CC=C(Cl)C(CO)=C1F)C1=NON=C1,22/000000051,"InChI=1S/C12H11ClFN3O3S/c13-8-2-1-6(11(14)7(8)5-18)10(21)4-15-12(19)9-3-16-20-17-9/h1-3,10,18,21H,4-5H2,(H,15,19)/t10-/m0/s1",C12H11N3O3SFCl,331.01936811200005,1.7552999999999996,4.71,2.12,4.94,-150.0,3.8459100865769926,1,HIGHDIVERSITY_MAYBRIDGE,HsDHODH_HighDiv,6,3,88.25,5,12,3,3,0.5714285714285714,0.14285714285714285,0.14285714285714285,0.25,0.08333333333333333,21,2,0,2,1,0,1,0,0
O=C(CC1=CSC(S)=N1)CC1=C(O)C2=C(C=C1)C(CO)=CC2,8/000000003,"InChI=1S/C16H15NO3S2/c18-7-10-2-4-14-13(10)3-1-9(15(14)20)5-12(19)6-11-8-22-16(21)17-11/h1-3,8,18,20H,4-7H2,(H,17,21)",C16H15NO3S2,333.04933533999997,2.4235000000000007,4.71,3.57,23.8,-40.0,3.4735513968889897,1,HIGHDIVERSITY_MAYBRIDGE,HsDHODH_HighDiv,6,3,70.42,5,16,3,1,0.7272727272727273,0.13636363636363635,0.045454545454545456,0.25,0.0,22,3,1,2,1,0,1,0,0
NNC(=O)C1=CC=C(OC[C@H](C(=O)O)C2=NN=CN2)C(Br)=C1,22/000000020,"InChI=1S/C12H12BrN5O4/c13-8-3-6(11(19)17-14)1-2-9(8)22-4-7(12(20)21)10-15-5-16-18-10/h1-3,5,7H,4,14H2,(H,17,19)(H,20,21)(H,15,16,18)/t7-/m0/s1",C12H12N5O4Br,369.007265964,0.4178999999999995,4.7,5.97,3.58,-150.0,3.3909399211704265,1,HIGHDIVERSITY_MAYBRIDGE,HsDHODH_HighDiv,6,4,143.22,6,12,4,5,0.5454545454545454,0.18181818181818182,0.22727272727272727,0.16666666666666666,0.08333333333333333,22,2,0,2,1,0,1,0,0
OC1=CN=C(I)C(/C=C/[C@@H](Cl)C2=CN=CN2)=C1S,30/000000183,"InChI=1S/C11H9ClIN3OS/c12-7(8-3-14-5-16-8)2-1-6-10(18)9(17)4-15-11(6)13/h1-5,7,17H,(H,14,16)(H,15,18)/b2-1+/t7-/m1/s1",C11H9N3OSClI,392.9199585880001,3.396900000000001,4.7,7.47,3.58,-150.0,4.47784434306512,1,HIGHDIVERSITY_MAYBRIDGE,HsDHODH_HighDiv,4,3,61.800000000000004,3,11,1,3,0.6111111111111112,0.05555555555555555,0.16666666666666666,0.09090909090909091,0.09090909090909091,18,2,0,2,2,0,2,0,0
NOC1=C(F)C=C(CCS(=O)(=O)CCO)C=C1C1=CNC=N1,27/000000400,"InChI=1S/C13H16FN3O4S/c14-11-6-9(1-3-22(19,20)4-2-18)5-10(13(11)21-15)12-7-16-8-17-12/h5-8,18H,1-4,15H2,(H,16,17)",C13H16N3O4SF,329.08455521200005,0.4178999999999998,4.66,5.28,3.58,-120.0,3.388147316833667,1,HIGHDIVERSITY_MAYBRIDGE,HsDHODH_HighDiv,6,3,118.3,7,13,4,3,0.5909090909090909,0.18181818181818182,0.13636363636363635,0.3076923076923077,0.0,22,2,0,2,1,0,1,0,0
C=C(/C=C/C=S)C1=NC(C2=C(ON)C(F)=CC=C2)=CN1,27/000000504,"InChI=1S/C14H12FN3OS/c1-9(4-3-7-20)14-17-8-12(18-14)10-5-2-6-11(15)13(10)19-16/h2-8H,1,16H2,(H,17,18)/b4-3+",C14H12N3OSF,289.068511224,3.0374000000000008,4.66,1.07,3.58,-140.0,3.915456454732097,1,HIGHDIVERSITY_MAYBRIDGE,HsDHODH_HighDiv,4,2,63.93,5,14,1,3,0.7,0.05,0.15,0.0,0.0,20,2,0,2,1,0,1,0,0
O=C(O)/C=C\C=C\CNOCCC1=CN=C2C=CC=CC2=C1Br,6/000000002,"InChI=1S/C17H17BrN2O3/c18-17-13(12-19-15-7-4-3-6-14(15)17)9-11-23-20-10-5-1-2-8-16(21)22/h1-8,12,20H,9-11H2,(H,21,22)/b5-1+,8-2-",C17H17N2O3Br,376.0422545040001,3.258000000000002,4.65,5.92,3.58,-80.0,3.059992919826981,1,HIGHDIVERSITY_MAYBRIDGE,HsDHODH_HighDiv,4,2,71.45,8,17,3,2,0.7391304347826086,0.13043478260869565,0.08695652173913043,0.17647058823529413,0.0,23,2,0,2,1,0,1,0,0
CC#CC[C@H](Cl)/C=C/C1=C(S)C(O)=CN=C1I,30/000000108,"InChI=1S/C12H11ClINOS/c1-2-3-4-8(13)5-6-9-11(17)10(16)7-15-12(9)14/h5-8,16H,4H2,1H3,(H,15,17)/b6-5+/t8-/m0/s1",C12H11NOSClI,378.92946065200005,3.714500000000002,4.65,7.21,3.58,-170.0,4.65904791362948,1,HIGHDIVERSITY_MAYBRIDGE,HsDHODH_HighDiv,3,2,33.120000000000005,3,12,1,1,0.7058823529411765,0.058823529411764705,0.058823529411764705,0.25,0.08333333333333333,17,1,0,1,1,0,1,0,0
N=C1SC([C@H](O)CC#CC2=NN=CN2)=CN1CS,27/000000553,"InChI=1S/C10H11N5OS2/c11-10-15(6-17)4-8(18-10)7(16)2-1-3-9-12-5-13-14-9/h4-5,7,11,16-17H,2,6H2,(H,12,13,14)/b11-10+/t7-/m1/s1",C10H11N5OS2,281.040501972,0.5096700000000001,4.65,2.8,2.35,-150.0,4.961400849852451,1,HIGHDIVERSITY_MAYBRIDGE,HsDHODH_HighDiv,7,4,90.58000000000001,3,10,1,5,0.5555555555555556,0.05555555555555555,0.2777777777777778,0.3,0.1,18,2,0,2,2,0,2,0,0
NOC1=C(F)C=C(CCl)C=C1C1=CNC(CC(=O)O)=N1,27/000000527,"InChI=1S/C12H11ClFN3O3/c13-4-6-1-7(12(20-15)8(14)2-6)9-5-16-10(17-9)3-11(18)19/h1-2,5H,3-4,15H2,(H,16,17)(H,18,19)",C12H11N3O3FCl,299.047297112,1.8341999999999996,4.64,0.84,2.35,-120.0,3.354519991195634,1,HIGHDIVERSITY_MAYBRIDGE,HsDHODH_HighDiv,4,3,101.23,5,12,3,3,0.6,0.15,0.15,0.16666666666666666,0.0,20,2,0,2,1,0,1,0,0
NOC1=C(C2=CNC=N2)C=C(CO)C=C1F,27/000000176,"InChI=1S/C10H10FN3O2/c11-8-2-6(4-15)1-7(10(8)16-12)9-3-13-5-14-9/h1-3,5,15H,4,12H2,(H,13,14)",C10H10N3O2F,223.07570478,0.9606000000000001,4.64,3.33,16.2,-120.0,3.2833484753483324,1,HIGHDIVERSITY_MAYBRIDGE,HsDHODH_HighDiv,4,3,84.16,3,10,2,3,0.625,0.125,0.1875,0.1,0.0,16,2,0,2,1,0,1,0,0
CNC/C=C/C(=O)CC1=CC(F)=C(ON)C(C2=CNC=N2)=C1,27/000000302,"InChI=1S/C15H17FN4O2/c1-18-4-2-3-11(21)5-10-6-12(14-8-19-9-20-14)15(22-17)13(16)7-10/h2-3,6-9,18H,4-5,17H2,1H3,(H,19,20)/p+1/b3-2+",C15H18N4O2F,304.133554004,1.3554999999999995,4.63,2.63,3.58,-140.0,4.132894076789735,1,HIGHDIVERSITY_MAYBRIDGE,HsDHODH_HighDiv,5,3,93.02999999999999,7,15,2,4,0.6818181818181818,0.09090909090909091,0.18181818181818182,0.2,0.0,22,2,0,2,1,0,1,0,0
CCNCCC1=CC(C2=CNC(CC(=O)O)=N2)=C(ON)C(F)=C1,27/000000333,"InChI=1S/C15H19FN4O3/c1-2-18-4-3-9-5-10(15(23-17)11(16)6-9)12-8-19-13(20-12)7-14(21)22/h5-6,8,18H,2-4,7,17H2,1H3,(H,19,20)(H,21,22)",C15H19N4O3F,322.14411868800005,1.2473999999999996,4.63,3.19,3.58,-140.0,3.2076503498969107,1,HIGHDIVERSITY_MAYBRIDGE,HsDHODH_HighDiv,5,4,113.26,8,15,3,4,0.6521739130434783,0.13043478260869565,0.17391304347826086,0.3333333333333333,0.0,23,2,0,2,1,0,1,0,0
C=CC(=O)CC1=CC(F)=C(ON)C(C2=CNC(CNC(C)=O)=N2)=C1,27/000000370,"InChI=1S/C16H17FN4O3/c1-3-11(23)4-10-5-12(16(24-18)13(17)6-10)14-7-20-15(21-14)8-19-9(2)22/h3,5-7H,1,4,8,18H2,2H3,(H,19,22)(H,20,21)",C16H17N4O3F,332.128468624,1.402,4.63,2.06,3.58,-200.0,3.4003335032907165,1,HIGHDIVERSITY_MAYBRIDGE,HsDHODH_HighDiv,5,3,110.10000000000001,7,16,3,4,0.6666666666666666,0.125,0.16666666666666666,0.1875,0.0,24,2,0,2,1,0,1,0,0
CC[C@@H](NN)C1=NN=C(/C=C/C2=C(I)N=CC=C2S)N1,30/000000116,"InChI=1S/C12H15IN6S/c1-2-8(17-14)12-16-10(18-19-12)4-3-7-9(20)5-6-15-11(7)13/h3-6,8,17H,2,14H2,1H3,(H,15,20)(H,16,18,19)/b4-3+/t8-/m1/s1",C12H15N6SI,402.0123634800001,2.1778,4.63,8.56,22.1,-170.0,4.453885899277829,1,HIGHDIVERSITY_MAYBRIDGE,HsDHODH_HighDiv,6,4,92.50999999999999,5,12,0,6,0.6,0.0,0.3,0.25,0.08333333333333333,20,2,0,2,2,0,2,0,0
CC#CCC1=NC(C2=CC(O)=CC(F)=C2ON)=CN1,27/000000202,"InChI=1S/C13H12FN3O2/c1-2-3-4-12-16-7-11(17-12)9-5-8(18)6-10(14)13(9)19-15/h5-7,18H,4,15H2,1H3,(H,16,17)",C13H12N3O2F,261.091354844,1.7397,4.63,1.95,20.8,-160.0,3.737097129301005,1,HIGHDIVERSITY_MAYBRIDGE,HsDHODH_HighDiv,4,3,84.16,3,13,2,3,0.6842105263157895,0.10526315789473684,0.15789473684210525,0.15384615384615385,0.0,19,2,0,2,1,0,1,0,0
C/C=C/CC1=CC(C#CC2=CC(=O)OC[C@H]2C(=O)O)=CC=C1N,11/000000006,"InChI=1S/C18H17NO4/c1-2-3-4-14-9-12(6-8-16(14)19)5-7-13-10-17(20)23-11-15(13)18(21)22/h2-3,6,8-10,15H,4,11,19H2,1H3,(H,21,22)/b3-2+/t15-/m1/s1",C18H16NO4,311.11575802400006,1.9228999999999998,4.62,1.81,23.0,-170.0,3.847343084277808,1,HIGHDIVERSITY_MAYBRIDGE,HsDHODH_HighDiv,4,2,89.62,3,18,4,1,0.782608695652174,0.17391304347826086,0.043478260869565216,0.2222222222222222,0.05555555555555555,23,2,1,1,1,1,0,0,0
NOC1=CC=C(S)C2=C1N(CC(F)F)C=N2,22/000000056,"InChI=1S/C9H9F2N3OS/c10-7(11)3-14-4-13-8-6(16)2-1-5(15-12)9(8)14/h1-2,4,7,16H,3,12H2",C9H9N3OSF2,245.043439348,1.8425999999999998,4.62,2.25,18.6,-190.0,3.4084802935301504,1,HIGHDIVERSITY_MAYBRIDGE,HsDHODH_HighDiv,5,2,53.07,3,9,1,3,0.5625,0.0625,0.1875,0.2222222222222222,0.0,16,2,0,2,1,0,1,0,0
NC1=CC=C(C#CC2=CC(=O)OC[C@H]2C(=O)O)C=C1Br,11/000000003,"InChI=1S/C14H10BrNO4/c15-11-5-8(2-4-12(11)16)1-3-9-6-13(17)20-7-10(9)14(18)19/h2,4-6,10H,7,16H2,(H,18,19)/t10-/m1/s1",C14H9NO4Br,334.9793199,1.5667999999999997,4.62,2.75,21.3,-150.0,3.6466046005765302,1,HIGHDIVERSITY_MAYBRIDGE,HsDHODH_HighDiv,4,2,89.62000000000002,1,14,4,1,0.7,0.2,0.05,0.14285714285714285,0.07142857142857142,20,2,1,1,1,1,0,0,0
C=CC(=O)CC1=CC(C2=CNC=N2)=C(ON)C(F)=C1,27/000000165,"InChI=1S/C13H12FN3O2/c1-2-9(18)3-8-4-10(12-6-16-7-17-12)13(19-15)11(14)5-8/h2,4-7H,1,3,15H2,(H,16,17)",C13H12N3O2F,261.091354844,1.7658999999999998,4.62,3.25,3.58,-120.0,3.4367139652951995,1,HIGHDIVERSITY_MAYBRIDGE,HsDHODH_HighDiv,4,2,81.0,5,13,2,3,0.6842105263157895,0.10526315789473684,0.15789473684210525,0.07692307692307693,0.0,19,2,0,2,1,0,1,0,0
CNC/C=C/C1=C(ON)C(F)=CC(C2=CC(F)=CC=C2N)=C1,27/000000393,"InChI=1S/C16H17F2N3O/c1-21-6-2-3-10-7-11(8-14(18)16(10)22-20)13-9-12(17)4-5-15(13)19/h2-5,7-9,21H,6,19-20H2,1H3/b3-2+",C16H17N3OF2,305.133968604,2.6991000000000005,4.61,3.08,19.4,-180.0,2.9115627014490517,1,HIGHDIVERSITY_MAYBRIDGE,HsDHODH_HighDiv,4,3,73.3,5,16,1,3,0.7272727272727273,0.045454545454545456,0.13636363636363635,0.125,0.0,22,2,0,2,0,0,0,0,0
OC1=CN=C(I)C(/C=C/[C@@H](Cl)C2=CCC2)=C1S,30/000000129,"InChI=1S/C12H11ClINOS/c13-9(7-2-1-3-7)5-4-8-11(17)10(16)6-15-12(8)14/h2,4-6,9,16H,1,3H2,(H,15,17)/b5-4+/t9-/m1/s1",C12H11NOSClI,378.92946065200005,4.021300000000002,4.61,6.76,3.58,-150.0,4.560667980519112,1,HIGHDIVERSITY_MAYBRIDGE,HsDHODH_HighDiv,3,2,33.120000000000005,3,12,1,1,0.7058823529411765,0.058823529411764705,0.058823529411764705,0.25,0.08333333333333333,17,2,1,1,1,0,1,0,0
CC(=O)OCC1=CC(F)=C(ON)C(C2=CNC(C=S)=N2)=C1,27/000000284,"InChI=1S/C13H12FN3O3S/c1-7(18)19-5-8-2-9(13(20-15)10(14)3-8)11-4-16-12(6-21)17-11/h2-4,6H,5,15H2,1H3,(H,16,17)",C13H12N3O3SF,309.058340464,1.8791999999999998,4.61,2.94,3.72,-160.0,3.5152605965594903,1,HIGHDIVERSITY_MAYBRIDGE,HsDHODH_HighDiv,6,2,90.23,5,13,3,3,0.6190476190476191,0.14285714285714285,0.14285714285714285,0.15384615384615385,0.0,21,2,0,2,1,0,1,0,0
O=C(O)COC[C@H](O)/C=C\C=C\C1=CC=C(F)C(Br)=C1,24/000000010,"InChI=1S/C14H14BrFO4/c15-12-7-10(5-6-13(12)16)3-1-2-4-11(17)8-20-9-14(18)19/h1-7,11,17H,8-9H2,(H,18,19)/b3-1+,4-2-/t11-/m1/s1",C14H14O4FBr,344.00594924800004,2.619700000000001,4.6,9.66,3.58,-150.0,3.145341104073035,1,HIGHDIVERSITY_MAYBRIDGE,HsDHODH_HighDiv,3,2,66.76,7,14,4,0,0.7,0.2,0.0,0.21428571428571427,0.07142857142857142,20,1,0,1,0,0,0,0,0
O=[N+]([O-])C1=CC=C(OCC2=CC3=C(C=C2)N=C(O)N3)C=C1,29/000000010,"InChI=1S/C14H11N3O4/c18-14-15-12-6-1-9(7-13(12)16-14)8-21-11-4-2-10(3-5-11)17(19)20/h1-7H,8H2,(H2,15,16,18)",C14H11N3O4,285.07495583200006,2.7557,4.59,3.5,2.35,-40.0,2.248400543509092,1,HIGHDIVERSITY_MAYBRIDGE,HsDHODH_HighDiv,5,2,101.28,4,14,4,3,0.6666666666666666,0.19047619047619047,0.14285714285714285,0.07142857142857142,0.0,21,3,0,3,1,0,1,0,0
C=C[C@@H](C)C1=CNC(/C=C/C2=C(S)C(CO)=CN=C2I)=N1,30/000000120,"InChI=1S/C15H16IN3OS/c1-3-9(2)12-7-17-13(19-12)5-4-11-14(21)10(8-20)6-18-15(11)16/h3-7,9,20H,1,8H2,2H3,(H,17,19)(H,18,21)/b5-4+/t9-/m1/s1",C15H16N3OSI,413.005881132,3.6502000000000017,4.58,9.41,22.2,-170.0,4.5851872749059055,1,HIGHDIVERSITY_MAYBRIDGE,HsDHODH_HighDiv,4,3,61.8,5,15,1,3,0.7142857142857143,0.047619047619047616,0.14285714285714285,0.2,0.06666666666666667,21,2,0,2,2,0,2,0,0
COC(=O)CN1N=CN(C2=C(Br)C(NC(N)=O)=CC=C2O)C1=O,12/000000031,"InChI=1S/C12H12BrN5O5/c1-23-8(20)4-18-12(22)17(5-15-18)10-7(19)3-2-6(9(10)13)16-11(14)21/h2-3,5,19H,4H2,1H3,(H3,14,16,21)",C12H12N5O5Br,385.0021805839999,0.16569999999999974,4.58,2.66,24.8,-160.0,2.940402552130161,1,HIGHDIVERSITY_MAYBRIDGE,HsDHODH_HighDiv,8,3,141.47000000000003,4,12,5,5,0.5217391304347826,0.21739130434782608,0.21739130434782608,0.16666666666666666,0.0,23,2,0,2,1,0,1,0,0
C=C[C@](C)(CNN)C1=CNC(/C=C/C2=C(I)N=CC=C2S)=N1,30/000000121,"InChI=1S/C15H18IN5S/c1-3-15(2,9-20-17)12-8-19-13(21-12)5-4-10-11(22)6-7-18-14(10)16/h3-8,20H,1,9,17H2,2H3,(H,18,22)(H,19,21)/b5-4+/t15-/m1/s1",C15H18N5SI,427.032764576,2.7754000000000008,4.56,7.26,5.39,-170.0,4.785415583213303,1,HIGHDIVERSITY_MAYBRIDGE,HsDHODH_HighDiv,5,4,79.61999999999999,6,15,0,5,0.6818181818181818,0.0,0.22727272727272727,0.2,0.06666666666666667,22,2,0,2,2,0,2,0,0
C=CC(=C)C1=NC(C2=C(ON)C(F)=CC=C2)=CN1,27/000000055,"InChI=1S/C13H12FN3O/c1-3-8(2)13-16-7-11(17-13)9-5-4-6-10(14)12(9)18-15/h3-7H,1-2,15H2,(H,16,17)",C13H12N3OF,245.096440224,2.6675000000000004,4.56,2.76,2.22,-120.0,3.5704671182996073,1,HIGHDIVERSITY_MAYBRIDGE,HsDHODH_HighDiv,3,2,63.93,4,13,1,3,0.7222222222222222,0.05555555555555555,0.16666666666666666,0.0,0.0,18,2,0,2,1,0,1,0,0
NOC1=C(/C=C/C2=NNN=N2)C=C(CCCCS)C=C1F,27/000000406,"InChI=1S/C13H16FN5OS/c14-11-8-9(3-1-2-6-21)7-10(13(11)20-15)4-5-12-16-18-19-17-12/h4-5,7-8,21H,1-3,6,15H2,(H,16,17,18,19)/b5-4+",C13H16N5OSF,309.105959352,2.0141999999999998,4.56,2.75,3.58,0.0,3.301269005047553,1,HIGHDIVERSITY_MAYBRIDGE,HsDHODH_HighDiv,6,3,89.71,7,13,1,5,0.6190476190476191,0.047619047619047616,0.23809523809523808,0.3076923076923077,0.0,21,2,0,2,1,0,1,0,0
CCC1=CC(C2=CNC(CO)=N2)=C(ON)C(F)=C1,27/000000478,"InChI=1S/C12H14FN3O2/c1-2-7-3-8(12(18-14)9(13)4-7)10-5-15-11(6-17)16-10/h3-5,17H,2,6,14H2,1H3,(H,15,16)",C12H14N3O2F,251.107004908,1.5229999999999997,4.56,2.0,3.58,-140.0,3.326586502914992,1,HIGHDIVERSITY_MAYBRIDGE,HsDHODH_HighDiv,4,3,84.16,4,12,2,3,0.6666666666666666,0.1111111111111111,0.16666666666666666,0.25,0.0,18,2,0,2,1,0,1,0,0
OCC1=NC(C2=C(F)C(Cl)=CC=C2CO)=CO1,9/000000041,"InChI=1S/C11H9ClFNO3/c12-7-2-1-6(3-15)10(11(7)13)8-5-17-9(4-16)14-8/h1-2,5,15-16H,3-4H2",C11H9NO3FCl,257.02549904800003,2.1186999999999996,4.55,2.3,2.35,-140.0,2.9144040613822924,1,HIGHDIVERSITY_MAYBRIDGE,HsDHODH_HighDiv,4,2,66.49000000000001,3,11,3,1,0.6470588235294118,0.17647058823529413,0.058823529411764705,0.18181818181818182,0.0,17,2,0,2,1,0,1,0,0
C=CCOC1=CC(F)=C(ON)C(C2=CN(C(=O)O)C=N2)=C1,27/000000437,"InChI=1S/C13H12FN3O4/c1-2-3-20-8-4-9(12(21-15)10(14)5-8)11-6-17(7-16-11)13(18)19/h2,4-7H,1,3,15H2,(H,18,19)",C13H12N3O4F,293.08118408400003,2.0326,4.55,2.43,22.4,-120.0,3.1438494559759356,1,HIGHDIVERSITY_MAYBRIDGE,HsDHODH_HighDiv,6,2,99.60000000000001,5,13,4,3,0.6190476190476191,0.19047619047619047,0.14285714285714285,0.07692307692307693,0.0,21,2,0,2,1,0,1,0,0
CC#CC1=C([N+](=O)[O-])N=C(C(=O)NN)N1,21/000000006,"InChI=1S/C7H7N5O3/c1-2-3-4-6(12(14)15)10-5(9-4)7(13)11-8/h8H2,1H3,(H,9,10)(H,11,13)",C7H7N5O3,209.054889084,-0.7072000000000003,4.54,0.06,22.6,-20.0,3.687860041880839,1,HIGHDIVERSITY_MAYBRIDGE,HsDHODH_HighDiv,5,3,126.94,2,7,3,5,0.4666666666666667,0.2,0.3333333333333333,0.14285714285714285,0.0,15,1,0,1,1,0,1,0,0
NCC#CC1=C2C(=O)OC=NC2=CC(N=O)=C1O,28/000000008,"InChI=1S/C11H7N3O4/c12-3-1-2-6-9-7(13-5-18-11(9)16)4-8(14-17)10(6)15/h4-5,15H,3,12H2",C11H7N3O4,245.043655704,0.6016999999999999,4.54,3.8,21.8,-80.0,3.673917272145762,1,HIGHDIVERSITY_MAYBRIDGE,HsDHODH_HighDiv,7,2,118.78000000000002,1,11,4,3,0.6111111111111112,0.2222222222222222,0.16666666666666666,0.09090909090909091,0.0,18,2,0,2,1,0,1,0,0
C=CC[C@@H](C(=O)O)C1=CC=C(I)C(O)=C1,22/000000008,"InChI=1S/C11H11IO3/c1-2-3-8(11(14)15)7-4-5-9(12)10(13)6-7/h2,4-6,8,13H,1,3H2,(H,14,15)/t8-/m1/s1",C11H11O3I,317.975292212,2.7411000000000003,4.54,1.94,3.33,-150.0,3.1631461897232747,1,HIGHDIVERSITY_MAYBRIDGE,HsDHODH_HighDiv,2,2,57.53,4,11,3,0,0.7333333333333333,0.2,0.0,0.18181818181818182,0.09090909090909091,15,1,0,1,0,0,0,0,0
N[C@H]1NCCN1CC(=O)CC1=C(O)C2=C(C=C1)C(CO)=CC2,8/000000001,"InChI=1S/C16H21N3O3/c17-16-18-5-6-19(16)8-12(21)7-10-1-3-13-11(9-20)2-4-14(13)15(10)22/h1-3,16,18,20,22H,4-9,17H2",C16H19N3O3,303.158291532,-0.4168999999999996,4.54,4.78,19.7,-40.0,3.934993673763683,1,HIGHDIVERSITY_MAYBRIDGE,HsDHODH_HighDiv,6,4,98.82000000000001,5,16,3,3,0.7272727272727273,0.13636363636363635,0.13636363636363635,0.4375,0.0625,22,3,2,1,1,1,0,0,0
C#CCC1=C(C2=CC=CC(F)=C2ON)N=C(CC(=O)O)N1,27/000000351,"InChI=1S/C14H12FN3O3/c1-2-4-10-13(18-11(17-10)7-12(19)20)8-5-3-6-9(15)14(8)21-16/h1,3,5-6H,4,7,16H2,(H,17,18)(H,19,20)",C14H12N3O3F,289.086269464,1.2711,4.53,5.1,3.85,-120.0,3.2381369891324336,1,HIGHDIVERSITY_MAYBRIDGE,HsDHODH_HighDiv,4,3,101.23000000000002,5,14,3,3,0.6666666666666666,0.14285714285714285,0.14285714285714285,0.14285714285714285,0.0,21,2,0,2,1,0,1,0,0
NC(=O)NC1=CC=C(Cl)N=C1OCC1=CC(Br)=CC(N)=C1S,16/000000008,"InChI=1S/C13H12BrClN4O2S/c14-7-3-6(11(22)8(16)4-7)5-21-12-9(18-13(17)20)1-2-10(15)19-12/h1-4,22H,5,16H2,(H3,17,18,20)",C13H12N4O2SClBr,401.95528640400005,3.438000000000001,4.53,7.96,3.7,0.0,2.932767972571373,1,HIGHDIVERSITY_MAYBRIDGE,HsDHODH_HighDiv,5,4,103.26,4,13,2,4,0.5909090909090909,0.09090909090909091,0.18181818181818182,0.07692307692307693,0.0,22,2,0,2,1,0,1,0,0
N=C1NC=C([C@H](O)CC#CC2=NC=CC(I)=C2O)S1,27/000000568,"InChI=1S/C12H10IN3O2S/c13-7-4-5-15-8(11(7)18)2-1-3-9(17)10-6-16-12(14)19-10/h4-6,9,17-18H,3H2,(H2,14,16)/t9-/m1/s1",C12H10N3O2SI,386.95384555999993,1.7360700000000002,4.53,4.96,21.5,-150.0,4.454220519523701,1,HIGHDIVERSITY_MAYBRIDGE,HsDHODH_HighDiv,5,4,92.99000000000001,2,12,2,3,0.631578947368421,0.10526315789473684,0.15789473684210525,0.16666666666666666,0.08333333333333333,19,2,0,2,2,0,2,0,0
C=CC1=NC(C2=C(ON)C(F)=CC(CO)=C2)=CN1,27/000000374,"InChI=1S/C12H12FN3O2/c1-2-11-15-5-10(16-11)8-3-7(6-17)4-9(13)12(8)18-14/h2-5,17H,1,6,14H2,(H,15,16)",C12H12N3O2F,249.091354844,1.6036,4.53,1.84,19.3,-120.0,3.533780349068838,1,HIGHDIVERSITY_MAYBRIDGE,HsDHODH_HighDiv,4,3,84.16,4,12,2,3,0.6666666666666666,0.1111111111111111,0.16666666666666666,0.08333333333333333,0.0,18,2,0,2,1,0,1,0,0
CC1=NN=C([C@@H](/C=C/C2=CC(F)=CC(F)=C2O)NO)N1,1/000000116,"InChI=1S/C12H12F2N4O2/c1-6-15-12(17-16-6)10(18-20)3-2-7-4-8(13)5-9(14)11(7)19/h2-5,10,18-20H,1H3,(H,15,16,17)/b3-2+/t10-/m1/s1",C12H12N4O2F2,282.092832064,1.8302199999999997,4.52,2.05,3.58,-170.0,4.101397887289818,1,HIGHDIVERSITY_MAYBRIDGE,HsDHODH_HighDiv,5,4,94.06,4,12,2,4,0.6,0.1,0.2,0.16666666666666666,0.08333333333333333,20,2,0,2,1,0,1,0,0
C[C@H](F)C1=C(/C=C(\CO)C2=CC=CC=C2)N=C(S)NC1=O,20/000000001,"InChI=1S/C15H15FN2O2S/c1-9(16)13-12(17-15(21)18-14(13)20)7-11(8-19)10-5-3-2-4-6-10/h2-7,9,19H,8H2,1H3,(H2,17,18,20,21)/b11-7+/t9-/m0/s1",C15H15N2O2SF,306.08382694,2.6220000000000003,4.52,7.06,22.3,-170.0,3.7654734818024567,1,HIGHDIVERSITY_MAYBRIDGE,HsDHODH_HighDiv,4,3,65.98,4,15,2,2,0.7142857142857143,0.09523809523809523,0.09523809523809523,0.2,0.06666666666666667,21,2,0,2,1,0,1,0,0
CNCC1=NN=C([C@@H](/C=C/C2=CC(F)=CC(F)=C2O)NO)N1,1/000000109,"InChI=1S/C13H15F2N5O2/c1-16-6-11-17-13(19-18-11)10(20-22)3-2-7-4-8(14)5-9(15)12(7)21/h2-5,10,16,20-22H,6H2,1H3,(H,17,18,19)/b3-2+/t10-/m1/s1",C13H15N5O2F2,311.11938116000005,1.2411999999999996,4.51,2.07,6.58,-170.0,4.09939994639111,1,HIGHDIVERSITY_MAYBRIDGE,HsDHODH_HighDiv,6,5,106.09,6,13,2,5,0.5909090909090909,0.09090909090909091,0.22727272727272727,0.23076923076923078,0.07692307692307693,22,2,0,2,1,0,1,0,0
OCCOCC1=NN=C(/C=C/C2=C(S)C(O)=CN=C2I)N1,30/000000111,"InChI=1S/C12H13IN4O3S/c13-12-7(11(21)8(19)5-14-12)1-2-9-15-10(17-16-9)6-20-4-3-18/h1-2,5,18-19H,3-4,6H2,(H,14,21)(H,15,16,17)/b2-1+",C12H13N4O3SI,419.9753092760001,1.4778999999999998,4.51,6.09,22.9,0.0,3.873802420953682,1,HIGHDIVERSITY_MAYBRIDGE,HsDHODH_HighDiv,7,4,104.15,6,12,3,4,0.5714285714285714,0.14285714285714285,0.19047619047619047,0.25,0.0,21,2,0,2,2,0,2,0,0
NCCOC(=O)C#CC1=C(NC(N)=O)C(O)=CN=C1I,30/000000039,"InChI=1S/C11H11IN4O4/c12-10-6(1-2-8(18)20-4-3-13)9(16-11(14)19)7(17)5-15-10/h5,17H,3-4,13H2,(H3,14,15,16,19)/p+1",C11H12N4O4I,389.982502832,-0.2642000000000007,4.51,9.05,22.1,0.0,4.118464513340156,1,HIGHDIVERSITY_MAYBRIDGE,HsDHODH_HighDiv,6,4,140.56,3,11,4,4,0.55,0.2,0.2,0.18181818181818182,0.0,20,1,0,1,1,0,1,0,0
NOC1=C(F)C=CC=C1C1=CNC(CC(=O)O)=N1,27/000000169,"InChI=1S/C11H10FN3O3/c12-7-3-1-2-6(11(7)18-13)8-5-14-9(15-8)4-10(16)17/h1-3,5H,4,13H2,(H,14,15)(H,16,17)",C11H10N3O3F,251.0706194,1.0954,4.51,2.1,2.22,-180.0,3.123078502914991,1,HIGHDIVERSITY_MAYBRIDGE,HsDHODH_HighDiv,4,3,101.23,4,11,3,3,0.6111111111111112,0.16666666666666666,0.16666666666666666,0.09090909090909091,0.0,18,2,0,2,1,0,1,0,0
N[C@@H](NCC(=O)CCO)NC1=C(I)N=CC([N+](=O)[O-])=C1Cl,30/000000072,"InChI=1S/C10H13ClIN5O4/c11-7-6(17(20)21)4-14-9(12)8(7)16-10(13)15-3-5(19)1-2-18/h4,10,15-16,18H,1-3,13H2",C10H12N5O4ClI,428.97007957600005,0.4431000000000002,4.5,8.15,22.9,-30.0,4.058683779263616,1,HIGHDIVERSITY_MAYBRIDGE,HsDHODH_HighDiv,8,4,143.41,8,10,4,5,0.47619047619047616,0.19047619047619047,0.23809523809523808,0.4,0.1,21,1,0,1,1,0,1,0,0
OC[C@H](/C=C/C1=C(O)C(F)=CC(F)=C1)NCC1=NC=NO1,1/000000097,"InChI=1S/C13H13F2N3O3/c14-9-3-8(13(20)11(15)4-9)1-2-10(6-19)16-5-12-17-7-18-21-12/h1-4,7,10,16,19-20H,5-6H2/p+1/b2-1+/t10-/m0/s1",C13H14N3O3F2,297.092497716,1.2172999999999998,4.5,2.53,3.58,-190.0,4.495397799565348,1,HIGHDIVERSITY_MAYBRIDGE,HsDHODH_HighDiv,6,3,91.41,6,13,3,3,0.6190476190476191,0.14285714285714285,0.14285714285714285,0.23076923076923078,0.07692307692307693,21,2,0,2,1,0,1,0,0
OC1=CN=C(I)C(/C=C/[C@H]2CCCN2)=C1S,30/000000006,"InChI=1S/C11H13IN2OS/c12-11-8(10(16)9(15)6-14-11)4-3-7-2-1-5-13-7/h3-4,6-7,13,15H,1-2,5H2,(H,14,16)/p+1/b4-3+/t7-/m1/s1",C11H14N2OSI,347.9793320360001,2.4457,4.5,7.48,3.58,-150.0,5.339266930883075,1,HIGHDIVERSITY_MAYBRIDGE,HsDHODH_HighDiv,4,3,45.150000000000006,2,11,1,2,0.6875,0.0625,0.125,0.36363636363636365,0.09090909090909091,16,2,1,1,2,1,1,0,0
C=CC(=O)O[C@@H](C(=O)O)C1=CC=C(I)C(O)=C1,22/000000021,"InChI=1S/C11H9IO5/c1-2-9(14)17-10(11(15)16)6-3-4-7(12)8(13)5-6/h2-5,10,13H,1H2,(H,15,16)/t10-/m1/s1",C11H9O5I,347.949471388,1.8517000000000001,4.5,1.46,3.58,-150.0,3.177455806606069,1,HIGHDIVERSITY_MAYBRIDGE,HsDHODH_HighDiv,4,2,83.83000000000001,4,11,5,0,0.6470588235294118,0.29411764705882354,0.0,0.09090909090909091,0.09090909090909091,17,1,0,1,0,0,0,0,0
NOC1=C(F)C=C(Br)C=C1C1=CNC=N1,27/000000459,"InChI=1S/C9H7BrFN3O/c10-5-1-6(8-3-13-4-14-8)9(15-12)7(11)2-5/h1-4H,12H2,(H,13,14)",C9H7N3OFBr,270.97565216400005,2.2307999999999995,4.5,2.46,2.35,-120.0,3.3222144374852354,1,HIGHDIVERSITY_MAYBRIDGE,HsDHODH_HighDiv,3,2,63.93,2,9,1,3,0.6,0.06666666666666667,0.2,0.0,0.0,15,2,0,2,1,0,1,0,0
C=CCC1=NC(C2=CC(O)=CC(F)=C2ON)=CN1,27/000000190,"InChI=1S/C12H12FN3O2/c1-2-3-11-15-6-10(16-11)8-4-7(17)5-9(13)12(8)18-14/h2,4-6,17H,1,3,14H2,(H,15,16)",C12H12N3O2F,249.091354844,1.9023999999999996,4.5,2.08,18.4,-140.0,3.55461604137653,1,HIGHDIVERSITY_MAYBRIDGE,HsDHODH_HighDiv,4,3,84.16,4,12,2,3,0.6666666666666666,0.1111111111111111,0.16666666666666666,0.08333333333333333,0.0,18,2,0,2,1,0,1,0,0
N=C1NC=C([C@H](O)CC#CC2=NC=CC(I)=C2)S1,27/000000207,"InChI=1S/C12H10IN3OS/c13-8-4-5-15-9(6-8)2-1-3-10(17)11-7-16-12(14)18-11/h4-7,10,17H,3H2,(H2,14,16)/t10-/m1/s1",C12H10N3OSI,370.95893094,2.03047,4.49,4.32,3.58,-150.0,4.344402659807201,1,HIGHDIVERSITY_MAYBRIDGE,HsDHODH_HighDiv,4,3,72.76,2,12,1,3,0.6666666666666666,0.05555555555555555,0.16666666666666666,0.16666666666666666,0.08333333333333333,18,2,0,2,2,0,2,0,0
O=[S+][C@H](/C=C/C1=C(O)C(F)=CC(F)=C1)ON[SH](=O)=O,1/000000106,"InChI=1S/C9H9F2NO5S2/c10-6-3-5(9(13)7(11)4-6)1-2-8(18-14)17-12-19(15)16/h1-4,8,13,18-19H,(H,12,15,16)/b2-1+/t8-/m1/s1",C9H9NO5S2F2,311.98064721608995,0.4853999999999999,4.49,4.4,2.22,-150.0,4.953117625303604,1,HIGHDIVERSITY_MAYBRIDGE,HsDHODH_HighDiv,5,3,92.69999999999999,6,9,5,1,0.47368421052631576,0.2631578947368421,0.05263157894736842,0.1111111111111111,0.1111111111111111,19,1,0,1,0,0,0,0,0
NC(=O)NC1=CC=C(O)C(C2=CN=NS2)=C1Br,12/000000006,"InChI=1S/C9H7BrN4O2S/c10-8-4(13-9(11)16)1-2-5(15)7(8)6-3-12-14-17-6/h1-3,15H,(H3,11,13,16)",C9H7N4O2SBr,313.947308564,2.1638,4.49,0.65,3.58,-140.0,3.0456214099911296,1,HIGHDIVERSITY_MAYBRIDGE,HsDHODH_HighDiv,5,3,101.13000000000001,2,9,2,4,0.5294117647058824,0.11764705882352941,0.23529411764705882,0.0,0.0,17,2,0,2,1,0,1,0,0
C[C@@H](N)CC1=NN=C(/C=C/C2=C(I)N=CC=C2S)N1,30/000000174,"InChI=1S/C12H14IN5S/c1-7(14)6-11-16-10(17-18-11)3-2-8-9(19)4-5-15-12(8)13/h2-5,7H,6,14H2,1H3,(H,15,19)(H,16,17,18)/p+1/b3-2+/t7-/m1/s1",C12H15N5SI,387.001464448,2.1531,4.49,8.05,3.58,-170.0,4.840261738681902,1,HIGHDIVERSITY_MAYBRIDGE,HsDHODH_HighDiv,5,3,80.47999999999999,4,12,0,5,0.631578947368421,0.0,0.2631578947368421,0.25,0.08333333333333333,19,2,0,2,2,0,2,0,0
NC/C=C/[C@@H](CC(=O)O)C1=NN=C2C=CC=CN12,6/000000005,"InChI=1S/C12H14N4O2/c13-6-3-4-9(8-11(17)18)12-15-14-10-5-1-2-7-16(10)12/h1-5,7,9H,6,8,13H2,(H,17,18)/b4-3+/t9-/m0/s1",C12H14N4O2,246.111675688,0.8024999999999998,4.48,3.48,21.9,-190.0,3.431536596458784,1,HIGHDIVERSITY_MAYBRIDGE,HsDHODH_HighDiv,5,2,93.51,5,12,2,4,0.6666666666666666,0.1111111111111111,0.2222222222222222,0.25,0.08333333333333333,18,2,0,2,2,0,2,0,0
OC1=CN=C(I)C(/C=C/[C@@H](Cl)N2C=CC=N2)=C1S,30/000000153,"InChI=1S/C11H9ClIN3OS/c12-9(16-5-1-4-15-16)3-2-7-10(18)8(17)6-14-11(7)13/h1-6,9,17H,(H,14,18)/b3-2+/t9-/m0/s1",C11H9N3OSClI,392.9199585880001,3.327800000000001,4.48,7.15,3.58,-150.0,4.378010804603581,1,HIGHDIVERSITY_MAYBRIDGE,HsDHODH_HighDiv,5,2,50.940000000000005,3,11,1,3,0.6111111111111112,0.05555555555555555,0.16666666666666666,0.09090909090909091,0.09090909090909091,18,2,0,2,2,0,2,0,0
OC1=C(S)C(/C=C/[C@@H](Cl)CS)=C(I)N=C1,30/000000119,"InChI=1S/C9H9ClINOS2/c10-5(4-14)1-2-6-8(15)7(13)3-12-9(6)11/h1-3,5,13-14H,4H2,(H,12,15)/b2-1+/t5-/m1/s1",C9H9NOS2ClI,372.885881588,3.230900000000001,4.48,6.09,3.58,-150.0,4.690619266646352,1,HIGHDIVERSITY_MAYBRIDGE,HsDHODH_HighDiv,4,3,33.120000000000005,3,9,1,1,0.6,0.06666666666666667,0.06666666666666667,0.2222222222222222,0.1111111111111111,15,1,0,1,1,0,1,0,0
CCCC1=NN=C(/C=C/C2=C(S)C(CO)=CN=C2I)N1,30/000000161,"InChI=1S/C13H15IN4OS/c1-2-3-10-16-11(18-17-10)5-4-9-12(20)8(7-19)6-15-13(9)14/h4-6,19H,2-3,7H2,1H3,(H,15,20)(H,16,17,18)/b5-4+",C13H15N4OSI,402.00113010000007,2.7082000000000006,4.48,7.92,21.1,-20.0,3.786578432754076,1,HIGHDIVERSITY_MAYBRIDGE,HsDHODH_HighDiv,5,3,74.69,5,13,1,4,0.65,0.05,0.2,0.3076923076923077,0.0,20,2,0,2,2,0,2,0,0
CSCCCC1=NC(C2=C(ON)C(F)=CC=C2)=CN1,27/000000016,"InChI=1S/C13H16FN3OS/c1-19-7-3-6-12-16-8-11(17-12)9-4-2-5-10(14)13(9)18-15/h2,4-5,8H,3,6-7,15H2,1H3,(H,16,17)",C13H16N3OSF,281.099811352,2.7639000000000005,4.48,-0.41,2.22,-200.0,3.217838687114261,1,HIGHDIVERSITY_MAYBRIDGE,HsDHODH_HighDiv,4,2,63.93,6,13,1,3,0.6842105263157895,0.05263157894736842,0.15789473684210525,0.3076923076923077,0.0,19,2,0,2,1,0,1,0,0
N=C1SC([C@H](O)CC#CC2=NC=CC(I)=C2)=CN1CCC(=O)O,27/000000582,"InChI=1S/C15H14IN3O3S/c16-10-4-6-18-11(8-10)2-1-3-12(20)13-9-19(15(17)23-13)7-5-14(21)22/h4,6,8-9,12,17,20H,3,5,7H2,(H,21,22)/b17-15+/t12-/m1/s1",C15H14N3O3SI,442.98006030799996,1.9785699999999997,4.48,4.19,4.94,-190.0,4.024558709277808,1,HIGHDIVERSITY_MAYBRIDGE,HsDHODH_HighDiv,6,3,99.2,5,15,3,3,0.6521739130434783,0.13043478260869565,0.13043478260869565,0.26666666666666666,0.06666666666666667,23,2,0,2,2,0,2,0,0
CSCS[C@@H](/C=C/C1=C(O)C(F)=CC(F)=C1)CO,1/000000112,"InChI=1S/C12H14F2O2S2/c1-17-7-18-10(6-15)3-2-8-4-9(13)5-11(14)12(8)16/h2-5,10,15-16H,6-7H2,1H3/b3-2+/t10-/m0/s1",C12H14O2S2F2,292.04032812799994,3.0982000000000016,4.48,2.35,2.22,-170.0,3.9523263462048366,1,HIGHDIVERSITY_MAYBRIDGE,HsDHODH_HighDiv,4,2,40.46,6,12,2,0,0.6666666666666666,0.1111111111111111,0.0,0.3333333333333333,0.08333333333333333,18,1,0,1,0,0,0,0,0
NCCC[C@@H](/C=C/C1=C(O)C(F)=CC(F)=C1)[S+]=O,1/000000039,"InChI=1S/C12H15F2NO2S/c13-9-6-8(12(16)11(14)7-9)3-4-10(18-17)2-1-5-15/h3-4,6-7,10,16,18H,1-2,5,15H2/b4-3+/t10-/m0/s1",C12H15NO2SF2,274.07078254809,2.2192000000000007,4.47,5.84,2.22,-150.0,4.161609548716612,1,HIGHDIVERSITY_MAYBRIDGE,HsDHODH_HighDiv,3,2,63.32,6,12,2,1,0.6666666666666666,0.1111111111111111,0.05555555555555555,0.3333333333333333,0.08333333333333333,18,1,0,1,0,0,0,0,0
O=C(O)CC1=CC=C(S)C2=C1NC=N2,22/000000054,"InChI=1S/C9H8N2O2S/c12-7(13)3-5-1-2-6(14)9-8(5)10-4-11-9/h1-2,4,14H,3H2,(H,10,11)(H,12,13)",C9H8N2O2S,208.030648496,1.4787000000000001,4.46,3.09,3.46,-40.0,3.0110699348045635,1,HIGHDIVERSITY_MAYBRIDGE,HsDHODH_HighDiv,3,3,65.97999999999999,2,9,2,2,0.6428571428571429,0.14285714285714285,0.14285714285714285,0.1111111111111111,0.0,14,2,0,2,1,0,1,0,0
CC1=C(C2=CC=CC(F)=C2ON)N=C(CO)N1,27/000000349,"InChI=1S/C11H12FN3O2/c1-6-10(15-9(5-16)14-6)7-3-2-4-8(12)11(7)17-13/h2-4,16H,5,13H2,1H3,(H,14,15)",C11H12N3O2F,237.091354844,1.2690199999999998,4.45,3.55,2.22,-140.0,2.889607662036955,1,HIGHDIVERSITY_MAYBRIDGE,HsDHODH_HighDiv,4,3,84.16,3,11,2,3,0.6470588235294118,0.11764705882352941,0.17647058823529413,0.18181818181818182,0.0,17,2,0,2,1,0,1,0,0
NCC1=CC=C(C2=NC([N+](=O)[O-])=NN2)C(F)=C1Cl,9/000000016,"InChI=1S/C9H7ClFN5O2/c10-6-4(3-12)1-2-5(7(6)11)8-13-9(15-14-8)16(17)18/h1-2H,3,12H2,(H,13,14,15)",C9H7N5O2FCl,271.027230364,1.6310999999999998,4.45,3.75,21.2,-140.0,3.083794703856908,1,HIGHDIVERSITY_MAYBRIDGE,HsDHODH_HighDiv,5,2,110.72999999999999,3,9,2,5,0.5,0.1111111111111111,0.2777777777777778,0.1111111111111111,0.0,18,2,0,2,1,0,1,0,0
O=C(O)[C@H](CCCl)C1=CC=C(I)C(O)=C1,22/000000005,"InChI=1S/C10H10ClIO3/c11-4-3-7(10(14)15)6-1-2-8(12)9(13)5-6/h1-2,5,7,13H,3-4H2,(H,14,15)/t7-/m1/s1",C10H10O3ClI,339.93631985999997,2.7939000000000007,4.45,2.28,3.33,-150.0,3.1591031128001976,1,HIGHDIVERSITY_MAYBRIDGE,HsDHODH_HighDiv,2,2,57.53,4,10,3,0,0.6666666666666666,0.2,0.0,0.3,0.1,15,1,0,1,0,0,0,0,0
C#CC1=CC=C([C@@H](CO)C2=CNC(=S)S2)C2=C1N=CN2,22/000000069,"InChI=1S/C14H11N3OS2/c1-2-8-3-4-9(13-12(8)16-7-17-13)10(6-18)11-5-15-14(19)20-11/h1,3-5,7,10,18H,6H2,(H,15,19)(H,16,17)/t10-/m1/s1",C14H11N3OS2,301.0343539720001,2.78749,4.45,2.77,24.1,-190.0,4.290542752950472,1,HIGHDIVERSITY_MAYBRIDGE,HsDHODH_HighDiv,4,3,64.69999999999999,3,14,1,3,0.7,0.05,0.15,0.14285714285714285,0.07142857142857142,20,3,0,3,2,0,2,0,0
CC#CCOC1=CC(F)=C(ON)C(C2=CNC=N2)=C1,27/000000185,"InChI=1S/C13H12FN3O2/c1-2-3-4-18-9-5-10(12-7-16-8-17-12)13(19-15)11(14)6-9/h5-8H,4,15H2,1H3,(H,16,17)",C13H12N3O2F,261.091354844,1.8703999999999998,4.44,3.06,20.8,-140.0,3.4552053537809275,1,HIGHDIVERSITY_MAYBRIDGE,HsDHODH_HighDiv,4,2,73.16,4,13,2,3,0.6842105263157895,0.10526315789473684,0.15789473684210525,0.15384615384615385,0.0,19,2,0,2,1,0,1,0,0
C#CC1=CC=C([C@@H](CO)C2=NN=CS2)C2=C1N=CN2,22/000000064,"InChI=1S/C13H10N4OS/c1-2-8-3-4-9(12-11(8)14-6-15-12)10(5-18)13-17-16-7-19-13/h1,3-4,6-7,10,18H,5H2,(H,14,15)/t10-/m1/s1",C13H10N4OS,270.05753194,1.5198999999999998,4.44,3.83,23.4,-190.0,4.016545021436883,1,HIGHDIVERSITY_MAYBRIDGE,HsDHODH_HighDiv,5,2,74.69,3,13,1,4,0.6842105263157895,0.05263157894736842,0.21052631578947367,0.15384615384615385,0.07692307692307693,19,3,0,3,2,0,2,0,0
NC(=O)NC1=CC=C(O)C(C2=NSN=C2CO)=C1Br,12/000000035,"InChI=1S/C10H9BrN4O3S/c11-8-4(13-10(12)18)1-2-6(17)7(8)9-5(3-16)14-19-15-9/h1-2,16-17H,3H2,(H3,12,13,18)",C10H9N4O3SBr,343.95787324800006,1.6561,4.44,2.73,22.8,-140.0,3.145980304471264,1,HIGHDIVERSITY_MAYBRIDGE,HsDHODH_HighDiv,6,4,121.36000000000001,3,10,3,4,0.5263157894736842,0.15789473684210525,0.21052631578947367,0.1,0.0,19,2,0,2,1,0,1,0,0
CNCCCCC1=CC(F)=C(ON)C(C2=CNC=N2)=C1,27/000000454,"InChI=1S/C14H19FN4O/c1-17-5-3-2-4-10-6-11(13-8-18-9-19-13)14(20-16)12(15)7-10/h6-9,17H,2-5,16H2,1H3,(H,18,19)",C14H19N4OF,278.15428944800004,2.0104,4.44,4.34,3.58,-140.0,3.1367813824359727,1,HIGHDIVERSITY_MAYBRIDGE,HsDHODH_HighDiv,4,3,75.96000000000001,7,14,1,4,0.7,0.05,0.2,0.35714285714285715,0.0,20,2,0,2,1,0,1,0,0
NCCOC[C@H](O)/C=C\C=C\C1=CC=C(F)C(Br)=C1,24/000000011,"InChI=1S/C14H17BrFNO2/c15-13-9-11(5-6-14(13)16)3-1-2-4-12(18)10-19-8-7-17/h1-6,9,12,18H,7-8,10,17H2/b3-1+,4-2-/t12-/m1/s1",C14H17NO2FBr,329.042669104,2.4938000000000002,4.44,9.42,3.58,-150.0,3.209819648696416,1,HIGHDIVERSITY_MAYBRIDGE,HsDHODH_HighDiv,3,2,55.480000000000004,7,14,2,1,0.7368421052631579,0.10526315789473684,0.05263157894736842,0.2857142857142857,0.07142857142857142,19,1,0,1,0,0,0,0,0
NC(N)NC1=C(Br)C=C(CCC2=CCC=C([C@@H]3CN3)O2)C(S)=C1,16/000000031,"InChI=1S/C16H21BrN4OS/c17-11-6-9(15(23)7-12(11)21-16(18)19)4-5-10-2-1-3-14(22-10)13-8-20-13/h2-3,6-7,13,16,20-21,23H,1,4-5,8,18-19H2/t13-/m0/s1",C16H20N4OSBr,396.061944392,2.4432,4.43,8.3,22.9,-190.0,4.532980824662424,1,HIGHDIVERSITY_MAYBRIDGE,HsDHODH_HighDiv,6,5,95.24,6,16,1,4,0.6956521739130435,0.043478260869565216,0.17391304347826086,0.375,0.0625,23,3,2,1,2,2,0,0,0
C=CCC1=CC(F)=C(ON)C(C(=C)COCNC)=C1,27/000000027,"InChI=1S/C14H19FN2O2/c1-4-5-11-6-12(10(2)8-18-9-17-3)14(19-16)13(15)7-11/h4,6-7,17H,1-2,5,8-9,16H2,3H3",C14H19N2O2F,266.143056068,2.0134,4.43,2.33,3.58,-40.0,3.546773203879548,1,HIGHDIVERSITY_MAYBRIDGE,HsDHODH_HighDiv,4,2,56.510000000000005,8,14,2,2,0.7368421052631579,0.10526315789473684,0.10526315789473684,0.2857142857142857,0.0,19,1,0,1,0,0,0,0,0
C#CC1=CC=C([C@@H](CO)C2=CC(O)=NO2)C2=C1N=CN2,22/000000066,"InChI=1S/C14H11N3O3/c1-2-8-3-4-9(14-13(8)15-7-16-14)10(6-18)11-5-12(19)17-20-11/h1,3-5,7,10,18H,6H2,(H,15,16)(H,17,19)/t10-/m1/s1",C14H11N3O3,269.080041212,1.3619999999999994,4.43,3.22,21.9,-190.0,4.103026963476788,1,HIGHDIVERSITY_MAYBRIDGE,HsDHODH_HighDiv,5,3,95.17000000000002,3,14,3,3,0.7,0.15,0.15,0.14285714285714285,0.07142857142857142,20,3,0,3,2,0,2,0,0
NN[C@H](N)CNCCCOC1=CC=C([N+](=O)[O-])C=C1,29/000000006,"InChI=1S/C11H19N5O3/c12-11(15-13)8-14-6-1-7-19-10-4-2-9(3-5-10)16(17)18/h2-5,11,14-15H,1,6-8,12-13H2/t11-/m0/s1",C11H19N5O3,269.148789468,-0.29859999999999953,4.43,4.79,2.22,-150.0,2.9179584005106403,1,HIGHDIVERSITY_MAYBRIDGE,HsDHODH_HighDiv,7,4,128.47,9,11,3,5,0.5789473684210527,0.15789473684210525,0.2631578947368421,0.45454545454545453,0.09090909090909091,19,1,0,1,0,0,0,0,0
CCC1=NC(C2=CC(C=S)=CC(F)=C2ON)=CN1,27/000000425,"InChI=1S/C12H12FN3OS/c1-2-11-15-5-10(16-11)8-3-7(6-18)4-9(13)12(8)17-14/h3-6H,2,14H2,1H3,(H,15,16)",C12H12N3OSF,265.068511224,2.3785,4.43,1.84,19.9,-140.0,3.749619733684222,1,HIGHDIVERSITY_MAYBRIDGE,HsDHODH_HighDiv,4,2,63.93,4,12,1,3,0.6666666666666666,0.05555555555555555,0.16666666666666666,0.16666666666666666,0.0,18,2,0,2,1,0,1,0,0
CCCC1=C2N[C@@H](NCCO)NC2=CC=C1/C=C\C(=O)O,5/000000002,"InChI=1S/C15H21N3O3/c1-2-3-11-10(5-7-13(20)21)4-6-12-14(11)18-15(17-12)16-8-9-19/h4-7,15-19H,2-3,8-9H2,1H3,(H,20,21)/b7-5-",C15H19N3O3,291.158291532,1.4397999999999997,4.43,5.02,18.7,-60.0,3.61535034193823,1,HIGHDIVERSITY_MAYBRIDGE,HsDHODH_HighDiv,5,5,93.62,7,15,3,3,0.7142857142857143,0.14285714285714285,0.14285714285714285,0.4,0.06666666666666667,21,2,1,1,1,1,0,0,0
COC(=O)CC1=NC(C2=CC(CO)=CC(F)=C2ON)=CN1,27/000000326,"InChI=1S/C13H14FN3O4/c1-20-12(19)4-11-16-5-10(17-11)8-2-7(6-18)3-9(14)13(8)21-15/h2-3,5,18H,4,6,15H2,1H3,(H,16,17)",C13H14N3O4F,295.096834148,0.6760999999999999,4.42,1.97,21.4,-140.0,3.2474759811748752,1,HIGHDIVERSITY_MAYBRIDGE,HsDHODH_HighDiv,6,3,110.46000000000001,5,13,4,3,0.6190476190476191,0.19047619047619047,0.14285714285714285,0.23076923076923078,0.0,21,2,0,2,1,0,1,0,0
O=C(O)C1=C(CC/C=C/C2=CON=C2C(=O)[C@H](S)CO)C=CS1,17/000000001,"InChI=1S/C15H15NO5S2/c17-7-11(22)13(18)12-10(8-21-16-12)4-2-1-3-9-5-6-23-14(9)15(19)20/h2,4-6,8,11,17,22H,1,3,7H2,(H,19,20)/b4-2+/t11-/m1/s1",C15H15NO5S2,353.03916458,2.553700000000001,4.42,5.36,4.94,-150.0,3.969256305431654,1,HIGHDIVERSITY_MAYBRIDGE,HsDHODH_HighDiv,7,3,100.63000000000001,8,15,5,1,0.6521739130434783,0.21739130434782608,0.043478260869565216,0.26666666666666666,0.06666666666666667,23,2,0,2,2,0,2,0,0
C=C[C@H](C(=O)O)C1=CC=C(CCCCO)C(Cl)=C1,27/000000564,"InChI=1S/C14H17ClO3/c1-2-12(14(17)18)11-7-6-10(13(15)9-11)5-3-4-8-16/h2,6-7,9,12,16H,1,3-5,8H2,(H,17,18)/t12-/m0/s1",C14H17O3Cl,268.086622084,3.0092000000000017,4.4,5.59,3.58,-150.0,3.006492751228385,1,HIGHDIVERSITY_MAYBRIDGE,HsDHODH_HighDiv,2,2,57.53,7,14,3,0,0.7777777777777778,0.16666666666666666,0.0,0.35714285714285715,0.07142857142857142,18,1,0,1,0,0,0,0,0
OCC[C@@H](/C=C/C1=CC(F)=CC(F)=C1O)NO,1/000000139,"InChI=1S/C11H13F2NO3/c12-8-5-7(11(16)10(13)6-8)1-2-9(14-17)3-4-15/h1-2,5-6,9,14-17H,3-4H2/b2-1+/t9-/m1/s1",C11H13NO3F2,245.086349716,1.4134,4.4,4.69,2.22,-150.0,3.638980689549213,1,HIGHDIVERSITY_MAYBRIDGE,HsDHODH_HighDiv,4,4,72.72,5,11,3,1,0.6470588235294118,0.17647058823529413,0.058823529411764705,0.2727272727272727,0.09090909090909091,17,1,0,1,0,0,0,0,0
O=C(CC1CCCC1)NOC1=C(S)C(O)=CN=C1I,30/000000034,"InChI=1S/C12H15IN2O3S/c13-12-10(11(19)8(16)6-14-12)18-15-9(17)5-7-3-1-2-4-7/h6-7,16H,1-5H2,(H,14,19)(H,15,17)",C12H15N2O3SI,393.98481134,2.6708000000000016,4.39,7.62,17.8,-150.0,3.425216432639176,1,HIGHDIVERSITY_MAYBRIDGE,HsDHODH_HighDiv,5,3,71.45,4,12,3,2,0.631578947368421,0.15789473684210525,0.10526315789473684,0.5,0.0,19,2,1,1,1,0,1,0,0
NC(=O)NC1=CC=C(O)C(C2=NNC(=S)N2)=C1Br,12/000000010,"InChI=1S/C9H8BrN5O2S/c10-6-3(12-8(11)17)1-2-4(16)5(6)7-13-9(18)15-14-7/h1-2,16H,(H3,11,12,17)(H2,13,14,15,18)",C9H8N5O2SBr,328.95820759599997,2.09299,4.39,0.21,21.1,-140.0,3.2517231182996076,1,HIGHDIVERSITY_MAYBRIDGE,HsDHODH_HighDiv,4,5,119.82,2,9,2,5,0.5,0.1111111111111111,0.2777777777777778,0.0,0.0,18,2,0,2,1,0,1,0,0
OC[C@H](/C=C/C1=CC(F)=CC(F)=C1O)SS,1/000000026,"InChI=1S/C10H10F2O2S2/c11-7-3-6(10(14)9(12)4-7)1-2-8(5-13)16-15/h1-4,8,13-15H,5H2/b2-1+/t8-/m0/s1",C10H10O2S2F2,264.009028,2.6225000000000014,4.38,4.73,2.22,-150.0,3.939186429988622,1,HIGHDIVERSITY_MAYBRIDGE,HsDHODH_HighDiv,4,3,40.46,4,10,2,0,0.625,0.125,0.0,0.2,0.1,16,1,0,1,0,0,0,0,0
C=C(C)CC1=NC(C2=C(ON)C(F)=CC(C=S)=C2)=CN1,27/000000403,"InChI=1S/C14H14FN3OS/c1-8(2)3-13-17-6-12(18-13)10-4-9(7-20)5-11(15)14(10)19-16/h4-7H,1,3,16H2,2H3,(H,17,18)",C14H14N3OSF,291.084161288,2.9347000000000003,4.38,1.43,22.1,-160.0,3.891181809377452,1,HIGHDIVERSITY_MAYBRIDGE,HsDHODH_HighDiv,4,2,63.93,5,14,1,3,0.7,0.05,0.15,0.14285714285714285,0.0,20,2,0,2,1,0,1,0,0
CCC(=S)C1=NC(C2=C(ON)C(F)=CC=C2)=CN1,27/000000311,"InChI=1S/C12H12FN3OS/c1-2-10(18)12-15-6-9(16-12)7-4-3-5-8(13)11(7)17-14/h3-6H,2,14H2,1H3,(H,15,16)",C12H12N3OSF,265.068511224,2.5963000000000003,4.38,1.93,2.22,-180.0,3.451320964453453,1,HIGHDIVERSITY_MAYBRIDGE,HsDHODH_HighDiv,4,2,63.93,4,12,1,3,0.6666666666666666,0.05555555555555555,0.16666666666666666,0.16666666666666666,0.0,18,2,0,2,1,0,1,0,0
NC(=O)NC1=CC=C(O)C(N2C=NOC2)=C1Br,12/000000007,"InChI=1S/C9H9BrN4O3/c10-7-5(13-9(11)16)1-2-6(15)8(7)14-3-12-17-4-14/h1-3,15H,4H2,(H3,11,13,16)",C9H9N4O3Br,299.985802248,1.3827,4.38,0.7,17.2,-140.0,3.587945796243175,1,HIGHDIVERSITY_MAYBRIDGE,HsDHODH_HighDiv,5,3,100.18,2,9,3,4,0.5294117647058824,0.17647058823529413,0.23529411764705882,0.1111111111111111,0.0,17,2,1,1,1,1,0,0,0
O=C(O)CCC[C@@H](/C=C/C1=CC(F)=CC(F)=C1O)CO,1/000000042,"InChI=1S/C14H16F2O4/c15-11-6-10(14(20)12(16)7-11)5-4-9(8-17)2-1-3-13(18)19/h4-7,9,17,20H,1-3,8H2,(H,18,19)/b5-4+/t9-/m0/s1",C14H16O4F2,286.101665432,2.547000000000001,4.38,2.83,3.58,-150.0,3.2784470714390013,1,HIGHDIVERSITY_MAYBRIDGE,HsDHODH_HighDiv,3,3,77.76,7,14,4,0,0.7,0.2,0.0,0.35714285714285715,0.07142857142857142,20,1,0,1,0,0,0,0,0
C/C=C/CN1C=CC(C2=C(CS)C(O)=CN=C2I)=C1,30/000000053,"InChI=1S/C14H15IN2OS/c1-2-3-5-17-6-4-10(8-17)13-11(9-19)12(18)7-16-14(13)15/h2-4,6-8,18-19H,5,9H2,1H3/b3-2+",C14H15N2OSI,385.9949821,3.8662000000000027,4.37,10.13,18.6,-140.0,3.768501773713196,1,HIGHDIVERSITY_MAYBRIDGE,HsDHODH_HighDiv,4,2,38.05,4,14,1,2,0.7368421052631579,0.05263157894736842,0.10526315789473684,0.21428571428571427,0.0,19,2,0,2,2,0,2,0,0
C=CC1=CC(C/C=C\C2=NNN=C2)=CC(F)=C1ON,27/000000237,"InChI=1S/C13H13FN4O/c1-2-10-6-9(7-12(14)13(10)19-15)4-3-5-11-8-16-18-17-11/h2-3,5-8H,1,4,15H2,(H,16,17,18)/b5-3-",C13H13N4OF,260.107339256,2.0951999999999997,4.37,6.32,3.58,0.0,3.5461925332681066,1,HIGHDIVERSITY_MAYBRIDGE,HsDHODH_HighDiv,4,2,76.82,5,13,1,4,0.6842105263157895,0.05263157894736842,0.21052631578947367,0.07692307692307693,0.0,19,2,0,2,1,0,1,0,0
NOC1=C(C2=CNC=N2)C=C(NC=S)C=C1F,27/000000102,"InChI=1S/C10H9FN4OS/c11-8-2-6(15-5-17)1-7(10(8)16-12)9-3-13-4-14-9/h1-5H,12H2,(H,13,14)(H,15,17)",C10H9N4OSF,252.048110128,1.8374,4.37,1.66,20.1,-120.0,3.7027444664559415,1,HIGHDIVERSITY_MAYBRIDGE,HsDHODH_HighDiv,4,3,75.96,4,10,1,4,0.5882352941176471,0.058823529411764705,0.23529411764705882,0.0,0.0,17,2,0,2,1,0,1,0,0
C=CCC1=NC(C2=CC(C=S)=CC(F)=C2ON)=CN1,27/000000512,"InChI=1S/C13H12FN3OS/c1-2-3-12-16-6-11(17-12)9-4-8(7-19)5-10(14)13(9)18-15/h2,4-7H,1,3,15H2,(H,16,17)",C13H12N3OSF,277.068511224,2.5446,4.37,2.57,21.5,-120.0,3.880300322334387,1,HIGHDIVERSITY_MAYBRIDGE,HsDHODH_HighDiv,4,2,63.93,5,13,1,3,0.6842105263157895,0.05263157894736842,0.15789473684210525,0.07692307692307693,0.0,19,2,0,2,1,0,1,0,0
C=C(C#C[C@H](O)C1=CN=C(O)N=C1O)[N+](=O)[O-],23/000000001,"InChI=1S/C9H7N3O5/c1-5(12(16)17)2-3-7(13)6-4-10-9(15)11-8(6)14/h4,7,13H,1H2,(H2,10,11,14,15)/t7-/m0/s1",C9H7N3O5,237.038570324,-0.28500000000000014,4.37,2.33,2.22,-170.0,4.569446575836837,1,HIGHDIVERSITY_MAYBRIDGE,HsDHODH_HighDiv,7,3,129.61,2,9,5,3,0.5294117647058824,0.29411764705882354,0.17647058823529413,0.1111111111111111,0.1111111111111111,17,1,0,1,1,0,1,0,0
NC(=O)NC1=CC=C(O)C(C2=CSC(N)=N2)=C1Br,12/000000002,"InChI=1S/C10H9BrN4O2S/c11-8-4(14-9(12)17)1-2-6(16)7(8)5-3-18-10(13)15-5/h1-3,16H,(H2,13,15)(H3,12,14,17)",C10H9N4O2SBr,327.962958628,2.3510000000000004,4.36,1.62,3.58,-160.0,2.7350242172007064,1,HIGHDIVERSITY_MAYBRIDGE,HsDHODH_HighDiv,5,4,114.26,2,10,2,4,0.5555555555555556,0.1111111111111111,0.2222222222222222,0.0,0.0,18,2,0,2,1,0,1,0,0
NOC1=C(C2=CNC=N2)C=C(S)C=C1F,27/000000532,"InChI=1S/C9H8FN3OS/c10-7-2-5(15)1-6(9(7)14-11)8-3-12-4-13-8/h1-4,15H,11H2,(H,12,13)",C9H8N3OSF,225.037211096,1.757,4.36,2.28,16.9,-120.0,3.7355485034193014,1,HIGHDIVERSITY_MAYBRIDGE,HsDHODH_HighDiv,4,3,63.93,2,9,1,3,0.6,0.06666666666666667,0.2,0.0,0.0,15,2,0,2,1,0,1,0,0
NC(=O)NC1=CC=C(O)C(C2=C(CF)SC(N)=N2)=C1Br,12/000000029,"InChI=1S/C11H10BrFN4O2S/c12-8-4(16-10(14)19)1-2-5(18)7(8)9-6(3-13)20-11(15)17-9/h1-2,18H,3H2,(H2,15,17)(H3,14,16,19)",C11H10N4O2SFBr,359.96918688,2.8205,4.36,2.84,3.58,-160.0,3.1642670774427204,1,HIGHDIVERSITY_MAYBRIDGE,HsDHODH_HighDiv,5,4,114.26,3,11,2,4,0.55,0.1,0.2,0.09090909090909091,0.0,20,2,0,2,1,0,1,0,0
O=C(C#CC1=C(CCl)C(O)=CN=C1I)OCC1=CC=CN1,30/000000078,"InChI=1S/C14H10ClIN2O3/c15-6-11-10(14(16)18-7-12(11)19)3-4-13(20)21-8-9-2-1-5-17-9/h1-2,5,7,17,19H,6,8H2",C14H10N2O3ClI,415.94246786,2.5536000000000003,4.36,7.0,23.0,0.0,3.679517414434777,1,HIGHDIVERSITY_MAYBRIDGE,HsDHODH_HighDiv,4,2,75.21000000000001,3,14,3,2,0.6666666666666666,0.14285714285714285,0.09523809523809523,0.14285714285714285,0.0,21,2,0,2,2,0,2,0,0
CC#CCN[C@@H](N)NC1=C(I)N=CC(O)=C1S,30/000000044,"InChI=1S/C10H13IN4OS/c1-2-3-4-13-10(12)15-7-8(17)6(16)5-14-9(7)11/h5,10,13,15-16H,4,12H2,1H3,(H,14,17)",C10H11N4OSI,363.985480036,0.9475999999999998,4.35,7.41,19.1,-20.0,4.596487378512423,1,HIGHDIVERSITY_MAYBRIDGE,HsDHODH_HighDiv,6,5,83.2,4,10,1,4,0.5882352941176471,0.058823529411764705,0.23529411764705882,0.3,0.1,17,1,0,1,1,0,1,0,0
NOC1=C(F)C=C(CCS(=O)(=O)CC(=O)O)C=C1C1=CNC=N1,27/000000162,"InChI=1S/C13H14FN3O5S/c14-10-4-8(1-2-23(20,21)6-12(18)19)3-9(13(10)22-15)11-5-16-7-17-11/h3-5,7H,1-2,6,15H2,(H,16,17)(H,18,19)",C13H14N3O5SF,343.0638197680001,0.5101999999999993,4.35,5.82,3.7,-120.0,3.331559553193614,1,HIGHDIVERSITY_MAYBRIDGE,HsDHODH_HighDiv,6,3,135.37,7,13,5,3,0.5652173913043478,0.21739130434782608,0.13043478260869565,0.23076923076923078,0.0,23,2,0,2,1,0,1,0,0
NOC1=C(C2=CNC(C(=S)C=S)=N2)C=CC=C1F,27/000000372,"InChI=1S/C11H8FN3OS2/c12-7-3-1-2-6(10(7)16-13)8-4-14-11(15-8)9(18)5-17/h1-5H,13H2,(H,14,15)",C11H8N3OS2F,281.009282096,2.186,4.34,3.65,2.22,-140.0,3.740420349068838,1,HIGHDIVERSITY_MAYBRIDGE,HsDHODH_HighDiv,5,2,63.93,4,11,1,3,0.6111111111111112,0.05555555555555555,0.16666666666666666,0.0,0.0,18,2,0,2,1,0,1,0,0
NO[C@@H](CNC1=NN=CS1)C1=CSN=N1,12/000000039,"InChI=1S/C6H8N6OS2/c7-13-5(4-2-15-12-10-4)1-8-6-11-9-3-14-6/h2-3,5H,1,7H2,(H,8,11)/t5-/m0/s1",C6H8N6OS2,244.020100876,0.43309999999999993,4.34,2.53,2.22,-150.0,4.18145087503796,1,HIGHDIVERSITY_MAYBRIDGE,HsDHODH_HighDiv,9,2,98.84,5,6,1,6,0.4,0.06666666666666667,0.4,0.3333333333333333,0.16666666666666666,15,2,0,2,2,0,2,0,0
O=C(C#CC1=CC(O)=CN=C1I)O[C@@H](C=S)C1=CC=CN1,30/000000040,"InChI=1S/C14H9IN2O3S/c15-14-9(6-10(18)7-17-14)3-4-13(19)20-12(8-21)11-2-1-5-16-11/h1-2,5-8,12,16,18H/t12-/m0/s1",C14H9N2O3SI,411.93786114799997,2.3556,4.34,8.18,25.0,-150.0,4.425251776097291,1,HIGHDIVERSITY_MAYBRIDGE,HsDHODH_HighDiv,5,2,75.21000000000001,3,14,3,2,0.6666666666666666,0.14285714285714285,0.09523809523809523,0.07142857142857142,0.07142857142857142,21,2,0,2,2,0,2,0,0
NN[C@H](Cl)/C=C/C1=C(S)C(O)=CN=C1I,30/000000169,"InChI=1S/C8H9ClIN3OS/c9-6(13-11)2-1-4-7(15)5(14)3-12-8(4)10/h1-3,6,13-14H,11H2,(H,12,15)/b2-1+/t6-/m0/s1",C8H9N3OSClI,356.919958588,1.7218999999999995,4.33,6.06,3.58,-150.0,4.7555854204925065,1,HIGHDIVERSITY_MAYBRIDGE,HsDHODH_HighDiv,5,4,71.17,3,8,1,3,0.5333333333333333,0.06666666666666667,0.2,0.125,0.125,15,1,0,1,1,0,1,0,0
O=C(O)C1=C(CNC2=CC=CC=C2O)N=C(S)NC1=O,20/000000002,"InChI=1S/C12H11N3O4S/c16-8-4-2-1-3-6(8)13-5-7-9(11(18)19)10(17)15-12(20)14-7/h1-4,13,16H,5H2,(H,18,19)(H2,14,15,17,20)",C12H11N3O4S,293.04702683200003,1.0744999999999998,4.33,4.88,21.6,0.0,2.8078436275592704,1,HIGHDIVERSITY_MAYBRIDGE,HsDHODH_HighDiv,6,5,115.31,4,12,4,3,0.6,0.2,0.15,0.08333333333333333,0.0,20,2,0,2,1,0,1,0,0
NN[C@@H](CC#CCC(=O)O)C1=CC(O)=C(O)C(Cl)=C1,22/000000032,"InChI=1S/C12H13ClN2O4/c13-8-5-7(6-10(16)12(8)19)9(15-14)3-1-2-4-11(17)18/h5-6,9,15-16,19H,3-4,14H2,(H,17,18)/t9-/m0/s1",C12H13N2O4Cl,284.056384576,1.1238000000000001,4.33,7.11,19.1,-150.0,3.691548394534374,1,HIGHDIVERSITY_MAYBRIDGE,HsDHODH_HighDiv,5,5,115.81,4,12,4,2,0.631578947368421,0.21052631578947367,0.10526315789473684,0.25,0.08333333333333333,19,1,0,1,0,0,0,0,0
NC[C@H](Cl)C1=NN=C(/C=C/C2=C(I)N=CC=C2S)N1,30/000000104,"InChI=1S/C11H11ClIN5S/c12-7(5-14)11-16-9(17-18-11)2-1-6-8(19)3-4-15-10(6)13/h1-4,7H,5,14H2,(H,15,19)(H,16,17,18)/p+1/b2-1+/t7-/m0/s1",C11H12N5SClI,406.94684203200006,2.5020000000000002,4.32,7.48,3.58,-150.0,4.9884913468096235,1,HIGHDIVERSITY_MAYBRIDGE,HsDHODH_HighDiv,5,3,80.47999999999999,4,11,0,5,0.5789473684210527,0.0,0.2631578947368421,0.18181818181818182,0.09090909090909091,19,2,0,2,2,0,2,0,0
O=C(CO)NC[C@@H](Br)C1=CC=CC(F)=C1,24/000000003,"InChI=1S/C10H11BrFNO2/c11-9(5-13-10(15)6-14)7-2-1-3-8(12)4-7/h1-4,9,14H,5-6H2,(H,13,15)/t9-/m1/s1",C10H11NO2FBr,274.99571891200003,1.3702,4.32,3.6,2.35,-150.0,2.847803919554421,1,HIGHDIVERSITY_MAYBRIDGE,HsDHODH_HighDiv,2,2,49.33,4,10,2,1,0.6666666666666666,0.13333333333333333,0.06666666666666667,0.3,0.1,15,1,0,1,0,0,0,0,0
O=C(O)[C@@H](COC1=C(O)C=CC(F)=C1)C1=NN=CN1,22/000000031,"InChI=1S/C11H10FN3O4/c12-6-1-2-8(16)9(3-6)19-4-7(11(17)18)10-13-5-14-15-10/h1-3,5,7,16H,4H2,(H,17,18)(H,13,14,15)/t7-/m0/s1",C11H10N3O4F,267.06553402000003,0.8965999999999998,4.32,3.97,3.58,-150.0,3.372412682078129,1,HIGHDIVERSITY_MAYBRIDGE,HsDHODH_HighDiv,5,3,108.33000000000001,5,11,4,3,0.5789473684210527,0.21052631578947367,0.15789473684210525,0.18181818181818182,0.09090909090909091,19,2,0,2,1,0,1,0,0
C#CC1=CC=C([C@@H](CO)C2=COCCO2)C2=C1N=CN2,22/000000068,"InChI=1S/C15H14N2O3/c1-2-10-3-4-11(15-14(10)16-9-17-15)12(7-18)13-8-19-5-6-20-13/h1,3-4,8-9,12,18H,5-7H2,(H,16,17)/t12-/m1/s1",C15H14N2O3,270.100442308,1.5082999999999998,4.32,2.94,19.5,-190.0,4.086841412729894,1,HIGHDIVERSITY_MAYBRIDGE,HsDHODH_HighDiv,4,2,67.37,3,15,3,2,0.75,0.15,0.1,0.26666666666666666,0.06666666666666667,20,3,1,2,2,1,1,0,0
O=C(NC[C@H](O)C1=CC(C(=O)O)=C(F)C=C1)C1=COC=C1,22/000000003,"InChI=1S/C14H12FNO5/c15-11-2-1-8(5-10(11)14(19)20)12(17)6-16-13(18)9-3-4-21-7-9/h1-5,7,12,17H,6H2,(H,16,18)(H,19,20)/t12-/m0/s1",C14H12NO5F,293.069950704,1.5803000000000003,4.32,1.15,3.58,-150.0,2.70673687702792,1,HIGHDIVERSITY_MAYBRIDGE,HsDHODH_HighDiv,4,3,99.77000000000001,5,14,5,1,0.6666666666666666,0.23809523809523808,0.047619047619047616,0.14285714285714285,0.07142857142857142,21,2,0,2,1,0,1,0,0
NC(=O)NC1=CC([N+](=O)[O-])=C2N=COCC2=C1,12/000000033,"InChI=1S/C9H8N4O4/c10-9(14)12-6-1-5-3-17-4-11-8(5)7(2-6)13(15)16/h1-2,4H,3H2,(H3,10,12,14)",C9H8N4O4,236.054554736,1.2754,4.32,1.16,19.0,-120.0,3.2811150270124063,1,HIGHDIVERSITY_MAYBRIDGE,HsDHODH_HighDiv,5,2,119.85000000000001,2,9,4,4,0.5294117647058824,0.23529411764705882,0.23529411764705882,0.1111111111111111,0.0,17,2,1,1,1,1,0,0,0
CCC1=CC(F)=C(ON)C(C2=CNC(COC)=N2)=C1,27/000000519,"InChI=1S/C13H16FN3O2/c1-3-8-4-9(13(19-15)10(14)5-8)11-6-16-12(17-11)7-18-2/h4-6H,3,7,15H2,1-2H3,(H,16,17)",C13H16N3O2F,265.122654972,2.1771000000000003,4.32,2.25,3.58,-200.0,3.257685808546288,1,HIGHDIVERSITY_MAYBRIDGE,HsDHODH_HighDiv,4,2,73.16,5,13,2,3,0.6842105263157895,0.10526315789473684,0.15789473684210525,0.3076923076923077,0.0,19,2,0,2,1,0,1,0,0
SC1=CC=NC(I)=C1/C=C/C1=NN=C([C@H](S)Cl)N1,30/000000138,"InChI=1S/C10H8ClIN4S2/c11-8(18)10-14-7(15-16-10)2-1-5-6(17)3-4-13-9(5)12/h1-4,8,18H,(H,13,17)(H,14,15,16)/b2-1+/t8-/m0/s1",C10H8N4S2ClI,409.89236393600004,3.4306000000000005,4.32,6.86,2.22,-150.0,4.695558496911273,1,HIGHDIVERSITY_MAYBRIDGE,HsDHODH_HighDiv,5,3,54.46,3,10,0,4,0.5555555555555556,0.0,0.2222222222222222,0.1,0.1,18,2,0,2,2,0,2,0,0
OCC#CCC1=CC(Br)=C(NC2=NCCO2)C=C1S,16/000000033,"InChI=1S/C13H13BrN2O2S/c14-10-7-9(3-1-2-5-17)12(19)8-11(10)16-13-15-4-6-18-13/h7-8,17,19H,3-6H2,(H,15,16)",C13H13N2O2SBr,339.98811075599997,2.0741,4.32,7.02,19.9,0.0,3.66668227685785,1,HIGHDIVERSITY_MAYBRIDGE,HsDHODH_HighDiv,5,3,53.849999999999994,2,13,2,2,0.6842105263157895,0.10526315789473684,0.10526315789473684,0.3076923076923077,0.0,19,2,1,1,1,1,0,0,0
C=CC(=O)C1=CC=C([C@@H](O)COCCNN)C=C1Cl,27/000000205,"InChI=1S/C13H17ClN2O3/c1-2-12(17)10-4-3-9(7-11(10)14)13(18)8-19-6-5-16-15/h2-4,7,13,16,18H,1,5-6,8,15H2/t13-/m0/s1",C13H17N2O3Cl,284.092770084,1.2219999999999998,4.31,2.26,3.72,-150.0,3.2153697659231657,1,HIGHDIVERSITY_MAYBRIDGE,HsDHODH_HighDiv,5,3,84.58,8,13,3,2,0.6842105263157895,0.15789473684210525,0.10526315789473684,0.3076923076923077,0.07692307692307693,19,1,0,1,0,0,0,0,0
N[C@@H](C#CC1=C([N+](=O)[O-])C=CC(Cl)=C1F)C(=O)O,9/000000042,"InChI=1S/C10H6ClFN2O4/c11-6-2-4-8(14(17)18)5(9(6)12)1-3-7(13)10(15)16/h2,4,7H,13H2,(H,15,16)/t7-/m0/s1",C10H6N2O4FCl,272.000012572,1.1507000000000003,4.31,2.15,2.64,-150.0,3.626058595110946,1,HIGHDIVERSITY_MAYBRIDGE,HsDHODH_HighDiv,4,2,106.46,2,10,4,2,0.5555555555555556,0.2222222222222222,0.1111111111111111,0.1,0.1,18,1,0,1,0,0,0,0,0
CCCC1=CC(C2=CNC=N2)=C(ON)C(F)=C1,27/000000256,"InChI=1S/C12H14FN3O/c1-2-3-8-4-9(11-6-15-7-16-11)12(17-14)10(13)5-8/h4-7H,2-3,14H2,1H3,(H,15,16)",C12H14N3OF,235.112090288,2.4208,4.31,4.09,3.58,-140.0,3.1575781203020954,1,HIGHDIVERSITY_MAYBRIDGE,HsDHODH_HighDiv,3,2,63.92999999999999,4,12,1,3,0.7058823529411765,0.058823529411764705,0.17647058823529413,0.25,0.0,17,2,0,2,1,0,1,0,0
C=CNC1=CC(OC/C=C\[C@@H](N)NC)=CC=C1[N+](=O)[O-],29/000000008,"InChI=1S/C13H18N4O3/c1-3-16-11-9-10(6-7-12(11)17(18)19)20-8-4-5-13(14)15-2/h3-7,9,13,15-16H,1,8,14H2,2H3/b5-4-/t13-/m0/s1",C13H18N4O3,278.13789043599996,1.5893999999999995,4.31,7.62,2.48,-170.0,3.6656846005765304,1,HIGHDIVERSITY_MAYBRIDGE,HsDHODH_HighDiv,6,3,102.45,8,13,3,4,0.65,0.15,0.2,0.23076923076923078,0.07692307692307693,20,1,0,1,0,0,0,0,0
C[C@@H](C(=O)O)C1=CC=C(I)C(O)=C1,22/000000028,"InChI=1S/C9H9IO3/c1-5(9(12)13)6-2-3-7(10)8(11)4-6/h2-5,11H,1H3,(H,12,13)/t5-/m1/s1",C9H9O3I,291.959642148,2.1849,4.31,2.96,3.33,-170.0,2.814156395588819,1,HIGHDIVERSITY_MAYBRIDGE,HsDHODH_HighDiv,2,2,57.53,2,9,3,0,0.6923076923076923,0.23076923076923078,0.0,0.2222222222222222,0.1111111111111111,13,1,0,1,0,0,0,0,0
OC1=CN=C(I)C(C2=NC=CC(Br)=C2)=C1S,30/000000067,"InChI=1S/C10H6BrIN2OS/c11-5-1-2-13-6(3-5)8-9(16)7(15)4-14-10(8)12/h1-4,15H,(H,14,16)",C10H6N2OSBrI,407.8428939120001,3.5050000000000003,4.31,7.2,13.5,-160.0,3.412498824998682,1,HIGHDIVERSITY_MAYBRIDGE,HsDHODH_HighDiv,4,2,46.010000000000005,1,10,1,2,0.625,0.0625,0.125,0.0,0.0,16,2,0,2,2,0,2,0,0
NNCC1=CC(CCCl)=CC2=C1C(=O)N(C(=O)[N+](=O)[O-])C2=O,12/000000015,"InChI=1S/C12H11ClN4O5/c13-2-1-6-3-7(5-15-14)9-8(4-6)10(18)16(11(9)19)12(20)17(21)22/h3-4,15H,1-2,5,14H2",C12H11N4O5Cl,326.04179713199994,0.4238999999999997,4.31,5.61,24.1,-40.0,3.3757254432363,1,HIGHDIVERSITY_MAYBRIDGE,HsDHODH_HighDiv,7,2,135.64000000000001,4,12,5,4,0.5454545454545454,0.22727272727272727,0.18181818181818182,0.25,0.0,22,2,1,1,1,1,0,0,0
N[C@@H](NCS)NC1=C(I)N=CC(O)=C1S,30/000000087,"InChI=1S/C7H11IN4OS2/c8-6-4(12-7(9)11-2-14)5(15)3(13)1-10-6/h1,7,11-14H,2,9H2,(H,10,15)",C7H9N4OS2I,357.94190097200004,0.8115999999999999,4.31,7.05,17.0,0.0,4.752120420492506,1,HIGHDIVERSITY_MAYBRIDGE,HsDHODH_HighDiv,7,6,83.2,4,7,1,4,0.4666666666666667,0.06666666666666667,0.26666666666666666,0.2857142857142857,0.14285714285714285,15,1,0,1,1,0,1,0,0
NCC[C@@H](CN)N[C@@H](N)NC1=C(I)N=CC(O)=C1S,30/000000077,"InChI=1S/C10H19IN6OS/c11-9-7(8(19)6(18)4-15-9)17-10(14)16-5(3-13)1-2-12/h4-5,10,16-18H,1-3,12-14H2,(H,15,19)/t5-,10?/m0/s1",C10H17N6OSI,398.03857822800006,-0.399599999999999,4.3,6.99,19.1,-150.0,4.708278373136357,1,HIGHDIVERSITY_MAYBRIDGE,HsDHODH_HighDiv,8,7,135.23999999999998,7,10,1,6,0.5263157894736842,0.05263157894736842,0.3157894736842105,0.5,0.2,19,1,0,1,1,0,1,0,0
ON[C@H](/C=C/C1=CC(F)=CC(F)=C1O)C1=NN=CN1,1/000000070,"InChI=1S/C11H10F2N4O2/c12-7-3-6(10(18)8(13)4-7)1-2-9(17-19)11-14-5-15-16-11/h1-5,9,17-19H,(H,14,15,16)/b2-1+/t9-/m1/s1",C11H10N4O2F2,268.077182,1.5217999999999998,4.3,2.65,2.22,-150.0,4.127184815604979,1,HIGHDIVERSITY_MAYBRIDGE,HsDHODH_HighDiv,5,4,94.06,4,11,2,4,0.5789473684210527,0.10526315789473684,0.21052631578947367,0.09090909090909091,0.09090909090909091,19,2,0,2,1,0,1,0,0
NC(N)NC1=C(Br)C=C(C[C@@H](CO)C2=CCC=CO2)C(S)=C1,16/000000014,"InChI=1S/C15H20BrN3O2S/c16-11-6-9(14(22)7-12(11)19-15(17)18)5-10(8-20)13-3-1-2-4-21-13/h2-4,6-7,10,15,19-20,22H,1,5,8,17-18H2/t10-/m0/s1",C15H19N3O2SBr,385.0459599799999,2.3195999999999994,4.3,8.83,21.7,-150.0,4.422839290653405,1,HIGHDIVERSITY_MAYBRIDGE,HsDHODH_HighDiv,6,5,93.53,6,15,2,3,0.6818181818181818,0.09090909090909091,0.13636363636363635,0.3333333333333333,0.06666666666666667,22,2,1,1,1,1,0,0,0
O=S(=O)(NO)[C@@H](NCO)SCC1=CC(F)=CC(F)=C1O,1/000000118,"InChI=1S/C9H12F2N2O5S2/c10-6-1-5(8(15)7(11)2-6)3-19-9(12-4-14)20(17,18)13-16/h1-2,9,12-16H,3-4H2/t9-/m0/s1",C9H12N2O5S2F2,330.015569924,0.035200000000000065,4.3,4.5,24.0,-150.0,3.939816834380463,1,HIGHDIVERSITY_MAYBRIDGE,HsDHODH_HighDiv,7,5,118.89000000000001,7,9,5,2,0.45,0.25,0.1,0.3333333333333333,0.1111111111111111,20,1,0,1,0,0,0,0,0
CC[C@@H](/C=C/C1=C(O)C(F)=CC(F)=C1)ON,1/000000153,"InChI=1S/C11H13F2NO2/c1-2-9(16-14)4-3-7-5-8(12)6-10(13)11(7)15/h3-6,9,15H,2,14H2,1H3/b4-3+/t9-/m0/s1",C11H13NO2F2,229.091435096,2.3525,4.29,4.09,2.22,-170.0,3.597131689380392,1,HIGHDIVERSITY_MAYBRIDGE,HsDHODH_HighDiv,3,2,55.480000000000004,4,11,2,1,0.6875,0.125,0.0625,0.2727272727272727,0.09090909090909091,16,1,0,1,0,0,0,0,0
C=C[C@@H](C)C1=C(CON)NC(/C=C/C2=C(I)N=CC=C2S)=N1,30/000000136,"InChI=1S/C15H17IN4OS/c1-3-9(2)14-11(8-21-17)19-13(20-14)5-4-10-12(22)6-7-18-15(10)16/h3-7,9H,1,8,17H2,2H3,(H,18,22)(H,19,20)/b5-4+/t9-/m1/s1",C15H17N4OSI,428.01678016400007,3.548200000000002,4.29,8.73,23.6,-170.0,4.608788597084678,1,HIGHDIVERSITY_MAYBRIDGE,HsDHODH_HighDiv,5,3,76.82,6,15,1,4,0.6818181818181818,0.045454545454545456,0.18181818181818182,0.2,0.06666666666666667,22,2,0,2,2,0,2,0,0
CCC[C@H](CCl)C(=O)NOCC1=CC(Br)=C(S)C=C1S,16/000000035,"InChI=1S/C13H17BrClNO2S2/c1-2-3-8(6-15)13(17)16-18-7-9-4-10(14)12(20)5-11(9)19/h4-5,8,19-20H,2-3,6-7H2,1H3,(H,16,17)/t8-/m1/s1",C13H17NO2S2ClBr,396.9572605640001,4.229400000000004,4.28,6.5,3.85,-170.0,4.036200917592847,1,HIGHDIVERSITY_MAYBRIDGE,HsDHODH_HighDiv,4,3,38.33,7,13,2,1,0.65,0.1,0.05,0.46153846153846156,0.07692307692307693,20,1,0,1,0,0,0,0,0
O=C(CC(=O)O[C@@H](C(=O)O)C1=CC=C(I)C(O)=C1)NO,22/000000045,"InChI=1S/C11H10INO7/c12-6-2-1-5(3-7(6)14)10(11(17)18)20-9(16)4-8(15)13-19/h1-3,10,14,19H,4H2,(H,13,15)(H,17,18)/t10-/m1/s1",C11H10NO7I,394.95019965999995,0.5612,4.28,1.92,4.69,-170.0,3.2357817110132645,1,HIGHDIVERSITY_MAYBRIDGE,HsDHODH_HighDiv,6,4,133.16,5,11,7,1,0.55,0.35,0.05,0.18181818181818182,0.09090909090909091,20,1,0,1,0,0,0,0,0
C#CCC1=NC(C2=CC(C=S)=CC(F)=C2ON)=CN1,27/000000487,"InChI=1S/C13H10FN3OS/c1-2-3-12-16-6-11(17-12)9-4-8(7-19)5-10(14)13(9)18-15/h1,4-7H,3,15H2,(H,16,17)",C13H10N3OSF,275.05286116,1.9917999999999998,4.28,0.63,23.3,-120.0,4.041558377486782,1,HIGHDIVERSITY_MAYBRIDGE,HsDHODH_HighDiv,4,2,63.93,4,13,1,3,0.6842105263157895,0.05263157894736842,0.15789473684210525,0.07692307692307693,0.0,19,2,0,2,1,0,1,0,0
C=CCCOCC1=NC(C2=CC=CC(F)=C2ON)=CN1,27/000000453,"InChI=1S/C14H16FN3O2/c1-2-3-7-19-9-13-17-8-12(18-13)10-5-4-6-11(15)14(10)20-16/h2,4-6,8H,1,3,7,9,16H2,(H,17,18)",C14H16N3O2F,277.122654972,2.561,4.28,2.26,3.58,-160.0,3.2930097225169437,1,HIGHDIVERSITY_MAYBRIDGE,HsDHODH_HighDiv,4,2,73.16,7,14,2,3,0.7,0.1,0.15,0.21428571428571427,0.0,20,2,0,2,1,0,1,0,0
OC1=CN=C(I)C(C2=CN=CC(Cl)=C2)=C1S,30/000000095,"InChI=1S/C10H6ClIN2OS/c11-6-1-5(2-13-3-6)8-9(16)7(15)4-14-10(8)12/h1-4,15H,(H,14,16)",C10H6N2OSClI,363.893409492,3.3959000000000006,4.27,6.97,13.5,-160.0,3.283122251572109,1,HIGHDIVERSITY_MAYBRIDGE,HsDHODH_HighDiv,4,2,46.010000000000005,1,10,1,2,0.625,0.0625,0.125,0.0,0.0,16,2,0,2,2,0,2,0,0
O=C(O)[C@H](/C=C/CO)C1=CN=NS1,22/000000046,"InChI=1S/C7H8N2O3S/c10-3-1-2-5(7(11)12)6-4-8-9-13-6/h1-2,4-5,10H,3H2,(H,11,12)/b2-1+/t5-/m1/s1",C7H8N2O3S,200.025563116,0.2548,4.27,2.21,2.35,-150.0,4.157519744005109,1,HIGHDIVERSITY_MAYBRIDGE,HsDHODH_HighDiv,5,2,83.31,4,7,3,2,0.5384615384615384,0.23076923076923078,0.15384615384615385,0.2857142857142857,0.14285714285714285,13,1,0,1,1,0,1,0,0
O=C(O)[C@H](/C=C/CS)C1=CN=NS1,22/000000040,"InChI=1S/C7H8N2O2S2/c10-7(11)5(2-1-3-12)6-4-8-9-13-6/h1-2,4-5,12H,3H2,(H,10,11)/b2-1+/t5-/m1/s1",C7H8N2O2S2,216.002719496,1.1923,4.27,2.0,2.35,-150.0,4.5316812824666455,1,HIGHDIVERSITY_MAYBRIDGE,HsDHODH_HighDiv,5,2,63.08,4,7,2,2,0.5384615384615384,0.15384615384615385,0.15384615384615385,0.2857142857142857,0.14285714285714285,13,1,0,1,1,0,1,0,0
NCCOCC1=CC(F)=C(ON)C(C2=CNN=N2)=C1,27/000000006,"InChI=1S/C11H14FN5O2/c12-9-4-7(6-18-2-1-13)3-8(11(9)19-14)10-5-15-17-16-10/h3-5H,1-2,6,13-14H2,(H,15,16,17)",C11H14N5O2F,267.113152908,0.3385999999999995,4.27,3.67,21.1,-120.0,3.410282276857851,1,HIGHDIVERSITY_MAYBRIDGE,HsDHODH_HighDiv,6,3,112.07,6,11,2,5,0.5789473684210527,0.10526315789473684,0.2631578947368421,0.2727272727272727,0.0,19,2,0,2,1,0,1,0,0
ONC/C=C/C1=CC(F)=CC(F)=C1O,1/000000008,"InChI=1S/C9H9F2NO2/c10-7-4-6(2-1-3-12-14)9(13)8(11)5-7/h1-2,4-5,12-14H,3H2/b2-1+",C9H9NO2F2,201.060134968,1.6624,4.26,2.71,2.22,0.0,2.9852490067447697,1,HIGHDIVERSITY_MAYBRIDGE,HsDHODH_HighDiv,3,3,52.489999999999995,3,9,2,1,0.6428571428571429,0.14285714285714285,0.07142857142857142,0.1111111111111111,0.0,14,1,0,1,0,0,0,0,0
O=C(O)/C=C/C1=NC(C2=CC=NC(Cl)=C2F)=NN1,18/000000002,"InChI=1S/C10H6ClFN4O2/c11-9-8(12)5(3-4-13-9)10-14-6(15-16-10)1-2-7(17)18/h1-4H,(H,17,18)(H,14,15,16)/b2-1+",C10H6N4O2FCl,268.016331332,1.7569999999999997,4.26,5.17,22.6,-120.0,2.9901332721457603,1,HIGHDIVERSITY_MAYBRIDGE,HsDHODH_HighDiv,4,2,91.75999999999999,3,10,2,4,0.5555555555555556,0.1111111111111111,0.2222222222222222,0.0,0.0,18,2,0,2,2,0,2,0,0
CCOCC[C@@H](/C=C/C1=C(O)C(F)=CC(F)=C1)CO,1/000000045,"InChI=1S/C14H18F2O3/c1-2-19-6-5-10(9-17)3-4-11-7-12(15)8-13(16)14(11)18/h3-4,7-8,10,17-18H,2,5-6,9H2,1H3/b4-3+/t10-/m1/s1",C14H18O3F2,272.12240087600003,2.7187000000000014,4.26,1.03,2.22,-190.0,3.3710511268699115,1,HIGHDIVERSITY_MAYBRIDGE,HsDHODH_HighDiv,3,2,49.69,7,14,3,0,0.7368421052631579,0.15789473684210525,0.0,0.42857142857142855,0.07142857142857142,19,1,0,1,0,0,0,0,0
NCNCC[C@@H](/C=C/C1=CC(F)=CC(F)=C1O)NO,1/000000114,"InChI=1S/C12H17F2N3O2/c13-9-5-8(12(18)11(14)6-9)1-2-10(17-19)3-4-16-7-15/h1-2,5-6,10,16-19H,3-4,7,15H2/b2-1+/t10-/m1/s1",C12H17N3O2F2,273.128883224,0.9269000000000003,4.26,5.98,2.22,-150.0,3.8611330795326335,1,HIGHDIVERSITY_MAYBRIDGE,HsDHODH_HighDiv,5,5,90.54,7,12,2,3,0.631578947368421,0.10526315789473684,0.15789473684210525,0.3333333333333333,0.08333333333333333,19,1,0,1,0,0,0,0,0
NC(=O)NC1=CC(S)=C(/C=C/C(=O)O)C=C1Br,16/000000001,"InChI=1S/C10H9BrN2O3S/c11-6-3-5(1-2-9(14)15)8(17)4-7(6)13-10(12)16/h1-4,17H,(H,14,15)(H3,12,13,16)/b2-1+",C10H9N2O3SBr,315.951725248,2.3262,4.25,7.13,3.58,0.0,2.868165043379017,1,HIGHDIVERSITY_MAYBRIDGE,HsDHODH_HighDiv,3,4,92.42,3,10,3,2,0.5882352941176471,0.17647058823529413,0.11764705882352941,0.0,0.0,17,1,0,1,0,0,0,0,0
O=C(CCCl)O[C@@H](C(=O)O)C1=CC=C(I)C(O)=C1,22/000000033,"InChI=1S/C11H10ClIO5/c12-4-3-9(15)18-10(11(16)17)6-1-2-7(13)8(14)5-6/h1-2,5,10,14H,3-4H2,(H,16,17)/t10-/m1/s1",C11H10O5ClI,383.9261491,2.2946,4.25,0.8,4.69,-170.0,3.138921381526658,1,HIGHDIVERSITY_MAYBRIDGE,HsDHODH_HighDiv,4,2,83.83000000000001,5,11,5,0,0.6111111111111112,0.2777777777777778,0.0,0.2727272727272727,0.09090909090909091,18,1,0,1,0,0,0,0,0
NOC1=C(C2=CNC(CCO)=N2)C=C(O)C=C1F,27/000000104,"InChI=1S/C11H12FN3O3/c12-8-4-6(17)3-7(11(8)18-13)9-5-14-10(15-9)1-2-16/h3-5,16-17H,1-2,13H2,(H,14,15)",C11H12N3O3F,253.086269464,0.7086999999999999,4.25,1.82,18.0,-140.0,3.4664769644534523,1,HIGHDIVERSITY_MAYBRIDGE,HsDHODH_HighDiv,5,4,104.39,4,11,3,3,0.6111111111111112,0.16666666666666666,0.16666666666666666,0.18181818181818182,0.0,18,2,0,2,1,0,1,0,0
O=C(O)[C@H](Br)C1=CC=C(I)C(O)=C1,22/000000029,"InChI=1S/C8H6BrIO3/c9-7(8(12)13)4-1-2-5(10)6(11)3-4/h1-3,7,11H,(H,12,13)/t7-/m1/s1",C8H6O3BrI,355.854504152,2.5174000000000003,4.25,3.15,2.22,-150.0,3.220520648982484,1,HIGHDIVERSITY_MAYBRIDGE,HsDHODH_HighDiv,2,2,57.53,2,8,3,0,0.6153846153846154,0.23076923076923078,0.0,0.125,0.125,13,1,0,1,0,0,0,0,0
CCN[C@@H](N)NC1=C(I)N=CC(O)=C1S,30/000000059,"InChI=1S/C8H13IN4OS/c1-2-11-8(10)13-5-6(15)4(14)3-12-7(5)9/h3,8,11,13-14H,2,10H2,1H3,(H,12,15)",C8H11N4OSI,339.985480036,0.9441999999999997,4.24,5.95,15.1,-20.0,4.330048112800198,1,HIGHDIVERSITY_MAYBRIDGE,HsDHODH_HighDiv,6,5,83.2,4,8,1,4,0.5333333333333333,0.06666666666666667,0.26666666666666666,0.375,0.125,15,1,0,1,1,0,1,0,0
COC(=O)CC1=CC(C2=CNC=N2)=C(ON)C(F)=C1,27/000000097,"InChI=1S/C12H12FN3O3/c1-18-11(17)4-7-2-8(10-5-15-6-16-10)12(19-14)9(13)3-7/h2-3,5-6H,4,14H2,1H3,(H,15,16)",C12H12N3O3F,265.086269464,1.1837999999999997,4.24,3.47,3.58,-140.0,3.12697289127488,1,HIGHDIVERSITY_MAYBRIDGE,HsDHODH_HighDiv,5,2,90.23,4,12,3,3,0.631578947368421,0.15789473684210525,0.15789473684210525,0.16666666666666666,0.0,19,2,0,2,1,0,1,0,0
NC(=O)NC1=CC(Br)=C(O)C(O)=C1,10/000000008,"InChI=1S/C7H7BrN2O3/c8-4-1-3(10-7(9)13)2-5(11)6(4)12/h1-2,11-12H,(H3,9,10,13)",C7H7N2O3Br,245.964004184,1.3509,4.24,-0.36,2.22,0.0,2.3383813789681014,1,HIGHDIVERSITY_MAYBRIDGE,HsDHODH_HighDiv,3,4,95.58000000000001,1,7,3,2,0.5384615384615384,0.23076923076923078,0.15384615384615385,0.0,0.0,13,1,0,1,0,0,0,0,0
C[C@H](CS)CC1=NN=C(/C=C/C2=C(I)N=CC=C2S)N1,30/000000125,"InChI=1S/C13H15IN4S2/c1-8(7-19)6-12-16-11(17-18-12)3-2-9-10(20)4-5-15-13(9)14/h2-5,8,19H,6-7H2,1H3,(H,15,20)(H,16,17,18)/b3-2+/t8-/m0/s1",C13H15N4S2I,417.97828648000007,3.3718000000000017,4.24,8.46,3.72,-170.0,4.502117492684423,1,HIGHDIVERSITY_MAYBRIDGE,HsDHODH_HighDiv,5,3,54.46,5,13,0,4,0.65,0.0,0.2,0.3076923076923077,0.07692307692307693,20,2,0,2,2,0,2,0,0
C=C[C@H](S)CC(=O)NOC1=C(S)C(O)=CN=C1I,30/000000035,"InChI=1S/C10H11IN2O3S2/c1-2-5(17)3-7(15)13-16-8-9(18)6(14)4-12-10(8)11/h2,4-5,14,17H,1,3H2,(H,12,18)(H,13,15)/t5-/m0/s1",C10H11N2O3S2I,397.925582212,1.9649999999999996,4.24,8.08,19.7,-150.0,4.698133881526658,1,HIGHDIVERSITY_MAYBRIDGE,HsDHODH_HighDiv,6,4,71.45,5,10,3,2,0.5555555555555556,0.16666666666666666,0.1111111111111111,0.2,0.1,18,1,0,1,1,0,1,0,0
CS[C@@H](CCO)C1=NN=C(/C=C/C2=C(I)N=CC=C2S)N1,30/000000026,"InChI=1S/C13H15IN4OS2/c1-21-10(5-7-19)13-16-11(17-18-13)3-2-8-9(20)4-6-15-12(8)14/h2-4,6,10,19H,5,7H2,1H3,(H,15,20)(H,16,17,18)/b3-2+/t10-/m0/s1",C13H15N4OS2I,433.9732011000001,3.0499000000000014,4.24,9.15,23.6,-170.0,4.547712793046443,1,HIGHDIVERSITY_MAYBRIDGE,HsDHODH_HighDiv,6,3,74.69,6,13,1,4,0.6190476190476191,0.047619047619047616,0.19047619047619047,0.3076923076923077,0.07692307692307693,21,2,0,2,2,0,2,0,0
C=CNC1=CC(OC/C=C\[C@@H](N)C(=O)O)=CC=C1[N+](=O)[O-],29/000000011,"InChI=1S/C13H15N3O5/c1-2-15-11-8-9(5-6-12(11)16(19)20)21-7-3-4-10(14)13(17)18/h2-6,8,10,15H,1,7,14H2,(H,17,18)/b4-3-/t10-/m1/s1",C13H15N3O5,293.10117058,1.4970999999999997,4.24,7.48,2.48,-180.0,3.470951549651124,1,HIGHDIVERSITY_MAYBRIDGE,HsDHODH_HighDiv,6,3,127.72,8,13,5,3,0.6190476190476191,0.23809523809523808,0.14285714285714285,0.15384615384615385,0.07692307692307693,21,1,0,1,0,0,0,0,0
OC1=CN=C(I)C(C2=CSC=C2)=C1S,30/000000056,"InChI=1S/C9H6INOS2/c10-9-7(5-1-2-14-4-5)8(13)6(12)3-11-9/h1-4,12H,(H,11,13)",C9H6NOS2I,334.893553812,3.409000000000001,4.23,7.22,15.7,-120.0,3.453845082733558,1,HIGHDIVERSITY_MAYBRIDGE,HsDHODH_HighDiv,4,2,33.120000000000005,1,9,1,1,0.6428571428571429,0.07142857142857142,0.07142857142857142,0.0,0.0,14,2,0,2,2,0,2,0,0
C/C(=C/C1=NNC(CCl)=N1)C(=O)NO,14/000000004,"InChI=1S/C7H9ClN4O2/c1-4(7(13)12-14)2-5-9-6(3-8)11-10-5/h2,14H,3H2,1H3,(H,12,13)(H,9,10,11)/b4-2-",C7H9N4O2Cl,216.041403208,0.4522,4.22,1.86,2.22,-40.0,3.6743465775949726,1,HIGHDIVERSITY_MAYBRIDGE,HsDHODH_HighDiv,4,3,90.9,3,7,2,4,0.5,0.14285714285714285,0.2857142857142857,0.2857142857142857,0.0,14,1,0,1,1,0,1,0,0
O=S(=O)(O)CCN[C@@H](/C=C/C1=C(O)C(F)=CC(F)=C1)CO,1/000000156,"InChI=1S/C12H15F2NO5S/c13-9-5-8(12(17)11(14)6-9)1-2-10(7-16)15-3-4-21(18,19)20/h1-2,5-6,10,15-17H,3-4,7H2,(H,18,19,20)/p+1/b2-1+/t10-/m0/s1",C12H16NO5SF2,323.06390002,0.5219,4.22,2.72,3.58,-200.0,4.308760152889989,1,HIGHDIVERSITY_MAYBRIDGE,HsDHODH_HighDiv,5,4,106.86000000000001,7,12,5,1,0.5714285714285714,0.23809523809523808,0.047619047619047616,0.3333333333333333,0.08333333333333333,21,1,0,1,0,0,0,0,0
CCC1=CSC(C#CC[C@@H](O)C2=CNC(=N)S2)=C1,27/000000585,"InChI=1S/C13H14N2OS2/c1-2-9-6-10(17-8-9)4-3-5-11(16)12-7-15-13(14)18-12/h6-8,11,16H,2,5H2,1H3,(H2,14,15)/t11-/m1/s1",C13H14N2OS2,278.054755068,2.65477,4.22,4.9,3.58,-170.0,4.2664569584497345,1,HIGHDIVERSITY_MAYBRIDGE,HsDHODH_HighDiv,4,3,59.87,3,13,1,2,0.7222222222222222,0.05555555555555555,0.1111111111111111,0.3076923076923077,0.07692307692307693,18,2,0,2,2,0,2,0,0
CC[C@H](Cl)C1=NN=C(/C=C/C2=C(S)C(CN)=CN=C2I)N1,30/000000115,"InChI=1S/C13H15ClIN5S/c1-2-9(14)13-18-10(19-20-13)4-3-8-11(21)7(5-16)6-17-12(8)15/h3-4,6,9H,2,5,16H2,1H3,(H,17,21)(H,18,19,20)/b4-3+/t9-/m0/s1",C13H15N5SClI,434.97814216000006,3.412000000000001,4.22,9.14,23.0,-170.0,4.47417215554251,1,HIGHDIVERSITY_MAYBRIDGE,HsDHODH_HighDiv,5,3,80.47999999999999,5,13,0,5,0.6190476190476191,0.0,0.23809523809523808,0.3076923076923077,0.07692307692307693,21,2,0,2,2,0,2,0,0
C=C[C@H](C(=O)O)C1=CC=C(CO)C(Cl)=C1,27/000000576,"InChI=1S/C11H11ClO3/c1-2-9(11(14)15)7-3-4-8(6-13)10(12)5-7/h2-5,9,13H,1,6H2,(H,14,15)/t9-/m0/s1",C11H11O3Cl,226.039671892,2.1864999999999997,4.22,3.85,2.22,-150.0,3.1162631128001985,1,HIGHDIVERSITY_MAYBRIDGE,HsDHODH_HighDiv,2,2,57.53,4,11,3,0,0.7333333333333333,0.2,0.0,0.18181818181818182,0.09090909090909091,15,1,0,1,0,0,0,0,0
O=C(O)CC1=CC=C(C2=CNN=N2)C(Cl)=C1,27/000000581,"InChI=1S/C10H8ClN3O2/c11-8-3-6(4-10(15)16)1-2-7(8)9-5-12-14-13-9/h1-3,5H,4H2,(H,15,16)(H,12,13,14)",C10H8N3O2Cl,237.030504176,1.7522,4.22,4.27,3.58,-120.0,2.732028475348333,1,HIGHDIVERSITY_MAYBRIDGE,HsDHODH_HighDiv,3,2,78.86999999999999,3,10,2,3,0.625,0.125,0.1875,0.1,0.0,16,2,0,2,1,0,1,0,0
CONCC(=O)CN[C@@H](N)NC1=C(I)N=CC([N+](=O)[O-])=C1Cl,30/000000011,"InChI=1S/C10H14ClIN6O4/c1-22-16-3-5(19)2-15-10(13)17-8-7(11)6(18(20)21)4-14-9(8)12/h4,10,15-17H,2-3,13H2,1H3",C10H13N6O4ClI,443.980978608,0.2117000000000006,4.22,6.03,24.3,-80.0,4.272354720153052,1,HIGHDIVERSITY_MAYBRIDGE,HsDHODH_HighDiv,9,4,144.44,9,10,4,6,0.45454545454545453,0.18181818181818182,0.2727272727272727,0.4,0.1,22,1,0,1,1,0,1,0,0
CCCN1C=C(C#CC[C@@H](O)C2=CNC(=N)S2)SC1=O,27/000000543,"InChI=1S/C13H15N3O2S2/c1-2-6-16-8-9(19-13(16)18)4-3-5-10(17)11-7-15-12(14)20-11/h7-8,10,17H,2,5-6H2,1H3,(H2,14,15)/t10-/m1/s1",C13H15N3O2S2,309.06056872,1.66407,4.22,4.78,3.58,-170.0,4.457738097080027,1,HIGHDIVERSITY_MAYBRIDGE,HsDHODH_HighDiv,6,3,81.87,4,13,2,3,0.65,0.1,0.15,0.38461538461538464,0.07692307692307693,20,2,0,2,2,0,2,0,0
CCC1=C(C2=C(ON)C(F)=CC=C2)N=C(C=S)N1,27/000000285,"InChI=1S/C12H12FN3OS/c1-2-9-11(16-10(6-18)15-9)7-4-3-5-8(13)12(7)17-14/h3-6H,2,14H2,1H3,(H,15,16)",C12H12N3OSF,265.068511224,2.3785,4.22,5.54,2.22,-140.0,3.4294135798380676,1,HIGHDIVERSITY_MAYBRIDGE,HsDHODH_HighDiv,4,2,63.93,4,12,1,3,0.6666666666666666,0.05555555555555555,0.16666666666666666,0.16666666666666666,0.0,18,2,0,2,1,0,1,0,0
CCC(=O)C1=CC(C2=C(S)C(O)=CN=C2I)=NO1,30/000000092,"InChI=1S/C11H9IN2O3S/c1-2-6(15)8-3-5(14-17-8)9-10(18)7(16)4-13-11(9)12/h3-4,16H,2H2,1H3,(H,13,18)",C11H9N2O3SI,375.937861148,2.9282000000000012,4.21,6.76,19.8,-140.0,3.485494232899293,1,HIGHDIVERSITY_MAYBRIDGE,HsDHODH_HighDiv,6,2,76.22,3,11,3,2,0.6111111111111112,0.16666666666666666,0.1111111111111111,0.18181818181818182,0.0,18,2,0,2,2,0,2,0,0
C=C[C@H](C(=O)O)C1=CC=C(CN)C(Cl)=C1,27/000000539,"InChI=1S/C11H12ClNO2/c1-2-9(11(14)15)7-3-4-8(6-13)10(12)5-7/h2-5,9H,1,6,13H2,(H,14,15)/t9-/m0/s1",C11H12NO2Cl,225.055656304,2.1529,4.21,3.84,2.22,-150.0,3.137063497415582,1,HIGHDIVERSITY_MAYBRIDGE,HsDHODH_HighDiv,2,2,63.31999999999999,4,11,2,1,0.7333333333333333,0.13333333333333333,0.06666666666666667,0.18181818181818182,0.09090909090909091,15,1,0,1,0,0,0,0,0
CC/C=C/CC(=O)NOC1=C(S)C(O)=CN=C1I,30/000000036,"InChI=1S/C11H13IN2O3S/c1-2-3-4-5-8(16)14-17-9-10(18)7(15)6-13-11(9)12/h3-4,6,15H,2,5H2,1H3,(H,13,18)(H,14,16)/b4-3+",C11H13N2O3SI,379.969161276,2.4468000000000014,4.21,7.68,17.8,-20.0,3.869595017828649,1,HIGHDIVERSITY_MAYBRIDGE,HsDHODH_HighDiv,5,3,71.45,5,11,3,2,0.6111111111111112,0.16666666666666666,0.1111111111111111,0.2727272727272727,0.0,18,1,0,1,1,0,1,0,0
OC[C@H](Cl)/C=C/C1=C(S)C(O)=CN=C1I,30/000000195,"InChI=1S/C9H9ClINO2S/c10-5(4-13)1-2-6-8(15)7(14)3-12-9(6)11/h1-3,5,13-14H,4H2,(H,12,15)/b2-1+/t5-/m1/s1",C9H9NO2SClI,356.908725208,2.293400000000001,4.21,6.39,3.58,-150.0,4.551191958954044,1,HIGHDIVERSITY_MAYBRIDGE,HsDHODH_HighDiv,4,3,53.35,3,9,2,1,0.6,0.13333333333333333,0.06666666666666667,0.2222222222222222,0.1111111111111111,15,1,0,1,1,0,1,0,0
C=CCC1=CN[C@H](/C=C(\C(=O)O)C2=CN(C)N=C2)C=N1,27/000000114,"InChI=1S/C14H16N4O2/c1-3-4-11-7-16-12(8-15-11)5-13(14(19)20)10-6-17-18(2)9-10/h3,5-9,12,16H,1,4H2,2H3,(H,19,20)/b13-5-/t12-/m1/s1",C14H15N4O2,272.127325752,1.3482,4.2,3.26,3.7,-170.0,4.4620452399371695,1,HIGHDIVERSITY_MAYBRIDGE,HsDHODH_HighDiv,5,2,79.51,5,14,2,4,0.7,0.1,0.2,0.21428571428571427,0.07142857142857142,20,2,1,1,2,1,1,0,0
O=C(O)[C@H](C=S)C1=CC=C(I)C(O)=C1,22/000000034,"InChI=1S/C9H7IO3S/c10-7-2-1-5(3-8(7)11)6(4-14)9(12)13/h1-4,6,11H,(H,12,13)/t6-/m1/s1",C9H7O3SI,321.91606308400003,2.1647,4.2,3.67,3.33,-150.0,3.671641037068878,1,HIGHDIVERSITY_MAYBRIDGE,HsDHODH_HighDiv,3,2,57.53,3,9,3,0,0.6428571428571429,0.21428571428571427,0.0,0.1111111111111111,0.1111111111111111,14,1,0,1,0,0,0,0,0
CCNOC[C@@H](/C=C/C1=C(O)C(F)=CC(F)=C1)CO,1/000000154,"InChI=1S/C13H17F2NO3/c1-2-16-19-8-9(7-17)3-4-10-5-11(14)6-12(15)13(10)18/h3-6,9,16-18H,2,7-8H2,1H3/b4-3+/t9-/m0/s1",C13H17NO3F2,273.117649844,1.8332000000000002,4.2,2.04,2.22,-190.0,3.797067990775238,1,HIGHDIVERSITY_MAYBRIDGE,HsDHODH_HighDiv,4,3,61.72,7,13,3,1,0.6842105263157895,0.15789473684210525,0.05263157894736842,0.38461538461538464,0.07692307692307693,19,1,0,1,0,0,0,0,0
NNCC1=CC(Br)=CC2=C1C(=O)N(C(=O)[N+](=O)[O-])C2=O,12/000000018,"InChI=1S/C10H7BrN4O5/c11-5-1-4(3-13-12)7-6(2-5)8(16)14(9(7)17)10(18)15(19)20/h1-2,13H,3,12H2",C10H7N4O5Br,341.959981424,0.4050999999999997,4.2,5.95,5.09,-40.0,3.3159825588166916,1,HIGHDIVERSITY_MAYBRIDGE,HsDHODH_HighDiv,7,2,135.64000000000001,2,10,5,4,0.5,0.25,0.2,0.1,0.0,20,2,1,1,1,1,0,0,0
NOC1=C(/C=C/C2=NNN=N2)C=C(C2=CC=CC=C2)C=C1F,27/000000513,"InChI=1S/C15H12FN5O/c16-13-9-12(10-4-2-1-3-5-10)8-11(15(13)22-17)6-7-14-18-20-21-19-14/h1-9H,17H2,(H,18,19,20,21)/b7-6+",C15H12N5OF,297.102588224,2.4287,4.2,2.52,23.1,-160.0,2.7957529244944492,1,HIGHDIVERSITY_MAYBRIDGE,HsDHODH_HighDiv,5,2,89.71,4,15,1,5,0.6818181818181818,0.045454545454545456,0.22727272727272727,0.0,0.0,22,3,0,3,1,0,1,0,0
NC1=CC=C(C#CC2=CC(=O)OC[C@H]2C(=O)O)C=C1,11/000000001,"InChI=1S/C14H11NO4/c15-11-5-2-9(3-6-11)1-4-10-7-13(16)19-8-12(10)14(17)18/h2-3,5-7,12H,8,15H2,(H,17,18)/t12-/m1/s1",C14H10NO4,257.068807832,0.8042999999999998,4.19,1.94,19.6,-150.0,3.461291927361147,1,HIGHDIVERSITY_MAYBRIDGE,HsDHODH_HighDiv,4,2,89.62000000000002,1,14,4,1,0.7368421052631579,0.21052631578947367,0.05263157894736842,0.14285714285714285,0.07142857142857142,19,2,1,1,1,1,0,0,0
C=CCCNC1=NC(C2=C(Br)C(NC(N)=O)=CC=C2O)=CS1,12/000000027,"InChI=1S/C14H15BrN4O2S/c1-2-3-6-17-14-19-9(7-22-14)11-10(20)5-4-8(12(11)15)18-13(16)21/h2,4-5,7,20H,1,3,6H2,(H,17,19)(H3,16,18,21)",C14H15N4O2SBr,382.00990882,3.756800000000001,4.19,3.06,3.58,-140.0,2.8912315539080673,1,HIGHDIVERSITY_MAYBRIDGE,HsDHODH_HighDiv,5,4,100.27,6,14,2,4,0.6363636363636364,0.09090909090909091,0.18181818181818182,0.14285714285714285,0.0,22,2,0,2,1,0,1,0,0
NC1=CC=C(C#CC2=CC(=O)OC[C@H]2C(=O)O)C=C1C(=O)O,11/000000005,"InChI=1S/C15H11NO6/c16-12-4-2-8(5-10(12)14(18)19)1-3-9-6-13(17)22-7-11(9)15(20)21/h2,4-6,11H,7,16H2,(H,18,19)(H,20,21)/t11-/m1/s1",C15H9NO6,301.05863707199995,0.5024999999999996,4.19,3.99,23.6,-150.0,3.515610274259962,1,HIGHDIVERSITY_MAYBRIDGE,HsDHODH_HighDiv,5,3,126.92000000000003,2,15,6,1,0.6818181818181818,0.2727272727272727,0.045454545454545456,0.13333333333333333,0.06666666666666667,22,2,1,1,1,1,0,0,0
C=CC1=C(C2=C(ON)C(F)=CC=C2)N=C(C=S)N1,27/000000508,"InChI=1S/C12H10FN3OS/c1-2-9-11(16-10(6-18)15-9)7-4-3-5-8(13)12(7)17-14/h2-6H,1,14H2,(H,15,16)",C12H10N3OSF,263.05286116,2.4591000000000003,4.19,4.62,2.22,-140.0,3.714680349068838,1,HIGHDIVERSITY_MAYBRIDGE,HsDHODH_HighDiv,4,2,63.93,4,12,1,3,0.6666666666666666,0.05555555555555555,0.16666666666666666,0.0,0.0,18,2,0,2,1,0,1,0,0
NC[C@@H](/C=C/C1=C(O)C(F)=CC(F)=C1)CO,1/000000032,"InChI=1S/C11H13F2NO2/c12-9-3-8(11(16)10(13)4-9)2-1-7(5-14)6-15/h1-4,7,15-16H,5-6,14H2/b2-1+/t7-/m1/s1",C11H13NO2F2,229.091435096,1.2508,4.19,3.87,2.22,-150.0,3.516366751992198,1,HIGHDIVERSITY_MAYBRIDGE,HsDHODH_HighDiv,3,3,66.48,4,11,2,1,0.6875,0.125,0.0625,0.2727272727272727,0.09090909090909091,16,1,0,1,0,0,0,0,0
NC(=O)NC1=CC=C(O)C(N2C=NNC2=O)=C1Br,12/000000009,"InChI=1S/C9H8BrN5O3/c10-6-4(13-8(11)17)1-2-5(16)7(6)15-3-12-14-9(15)18/h1-3,16H,(H,14,18)(H3,11,13,17)",C9H8N5O3Br,312.98105121599997,0.5193000000000003,4.19,1.16,19.6,-160.0,3.0435221763843794,1,HIGHDIVERSITY_MAYBRIDGE,HsDHODH_HighDiv,5,4,126.03,2,9,3,5,0.5,0.16666666666666666,0.2777777777777778,0.0,0.0,18,2,0,2,1,0,1,0,0
CC(=O)OCC/C=C/C=C/C1=C(S)C=C(CCS)C(Br)=C1,16/000000013,"InChI=1S/C16H19BrO2S2/c1-12(18)19-8-5-3-2-4-6-14-10-15(17)13(7-9-20)11-16(14)21/h2-4,6,10-11,20-21H,5,7-9H2,1H3/b3-2+,6-4+",C16H19O2S2Br,386.00098394800006,4.732700000000005,4.19,7.22,5.09,-53.0,3.398098262341984,1,HIGHDIVERSITY_MAYBRIDGE,HsDHODH_HighDiv,4,2,26.3,7,16,2,0,0.7619047619047619,0.09523809523809523,0.0,0.3125,0.0,21,1,0,1,0,0,0,0,0
C=CC1=C(C#CC(=O)OCC2=CC=CN2)C(I)=NC=C1O,30/000000041,"InChI=1S/C15H11IN2O3/c1-2-11-12(15(16)18-8-13(11)19)5-6-14(20)21-9-10-4-3-7-17-10/h2-4,7-8,17,19H,1,9H2",C15H11N2O3I,393.981440212,2.457800000000001,4.19,8.13,22.9,0.0,3.744282212348727,1,HIGHDIVERSITY_MAYBRIDGE,HsDHODH_HighDiv,4,2,75.21000000000001,3,15,3,2,0.7142857142857143,0.14285714285714285,0.09523809523809523,0.06666666666666667,0.0,21,2,0,2,2,0,2,0,0
O=C(O)C[C@@H](C(=O)O)C1=CC=C(I)C(O)=C1,22/000000038,"InChI=1S/C10H9IO5/c11-7-2-1-5(3-8(7)12)6(10(15)16)4-9(13)14/h1-3,6,12H,4H2,(H,13,14)(H,15,16)/t6-/m1/s1",C10H9O5I,335.949471388,1.6397000000000002,4.19,2.54,3.58,-150.0,2.8964504473665915,1,HIGHDIVERSITY_MAYBRIDGE,HsDHODH_HighDiv,3,3,94.83,4,10,5,0,0.625,0.3125,0.0,0.2,0.1,16,1,0,1,0,0,0,0,0
OC[C@@H](S)/C=C/C1=C(O)C(F)=CC(F)=C1,1/000000095,"InChI=1S/C10H10F2O2S/c11-7-3-6(1-2-8(15)5-13)10(14)9(12)4-7/h1-4,8,13-15H,5H2/b2-1+/t8-/m0/s1",C10H10O2SF2,232.036957,1.9743,4.18,3.26,2.22,-150.0,3.713316189723276,1,HIGHDIVERSITY_MAYBRIDGE,HsDHODH_HighDiv,3,3,40.46,3,10,2,0,0.6666666666666666,0.13333333333333333,0.0,0.2,0.1,15,1,0,1,0,0,0,0,0
N=C1NC=C([C@H](O)CC#CC2=CC=CN2)S1,27/000000536,"InChI=1S/C11H11N3OS/c12-11-14-7-10(16-11)9(15)5-1-3-8-4-2-6-13-8/h2,4,6-7,9,13,15H,5H2,(H2,12,14)/t9-/m1/s1",C11H11N3OS,233.062282972,1.35897,4.18,4.41,2.22,-150.0,4.600884322187422,1,HIGHDIVERSITY_MAYBRIDGE,HsDHODH_HighDiv,3,4,75.66,2,11,1,3,0.6875,0.0625,0.1875,0.18181818181818182,0.09090909090909091,16,2,0,2,2,0,2,0,0
NCCCCN1C=CC(C2=C(CS)C(O)=CN=C2I)=C1,30/000000047,"InChI=1S/C14H18IN3OS/c15-14-13(11(9-20)12(19)7-17-14)10-3-6-18(8-10)5-2-1-4-16/h3,6-8,19-20H,1-2,4-5,9,16H2/p+1",C14H19N3OSI,403.021531196,3.0290000000000026,4.18,8.65,19.0,-120.0,4.039651509677151,1,HIGHDIVERSITY_MAYBRIDGE,HsDHODH_HighDiv,5,3,64.07,6,14,1,3,0.7,0.05,0.15,0.35714285714285715,0.0,20,2,0,2,2,0,2,0,0
NOC1=C(C2=CNC=N2)C=C(O)C=C1F,27/000000044,"InChI=1S/C9H8FN3O2/c10-7-2-5(14)1-6(9(7)15-11)8-3-12-4-13-8/h1-4,14H,11H2,(H,12,13)",C9H8N3O2F,209.060054716,1.1739,4.18,2.66,15.6,-120.0,3.394310041880839,1,HIGHDIVERSITY_MAYBRIDGE,HsDHODH_HighDiv,4,3,84.16,2,9,2,3,0.6,0.13333333333333333,0.2,0.0,0.0,15,2,0,2,1,0,1,0,0
C=C[C@H](NCC)C1=CC=C(C=C(C(=O)O)C(=O)O)C(O)=C1,26/000000001,"InChI=1S/C15H17NO5/c1-3-12(16-4-2)9-5-6-10(13(17)8-9)7-11(14(18)19)15(20)21/h3,5-8,12,16-17H,1,4H2,2H3,(H,18,19)(H,20,21)/t12-/m0/s1",C15H16NO5,291.11067264400003,1.7813999999999999,4.18,8.29,5.09,-200.0,3.4680192188240557,1,HIGHDIVERSITY_MAYBRIDGE,HsDHODH_HighDiv,4,4,106.86000000000001,7,15,5,1,0.7142857142857143,0.23809523809523808,0.047619047619047616,0.2,0.06666666666666667,21,1,0,1,0,0,0,0,0
O=[N+]([O-])C1=C(O)C2=C(C=C1CO)N=CO2,27/000000062,"InChI=1S/C8H6N2O5/c11-2-4-1-5-8(15-3-9-5)7(12)6(4)10(13)14/h1,3,11-12H,2H2",C8H6N2O5,210.027671292,0.9338999999999997,4.18,1.08,15.8,-40.0,3.2416584471341228,1,HIGHDIVERSITY_MAYBRIDGE,HsDHODH_HighDiv,6,2,109.63000000000001,2,8,5,2,0.5333333333333333,0.3333333333333333,0.13333333333333333,0.125,0.0,15,2,0,2,1,0,1,0,0
O=NC1=C(C2=COC(CNCO)=N2)C(F)=C(Cl)C=C1,9/000000043,"InChI=1S/C11H9ClFN3O3/c12-6-1-2-7(16-18)10(11(6)13)8-4-19-9(15-8)3-14-5-17/h1-2,4,14,17H,3,5H2",C11H9N3O3FCl,285.031647048,2.5713999999999997,4.18,1.85,2.35,-160.0,3.3507084500557216,1,HIGHDIVERSITY_MAYBRIDGE,HsDHODH_HighDiv,6,2,87.72,5,11,3,3,0.5789473684210527,0.15789473684210525,0.15789473684210525,0.18181818181818182,0.0,19,2,0,2,1,0,1,0,0
CNNCN[C@@H](C#CCO)C1=CC(Br)=CC=C1S,16/000000037,"InChI=1S/C12H16BrN3OS/c1-14-16-8-15-11(3-2-6-17)10-7-9(13)4-5-12(10)18/h4-5,7,11,14-18H,6,8H2,1H3/t11-/m0/s1",C12H16N3OSBr,329.019745232,1.0457,4.17,8.02,3.72,-170.0,4.242814189218967,1,HIGHDIVERSITY_MAYBRIDGE,HsDHODH_HighDiv,5,5,56.31999999999999,5,12,1,3,0.6666666666666666,0.05555555555555555,0.16666666666666666,0.3333333333333333,0.08333333333333333,18,1,0,1,0,0,0,0,0
CC[C@H](CCl)C(=O)NOCC1=CC(Br)=C(S)C=C1S,16/000000024,"InChI=1S/C12H15BrClNO2S2/c1-2-7(5-14)12(16)15-17-6-8-3-9(13)11(19)4-10(8)18/h3-4,7,18-19H,2,5-6H2,1H3,(H,15,16)/t7-/m1/s1",C12H15NO2S2ClBr,382.9416105000001,3.839300000000002,4.17,6.88,3.85,-170.0,4.084733009918988,1,HIGHDIVERSITY_MAYBRIDGE,HsDHODH_HighDiv,4,3,38.33,6,12,2,1,0.631578947368421,0.10526315789473684,0.05263157894736842,0.4166666666666667,0.08333333333333333,19,1,0,1,0,0,0,0,0
NC(=O)NC1=CC=C(O)C(C2=NC=NC=C2)=C1Br,12/000000005,"InChI=1S/C11H9BrN4O2/c12-10-7(16-11(13)18)1-2-8(17)9(10)6-3-4-14-5-15-6/h1-5,17H,(H3,13,16,18)",C11H9N4O2Br,307.990887628,2.1022999999999996,4.17,1.06,14.9,-180.0,2.6253341952226847,1,HIGHDIVERSITY_MAYBRIDGE,HsDHODH_HighDiv,4,3,101.13000000000001,2,11,2,4,0.6111111111111112,0.1111111111111111,0.2222222222222222,0.0,0.0,18,2,0,2,1,0,1,0,0
C=CNC(=O)N(O)C1=CC=C(C[C@@H](C)C2=NN=CS2)C=C1F,27/000000592,"InChI=1S/C14H15FN4O2S/c1-3-16-14(20)19(21)12-5-4-10(7-11(12)15)6-9(2)13-18-17-8-22-13/h3-5,7-9,21H,1,6H2,2H3,(H,16,20)/t9-/m1/s1",C14H15N4O2SF,322.08997494,3.0721000000000016,4.17,5.62,3.58,-170.0,3.8218526576143113,1,HIGHDIVERSITY_MAYBRIDGE,HsDHODH_HighDiv,5,2,78.35000000000001,5,14,2,4,0.6363636363636364,0.09090909090909091,0.18181818181818182,0.21428571428571427,0.07142857142857142,22,2,0,2,1,0,1,0,0
C[C@H](O)C1=C(Br)C(F)=CC=C1/C=C/C=C\CO,24/000000009,"InChI=1S/C13H14BrFO2/c1-9(17)12-10(5-3-2-4-8-16)6-7-11(15)13(12)14/h2-7,9,16-17H,8H2,1H3/b4-2-,5-3+/t9-/m0/s1",C13H14O2FBr,300.016120008,3.203200000000002,4.17,6.6,2.48,-170.0,3.554139886873627,1,HIGHDIVERSITY_MAYBRIDGE,HsDHODH_HighDiv,2,2,40.46,4,13,2,0,0.7647058823529411,0.11764705882352941,0.0,0.23076923076923078,0.07692307692307693,17,1,0,1,0,0,0,0,0
O=[N+]([O-])C1=CC(C[C@H](O)C2=CC(F)=CC=C2S)=CC=C1O,26/000000016,"InChI=1S/C14H12FNO4S/c15-9-2-4-14(21)10(7-9)13(18)6-8-1-3-12(17)11(5-8)16(19)20/h1-5,7,13,17-18,21H,6H2/t13-/m0/s1",C14H12NO4SF,309.04710708399995,3.004300000000001,4.17,4.42,3.58,-150.0,2.9923143026875607,1,HIGHDIVERSITY_MAYBRIDGE,HsDHODH_HighDiv,5,3,83.60000000000001,4,14,4,1,0.6666666666666666,0.19047619047619047,0.047619047619047616,0.14285714285714285,0.07142857142857142,21,2,0,2,0,0,0,0,0
O=[N+]([O-])/C=C/C1=CC(O)=C(O)C(Br)=C1,10/000000006,"InChI=1S/C8H6BrNO4/c9-6-3-5(1-2-10(13)14)4-7(11)8(6)12/h1-4,11-12H/b2-1+",C8H6NO4Br,258.948019772,2.1077000000000004,4.17,-0.17,2.35,-60.0,2.7831629141744667,1,HIGHDIVERSITY_MAYBRIDGE,HsDHODH_HighDiv,4,2,83.60000000000001,2,8,4,1,0.5714285714285714,0.2857142857142857,0.07142857142857142,0.0,0.0,14,1,0,1,0,0,0,0,0
NC[C@H](OCC1=CC=C(ON)C(F)=C1)C1=CC=CC(CF)=C1,27/000000357,"InChI=1S/C16H18F2N2O2/c17-8-11-2-1-3-13(6-11)16(9-19)21-10-12-4-5-15(22-20)14(18)7-12/h1-7,16H,8-10,19-20H2/t16-/m0/s1",C16H18N2O2F2,308.133634256,2.7643000000000013,4.17,4.43,3.98,-150.0,3.097276800314551,1,HIGHDIVERSITY_MAYBRIDGE,HsDHODH_HighDiv,4,2,70.5,7,16,2,2,0.7272727272727273,0.09090909090909091,0.09090909090909091,0.25,0.0625,22,2,0,2,0,0,0,0,0
CS[C@H](N)C1=NN=C(/C(=C/C2=C(I)N=CC=C2S)CO)N1,30/000000198,"InChI=1S/C12H14IN5OS2/c1-21-10(14)12-16-11(17-18-12)6(5-19)4-7-8(20)2-3-15-9(7)13/h2-4,10,19H,5,14H2,1H3,(H,15,20)(H,16,17,18)/p+1/b6-4+/t10-/m0/s1",C12H15N5OS2I,434.968450068,1.9461999999999997,4.16,8.17,24.4,-170.0,5.120434224508026,1,HIGHDIVERSITY_MAYBRIDGE,HsDHODH_HighDiv,7,4,100.71000000000001,5,12,1,5,0.5714285714285714,0.047619047619047616,0.23809523809523808,0.25,0.08333333333333333,21,2,0,2,2,0,2,0,0
NNCCOC[C@H](O)C1=CC=C(S)C(Cl)=C1,27/000000058,"InChI=1S/C10H15ClN2O2S/c11-8-5-7(1-2-10(8)16)9(14)6-15-4-3-13-12/h1-2,5,9,13-14,16H,3-4,6,12H2/t9-/m0/s1",C10H15N2O2SCl,262.0542764,1.1420000000000006,4.16,2.0,3.72,-150.0,3.4335833644495084,1,HIGHDIVERSITY_MAYBRIDGE,HsDHODH_HighDiv,5,4,67.51,6,10,2,2,0.625,0.125,0.125,0.4,0.1,16,1,0,1,0,0,0,0,0
CN[C@@H](/C=C/C1=C(O)C(F)=CC(F)=C1)CO,1/000000015,"InChI=1S/C11H13F2NO2/c1-14-9(6-15)3-2-7-4-8(12)5-10(13)11(7)16/h2-5,9,14-16H,6H2,1H3/p+1/b3-2+/t9-/m0/s1",C11H14NO2F2,229.091435096,1.2638999999999998,4.16,2.65,2.22,-170.0,4.268901993494882,1,HIGHDIVERSITY_MAYBRIDGE,HsDHODH_HighDiv,3,3,52.489999999999995,4,11,2,1,0.6875,0.125,0.0625,0.2727272727272727,0.09090909090909091,16,1,0,1,0,0,0,0,0
C#CC1=CC=C([C@@H](N)/C=C/C2=NCNC=C2)C2=C1N=CN2,22/000000063,"InChI=1S/C16H15N5/c1-2-11-3-5-13(16-15(11)20-10-21-16)14(17)6-4-12-7-8-18-9-19-12/h1,3-8,10,14,18H,9,17H2,(H,20,21)/b6-4+/t14-/m0/s1",C16H15N5,277.13274548000004,1.6156,4.16,2.35,23.3,-190.0,4.724947447971957,1,HIGHDIVERSITY_MAYBRIDGE,HsDHODH_HighDiv,4,3,79.09,3,16,0,5,0.7619047619047619,0.0,0.23809523809523808,0.125,0.0625,21,3,1,2,2,1,1,0,0
C=C[C@H](C(=O)O)C1=CC=C(CC(=O)O)C(Cl)=C1,27/000000580,"InChI=1S/C12H11ClO4/c1-2-9(12(16)17)7-3-4-8(6-11(14)15)10(13)5-7/h2-5,9H,1,6H2,(H,14,15)(H,16,17)/t9-/m0/s1",C12H11O4Cl,254.034586512,2.3213,4.16,4.58,3.58,-150.0,2.996086575836838,1,HIGHDIVERSITY_MAYBRIDGE,HsDHODH_HighDiv,2,2,74.6,5,12,4,0,0.7058823529411765,0.23529411764705882,0.0,0.16666666666666666,0.08333333333333333,17,1,0,1,0,0,0,0,0
NCC1=C(C2=NN=C(S)O2)SN=N1,12/000000038,"InChI=1S/C5H5N5OS2/c6-1-2-3(13-10-7-2)4-8-9-5(12)11-4/h1,6H2,(H,9,12)",C5H5N5OS2,214.99355178,0.33549999999999996,4.16,2.32,23.0,-80.0,3.593225612794689,1,HIGHDIVERSITY_MAYBRIDGE,HsDHODH_HighDiv,8,2,90.72,2,5,1,5,0.38461538461538464,0.07692307692307693,0.38461538461538464,0.2,0.0,13,2,0,2,2,0,2,0,0
NNCC1=CC(CS)=CC2=C1C(=O)N(C(=O)[N+](=O)[O-])C2=O,12/000000019,"InChI=1S/C11H10N4O5S/c12-13-3-6-1-5(4-21)2-7-8(6)10(17)14(9(7)16)11(18)15(19)20/h1-2,13,21H,3-4,12H2",C11H10N4O5S,310.03719041999994,0.07239999999999946,4.16,6.49,24.3,-40.0,3.5511386753772243,1,HIGHDIVERSITY_MAYBRIDGE,HsDHODH_HighDiv,8,3,135.64000000000001,3,11,5,4,0.5238095238095238,0.23809523809523808,0.19047619047619047,0.18181818181818182,0.0,21,2,1,1,1,1,0,0,0
NC/C=C\COC1=CC=C([N+](=O)[O-])C(N[SH](=O)=O)=C1,29/000000003,"InChI=1S/C10H13N3O5S/c11-5-1-2-6-18-8-3-4-10(13(14)15)9(7-8)12-19(16)17/h1-4,7,19H,5-6,11H2,(H,12,16,17)/b2-1-",C10H13N3O5S,287.057591516,0.4267999999999997,4.16,4.89,20.5,0.0,3.3711613695600207,1,HIGHDIVERSITY_MAYBRIDGE,HsDHODH_HighDiv,6,3,124.56,7,10,5,3,0.5263157894736842,0.2631578947368421,0.15789473684210525,0.2,0.0,19,1,0,1,0,0,0,0,0
N=C1SC([C@H](O)CC#CC2=CSN=C2)=CN1CCl,27/000000591,"InChI=1S/C11H10ClN3OS2/c12-7-15-5-10(18-11(15)13)9(16)3-1-2-8-4-14-17-6-8/h4-6,9,13,16H,3,7H2/b13-11+/t9-/m1/s1",C11H10N3OS2Cl,298.99538162,2.15707,4.16,3.24,2.35,-150.0,4.723893157544758,1,HIGHDIVERSITY_MAYBRIDGE,HsDHODH_HighDiv,6,2,61.9,3,11,1,3,0.6111111111111112,0.05555555555555555,0.16666666666666666,0.2727272727272727,0.09090909090909091,18,2,0,2,2,0,2,0,0
NOC1=C(F)C=C(OCCO)C=C1C1=CNC=N1,27/000000116,"InChI=1S/C11H12FN3O3/c12-9-4-7(17-2-1-16)3-8(11(9)18-13)10-5-14-6-15-10/h3-6,16H,1-2,13H2,(H,14,15)",C11H12N3O3F,253.086269464,0.8393999999999999,4.16,2.34,18.0,-120.0,3.1725882766706466,1,HIGHDIVERSITY_MAYBRIDGE,HsDHODH_HighDiv,5,3,93.39,5,11,3,3,0.6111111111111112,0.16666666666666666,0.16666666666666666,0.18181818181818182,0.0,18,2,0,2,1,0,1,0,0
CS[C@H](O)C1=NN=C(/C(=C/C2=C(I)N=CC=C2S)CO)N1,30/000000179,"InChI=1S/C12H13IN4O2S2/c1-21-12(19)11-15-10(16-17-11)6(5-18)4-7-8(20)2-3-14-9(7)13/h2-4,12,18-19H,5H2,1H3,(H,14,20)(H,15,16,17)/b6-4+/t12-/m0/s1",C12H13N4O2S2I,435.9524656560001,1.9797999999999996,4.15,8.33,24.2,-170.0,4.790198680741448,1,HIGHDIVERSITY_MAYBRIDGE,HsDHODH_HighDiv,7,4,94.92000000000002,5,12,2,4,0.5714285714285714,0.09523809523809523,0.19047619047619047,0.25,0.08333333333333333,21,2,0,2,2,0,2,0,0
N[C@@H](O)C1=CN=C(I)C(/C=C/C2=CN=CO2)=C1S,30/000000002,"InChI=1S/C11H10IN3O2S/c12-10-7(2-1-6-3-14-5-17-6)9(18)8(4-15-10)11(13)16/h1-5,11,16H,13H2,(H,15,18)/b2-1+/t11-/m0/s1",C11H10N3O2SI,374.95384556000005,2.082900000000001,4.15,7.26,20.0,-150.0,4.432080035372812,1,HIGHDIVERSITY_MAYBRIDGE,HsDHODH_HighDiv,6,3,85.17,3,11,2,3,0.6111111111111112,0.1111111111111111,0.16666666666666666,0.09090909090909091,0.09090909090909091,18,2,0,2,2,0,2,0,0
C#CCOC1=C(N)C=C([N+](=O)[O-])C(NC(N)N)=C1,29/000000013,"InChI=1S/C10H13N5O3/c1-2-3-18-9-5-7(14-10(12)13)8(15(16)17)4-6(9)11/h1,4-5,10,14H,3,11-13H2",C10H11N5O3,251.101839276,-0.1980999999999999,4.15,5.01,20.3,0.0,3.003761579838068,1,HIGHDIVERSITY_MAYBRIDGE,HsDHODH_HighDiv,7,4,142.46,5,10,3,5,0.5555555555555556,0.16666666666666666,0.2777777777777778,0.2,0.0,18,1,0,1,0,0,0,0,0
COC1=CC=C([N+](=O)[O-])C(NC(N)=O)=C1,29/000000014,"InChI=1S/C8H9N3O4/c1-15-5-2-3-7(11(13)14)6(4-5)10-8(9)12/h2-4H,1H3,(H3,9,10,12)",C8H9N3O4,211.059305768,1.0939999999999996,4.15,4.27,2.22,-20.0,1.933884657265455,1,HIGHDIVERSITY_MAYBRIDGE,HsDHODH_HighDiv,4,2,107.49000000000001,3,8,4,3,0.5333333333333333,0.26666666666666666,0.2,0.125,0.0,15,1,0,1,0,0,0,0,0
C/C=C/CC1=C(I)N=CC(O)=C1S,30/000000037,"InChI=1S/C9H10INOS/c1-2-3-4-6-8(13)7(12)5-11-9(6)10/h2-3,5,12H,4H2,1H3,(H,11,13)/b3-2+",C9H10NOSI,306.95278293999996,2.799100000000001,4.15,6.54,11.8,-20.0,3.8361953544044294,1,HIGHDIVERSITY_MAYBRIDGE,HsDHODH_HighDiv,3,2,33.120000000000005,2,9,1,1,0.6923076923076923,0.07692307692307693,0.07692307692307693,0.2222222222222222,0.0,13,1,0,1,1,0,1,0,0
C=C(NCC1=NN=C(C2=CC=C(CN)C=C2)O1)C1=NNC=C1,26/000000013,"InChI=1S/C15H16N6O/c1-10(13-6-7-18-19-13)17-9-14-20-21-15(22-14)12-4-2-11(8-16)3-5-12/h2-7,17H,1,8-9,16H2,(H,18,19)/p+1",C15H17N6O,296.138559132,1.6788999999999996,4.15,2.71,25.0,-120.0,3.4846423475713735,1,HIGHDIVERSITY_MAYBRIDGE,HsDHODH_HighDiv,6,3,105.65,6,15,1,6,0.6818181818181818,0.045454545454545456,0.2727272727272727,0.13333333333333333,0.0,22,3,0,3,2,0,2,0,0
O=C(O)CC(=O)OC1=CC(Br)=C(S)C=C1S,16/000000022,"InChI=1S/C9H7BrO4S2/c10-4-1-5(7(16)2-6(4)15)14-9(13)3-8(11)12/h1-2,15-16H,3H2,(H,11,12)",C9H7O4S2Br,321.896912804,2.4066000000000005,4.15,7.06,2.22,0.0,3.243218805018662,1,HIGHDIVERSITY_MAYBRIDGE,HsDHODH_HighDiv,5,3,63.599999999999994,3,9,4,0,0.5625,0.25,0.0,0.1111111111111111,0.0,16,1,0,1,0,0,0,0,0
CNCC(=O)CN[C@@H](N)NC1=C(I)N=CC([N+](=O)[O-])=C1Cl,30/000000008,"InChI=1S/C10H14ClIN6O3/c1-14-2-5(19)3-16-10(13)17-8-7(11)6(18(20)21)4-15-9(8)12/h4,10,14,16-17H,2-3,13H2,1H3",C10H13N6O3ClI,427.98606398799996,0.2801000000000002,4.14,7.92,23.1,-50.0,4.118610427615264,1,HIGHDIVERSITY_MAYBRIDGE,HsDHODH_HighDiv,8,4,135.21,8,10,3,6,0.47619047619047616,0.14285714285714285,0.2857142857142857,0.4,0.1,21,1,0,1,1,0,1,0,0
N[C@H](CF)C1=NC=C(O)C(O)=C1Cl,1/000000143,"InChI=1S/C7H8ClFN2O2/c8-5-6(3(10)1-9)11-2-4(12)7(5)13/h2-3,12H,1,10H2,(H,11,13)/t3-/m1/s1",C7H8N2O2FCl,206.025833396,1.1154999999999997,4.14,2.61,2.47,-150.0,3.870499834502846,1,HIGHDIVERSITY_MAYBRIDGE,HsDHODH_HighDiv,4,3,79.37,2,7,2,2,0.5384615384615384,0.15384615384615385,0.15384615384615385,0.2857142857142857,0.14285714285714285,13,1,0,1,1,0,1,0,0
NOC1=C(C2=CNC(C=S)=N2)C=CC=C1F,27/000000227,"InChI=1S/C10H8FN3OS/c11-7-3-1-2-6(10(7)15-12)8-4-13-9(5-16)14-8/h1-5H,12H2,(H,13,14)",C10H8N3OSF,237.037211096,1.8160999999999998,4.14,3.26,2.22,-120.0,3.5784838599637165,1,HIGHDIVERSITY_MAYBRIDGE,HsDHODH_HighDiv,4,2,63.93,3,10,1,3,0.625,0.0625,0.1875,0.0,0.0,16,2,0,2,1,0,1,0,0
OCC1=CN=C(I)C(/C=C/[C@@H]2CCCS2)=C1S,30/000000031,"InChI=1S/C12H14INOS2/c13-12-10(4-3-9-2-1-5-17-9)11(16)8(7-15)6-14-12/h3-4,6,9,15H,1-2,5,7H2,(H,14,16)/b4-3+/t9-/m0/s1",C12H14NOS2I,378.956154068,3.3760000000000026,4.14,7.79,3.72,-150.0,4.460360998913761,1,HIGHDIVERSITY_MAYBRIDGE,HsDHODH_HighDiv,4,2,33.120000000000005,3,12,1,1,0.7058823529411765,0.058823529411764705,0.058823529411764705,0.4166666666666667,0.08333333333333333,17,2,1,1,2,1,1,0,0
N=C1NN=C([C@H](N)CC2=CC=C(ON)C(F)=C2)S1,27/000000251,"InChI=1S/C10H12FN5OS/c11-6-3-5(1-2-8(6)17-14)4-7(12)9-15-16-10(13)18-9/h1-3,7H,4,12,14H2,(H2,13,16)/p+1/t7-/m1/s1",C10H13N5OSF,269.074659224,0.5847699999999996,4.14,5.16,2.35,-150.0,4.385983419988197,1,HIGHDIVERSITY_MAYBRIDGE,HsDHODH_HighDiv,6,4,113.8,4,10,1,5,0.5555555555555556,0.05555555555555555,0.2777777777777778,0.2,0.1,18,2,0,2,1,0,1,0,0
NOC1=C(F)C=CC=C1C1=CNC=N1,27/000000067,"InChI=1S/C9H8FN3O/c10-7-3-1-2-6(9(7)14-11)8-4-12-5-13-8/h1-5H,11H2,(H,12,13)",C9H8N3OF,193.065140096,1.4683,4.14,3.23,2.22,-120.0,3.123803277999831,1,HIGHDIVERSITY_MAYBRIDGE,HsDHODH_HighDiv,3,2,63.93,2,9,1,3,0.6428571428571429,0.07142857142857142,0.21428571428571427,0.0,0.0,14,2,0,2,1,0,1,0,0
CNC[C@H](Cl)/C=C/C1=C(S)C(O)=CN=C1I,30/000000172,"InChI=1S/C10H12ClIN2OS/c1-13-4-6(11)2-3-7-9(16)8(15)5-14-10(7)12/h2-3,5-6,13,15H,4H2,1H3,(H,14,16)/p+1/b3-2+/t6-/m1/s1",C10H13N2OSClI,369.940359684,2.520500000000001,4.13,6.77,3.58,-170.0,5.297242959505615,1,HIGHDIVERSITY_MAYBRIDGE,HsDHODH_HighDiv,4,3,45.15,4,10,1,2,0.625,0.0625,0.125,0.3,0.1,16,1,0,1,1,0,1,0,0
C=CCC1=CC(/C=C/C2=NNN=N2)=C(ON)C(F)=C1,27/000000447,"InChI=1S/C12H12FN5O/c1-2-3-8-6-9(12(19-14)10(13)7-8)4-5-11-15-17-18-16-11/h2,4-7H,1,3,14H2,(H,15,16,17,18)/b5-4+",C12H12N5OF,261.102588224,1.4901999999999997,4.13,0.61,3.58,0.0,3.345536123011696,1,HIGHDIVERSITY_MAYBRIDGE,HsDHODH_HighDiv,5,2,89.71,5,12,1,5,0.631578947368421,0.05263157894736842,0.2631578947368421,0.08333333333333333,0.0,19,2,0,2,1,0,1,0,0
OC1=C(F)C=CC(C[C@H](S)CCSCN2C=NN=C2)=C1,15/000000001,"InChI=1S/C13H16FN3OS2/c14-12-2-1-10(6-13(12)18)5-11(19)3-4-20-9-17-7-15-16-8-17/h1-2,6-8,11,18-19H,3-5,9H2/t11-/m1/s1",C13H16N3OS2F,313.07188235200005,2.744700000000001,4.13,6.81,3.58,-150.0,3.8723184614524966,1,HIGHDIVERSITY_MAYBRIDGE,HsDHODH_HighDiv,6,2,50.94,7,13,1,3,0.65,0.05,0.15,0.38461538461538464,0.07692307692307693,20,2,0,2,1,0,1,0,0
OC1=CN=C(I)C(C2=CN(CCl)C=C2)=C1CS,30/000000069,"InChI=1S/C11H10ClIN2OS/c12-6-15-2-1-7(4-15)10-8(5-17)9(16)3-14-11(10)13/h1-4,16-17H,5-6H2",C11H10N2OSClI,379.92470962,3.486400000000002,4.12,8.4,17.5,-120.0,3.804794241415024,1,HIGHDIVERSITY_MAYBRIDGE,HsDHODH_HighDiv,4,2,38.050000000000004,3,11,1,2,0.6470588235294118,0.058823529411764705,0.11764705882352941,0.18181818181818182,0.0,17,2,0,2,2,0,2,0,0
O[C@@H](Br)C1=CCC(CCC2=CC=CC3=NN=CN23)=CN1,2/000000002,"InChI=1S/C14H15BrN4O/c15-14(20)12-7-5-10(8-16-12)4-6-11-2-1-3-13-18-17-9-19(11)13/h1-3,7-9,14,16,20H,4-6H2/t14-/m1/s1",C14H15N4OBr,334.0429232000001,2.136299999999999,4.12,5.0,2.47,-190.0,4.199771120952706,1,HIGHDIVERSITY_MAYBRIDGE,HsDHODH_HighDiv,5,2,62.45,4,14,1,4,0.7,0.05,0.2,0.2857142857142857,0.07142857142857142,20,3,1,2,3,1,2,0,0
NC(N)NC1=C(Br)C=C(CCCC2=CC=NO2)C(S)=C1,16/000000042,"InChI=1S/C13H17BrN4OS/c14-10-6-8(2-1-3-9-4-5-17-19-9)12(20)7-11(10)18-13(15)16/h4-7,13,18,20H,1-3,15-16H2",C13H16N4OSBr,356.030644264,2.5140000000000002,4.12,5.28,21.3,0.0,3.4190248613255028,1,HIGHDIVERSITY_MAYBRIDGE,HsDHODH_HighDiv,6,4,90.1,6,13,1,4,0.65,0.05,0.2,0.3076923076923077,0.0,20,2,0,2,1,0,1,0,0
CC(=O)NC1=C(Br)C=C(CC#CCO)C(S)=C1,16/000000019,"InChI=1S/C12H12BrNO2S/c1-8(16)14-11-7-12(17)9(6-10(11)13)4-2-3-5-15/h6-7,15,17H,4-5H2,1H3,(H,14,16)",C12H12NO2SBr,312.977211724,2.234400000000001,4.12,6.62,3.85,-20.0,3.1175020333455734,1,HIGHDIVERSITY_MAYBRIDGE,HsDHODH_HighDiv,3,3,49.33,2,12,2,1,0.7058823529411765,0.11764705882352941,0.058823529411764705,0.25,0.0,17,1,0,1,0,0,0,0,0
C=C[C@H](NCO)C1=CC=C([N+](=O)[O-])C(NC(N)=O)=C1,29/000000001,"InChI=1S/C11H14N4O4/c1-2-8(13-6-16)7-3-4-10(15(18)19)9(5-7)14-11(12)17/h2-5,8,13,16H,1,6H2,(H3,12,14,17)/t8-/m0/s1",C11H14N4O4,266.101504928,0.8519000000000001,4.12,5.4,19.2,-150.0,3.411717625303604,1,HIGHDIVERSITY_MAYBRIDGE,HsDHODH_HighDiv,5,4,130.51999999999998,6,11,4,4,0.5789473684210527,0.21052631578947367,0.21052631578947367,0.18181818181818182,0.09090909090909091,19,1,0,1,0,0,0,0,0
O=C(CCN1C=CCN1)OCC1=CC(Br)=C(I)C=C1S,16/000000034,"InChI=1S/C13H14BrIN2O2S/c14-10-6-9(12(20)7-11(10)15)8-19-13(18)2-5-17-4-1-3-16-17/h1,4,6-7,16,20H,2-3,5,8H2",C13H14N2O2SBrI,467.900408788,3.1096000000000017,4.12,2.84,3.72,-22.0,3.6969863997870416,1,HIGHDIVERSITY_MAYBRIDGE,HsDHODH_HighDiv,5,2,41.57000000000001,5,13,2,2,0.65,0.1,0.1,0.3076923076923077,0.0,20,2,1,1,1,1,0,0,0
O=C(O)C(=CC1=CC(SCS)=CC=C1O)C(=O)O,26/000000007,"InChI=1S/C11H10O5S2/c12-9-2-1-7(18-5-17)3-6(9)4-8(10(13)14)11(15)16/h1-4,12,17H,5H2,(H,13,14)(H,15,16)",C11H9O5S2,285.99696542,1.9241999999999995,4.12,6.92,3.72,0.0,3.0372663875303765,1,HIGHDIVERSITY_MAYBRIDGE,HsDHODH_HighDiv,5,4,94.83,5,11,5,0,0.6111111111111112,0.2777777777777778,0.0,0.09090909090909091,0.0,18,1,0,1,0,0,0,0,0
C#CC1=CN(C(=O)O)C=C1[C@](C)(O)S,28/000000007,"InChI=1S/C9H9NO3S/c1-3-6-4-10(8(11)12)5-7(6)9(2,13)14/h1,4-5,13-14H,2H3,(H,11,12)/t9-/m1/s1",C9H9NO3S,211.030314148,1.0902999999999998,4.12,5.03,2.35,-170.0,4.3073298104576505,1,HIGHDIVERSITY_MAYBRIDGE,HsDHODH_HighDiv,4,3,62.46000000000001,1,9,3,1,0.6428571428571429,0.21428571428571427,0.07142857142857142,0.2222222222222222,0.1111111111111111,14,1,0,1,1,0,1,0,0
O=C(O)CN[C@@H]1NC2=C(N1)C(CCCCS)=CC=C2,5/000000004,"InChI=1S/C13H19N3O2S/c17-11(18)8-14-13-15-10-6-3-5-9(12(10)16-13)4-1-2-7-19/h3,5-6,13-16,19H,1-2,4,7-8H2,(H,17,18)",C13H17N3O2S,281.119797848,1.7342999999999995,4.12,5.71,3.58,-40.0,3.5526007323925946,1,HIGHDIVERSITY_MAYBRIDGE,HsDHODH_HighDiv,5,5,73.39,7,13,2,3,0.6842105263157895,0.10526315789473684,0.15789473684210525,0.46153846153846156,0.07692307692307693,19,2,1,1,1,1,0,0,0
N[C@@H](NC1=C(I)N=CC(O)=C1S)N[C@H]1SC=NC1=O,30/000000049,"InChI=1S/C9H10IN5O2S2/c10-6-4(5(18)3(16)1-12-6)14-9(11)15-8-7(17)13-2-19-8/h1-2,8-9,14-16H,11H2,(H,12,18)/t8-,9?/m0/s1",C9H8N5O2S2I,410.93206456,0.5521,4.12,7.15,23.8,-150.0,5.243467722248784,1,HIGHDIVERSITY_MAYBRIDGE,HsDHODH_HighDiv,8,5,112.63,4,9,2,5,0.47368421052631576,0.10526315789473684,0.2631578947368421,0.2222222222222222,0.2222222222222222,19,2,1,1,2,1,1,0,0
OCC[C@@H](/C=C/C1=C(O)C(F)=CC(F)=C1)CO,1/000000011,"InChI=1S/C12H14F2O3/c13-10-5-9(12(17)11(14)6-10)2-1-8(7-16)3-4-15/h1-2,5-6,8,15-17H,3-4,7H2/b2-1+/t8-/m1/s1",C12H14O3F2,244.091100748,1.6744999999999994,4.12,3.41,2.22,-150.0,3.4369863751679413,1,HIGHDIVERSITY_MAYBRIDGE,HsDHODH_HighDiv,3,3,60.69,5,12,3,0,0.7058823529411765,0.17647058823529413,0.0,0.3333333333333333,0.08333333333333333,17,1,0,1,0,0,0,0,0
O=C(O)CC1=CC(O)=C(I)C(F)=C1,22/000000012,"InChI=1S/C8H6FIO3/c9-5-1-4(3-7(12)13)2-6(11)8(5)10/h1-2,11H,3H2,(H,12,13)",C8H6O3FI,295.93457027200003,1.7630000000000001,4.12,3.14,2.22,0.0,2.520376854081224,1,HIGHDIVERSITY_MAYBRIDGE,HsDHODH_HighDiv,2,2,57.53,2,8,3,0,0.6153846153846154,0.23076923076923078,0.0,0.125,0.0,13,1,0,1,0,0,0,0,0
C=C(NCC1=NN=C(C2=CC=C(CN)C=C2)O1)C1=NOCN1,26/000000004,"InChI=1S/C14H16N6O2/c1-9(13-17-8-21-20-13)16-7-12-18-19-14(22-12)11-4-2-10(6-15)3-5-11/h2-5,16H,1,6-8,15H2,(H,17,20)/p+1",C14H17N6O2,300.133473752,0.6894,4.12,1.64,24.6,-120.0,3.7690077321867577,1,HIGHDIVERSITY_MAYBRIDGE,HsDHODH_HighDiv,8,3,110.59,6,14,2,6,0.6363636363636364,0.09090909090909091,0.2727272727272727,0.21428571428571427,0.0,22,3,1,2,2,1,1,0,0
OCC1=CC(/C=C/[C@@H]2C=CCOC2)=CC(F)=C1S,24/000000005,"InChI=1S/C14H15FO2S/c15-13-7-11(6-12(8-16)14(13)18)4-3-10-2-1-5-17-9-10/h1-4,6-7,10,16,18H,5,8-9H2/b4-3+/t10-/m0/s1",C14H15O2SF,266.07767894,2.822500000000002,4.11,5.01,3.58,-150.0,4.113253338540233,1,HIGHDIVERSITY_MAYBRIDGE,HsDHODH_HighDiv,3,2,29.46,3,14,2,0,0.7777777777777778,0.1111111111111111,0.0,0.2857142857142857,0.07142857142857142,18,2,1,1,1,1,0,0,0
C=CC1=CC(Cl)=C(Cl)C(C/C=C\[C@@H](N)C2=NN=NN2)=C1,5/000000001,"InChI=1S/C13H13Cl2N5/c1-2-8-6-9(12(15)10(14)7-8)4-3-5-11(16)13-17-19-20-18-13/h2-3,5-7,11H,1,4,16H2,(H,17,18,19,20)/b5-3-/t11-/m1/s1",C13H13N5Cl2,309.05480077600004,2.948200000000001,4.11,5.35,3.58,-150.0,3.992749635541566,1,HIGHDIVERSITY_MAYBRIDGE,HsDHODH_HighDiv,4,2,80.47999999999999,5,13,0,5,0.65,0.0,0.25,0.15384615384615385,0.07692307692307693,20,2,0,2,1,0,1,0,0
NOC1=C(F)C=CC=C1C1=CNC(C(=S)CO)=N1,27/000000482,"InChI=1S/C11H10FN3O2S/c12-7-3-1-2-6(10(7)17-13)8-4-14-11(15-8)9(18)5-16/h1-4,16H,5,13H2,(H,14,15)",C11H10N3O2SF,267.04777578,1.1785999999999999,4.11,2.54,2.22,-160.0,3.5399945029149915,1,HIGHDIVERSITY_MAYBRIDGE,HsDHODH_HighDiv,5,3,84.16,4,11,2,3,0.6111111111111112,0.1111111111111111,0.16666666666666666,0.09090909090909091,0.0,18,2,0,2,1,0,1,0,0
O=C(CCN1C=CNC1=O)OCC1=CC(Br)=C(I)C=C1S,16/000000017,"InChI=1S/C13H12BrIN2O3S/c14-9-5-8(11(21)6-10(9)15)7-20-12(18)1-3-17-4-2-16-13(17)19/h2,4-6,21H,1,3,7H2,(H,16,19)",C13H12N2O3SBrI,481.879673344,2.9657000000000013,4.1,3.5,3.72,0.0,3.235310463933496,1,HIGHDIVERSITY_MAYBRIDGE,HsDHODH_HighDiv,5,2,64.09,5,13,3,2,0.6190476190476191,0.14285714285714285,0.09523809523809523,0.23076923076923078,0.0,21,2,0,2,1,0,1,0,0
NC[C@H](CS)CC1=NN=C(/C=C/C2=C(I)N=CC=C2S)N1,30/000000160,"InChI=1S/C13H16IN5S2/c14-13-9(10(21)3-4-16-13)1-2-11-17-12(19-18-11)5-8(6-15)7-20/h1-4,8,20H,5-7,15H2,(H,16,21)(H,17,18,19)/b2-1+/t8-/m1/s1",C13H16N5S2I,432.989185512,2.3106000000000004,4.1,8.05,3.72,-150.0,4.552645778704853,1,HIGHDIVERSITY_MAYBRIDGE,HsDHODH_HighDiv,6,4,80.47999999999999,6,13,0,5,0.6190476190476191,0.0,0.23809523809523808,0.3076923076923077,0.07692307692307693,21,2,0,2,2,0,2,0,0
NC(=O)NC1=CC(OCCl)=CC=C1[N+](=O)[O-],29/000000015,"InChI=1S/C8H8ClN3O4/c9-4-16-5-1-2-7(12(14)15)6(3-5)11-8(10)13/h1-3H,4H2,(H3,10,11,13)",C8H7N3O4Cl,245.020333416,1.6605,4.1,3.35,3.58,0.0,2.3698057204288325,1,HIGHDIVERSITY_MAYBRIDGE,HsDHODH_HighDiv,4,2,107.49000000000001,4,8,4,3,0.5,0.25,0.1875,0.125,0.0,16,1,0,1,0,0,0,0,0
O=C1OC[C@H]1NNCC1=C(I)N=CC(O)=C1S,30/000000009,"InChI=1S/C9H10IN3O3S/c10-8-4(7(17)6(14)2-11-8)1-12-13-5-3-16-9(5)15/h2,5,12-14H,1,3H2,(H,11,17)/t5-/m1/s1",C9H10N3O3SI,366.94876017999997,0.20010000000000006,4.1,6.74,17.4,-150.0,4.3885837280463305,1,HIGHDIVERSITY_MAYBRIDGE,HsDHODH_HighDiv,7,4,83.48,4,9,3,3,0.5294117647058824,0.17647058823529413,0.17647058823529413,0.3333333333333333,0.1111111111111111,17,2,1,1,2,1,1,0,0
CC1=CC2=C(C(=O)N(C(=O)[N+](=O)[O-])C2=O)C(CNN)=C1,12/000000023,"InChI=1S/C11H10N4O5/c1-5-2-6(4-13-12)8-7(3-5)9(16)14(10(8)17)11(18)15(19)20/h2-3,13H,4,12H2,1H3",C11H10N4O5,278.06511942000003,-0.048980000000000135,4.1,5.75,5.09,-60.0,3.2342327765235135,1,HIGHDIVERSITY_MAYBRIDGE,HsDHODH_HighDiv,7,2,135.64000000000001,2,11,5,4,0.55,0.25,0.2,0.18181818181818182,0.0,20,2,1,1,1,1,0,0,0
COC1=C(Br)C(O)=C(C#C[C@H](N)C2=NN=CS2)N=C1,10/000000013,"InChI=1S/C11H9BrN4O2S/c1-18-8-4-14-7(10(17)9(8)12)3-2-6(13)11-16-15-5-19-11/h4-6,17H,13H2,1H3/t6-/m0/s1",C11H9N4O2SBr,339.9629586280001,1.4613000000000003,4.1,3.84,23.8,-170.0,4.131699184255197,1,HIGHDIVERSITY_MAYBRIDGE,HsDHODH_HighDiv,7,2,94.15,2,11,2,4,0.5789473684210527,0.10526315789473684,0.21052631578947367,0.18181818181818182,0.09090909090909091,19,2,0,2,2,0,2,0,0
CNCCCOC1=CC=C([N+](=O)[O-])C(NC(N)=S)=C1,29/000000009,"InChI=1S/C11H16N4O3S/c1-13-5-2-6-18-8-3-4-10(15(16)17)9(7-8)14-11(12)19/h3-4,7,13H,2,5-6H2,1H3,(H3,12,14,19)",C11H16N4O3S,284.094311372,1.2385999999999997,4.1,4.48,2.48,-20.0,2.338259594412092,1,HIGHDIVERSITY_MAYBRIDGE,HsDHODH_HighDiv,5,3,102.44999999999999,7,11,3,4,0.5789473684210527,0.15789473684210525,0.21052631578947367,0.36363636363636365,0.0,19,1,0,1,0,0,0,0,0
O=C(NC[C@H](S)C1=NN=C2SC=NN12)C1=NON=C1,22/000000049,"InChI=1S/C8H7N7O2S2/c16-7(4-1-11-17-14-4)9-2-5(18)6-12-13-8-15(6)10-3-19-8/h1,3,5,18H,2H2,(H,9,16)/t5-/m0/s1",C8H7N7O2S2,297.01026446400004,-0.030300000000000216,4.1,1.67,4.94,-150.0,4.28521830815017,1,HIGHDIVERSITY_MAYBRIDGE,HsDHODH_HighDiv,10,2,111.10000000000001,4,8,2,7,0.42105263157894735,0.10526315789473684,0.3684210526315789,0.25,0.125,19,3,0,3,3,0,3,0,0
C=CC(=O)N(O)C1=CC(S)=C(C#CCCC)C=C1Br,16/000000043,"InChI=1S/C14H14BrNO2S/c1-3-5-6-7-10-8-11(15)12(9-13(10)19)16(18)14(17)4-2/h4,8-9,18-19H,2-3,5H2,1H3",C14H14NO2SBr,338.99286178799997,3.797600000000002,4.1,9.48,20.0,-20.0,3.731619984248499,1,HIGHDIVERSITY_MAYBRIDGE,HsDHODH_HighDiv,3,2,40.540000000000006,3,14,2,1,0.7368421052631579,0.10526315789473684,0.05263157894736842,0.21428571428571427,0.0,19,1,0,1,0,0,0,0,0
N=C1CCCN1C1=C(I)N=CC(N=O)=C1S,30/000000001,"InChI=1S/C9H9IN4OS/c10-9-7(14-3-1-2-6(14)11)8(16)5(13-15)4-12-9/h4,11H,1-3H2,(H,12,16)/b11-6+",C9H9N4OSI,347.954179908,2.950270000000001,4.09,8.38,17.7,-120.0,3.9942418319916886,1,HIGHDIVERSITY_MAYBRIDGE,HsDHODH_HighDiv,5,2,69.41,2,9,1,4,0.5625,0.0625,0.25,0.3333333333333333,0.0,16,2,1,1,2,1,1,0,0
O=C(O)/C=C/C(=O)NC1=C(I)N=CC(O)=C1S,30/000000058,"InChI=1S/C9H7IN2O4S/c10-9-7(8(17)4(13)3-11-9)12-5(14)1-2-6(15)16/h1-3,13H,(H,11,17)(H,12,14)(H,15,16)/b2-1+",C9H7N2O4SI,365.91712570400006,1.2597999999999996,4.09,6.78,2.22,0.0,3.335426581840556,1,HIGHDIVERSITY_MAYBRIDGE,HsDHODH_HighDiv,5,4,99.52,3,9,4,2,0.5294117647058824,0.23529411764705882,0.11764705882352941,0.0,0.0,17,1,0,1,1,0,1,0,0
CC#CCC1=CC(C2=C(CS)C(O)=CN=C2I)=CN1,30/000000080,"InChI=1S/C14H13IN2OS/c1-2-3-4-10-5-9(6-16-10)13-11(8-19)12(18)7-17-14(13)15/h5-7,16,18-19H,4,8H2,1H3",C14H13N2OSI,383.979332036,3.382500000000002,4.09,10.59,20.4,-140.0,4.023192630026694,1,HIGHDIVERSITY_MAYBRIDGE,HsDHODH_HighDiv,3,3,48.910000000000004,3,14,1,2,0.7368421052631579,0.05263157894736842,0.10526315789473684,0.21428571428571427,0.0,19,2,0,2,2,0,2,0,0
NNC[C@@H](CCO)CC1=CC2=C(C=C1)C(CO)=CC2,8/000000009,"InChI=1S/C15H22N2O2/c16-17-9-12(5-6-18)7-11-1-4-15-13(8-11)2-3-14(15)10-19/h1,3-4,8,12,17-19H,2,5-7,9-10,16H2/t12-/m0/s1",C15H22N2O2,262.168127944,0.6228,4.09,7.68,3.58,-190.0,3.536569963161825,1,HIGHDIVERSITY_MAYBRIDGE,HsDHODH_HighDiv,4,4,78.51,7,15,2,2,0.7894736842105263,0.10526315789473684,0.10526315789473684,0.4666666666666667,0.06666666666666667,19,2,1,1,0,0,0,0,0
CCCC1=CC(/C=C/C2=NNN=N2)=C(ON)C(F)=C1,27/000000506,"InChI=1S/C12H14FN5O/c1-2-3-8-6-9(12(19-14)10(13)7-8)4-5-11-15-17-18-16-11/h4-7H,2-3,14H2,1H3,(H,15,16,17,18)/b5-4+",C12H14N5OF,263.118238288,1.7142,4.09,2.84,3.58,-20.0,3.12562586660144,1,HIGHDIVERSITY_MAYBRIDGE,HsDHODH_HighDiv,5,2,89.71,5,12,1,5,0.631578947368421,0.05263157894736842,0.2631578947368421,0.25,0.0,19,2,0,2,1,0,1,0,0
O=C1OCCN1[C@@H](/C=C/C1=C(O)C(F)=CC(F)=C1)CO,1/000000073,"InChI=1S/C13H13F2NO4/c14-9-5-8(12(18)11(15)6-9)1-2-10(7-17)16-3-4-20-13(16)19/h1-2,5-6,10,17-18H,3-4,7H2/b2-1+/t10-/m0/s1",C13H13NO4F2,285.081264336,1.4966999999999997,4.09,2.97,3.58,-150.0,3.720311453723384,1,HIGHDIVERSITY_MAYBRIDGE,HsDHODH_HighDiv,4,2,70.0,4,13,4,1,0.65,0.2,0.05,0.3076923076923077,0.07692307692307693,20,2,1,1,1,1,0,0,0
NO[C@H](/C=C/C1=C(O)C(F)=CC(F)=C1)CS,1/000000134,"InChI=1S/C10H11F2NO2S/c11-7-3-6(10(14)9(12)4-7)1-2-8(5-16)15-13/h1-4,8,14,16H,5,13H2/b2-1+/t8-/m1/s1",C10H11NO2SF2,247.047856032,1.8722999999999996,4.09,4.27,2.22,-150.0,3.83863437274354,1,HIGHDIVERSITY_MAYBRIDGE,HsDHODH_HighDiv,4,3,55.480000000000004,4,10,2,1,0.625,0.125,0.0625,0.2,0.1,16,1,0,1,0,0,0,0,0
O=C(C#CC1=CC(O)=CN=C1I)OCC1=CNC(S)=N1,30/000000014,"InChI=1S/C12H8IN3O3S/c13-11-7(3-9(17)5-14-11)1-2-10(18)19-6-8-4-15-12(20)16-8/h3-5,17H,6H2,(H2,15,16,20)",C12H8N3O3SI,400.933110116,1.4984999999999997,4.09,5.76,23.7,0.0,3.948486949237592,1,HIGHDIVERSITY_MAYBRIDGE,HsDHODH_HighDiv,6,3,88.10000000000001,2,12,3,3,0.6,0.15,0.15,0.08333333333333333,0.0,20,2,0,2,2,0,2,0,0
CC/C=C(/CCS)C1=NC(/C=C/C2=C(I)N=CC=C2S)=NO1,30/000000190,"InChI=1S/C15H16IN3OS2/c1-2-3-10(7-9-21)15-18-13(19-20-15)5-4-11-12(22)6-8-17-14(11)16/h3-6,8,21H,2,7,9H2,1H3,(H,17,22)/b5-4+,10-3-",C15H16N3OS2I,444.97795213200004,4.641600000000004,4.09,4.33,5.24,-20.0,4.088778444035392,1,HIGHDIVERSITY_MAYBRIDGE,HsDHODH_HighDiv,6,2,51.81,6,15,1,3,0.6818181818181818,0.045454545454545456,0.13636363636363635,0.26666666666666666,0.0,22,2,0,2,2,0,2,0,0
F[C@@H](CC1=CC(Br)=CC=C1S)C1=NN=NN1,16/000000012,"InChI=1S/C9H8BrFN4S/c10-6-1-2-8(16)5(3-6)4-7(11)9-12-14-15-13-9/h1-3,7,16H,4H2,(H,12,13,14,15)/t7-/m0/s1",C9H8N4SFBr,301.96370757600005,2.5042000000000004,4.08,4.38,2.22,-150.0,3.8674484693446143,1,HIGHDIVERSITY_MAYBRIDGE,HsDHODH_HighDiv,4,2,54.46,3,9,0,4,0.5625,0.0,0.25,0.2222222222222222,0.1111111111111111,16,2,0,2,1,0,1,0,0
OC1=NC=C([C@@H](O)C#CCNCCS)C(O)=N1,23/000000003,"InChI=1S/C10H13N3O3S/c14-8(2-1-3-11-4-5-17)7-6-12-10(16)13-9(7)15/h6,8,11,14,17H,3-5H2,(H2,12,13,15,16)/t8-/m0/s1",C10H13N3O3S,255.067762276,-0.5560000000000002,4.08,1.46,2.22,-170.0,4.336731354887574,1,HIGHDIVERSITY_MAYBRIDGE,HsDHODH_HighDiv,7,5,98.50000000000001,4,10,3,3,0.5882352941176471,0.17647058823529413,0.17647058823529413,0.4,0.1,17,1,0,1,1,0,1,0,0
O=C(NO)C1=C(CCO)C=NN1[C@H](Cl)CCl,27/000000200,"InChI=1S/C8H11Cl2N3O3/c9-3-6(10)13-7(8(15)12-16)5(1-2-14)4-11-13/h4,6,14,16H,1-3H2,(H,12,15)/t6-/m0/s1",C8H11N3O3Cl2,267.017746572,0.5131000000000001,4.08,3.09,19.6,-170.0,3.9373993101317337,1,HIGHDIVERSITY_MAYBRIDGE,HsDHODH_HighDiv,5,3,87.38,5,8,3,3,0.5,0.1875,0.1875,0.5,0.125,16,1,0,1,1,0,1,0,0
CS(=O)(=O)CCC1=CC(/C=C/C2=NNN=N2)=C(ON)C(F)=C1,27/000000369,"InChI=1S/C12H14FN5O3S/c1-22(19,20)5-4-8-6-9(12(21-14)10(13)7-8)2-3-11-15-17-18-16-11/h2-3,6-7H,4-5,14H2,1H3,(H,15,16,17,18)/b3-2+",C12H14N5O3SF,327.080138528,0.3487999999999995,4.08,1.53,3.58,-20.0,3.2381231049799464,1,HIGHDIVERSITY_MAYBRIDGE,HsDHODH_HighDiv,7,2,123.85000000000001,6,12,3,5,0.5454545454545454,0.13636363636363635,0.22727272727272727,0.25,0.0,22,2,0,2,1,0,1,0,0
O=C(CCC1=CNNC1=O)OCC1=CC(Br)=C(I)C=C1S,16/000000018,"InChI=1S/C13H12BrIN2O3S/c14-9-3-8(11(21)4-10(9)15)6-20-12(18)2-1-7-5-16-17-13(7)19/h3-5,21H,1-2,6H2,(H2,16,17,19)",C13H12N2O3SBrI,481.879673344,3.034800000000001,4.08,4.19,3.72,-2.0,3.424432214596626,1,HIGHDIVERSITY_MAYBRIDGE,HsDHODH_HighDiv,4,3,74.95,5,13,3,2,0.6190476190476191,0.14285714285714285,0.09523809523809523,0.23076923076923078,0.0,21,2,0,2,1,0,1,0,0
CC1=CC=C(C#CC[C@@H](O)C2=CNC(=N)S2)N1,27/000000559,"InChI=1S/C12H13N3OS/c1-8-5-6-9(15-8)3-2-4-10(16)11-7-14-12(13)17-11/h5-7,10,15-16H,4H2,1H3,(H2,13,14)/t10-/m1/s1",C12H13N3OS,247.077933036,1.6673899999999997,4.07,3.83,2.22,-170.0,4.550712921990684,1,HIGHDIVERSITY_MAYBRIDGE,HsDHODH_HighDiv,3,4,75.66,2,12,1,3,0.7058823529411765,0.058823529411764705,0.17647058823529413,0.25,0.08333333333333333,17,2,0,2,2,0,2,0,0
OCC#CC1=CC=C(N2C=NN=C2S)C=C1,14/000000005,"InChI=1S/C11H9N3OS/c15-7-1-2-9-3-5-10(6-4-9)14-8-12-13-11(14)16/h3-6,8,15H,7H2,(H,13,16)",C11H9N3OS,231.046632908,0.8997999999999999,4.07,3.78,17.9,-120.0,2.8430976392279312,1,HIGHDIVERSITY_MAYBRIDGE,HsDHODH_HighDiv,5,2,50.94,1,11,1,3,0.6875,0.0625,0.1875,0.09090909090909091,0.0,16,2,0,2,1,0,1,0,0
FC(F)(CN1C=NC2=C1C=CC=C2S)NCCS,22/000000053,"InChI=1S/C11H13F2N3S2/c12-11(13,15-4-5-17)6-16-7-14-10-8(16)2-1-3-9(10)18/h1-3,7,15,17-18H,4-6H2",C11H13N3S2F2,289.051895856,2.4372000000000003,4.07,0.17,2.22,-190.0,3.5130221952226837,1,HIGHDIVERSITY_MAYBRIDGE,HsDHODH_HighDiv,5,3,29.85,5,11,0,3,0.6111111111111112,0.0,0.16666666666666666,0.36363636363636365,0.0,18,2,0,2,1,0,1,0,0
CNC(=O)[C@@H](O)/C=C/C1=CC(Br)=C(O)C=C1S,16/000000027,"InChI=1S/C11H12BrNO3S/c1-13-11(16)8(14)3-2-6-4-7(12)9(15)5-10(6)17/h2-5,8,14-15,17H,1H3,(H,13,16)/b3-2+/t8-/m0/s1",C11H12NO3SBr,316.972126344,1.5634999999999994,4.07,6.88,2.35,-170.0,3.818151191221453,1,HIGHDIVERSITY_MAYBRIDGE,HsDHODH_HighDiv,4,4,69.56,3,11,3,1,0.6470588235294118,0.17647058823529413,0.058823529411764705,0.18181818181818182,0.09090909090909091,17,1,0,1,0,0,0,0,0
C#CC1=CC=C(C(=O)C2=NN=C(S)N2)C2=C1N=CN2,22/000000067,"InChI=1S/C12H7N5OS/c1-2-6-3-4-7(9-8(6)13-5-14-9)10(18)11-15-12(19)17-16-11/h1,3-5H,(H,13,14)(H2,15,16,17,19)",C12H7N5OS,269.03713084400005,1.182,4.07,2.36,24.3,-40.0,3.786538687114261,1,HIGHDIVERSITY_MAYBRIDGE,HsDHODH_HighDiv,5,3,87.32,2,12,1,5,0.631578947368421,0.05263157894736842,0.2631578947368421,0.0,0.0,19,3,0,3,2,0,2,0,0
O=[N+]([O-])C1=CC=C([C@@H](O)CO)C=C1,12/000000001,"InChI=1S/C8H9NO4/c10-5-8(11)6-1-3-7(4-2-6)9(12)13/h1-4,8,10-11H,5H2/t8-/m0/s1",C8H9NO4,183.053157768,0.6204999999999998,4.07,3.12,1.0,-150.0,2.385725678071042,1,HIGHDIVERSITY_MAYBRIDGE,HsDHODH_HighDiv,4,2,83.60000000000001,3,8,4,1,0.6153846153846154,0.3076923076923077,0.07692307692307693,0.25,0.125,13,1,0,1,0,0,0,0,0
O=C1C=CN(CCC2=CC(F)=C(CS)C=C2S)C(=O)N1,26/000000014,"InChI=1S/C13H13FN2O2S2/c14-10-5-8(11(20)6-9(10)7-19)1-3-16-4-2-12(17)15-13(16)18/h2,4-6,19-20H,1,3,7H2,(H,15,17,18)",C13H13N2O2S2F,312.040247876,1.6369,4.07,7.63,3.58,0.0,3.085073837349478,1,HIGHDIVERSITY_MAYBRIDGE,HsDHODH_HighDiv,5,3,54.86,4,13,2,2,0.65,0.1,0.1,0.23076923076923078,0.0,20,2,0,2,1,0,1,0,0
O=N[C@H](CF)C1=NC2=C(C=C1C(=O)O)OC(CC(=O)O)=N2,22/000000030,"InChI=1S/C11H8FN3O6/c12-3-5(15-20)9-4(11(18)19)1-6-10(14-9)13-7(21-6)2-8(16)17/h1,5H,2-3H2,(H,16,17)(H,18,19)/t5-/m1/s1",C11H8N3O6F,297.039713196,1.3251,4.07,6.17,24.9,-190.0,3.927332926169342,1,HIGHDIVERSITY_MAYBRIDGE,HsDHODH_HighDiv,7,2,142.95,6,11,6,3,0.5238095238095238,0.2857142857142857,0.14285714285714285,0.2727272727272727,0.09090909090909091,21,2,0,2,2,0,2,0,0
CC(=O)CC1=CC(I)=CC2=C1N[C@H](NCC(=O)[N+](=O)[O-])N2,5/000000003,"InChI=1S/C12H13IN4O4/c1-6(18)2-7-3-8(13)4-9-11(7)16-12(15-9)14-5-10(19)17(20)21/h3-4,12,14-16H,2,5H2,1H3",C12H11N4O4I,403.998152896,0.9365999999999999,4.07,4.62,3.72,-72.0,4.206177460582298,1,HIGHDIVERSITY_MAYBRIDGE,HsDHODH_HighDiv,7,3,113.37,5,12,4,4,0.5714285714285714,0.19047619047619047,0.19047619047619047,0.3333333333333333,0.08333333333333333,21,2,1,1,1,1,0,0,0
C=C[C@@H](N)COC(=O)C#CC1=CC(O)=CN=C1I,30/000000057,"InChI=1S/C12H11IN2O3/c1-2-9(14)7-18-11(17)4-3-8-5-10(16)6-15-12(8)13/h2,5-6,9,16H,1,7,14H2/p+1/t9-/m1/s1",C12H12N2O3I,357.981440212,0.7997999999999998,4.07,6.3,18.7,-150.0,4.653357115435606,1,HIGHDIVERSITY_MAYBRIDGE,HsDHODH_HighDiv,5,2,85.44,3,12,3,2,0.6666666666666666,0.16666666666666666,0.1111111111111111,0.16666666666666666,0.08333333333333333,18,1,0,1,1,0,1,0,0
C/C=C\NC1=CC=C(CC(=O)O)C=C1Cl,27/000000583,"InChI=1S/C11H12ClNO2/c1-2-5-13-10-4-3-8(6-9(10)12)7-11(14)15/h2-6,13H,7H2,1H3,(H,14,15)/b5-2-",C11H12NO2Cl,225.055656304,2.9126000000000003,4.07,3.87,2.35,-20.0,2.3912884658958493,1,HIGHDIVERSITY_MAYBRIDGE,HsDHODH_HighDiv,2,2,49.33,4,11,2,1,0.7333333333333333,0.13333333333333333,0.06666666666666667,0.18181818181818182,0.0,15,1,0,1,0,0,0,0,0
N=C1NC=C([C@H](O)CC#CC2=CC=CN2CCC(=O)O)S1,27/000000557,"InChI=1S/C14H15N3O3S/c15-14-16-9-12(21-14)11(18)5-1-3-10-4-2-7-17(10)8-6-13(19)20/h2,4,7,9,11,18H,5-6,8H2,(H2,15,16)(H,19,20)/t11-/m1/s1",C14H15N3O3S,305.08341234000005,1.30707,4.07,6.06,3.58,-150.0,4.136538347153353,1,HIGHDIVERSITY_MAYBRIDGE,HsDHODH_HighDiv,5,4,102.10000000000001,5,14,3,3,0.6666666666666666,0.14285714285714285,0.14285714285714285,0.2857142857142857,0.07142857142857142,21,2,0,2,2,0,2,0,0
COC[C@@H](/C=C/C1=C(O)C(F)=CC(F)=C1)ON,1/000000147,"InChI=1S/C11H13F2NO3/c1-16-6-9(17-14)3-2-7-4-8(12)5-10(13)11(7)15/h2-5,9,15H,6,14H2,1H3/b3-2+/t9-/m1/s1",C11H13NO3F2,245.086349716,1.5889,4.06,5.0,2.22,-170.0,3.644841224666269,1,HIGHDIVERSITY_MAYBRIDGE,HsDHODH_HighDiv,4,2,64.71,5,11,3,1,0.6470588235294118,0.17647058823529413,0.058823529411764705,0.2727272727272727,0.09090909090909091,17,1,0,1,0,0,0,0,0
C#CCN1CON=C1[C@H](N)CC1=CC=C(ON)C(F)=C1,27/000000470,"InChI=1S/C13H15FN4O2/c1-2-5-18-8-19-17-13(18)11(15)7-9-3-4-12(20-16)10(14)6-9/h1,3-4,6,11H,5,7-8,15-16H2/p+1/t11-/m1/s1",C13H16N4O2F,278.11790394,0.1844,4.06,2.94,3.58,-150.0,4.52710980037673,1,HIGHDIVERSITY_MAYBRIDGE,HsDHODH_HighDiv,6,2,86.1,5,13,2,4,0.65,0.1,0.2,0.3076923076923077,0.07692307692307693,20,2,1,1,1,1,0,0,0
OC[C@H]1C=C(/C=C/C2=C(I)N=CC=C2S)OC1,30/000000097,"InChI=1S/C12H12INO2S/c13-12-10(11(17)3-4-14-12)2-1-9-5-8(6-15)7-16-9/h1-5,8,15H,6-7H2,(H,14,17)/b2-1+/t8-/m1/s1",C12H12NO2SI,360.96334762399994,2.5107,4.06,7.05,2.22,-150.0,4.567103306606068,1,HIGHDIVERSITY_MAYBRIDGE,HsDHODH_HighDiv,4,2,42.35000000000001,3,12,2,1,0.7058823529411765,0.11764705882352941,0.058823529411764705,0.25,0.08333333333333333,17,2,1,1,2,1,1,0,0
C[P@](=O)(O)O[C@@H](C#CCO)C1=CC(Br)=CC=C1S,16/000000040,"InChI=1S/C11H12BrO4PS/c1-17(14,15)16-10(3-2-6-13)9-7-8(12)4-5-11(9)18/h4-5,7,10,13,18H,6H2,1H3,(H,14,15)/t10-/m0/s1",C11H12O4PSBr,349.93772859399996,2.6064000000000003,4.06,8.66,4.69,-170.0,4.281323701757601,1,HIGHDIVERSITY_MAYBRIDGE,HsDHODH_HighDiv,4,3,66.76,3,11,4,0,0.6111111111111112,0.2222222222222222,0.0,0.2727272727272727,0.09090909090909091,18,1,0,1,0,0,0,0,0
NS(=O)(=O)OCC1=CC=C([C@H](C=S)C(=O)O)C=C1Cl,27/000000578,"InChI=1S/C10H10ClNO5S2/c11-9-3-6(8(5-18)10(13)14)1-2-7(9)4-17-19(12,15)16/h1-3,5,8H,4H2,(H,13,14)(H2,12,15,16)/t8-/m0/s1",C10H10NO5S2Cl,322.9688921,1.2280000000000002,4.06,5.2,3.58,-150.0,3.5236375529054147,1,HIGHDIVERSITY_MAYBRIDGE,HsDHODH_HighDiv,5,2,106.69000000000001,6,10,5,1,0.5263157894736842,0.2631578947368421,0.05263157894736842,0.2,0.1,19,1,0,1,0,0,0,0,0
CC(=O)NCCC1=C(Br)C=C(C[C@H](F)C2=CN=CS2)C(S)=C1,16/000000016,"InChI=1S/C15H16BrFN2OS2/c1-9(20)19-3-2-10-6-14(21)11(4-12(10)16)5-13(17)15-7-18-8-22-15/h4,6-8,13,21H,2-3,5H2,1H3,(H,19,20)/t13-/m0/s1",C15H16N2OS2FBr,401.98714545200005,4.126200000000003,4.06,9.22,3.87,-170.0,3.761760349922004,1,HIGHDIVERSITY_MAYBRIDGE,HsDHODH_HighDiv,4,2,41.99,6,15,1,2,0.6818181818181818,0.045454545454545456,0.09090909090909091,0.3333333333333333,0.06666666666666667,22,2,0,2,1,0,1,0,0
NC[C@H](CC1=CC(Br)=C(NC(N)N)C=C1S)C1=CSC=N1,16/000000032,"InChI=1S/C13H18BrN5S2/c14-9-2-7(12(20)3-10(9)19-13(16)17)1-8(4-15)11-5-21-6-18-11/h2-3,5-6,8,13,19-20H,1,4,15-17H2/t8-/m0/s1",C13H17N5S2Br,387.018699676,2.0922,4.06,8.81,24.0,-150.0,4.109166054746753,1,HIGHDIVERSITY_MAYBRIDGE,HsDHODH_HighDiv,7,5,102.97999999999999,6,13,0,5,0.6190476190476191,0.0,0.23809523809523808,0.3076923076923077,0.07692307692307693,21,2,0,2,1,0,1,0,0
NCCC/C=C/C(=O)[C@@H]1CCNN1,12/000000013,"InChI=1S/C9H17N3O/c10-6-3-1-2-4-9(13)8-5-7-11-12-8/h2,4,8,11-12H,1,3,5-7,10H2/p+1/b4-2+/t8-/m0/s1",C9H18N3O,183.137162164,-0.2828999999999994,4.06,1.07,3.58,-150.0,4.82163429701966,1,HIGHDIVERSITY_MAYBRIDGE,HsDHODH_HighDiv,4,3,67.15,5,9,1,3,0.6923076923076923,0.07692307692307693,0.23076923076923078,0.6666666666666666,0.1111111111111111,13,1,1,0,1,1,0,0,0
CC(=O)CC(=O)OC1=CC(Br)=C(S)C=C1S,16/000000041,"InChI=1S/C10H9BrO3S2/c1-5(12)2-10(13)14-7-3-6(11)8(15)4-9(7)16/h3-4,15-16H,2H2,1H3",C10H9O3S2Br,319.9176482480001,2.911000000000001,4.06,6.9,2.22,-20.0,3.2690319918318487,1,HIGHDIVERSITY_MAYBRIDGE,HsDHODH_HighDiv,5,2,43.370000000000005,3,10,3,0,0.625,0.1875,0.0,0.2,0.0,16,1,0,1,0,0,0,0,0
C=CN[C@H](C(=O)O)C1=CC=C(COS(N)(=O)=O)C(Cl)=C1,27/000000572,"InChI=1S/C11H13ClN2O5S/c1-2-14-10(11(15)16)7-3-4-8(9(12)5-7)6-19-20(13,17)18/h2-5,10,14H,1,6H2,(H,15,16)(H2,13,17,18)/t10-/m0/s1",C11H13N2O5SCl,320.02337019600003,0.9189,4.06,5.83,3.58,-150.0,3.3998899838724803,1,HIGHDIVERSITY_MAYBRIDGE,HsDHODH_HighDiv,5,3,118.72,7,11,5,2,0.55,0.25,0.1,0.18181818181818182,0.09090909090909091,20,1,0,1,0,0,0,0,0
CCC[C@H](O)C#CC1=CNC(C(=O)N2C(=O)COC2=O)=C1,2/000000001,"InChI=1S/C14H14N2O5/c1-2-3-10(17)5-4-9-6-11(15-7-9)13(19)16-12(18)8-21-14(16)20/h6-7,10,15,17H,2-3,8H2,1H3/t10-/m0/s1",C14H14N2O5,290.090271548,0.6462000000000001,4.06,5.98,3.58,-170.0,3.87985464891121,1,HIGHDIVERSITY_MAYBRIDGE,HsDHODH_HighDiv,5,2,99.70000000000002,3,14,5,2,0.6666666666666666,0.23809523809523808,0.09523809523809523,0.35714285714285715,0.07142857142857142,21,2,1,1,2,1,1,0,0
C[C@@H](CO)CC1=C(F)C=C(F)C(NNCC2=CSC=N2)=C1,2/000000003,"InChI=1S/C14H17F2N3OS/c1-9(6-20)2-10-3-14(13(16)4-12(10)15)19-18-5-11-7-21-8-17-11/h3-4,7-9,18-20H,2,5-6H2,1H3/t9-/m1/s1",C14H17N3OSF2,313.10603960400005,2.7089000000000008,4.05,3.05,23.5,-170.0,3.429279155497552,1,HIGHDIVERSITY_MAYBRIDGE,HsDHODH_HighDiv,5,3,57.18,7,14,1,3,0.6666666666666666,0.047619047619047616,0.14285714285714285,0.35714285714285715,0.07142857142857142,21,2,0,2,1,0,1,0,0
C=C[C@H](O)C1=CC=C(NC(=O)/C=C/C(=O)O)C=C1F,24/000000002,"InChI=1S/C13H12FNO4/c1-2-11(16)9-4-3-8(7-10(9)14)15-12(17)5-6-13(18)19/h2-7,11,16H,1H2,(H,15,17)(H,18,19)/b6-5+/t11-/m0/s1",C13H12NO4F,265.07503608400003,1.6243999999999998,4.05,5.28,3.58,-150.0,2.9828126479280392,1,HIGHDIVERSITY_MAYBRIDGE,HsDHODH_HighDiv,3,3,86.63000000000001,5,13,4,1,0.6842105263157895,0.21052631578947367,0.05263157894736842,0.07692307692307693,0.07692307692307693,19,1,0,1,0,0,0,0,0
CC(=O)CNC[C@@H](/C=C/C1=C(O)C(F)=CC(F)=C1)CO,1/000000140,"InChI=1S/C14H17F2NO3/c1-9(19)6-17-7-10(8-18)2-3-11-4-12(15)5-13(16)14(11)20/h2-5,10,17-18,20H,6-8H2,1H3/b3-2+/t10-/m1/s1",C14H17NO3F2,285.117649844,1.4707,4.05,2.75,3.58,-170.0,3.554567584259515,1,HIGHDIVERSITY_MAYBRIDGE,HsDHODH_HighDiv,4,3,69.56,7,14,3,1,0.7,0.15,0.05,0.35714285714285715,0.07142857142857142,20,1,0,1,0,0,0,0,0
C=CC1=CC(NC(N)=O)=CC2=C1NC(O)=N2,12/000000037,"InChI=1S/C10H10N4O2/c1-2-5-3-6(12-9(11)15)4-7-8(5)14-10(16)13-7/h2-4H,1H2,(H3,11,12,15)(H2,13,14,16)",C10H10N4O2,218.08037556,1.4020999999999997,4.05,0.86,15.9,-100.0,3.111634489334346,1,HIGHDIVERSITY_MAYBRIDGE,HsDHODH_HighDiv,3,4,104.03,2,10,2,4,0.625,0.125,0.25,0.0,0.0,16,2,0,2,1,0,1,0,0
OC[C@@H](O)C/C=C/C1=C(O)C(F)=CC(F)=C1,1/000000038,"InChI=1S/C11H12F2O3/c12-8-4-7(11(16)10(13)5-8)2-1-3-9(15)6-14/h1-2,4-5,9,14-16H,3,6H2/b2-1+/t9-/m0/s1",C11H12O3F2,230.075450684,1.4268999999999998,4.05,3.92,2.22,-150.0,3.224670150918853,1,HIGHDIVERSITY_MAYBRIDGE,HsDHODH_HighDiv,3,3,60.69,4,11,3,0,0.6875,0.1875,0.0,0.2727272727272727,0.09090909090909091,16,1,0,1,0,0,0,0,0
OC[C@H](O)CC1=CC(O)=CC=C1F,19/000000004,"InChI=1S/C9H11FO3/c10-9-2-1-7(12)3-6(9)4-8(13)5-11/h1-3,8,11-13H,4-5H2/t8-/m1/s1",C9H11O3F,186.069222432,0.42700000000000005,4.05,5.37,2.22,-150.0,2.602584139609503,1,HIGHDIVERSITY_MAYBRIDGE,HsDHODH_HighDiv,3,3,60.69,3,9,3,0,0.6923076923076923,0.23076923076923078,0.0,0.3333333333333333,0.1111111111111111,13,1,0,1,0,0,0,0,0
O=C(C#CC1=C(C=S)C(O)=CN=C1I)OCC1=CC=CN1,30/000000038,"InChI=1S/C14H9IN2O3S/c15-14-10(11(8-21)12(18)6-17-14)3-4-13(19)20-7-9-2-1-5-16-9/h1-2,5-6,8,16,18H,7H2",C14H9N2O3SI,411.937861148,2.1625999999999994,4.05,8.95,25.0,0.0,3.9037195004843217,1,HIGHDIVERSITY_MAYBRIDGE,HsDHODH_HighDiv,5,2,75.21000000000001,3,14,3,2,0.6666666666666666,0.14285714285714285,0.09523809523809523,0.07142857142857142,0.0,21,2,0,2,2,0,2,0,0
NCCC1=C(Br)C(C(=O)OC2=CN=CC(Br)=C2)=NN1CS,30/000000096,"InChI=1S/C12H12Br2N4O2S/c13-7-3-8(5-16-4-7)20-12(19)11-10(14)9(1-2-15)18(6-21)17-11/h3-5,21H,1-2,6,15H2/p+1",C12H13N4O2SBr2,433.90477082400014,2.4108000000000005,4.05,4.19,23.7,0.0,3.7705025063738136,1,HIGHDIVERSITY_MAYBRIDGE,HsDHODH_HighDiv,7,2,83.03,5,12,2,4,0.5714285714285714,0.09523809523809523,0.19047619047619047,0.25,0.0,21,2,0,2,2,0,2,0,0
FC1=C(S)C=C(S)C(CC[C@@H]2CCNCN2)=C1,26/000000015,"InChI=1S/C12H17FN2S2/c13-10-5-8(11(16)6-12(10)17)1-2-9-3-4-14-7-15-9/h5-6,9,14-17H,1-4,7H2/t9-/m1/s1",C12H17N2S2F,272.081718764,2.2447,4.04,6.52,2.22,-150.0,4.025528306606069,1,HIGHDIVERSITY_MAYBRIDGE,HsDHODH_HighDiv,4,4,24.06,3,12,0,2,0.7058823529411765,0.0,0.11764705882352941,0.5,0.08333333333333333,17,2,1,1,1,1,0,0,0
NNC(=O)C1=C[C@H](CN(CF)CC2=NON=C2)C=CO1,21/000000001,"InChI=1S/C11H14FN5O3/c12-7-17(6-9-4-14-20-16-9)5-8-1-2-19-10(3-8)11(18)15-13/h1-4,8H,5-7,13H2,(H,15,18)/p+1/t8-/m1/s1",C11H15N5O3F,283.108067528,-0.16750000000000065,4.04,1.38,5.09,-150.0,5.6978488687279745,1,HIGHDIVERSITY_MAYBRIDGE,HsDHODH_HighDiv,7,2,106.51,6,11,3,5,0.55,0.15,0.25,0.36363636363636365,0.09090909090909091,20,2,1,1,2,1,1,0,0
CSCC1=NN=C(/C(=C/C2=C(I)N=CC=C2S)CO)N1,30/000000030,"InChI=1S/C12H13IN4OS2/c1-20-6-10-15-12(17-16-10)7(5-18)4-8-9(19)2-3-14-11(8)13/h2-4,18H,5-6H2,1H3,(H,14,19)(H,15,16,17)/b7-4+",C12H13N4OS2I,419.95755103600004,2.4889000000000006,4.04,8.54,23.0,-20.0,4.175121289896931,1,HIGHDIVERSITY_MAYBRIDGE,HsDHODH_HighDiv,6,3,74.69,5,12,1,4,0.6,0.05,0.2,0.25,0.0,20,2,0,2,2,0,2,0,0
C=C(NCC1=NN=C(C2=CC=C(CN)C=C2)O1)C(=O)CN,26/000000002,"InChI=1S/C14H17N5O2/c1-9(12(20)7-16)17-8-13-18-19-14(21-13)11-4-2-10(6-15)3-5-11/h2-5,17H,1,6-8,15-16H2/p+1",C14H18N5O2,287.13822478400004,0.3263999999999999,4.04,2.54,22.2,-120.0,3.304770087185754,1,HIGHDIVERSITY_MAYBRIDGE,HsDHODH_HighDiv,7,3,120.05999999999999,7,14,2,5,0.6666666666666666,0.09523809523809523,0.23809523809523808,0.21428571428571427,0.0,21,2,0,2,1,0,1,0,0
OC(=S)NC1=C(I)N=CC(O)=C1S,30/000000066,"InChI=1S/C6H5IN2O2S2/c7-5-3(9-6(11)13)4(12)2(10)1-8-5/h1,10H,(H,8,12)(H2,9,11,13)",C6H5N2O2S2I,327.8837174,1.9352999999999998,4.04,6.22,15.3,0.0,4.001520292995252,1,HIGHDIVERSITY_MAYBRIDGE,HsDHODH_HighDiv,4,4,65.38,1,6,2,2,0.46153846153846156,0.15384615384615385,0.15384615384615385,0.0,0.0,13,1,0,1,1,0,1,0,0
CC(=O)CC1=CNC(C#CC[C@@H](O)C2=CNC(=N)S2)=C1,27/000000562,"InChI=1S/C14H15N3O2S/c1-9(18)5-10-6-11(16-7-10)3-2-4-12(19)13-8-17-14(15)20-13/h6-8,12,16,19H,4-5H2,1H3,(H2,15,17)/t12-/m1/s1",C14H15N3O2S,289.08849772,1.49047,4.03,6.34,3.72,-170.0,4.521937272904203,1,HIGHDIVERSITY_MAYBRIDGE,HsDHODH_HighDiv,4,4,92.72999999999999,4,14,2,3,0.7,0.1,0.15,0.2857142857142857,0.07142857142857142,20,2,0,2,2,0,2,0,0
O=C(CS)OC/C=C\C/C=C/C1=C(O)C(F)=CC(F)=C1,1/000000017,"InChI=1S/C14H14F2O3S/c15-11-7-10(14(18)12(16)8-11)5-3-1-2-4-6-19-13(17)9-20/h2-5,7-8,18,20H,1,6,9H2/b4-2-,5-3+",C14H14O3SF2,300.063171748,3.1029000000000018,4.03,-0.4,3.58,0.0,3.087367263922906,1,HIGHDIVERSITY_MAYBRIDGE,HsDHODH_HighDiv,4,2,46.53,6,14,3,0,0.7,0.15,0.0,0.21428571428571427,0.0,20,1,0,1,0,0,0,0,0
NCCC(=O)NOC1=C(S)C(O)=CN=C1I,30/000000076,"InChI=1S/C8H10IN3O3S/c9-8-6(7(16)4(13)3-11-8)15-12-5(14)1-2-10/h3,13H,1-2,10H2,(H,11,16)(H,12,14)/p+1",C8H11N3O3SI,354.94876017999997,0.43929999999999986,4.03,7.22,16.4,0.0,4.478797133666758,1,HIGHDIVERSITY_MAYBRIDGE,HsDHODH_HighDiv,6,4,97.47000000000001,4,8,3,3,0.5,0.1875,0.1875,0.25,0.0,16,1,0,1,1,0,1,0,0
CN[C@H](Cl)/C=C/C1=C(S)C(O)=CN=C1I,30/000000182,"InChI=1S/C9H10ClIN2OS/c1-12-7(10)3-2-5-8(15)6(14)4-13-9(5)11/h2-4,7,12,14H,1H3,(H,13,15)/b3-2+/t7-/m0/s1",C9H10N2OSClI,355.92470962,2.4780000000000015,4.03,5.64,3.58,-170.0,4.633323882030968,1,HIGHDIVERSITY_MAYBRIDGE,HsDHODH_HighDiv,4,3,45.15,3,9,1,2,0.6,0.06666666666666667,0.13333333333333333,0.2222222222222222,0.1111111111111111,15,1,0,1,1,0,1,0,0
NOC1=C(/C=C/C2CNNC2)C=C(CCCS)C=C1F,27/000000427,"InChI=1S/C14H20FN3OS/c15-13-7-10(2-1-5-20)6-12(14(13)19-16)4-3-11-8-17-18-9-11/h3-4,6-7,11,17-18,20H,1-2,5,8-9,16H2/b4-3+",C14H20N3OSF,297.13111147999996,1.6778000000000004,4.03,0.94,3.58,-150.0,3.744940896606013,1,HIGHDIVERSITY_MAYBRIDGE,HsDHODH_HighDiv,5,4,59.31,6,14,1,3,0.7,0.05,0.15,0.42857142857142855,0.0,20,2,1,1,1,1,0,0,0
C#C[C@@H](N)CCC1=C(Br)C=C(O[P@](=O)(O)CO)C(S)=C1,16/000000021,"InChI=1S/C12H15BrNO4PS/c1-2-9(14)4-3-8-5-12(20)11(6-10(8)13)18-19(16,17)7-15/h1,5-6,9,15,20H,3-4,7,14H2,(H,16,17)/t9-/m1/s1",C12H15NO4PSBr,378.96427768999996,2.1449000000000007,4.02,6.81,4.81,-150.0,4.481090072608502,1,HIGHDIVERSITY_MAYBRIDGE,HsDHODH_HighDiv,5,4,92.78,6,12,4,1,0.6,0.2,0.05,0.3333333333333333,0.08333333333333333,20,1,0,1,0,0,0,0,0
NC(=O)/C=C/CCC(=O)OCC1=CC(Br)=C(I)C=C1S,16/000000026,"InChI=1S/C13H13BrINO3S/c14-9-5-8(11(20)6-10(9)15)7-19-13(18)4-2-1-3-12(16)17/h1,3,5-6,20H,2,4,7H2,(H2,16,17)/b3-1+",C13H13NO3SBrI,468.88442437599997,3.2073000000000014,4.02,2.64,3.72,-66.0,3.212585026160668,1,HIGHDIVERSITY_MAYBRIDGE,HsDHODH_HighDiv,4,2,69.39,6,13,3,1,0.65,0.15,0.05,0.23076923076923078,0.0,20,1,0,1,0,0,0,0,0
O=C(O)CC1=CC=C(I)C(O)=C1,22/000000001,"InChI=1S/C8H7IO3/c9-6-2-1-5(3-7(6)10)4-8(11)12/h1-3,10H,4H2,(H,11,12)",C8H7O3I,277.943992084,1.6239000000000001,4.02,3.07,2.47,0.0,2.199656465253991,1,HIGHDIVERSITY_MAYBRIDGE,HsDHODH_HighDiv,2,2,57.53,2,8,3,0,0.6666666666666666,0.25,0.0,0.125,0.0,12,1,0,1,0,0,0,0,0
O=C(CC1=C(O)C2=C(C=C1)C(CO)=CC2)CN1C=CC(=O)N1,8/000000007,"InChI=1S/C16H16N2O4/c19-9-11-2-4-14-13(11)3-1-10(16(14)22)7-12(20)8-18-6-5-15(21)17-18/h1-3,5-6,19,22H,4,7-9H2,(H,17,21)",C16H16N2O4,300.111006992,0.6255999999999998,4.02,3.16,20.8,-40.0,3.5149223646309258,1,HIGHDIVERSITY_MAYBRIDGE,HsDHODH_HighDiv,5,3,95.32,5,16,4,2,0.7272727272727273,0.18181818181818182,0.09090909090909091,0.25,0.0,22,3,1,2,1,0,1,0,0
O=C1C=C(C(=O)NC2=CC(Br)=C(O)C(O)=C2)CO1,10/000000015,"InChI=1S/C11H8BrNO5/c12-7-2-6(3-8(14)10(7)16)13-11(17)5-1-9(15)18-4-5/h1-3,14,16H,4H2,(H,13,17)",C11H8NO5Br,312.958584456,1.2819999999999996,4.02,-0.28,2.22,-60.0,2.703341956604159,1,HIGHDIVERSITY_MAYBRIDGE,HsDHODH_HighDiv,5,3,95.86000000000001,2,11,5,1,0.6111111111111112,0.2777777777777778,0.05555555555555555,0.09090909090909091,0.0,18,2,1,1,1,1,0,0,0
NC(=O)NC1=CC=C(O)C(C2=NSN=C2)=C1Br,12/000000012,"InChI=1S/C9H7BrN4O2S/c10-8-4(13-9(11)16)1-2-6(15)7(8)5-3-12-17-14-5/h1-3,15H,(H3,11,13,16)",C9H7N4O2SBr,313.947308564,2.1638,4.02,1.04,21.0,-160.0,3.2280253379780355,1,HIGHDIVERSITY_MAYBRIDGE,HsDHODH_HighDiv,5,3,101.13000000000001,2,9,2,4,0.5294117647058824,0.11764705882352941,0.23529411764705882,0.0,0.0,17,2,0,2,1,0,1,0,0
CNOCC1=C(Cl)C=C([C@@H](N)COC(=O)C2=NN=NN2)C=C1,27/000000203,"InChI=1S/C12H15ClN6O3/c1-15-22-5-8-3-2-7(4-9(8)13)10(14)6-21-12(20)11-16-18-19-17-11/h2-4,10,15H,5-6,14H2,1H3,(H,16,17,18,19)/t10-/m0/s1",C12H15N6O3Cl,326.0894160200001,0.36089999999999967,4.02,2.54,5.09,-170.0,3.620502854905123,1,HIGHDIVERSITY_MAYBRIDGE,HsDHODH_HighDiv,8,3,128.04000000000002,7,12,3,6,0.5454545454545454,0.13636363636363635,0.2727272727272727,0.3333333333333333,0.08333333333333333,22,2,0,2,1,0,1,0,0
NCC1=CC=C(C2=COC(CNCO)=N2)C(F)=C1Cl,9/000000040,"InChI=1S/C12H13ClFN3O2/c13-11-7(3-15)1-2-8(12(11)14)9-5-19-10(17-9)4-16-6-18/h1-2,5,16,18H,3-4,6,15H2",C12H13N3O2FCl,285.06803255600005,1.6321999999999999,4.02,3.66,2.35,-160.0,3.0696916140615267,1,HIGHDIVERSITY_MAYBRIDGE,HsDHODH_HighDiv,5,3,84.31,5,12,2,3,0.631578947368421,0.10526315789473684,0.15789473684210525,0.25,0.0,19,2,0,2,1,0,1,0,0
NCC#CC1=CC(F)=C(C(=O)O)C(C2=NOC=C2)=C1,27/000000034,"InChI=1S/C13H9FN2O3/c14-10-7-8(2-1-4-15)6-9(12(10)13(17)18)11-3-5-19-16-11/h3,5-7H,4,15H2,(H,17,18)",C13H8N2O3F,260.059720368,1.4891,4.01,4.13,22.5,-120.0,2.9773952425085533,1,HIGHDIVERSITY_MAYBRIDGE,HsDHODH_HighDiv,4,2,89.35000000000001,2,13,3,2,0.6842105263157895,0.15789473684210525,0.10526315789473684,0.07692307692307693,0.0,19,2,0,2,1,0,1,0,0
C=CCC1=CNC(/C(=C/C2=C(I)N=CC=C2S)CO)=N1,30/000000021,"InChI=1S/C14H14IN3OS/c1-2-3-10-7-17-14(18-10)9(8-19)6-11-12(20)4-5-16-13(11)15/h2,4-7,19H,1,3,8H2,(H,16,20)(H,17,18)/b9-6+",C14H14N3OSI,398.990231068,2.959400000000001,4.01,7.66,3.72,0.0,4.1805781580288,1,HIGHDIVERSITY_MAYBRIDGE,HsDHODH_HighDiv,4,3,61.8,5,14,1,3,0.7,0.05,0.15,0.14285714285714285,0.0,20,2,0,2,2,0,2,0,0
CCCNNCC1=CC=CC2=C1N[C@H](NCC(=O)[N+](=O)[O-])N2,5/000000006,"InChI=1S/C13H20N6O3/c1-2-6-15-16-7-9-4-3-5-10-12(9)18-13(17-10)14-8-11(20)19(21)22/h3-5,13-18H,2,6-8H2,1H3",C13H18N6O3,308.15968849999996,0.20470000000000044,4.01,3.72,22.1,-84.0,4.061953971530434,1,HIGHDIVERSITY_MAYBRIDGE,HsDHODH_HighDiv,8,5,120.36000000000001,8,13,3,6,0.5909090909090909,0.13636363636363635,0.2727272727272727,0.46153846153846156,0.07692307692307693,22,2,1,1,1,1,0,0,0
O=C(O)[C@H](N[C@H]1NC2=C(N1)C(CBr)=CC=C2)C1=NNC=C1,5/000000005,"InChI=1S/C13H14BrN5O2/c14-6-7-2-1-3-8-10(7)17-13(16-8)18-11(12(20)21)9-4-5-15-19-9/h1-5,11,13,16-18H,6H2,(H,15,19)(H,20,21)/t11-,13?/m1/s1",C13H12N5O2Br,351.03308678800005,1.8410999999999995,4.01,6.54,2.35,-190.0,4.390773819274779,1,HIGHDIVERSITY_MAYBRIDGE,HsDHODH_HighDiv,5,5,102.07,5,13,2,5,0.6190476190476191,0.09523809523809523,0.23809523809523808,0.23076923076923078,0.15384615384615385,21,3,1,2,2,1,1,0,0
N=C1NC=C([C@H](O)CC#CC2=C(Cl)N=CN2)S1,27/000000209,"InChI=1S/C10H9ClN4OS/c11-9-6(14-5-15-9)2-1-3-7(16)8-4-13-10(12)17-8/h4-5,7,16H,3H2,(H2,12,13)(H,14,15)/t7-/m1/s1",C10H9N4OSCl,268.018559588,1.40737,4.01,2.26,2.22,-150.0,4.7161917681445304,1,HIGHDIVERSITY_MAYBRIDGE,HsDHODH_HighDiv,4,4,88.55000000000001,2,10,1,4,0.5882352941176471,0.058823529411764705,0.23529411764705882,0.2,0.1,17,2,0,2,2,0,2,0,0
COC1=C(Br)C(O)=C(C#C[C@H](N)C2=NNN=C2)N=C1,10/000000014,"InChI=1S/C11H10BrN5O2/c1-19-9-5-14-7(11(18)10(9)12)3-2-6(13)8-4-15-17-16-8/h4-6,18H,13H2,1H3,(H,15,16,17)/t6-/m0/s1",C11H10N5O2Br,323.00178666000005,0.7279000000000003,4.01,3.7,22.7,-170.0,4.151687282948956,1,HIGHDIVERSITY_MAYBRIDGE,HsDHODH_HighDiv,6,3,109.94,2,11,2,5,0.5789473684210527,0.10526315789473684,0.2631578947368421,0.18181818181818182,0.09090909090909091,19,2,0,2,2,0,2,0,0
C=CC1=CC(C(=O)C2=C(CO)C(=O)NC(S)=N2)=CC=N1,20/000000003,"InChI=1S/C13H11N3O3S/c1-2-8-5-7(3-4-14-8)11(18)10-9(6-17)12(19)16-13(20)15-10/h2-5,17H,1,6H2,(H2,15,16,19,20)",C13H11N3O3S,289.05211221200005,0.8198999999999999,4.01,6.52,21.8,0.0,3.3979239072795497,1,HIGHDIVERSITY_MAYBRIDGE,HsDHODH_HighDiv,6,3,95.94,4,13,3,3,0.65,0.15,0.15,0.07692307692307693,0.0,20,2,0,2,2,0,2,0,0
NCC1=C(C#CC(=O)OCC2=CC=CN2)C(I)=NC=C1O,30/000000065,"InChI=1S/C14H12IN3O3/c15-14-10(11(6-16)12(19)7-18-14)3-4-13(20)21-8-9-2-1-5-17-9/h1-2,5,7,17,19H,6,8,16H2/p+1",C14H13N3O3I,396.992339244,1.2734999999999994,4.01,8.62,22.7,0.0,4.096826410523435,1,HIGHDIVERSITY_MAYBRIDGE,HsDHODH_HighDiv,5,3,101.23000000000002,3,14,3,3,0.6666666666666666,0.14285714285714285,0.14285714285714285,0.14285714285714285,0.0,21,2,0,2,2,0,2,0,0
OC1=CN=C(I)C(C2=CC=CS2)=C1S,30/000000054,"InChI=1S/C9H6INOS2/c10-9-7(6-2-1-3-14-6)8(13)5(12)4-11-9/h1-4,12H,(H,11,13)",C9H6NOS2I,334.893553812,3.4090000000000003,4.01,7.14,15.7,-120.0,3.274991828295688,1,HIGHDIVERSITY_MAYBRIDGE,HsDHODH_HighDiv,4,2,33.120000000000005,1,9,1,1,0.6428571428571429,0.07142857142857142,0.07142857142857142,0.0,0.0,14,2,0,2,2,0,2,0,0
C=CC1=C(ON)C(F)=CC([C@H](C=C)CO)=C1,27/000000018,"InChI=1S/C12H14FNO2/c1-3-8-5-10(9(4-2)7-15)6-11(13)12(8)16-14/h3-6,9,15H,1-2,7,14H2/t9-/m1/s1",C12H14NO2F,223.100856908,1.9831000000000005,4.0,4.75,14.5,-150.0,3.971522029273058,1,HIGHDIVERSITY_MAYBRIDGE,HsDHODH_HighDiv,3,2,55.480000000000004,5,12,2,1,0.75,0.125,0.0625,0.16666666666666666,0.08333333333333333,16,1,0,1,0,0,0,0,0
CCCC1=CC(C=C(C(=O)O)C(=O)O)=C(O)C=C1Br,26/000000012,"InChI=1S/C13H13BrO5/c1-2-3-7-4-8(11(15)6-10(7)14)5-9(12(16)17)13(18)19/h4-6,15H,2-3H2,1H3,(H,16,17)(H,18,19)",C13H12O5Br,327.99463561600004,2.6597999999999997,4.0,6.84,3.58,-20.0,2.691475405062979,1,HIGHDIVERSITY_MAYBRIDGE,HsDHODH_HighDiv,3,3,94.83,5,13,5,0,0.6842105263157895,0.2631578947368421,0.0,0.23076923076923078,0.0,19,1,0,1,0,0,0,0,0
